:020000040800F2
:100000000000012039FF010889FF010889FF01086C
:1000100089FF010889FF010889FF0108000000002D
:1000200000000000000000000000000089FF01083F
:1000300089FF01080000000089FF0108936800089B
:1000400089FF010889FF010889FF010889FF01086C
:1000500089FF010889FF0108DD6A0008E36A0008DA
:10006000E96A0008EF6A0008F56A000889FF0108DC
:1000700089FF010889FF010889FF010889FF01083C
:1000800089FF010889FF010889FF010889FF01082C
:100090000000000089FF0108FB6A000889FF0108D1
:1000A000CD62000889FF0108E1620008E5620008EE
:1000B000F96200080D630008091101081511010813
:1000C000211101082D11010889FF010889FF01088C
:1000D000457700085D7700087977000889FF0108F7
:1000E00089FF0108116B000889FF010889FF0108D9
:1000F00089FF0108000000000000000089FF0108DE
:100100003911010845110108790B020889FF01081E
:1001100089FF010889FF010889FF010889FF01089B
:1001200089FF010889FF010889FF010889FF01088B
:0801300089FF010889FF0108A5
:1001400081F0004102E000BF83F0004330B54FEA88
:1001500041044FEA430594EA050F08BF90EA020FF5
:100160001FBF54EA000C55EA020C7FEA645C7FEA88
:10017000655C00F0E2804FEA5454D4EB5555B8BFAB
:100180006D420CDD2C4480EA020281EA030382EA1C
:10019000000083EA010180EA020281EA0303362DAE
:1001A00088BF30BD11F0004F4FEA01314FF4801C81
:1001B0004CEA113102D0404261EB410113F0004F93
:1001C0004FEA03334CEA133302D0524263EB43034A
:1001D00094EA050F00F0A780A4F10104D5F1200EE8
:1001E0000DDB02FA0EFC22FA05F2801841F1000143
:1001F00003FA0EF2801843FA05F359410EE0A5F117
:1002000020050EF1200E012A03FA0EFC28BF4CF047
:10021000020C43FA05F3C01851EBE37101F00045FD
:1002200007D54FF0000EDCF1000C7EEB00006EEB0A
:100230000101B1F5801F1BD3B1F5001F0CD3490894
:100240005FEA30004FEA3C0C04F101044FEA4452EB
:1002500012F5800F80F09A80BCF1004F08BF5FEA72
:10026000500C50F1000041EB045141EA050130BD52
:100270005FEA4C0C404141EB0101013C28BFB1F564
:10028000801FE9D291F0000F04BF01460020B1FAAF
:1002900081F308BF2033A3F10B03B3F120020CDA82
:1002A0000C3208DD02F1140CC2F10C0201FA0CF060
:1002B00021FA02F10CE002F11402D8BFC2F1200CC5
:1002C00001FA02F120FA0CFCDCBF41EA0C0190407B
:1002D000E41AA2BF01EB0451294330BD6FEA0404C4
:1002E0001F3C1CDA0C340EDC04F11404C4F12002AF
:1002F00020FA04F001FA02F340EA030021FA04F3C1
:1003000045EA030130BDC4F10C04C4F1200220FA17
:1003100002F001FA04F340EA0300294630BD21FA55
:1003200004F0294630BD94F0000F83F4801306BF1B
:1003300081F480110134013D4EE77FEA645C18BF0F
:100340007FEA655C29D094EA050F08BF90EA020FA6
:1003500005D054EA000C04BF1946104630BD91EA9E
:10036000030F1EBF0021002030BD5FEA545C05D1A1
:100370004000494128BF41F0004130BD14F58004E0
:100380003CBF01F5801130BD01F0004545F0FE4154
:1003900041F470014FF0000030BD7FEA645C1ABF89
:1003A000194610467FEA655C1CBF0B46024650EAC0
:1003B000013406BF52EA033591EA030F41F40021EC
:1003C00030BD00BF90F0000F04BF0021704730B572
:1003D0004FF4806404F132044FF000054FF0000147
:1003E00050E700BF90F0000F04BF0021704730B508
:1003F0004FF4806404F1320410F0004548BF4042DD
:100400004FF000013EE700BF42004FEAE2014FEA31
:1004100031014FEA02701FBF12F07F4393F07F4F0C
:1004200081F06051704732F07F4208BF704793F00F
:100430007F4F04BF41F40021704730B54FF4607422
:1004400001F0004521F000411CE700BF50EA010225
:1004500008BF704730B54FF000050AE050EA0102CE
:1004600008BF704730B511F0004502D5404261EB3E
:1004700041014FF4806404F132045FEA915C3FF47F
:10048000D8AE4FF003025FEADC0C18BF03325FEA1C
:10049000DC0C18BF033202EBDC02C2F1200300FACD
:1004A00003FC20FA02F001FA03FE40EA0E0021FAF2
:1004B00002F11444BDE600BF70B54FF0FF0C4CF4E0
:1004C000E06C1CEA11541DBF1CEA135594EA0C0F92
:1004D00095EA0C0F00F0DEF82C4481EA030621EACD
:1004E0004C5123EA4C5350EA013518BF52EA033508
:1004F00041F4801143F4801338D0A0FB02CE4FF0BA
:100500000005E1FB02E506F00042E0FB03E54FF0E9
:100510000006E1FB03569CF0000F18BF4EF0010EE1
:10052000A4F1FF04B6F5007F64F5407404D25FEADD
:100530004E0E6D4146EB060642EAC62141EA555190
:100540004FEAC52040EA5E504FEACE2EB4F1FD0CD2
:1005500088BFBCF5E06F1ED8BEF1004F08BF5FEA50
:10056000500E50F1000041EB045170BD06F0004602
:1005700046EA010140EA020081EA0301B4EB5C04AF
:10058000C2BFD4EB0C0541EA045170BD41F48011A7
:100590004FF0000E013C00F3AB8014F1360FDEBFCC
:1005A000002001F0004170BDC4F10004203C35DAA8
:1005B0000C341BDC04F11404C4F1200500FA05F32B
:1005C00020FA04F001FA05F240EA020001F00042CC
:1005D00021F0004110EBD37021FA04F642EB060142
:1005E0005EEA430E08BF20EAD37070BDC4F10C046C
:1005F000C4F1200500FA04F320FA05F001FA04F230
:1006000040EA020001F0004110EBD37041F100011B
:100610005EEA430E08BF20EAD37070BDC4F1200526
:1006200000FA05F24EEA020E20FA04F301FA05F28E
:1006300043EA020321FA04F001F0004121FA04F236
:1006400020EA020000EBD3705EEA430E08BF20EA06
:10065000D37070BD94F0000F0FD101F00046400040
:1006600041EB010111F4801F08BF013CF7D041EAC2
:10067000060195F0000F18BF704703F000465200C6
:1006800043EB030313F4801F08BF013DF7D043EA97
:100690000603704794EA0C0F0CEA135518BF95EA4D
:1006A0000C0F0CD050EA410618BF52EA4306D1D1D4
:1006B00081EA030101F000414FF0000070BD50EAF3
:1006C000410606BF1046194652EA430619D094EA7D
:1006D0000C0F02D150EA013613D195EA0C0F05D167
:1006E00052EA03361CBF104619460AD181EA0301BB
:1006F00001F0004141F0FE4141F470014FF0000073
:1007000070BD41F0FE4141F4780170BD70B54FF00D
:10071000FF0C4CF4E06C1CEA11541DBF1CEA13558D
:1007200094EA0C0F95EA0C0F00F0A7F8A4EB05046F
:1007300081EA030E52EA03354FEA013100F0888066
:100740004FEA03334FF0805545EA131343EA12632F
:100750004FEA022245EA111545EA10654FEA0026E4
:100760000EF000419D4208BF964244F1FD0404F59D
:10077000407402D25B084FEA3202B61A65EB0305F9
:100780005B084FEA32024FF480104FF4002CB6EBB6
:10079000020E75EB030E22BFB61A754640EA0C0036
:1007A0005B084FEA3202B6EB020E75EB030E22BF76
:1007B000B61A754640EA5C005B084FEA3202B6EBB7
:1007C000020E75EB030E22BFB61A754640EA9C0076
:1007D0005B084FEA3202B6EB020E75EB030E22BF46
:1007E000B61A754640EADC0055EA060E18D04FEA04
:1007F000051545EA16754FEA06164FEAC30343EAA4
:1008000052734FEAC2025FEA1C1CC0D111F4801F70
:100810000BD141EA00014FF000004FF0004CB6E769
:1008200011F4801F04BF01430020B4F1FD0C88BF08
:10083000BCF5E06F3FF6AFAEB5EB030C04BFB6EB13
:10084000020C5FEA500C50F1000041EB045170BD06
:100850000EF0004E4EEA113114EB5C04C2BFD4EB33
:100860000C0541EA045170BD41F480114FF0000EB7
:10087000013C90E645EA060E8DE60CEA135594EA33
:100880000C0F08BF95EA0C0F3FF43BAF94EA0C0F36
:100890000AD150EA01347FF434AF95EA0C0F7FF4AB
:1008A00025AF104619462CE795EA0C0F06D152EAFF
:1008B00003353FF4FDAE1046194622E750EA4106E3
:1008C00018BF52EA43067FF4C5AE50EA41047FF4F4
:1008D0000DAF52EA43057FF4EBAE12E74FF0FF3C59
:1008E00006E000BF4FF0010C02E000BF4FF0010C2A
:1008F0004DF804CD4FEA410C7FEA6C5C4FEA430CA3
:1009000018BF7FEA6C5C1BD001B050EA410C0CBFF1
:1009100052EA430C91EA030F02BF90EA020F002053
:10092000704710F1000F91EA030F58BF994208BFBA
:1009300090422CBFD8176FEAE37040F00100704777
:100940004FEA410C7FEA6C5C02D150EA013C07D1CE
:100950004FEA430C7FEA6C5CD6D152EA033CD3D019
:100960005DF8040B704700BF8446104662468C4613
:100970001946634600E000BF01B5FFF7B7FF002846
:1009800048BF10F1000F01BD4DF808EDFFF7F4FF6F
:100990000CBF012000205DF808FB00BF4DF808EDFA
:1009A000FFF7EAFF34BF012000205DF808FB00BF1D
:1009B0004DF808EDFFF7E0FF94BF012000205DF83F
:1009C00008FB00BF4DF808EDFFF7CEFF94BF0120F4
:1009D00000205DF808FB00BF4DF808EDFFF7C4FFED
:1009E00034BF012000205DF808FB00BF4FEA410C36
:1009F0007FEA6C5C02D150EA013C0AD14FEA430C19
:100A00007FEA6C5C02D152EA033C02D14FF0000055
:100A100070474FF0010070474FEA410212F5001293
:100A200015D211D56FF47873B3EB625212D94FEA35
:100A3000C12343F0004343EA505311F0004F23FA1F
:100A400002F018BF404270474FF00000704750EA74
:100A5000013005D111F0004008BF6FF00040704731
:100A60004FF00000704700BF4A0011D212F500128B
:100A700011D20DD56FF47873B3EB62520ED44FEAF6
:100A8000C12343F0004343EA505323FA02F0704776
:100A90004FF00000704750EA013002D14FF0FF30B4
:100AA00070474FF0000070474FEA4102B2F1E04357
:100AB00024BFB3F5001CDCF1FE5C0DD901F0004C45
:100AC0004FEAC0024CEA5070B2F1004F40EB830095
:100AD00008BF20F00100704711F0804F21D113F1C1
:100AE0003872BCBF01F00040704741F480114FEAFA
:100AF0005252C2F11802C2F1200C10FA0CF320FA83
:100B000002F018BF40F001004FEAC1234FEAD3239F
:100B100003FA0CFC40EA0C0023FA02F34FEA430309
:100B2000CCE77FEA625307D150EA01331EBF4FF092
:100B3000FE4040F44000704701F0004040F0FE40AD
:100B400040F40000704700BF80F0004002E000BFAA
:100B500081F0004142001FBF5FEA410392EA030FA8
:100B60007FEA226C7FEA236C6AD04FEA1262D2EBF2
:100B70001363C1BFD218414048404140B8BF5B42F7
:100B8000192B88BF704710F0004F40F4000020F090
:100B90007F4018BF404211F0004F41F4000121F0A6
:100BA0007F4118BF494292EA030F3FD0A2F10102F0
:100BB00041FA03FC10EB0C00C3F1200301FA03F12E
:100BC00000F0004302D5494260EB4000B0F5000F51
:100BD00013D3B0F1807F06D340084FEA310102F110
:100BE0000102FE2A51D2B1F1004F40EBC25008BFC2
:100BF00020F0010040EA03007047490040EB00008C
:100C0000013A28BFB0F5000FEDD2B0FA80FCACF18C
:100C1000080CB2EB0C0200FA0CF0AABF00EBC250B9
:100C200052421843BCBFD0401843704792F0000FA7
:100C300081F4000106BF80F400000132013BB5E7FA
:100C40004FEA41037FEA226C18BF7FEA236C21D070
:100C500092EA030F04D092F0000F08BF08467047D5
:100C600090EA010F1CBF0020704712F07F4F04D1A3
:100C7000400028BF40F00040704712F100723CBFB6
:100C800000F50000704700F0004343F0FE4040F4E0
:100C9000000070477FEA226216BF08467FEA23639E
:100CA0000146420206BF5FEA412390EA010F40F489
:100CB000800070474FF0000304E000BF10F00043D5
:100CC00048BF40425FEA000C08BF704743F09643BC
:100CD00001464FF000001CE050EA010208BF7047D7
:100CE0004FF000030AE000BF50EA010208BF70475E
:100CF00011F0004302D5404261EB41015FEA010C73
:100D000002BF84460146002043F0B64308BFA3F16A
:100D10008053A3F50003BCFA8CF2083AA3EBC2534C
:100D200010DB01FA02FC634400FA02FCC2F120026B
:100D3000BCF1004F20FA02F243EB020008BF20F0A2
:100D40000100704702F1200201FA02FCC2F1200208
:100D500050EA4C0021FA02F243EB020008BF20EAFD
:100D6000DC7070474FF0FF0C1CEAD0521EBF1CEA2B
:100D7000D15392EA0C0F93EA0C0F6FD01A4480EA19
:100D8000010C400218BF5FEA41211ED04FF0006302
:100D900043EA501043EA5111A0FB01310CF000402E
:100DA000B1F5000F3EBF490041EAD3715B0040EA54
:100DB000010062F17F02FD2A1DD8B3F1004F40EB24
:100DC000C25008BF20F00100704790F0000F0CF0F7
:100DD000004C08BF49024CEA502040EA51207F3ABB
:100DE000C2BFD2F1FF0340EAC250704740F4000096
:100DF0004FF00003013A5DDC12F1190FDCBF00F087
:100E000000407047C2F10002410021FA02F1C2F134
:100E1000200200FA02FC5FEA310040F1000053EAD0
:100E20004C0308BF20EADC70704792F0000F00F01E
:100E3000004C02BF400010F4000F013AF9D040EA24
:100E40000C0093F0000F01F0004C02BF490011F4B8
:100E5000000F013BF9D041EA0C018FE70CEAD153B6
:100E600092EA0C0F18BF93EA0C0F0AD030F0004C36
:100E700018BF31F0004CD8D180EA010000F00040EA
:100E8000704790F0000F17BF90F0004F084691F0A8
:100E9000000F91F0004F14D092EA0C0F01D14202E2
:100EA0000FD193EA0C0F03D14B0218BF084608D1AB
:100EB00080EA010000F0004040F0FE4040F40000F5
:100EC000704740F0FE4040F4400070474FF0FF0C88
:100ED0001CEAD0521EBF1CEAD15392EA0C0F93EACF
:100EE0000C0F69D0A2EB030280EA010C49024FEA21
:100EF000402037D04FF0805343EA111143EA1013DA
:100F00000CF000408B4238BF5B0042F17D024FF491
:100F1000000C8B4224BF5B1A40EA0C00B3EB510F6C
:100F200024BFA3EB510340EA5C00B3EB910F24BF55
:100F3000A3EB910340EA9C00B3EBD10F24BFA3EBDA
:100F4000D10340EADC001B0118BF5FEA1C1CE0D1A2
:100F5000FD2A3FF650AF8B4240EBC25008BF20F055
:100F6000010070470CF0004C4CEA50207F32C2BFA9
:100F7000D2F1FF0340EAC250704740F400004FF046
:100F80000003013A37E792F0000F00F0004C02BF77
:100F9000400010F4000F013AF9D040EA0C0093F041
:100FA000000F01F0004C02BF490011F4000F013B9B
:100FB000F9D041EA0C0195E70CEAD15392EA0C0F03
:100FC00008D142027FF47DAF93EA0C0F7FF470AF3B
:100FD000084676E793EA0C0F04D14B023FF44CAF7E
:100FE00008466EE730F0004C18BF31F0004CCAD113
:100FF00030F000427FF45CAF31F000437FF43CAF4F
:101000005FE700BF4FF0FF3C06E000BF4FF0010C70
:1010100002E000BF4FF0010C4DF804CD4FEA400252
:101020004FEA41037FEA226C18BF7FEA236C11D09C
:1010300001B052EA530C18BF90EA010F58BFB2EB4F
:10104000030088BFC81738BF6FEAE17018BF40F0CF
:10105000010070477FEA226C02D15FEA402C05D183
:101060007FEA236CE4D15FEA412CE1D05DF8040B08
:10107000704700BF844608466146FFE70FB5FFF79B
:10108000C9FF002848BF10F1000F0FBD4DF808ED53
:10109000FFF7F4FF0CBF012000205DF808FB00BF44
:1010A0004DF808EDFFF7EAFF34BF012000205DF89E
:1010B00008FB00BF4DF808EDFFF7E0FF94BF0120EB
:1010C00000205DF808FB00BF4DF808EDFFF7D2FFE8
:1010D00094BF012000205DF808FB00BF4DF808ED2B
:1010E000FFF7C8FF34BF012000205DF808FB00BFF8
:1010F0004FEA40024FEA41037FEA226C02D15FEAE5
:10110000402C08D17FEA236C02D15FEA412C02D146
:101110004FF0000070474FF0010070474FEA400267
:10112000B2F1FE4F0FD34FF09E03B3EB12620DD915
:101130004FEA002343F0004310F0004F23FA02F07F
:1011400018BF404270474FF00000704712F1610F26
:1011500001D1420205D110F0004008BF6FF00040FD
:1011600070474FF00000704742000ED2B2F1FE4FC0
:101170000BD34FF09E03B3EB126209D44FEA002366
:1011800043F0004323FA02F070474FF0000070472D
:1011900012F1610F01D1420202D14FF0FF307047CE
:1011A0004FF00000704700BF7BB972B90029BEBF85
:1011B00000204FF0004106E008BF00281CBF6FF080
:1011C00000414FF0FF3000F057B8ADF1080C6DE969
:1011D00004CE002909DB002B1ADB1FF09DF8DDF897
:1011E00004E0DDE9022304B07047404261EB4101B5
:1011F000002B1BDB1FF090F8DDF804E0DDE9022393
:1012000004B0404261EB4101524263EB430370473B
:10121000524263EB43031FF07FF8DDF804E0DDE9A1
:10122000022304B0404261EB41017047524263EB3C
:1012300043031FF071F8DDF804E0DDE9022304B098
:10124000524263EB4303704753B94AB9002908BFC0
:1012500000281CBF4FF0FF314FF0FF3000F00CB8FA
:10126000ADF1080C6DE904CE1FF056F8DDF804E08E
:10127000DDE9022304B07047704700BF10F8012B6E
:1012800011F8013B012A28BF9A42F7D0D01A7047C3
:10129000034613F8012B002AFBD1181A01387047B6
:1012A00001F0FF01102A2BDB10F0070F08D010F817
:1012B000013B013A8B422DD010F0070F42B3F6D11B
:1012C000F0B441EA012141EA014122F007047FF034
:1012D00000070023F0E80256083C85EA010586EA8B
:1012E000010685FA47F5A3FA87F586FA47F6A5FAC7
:1012F00087F68EB9EED1F0BC01F0FF0102F00702D3
:1013000032B110F8013B013A83EA010313B1F8D17D
:101310000020704701387047002D06BF354603385E
:10132000073815F0010F07D1013015F4807F02BF97
:10133000013015F4C03F0130F0BC0138704700BFE8
:1013400010B5054C237833B9044B13B10448AFF3FF
:1013500000800123237010BD500300200000000016
:101360006060020808B5034B1BB103490348AFF3A3
:10137000008008BD000000005403002060600208E7
:1013800000B59BB04822002108A822F056FE182282
:10139000002102A822F051FE02F086F94FF0B0427F
:1013A0000120D2F8903023F01803C2F89030D2F820
:1013B000003423F4C06343F40073C2F80034D2F85D
:1013C000003403F4C0630193019B24230893812319
:1013D0000B930023CDE91003B02208A8CDE9122316
:1013E00002F08EFA00B1FEE74F23CDE90230CDE9DD
:1013F0000400CDE90600022102A802F01DFD00B1A3
:10140000FEE71BB05DF804FB7047000038B5104CD8
:10141000237805460BB9012038BD02F061FA227825
:101420004FF47A73B3FBF2F3B0FBF3F000F0C8FCB7
:1014300004460028EFD10F2DEDD8024629464FF083
:10144000FF3000F06BFC034B20461D60E4E700BF5B
:10145000000000200400002010B5032000F04CFC28
:1014600002F03EFA064B18600020FFF7CFFF04465B
:1014700018B9FFF7C9FF204610BD0124FBE700BFE4
:1014800040000020034A044B11681B780B44136092
:10149000704700BF6C03002000000020014B18685B
:1014A000704700BF6C0300208068C0F38000704765
:1014B000F7B5002301930446002800F0E980856D0C
:1014C00025B905F05DF8E56584F8545023689A68FD
:1014D000D00040F1A1809A68D10000F1B480A26DE3
:1014E00042F01002A265E26D42F00102E2650125C0
:1014F0001846FFF7D9FFA26D02F01002024340F038
:10150000C980A26D206922F4817242F00202A265B4
:101510009A68D2075DD4226BA67E94F82CC0003A5C
:1015200018BF01221703D4E902120A43217E42EABE
:101530008132617E42EAC13242EA4632002842EA02
:101540004C02B4BF20F000414FF400113A430A436B
:1015500094F82010012903D1002E76D142F4803274
:10156000616A21B1A66A01F4E07131430A43D96886
:10157000E66C21F4FE3121F4FF711143D96094F837
:101580003C206168012A01F0404C4CEA060609D172
:10159000D4E910273A433243A66C324342EA0C02A4
:1015A00042F001061F693E4A3A4032431A6121F077
:1015B0000042B2F1804F0CD0B1F1004F09D0394E4A
:1015C000D6F8082701F4701122F470120A43C6F805
:1015D00008275A69666BA16B22F0070232435A61F1
:1015E0005A6922F0700242EA01125A61002835D18C
:1015F0009A6A62F00F029A625B6903F007039E42E7
:101600003CD10023E365A36D23F0030343F0010302
:10161000A365284603B0F0BD9A68234922F0104222
:1016200022F0170242F080529A60204A1268B2FB00
:10163000F1F2013252000192019A002A3FF44BAFBD
:10164000019A013AF7E7002552E7A16D41F0200128
:10165000A165E16D41F00101E16581E7B0F5001F91
:10166000CAD19A6AE269013A92006FF00F0102F062
:101670001C0201FA02F2216E0A43BCE7A36D23F0BB
:10168000120343F01003A365E36D43F00103E36528
:101690000125BEE7A36D43F01003A365F8E700BF83
:1016A00002FCFF1F00200140400D0300400000200D
:1016B000F8B54569082D04460E460AD00368DB6874
:1016C000D80705D5A36D43F02003A3650120F8BD1D
:1016D0000425FFF7E3FE074623681A682A4220D054
:1016E000A26D42F40072A265DA6812F4406F14D160
:1016F000A27E92B91A6812070FD51846FFF7D4FEDA
:1017000020BB5A6822F00C025A60A26D22F480724B
:1017100022F0010242F00102A265227EFAB100200D
:10172000D5E7711CD9D0FFF7B9FEC01BB04201D874
:10173000002ED1D123681B682B40CDD1A26D84F837
:10174000543042F00402A2650320C0E7A26D42F0CB
:101750002002A265E26D42F00102E265DDE70C22A3
:101760001A60DCE70368186C70470000F7B50023C7
:10177000019390F85430012B044600F0C0800568B6
:101780000269012380F854302846FFF78DFE0028B7
:1017900040F0AF8048680B68022822F004027ED037
:1017A000B2F1004FC3F3110E35D1AA6A42EA0E021C
:1017B000AA628A68686902EA032222F07C4222F067
:1017C000FF0220EA03210A43002B6A611DDA4D4A19
:1017D0004D4DD2F80817AB4201F0E07043D10D0235
:1017E00013D4D2F8083723F0E073034343F4000323
:1017F000C2F80837454B1A68454BB2FBF3F20C238D
:1018000002FB03330193019B53BB0020002384F8A8
:10181000543003B0F0BD226E00F01F074FF00F0CE4
:101820000CFA07FC6FEA0C0622EA0C0CBEF1000F62
:1018300011D1C3F38462BA4042EA0C0222668008E6
:10184000E26901309042B4D8A86AC3F38362BA4017
:1018500006403243ACE793FAA3F2B2FA82F2EAE727
:10186000019B013BCEE72B4DAB420BD1C901CCD440
:10187000D2F8083723F0E073034343F08073C2F8D3
:101880000837C2E7244DAB42BFD14B02BDD4D2F8DA
:10189000083723F0E073034343F48003EFE7B2F12A
:1018A000004F01BFAA6AC3F311018A43AA62002B49
:1018B000ABDA154813498342D1F8082709D1D1F88A
:1018C000083702F0A07223F0E0731A43C1F808272A
:1018D0009BE71048834204D1D1F8083702F4400254
:1018E000F1E70D48834290D1D1F8083702F0C07279
:1018F000E9E7A26D42F02002A265184686E70220C1
:1019000087E700BF00200140001000B04000002029
:10191000400D0300004000B8002000B4806D704707
:10192000026838B504461046FFF7BEFD08B900202E
:1019300038BD9368990707D4936823F0004323F0D8
:10194000170343F010039360FFF7A8FD05462368D3
:101950009B685B07EBD5FFF7A1FD401B0228F6D97A
:1019600023689B685A07F2D5A36D43F01003A36563
:10197000E36D43F00103E3650120D9E773B500236C
:10198000026801939368DD07044602D5002002B087
:1019900070BD9168214B194209D0A36D43F010032B
:1019A000A365E36D43F00103E3650120EFE793686E
:1019B00023F0004323F0170343F001039360184B17
:1019C000D3F8083718021CD4637E012BDED0FFF752
:1019D00065FD144E054622681368DB07D6D493686C
:1019E000D9075FBF9368334043F001039360FFF76B
:1019F00055FD401B0228EED923681B68DA07EAD49C
:101A0000CBE7094B094A1B68B3FBF2F3013301939F
:101A1000019B002BD8D0019B013BF8E71700008009
:101A200000200140E8FFFF7F40000020400D030040
:101A300038B504460068FFF737FD054620BB94F82B
:101A40005430012B20D0012384F854302046FFF776
:101A500095FFB0B9A36D226823F4706323F00103EE
:101A600043F48073A3651C23E065136084F854007D
:101A7000936823F0004323F0170343F004039360BB
:101A800038BD84F85450FBE70220F9E738B5036805
:101A90009A680446900704D49A68D10703D40020BA
:101AA00038BD9B68FBE79A6802F00502012A19D14C
:101AB0009A6822F0004222F0170242F002029A6075
:101AC00003221A60FFF7EAFC054623689B68DB07E0
:101AD000E5D5FFF7E3FC401B0228F6D923689B6895
:101AE000DA07F2D5A36D43F01003A365E36D43F06D
:101AF0000103E3650120D3E770B5044600284BD00D
:101B0000836D43F002038365FFF70AFF054668B95A
:101B10002046FFF7BBFF054608B90123A3652268ED
:101B2000936823F0104323F01703936023685A68E7
:101B300022F4677222F003025A6040F29F321A6068
:101B4000D968164A0A40DA605A6922F007025A61D7
:101B500000269A6A9E621A6A02F0F0221A625A6A93
:101B600002F0F0225A62DA6A02F0F022DA621A69AE
:101B700022F040421A610A4AD2F8083723F0FE7375
:101B8000C2F80837204604F01BFDE6652666A66508
:101B900084F85460284670BD0125FBE700023E83AF
:101BA0000020014010B590F85430012B044615D0A8
:101BB000012380F85430FFF7B3FE58B92046FFF7F1
:101BC00065FF38B9A36D23F4807323F0010343F05C
:101BD0000103A365002384F8543010BD0220FCE704
:101BE000F7B50023019390F85430012B04467FD0C1
:101BF000012380F85430FFF749FF23689A6812F0F8
:101C00000102054607D0A36D43F01003A36500232E
:101C100084F854302DE0A16D364F21F4817141F0EC
:101C20000201A165DE68D96826F4FF4626F07C062D
:101C300021F40041360421F00301360CD96008205C
:101C40009968394041F0004199609968002913DA98
:101C50000199013101910199B1F52E3FF5D3A36DA1
:101C600023F0120343F01003A365002384F85430DB
:101C70000125284603B0F0BDD3F8B410013801F0B7
:101C80007F010A44DCD199681A48014041F0010102
:101C90009960D3F8B41021F07F0141EAD202C3F871
:101CA000B4209A68024042F002029A60FFF7F6FB05
:101CB000074623689A68D20708D4DA683243DA60A4
:101CC000A36D23F0030343F001039FE7FFF7E6FB57
:101CD000C01B0228EDD923689B68D907E9D5A36DFD
:101CE00043F01003A365E36D43F00103E365BFE731
:101CF0000225BEE7E8FFFF7F0749CA6822F4E062D9
:101D00000302120403F4E063120C134343F0BF63B5
:101D100043F40033CB60704700ED00E0164B30B564
:101D2000DC68C4F30224C4F10703251D042B28BF7B
:101D30000423062D4FF0FF358CBF033C002405FA29
:101D400003F321EA0303A54022EA0502A340002889
:101D500043EA0203ACBF00F16040084A4FEA0313B4
:101D6000B8BF00F00F00DBB2AABF00F5614013540A
:101D700080F8003330BD00BF00ED00E014ED00E05E
:101D8000002807DB044A4109012300F01F008340BB
:101D900042F82130704700BF00E100E000280CDB72
:101DA0004309064900F01F0020330122824041F818
:101DB0002320BFF34F8FBFF36F8F704700E100E028
:101DC0000138B0F1807F0BD24FF0E023054A586113
:101DD000F02182F823100020072298611A617047D1
:101DE0000120704700ED00E00028A1BF4309403307
:101DF000054A52F82330A3BF00F01F0023FA00F079
:101E000000F001000020704700E100E0002808DB3E
:101E10004309044900F01F0001226033824041F869
:101E20002320704700E100E0704708B5FFF7FCFF92
:101E300008BD704710B5044608B9012010BD437FA6
:101E400003F0FF0213B90277FFF7F3FF0223637772
:101E50002379E3B92368134A5A619A6822F0180279
:101E60009A6062792368D2B94FF0FF321A619A689A
:101E7000616922F060020A439A609A68A16922F0BF
:101E800080020A439A60012363770020D6E7D4E9F1
:101E90000212204600F008F80028E2D0CDE72269BF
:101EA000E4E700BFB71DC104CB0710B50CD51F2355
:101EB000013B1CD321FA03F4E407F9D5102A12D010
:101EC00004D83AB1082A10D001200BE0182AFBD11F
:101ED000062BF9D800684161836823F01803134387
:101EE0008360002010BD072BF3E70F2BF1E7102ACA
:101EF000EAD0E9D8002AE7D1ECE710B5044640B1B2
:101F00000223037104F00EFB002020616071207138
:101F100010BD0120FCE710B504680122236801F020
:101F2000100102FA01F123EA01032360027100208B
:101F300010BD034640B190F82520022A06D00422A5
:101F4000C263002280F82420012070470268806C60
:101F5000116821F00E011160016821F480710160A7
:101F6000116821F001011160D3E9100202F01C0197
:101F700001228A404260D3E9132151605A6D32B187
:101F8000116821F480711160D3E91621516001229A
:101F9000002083F8252083F82400704708B590F8C6
:101FA0002530022B03D00423C363012008BD03683E
:101FB0001A6822F00E021A601A6822F001021A60F2
:101FC000826C136823F480731360D0E9101303F05C
:101FD0001C02012393404B60D0E913325A60436DD9
:101FE00033B11A6822F480721A60D0E916325A604E
:101FF000012380F82530002380F82430836B03B15F
:1020000098470020D2E790F8250070470A4A5369A4
:1020100043F4802330B55361EFF3108472B600238C
:10202000CD58C5500433B3F5807FF9D11369DB0374
:10203000FCD484F3108830BD00400058064B5A6928
:10204000002ABFBF054A9A6002F188329A60BABF7F
:102050005869C00F002070470040005823016745B1
:10206000044B5A6942F000425A615869C043C00F9C
:10207000704700BF0040005870B50546FFF70EFAE4
:10208000124E04463369D90313D43369DA0744BFC7
:10209000012232614CF2FA32134011D10B4E3069F9
:1020A00010F480200BD0FFF7F9F9001BA842F6D3FB
:1020B00004E0FFF7F3F9001BA842E3D3032070BD4F
:1020C000024A1361024A01205360F8E700400058B9
:1020D000700300202DE9F041184D98462B78012B14
:1020E00006460C46174626D001232B704FF47A7013
:1020F00000236B60FFF7C0FFA0B9012E16D1104A74
:10210000536943F0010353612760BFF36F8FC4F835
:1021100004804FF47A70FFF7AFFF094A536923EA4E
:102120000603536100232B70BDE8F0813946204639
:10213000FFF76CFFEDE70220F6E700BF7003002019
:1021400000400058054A536923F47E7343EAC000F7
:1021500040F4803040F00200506170470040005869
:102160002DE9F041234F3B78012B054688463FD0AF
:1021700001233B704FF47A7000237B60FFF77CFFF4
:10218000044688B92B68042B13D11B4A536943F4C6
:10219000803343F0040353614FF47A70FFF76CFF10
:1021A0000446154B1A681B6800233B702046BDE8A7
:1021B000F0814FF0FF33C8F800306E68D5E9013286
:1021C0001344B3420AD93046FFF7BCFF4FF47A708C
:1021D000FFF752FF50B1C8F800600446064A536941
:1021E00023F47E7323F002035361DAE70136E5E757
:1021F0000224DBE770030020004000582DE9F04F77
:10220000564C00234FF00F080A6832FA03F501D14B
:10221000BDE8F08F012505FA03F919EA020275D02D
:102220004E68032706F003054FEA430E07FA0EFC3B
:102230006F1E012F6FEA0C0C6AD8876807EA0C0A38
:10224000CF6807FA0EF747EA0A078760476827EA68
:102250000909C6F300179F4047EA09074760C768A6
:1022600007EA0C098F6807FA0EF747EA0907022DFB
:10227000C76059D0076805FA0EF507EA0C073D4319
:1022800016F4403F056041D023F0030707F1804773
:1022900007F5803703F0030CBD684FEA8C0C4FF054
:1022A000070E0EFA0CFEB0F1904F25EA0E0E51D03B
:1022B0002B4DA84250D005F58065A84214BF0725D4
:1022C000022505FA0CF545EA0E05BD602568D743E1
:1022D00016F4801F0CBF3D4015432560656816F459
:1022E000001F0CBF3D4015436560D4F8805016F4C4
:1022F000803F0CBF3D401543C4F88050D4F8845053
:10230000B60354BF3D401543C4F8845001337BE706
:10231000032DAFD0C76807EA0C098F6807FA0EF7DC
:1023200047EA0907C760A5E74FEAD30900EB890927
:1023300003F0070AD9F820704FEA8A0A08FA0AFB64
:1023400027EA0B0B0F6907FA0AF747EA0B07C9F8E8
:1023500020708FE70025B4E70125B2E70008005898
:1023600000040048044AD168014208B502D0D06098
:1023700004F09EFB08BD00BF0008005803689A697E
:10238000910744BF00229A629A69D2075EBF9A6998
:1023900042F001029A61704730B5039D04682B43F7
:1023A00043EA0243064A6068C1F309010B4342EA6B
:1023B000555223F0004320EA02000343636030BD1E
:1023C000FF63FF0370B5426B1F4CA2420BB201F0DA
:1023D000010501F002041DD01C4EB2421AD01C4E61
:1023E000B24217D0002BACBF0023B8230DB143F08D
:1023F000F2030CB143F0F403102902D143F090032F
:1024000003E0202901D143F0200301680A68134347
:102410000B6070BD002BACBF0023B8230DB143F09F
:10242000F2030CB143F0F4031029E7D0202902D1C4
:1024300043F06003E9E7064CA242E6D0402908BF1A
:1024400043F04003E1E700BF893100088134000810
:102450006530000811F0010307D090F8413003F017
:102460002803282B14BFF22342238A0709D590F8AA
:10247000412002F02802282A0CBF43F0440343F015
:10248000F4030A0401680A6848BF43F0B80322EA6B
:1024900003030B60704703682DE9F0419C6914F059
:1024A000100405460F4616466CD010220024DA614F
:1024B000A0462B689A69920660D4B8F1000F2ED01E
:1024C00044F0040401202E68B36913F4807F03F400
:1024D000806203F4007357D04FF4807144F001041C
:1024E000F161002A51D1002B56D12846FFF746FF53
:1024F000736823F0FF7323F48B3323F4FF7323F00B
:10250000010373606B6C23436B64202385F84130B7
:10251000002385F8423085F84030012044E07A1CE1
:1025200005D19A699606FCD52022DA61C8E7FEF744
:10253000B5FF801BB84201D8002FBAD12B6859686B
:1025400095F8422098690004D2B20AD5480408D40C
:10255000202A06D05A6842F480425A60FEF79EFF55
:1025600006462B689B699906A3D4FEF797FF801B4C
:102570001928F6D920244FF001089AE7B8F1000F86
:102580009ED1D1E720469EE72AB14FF4806244F005
:102590000804F261A7E72BB14FF4007344F0020482
:1025A000F361A2E70028A0D1BDE8F0812DE9F04158
:1025B000DDF8188004460F4616461D4623689B69C1
:1025C00037EA03030CBF01230023B34201D00020EC
:1025D00025E0424629462046FFF75DFFF0B96B1C17
:1025E000ECD0FEF75BFFA0EB0800A84201D8002D5D
:1025F000E4D123689B6937EA03030CBF012300235E
:10260000B342DBD1636C43F020036364202384F87E
:102610004130002384F8423084F840300120BDE886
:10262000F081C36AAA2B02D10023C3627047C36A38
:10263000B3F52A4FFAD14FF00073F6E7704710B5A3
:10264000044600284ED090F8413003F0FF021BB939
:1026500080F84020FFF7F2FF242384F841302368FC
:102660001A6822F001021A60626822F070621A6130
:102670009A6822F400429A60D4E90221012906D125
:1026800042F400429A605A6822F4006207E042F481
:10269000044202299A60F6D15A6842F400625A60F4
:1026A0005A6842F0007242F400425A60DA6822F43A
:1026B0000042DA60D4E904210A43A16942EA012216
:1026C000DA60D4E907210A431A601A6842F001026D
:1026D0001A6000202023606484F84130206384F86D
:1026E000420010BD0120FCE7704710B5044698B1C8
:1026F0000268242380F84130136823F0010313603B
:10270000FFF7F2FF0020606484F8400084F8410085
:10271000206384F8420010BD0120FCE72DE9F0435E
:1027200085B01D460023039390F84130202B0446CA
:10273000174672D103689B6913F400436DD190F87A
:102740004020012A69D00122C1F3090680F8402007
:1027500046F00078242280F8412048F42058436451
:10276000E3682268012B06BF46F0007343F4005370
:1027700043465360FEF792FE814622689369926950
:10278000C3F34013C2F30012134316D023689A69AF
:10279000CDF8009012F010022B4624D120212046C3
:1027A000FFF704FFE8B922682023D36184F84130A1
:1027B00084F8400005B0BDE8F0836B1CDDD0FEF767
:1027C0006DFEA0EB0900A84201D8002DD5D1202331
:1027D00084F84130636C43F020036364002384F881
:1027E00040300120E6E7002220212046FFF7DEFEF0
:1027F0000028F6D123681022DA612022DA61039BD7
:1028000001330393039BBB42AAD384F84120636C3A
:1028100084F8400013436364E3E70220CAE7000042
:10282000F7B50446104694F84120089E202A65D149
:1028300094F84020012A61D0012284F8402021220E
:1028400084F84120102284F84220002262646385CB
:10285000E6622B4B6363638D60629BB2FF2B99BF73
:10286000638D2385FF232385228D94BFE56A4FF076
:1028700080756AB136F000731DD1236810F8017BB2
:102880009F62638D6062013B9BB26385531E23850B
:10289000236B112B16D1AA2E0FD12046FFF7C1FEB4
:1028A000638D9BB2FF2B00D8E56A1648009094F820
:1028B00028202B4615E00022EAE7B6F52A4FECD097
:1028C000002008E02046FFF7ACFE638D9BB2FF2B93
:1028D00000D8E56A0B4836F00073E7D100902B462C
:1028E000D2B220460025FFF757FD204684F840501D
:1028F0000121FFF767FD284603B0F0BD0220FBE78A
:102900002D2F00080020008037B50446069894F863
:102910004150202D44D194F84050012D40D0012544
:1029200084F84050222584F84150102584F8425004
:10293000002565646385E0621A4B6363638D6262A0
:102940009BB2FF2B9BBF638D2385FF23E26A88BF69
:102950002385236B88BF4FF08072122B04D1AA28E5
:1029600002D0B0F52A4F09D12046FFF75AFE638DF9
:102970009BB2FF2B00D8E26A0B4B00E000230093D0
:1029800020461346002594F82820FFF705FD204631
:1029900084F840500221FFF715FD284603B030BDF2
:1029A0000220FBE72D2F000800240080F8B51F4609
:1029B00090F8413003F02803282B04460E461546B4
:1029C00001D00120F8BD01B11AB94FF4007363645E
:1029D000F7E748F20101FFF73DFD90F84030012B89
:1029E00040D0012380F8403090F841302A2B14D198
:1029F0000221FFF72FFD03681A6810040DD51A682D
:102A0000E06B22F400421A6038B1174B8363FFF782
:102A1000C5FA10B1E06B836B9847292384F84130E5
:102A200020682023002284F842306264436823F443
:102A3000004343606585638D2385E7620B4B6363C9
:102A4000836981696662C90303D51B0744BF0823F4
:102A5000C361204684F8402048F20101FFF7B2FC30
:102A60000020AFE70220ADE789360008773500087F
:102A7000F8B51F4690F8413003F02803282B044690
:102A80000E46154601D00120F8BD01B11AB94FF428
:102A900000736364F7E748F20201FFF7DBFC90F88C
:102AA0004030012B3FD090F841300121292B80F894
:102AB000401013D1FFF7CEFC03681A6850040DD5FF
:102AC0001A68A06B22F480421A6038B1174B8363F6
:102AD000FFF764FA10B1A06B836B98472A2384F840
:102AE000413020682023002284F842306264436829
:102AF00023F4004343606585638D2385E7620C4BB7
:102B00006363836981696662C90303D41B0744BF99
:102B10000823C361204684F8402048F20201FFF7F1
:102B200051FC0020B0E70220AEE700BF8936000864
:102B30007735000808B590F84120202A0AD12822CC
:102B400080F84120044A42634FF40041FFF73AFC09
:102B5000002008BD0220FCE7773500080268436BBF
:102B60009169126803B1184770477047704738B5CC
:102B7000002580F8425090F84130212B4FF020037F
:102B800080F841300AD11123036345630121FFF727
:102B900061FC80F84050FFF7E8FF38BD1223036363
:102BA00045630221FFF756FC80F84050FFF7DEFF37
:102BB000F3E708B503681A68002180F84210510451
:102BC00015D51A6822F480421A6090F84130292BFA
:102BD00013D1282380F84130212303630121FFF71B
:102BE00039FC002380F840300EF084FA08BD12044E
:102BF000EBD51A6822F40042E6E790F841302A2B20
:102C0000F4D1282380F84130222303630221FFF707
:102C100021FC002380F840300EF059FAE6E790F8E6
:102C2000412002F02802282AF8B5036834D19E69B1
:102C3000C2689D699968DF682D0C022AC6F30046B8
:102C400005F0FE051FD185EAD11515F00605C1F383
:102C500009020ED1816C01318164816C022907D196
:102C600008218564D96180F8405031460EF0E2F9C0
:102C7000F8BD4FF40041FFF7EDFB002380F8403032
:102C800007F0FE02F1E74FF40041FFF7E3FB0023FA
:102C900080F840302A46E8E70822DA61002380F80D
:102CA0004030E5E708B5164BC362202200230363DA
:102CB000436380F8412080F842304B0712D5036807
:102CC0005A6A436A1A70436A01334362038D4BB1F7
:102CD000013B0385438D013B9BB24385436C43F02D
:102CE0000403436448F20301FFF7B4FB03681022B6
:102CF000DA61002380F840300EF0D4F908BD00BF3F
:102D00000000FFFF70477047704790F84120602A2D
:102D100008B54FF0000208D1202180F8411080F85A
:102D200040200263FFF7F0FF08BD026380F84020F7
:102D30000EF0E4F9F8E7000070B500223D4D90F880
:102D4000413080F84220C5624285426C283B0A43EC
:102D5000022B044642642AD80321FFF77BFB282379
:102D600080F84130344BA06B6363236B002841D063
:102D7000112B01D0212B3DD123681A68510442BF89
:102D80001A6822F480421A60FFF73DF901282CD01E
:102D9000A06B2A4B8363002384F84030FFF7FEF8D2
:102DA000002845D0A06B836BBDE87040184748F2FF
:102DB0000301FFF74FFBFFF7E1FA90F84130602B7A
:102DC00011D0202380F8413003689A6995060AD50E
:102DD0009A69D00605D51022DA61626C42F00402CD
:102DE00062642022DA610023BDE72046BDE870401E
:102DF000FFF78BBFE06B0028F7D0122B01D0222BFE
:102E0000F3D123681A68120442BF1A6822F4004200
:102E10001A60FFF7F8F80128E7D0E06B074B8363EF
:102E2000002384F84030FFF7B9F808B1E06BBAE747
:102E300070BD00BF0000FFFF77350008893600082D
:102E400073B505682023EB6190F84130212B0446CF
:102E50000E4635D10121FFF7FDFA112323636B687C
:102E600023F0FF7323F48B3323F4FF7323F0010368
:102E70006B6000236363F206A3F58033E36205D53C
:102E80001023EB61636C43F00403636494F84130F6
:102E9000602B05D1730741BF6B6ADBB20193019BC5
:102EA0002046FFF76BFA636C94F84120602A00D04B
:102EB0007BB1616C204602B0BDE87040FFF73CBFBB
:102EC00090F84130222BCAD10221FFF7C3FA122316
:102ED000C4E794F84120212A12D1202284F841200D
:102EE000236394F8422084F84030402A84F842302A
:102EF00003D1FFF707FF02B070BDFFF736FEFAE718
:102F000094F84120222AF6D1202284F8412023631C
:102F100094F8422084F84030402A84F8423002D1AC
:102F2000FFF7F1FEE7E7FFF721FEE4E773B590F85E
:102F30004030012B04460D46164600F091800123D7
:102F4000CA0680F8403017D5F30615D5036810225D
:102F5000DA61436C43F004034364FFF70FFAAA06F7
:102F600005D5B30603D529462046FFF769FF0020A3
:102F700084F8400002B070BD680712D5710710D503
:102F800023685A6A636A1A70636A25F0040501337C
:102F90006362238D013B2385638D013B9BB2638577
:102FA000DDE76A060DD4AB0727D5B00725D5638DBD
:102FB0009BB2002BD3D0636A226813F8011B916285
:102FC000E6E7290606F0400337D5002BC7D0638D0E
:102FD00022689BB22BB3208D18BB5168638D9BB2C6
:102FE000FF2BC1F309010DD9FF2222854FF0807319
:102FF00000902046FFF7D0F9B1E72A06AFD5730657
:10300000E5D4ACE7628DE36A92B213F5803F228586
:10301000D2B202D0E36A0090EBE700904FF0007369
:10302000E7E75368980103D42046FFF7A0FD96E731
:1030300040212046FFF780FE91E7002B8FD0638D63
:103040009BB2002BF4D123685A68910187D4E26ABD
:1030500012F5803FE8D15A6842F480425A607EE718
:10306000022087E713B590F84030012B044600F0AA
:103070008580012380F84030CB0612D5D30610D5C9
:1030800003681022DA61436C43F004034364202197
:10309000FFF798F9FFF772F9002084F8400002B0BA
:1030A00010BD880708D5930706D52368226D9A625C
:1030B0004FF0FF332365EFE7080633D5530631D5CC
:1030C00010212046FFF77EF9638D9BB233B3638DE9
:1030D0009BB2FF2B18D90023FF22E16C22850093BD
:1030E0004FF0807389B2FFF757F9638D228D9B1AD9
:1030F0009BB2638594F841202368222A1A6832D152
:1031000042F400421A60C7E7628DE16C92B200237C
:1031100022850093D2B24FF00073E3E74021FFF71E
:103120000BFEB9E7480621D553061FD594F8411088
:10313000134A144B222918BF1346628D92B2FF2AFC
:1031400008D9FF22E16C228500934FF0807389B289
:103150002046C8E7628DE16C92B222850093D2B21C
:103160004FF00073F3E742F48042CBE7880693D533
:10317000930691D52046FFF763FE8DE702208EE788
:10318000002000800024008073B590F84030012BAF
:10319000044678D0012380F84030CB0612D5D606FD
:1031A00010D503681022DA61436C43F004034364D2
:1031B0002021FFF707F9FFF7E1F8002084F840002D
:1031C00002B070BD0D0641D550063FD525682B686D
:1031D00023F040032B60638D9BB25BB36968638D02
:1031E0009BB2FF2BC1F309011AD9FF2323854FF0AE
:1031F00080730022268D009294F828202046FFF745
:10320000CBF8638D9B1B9BB2638594F84130222BD6
:103210002B680CBF43F4004343F480432B60CCE79E
:10322000638D2385E36A13F5803F14BFE36A4FF093
:103230000073DEE76B689A0103D42046FFF797FC22
:10324000BBE740212046FFF777FDB6E74B0612D5D6
:10325000560610D5638D9BB2002BF2D123685A68B5
:103260009501AAD4E26A12F5803FE6D15A6842F489
:1032700080425A60A1E788069FD593069DD52046D7
:10328000FFF7DEFD99E702209AE7036899691A685B
:1032900010B4CC0508D5140606D5446C44F00104DE
:1032A00044644FF48074DC614C0508D5140606D5DF
:1032B000446C44F0080444644FF48064DC61890584
:1032C00008D5120606D5426C42F0020242644FF461
:1032D0000072DA61416C11F00B0F02D010BCFFF7E5
:1032E0002BBD10BC704700002DE9F8430568D5F8E8
:1032F0000090D0F82C8090F8417007F0F707202359
:10330000212F04460E46EB6164D148F20101FFF71C
:10331000A1F827636B6843F400436B606B6823F08C
:10332000FF7323F48B3323F4FF7323F001036B60EB
:103330002046FFF723F819F4804F50D02B6823F470
:1033400080432B60A36B1BB11B685B689BB26385DA
:1033500072070FD5636A6A6A1A70636A013363621F
:10336000238D2BB1013B2385638D013B9BB263858C
:1033700026F00406638D9BB21BB1636C43F004031B
:103380006364F30611D519F0100F0ED0638D9BB254
:10339000002B3ED194F84130282B29D1B8F1007F81
:1033A00026D131462046FFF77DFC002384F84230C9
:1033B000656C6363002D3BD0616C2046FFF7BCFC5D
:1033C00094F84130282B45D131462046BDE8F843DA
:1033D000FFF768BC222F9DD148F2020197E719F44C
:1033E000004FB5D02B6823F400432B60E36BAAE7B2
:1033F00094F841202368292A4FF01002DA61D4D1D1
:1034000018F5803FD1D02046FEF7B8FFFFF7D1FB7B
:10341000CBE723681022DA61636C43F00403636432
:1034200038F08073C1D1616C2046FFF785FCBCE7A2
:10343000E36A13F5803F0FD02046FFF7BAFB0F4B2E
:10344000E362202384F8413084F84050256320460D
:103450000DF028FEBDE8F88394F8413084F8405020
:10346000222B4FF0200384F841302046256302D1FF
:103470000DF02DFEEEE70DF03DFEEBE70000FFFF47
:1034800070B590F84060C56A012E04460B4670D0B6
:10349000012680F840608E0607D5960605D5FFF711
:1034A00023FF002084F8400070BDD80659D5D1060E
:1034B00057D512F4404F50D0D4E90E10E0B921B1E5
:1034C000520402D50A6852680AB323681022DA61EE
:1034D000636C43F00403636494F8413035F0807208
:1034E000DBB2DED1213B092B30D8DFE803F02D34ED
:1034F0002F2F2F2F2F2F2D341604E0D50068406872
:103500000028DCD119B1500444BF0A68526894F80D
:103510004120282A07D1B5F1007F04D11946204661
:10352000FFF7C0FBBDE794F841202368292A4FF03C
:103530001002DA61B5D115F5803FB2D02046FEF712
:103540001DFFFFF736FBACE721232363616C2046A8
:10355000FFF7F2FBA5E72223F7E723681022DA61E1
:103560009FE719079DD513079BD52046FFF757FB0B
:1035700097E7022098E770B590F84060C56A012E81
:1035800004460B467ED0012680F840608E0607D5A3
:10359000960605D5FFF7A8FE002084F8400070BD10
:1035A000D90630D5D6062ED5628D92B2E2B994F8FE
:1035B0004120282A07D1B5F1007F04D119462046C1
:1035C000FFF770FBE8E794F841202368292A4FF0C1
:1035D0001002DA61E0D115F5803FDDD02046FEF71C
:1035E000CDFEFFF7E6FAD7E723681022DA61636CB5
:1035F00043F00403636435F08073CDD1616C2046E1
:10360000FFF79AFBC8E758071BD5510719D5638DFB
:103610009BB26BB123685A6A636A1A70636A01339A
:103620006362238D013B2385638D013B9BB26385E0
:10363000638D9BB2002BAFD115F5803FACD02046F7
:10364000CFE71E0705D5100703D52046FFF7E7FA99
:10365000A2E79907A0D593079ED5638D9BB26BB166
:10366000636A226813F8011B91626362638D013BF8
:103670009BB26385238D013B23858DE735F08073F5
:103680008AD1DCE702208AE7806A836B0BB10022D3
:103690009A63C36B0BB100229A63FFF736BB90F8B5
:1036A00041007047406C7047024A136843F48073CE
:1036B0001360704700040058024B186800F4C060A3
:1036C000704700BF00040058024A936823F4004387
:1036D0009360704700040058054A136843F00703DD
:1036E0001360044A136943F00403136130BF704749
:1036F0000004005800ED00E04FF0B0431868C0F33C
:10370000404070474FF0B0431868C0F34000704726
:103710004FF0B042536823F47F4343EA00235360E1
:1037200070474FF0B0431868C0F340607047000026
:103730007FB54FF0B0432C4AD3F80831C0F30310E3
:1037400003F00F0352F82040284A52F82330B4FB0C
:10375000F3F4FFF7B1FF264B054693E80700B5F5F4
:10376000007F04AB03E9070010D0224B9C4218D322
:1037700003F5B70303F67F539C4229D903F574136D
:1037800003F510639C4225D802230BE01A4B9C42A0
:1037900007D91A4B9C421BD903F5370303F5D853BD
:1037A000F0E7002304AA02EB830353F80C4C144DFA
:1037B0002B6823F0070323432B60FDF76FFE0646BB
:1037C0002B6803F007039C4206D1002004B070BDB3
:1037D0000123E7E70024EAE7FDF760FE801B0228EB
:1037E000EED90320F2E700BF3C6602089C6602089F
:1037F00078600208C0CF6A00BFEA21013F9334021B
:10380000004000584FF0B04310B59A68D96812F0E4
:103810000C0205D00C2A4AD101F00303012B51D12F
:103820004FF0B0412B480B6813F0080306D00B682B
:1038300013F0080337D1D1F8941007E00C6824077F
:1038400056BFD1F894300968C3F3032350F82330EE
:10385000002A0CBF184600204FF0B0418A6802F0E1
:103860000C020C2A1ED1CA6802F00302022A2ED0D2
:10387000032A06D10B68184A13F4801F174B18BF90
:1038800013464FF0B042D068D168D268C0F306202A
:103890005843C1F302130133B0FBF3F0530F01336C
:1038A000B0FBF3F010BD0B68C3F30313CEE7042A9B
:1038B00005D0082A06D11B6813F4801305D00648EA
:1038C0000023C9E700231846C6E70448C4E7024BB3
:1038D000D7E700BF3C6602080024F4000048E80176
:1038E00008B5FFF78FFF4FF0B043044A9B68C3F35E
:1038F000031352F82330B0FBF3F008BD9C660208B6
:103900002DE9F0410446002853D04FF0B0439D68A4
:10391000DE680368990605F00C0506F0030668D515
:10392000026A1DB10C2D46D1012E44D1002A40D08F
:103930004FF0B043A16A1A68120756BFD3F894300B
:103940001B681B0903F0F00399421FD90846FFF7D3
:10395000EFFE00282DD14FF0B042136843F008036A
:1039600013601368A16A23F0F0030B431360606ACD
:10397000FFF7CEFEFFF7B4FFAC4B1860AC4B1868F6
:10398000FDF744FD002834D0BDE8F0814FF0B0428F
:10399000136843F008031360136823F0F0030B432C
:1039A0001360606AFFF7B4FE0846FFF7C1FE002807
:1039B000E0D00120E8E74FF0B043002A54D01A6865
:1039C00042F001021A60FDF769FD0746FFF79AFE13
:1039D000002842D04FF0B042136843F00803136050
:1039E0001368A16A23F0F0030B431360606AFFF7CA
:1039F0008FFE2368DF0748D42368980700F1A18071
:103A000023681E0740F1FC80A3694FF0B046002BED
:103A100000F0E380D6F89430E16903F0100291429F
:103A200000F0C68003F00302022AC2D0D80740F19A
:103A3000B580D6F8943023F00103C6F89430FDF732
:103A40002DFD0746D6F89430990740F1A780FDF781
:103A500025FDC31B112BF5D904E0FDF71FFDC01B8D
:103A60000228B3D903208FE71A6822F001021A60F6
:103A7000FDF714FD0746FFF745FE0028B9D0FDF716
:103A80000DFDC01B0228F6D9ECE7082D626803D0B3
:103A90000C2D1AD1032E18D1002A8AD09907AFD540
:103AA00023694FF0B046002B67D0336843F480732E
:103AB0003360FDF7F3FC074633685A0555D4FDF72C
:103AC000EDFCC31B022BF7D9CCE74FF0B043A06845
:103AD000196821F480110143B2F5803F196010D1BB
:103AE0001A6842F480321A60FDF7D8FC0746FFF7E7
:103AF00003FE002880D1FDF7D1FCC01B6428F6D955
:103B0000B0E7B2F5041F04D11A6842F400121A603B
:103B1000E6E7196821F480311960196821F4001171
:103B20001960002AE0D1FDF7B9FC0746FFF7E4FD74
:103B300000283FF461AFFDF7B1FCC01B6428F5D944
:103B400090E7042D03D00C2DAAD1022EA8D1236911
:103B5000002B3FF42EAF4FF0B0426169536823F061
:103B6000FE4343EA016353604AE77368626923F0E6
:103B7000FE4343EA0263736042E7336823F48073D1
:103B80003360FDF78BFC074633685B057FF538AF84
:103B9000FDF784FCC31B022BF6D963E74FF0B0425C
:103BA000E169D2F8943023F010030B43C2F894304B
:103BB0004FF0B047D7F8943043F00103C7F8943082
:103BC000FDF76CFC0646D7F894309A0718D4FDF739
:103BD00065FC831B112BF6D944E7D6F8943023F00B
:103BE0000103C6F89430FDF759FC0746D6F8943027
:103BF0009B0705D5FDF752FCC31B112BF6D931E706
:103C00002368580754D50B4F3B68D90514D4FFF7E8
:103C10004BFDFDF743FC06463B68DA050CD4FDF787
:103C20003DFC831B022BF7D91CE700BF400000209E
:103C30000400002000040058E3684FF0B046002B59
:103C400058D023F08003052B02BFD6F8903043F004
:103C50000403C6F890304FF0B046FDF71FFCD6F8CD
:103C6000903043F001030746C6F8903041F288389F
:103C7000D6F890309B0705D4FDF710FCC31B4345D5
:103C8000F6D9EFE6E36823F00403812B1BD1FDF79F
:103C900005FCD6F8903043F08003C6F89030074614
:103CA0004FF0B04641F28838D6F89030180504D568
:103CB000E36A002B4AD1002066E6FDF7EFFBC01B4C
:103CC0004045F1D9CEE6FDF7E9FBD6F8903023F078
:103CD0008003C6F8903007464FF0B04641F288386E
:103CE000D6F890301905E3D5FDF7D8FBC01B404549
:103CF000F6D9B7E6FDF7D2FBD6F8903023F0800373
:103D00000746C6F8903041F28838D6F890301A0548
:103D100016D4FDF7C3FBD6F8903023F00103C6F8A4
:103D2000903007464FF0B04841F28836D8F89030CE
:103D30009B07BDD5FDF7B2FBC31BB342F6D991E695
:103D4000FDF7ACFBC01B4045DFD98BE60C2D4ED0F8
:103D5000022B4FF0B0431A6822F080721A6033D100
:103D6000FDF79CFB0546FFF7DCFC38BBD4E90C31C2
:103D70004FF0B0420B43D0682D4901400B43E16B3B
:103D80000B43216C0B43616C0B43A16B43EA012392
:103D9000D360136843F080731360D36843F080539B
:103DA000D360FDF77BFB0446FFF7BBFC002882D104
:103DB000FDF774FB001B0A28F6D953E6FDF76EFBEE
:103DC000401B0A28CFD94DE6FDF768FB0446FFF7F4
:103DD000A8FC30B94FF0B042164BD1680B40D3600D
:103DE00069E7FDF75BFB001B0A28F0D93AE6012BD7
:103DF0003FF4DFAD4FF0B043D868236B00F003020F
:103E00009A427FF4D6AD626B00F0700393427FF468
:103E1000D0ADA26B00F4FE43B3EB022F7FF4C9AD2B
:103E2000636C00F06040C01A18BF0120ACE500BF11
:103E30008C80C111FCFFFEEE2DE9F0410D460446D9
:103E400010B90120BDE8F081684E336803F0070324
:103E50008B4216D323689A0727D54FF0B047A26844
:103E6000BB6823F0F0031343BB60FDF717FB064666
:103E7000BB68DB0319D4FDF711FB831B022BF7D9B9
:103E800011E0336823F007030B433360FDF706FBB3
:103E90000746336803F00703AB42DBD0FDF7FEFAB9
:103EA000C01B0228F5D90320CCE72368580617D594
:103EB0004FF0B0476269D7F8083123F00F0343EAA7
:103EC0001213C7F80831FDF7E9FA0646D7F80831AA
:103ED000D90305D4FDF7E2FA831B022BF6D9E2E7FA
:103EE00023685A0713D54FF0B047E268BB6823F444
:103EF000E0631343BB60FDF7D1FA0646BB689B0342
:103F000005D4FDF7CBFA831B022BF7D9CBE7236847
:103F1000180714D54FF0B0472269BB6823F46053EB
:103F200043EAC203BB60FDF7B9FA0646BB68590312
:103F300005D4FDF7B3FA831B022BF7D9B3E7236847
:103F4000DA070FD4294C236803F00703AB4239D8B2
:103F5000FFF7C6FC264B1860264BBDE8F0411868F9
:103F6000FDF754BA6268022A1DD1FFF7C5FB00288D
:103F70003FF467AF4FF0B04641F28838B36823F0A2
:103F800003031343B360FDF789FA0746B368626819
:103F900003F00C03B3EB820FD4D0FDF77FFAC01B04
:103FA0004045F3D97FE7032A02D1FFF7BAFBDEE7EA
:103FB00012B9FFF7A7FBDAE74FF0B0431B685B05C8
:103FC000D8D43EE7236823F007032B432360FDF793
:103FD00065FA0646236803F00703AB42B8D0FDF745
:103FE0005DFA801B0228F5D95DE700BF004000584C
:103FF000400000200400002008B5FFF703FC4FF04C
:10400000B043054AD3F8083103F00F0352F82330C8
:10401000B0FBF3F008BD00BF9C66020808B5FFF7CF
:104020005FFC4FF0B043044A9B68C3F3022352F88D
:104030002330D84008BD00BF7C66020808B5FFF7F2
:104040004FFC4FF0B043044A9B68C3F3C22352F8BD
:104050002330D84008BD00BF7C66020810B5D8B137
:10406000D1B14F234FF0B0420360936803F00C04CA
:10407000446003F0F004846003F4E06403F46053EC
:10408000C4600361D2F808311B01DBB24361034B0A
:104090001B6803F007030B6010BD00BF0040005811
:1040A0004FF0B0431868C0F3802070474FF0B04322
:1040B000D3F89000C0F3400070474FF0B043D3F8FE
:1040C0009400C0F3400070474FF0B0431868C0F34D
:1040D000C00070474FF0B04210B5D36803F003033F
:1040E000022B39D0032B10D0FFF7EEFF1B4C0146FB
:1040F00028BBFFF7E9FF012816BFD2F89410136818
:10410000C1F3032154F8213006E01368144A13F474
:10411000801F144B18BF13464FF0B042D068D168CF
:10412000D268C0F306204343C1F30211C2F34260D8
:1041300001310130B3FBF1F3B3FBF0F010BDFFF739
:10414000C3FF01280BBF1368D2F89430C3F30313E5
:10415000002354F82330DFE7014BDDE73C6602081B
:104160000024F4000048E801B0F5807F10B500F0AD
:104170008F8123D8202800F0FA800AD8022800F086
:10418000D680102800F09481012800F0A78000203C
:1041900010BD402800F057818028F8D14FF0B0447E
:1041A000B24AD4F888301B0903F4406343F4402337
:1041B000934200F0A48002F5806253E1B0F5804F95
:1041C00000F0E58027D8B0F5806F00F08981B0F568
:1041D000006F00F0A281B0F5007FD8D14FF0B0435E
:1041E000A34AD3F888301B0C03F00C0343F440239C
:1041F000934200F0DC80B3F10C1F22D0043A9342CA
:1042000040F06781FFF759FF0128C0D14FF0B0435C
:10421000D3F8943022E0B0F5004F25D0B0F5803FC0
:10422000B5D14FF0B042D2F8903003F44073B3F5FB
:10423000007F0DD0B3F5407F00F08581B3F5807F1E
:10424000A5D1FFF733FF441E60426041C0039FE7E2
:10425000FFF733FF01289AD1D2F89430D80654BF23
:104260004FF4FA40FA2093E74FF0B042D2F888308A
:1042700003F04043B3F1804FEAD0B3F1004FE0D0F8
:1042800033B91368990182D5BDE81040FFF722BF0A
:1042900013689A077FF57BAFFFF716FF7549024653
:1042A00068B9FFF711FF4FF0B043012816BFD3F8EC
:1042B00094201B68C2F3032251F8220068E7FFF73D
:1042C00003FF4FF0B04301280BBF1B68D3F89430B5
:1042D000C3F30313002351F8230059E74FF0B04311
:1042E000654AD3F8883003F0030343F44033934224
:1042F0005DD0B3F1031FA4D0013A934203D1BDE8CE
:104300001040FFF77FBAFFF77DFA4FF0B0435B49EB
:104310009A689B68C2F30312C3F3C22351F82220A8
:10432000B0FBF2F0564A52F82330D84030E74FF055
:10433000B0444F4AD4F8883003F00C0343F44023D0
:10434000934234D0B3F10C1F3FF47BAF043A934255
:10435000D5D0FFF757FAA268A3684849C2F3031201
:10436000C3F3022351F82220B0FBF2F0DAE74FF05A
:10437000B044D4F8883003F44063B3F5006F16D02E
:10438000B3F5406F3FF45DAFB3F5806FE0E74FF0FA
:10439000B042D2F8883003F04053B3F1005F0DD043
:1043A000B3F1405FABD0B3F1805F7FF4F0AEFFF7C5
:1043B00077FE01287FF4EBAE3248E9E613689B01F3
:1043C0007FF5E5AED36803F00303022B39D0032B4E
:1043D00010D0FFF779FE274C014628BBFFF774FE8B
:1043E000012816BFD2F894101368C1F3032154F8C2
:1043F000213006E01368234A13F4801F224B18BFB4
:1044000013464FF0B042D068D168D268C0F306209E
:104410005843C1F302130133B0FBF3F0C2F344433A
:104420000133B0FBF3F0B3E6FFF74EFE01280BBFFC
:104430001368D2F89430C3F30313002354F82330E5
:10444000DFE7104BDDE74FF0B044104AD4F8883076
:104450001B0903F4407343F4403393423FF44FAFDE
:1044600002F580729342A2D073E700BF00040C00F3
:1044700008000C003C660208020003009C6602086B
:104480007C6602080024F4000048E80100010300F3
:104490004FF0B0442D4AD4F888301B0903F4405340
:1044A00043F4401393423FF42AAF02F58052D9E718
:1044B0004FF0B043D3F8883003F44073B3F5007F76
:1044C0003FF475AFB3F5407F7FF4DEAE4BF680303E
:1044D0005EE6FFF797F94FF0B0439A689B683CE7B8
:1044E0004FF0B0441A4AD4F888301B0C03F0300364
:1044F00043F4401393423FF45AAFB3F1301F3FF4FB
:10450000A0AE103A93427FF424AFFFF7D6FD012806
:104510007FF43DAED4F89430A0E64FF0B0440D4A9D
:10452000D4F888301B0C03F0C00343F440039342DB
:104530003FF43DAFB3F1C01F3FF483AE403A934226
:104540007FF407AF5EE6044822E600BF00103000AB
:10455000200030008000C00040420F00704770B55E
:104560000446002866D0436A002B5FD14268B2F54A
:10457000827F00D0C3610023A36294F85D3003F012
:10458000FF0223B984F85C202046FFF7E7FF22688A
:10459000E068A668A169022384F85D30136823F0FF
:1045A00040031360B0F5E06F4FF000038ABF1D4673
:1045B0004FF48055B0F5706F18BFA362636806F4BE
:1045C000044603F482733343266906F0020633433C
:1045D000666906F00106334301F400763343E66969
:1045E00006F038063343266A06F080063343A66A8F
:1045F00006F4005633431360666B636A06F00806E0
:1046000003F0100300F470603343090C034301F01E
:1046100004010B432B435360D36923F40063D3613C
:1046200000200123206684F85D3070BD0023C0E9BE
:104630000433A0E70120F8E7704710B5044680B1C5
:104640000268022380F85D30136823F04003136092
:10465000FFF7F2FF0020206684F85C0084F85D001C
:1046600010BD0120FCE7022310B580F83D3003683F
:10467000196A41F211121142044608D1196A40F236
:104680004442114202BF1A6822F001021A60204619
:1046900002F0FFFC002084F8480084F83C0084F815
:1046A0003E0084F83F0084F8400084F8410084F81C
:1046B000420084F8430084F8440084F8450084F8FC
:1046C000460084F8470084F83D0010BD90F83D3066
:1046D000012B17D102230C4A80F83D300368934226
:1046E00002D0B3F1804F07D19968084A0A40062AE0
:1046F00006D0B2F5803F03D01A6842F001021A607A
:104700000020704701207047002C01400700010085
:104710000368196A41F21112114208D1196A40F274
:104720004442114202BF1A6822F001021A600123BA
:1047300080F83D30002070470368DA6822F00102FB
:10474000DA60196A41F21112114208D1196A40F275
:104750004442114202BF1A6822F001021A6001238A
:1047600080F83D300020704790F83C20012A034635
:104770004FF0020009D01A6883F83D005161002013
:10478000012283F83D2083F83C0070477047704752
:10479000036870B5DD681E69B20704460DD5A90728
:1047A0000BD56FF002021A61012202779B699A070A
:1047B00074D001F052FE00232377730710D56807E9
:1047C0000ED523686FF004021A61022222779B69DA
:1047D00013F4407F204667D001F03FFE002323778B
:1047E00031070FD52A070DD523686FF008021A612B
:1047F00004222277DB699B0720465BD001F02DFE67
:1048000000232377F00610D5E9060ED523686FF054
:1048100010021A6108222277DB6913F4407F2046D8
:104820004ED001F01AFE00232377F20708D5EB07DC
:1048300006D523686FF001021A61204601F0EAFDF7
:10484000300608D5290606D523686FF080021A6164
:10485000204600F002FAF20508D52B0606D523689B
:104860006FF480721A61204600F0F8F9700608D5DE
:10487000690606D523686FF040021A612046FFF7EB
:1048800086FFB20622D5AB0620D523686FF0200242
:1048900020461A61BDE8704000F0DEB901F0DBFD92
:1048A0002046FFF773FF86E701F0D5FD2046FFF7AE
:1048B0006DFF93E701F0CFFD2046FFF767FF9FE70D
:1048C00001F0C9FD2046FFF761FFACE770BD0000B5
:1048D0001B4A0368904202D0B0F1804F08D14A6869
:1048E00023F070031343CA6823F44073134306E0B4
:1048F000144A9042F7D002F580629042F3D04A69A0
:1049000023F08003134303608B68C3620B688362E8
:104910000B4B984207D003F5C053984203D003F5E0
:104920008063984201D10B690363012343610369EA
:10493000DB0742BF036923F001030361704700BF37
:10494000002C01400044014010B5044650B390F8DB
:104950003D3003F0FF021BB980F83C2002F072FBEF
:104960000223206884F83D30211DFFF7B1FF0123A9
:1049700084F84830002084F83E3084F83F3084F8D2
:10498000403084F8413084F8423084F8433084F871
:10499000443084F8453084F8463084F8473084F851
:1049A0003D3010BD0120FCE7036A01F01F0110B586
:1049B00001248C4023EA04030362036A8A401A43F9
:1049C000026210BD082908B525D00AD8A9B104296A
:1049D00019D090F84330012B13D1022380F84330D3
:1049E0002CE00C291FD01029F3D190F84230012B74
:1049F00007D1022380F8423020E090F83E30012BAE
:104A000019D0012043E090F83F30012BF9D1022367
:104A100080F83F3012E090F84030012BF1D10223B2
:104A200080F840300AE090F84130012BE9D10223B0
:104A300080F8413002E0022380F83E300068012215
:104A4000FFF7B2FF124B984214D003F5C0539842BF
:104A50000BD003F58063984207D0B0F1804F0DD0A2
:104A6000036843F00103036010E0436C43F4004328
:104A70004364F5E7436C43F4004343648268054BA9
:104A80001340062B02D0B3F5803FE9D1002008BDCA
:104A9000002C014007000100FFF794BF082910B562
:104AA00003465AD010D809B3042946D093F843409E
:104AB00093F84720012CE0B2D2B26FD1012A3BD14A
:104AC000022283F8432065E00C2956D01029EDD14D
:104AD00090F8424093F84720012CE0B2D2B25DD169
:104AE000012A29D1022283F8422053E090F83E4067
:104AF00093F84420012CE0B2D2B24FD1012A1BD14D
:104B0000022283F83E2083F8442018680122FFF730
:104B10004BFF234B984202D0B0F1804F07D18268FF
:104B2000204B1340062B06D0B3F5803F03D003681B
:104B300043F001030360002010BD90F83F4093F85C
:104B40004520012CE0B2D2B228D1012AF4D10222B0
:104B500083F83F2083F84520D7E790F8404093F84A
:104B60004620012CE0B2D2B218D1012AE4D10222AF
:104B700083F8402083F84620C7E790F8414093F837
:104B80004720012CE0B2D2B208D1012AD4D10222AE
:104B900083F84120022283F84720B6E70120CBE7C3
:104BA000002C014007000100036A01F01F0110B54D
:104BB00004248C4023EA04030362036A8A401A43F4
:104BC000026210BD08B529B990F84430012B1DD000
:104BD000012039E0042907D190F84530012BF7D1A5
:104BE000022380F8453014E0082907D090F84730B8
:104BF000012BEDD1022380F847300AE090F84630CF
:104C0000012BE5D1022380F8463002E0022380F830
:104C1000443000680422FFF7C7FF436C43F40043AD
:104C200043640A4B984202D0B0F1804F07D18268AA
:104C3000074B1340062B06D0B3F5803F03D0036823
:104C400043F001030360002008BD00BF002C0140B9
:104C500007000100FFF7B6BF7047704770470000BC
:104C600010B5026852E8003F23F4907342E8003127
:104C700002680029F5D10F4C02F1080353E8003F08
:104C8000234002F1080C4CE800310029F4D1C36E36
:104C9000012B07D152E8003F23F0100342E8003116
:104CA0000029F7D12023C0F88C300023C366436766
:104CB00010BD00BFFEFFFFEF026852E8003F23F087
:104CC000800342E8003102680029F5D152E8003F34
:104CD00043F0400342E800310029F7D17047D0F893
:104CE0008820212A034611D1B0F8562092B20AB981
:104CF000FFF7E2BF026D016812F8010B88621A65C6
:104D0000B3F85620013A92B2A3F856207047D0F873
:104D10008820212A034613D1B0F8562092B20AB94E
:104D2000FFF7CABF1A6D006832F8021BC1F3080111
:104D300081621A65B3F85620013A92B2A3F8562060
:104D40007047D0F88830212B10B51BD1B0F86A20FD
:104D5000C2B1B0F85610036889B2A1B903F10802D4
:104D600052E8002F22F4000203F1080040E800217D
:104D70000029F3D153E8002F42F0400243E800211C
:104D80000029F7D110BDD96909060AD5016D11F8BE
:104D9000014B9C62B0F856300165013B9BB2A0F814
:104DA0005630013A92B2D3E7D0F88830212B10B5B3
:104DB0001BD1B0F86A20C2B1B0F85610036889B2AE
:104DC000A1B903F1080252E8002F22F4000203F116
:104DD000080040E800210029F3D153E8002F42F0F9
:104DE000400243E800210029F7D110BDD969090626
:104DF0000CD5016D31F8024BC4F308049C62B0F885
:104E000056300165013B9BB2A0F85630013A92B290
:104E1000D1E77047D0F88830202B10B544D1002955
:104E200044D0002A42D0A0F85620A0F85420426E68
:104E300001650023C0F89030B2F1005F4FF021030C
:104E4000C0F888300268836819D1B3F5805F14D147
:104E50000469174B1749002C08BF0B46836702F102
:104E6000080353E8003F43F4000302F1080040E860
:104E700000310029F3D1002010BD0D4BEEE7B3F552
:104E8000805F0FD104690C4B0C49002C08BF0B4606
:104E9000836752E8003F43F0800342E80031002975
:104EA000F7D1E8E7044BF3E70220E5E70120E3E769
:104EB000434D0008A94D0008DF4C00080F4D0008C5
:104EC00008B5806A0023A0F85E30A0F8563002F0E2
:104ED00015FC08BD704700000368D9691A682DE900
:104EE000F04140F60F0631429D68044610D18E060F
:104EF00040F1978002F0200605F080573E4300F015
:104F00009080436F002B00F08580BDE8F04118478A
:104F1000AB4EAC482E401040304300F08280CF07AB
:104F200009D5D00507D501201862D4F8900040F0CB
:104F30000100C4F890008F0709D5E80707D50220C3
:104F40001862D4F8900040F00400C4F890004F07B5
:104F500009D5E80707D504201862D4F8900040F07E
:104F60000200C4F890000F070BD502F02000304378
:104F700007D008201862D4F8900040F00800C4F868
:104F800090000E050AD5500108D54FF40060186254
:104F9000D4F8903043F02003C4F89030D4F8903027
:104FA000002B37D08B0609D502F0200205F0805582
:104FB0002A4303D0636F0BB1204698472668D4F884
:104FC0009020B36802F0280203F0400353EA020580
:104FD000204621D0FFF744FEB3685F0617D522684C
:104FE00002F1080353E8003F23F04003083242E88F
:104FF00000310029F3D1D4F8800040B1724B8363B3
:10500000FCF7CCFF30B1D4F88000836B7DE72046FD
:1050100002F074FBBDE8F08102F070FBC4F8905020
:10502000F8E7E06E012840F08980CE0640F18680E6
:10503000D00640F1838010221A629A6851064BD53F
:10504000D4F8802011684A6892B2002AE2D0B4F8FD
:105050005C009042DED9A4F85E200A6892062FD444
:1050600053E8002F22F4807243E800210029F7D191
:1050700003F1080252E8002F22F0010203F10800B8
:1050800040E800210029F3D103F1080252E8002F83
:1050900022F0400203F1080040E800210029F3D18A
:1050A0002022C4F88C20E16653E8002F22F0100281
:1050B00043E800210029F7D1D4F88000FCF739FF3C
:1050C00002232367B4F85E30B4F85C10C91A89B2C1
:1050D0002046FFF7FFFE9DE7B4F85E20B4F85E00BF
:1050E000B4F85C1080B292B2002893D0891A89B2C9
:1050F00000298FD053E8002F22F4907243E800205B
:105100000028F7D1314D03F1080252E8002F2A4060
:1051100003F1080646E800200028F4D12022C4F854
:105120008C206067E06653E8002F22F0100243E80D
:1051300000200028F7D102232367C9E7CF0209D551
:105140006E0207D54FF4801220461A62BDE8F04186
:1051500002F01EBB08060BD502F0800005F4000526
:10516000284305D0A36F002B3FF454AF2046CCE674
:105170004F0611D556060FD553E8002F22F04002F6
:1051800043E800210029F7D12023C4F88830A16723
:10519000204602F0AFFA3DE70D0206D5500004D5D7
:1051A0002046BDE8F04100F032BECB017FF532AFC2
:1051B000002ABFF62FAF2046BDE8F04100F026BE22
:1051C0000100001020010004C14E0008FEFFFFEFA7
:1051D000D0F88C20B0F86010222A08B5036855D1A9
:1051E0005B6A826D0B401370836D01338365B0F889
:1051F0005E30013B9BB2A0F85E30B0F85E309BB2EF
:10520000002B42D1026852E8003F23F4907342E839
:10521000003103680029F5D103F1080252E8002F9C
:1052200022F0010203F1080C4CE800210029F3D11F
:105230002022C0F88C20184A41679342016705D1AB
:10524000C26E012A0ED002F051FA1EE05A68110215
:10525000F6D553E8002F22F0806243E800210029B0
:10526000F7D1EDE70022C26653E8002F22F01002CA
:1052700043E800210029F7D1DA69B0F85C10D206C2
:1052800044BF10221A62FFF725FE08BD9A6942F05A
:1052900008029A61F9E700BF00800040D0F88C2036
:1052A000B0F86010222A08B5036852D15A6A11403A
:1052B000826D22F8021B8265B0F85E20013A92B23C
:1052C000A0F85E20B0F85E2092B2002A40D153E8E8
:1052D000002F22F4907243E800210029F7D103F156
:1052E000080252E8002F22F0010203F1080C4CE8FA
:1052F00000210029F3D12022C0F88C20174A4167F1
:105300009342016705D1C26E012A0ED002F0EEF978
:105310001EE05A681102F6D553E8002F22F0806291
:1053200043E800210029F7D1EDE70022C26653E8E7
:10533000002F22F0100243E800210029F7D1DA699A
:10534000B0F85C10D20644BF10221A62FFF7C2FD0B
:1053500008BD9A6942F008029A61F9E700800040AE
:105360002DE9F84F0368B0F86060D3F81CB01F68EF
:105370009D68D0F88C20222A044640F0B980B0F80D
:10538000683043B1DFF87491DFF874A14FF0000882
:105390001BF0200F20D1B4F85E309BB2D3B1B4F82B
:1053A00068209A4216D9226802F1080353E8003FA8
:1053B00023F08053083242E8003122680029F2D1FC
:1053C000504B636752E8003F43F0200342E800314E
:1053D0000029F7D1BDE8F88F2368A26D5B6A3340DE
:1053E0001370A36D0133A365B4F85E30013B9BB22B
:1053F000A4F85E302368D3F81CB01BF0070F2ED042
:105400001BF0010F09D0F90507D501221A62D4F863
:10541000902042F00102C4F890201BF0020F09D046
:10542000EA0707D502221A62D4F8902042F004025B
:10543000C4F890201BF0040F09D0E80707D5042218
:105440001A62D4F8903043F00203C4F89030D4F8D4
:10545000903023B1204602F051F9C4F89080B4F89E
:105460005E309BB2002B93D1226852E8003F23F4B8
:10547000807342E8003123680029F5D103F1080266
:1054800052E8002F02EA090203F1080040E8002177
:105490000029F3D120225345C4F88C20616721678D
:1054A0000AD05A68110207D553E8002F22F0806213
:1054B00043E800210029F7D1E26E012A14D100222D
:1054C000E26653E8002F22F0100243E80021002991
:1054D000F7D1DA69B4F85C10D20644BF10221A6220
:1054E0002046FFF7F7FC53E7204602F0FFF84FE7AE
:1054F0009A6942F008029A616CE700BFFEFFFFEF75
:1055000000800040D15100082DE9F84F0368B0F841
:105510006060D3F81CB01F689D68D0F88C20222AE8
:10552000044640F0B780B0F8683043B1DFF87091BE
:10553000DFF870A14FF000081BF0200F20D1B4F865
:105540005E309BB2D3B1B4F868209A4216D9226873
:1055500002F1080353E8003F23F08053083242E889
:10556000003122680029F2D14F4B636752E8003FB7
:1055700043F0200342E800310029F7D1BDE8F88F5D
:105580002368A26D596A314022F8021BA265B4F863
:105590005E20013A92B2A4F85E20D3F81CB01BF052
:1055A000070F2ED01BF0010F09D0F90507D50122F6
:1055B0001A62D4F8902042F00102C4F890201BF047
:1055C000020F09D0EA0707D502221A62D4F8902008
:1055D00042F00402C4F890201BF0040F09D0E80741
:1055E00007D504221A62D4F8903043F00203C4F8BD
:1055F0009030D4F8903023B1204602F07FF8C4F800
:105600009080B4F85E309BB2002B95D1226852E8AE
:10561000003F23F4807342E8003123680029F5D16C
:1056200003F1080252E8002F02EA090203F1080020
:1056300040E800210029F3D120225345C4F88C20F2
:10564000616721670AD05A68110207D553E8002F15
:1056500022F0806243E800210029F7D1E26E012A9E
:1056600014D10022E26653E8002F22F0100243E832
:1056700000210029F7D1DA69B4F85C10D20644BFE2
:1056800010221A622046FFF725FC55E7204602F05B
:105690002DF851E79A6942F008029A616EE700BF5F
:1056A000FEFFFFEF008000409D52000810B590F80B
:1056B0008430012B1ED0012380F884302423C0F8CD
:1056C0008830026852E8003F23F00C0342E80034BF
:1056D0000168002CF5D151E8002F42F0080241E8A2
:1056E0000023002BF7D12022C0F8882080F88430D6
:1056F000184610BD0220FCE710B590F88430012B4D
:105700001ED0012380F884302423C0F8883002683A
:1057100052E8003F23F00C0342E800340168002CFB
:10572000F5D151E8002F42F0040241E80023002B9C
:10573000F7D12022C0F8882080F88430184610BDA8
:105740000220FCE7D0F88820D0F88C001043704786
:1057500038B5044603682169A2681D68C0690A4318
:1057600061690A437549024329400A431A605A682D
:10577000E16822F440520A435A60714AA169934297
:105780001CBF226A11439A6822F06E4222F43062F2
:105790000A439A60DA6A616A22F00F020A43DA6207
:1057A000684A934217D14FF0B043674AD3F8883024
:1057B00003F0030343F4403393425BD0B3F1031F80
:1057C00021D0013A934274D0B0F5004F40F0B08040
:1057D000FEF734FC31E05D4A934231D14FF0B043E3
:1057E0005B49D3F8883003F00C0343F440228A422B
:1057F00040D005D8E3B1574B9A425AD0012062E01D
:10580000B2F10C1FFAD1B0F5004F37D04FF4004081
:105810006368616A504A32F81120B0FBF2F000EB85
:105820005300B0FBF3F04FF6EF73A0F1100274E0F9
:10583000B0F5004F77D1FEF7F1FB002842D01DE014
:105840003F4A9342DAD14FF0B043D3F8883003F4A3
:105850004063B3F5006F3DD006D883B3B3F5806FD6
:10586000CCD1FDF7CFFF2CE0B3F5406FC6D14FF49C
:10587000004030E0B0F5004F3848C9D16268616A35
:10588000354B33F81130B0FBF3F0530803EB400312
:10589000B3FBF2F34FF6EF72A3F110019142ADD8D2
:1058A00023F00F02216892B2C3F342031343CB608B
:1058B00008E0B0F5004F3ED1FDF7A4FFBDE7FEF7CD
:1058C000ADFB40B900204FF00113A3660023C4E9EB
:1058D0001D3338BD214865681F4B626A05EB4501E1
:1058E00033F81220B0FBF2F3994287D8B3EB053FAF
:1058F00084D800231946FBF7A7FC090241EA10618E
:105900006B080002C0182A464FF0000341F1000165
:10591000FBF79AFC124BA0F540729A423FF66EAF2D
:105920002368D860CEE7FEF779FB0028CAD06FE77E
:10593000FEF784FBF9E7FDF765FFF6E7F369FFCFB4
:105940000080004000380140020003000044004095
:1059500008000C0004000C00406502080024F4005C
:10596000FFFC0F00836A1A0710B506D50168846B27
:105970004A6822F4004222434A60DC0706D50168E7
:10598000C46A4A6822F4003222434A60990706D565
:105990000168046B4A6822F4803222434A605A0745
:1059A00006D50168446B4A6822F4802222434A608B
:1059B000DC0606D50168C46B8A6822F48052224353
:1059C0008A60990606D50168046C8A6822F4005240
:1059D00022438A605A060FD50168446C4A6822F453
:1059E00080122243B4F5801F4A6005D14A68846C56
:1059F00022F4C00222434A601B0606D50268C16C2D
:105A0000536823F400230B43536010BD2DE9F84382
:105A1000DDF8209005460E46174698462A68D36959
:105A200036EA03030CBF01230023BB4201D0002050
:105A300029E0B9F1FF3FF2D0FBF730FDA0EB080001
:105A400048452C6802D8B9F1000F1ED154E8003F38
:105A500023F4D07344E80032002AF7D104F108039C
:105A600053E8003F23F0010304F1080141E800324C
:105A7000002AF3D12023C5F88830C5F88C300023E4
:105A800085F884300320BDE8F88323685A07C5D51C
:105A9000802EC3D0402EC1D0E3691B05BED54FF484
:105AA0000063236254E8003F23F4D07344E80032DB
:105AB000002AF7D104F1080353E8003F23F0010363
:105AC00004F1080141E80032002AF3D12023C5F88F
:105AD0008830C5F88C30C5F89030D0E72DE9F74311
:105AE0009846D0F88830202B04460E46174643D1FE
:105AF000002943D0002A41D021230025C0F890502E
:105B0000C0F88830FBF7CAFCA368A4F85470B3F55A
:105B1000805F8146A4F8567003D123690BB93546DE
:105B20001E46B4F85620CDF8008092B24B4642B9DA
:105B300040212046FFF76AFF48B92023C4F8883087
:105B400006E0002280212046FFF760FF18B1032005
:105B500003B0BDE8F08322685EB935F8023BC3F3B9
:105B600008039362B4F85620013A92B2A4F8562082
:105B7000D7E716F8013BF4E70220E9E70120E7E761
:105B800073B504460026C0F89060FBF787FC2368D5
:105B90001B681A07054619D423681B685B070AD5DA
:105BA0006FF07E43009300222B464FF48001204685
:105BB000FFF72CFFB0B900202023C4F8883084F808
:105BC0008400C4F88C30E06620670CE06FF07E4300
:105BD0000093324603464FF400112046FFF716FFAC
:105BE0000028D9D0032002B070BD10B5044650B3D0
:105BF000D0F888301BB980F88430FFF70AF92268A2
:105C00002423C4F88830136823F001031360A36AC7
:105C100013B12046FFF7A6FE2046FFF799FD0128A5
:105C200011D023685A6822F490425A609A6822F090
:105C30002A029A601A6842F0010220461A60BDE802
:105C40001040FFF79DBF012010BD10B5044670B392
:105C5000D0F888301BB980F88430FFF7DAF8226872
:105C60002423C4F88830136823F001031360A36A67
:105C700013B12046FFF776FE2046FFF769FD0128A5
:105C800015D023685A6822F490425A609A6822F02C
:105C900022029A609A6842F008029A601A6842F0FA
:105CA000010220461A60BDE81040FFF769BF0120DD
:105CB00010BD000030B581658168A0F85C2000232C
:105CC000B1F5805FA0F85E20436731D10369002BF6
:105CD00040F2FF1318BFFF23A0F860300023C0F884
:105CE00090302223C0F88C30016801F1080353E89A
:105CF000003F43F00103083141E800340368002C01
:105D0000F2D1456E84680169B5F1005F35D1B0F814
:105D10006850954231D8B4F5805F29D1C1B1264A87
:105D2000426753E8002F42F4807243E8002121E0EB
:105D300029B90369002B14BF7F23FF23CCE7B1F1FE
:105D4000805FC9D10369002B14BF3F237F23C3E7C2
:105D50001A4A426703F1080252E8002F42F08052CB
:105D600003F1080040E800210029F3D1002030BDF4
:105D7000114A42670029D4D1ECE7B4F5805F16D10F
:105D800051B10F4A426753E8002F42F4907243E842
:105D900000210029F7D1E9E70A4A426753E8002FBA
:105DA00042F0200243E800210029F7D1DEE7044A4F
:105DB00042670029F2D0E6E7615300080955000860
:105DC000D15100089D520008D0F88C30202B30B4FF
:105DD00015D1B9B1B2B100230468C3660A4B9C4225
:105DE0000AD063681B0207D554E8003F43F0806384
:105DF00044E80035002DF7D130BCFFF75BBF02202F
:105E000030BC70470120FBE70080004070477047BE
:105E100090F88430012B0FD0012380F88430016882
:105E200051E8002F42F0020241E80023002BF6D196
:105E300080F88430184670470220704790F884300C
:105E4000012B0FD0012380F88430016851E8002F26
:105E500022F0020241E80023002BF6D180F88430C2
:105E60001846704702207047836810B504462BB16E
:105E70000322014698470023C4E9023310BD83681A
:105E800010B5044613B1032201469847204610BDC1
:105E900010B5044650F8103FDA6822F00102DA60CB
:105EA000DA6822F00202DA60DA6822F00402DA60CC
:105EB000DA6822F00802DA60DA6822F01002DA60AA
:105EC000FEF726FC2269136823F001031360012307
:105ED00084F84E3084F84F3084F8503084F85130D4
:105EE00084F8523084F8533084F8543084F85530B4
:105EF00084F8563084F8573010BD4B1E032B00D960
:105F0000FEE78900081F70470139435C13F0100059
:105F100004D0022916D80C4A32F81100DB0712D53A
:105F200003290FD8DFE801F00205080B40F001005B
:105F3000704740F01000704740F48070704740F4A4
:105F400080507047FEE770476065020801390329F9
:105F500000D9FEE7014B585C704700BF5C65020842
:105F60000139032900D9FEE7014B585C704700BF97
:105F7000586502082DE9F04104460E46FFF7BDFFC3
:105F800004EB061808F16408054631462046FFF781
:105F9000DDFFD8F808302BB12369C2431A61DA68F3
:105FA0000243DA60771E04EB47039B880B2B49D82A
:105FB000DFE803F051181818060618184A4A4A2A4A
:105FC000E35DDE0604D5294604F11000FEF742FE2B
:105FD000E35DD80736D5294604F11000BDE8F0414D
:105FE000FEF75ABDE35DD90604D5294604F1100039
:105FF000FEF7E8FDE35DDA0724D5294604F1100039
:10600000BDE8F041FEF7DEBC294604F11000FEF7C2
:1060100045FD31462046FFF7A3FF256901460646A8
:106020002046FFF771FF2B6A1843D8F80830286222
:1060300043B131462046FFF789FFC3432B61EB682C
:106040001843E860BDE8F081294604F11000BDE87E
:10605000F041FEF723BD23691B68DB07F2D404F18E
:106060001000BDE8F041FEF731BB70B501250446D4
:10607000861C294636F8023F23B129462046FFF701
:1060800079FF00210135052DF4D1E36E3BB1236981
:106090006FF001021A61DA6842F00102DA6049B178
:1060A00023691B68DB0705D404F11000BDE87040CC
:1060B000FEF70CBB70BD01211030FEF755BB036924
:1060C000186800F00100704710B502460C46FFF753
:1060D000F6FF80B9CB68DB070ED5CB6823F0010350
:1060E000CB601046FFF7E7FF6FF001032361E36821
:1060F00043F00103E36010BDBDE810401046FFF718
:10610000DABF00000B4B98420BD0B0F1804F0AD0A1
:1061100003F5C053984208D003F58063984206D037
:10612000FEE70020704701207047022070470320DF
:10613000704700BF002C0140024670B5044652F87B
:10614000100FFFF7DFFF0546104600F00DFF094A6C
:10615000002342F8253004F16406E36004F1B4053D
:10616000B54204D0103D2846FFF789FEF8E72046E7
:1061700070BD00BF8803002070B504460846FFF7D5
:10618000C1FF256905B1FEE7204B216104F10C0236
:1061900043F8202004F110060E23C4E917353046D9
:1061A000C4E90C55C4E90E55C4E9105584F82C50C7
:1061B000A56484F84C5084F84D50E46000F0A8FECB
:1061C00004F16400FFF750FE04F17400FFF74CFE89
:1061D00004F18400FFF748FE04F19400FFF744FE49
:1061E00004F1A400FFF740FEC4E900554FF6FF7329
:1061F000C4E906538023C4E90855A5606561A3621C
:106200003046BDE87040FEF79FBB00BF880300200A
:1062100010B588B018220446002102A81DF00DFF19
:10622000002301A902A80193FDF718FF206900F0DF
:1062300041FF012802D002280FD0FEE7059CFDF7A0
:10624000EDFEB4F5C06F05D00BD824F48074B4F51E
:10625000806F00D1400008B010BD069CFDF7EEFE37
:10626000EFE7B4F5E06FF4E7012A38B505460C46D0
:106270000BD0022A16D004B1013C29692846CC6211
:10628000EC61BDE83840FFF71FBFFFF7C1FF084BC7
:10629000B0FBF3F044432A69230C93620133B4FB4F
:1062A000F3F4E8E7FFF7B4FFB0FBF4F4F3E700BF63
:1062B00040420F0010B500F110042046FEF73CFAF2
:1062C0002046BDE81040FEF7CEB90000034B186829
:1062D00010B10430FEF75CBA704700BF880300209D
:1062E000FFF7F4BF034B586810B10430FEF750BA03
:1062F000704700BF88030020034B986810B104303A
:10630000FEF746BA704700BF88030020034BD868E9
:1063100010B10430FEF73CBA704700BF880300207C
:106320000022C0E90022C0E902227047F8B5044605
:106330000E4600F1640500F1B40728461035FFF75A
:10634000EFFFBD42F9D10023204623613146FFF71C
:1063500013FF2046F8BD38B50023C0E90033C0E97B
:1063600002338B6804460D462BB102229847EB6836
:10637000E360AB68A360204638BD30B587B002AD9E
:1063800004462846FFF7E7FF95E803006B4683E8DD
:10639000030094E8030085E8030093E80300049BEE
:1063A000A268A360059B049284E80300E268E360AE
:1063B00028460592FFF763FD07B030BD38B50446A7
:1063C0000D46E36E64301BB1BDE83840FFF7D5BF22
:1063D000FFF7D3FFAB683BB123696FF001021A618D
:1063E000DA6842F00102DA6038BD826810B50AB995
:1063F0001AF0F0F8BDE81040C368184708B500B9B6
:10640000FEE700F083FD0068C36E13B16430FFF750
:10641000ECFF08BDFFF7F2BF10B500B9FEE7037F40
:10642000013B072B10D8DFE803F004140F100F0F07
:106430000F12012400F06AFD240100686434204436
:1064400083680BB1FFF7D1FF10BD0324F2E70424EA
:10645000F0E70224EEE7FFF7DFBFFFF7DDBF1CF038
:106460009FBB1CF09DBB1CF0A3BB4FF0B04382B0A0
:10647000DA6C0243DA64DB6C03400193019B02B0E7
:106480007047000008B5032818D8DFE800F00208BC
:106490000D120120FFF7E9FF4FF0904008BD0220E8
:1064A000FFF7E3FF0648F9E70420FFF7DEFF0548A2
:1064B000F4E78020FFF7D9FF0348EFE70020EDE77E
:1064C0000004004800080048001C004808B50649C0
:1064D00000F0E4FCC0F3C430112800D9FEE7034B00
:1064E00053F8200008BD00BF486402087465020824
:1064F000A0F580500138022800D9FEE7014B53F87F
:10650000200070476865020808B5054900F0C6FC20
:10651000C0F3C430012800D0FEE7002008BD00BF52
:10652000306402080268094B9A420DD14FF0B04323
:106530009A6B42F000529A639A6B22F000529A636F
:106540009A6D22F000529A65704700BF00740040B7
:1065500010B50A4986B0044600F07EFC019050B1A7
:106560002046FFF7D1FF014628B901A8FBF7D3FC6D
:1065700001A8FBF7C2FC06B010BD00BF30640208E2
:106580004FF0B04382B01A6E42F400721A661A6E6F
:1065900002F400720192019AD3F8882042F040522E
:1065A000C3F88820044B1868C30403D4034902B01D
:1065B00000F03ABC02B0704718000020486402089E
:1065C0004FF0B0431A6C42F400721A641A6C22F451
:1065D00000721A641A6C42F400721A641A6C22F483
:1065E00000721A641A6E22F400721A667047000074
:1065F000F0B59FB0054664220E4605A800211DF0A7
:106600001CFD0023EA04CDE902330493ADF8023007
:10661000019340F1AC8041F203039D4200F2A78058
:106620005D4B05932846FFF763FF07270446082EB6
:1066300000F0AE800A2E00F0AD80062E0CBF1823AD
:1066400000234FF00042CDE906230023CDE90832B4
:106650000422CDE90E330A92ADF82C3001228DF8D8
:106660002E308DF834308DF840308DF8503018933E
:106670001B9319938DF86830484B0C9205A84FF482
:106680008052CDE9112713971D60FAF711FF0028FA
:1066900079D1012C029435D0414B9C4232D0414BF0
:1066A0009C422FD0404B9C422CD0404B9C4229D046
:1066B0003F4B9C4226D03F4B9C4223D03E4B9C42BA
:1066C00020D03E4B9C421DD03D4B9C421AD03D4BAE
:1066D0009C4217D003F104239C4213D03A4A24F081
:1066E000004393420ED0394A93420BD0384A93422A
:1066F00008D0384A944205D0374A944202D0374AEB
:10670000934240D1012302A905A8CDE90337FBF745
:106710002DF8002837D105A8FBF762FA002832D1FE
:1067200005A8FBF785F970BB0A2105A8FAF7C0FF99
:1067300048BB05A8FBF7F2F8830505D505A8FBF7CC
:1067400011F880B2ADF8020005A8FBF72BFAD0B91A
:1067500005A8FBF7D1F9B0B9214AD2F8083723F0E0
:10676000E073C2F80837BDF8020080B20CE01D49A2
:10677000284600F071FB01A905902846FFF7A6FE08
:10678000059B044613B900201FB0F0BD03274EE758
:10679000102356E7082354E7002401401800002086
:1067A00002000004040000080800000C10000010A3
:1067B00020000014400000188000001C0001002090
:1067C00000020024000400280010003000200034E3
:1067D000004000380080003C0000014000000244FE
:1067E0000020014048640208F8B51449144E0746D9
:1067F00000F032FBFFF786FC56F82030044673B9F0
:10680000B420FFF72CFE0D490546384600F024FB66
:1068100001462846FFF78AFD56F824301D6056F8D9
:1068200024301C6844B12046FFF786FC2046B42182
:10683000BDE8F840FFF717BEF8BD00BFBC62020814
:106840008803002037B5FAF729FE4FF0E02504460B
:10685000AB690093FAF722FEAB6901936969844240
:1068600001F101014FF47A7308D0019A8A1A5A4350
:10687000B2FBF1F203FB002003B030BD009A8A1A8C
:106880005A43B2FBF1F203FB0420F5E7FAF706BE28
:10689000704708B5FAF7F6FDFBF7C7FAFFF7F8FF00
:1068A00008BD10B594B048220021044602A81DF08E
:1068B000C4FBFCF7F9FE4FF0B0439A6D42F48062DE
:1068C0009A659A6D02F480620192019A032C11D8A4
:1068D000DFE804F00219283DD3F8942042F00102C9
:1068E000C3F89420D3F894309C0703D40823029370
:1068F00001230893029B002B3AD002A8FDF700F871
:10690000002835D0FEE71A6842F480721A601B68CE
:106910005905EFD4022302934FF480724023CDE94E
:106920000623E7E7D3F8902042F00102C3F8902055
:10693000D3F890209407DDD4D3F8902022F01802E9
:10694000C3F890200423029381230593D2E71A68A9
:1069500042F400121A601A6842F480321A601B680E
:1069600099035EBF01224FF40413CDE90223C1E76E
:1069700014B010BD70474FF0B04382B01A6D42F4AE
:1069800000221A651A6D02F400220192019A9A6C93
:1069900042F480529A649B6C03F480530093009BF2
:1069A00002B070470C4BD3F8FC20D2015EBFD3F885
:1069B000FC2042F08072C3F8FC20084B00225A6091
:1069C0001A6842F001021A6000BF00BF00BF586899
:1069D000B0FA80F04009704700ED00E0001000E0E0
:1069E00008B5FFF7C8FFFFF7DDFFFAF735FDFFF742
:1069F000C1FFFAF7C5FCBDE808400148FBF71ABA29
:106A00001C000020012A02D1016000207047022AE8
:106A100005D0032AF9D0002AF7D10260F5E70B6808
:106A20000360F2E7036818470023C0E90033C0E9B8
:106A30000233704770B50024012904F101032CD101
:106A4000184DE4B2142161436E18F3683BB1043170
:106A500029440322084698470023C6E90333142338
:106A600063430022E8560F4B93F90010814201D195
:106A7000D968A9B90132102A03F11403F4D10A4AE2
:106A80000A49D2F8803051F8241023EA0103BDE806
:106A90007040C2F88030FBF781B949081C46CBE74B
:106AA00070BD00BF9803002000080058BC650208B4
:106AB0000023012803F101020AD11422DBB253435F
:106AC000054A181D1044816829B11A4413691847F2
:106AD00040081346EDE77047980300200120FBF7BC
:106AE00041BC0220FBF73EBC0420FBF73BBC082066
:106AF000FBF738BC1020FBF735BC38B50524202542
:106B0000A8B2FBF72FFC013C4FEA4505F8D138BD90
:106B100038B506244FF48065A8B2FBF723FC013C8E
:106B20004FEA4505F8D138BD2DE9F04116468CB045
:106B30000A460024012A04F1010543D1E4B26200AF
:106B4000CDE90713C168DFF88480032393400B402D
:106B5000D34003F0030303AD099307A902230A936B
:106B6000FBF74CFB1423314628465C43FFF7F3FB4D
:106B700095E8030008EB040301AA043382E803004C
:106B800093E8030085E8030092E80300271D83E8EB
:106B900003004744059BBA68BB60069B05922846E4
:106BA000FA68FB600692FFF76AF918F90400002200
:106BB0000621FBF7B3F818F90400FBF7E1F80CB075
:106BC000BDE8F08152082C46B4E700BF98030020CE
:106BD000344A104608B5062300F8043BFFF724FFAB
:106BE000072302F118001375FFF71EFF082302F1B7
:106BF0002C0082F82830FFF717FF092302F140002C
:106C000082F83C30FFF710FF0A2302F1540082F8AB
:106C100050301621FFF708FF02F1680082F8641077
:106C2000FFF702FF02F17C0082F87810FFF7FCFE0C
:106C300002F1900082F88C10FFF7F6FE02F1A4003A
:106C400082F8A010FFF7F0FE02F1B80082F8B4104D
:106C50002921FFF7E9FE02F1CC0082F8C810FFF706
:106C6000E3FE02F1E00082F8DC10FFF7DDFE02F146
:106C7000F40082F8F010FFF7D7FE02F5847082F876
:106C80000411FFF7D1FE02F58E7082F81811FFF79C
:106C9000CBFEBDE8084002F5987082F82C11FFF792
:106CA000C3BE00BF9803002038B5054CA4F5A075FD
:106CB000143C201DFFF7E3F8AC42F9D138BD00BF0A
:106CC000D804002030B591FAA1F391FAA1F1B3FAFA
:106CD00083F3C4685B000325B1FA81F105FA03F37D
:106CE000490024EA03038A401A43C26030BD431CB2
:106CF00004D00C3151F80C3C5A1C01D100207047D3
:106D0000834201F10C01F5D101207047F8B5471C11
:106D100006460D4600D1FEE700F00F02414BC0F3DE
:106D2000031053F82240FFF7ADFB94FAA4F3B3FA33
:106D300083F3876803225B0002FA03F394FAA4F258
:106D4000B2FA82F227EA03075200032393403B433F
:106D500005F007018360032903D8DFE801F05F0332
:106D60002C61FEE7012394FAA4F2B2FA82F20668DB
:106D70005200032707FA02F226EA020694FAA4F266
:106D8000B2FA82F252009340013933430129036081
:106D900005D843682A074CBF2343A3434360C5F388
:106DA0000112012A02D0022A18BF00222146BDE8A2
:106DB000F840FFF787BFC5F306227F2A01D10223DF
:106DC000D1E7360716D5230A93FAA3F6B6FA86F664
:106DD000476A93FAA3F3B6004FF00F0CB3FA83F3AC
:106DE0000CFA06F69B0027EA060602FA03F3334381
:106DF0004362E4E794FAA4F3B3FA83F3066A9B00D0
:106E00000F2707FA03F326EA030694FAA4F3B3FA6A
:106E100083F39B009A4032430262D0E70023A2E74B
:106E20000323A0E7FC650208431C06D17047834298
:106E300002D18968FFF76ABF0C310B685A1CF6D182
:106E4000FEE70B685A1C01D100207047834201D134
:106E5000486870470C31F4E7431C01D0FFF7F1BFDD
:106E6000002070474B6813B94FF0FF3070478342E2
:106E700001D1086870470C31F4E708B1FFF7F2BFA1
:106E80004FF0FF30704703460868421C00D170473E
:106E9000984201D1886870470C31F5E7431C01D056
:106EA000FFF7F1BF704703468B42084604D01BB181
:106EB00000290CBF18460020704700004FF0B04377
:106EC0001A6842F061021A604FF4E0229A6061226F
:106ED0001A60064ADA6000229A6140F23F321A6272
:106EE000034B4FF000629A60704700BF000104221C
:106EF00000ED00E04FF0B04382B01A6E02431A6614
:106F00001B6E03400193019B02B070470438704729
:106F10000368124A934282B004D14FF4006002B079
:106F2000FFF7E8BFB3F1804F0CD14FF0B0439A6D3B
:106F300042F001029A659B6D03F001030193019BEE
:106F400002B07047064A934202D14FF40030E6E7A0
:106F5000044A9342F4D14FF48020E0E7002C014032
:106F600000440140004801400368134A934206D19F
:106F70004FF0B042136E23F4006313667047B3F111
:106F8000804F06D14FF0B042936D23F0010393651B
:106F900070470A4A934205D14FF0B042136E23F472
:106FA0000033EAE7064A9342E8D14FF0B042136E4D
:106FB00023F48023E1E700BF002C0140004401409E
:106FC00000480140431C10D00C4B984210D007D809
:106FD000B0F1804F0ED0A3F5C05398420CD0FEE71D
:106FE000074B9842FBD11D2070476FF00D00704792
:106FF0001C2070471B207047182070470044014038
:1070000000480140431C10D00C4B984210D007D8C8
:10701000B0F1804F0ED0A3F5C05398420CD0FEE7DC
:10702000074B9842FBD11D2070476FF00D00704751
:107030001C2070471B2070471A20704700440140F5
:107040000048014038B50446FFF762FF2068FFF7AB
:10705000B9FFD4E91312FAF761FE2068FFF7B2FF17
:10706000FAF78EFE22681046FFF7CCFF0546104661
:10707000FFF7A8FF85420BD02846D4E91312FAF790
:107080004DFE2068FFF7BEFFBDE83840FAF778BE36
:1070900038BD10B5FFF768FF04460068FFF792FFA0
:1070A000FAF77CFE2068FFF7ADFFBDE81040FAF765
:1070B00075BE0000431C10D00A4B98420BD003D879
:1070C000B0F1804F0BD0FEE7074B984203D003F599
:1070D00080639842F7D1022070470020704701205A
:1070E000704700BF002C0140004401404FF0B04207
:1070F000D2F8883023F440630343C2F888307047E5
:107100002DE9F04F89B0CDE901230446129BD0F858
:10711000A00003938B46B449FFF79EFEB349824615
:10712000D4F8A400FFF798FEB1490646D4F8A800A9
:10713000FFF792FEAF490746D4F8AC00FFF78CFE8C
:10714000AA498046D4F8A000FFF786FEA6498146EA
:10715000D4F8A400FFF780FE0546BAF1000F03D172
:10716000B9F1000F00F03A81D4F8A430013303D014
:1071700016B9002D00F03281D4F8A830013302D0C6
:10718000002F00F02B81D4F8AC30013303D0B8F1DC
:10719000000F00F0238131465046FFF784FE206047
:1071A00020B929464846FFF77EFE20603946206810
:1071B000FFF779FE41462060FFF775FE206000284A
:1071C00000F00C818C4B984240F0A1804FF0B0430E
:1071D0001A6C42F480421A641A6C22F480421A64D7
:1071E0001A6E42F480421A661B6E03F480430593C4
:1071F000059B2423A4F8B030BAF1000F00F0BA8048
:107200007949D4F8A000FFF70FFE26B17749D4F8EA
:10721000A400FFF709FE4FF00009002F00F0BC802A
:107220007349D4F8A800FFF7FFFD4FF4807AB8F156
:10723000000F06D06F49D4F8AC004AF4007AFFF78B
:10724000F3FD94F8B1206D4B94F9B000C4F83C9074
:10725000271D43F822702368C4E9013B019BE360CA
:10726000039B2361029B63610C230022C4E9063A5D
:107270000823E362226262620121FAF74FFDD4F82B
:1072800000805F4B984538D1BBF5165F384600F259
:107290008580FEF7BDFD3846002E00F09380FEF796
:1072A000A4FC002800F09A800220FFF7FAFA4FF0C1
:1072B000B043D3F890309B0700F1A6804FF0B04365
:1072C00022681B68590500F1D58022684C4B9A4210
:1072D00002D10020FFF70AFF16B9002D00F0BB8095
:1072E0003846FEF782FC002878D02268444B9A4248
:1072F00003D14FF48060FFF7F9FE16B9002D00F0BE
:10730000B380384609B0BDE8F04FFEF76EBC3D4B88
:10731000984215D14FF0B0439A6B42F400329A6311
:107320009A6B22F400329A639A6D42F400329A65A5
:107330009B6D03F400330693069B40F2251359E737
:107340002F4B98427FF458AF4FF0B043DA6B42F0C6
:107350000102DA63DA6B22F00102DA63DA6D42F0DD
:107360000102DA65DB6D03F001030793079B40F22E
:1073700026233FE7B9F1000F3FF44DAF1B49D4F886
:10738000A000FFF751FD25B11749D4F8A400FFF77D
:107390004BFD4FF4004940E7BA4648E7FEF74EFD83
:1073A0003846AEB1FEF721FCC0B14FF0B0431A68C9
:1073B0002368500589D5434562D14FF40060FFF73B
:1073C00095FE5AE0002D7FF46AAFFEF73EFC68E7B9
:1073D0003DB9FEF73AFC00287FF470AF09B0BDE874
:1073E000F08FFEF702FCF6E77462020820620208E2
:1073F00008620208F061020800380140D804002049
:1074000000800040004400402268234B9A4203D190
:107410004FF44060FFF76AFE3846002EE1D1002DA0
:10742000DFD1FEF712FC0028D8D04FF0B04322681D
:107430001B685B057FF549AF174B9A42BDD03846B4
:10744000FEF703FC0028C9D02268134B9A4202D1F0
:107450000020FFF74BFE3846FEF7F7FB0028BDD0B3
:1074600022680D4B9A4212D0384609B0BDE8F04F61
:10747000FEF7EBBB084B9A429FD00EB9002DDED031
:107480003846FEF7B2FB00287FF41FAFA6E74FF4A3
:107490008060FFF72BFEE7E70080004010B4019CFE
:1074A00018B1019410BCFFF72BBE10BC7047000050
:1074B000094B13B55C6909492046FFF7CDFC48B17B
:1074C00007480023C0F8A0401A4600934FF4165115
:1074D000FFF716FE02B010BDD46402087462020801
:1074E0004400002008B5074B90F8B12053F8220063
:1074F000FEF728F900F02200A0F12203584258417B
:1075000008BD00BFD804002008B5074B90F8B12093
:1075100053F82200FEF716F900F02100A0F1210334
:107520005842584108BD00BFD80400202DE9F0475B
:107530002B4C06460D46F9F7B1FF94F8B130022BFB
:10754000074613D894F8B120264B53F82240A4F1F3
:1075500004084046FFF7D8FFD0BB4FF47A73AAB2B5
:1075600031462046FEF7BAFA40B908E01E4B1F49E3
:10757000D3F814804046FFF76FFC18BB002528465F
:10758000BDE8F0875AF8233043B994F8B13001339D
:10759000DBB2022B84F8B130F4D90CE04946404606
:1075A000FFF75AFC94F8B1205AF822301B68834246
:1075B000EBD1022AC6D9FFF77BFF94F8B130022B3A
:1075C000C0D9DBE7DFF81CA0DFF820900023E0E75C
:1075D000F9F764FFC01BB0F57A7FBAD3CEE700BFDE
:1075E00044000020D8040020D46402087462020819
:1075F00070B50E46054610B94FF0FF3070BDFFF76D
:1076000071FF04460028F7D12946012211F8B23F44
:10761000337095F8B100034B53F82000FEF7D4FB0C
:107620002046EBE7D804002038B50D460446C0B12B
:10763000FFF758FFA8B994F9B000C4F89850FAF7CA
:10764000ADFB94F8B100074B04F1B20153F82000F0
:107650000122FEF7B9FB94F9B000BDE83840FAF713
:107660008FBB38BDD804002038B515460446C8B1D4
:10767000C0F89C1090F9B000FAF790FBD4F8B8303D
:10768000B4F8C21094F8B10013FA81F1064BAAB213
:1076900053F82000FDF7BEFB94F9B000BDE8384078
:1076A000FAF76EBB38BD00BFD804002050B1D0F847
:1076B000A430013306D190F8B120034B53F82200D7
:1076C000FDF7F4BF704700BFD804002050B1D0F8D8
:1076D000A430013306D190F8B120034B53F82200B7
:1076E000FEF70AB8704700BFD8040020D0F89430E5
:1076F00004381847D0F898300438184710B50446B5
:1077000050F80439DA69D1070CD501221A62FFF763
:10771000E9FEB0B904F1AE0120460122BDE81040F7
:10772000FEF752BBDA69920701D50222EEE7DA6969
:10773000510701D50422E9E7DA691207E7D50822E3
:10774000E4E710BD08B52420FAF760FB024B186887
:10775000BDE80840FDF7C0BBD804002008B52520CF
:10776000FAF754FB034B586818B1BDE80840FDF721
:10777000B3BB08BDD804002008B52620FAF746FBA5
:10778000024B9868BDE80840FDF7A6BBD80400206E
:10779000012200F1AE01FEF717BB00000A490346C3
:1077A000086810B50344EFF30882934205D9074BEC
:1077B0000C221A604FF0FF3010BD054A054C121B19
:1077C0009342F4D20B60F7E70C010020103B00203D
:1077D00000000120000400004FF0FF3070474FF41C
:1077E00000534B6000207047012070470020704715
:1077F00000207047FEE70000024B16221A604FF08F
:10780000FF307047103B0020012070470048704750
:1078100080EE36007047704770477047704700230E
:107820000B707047704770477047D0F8F80070478A
:1078300090F87101704790F872314FF47A605843B4
:10784000704790F86B01704700487047DC6602088B
:1078500000487047DC66020800487047EB66020883
:1078600000487047EB66020800487047F766020858
:1078700000487047F766020880F8F010704780F8FB
:107880002010704770307047603870470388DA43C3
:1078900092B28A4226BFC91889B24FF6FF710180A1
:1078A0007047704702460023F0B5D0F84C5F02F5F0
:1078B00033761846A027AB4200DBF0BD07FB03F48C
:1078C00091F800C0345DA44501BF00F63C1402EB02
:1078D0008404013063600133EDE71022002100F5DC
:1078E000DD501CF0AABBA0F1D000FFF7F6BF38B501
:1078F00000F580550446B5F81432A5F8C4360021C9
:1079000000F5DB50A5F8CA161C22143004F5DA5431
:107910001CF093FB0C340123C5F8704B85F8383C00
:1079200038BDA0F1D000FFF7E2BF02F63C1200EB39
:1079300082025368002B10DBD0F84C2F93420CDAF4
:10794000A02202FB030000F22E3300F24E3053F867
:10795000042B41F8042B8342F9D170472DE9F04103
:10796000054605F5005488464FF4FA6117461E4651
:1079700003F0D0FB9DF81830079984F8F1344EF6E7
:1079800060235943C4F8E004C4F8E884C4F8EC74F4
:1079900084F8F06401F5FA61284603F0BBFBC4F8F3
:1079A000E404BDE8F081A0F1D000FFF7D7BF0000EC
:1079B00010B590F84611044621B1044B594303F029
:1079C000A9FB0146C4F8E81010BD00BFC0D40100F7
:1079D000A0F1D000FFF7ECBF10B590F847110446B6
:1079E00021B1044B594303F095FB0146C4F8EC1058
:1079F00010BD00BF80EE3600A0F1D000FFF7ECBF55
:107A00007FB50A4A0346084651690491D96B039130
:107A1000996B0291596B01911B6B0093D2E903237F
:107A200003491CF01FFA07B05DF804FB90300020FA
:107A300000670208A0F1D000FFF7E2BF10B5406E6A
:107A4000104C036886B01B689847014604A80FF0E5
:107A50004FFD9DF810309DF813200B4903F5FA6394
:107A600003939DF8113002939DF8123001939DF815
:107A70001530009320469DF814301CF0F3F9204691
:107A800006B010BDE40400206167020870B5D0F8AC
:107A900048510C46284600211646F9F70BFBD8B989
:107AA00021460E48F9F754F80146284619F0C2F964
:107AB000F8F7AAFC0A4B0022F8F746FB04463046CA
:107AC0000D46F8F77FFC02460B4620462946F8F79C
:107AD000F3FCF8F7A1FF70BD0020FCE79A99593F2D
:107AE0000000F03F02F63C1200EB820238B5546809
:107AF000002C054616DBD0F84C2F944212DAA02257
:107B0000544304F2EE209DF814200499284404F014
:107B100090FC2C4484F8ED02686E03681B6898475B
:107B2000C4F85403002038BD2DE9F04307468DB05A
:107B3000884691464FF4E2557C1941464A46204614
:107B40001CF051FA0146A0B92C2201A81CF075FACC
:107B500001A803F09EFD01AE23460BAA344603CCD8
:107B6000944218605960264603F10803F6D1227842
:107B70001A702C3542F2D8439D42DDD10DB0BDE8DC
:107B8000F083A0F1D000FFF7CFBF084603F040B963
:107B9000A0F1D000FFF7F9BF01480FF0F6BD00BF1C
:107BA000A0320020A0F1D000FFF7F6BFD0F8D4102B
:107BB00000F590500022103007F09ABCA0F1D000E0
:107BC000FFF7F4BF1FB5034603F580530A4A03923B
:107BD000D3F8AC2B0292D3F8A82B0192D3F8A42BA4
:107BE0000092D3F8A03B054A0846A0211CF006F9F4
:107BF00005B05DF804FB00BFC36702087D6702089B
:107C0000A0F1D000FFF7DEBF07B5D0F8D430009365
:107C10000A46044B04490193684607F031F903B062
:107C20005DF804FB4A080308CB670208A0F1D00006
:107C3000FFF7EABF0249D0F8D4000FF0E0BD00BF63
:107C4000D1670208A0F1D000F4E700BFD0F8D4104B
:107C500000F5756006F06CBFA0F1D000F6E710B437
:107C6000044600F5E050083039B1024604F5905062
:107C7000012310BC103007F009BA10BC10221CF010
:107C8000DCB9A0F1D000FFF7EABF036810B55C6A69
:107C900050F8042C516A8C4201D8036010BD40F8A2
:107CA0000429F5E7F0B54C1E04EBD474641091423E
:107CB0004FEA81050CDD50F824105E6A4F6AB74226
:107CC00006D94151611E01EBD17521466C10EEE7DA
:107CD0004351F0BDF0B5541E04EBD4740E4665104C
:107CE0006FF0404CA94215DBD4070ED4023A02EBE8
:107CF000D272B1EB620F08D14C1C620000EBC404DD
:107D000054F8044C40F82140511E3246BDE8F04082
:107D1000FFF7C8BF4C1C640004EB0C0E50F82E702B
:107D200050F824E07F6ADEF824E0BE4588BF04F105
:107D3000FF3450F8247040F821702146D2E7F0B5A6
:107D4000541E04EBD4740E4665106FF0404CA942EB
:107D500015DBD4070ED4023A02EBD272B1EB620FFC
:107D600008D14C1C620000EBC40454F8044C40F8E9
:107D70002140511E3246BDE8F040FFF793BF4C1C36
:107D8000640004EB0C0E50F82E7050F824E07F6A6B
:107D9000DEF824E0BE4588BF04F1FF3450F82470BB
:107DA00040F821702146D2E7036810B55C6A50F8AC
:107DB000042C516A8C4201D8036010BD40F804299C
:107DC000F5E7F0B5541E04EBD47466106FF0404C28
:107DD0000C46B44225DBD5070ED4023A02EBD27230
:107DE000B4EB620F08D1621C550000EBC20252F8DE
:107DF000042C40F824206C1E621E02EBD27252103A
:107E0000A1424FEA840521DA50F822405E6A676A8F
:107E1000B7421BD24451541E04EBD47514466A1069
:107E2000EEE7651C6D0005EB0C0E50F82E7050F857
:107E300025E07F6ADEF824E0BE4538BF05F1FF3556
:107E400050F8257040F824702C46C2E74351F0BD2D
:107E5000036810B55C6A50F8042C516A8C4201D357
:107E6000036010BD40F80429F5E7F0B5541E04EB9B
:107E7000D47466106FF0404C0C46B44227DBD50733
:107E80000ED4023A02EBD272B4EB620F08D1621C3C
:107E9000550000EBC20252F8042C40F824206C1E5E
:107EA000621E02EBD2725210A1424FEA840524DA1C
:107EB00050F8224093F9286094F92870B7421CDDED
:107EC0004451541E04EBD47514466A10ECE7651C4B
:107ED0006D0005EB0C0E50F82E7050F825E097F968
:107EE00028709EF928E0BE45C8BF05F1FF3550F85F
:107EF000257040F824702C46BFE74351F0BD10B503
:107F0000036850F8042C93F9284092F928108C4209
:107F100001DC036010BD40F80429F2E7F0B5541EFF
:107F200004EBD47466106FF0404C0C46B44227DB6F
:107F3000D5070ED4023A02EBD272B4EB620F08D12D
:107F4000621C550000EBC20252F8042C40F82420B9
:107F50006C1E621E02EBD2725210A1424FEA8405DF
:107F600024DA50F8224093F9286094F92870B74237
:107F70001CDA4451541E04EBD47514466A10ECE725
:107F8000651C6D0005EB0C0E50F82E7050F825E0C6
:107F900097F928709EF928E0BE45B8BF05F1FF3576
:107FA00050F8257040F824702C46BFE74351F0BDCF
:107FB00010B5036850F8042C93F9284092F9281062
:107FC0008C4201DB036010BD40F80429F2E78842CF
:107FD000134604D00A1A0146981A1CF014B87047C8
:107FE0008842F8B504460D4602D00430854200D1DF
:107FF000F8BD0646236856F8047B93F9283097F9B4
:1080000028209A4207DA014632462046FFF7DFFF72
:1080100027603046EAE7FFF7CBFFFAE78842F8B57A
:1080200004460D4602D00430854200D1F8BD064614
:10803000236856F8047B93F9283097F928209A4250
:1080400007DD014632462046FFF7C1FF2760304674
:10805000EAE7FFF754FFFAE78842F8B504460D4611
:1080600002D00430854200D1F8BD0646236856F898
:10807000047B5B6A7A6A9A4207D2014632462046FE
:10808000FFF7A5FF27603046ECE7FFF7E1FEFAE7D0
:108090008842F8B504460D4602D00430854200D12E
:1080A000F8BD0646236856F8047B5B6A7A6A9A42F2
:1080B00007D9014632462046FFF789FF2760304640
:1080C000ECE7FFF771FEFAE78842F8B504460D4683
:1080D00002D00430854200D1F8BD0646236856F828
:1080E000047B5B6A7A6A9A4207D901463246204687
:1080F000FFF76DFF27603046ECE7FFF7C6FDFAE7B4
:108100008B889A0903F03F0310B502FB0333044642
:108110004A88806D52FA83F1036802319B68984760
:10812000F8F7C8FDD4F86011F8F71CFEF9F71CF851
:1081300000EB8000421C0021A06EBDE8104004F05E
:10814000D3B900F00300023801288CBF00200120C1
:10815000704780F00200C0F3400070478B889A0996
:1081600003F03F0310B502FB033304464A88806DD9
:1081700052FA83F1036802319B689847F8F79AFD39
:10818000D4F84C11F8F7EEFDF8F7EEFF00EB8000A5
:10819000421C0021A06EBDE8104004F0A5B92DE9F5
:1081A000F84F04460D461746994600F10408291B6E
:1081B00040291CDD4FEAA10ADFB9AAF102067610B8
:1081C00054F82630524631462046FFF783FD5EB113
:1081D000013EF5E755F8043D22682A602A1B9210FB
:1081E00000212046FFF776FD2B1B042BF2DCBDE8B7
:1081F000F88FC910D4F804A054F82100DAF824B09C
:10820000D0F824E055F804CC2368DCF82420F345AA
:1082100046462AD9964521D9206044F821302B467C
:108220002268D2F824E031460868426A72450E4658
:1082300001F10401F8D8191F0B4651F80429D2F8AE
:1082400024C0E645F8D89E4217D3013F29464B4645
:108250003A463046FFF7A3FF3546A8E7934506D9CF
:10826000C4F800C045F8043CD9E7934502D9C4E9F5
:1082700000A3D4E79645CFD9F2E746F8042B18605F
:10828000CEE72DE9F84F04460D461746994600F112
:108290000408291B402919DD8E10CFB9B11E4910E1
:1082A00054F8213032462046FFF78BFD59B1013991
:1082B000F6E755F8043D22682A602A1B9210002137
:1082C0002046FFF77EFD2B1B042BF2DCBDE8F88F68
:1082D000C910D4F804A054F82100DAF824B0D0F87A
:1082E00024E055F804CC2368DCF82420F345464606
:1082F0002AD2964521D2206044F821302B462268AC
:10830000D2F824E031460868426A72450E4601F10F
:108310000401F8D3191F0B4651F80429D2F824C0E0
:10832000E645F8D39E4217D3013F29464B463A46CD
:108330003046FFF7A6FF3546ABE7934506D2C4F8B3
:1083400000C045F8043CD9E7934502D2C4E900A334
:10835000D4E79645CFD2F2E746F8042B1860CEE773
:108360002DE9F84F04460D461746994600F10408DA
:10837000291B402919DD8E10CFB9B11E491054F8C0
:10838000213032462046FFF770FD59B10139F6E73A
:1083900055F8043D22682A602A1B921000212046CD
:1083A000FFF763FD2B1B042BF2DCBDE8F88FC9102F
:1083B000D4F804A054F821009AF928B090F928E0E4
:1083C00055F804CC23689CF92820F34546462BDD5C
:1083D000964522DD206044F821302B46226892F930
:1083E00028C03246116891F928006045164602F10E
:1083F0000402F7DC1A1F134652F8040990F928E02A
:10840000E645F8DB9E4217D3013F29464B463A46E4
:108410003046FFF7A5FF3546AAE7934506DDC4F8C9
:1084200000C045F8043CD8E7934502DDC4E900A349
:10843000D3E79645CEDDF2E746F8040B1960CDE7A9
:108440002DE9F84F04460D461746994600F10408F9
:10845000291B402919DD8E10CFB9B11E491054F8DF
:10846000213032462046FFF759FD59B10139F6E770
:1084700055F8043D22682A602A1B921000212046EC
:10848000FFF74CFD2B1B042BF2DCBDE8F88FC91065
:10849000D4F804A054F821009AF928B090F928E003
:1084A00055F804CC23689CF92820F34546462BDA7E
:1084B000964522DA206044F821302B46226892F952
:1084C00028C03246116891F928006045164602F12D
:1084D0000402F7DB1A1F134652F8040990F928E04A
:1084E000E645F8DC9E4217D3013F29464B463A4603
:1084F0003046FFF7A5FF3546AAE7934506DAC4F8EC
:1085000000C045F8043CD8E7934502DAC4E900A36B
:10851000D3E79645CEDAF2E746F8040B1960CDE7CB
:108520002DE9F84F04460D461746994600F1040818
:10853000291B40291CDD4FEAA10ADFB9AAF1020676
:10854000761054F82630524631462046FFF7F7FBA6
:108550005EB1013EF5E755F8043D22682A602A1B0A
:10856000921000212046FFF7EAFB2B1B042BF2DCC4
:10857000BDE8F88FC910D4F804A054F82100DAF847
:1085800024B0D0F824E055F804CC2368DCF824208B
:10859000F34546462AD9964521D9206044F8213032
:1085A0002B462268D2F824E031460868426A7245B8
:1085B0000E4601F10401F8D8191F0B4651F80429A1
:1085C000D2F824C0E645F8D89E4217D3013F294689
:1085D0004B463A463046FFF7A3FF3546A8E793459A
:1085E00006D9C4F800C045F8043CD9E7934502D940
:1085F000C4E900A3D4E79645CFD9F2E746F8042BA7
:108600001860CEE72DE9F04F00F51352BBB081465C
:108610000F4600F5E25318320025596A31B13AA9E4
:1086200001EB8501013541F8C83C2DB22C33934252
:10863000F3D108AE06EB8508B0454FEA850414D0A7
:10864000A210B2FA82F2C2F11F024FF000035200F0
:1086500041463046FFF764FF402C23DD18A9304621
:10866000FFF732FD18ACA04517D1DFF88CB03C46BF
:108670004FF000084FF00A0A454502DDE31B852B49
:1086800015DDBC4204D120461C491BF00EFE063409
:10869000002323703BB0BDE8F08F2046FFF7F5FACA
:1086A0000434E0E741463046FFF70EFDDDE756F8BB
:1086B0002810B8F1000F01D004F801AB042205A87E
:1086C000039103F023FFD9F8640003681B689847FF
:1086D00003994B6A91F928200092C31A05AA5946BA
:1086E00020461BF0BFFB23461C4613F8012B002A33
:1086F000FAD108F10108BFE7DD670208E667020862
:10870000A0F1D000FFF77EBF036810B51B680446D8
:1087100098476368834228BF581C606010BD40685A
:1087200003681B6F1847406803685B6F18470000B9
:108730002DE9F0430346806DDFF85880D3E90495B6
:10874000036885B01B6A0E46984704464046FFF70B
:10875000E6FF07464046FFF7E6FF80463846F8F753
:10876000DDFC07B240464FF47A73B5FBF3F5B9FB75
:10877000F3F303950293F7F747FE24B2CDE9000126
:108780003B460549224630461BF06CFB05B0BDE870
:10879000F08300BF90300020ED670208A0F1D00008
:1087A000FFF7C6BF0000000038B50C2017F000FC32
:1087B00008250024C32017F019FC013D0444F9D119
:1087C0002046F7F7FFFD0EA3D3E90023F7F774FE69
:1087D0000D4B0022F7F770FE0C4B0022F7F76CFEF2
:1087E00000224FF07F53F7F767FE094B0022F7F79F
:1087F00063FEF8F739F980B238BD00BFAFF30080EF
:10880000AE47E17A14AEFB3F0000144000408F40B9
:108810000000303F2DE9F341C66D476DB0F8608030
:108820000D480C46FFF7C0FF336805461B6830460D
:1088300098473B6806465B69384698470749CDE943
:1088400000802A4620464FF47A73B6FBF3F31BF000
:1088500009FB02B0BDE8F0817032002041680208D7
:10886000A0F1D000FFF7D6BFD0E9003213448B420D
:1088700009D9438901339BB243810089984234BFAF
:108880000020012070470123016043811846704792
:108890002DE9F84F00F5E25500F5135A07460C464E
:1088A000914698462E460AF1180A4FF0FF3B2022C7
:1088B000314620461BF097FB30B3736A5B4538BFE7
:1088C000354606F12C0638BF9B465645EFD12B4660
:1088D00004F12002206861681E4603C608349442F1
:1088E0003346F7D1786EC5F8209003681B68984727
:1088F0004FF0814168624046F8F734FAF8F70EFC11
:1089000085F82800BDE8F88F3546E0E7F0B51F464A
:108910008B888DB005460C4616463BBB0A7809236A
:1089200002F00302D340DB0703D5CB880BB90B89D8
:10893000E3B19DF84C201299684603F084FF9DF83E
:1089400001309BB19DF8003003F00F03022B0DD1D5
:1089500094F90201F8F7B2F94FF07A51F8F702FAF8
:108960003A46034631462846FFF792FF0DB0F0BD68
:10897000F0B591F84A3003F0F002802A8BB005463A
:108980000C4621D14B88052B1CD990F84531CBB929
:10899000504E4FF47A72D6E904010023F8F754FCE4
:1089A000B168014405F5E0501830FFF75DFF48B1AC
:1089B000618894F84B30E26C092903F004034ED827
:1089C000002B53D10BB0F0BD902AFBD14A88052A69
:1089D000F8D903F00F03022BF4D1252AF2D900F5C0
:1089E0008056D6F8303C002B6FD0D6F8341C02F0FD
:1089F00085FB002869D1E36CD6F8302C9A42E1D18E
:108A00006A4604F1500304F1700C1746186859685F
:108A1000164603C6083363453246F7D1202205F1D6
:108A2000700138461BF0DFFA0028CBD094F9020120
:108A3000284EF8F743F94FF07A51F8F793F94FF4CD
:108A40007A7204460023D6E90401F8F7FDFBB26808
:108A50002346024439462846FFF71AFFB2E7216D44
:108A6000002BAFD0D5F898318B42ABD3922194F83C
:108A70004A308DF8001094F802118DF80110CDF8ED
:108A8000022003F0010305F170020DF1060105F16A
:108A9000900052F8044B41F8044B8242F9D1002B6C
:108AA0000CBF26220E226946284603F02CF9044604
:108AB000002887D02B6801469B6C284698472146A2
:108AC0008200284603F078FC7CE70023C6F8303C9F
:108AD00078E700BF703000202DE9F8430546C06DEF
:108AE000036805F580541B689847D4F8043C064693
:108AF0000BB9C4F8040C43F6972743F698284FF0B7
:108B00001409D4F8043CF21ABA4201D8BDE8F8833B
:108B10004344C4F8043C94F8003C013303F00303DD
:108B200084F8003C09FB035303F5DD5014220021B7
:108B300010301BF082FAE4E741F6943270B58318E6
:108B400000250446855004F5805600F5DD505D6033
:108B50009D605022294610301BF06FFA86F8005CA9
:108B6000E06D03681B689847C6F8040C70BD0000F0
:108B70000B49C26E08B50023C0E90E33C0E90C33BF
:108B8000C0E91033A0F86030C1E90433CB60C2F80B
:108B90001035C2F80C3572B6FFF7CEFF62B608BDCD
:108BA00090300020A0F1D000FFF7E2BF10B50446DE
:108BB00072B6FFF7C1FF62B6E26E0023C4E910335C
:108BC000C2F81035C2F80C3510BDA0F1D000FFF787
:108BD000EDBF10B5044672B6FFF77EFF04F5805373
:108BE000142293F8003C02FB034000F5DD50012104
:108BF0001044FEF74BFE62B610BD10B5044672B6C7
:108C0000FFF76AFF04F58053142293F8003C02FB3F
:108C1000034000F5DD5001211230FEF737FE62B649
:108C200010BD08B503460878FFF793FA48B1184617
:108C30001AB1BDE80840FFF7E0BFBDE80840FFF704
:108C4000C8BF08BD10B5044672B6FFF745FF04F56E
:108C50008053142293F8003C02FB034000F5DD50E2
:108C600001211630FEF712FE62B610BD38B504467B
:108C70000D4672B6FFF730FF04F58053142293F8C7
:108C8000003C02FB034441F6B832A3582B44A350E6
:108C900062B638BDFFF7EABF38B504460D4672B676
:108CA000FFF71AFF04F58053142293F8003C02FBEF
:108CB000034441F6BC32A3582B44A35062B638BDDE
:108CC000FFF7EABF10B5002200F5E3501346043069
:108CD00040F2262150F822400CB101339BB20B32F6
:108CE0008A42F7D1184610BD2DE9F0470C460646DA
:108CF0001422002120461BF0A0F972B63046FFF77F
:108D0000EBFE06F5DD5506F5E0571235023704F1A6
:108D1000020A04F1040904F1060829885046FEF706
:108D2000B5FD69884846FEF7B1FDA9884046FEF7C3
:108D3000ADFDD5F80620A3681344A360D5F80A203A
:108D4000E36814351344BD42E360E6D162B63046B1
:108D5000FFF7B8FF6288A38820809B1823D11728CB
:108D60002FD80B282FD803282FD8182B94BF0023D7
:108D70000123D4E902210A4444F61F618A42637444
:108D8000E38824D85F2B22D8B2F5FA5F21D21F2BBB
:108D90001FD8B2F5FA6F1ED2072B94BF0023012310
:108DA0002374BDE8F0876421172801FB02F2B2FBAF
:108DB000F3F2D3B205D8452B03D80B2803D8312BB7
:108DC000D0E70323D5E70223D3E70123D1E7032329
:108DD000E6E70223E4E70123E2E7000070B504467A
:108DE00096B00D4611A9C66EFFF77EFF94F82122BA
:108DF0000F9294F820220E929DF855200D929DF826
:108E000054200C92149A0B92139A0A92D6F80C25BD
:108E10000992D6F810250892BDF84A200792BDF8AD
:108E200046200692BDF848200592BDF844200492E1
:108E3000626C0392226C029204F58053A021D3F855
:108E40009C2B0192D3F8982B0092D3F8943B034AC1
:108E500028461AF0D3FF16B070BD00BF7F68020825
:108E6000A0F1D000FFF7BABF2DE9F047089E9DF8AA
:108E700024809946337804468A461746BBB304F5E6
:108E800098713046F8F7FAF900285FD103260022DE
:108E9000514604F5327003F0B1FDD0F884304B45F3
:108EA00005465BD2C0F88490606E03681B689847E3
:108EB00095F82030C5F8880023F00303334385F884
:108EC00020303A4605F1620307F1200152F8040B05
:108ED00043F8040B8A42F9D18EB141F28831204621
:108EE00002F018F904F58053C3F83C0C07E0202287
:108EF00000F5327003F068FD05460028BFD0B8F1D8
:108F0000000F02D0FF2385F82130606EFFF7FCFBD5
:108F10000023C4F8F00FA4F8F43F95F82030A06EB9
:108F200003F00303DA1E5342534184F8F63F95F8E9
:108F3000203084F8F73F036804221B6804F6F871B8
:108F40009847022384F8FC3F0D2008E0304604F5E2
:108F5000A871F8F793F90646002898D00020BDE8DC
:108F6000F0870000F7B51F4F04461646D7E9040105
:108F70001D464FF47A720023F8F766F9B968014488
:108F800004F5E1500430FFF76FFC40B32A7804F594
:108F90008050294602F03F0280F8E82011F8013B9A
:108FA0009B09013380F8E93004F585505A430830B5
:108FB0001BF083F9606EC4F8F06F03681B68984774
:108FC0000023C4F8F40F04F590500093AC22012361
:108FD00004F6F871103006F033FA0830C0B203B06E
:108FE000F0BD00BF70300020F8B51F4F0446164694
:108FF000D7E904011D464FF47A720023F8F724F9EB
:10900000B968014404F5E1500430FFF72DFC50B37A
:109010002A7804F58050294602F03F0280F8E820C3
:1090200011F8013B9B09013380F8E93004F58550C4
:109030005A4308301BF041F9606EC4F8F06F0368C2
:109040001B68984704F6F8750849C4F8F40F04F54E
:10905000D07304F1FC0228461AF004FF2846F8F702
:1090600017F90830C0B2F8BD703000207F6A0208DE
:10907000F8B51D4F04461646D7E904011D464FF4C6
:109080007A720023F8F7E0F8B968014404F5E1507A
:109090000430FFF7E9FB28B32A7804F5805029460D
:1090A00002F03F0280F8E82011F8013B9B090133F0
:1090B00080F8E93004F585505A4308301BF0FDF87C
:1090C000606EC4F8F06F03681B689847002384F84B
:1090D000F83F94F84531C4F8F40F13B1802384F8B5
:1090E000F83F0920F8BD00BF7030002010B588B0EF
:1090F00004466A46022100F5756004F091F86A465C
:10910000034604F17001204602F06BFC08B010BD6C
:1091100010B5D1F8D410044601230EF05AFB2046B6
:1091200010BD00002DE9F04FCFB005460C461646A5
:1091300001462D4A06A89946FFF7EAFF06A80EF059
:10914000B0FC002847D02B68284FDB692846984799
:10915000014606A816F000FC2078254BC0F3830AD0
:10916000FEF7EFFF002818BF1F46A86DB4F802B045
:1091700003689B6B98478046A86D03685B6B9847B4
:109180001C4905464846F7F7EDFDF7F7C7FF049081
:109190002846F7F7C3FF03904046F7F7BFFF534653
:1091A000CDE901B032461449009706A816F001FC3B
:1091B000227840F20713C2F38302D340DB070DD5B8
:1091C00094F84A3094F84B200C4906A816F0F1FBAD
:1091D00006A80EF01EFC4FB0BDE8F08F084906A8A7
:1091E00016F0E7FBF4E700BFD1670208A00C030804
:1091F000DD68020800007A44DF6802082869020876
:109200004908030810B490F8F04014B110BCFFF7FF
:1092100089BF10BC7047000070B5CAB005460C4647
:10922000164601461D4A02A8FFF772FF02A80EF07B
:1092300038FC60B32B682846DB699847014602A8D2
:1092400016F08AFB20781649164AC0F38303FEF70E
:1092500078FF002818BF0A46618802A8CDE90021DE
:109260003246114916F0A5FB227840F20713C2F3EB
:109270008302D340DB070CD594F84A3094F84B2096
:109280000A4902A816F095FB02A80EF0C2FB4AB0EC
:1092900070BD074902A816F08CFBF5E7D1670208FC
:1092A000DD680208A00C0308396902082869020871
:1092B0004908030890F8F0300BB1FFF7ADBF7047D5
:1092C00070B5CAB004460D4616460146134A02A8B8
:1092D000FFF71EFF02A80EF0E4FBE0B12368204672
:1092E000DB699847014602A816F036FB28780C493E
:1092F0000C4AC0F38303FEF724FF002818BF0A4678
:10930000698802A8CDE900210749324616F051FBD1
:1093100002A80EF07EFB4AB070BD00BFD167020804
:10932000DD680208A00C03086A69020890F8F030B2
:109330000BB1FFF7C5BF70472DE9F8438C88A3092F
:10934000013390465FFA83F904F03F0401F10A0506
:10935000002600F170073CB918F80900B0428CBF34
:1093600000200120BDE8F8834A46394628461AF015
:109370003AFE08B90136F6B2013CE4B24D44EAE7E0
:109380002DE9F8430B7804461846FEF7E2FE0E4638
:1093900094F8455180B1C3F38303042B03D07DB10E
:1093A0000020BDE8F88304F5805775B3D7F89C3BDF
:1093B0000133C7F89C3BF3E7002DF1D10120F0E722
:1093C0008B8894F8702103F03F039A42E8D904F5A2
:1093D0008053D3F8903B002BE2D094F81A32002B44
:1093E00069D194F82022FF2AE8D0002A3ED01D46F9
:1093F000A06E4FF48072002103F076F894F82032CA
:10940000984270D2002DD9D039E0888894F8703114
:1094100000F03F008342C9D9D7F8903B002BC5D05C
:10942000D4F81C5200B10138F6F7DCFF80468946BB
:109430002846F6F7E9FF4B46424617F08DFCF7F752
:1094400033FB42F2107280460021A06E03F04CF80C
:10945000274905464046F7F785FCF7F785FE854224
:1094600008D3D7F89C3B0133C7F89C3B2046FFF755
:10947000E9FB95E73078FEF76CFE054638B904F550
:109480008054D4F8983B0133C4F8983B96E794F89D
:109490001A3283B994F82032FF2BF0D0002BA7D1D9
:1094A0002046FFF7CFFB04F58054D4F89C3B0133F2
:1094B000C4F89C3B74E7012B0DD00E4A0E49022BD9
:1094C00008BF0A4631462046FFF736FF28B1002D77
:1094D0003FF466AFE7E7094AF4E794F82032FF2B40
:1094E00090D0002B84D12046FFF7ACFBEFE700BF04
:1094F00000401C461001002014010020180100202B
:10950000F0B590F8C432B9B006460C461BB9002538
:10951000284639B0F0BD0B781846FEF71AFE05460E
:109520000028F4D0C3F38303052BF0D14B88032B21
:10953000EDD9254A1023012102A803F061F894F81F
:109540004A209DF808309A42E1D163881E4804F110
:109550004B02013B09A903F008F9041ED7DD042CD6
:10956000D6DD9DF828309B08D2D104F1E0026A4490
:10957000706E099F02F8BC3C03681B68984703AAF9
:109580000346611F00920DF129003A4606F03CFBAC
:109590000446706E03681B689847049A002AB7D087
:1095A0009DF82120002AB3D0002FB1D0074A904265
:1095B00005D900F5283303F54073BB42A8D3362CF8
:1095C0008CBF00250125A3E7106C0208FFE00B5EAD
:1095D000F8B50B78044618460E46FEF7BAFD50B1B2
:1095E000C3F38303042B01BF04F58052D2F8943BEC
:1095F0000133C2F8943B31462046FFF781FF054610
:1096000020B12046FFF71EFB2846F8BD337813F043
:10961000030204F580570BD104F590500122314626
:10962000103005F059FDC7F8900BEDE72846FAE732
:10963000012AFBD1C3F38303053B012B03D897F821
:10964000A036DB07F2D404F5B4501C30EBE730B59C
:1096500085B004464FF49063806EADF80430036823
:10966000042204F580551B680DF106019847DDF8CA
:109670000630C5F8303C4EF66021204601F04AFD28
:1096800001A9C5F8340C0A2200252046CDF80A505D
:1096900002F039FB014618B12A46204602F08CFE42
:1096A00005B030BD2DE9F047044640201E46154662
:1096B000DDF824900F46FCF7D2FE2021804606F00C
:1096C00067F88B4B23603368E665C4E91585002590
:1096D000C4E904551B68656030469847012384F847
:1096E0002C30844B2365844B2360089BA3660A9B24
:1096F000A4F86050C4E90605C4E90955C4E9105549
:10970000C4E912552562E366C4F8649004F1700060
:1097100001F0CEFF794B236004F5337803F58073B5
:10972000C4F8D03004F53276454604F64C7A284623
:10973000A03501F0AEFF5545F9D14FF44862002144
:1097400040461AF07AFCC4F85C7FC4F8686F04F1F4
:10975000D00304F5805604F5905004F58757002592
:10976000C4F8583F0C37664BC4F8603F103004F122
:10977000F808C4F84C5FC4F8509F3946C4F8548FB9
:10978000C4F8640FC6F80C5205F0CEFB394604F558
:10979000B65005F0C9FB7823C6F8185CC6F81C3C27
:1097A000C6F8245C0423B42204F5E25904F51355E9
:1097B000C6F8203CC6F8282CC6F82C3C4F46183575
:1097C00038462C3701F065FFBD42F9D1B421284657
:1097D0000DF0D9FE00220023C4E9382304F500531C
:1097E0000025C4E93A55C4F8D8502046C6F83C5C78
:1097F000C3F8E454C3F8E05484F8F05086F8385CB9
:10980000FFF79AF92046FEF768F8294640F69802D5
:1098100048461AF012FC29464FF4E87240461AF006
:109820000CFC4FF07E53C4F8F8304FF07C53C4F872
:109830004C31344BC4F8603104F1FC003249202231
:1098400006F098F800230022C4E94823C4E94A231B
:1098500004F598702D49102206F08CF82C4AC4F8B3
:109860001C22FF22A4F820222A4B2B4AC4F84031A4
:10987000C4F86C214FF4A1634FF4A072A4F86831CE
:10988000A4F8702116234FF4FA7284F84431A4F836
:10989000742101234FF4E132A4F8463184F8C43234
:1098A00084F87331C4F8782184F87C3104F27D1097
:1098B0001A4984F88D5184F87651102206F05AF82E
:1098C000022384F8943104F5E050002384F88E518B
:1098D000C4F89051C4F89C311022C6F8305CC6F828
:1098E000345C294608301AF0A8FB2046BDE8F08712
:1098F000346F020880EE3600DC6F0208906A0208BE
:10990000103000209A99993EA26902083F7502081A
:109910002DB29D3E8D67594400007A42B769020816
:1099200070B504460D4601F0F2FF2946C4F8D45044
:1099300004F5756004F5905505F052FA1035D4F829
:10994000D41004F1700204F5327002F0B3FFD4F8C1
:10995000D4100022284605F00FFB284605F0C7FC6E
:10996000014630B104F5E05201230832284605F0E3
:109970008DFB94F8693194F86821D4F86C11D4F80F
:10998000400101F02BFA94F9440101F041FA2368F7
:109990002046D3F8A430984723682046D3F8A8304F
:1099A000BDE8704018472DE9F04385B005460846EC
:1099B0009DF83090884614461E4605F015FF074670
:1099C00040B14B4632462146284605B0BDE8F0433B
:1099D00002F0AEB92146404605F052FFCDF80090A6
:1099E000ADF80C00334603AA21462846ADF80E70A8
:1099F00002F0CBF905B0BDE8F083F0B51F4600F5E5
:109A000080530D46D3F8901B87B00446164689B1A3
:109A10000B887BB100F59050012302AA103005F0AD
:109A200035FB00280FDC3B4632462946204602F033
:109A30007FF90FE03B4632462946204607B0BDE895
:109A4000F04002F075B9009733462A4602A9204635
:109A5000FFF7A9FF07B0F0BD2DE9F0430E460978E6
:109A6000C1F3830185B0072904461F469046DDE90E
:109A70000C3057D1002504F5805919681D54FF207A
:109A800089F8E8001879451E1E2D2FD93078FEF789
:109A900060FB04330190009320460B463946FFF7E4
:109AA000E3F9054600283DD03078FEF752FB04F577
:109AB0007F63002845D0CDE9023501230193337936
:109AC0000093424606F10A033946204602F02FF879
:109AD000014638B3B3889B090133DBB24FF4967269
:109AE000204605B0BDE8F043FFF787BF01280AD143
:109AF0003078FEF726FBA8B10A46053339462046E2
:109B0000FFF730FACDE702280AD13078FEF719FBCB
:109B100040B10A46053339462046FFF765FAC0E7EB
:109B2000032802D005B0BDE8F0833078FEF709FBCA
:109B30000028F7D00A46053339462046FFF798FA41
:109B4000AFE799F9E820002ACDE900353A464346C7
:109B50004FF00101204602DA01F0FDFFB8E701F005
:109B6000FAFF99F8E92099F9E83001460028D9D0A0
:109B7000013A03F03F0343EA82134FF496720C92CA
:109B800004F58552DBB20832204605B0BDE8F0434B
:109B900002F02CB973B50D4604461646FFF7A6FA37
:109BA000014668B176B194F819020130C0B20A4694
:109BB00004F5E05100902B4608312046FFF7F3FEF4
:109BC00002B070BD2A46204602B0BDE8704002F0E7
:109BD000F3BBA0F1D000FFF7DDBF00002DE9F04797
:109BE00000F580571E4697F8383C8AB005468846EF
:109BF00014464BBB144612F8013B202BFAD02046EA
:109C0000F7F746FB042808D9A3787C2B05D12388D5
:109C10003380A378B370033403367A490822204690
:109C20001AF0E1F98146002840F0A2800834202192
:109C300020461AF00AFA00286DD1734930460AB05E
:109C4000BDE8F0471AF031BB104605F0A2FEF8B9A6
:109C500023469846994613F8012B202AF9D0A8EB01
:109C600004044F4619F8010B05F072F90028F8D1E9
:109C70003B780BB138704F46B94617F8013BDBB95A
:109C8000631E062B1BD9002333700AB0BDE8F08792
:109C900005F5B6514FF4966207F504701AF00DFB06
:109CA000B7F81A2259490023304687F8383C0AB0E1
:109CB000BDE8F0471AF0D6B8462BDDD1E0E798F8BA
:109CC0000030002BDFD005EB840404F58054D4F879
:109CD0006C7B002FD7D005F590504146103005F031
:109CE0002BFA05F5B6553A88074660B10388414618
:109CF000284605F051FA0028C5D037B13B790371E9
:109D0000C4F8700BBFE70346F1E799F80030463B13
:109D100018BF0123F3E7824622460AF8019BAAEB0B
:109D20000403402BA8BF402303EBD3734FEA63081F
:109D3000414602A802F022FCC0B1504618F02CFFA8
:109D4000C0B20090434602AA05F1700105F53270D9
:109D500002F0A4FE40B141F28831284601F0DAF960
:109D60002B49C7F83C0C69E72A4967E72A4965E7A8
:109D7000B8F1000F29D129492046F7F77FFA0746A5
:109D800018BB27492748DFF8A090DFF89880DFF854
:109D90009CA015F0FBFD05F53374D5F84C3F9F42B0
:109DA000BFF671AF94F8202062B14946404615F0E5
:109DB00000FE21464046202202F0C2FB51464046AA
:109DC00015F0F7FD0137A034E7E7194912222046C4
:109DD0001AF009F960B9113414F8013F202BFBD0B7
:109DE0000BB114492AE72846FFF731FC124925E751
:109DF00033462246414605F575600AB0BDE8F04796
:109E000004F0BCBAD8690208E1690208C169020815
:109E1000F2690208F56902080A6A02081B6A020868
:109E2000236A020844370020286A02084908030808
:109E30002E6A0208416A0208696A020837B50446B8
:109E400001F067FDD4F8EC10002961D0204601F044
:109E500055F900285CD02046FFF748F90246002853
:109E60006AD123682046D3F8A83098472368204653
:109E7000D3F8A430984704F50055D5F8E01481B123
:109E8000204601F03BF960B10023C5F8E03495F8B5
:109E9000F02495F8F134D5F8EC14D5F8E80400F086
:109EA0009DFFD5F8E41481B1204601F027F960B197
:109EB0000023C5F8E43494F8693194F86821D4F8A3
:109EC0006C11D4F8400100F089FF04F58055D5F8F5
:109ED0003C1C69B1204601F011F948B1D4F8D41006
:109EE000002204F5327002F027FE0023C5F83C3C46
:109EF00016F0DCF9D4E93831D4F8D820C4F8D80009
:109F0000821A9B1841F10001C4E9383103B030BD19
:109F1000D4F8E8100029AED0204601F0EFF8002870
:109F2000A9D02046FFF7E2F8014600289ED0002283
:109F3000204602F041FA99E794F819320133DBB276
:109F400004F5E0510093083100232046FFF72BFD74
:109F500087E700207047406D08B503685B69984744
:109F60000028D4BF0020012008BD00F58050D0F8A3
:109F7000A03B0133C0F8A03B704700F58050D0F8FB
:109F8000A43B0133C0F8A43B704700F58050D0F8E3
:109F9000A83B0133C0F8A83B70470000054B1B7974
:109FA000012B01BF00F58050D0F8AC3B0133C0F865
:109FB000AC3B7047703200202DE9F04FC0F8F02F15
:109FC0001A78012ADBB004460D4661D1BF48C04D66
:109FD000FEF7EAFBADF8A000606D03685B69984787
:109FE000ADF8A200A06D03681B6A9847ADF8A40005
:109FF0002846FEF794FBF7F791F8EB682A932B6954
:10A00000ADF8A6004FF47A72D4E938012B934FF4DF
:10A010007A762369B3FBF6F32C930023F7F714F950
:10A02000236B2E93636B2F93A36B3093E36B2D9075
:10A0300031932846B4F86030ADF8C830FEF773FBB2
:10A040004FF08141F6F78EFEF7F768F8E36EADF852
:10A05000CA00D3F80C25D3F81035ADF8CE306369BB
:10A06000B3FBF6F334936B69ADF8CC20359328AA93
:10A0700004F6F47436AD134603CBAB422060616046
:10A080001A4604F10804F6D13C205BB0BDE8F08F1D
:10A09000032A2DD100F51356183630465F780DF09F
:10A0A00085FA8A48FEF780FBF6F704FE8949F6F741
:10A0B0000DFF0121024630460DF02EFB95F82010D1
:10A0C000854811F003011CBFFF43F9B2324600F08E
:10A0D000C3FD30460DF06DFA054630460DF06BFAC3
:10A0E0002A46014604F6F4701AF0E7F8281DCCE77A
:10A0F000052A2BD191F8202002F00302032A40F018
:10A1000050815A789B781A4340F04B8100F53371A7
:10A110000423D4F84C5FAA421846B6DAAD2BB4D863
:10A1200091F8200078B103F57F600E68265025185D
:10A130008888A880981D54FA80F091F8205080F803
:10A14000F05F0733DBB20132A031E2E7062A40F0CC
:10A1500015815D78002D40F0248193F806809A786F
:10A16000B3F803700492B8F1200F00F513515A7937
:10A1700028BF4FF0200800F5E2531831586A30B17B
:10A180005AA800EB8500013540F8C83C2DB22C33AD
:10A190008B42F3D1002A44D128AE06EB8509B145A4
:10A1A0004FEA850A16D04FEAAA02B2FA82F2C2F149
:10A1B0001F024FF00003520049463046FDF7EFFF03
:10A1C000BAF1400F28DD304638A9FDF761FF38AEFF
:10A1D000B1451CD108F1050A07AB4FF0000B5FFA3F
:10A1E0008AFA03EB0806D946049B4B4502DDBD42C3
:10A1F00000F3A180A4F8F45FA4F8F69F5A4607A9DB
:10A2000004F6F8701AF059F80BF108003DE73046F3
:10A21000FDF7CAFD0436DBE749463046FDF738FF57
:10A22000D8E7012A27D128AE06EB8509B1454FEAC8
:10A23000850ACFD04FEAAA02B2FA82F2C2F11F0217
:10A240004FF00003520049463046FEF71AF8BAF1C3
:10A25000400F0BDD304638A9FDF7FEFE38AEB145A4
:10A26000B8D03046FDF7F4FD0436F8E749463046ED
:10A27000FDF7F2FEAEE7022A30D128AE06EB8509E3
:10A28000B1454FEA850AA5D04FEAAA02B2FA82F296
:10A29000C2F11F024FF00003520049463046FEF75C
:10A2A0005FF8BAF1400F0BDD304638A9FDF7B6FE76
:10A2B00038AEB1458ED03046FDF721FE0436F8E7C2
:10A2C00049463046FDF7AAFE84E700BF7032002001
:10A2D0009030002000007A4410300020032A7FF4E0
:10A2E00079AF28AE06EB8509B1454FEA850A3FF400
:10A2F00071AF4FEAAA02B2FA82F2C2F11F024FF026
:10A300000003520049463046FEF79AF8BAF1400F72
:10A310000CDD304638A9FDF763FE38AEB1453FF499
:10A3200059AF3046FDF744FE0436F7E7494630465C
:10A33000FDF756FE4EE70BEB0A03822B05933FF722
:10A3400059AF606E28AB026853F827B01268904787
:10A35000DBF824205946831A4246A6EB08000393F3
:10A3600019F0ABFF039B3360059B9BF828203271EB
:10A3700009F10109564401379B4635E7072A10D1F8
:10A3800000F5D07300F6F475074A0849009300F110
:10A39000FC03284619F066FD2846F6F779FF0430DD
:10A3A00073E6002071E600BFDC6602087C6A0208E2
:10A3B0002DE9F04F03F63C1300EB8303B3B05F6865
:10A3C0000E46002F3C990491DDE93D9B0446C0F206
:10A3D000ED80D0F84C3F9F4280F2E880A0257D437D
:10A3E00000F5327305F1040805939844002A5ED104
:10A3F0004719D9F800A0D7F85033534580F0D680DC
:10A40000ABF104030093524609F104034146FFF700
:10A41000D3FD8146002800F0C980C7F850A3606EC4
:10A4200003681B689847C7F854033078FDF791FE1E
:10A4300004F57F63E0B1CDE902390123019333795B
:10A4400000934146049A06F10A03204601F06FFB8F
:10A450000146002800F0AA80B3889B090133DBB2D3
:10A460004FF49672204633B0BDE8F04FFFF7C5BAFF
:10A47000CDE900390121049B4246204601F06BFBE7
:10A480000146002800F0928097F8ED32FF2BE3D0D0
:10A490004FF4967005F126023C9004F5327010449A
:10A4A0000246204633B0BDE8F04F01F09FBC022ABF
:10A4B0007CD1BBF1050F79D9431993F8EC2202F056
:10A4C0000302032A72D199F80420D9F800A0910858
:10A4D000072A07916AD8D3F850230592524565D8C8
:10A4E000C3F850A3406E0693026812689047069B1B
:10A4F0000799C3F85403002309F80B3009F1050B41
:10A5000001BB5846F6F7C4FE2023CDE900834A4636
:10A51000431D042108A802F08BF80899204601F099
:10A5200045FB014670B1A02303FB074393F8ED32CE
:10A53000FF2B3ED1B3889B090133DBB2C8222046F2
:10A54000FFF75BFA059B53453ED100238DF825307C
:10A550000DF12500F6F79CFE814638B3606EFEF7DC
:10A56000D3F8042350458DF8243009F1050308BFC2
:10A570000AF10100019308AB089000930221049BAB
:10A580004246204601F0E7FA014678B1A02303FBDA
:10A59000074797F8ED32FF2B1ED1B3889B09013393
:10A5A000DBB24FF416722046FFF727FA33B0BDE84E
:10A5B000F08FC82005F12602009004F532700244A5
:10A5C000204601F013FCBDE70DF125035A46514624
:10A5D0002046FFF703FBBBE74FF4167005F1260298
:10A5E000009004F5327010440246204601F0FEFB54
:10A5F000DCE7000010B5C8B0D0F8D4100E4A6846A9
:10A6000000230DF0E6F868460DF04BFA60B10B4CF4
:10A6100068460DF042F920B168460DF0CFF9011EF1
:10A6200004DA68460DF0F5F948B010BDC9B220460D
:10A6300015F096F9ECE700BFD16702084437002017
:10A64000A0F1D000FFF7D6BF38B50C468D18AC424C
:10A6500000D138BD4FF48071002015F0BAFB04F82A
:10A66000010BF4E715F022BE37B50B78C3F3830373
:10A670000446032B084604F2044511D1D1F84A20C0
:10A68000002355F8041F914206D103F5817300227F
:10A6900044F8232003B030BD0133402BF1D1F9E75A
:10A6A000694601F0E2FE043408222146684619F0AA
:10A6B0009AFC10B920606060ECE70834AC42F3D13A
:10A6C000E8E7F7B50A78C2F38303032B04460E4686
:10A6D00000F2044529D1D1F84A102B4600F204506B
:10A6E00053F8045F8D420CD102F00302023A012AB2
:10A6F0002CD9D4F810350133C4F81035012003B03B
:10A70000F0BD8342ECD1D4F8083503F581720133F2
:10A7100044F822105A4202F03F0203F03F0358BFB0
:10A720005342C4F808350020E9E76946304601F095
:10A730009CFE271D08223946684619F054FC58B97A
:10A74000337803F00303023B012BD1E7D4F80C3537
:10A750000133C4F80C35D1E70837AF42EAD1D4F859
:10A7600004246B4603CB04EBC20250609160D4F822
:10A77000043401335A4202F07F0203F07F0358BFD2
:10A780005342C4F80434CEE730B5164C164B20467D
:10A7900085B0002540F8043B4FF48062002119F099
:10A7A0004CFC29464FF4807204F58160C4F80454CF
:10A7B00019F043FC0420C4F80855C4F81055C4F837
:10A7C0000C55FBF74CFE094A0260094A0192094AFE
:10A7D00000920346084A094902940948FEF762FFBD
:10A7E00005B030BDF82A0020646C02084C6C0208E9
:10A7F00070300020200100209030002070320020B6
:10A80000B0050020044A054B1360054803F580732A
:10A81000C2F8D0300CF0C3BEB0050020906A020828
:10A82000882A002070B506229AB04FF4E1313848EA
:10A8300015F022F84FF47A7015F03CFD354B0022EC
:10A84000012113201A7115F0E7FB0121132015F0E7
:10A850004DFC0221C12015F0DFFB15F027FD2E4B2A
:10A86000186000F065FA00B9FEE72C4C00F0AEFA73
:10A8700015F0A0FA204605F073FD294B294A2A4914
:10A88000189418A8199304F0D3FA00BB684600F096
:10A89000C5FA2448254D6022694619F00EFD0A24A8
:10A8A00005F1700695F87030013BDBB2FD2B09D93C
:10A8B000684600F0B3FA60226946304619F0FDFCA4
:10A8C000013CEFD1174A184918A804F0D9FA1849E1
:10A8D0000F4815F041F8202212490D4801F030FED2
:10A8E0000B4815F041F8134B134800241C7000F07E
:10A8F00050F90A490D48FFF713F80C48FFF74EFBD3
:10A900000A4822464FF47A51FFF744F91AB070BD55
:10A91000443700207032002008050020A0320020BB
:10A920004A08030820060020CB670208B005002073
:10A93000306C02080C050020103000202DE9F04397
:10A940004D484E4E4C4FA9B0F6F7A2FC4FF000090F
:10A950000446304614F008FE68B19F2C0DD0A04686
:10A96000304614F0C7FFC5B20A2D29D1304614F085
:10A97000FBFD0028F4D19F2C30D13F4B0D2283F8F2
:10A980009F209F243C4D013C2B5D0D2B28D10A219B
:10A990003A4814F0E5FF00216B46394829552A460C
:10A9A000FFF71CF99DF800303BB13649334814F0ED
:10A9B000D3FF3248694614F0E9FF00232B700FE003
:10A9C00001342946304607F8085007F8049014F07F
:10A9D000C7FF0D2DBDD19F2CD4D1CEE7002CD1D1F6
:10A9E000274C2046FFF72AFA15F060FC264BD3E9E6
:10A9F000042599699861411A521845F10005C3E987
:10AA0000042594F88D31214D43B32046FFF7A1FA78
:10AA1000D8B92046FFF79FFAE0B928701C4E1D4DAB
:10AA200033682A684FF47A7101FB0231204600F046
:10AA300065FBE8B12046FFF798FA15F037FC0523CF
:10AA400030602B6029B0BDE8F0832B78012B07D153
:10AA5000012303E02B78022B06D102232B70F1E7B0
:10AA60002046FFF792FAF3E72046FFF786FAF4E76D
:10AA70002B680533E5E700BF0C05002044370020B4
:10AA8000B00500203E6C0208703000200405002054
:10AA9000080500201C010020004870470000C07F0E
:10AAA00000207047002070477047002070477047B3
:10AAB000002070470020704700207047002070473A
:10AAC000004870476C6C02080020704700487047CF
:10AAD0006C6C020840680368DB681847B0F918001E
:10AAE000704770470020704700797047BFF34F8F61
:10AAF0000549064BCA6802F4E0621343CB60BFF31A
:10AB00004F8F00BFFDE700BF00ED00E00400FA0535
:10AB100000207047406808B50368D3F88430984730
:10AB200010F0140F14BF0120002008BD10B54FF421
:10AB30007A7204460023D0E90401F6F785FBA36886
:10AB4000184410BD70470020704700207047002057
:10AB50007047002070470020704700000048704791
:10AB60007A6C02087047F8B507460C468E18B44256
:10AB700000D1F8BD78680368D3F8A43098474FF443
:10AB800080710546002015F024F9454004F8015B6A
:10AB9000EDE710B5044620300EF022FD84F8580091
:10ABA00010BD08B5002303710121132015F034FAFC
:10ABB0000121132015F09AFABDE808400221C120B6
:10ABC00015F02ABA0121132015F090BA00211320A4
:10ABD00015F08CBA08B5F8F777FD72B6BDE80840F5
:10ABE000F8F77ABD10B54FF4DE710446FBF73BFC75
:10ABF000204610BD4068002108F020B810B504467A
:10AC000015F054FBD4E90431A269A061821A9B18A3
:10AC100041F10001C4E9043110BD10B50022002348
:10AC2000C0E904238160044615F040FBA06110BD1B
:10AC3000036810B5DB6B0446984720B92046BDE891
:10AC4000104005F09FBA10BD10B44468134694F844
:10AC5000602110BC05F0AEBA70B590F8586086B0AF
:10AC60001446E6B10F4B039301250493059300238B
:10AC7000CDE9003503AA04AB05A920300EF0BCFED7
:10AC8000039A294620460CF039FD049A29462046AD
:10AC90000CF03BFD059A294620460CF044FD304659
:10ACA00006B070BD0000C07F30B5012185B00446FC
:10ACB00009F0C6F801220021204609F0E6F87F23BA
:10ACC0008DF80F3000220123CDE9003289210DF1EA
:10ACD0000F02D4F85C0106F040FDD4F85C3118682E
:10ACE00003680521DB69984715F0E0FA0546D4F8BA
:10ACF0005C311868D96A02681269904720B115F072
:10AD0000D5FA401B322806D9D4F85411204608F051
:10AD10006AF805B030BDD4F85C31186803685B6D23
:10AD20009847E4E708B54068FFF7BEFF08BD00009C
:10AD300030B51D4887B0002105F0D2FD1B4A1C49E3
:10AD40001C480AF01CF91C4B049310221623CDE971
:10AD50000232122105230024CDE90031174A184997
:10AD600014480594082306F037FF054658B11549E5
:10AD7000154814F0F1FD14480A22294614F066FE25
:10AD8000204607B030BD012211460124094809F0D0
:10AD900087FF009441F2210341F60F5221460548F6
:10ADA0000AF028F8ECE700BFF0320020B86E020885
:10ADB000186F0208B43000209A99D93F00007A42F7
:10ADC0008D6759448C6C02084437002002486FF0AC
:10ADD00000410AF056BB00BFB4300020F8B50B4C60
:10ADE00017460E46014620461D4607F02FF9394604
:10ADF000204609F0A5FB3146204609F03BFB2946D9
:10AE000020460022BDE8F84009F0B9BBB43000206C
:10AE10000146014806F037BEB430002013B5054B9B
:10AE200000936946044B0193044600F04DFC204614
:10AE300002B010BDB06C0208B430002073B51F4ED4
:10AE40001F4B33604820FBF70AFB1E4C054606F0FB
:10AE500089FF2946204606F02BFF1B4B23601B4B26
:10AE60001B4A1A60C3E9014600251A4CC3E9035581
:10AE7000194B2360194BA36000220023C4E904236B
:10AE8000656015F013FAA061154C002200232046DE
:10AE9000C4E90223C4E90423C4E90623114B40F8A2
:10AEA000203B114B4FF001326946CDE900230EF0F3
:10AEB0001BFE84F8585002B070BD00BF70320020F5
:10AEC000386E0208B4300020BC6C020890300020BC
:10AED000C46D020870300020246E0208EF934466AF
:10AEE00010300020986E0208050400767047704705
:10AEF0007047704770477047004870474A0803081A
:10AF000000207047002070474FF07E507047C820E7
:10AF100070474FF47A60704770B50F481646F5F7E2
:10AF200017FEF5F771FA02460B4600200B4915F0A3
:10AF300013FF0B4B0022F5F707F9044630460D4688
:10AF4000F5F740FA02460B4620462946F5F7B4FAD3
:10AF5000F5F762FD70BD00BF9A99593F000024408B
:10AF60000000F03F002370B50446C0E90C33C0E98F
:10AF70000E33C0E91033A0F86030C06D03681B6861
:10AF80009847236820629B6B20469847236820657A
:10AF90001B6A204698470646206DF5F78BFE4FF05A
:10AFA0007E5105463046F5F7D5FD01464FF07E50FF
:10AFB000F5F78CFF01462846F5F7D4FEF6F7D4F8EE
:10AFC000A064E06D03681B689847E064A06D0368A7
:10AFD0001B689847A06D0368DB6A984784F82C00CB
:10AFE00070BD2DE9F0410446C06D03681B689847A9
:10AFF000E56C2368451B1B6A0646204698474FF0C0
:10B000007E51F5F7A7FD01464FF07E50F5F75EFF44
:10B01000236807469B6B2046984780462846F5F7ED
:10B0200049FE3946F5F79EFEF6F79EF8054670B1E3
:10B030004046F5F73FFE3946F5F794FEF6F794F8EB
:10B04000A36CE6641D44A84294BFA064A564BDE857
:10B05000F081F8B51E4613780B7017469A090D4615
:10B0600001D00020F8BD03F003020923D34013F000
:10B07000010319BFB7F80130EB800B81CB801BBFF8
:10B08000B7F803302B81012105217C5CAC80A2093B
:10B09000032AE6D004F03F0402FB0444E2B2402A53
:10B0A000DFD801315418B442DBDC394405F10A0021
:10B0B00019F003F9321B92B2B82A6A80D1D8391933
:10B0C00005F14A0019F0F9F80120CBE710B5044664
:10B0D000406D03681B68984730B9B4F8603043F09E
:10B0E0000103A4F8603010BD00238380438080F802
:10B0F0000231F8E7406D03685B681847C06D03686C
:10B1000010B51B680C469847001B0028D4BF0020D0
:10B11000012010BDC06D036810B51B680C46984730
:10B12000204410BD03682DE9F0411B6805460E461A
:10B130009847044630B9686D036831465B68BDE8DE
:10B14000F0411847012812D06F6D3B6820F07F4115
:10B150002846D3F80880FFF7DDFF220E013A0346A8
:10B1600031463846C446D2B2BDE8F0416047BDE83A
:10B17000F0812DE9F0410446806D0368C2B05B6840
:10B18000FF2202A99847061E77DD2368A06D5F683D
:10B1900003689B6B98470546A06D03685B6B9847F7
:10B1A0002946024602AB20460096B847606D036808
:10B1B0001B689847054600285FD00146334602AA1F
:10B1C0002046FFF746FF002852D0A06D03689B6B16
:10B1D00098474FF08141F5F7C5FDF5F79FFF85F8DA
:10B1E0000201A76D3B683846D3F80C809B6B9847EB
:10B1F000324601463846C0470746A06D03683146CF
:10B200009B689847636903446361236801465B69EF
:10B2100006462046984723682846D3F8088001F060
:10B220000EF93B46024629462046C0472B789B072D
:10B2300026D4A36B0133A363236839465B6A324685
:10B2400020469847312801461DDD666DB0F5FA4F5E
:10B250003368A8BF4FF4FA4120465F6AFFF75AFFF0
:10B26000294602463B46304642B0BDE8F041184709
:10B27000606D036829465B68984742B0BDE8F0817D
:10B28000E36B0133E3632946204642B0BDE8F04159
:10B29000FFF748BFF0B5456D04462B68C06D1E69C9
:10B2A0000368C1B01B68984701462846B04760B3A1
:10B2B0002046FFF796FEA06D0368FF219B68984724
:10B2C000A36CB3EB500F4FEA500520D22368204601
:10B2D0001B6A98470646A06C281AF5F7EBFC4FF05E
:10B2E0007E5105463046F5F735FC01464FF07E505D
:10B2F000F5F7ECFD01462846F5F7E8FDF5F734FFD4
:10B3000001462046FFF706FFA06141B0F0BDA169EC
:10B310002046FFF7F3FE0028F7D0A06D03681B6BF3
:10B320009847F0B1236C01332364E36923B9E06DDE
:10B3300003681B689847E061E06D03681B689847E5
:10B34000E369C51A23682046DB6A9847854243D9DA
:10B35000B4F8603043F00203A4F86030636C01334A
:10B360006364656DE06D0023E3612B68DE6803684C
:10B370001B68984701462846B04760600028C4D043
:10B3800003788DF80030092203F0030322FA03F357
:10B39000DB0741BFC388ADF801300389ADF8033046
:10B3A00054BF0123052382880DF803205D1C027918
:10B3B00000F10A010DEB050001F02CF866687288B7
:10B3C00005445319FF2B0CDD606D036831465B6843
:10B3D00098470023636098E7236820469B6A984754
:10B3E0008EE706F14A010DEB050018F066FFA06D2F
:10B3F000768803682E4431469B6898470546E06D81
:10B4000003681B689847E060A06D036832461B69BB
:10B4100069469847064678B96568236828461F69D3
:10B4200001F00DF8294602462046B84761682046DB
:10B43000FFF760FE666068E705EB45056908204692
:10B44000FFF768FEA06060E7F8B5416A0446FFF7C1
:10B4500055FE78B1A56D2B685E6A236820461B6B8C
:10B46000984701462846B0474FF4FA612046FFF757
:10B4700051FE6062A06D0368DB699847A06D0368A8
:10B48000DB6A984794F82C30834217D084F82C005C
:10B49000B0B9E06D03681B6898472062E06D0368EF
:10B4A0001B689847236AC01AB0F5FA5F82BFB4F8E8
:10B4B000603043F00403A4F8603001E0002BEDD0CD
:10B4C0006368002B69D0A06D03685B69984700280A
:10B4D00000F09D80E06D03681B689847E56823696C
:10B4E000471B3B442361236839469B690646204637
:10B4F00098472046FFF775FDA36C9F427CD9002337
:10B50000A364236820461B6A98470646A06CC0F1D6
:10B510006400F5F7CFFB4FF07E5105463046F5F756
:10B5200019FB01464FF07E50F5F7D0FC0146284646
:10B53000F5F7CCFCF5F718FE01462046FFF7EAFDCB
:10B54000A061A06D03689B69984761688A884888F4
:10B55000930902F03F0203FB0222D2B223680232B7
:10B56000DB6802442046984761680B789B0755BF0B
:10B57000236B636B0133013354BF23636363204642
:10B58000FFF7B8FD00236360236820465B6B984794
:10B5900001462046FFF7BEFDA062236820465B6B94
:10B5A0009847002811DDA16A2046FFF7A7FD60B18A
:10B5B000A06D03689B6A9847236820465B6B984799
:10B5C00001462046FFF7A6FDA062656DE06D2B6881
:10B5D0009E6A03681B68984701462846B0470146A3
:10B5E00010B12046FFF79EFD2046FFF7C2FD204622
:10B5F000BDE8F840FFF74EBE1D44AD1B632DA564AA
:10B600007FF67FAFE06D03681B68984798E7A168F5
:10B610002046FFF773FDA0B1A06D03689B699847B2
:10B6200061688A884888930902F03F0203FB02227E
:10B63000D2B22368023202441B69204698476168EF
:10B640009DE7F8BD2DE9F047064608790C461746F8
:10B65000984600F0CFFE756D88B16388B82B0ED880
:10B660002B6841463046D3F80890FFF753FD3A4621
:10B67000034621462846CC46BDE8F04760472B6884
:10B68000214628465B68BDE8F04718470368DB6938
:10B69000184710B520220446002118F0CEFC2046A1
:10B6A00010BD10B404460846214610BC0AF02ABE5C
:10B6B00010B50446FFF7EDFF4022002104F1200001
:10B6C00018F0BBFC204610BD30B50D4689B00446CD
:10B6D000FFF7DFFF2B6869461B6828462022984742
:10B6E00020466A4604F120010EF020FB204609B0F6
:10B6F00030BD0000F0B5B1B00146044668460EF01A
:10B7000032FB9DF80030013BDBB2FD2B30D81B4BE8
:10B7100020AA03F14007164618685968154603C564
:10B720000833BB422A46F7D1154B08AA03F1200C77
:10B73000174618685968154603C5083363452A46F5
:10B74000F7D12246394610A80EF026FA324669464D
:10B7500018A80EF021FA202218A910A818F043FC0E
:10B7600030B910AB13F8012B2AB901302028F9D1D8
:10B77000002031B0F0BD0120FBE700BF706F020870
:10B78000B16F020838B50C46054601462022204616
:10B79000FFF77CFF20280AD1402205F12001204636
:10B7A000FFF774FFA0F140035842584138BD002014
:10B7B000FCE738B50B680C465B680146054620225D
:10B7C0002046984720280BD1236840225B6805F16A
:10B7D000200120469847A0F140035842584138BD07
:10B7E0000020FCE73F2A70B51ED95F2A00F1200334
:10B7F00000F1600407D853F8042B41F8042BA3424E
:10B80000F9D1402070BD1A460D4652F8046B45F838
:10B81000046BA242F9D1403150F8042B41F8042BBB
:10B820009842F9D16020EDE70020EBE7602A30B4C0
:10B830000B4613D10A4603F1400400F1200152F8EF
:10B84000045B41F8045BA242F9D1603352F8041B57
:10B8500040F8041B9A42F9D130BC7047402AFBD112
:10B8600000F120010A4603F1400453F8045B42F85A
:10B87000045BA342F9D130BC0EF075BA13B504468F
:10B88000084611461A4604F12003009323460FF0A0
:10B8900079F802B010BD0B46114600F1200218469F
:10B8A0000EF07AB90020704770477047704700204B
:10B8B00070477047704770470020704700207047FE
:10B8C00000207047002070470020704770B5846DDD
:10B8D0002368054608469E6800F0B1FD01462046F3
:10B8E000B047052204460021A86E00F0FDFD342378
:10B8F0005C436423B4FBF3F4604370BD08B50422D9
:10B900000121806E00F0F0FD7823584308BDFFF759
:10B9100029BBFFF799BD70B50446C06E03681B686C
:10B920000E4698472368054602465B6C2046314622
:10B930009847284670BDF8B58B8803F03F04013C5A
:10B94000E4B223F03F031C438C80A40901340D466C
:10B95000E4B201F10A060027AB8803F03F0313FBB2
:10B9600004F3BB4200DCF8BD304626442246314693
:10B97000274418F0A2FCEFE7F8B50A788B88920705
:10B9800006460C4601D50020F8BD03F03F079B0991
:10B990000133DBB207FB0333402B07F10105F2DC77
:10B9A00003681B6C98470028EDD0A28892090132E9
:10B9B000D2B207FB024006F170010A3018F07DFC9C
:10B9C000A38823F03F031D433368A5809B6C214669
:10B9D00030469847A38803F03F03013340EA0360F1
:10B9E000D2E72DE9F043202B93B080460E46174650
:10B9F0001D4603D8FFF76AFB044620B90024204601
:10BA000013B0BDE8F0830346102203F84A2B06F179
:10BA10002009324652F8041B43F8041B4A45F9D169
:10BA2000D8F8640003681B6898472A46C4F86A007F
:10BA30008046394604F1AE0018F03FFC05F164037E
:10BA400063800DF1040C334618685968624603C2DE
:10BA500008334B459446F7D12A4639460AA8CDF813
:10BA6000248018F02AFC05F1240301AA04F16E01D8
:10BA70003046FFF703FFC2E72DE9F04FAFB099461C
:10BA80009DF8E0A0DDF8EC804FEA9A130AF03F043D
:10BA900003FB044408F105032344A62B06468B460A
:10BAA000174604D9002528462FB0BDE8F08FFFF7D0
:10BAB0000DFB05460028F5D0202303709BF80030CD
:10BAC00080F84A3096F8703080F84B30494622466C
:10BAD0000DF101008DF800A004F1020918F0EDFB52
:10BAE00004F1B9030DEB09006B44B8F1000F12D05B
:10BAF0009DF8E42003F8B82C3A99424618F0DDFB93
:10BB000008EB09036A4605F14C01384600F009FECE
:10BB100002306880C7E7FF2203F8B82CB36E1A68BA
:10BB20000146166818460422B047A31DEAE77FB510
:10BB300009788DF814100B9903910A9902919DF8D8
:10BB4000241001919DF82010009105A9FFF794FFA2
:10BB500007B05DF804FB2DE9F8430229DDF82490D5
:10BB600007460D4690461E4603D809F11103B82B2F
:10BB700003D900242046BDE8F883FFF7A7FA04465E
:10BB80000028F6D0AD00057098F8003080F84A30F3
:10BB900097F8703080F84B3000F14C01089A4B4612
:10BBA000304600F0BEFD02306080E3E710B50C4681
:10BBB000FFF78CFA28B10C2303700423C0F84A4025
:10BBC000438010BD38B50D461446FFF77FFA50B1DB
:10BBD00028232401037044F00304052380F84A401D
:10BBE000C0F84B50438038BD2DE9F0470B78FF2B50
:10BBF00004460E46904648D00368D1F84A901B6D23
:10BC0000984706F10A0A0546DDB949462046FFF77E
:10BC1000CDFF0746002838D0327906F10A010A30F4
:10BC200000F007FC3B78B88023F0030343F00203E5
:10BC30003B702A46434639462046BDE8F047FFF7A9
:10BC400001BD23683146DB6C2046984700F59670AD
:10BC500080442A4649462046FFF7B4FF074688B18C
:10BC6000327951460A3000F0E4FB3B78B88023F08B
:10BC7000030343F002033B7000224346394620464B
:10BC8000FFF7E0FC013DEDB2BEE7BDE8F08770B51F
:10BC900091F84A6006F00F03032BC2B005460C462C
:10BCA0002ED14B88042B2BD901A800F09EFB2378C2
:10BCB00022798DF8043004F10A010DF10E0000F034
:10BCC000B8FB6288ADF80800013A92B204F14B016A
:10BCD0000DF14E00ADF8062018F0EFFA01A9284644
:10BCE000FFF719FE60B901A92846FFF724FE3609BF
:10BCF0004FF4967206FB022201A92846FFF774FF53
:10BD0000002042B070BDB82A70B50E46154603D863
:10BD1000FFF7DCF9044610B90024204670BD2C233F
:10BD200000F84A3B2A46314618F0C7FA6580F4E726
:10BD30002DE9F0410D781746C5F38302092A06461E
:10BD40000C4620D0013BDAB2022A1CD825F00305AC
:10BD500045F001050D70C06E9B018B8003681B6868
:10BD600098472378C3F38303082B0AD0042B14BF0E
:10BD7000012203223B4621463046BDE8F041FFF751
:10BD800061BC0222F6E7BDE8F0812DE9F0411F46D3
:10BD90000B789DF818500646C3F3830009280C461B
:10BDA00022D0013DE8B202281ED823F003030B7015
:10BDB0001388F06ECB8053880B810368AD011B683C
:10BDC0008D8098472278C2F38302082A0AD0042A79
:10BDD00014BF012203223B4621463046BDE8F04114
:10BDE000FFF730BC0222F6E7BDE8F0812DE9F04113
:10BDF0000C46069F257825F0030545F002052570C1
:10BE0000C5F38305092D06461146984618D160886A
:10BE10004A301A46204418F050FA6388434463803D
:10BE20000023A3800525F06E036821461B68984710
:10BE30003B462A4621463046BDE8F041FFF702BCAA
:10BE40001A4604F10A0000F0F4FA2578A080C5F340
:10BE50008305A5F108035D425D41E4E72DE9F04F5C
:10BE60000A7802F00303023B012BF1B005460C46B1
:10BE700064D8C2F38303092B8E8853D13F2E1AD87E
:10BE800091F852E04F88D1F84A20D1F84E300EF0A8
:10BE9000030C093F06FA0CF6FFB21FFA86F8474575
:10BEA0000BD80A3405680397CDE900E401F1530685
:10BEB00002962C6EA047002031E05336012200F19B
:10BEC000700102FA0CF2A01918F08DF80028F2D1D6
:10BED0002B6821461B6C284698470028EBD021464A
:10BEE0002846FFF718FD0028E5D194F90201F4F780
:10BEF000E5FE4FF07A51F4F735FF4FF08141F4F74A
:10BF000031FFF5F70BF9A3885A1C2344A2809872DD
:10BF10002B682146DB6C2846984740F0C06071B022
:10BF2000BDE8F08F0B2B06F03F063DD191F94A306A
:10BF3000002B33DB002E44D1930706D42B68214617
:10BF4000DB6B284698470028B5D12378C3F38302DA
:10BF50000F2AB0D801A151F822F000BF81C000081B
:10BF600081C0000881C000084BC000087BC20008E7
:10BF700001C2000801C2000889C1000881C0000890
:10BF8000B7BE000849C30008B7BE0008B7BE000826
:10BF9000B7BE0008B7BE000825C30008002E8AD12E
:10BFA00003685B6F984786E7002EC5D0032B08D146
:10BFB0004B88032B05D90368D1F84A20D3F8843085
:10BFC0009847A28892090132D2B205F1700104F1BA
:10BFD0000A0018F008F800287FF46DAF2B6821469E
:10BFE0001B6C2846984700283FF465AF2378C3F3BD
:10BFF00083030A2B2146284604D171B0BDE8F04FD7
:10C00000FFF745BE032B0FD1FFF785FC064600283E
:10C010007FF451AF21462846FFF78DFC324621467A
:10C020002846FFF7E1FD46E7FFF775FC00287FF49F
:10C0300042AF21462846FFF77EFC2B682146DB6C89
:10C040002846984740F0807069E76388D4F84A60D2
:10C05000032B7FF630AF21462846FFF75CFC002813
:10C060007FF429AF2B683246D3F884302146284626
:10C0700098472146284671B0BDE8F04FFFF77CBCD9
:10C0800094F84B308DF81830638894F84A60042B8C
:10C090007FF611AF21462846FFF73DFC8146002878
:10C0A0007FF409AF95F87030B3425CD12B6806A9D4
:10C0B0005B6D2846984704F14C0806460EAF0DF11B
:10C0C000BC0AB1454FDA2B684A469B6D3946284673
:10C0D000984763884246023B5146384600F045FB8C
:10C0E000031E4EDD22782968C2F38302082A3FD15D
:10C0F0009AF800804FEA981208F03F0602FB0666A5
:10C10000B21C9B1A56445244DBB2039204937378D8
:10C1100003F00F03CDE901830DF1BD060096D1F8C0
:10C1200064A03B464A4621462846D047C8B12378FA
:10C1300013F0020315D1CDE9023301932379009363
:10C1400006A904F10A033A462846FFF795FC014682
:10C1500038B14FF4FA730093324643462846FFF74E
:10C1600045FEFF23237021462846FFF705FCD6E64F
:10C17000CDE901A30097CE6D4B4621462846B04736
:10C18000EFE709F101099CE7638894F84A60232BE3
:10C190007FF691AE21462846FFF7BDFB00287FF4CD
:10C1A0008AAE95F87030B3427FF463AF04F14B066A
:10C1B00006AA04F16B0730687168134603C308369A
:10C1C000BE421A46F7D106AA0EA905F17000FFF784
:10C1D00062FB63882FAF213B324639460EA800F040
:10C1E000C4FA00287FF745AF2B68CDE900700EAA8E
:10C1F000DE6E214606AB2846B047FF23237038E7A2
:10C2000094F84A308DF818306388032B7FF653AECC
:10C2100021462846FFF77FFB064600287FF44BAEF9
:10C220002B680EAADF6F06A904232846B84704F13D
:10C230004B0A80460DF139090DF1BC0B464592DAE7
:10C2400063884846013B5246594600F08EFA002862
:10C2500009F121090FDD2B682278CDE900B006EB4A
:10C260004616D3F880700EAB3344C2F383022146E6
:10C270002846B84777E70136E0E70EA8FFF709FA46
:10C280000EAE04F14A0304F16A0718685968324691
:10C2900003C20833BB421646F7D16388D4F86A90CC
:10C2A000632B7FF608AE20220EA905F1700017F06F
:10C2B0009AFE00283FF4FFAD21462846FFF72BFBEE
:10C2C00000287FF4F8AD0EAF0FCF2FAE0FC6B4F835
:10C2D000028097E80F00A8F16408B8F1200FA8BF0A
:10C2E0004FF0200804F1AE0A86E80F00424651469E
:10C2F00038A8CDF8DC9017F0E0FF08F124032FAA4E
:10C3000004F16E010EA8FFF7CCF900283FF4D3AD7D
:10C310002B68CDE900A80EAA9E6E21464B46284602
:10C32000B04720E703F00303023B012B3FF6C3AD08
:10C3300021462846FFF7EFFA00287FF4BCAD2B68B2
:10C3400021469B6F28462DE66288022A7FF6B3AD10
:10C3500094F84A3003F00F03032B7FF4ACAD042AAA
:10C360007FF6A9AD2FA800F040F8237822798DF848
:10C37000BC3004F10A010DF1C60000F05AF86288E1
:10C38000ADF8C000013A92B204F14B010DF5837093
:10C39000ADF8BE2017F091FF2FA92846FFF7BBFA92
:10C3A00000287FF488AD2B68DDF80621D3F88430AF
:10C3B0002FA9284698477EE52DE9F0410D7825F014
:10C3C000030545F002050D700646C06E03680025A2
:10C3D00017460C468D801B6898473B462A462146E7
:10C3E0003046BDE8F041FFF72DB90022027082808F
:10C3F0004280704700F03F038009032800F10102EA
:10C4000006D013FB02F04028CCBF0020012070476B
:10C410000020704710B5930902F03F0403FB044469
:10C42000402C04DC224617F048FF204610BD0024B3
:10C43000FBE710B51446FFF7EDFF204610BD8388DB
:10C440009A0903F03F0302FB033342880078DBB212
:10C45000023310F00300134405D0C21E5042504175
:10C460008000184470470420FBE730B50446A1B0B3
:10C4700002A80D460AF022F823780122C3F38303B1
:10C480000DF1070102A88DF807300AF0FFF89DF8BA
:10C490000730092B04D10222211D02A80AF0F6F868
:10C4A000628804F14A0102A80AF0F0F808220DEBB4
:10C4B000020029460AF01CF902A809F0E5FF21B0A4
:10C4C00030BDA0F14103052B02D83738C0B2704708
:10C4D000A0F16103052B01D85738F7E73038C0B217
:10C4E0000A2828BF0020704737B503681446042285
:10C4F0000D461B680DEB020198470198621BB0FBCB
:10C50000F2F302FB1300284403B030BDF0B50B4D2D
:10C5100003468E18B14203F1020303D1002300F851
:10C520001230F0BD11F8014B270904F00F04EF5D44
:10C530002C5D03F8027C03F8014CEBE76470020801
:10C540002DE9F041DFF8308005460C468F18BC42DB
:10C5500001D1BDE8F08114F8016B330906F00F0634
:10C5600018F80310284613F0FBF918F806102846AF
:10C5700013F0F6F9EBE700BF64700208F8B5064661
:10C5800010460D461446F4F783FEB0EB450F17D165
:10C59000224631468B1BAB4202F1020201DB012035
:10C5A000F8BD12F8020C12F8017CFFF78AFF04466E
:10C5B0003846FFF786FF40EA041001F8010BE9E76F
:10C5C0000020EDE7F0B504460020074625780DB1C0
:10C5D000904208DB214614F8012B1AB19A42F9D196
:10C5E00000230B70F0BD41F8204025462E782C46E4
:10C5F00001351EB19E42F9D127702C460130E5E786
:10C60000F0B59FB01F461646044668460D4609F031
:10C6100055FF3A46314668460AF038F82A46214620
:10C6200068460AF065F8684609F02EFF1FB0F0BDB5
:10C63000F0B59FB01F461646044668460D4609F001
:10C640003DFF3A46314668460AF020F8DDE92412FB
:10C6500068460AF01BF82A46214668460AF048F860
:10C66000684609F011FF1FB0F0BD2DE9F041B0B0F0
:10C67000064601A815460C461F4609F0E9F8314662
:10C68000102201A809F094F82E46A6EB0508B8453B
:10C6900006DB01A809F072F8404630B0BDE8F08131
:10C6A0003246214601A809F0C3FA10341036ECE7EF
:10C6B0002DE9F043B5B0064605A81C460F461546C1
:10C6C00009F0C6F83146102205A809F071F807EB09
:10C6D00004092E190F2CA9EB0405A6EB040819DC9C
:10C6E000002C0FDD1022002101A817F0A6FC224625
:10C6F000414601A817F0E1FD294601AA05A809F065
:10C7000083F9103505A809F039F8ED1B284635B036
:10C71000BDE8F0834246294605A809F075F9103CAA
:10C72000D8E7F0B58F1CA1B00E4639460546FFF795
:10C73000BFFF044602A809F0C1FE294602A8202234
:10C740000AF023F82246394602A809F09FFF022387
:10C75000009320223346294602A80AF02EF802A8A8
:10C7600009F092FEA01C21B0F0BD2DE9F043022B90
:10C77000A3B005460F4616461C4603DC002023B036
:10C78000BDE8F08304A809F099FE06F10208202212
:10C79000294604A8023C09F0F8FF4FF0020922469E
:10C7A000414604A809F072FF2022294603AB04A8E1
:10C7B000CDF800900AF001F804A809F065FE4A4699
:10C7C000314603A817F00FFC0028D7D12346424674
:10C7D00039462846FFF749FFD1E703780B704278C6
:10C7E00062B343F010030B708368C1F80130C36873
:10C7F000C1F805300923028A32B10A7842F02002DA
:10C800000A70028ACA520233428A32B10A7842F06E
:10C8100040020A70428ACA520233426862B11278F8
:10C8200052B10A7862F07F020A704268013A12F847
:10C83000010F08B1202B03D1D8B270470123DAE7EA
:10C84000C8540133F3E738B50023837004460878F1
:10C85000E362C4E909336370C30641BFD1F8013014
:10C860006362D1F80530A3624CBF0923012385061A
:10C8700042BFCD5AA5850233450642BFCD5AE58554
:10C8800002339A4220700DDB000609D5D51A07D075
:10C890002A461944A01C17F010FD6219002393705A
:10C8A00001236370204638BD01480AF06BBE00BF0B
:10C8B000783200202DE9F04307460024ADF5037DD2
:10C8C00008463960C7F8844C3E4990460AF08BFF11
:10C8D00000284DD03AA83B4A396823460AF079FF30
:10C8E0003AA80BF0DEF8002842D04FF0A00912A8B9
:10C8F000FEF7CFFEA022002112A817F09EFB2022F7
:10C9000002A93AA80BF04BF8202804462DD10122A9
:10C910001AA93AA80BF043F80128054625D10422AC
:10C9200035A93AA80BF03BF804281ED1022201A930
:10C930003AA80BF034F8022817D12A460DF1690104
:10C940003AA80BF02CF801280FD140220DF16A0112
:10C950003AA80BF024F8402807D122460DF1AA018D
:10C960003AA80BF01CF8202806D03AA80BF051F892
:10C970000DF5037DBDE8F08302AD0FCD0AAC0FC409
:10C9800095E80F0084E80F000AAE0FCE12AD0FC578
:10C9900094E80F0085E80F00404602AA0DF1AA01B5
:10C9A000FEF779FFD7F8840C1328DEDC431C09FB63
:10C9B0000070C7F8843CA02212A9043017F07DFC57
:10C9C00095E700BF757002082DE9F843D0F8849C04
:10C9D0000E461746041D0025A94504DC4FF000084B
:10C9E0004046BDE8F88321463A46304617F0FBFA48
:10C9F000A046A0340028F3D00135EDE72DE9F74F2C
:10CA0000D0F8848C05460C46914600F6E436071DA6
:10CA10004FF0000A4FF0FF3BD04525DCB8F1140F72
:10CA200007D008F10103C5F8843CA02303FB085597
:10CA30002E1DA0220021304617F0FFFA234686F86B
:10CA40002090344603F1200518685968224603C235
:10CA50000833AB421446F7D1FF2386F82130334622
:10CA6000184603B0BDE8F08F2022394620460197D2
:10CA700017F0B9FA3B460028F2D097F8203003F0BF
:10CA80000303032B05D0D7F888305B453CBF3E46F7
:10CA90009B460AF1010AA037BEE700002DE9F041EC
:10CAA00088B015469DF8388018F0030F04460F46ED
:10CAB0001A461FD12946FFF787FFE8B1D4F8845CF6
:10CAC0001C4A6B1EC4F8843C231DC31A58115043E2
:10CAD0002A1AA0214A43A03A03F1A4010433854253
:10CAE000D8BF00222144E01817F08DFA012008B0C9
:10CAF000BDE8F0811F2B01DC0020F8E76A462B46D9
:10CB000005F1200E944618685968164603C6083386
:10CB100073453246F7D1614600222046FFF76EFF8B
:10CB20002A4680F8208000F162013846FEF7B3FE05
:10CB3000DCE700BFCDCCCCCC2DE9F0430C46CBB02C
:10CB4000016006463149204617460AF058FE02A801
:10CB50002E4A012321460AF03CFE02A80AF0A1FF5A
:10CB6000E0B10025ADF8045006F16604D6F8843C27
:10CB7000AB4210DD14F8423C13B90135A034F5E79F
:10CB8000A4F162086FB94146202202A80AF04BFEC8
:10CB9000202880460AD002A80AF03BFF4BB0BDE82F
:10CBA000F0834046B8470028EDD1E6E70122A4F122
:10CBB000420102A80AF037FE01288146EBD1042287
:10CBC00004F12A0102A80AF02EFE0428E3D1022271
:10CBD00001A902A80AF027FE0228DCD14A46A4F1E6
:10CBE000410102A80AF01FFE0128D4D14022A4F17D
:10CBF000400102A80AF017FE4028CCD14246214647
:10CC000002A80AF010FE2028B7D0C4E77570020809
:10CC100010B5421E0A24002012F8013F303BD9B261
:10CC2000092900D910BD04FB0030F5E72DE9F041DA
:10CC3000F6B02EAD0446002328460AF0CAFD284669
:10CC40000AF02FFF002800F0BE8261680422284607
:10CC50000AF0A5FE61682022043128460AF09FFEF2
:10CC6000042204A928460AF09AFE616808222831A5
:10CC700028460AF094FE61680822303128460AF0FE
:10CC80008EFE61681022383128460AF088FE6168FD
:10CC90000422483128460AF082FE616801224C31A4
:10CCA00028460AF07CFE616801224D3128460AF0D0
:10CCB00076FE616801224E3128460AF070FE01229C
:10CCC00004A928460AF06BFE616804225031284608
:10CCD0000AF065FE61680422543128460AF05FFEBE
:10CCE00061681022583128460AF059FE6168042212
:10CCF000683128460AF053FE042204A928460AF0A7
:10CD00004EFE61680122703128460AF048FE6168D3
:10CD10000122713128460AF042FE61680122723117
:10CD200028460AF03CFE61680122733128460AF069
:10CD300036FE61680422743128460AF030FE6168CC
:10CD400001227A3128460AF02AFE6168012201F2A6
:10CD5000211128460AF023FE6168012201F5917134
:10CD600028460AF01CFE012204A928460AF017FEF4
:10CD700061680122783128460AF011FE61680122BB
:10CD80004F3128460AF00BFE6168012279312846AE
:10CD90000AF005FE616801227B3128460AF0FFFD9A
:10CDA000616802227C3128460AF0F9FD616801229F
:10CDB0007E3128460AF0F3FD61680422803128465E
:10CDC0000AF0EDFD61680122843128460AF0E7FD92
:10CDD00061681022853128460AF0E1FD6168012270
:10CDE000953128460AF0DBFD032204A928460AF003
:10CDF000D6FD61680122963128460AF0D0FD6168AF
:10CE00000422983128460AF0CAFD616801229C314B
:10CE100028460AF0C4FD61680422A03128460AF0C1
:10CE2000BEFD61680422A43128460AF0B8FD61689D
:10CE30007822A83128460AF0B2FD6168012201F586
:10CE4000907128460AF0ABFD63680422D3F8248170
:10CE5000CDF80C8003A928460AF0A1FD63680428D8
:10CE600004BF039AC3F824210DF1070193F8283178
:10CE70008DF80730012228460AF091FD012802BFF3
:10CE800063689DF8072083F828216368012293F8DE
:10CE900029318DF8083002A928460AF080FD0128C2
:10CEA00002BF63689DF8082083F829211C22002115
:10CEB0000DEB0200069117F0C0F8202206A92846C3
:10CEC0000AF06DFD20280EAF0CD1626806AB02F5AA
:10CED00095721E4603CEBE4210605160334602F189
:10CEE0000802F6D13C2200210DEB0200396017F058
:10CEF000A4F84022394628460AF051FD40281EAECB
:10CF00000BD1636803F5A5733A4603CAB2421860B1
:10CF10005960174603F10803F6D100213C221FA8EF
:10CF2000316017F08AF84022314628460AF037FD72
:10CF300040280BD1636803F5C573324603CAAA4281
:10CF400018605960164603F10803F6D1636802229F
:10CF5000B3F8CA31ADF80A300DF10A0128460AF0DB
:10CF60001EFD6368022804BFBDF80A20A3F8CA2189
:10CF70000DF1090193F8CC318DF8093001222846D2
:10CF80000AF00DFD012802BF63689DF8092083F8AF
:10CF9000CC216668376D00213846F4F781F8002807
:10CFA00040F0148190493846F4F798F800B18E4F5C
:10CFB0003765776D00213846F4F772F8002840F0A5
:10CFC00007814FF080413846F4F788F808B14FF0F8
:10CFD00080477765B76E00213846F4F761F800287E
:10CFE00040F0F8804FF080413846F4F777F808B108
:10CFF0004FF08047B766376800213846F4F750F89D
:10D00000002840F0E98079493846F4F767F800B124
:10D01000764F3760B76C76493846F4F741F8002808
:10D0200040F0DC8073493846F4F758F800B1714F8E
:10D03000B764776F70493846F4F732F8002840F04B
:10D04000CF806E493846F4F749F800B16B4F96F837
:10D05000703077670C2B28BF0C23052B38BF0523B6
:10D0600086F87030626892F87130082B28BF082368
:10D07000052B38BF052382F87130626892F94C3075
:10D080001E2BA8BF1E236FF008018B42B8BF0B46B2
:10D0900082F84C30626892F87330012B28BF01236C
:10D0A00082F873306768D7F8A46000213046F3F740
:10D0B000F7FF002840F0968051493046F4F70EF80B
:10D0C00000B14F4E97F82131C7F8A460022B28BF5A
:10D0D000022387F82131626892F87B30012B28BF48
:10D0E000012382F87B306368B3F87C2042F2107130
:10D0F0008A4228BF0A46A3F87C2093F87E20012AA2
:10D1000028BF012283F87E206268D2F88030B3F510
:10D11000E13F28BF4FF4E133B3F5165F38BF4FF45A
:10D120001653C2F8803092F884300E2B28BF0E239D
:10D1300082F884306368B3F8CA211AB941F26802F0
:10D14000A3F8CA2193F89520012A28BF012283F869
:10D150009520626892F8CC31012B28BF012382F818
:10D16000CC31626892F89630012B28BF012382F8F7
:10D170009630626892F89C30022B28BF022382F816
:10D180009C30626892F82031012B28BF012382F87D
:10D1900020316468D4F8246100213046F3F794FF0D
:10D1A00028B14FF07E513046F3F784FF08B9C4F838
:10D1B000248194F82931012B28BF012384F82931D7
:10D1C00028460AF026FC76B0BDE8F0810027EFE69D
:10D1D0000027FEE600270DE700271AE7044F27E7A0
:10D1E000054F34E700266DE70000A0410000104124
:10D1F0000000164300401C459A99F9400000FA438C
:10D2000000002041426892F84E305B003B2BDCBFAF
:10D21000002382F84E30806803681B6818470000BE
:10D220002DE9F0431446426892F89C3087B0151DF2
:10D2300063B98DF804108DF805300295214601A8D8
:10D240000593FFF7CAFA07B0BDE8F083012B1FD1A1
:10D250000269D2E90289D2E904678DF804108DF8D9
:10D26000053040460EA3D3E9002349460295F3F763
:10D2700023F9F3F7D1FB0AA3D3E90023039039463E
:10D280003046F3F719F9F3F7C7FB00230490D5E70D
:10D29000D2E90A89D2E90C6701238DF80410DEE790
:10D2A0000000000080842E412DE9F047171DA8B032
:10D2B000044689461546A4490A2238461E4616F0F9
:10D2C00092FE00284AD105F10E0015F062FCF3F73A
:10D2D000EBFB4FF07E510546F3F7E2FE20B99B4988
:10D2E0002846F3F7FBFE30B19949304628B0BDE837
:10D2F000F04716F0DABF294694486768F3F7E6FD71
:10D300004FF07E51F3F724FC38602046FFF77AFF98
:10D3100063684FF07E511868F3F71CFC01468B4898
:10D32000F3F7D4FD0546F3F7F9FE0446F3F7C6FC20
:10D3300001462846F3F70CFC8649F3F713FD4FF03E
:10D340007C51F3F707FCF3F7E9FE834903462246D5
:10D35000304628B0BDE8F04716F084BD7F4903226F
:10D36000384616F040FE50B9E81D15F012FCF3F7F0
:10D370009BFB656828602046FFF744FF2AE3784955
:10D380000B22384616F02FFE38B905F10F0015F0C4
:10D3900003FC636883F87900EDE77249132238468D
:10D3A00016F021FEC0B905F1170015F0F5FB0028B5
:10D3B0006368B8BF0330801083F87A002046FFF717
:10D3C00021FF6368684993F87A209200304628B0BC
:10D3D000BDE8F04716F046BD64490B22384616F00A
:10D3E00002FE38B905F10F0015F0D6FB636883F82B
:10D3F0007300C0E75E491022384616F0F4FD60B9AC
:10D400005C49022205F1140016F0EDFD6368B0FAE4
:10D4100080F0400983F87200ADE75749162238467C
:10D4200016F0E1FD90B905F11A00FFF7F1FB431E7C
:10D43000012B01D9A82801DD504956E7636883F81C
:10D440004F00A0680368DB69984794E74C491022B5
:10D45000384616F0C8FDA8B905F11400FFF7D8FB4F
:10D46000431E3A2B01D9F02802DD46493C22ADE7A4
:10D47000636800EBD070401083F84E00A06803682A
:10D480009B69E1E740490F22384616F0ACFD38B9F8
:10D490006068102205F11301583002F06BFA6AE758
:10D4A0003A490822384616F09EFD38BB05F10C02B9
:10D4B00040216846FFF762F8F0B16846FEF71AF9B6
:10D4C000D0B110A8FEF7F4F840220DEB0200694637
:10D4D000FEF7ACF9A068036810A91B6D98472C49AA
:10D4E000304616F0E2FE202210A906F12100FFF7D7
:10D4F0000DF828B0BDE8F0872649F6E62649052252
:10D50000384616F070FD00284CD1244905F1080278
:10D5100012F8013F2BB96068202205F1090104309F
:10D52000BBE73A2B09D8292BF2D92A3BDBB221FAE7
:10D5300003F3DB07ECD51A49D7E63F2BFBD05B3B67
:10D54000022BE5D8F7E700BFED7002080000C842E3
:10D55000F8700208000020411771020824710208C7
:10D5600028710208347102084871020864710208C7
:10D5700070710208287B0208817102089871020804
:10D5800087710208BD710208E5710208F571020891
:10D59000FE710208207202082F72020805000100C5
:10D5A0007B7402089B490722384616F01CFDC0B95F
:10D5B0009949032205F10B0016F015FD6368B0FAD6
:10D5C00080F0400983F84D002046FFF71BFE63689A
:10D5D000924A93F84D10924B00290CBF1146194600
:10D5E00083E690490F22384616F0FDFCD0B913357A
:10D5F0008D490222284616F0F6FCD8B18B49042248
:10D60000284616F0F0FCB0FA80F04009636883F811
:10D61000CC012046FFF7F6FD6368854A93F8CC11EC
:10D62000844BD9E784490A22384616F0DCFC18B945
:10D630000E35DDE70120E9E780490622384616F07D
:10D64000D2FC8046002857D104F11C0305F10A01E1
:10D6500018461D4616F029FE2C23042210A9284640
:10D66000FEF7B0FF071E45DD1098414616F024FA7C
:10D67000012F82463ED01198414616F01DFA022F26
:10D68000814637D0129815F087FA032F054604D04B
:10D69000139815F081FA5FFA80F869495046F3F75C
:10D6A00013FD38B367495046F3F704FD10B3EDB2EC
:10D6B0006B1F072B1ED8A8F10503032B1AD862494C
:10D6C0004846F3F701FDA8B160494846F3F7F2FC7C
:10D6D00080B1636883F87050636883F87180636811
:10D6E000A068C3F848A0C3F8749003681B68984703
:10D6F0005749FAE55749F8E557490422384616F0E4
:10D7000072FC38B905F10800676815F042FAC7E9FC
:10D710000A0130E651490422384616F064FC38B953
:10D7200005F10800676815F034FAC7E90C0122E634
:10D730004B490822384616F056FC78B905F10C0022
:10D7400015F027FAF3F7B0F900210546F3F7BCFC12
:10D7500010B163681D650EE64249C6E542490822DC
:10D76000384616F040FC70B905F10C0015F011FABE
:10D77000F3F79AF900210546F3F7A6FC0028EBD051
:10D7800063685D65F7E539490A22384616F02BFCD7
:10D7900060B905F10E0015F0FFF9C0B2402803D8BA
:10D7A000636883F87800E6E531499EE53149122245
:10D7B000384616F018FCB0B905F1160015F0E9F975
:10D7C000F3F772F900210546F3F77EFC48B14FF0FC
:10D7D0007E512846F3F76EFC18B16368C3F82451F4
:10D7E000C9E5254981E525491122384616F0FBFB9C
:10D7F000002847D105F1150015F0CEF96B7D303BBF
:10D80000092B05D8FF2803D8636883F82801B2E5FF
:10D810001B496AE535720208D4750208987002083F
:10D82000817002083D720208287B020866750208B2
:10D83000CD700208AE7002084D7202086E790208BF
:10D840000000164300401C450000E0400000FA4381
:10D85000587202086D720208897202088E720208FC
:10D86000937202089C72020870730208B672020872
:10D87000C1720208CF720208E2720208067302083F
:10D88000187302087A491522384616F0ACFBF0B935
:10D89000193578492846F3F7F1FC20B17649284636
:10D8A000F3F7ECFC20B96368012283F8292162E5D3
:10D8B00072492846F3F7E2FC20B171492846F3F794
:10D8C000DDFC10B963680022EFE76E490DE56E4993
:10D8D0000F22384616F087FB78B905F1130015F0D2
:10D8E00058F9F3F7E1F800210546F3F7EDFB0028BE
:10D8F0003FF432AF63689D663DE564490B223846CC
:10D9000016F071FB98B963680E35A83315F8011F3E
:10D9100021B16268A8329A1A762A02D900221A70B6
:10D9200029E57C2908BF0A2103F8011BEEE75849C5
:10D930000F22384616F057FB60B905F1130015F0B9
:10D940002BF9C0B2022803D8636883F8210112E5DD
:10D950005049CAE450490C22384616F044FB18BB23
:10D96000103546490322284616F03DFBA0B14B492D
:10D970000722284616F037FB68B149490822284695
:10D9800016F031FB60B147490622284616F02BFB02
:10D9900040B14549A9E40120636883F82201EAE423
:10D9A0000220F9E70320F7E740490322384616F042
:10D9B0001AFB88B9E81D15F0EFF8636883F84C008E
:10D9C0002046FFF71FFCD4E90120036892F94C10B0
:10D9D000DB6A9847364988E4B9F1000F11D135491F
:10D9E0000522384616F0FFFA58B905F1090015F07E
:10D9F000D0F8F3F759F86568A8642046FFF702FCF1
:10DA000076E62D490F22384616F0EDFA68BB05F18F
:10DA1000130015F0BEF8F3F747F863680146C3F842
:10DA2000A400E06803689B689847C0B12046FFF7F0
:10DA3000E9FB6368D3F8A44000212046F3F726FBF6
:10DA400008B11E4951E42046F2F7DEFC0B461C49A2
:10DA50000246304628B0BDE8F04716F003BA6368C6
:10DA600018490022C3F8A4203FE417493A46ADE420
:10DA700039730208287B020804730208D47502086F
:10DA8000157102084F73020869730208797302085E
:10DA90008573020895730208AE730208DA750208EE
:10DAA000E4750208EF750208BB730208ED73020803
:10DAB000F2690208F1730208F7730208077402089A
:10DAC0002B74020847740208687402082DE9F041BB
:10DAD000151D96B0064688461746A24909222846D3
:10DAE0001C4616F080FA28BB73684FF07E51186808
:10DAF000F3F730F801469C48F3F7E8F90646F3F7E8
:10DB00000DFB0546F3F7DAF801463046F3F720F847
:10DB10009649F3F727F94FF07C51F3F71BF8F3F729
:10DB2000FDFA934903462A46204616B0BDE8F04167
:10DB300016F098B98F490222284616F054FA30B9E7
:10DB40007368186801F030FF02468B4909E08B4981
:10DB50000A22284616F047FA48B9736893F87920E4
:10DB60008749204616B0BDE8F04116F07BB98549DB
:10DB70001222284616F037FA20B9736893F87A20F3
:10DB80009200EDE780490A22284616F02CFA18B9CF
:10DB9000736893F87320E3E77C490F22284616F058
:10DBA00022FA40B9736893F87210794A794B0029C8
:10DBB00018BF1A46C9E778491522284616F013FA05
:10DBC00018B9736893F84F20CAE7744911222846A0
:10DBD00016F009FA18B97368D3F82401B2E770494E
:10DBE0001022284616F0FFF920B973686D4993F8A2
:10DBF0002821B6E76C491422284616F0F4F918B922
:10DC0000736893F82911D0E7B8F1000F17D167496D
:10DC10000B22284616F0E7F938B9B06803685B6C48
:10DC2000214616B0BDE8F041184761490B2228464D
:10DC300016F0D9F918B9B06803689B6CF0E75D4934
:10DC40000F22284616F0CFF920B9736893F84E20BA
:10DC5000520085E758490E22284616F0C4F910B93B
:10DC60007268583271E7B8F1000F1BD1534907228F
:10DC7000284616F0B8F9A8B9B0680368DB6C984775
:10DC8000402206A9FDF7AEFD1C36024606A9304625
:10DC9000FEF73CFC38493246204616F0E3F816B051
:10DCA000BDE8F08146490422284616F09CF910B9D7
:10DCB0007268043249E743490622284616F093F970
:10DCC00028B97368334A93F84D10314B6FE73E49DA
:10DCD0000E22284616F087F928B13C490922284629
:10DCE00016F081F918B9736893F8CC115DE73849DB
:10DCF0000322284616F077F928B97368D3E90A0198
:10DD0000F2F7D2FE1EE733490322284616F06BF9DC
:10DD100018B97368D3E90C01F2E72F4905222846A8
:10DD200016F061F900285BD17368986C01F03CFE35
:10DD3000014602A816F0B9FA7368586F01F0AAFEFE
:10DD4000014606A816F0B1FA7368244993F87120C9
:10DD5000019293F87030009302AA06AB204616F0A9
:10DD600081F89CE78C7402080000C8420000204142
:10DD700096740208A0740208A3740208A87402082A
:10DD8000B3740208B8740208CB740208D67402088F
:10DD9000D4750208287B0208E6740208FC740208A5
:10DDA0000E7502081F75020824750208BF79020863
:10DDB000EA790208EC74020839750208487502080D
:10DDC00050750208557502085C7502086B750208EB
:10DDD0007575020879750208767B02087D75020860
:10DDE00073490722284616F0FEF810B97368186DBB
:10DDF000A8E670490722284616F0F5F810B97368AE
:10DE0000586D9FE66C490922284616F0ECF818B9BF
:10DE1000736893F87820A3E668490E22284616F026
:10DE2000E2F810B97368986E8CE665490A222846B4
:10DE300016F0D9F890B922463E2302F8023B20237F
:10DE400063707168A73111F8013F0BB9137026E7B1
:10DE50000A2B08BF7C2302F8013BF4E759490E2244
:10DE6000284616F0C0F818B9736893F8212177E6B0
:10DE700055490B22284616F0B6F898B9736893F8FE
:10DE8000223133B95149204616B0BDE8F04116F0B1
:10DE90000CBA012B01D14E49F5E7022B0CBF4D49BD
:10DEA0004D49F0E74D490222284616F09CF838B952
:10DEB000BB7913F0DF0F03D1736893F94C204FE661
:10DEC00047490422284616F08EF810B97368986CFA
:10DED00038E644490A22284616F085F878B94249BE
:10DEE000204616F0E2F9B0680368DB6C9847202200
:10DEF0000146A01C16B0BDE8F041FEF707BB3B4948
:10DF00000422284616F06FF820B9B0680368DB6871
:10DF1000984719E636490B22284616F064F808B9E6
:10DF2000344A12E634490E22284616F05CF808B945
:10DF30003249A8E732490E22284616F054F8B0B903
:10DF4000F0680368DB68984700210546F3F79EF800
:10DF500008B12C4997E72846F2F756FA0B462A49AA
:10DF60000246204616B0BDE8F04115F07BBF2749B8
:10DF70000E22284616F037F808B9254983E72549C7
:10DF80000D22284616F02FF808B923497BE72349CC
:10DF90001122284616F027F80028F6D020490D2235
:10DFA000284616F020F80028EFD01E492A46D8E56A
:10DFB0008B750208A4750208937502089D75020806
:10DFC000AC750208B7750208C6750208D27502085A
:10DFD000D8750208E2750208ED750208F6750208A8
:10DFE000F9750208FE750208416C020809760208FC
:10DFF0000E7602081A7602081F7602082E760208AC
:10E0000041760208477402085076020857760208E3
:10E01000667602087476020882760208A8760208FC
:10E02000BA760208C8760208F0B5002387B01370EC
:10E030000446154608462023042202A9FEF7C2FA28
:10E040000128074606D002280BD197490398F3F719
:10E0500015F948B96069A022294601F0D7F907B03F
:10E06000F0BD012840F37B81039E90493046F3F7D1
:10E0700005F920B9A06803685B6E9847EFE78C4903
:10E080003046F3F7FBF8C0B9D4E9000603681B6813
:10E090009847C6F8A0002046FFF7B4F8A0680368C8
:10E0A0009B6E9847834A8449002808BF114628463A
:10E0B00007B0BDE8F04016F0F8B8022F63DD7F49E5
:10E0C0003046F3F7DBF860B90499606901F0B2F803
:10E0D00028B1037923F0010303717749E7E7784911
:10E0E000E5E778493046F3F7C9F848B9049960691B
:10E0F00001F0A0F80028F2D0037943F00103EBE728
:10E1000071493046F3F7BAF838BB0499606901F0F9
:10E1100091F806460028E2D04188606901F0C8F80D
:10E120003379721D70B1018861B1684913F0010F34
:10E13000674B18BF0B4600936649431D284615F0F0
:10E1400091FE8CE7624913F0010F28465F4B08BF30
:10E150000B46614915F086FE81E760493046F3F7CA
:10E160008DF808BB0499606901F064F80646002840
:10E17000B5D00146606901F0B6F85949721D2846CC
:10E1800015F070FE6BE740F0EA8054493046F3F733
:10E1900075F8002845D1606901F0A2F810B1421D60
:10E1A0005049ECE7504AFBE750493046F3F766F830
:10E1B000002846D1049F4E493846F3F75FF80646DB
:10E1C00060696EB9314601F098F8A068036831467D
:10E1D000DB6E9847A06803689B6E9847454966E7E1
:10E1E000394601F027F8064638B9002304996069DA
:10E1F0001A4600F0D1FF064688B1002333716069EA
:10E20000314601F07AF8A06803683146DB6E984722
:10E21000A06803689B6E98473749721DAFE737497E
:10E2200045E732493046F3F729F8002840F0978057
:10E23000606901F05CF810B1421D31499FE72C4A3A
:10E24000FBE730493046F3F719F8B8B9032F606996
:10E2500005D0059900F0EEFF18B92B4927E700F229
:10E260008C40028804996069002300F095FF08B98A
:10E2700026491CE700232649037118E72549304643
:10E28000F2F7FCFF00284BD10499606900F054FFBD
:10E29000014638B1606901F034F800287FF41DAF01
:10E2A0001D4904E71D4902E7E3760208E876020803
:10E2B000ED760208CF760208F2690208F2760208CB
:10E2C000F97602080E770208147702084A08030854
:10E2D000A00C030818770208247702082B7702089D
:10E2E0003077020840770208E17602084C7702088E
:10E2F0006A77020854770208717702088A77020861
:10E30000A2770208DC770208B7770208CC77020808
:10E31000E0770208F5770208FC7702080C7802081B
:10E3200010493046F2F7AAFFC8B9049E0E4930469C
:10E33000F2F7A4FF38B10D493046F2F79FFF08B15C
:10E340000B49B4E60120009060690123A022294610
:10E3500001F076F800287FF482AE0649A7E6064968
:10E36000A5E600BF8B7A02081C7802082478020810
:10E370002B780208E66702084B7802082DE9F04F77
:10E3800014468DB00546884608227A4920461E4626
:10E3900015F029FE28B178490822204615F023FE01
:10E3A00030B9E86803681B6A0DB0BDE8F04F184744
:10E3B00072490622204615F016FE18B9E86803686F
:10E3C000DB69F1E76E490922204615F00CFE28B9F9
:10E3D00028686C4903685B689847EFE76A490E2232
:10E3E000204615F000FE80B9A27B12F0DF020CD1AE
:10E3F000A868036840F2DC515B699847634930467E
:10E400000DB0BDE8F04F15F050BF6149062220461F
:10E4100015F0E9FD40B9A868036840F2DC515B697A
:10E42000012298475B49EAE75B490A22204615F03A
:10E43000DAFD30BB286803681B68984780451ED901
:10E44000286803685B6808F1010198472868036839
:10E450001B689847014604A809F04AF89DF8103057
:10E460009DF813204D4903F5FA6302939DF811308E
:10E4700001939DF8123000939DF814302FE0484925
:10E48000BDE748490922204615F0ADFD48B9E868C6
:10E490006968036832469B6B0431984710BB424958
:10E4A000ADE742490522204615F09DFDE8B92868F0
:10E4B00003681B689847014604A809F019F89DF8FD
:10E4C00010309DF813203A4903F5FA6302939DF842
:10E4D000113001939DF8123000939DF814303046AE
:10E4E00015F0C0FC0DB0BDE8F08F32490522204682
:10E4F00015F079FD80B9601DFEF78AFB0446286897
:10E5000003681B689847844204D928680368214639
:10E510005B689AE7284972E728490922204615F0E6
:10E5200062FD38B9A86803681B6B31460DB0BDE8C1
:10E53000F04F184722491022204615F054FD0028BC
:10E5400044D110342046F2F7A3FE402828BF4020D3
:10E5500047102246394604A8FEF710F838B1A868DB
:10E56000036804A95B6B3A469847164947E7164982
:10E5700045E700BF5D7802086678020872780208F5
:10E580006F780208EF934466797802088878020869
:10E59000A1780208A8780208B9780208C4780208AD
:10E5A000ED7802080C790208167902081C79020835
:10E5B000D47802082279020828790208376A02080A
:10E5C00049790208F26902085A79020896490A2232
:10E5D000204615F008FD074600286BD105F11C0305
:10E5E00004F10A0118461C4615F05FFE2C23052293
:10E5F00004A92046FDF7E6FFB0F1000858DD0498B5
:10E60000394615F059FAB8F1010F834646D00598FE
:10E61000002115F051FAB8F1020F814643D0069857
:10E6200014F0BAFAB8F1030F5FFA80FA3ED00798F7
:10E6300014F0B2FAB8F1040FC4B203D0089814F081
:10E64000ABFA074679495846F2F73EFD80B3784960
:10E650005846F2F72FFD58B3AAF10503072B27D828
:10E66000631F032B24D873494846F2F72DFDF8B1F8
:10E6700071494846F2F71EFDD0B1002F18DDA86899
:10E680000368CDE900474A461C6E59465346A047E9
:10E690006A493A46304615F0E5FB23E70024A246D6
:10E6A0004FF00009CEE70024A246CBE70024C9E7DB
:10E6B0006349A4E663490922204615F094FC90B909
:10E6C0006868102204F10901383001F053F9284636
:10E6D000FEF798FD6A685C49383230460DB0BDE8F7
:10E6E000F04F15F0BFBB59491122204615F07BFCB5
:10E6F00028B9A86803689B6D984755497FE6554936
:10E700001122204615F06FFC28B9A8680368DB6D5C
:10E710009847514973E651490B22204615F063FC96
:10E7200028B9A86803685B6D98474D4967E64D496D
:10E730000422204615F057FC40B933462246414694
:10E7400028460DB0BDE8F04FFFF7C0B94649042296
:10E75000204615F048FC40B933462246414628463B
:10E760000DB0BDE8F04FFEF79FBDB8F1000F0FD11F
:10E770003E492046F2F782FD50B9A86803681B693C
:10E7800098473B4A3B4B3C49002818BF1A46A4E730
:10E790003A490322204615F026FC88B9A868036888
:10E7A0005B6898470446A86803689B6898473449A3
:10E7B0000346224630460DB0BDE8F04F15F052BB7F
:10E7C00030490522204615F00EFC28B9E868036898
:10E7D0001B699847014612E62B490B22204615F08B
:10E7E00002FC0746002855D104F10B082C69236868
:10E7F0002046DB6898470546BD420FDD2368394651
:10E800001B69204698474146F2F738FD40B9236816
:10E8100039465B6920469847024618B91B49EEE520
:10E820000137E9E71A4958E76A79020800001643F8
:10E8300000401C450000E0400000FA4375790208E2
:10E8400092790208EB710208A8790208B9790208E6
:10E85000CB790208E4790208F67902080F7A0208F7
:10E860001B7A02085A7A0208667A0208477B020875
:10E8700054780208F26902082E7A02082A76020801
:10E88000447A020862740208537A0208587802082F
:10E89000A374020888490B22204615F0A4FBF8B99E
:10E8A00005F11C0304F10B0118461C4615F0FDFC94
:10E8B0002023022204A92046FDF784FE00280ADD59
:10E8C0000128049908D0059A286903689B6998472C
:10E8D00020B17A4993E57A497A4AF5E77A498EE593
:10E8E0007A490B22204615F07EFB0746002842D1CC
:10E8F00028690368DB68984780462046F2F7C8FC21
:10E900000B2804D904F10C00FEF782F907464745AD
:10E9100001DB6F4973E56F49DFF8BC914246304631
:10E9200015F0A0FA3046F2F7B3FC3418A31B852B80
:10E9300005DD47451BDA69493A462046CEE6286997
:10E94000036839461B699847824628690368394637
:10E950005B699847524603464946204615F082FABD
:10E960002046F2F795FC0137B8450444DED1002378
:10E9700004F8013CB6E55A490822204615F033FB5D
:10E9800028B9237A13F0DF0F01D1564937E55649EC
:10E990000622204615F027FB38B932462146284684
:10E9A0000DB0BDE8F04FFFF73FBB50490E222046A7
:10E9B00015F019FB38B96B68012283F895202846B9
:10E9C000FEF720FC85E74A490F22204615F00BFB95
:10E9D00018B96B6883F89500F1E746490B22204689
:10E9E00015F001FB38B96B6893F895300BB14249CB
:10E9F00005E5424903E542490922204615F0F3FAAC
:10EA000030B9A868036801211B6A98473D49F6E4BC
:10EA10003D490822204615F0E6FA014628B9A868C3
:10EA200003681B6A98473949E9E4394909222046B5
:10EA300015F0D9FA28B9A86803685B6A9847354980
:10EA4000DDE4B8F1000F35D133490322204615F03B
:10EA5000CAFA28B9A86803689B6A98472F49CEE488
:10EA60002F490D22204615F0BEFA38B9637B13F00A
:10EA7000DF0F03D1A86803681B6C56E529490B22F8
:10EA8000204615F0B0FA38B9E37A13F0DF0F03D15E
:10EA9000A8680368DB6B48E523490A22204615F085
:10EAA000A2FA38B9A37A13F0DF0F03D1A86803687C
:10EAB0009B6B3AE51D49A2E45F7A02086B7A020873
:10EAC0004A080308587802086E7A0208847A020815
:10EAD000907A02089E7A0208A77A0208AE7A0208A3
:10EAE000BA7A0208C37A020807770208E87A0208AD
:10EAF000F77A0208077B0208287B0208D47502080F
:10EB0000137B02081D7B02082B7B0208347B020862
:10EB1000437B02084D7B0208D96702085B7B020831
:10EB2000627B0208707B02087C7B0208877B0208FC
:10EB300030B50D46CBB0A9490446284608F05FFE23
:10EB400002A8A64A0123294608F043FE02A808F0BD
:10EB5000A8FF002800F03F8100236168042202A87A
:10EB6000CDE9003308F05FFE61682022043102A87D
:10EB700008F059FE0422694602A808F054FE6168B4
:10EB8000082228310DEB020008F04DFE61680822D2
:10EB900030310DEB020008F046FE6168102238317A
:10EBA00002A808F040FE61680422483102A808F07B
:10EBB0003AFE616801224C3102A808F034FE616817
:10EBC00001224D3102A808F02EFE616801224E316B
:10EBD00002A808F028FE0122694602A808F023FED8
:10EBE00061680422503102A808F01DFE6168042209
:10EBF000543102A808F017FE61681022583102A8AB
:10EC000008F011FE61680422683102A808F00BFECA
:10EC10000422694602A808F006FE616801227031EC
:10EC200002A808F000FE61680122713102A808F014
:10EC3000FAFD61680122723102A808F0F4FD6168F2
:10EC40000122733102A808F0EEFD616804227431DC
:10EC500002A808F0E8FD616801227A3102A808F0F4
:10EC6000E2FD6168012201F2211102A808F0DBFD3A
:10EC70006168012201F5917102A808F0D4FD01221A
:10EC8000694602A808F0CFFD61680122783102A828
:10EC900008F0C9FD616801224F3102A808F0C3FDE8
:10ECA00061680122793102A808F0BDFD6168012286
:10ECB0007B3102A808F0B7FD616802227C3102A80E
:10ECC00008F0B1FD616801227E3102A808F0ABFDB9
:10ECD00061680422803102A808F0A5FD6168012264
:10ECE000843102A808F09FFD61681022853102A8D6
:10ECF00008F099FD61680122953102A808F093FDA2
:10ED00000322694602A808F08EFD6168012296314F
:10ED100002A808F088FD61680422983102A808F072
:10ED200082FD616801229C3102A808F07CFD6168C7
:10ED30000422A03102A808F076FD61680422A43103
:10ED400002A808F070FD61687822A83102A808F0D6
:10ED50006AFD6168012201F5907102A808F063FD67
:10ED60006168042201F5927102A808F05CFD6168F7
:10ED7000012201F5947102A808F055FD6168012295
:10ED800001F2291102A808F04EFD6168202201F568
:10ED9000957102A808F047FD6168402201F5A57150
:10EDA00002A808F040FD6168402201F5C57102A883
:10EDB00008F039FD6168022201F5E57102A808F04A
:10EDC00032FD6168012201F5E67102A808F02BFD11
:10EDD00002A808F01EFE4BB030BD00BF977B0208B2
:10EDE00038B50C4605461049204608F0FCFC30B109
:10EDF000214628460C4ABDE83840FDF717BF0B49AD
:10EE0000204608F0F0FC70B121462846074AFDF77D
:10EE10000DFF21462846FFF78BFE20460349BDE83B
:10EE2000384008F0ECBC38BD977B0208A27B020892
:10EE300070B50546D2B00B46164610494268684682
:10EE400015F010F82868694608F0CDFC044690B12A
:10EE5000296800236A460AA808F0BBFC0AA808F043
:10EE600020FE044638B10AA93046FCF78BFC044664
:10EE70000AA808F0CEFD204652B070BDAE7B020855
:10EE800030B50446D3B00B4615460F494268684674
:10EE900014F0E8FF2068694608F0B1FC21680123FE
:10EEA0006A460AA808F095FC0AA808F0FAFD04468C
:10EEB00030B10AA92846FCF77CFC0AA808F0A9FD95
:10EEC000204653B030BD00BFAE7B02080020704723
:10EED000836910B544695A1CA24208D20469826150
:10EEE000E154026983690021D154012010BD002042
:10EEF000FCE7F8B505460F4616460024B44201D19A
:10EF00002046F8BD2B68395D1B68284698470028C5
:10EF1000F6D00134F2E7002070474FF0FF30704721
:10EF20004FF0FF307047704710B500230122C0E951
:10EF3000012304460160C0F88C3480F89034034902
:10EF400000F2914015F0B1F9204610BDE1760208BB
:10EF5000A0F12303DBB2162B04D8064A42FA03F3CE
:10EF6000DB0704D5402894BF002001207047012012
:10EF7000704700BFFC1B80FFF0B5434B0D46002AD5
:10EF800014BF16461E46E9B004463146284608F02E
:10EF90002AFC18B90026304669B0F0BD324600237D
:10EFA000294620A808F015FC20A808F07AFD06469E
:10EFB0000028EFD000230127C4E90173032269462A
:10EFC00020A808F0ECFC032803D020A808F021FDBD
:10EFD000E1E7022204F1080120A808F0E0FC022881
:10EFE0000246F2D1A11D20A808F0D9FC022805464E
:10EFF000EBD13A4604F5926120A808F0D0FC012834
:10F00000E3D12A46211D20A808F0C9FC0228DCD142
:10F01000242765891F2DD8D87D4305F10C010222D4
:10F02000214420A808F0BBFC02280246CDD105F1FE
:10F030000E01214420A808F0B2FC0228C5D105F138
:10F0400011011F22214420A808F0A9FC1F28BCD1CF
:10F0500005F110010122214420A808F0A0FC01289C
:10F06000B3D1802269460DEB020008F098FC80289D
:10F07000ABD12544A288AB899A429CBF0133A380BF
:10F08000638901336381C4E7B77B020870B50C461E
:10F090004979242988B00546164606D1218800689A
:10F0A00008B0BDE8704000F0C3BB232904F105029D
:10F0B00007D133462868218800F01FFC012008B0E2
:10F0C00070BD232311460DF101008DF8003015F0BD
:10F0D000ECF833466A46EDE72DE9F04F054691B06E
:10F0E0000F46904600F10C064FF000096B894B4526
:10F0F00005DC4FF0000A504611B0BDE8F08F3479BE
:10F1000018EA0404B24608D104236A463146284668
:10F11000FFF7BCFF83465C4503DB09F10109243698
:10F12000E4E739460DEB041000F0AAFBFB888342AC
:10F13000E1D00134EFE700002DE9F0410D4606462D
:10F1400014492846F2F79AF818B906F28C40BDE83F
:10F15000F0812B78B6F80A80232B08BF013506F121
:10F1600012070024444501DB0020F0E717F8013CBA
:10F17000232B3946284618BF07F1FF31F2F77EF8F6
:10F18000243720B9242303FB04600C30DFE701346B
:10F19000E8E700BFE17602082DE9F8438846054616
:10F1A00017461E46013911F8019FB9F1000F0AD127
:10F1B00041462846FFF7C0FF044668B10388BB42BA
:10F1C00035D0478005E04846FFF7C2FE04460028D8
:10F1D000E9D12046BDE8F8836889C6B1431C6B813C
:10F1E0002423434303F10C042B4401222C441A74BE
:10F1F0002423584305EB00091130A9F80C601F22A5
:10F200004146284400F0B6FBA9F80E70E1E71F283C
:10F21000DFD8431C6B812423434303F10C042B44AC
:10F2200001221A74AE88B3182C44AB80E0E74C4638
:10F23000CFE700002DE9F0470D4604461B4928465C
:10F24000F2F71CF820B904F28C442046BDE8F087A0
:10F250002B78B4F80AA0232B4FF0000708BF013524
:10F2600004F10C06B846BA4501DC4446EDE7737973
:10F27000232B14BF06F1050906F106094946284665
:10F280003446F1F7FBFF0028DFD02846F2F700F8FC
:10F2900049460246284614F0A6FE00280CBF344614
:10F2A000444601372436A046DDE700BFE176020878
:10F2B000F0B541B144890023242500F10C06A34296
:10F2C00004DB002001E000F28C40F0BD05FB03F2FE
:10F2D000B75A8F4202D10C321044F6E70133EEE701
:10F2E000C188FFF7E5BF01B10988C1807047018976
:10F2F00009B1FFF7DDBF0846704701B109880181F8
:10F300007047F8B50B8863B14189002200F10E0403
:10F310002425914207DC002400F10C022426A1429E
:10F3200008DC00201DE005FB02F6A65B9E42F8D03B
:10F330000132EEE706FB04F5575B9F4201D0013432
:10F34000EDE74B1E9BB21A1B05F1300172430C35E1
:10F35000438101449C42C8BF0022284414F053FE5C
:10F360000120F8BD2DE9F8430546884614461E469F
:10F37000002747451DDB21796379208811F0010FB3
:10F3800004F10502E9881AD0232B194F194B08BF45
:10F39000A21D884218BF3B461749304610F009FBB2
:10F3A00005F10C074FF000096B894B4511DCBDE8F6
:10F3B000F8832021304610F0D3FA0137D9E7232B08
:10F3C0000B4F0C4B08BFA21D884218BF3B460B4990
:10F3D000E3E77A8823889A4206D133463A4608F111
:10F3E00001012846FFF7BEFF09F101092437DBE7D9
:10F3F0004A080308C17B0208750A0308C37B020898
:10F400000B4600F28C420021FFF7ACBF10B588B06C
:10F4100091B172B100234FF47A74CDE90512CDE9B0
:10F4200002340B70054C019401A90793FFF7E8FF24
:10F43000079A104608B010BD0A46FAE7D47B0208C6
:10F440002DE9F74F98469DF830A090F8903400923F
:10F4500007460D4608EA0303BAF1000F02D01BB9B4
:10F460002C4607E0002BFBD12C462A2304F8023B54
:10F470002C236B7007F112064FF000094FF02C0B94
:10F480007A894A4509DCAC4288BF04F1FF34002385
:10F49000601B237003B0BDE8F08F16F8022C3146D4
:10F4A00008EA0202BAF1000F04D02AB909F10109F1
:10F4B0002436E5E7002AF9D116F8012C232A18BFD3
:10F4C00006F1FF3108460191F1F7E2FE0246601BAA
:10F4D000009B0199104402309842E7DA20460192DD
:10F4E00014F0EBFE019A144404F801BBDEE70000BF
:10F4F000F0B53B4B0D46002A14BF16461E46E9B038
:10F5000031460446284608F07AF932460123294656
:10F5100020A808F05EF920A808F0C3FA064670B1EA
:10F5200080220021684614F088FD0322694620A845
:10F5300008F079F9032805D020A808F06AFA3046C7
:10F5400069B0F0BD022204F1080120A808F06BF9AF
:10F5500002280246F0D1A11D20A808F064F9022873
:10F560000546E9D1012204F5926120A808F05BF973
:10F570000128E1D12A46211D20A808F054F90228CB
:10F58000DAD104F1100500276389BB42D4DD0222E1
:10F59000291F20A808F047F902280246CCD1A91E4D
:10F5A00020A808F040F90228C6D11F22691C20A813
:10F5B00008F039F91F28BFD10122294620A808F0F8
:10F5C00032F90128B8D1802269460DEB020008F01B
:10F5D0002AF9802805F12405AED10137D4E700BF10
:10F5E000B77B0208806A704740697047836953F8A7
:10F5F000210070476FF06043994270B534BF8E00B0
:10F600004FF0FF36044630460D46F6F72AFF2060DD
:10F610002846F6F726FF60603046F6F722FF002303
:10F62000C4E902052361204670BD4B1C30B502467B
:10F6300005690DD000231846AB4200DB30BD94684D
:10F6400054F82340641A002CD8BF01300133F3E78B
:10F650002846F3E71830FFF7E8BF70B502460469A3
:10F660004FF0FF330020FF2584420ADC002B26DB0D
:10F670001168013C51F823001461116999420EDCB4
:10F6800070BD966856F82060761A002E05DC566824
:10F69000365CAE423CBF034635460130E4E7990094
:10F6A00014680431655844F823505468E5186D789F
:10F6B000E5549468615844F823100133DDE70020D5
:10F6C000DEE71830FFF7C9BF2C30FFF7C6BF02696D
:10F6D0008A4230B5034618DD0068013A50F821002F
:10F6E0001A611A698A4200DC30BD8A001C68043243
:10F6F000A55844F821505C6865186D7865549C687D
:10F70000A25844F821200131EBE70020ECE700216A
:10F710000430FFF7DCBF1830FFF7D9BF30B5D0E9B0
:10F720000354AC420CD0056845F8241041680A55D2
:10F730000269816841F8223001320261012030BD46
:10F740000020FCE700231A460430FFF7E7BF70B53E
:10F75000044618300D46FFF7E1FF30B9236829460B
:10F7600020465B68BDE87040184770BD70B5134611
:10F77000044600222C300D46FFF7D0FF30B9236835
:10F78000294620465B68BDE87040184770BD000000
:10F790002DE9F0410646134B46F8043B04460D465E
:10F7A0003046FFF727FF294604F11800FFF722FF34
:10F7B000294604F12C00FFF71DFF0027AF4202DBB2
:10F7C0002046BDE8F0814FF48270F6F748FE80468F
:10F7D000FCF70BFE00231A4641463046FFF79EFF1A
:10F7E0000137EBE7007C0208431E0F3013F8012FAE
:10F7F0001AB98342FAD10120704700207047F0B552
:10F80000D0F820510F2D044611DCAB1C20F8151048
:10F8100000EB031302F11007106851681E4603C67F
:10F820000832BA423346F7D10135C4F82051F0BD51
:10F830002DE9F047064600258E46284606F12008A9
:10F84000D6F82011A94201DD984201DBBDE8F0871E
:10F8500036F81510714511D108EB051C00F10109AE
:10F8600002EB00140CF1100A674603CF57452060E5
:10F870006160BC4604F10804F6D148460135DFE773
:10F8800030B5A3B0054604A80C4606F017FE1022BA
:10F890000DEB0200294606F078FF23780122C3F31E
:10F8A00083030DF10D0104A88DF80D3006F0EEFE76
:10F8B000628804F14A0104A806F0E8FE022310223F
:10F8C000009329460DF10E030DEB020006F075FFC3
:10F8D000BDF80E3053B90123ADF80E3004A8BDF8C1
:10F8E0000E4006F0D1FD204623B030BD4FF6FF722A
:10F8F0009342F3D14FF6FE73EEE72DE9F0419846BF
:10F90000D0F820319EB005460E4617460024A3428B
:10F9100018DC684606F0D2FD3846F1F7B9FC3946E6
:10F920000246684606F0B2FE41466846102206F0DE
:10F93000DFFE284642463146FFF761FF684606F083
:10F94000A3FD12E035F81420B24211D1023405EBC8
:10F950000414424604F11003254603CD9D42106075
:10F9600051602C4602F10802F6D11EB0BDE8F081CC
:10F970000134CCE701390244131A012B02D80023C9
:10F980000370704711F8013F002BF8D000F8013BDD
:10F99000F2E7013810F8013F0BB901207047202B26
:10F9A000F8D000207047000070B500210646F1F73E
:10F9B0006DFB374C054640B1302323702E22A370D7
:10F9C00000236270E370324870BDC6F3C7537F3BBB
:10F9D0001E2B99B257DC13F1170F54DBC6F3160236
:10F9E000162B42F4000216DD173902FA01F0002E40
:10F9F00040DB0A22214610F0F7F923782246013431
:10FA0000002BFAD12E231370EDB93021931C5170C5
:10FA100000221A70D7E7002B08DBC1F11700013173
:10FA200042FA00F08A4022F07F45E0E7DB43002EF7
:10FA300042FA03F54FF0300320DA63702D222E23B3
:10FA40002270A3700334E11D23460A2045432A1681
:10FA5000303203F8012B8B4225F07F45F6D1063476
:10FA60002278302A234603D114F8012D2E2AF7D10B
:10FA70000133CDE72D2304F8013BBAE723702E2391
:10FA800063700234DFE730232370002363709AE74A
:10FA90008C32002037B520490546F1F763F9002183
:10FAA00004462846F1F710FB70B34FF07C51204616
:10FAB000F1F750F8F1F732FB4FF47A7290FBF2F362
:10FAC00002FB13000028154C154AB8BF4042102114
:10FAD0000090204614F092F92046F1F7D9FB00215E
:10FAE000431E2044002B03DD10F8012C302A0ED0D9
:10FAF0000A48F1F7CDFB0138235C2E2B04BF00230D
:10FB00002354064803B030BD4FF03F41CFE700F823
:10FB1000011D013BE6E700BF00007A447C32002073
:10FB20002C7C0208F0B500230446E2188B4201D376
:10FB30000120F0BD12F8010B01330028F8D00506B2
:10FB4000F4D500F0E002C02A1CD110F01F00F0D064
:10FB50000122D6188E4213D8E71817F8015B05F07A
:10FB6000C00CBCF1800F03F1010309D105F03F0582
:10FB70009E4245EA8010F0D1012A13D17F2816D881
:10FB80000020D6E700F0F002E02A03D100F00F00D9
:10FB90000222DEE700F0F802F02AF1D100F00700BF
:10FBA0000322D6E7022A10D1B0F5006FE8D3B0F5F2
:10FBB000881FE5D2A0F55842B2F5006FE0D3A0F55A
:10FBC0007D42D03A1F2A05D8DAE7A0F58032B2F597
:10FBD000801FD5D24FF6FE728243A6D1D0E7000037
:10FBE000084B98420AD999420AD901F5283101F502
:10FBF000407188428CBF0020012070470020704770
:10FC000001207047FFE00B5E2DE9F04F1546C9B0AB
:10FC10001022074689460DEB02000021DDF848B1AD
:10FC20009A464FF0000814F008FACDF808907A1EB2
:10FC30004446A14508F1010803D012F80830002B12
:10FC4000F6D1214638460394FFF76CFF51468DF8F4
:10FC50001D0006462846FFF7C3FF002205468DF823
:10FC60001E0013464FF6FF71C845C0F0BA800AB1B6
:10FC7000ADF81A300DF120084FF480720021404693
:10FC800014F0DBF900221346914694461046A04238
:10FC900040F0B2800AB1ADF81230B9F1000F01D0D6
:10FCA000ADF810C0002C00F0F5800DF1200A0027FF
:10FCB0004FF000084FF000091AF8010B18B3F0F7E5
:10FCC00081FBCDE900012046F0F77CFB02460B46A4
:10FCD000DDE90001F0F71AFD02460B46CDE90023ED
:10FCE00011F006F86EA3D3E90023F0F70FFDDDE96C
:10FCF0000023F0F7E1FB02460B4640464946F0F789
:10FD000023FA804689460137B7F5807FD4D1664B08
:10FD1000002240464946F0F755FE002840F0B880E2
:10FD2000624B002240464946F0F7C6FB00224FF0E6
:10FD30007F53F0F7C1FBF0F797FEC0B28DF81C00BF
:10FD4000642706B9413F05B90F3FBDF81A3003B12A
:10FD5000233FACB3BDF810C0BDF81210BDF814209D
:10FD6000BDF81630642606FB0CF5B5FBF4F5312D15
:10FD700006FB01F106FB02F206FB03F3B1FBF4F113
:10FD800004D8BDF81860664538BF193F2D2988BFD3
:10FD90000F3FA24206D3B2FBF4F20B2A34BF192262
:10FDA0002D22BF1AA34206D3B3FBF4F3062B34BFB4
:10FDB00019232D23FF1A482802D94A2D98BF193F2D
:10FDC000BBF1000F07D002AC0FCCABE80F0094E8FA
:10FDD00003008BE8030027EAE770C0B249B0BDE832
:10FDE000F08F17F8080020B18B421EBF01339BB281
:10FDF000012208F1010837E717F8011B18F801E0A4
:10FE0000BEF1FF0F18BF0EF1010EA1F1200A18BFBD
:10FE100008F801E0BAF15E0F00F1010E0BD80CF109
:10FE2000010C20291FFA8CFC02D101339BB2012264
:10FE30004FF0010909E0A1F1090ABAF1010F01D956
:10FE40000D2904D101339BB2012270461FE71F29FF
:10FE500001D97F2905D1BDF814100131ADF8141076
:10FE6000F3E7BDF818A0EF290AF1010AADF818A0D0
:10FE7000EBD102308442E8D93978BF29E5D17978CD
:10FE8000BD29E2D1BDF816100131ADF81610DCE73E
:10FE9000642053E72046372753E700BFAFF30080C5
:10FEA000EF39FAFE422EE63F0000204000005940A4
:10FEB000024A137843F01003137070479C320020FD
:10FEC00038B5044640680A490368D3F8B03098470B
:10FED000084BA06800251D7003681B6B984701281C
:10FEE00001D1FFF7E5FFA561A583256238BD00BFFD
:10FEF000B1FE00089C320020838B41833F2B82BFE0
:10FF00000023838303627047034B187800F0EF00EF
:10FF1000431E5842584170479C3200202DE9F04161
:10FF2000174E347814F0100405460F46904616D04C
:10FF3000406803680121DB6E9847041E0DDD686888
:10FF400044450368A8BF44461B6B22463946984780
:10FF500090B16B6901336B610024002333703378F7
:10FF6000012B06D0686803689B69984708B901238C
:10FF700033702046BDE8F081EB680133EB60ECE7BD
:10FF80009C320020406808B50368DB6F98474FF447
:10FF90007A73B0FBF3F008BD10B5044640680368FF
:10FFA0009B6A9847A06803689B699847014B0022A9
:10FFB0001A7010BD9C32002040680368D3F89C3052
:10FFC0001847000070B5094E3378DB0604460CD4A0
:10FFD0000368DB6B9847054638B9236820461B6CDD
:10FFE000984735702583A583256270BD9C3200201B
:10FFF00010B5174B1A78838B012A044617D13F2B73
:020000040801F1
:1000000017D80368DB6B984780B9236820469B6C40
:100010009847F1F783F8B4F918300D33984205DCAE
:10002000A38B0133A383236A0344236210BD3F2BB8
:10003000FCD9236A002BF9D0B8BF3F3343F38F13A9
:100040006FF077029342B8BF134623830023ECE797
:100050009C32002006490B78024613F0100005D0B0
:1000600000230B701369013313610120704700BF37
:100070009C3200200739234B2DE9F04153F82180B1
:100080000446014640461546F1F728F8C0BB28460D
:10009000F0F7A8F91C4B0022F0F70EFA02460B46C7
:1000A00000201A49F0F750F806460F462046414610
:1000B000F0F74EFDF0F7A8F9154B0022F0F726FBFC
:1000C00002460B4630463946F0F7F6F90F4B002250
:1000D00004460D46F0F762FC60B100220023204682
:1000E0002946F0F779FC40B120462946F0F7DCFCC0
:1000F000BDE8F081054D0024F6E700240025F3E774
:100100000020F5E7347C02080000703F0000F03F5B
:1001100000002440406808B503681B699847024BFB
:1001200000221A7008BD00BF9C320020F8B50446BA
:10013000806803685B690D461646984760680368E7
:1001400032465F6A29460023B84720B9064B03228E
:100150001A700120F8BD2046FFF7DCFFA068036895
:100160009B6998470020F5E79C320020406808B55D
:1001700003689B69984710B9014B01221A7008BDAA
:100180009C32002038B5B0F91A30054673B10368C7
:10019000DB6C9847064B0446002228461A70FFF78E
:1001A000E5FF14F10F0018BF012038BD1846FCE729
:1001B0009C3200200846114606291A4601DDFFF749
:1001C00059BF00207047002070470000F0B51D4F58
:1001D0001D4CD7F8E03585B0002200921B4A04EA96
:1001E000832303EBC12307CA01AD85E80700D7F8D5
:1001F000E02504EA822203F1FF6602F1FF6106F5C1
:10020000F02601F5F021B14218D802F10062013A5E
:10021000B24213D3A3F50043DB0A0293F1F70EFFBA
:1002200069462846F1F79CFF0446F1F719FF002CB8
:1002300014BF6FF00400002005B0F0BD6FF0150092
:10024000FAE700BF0070FF1F00FCFF038460020894
:100250002DE9F047204E214FD6F8E04507EA8424E7
:1002600004F1FF6404F5F02414441D4604EBC1249A
:10027000F1F7E4FE804678B9089B23F0070303EB0F
:1002800004096FF0784AA1450AD1F1F7E9FE40EA86
:10029000080010F0FF0001D06FF00400BDE8F08707
:1002A000D6F8E03507EA832303F1FF6202F5F02276
:1002B000A24202D85344A34204D2F1F7D1FE6FF018
:1002C0001500EBE72146F5E802230120F1F702FFD4
:1002D00008348046D7E700BF0070FF1F00FCFF0313
:1002E00038B518461546049A8BB182B1094B0A4CB1
:1002F000D3F8E03504EA83242C4404F1FF6404F5C8
:10030000F02404EBC12113F0D8FF002038BD6FF0BA
:100310001500FBE70070FF1F00FCFF0310B5034B47
:100320000360044607F006FA204610BD547C02081C
:1003300010B50446FFF7F2FF20465021F6F793F878
:10034000204610BD10B50449044607F0FBF9034BE5
:100350002360204610BD00BF24010020547C020809
:1003600013B500238DF807309DF80730044603F0DD
:10037000FF014BB1204607F008FA0021204602B0E9
:10038000BDE8104007F0F0B907F0EEF90028F1D011
:1003900002B010BD0148FFF7D5BF00BFA03200205A
:1003A00008B50248FFF7BAFF08BD00BFA032002021
:1003B000028BC08A101A7047C28A018B914288BF93
:1003C0000169034683BF885C0132DA824FF0FF3057
:1003D0007047028BC38A9A4286BF0269D05C4FF095
:1003E000FF307047806DD0F8DC302BB100234384A0
:1003F000D0F8E030D43018477047000070B54FF4A3
:100400007A730E460021C0E90113034615462B4AB4
:1004100043F8C42B0446C0F8C4109C22C3E9011160
:10042000C0E93411C0E93611C0F8E010283013F0EB
:1004300004FEF3B21A2B19D8214A52F8233006F4DD
:10044000E0661E43EBB21A2BC4F8846022D81C4A23
:1004500052F8233005F4E0651D430023C4F88850AA
:10046000E36123842361A382204670BD06F0C002AD
:10047000C02A0CD1C72B0AD8124B06F03F0206F453
:10048000E06653F822200E4B53F82230D9E74FF0A4
:10049000FF36D7E705F0C002C02A0CD1C72B0AD817
:1004A000084B05F03F0205F4E06553F82220044BA9
:1004B00053F82230D0E74FF0FF35CEE7647C0208D6
:1004C000D4640208B464020838B50446283000F049
:1004D00081FCE06918B112F06BFB0023E361206935
:1004E0000025258410B112F063FB2561A58238BD7B
:1004F00038B50546074B45F8D43B0446FFF7E4FF03
:100500002846F5F7BCFC04F1C400F5F7B8FC20461A
:1005100038BD00BF647C02080123994080F8243074
:10052000002381764384704738B5838A8B42054621
:100530000C4609D2202938BF20240069214612F038
:1005400059FC10B12861AC8238BDFEE773B5846DEB
:10055000866ED4F8CC300546E3B1E28A238B9A420A
:1005600018D331462046FFF7DFFF2069324605F1F8
:10057000740113F0A2FE0023E382D4F8CC3026836A
:1005800001960BB910F026F8D4F8D03001A904F187
:10059000C400984702B070BDB1F5806F70B50546D4
:1005A0000C4610D8038C99420AD920290E4638BF30
:1005B0002026C069314612F01DFC18B1E8612E8476
:1005C000204670BDFEE70024FAE713B590F824300A
:1005D0008DF8071004467BB1418C0131FFF7DCFF39
:1005E00040B1638CE2699DF80710D154638C0133EC
:1005F0006384012002B010BD01220DF107012830F3
:1006000000F038FCB0FA80F04009F3E770B590F8DC
:10061000243004460E46154693B1418C1144FFF731
:10062000BBFF10B90025284670BD638CE0692A46DF
:100630001844314613F041FE638C2B446384F2E787
:1006400092B2283000F016FC0028EBD1EBE703460D
:10065000006918B19A8A002113F0EFBC7047034675
:10066000C06918B11A8C002113F0E7BC704738B587
:100670000446C9B9AA23A36594F8BE30012B16D14C
:10068000638CE269A17E04F1280000F074FC042868
:1006900028BF042045B22046FFF7E1FF0023638412
:1006A00084F82430E8B238BD4FF42A43E3E7042548
:1006B000F8E72DE9F04790F8BEA09DF820509DF88E
:1006C0002490BAF1010F04460F461646984637D1DA
:1006D00011467F00FFF728FFFFB2CDB1032D28BFE1
:1006E0000325013D0023EDB284F824A0A77663849E
:1006F000ED00236828FA05F11B68C9B22046083DC1
:10070000984715F1080FF4D100212046FFF7AFFFFD
:10071000B9F1000F11D1AA23A365226933463946E6
:1007200004F1280000F0C0FB002818BF00260023B9
:10073000E38226833046BDE8F0874FF42A43EBE797
:100740000026F7E707B5019300230093FFF7B1FFF9
:1007500003B05DF804FB0123FFF7F4BF0121FFF7AD
:1007600086BF38B504460025C5820583FFF76FFFB5
:1007700065842046FFF773FF38BD0000F8B50446D6
:10078000D0F884000FF082FB00210FF045FCD4F874
:100790008420130913F00C0645D103F00F03254DF7
:1007A000254F55F8231002F00F0257F822300A693E
:1007B00093433DD0D4F888000FF068FB01210FF07F
:1007C0002BFCD4F888001D4B010911F00C0F1B689D
:1007D0002CD100F00F021A4C57F82270B3FBF4F33F
:1007E000184A0A2401F00F016343142655F821C06A
:1007F000CCF82870D2F804E05468A4EB0E04A342AD
:10080000FADCCCF81870D2F804C05468A4EB0C04DD
:10081000A342FADC013EE9D10FF038FB3146BDE8D6
:10082000F8400FF0F9BB00231B69FFDEB662FCE75E
:10083000F8BD00BF08000020FC6502084000002051
:1008400040420F00001000E02DE9F0410446002670
:10085000C68206831F460D469046FFF7F8FE668463
:10086000A6762046FFF7FBFED4F8DC30C4F88040C3
:1008700033B104F1D401032208469847C4E937662E
:10088000002384F824306B0084F825306B1E5D4211
:100890005D4184F8BE50204684F8BF8084F8C07063
:1008A00004F12805FFF76AFF94F825200949284636
:1008B00000F0DCF994F8BE304BB92846064900F048
:1008C000B2FB28460549BDE8F04100F0A5BBBDE8F4
:1008D000F08100BFA0860100E50301084D05010875
:1008E0000A4600230121FFF7AFBF0000024808229B
:1008F000C021FFF783BD00BFF03200200148FFF7A1
:10090000F7BD00BFF03200204FF0B04382B09A6DC7
:1009100002439A659B6D03400193019B02B07047AF
:100920002DE9F04F874B53F8312082429FB00F469C
:1009300007D103EBC102D2F80480B8F1000F40F0F8
:10094000FD801C228049814C43F837007A4301EB3B
:100950005003B3FBF0F0A318A2589D7E01EB5204A4
:10096000B4FBF2FADC8A0594059E1C8A1A8B0E925F
:10097000344414940E9E9C89CDF83CA03444EA1C67
:100980004243323CA41A24EAE474059E0694DC89AE
:10099000A41BA4F582740244A21A22EAE27207920E
:1009A00000FB05F208925A68B1FBF2F215929A68C0
:1009B000B1FBF2F21692089A02EB40023232129226
:1009C00042420492129A00261021821810910B962E
:1009D0004FF0FF3834070E9D1C94059CF1B22C4457
:1009E0001391129911946FF00105AAEB0404511AA6
:1009F00005FB024418940D914FF00009149C0D9DC5
:100A0000AC4200F28A801C9C49EA04041B94002436
:100A1000CDE902444B4C04EBC7041D94069C029D97
:100A2000AC4270D8079CAC426DD3109C139DAC4275
:100A300069D00B9C0134072C0B947FD85C8A039DF2
:100A400017941B9C2C431A94089C141B0094119C13
:100A500014440C94189C0A9400240194089D009C52
:100A60002C44179DA5423DD2009C323CB0EB940F24
:100A700038D21A9D019C2C430C9D1994A2EB0A04B8
:100A80002C440A9D099596464FF0000C169D0AEBE2
:100A9000040B5D451AD8159D5D4517D3B3F814B006
:100AA000F34513D8704511D2DDF824B00F9D1BEA31
:100AB000240B38BFA346AB4508D2199D4CEA050864
:100AC0001D9DC5F80480139DCDE90FB5099DDDF886
:100AD00010B00CF5807C5D44BCF5803F0C4409955A
:100AE0008E44D3D1019C049D01340194009C0C449C
:100AF00000940A9C2C440A940C9C0C440C94019C79
:100B0000B4F5807FAAD1029C0C440294039C04F5A6
:100B10008034B4F5801F039480D10D9C09F58019B1
:100B20000C44B9F1807F0D947FF468AF04990136CD
:100B3000091A102E049102447FF44CAF40461FB0B6
:100B4000BDE8F08FE033002000CA9A3B887C0208A1
:100B500008B52C4B984216D14020F3F705FB00282E
:100B600046D14FF0B0432849D3F888301B0903F42D
:100B7000407343F440328A4238D001F580718A4292
:100B80003BD0B3B3FEE7214B984215D18020F3F759
:100B9000EBFA68BB4FF0B0431D49D3F888301B090E
:100BA00003F4406343F440228A421FD001F5806180
:100BB0008A4222D0EBB1FEE7164B98421FD14FF488
:100BC0008070F3F7D1FA98B94FF0B0431249D3F8D7
:100BD00088301B0903F4405343F440128A4205D085
:100BE00001F580518A4208D01BB1FEE70B4B186813
:100BF00008BDBDE80840F3F711BA0948F8E700203E
:100C0000F6E700BF00540040000103000058004018
:100C100000040C00005C0040001030004000002088
:100C20000024F40008B50E4B994212D90D4B99429D
:100C300007D80068FFF78CFF0121BDE80840FFF7E7
:100C40006FBE094B994209D80068FFF781FF022166
:100C5000F3E70068FFF77CFF0021EEE7002008BD06
:100C6000A0860100801A060040420F00F8B50F462A
:100C700015460446002800F09F805049C06DF6F7E5
:100C8000EBF84F490646206EF6F7E6F80146002ECF
:100C900000F09280002800F08F803046F6F703F9CC
:100CA0002060002800F08880464B984204F104063A
:100CB00050D14FF40010FFF727FE4FF0B0439A6B6E
:100CC00002439A639A6B22F400129A6341F61E73F0
:100CD000A4F864303C4B1E603949206EF6F7A4F846
:100CE0003649E06DF6F7A0F8236863603946204680
:100CF000FFF798FF0123C4E902050025C4E9043584
:100D000094F8973094F96400A5615B1B18BF012328
:100D1000DB04236294F8983084F845505B1B18BFBD
:100D200001235B0463622A460221F0F7F7FF94F97E
:100D30006400F1F725F894F965002A460221F0F7DE
:100D4000EDFF94F96500F1F71BF83046F1F777FCF9
:100D500070B3FEE71D4B984213D14FF48000FFF7AC
:100D6000D3FD4FF0B0439A6B02439A639A6B22F41F
:100D700080029A6342F22013A4F86430124B5E6042
:100D8000AAE7134B9842A7D14FF40000FFF7BCFD30
:100D90004FF0B0439A6B02439A639A6B22F40002BD
:100DA0009A6343F23013A4F86430074B9E6093E7D4
:100DB0000223A06684F89530F8BD00BFD063020816
:100DC0007C63020800540040D433002000580040E7
:100DD000005C004010B5044690F96400F0F7DEFFB7
:100DE00094F96500F0F7DAFF201DF1F77EFC206E24
:100DF0000321F5F78BFFE06D0321F5F787FF2368EB
:100E0000194A93420ED14FF0B0439A6B42F400124C
:100E10009A639A6B22F400129A639A6D22F400127C
:100E20009A6510BD114A93420DD14FF0B0439A6BB1
:100E300042F480029A639A6B22F480029A639A6D5C
:100E400022F48002ECE70A4A9342EAD14FF0B04321
:100E50009A6B42F400029A639A6B22F400029A633E
:100E60009A6D22F40002DBE7005400400058004075
:100E7000005C0040202A30B514D800239CB2A24266
:100E800007D890F894301344DBB280F894300020F7
:100E900030BD90F89440CD5C1C440444013384F888
:100EA0007450EBE70120F3E72DE9F34705460F46C1
:100EB00090469946F0F7F2FA0024D5F830A006469D
:100EC0000435CDF800A04B46424639462846F1F796
:100ED0001BFD022806D1F0F7E1FA841B642CF0D93F
:100EE00006201FE008BBF0F7D9FA06462846F2F7BD
:100EF000D6FB202809D0632C07D8F0F7CFFA841B43
:100F00002846F2F7CFFB0028F0D02846F2F7CAFBBC
:100F1000632C0CD882060AD443070AD4003818BFC1
:100F20000120800002B0BDE8F0870420FAE7052028
:100F3000F8E70320F6E710B5642304460430F1F720
:100F4000EDFB02280AD0032801D068B910BD94F83F
:100F50004530202B0CBF02200520F7E794F84530E0
:100F6000202B18BF0620F1E794F84530202B0CBF4A
:100F700002200420EAE72DE9F34704460E46914695
:100F80001F46F0F78BFA80463FB9012231462046D2
:100F900002B0BDE8F047FFF7CEBFD4F830A000257F
:100FA0000434CDF800A03B464A4631462046F1F7CE
:100FB00037FC022807D1F0F771FAA0EB0805642D81
:100FC000EFD906201FE008BBF0F768FA0646204676
:100FD000F2F765FB202809D0632D07D8F0F75EFAF9
:100FE000851B2046F2F75EFB0028F0D02046F2F782
:100FF00059FB632D0CD882060AD443070AD4003863
:1010000018BF0120800002B0BDE8F0870420FAE795
:101010000520F8E70320F6E720B119B1C1660430D6
:10102000F1F788BD704720B119B101670430F1F7BD
:1010300081BD704770B590F89130012B04460E4683
:10104000A0F1040509D1436E3BB1836E2846984751
:10105000022384F8913000236366012E4FF00003D1
:1010600012D1E26E84F891301AB184F8903028469B
:10107000904794F8902004F1700120464FF00073DF
:10108000BDE87040F1F792BC0122636684F89120BC
:10109000616E7431294420464FF08073BDE8704082
:1010A000F1F7E6BC10B590F89130012B044604D15D
:1010B000436E13B1836E04389847022384F891304D
:1010C000002363662046BDE81040F1F733BD436E50
:1010D0001F2BDEBF436E0133436690F89130012B26
:1010E000DAB206D1416E70314FF080730144F1F7EE
:1010F000BFBC7047002380F89030704790F8923062
:101100000BB9F1F717BD7047014B1868F1F726BD11
:10111000D4330020014B1868F2F7B7B8D43300205D
:10112000014B5868F1F71ABDD4330020014B5868C1
:10113000F2F7ABB8D4330020014B9868F1F70EBD3D
:10114000D4330020014B9868F2F79FB8D4330020C5
:101150002DE9F041104D2F4604468C4690469E46A0
:10116000061D0FCF0FC697E80700069B86E807000D
:101170001C35A362079BE3620FCD04F13006C4E97E
:10118000088E0FC62B683360002363642046C4F8C2
:1011900000C0BDE8F08100BF9060020810B50446B1
:1011A000006803685B6C98472068216A036882685E
:1011B0009B6898472068216A03680269DB68BDE87C
:1011C00010401847006803689B6C18472DE9F041F0
:1011D0000D461946037C0446407CADF5007DDE08D3
:1011E000082B5FFA85FC06EBD0066389879FD0B297
:1011F00095BF40EA0C004CEA122C8DF800008DF8E7
:10120000010092BF0DF101008DF800C00DF1020048
:10121000AB423E443A462CD113F04FF820680368A5
:101220005B6B98472068216A0368C268DB6898474F
:10123000206803683246D3F83880694640ABC0471F
:101240002068216A03680269DB68984720680368A0
:10125000DB6B98472389AB4207D1217C869840AB52
:101260003A4603EBD10113F028F80DF5007DBDE8F7
:10127000F081A18912F0E1FED0E72DE9F04FADF544
:10128000017D04468C9F9DF834A21646D5199946D7
:10129000002B55D0684613F010F88A993A460DEBAA
:1012A000060013F00AF820680368BAF1000F05D0B1
:1012B000E26A013254D1DB69322198472068036821
:1012C0005B6B98472068216A0368C268DB689847AF
:1012D000206803680DF58078D3F838B02A46434675
:1012E0006946D8472068216A03680269DB68984725
:1012F00020680368DB6B9847BAF1000F07D0E26AF9
:1013000020680132036845D1DB690121984765698E
:1013100035B1002F5CD0E37C18F80300A8470546E0
:10132000B9F1000F07D1A37C8B9806EBD3013A46A5
:10133000414412F0C2FF28460DF5017DBDE8F08F53
:10134000837C68464FEAD30805EBD30512F0B5FF5E
:10135000A18908EB07020DEB060012F06EFEA2E772
:101360005B6A984780462068E16A03681B69984772
:101370000028A3D0206803685B6D98472068036845
:101380005B6A9847E369A0EB08009842EBD36FF4DF
:101390003075D0E71B6A01219847206803685B6AB3
:1013A000984705462068E16A03681B69984700284A
:1013B000ADD0206803685B6D9847206803685B6A5E
:1013C0009847E369401B9842ECD36FF43075A7E768
:1013D0003D46A5E7F0B51E46037987B005460F46A2
:1013E0003BB9CDE900620A460189FFF7EFFE07B07D
:1013F000F0BD90F9114090F811C0002CB8BF07342F
:10140000E410013C64B204ABE0001946002C12DA8F
:101410002C7CE408601E40B2B0F1FF3F15D10123DF
:10142000CDE9022300230196009304EBDC02284659
:10143000FFF723FFDBE7B5F808E0013C4EFA00FEBA
:1014400003F801EB64B20838E0E74FEAC00E27FA70
:101450000EFE03F801EB0138DDE7F0B589B000239B
:101460008DF81730037904460A465BB901210191D2
:101470000DF1170100910189FFF7A8FE9DF81700F3
:1014800009B0F0BD90F91130467C002BB8BF07338E
:10149000DB10013B5BB206A8DD000146002B13DA2E
:1014A000257CED086B1E5BB25F1C15D10123CDE9D5
:1014B00002330DF1170301930023009305EBD602CD
:1014C0002046FFF7DAFED9E72789013B2F4100F8D4
:1014D000017B5BB2083DE1E7DF0022FA07F700F885
:1014E000017B013BDFE7F0B516461A46037987B06A
:1014F00005460F4643B9CDE900320A4633464189D5
:10150000FFF764FE07B0F0BD90F9114090F811C0EC
:10151000002CB8BF0734E410013C64B204ABE00017
:101520001946002C12DA2C7CE408601E40B2B0F19F
:10153000FF3F15D10123CDE902230022CDE900624E
:10154000284604EBDC02FFF798FEDBE7B5F80AE07B
:10155000013C4EFA00FE03F801EB64B20838E0E704
:101560004FEAC00E27FA0EFE03F801EB0138DDE763
:10157000F0B5037989B004460D468DF8172053B9AC
:101580000122CDE900320A460DF117034189FFF728
:101590001DFE09B0F0BD90F91130467C002BB8BF9C
:1015A0000733DB10013B5BB206A8DA000146002BD3
:1015B00013DA227CD208531E5BB25F1C15D10020C7
:1015C000012301900DF117000090CDE9023302EBE9
:1015D000D6022046FFF751FEDBE76789013B174142
:1015E00000F8017B5BB2083AE1E7DF0025FA07F774
:1015F00000F8017B013BDFE72DE9F0479DF820A0D3
:101600009DF828709DF82C901C4643EA0A03072B8E
:1016100005460E46904642D8544540D3FFF71DFF7D
:10162000631CFF22DBB2CAF1080A02FA03F342FA92
:101630000AF21343DB43DBB280EA0802134205D10E
:10164000B9F1000F02D10020BDE8F08720EA0304C1
:1016500003EA08031C43E4B2224631462846FFF75A
:1016600087FF286803689B6A98479DF824804FF499
:101670007A73814603FB08F8286803689B6A9847D9
:10168000A0EB0903434502D36FF00F00DCE73146BE
:101690002846FFF7E2FE60400742EDD1D3E76FF046
:1016A0000A00D1E77FB59DF824600396089E9DF857
:1016B0002850CDE90136002300930446FFF7DDFDF5
:1016C00038B935B1A36923B1204604B0BDE87040F4
:1016D000184704B070BDF0B590F9114090F811C0F2
:1016E000002CB8BF0734E41087B0013C64B205ADEC
:1016F0000F46E6002946002C0DDA9DF8344002948E
:101700009DF83040CDE9003413464FEADC02FFF784
:10171000C9FF07B0F0BD47FA06FE013C05F801EB32
:1017200064B2083EE7E77FB59DF824600396089E03
:1017300002960026CDE9003601239DF82850044684
:10174000FFF79BFD38B935B1A36923B1204604B03A
:10175000BDE87040184704B070BDF0B590F9114075
:1017600090F811C0002CB8BF0734E41087B0013CDA
:1017700064B205AD0F46E6002946002C0DDA9DF84F
:10178000344002949DF83040CDE9003413464FEACE
:10179000DC02FFF7C8FF07B0F0BD47FA06FE013CC8
:1017A00005F801EB64B2083EE7E770B586B00023A8
:1017B0008DF8133090F91130427C002BB8BF0733FD
:1017C000DB10013B04465BB205A8DD000146002B9F
:1017D00016DA0123CDE902330DF11303019300233F
:1017E0000093D2082046FFF748FD054628B96369F3
:1017F0001BB19DF813009847E080284606B070BDE5
:10180000E689013B2E4100F8016B5BB2083DDEE743
:1018100070B50B46054601F11404303053F8046BE3
:1018200040F8046BA342F9D16A640E1F01F1100461
:10183000286856F8041F036882689B689847A64288
:10184000F6D170BD406C18B970478B4204D0183087
:101850000378002BF9D118467047F8B50546FFF715
:10186000F1FF88B1041D05F12C0605F1400756F87B
:10187000041F002904DB286822680368DB68984796
:10188000BE4204F10404F2D1F8BD00000648074B43
:10189000074A1B68B3FBF2F310B544684B43426838
:1018A000121B9342FBDC10BD001000E04000002042
:1018B00040420F00CBB21A2B09D80F4A52F82330FE
:1018C00001F4E0601843431C18BF0846704701F05C
:1018D000C002C02A0CD1C72B0AD8084B01F03F0226
:1018E00001F4E06053F82220034B53F82230E9E77B
:1018F0004FF0FF30704700BFD4640208B4640208A0
:10190000704790F8282008B512B103681B6B984700
:10191000BDE80840F5F746B8C0690EF0F3BEC069EF
:101920000EF022BFF8B507460C465D1E8E18B44275
:1019300000D1F8BD14F8011BF86900220EF016FF63
:1019400005F8010FF3E70EF04EBA4B1C084603D022
:101950000021C0B20EF06CB97047084611461A4615
:10196000431C02D0C0B20EF0E3B87047C0690EF05D
:10197000FABED0E90812C0690EF0D4BE084611467E
:101980001A46431C01D00EF029BC002070470EF00F
:101990008FBC0EF08BBC08460EF08CBC4B1C08466E
:1019A00001D00EF087B970471FB5084611461A4698
:1019B000431C13D00024CDE90044CDE9024421B1F9
:1019C000074B0393074B0091029369460EF0A4F96D
:1019D000029B1BB1694603220846984704B010BD1C
:1019E000256A0008056A00084B1C084601D00EF065
:1019F000B7BB002070470846431C114601D00EF0CB
:101A000075BB70470846431C114601D00EF004BB5D
:101A1000704710B52C210446F4F725FD204610BD73
:101A200090F8282012B103681B6C1847704700001B
:101A300070B586B004AD85E80C0004230322CDE91F
:101A40000132012200230E4600921946044603F09B
:101A50007DFE95E80300064B236004F12003E66158
:101A600083E803000023204684F8283006B070BDC8
:101A7000E47C02080368D3F8DC3018470368D3F825
:101A8000E030184770472DE9F04385B00F464FF01E
:101A9000000801230DF10F0240F6E70106468DF81C
:101AA0000F8002F0B4FA0446002855D1336830465E
:101AB000D3F8D830984704218146FFF7C3FE0321AD
:101AC00005464846FFF7BEFE28B165B90E2F47DD33
:101AD0006FF00C0440E017F1090FF9DB002DF7D08F
:101AE00007F1090303E00E2FFBB20EDD0933DBB271
:101AF0001F2BEDD8012507232246009504213046EF
:101B000002F066FA042304460DE01133DBB21F2B0A
:101B1000DED80122234600920421304602F058FA12
:101B200045460446032386F85831ACB92946304669
:101B300001F0E7FA044678B90422F9B2304602F01F
:101B4000FCFA044640B901230DF10F0240F6E7010B
:101B5000304602F055FA0446204605B0BDE8F08351
:101B600007F11103DBB21F2BB2D8012223460092EA
:101B70000421304602F02CFA03230446D3E7000088
:101B800010B502F098FA044605480FF052F80448E0
:101B90000FF043F810B102480FF045F8204610BD91
:101BA0003C39002010B5044603480FF03FF8236885
:101BB000BDE81040184700BF3C39002001480FF035
:101BC0001BB800BF3C39002010B54FF4DE7104464D
:101BD000F4F749FC204610BDF0B587B004469DF8E7
:101BE00044E09DF830509DF834609DF93870BDF8A0
:101BF0003CC0CDF814E0DDF840E0CDF810E0CDE9D0
:101C0000027CCDE9005600F030F9014628B92046A3
:101C100007B0BDE8F04003F08FBA07B0F0BD012A6D
:101C200002D1016000207047022A05D0032AF9D0B2
:101C3000002AF7D10260F5E70B680360F2E70000C5
:101C40001FB50023CDE90013084B03930848094B47
:101C5000029369460EF096FF029B1BB16946032270
:101C60000846984705B05DF804FB00BFA51B0108B6
:101C70003C3900201F1C0108F0B587B004469DF9CF
:101C80003450BDF838609DF840700497CDE9015696
:101C90000F9F0C9D0397009500F021F9014628B98C
:101CA000204607B0BDE8F04003F046BA07B0F0BDEB
:101CB00010B5044600F088F9014B2360204610BDA2
:101CC0004C7D02087047000008B5A1F11B030846CF
:101CD000032B16D8DFE803F00A0206110B480EF0BA
:101CE000DFFF08BD09480EF0A7FFFAE707480EF02E
:101CF000B9FF80F00100C0B2F3E704480EF0C9FF5D
:101D0000F7E7BDE808400EF02BBA00BF3C390020D1
:101D10000846A0F11B03032B114601D90EF07CB934
:101D2000704710B52C210446F4F79DFB204610BDEA
:101D300008461D28114604D81B2810D809D00EF0DB
:101D4000D5B91E28FBD1B2FA82F1054849090EF037
:101D500093BFB2FA82F1024849090EF075BF70478D
:101D60003C39002037B504462C20F4F778FB0A4BA9
:101D70000A4905460CCBFFF75BFE094B2B601C2282
:101D80001E23CDE9003229461D231B222046FFF7E2
:101D9000DFF9204603B030BDB47E02083C39002094
:101DA000547E02084AB116290B466FF00800A8BFFE
:101DB00016238342B8BF034613700931C9B21F29E5
:101DC0008CBF6FF00C0000207047000010B5012997
:101DD00086B006D002292BD0C9B16FF0130006B02F
:101DE00010BD002203680592194A04924FF0080CB6
:101DF0000A22CDE9022C4FF0120E0722CDE9002E67
:101E00001449D3F8F040144A0923A047E7E7104AE1
:101E10000368039210240A22CDE901240F4A049199
:101E20000092D3F8F4400E4A0E4B0A49A047D6E779
:101E3000002302680393064B02930A210123CDE994
:101E400000310449D2F8FC400622A047C7E700BF92
:101E5000CDCCCC3F0000D9430000FA4233331C43C1
:101E60009A9999400000A04070472DE9F3419846A7
:101E70009DF8343001930C9B00930E461746BDF835
:101E80002C309DF824209DF820109DF92850044600
:101E900001F0FEFA00BB23684146D3F8E830204643
:101EA0009847C8B923683946D3F8E43020469847A4
:101EB00090B923683146DB6B2046984760B9012111
:101EC000204601F01EF938B923685B6D294620468B
:101ED00002B0BDE8F041184702B0BDE8F081F0B5AE
:101EE00085B00E469DF83870029711460D9F0197F8
:101EF0001A46BDF8303000930A9B9DF92C500446D9
:101F000001F01CFB90B923683146DB6B20469847F3
:101F100060B90121204601F0F4F838B923685B6DFF
:101F20002946204605B0BDE8F040184705B0F0BD91
:101F300070B50E461D4611469DF81430049A0446AD
:101F400001F070FB88B923683146DB6B2046984767
:101F500058B90121204601F0D4F830B92368294648
:101F600020465B6DBDE87040184770BD73B50E46E6
:101F700011461A469DF824300193089B00939DF862
:101F800018309DF91C50044601F062FB90B923689B
:101F90003146DB6B2046984760B90121204601F0AD
:101FA000B0F838B923685B6D2946204602B0BDE819
:101FB0007040184702B070BD10B54FF4DE71044692
:101FC000F4F751FA204610BD10B5044600F068FC45
:101FD000034B2360034BC4F84C31204610BD00BFB7
:101FE000CC7E0208BC7E020870B50C46054614493A
:101FF00020461646EFF768F8F0B112492046EFF791
:1020000059F8C8B12EB121462846BDE8704003F00A
:10201000F7B8D5F854112046EEF79AFD0A4920F09A
:102020000040EFF751F80028EDD02146284600F097
:10203000DAFE0028E7D070BD6FF00B00FBE700BFB1
:1020400000001643000070440000A0410022FFF78A
:10205000CBBF0000036873B59B6D16460022054692
:102060000C46984790B99EB10B4B04F1090203EB63
:10207000420113F8123091F9014003F00F021B09DD
:10208000002100912846214603F066F802B070BD99
:1020900004220723F4E700BFCC7F02080122FFF7E8
:1020A000D9BF000030B5074B05460FCB85B06C4655
:1020B00084E80F002B682146D3F8A03028469847C3
:1020C00005B030BDC060020813B50368002200925D
:1020D000DC6940F2722202236FF07F41A04702B018
:1020E00010BD000030B5074B05460FCB85B06C46E0
:1020F00084E80F002B682146D3F89430284698478F
:1021000005B030BDC060020882B02DE9F041012960
:1021100006A880E80C000B9C9DF826609DF82770AF
:1021200009D0022975D000294BD06FF01300BDE80B
:10213000F04102B070479DF8188042F2107000FA2A
:1021400008F0EEF7B7FD514905460798EEF70AFE8D
:1021500001462846EEF7BAFEEFF706F8A8F10503A8
:10216000DBB2012B9DF8283005468BBF08210021EA
:10217000112019200BBB4FEA880304EB4707002E00
:10218000C8EB47020CBF1426002601EB8201DBB22C
:10219000314409B25A1E0029A8BF521892FBF3F32A
:1021A000BDF824209DF820109BB2083201FB0323C8
:1021B00000EB830068438008B9E7A8F102039B00A5
:1021C000DBE7F800EEF77AFD05463046EEF776FDE0
:1021D00001462846EEF7BEFC0546BDF82400EEF7A2
:1021E0006DFD01462846EEF7B5FC0546E000EEF72A
:1021F00061FD01462846EEF7ADFC254904460698E8
:10220000EEF764FE01462046EEF760FEEEF7ACFF07
:102210008DE79DF81930032B34D8DFE803F002284E
:102220002D300623634304330522B3FBF2F39CB243
:102230003022B4FBF2F303EB830000EB800002FBDF
:1022400013444000A4B280B214B10234204480B2DE
:102250009DF82430C3EBC30203EBC20300EB430041
:102260000C4B80B25843EEF725FD0B49CCE704EB4D
:102270004404C4F34F04DBE76400A4B2D8E704EBE2
:102280004404FAE76FF0090051E700BF0000204165
:1022900000007A4400127A001D24F44308B5084671
:1022A000EEF708FD0249EEF711FEEEF75DFF08BDFF
:1022B00000007A41036889B2D3F8EC30184703680C
:1022C000D3F8DC301847D0F85C01704700F00E03FB
:1022D000062B0BD0082B0CD00A2B0CD00138C0B227
:1022E000FD288CBF6FF00100002070476FF4307044
:1022F0007047024870470248704700BF3EFDFFFF2D
:102300003DFDFFFF704700002DE9F0428AB0044612
:102310000F4601F0FFFE05AE00230DF11C09012858
:10232000C9E90133054607930593B3803DD194F87D
:102330006131042B35D80433DBB28DF8243094F8A6
:1023400060318DF81C30D4F868310893B4F86631E8
:10235000ADF8143094F86331003B18BF01238DF8B9
:10236000173094F86431591E4B424B418DF81630AA
:1023700094F86231003B18BF01238DF818300397A1
:1023800096E80300099B0190ADF8081000932168BE
:1023900099E80C008E6F20462946B0470AB0BDE888
:1023A000F082072B08BF0823C7E730BBD4F87001C1
:1023B000EEF780FC01462148EEF788FD0790D4F83F
:1023C0007401EEF777FC94F87B31089013F0FB0F63
:1023D00011D0022B03D09A1F534253415B00B4F833
:1023E0008021ADF8142094F87C218DF816208DF80A
:1023F00017300025C3E70123F1E703280ED1B4F815
:102400009C315BBAADF81C3094F8A3318DF81E30C6
:1024100094F89E318DF814300225B0E7022809D1D6
:10242000D4F87001EEF746FC01460448EEF74EFD85
:102430000790DEE76FF01300B0E700BF00007A49B5
:1024400010B50C4659B101F065FE012802D00328F1
:1024500003D038B92070002010BD0220FAE76FF0D9
:102460000200F9E76FF01300F6E708B5D0F85C0159
:102470000221FFF7F2F94FF0FF3008BD37B50D46E6
:10248000044690F85811D0F85C01FFF7E6F95DB901
:102490000123CDE900330023D4F85C011A46D12191
:1024A000FFF75BF903B030BD2946204601F014FE6A
:1024B0000028EDD0F6E707B500238AB20093114655
:1024C00001F0DCFD03B05DF804FB1FB50023ADF89F
:1024D0000C300123CDE9003303AA02231221D0F8E6
:1024E0005C01FFF7F8F8BDF80C0040BA80B205B007
:1024F0005DF804FB2DE9F041002486B0FF27022699
:10250000CDE90274CDE9004605462346224640F651
:10251000E201D0F85C01FFF76FF8CDE90274CDE974
:1025200000462346224640F6E501D5F85C01FFF758
:1025300063F86FF07F41284601F0E5FCD5F85C3187
:10254000186803680A21DB69984727462646012355
:102550000DF1170240F6190128468DF8176001F0B9
:1025600056FD9DF8170000F00100A04001343843EB
:10257000082CC7B2EBD12B6802244FF0FF081B696F
:1025800028469847CDE9014803960096D5F85C01A6
:102590000023012240F6E201FFF72EF8CDE9028682
:1025A000CDE900640023D5F85C01012240F6E50185
:1025B000FFF722F8384606B0BDE8F08190F83410F5
:1025C000022938B5044605D0032911D06FF018054B
:1025D000284638BDD0F85C01FFF73FF9D4F89811D0
:1025E000204601F090FC0546002384F83430EFE7E4
:1025F00090F85811D0F85C01FFF72FF90021204620
:1026000001F06BFC05460028E2D1D4F85C31186873
:10261000D96A0268126990470028E5D0D4F85C3185
:10262000186803685B6D9847EFE7D0F85C3110B528
:102630000446186803681B699847C1B22046BDE884
:10264000104002F03BBF10B54FF4DE710446F3F7C3
:102650000AFF204610BD036810B5D3F8EC3044F2F1
:10266000FF310446984728B9236820461B69BDE816
:102670001040184710BD000010B5044601F04AFD97
:1026800001280ED123682046D3F884309847C3052B
:102690000AD410F0800F14BF6FF00E004FF0FF301F
:1026A00010BD6FF01300FBE70048F9E742FDFFFFA4
:1026B000F7B505460E4601F02DFD012833D12B68F4
:1026C00028461B699847044650BBD5F85C01022197
:1026D000FFF7C3F8B168284602F0C0FEF16807466C
:1026E000284602F0BBFE0094234682B2B9B22846C7
:1026F00001F0C4FC044698B92B6844F2FF31D3F8CA
:10270000EC3028469847044650B973680193F37833
:102710000093B37872783178284601F00BFC0446B8
:10272000204603B0F0BD6FF01304F9E710B504467E
:1027300001F0F0FC012812D1204601F023FE10F434
:10274000004FC0F3072018BFA0F58070EDF74AFED8
:10275000044B0022EDF7B0FEEEF7A6F910BD0248DB
:10276000FCE700BF0000D03F0000A0C12DE9F3410D
:102770001D4603681B6904460F4616469847002805
:1027800046D16DB92368002EDB6F14BF3146FF219F
:10279000204698474FF47A7300EB8000B0FBF3F5C6
:1027A0002846EEF787FA2D49EEF7DCFA2C49EEF7CA
:1027B0008DFBEEF7D9FC236800220092D3F81C8031
:1027C0000146022340F272222046C04700BBD4F8E3
:1027D0005C31186803685B6A98478046D4F85C31BE
:1027E0001868596A026812699047A0B100252368E9
:1027F00020461B69984718B16FF43073984207D18F
:102800002368D5B123682046DB6A98476FF005003E
:1028100002B0BDE8F081D4F85C31186803685B6DE4
:102820009847D4F85C31186803685B6A9847A0EB56
:1028300008008542D2D20125D9E7D3F8843020465A
:102840009847236B1842DDD123681B6B324639460B
:10285000204602B0BDE8F041184700BF00007A44AE
:1028600000007A41036810B5D3F8943004469847C5
:1028700030B110BDD4F85C31186803685B6D9847BF
:10288000D4F85C311868596A0268126990470028C8
:10289000F0D023682046D3F89830BDE810401847A0
:1028A00038B504460D4602F0B5FD0022C4F85421A7
:1028B000C4F86821C4F8842140F20162A4F89C2184
:1028C0002B4A2C4B12692360032000230121C4F8FA
:1028D0009F21294AC4F84C31C4E95C33C4E9693307
:1028E000C4E96C3384F8503184F85801C4F860317D
:1028F00084F86431A4F8663184F86C11C4F8783136
:10290000A4F87C3184F87E31A4F88031C4F8883191
:1029100084F88C31C4F8903184F89431C4F898313B
:1029200084F89E0184F8A331A4F8AC31C4F8B8311E
:102930006260FF22A26084F8493184F84A310222A1
:102940000423C4E90423E16010230821C4E9061329
:1029500020204023C4E90803C4F85C514FF480737D
:102960008025C4E90A534FF400732363204638BD21
:10297000C0600208148002080024743F10B5032AC6
:10298000BDF8084011D8092980F89C2110D85A1E9A
:10299000032A80F89D110ED8B4F5007F80F89E318F
:1029A0000CD2A0F8AC41002010BD6FF00900FBE78D
:1029B0006FF00700F8E76FF00A00F5E76FF06900C5
:1029C000F2E7D0F85C3170B50446186802680D462D
:1029D0009668996A8268B047D4F85C311868996A39
:1029E0000268D668C268B047D4F85C3118680368DA
:1029F0000121DB699847D4F85C311868996A02684C
:102A0000D6680269B047F5B1D4F85C31186803683C
:102A10005B6A98470646236820461B699847054627
:102A200088B1D4F85C31186803685B6A9847801BEA
:102A3000B0F57A7F08D2D4F85C31186803680A21AF
:102A4000DB699847E7E70025284670BD036810B5A5
:102A5000D3F8843004469847430410D5D4F8B8110D
:102A6000204601F00F0101F06DF950B923682046AE
:102A7000D3F8EC30BDE8104044F2FF3118476FF056
:102A8000040010BD2DE9F047984603681B69044611
:102A90000F4616469847002841D194F86131042B1F
:102AA0003FD9072E5BD994F86331012B39D1FD2E24
:102AB00058D823683146DB6F20469847236805467F
:102AC000D3F824903246434639462046C84730BBA7
:102AD00020464FF47A7305EB8505B5FBF3F501F05D
:102AE00019FBD4F85C310646186803685B6A98479E
:102AF00005350746D4F85C31186803685B6D984764
:102B0000D4F85C31186803685B6A9847C01B85423B
:102B100009D2236820469B6A98476FF00400BDE8FD
:102B2000F087FF2EC4E7D4F85C311868596A026850
:102B3000126990470028DDD0032E236809D1D3F80D
:102B4000843020469847C30703D42046FFF77EFF12
:102B5000D0E7236820469B6ABDE8F04718476FF02E
:102B60001D00DCE76FF00300D9E72DE9F0411E46B8
:102B7000036886B01B690546884617469847044691
:102B800000283CD16FF07F4398453946284618BF4E
:102B900046F4007602F062FC31460446284602F014
:102BA0005DFC002382B2A1B20093284601F066FAD0
:102BB000044620BB02460146284601F0C2FB0446FB
:102BC000E8B92B6844F2FF31D3F8EC302846984737
:102BD0000446A0B9284601F09DFA012813D195F8C2
:102BE0009431019395F86431009395F8903195F8FC
:102BF0006321B5F86611284601F028FB04462046FB
:102C000006B0BDE8F081A8B9FF23049395F87E31A2
:102C1000039395F87D31CDE9014395F87C3100931C
:102C200095F87B3195F87821B5F88011284601F0A8
:102C300033FBE3E74FF0FF34E1E700001FB571B16C
:102C400001F0A0FBC0B2EDF7CDFB0F4B002201F16C
:102C50000041EDF731FCEDF727FF04B010BD012373
:102C6000CDE900338DF80F100DF10F021521D0F8CA
:102C70005C01FEF730FD9DF80F00EEF71BF84FF0FA
:102C80003F41EEF76FF8E8E70000E03F0121FFF772
:102C9000D5BF30B585B00546144601F03BFA012892
:102CA00008D195F86431012B04D11CB9D5F89001F5
:102CB00005B030BD0023ADF80C300123CDE9003361
:102CC00003AAD5F85C0102231321FEF704FD14B119
:102CD0009DF80D3023709DF80C00E9E72DE9F341D4
:102CE0000546D0F85C010F461646FEF75EFD2B68E0
:102CF0000446D3F88430284698476FF430739C42DA
:102D000008D110F4007F18BF6FF00504204602B010
:102D1000BDE8F081002CF9D143062CD400F030003E
:102D2000202814BF4FF000086FF0060800230DF1B3
:102D30000702012128468DF80730FFF7AAFF16B1D8
:102D4000B04228BF3046C2B29DF807303946284607
:102D500001F080F904460028D8D12B6844F2FF31F5
:102D6000D3F8EC3028469847B8F1000F0CBF044662
:102D70006FF00604CAE76FF00608D7E70022FFF7F6
:102D800088BF73B5054608464FF07E511646EDF7ED
:102D9000DFFE4FF07A51EDF7E5FF0EF0F5F8EEF7B4
:102DA000E3F94FF07E51C4B23046EDF7D3FE4FF059
:102DB0007A51EDF7D7FF0EF0A5F8EEF7D5F9E10758
:102DC000C3B25CBF04F1FF34E4B2DA075CBF013385
:102DD000DBB201A928468DF804408DF8053001F0DA
:102DE0008BF902B070BD73B5002305460846ADF8F7
:102DF00004300C46EEF792F9A0F286331A2B21D953
:102E0000A0F25F33072B28D9A0F20B33082B27D968
:102E1000A0F5EB73282B26D9A0F5D7730A2B25D95B
:102E20004FF081412046EDF795FE4FF08141064677
:102E30002046EDF78DFE324601462846FFF7A1FFFA
:102E400002B070BDE122E92301A928468DF80420D3
:102E50008DF8053001F050F9F2E7D722DB23F3E7D4
:102E6000C122C523F0E775228123EDE76B226F2392
:102E7000EAE7000037B500238DF807300DF10702AF
:102E8000012340F68901044601F0C1F8E8B9204663
:102E900001F040F901289DF8075018D10D49D4F8E8
:102EA0006801EDF755FE0C4920F00040EEF702F9FD
:102EB00068B105F0FB0501230DF1070240F6890119
:102EC00020468DF8075001F09BF803B030BD45F067
:102ED0000405F0E70000FA436F12833A2DE9F04150
:102EE0000229C8B005460E46174606D0032921D050
:102EF0006FF0180048B0BDE8F08190F86431012B04
:102F000003D1D3680BB1C0F89031D7E901233968F8
:102F10002846FFF72AFE0028ECD13B68013304BFA6
:102F20006FF07F433B603B68C5F8983185F83460AB
:102F30000020DFE75368FF2B00F2DD8001F0EAF8A4
:102F40000128044615D195F89431019395F8643120
:102F500000933B7995F86321B5F86611284601F096
:102F600075F90028C6D100230093012240F2012107
:102F700039E0A8B93B79049395F87E31039395F82D
:102F80007D31CDE9010395F87C31009395F87B31D3
:102F900095F87821B5F88011284601F07DF9E0E731
:102FA000022818D1D5F870317968642B4FEAC10333
:102FB0009BB241F6705243F20F700093C9B240F2D7
:102FC000E14308BF134640F62F1208BF02462846C9
:102FD00001F08BF9C5E7032840F09080002344F20C
:102FE000010200931146284601F048F8002881D1DB
:102FF00002460146284601F0A4F900287FF47AAF82
:10300000032C19D003463A793968284601F00EF8A6
:1030100000287FF46FAF2B6844F2FF31D3F8EC3017
:103020002846984700287FF465AF2846FFF722FF1F
:1030300000283FF47BAF5DE7284600F0D3FD002871
:103040007FF458AF044695F89E31C3F10403A342C0
:103050004CDC0024FB22214609A8089410F0EDFF67
:1030600005F5DA73C5E96C44C5F8B8410DF11C08E3
:10307000029305F5D873CDE900832846D7E90012FD
:1030800008AB079400F030FB00287FF433AF034611
:103090009DF81C2008A9284600F0C8FF00287FF4EE
:1030A00029AF01238DF81830079B8DF81930D5F81A
:1030B000B4318DF81A3006AA032340F28531284630
:1030C00000F09EFF00287FF415AF95F8B471102F23
:1030D00028BF10270446A7429DD9E1B2284600F038
:1030E00031FE00287FF406AF0134F4E7284600F0F3
:1030F0000FFE0134A7E76FF00300FBE64FF0FF304F
:10310000F8E637B500230D468DF807300DF10702BC
:10311000012340F6D801044600F079FF70B99DF80C
:1031200007306DB143F01E038DF807300DF1070233
:10313000012340F6D801204600F062FF03B030BD05
:1031400023F01E0343F00803EEE737B590F864312F
:10315000012B044602D0002003B030BD00F0DAFF9E
:1031600001280546F7D100238DF806300DF106023F
:10317000034640F60211204600F042FF0028EBD142
:103180008DF807002B460DF1070240F6441120464A
:1031900000F03DFF0028DFD19DF8073043F0020327
:1031A0008DF807300DF107022B4640F644112046FA
:1031B00000F026FFD0E7036810B51B690446984766
:1031C00060B92046FFF7C1FF40B923682046D3F815
:1031D000EC30BDE8104044F2FF31184710BD37B560
:1031E00000230D468DF807300DF10702012340F250
:1031F0003671044600F00BFF88B99DF80730012DA9
:103200000CBF03F0FB0343F004038DF807300DF10E
:103210000702012340F23671204600F0F1FE03B0B0
:1032200030BDF0B585B0044600F074FF02460028BA
:1032300078D1D4F87031D4F85C010392FF26B3F54D
:10324000966F029609D102210423CDE9003140F6A0
:10325000B801FEF7D1F905B0F0BDB3F5167F4FF018
:1032600002054FF00303CDE900354FF004032ED1E2
:10327000182240F2D161FEF7BFF90028EBD1CDE969
:103280000260CDE900550423D4F85C011A4640F6EB
:103290009B01FEF7B1F90028DDD1CDE902600427DA
:1032A0000195009702463B46D4F85C0140F6B80110
:1032B000FEF7A2F90028CED1CDE90260CDE9007574
:1032C00006235022D4F85C0140F2AC61C1E7082229
:1032D00040F2D161FEF790F90028BCD1CDE902603F
:1032E000CDE9005502460423D4F85C0140F69B0169
:1032F000FEF782F90028AED1CDE9026004270195DE
:103300000097D4F85C013B46102240F6B801FEF766
:1033100073F900289FD1CDE90260CDE9007506233D
:103320000246CFE7002096E7F0B5054685B00F4688
:103330000A24002601212846FFF743FBD5F85C014B
:1033400010224FF448716B46CDE90066CDE9026664
:10335000FEF740F806226946384610F094FE10B990
:10336000012005B0F0BDD5F85C31186803680A216A
:10337000DB69013C984714F0FF04DBD12046F0E7FD
:103380002DE9F0410446D0F85C010D4617461E4673
:10339000FDF704FFD4F85C311868596A0268D2F866
:1033A00008804268C047D4F85C311868D96A02685E
:1033B000D2F808804268C047D4F85C3131484FF4F5
:1033C00001621A820122DA74D4F85C314FF44001B0
:1033D0001A712D4A5A61C3E90201D4F84C112046F2
:1033E000FFF7A2FF40B9D4F85C01FDF7EBFE6FF0E8
:1033F00001052846BDE8F08194F8493163B13146B2
:10340000204601F012FF0546B0B9002F34D1204606
:10341000BDE8F04101F0A9BD00212846EDF75EFEB0
:103420000028ECD0294641F28832204601F0C6FD42
:1034300005460028E3D0DCE7236820461B6998474F
:10344000204600F0C1FF114B9D42D2D18306D0D55A
:10345000002384F8493141F288320021204601F0EE
:10346000ADFD05460028C4D13146204601F0DDFE01
:1034700005460028C9D0BCE72046BDE8F04101F070
:1034800071BD00BF1D000D00CD2201083DFDFFFFF5
:10349000F7B51D46264BC0F86831062380F8503139
:1034A00000231646C0F88831224A80F86431FF2391
:1034B0000F46C0F86021C0F890319DF8242008998B
:1034C000A0F8665101230446FFF75AFF70BB02467D
:1034D0003946204601F053F840BB4422314620468D
:1034E00001F07AF810BB236829461B6E20469847E6
:1034F000E0B91149204601F08FF8B8B90121204602
:1035000001F01AFE90B90123009341F60F5241F2E7
:1035100021030221204601F06DFC38B923681B6DA0
:103520000146204603B0BDE8F040184703B0F0BDA7
:103530000000FA4309030001000070422DE9FF4139
:1035400017461E4645F255324CF6CC43C0E95C2383
:10355000324BC0F884311A23BDF8285080F87931F5
:1035600040F209638846A0F87A319DF830200B9923
:10357000A0F8805100230446FFF702FF002849D13C
:10358000236841461B6C20469847002842D1236897
:1035900039465B6C2046984700283BD1314620468F
:1035A00001F018FA002835D11D49204601F034F801
:1035B00080BB236829461B6E2046984750BB4AF6BD
:1035C0001253ADF80C3023680222DB6D03A92046AC
:1035D0009847F8B9236801469B6C20469847C8B9BC
:1035E00023680146DB6C2046984798B9FF212046A6
:1035F00001F002FE70B90125009541F2210341F668
:103600000F520221204601F0F5FB18B92946204649
:1036100001F092FD04B0BDE8F08100BF33331C43DC
:103620000000704238B50D4611461A460223044682
:10363000FFF7A6FE58B9236829461B6C2046984719
:1036400028B920460121BDE8384001F075BD38BDDC
:1036500070B586B00D46164680F8A3319DF82C2033
:103660000A9903230446FFF78BFE88BB1C492046BA
:1036700000F0D2FF60BB0121204601F05DFD38BBA8
:10368000CDE90300CDE90100009003460246014662
:10369000204600F001FED8B90B2384F87A31236864
:1036A00084F87901C4F874011B6C0E4920469847D0
:1036B00070B9032E0ED8092D84F89C610DD8032310
:1036C00084F89E314FF4807384F89D51A4F8AC3196
:1036D00006B070BD6FF00900FAE76FF00700F7E77A
:1036E000000070420000FA3E2DE9F04F83469146FB
:1036F000ADF5297D1C460020FF22484540F0CA80D8
:10370000B04810230026037047F25B574FF6FF7353
:103710004A462146C0E90173C66001F015FFC0F3B7
:10372000072304F8093004EB09034FF417725870AB
:1037300009F102033146E65409AD11A8059310962C
:1037400010F07BFCA0482E60032101F058FF09F126
:103750000203DA00063210AB21469B48009501F0C7
:1037600053FFFF223146204610F067FC9BF89C7106
:10377000032F2ED0954B0CAA03F1080C186859683A
:10378000164603C6083363453246F7D11868998850
:103790009B79B371022F98BF8D4B3060B18098BF79
:1037A00013F807C02B6802934FF0000388BF4FF057
:1037B000000C1A4618460DF130084FF0010A029924
:1037C00099427BD109920732D208214610A810F005
:1037D00074FD099B0293002293B202985B438342DB
:1037E000114602F10102F7D38BB25B009BB2049346
:1037F0009BF89E31BDF90850C1F34E020692C3EB0F
:10380000C30203EBC20300215B009BB28A460A4657
:10381000002D74DC9BF89E216A4F8DF828906FF084
:10382000710101FB023309939BF8A3319BF89C21A2
:103830009BF89D119B0043EAC20343EAD10343F086
:1038400002038DF82930BBF8AC311A091B0142EA9A
:1038500041128DF82B3008238DF82A203B702F223F
:10386000FF23C7E901230026FE6035469BF89E1121
:10387000B14200F2AF80059B9BF89C21DB00063330
:103880009BB2032A00F27B81DFE812F06D01750123
:10389000A001A2010B5C53401D0145EA1313235400
:1038A000130983EA521383EAD20303F0010383EA84
:1038B000D2135200D2B21A4301301EE718F800109A
:1038C000B9B110AFDE084FEAD20EBE5D14F80E108B
:1038D000DF43D54307F0070705F007053E41F6072C
:1038E0000AFA05F546BF2943C9B2A94304F80E10E8
:1038F00001320130844508BF002001335FE7302DDD
:1039000028464FEAD306A8BF30200390D843A75DCE
:103910004FF0010C00F007000CFA00F027EA000756
:1039200003EB0C00A755C710C043E65D00F007008D
:103930000CFA00F026EA0006E6554FF0000C9F1C3A
:10394000FE434FF0010E06F007060EFA06F60DF1E3
:1039500040084FEAD20EF81018F80EE007906FEA10
:10396000020808F00708205C4EFA08FE1EF0010F5E
:1039700014BF3043B0434FEAE70618BFC0B2A055AA
:1039800004980244029892B290420BD8069A049886
:10399000524492B290429FBF013189B20A468A4690
:1039A00088BF9246039E0CF1010C0FFA8CF0864200
:1039B00007F10107C4DC30460230303D18442DB217
:1039C00083B225E7F83300200C340020D8600208C9
:1039D0000B8102089DF82B300139891B23F00C0361
:1039E00043EA810304220AA938468DF82B3001F0FE
:1039F000ABFD0DF130084FF00009C8F800908DF8CC
:103A00002C0002217448CDF83490ADF8389001F0C4
:103A1000F6FD28220DEB020143466F48CDF80090D9
:103A200001F0F2FD28220DEB020143466A48CDF871
:103A3000009001F0E9FDEA08EB43A15C4FF0010EB4
:103A400003F007030EFA03F321EA0303A35405EB83
:103A50000E03DA10DB43A15C03F007030EFA03F355
:103A600021EA0303A3545D4B029305F1020C05F117
:103A70002A00029B13F8011B02934FEAD1094FEA77
:103A8000DC0A18F8099014F80A30C9436FEA0C02EE
:103A900001F0070102F0070249FA01F919F0010FDC
:103AA0000EFA02F218BF13430CF1010C14BFDBB283
:103AB0009343604504F80A30DBD105F17203DFF867
:103AC0002091029305F14A0C0DF1300A19F8011FFB
:103AD0006FEA0C024FF0010E02F007020EFA02F23A
:103AE0004FEAD10E4FEADC081AF80EE014F808305D
:103AF000C94301F007014EFA01FE1EF0010F1ABF83
:103B00001343DBB2934304F80830029B0CF1010C21
:103B10006345DBD100214FF001090BEBD10C4FEADB
:103B2000D0089CF89FC114F808306FEA010EC24318
:103B30000EF0070E02F007024CFA0EFC1CF0010F0B
:103B400009FA02F218BF134301F1010114BFDBB2FD
:103B50009343202904F8083000F10100DDD17235CB
:103B6000ADB2013682E60622534304330522B3FB8D
:103B7000F2F39BB203E003EB4303C3F34F033020A4
:103B800003F12F02B2FBF0F20A44B4990A60B3FBCE
:103B9000F0F101EB810202EB820200FB11335200D3
:103BA0009BB292B213B102331A4492B29BF89E11A7
:103BB000722313FB0123B39A1360B29A0733DB0815
:103BC000002013600DF5297DBDE8F08F5B00D0E784
:103BD00003EB4303CDE700BF0C3400200E81020845
:103BE0003581020870B5464A8AB0034605AC02F139
:103BF000100610685168254603C50832B2422C46AB
:103C0000F7D110683F4A286010689288ADF81020FC
:103C10003D4A029249F28E52ADF8042093F8A32156
:103C20000390002A93F89D210AA800EB42020CBFE2
:103C30003421082132F8142CB2FBF1F20621632A58
:103C4000A3F8A421A3F8A6112AD037D83C2A53D030
:103C500022D81E2A19D8092A1BD92C4921FA02F286
:103C6000D20716D5B3F8AC210AA901EB9211B2F52F
:103C7000C07F11F81C1CA3F8A81102F03F01A3F8A3
:103C8000AA1106D200200AB070BD232AEAD02F2A3A
:103C9000E8D06FF06900F6E73E2A2DD0562AF8D119
:103CA000B3F8AC210AA901EBD21102F07F0211F89E
:103CB000201CA3F8A811A3F8AA21E3E7B2F5C37F5B
:103CC00013D00ED8B92A01D0C62AE2D1B3F8AC215C
:103CD0000AA901EB1221D2B211F8241CA3F8A811F1
:103CE000E9E740F293118A42D3D14FF48472A3F8EA
:103CF000A821B3F8AC21DEE73822A3F8A621B1E76A
:103D0000E86002080481020841444748000440502A
:103D100010B5B0F8A631B0F8AA11B0F8A441024627
:103D200003F001005B0818B1B2F8A80143409BB250
:103D3000994214BF81EA030008468442F0D3A2F8F6
:103D4000A63110BDD0F8B4312DE9F34104460E463A
:103D5000002B66D0FFF7DCFFB4F8A431471EBAB2DF
:103D60003FB2B7EB530FA8BFD21A03F0010594F886
:103D7000A331A8BF17B20135002B56D0AD004FF4C8
:103D800080584FF09841D4F85401ECF7EBFF4FF016
:103D90007451ECF7E7FFEDF7E7F9D4F8B82194F8A0
:103DA0009E316D0208FB07559A42A0EB050004D234
:103DB0009B1ADB0758BF00F5807006EB460700BA78
:103DC0007F00042301900DEB030207F28A312046A5
:103DD00000F016F930BB6EB394F89E31B3422BD885
:103DE000D4F8B051312D29D8ADB200238DF8003070
:103DF0006A46022307F5627120468DF8015000F0F3
:103E0000FFF878B9D4F8B0315B1BC4F8B031D4F8FE
:103E1000B431013BC4F8B431D4F8B8310133C4F83B
:103E2000B831002002B0BDE8F0811A235D434FF4A1
:103E3000D048A6E77325D8E77225D6E73225D4E720
:103E400030B5044685B0D0F85C010D460121FDF780
:103E500004FD0023CDE900330DF10F02D4F85C011D
:103E6000AD00012384218DF80F50FDF776FCD4F8C6
:103E70005C310546186803680121DB6998472846CC
:103E800005B030BD0121FFF7DBBF7FB504460D460D
:103E90001646D0F85C010121FDF7DFFC46B1002396
:103EA000CDE900331A46D4F85C011946FDF755FCFC
:103EB0000123CDE9003303AAD4F85C018DF80C503E
:103EC0008021FDF74AFC04B070BD90F84A11012230
:103ED000FFF7DBBF0122FFF7D8BF1FB50B0C8DF832
:103EE0000C300B0A8DF80D300123CDE900338DF82D
:103EF0000E10032303AA8321D0F85C01FDF72DFCEB
:103F000005B05DF804FB1FB50B0C8DF80C300B0AE7
:103F10008DF80D3000220123CDE900328DF80E100E
:103F2000032303AA8221D0F85C01FDF716FC05B03B
:103F30005DF804FB2DE9F04385B090F860919DF8A1
:103F4000308006460D981C4617460D46ECF7B2FE2B
:103F50001E49ECF7BBFFEDF707F9FF2D08BF02255F
:103F6000FF2F04BF09F10D095FFA89F7FF2C08BF85
:103F70000A248DF80A400124CDE90044030CB8F16D
:103F8000FF0F8DF80C304FEA102308BF4FF00008E8
:103F90008DF80D308DF80E000723D6F85C018DF8F2
:103FA000085002AA88218DF809708DF80B80FDF762
:103FB000D4FB40B9CDE9004403460246C521D6F8FA
:103FC0005C01FDF7CAFB05B0BDE8F08300007A4153
:103FD0001FB58DF80D309DF818308DF80F30012386
:103FE000CDE900338DF80C108DF80E20042303AAC0
:103FF0009521D0F85C01FDF7B0FB05B05DF804FB3E
:1040000008B5D0F85C01FDF76EFA002008BD10B5C8
:10401000044610461A460346D4F85C01FDF7DAF967
:10402000D4F85C01BDE81040FDF7BFBB10B586B009
:104030000E248DF815300123CDE9013300920B4693
:10404000022205A9D0F85C018DF81440FDF76BFB46
:1040500006B010BD10B586B01E248DF815300123B2
:10406000CDE9013300920B46022205A9D0F85C018C
:104070008DF81440FDF716FB06B010BD1FB55BBAF6
:10408000ADF80C30BDF818305BBAADF80E30012336
:10409000CDE9003349BA082352BAADF80810ADF89B
:1040A0000A2019460DEB0302D0F85C01FDF755FB21
:1040B00005B05DF804FB1FB50123CDE9003349BA13
:1040C0000223ADF80C1003AA1946D0F85C01FDF7E5
:1040D00044FB05B05DF804FB1FB50123CDE90033B7
:1040E00009BA0391042303AA8621D0F85C01FDF7E5
:1040F00034FB05B05DF804FB07B50123CDE90033BF
:104100000A4602239821D0F85C01FDF726FB03B094
:104110005DF804FB1FB5FF238DF80F300123CDE9B7
:1041200000330DF10F021121D0F85C01FDF7D3FA35
:104130009DF80F0005B05DF804FB30B5012385B094
:10414000CDE9003304460D468DF80C108DF80D2096
:10415000D0F85C01022303AA8E21FDF7FEFA08B90C
:1041600084F88C5105B030BD2DE9F0431E4685B072
:1041700090F86C319DF83040054688461746A3B14B
:1041800090F860014FF0010909FA00F0ECF792FD98
:10419000D5F86811ECF79AFE4FF08341ECF794FFE5
:1041A0000028044618BF4C46E4B2012385F862415A
:1041B000CDE9003303AAD5F85C018DF80C80042307
:1041C0008B218DF80D708DF80E608DF80F40FDF786
:1041D000C4FA05B0BDE8F08330B585B00D0C089C7D
:1041E0008DF80C30230C8DF80D300123CDE9003310
:1041F00008238DF808508DF80A100D0A8DF80B2051
:1042000064BA0DEB03028B21D0F85C018DF80950E4
:10421000ADF80E40FDF7A1FA05B030BD1FB50B0C8F
:104220008DF80C300B0A8DF80D300123CDE90033E9
:104230008DF80E108DF80F20042303AA8B21D0F8DF
:104240005C01FDF78AFA05B05DF804FB2DE9FF413A
:104250009DF82C800C464146064617461D46FEF743
:10426000BEFFB0B99DF828308DF80A300123CDE9A2
:10427000003364BAD6F85C01ADF80840062302AA00
:104280008C218DF80B508DF80C708DF80D80FDF79A
:1042900064FA04B0BDE8F0817FB58DF813309DF865
:1042A00028308DF80E208DF814309DF820208DF8E0
:1042B0000F200123CDE900339DF824208DF8102034
:1042C0009DF82C208DF8112049BA9DF83020ADF8CA
:1042D0000C108DF81220092303AA8C21D0F85C0160
:1042E000FDF73BFA07B05DF804FB30B585B0054635
:1042F000BDF820008DF808108DF80A20110A8DF8FD
:104300000C301A0A030A8DF80D300123CDE9003371
:104310008DF809108DF80B208DF80E0002AAD5F843
:104320005C018C21FDF719FA044638B9D5F85C0117
:1043300006230DF10902F021FDF7D5F8204605B05E
:1043400030BD1FB50123CDE900338DF80C108DF879
:104350000D20022303AA8F21D0F85C01FDF7FDF99F
:1043600005B05DF804FB1FB50123CDE900338DF8DE
:104370000C1003AA9621D0F85C01FDF7EEF905B008
:104380005DF804FB1FB50F4B1A889B788DF80E3033
:104390000123CDE90033ADF80C20032303AA142137
:1043A000D0F85C01FDF797F99DF80D309DF80C20D1
:1043B0009DF80E001B0243EA0243184305B05DF866
:1043C00004FB00BFFC6002081FB50023ADF80C30F1
:1043D0000123CDE9003303AA02231721D0F85C01A1
:1043E000FDF779F9BDF80C0040BA80B205B05DF870
:1043F00004FB1FB50023ADF80C300123CDE90033D9
:1044000003AA02230721D0F85C01FDF7A6F905B045
:104410005DF804FBD0F85C312DE9F0411D682A6895
:1044200004465769926D0E462846596A9047D4F85B
:104430005C311B68014632462846BC465B69BDE8D4
:10444000F0416047D0F85C3170B51C68596A226849
:1044500020469569926D90472B4601462046BDE85F
:10446000704018470368D3F8DC3018470368D3F866
:10447000E030184773B505460E46FFF74BFE01289E
:10448000044656D100213046ECF71EFE00283BD0F2
:1044900029493046ECF70EFE002835D04FF07C510C
:1044A0003046ECF75FFC2549ECF754FBECF75CFE7B
:1044B000C3B2142B21D8022B26D9033B112B23D8AE
:1044C000DFE803F02F2209220A22222922222222B7
:1044D0002B222222222D082495F8623185F85041A2
:1044E000C5F86861009395F8613195F8601122462E
:1044F0002846FFF739FE02B070BD7D2B13D006D8D9
:104500001F2B12D03E2B12D06FF00700F3E7FA2BCF
:10451000FAD10624E0E70924DEE70224DCE70A24D6
:10452000DAE70024D8E70524D6E70324D4E70424F7
:10453000D2E76FF01300DEE70000FF430AD7233C09
:1045400037B504460D46FFF7E5FD012811D16B1F75
:10455000072B11D894F8623184F86051009394F8D5
:10456000613194F8502129462046FFF7FDFD03B044
:1045700030BD6FF01300FAE76FF00800F7E773B58E
:1045800005460C461646FFF7C5FD01281ED1231F20
:10459000DBB2042B1DD8BEB1062C11D8042C08BFE9
:1045A000002495F8623185F86141009395F8502117
:1045B00095F8601123462846FFF7D6FD02B070BD7E
:1045C000082C06D10724ECE71C46EAE76FF013003D
:1045D000F4E76FF00900F1E773B506460D4614469F
:1045E000FFF798FD012814D125F00F0343EA1413B7
:1045F00004F00F0444EA05118DF804308DF805101D
:10460000022301AA4FF4E8613046FFF7F9FC02B03B
:1046100070BD6FF01300FAE737B50C460546002170
:104620002046ECF751FDB0B10C492046ECF742FDB5
:1046300088B10B492046ECF749FCECF795FD0123C6
:104640008DF807000DF1070240F6E7012846FFF755
:10465000D7FC03B030BD6FF01000FAE700000C4348
:104660000000204030B587B005460C46FFF752FDEC
:10467000012811D195F89431A1B2A5F866110193E2
:1046800095F86431009395F8903195F863212846A8
:10469000FFF7DCFD07B030BD58BB95F87C31A1B207
:1046A00099420A46A8BF1A461F2AA5F880111ADCAB
:1046B000172A1ADC0F2A1ADC003A18BF01229200CE
:1046C000FF2085F87821049095F87E01039095F8F5
:1046D0007D0102900020CDE90030284695F87B311D
:1046E000FFF7DAFDD6E70722EAE70622E8E7052228
:1046F000E6E74FF0FF30CDE737B504460D46FFF74C
:1047000009FD68BB00212846ECF7CAFC60B91649D0
:104710002846ECF7D9FC20B114492846ECF7CAFC2E
:1047200018B96FF0650019E00F4D11492846ECF7F4
:1047300019FB4FF09841ECF715FB0E49ECF7C6FB5F
:10474000ECF712FDC4F87401009094F8793194F8F4
:104750007A21D4F870112046FFF73EFD03B030BD3A
:104760006FF01300FAE700BF9A99193F0000484321
:1047700000007A440024F44B37B504460D46FFF799
:10478000C9FC002839D0032805D0022810D06FF0CA
:10479000130003B030BD25492846ECF795FC20B145
:1047A00023492846ECF786FC38BB6FF06400F0E73D
:1047B00020492846ECF788FC0028F6D01E492846F8
:1047C000ECF778FC0028F0D01C492846ECF7CAFA30
:1047D00001461B48ECF77AFBECF7C6FC16220146B3
:1047E000C4F870012046FFF719FD0028D1D12046FA
:1047F00003B0BDE83040FEF714BD10492846ECF781
:10480000B1FA01460E48ECF761FBECF7ADFCD4F8C9
:104810007431C4F870010093014694F8793194F82A
:104820007A212046FFF7D8FCDFE700BF23DBF93E03
:10483000355EFA3ECDCCCC3D9A99193F00007A44C2
:104840000024744EF0B589B003AC84E80E00036810
:104850009DF83860D3F8CC30049F0DF11F01054658
:1048600098470446002851D1032E9DF81F3002D0EE
:10487000B3420FD13346E3B92B6803991B6C28462A
:1048800098470446002841D12B6839465B6C28467E
:1048900098470CE02B6828461B69984738B92B6865
:1048A0003146D3F8C830284698470028E2D004465D
:1048B0002CE0012B17D12B689DF80C10D3F8E830B1
:1048C00028469847044608BB2B683946D3F8E4309D
:1048D000284698470446C8B902469DF81410284651
:1048E000FFF74DFEE3E7022B10D14FF480730093E6
:1048F0009DF80D209DF80C1003232846FEF73EF886
:104900000028D4D19DF80E3085F8A331204609B097
:10491000F0BD000030B585B004AC04E90E009DF890
:104920002030029C032B07D1036808A9D3F8CC30B0
:10493000984718B105B030BD4FF0FF309DF82030DA
:10494000CBB9019D1F492846ECF7BEFB68B31E4951
:104950002846ECF7AFFB40B31A492046ECF7B4FB0E
:1049600030B31A492046ECF7A5FB002814BF0020FD
:104970006FF06500DEE7012BDCD19DF80430053BCC
:10498000072B18D800212046ECF79EFBB0B1104948
:104990002046ECF78FFB88B19DF80C30043B042BCC
:1049A00094BF00206FF00900C4E76FF06400C1E716
:1049B0006FF06500BEE76FF00800BBE76FF007001F
:1049C000B8E700BF9A99193F00009643000048439A
:1049D0000000FF4337B505460C46FFF79BFB002858
:1049E00040F02B819849C5F884412046ECF7B0F897
:1049F000964920F00040ECF75DFB002840F0F58080
:104A000093492046ECF7A4F8904920F00040ECF7D9
:104A100051FB002840F0EB808E492046ECF798F8D7
:104A20008A4920F00040ECF745FB002840F0E18087
:104A300089492046ECF78CF8844920F00040ECF7D7
:104A400039FB002840F0D78084492046ECF780F8F5
:104A50007E4920F00040ECF72DFB002840F0CD808F
:104A60007F492046ECF774F8784920F00040ECF7D5
:104A700021FB002840F0C3807A492046ECF768F813
:104A8000724920F00040ECF715FB002840F0B98097
:104A900075492046ECF75CF86C4920F00040ECF7D3
:104AA00009FB002840F0AF8070492046ECF750F831
:104AB000664920F00040ECF7FDFA002840F0A580A0
:104AC0006B492046ECF744F8604920F00040ECF7D1
:104AD000F1FA002840F09B8066492046ECF738F850
:104AE0005A4920F00040ECF7E5FA002840F09180A8
:104AF00061492046ECF72CF8544920F00040ECF7CF
:104B0000D9FA002840F087805C492046ECF720F86D
:104B10004E4920F00040ECF7CDFA00287DD15849ED
:104B20002046ECF715F8494920F00040ECF7C2FAAE
:104B3000002874D153492046ECF70AF8434920F085
:104B40000040ECF7B7FA00286BD14F492046EBF74D
:104B5000FFFF3E4920F00040ECF7ACFA002862D19C
:104B60004A492046EBF7F4FF384920F00040ECF7C3
:104B7000A1FA002859D146492046EBF7E9FF33490D
:104B800020F00040ECF796FA002850D14149204629
:104B9000EBF7DEFF2D4920F00040ECF78BFA002800
:104BA00047D13D492046EBF7D3FF284920F000408C
:104BB000ECF780FA00283ED138492046EBF7C8FFD1
:104BC000224920F00040ECF775FAC8B30923D5F864
:104BD000742185F87931009295F87A21D5F8701111
:104BE0002846FFF7F9FA03B030BD1F23EFE717237C
:104BF000EDE70F23EBE71E23E9E71623E7E70E2394
:104C0000E5E71D23E3E71523E1E70D23DFE71C2399
:104C1000DDE71423DBE70C23D9E71B23D7E71323B6
:104C2000D5E70B23D3E71A23D1E71223CFE70A23D3
:104C3000CDE71923CBE71123C9E76FF01300D2E7C3
:104C40006FF06700CFE700BF9A9999406F12833ADF
:104C50009A99B9409A99E94033331B4133333B4128
:104C60009A99694100009C413333BB416666EA4131
:104C700000001C429A993B4266666A4266669C4204
:104C80009A99BB429A99EA4233331C4333333B43EC
:104C9000CD4C6A4300009C43CDCCBA430080E9432D
:104CA00037B500290CBF9423962315468DF80330A1
:104CB0000DF10302012340F6AC010446FFF7A0F911
:104CC00070B96DB1074B1A889B78ADF804208DF848
:104CD000063001AA032340F29F212046FFF790F9F6
:104CE00003B030BD5E81020837B505460C46FFF7BC
:104CF00011FA08B103281CD1042C1DD8DFE804F0F8
:104D00000403131517000824D5F8743185F87A4187
:104D1000009395F87931D5F8701122462846FFF7AF
:104D20005BFA03B030BD0924EEE70A24ECE70B245C
:104D3000EAE76FF01300F4E76FF06900F1E770B590
:104D400086B005460E461446FFF7E4F9002838D130
:104D5000082C4CD8E4B2234632464FF4D86128469A
:104D6000FFF74EF928BBB5F88011E400E4B2A14288
:104D70000A46A8BF22461F2A85F87C411BDC172A59
:104D80001BDC0F2A1BDC003A18BF01229200FF2017
:104D900085F87821049095F87E01039095F87D01BF
:104DA00002900020CDE90040284695F87B31FFF7BE
:104DB00073FA06B070BD0722E9E70622E7E705228D
:104DC000E5E7012809D1012C11D831784422284681
:104DD00006B0BDE87040FFF7FFBB032804D1042CE8
:104DE00005D13368C5F89F316FF01300E1E76FF02C
:104DF0006800DEE72DE9F04188B004469DF8388070
:104E00000D4617461E46FFF785F9002845D1012DAE
:104E100008D0022D3AD0002D3DD06FF42F7008B08D
:104E2000BDE8F0814FEA88085FFA88F5FF2384F82F
:104E30007B51049394F87E31039394F87D3102936F
:104E40000023019394F87C31009394F87821B4F80E
:104E500080112B462046FFF71FFA0028DFD17FBACA
:104E6000022307AA40F2BC612046ADF81C70FFF790
:104E7000C7F80028D3D176BA022307AA40F2BE6150
:104E80002046ADF81C60FFF7BBF8C8E7B8F1000F8B
:104E900018BF0625CAE70125C8E7012812D12A1E36
:104EA00094F8943118BF012284F86321019394F897
:104EB0006431009394F89031B4F866112046FFF7FE
:104EC000C5F9ACE74FF0FF30A9E770B588B00446EC
:104ED0000D461646FFF71EF9002840D1B5B9FF234D
:104EE00084F87D51049394F87E310195CDE9025305
:104EF00094F87C31009394F87B3194F87821B4F8DD
:104F000080112046FFF7C8F908B070BD012384F86E
:104F10007D3107AA4FF4D7612046FFF778F80028C3
:104F2000F2D19DF81C308DF81D60C6F3002223F0ED
:104F3000010313438DF81C3007AA02234FF4D761F5
:104F40002046FFF75DF80028DED1FF23049394F894
:104F50007E31039394F87D31CDE90103C8E76FF00A
:104F60001300D1E70021FFF7FEB90121FFF7FBB9DC
:104F7000003940F2FF1218BF0121FFF7A6BFD0F899
:104F80005C01FCF745BC37B504460D46FFF7C2F897
:104F9000012810D184F89451019594F8643100935C
:104FA00094F8903194F86321B4F866112046FFF725
:104FB0004DF903B030BD6FF01300FAE7F0B590F88B
:104FC000493185B006460D46174613B14F4805B026
:104FD000F0BD03681B6998473046FFF7F5F9830673
:104FE00002D53046FFF705FA494925F00040ECF7B5
:104FF00061F8044630B10121304605B0BDE8F0400B
:10500000FDF7DFBC43492846EBF7A2FD404920F0FD
:105010000040ECF74FF8002869D13F492846EBF7EC
:1050200097FD3B4920F00040ECF744F8002860D1A0
:105030003A492846EBF78CFD354920F00040ECF763
:1050400039F8002857D136492846EBF781FD304919
:1050500020F00040ECF72EF800284ED131492846C8
:10506000EBF776FD2A4920F00040ECF723F8002802
:1050700045D12D492846EBF76BFD254920F000402E
:10508000ECF718F800283CD128492846EBF760FDDA
:105090001F4920F00040ECF70DF8A0BB244928463A
:1050A000EBF756FD1A4920F00040ECF703F8002812
:1050B0008CD0072338468DF80C30EBF7FBFD1D49EB
:1050C000EBF704FFECF750F8030C8DF80D300123DB
:1050D000C6F88871CDE9003340BAADF80E0004235C
:1050E000D6F85C0103AA9721FCF737FB6FE723464C
:1050F000E0E70123DEE70223DCE70323DAE704230A
:10510000D8E70523D6E70623D4E700BF41FDFFFF1C
:105110006F12833ACDCCCC3F9A99D93F6666E63F71
:10512000CDCC0C409A991940CDCC2C400000404089
:105130003333534000007A411FB50123CDE90033DA
:105140008DF80F100DF10F029D21D0F85C01FCF7D6
:1051500004FB05B05DF804FB2DE9FF411F46002369
:105160000D4616468DF80F300DF10F02012340F663
:10517000E7010446FEF74BFFC8B94FF001089DF860
:105180002820CDF800803B4631462046FEF720FF20
:1051900068B90422E9B22046FEF7CFFF38B943468A
:1051A0000DF10F0240F6E7012046FEF729FF04B09B
:1051B000BDE8F08170B586B004460D461646FEF790
:1051C000A9FFB0B9CDE9035694F87D31CDE90103CB
:1051D00094F87C31009394F87B3194F87821B4F8FA
:1051E00080112046FFF758F808B984F87E5106B0C0
:1051F00070BD6FF01300FAE70A460121FFF7DABF2E
:1052000010B504460846C4F854114FF09841EBF726
:10521000A9FD4FF07451EBF7A5FDEBF7A5FF014693
:105220002046BDE81040FEF757BFF0B5002285B01C
:105230000C4611460546FFF784F800286CD101267C
:10524000CDE900663346D5F85C018DF8084002AA26
:105250008A21FCF782FA00285ED195F84A31CDE91F
:105260000066002B0CBF202330238DF80830D5F8C2
:105270005C01334602AA9321FCF76FFA00284BD158
:1052800003228DF8082095F86021ADF80C00CDE9D7
:1052900000660D328DF809200A22ADF80A208DF83B
:1052A0000E000723D5F85C0102AA8821FCF755FA05
:1052B000074688BB2B6844F2FF31D3F8EC30284610
:1052C0009847009704463B463A4639462846FEF73B
:1052D000D5FE204300B2F8B9CDE900607F238DF8F8
:1052E0000830D5F85C01334602AA8921FCF735FA6B
:1052F00090B9D5F85C31186803680521DB699847D7
:10530000D5F85C311868D96A02681269904728B9E3
:10531000D5F85C01FCF749FA05B0F0BDD5F85C3171
:10532000186803685B6D9847EAE76FF018007047EC
:105330006FF0180070476FF0180070470368002185
:105340005B6918476FF0180070476FF018007047DE
:105350006FF0180070476FF0180070476FF018007A
:1053600070476FF0180070476FF01800704784B0F6
:1053700004A800E90E006FF0180004B07047002088
:1053800070470000004870470000C8C182B08DE837
:105390000C00002002B07047002070476FF018002A
:1053A00070476FF0180070470020704770477047D3
:1053B00070476FF01800704730B585B00025CDE913
:1053C00002558DF808300368CDE90012D3F8D030CB
:1053D0006A4603210446984720B923682046D3F83B
:1053E000D430984705B030BD1FB50293069B039398
:1053F0000368CDE90012D3F8D0306A460221044692
:10540000984720B923682046D3F8D430984704B091
:1054100010BD000038B5104B03604FF07E530025DF
:105420000446436001238360C0F8445180F848512A
:10543000294628220C300EF000FE65634FF480727E
:10544000294604F138000EF0F8FD84F84051C4E913
:105450004E55204638BD00BF6C810208002330B590
:105460001A4601250C3005FA03F40C4204D050F81A
:1054700023401F2C18BF22430133202BF3D11046A9
:1054800030BDF7B506460C46A9B101AF002533681B
:105490003046D3F8A43098470135EDB2042D07F813
:1054A000010BF4D1019B1BBA002BB8BF5B4293FBED
:1054B000F4F204FB1234204603B0F0BD38B590F886
:1054C000483104469BB9D0F8382141EA4201D0F86E
:1054D0004421C0F838111140D0F83C21914205D147
:1054E000012280F8482180F83530C38638BD90F815
:1054F000362094F835300244012592F838009D405A
:10550000B9B12843C0B2591CC9B2082982F8380081
:1055100084F83510EAD100F0FFF894F83630E2183C
:10552000013382F8380084F83630002384F83530AF
:10553000DCE720EA0500E6E7082202700022C0E965
:105540000122C260028270472DE9F8430026846878
:105550004FEAC20805460F463246B04510D1EB6807
:1055600084EA03006B7C13B1297800F0D5F82A781F
:105570004FF0FF33C2F12002D3401840BDE8F8835A
:1055800073070CD12B7CB85C02F1010913B108211F
:1055900000F0C2F82B78083B984044404A462B78EC
:1055A000013B24FA03F313F0010F18BF6B684FEAB5
:1055B000440418BF5C400136CFE700000148FFF704
:1055C000BBBF00BFF833002070B500254FF48076D4
:1055D0000446058045600572324629460C300EF0BF
:1055E0002CFD3246294604F586700EF026FD8422F5
:1055F000294604F503700EF020FD204670BD0023FF
:1056000003704170704700002DE9F74F01920029A7
:105610006CD0002B6AD0002296461546019CA5420C
:1056200012D1690708D04178032904BF110C03F88F
:10563000011B110A19705A700C9B0BB1C3F800E0E2
:10564000002003B0BDE8F08FEC0890F8018011F85D
:1056500004C0284C284EEF4307F00707B8F1020FAB
:105660004CFA07FC08BFA2460CF0010C047818BFE6
:10567000B246CCF101064FEA940B6FEA04094FEAF7
:10568000860609F00309F6B206EBC9065AF82B9014
:105690004FF0020A29FA06F61AFB04C40CBF4FF0B9
:1056A00010094FF04009B4FBF9FC09FB1C4406F05B
:1056B0000F06047007FB08F705F00704BE40072C2F
:1056C00042EA06020CD1B8F1030F04BF140C03F830
:1056D000014B1C46160A04F8026B5A70234600223E
:1056E000447874441FFA84FE013597E74FF0FF3089
:1056F000A7E700BF488202085882020808B504489C
:10570000FFF762FF034B00221A705A7008BD00BFFA
:10571000103400200C3400200023F0B5044601258D
:1057200018464E1EDAB2914200D8F0BD05FA03F2D7
:105730002240DA40F71ABA4010430133F2E77047CB
:1057400070477047084670477047000010B5C0E9C1
:105750000223029B0361039B4361049B8361044B0F
:10576000044C1A68C0E9004102B9186010BD00BFBE
:10577000A0360020A08202081020704710B5064B0A
:105780000446B02140F80C3B00F0CFFA204600F070
:1057900085F8204610BD00BF0883020810B50446F6
:1057A000FFF7ECFF2046BC21F0F75DFE204610BD60
:1057B000102AF8B54AD100F10C0301F1100251F89A
:1057C000044B43F8044B9142F9D100F1180400F165
:1057D000B80601250423042B04F1040722D12A462C
:1057E0002146384600F084FA237914F80C2CE1792C
:1057F0005340237114F80B2C63795340637114F8F0
:105800000A2CA3795340A37114F8093C013559407F
:10581000EDB200230133B742E171DBB23C46DAD18D
:105820000120F8BD14F80C1C22784A40227114F8AB
:105830000B1C62784A40627114F80A1CA2784A4034
:10584000A271E17814F8092C5140E3E70020E8E761
:1058500010B5044600F014F8044B23600A232371AA
:1058600004F10C03A360204610BD00BF08830208AA
:1058700010207047017980680131090100F055BAA4
:1058800010B5044600F04AFA034B2360002323714D
:10589000A360204610BD00BF3083020810B5034B43
:1058A0000360044600F040FA204610BD3083020831
:1058B000184B0A789A5C02704A799A5C42708A7A2C
:1058C0009A5C8270CA7B9A5CC2700A799A5C027197
:1058D0004A7A9A5C42718A7B9A5C8271CA789A5C35
:1058E000C2710A7A9A5C02724A7B9A5C42728A7826
:1058F0009A5C8272CA799A5CC2720A7B9A5C027361
:105900004A789A5C42738A799A5C8273CA7A9B5C01
:10591000C373704763840208184B0A789A5C02705C
:105920004A7B9A5C42708A7A9A5C8270CA799A5CE5
:10593000C2700A799A5C02714A789A5C42718A7BD9
:105940009A5C8271CA7A9A5CC2710A7A9A5C027213
:105950004A799A5C42728A789A5C8272CA7B9A5CB3
:10596000C2720A7B9A5C02734A7A9A5C42738A79A1
:105970009A5C8273CA789B5CC37370476383020826
:10598000F0B50E7891F801C08D78CF78F40904EB6A
:1059900044044FEADC1104EBC40401EB410184EA46
:1059A00046048CEA050E01EBC101E4B287EA0E0E53
:1059B00081EA4C01C9B2EB0984EA0E0E81EA0E0EAF
:1059C000FA0903EB430303EBC30302EB420280F843
:1059D00000E086EA050E83EA450387EA0E0E86EAB2
:1059E0000C0602EBC202DBB282EA470281EA0E0138
:1059F00077407540D2B259406C407B405340624082
:105A000041708370C270F0BD2DE9F041846888B0A8
:105A1000531E0D46671E0F326E4613F8011F17F80E
:105A200001CF934281EA0C0106F8011BF5D10779F9
:105A300010343E46A046012E1BD87B1E002FDBB241
:105A40004FEA031308BF00231C44694604A8FFF76C
:105A50002FFF013D631E0F3413F8011F10F8012BB7
:105A6000A34282EA010205F8012FF5D108B0BDE892
:105A7000F08104A86946FFF71BFF01466846FFF75F
:105A80007FFF05A901A8FFF77BFF06A902A8FFF782
:105A900077FF03A807A9FFF773FF08F1FF336A46F2
:105AA00008F10F00117813F801CF81EA0C0183424D
:105AB00002F8011BF6D1013E08F11008F6B2BAE770
:105AC0002DE9F04F91F800B04E78CF788D784FEAFD
:105AD000DB1303EB430303EBC30387B083EA4B03FE
:105AE000DBB20193F309FA0903EB430303EBC303AE
:105AF00002EB420283EA460302EBC20282EA470259
:105B0000DBB20293B409D3B2484A03934FEA971C1D
:105B1000145D12F80CC084EA8604E3B28CEA870CA8
:105B200004935FFA8CF34FEA5B1CAC0912F80CA0EB
:105B300005934FEA561C4FEA9B1912F80C80145D2E
:105B400012F80990019B4FEA551C84EA850412F86B
:105B50000CE04FEA571CE4B212F80CC086EA0502CA
:105B60007A405A40029B88EAC6085A405FFA88F891
:105B70008AEACB0A8EEAC50E62405FFA8EFE5FFAB1
:105B80008AFA8CEAC70C89EA8B0988EA02025FFA72
:105B90008CFC8AEA09098EEA0202E9095FFA89F9AE
:105BA0008CEA020289EA020201EB4101027001EB78
:105BB000C1018BEA05027A4081EA4501C9B253402E
:105BC000049A4B405340059A53408AEA030388EAFB
:105BD00003038EEA03038CEA03038BEA0606437091
:105BE0007740039B039A79405940019B75406B4075
:105BF0005340049A5340059A4C40534088EA0404A9
:105C00008AEA030A8EEA040488EA0A088CEA040491
:105C10008EEA080E89EA04098CEA0E0C80F80290DC
:105C200080F803C007B0BDE8F08F00BF5B830208B7
:105C30002DE9F0438468077989B00D4604EB071419
:105C40006946531E661E0F32894613F8010F16F877
:105C500001CF934280EA0C0001F8010BF5D14946CF
:105C600004A8FFF759FE3E46A046012EA8F11008F1
:105C700019D87B1E6FF00F02DBB2002F02FB03F37B
:105C800008BF00231C44A21804AB013D12F8010B0D
:105C900013F8011BA24281EA000105F8011FF5D1AA
:105CA00009B0BDE8F08304AA434608F1100011785A
:105CB00013F801CB81EA0C01834202F8011BF6D1F3
:105CC00004A94846FFF7FCFE05A901A8FFF7F8FE66
:105CD00006A902A8FFF7F4FE07A903A8FFF7F0FE44
:105CE000013E494604A8FFF717FEF6B2BDE70000E3
:105CF00030B5084B4C78084D1C5DAA5C54400470CC
:105D00008A789A5C4270CA789A5C82700A789B5C46
:105D1000C37030BD6384020850830208014B0360E6
:105D2000704700BF6C850208704701440023884219
:105D300000D1704700F8013BF9E730B50244002379
:105D4000904204D1C3F58070C0F3002030BD10F83C
:105D5000014B11F8015B6C402343F1E72DE9F04161
:105D60009CB0164F164B4FF009080546082603A8AD
:105D7000CDF8008010220C4601F05EF93B46424609
:105D800013A903A8009601F057F9334603AA214648
:105D9000204601F0E7F833463A462146284601F00E
:105DA0004DF933463A462946284601F047F9642121
:105DB00003A8FFF7BAFF1CB0BDE8F081B085020868
:105DC0008C85020838B514460546402320460A460D
:105DD000102101F0AEF80023236421462846BDE8D7
:105DE0003840FFF7BBBF2021FFF79FBF2DE9F041EF
:105DF0000D46A0B000F12008044605F12006024639
:105E00004146684601F044FA2A46314610A801F09E
:105E10003FFA10AA6946684601F0D6F92246414683
:105E200008A801F01EFA2A46314610A801F019FA16
:105E300008A904F1600610AA084601F0C5F905F1A9
:105E40006002314610A801F0BFF910A904F1400723
:105E50000846224A01F0C8F905F14002394618A85F
:105E600001F0B2F918AA1146104601F0FAF96A4693
:105E700008A9304601F00CFA10AA18A9384601F01A
:105E800007FA18A910AA084601F0EBF908A96A4612
:105E9000084601F0E6F93A463146204601F094F909
:105EA00008AA18A9404601F08FF918AA39463846C1
:105EB00001F08AF908AA3146304601F085F96846B2
:105EC000FFF791FF08A8FFF78EFF10A8FFF78BFFE1
:105ED00018A8FFF788FF20B0BDE8F08150860208BF
:105EE0002DE9F041064690B001F140080D464246CA
:105EF000014606F14007684601F066F93A46294630
:105F000008A801F061F920220DEB02016846FFF7B5
:105F100014FF424606F120010446684601F054F998
:105F20003A4605F1200108A801F04EF920220DEBB8
:105F300002016846FFF701FF04406846FFF753FF80
:105F400008A8FFF750FFE4B2204610B0BDE8F0818A
:105F50002DE9F041044600F120060A46202388B0CE
:105F60000821304600F0E5FFE36B334DDF0F04F10D
:105F7000400823F00043E363424605F1200C2B4622
:105F800003CB6345106051601D4602F10802F6D153
:105F900004F1600532463146284601F015F94246C3
:105FA0002946204601F074F9244A2946284601F082
:105FB0001BF942462946284601F053F9294668460E
:105FC00001F0EBF96A462146284601F0FDF86846E3
:105FD000FFF709FF236E2A4604F17C0152F8040FF3
:105FE0008A4243EA0003F9D15BB91FB1002008B02F
:105FF000BDE8F0812022394620460EF01EF801202F
:10600000F5E72946204601F0F3F90028EED0236891
:1060100003F00103BB4209D02022002128460EF0E4
:106020000CF822462946204601F032F93246214634
:10603000284601F0C9F8E2E7F085020870860208F8
:106040008021FFF772BE00002DE9F04FC5B0054674
:106050000291144600218022019301260DF0EDFFEC
:10606000FF232E622E6400934FF0000A04F12008F3
:10607000029B53F82A70019B37400BB9002F7BD04D
:1060800005F120092A46494604A801F001F92246F3
:10609000414614A801F0FCF804A9084614AA01F02E
:1060A00093F82A4649460CA801F0DBF822464146FF
:1060B00014A801F0D6F80CA9084614AA01F084F837
:1060C00005F16003194604F1600214A8039301F07E
:1060D0007BF814A908466E4A05F1400B01F084F8DC
:1060E00004F1400259461CA801F06EF81CAA1146A2
:1060F000104601F0B6F804AA0CA93CA801F0C8F8B3
:1061000014AA1CA934A801F0C3F81CA9084614AAB3
:1061100001F0A7F80CA904AA084601F0A2F8019B17
:1061200034AA3CA9002B00F09F8024A801F04CF871
:106130000CAA1CA92CA801F047F834A908461CAAEF
:1061400001F042F83CA908460CAA01F03DF824AA47
:106150002946384601F0CAF82CAA4946384601F0CB
:10616000C5F834AA5946384601F0C0F83CAA05F1F2
:106170006001384601F0BAF82246414604A801F011
:1061800087F804AA1146104601F01EF8224641463F
:106190000CA801F066F80CAA04F16007114610463D
:1061A00001F012F83A46394614A801F00DF814A986
:1061B00004F140090846364A01F016F84A464946B5
:1061C0001CA801F001F81CAA1146104601F049F87C
:1061D00004AA0CA9384601F05BF814AA1CA9484689
:1061E00001F056F81CA9084614AA01F03AF80CA9C7
:1061F000084604AA01F035F84A463946204600F020
:10620000E3FF0CAA1CA9404600F0DEFF1CAA494689
:10621000484600F0D9FF0CAA3946384600F0D4FFB2
:10622000B6F1004F04BF0AF101035FFA83FA009B45
:1062300003F1FF3314BF7600012613F0FF03009330
:106240007FF416AF24A8FFF7FBFE04A8FFF7CBFDF1
:106250000CA8FFF7C8FD14A8FFF7C5FD1CA8FFF7A1
:10626000C2FD45B0BDE8F08F284600F0ADFF0CAA96
:106270001CA9484600F0A8FF1CAA34A9584600F003
:10628000A3FF0CAA3CA905F1600000F09DFF73E795
:1062900050860208F0B5174D944606460F460FCDBE
:1062A000A1B06C460FC495E80F00134D84E80F00B1
:1062B0000FCD08AC0FC495E80F00104D84E80F0017
:1062C0000FCD10AC0FC495E80F000D4D84E80F0002
:1062D0000FCD18AC0FC495E80F0084E80F0063469B
:1062E0006A4639463046FFF7AFFE6846FFF7A8FE1C
:1062F00021B0F0BD3086020810860208F085020841
:10630000D0850208F0B5ADF5397D0D46044680A86C
:1063100016461F4600F0CEFA29466846FFF718FEDB
:1063200098B900246846FFF78BFE20A8FFF788FE87
:1063300040A8FFF785FE60A8FFF782FE80A800F066
:106340009FFA20460DF5397DF0BD214620A8FFF7C4
:10635000FFFD0028E5D080A800F076FA2146202233
:1063600080A800F009FD2022294680A800F004FD45
:106370003A46314680A800F0FFFC002292A980A88E
:1063800000F039FD2023E218082178A800F0D1FDA3
:10639000002278A940A8FFF77DFF60AA92A958A81B
:1063A000FFF710FD00236A4658A960A8FFF74CFECE
:1063B00060A920A8FFF71AFD20A940A8FFF790FDCB
:1063C0000446AFE705494FF40052A0F880200022B0
:1063D000C0E92121A0F89C20704700BF80EE360064
:1063E00010B540210446FFF7A0FC40216018FFF7DC
:1063F0009CFC204610BD00000148FFF7E3BF00BF32
:10640000A43600200148FFF7EBBF00BFA4360020F0
:1064100020207047402070470E4A0F4B0F49DFF88D
:1064200040C0C0E902230F4BC0E904130E4BC0E982
:1064300006C30E4B036203F17453A3F52303A3F6C3
:1064400092434362002380F8703000220023C0E9A9
:106450001A23704767E6096A85AE67BB72F36E3C24
:106460007F520E513AF54FA58C68059BABD9831F1F
:1064700010B5044670210830FFF757FC236820460A
:106480001B69BDE81040184710B5064B0446702143
:1064900040F8083BFFF749FC204600F0E9FF2046A2
:1064A00010BD00BF9886020810B50446FFF7ECFF48
:1064B00020467821EFF7D7FF204610BD10B50446DF
:1064C00000F0D0FF024B23602046FFF7A5FF10BD70
:1064D000988602082DE9F04F00F124058BB000F1F9
:1064E00064072B4653F8042F12BA9F421A60F9D161
:1064F00083680293C3680393036904934369059314
:1065000083690693C3690793036A0893436A0993EF
:10651000DDE908B8DDE9061CDDE904E9DDE902464C
:10652000594B0193019B55F804AF53F8042B019389
:106530004FEAF12383EAB113524483EA71631344AF
:1065400001EA0C0A2BEA010282EA0A02134486EAF3
:106550000E024344224006EA0E0882EA08024FEA8D
:10656000743888EAB40888EAB4589844AF424B4477
:106570004244F146D84678D110250195019D0F3D42
:1065800005F00F050A3550F825A0019D023D05F0E4
:106590000F050A3550F82590019D05F00F08073DBD
:1065A00005F00F0500EB88080A35D8F8287050F878
:1065B00025503D442F464FEABA4585EAFA1585EA4B
:1065C000DA054FEAF94A8AEA794A8AEA992A3D4481
:1065D00055444FEAF329C8F8285003EA010A89EA2A
:1065E000B3192CEA030889EA736988EA0A08C844DF
:1065F000254FDDF8049057F82970B844A84408EBFB
:106600000B054FEA723984EA060889EAB20908EAFA
:10661000020804EA060A89EAB25988EA0A08C84464
:10662000A84405EB0E09019D0135402D0195B646A4
:10663000E34621D1029D45448560039D1544049A9B
:10664000C56022440261059A32444261069A4A4476
:106650008261079A1A44089BC2610B440362099B3A
:10666000634443620BB0BDE8F08FE346B6468C4608
:1066700026461946144655E78C46264619461446C2
:106680004B4642467AE700BFC08602082DE9F84330
:1066900015468946D100D0E91A325B1842EB557293
:1066A000C0E91A32044600F128074FF000080DB97E
:1066B000BDE8F88394F87000C0F14006F6B2AE422F
:1066C00088BFEEB24946324638440DF0F6FD94F8E4
:1066D00070303344DBB2402B84F87030A5EB0605F4
:1066E000B144E4D12046FFF7F5FE84F87080DEE780
:1066F000F8B500F1280590F8703017468022EA546A
:1067000090F87020372B04460E4602F101002FD876
:10671000C2F13702002128440DF08FFCA36E19BA94
:10672000E36E1A06180A42EA136200F47F401B0265
:10673000024303F47F031343C4E918312046FFF7F3
:10674000C9FE231D04F1240153F8042F12BA8B4211
:106750001A62F9D1236820469B689847B8420246DE
:10676000294628BF3A463046BDE8F8400DF0A5BDA1
:10677000C2F13F02002128440DF05FFC2046FFF7E4
:10678000A9FE382200212846C6E713B51346362253
:10679000044600920A4600F1280100F06AFED4E99E
:1067A0001A3213F5007342F100022046C4E91A328E
:1067B00002B0BDE81040FFF78DBE2DE9F04106465E
:1067C0001D4656F8283B8AB00F46904602A99B69A1
:1067D0002022044698475C23314600933A464346BC
:1067E000204600F046FED4E91A2312F5007243F168
:1067F0000003C4E91A232046FFF76CFE23685E6994
:106800009B68984702A902462046B0472368109A21
:106810009B69294620469847202102A8FFF785FA60
:106820000AB0BDE8F081402070478020704710B565
:106830000446D8210830FFF778FA236820461B6900
:10684000BDE810401847000070B50C4D034600F13C
:10685000080405F140062A4603CAB242206061607E
:10686000154604F10804F6D1002000210022C3E9F6
:106870003201C3E9340183F8D82070BD708A020860
:1068800010B5064B0446D82140F8083BFFF74DFAF7
:10689000204600F0EDFD204610BD00BFC88702086D
:1068A00010B50446FFF7ECFF2046E021EFF7DBFDD3
:1068B000204610BD10B5044600F0D4FD034B236004
:1068C0002046FFF7C1FF204610BD00BFC887020861
:1068D0002DE9F04FA1B000F1C00300F14001049395
:1068E0000B4653F8082F5C6812BA24BAC3E9004279
:1068F000049A9A42F5D183680E93C3680F93036993
:1069000010934369119383691293C3691393036AC4
:106910001493436A1593836A1693C36A1793036BA0
:106920001893436B1993836B1A93C36B1B93036C7C
:106930001C93436C1D931D461C9E1A9B0B931B9B23
:106940000C93189B0793199B0893149B0D93159B0D
:106950001E93129B0993139B0A93109B0593DDE9E9
:1069600016AB119B0693DFF83C830E9BDDF83C9041
:1069700001934FEA9A324FEA9A4747EA8B3742EA45
:106980008B427A404FEA9B344FEA9B434FEACA5707
:1069900043EA8A3347EA5B2744EA8A44D8E900ECB1
:1069A0005C407A404FEACB5351F8087F43EA5A23C0
:1069B0005C404B681EEB07074CEB030C0B9B23EA78
:1069C0000A0E0C9BD21923EA0B07079B44EB0C041D
:1069D000DDF820C00AEA03030BEA0C0C8EEA03037D
:1069E00087EA0C07D31844EB07049B1945EB040412
:1069F000059A099DDDF828C0DDF804E082EA050764
:106A0000069A0A9D82EA0506019A099D1740059A91
:106A10001540069A06EA090602EA0C025640019A57
:106A20006F404FEA19754FEA127C45EA02154FEAAA
:106A3000897242EA9E024FEA8E7E4EEA990E5540D6
:106A40004CEA091C019A8CEA0E0C4FEA496E4EEA98
:106A5000D21E520642EAD9128CEA020212EB030C51
:106A60000D9A85EA0E0544EB05059B181E9A44EB2A
:106A700002041CEB0702029245EB06020392099AFC
:106A80000D920A9A1E92049A8A42DDE90B6508F17A
:106A9000080840F04C8110220492049AA2F10F01E0
:106AA00001F00F01093100EBC10250F83110D2F8AA
:106AB00004E0049A023A02F00F02093200EBC20528
:106AC00050F832200D92049AD5F804C0D61F02F077
:106AD0000F0706F00F0600EBC7070936BA6C00EB8C
:106AE000C60550F836606D68B618FA6C45EB0202C0
:106AF0004FEA5E051E924FEA510845EAC1720D0A3F
:106B00001F9248EACE7845EA0E624FEA1E2588EACF
:106B1000020845EA01651F9AC90941EA4E615540DC
:106B200088EA01011E9A711885EADE1542EB050517
:106B30000D9A4FEADC484FEACC0646EA52764FEA15
:106B4000D24E48EA4238D20042EA5C724EEA4C3EEB
:106B50008EEA020E0D9A920942EA8C628EEA0202D5
:106B600088EA060888EA9C188E1845EB0802C7E9EF
:106B70001262A50BA70C47EA833745EA83457D409F
:106B8000990B4FEA934CE7054CEA843C47EA5327BC
:106B900041EA844185EA070E81EA0C01049F414DD8
:106BA0004FEAC35C4CEA542C81EA0C0105EBC70C9C
:106BB00055F83750DCF8047049194EEB0705079F6C
:106BC00027EA0308089F27EA040C03EA0A0788EA71
:106BD000070704EA0B0E8CEA0E0CC91945EB0C05ED
:106BE000891942EB05060B9A029DDDF808C08A1848
:106BF0000C994FEA1577039D41EB0601029E47EA87
:106C000005172D0F45EA0615039EDDF80CE0B607C3
:106C100046EA9C064FEA8C7C4CEA9E0C87EA0C07FD
:106C20007540DDF808C07646760646EADC164FEA7F
:106C30004C6C4CEADE1C87EA0C077540DDF814C08A
:106C4000019E86EA0C08069E89EA060E029E08EA64
:106C50000608039E0EEA060E019E06EA0C06DDF803
:106C600018C088EA060609EA0C0CBE198EEA0C0C5C
:106C7000099F45EB0C05DDF828C0D71941EB0C0C3A
:106C8000921941EB0501049D01350495059D099577
:106C9000069D0A95079D0B95089D0C95049D502D0A
:106CA00059D101E0F08702080E9DAA180F9D45EB0F
:106CB0000101C0E902210299109A039D521811990D
:106CC00041EB0501C0E904210199129A069D521871
:106CD000139941EB0901C0E906210599149A52184C
:106CE000159941EB0501C0E90821169AD719179AA1
:106CF00042EB0C01189AD318199A42EB0404C0E92C
:106D00000C341A9B1B9A13EB0A0342EB0B02C0E9EB
:106D10000A71C0E90E32079A1C9B08999B181D9AAC
:106D200042EB0102C0E9103221B0BDE8F08F079AB2
:106D30000B92089A0C92CDE907AB9A46059B0993F2
:106D4000069B0A93019BCDE90539029BDDF80C9067
:106D50000193A3460DE6019DCDE90559029DDDF89D
:106D60000C900195CDE907ABCDE902219A46A346E7
:106D70003B46644691E600BF2DE9F8430446D0E95E
:106D800032601546EB009B194FEA52724241894628
:106D90004FF0000128BF0121C4E9323231B1D4E9FA
:106DA0003432013342F10002C4E9343204F14807BD
:106DB0004FF000080DB9BDE8F88394F8D800C0F191
:106DC0008006F6B2AE4288BFEEB24946324638443B
:106DD0000DF073FA94F8D8303344DBB2802B84F88A
:106DE000D830A5EB0605B144E4D12046FFF770FD8D
:106DF00084F8D880DEE7F8B500F1480590F8D8307F
:106E000017468022EA5490F8D8206F2B04460E468D
:106E100002F1010032D8C2F16F02002128440DF0C6
:106E20000CF9D4F8D030D4F8D4201BBA12BAC4E983
:106E30002E23D4F8C830D4F8CC201BBA12BAC4E937
:106E400030232046FFF744FD234604F1400053F869
:106E5000082F596812BA09BA9842C3E91012F6D13C
:106E6000236820469B689847B8420246294628BFB7
:106E70003A463046BDE8F8400DF01FBAC2F17F0235
:106E8000002128440DF0D9F82046FFF721FD70229B
:106E900000212846C3E713B5134636220446009264
:106EA0000A4600F1480100F0E4FAD4E9323213F561
:106EB000806342F100022046C4E9323202B0BDE8EC
:106EC0001040FFF705BD2DE9F04106461D4656F876
:106ED000483B92B00F46904602A99B694022044667
:106EE00098475C23314600933A464346204600F0DB
:106EF000C0FAD4E9322312F5806243F10003C4E9F9
:106F000032232046FFF7E4FC23685E699B689847BC
:106F100002A902462046B0472368189A9B69294671
:106F200020469847402102A8FEF7FFFE12B0BDE8B8
:106F3000F081F8B50F46B3EB870F054611461C46A6
:106F40004FEA870609D21A460DF0B7F9321B281905
:106F50000021BDE8F8400DF070B83246BDE8F840B9
:106F60000DF0ABB9F0B5002507462C46AB4204F056
:106F7000010000D1F0BD51F82540261A52F8250035
:106F800064EB0404361A47F8256064F10004013507
:106F9000ECE72DE9F04700241D68A44626469642FA
:106FA0000BD140F8224000EB820901264FF0000A85
:106FB000089CA6420CD3BDE8F08751F82670E7FB89
:106FC000054C40F82640644601364FF0000CE6E7D9
:106FD000002453F8267000EB860EA446944503D196
:106FE00049F826400136E3E7DEF8005051F82C80DE
:106FF0002D194AF10004E8FB07544EF8045B0CF12C
:10700000010CEBE7F8B50446FFF7ACFF1D46002383
:1070100016464042043C1A4605B9F8BD56F8041B12
:1070200054F8047F0140C91942EB0207C9182160D6
:1070300047F10003013DEFE7FFF7ABBFFFF7E2BF0A
:107040002DE9F041CC691326E30F24F00044A3FBA3
:107050000636CC6101EB82078C464FF0260E674561
:1070600049D1072A0CD83C4625680132ED18D2B226
:1070700046F10003082A44F8045B4FF00006F3D100
:107080002622A3FB023402FB0644CA691325D60F4D
:1070900022F00042E6FB0534CA610A1FA44601F152
:1070A0001C05164656F8044FE4184CF10003B5428F
:1070B00034604FF0000CF5D116461327634656F89E
:1070C000044FE41943F10007B54234624FF0000366
:1070D000F5D1CB6BDC1723F00043CB63043852F8B7
:1070E000041F136A4B4023404B40954240F8043F35
:1070F000F5D1BDE8F081DCF80050EC18DCF8205048
:1071000046F10003E5FB0E434CF8044B0026A6E7CE
:10711000F0B589B06D46034600F120070146002610
:1071200013202C4651F8042B121846F100008F4210
:1071300045F8042B4FF00006F4D1079AD61722F039
:107140000042191FF04307921C3351F8045F54F8B2
:10715000042B6A4032406A408B420A60F5D109B084
:10716000F0BD0023D1F800C02DE9F04702F1200660
:10717000074615461C4655F804EBEEFB0C34B542A9
:1071800047F8043B23464FF00004F4D140F8203F79
:1071900001F11C0851F804EFA0F11C0C1746002562
:1071A00057F8049BDCF80030A246E9FB0E3A5B1965
:1071B0004AF10005B7424CF8043BF1D1884540F84C
:1071C000045FE7D1BDE8F08710B590B0044668468B
:1071D000FFF7C7FF082269462046FFF731FF10B0CE
:1071E00010BD0A46FFF7F0BF2DE9F04F93B002AF94
:1071F0000023D2F800C00D4601F120080E461C46BF
:10720000394656F804EBEEFB0C34464547F8043B90
:1072100023464FF00004F4D10A930AAF02F11C098F
:10722000019452F8043FA7F11C0E1C46AC46002600
:10723000DEF800305CF804ABDDF804B0EAFB043B98
:107240009B194BF10006C4454EF8043BF0D1914523
:1072500047F8046FE5D10822FFF7F2FE13B0BDE84E
:10726000F08FF0B4002401F1200C0546264651F8B9
:10727000043B52F8047BDB1946EB06071B1947F168
:107280000004614545F8043BF1D1F0BCFFF740BF75
:10729000F0B5002301F12007054651F8044B52F8E0
:1072A000046B03F00103E41A63EB0303A41B63F113
:1072B0000003B94245F8044BEFD1014603F0130235
:1072C00051F8043B04469B1A44F8203B62EB02024F
:1072D0000B6802F001029B1A41F8043B62EB0202C8
:1072E000A142F5D123F00043C361F0BD404230B567
:1072F000A1F1040065EB0505043A1C3150F8044F78
:1073000052F8043F63402B40634088420360F5D14C
:1073100030BD70B588B0044668460E46FFF761FF81
:10732000092569466846013DFFF75BFF15F0FF053B
:10733000F7D1324669462046FFF746FF17260A2551
:1073400069466846013DFFF74CFF15F0FF05F7D190
:107350006A4621462046013EFFF736FF16F0FF063B
:10736000EDD121466846FFF73CFF6A46214620469C
:10737000FFF72AFF082569466846FFF732FF013DFF
:107380006A4621462046FFF71FFF15F0FF05F2D1A0
:107390006846FEF728FD08B070BD38B504460D46B6
:1073A000FFF7B7FF21462046FFF71BFF2146204687
:1073B000FFF717FF2A4621462046FFF705FF214623
:1073C0002046FFF70EFF21462046FFF70AFF2A4618
:1073D00021462046FFF7F8FE21462046FFF701FF31
:1073E0002A4621462046BDE83840FFF7EDBE0000A2
:1073F00030B5044689B00D46FFF78BFF2146204685
:10740000FFF7EFFE2A4621462046FFF7DDFE214624
:107410002046FFF7E6FE21466846FFF7E2FE2022FF
:10742000694628460CF0DFFD28B96846FEF7DBFC0C
:10743000012009B030BD0A4A21462046FFF7D4FE9C
:1074400021466846FFF7CDFE2022694628460CF00B
:10745000CAFD0028E9D06846FEF7C5FC0020E8E731
:10746000B08A0208014B0360704700BFD88A020847
:1074700070472DE9F8431D4603689DF82090DB68AE
:1074800004460E4690469847236807461B692046E7
:107490009847AF420ED32A46414630460CF00DFFC6
:1074A00074197A1B494620460CF0C7FDB44217D127
:1074B000BDE8F88323682A46414620465B69984721
:1074C000236820469B689847236802469B690546C7
:1074D000314620469847236820461B699847DFE7D6
:1074E00016F8013B89EA030306F8013CDEE70000D9
:1074F000224BF0B50B443C24B3FBF4F104FB1133F5
:10750000B1FBF4F204FB1211017118214371B2FBBB
:10751000F1F301FB1322C2709BB2002240F26D1600
:107520004FF6936512F0030413BF37464FF4B77755
:1075300001210021BB421AD2114D027001216A5C67
:107540004CB9022907D10132D2B29A420BD89A1A09
:1075500093B203211F229A4205D80131C9B29A1A67
:107560000C2993B2EBD1013341708370F0BD691ADD
:107570000B4401329BB2D2B2D4E700BF80BC92C7A9
:10758000FF8A0208704738B5044600250846217175
:10759000A5710BF005FB65712060204638BD10B564
:1075A000044600680BF004FB204610BD0023437125
:1075B0007047407970470068704700008E2912D8E4
:1075C000702903D8032908D801207047074B713967
:1075D000C9B2CB4003F001007047643904298CBF65
:1075E0000020012070470020704700BFBD91FE20A1
:1075F000882914D8702906D803290BD8012994BFEB
:10760000002001207047074B7139C9B2CB4003F00D
:1076100001007047A1F167035842584170470020AC
:10762000704700BF1901A0002DE9F84F04460E462F
:1076300090461D46FFF7C2FFC8B18E2E98BF2D4B56
:1076400094F805909CBF9F5D2B4B227994BF33F833
:1076500016B0002709EB070303F1010388BFBB46FF
:10766000934206DB0123A3710020BDE8F88F0223BB
:10767000F9E700212846E9F713FD0021B0F1000ADF
:10768000284618BF4FF0010AE9F70AFD08B105F1D5
:1076900000455846E9F70EFB2946E9F763FBE9F791
:1076A00063FD314605462046FFF7A2FF40B1BAF11F
:1076B000000F05D0FA00012393405A1E2A409D1A5C
:1076C000236809F10102627103F809806379226875
:1076D000591C6171D654002201326379D1B28F42B4
:1076E0003B4402D2D8B26071BFE721689B1ACD54E7
:1076F0002D0AF1E72A8C02080C8B020808B5134604
:107700000A466721FFF790FF08BD08B513460A46F1
:107710006821FFF789FF08BD08B513460A467421A2
:10772000FFF782FF08BD08B513460A467321FFF72D
:107730007BFF08BD704710B550210446EEF793FE5D
:10774000204610BD38B5074B04460D4640F80C3BAB
:10775000442200210CF071FC0023A5602371204617
:1077600038BD00BFC48C020810B50446007958B972
:1077700001B1A160A16839B104F10C0000F092FEE2
:10778000B0FA80F04009207110BD38B50379044685
:1077900000F10C053BB98168284601F069FDB0FA9B
:1077A00080F0400938BD00230371284600F0BCFE7C
:1077B0000028F4D1A168284601F05AFD0028EED136
:1077C000A168284600F06EFE0028E8D1012323714D
:1077D000E5E738B50D46044611461A462B4600F03B
:1077E00052F9204638BD00B5C3B06A460C3000F0EF
:1077F0001DFEB0FA80F0400943B05DF804FB08B507
:107800000C3001F067FEB0FA80F0400908BD07B502
:1078100003688DF807105B6801220DF10701984796
:1078200003B05DF804FB1346027D10B54AB9046944
:107830000A46816904F10C0000F0E9FF20EAE070DB
:1078400010BD0020FCE773B504460069257D0DBB23
:10785000A1690C3000F0DEFD06462069A1698DF8B3
:10786000075001230DF107020C3001F06AF90028DE
:107870002069A169C8BF9DF807504FF00003324648
:1078800000F10C00D8BF4FF0FF3501F0BEF92846DB
:1078900002B070BD4FF0FF35F9E738B5037D0446FF
:1078A00063B90069A1690C3000F0B6FD0546206996
:1078B000A1690C3000F0AEFD281A38BD0020FCE7AD
:1078C000037D2BB90369816903F10C0001F093BBBF
:1078D0007047000010B500224FF47A74C0E901240B
:1078E000054C0460C0E906220161027580F8202081
:1078F00080F81F2110BD00BFD48C0208F8B50446E3
:107900000E4615461AB1012A17D00120F8BD0127ED
:1079100038200BF045F90146A06160B1206932467C
:107920003B460C3001F0CFFD024648B1A0690BF098
:107930003FF90023A3610020E8E740F20317E7E7DF
:10794000012D05D12069A16902230C3001F05DF9F8
:1079500000232375D9E770B504462C200E460BF0A2
:107960001FF90146A06150B1206932460C3000F089
:107970001CFD30B1A0690BF01BF90023A3610020AE
:1079800070BD012525753046E9F782FC28440BF0CF
:1079900007F93146E0610CF088FC2846F0E7134611
:1079A000027D10B43AB904690A46816904F10C00F9
:1079B00010BC01F0C6B8002010BC704707B501220A
:1079C0000DF10701FFF7EBFF0028CCBF9DF8070082
:1079D0004FF0FF3003B05DF804FB816938B5044611
:1079E00079B10069257D0C3065B100F006FDA06914
:1079F0000BF0DEF8E0690025A56108B10BF0D8F8BE
:107A0000E56138BD01F030FBA0690BF0D1F8A5614C
:107A1000F7E7FFF7E2BF70B58369C2B005460E46CF
:107A200014460BB1FFF7D9FF28696A4631460C307E
:107A300000F0FCFCE0B99DF80030112B05D1224686
:107A400031462846FFF75AFF03E031462846FFF744
:107A500082FF044670B12F2130460CF039FB2035EF
:107A600000B1461CFF22314628460CF01EFB02E006
:107A7000023003D00024204642B070BD012CF9D161
:107A8000DDE7FFF7C8BF70B504460D461646194638
:107A9000FFF720FF324629462046FFF7F2FF204637
:107AA00070BD8069003818BF0120704703681A6AEA
:107AB000C36AD31A1944B1FBF2F302FB1311036B2F
:107AC0008B4210B50AD94C09C06B01F01F0150F868
:107AD000243001228A40134340F82430002010BD96
:107AE0000368013304D04068431C58425841704732
:107AF0000120704710B50B6804689C4209D04068AB
:107B00004968884205D08C4203D0181A18BF01205A
:107B100010BD0020FCE72DE9F74FDDE90C470E9D75
:107B200083468846924699460DB9002064E0DBF80A
:107B30000000BAF1000F1ED0DAF800304B451AD120
:107B4000DAF80410A14216D886690E44A64212D96A
:107B5000361BAE42DAF8083028BF2E46611A384686
:107B6000324619440CF0A9FBAD1B37443444DCD039
:107B7000DBF80000E0E7D8F8002043694A4517D158
:107B8000D8F80410A14213D8CE18A64210D9361B3B
:107B9000AE42D8F8083028BF2E46611A3246384621
:107BA00019440CF08AFB37443444AE1B3546BBE71E
:107BB0004168B4FBF3F203FB12428C467AB9AB4244
:107BC0000DD8B5FBF3F603FB1656AD1B00953B46EF
:107BD00022464946E04778B92F442C44E6E7A21AEA
:107BE000C8F80090C8F804200093D8F80830494637
:107BF0006646B04700289AD003B0BDE8F08F1FB5A5
:107C0000069C0092CDE9013400220B4600F11401DC
:107C1000FFF781FF04B010BD2DE9F04786B005469F
:107C20000F46144600F11409D6184FF0010A0DF161
:107C30001708A64203D1002006B0BDE8F0870094E3
:107C4000CDE9018A3B46002249462846FFF763FFFB
:107C500001340028F0D10E980122414601F078FC51
:107C6000E7E72DE9F04F8BB01368049300265368C3
:107C7000059307460C46B0460DF1100A06AD4FF0CD
:107C8000100B5AF82690CDF800B02B46002249463A
:107C90003846FFF7B4FF70B110F1340F06D146B18A
:107CA000B8F1000F0CBF6FF0330000200BB0BDE83F
:107CB000F08F0126E5E7B8F1000F04D0E269069BDA
:107CC0009B1A002BEBDB079B23F00043132BE6D919
:107CD0003A68D2699342E2D84FF0FF3303A81022EA
:107CE0002946039301F034FC079B03A823F00043CB
:107CF0000090103B102249463846FFF78DFF0028C0
:107D0000CAD1039B002BCAD10AAA86F0010302EB59
:107D1000830304F11C0C53F8183CA3601023E360A8
:107D200095E80F00C4F804904FF001088CE80F00AC
:107D3000B5E7F7B5044604300E461546FFF7D0FE0A
:107D400010B1002003B0F0BD009001236A4629461F
:107D500020460193FFF785FF0028F3D105F12407A2
:107D60003846FFF7BDFE0028EBD131463846FFF715
:107D7000C1FE38B13A4629462046FFF772FF002877
:107D8000EED0DFE70120DDE72DE9F04F87B0DDE938
:107D9000104506468B46174625444FF001090DF164
:107DA000170AA3EB0408AC4201D1012011E008EB53
:107DB00004030093CDE901A93B4600225946304611
:107DC000FFF7A9FE28B914F8013B9DF817209A4245
:107DD000E9D007B0BDE8F08F03689B6A10B5044690
:107DE00013B9C0690AF0E4FE2368DB6A13B9A06A1C
:107DF0000AF0DEFE23681B6B23B9E06BBDE8104080
:107E00000AF0D6BE10BDF8B5C6690D68083EB54289
:107E10000F4613D3B5FBF6F0013808F069FA841C5D
:107E2000A5EB8404B4FBF6F4204608F061FAA5EB58
:107E3000800504FB16553D602046F8BD0020FCE798
:107E40002DE9F04F89B00646DDF84C8005920F46CB
:107E50004BB94FF0FF32C8F80020149A002013608D
:107E600009B0BDE8F08F0468013B07A920460793DD
:107E7000FFF7C9FF12A905462046FFF7C4FF4FF0E0
:107E8000040A81460DF1140BA945059B03D3C8F8DC
:107E90000030129BE1E7A5EB0904B4FA84F495FAEB
:107EA000A5F2B2FA82F2C4F11F04944228BF14462C
:107EB000A2000092CDE901BA002239463046FFF710
:107EC0002AFE0028CCD10123A340ED1ADCE72DE9DE
:107ED000F04F89B006461298DDF850A00F46904644
:107EE0009946E8B10138059005A93068FFF78BFF86
:107EF0000DF1180B0446139B49465046984778B934
:107F000074B104F00105C5F102029200CDE901B29D
:107F100000904B46424639463046FFF7FCFD10B113
:107F200009B0BDE8F08F06992DB9139B50469847CC
:107F30000028F5D1012008AB03EB8000023D50F88A
:107F4000089C2C44D7E704300844104470472DE9BE
:107F5000F34106460C46154601F124074FF0100880
:107F6000216AE26821F0004302F10C00043B9842D0
:107F700015D80C23009361682B1D3046FFF73FFE98
:107F8000034688B9E668EA79A97968792E60FFF72F
:107F9000DAFFA26906440244E660A26104E0002917
:107FA00006DB2A606FF00103184602B0BDE8F081DD
:107FB0003A4621463046FFF754FE03460028F3D1E7
:107FC000A369C4F80C801433A361C9E730B5044633
:107FD00093B004300D46FFF783FD10B1002013B0BD
:107FE00030BD0190012301AA07A920460293FFF7A3
:107FF00038FE0028F3D110A8FFF772FD0028EDD15C
:1080000010AA07A92046FFF72CFE0028E7D103AAF3
:1080100007A92046FFF79BFF10B1831CEBD0DEE7DA
:108020009DF91030002BF2DB0822294605A80BF041
:10803000DAFF0028EBD10120D1E72DE9F84305460E
:1080400004300F4614461E46FFF74AFD10B10020CB
:10805000BDE8F88301235062936202F1240806F11F
:1080600008094046FFF73CFD0028F0D14246214672
:108070002846FFF7F6FD0028EAD132462146284679
:10808000FFF765FF10B1831CEBD0E1E7337903F014
:108090007003202BF1D139464846FFF72BFD00280D
:1080A000EBD10120D4E700002DE9F04F87B01F6825
:1080B000049340F62203536043689360DFF82C91E9
:1080C0008368039105461446D360494638460CF050
:1080D00015F807EB00088346494640460BF0C2FFFF
:1080E0000128064608EB000A05D117F80B302E2BA5
:1080F0000AD15746E9E7022806D102463C494046E4
:108100000BF071FF0028F4D057464FF0010B4946A1
:1081100050460BF0F3FF8244494650460BF0A2FF55
:10812000024690B102280CD10590314950460BF01F
:108130005AFF059A28B9BBF1010B04D10AF10207D5
:10814000C3E70BF1010B9244E1E798F80000002827
:1081500041D0049BC3F800802379222B43D104F142
:10816000080A039952462846FFF77BFD98BB05F1A4
:10817000140B039922462846FFF7E9FE58BB2379E2
:1081800003F07F03112B01D0222BF2D1E379B3420C
:10819000EFD12368627904331344A279CDE90086D4
:1081A0001344039A594652682846FFF7EDFD00280C
:1081B00011DBDED095F84130002B86D194F90430E4
:1081C000002B82DA51462846FFF700FF002805D031
:1081D00001DB6FF0010007B0BDE8F08F237903F0F9
:1081E0007F03237171E76FF01300F4E7F88C020846
:1081F000FA8C0208C368184710B50C468269A0685B
:10820000FF210BF01AFF4FF0FF33236010BD38B58C
:108210008B6A016004460D46CBB1C361EB6A13B3B0
:10822000A36204F120012846FFF7E6FF4FF0FF3379
:10823000636123681A6BEAB1E26300204FF0FF33F9
:10824000C4E90133C4E90300A4F8400038BD48691B
:108250000AF0A6FCE0610028E0D12046FFF7BCFD53
:108260006FF00B00F2E7A8690AF09AFCA062002800
:10827000D7D1F2E7586AC0080AF092FCE063002800
:10828000DBD1EAE7F7B50C4609684B1C05461646F4
:1082900002D1002003B0F0BD006883690093D4E9E7
:1082A00001238768B8470028F4D12B6826B92868CD
:1082B0002146FFF7A1FFECE79B690193A3680093B8
:1082C000D4E9002331462846FFF75EFD0028E1DBB4
:1082D000EDD16FF03300DDE72DE9F74FDDE90C4814
:1082E0000E9E81460F4693469A46002E38D1304660
:1082F00006E05A4639464846FFF7C4FF002850D0EA
:1083000003B0BDE8F08FB4FBF2F302FB13431BBBD9
:10831000964221D3B6FBF2F502FB1565761B00965B
:10832000836822469C4651464346E0470028E7D1F1
:10833000BBF1000F02D1B044344434E0CDE90086F3
:108340002346524659464846FFF71EFD0028D7DB14
:10835000F1D16FF03300D3E7E31AC7F800A07B60D8
:108360003B68D9F8000053458269CCD17B68A342B1
:10837000C9D89D18A542C6D92D1BE01AB542BB68C5
:1083800028BF35462A46184441460BF096FFD9F8D7
:1083900000309A692C44B4FBF2F302FB1343002B28
:1083A000A7D0A844751B2E469FE730B543684B60A5
:1083B00087B0836801928B6002AA01AB05460C4628
:1083C000FFF772FEA0B99DF80C30222B12D104AA3F
:1083D00021462846FFF745FC50B963682361A3682E
:1083E00063610E23A3611023E3602B6923602C617A
:1083F00007B030BD6FF01300FAE7036900F1100217
:108400001BB18B4203D11B681360002070471A46D2
:108410001B68F5E7086A7047CB6948699B0303D579
:108420000B6A984238BF18467047000070B594B088
:108430001546039103AB05AA09A90646FFF734FECA
:108440000446C0B901464FF4847228460BF0F5FD8E
:108450009DF818302B70112B04BF089B6B60311DE9
:1084600007A8FFF747FB05F10803044630B90C499C
:1084700018460BF01AFF204614B070BD059A9DF8FF
:1084800019109DF81B00009004320A449DF81A1040
:1084900030460A440A99FFF7B2FB0446EBE700BFF7
:1084A000F88C020830B599B00546FFF7B0FE0446D7
:1084B00058BB2B6868631B6AAB63C5E90B0002906D
:1084C000012302AA0DA928460393FFF7CAFB04461D
:1084D00000BB202300930E9905AB10222846FFF71E
:1084E0008EFB0446B0B9069B6B60079B0D49AB60E1
:1084F00008220BA80BF077FD044648B90A9B1A0C1A
:10850000012A0BD19BB2012B08D8204619B030BDEF
:108510006FF033042846FFF75FFCF6E76FF01504B1
:10852000F8E700BFFD8C020808B5FFF755FC0020F6
:1085300008BD2DE9F043064697B004300F4690463B
:10854000FFF7CEFA20B10024204617B0BDE8F08333
:1085500001230590069305994046B8470446002834
:10856000F2D106994046B84704460028ECD105AA46
:108570000BA93046FFF775FB04460028E4D14FF005
:108580000C09139B0E9D23F0004305F10C02043BE4
:108590009A4223D9149B059305A8159B0693FFF7D0
:1085A0009FFA0028D7D0F56806F11409002DCAD02B
:1085B000EB69DA033CD4EB699B030DD5CDE9017877
:1085C0002B6A00936B6A05F12C0249463046FFF78F
:1085D0007EFC04460028B7D12D68E7E70C99CDF85A
:1085E000009008AB2A463046FFF709FB04460028F6
:1085F000AAD19DF823209DF822109DF82100FFF7B5
:10860000A2FC9DF8203003F070032844102B0E903C
:10861000B7D10A9B00932246CDE90178099B06F168
:1086200014013046FFF753FC04460028A9D08BE71D
:10863000CDE901786B6900932B6905F12C0249465D
:108640003046FFF744FC04460028B4D07CE7000025
:10865000F8B504460D460126236BD4E90D219A4254
:108660001DD1002949D0E06A22680344106A526A89
:108670008A4294BF22632163B3FBF0F7002100FB21
:1086800017336163D208E06BE3620BF0D6FC1C4940
:1086900022462046FFF74DFF0028DDD024E00139B7
:1086A000501CA1635709E16B606351F8277002F019
:1086B0001F0006FA00F03842CFD1E36A1344226863
:1086C000126AB3FBF2F002FB10332B60266B01251C
:1086D000636BB3420FD05A0903F01F0051F82220F8
:1086E00005FA00F0104000D1F8BD01336363A36BBD
:1086F000013BA363ECE70020F6E76FF01B00F3E714
:10870000AD7A010873B50C4604310646FFF7A0FFA9
:108710000546F0B904F108013046FFF799FF054618
:10872000B8B9042300930246616804F11C03304683
:10873000FFF765FA10B110F1340F0DD1E369013381
:10874000E36114224FF0FF33C4E90823A36210232E
:10875000E360284602B070BD0546FAE72DE9F04F08
:10876000044689B00E4600F1140B07A92046FFF716
:108770006FFF054658B9DDF81C9020684946FFF7A1
:1087800039FD054600283BD010F1340FEDD02846C6
:1087900009B0BDE8F08F0DF11B07CDE90087CDF8DA
:1087A00008A0736A059A59462046FFF7B4F970B9D4
:1087B000CDE9017ACDF800804B465A4604F12001FC
:1087C0002046FFF789FD20B110F1340FCDD00546CA
:1087D000DDE708F10108B36A4345DCD82368A16AE4
:1087E0009A69706B0BF069FD236AF362636A206813
:1087F000336304F12001FFF7FFFCC6F82490C6E7BD
:1088000006F12C03804605934FF0010AE3E72DE9BA
:10881000F04F8FB0CDE90623CB6903F00302012AA4
:1088200005460C4600F01F815E031AD4E669320546
:1088300020D4276A079BDF4200F1188116F4003626
:108840001ED005F11403DDF81CA0099304F12C08D7
:10885000E369BAF1000F25D123F40023079AE361FD
:1088600004E000F006F902460028DFD010460FB001
:10887000BDE8F08F6269216A8A4288BF2262D8E728
:1088800063699F42DDD92362236A9F42D9D90DAA29
:108890000123214628468DF83460FFF7B8FF021EF9
:1088A000F2DAE3E79B0324D52B68A26ADB699A42DC
:1088B00040F098802B681B6AAB6305F114030493A6
:1088C000D4E90832CDE90B230DA92846FFF7C0FEF5
:1088D000024608BB0D9B286805931946FFF78AFCE2
:1088E000024618B312F1340F16D14FF0FF332B624A
:1088F000EAE7236A002BDDD004F128020292013B53
:1089000004F1240201920093D4E90423414628464D
:10891000FFF796FA024620B1E36943F40023E361CE
:10892000A4E728684146FFF767FCC3E70C9F2E6861
:108930000890002F4FD0013F0CA930460C97FFF74D
:1089400062FA0C9FF369089A01379F420C9768D12D
:10895000461C96FAA6F6B6FA86F606F1010B914683
:108960000BAF4FEA890308930423CDE901734FEA63
:10897000890300934146DDE904232846FFF7ACFC58
:108980000B9B02460028ADD14E4550D109F101099B
:10899000CB45E6D84FEA8B071DE00022CDE9016BFD
:1089A0000B9B0499CDF800902846FFF7B4F80246D7
:1089B0000028B1D1DDE90423CDE9016BCDF80090A9
:1089C00041462846FFF788FC024600288AD109F173
:1089D00001094F45E1D8059BC4E90937E36943F430
:1089E0000033E3612B68DE69A36AF61A564528BF97
:1089F0005646069B02960193A36A0093099A636AFE
:108A000041462846FFF768FC0246E8B110F1340FF2
:108A100082D121462846FFF7A1FE02460028E8D071
:108A20007AE791464FF0010B0DF12B06D1E70421B7
:108A3000CDE901710899009128460499FFF76BF878
:108A400002460028A2D067E7236A33442362A36A60
:108A50003344A362069B334406932B681B6AAB63C3
:108A6000AAEB060AF4E66FF00802FFE66FF01A02BE
:108A7000FCE6CB695A032DE9F04144BF23F480237F
:108A8000CB61CB6944BF4FF0FF32CA629B0390B009
:108A900005460C4603D4002010B0BDE8F0810F6AF3
:108AA0002C22002102A805F114060BF0C6FA236956
:108AB000069396E80700636907930123CDE9093718
:108AC00010AB03E907004FF0FF38C5F81480226AA5
:108AD00063699A4211D304F12C0832464146284674
:108AE000FFF7D0FB08B310F1340FD5D1214628464B
:108AF000FFF734FE0028F0D0CEE701230DF1070286
:108B000002A9284600F01DF80028C5DB01230DF15D
:108B1000070221462846FFF77AFE0028BCDB6B6976
:108B20000133D4D0CDF83480CFE7636A2361236A60
:108B30006361E36923F4003343F48033C4E9073706
:108B4000A9E72DE9F04F1D46CB69904603F00302DB
:108B5000022A87B007460C4654D09A0305D4236AEC
:108B60006669B34208D3002003E0FFF782FF0028C4
:108B7000F5D007B0BDE8F08FF61AAE4228BF2E46FA
:108B800004F12803B14604F12C0A059304F1240BE7
:108B9000B9F1000F01D13046EBE7E3695B0304D57F
:108BA0003B68A26ADB699A4210D1059BCDE901B30B
:108BB000236A0093D4E9042351463846FFF740F96D
:108BC0000028D6D1E36943F48023E3613A68A36ABD
:108BD000D5690093ED1A4D4528BF4D46CDE9018575
:108BE0000022636A51463846FEF795FF0028C0D13F
:108BF000236A2B442362A36A2B44A362A844A9EBF3
:108C00000509C5E76FF00800B3E770B50D461446D7
:108C10001E46FFF72EFF70B92B6A36B1012E01D127
:108C20001C4402E0022E07D01C46002CA6BF2C627A
:108C300020466FF0150070BD6B69F1E7F0B50126B5
:108C400080F84060A7B004460430FEF749FF0546AF
:108C5000002879D101462C2205A80BF0EEF94FF03F
:108C600000432822294610A80D930BF0E6F91A9626
:108C700023681B6A9D4202D36FF0330020E019A8DD
:108C8000FEF72EFF00285FD119AA10A92046FEF793
:108C9000E8FFA8B90D9B002B34DB01AB1BAA0EA982
:108CA0002046FFF7CAF900280ADB0BD1199B0E9367
:108CB0001A9B0F9300231A4605A9204600F046F898
:108CC00027B0F0BD039A0E99049B0F988A4201D1F8
:108CD000984217D0904201D1994213D00E92E8E702
:108CE0009DF97030002B0DDA1DA92046FFF76EF9B3
:108CF0000028E5DB1BD01BAA10A9204600F03DFA96
:108D00000028DDD11BAA10A92046FFF720F9002872
:108D1000E6D0831CD4D110AF0FCF05AE0FC60FCF56
:108D20000FC697E80700013586E80700A0E79DF821
:108D3000703003F07F038DF870301BAA034610A932
:108D4000204600F03FF9DBE70020B9E72DE9F04FBE
:108D50009DB00D460993CB6905920133CB610B1D84
:108D60000646079309984B6889680693C5E901137D
:108D700002EB001413469C4212D1069B0C93002375
:108D80000B91089369683068FFF734FA044678B1AC
:108D900014F1340F00F0DF8020461DB0BDE8F08FE5
:108DA000D8682A6A02445868121A2A621033E2E725
:108DB00005F11C084FF0FF33102241460DA8102783
:108DC0000D9300F0C5FBCDE90187009406F1200A60
:108DD00022466B6851463046FFF77EFA044600286B
:108DE000D6D18346B84629E0099B9B4580F28D8009
:108DF000059A4FEA0B1302EB0B19D358434540F089
:108E00008480D9E902120DA800F0A2FBD9F80C3039
:108E10000293D9F80830CDE9007300226B685146FF
:108E20003046FFF759FA04460028B1D1D9F804308A
:108E30009844D9F80C300BF1010B1F442B6A23F036
:108E40000043043BBB42CFD80DF13408CDE9007894
:108E5000042302936B68002251463046FFF73CFA28
:108E60000446002894D14FF0FF37024677615146FF
:108E70003046FFF707FA0446002889D130680369B5
:108E800098470446002883D12B6A119711AF0097A9
:108E900023F0004302466968043B3046FEF7BCFEFF
:108EA000044600287FF478AF119A0D9B9A4252D164
:108EB000089B2BB343463A460BA93046FFF7BDF853
:108EC0000028FFF66AAF5ED06B680F93AB68109313
:108ED000424623463946304600F074F800287FF4B5
:108EE0005CAF311D0BA8FEF705FE18B96B68736007
:108EF000AB68B3603046FFF7A1FE00287FF44DAFAA
:108F00003269002A53D1104647E74FF0010906990C
:108F1000CDF8009011AB42463046FEF770FE044695
:108F200000287FF439AF4A4611A90DA800F010FBC4
:108F300011ABCDE90073CDF8089022466B6851461D
:108F40003046FFF7C9F9044600287FF421AF08F145
:108F50000108013772E74FF0FF3333620124002329
:108F600011A90BA8CDE91134FEF7C4FD10B96FF0BB
:108F7000330012E707993046FFF76AFB0894002890
:108F80003FF400AF09E73A460BA93046FEF7D1FEA1
:108F90000028FFF602AFB3D06B681A93AB681B933F
:108FA00000231A4639463046FFF7D0FEA5E7079959
:108FB000101DFEF79FFD18B96B685360AB68936096
:108FC00012689EE770B5154688B055F8044BD27903
:108FD00000940C26002BCDE90523079234440CBFE6
:108FE000012302236A46CDE9016503960494FFF745
:108FF000ADFE08B070BD70B592B006460D46FFF7E5
:1090000038FD044658BBEB6903F41023B3F5803FE9
:1090100025D12A1D1046FEF763FD00BB07A9304687
:10902000FEF71FFEF0B90C23EA680899009330465A
:1090300004ABCDE9044406940392FEF7E0FD88B941
:109040002B6905936B69069303AA234607A930464B
:10905000FFF7B8FF30B9EB6923F48033EB612046AA
:1090600012B070BD0446FAE770B505460C46FFF72E
:10907000C2FFEB68064605F10C021BB1A3420DD1FD
:1090800023681360A3690BB11B682BB92B685B6B5A
:1090900013B9606B09F08CFD304670BD1A461B6831
:1090A000EBE72DE9F043804695B00E46174699460A
:1090B00001F12405FA79B9797879346AFEF743FF2A
:1090C000D8F80030DB692044984215D8043C47F8B2
:1090D000044B00230C21CDE90A37CDE90C14CDE96E
:1090E0000E3910920994022309AA31464046FFF72F
:1090F0002DFE15B0BDE8F083002C36DB35460FCDD4
:1091000009AC0FC40FCD0FC495E8070084E8070031
:1091100031464046FFF7F6FA0028EAD1129B736207
:10912000139BB362336A3A46043B42F8043B039212
:109130000C22CDE90130CDE90423FB790893CDE978
:109140000609022301AA31464046FFF7FFFD002829
:10915000CFD1119B43F00043119373681293B3680E
:1091600013930246034609A9C0E72A463146404602
:10917000FEF777FD00289DD0BBE72DE9F0471446A8
:109180000D46D279A1798CB080466079FEF7DBFE7E
:109190002B6A143023F0004383421DD101AA291DFC
:1091A0004046FEF7C6FD061E12DB099A002A13DAB6
:1091B0002B6A63F00043134009936B6A0A93AB6A0E
:1091C0000B9300231A4601A94046FFF7BFFD064650
:1091D00030460CB0BDE8F0872368E279A179607968
:1091E0000193FEF7B0FE0023CDE903330290012383
:1091F00001AA29464046FFF7A9FD06460028E7D107
:10920000D8F80C7005F1040A4FF0FF39CFB9D8F83F
:1092100010700435002FDBD02946381DFEF76AFC9C
:1092200068B9FB682268934209D9E279A17960792B
:10923000FEF789FE1B1AFB60BB691B1ABB613F6806
:10924000E8E75146381DFEF755FC28B9FB6822684F
:10925000934203D1C7E901993F68D7E7FCD9E27986
:10926000A1796079FEF76FFE1B1AFB60F4E700003E
:10927000F0B5A5B00546FEF7CAFF0446002877D131
:109280002B685A6A0146D208E86B0AF0D6FE2A68B3
:10929000EC62D2E908320EA9C5E90D439A4294BFA7
:1092A0002A632B632846FFF72DFA044600285CD179
:1092B00019A92846FFF726FA0446002855D1034687
:1092C000024619A92846FFF741FD044600284CD163
:1092D000294B1A9E1B9A6E601027CDE905732B68E7
:1092E000AA60D969099125491B6A08680A934968E7
:1092F00001974FF001130B930CAB03C33423CDE95B
:109300000762CDE91762169306AE2023CDE9036309
:10931000029301AA01230EA92846FFF717FD20B1E9
:1093200010F1340F02D004461FE001242023CDE9C0
:109330000236049301AA01230EA928460197FFF7DC
:1093400005FD20B110F1340FEDD1002CEBD000223F
:109350000123CDE901230EA901AA2846FEF781FCCD
:10936000044610B92B681B6AAB632846FEF734FD30
:10937000204625B0F0BD00BF2E140008FD8C020869
:109380002DE9F0471F4692B003F00303012BDDF8EF
:109390006880019206460C4611D101AB03AA07A9C9
:1093A0003046FEF781FE0546B0B99DF81030222BFD
:1093B00000F08680B90534D56FF0100508E090F80C
:1093C0004030002BE9D1FFF739FC05460028E4D0F6
:1093D000284612B0BDE8F087821CF9D1DDF804A060
:1093E0002F2150460AF031FE81460028F0D1FB05BE
:1093F000EED540F611038DF812005046ADF810304E
:10940000E7F746FF4FF0FF33CDE905398DF813003C
:10941000534603AA07A93046FFF743FE0546002836
:10942000D6D1089B6360099BA360039BE360059B07
:1094300023610022069BC4F8188078056361E76108
:10944000226210D44FF0FF33E362B8F1000F02D074
:10945000D8F800306BBB3268536B73B1F26842B31B
:109460006FF00B05B4E713B147F48037E7614FF0B5
:10947000FF320023C4E90423E4E7E36903F00303B4
:10948000012B0AD1506909F08BFB60630028E7D0FB
:10949000F36823600025F4609AE7906909F080FB87
:1094A00060630028DCD0306804F12C01FEF7A4FED4
:1094B000EEE76363E36903F00303012BE8D0F2E70F
:1094C0006FF0140584E713B500240094FFF758FFEC
:1094D00002B010BD10B590F840309CB00446019128
:1094E00043B101AB02AA06A92046FEF7DDFD30B16B
:1094F0001CB010BDFFF7A2FB0028F2D0F8E79DF8E2
:109500000C30222B1CD002AA06A92046FFF735FEFC
:109510000028EDD19DF80C30222BE9D106AA12A922
:109520002046FEF706FC0028E2DB1A9B0F931B9BEC
:10953000109300231A4606A92046FFF707FCD7E739
:1095400004AA11A92046FEF78CFB0028DBD0CFE748
:1095500070B50D4D0A44914200D170BD066811F8F6
:10956000013B83EA060404F00F0455F8244084EA22
:10957000161484EA131303F00F0355F8233083EA1B
:1095800014130360E7E700BF088D0208043070473A
:1095900002460346064842F8040B0868586088886B
:1095A000897990809171002283F82C2018467047A9
:1095B000508D020837B5036801AA1D69D021012327
:1095C0000446A8479DF80430582B07D0602B05D0DF
:1095D0000023184684F82B3003B030BD0120F9E792
:1095E000036810B51B680446984794F82C3018405F
:1095F00010BD10B544790C7081790479890041EA75
:109600004411C47921431170427A017A920042EAEE
:109610004112817A0A431A7010BD13B50DF1070388
:109620000DF106020DF10501FFF7E3FF03689DF858
:109630000520DB680446F221984723689DF8062040
:10964000DB68F4212046984723689DF80720DB68F3
:10965000F521204602B0BDE81040184703460868CF
:10966000586088888A799A7218811846FFF7D5BFA2
:10967000024670B552F80B3B05461C69882106234B
:10968000A0472A46044652F8113B8E211E692846FF
:109690001223B0472A46044052F8233BA1211E69F9
:1096A00028460123B0472A46E4B252F8243B04403E
:1096B0001E69E12107232846B047204070BDC379C9
:1096C000012B73B505460C4601D1FFF7A6FF2B68A9
:1096D0006A461E69F72108232846B047221F6B46B9
:1096E0001C3413F8011B42F8041FA242F9D102B046
:1096F00070BD000070B51D46B0F80B30C3EB2114EF
:109700005B000646C3EBE103B0F90D1064434B4325
:10971000B6F90F1020134843801300EBE3201060CC
:1097200000EB800080300012E6F75CFE0C4B00225C
:10973000E6F7ECFF02460B466DB10A4B0022E6F756
:10974000BBFE094B0022E6F7E1FF084B0022E6F7DB
:10975000FDFC02460B4610461946E7F7A5F970BD19
:10976000000059400000224000001440000040402A
:1097700038B590F8284090F8275004F00F0343EADA
:1097800005131B05C3EB813390F829102409A2F5BA
:10979000963244EA011402FB143303F58043D913D3
:1097A00090F8263090F92A405343DB12624392121C
:1097B00003F5004353439B12B0F9242003F5001333
:1097C000534303F500539B134B43DA1390F82310D4
:1097D0005243D2114A43A3EB221020EAE070B0F1C9
:1097E000C85FA8BF4FF0C8500013E6F7EBFD034B6E
:1097F0000022E6F761FEE7F757F938BD0000503F59
:109800002DE9F843B2F5FA3406464FEAE27040F12A
:10981000FF30A4FB04C71D4604FB00F307EB43071E
:10982000B6F913304FEAE37E03FB00F204FB0E228D
:10983000A3FB043E724412034FEA033E42EA135272
:10984000B6F915304FEAE37903FB07F80CFB0988FA
:10985000A3FB0C39C8441B0A43EA086313EB0E034D
:10986000B6F8119042EB282202F50042A3FB09381A
:1098700009FB02884FEAE8734FEA680253EA680876
:109880004FF0000E00F09E80B6F91B804FEAE87999
:1098900008FB07F70CFB0977A8FB0C8C6744B6F9AB
:1098A00019C04FEAEC790CFB00F004FB0900ACFB9B
:1098B00004C42044400440EADC304FEA4C4C1CEB2A
:1098C000080CC1F5801147EB000701F00044B6F920
:1098D00017001EEB0C0E44EA5104C90707EBC00742
:1098E000B1EB0E0040F6354164EB0704A0FB010725
:1098F00001FB0471E7F758FCB6F921204F13430B25
:1099000043EAC14302FB07FC4FEAE27E03FB0ECCB5
:10991000A2FB032EF444574303FB0C77A2FB032363
:109920003B44520E42EAC312121841EB6367B6F988
:109930001F3004464FEAE37C59430CFB0011A3FBA4
:1099400004342144DB0C43EA4133D21847EBE143B2
:10995000B6F91D00120A42EA036202EB0010E6F7B4
:1099600031FD214B0022E6F7A7FD013DE7F79CF80A
:10997000052D07D8DFE805F0030812181A201B4947
:10998000E7F7A4FABDE8F883E6F73EFD0EA3D3E9B6
:109990000023E6F7BBFEE7F787F8F3E7E6F734FDC9
:1099A0000BA3D3E90023F4E71149E9E7E6F72CFD1F
:1099B00009A3D3E90023ECE7E6F726FD08A3D3E9E2
:1099C0000023E6E70B48DDE757ECC921C074AA4045
:1099D0009C086EF6CFBCF84096B321D150AA6040E7
:1099E000F531E2ACBEEEBA400000703F0000C84264
:1099F0000050C3470000C07F2DE9F0438BB00F46F5
:109A000002A9054690461E46FFF759FE38B91A4B83
:109A10003360C8F800303B600BB0BDE8F083039CB6
:109A2000029B06980799240144EA0334049B44EA04
:109A30002314DDE9082343EA0229059B000140EADB
:109A4000033040EA21119DF8483001AA2846FFF76B
:109A500051FEC8F80000DDF804809DF84C30424605
:109A600021462846FFF7CCFE424638604946284644
:109A7000FFF77EFE3060CFE70000C07F7FB5002596
:109A8000467A45720446FFF7C8FD0123CDE900532D
:109A900003AB1A4619462046FFF7AEFF667204B0C4
:109AA00070BD38B50546FFF785FD044658B1284618
:109AB000FFF7DEFD6B7A044613B12846FFF7DEFFA1
:109AC0002846FFF7AAFD85F82C40204638BD2D30EA
:109AD000704710B40C68C0F82D404C68C0F8314095
:109AE00010BCFFF7BBBD000038B504460D46FFF7BC
:109AF0004FFD2346044A43F82D2B2A68C4F82D2035
:109B00006A685A60204638BD6C8D020870B50A4CF0
:109B10000E4690F8341020461546F6F7FDFC314607
:109B20002046F6F752FD29462046F6F74EFD204620
:109B3000F6F714FE012070BDF03200202DE9F0414F
:109B400004460F4690F8341012481D461646F6F7A4
:109B5000E3FC39460F480F4FF6F737FD0D48F6F78F
:109B6000FDFD94F834100B482A46F6F7F4FD002466
:109B70003846F6F71DFC04F10108E4B220B9631B76
:109B800058425841BDE8F0813846F6F715FC30558B
:109B90004446EDE7F0320020F0B5CFB006460C4663
:109BA0006D4602F12007106851682B4603C3083246
:109BB000BA421D46F7D19DF8003023F007038DF817
:109BC00000309DF81F3003F03F0343F0400321466F
:109BD00008A88DF81F3001F093F844A800F031FF79
:109BE00044AA08A93AA800F039FF44A908AA0846DF
:109BF00002F0D2F944A9084601F018FF44AA3AA994
:109C000008A801F084F912A800F01BFF1CA800F0BE
:109C10000CFF08A926A801F05BF830A800F011FF9E
:109C20000024FE25EB1027461DF8034005F007032E
:109C30001C4104F0010467403A4626A912A800F02E
:109C400097FF3A4630A91CA800F092FF30AA26A937
:109C50003AA802F0A1F91CAA12A944A802F09CF9A2
:109C600012A908461CAA00F0F9FE30AA26A91CA8D1
:109C700000F0F4FE12AA3AA930A801F048F91CA994
:109C800044AA084601F043F944A93AA801F0F1FCBE
:109C900012A944A801F0EDFC1CAA30A926A800F0E6
:109CA000DDFE1CAA104630A902F076F93AAA44A9B2
:109CB00012A801F02CF944A93AAA084602F06CF95E
:109CC0001CA9084601F0D5FC44A930A801F0CEFB40
:109CD00026A9084601F0CDFC3AA9084630AA00F0B2
:109CE000BDFE1CAA08A930A801F011F93AAA44A99E
:109CF0001CA801F00CF9013D94D2224626A912A815
:109D000000F036FF224630A91CA800F031FF1CA944
:109D1000084601F08BFE12A91CAA084601F0F7F8CC
:109D200012A9304602F069F94FB0F0BD30B50C46CB
:109D3000A9B0054610460A46202100F00FFE237800
:109D400023F007032370E37F03F03F0343F0400356
:109D5000E3772146684602F0C2FB6946284602F0D6
:109D60009EFB29B030BD10B5A8B00446684602F08D
:109D7000B6FB6946204602F092FB28B010BD0000F9
:109D80002DE9F04FADF53D7D03460B900C460833B1
:109D90000CAD00F14806186859682A4603C208331A
:109DA000B3421546F7D11CA8214604F180050446AC
:109DB0004B780A780F798E781B0443EA0263CA79DC
:109DC00042EA07624F7943EA062342EA0742CE7825
:109DD0008F79083142EA072233438D42C4E90023D8
:109DE00004F10804E4D104461026D4E91C19CB0C74
:109DF0004FEAD9424FEAC90ECF004EEA517E47EAF8
:109E0000597743EA493342EA41328909A04641EA97
:109E100089617B4082EA0E024B40D8E91217D8E9EB
:109E200000E8D4E9025C11EB0E0147EB080782EA77
:109E300099125B1842EB070E4FEA15296A0842EAAD
:109E4000CC7249EA0C6982EA09014FEA5C074FEAE1
:109E50001C28EA0947EAC57748EA056842EA4C62E5
:109E60004A4087EA08079B1887EADC1106F10106D9
:109E70004EEB01010834502EC4E91E31B5D11A9BB6
:109E800003931B9B0493149B0593159B0693189BAC
:109E90000793199B0893169B0993179B0A930C9B96
:109EA00001930D9B0293DDE90E89DDE910ECDDE9FC
:109EB00012320149009101E0888D020805994FEAAC
:109EC000913A06994AEA814A4FEA913B05994BEA51
:109ED000814B8D0C069945EA81358C0C059944EA35
:109EE00081348BEA040B069CE40544EA51248AEA97
:109EF000050ACD05069945EA512500998AEA050A21
:109F00008BEA040BD1E90057D0E900640799AD1939
:109F1000099E47EB04044E400A9F08994F4005995B
:109F20000E4006990F4007994E4008991AEB050517
:109F300087EA010703994BEB0404AD1944EB0704CE
:109F40006D18049941EB04045B19039342EB04037D
:109F50000493019B01991E0F029B46EA03161A0FF8
:109F6000019B42EA0312029B9B0743EA91038F077E
:109F700002995A4047EA9107019B7E404F0647EA03
:109F8000D3175B0643EAD113734001995B1982EA48
:109F9000070244EB020241EA0804029941EA09057A
:109FA000019901EA0807029904EA0E0401EA090688
:109FB0003C4305EA0C0513EB040A45EA060542EBAF
:109FC000050B009A009BD5689B680799D0E902426F
:109FD0001B1945EB02025B180899099C41EB020230
:109FE000059981EA040506990A9C4C4003990D40A5
:109FF00004990C4009994D400A994C4003995B190A
:10A0000042EB04028C0B049944EA81448E0B0399C1
:10A0100046EA81468F0C049947EA81378D0C0399F3
:10A0200045EA813504996E40CD0503997C4045EAA7
:10A030005125CF05049947EA51277C401C1985EA30
:10A04000060542EB05051EEB040307934CEB0503E5
:10A0500008934FEA1B724FEA8B7343EA9A034FEA65
:10A060001A7642EA0A124FEA8A7747EA9B0746EADB
:10A070000B165A404FEA4A637E4043EADB134FEA2D
:10A080004B67029947EADA1773401C1982EA070204
:10A0900045EB0202019B41EA0B05019943EA0A03E1
:10A0A00001EA0A07029903EA080301EA0B063B43A7
:10A0B00005EA090514EB030C45EA060542EB050E1B
:10A0C000009A009B55691B690999D0E904421B1944
:10A0D00045EB02025B180A99039C41EB02020599C9
:10A0E00081EA04050699049C4C4007990D400899A3
:10A0F0000C4005994D4006994C4007995B1942EB7D
:10A1000004028C0B089944EA81448E0B079946EAB5
:10A1100081468F0C089947EA81378D0C079945EAEB
:10A12000813508996E40CD0507997C4045EA512557
:10A13000CF05089947EA51277C401C1985EA060596
:10A1400042EB050518EB04030A934FEA1E724FEA2F
:10A150008E7343EA9C034FEA1C7642EA0C124FEAE4
:10A160008C7747EA9E0746EA0E1682EA03024FEA18
:10A170004C6386EA070643EADE13019983EA060385
:10A180004FEA4E6749EB050947EADC171C194AEA12
:10A190000C0382EA070203EA0103029945EB02027B
:10A1A0000AEA0C074BEA0E050BEA0E060D403B438C
:10A1B000E31845EA060542EB05080993009A009B5F
:10A1C0009B69D5690599D0E906421B1945EB020246
:10A1D0005B180699079C41EB0202039981EA04058A
:10A1E0000499089C4C400A990D4003994D400499EC
:10A1F00004EA09044C400A995B1942EB04028F0CF3
:10A200008C0B47EA893744EA89444FEA99364FEA8A
:10A2100099457C40CF0545EA813547EA592746EA0A
:10A2200081466E407C404FEAC9551C1945EA5125CC
:10A23000019B099985EA060542EB05051B19059363
:10A24000029B43EB05030693099B4FEA18721E0F0E
:10A2500042EA03124FEA887343EA91038F0747EA01
:10A26000980746EA08165A404B067E4043EAD81340
:10A270004FEA486747EAD11773401C194CEA0106B8
:10A2800082EA070245EB02024EEA080306EA0A06E2
:10A290000CEA01050EEA0807354303EA0B036119CE
:10A2A00043EA070342EB0303009A0293009B556ABB
:10A2B0001B6A0191D0E9084203991B1945EB020280
:10A2C0005B1804990A9C41EB0202079981EA040594
:10A2D000089981EA090405990D4006990C400799EF
:10A2E0004D4008994C4005995B1942EB04028C0BD8
:10A2F000069944EA81448E0B059946EA81468F0C03
:10A30000069947EA81378D0C059945EA813506990A
:10A310006E40CD0505997C4045EA5125CF0506994B
:10A3200047EA51277C401C1985EA060542EB0505E2
:10A330001AEB040303934BEB05030493019B019970
:10A340001E0F029B46EA03161A0F019B42EA0312F4
:10A35000029B9B0743EA91038F0702995A4047EA01
:10A360009107019B7E404F0647EAD3175B0643EAFD
:10A37000D113734009991B19019C41EA0406029903
:10A3800082EA070245EB020248EA0104019D0999AD
:10A390000D40029906EA0C0608EA010735430099C8
:10A3A00004EA0E045B1944EA070442EB0402D0E914
:10A3B0000A67D1E90A450799A41945EB070564180E
:10A3C0000899059E41EB05050A9981EA0607069959
:10A3D00089EA010603990F4004990E400A994F40FB
:10A3E000039986EA0906E41945EB06058E0B0499E4
:10A3F00046EA814A8E0B03998F0C46EA81460499FE
:10A4000047EA813B8F0C039947EA813704997E40E4
:10A41000CF0503998AEA0B0B47EA512ACF05049925
:10A4200047EA51278BEA0707E41986EA0A0645EB53
:10A430000605170F1CEB04014FEA8276079146EAE6
:10A4400093064EEB05014FEA137C47EA03174FEAE8
:10A45000837E08914EEA920E019977404CEA021CE5
:10A460005E068CEA0E0C46EAD2164FEA426E8CEA81
:10A4700006064EEAD31E41EA030C0299341987EA14
:10A480000E0745EB070741EA020509990CEA010CA2
:10A49000019901EA030602994CEA060601EA020E56
:10A4A00005EA0805009945EA0E0514EB060E47EB90
:10A4B000050CD0E90C67D1E90C450A99A41945EBC4
:10A4C0000705039E6418059981EA06070699049E0C
:10A4D00081EA0606079907EA0107089906EA0106D4
:10A4E000059987EA0107069986EA0106079949EB6B
:10A4F0000505E41945EB06058E0B089946EA814AE5
:10A500008E0B079946EA81464FEA9149089949EA34
:10A5100081398F0C079947EA813708998AEA090A35
:10A520004FEAC15907997E4049EA5129CF05089958
:10A5300047EA51278AEA07070999E41986EA0906D2
:10A5400045EB06054FEA1C7709194FEA8C7609910D
:10A5500046EA9E0648EB050147EA0E174FEA1E78C9
:10A560004FEA8E7949EA9C09774048EA0C184FEA8D
:10A570004E660A9188EA090801994FEA4C6946EA51
:10A58000DC1688EA060649EADE1943EA0E083419A1
:10A5900008EA010887EA0907029945EB070703EA79
:10A5A0000E0642EA0C050D4002EA0C09009948EA41
:10A5B000060614EB060845EA090547EB0509D0E94C
:10A5C0000E67D1E90E450599A41945EB07056418F6
:10A5D0000699079E41EB0505039981EA0607049950
:10A5E000089E4E4009990F400A990E4003994F402A
:10A5F00004994E4009994FEA913A0A99E41945EBBA
:10A6000006054AEA814A8E0B099946EA81464FEAD5
:10A61000914B0A994BEA813B8F0C099947EA8137A4
:10A620000A998AEA0B0A4FEAC15B09997E404BEA14
:10A63000512BCF050A9947EA51278AEA0707E419FF
:10A6400086EA0B0645EB060501994FEA19774FEAB2
:10A65000897646EA98064FEA187A47EA08174FEAD9
:10A66000887B09194BEA990B87EA06074AEA091A17
:10A670004FEA48668AEA0B0A05914FEA496B02994C
:10A6800046EAD9168AEA06064BEAD81B41EB0501D1
:10A6900087EA0B0734194EEA080A45EB07070AEA6E
:10A6A000030A4CEA09050EEA080615400CEA090BF4
:10A6B0004AEA0606069145EA0B05A119019147EB06
:10A6C00005010291009940310091009C1B49A14273
:10A6D00000F140007FF4F2ABCDE91232079B1893F2
:10A6E000089B1993099B16930A9B1793059B149338
:10A6F000069B03990B9A1593CDE910EC019B1A91D7
:10A70000CDE90E8904990C93029B0D931B910CAB20
:10A7100002F1400552F8081FD3E9004056680919B4
:10A7200040EB0600AA42C2E9001003F10803F1D190
:10A7300000200DF53D7DBDE8F08F00BF08900208B8
:10A7400030B5034600282ED000240025C3E900457B
:10A7500017A5D5E90045C3E9024517A5D5E9004588
:10A76000C3E9044516A5D5E90045C3E9064516A584
:10A77000D5E90045C3E9084515A5D5E90045C3E974
:10A780000A4515A5D5E90045C3E90C4514A5D5E949
:10A790000045C3E90E4514A5D5E90045C3E91045B8
:10A7A0000020986430BD0120FCE700BFAFF30080BB
:10A7B00008C9BCF367E6096A3BA7CA8485AE67BBD4
:10A7C0002BF894FE72F36E3CF1361D5F3AF54FA5FF
:10A7D000D182E6AD7F520E511F6C3E2B8C68059BDB
:10A7E0006BBD41FBABD9831F79217E1319CDE05B93
:10A7F0002DE9F8430D4616460446002847D00029A7
:10A8000045D0836C802B42D800F14C0716B93046F6
:10A81000BDE8F883A36C93B97F2E10D92946204652
:10A82000FFF7AEFA0028F3D1D4E9003213F58063C4
:10A8300042F10002C4E900328035803EE6E7C3F110
:10A840008008B04528BFB04603F14B02224405EB17
:10A8500008094D4516D14344802BA3640ED13946D7
:10A860002046FFF78DFA0028D2D1D4E9003213F543
:10A87000806342F10002C4E90032A0644D46A6EBB9
:10A880000806C3E715F8011B02F8011FE1E70120E4
:10A89000BEE7F8B50D46044600285DD000295BD020
:10A8A000836C7F2B58D8D0E900670822E3FB02674E
:10A8B0005A1C03448021702AC0E90067826483F82F
:10A8C0004C100AD90022A36C7F2B39D904F14C011A
:10A8D0002046FFF755FA0023A3640022A36C772BD0
:10A8E00034D93B0E84F8C4303B0C84F8C53036BAFA
:10A8F0003B0A04F14C0184F8C63084F8C770C4F8F0
:10A90000C8602046FFF73CFA294604F14002E37B89
:10A910000B70E3894B70E3681B0A8B70E368CB70A4
:10A92000E37A0B7163894B71A3681B0A08348B713E
:10A930002368CB71944201F10801E8D10020F8BDF1
:10A94000591C2344A16483F84C20BCE7591C2344C0
:10A95000A16483F84C20C1E70120F0E730B5B5B021
:10A96000054668461446FFF7EBFE48B90A466846B6
:10A970002946FFF73DFF18B921466846FFF789FFD2
:10A9800035B030BD2DE9F041FCB00446DDF8088259
:10A9900048A81F460D461646FFF7D2FE202208EBB8
:10A9A000020148A8FFF724FF3246294648A8FFF7CE
:10A9B0001FFF10A948A8FFF76CFF10A801F010FEB8
:10A9C00010A920A801F08BFD20A9204601F067FD09
:10A9D00048A8FFF7B5FE2146202248A8FFF708FF48
:10A9E0003946202248A8FFF703FF3246294648A8E7
:10A9F000FFF7FEFE694648A8FFF74BFF684601F0E7
:10AA0000EFFD10AB4246694604F1200002F02AFE39
:10AA10007CB0BDE8F0818378417802781B0443EA7A
:10AA2000012343EA0200002170470023C0E90033FC
:10AA3000C0E90233C0E90433C0E90633C0E9083392
:10AA4000704700230122C0E90023C0E90233C0E9B6
:10AA50000433C0E90633C0E9083370472DE9F047F5
:10AA600053684E688D68CC680F69D1F824A01E44E5
:10AA700093681D44D3681C44136907EB030C4F69AA
:10AA8000536907EB030E8F69936907EB0308CF69DE
:10AA9000D36907EB0309136A0F6A09681F44536AF5
:10AAA000126853440A44C0E90026C0E90254C0E9D0
:10AAB00004CEC0E90689C0E90873BDE8F0872DE936
:10AAC000F74F83688D68CC684E685D40C36852421A
:10AAD0005C4004EA0203019304690B69634003EAE2
:10AAE000020E44694B69634003EA020884698B697A
:10AAF000634003EA0209C469CB69634003EA020ABE
:10AB0000046A0B6AD0E900C7634003EA020B446A97
:10AB10004B6A09687E4063408CEA0101164015408B
:10AB2000134011408268019C5540C26885605440C2
:10AB30000269C46082EA0E020261426981EA0C0184
:10AB400082EA08027740016047604261826982EAD6
:10AB500009028261C26982EA0A02C261026A82EA69
:10AB60000B020262426A5340436203B0BDE8F08FB9
:10AB70002DE9F04F8BB00B68019304684B68019D81
:10AB8000029384EA050A8B684468029D039384EA71
:10AB90000509CB688468039D049384EA05080B6962
:10ABA000C468049D059384EA050E4B690469059DFC
:10ABB00006938B69079384EA050CCB69069D44696B
:10ABC00008930B6A099384EA05074B6A8469079D19
:10ABD000DDF824B084EA0506C469089D6540046A6E
:10ABE00084EA0B04D0F824B052428BEA030B0AEA41
:10ABF000020A09EA020908EA02080EEA020E0CEA51
:10AC0000020C17401640154014400BEA0202D0F81F
:10AC100000B08BEA0A0BC0F800B0D0F804B08BEAA1
:10AC2000090BC0F804B0D0F808B08BEA080BC0F8E4
:10AC300008B0D0F80CB08BEA0E0BC0F80CB0D0F80E
:10AC400010B08BEA0C0BC0F810B0D0F814B08BEA3F
:10AC5000070BC0F814B0D0F818B08BEA060BC0F898
:10AC600018B0D0F81CB08BEA050BC0F81CB0D0F8B7
:10AC700020B08BEA040BC0F820B0D0F824B08BEAE7
:10AC8000020BC0F824B0019880EA0A00086002981C
:10AC900080EA09004860039880EA08008860049808
:10ACA00080EA0E00C860059880EA0C0008610698EA
:10ACB000474007984F61464008988E614540099883
:10ACC000CD61444053400C624B620BB0BDE8F08F45
:10ACD0002DE9F043D1E90098D1E902E3D1E9047606
:10ACE000D1E90654D1E90821C0E90098C0E902E39E
:10ACF000C0E90476C0E90654C0E90821BDE8F08344
:10AD00002DE9F04F044608468DB050F8042B05920B
:10AD10000D46FFF780FE8B0143EA90630B9383019E
:10AD2000E81D0293FFF777FE4FEA4118430148EA16
:10AD3000D06805F10A000693FFF76DFE4FEAC10BDC
:10AD4000C3004BEA507B05F10D000393FFF763FE50
:10AD500083004FEA810A4AEA907A079305F11400CA
:10AD60002B690193FFF757FECF01C30147EA5067F4
:10AD700005F117000893FFF74EFE4FEA4119430112
:10AD800049EAD06905F11A000493FFF744FE0E0169
:10AD9000030146EA107605F11D000993FFF73BFE1B
:10ADA000810021F07E4121F0030101F18075059AB7
:10ADB000680E4FF0130CA0FB0C0C831805F07E45B9
:10ADC00005932CBF012000204B1B0A93029B069D7C
:10ADD00013F180720B9B4FEA526143F1000341EA89
:10ADE000C311491948EB6368029B069102F07E4249
:10ADF0009B1A0B93039B079913F180734BF1000B84
:10AE00005A0E42EACB1252180292039A03F07E4382
:10AE10004AEB6B61D31A0393019B13F180732CBF30
:10AE2000012500255A0E42EAC512089D5219019DBE
:10AE300003F07E4347F1000EEB1A0793049B099F32
:10AE400013F1807549F100096B0E43EAC913DB1950
:10AE500046EB6969049E05F07E45751B0495059DCA
:10AE600015F1007C40F1000B069810F10077029874
:10AE700048F1000810F1007641F10001019112F152
:10AE8000007505994EF1000E0CF07C4A13F100702C
:10AE900049F100094FEA9C6CB1EB0A0A0B99C4F81E
:10AEA00000A04CEA8B1C1CEB010C0699C4F804C0F2
:10AEB00007F07C4CB1EB0C0CBF0E0399C4F808C032
:10AEC00047EA88177F180299E76006F07C47CF1B96
:10AED00001992761B60E46EA81160799761805F0A2
:10AEE0007C41521AA261AD0E049A666145EA8E1544
:10AEF000AD1800F07C429B1A2362800E0A9BE5612C
:10AF000040EA8910C01860620DB0BDE8F08F2DE9ED
:10AF1000F04F8246D1E90003A5B0D2E9005808936A
:10AF20008B680193CB6809930B6902934B690A9371
:10AF3000D1E906930B93D1E908630C9393680393CB
:10AF4000D36805931369069353690D9393690F931F
:10AF5000D3691693136A1893536A1993039B019C40
:10AF60004FF0130B0BFB03FC059B0BFB03F7069B3E
:10AF70000BFB03F317930D9B0BFB03F310930F9B3A
:10AF80000BFB03F30E93169B0BFB03F30793189B2A
:10AF9000DDF81CE00BFB03F2199B0BFB03F304939E
:10AFA000089B04995B001193099B5B0012930A9B19
:10AFB0005B0013930B9B5B0014930C9B5B0015933E
:10AFC000119B83FB0131C0FB0531C4FB0231129C94
:10AFD000C4FB0E31029CDDF838E0C4FB0E31139C3B
:10AFE000DDF840E0C4FB0E31179CC9FB0431149C12
:10AFF000C4FB0731159C0BFB08FEC6FB0C31C4FBE0
:10B000000E31CDE91A31089B019C049985FB033E62
:10B01000C0FB083EC1FB043E099C0299C2FB043EF2
:10B02000079CC4FB013E0E990A9CC1FB043E10998B
:10B030000B9CC1FB093E1799C1FB043E0C99049C73
:10B04000C7FB063ECCFB013ECDE91C3E119B03999C
:10B0500088FB033CC0FB013C0199C5FB013C1299F4
:10B06000C4FB013C0299139CC2FB013C0799C1FB44
:10B07000043C0E99C1FB093C1099149CC1FB043C93
:10B080001799049CC1FB063C1599C7FB013CCDE90F
:10B090001E3C0899039B83FB01370599C0FB0137D0
:10B0A0000199C8FB01370999C5FB01370299C4FB17
:10B0B00001370A990B9CC2FB01370799C1FB09377D
:10B0C0000E99C1FB043710990C9CC1FB06371799E8
:10B0D000C1FB043717931199059B209783FB0173DC
:10B0E0000699019CC0FB01730399C1FB047312997B
:10B0F000049CC8FB01730299C5FB01731399C4FB3F
:10B1000001730799149CC2FB0973C1FB04730E9968
:10B11000159CC1FB06731099C1FB04730699089C2A
:10B12000109781FB047C0D99019CC0FB017C059963
:10B13000C1FB047C0399099CC1FB047C02990C9C13
:10B14000C8FB017C0A99C5FB017C0499C1FB097C01
:10B150000B99C2FB017C0799C1FB067C0E99C1FBD0
:10B16000047C0D99119C0E9781FB047E0F99019C24
:10B17000C0FB017E0699C1FB047E0599129CC1FBB0
:10B18000047EDDE90241C1FB047E1399049CC8FBE7
:10B19000017E1499C5FB097EC4FB017E0799159CAD
:10B1A000C2FB067EC1FB047E0F99089CCDF884E0AB
:10B1B000079781FB047E1699019CC0FB017E0D99C7
:10B1C000C1FB047E0699099CC1FB047E0599029C83
:10B1D000C1FB047E03990A9CC1FB047E0B99019C70
:10B1E000C8FB097EC5FB017E0499C1FB067E0C9954
:10B1F000C2FB017E1199169ACDE9227E82FB0127BE
:10B200001899C0FB01270F99C1FB04270D99129CC7
:10B21000C1FB04270699029CC1FB04270599139CD6
:10B22000C1FB04270399C1FB09271499049CC8FB9F
:10B2300001271599C5FB0627C4FB01271192089920
:10B24000189A82FB01241999C0FB012416990198D0
:10B25000C1FB0024104609990F9AC2FB01040D9A04
:10B260000299C2FB01040A99069AC2FB0104059ADD
:10B270000B99C2FB0904039AC2FB01040C9A1A99A8
:10B28000C8FB0604C5FB02041A9A0E9D12F1007653
:10B290001B9ACDE9080442F10000B40E1C9A44EA5E
:10B2A0008014A4181D9A06F07C4642EBA062891B0C
:10B2B0000A911B9961EB00010B91109911F100713A
:10B2C00043F10006880E40EA86104019109D01F0F7
:10B2D0007C414CEBA66C691A63EB060314F1807693
:10B2E0001E9D42F100024FEA566E4EEAC21E1EEB50
:10B2F000050504951F9D06F07E4645EB6262A41B82
:10B300000C9410F18074079D4CF1000C660E46EA17
:10B31000CC1675190595219D04F07E4445EB6C6CA7
:10B32000001B0D900498179C089D10F1007001906F
:10B3300042F10002800E40EA821000190690209827
:10B34000229C40EBA262059810F1007002904CF133
:10B35000000C800E40EA8C100019239C44EBAC6C6E
:10B36000069C14F18074039442F10002640E44EAD6
:10B37000C214641843EB626310F18079119A4CF1A6
:10B38000000C4FEA596141EACC11891847EB6C6C0B
:10B3900014F1007743F1000311F100784CF1000C37
:10B3A0004FEA9862079342EA8C12099B521943EBC9
:10B3B000AC6C12F1807E4CF1000C4FEA5E650A9B8A
:10B3C00045EACC15A5FB0B65F6184FEA6C6C0B9B98
:10B3D0000BFB0C5545EB030516F1007C0C9B45F16E
:10B3E00000050CF07C4B4FEA9C6C4CEA851CB6EBDC
:10B3F0000B061CEB0305019BCAF8045003F07C45C7
:10B40000049BCAF800605D1B039BCAF8085003F058
:10B410007E45069B5D1B079BCAF80C5007F07C45D8
:10B42000BF0E47EA83170D9B641BFF18029BCAF8E7
:10B430001040059CCAF8147009F07E4908F07C4859
:10B440000EF07E4E03F07C43E31AB0EB0900B1EB43
:10B450000801B2EB0E02CAF81830CAF81C00CAF88C
:10B460002010CAF8242025B0BDE8F08F2DE9F04F58
:10B470006C4B0A68CC684D688BB082FB03820392E8
:10B4800084FB034204924A6982FB03E20592CA6983
:10B4900082FB032601924A6A069682FB039219F107
:10B4A000807C42F100024FEA5C664FF0130B46EAE3
:10B4B000C216A6FB0B6A52160BFB02AA16EB080279
:10B4C0000292039A85FB03570CF07E4C4AEB020A6A
:10B4D000B9EB0C0215F18076079247F100078A68F4
:10B4E0004FEA566C4CEAC71C06F07E467F16C2FB3C
:10B4F00003C7AA1B0892049ACDF80CC014F18075FA
:10B5000042F10006B9460A696F0E47EAC61705F010
:10B510007E457616C2FB0376621B0992059A049754
:10B520001EF1807842F100044FEA58658A69096A81
:10B5300045EAC4156416C2FB0354019A059508F048
:10B540007E48BEEB080812F1807E069A4FEA5E65DF
:10B5500042F1000245EAC2155216C1FB0352019B9B
:10B560000EF07E4EB3EB0E0E029B13F1007C039B9C
:10B570004AF1000A13F1007749F100030193049B9B
:10B58000AB4613F10075059B46F1000613F10071FF
:10B5900044F100041BF1007342F100020692029A8A
:10B5A0000CF07C49B2EB09094FEA9C6C089AC0F890
:10B5B00000904CEA8A1C1CEB020C039AC0F804C0F1
:10B5C00007F07C4CB2EB0C0C019AC0F808C0BF0E1F
:10B5D00047EA8217099ABF18C760049A05F07C47AA
:10B5E000AD0E45EA8615D71B15EB0805059A456192
:10B5F00001F07C45890E41EA8411551B11EB0E01C7
:10B60000069AC16103F07C419B0E43EA8213079ABC
:10B610000761BBEB01019B188561016243620BB0BE
:10B62000BDE8F08F42DB01004B682DE9F041C3F12A
:10B63000000E8B68CF680E694D698C69C3F1000CF0
:10B64000CB69C3F100080B6A5A424B6A09687F4212
:10B6500076426D4264425B424942C0E9001EC0E945
:10B6600002C7C0E90465C0E90648C0E90823BDE88F
:10B67000F0812DE9F04F0A468246D2E9024097B0A8
:10B680004FF0260C0690D2E904B00190D2E906E012
:10B690000390106A526A089262000592069A039E0D
:10B6A0000490520000924FEA4B020C92019A520011
:10B6B0000292039A0CFB06F75200049E0992D1E90C
:10B6C0000013132202FB06F8089E079302FB0EF0FC
:10B6D000019A5D000CFB06F60CFB02F385FB062CC1
:10B6E000C1FB012C4FEA410961464FEA440CCCFBF7
:10B6F0000821DDF800C0CCFB07214FEA4B0CCCFB46
:10B7000000219446019AC2FB03C1CDE90AC1079BFF
:10B71000009984FB06C2C9FB03C2C1FB08C202999F
:10B72000CBFB07C2C1FB00C2CDF834C0009983FB3C
:10B73000053CC9FB043CC1FB063C4FEA4B01C8FB7E
:10B74000013C0299C1FB073C1946CEFB001CCDE928
:10B750000E1C069984FB0530C9FB01300299CBFB16
:10B760000630C1FB08301946CEFB0710CDE910109A
:10B77000009985FB0103C9FB0B030299C4FB040379
:10B780004FEA4E0CC1FB06030399C8FB0C03C1FB37
:10B790000703019907908BFB0540C9FB0140DDE9D8
:10B7A0000571C1FB07400999CEFB0640C1FB08406B
:10B7B0000299129485FB014CC9FB0E4C0699CBFBF8
:10B7C000074C009FC1FB074C0999C1FB064C04992B
:10B7D000C1FB084C039906948EFB0547DDF81480E5
:10B7E000C9FB01470199C1FB08470099CBFB014701
:10B7F0000499C1FB0647CDE913470999029C85FBD3
:10B8000001780499C9FB01780599CEFB017800996C
:10B81000C1FB04780899059CCBFB0B78C1FB06782B
:10B820000499099781FB05650899CDF85480C9FBF7
:10B8300001650399C1FB046500990C9CCEFB016571
:10B840000199C1FB04650A99089611F100770B99DB
:10B85000129CAE464FEA976641F100050D9946EA03
:10B86000851676180A9907F07C4742EBA562B1EB82
:10B87000070B0B9961EB05010A91079911F1007112
:10B8800043F100078D0E45EA87152D19079C01F03D
:10B890007C4140EBA760611A63EB070316F18077E8
:10B8A0000E9C42F100024FEA576848EAC21818EBB2
:10B8B000040403940F9C07F07E4744EB6262F41B80
:10B8C00015F1807640F100000794770E069C47EA58
:10B8D000C0173C1906F07E464CEB606CA81B049424
:10B8E0000B900398109C159D10F10070009042F190
:10B8F0000002800E40EA8210001905901198139CF6
:10B9000040EBA262049810F1007001904CF1000C21
:10B91000800E40EA8C100019149C44EBAC6C059C22
:10B9200014F18074029442F10002640E44EAC214DD
:10B93000641843EB626310F18079099A4CF1000CB2
:10B940004FEA596141EACC11891845EB6C6C14F14E
:10B95000007743F1000311F10078089D06934CF144
:10B96000000C4FEA986242EA8C1252194EEBAC6C12
:10B9700012F1807E4CF1000C4FEA5E65132345EA1C
:10B98000CC15A5FB03654FEA6C6C03FB0C550A9BB9
:10B9900016EB0B0645EB030516F1007C079B45F102
:10B9A00000050CF07C4B4FEA9C6C4CEA851CB6EB16
:10B9B0000B061CEB0305009BCAF8045003F07C4502
:10B9C000039BCAF800605D1B029BCAF8085003F095
:10B9D0007E45059B5D1B069BCAF80C5007F07C4515
:10B9E000BF0E47EA83170B9B641BFF18019BCAF825
:10B9F0001040049CCAF8147009F07E4908F07C4895
:10BA00000EF07E4E03F07C43E31AB0EB0900B1EB7D
:10BA10000801B2EB0E02CAF81830CAF81C00CAF8C6
:10BA20002010CAF8242017B0BDE8F08F30B5A9B0B7
:10BA3000044668460D46FFF71CFE69460AA8FFF754
:10BA400018FE0AA90846FFF714FE0AAA294610465E
:10BA5000FFF75DFA0AAA69466846FFF758FA694691
:10BA600014A8FFF706FE0AA9084614AAFFF74FFA22
:10BA70000AA914A8FFF7FDFD042514A90846FFF73D
:10BA8000F8FD013DF9D10AAA104614A9FFF73FFAC3
:10BA90000AA914A8FFF7EDFD092514A90846FFF728
:10BAA000E8FD013DF9D114A908460AAAFFF72FFACB
:10BAB00014A91EA8FFF7DDFD13251EA90846FFF7F0
:10BAC000D8FD013DF9D114AA10461EA9FFF71FFAAF
:10BAD00014A90846FFF7CDFD092514A90846FFF76C
:10BAE000C8FD013DF9D10AAA104614A9FFF70FFAC3
:10BAF0000AA914A8FFF7BDFD312514A90846FFF7D0
:10BB0000B8FD013DF9D114A908460AAAFFF7FFF9CB
:10BB100014A91EA8FFF7ADFD63251EA90846FFF76F
:10BB2000A8FD013DF9D114AA10461EA9FFF7EFF9AF
:10BB300014A90846FFF79DFD312514A90846FFF713
:10BB400098FD013DF9D10AAA104614A9FFF7DFF9C3
:10BB50000AA90846FFF78DFD04250AA90846FFF744
:10BB600088FD013DF9D16A460AA92046FFF7CFF9C1
:10BB700029B030BD2DE9F04F97B00A6902924A69A9
:10BB80000392D1E906A2D1E9026705920A6A0692F8
:10BB90004A6A0892720007927A000992029ADDF8C6
:10BBA00014C0019052000A92039A52000492059A1E
:10BBB000262000FB0CF85200DDF818C00B92D1E9EA
:10BBC0000053132202FB0CF9DDF820C002FB0AF43B
:10BBD000039A00FB0CFB4FEA430E50438EFB0B2CE9
:10BBE000C5FB052C690065464FEA460CCCFB0925D0
:10BBF0004FEA470CCCFB0825DDF828C0CCFB042518
:10BC00009446039AC2FB00C586FB0B20CDF838C0D2
:10BC1000C1FB03204FEA470CCCFB0920DDF808C02C
:10BC2000CCFB08209446049AC2FB04C083FB0E326E
:10BC3000CDF83CC0C1FB06324FEA470CCCFB0B32BF
:10BC4000DDF828C00C90C9FB0C32DDF810C002985A
:10BC5000CCFB08329C46CAFB04C2CDF840C0029C13
:10BC600086FB0E3CC1FB073CC4FB0B3C049CC4FBA5
:10BC7000093C1C46CAFB084C11947C008EFB043422
:10BC8000C1FB00340498C6FB0634C0FB0B344FEAFA
:10BC90004A00C9FB003405981E46C0FB08640298A0
:10BCA000129680FB0E630398C1FB00630798C7FBE5
:10BCB00000630B98CAFB0B63C0FB096304980D93E8
:10BCC0001396079B8EFB00680298C1FB0A68C0FBB5
:10BCD00003687800C7FB00680B984746C0FB0B67FA
:10BCE0000698C0FB0967059814968AFB0E68C1FB8D
:10BCF00000680398DDF82490C0FB03680298C0FB3D
:10BD000009680698C0FB0B6815960B988EFB009689
:10BD10000698C1FB0096CAFB03960998049BC0FBDA
:10BD200003960298109BC0FB00960898C0FB0B96E8
:10BD30000698CDF8089080FB0EE90898C1FB00E951
:10BD400049460598DDF81C90C0FB09E10998DDF82B
:10BD50002890CAFB00E10398DDF84CA0C0FB09E184
:10BD60000E98F14610EB000E0F986D4110EB000B92
:10BD70000C984041DB180393119B5241DB184CEBAC
:10BD80000C0CCDF81CC0DDF848C006931CEB0C0C65
:10BD90000D9B64411AEB0A0A5B410493149BDB1868
:10BDA0000593159B7F41DB180B93029B0A9748EB89
:10BDB0000808DB1876410C930D9619EB09060E96D0
:10BDC00049411EF1007645F100070F91B10E41EA9D
:10BDD000871111EB0B0106F07C4640EBA760BEEB30
:10BDE000060B65EB070508951CF1007544F100068C
:10BDF000AF0E049BDDF80CE047EA861717EB0A0745
:10BE000005F07C4543EBA663BCEB050564EB060639
:10BE100011F1807440F100004FEA546C4CEAC01CF0
:10BE20001CEB0E0C04F07E4442EB6062091B09918E
:10BE300017F18071059CCDF810C043F10003480E46
:10BE400040EAC310001905900A9801F07E4140EBCA
:10BE5000636C791A0A91049911F10071029142F10F
:10BE600000028B0E069943EA82135B18079906932A
:10BE700041EBA26205990B9B11F100714CF1000C92
:10BE8000880E039140EA8C100699C01848EBAC6C00
:10BE900011F1807A42F100034FEA5A6444EAC31474
:10BEA000641946EB636310F180790C9A0D9D4CF197
:10BEB000000C4FEA596141EACC11891845EB6C6CD2
:10BEC00014F1007743F1000311F100780E9D079300
:10BED0004CF1000C4FEA986242EA8C1252190F9D05
:10BEE00045EBAC6C12F1807E4CF1000C4FEA5E65C4
:10BEF000132345EACC15A5FB03654FEA6C6C03FBE5
:10BF00000C55089B16EB0B0645EB030516F1007C60
:10BF1000019B0CF07C4B45F10005B6EB0B061E6057
:10BF20004FEA9C6C099B4CEA851C1CEB0305019BAA
:10BF30005D60029B03F07C45049B5D1B019B9D6043
:10BF4000069B0AF07E4AB3EB0A05019BDD6007F011
:10BF50007C45641B1C61079B059CBF0E47EA831749
:10BF60000A9BFF18019B5F61039B03F07C43E31A6C
:10BF700009F07E49019C08F07C480EF07E4EB0EB43
:10BF80000900B1EB0801B2EB0E02A361E06121628E
:10BF9000626217B0BDE8F08F2DE9F04753684E6834
:10BFA0008D68CC680F69F61A9368ED1AD368A4EB14
:10BFB000030A13694C6AA7EB030C4F695369A7EB9B
:10BFC000030E8F699369A7EB0308CF69D369A7EBC9
:10BFD0000309136A0F6A0968FF1A536A1268E31AA1
:10BFE0008A1AC0E90026C0E9025AC0E904CEC0E9B5
:10BFF0000689C0E90873BDE8F0870B462DE9F047D4
:10C00000D3E90892D1E9008E4FF0130AD3E9047600
:10C01000D3E906540AFB02F3D1E902C103F18073AC
:10C0200008EB63630EEBA3630CEB636301EBA363A9
:10C0300007EB636306EBA36305EB636304EBA363A6
:10C0400009EB636302EBA3635B160AFB03880EEB49
:10C05000A86E0CEB6E6C01EBAC6107EB616706EB55
:10C06000A76605EB666504EBA56428F07C4809EB40
:10C07000646929F07C4302EBA9624FEA28292EF07B
:10C080007E4E80F801904FEA284980F802904FEAEE
:10C090008E0980F8008049EA186880F803804FEA2A
:10C0A000AE182CF07C4C80F804804FEAAE3880F853
:10C0B00005804FEACC0848EA9E5E80F806E04FEA29
:10C0C0006C1E21F07E4180F807E04FEA6C3E80F85C
:10C0D00008E04FEA411E4EEA5C5C80F809C04FEA76
:10C0E000E10C80F80AC04FEAE12C80F80BC04FEA5F
:10C0F000871C4CEAD1410173C7F3970126F07E46B5
:10C100004173C7F38F218173311225F07C4541744F
:10C1100031148174690041EA1661C174E91124F097
:10C120007E440175C7F38747E913C77306744175E9
:10C13000E10041EAD55181756111C1756113017644
:10C14000190141EA54514176191122F07E4281765B
:10C150001913C176910141EA135303779310437782
:10C16000931292148377C277BDE8F08700B589B047
:10C1700001466846FFF741FF9DF8000000F001000E
:10C1800009B05DF804FB70B504460D461646FEF78F
:10C1900096FC324605F1280104F12800FEF78FFCD9
:10C1A000324605F1500104F15000BDE87040FEF741
:10C1B00086BC00002DE9F0470646D4B29EB0D70FEA
:10C1C00006F1280A04EAE2728846A4EB420406F16A
:10C1D0005009FEF736FC5046E4B2FEF732FC4FF44D
:10C1E0007075484605FB08F5FEF71FFCDFF8D880A0
:10C1F00084F00102B2FA82F208EB050130465209DE
:10C20000FFF7C1FF84F0020205F17801B2FA82F271
:10C21000414430465209FFF7B6FF84F0030205F1AE
:10C22000F001B2FA82F2414430465209FFF7ABFF07
:10C2300084F0040205F5B471B2FA82F2414430464A
:10C240005209FFF7A0FF84F0050205F5F071B2FA7C
:10C2500082F2414430465209FFF795FF84F006020E
:10C2600005F51671B2FA82F2414430465209FFF7E1
:10C270008AFF84F0070205F53471B2FA82F2414474
:10C2800030465209FFF77FFF84F0080205F552712E
:10C29000B2FA82F2520941443046FFF774FF514628
:10C2A0006846FEF715FD31460AA8FEF711FD49461E
:10C2B00014A8FFF7B9F93A4669463046FFF763FF1D
:10C2C0001EB0BDE8F08700BF089002082DE9F043DA
:10C2D000054601F128088BB005F128060C461746E3
:10C2E0000A464146FEF7BAFB22464146304605F172
:10C2F0005008FFF751FE3A4629464046FEF707FE32
:10C3000005F1780907F1280231463046FEF7FFFDB6
:10C3100004F1780207F150014846FEF7F8FD04F1F8
:10C32000500211466846FEF799FB324641462846C0
:10C33000FFF732FE324641463046FEF78FFB4A4653
:10C3400069464046FEF78AFB4A4669464846FFF77B
:10C3500023FE0BB0BDE8F083F8B501F178070C4679
:10C3600005463A4604F15006FEF7D1FD324604F187
:10C37000280105F12800FEF7CAFD3A46314605F1CD
:10C380005000BDE8F840FEF7C2BD2DE9F0410C4673
:10C3900001F178080546424604F1280604F15007E9
:10C3A000FEF7B5FD3A46314605F12800FEF7AFFD30
:10C3B0004246394605F15000FEF7A9FD32462146B6
:10C3C00005F17800BDE8F041FEF7A1BD2DE9F0438D
:10C3D00004460E468BB004F1500506F12809FFF71C
:10C3E00048F904F1780849462846FFF742F904F174
:10C3F000280706F150014046FFF7BCFB4A4631468C
:10C400003846FEF72BFB39466846FFF732F92246DD
:10C4100029463846FEF722FB224629462846FFF7E2
:10C42000BBFD3A4669462046FFF7B6FD2A4641461F
:10C430004046FFF7B1FD0BB0BDE8F08310B50446F0
:10C44000FEF7F3FA04F12800FEF7FBFA04F15000BE
:10C45000FEF7F7FA04F17800BDE81040FEF7E5BA00
:10C4600038B504460D46FEF733FC05F1280104F10A
:10C470002800FEF72DFC05F1500104F15000BDE845
:10C480003840FEF725BC10B59EB004466846FFF75D
:10C49000E7FF69462046FFF799FF1EB010BD30B593
:10C4A0009FB004460D4668465031FFF7BFFA6A4612
:10C4B00029460AA8FEF72BFD6A4605F1280114A8B3
:10C4C000FEF725FD14A92046FFF797FD0AA8FFF700
:10C4D0004DFEE37F83EAC013E3771FB030BDF0B5B4
:10C4E000F5B06A464D1E04461F311346164615F830
:10C4F000010F00F00F078D424FEA10101F705870A7
:10C5000003F10203F3D10025294692F900300B44D0
:10C51000DBB203F1080141F30311C8B20135A3EB0B
:10C5200000133F2D02F8013BEFD196F83F3018443D
:10C5300086F83F002046FFF781FF012572576910FA
:10C540002EA8FFF737FE2EAA21464CA8FFF7BEFE05
:10C5500002354CA92046FFF718FF412DEED12146A8
:10C560004CA8FFF790FF4CA910A8FFF7F5FE10A903
:10C570004CA8FFF72BFF4CA910A8FFF7EDFE10A960
:10C580004CA8FFF723FF4CA910A8FFF7E5FE10A960
:10C590004CA8FFF71BFF4CA92046FFF7F6FE00252D
:10C5A000725769102EA8FFF705FE2EAA21464CA847
:10C5B000FFF78CFE02354CA92046FFF7E6FE402D22
:10C5C000EED175B0F0BD8378417802781B0443EA60
:10C5D000012343EA020000217047006800217047F0
:10C5E0002DE9F04F9DB08346FFF7EDFFC0F3140334
:10C5F0000BF102000B93FFF7F0FFC0F354130BF1A4
:10C6000005000C93FFF7DFFFC0F394030BF1070065
:10C610000D93FFF7E2FFC0F3D4130BF10A00099367
:10C62000FFF7DBFFC0F314130BF10D000A93FFF7C4
:10C63000CAFFC0F354030BF10F000E93FFF7CDFFB9
:10C64000C0F394130BF112000893FFF7BCFFC0F383
:10C65000D4030BF115000793FFF7B5FFC0F31403E4
:10C660000BF117000F93FFF7B8FFC0F354130BF152
:10C670001A000593FFF7A7FFC0F394030BF11C000A
:10C680000693FFF7AAFFC0F3D4160BF11F00FFF7C4
:10C69000A4FFC0F314170BF12200FFF794FFC0F3BF
:10C6A00054080BF12400FFF798FFC0F394190BF125
:10C6B0002700FFF788FFC0F3D40A0BF12A00FFF729
:10C6C00082FFC0F314030BF12C000393FFF785FFE7
:10C6D000C0F354130BF12F001093FFF774FFC0F356
:10C6E00094030BF131000193FFF777FFC0F3D413EC
:10C6F0000BF134000293FFF770FFC0F314140BF139
:10C700003700FFF760FFC0F354030BF13900FFF768
:10C7100064FFC0F394120BF13C00FFF75EFFDFF8FB
:10C7200048E3C00840EA4170CD08A0FB0EC11CEBF5
:10C73000060C0EFB051141F100011191CB498E460B
:10C74000A0FB0161F6190EFB0511C94F129641F1CC
:10C7500000011391A0FB076116EB0806DFF81483B4
:10C760001496C0F1000608FB056E07FB0511A0FB3F
:10C77000088741F1000118EB0909CDF854904EEB00
:10C780000709CDF85890DFF8F092A0FB09E709FB04
:10C7900005771EEB0A0ACDF85CA047F1000ACDF838
:10C7A00060A0DFF8D8A2039FDFF8BCE20AFB0566B1
:10C7B000A0FB0A05C019039046EB050004900698FB
:10C7C000119DA2FB0E7A3F18A848A2FB00694AF10E
:10C7D000000A16EB0C06DFF898C2129845EB09091F
:10C7E000A2FB0C582818139D0690A24845EB080898
:10C7F000149DA2FB000E4019AEEB020E4EEB010E93
:10C800009D49159DA2FB01C11CEB05051195169DC7
:10C8100045EB010112919949944DA2FB01C1891A7E
:10C82000179A1CEB02021392189A41EB020214921F
:10C830008D4AA3FB021C059A8918A3FB05254CF120
:10C84000000CD2194AEB0507DFF824A2A3FB0AA5C6
:10C850001AEB060A49EB0505864E1595069DA3FBC6
:10C86000069619EB0505A6EB030646EB0806DFF86E
:10C870000882A3FB088918EB00084EEB090016900C
:10C880007E48A3FB00E0C01A119B1EEB0303059337
:10C89000129BDFF8D4E140EB030306930F9BA4FB4C
:10C8A0000E0EC018714BA4FB03934EF1000E19EB52
:10C8B0000101DFF8BC914CEB030CA4FB09399B1878
:10C8C00047EB09070F976B4FA4FB077917EB0A0794
:10C8D000DDF854A0A9EB040949EB0A09DFF898A197
:10C8E000A4FB0A2A5219654D119246EB0A0AA4FBD1
:10C8F00005652D1B16EB08041294169C5A4A45EB4D
:10C9000004041594029C079EDDF80880A4FB0245F0
:10C91000A419564E029AA8FB068645F1000518EBAD
:10C9200000004EEB0606DFF84881DDF808E0AEFBBC
:10C9300008E81EEB010E4CEB080C4E49DDF80880B0
:10C94000A8FB0118C9180F9BA8EB020848EB0308C5
:10C95000494BA2FB0323D71949EB0309474A029B22
:10C96000A3FB02230F92029A9B1A07930F9A119B23
:10C97000D218079B029243EB0A0ACDF81CA03A4A50
:10C98000DDF804A0AAFB02A3089A1AEB020A43F1FD
:10C9900000030893019A354BA2FB0323121945EBC0
:10C9A0000305334C019B0F92A3FB0423121846EBA3
:10C9B00003063048019B019CA3FB000310EB0E0013
:10C9C000DFF8B4E0A3EB040343EB0C0CA4FB0E3E36
:10C9D0005B1848EB0E01A046284CA8FB048E019C76
:10C9E00018EB0707AEEB040EDDF8208011974EEB35
:10C9F00009091AF580170F9C48F100084FEA575EA5
:10CA00004EEAC82E1EEB040E4FEA575745F10005BB
:10CA10007F050195BAEB07050F95089D65EB0805A5
:10CA200012F5801446F100071695650D45EAC725F5
:10CA3000640D2D184FEA44544CF1000C101B179054
:10CA400066EB070613F5801041F100041896420DBD
:10CA5000119E42EAC422400D92194FEA405049EB20
:10CA600064571E1A0CE000BF132C0A00182D070093
:10CA700067FB090053C6F0FFD11502008390F5FF54
:10CA800061EB040119910299119611F58010079933
:10CA9000029E41F10004430D129943EAC4235B183E
:10CAA0004FEA5050159908934FEA405041EB6451BA
:10CAB000361A0296079E139B66EB04061296059E95
:10CAC00016F58010069E46F10004460D46EAC4267F
:10CAD00016EB030A149E109B46EB64560796400D16
:10CAE000059E4005361A0596069E66EB04060696D8
:10CAF000039E16F58014049E4FEA545046F1000838
:10CB000040EAC820C0184FEA5454039B4FEA6856C5
:10CB10004FEA445446F100061B1B1093049B63EB41
:10CB200008031393019B1EF5801443F100094FEA9B
:10CB30005458179B48EAC92818EB03031493189B11
:10CB40004FEA545443F1000364051593BEEB04030C
:10CB50001793019B63EB090915F580144CF100084C
:10CB6000119B4FEA545E4EEAC82E1EEB030311934D
:10CB70004FEA5454199B4FEA445443EB68532D1B1E
:10CB800019956CEB080512F5801418931A95029B01
:10CB900047F100054FEA545C4CEAC52C1CEB03033B
:10CBA0000193129B4FEA545443EB6553640504937D
:10CBB000131B1293089B67EB05051B9513F5801556
:10CBC00041F10004059B069F6A0D42EAC422D31876
:10CBD00002934FEA5555089BD14A4FEA455547EB1A
:10CBE00064575D1B61EB04010691079903951AF5E3
:10CBF000801341F10004109D0597590D41EAC421AD
:10CC000049194FEA5353139D079F4FEA435345EB8E
:10CC10006455BAEB0303DFF80CA367EB0404A0FB35
:10CC2000027EA0FB0A8C02FB06EE0E9A0AFB06CCE3
:10CC3000DDF83CA0BF184EF1000E18EB0A08CDF845
:10CC40003880DDF858804CEB080CCDF83CC0DFF89C
:10CC5000D8C2E246A0FB0C8C0AFB06CCDDF85CA037
:10CC600018EB0A084CEB090CDFF8C092CDF84CC069
:10CC7000C0F1000CCDF8408009FB06C8A0FB099A62
:10CC8000D044DDF850A019EB0A0ADDF8549048EBC7
:10CC90000908CDF85080DFF898824246A0FB08983A
:10CCA00002FB0688199A19EB02091A9A48EB020846
:10CCB000A04A02FB06CCA0FB0206119A8218189823
:10CCC0000792B4444CEB000C954ACDF820C0DDF837
:10CCD00028C0A1FB026016EB0C0C02FB050040F122
:10CCE00000000A908F480246A1FB006002FB05008D
:10CCF000F21940EB0E00DFF830E211920E9A159017
:10CD0000A1FB0E60B2180E92884E0F9A0EFB050022
:10CD100040EB020237464842A1FB077E06FB0506B0
:10CD20007644DDF840E00F92139A17EB0E0E46EBB7
:10CD300002027F4E10923246A1FB067602FB056688
:10CD4000149A17EB0A0A46EB02027A4E139206FB7C
:10CD50000500734A734FA1FB0615284411EB090522
:10CD60001495A3FB025602FB0466099A40EB0800E7
:10CD70001690AD18A3FB0701DFF8AC81119A46F1BC
:10CD8000000610EB0C00DDF828C007FB041141EB96
:10CD90000C0CA3FB0871BA181192159A08FB041128
:10CDA00041EB0202614915925F420E9A01FB047940
:10CDB000A3FB0118C844DDF83C90891848EB090929
:10CDC000CDF83890DFF868914A46A3FB099819EB33
:10CDD0000E09DDF840E002FB048848EB0E0ECDF8AA
:10CDE0003CE0DFF850E1029ADFF83C810EFB04776B
:10CDF000A3FB0E34274413EB0A04139B099447EB5F
:10CE000003030A93464B059CDDF814A0A2FB037EA6
:10CE100003FB04EE0D9B434AFF18029BA3FB024356
:10CE20004EF1000E02FB0A33641943EB06030D9327
:10CE3000029B029EA3FB08532A1808FB0A3343EB0C
:10CE40000C0A029B05981092DFF8E0C0029ADDF808
:10CE500054805B420CFB0035A2FB0C0C119AAC44D5
:10CE6000334D80184CEB080C2A46A6FB0585059E21
:10CE700002FB06550E9E029A18EB010145EB0608CF
:10CE8000059E2C4D05FB0633A2FB052512EB09067A
:10CE90000F9A05962B4443EB0203039E0E93204BFF
:10CEA000A6FB0392069E03FB06220C9E19EB0609C5
:10CEB00042F100030C931B4A039EA6FB0235069E1B
:10CEC000DB1902FB0655184F039E45EB0E053A464B
:10CED000A6FB07E7069E02FB06770D9A1EEB0406EB
:10CEE00047EB02040D94039C039F0F96DDF818E0B6
:10CEF000109A66420D4C04FB0E6EA7FB0447A41863
:10CF0000774447EB0A02DFF828E0039FDDF818A01A
:10CF100010927246A7FB0EE702FB0A770CE000BFF7
:10CF2000132C0A00182D070067FB090053C6F0FFF9
:10CF3000D11502008390F5FF1EEB000ECDF844E002
:10CF400047EB0C0ECDF84CE0DFF824C3DDF80CE025
:10CF50000CFB0A66AEFB0C0742183E4446EB080188
:10CF600002920391C34A0199049EC348C34FA1FB97
:10CF7000021C02FB06CC019E0B9AA6FB00E8049E55
:10CF8000891800FB06880C9A019E4CF1000C1EEBE0
:10CF9000090EDDF8109048EB0208A6FB0726D21810
:10CFA00007FB0966DDF80490049F46EB0506B44DC7
:10CFB000C9F1000905FB0793019FA7FB0570184401
:10CFC0000F9BFF180D9B40EB03030693019DAD4B98
:10CFD000DDF810A01846A5FB03351B1900FB0A5508
:10CFE0005446DFF88CA210980AFB0499019CA4FB1C
:10CFF0000AA44C44DDF8449045EB000513981AEB65
:10D00000090944EB0004049411F58014CDF8049050
:10D010004CF1000A4FEA545949EACA29640D19EB48
:10D020000E0E4FEA445448EB6A58B1EB04096CEB1E
:10D030000A0C12F58014CDF830C04FEA545146F175
:10D04000000C0698CDF82C9041EACC21640DC9194A
:10D050004FEA445440EB6C50B2EB040966EB0C060B
:10D0600013F58012019F0D964FEA525445F10006C8
:10D07000DDF810C0CDF8189044EAC624520DE4192A
:10D080004FEA42524CEB665CB3EB020965EB0606D5
:10D090000F96029ECDF8109016F58013039E149FF4
:10D0A00046F100055A0D059E42EAC52292190E9ED0
:10D0B0004FEA535346EB6559029E5B05F61A0596F7
:10D0C000039E66EB05060E96099E16F580130A9ED2
:10D0D00046F100055E0D46EAC526F6190196169E34
:10D0E00046EB655602965B0D099E5B05F61A09969E
:10D0F0000A9E129FDDF81CA066EB05060A96079EA5
:10D1000016F58015089E4FEA555346F1000643EA8E
:10D11000C623DB194FEA55551B9F03934FEA45552C
:10D1200047EB6657BAEB05050795089D069B65EB2F
:10D1300006061EF5801548F1000A08966E0D46EAAF
:10D14000CA26F61806960D9E049B4FEA555546EBE7
:10D150006A566D050D96BEEB050668EB0A0811F5DB
:10D16000801540F1000E10966E0D46EACE26F3189B
:10D170000F9E04934FEA555546EB6E566D050F967C
:10D180004E1B119660EB0E0614F580114CF1000554
:10D19000059B1296480D0E9E40EAC520C3184FEA23
:10D1A000515146EB655649050E96661A13966CEB7F
:10D1B000050612F5801149F100040593480D099BFD
:10D1C000149640EAC4200A9EC3184FEA515146EB18
:10D1D000645649050A96561A1593169669EB040685
:10D1E0001796019E079BDDF84090254C16F580129E
:10D1F000029E4FEA525146F1000041EAC021089ECA
:10D20000CB1846EB60561996520D019E18935205A5
:10D21000B61A039B0196029E66EB000613F5801179
:10D220004FEA51524FEA51514FEA415147F1000044
:10D2300002965E1A0F4B1A9642EAC02267EB00066E
:10D240004FEA605E1B96A2FB036703FB0E770B9B06
:10D2500009490A48F6180C9B47EB0307A2FB01C3D8
:10D260001CEB090C01FB0E33069943EB08030BE0A2
:10D270008390F5FF132C0A00182D070067FB0900A7
:10D2800053C6F0FFD1150200A2FB0059DDF834802F
:10D2900003936D1800FB0E99C2F1000A04FB0EA166
:10D2A00049EB0809A2FB044888441199E74B64182C
:10D2B000129948EB0108A2FB030103FB0E11049B2A
:10D2C000C0180F9B41EB0301E14B03FB0EAAA2FB2D
:10D2D00003E25244DDF84CA0149B1EEB0A0E4FEA09
:10D2E000565A42EB03024AEAC72A039B1AEB0C0A7E
:10D2F000C6F3140643EB675309964FEA5A5646EABB
:10D30000C326761949EB6353750D45EAC3252D19DC
:10D3100048EB63536C0D44EAC324241841EB63517A
:10D32000600D40EAC12010EB0E0042EB6153C4F3E4
:10D33000140C059ACDF820C0440DDDF838C044EA3D
:10D34000C324A4184CEB6353C0F3140CCDF81CC0D9
:10D35000600D169ADDF85CC040EAC32080184CEBE3
:10D360006353159AC4F3140C410DCDF818C041EA6B
:10D37000C321DDF828C089184CEB6353019AC0F330
:10D38000140C480DCDF814C040EAC320DDF808C0E5
:10D3900080184CEB6353189AC1F3140C410DCDF86F
:10D3A00010C041EAC321DDF864C089184CEB635317
:10D3B0004A0DC0F3140C1A98CDF80CC042EAC322EF
:10D3C000DDF86CC012184CEB6353C1F3140CCDF8AC
:10D3D00008C0510DC2F3140C9E4ACDF804C041EAB6
:10D3E000C321A1FB024C5B1502FB03CC099AA418D4
:10D3F000994AA1FB02E002FB0300984ACAF3140712
:10D400004CF1000C1EEB070EA1FB027802FB038817
:10D41000934AC1F10009C6F3140602FB039AC5F34F
:10D42000140540F10000BF19A1FB022648F10008D5
:10D4300052190992854A4AEB060AA1FB026502FBD2
:10D440000355089AB618824A02FB0399A1FB0213FE
:10D45000079A45F10005891849EB03034FEA54592F
:10D4600049EACC2919EB0E0940EB6C504FEA595CA4
:10D470004CEAC02C1CEB070C099A48EB60504FEAB1
:10D480005C5E4EEAC02E1EEB020E4AEB60504FEA85
:10D490005E5242EAC022961945EB6055720D42EA8F
:10D4A000C522521843EB655306990598550D45EA78
:10D4B000C3256D184FEA635343F10003690D41EA38
:10D4C000C32109184FEA6353049843F100034FEA5C
:10D4D000515A4AEAC32A1AEB000A4FEA635343F14E
:10D4E00000034FEA5A504FEA635840EAC320039BB7
:10D4F000C018C9F3140748F100034FEA5059DDF88A
:10D50000088049EAC32919EB08094FEA635343F13C
:10D5100000034FEA595848EAC328019BC4F3140496
:10D5200018EB0308C9F314034FEA14298BF8019090
:10D530004FEA47198BF8004049EA14448BF802403F
:10D54000FC08CCF3140C8BF80340FC0A8BF8044065
:10D550004FEA8C0444EAD7448BF80540CEF3140E0E
:10D560004FEA9C148BF806404FEACE1444EA9C34F0
:10D570008BF807404FEA5E04C6F314068BF80840A8
:10D580004FEA5E248BF80940340144EA5E448BF88C
:10D590000A403409C2F314028BF80B40340B8BF8A9
:10D5A0000C40941844EA1654C5F314058BF80D404A
:10D5B000D4098BF80E40AC0144EAD2328BF80F202C
:10D5C000AA08C1F314018BF81020AA0A8BF81120C5
:10D5D000CA0042EA9542CAF3140A8BF812204A099B
:10D5E000C0F314008BF813204FEA1A228BF8162090
:10D5F000420142EA1A428BF81720C2088BF8182021
:10D60000C20A8BF819209A0042EAD0424FEAC819A0
:10D6100049EA93398BF81A209A094FEA5803490BC3
:10D620008BF81D304FEA58234FEA58488BF81410F6
:10D630008BF815A08BF81B208BF81C908BF81E30F4
:10D640008BF81F801DB0BDE8F08F00BFD115020020
:10D650008390F5FF132C0A00182D070067FB0900C3
:10D6600053C6F0FF2DE9F04FB9B09146019008463E
:10D670009B460D46FEF7A7FFC0F31408A81CFEF753
:10D68000ACFFC0F35416681DFEF79DFFC0F3940471
:10D69000E81DFEF7A2FFC0F3D41305F10A000293C0
:10D6A000FEF79BFFC0F3141305F10D000393FEF783
:10D6B0008AFFC0F3540305F10F000493FEF78DFFBA
:10D6C000C0F3941305F112000593FEF77CFFC0F33D
:10D6D000D40305F115000693FEF775FFC0F314039C
:10D6E00005F117000793FEF778FFC0F3541305F117
:10D6F0001A000893FEF767FFC0F3940305F11C00BE
:10D700000993FEF76AFFCB094FEAD01A48464AEA66
:10D71000416A1393FEF757FFC0F3140709F10200A3
:10D72000FEF75BFFC0F3541509F10500FEF74BFF50
:10D73000C0F3940309F107000A93FEF74EFFC0F30C
:10D74000D41309F10A000B93FEF747FFC0F314133B
:10D7500009F10D000C93FEF736FFC0F3540309F1F5
:10D760000F000D93FEF739FFC0F3941309F1120077
:10D770000E93FEF728FFC0F3D40309F115000F93B1
:10D78000FEF721FFC0F3140309F117001093FEF711
:10D7900024FFC0F3541309F11A001193FEF713FF8D
:10D7A000C0F3940309F11C001293FEF716FFCB0996
:10D7B0004FEAD019584649EA41691493FEF703FF2E
:10D7C00015900BF10200FEF708FF18900BF1050011
:10D7D000FEF7F9FE17900BF10700FEF7FEFE199019
:10D7E0000BF10A00FEF7F9FE1A900BF10D00FEF79F
:10D7F000EAFE1B900BF10F00FEF7EFFE1C900BF101
:10D800001200FEF7E0FE1D900BF11500FEF7DBFEA7
:10D810001E900BF11700FEF7E0FE1F900BF11A00AF
:10D82000FEF7D1FE20900BF11C00FEF7D6FE159AF4
:10D830008C468646C2F31402A8FB07108B1815937A
:10D8400040F100031693189BA8FB0512C3F3541371
:10D850005B18A6FB071042F100025B18239342EB12
:10D8600000032493179BC3F394010A9BA8FB032393
:10D870008818A6FB051243F10003401843EB02038E
:10D88000A4FB0721821843EB01031893199B1792FD
:10D89000C3F3D4110B9BA8FB032388180A9AA6FB99
:10D8A000021243F10003401843EB0203A4FB0512EC
:10D8B000401843EB0203029AA2FB0721821843EBB4
:10D8C0000103259226930C9A1A9BA8FB0212C3F31C
:10D8D00014135B180B99A6FB010142F100021B18FF
:10D8E00042EB01020A99A4FB01011B1842EB010261
:10D8F0000299A1FB05011B1842EB01020399A1FB50
:10D90000071013EB010B42EB000319930D9A1B9BBD
:10D91000A8FB0212C3F354035B180C99A6FB010188
:10D9200042F100021B1842EB01020B99A4FB01011A
:10D930001B1842EB010202990A98A1FB00011B1877
:10D9400042EB01020399A1FB05011B1842EB010206
:10D950000499A1FB07105B18279342EB000328935F
:10D960000E9A1C9BA8FB0212C3F394135B180D992B
:10D97000A6FB010142F100021B1842EB01020C99C7
:10D98000A4FB01011B1842EB01020B980299A1FBB9
:10D9900000011B1842EB01020A980399A1FB000148
:10D9A0001B1842EB01020499A1FB05011B1842EB75
:10D9B00001020599A1FB07105B181A9342EB0003C3
:10D9C0001B930F9A1D9BA8FB0212C3F3D4035B1891
:10D9D0000E99A6FB010142F100021B1842EB010265
:10D9E0000D99A4FB01011B1842EB01020C9802994E
:10D9F000A1FB00011B1842EB01020B980399A1FB4C
:10DA000000011B1842EB01020A980499A1FB0001D6
:10DA10001B1842EB01020599A1FB05011B1842EB03
:10DA200001020699A1FB07105B18299342EB000342
:10DA30002A93109B1E99A8FB0332C1F314015B18B3
:10DA40000F99A6FB010142F100021B1842EB0102F3
:10DA50000E99A4FB01011B1842EB01020D980299DB
:10DA6000A1FB00011B1842EB01020C980399A1FBDA
:10DA700000011B1842EB01020B980499A1FB000165
:10DA80001B1842EB01020A980599A1FB00011B1823
:10DA900042EB01020699A1FB05011B1842EB0102B2
:10DAA0000799A1FB07105B181C9342EB00031D9321
:10DAB000119A1F9BA8FB0212C3F354135B18109911
:10DAC000A6FB010142F100021B1842EB01020F9973
:10DAD000A4FB01011B1842EB01020E980299A1FB65
:10DAE00000011B1842EB01020D980399A1FB0001F4
:10DAF0001B1842EB01020C980499A1FB00011B18B2
:10DB000042EB01020B980599A1FB00011B1842EBA7
:10DB100001020A980699A1FB00011B1842EB0102C1
:10DB20000799A1FB05011B1842EB01020899A1FB13
:10DB300007105B182B9342EB00032C93129A209B47
:10DB4000A8FB0212C3F394035B181199A6FB010111
:10DB500042F100021B1842EB01021099A4FB0101E3
:10DB60001B1842EB01020F980299A1FB00011B1840
:10DB700042EB01020E980399A1FB00011B1842EB36
:10DB800001020D980499A1FB00011B1842EB010250
:10DB90000C980599A1FB00011B1842EB01020B98A0
:10DBA0000699A1FB00011B1842EB01020A98079994
:10DBB000A1FB00011B1842EB01020899A1FB050122
:10DBC0001B1842EB01020999A1FB07105B181E9379
:10DBD000149942EB00034FEADE1E1F934EEA4C6E8F
:10DBE000A8FB092308FB013312EB0E0E43EBDC12FA
:10DBF000129BA6FB03311EEB030342EB01021199BA
:10DC0000A4FB01011B1842EB010210980299A1FB31
:10DC100000011B1842EB01020F980399A1FB0001C0
:10DC20001B1842EB01020E980499A1FB00011B187E
:10DC300042EB01020D980599A1FB00011B1842EB74
:10DC4000010206990C98DDF84CC0A1FB00011B18DD
:10DC500042EB01020B980799A1FB00011B1842EB54
:10DC600001020A980899A1FB00011B1842EB01026E
:10DC70000999A1FB05011B1842EB0102AAFB070150
:10DC80001B1807FB0C1141EB020C14992D93A6FBFA
:10DC9000093206FB01221299139EA4FB01011B18F5
:10DCA00042EB010211980299A1FB00011B1842EB03
:10DCB000010210980399A1FB00011B1842EB01021D
:10DCC0000F980499A1FB00011B1842EB01020E986A
:10DCD0000599A1FB00011B1842EB01020D98069962
:10DCE000A1FB00011B1842EB01020C980799A1FB54
:10DCF00000011B1842EB01020B980899A1FB0001DF
:10DD00001B1842EB0102DDE90910A1FB00011B1801
:10DD100042EB0102AAFB050105FB06111B1820932B
:10DD200041EB020314992193A4FB093204FB012265
:10DD3000029912980A9DA1FB00011B1842EB0102F7
:10DD400011980399A1FB00011B1842EB01021098E6
:10DD50000499A1FB00011B1842EB01020F980599E1
:10DD6000A1FB00011B1842EB01020E980699A1FBD2
:10DD700000011B1842EB01020D980799A1FB00015D
:10DD80001B1842EB01020C980899A1FB00011B181B
:10DD900042EB01020B980999A1FB00011B1842EB11
:10DDA00001020A99AAFB010105FB06111B182E931B
:10DDB00041EB02032F93029B14990298A3FB0932B3
:10DDC00000FB012203991298A1FB00011B1842EBF2
:10DDD000010211980499A1FB00011B1842EB0102FA
:10DDE00010980599A1FB00011B1842EB01020F9846
:10DDF0000699A1FB00011B1842EB01020E9807993E
:10DE0000A1FB00011B1842EB010208990D980B9D24
:10DE1000A1FB00011B1842EB01020C980999A1FB20
:10DE200000011B1842EB01020B99AAFB010105FB43
:10DE300006111B18029341EB02030A93039B1499EA
:10DE400003980C9DA3FB093200FB01220499129850
:10DE5000A1FB00011B1842EB010211980599A1FBDF
:10DE600000011B1842EB010210980699A1FB00016A
:10DE70001B1842EB01020F980799A1FB00011B1828
:10DE800042EB01020E980899A1FB00011B1842EB1E
:10DE900001020D980999A1FB00011B1842EB010238
:10DEA0000C99AAFB010105FB06111B18309341EBED
:10DEB00002033193049B14990498A3FB093200FBDD
:10DEC000012205991298A1FB00011B1842EB0102E7
:10DED000069911980D9DA1FB00011B1842EB010250
:10DEE00010980799A1FB00011B1842EB01020F9843
:10DEF0000899A1FB00011B1842EB01020E98099939
:10DF0000A1FB00011B1842EB01020D99AAFB0101C4
:10DF100005FB06111B18039341EB02030493059BB9
:10DF2000149905980E9DA3FB093200FB0122069966
:10DF30001298A1FB00011B1842EB010211980799EE
:10DF4000A1FB00011B1842EB010210980899A1FBEC
:10DF500000011B1842EB01020F980999A1FB000177
:10DF60001B1842EB01020E99AAFB010105FB0611E9
:10DF70001B18329341EB02033393069B14990698C6
:10DF8000A3FB093200FB012207991298A1FB0001B3
:10DF90001B1842EB0102089911980F9DA1FB00018B
:10DFA0001B1842EB010210980999A1FB00011B18F4
:10DFB00042EB01020F99AAFB010105FB06111B1898
:10DFC000059341EB02030693079B149A0798109D53
:10DFD000A3FB091300FB0233089A1298A2FB00026C
:10DFE000091843EB02031198099AA2FB00020918D1
:10DFF00043EB0203109AAAFB0202091805FB062252
:10E0000042EB03033593089B089834911499A3FBC2
:10E01000092300FB013309991298A1FB0001121892
:10E0200043EB0103344611992046119CAAFB0116CB
:10E03000521804FB006646EB0306099B099CA3FBF0
:10E040000901149BDDE9127504FB0311129BAAFB65
:10E050000343001907FB053341EB03033690379365
:10E06000149B16980AFB03F3AAFB097E09FB0533F0
:10E0700003EB0E0122911599239D11F5801140F1BA
:10E0800000004C0D44EAC02464190794249C4FEA14
:10E09000515144EB6059159C4905611A2391169919
:10E0A000259C61EB000116911799189811F58011C4
:10E0B00040F10005480D40EAC5200019269C4FEAB2
:10E0C000515144EB6558179C4905611A17911899ED
:10E0D000279C61EB0501189119991BF5801541F1F9
:10E0E000000A690D41EACA210919289C4FEA5555D1
:10E0F00044EB6A546D050894BBEB05042494199C09
:10E1000064EB0A0419941A9C14F580151B9C4FEAC1
:10E11000555B44F1000A299C4BEACA2B1BEB040413
:10E1200009942A9C44EB6A540B946D0D1A9C6D055E
:10E13000641B1A941B9C64EB0A041B941C9C14F52E
:10E1400080151D9C4FEA555A44F1000B2B9C4AEA5E
:10E15000CB2A1AEB04040C942C9C44EB6B540D94C6
:10E160006D0D1C9C6D05641B1C941D9C64EB0B04C5
:10E170001D941E9C14F580151F9C4FEA555A44F1BE
:10E18000000B2D9C4AEACB2A1AEB04040E944FEAAA
:10E1900055551E9C4FEA45554CEB6B5C641B1E9419
:10E1A0001F9C64EB0B041F94209C14F58015219C8C
:10E1B0004FEA555A44F1000B2E9C4AEACB2A1AEB3F
:10E1C00004040F942F9C44EB6B5410946D0D209C11
:10E1D0006D05641B2094219C64EB0B042194029C2C
:10E1E00014F580150A9C4FEA555A44F1000B309CF7
:10E1F0004AEACB2A1AEB04041194319C44EB6B5489
:10E2000012946D0D029C6D05641B02940A9C64EBD4
:10E210000B042594039C14F58015049C4FEA555A71
:10E2200044F1000B329C4AEACB2A1AEB04040A940C
:10E23000339C44EB6B5413946D0D039C6D05641B70
:10E240000394049C64EB0B042694059C14F5801540
:10E25000069C4FEA555A44F1000B349C4AEACB2AFB
:10E260001AEB04040494359C44EB6B5414946D0D28
:10E27000059C6D05641B0594069C64EB0B0412F56C
:10E28000801546F1000B06944FEA555A369C4AEA2F
:10E29000CB2A1AEB040A4FEA5555379C4FEA4555ED
:10E2A00044EB6B54521B159466EB0B06279217F543
:10E2B00080124FEA525B4FEA52524FEA425243EB0E
:10E2C0000E03BF1A229A179C4BEAC32B4FEA635ED8
:10E2D00062EB03032293079B13F5801349F10005BA
:10E2E0005A0D42EAC52212191792189A42EB65524A
:10E2F00018925B0D079A5B05D31A289369EB050307
:10E30000299310F5801348F10004249D5A0D42EA28
:10E31000C422521924924FEA5353199A4FEA435395
:10E3200042EB6452C31A19922A93089A68EB0403C9
:10E330002B9311F5801342F100001A9C5A0D42EA0A
:10E34000C02212191A924FEA53531B9A4FEA4353B1
:10E3500042EB6052CB1A2C93089B1B9263EB000399
:10E360002D93099B0B9A1C9813F5801342F1000121
:10E370005A0D42EAC12212181C921D9A42EB6152B8
:10E380001D925B0D099A5B05D31A2E930B9B0D9A78
:10E390001E9863EB01032F930C9B13F5801342F13E
:10E3A00000015A0D42EAC12212180B921F9A2098BE
:10E3B00042EB61521E925B0D0C9A5B05D31A0C93D3
:10E3C0000D9B63EB01030D930E9B13F580124CF133
:10E3D0000003510D41EAC32111EB00092199029874
:10E3E00041EB63510891520D0E9952058A1A6CEB5C
:10E3F000030C0F9B099213F58012109B4FEA5251A8
:10E4000043F1000341EAC32109180E9125990398AD
:10E4100041EB63511F91520D0F9952058A1A0F92C9
:10E42000109A62EB03031093119B13F58012129B59
:10E430004FEA525143F1000341EAC32109182091E8
:10E440002699059841EB63512191520D119952057E
:10E450008A1A1192129A62EB030312930A9B139A7F
:10E4600013F5801342F10002590D41EAC221091847
:10E4700002910699279841EB625105915B0D0A992B
:10E480005B05CB1A2593139B63EB02031393049B49
:10E4900013F58011149B4FEA515243F1000342EAF5
:10E4A000C3221218039246EB63520692490D049A56
:10E4B000099E4905521A0492149A62EB0303159AB5
:10E4C00007931AF5801342F100015C0D229A44EA89
:10E4D000C124E4194FEA535342EB61585B05159A86
:10E4E000BAEB030362EB0101D34AABFB0250AF1955
:10E4F00002FB0E00D14E40EB0C000A90DDF820C06C
:10E50000ABFB065015EB090906FB0E0040EB0C0AAD
:10E51000DFF82CC30F9EABFB0C50AD190F95109D6F
:10E520000E9A0CFB0E0040EB05001090C548CBF195
:10E53000000500FB0E5CABFB0060B6181F9A0E9640
:10E54000604440EB0202DFF800C31492119AABFB67
:10E550000C60B2181192129ABC4E0CFB0E0040EBEC
:10E5600002021292209A06FB0E55ABFB0606821899
:10E570000892219ADFF8C8B2354445EB02020992AD
:10E58000AD4A1E9DA4FB026E02FB08EE0B9AB61864
:10E590004EEB050EA94D0F9AA4FB050C05FB08CC0C
:10E5A0000A9DC0194CEB050CA4FB0B7517EB090772
:10E5B0000BFB08550A97A34FDDF840B045EB0A0A5C
:10E5C000654207FB0859CDF82CA0A4FB077ACA4482
:10E5D000DFF87492BF184AEB0B0A4A46A4FB09B94C
:10E5E00002FB08990E9A1BEB020B149A49EB0209E5
:10E5F000CDF83890DFF85492119A09FB0855A4FB26
:10E600000948A2180F92129A8C4C454445EB02021D
:10E610001092894ADDF83480A3FB025902FB01996C
:10E620000C9AAD1849EB08092246A3FB0448A4192B
:10E63000834E02FB018848EB0E083246A3FB06E638
:10E640001EEB000E02FB016646EB0C067D480D96A4
:10E650005E4200FB016CCDF830E00A9AA3FB000E8D
:10E66000E644DDF82CC080184EEB0C02DFF8D8C170
:10E6700011926246A3FB0CEC02FB01CC7246D71947
:10E680004CEB0A0CDFF8C4A1039A0AFB0166A3FB5A
:10E690000A3113EB0B0E0E9BCDF828E00E4446EB2F
:10E6A00003030B93644BDDF818E0DFF894B1A2FB91
:10E6B000036A03FB0EAA1C9BDDF874E05F4AF618A0
:10E6C000039B4AEB0E0ADDF818E0A3FB021302FBE2
:10E6D0000E334D1943EB0909039BA3FB0B130A19D6
:10E6E0000BFB0E3343EB080E039B0E92CDF848E074
:10E6F000039ADDF818E053495B4201FB0E34A2FB9C
:10E7000001180C9ADDF834E08918A0444E4A039CA5
:10E7100048EB0E08DDF818E0A4FB02B402FB0E443F
:10E72000119A1BEB000B44EB020E4848069C039A1F
:10E7300000FB0433A2FB0020D219034443EB0C0777
:10E740000C973D4B049F07980692A7FB037203FBAF
:10E7500000222E9B0498394CFF182F9BDDF81CC01B
:10E7600042EB0302A0FB04309B1904FB0C00049E47
:10E77000DFF8CCC00D9340EB0A00DDF81CA00E9B27
:10E78000A6FB0C6475190CFB0A4444EB0909049CB4
:10E790002C4E1195654206FB0A5CCDF85090A146BF
:10E7A000A4FB0646E418129BDFF89CA0664446EBE7
:10E7B0000306079BA9FB0A9C0AFB03CC19EB010388
:10E7C0004CEB0808CDF848802049DDF81C800E93FA
:10E7D00001FB0855DDF81080174BA8FB011C11EB5D
:10E7E0000B08654445EB0E0ECDF810E0DDF808E0AF
:10E7F000CDF80C80DDF81480104DDDF814B0DFF892
:10E8000040C0AEFB031E03FB08EE1A9BDDF86C80D4
:10E81000C9184EEB080EDDF808800D9BA8FB058992
:10E8200018EB0708029F05FB0B9949EB0209A7FBB0
:10E830000C27D2180CE000BF132C0A00182D07007B
:10E8400067FB090053C6F0FFD11502008390F5FF66
:10E850000CFB0B77DDF808B0029D059B47EB00072A
:10E86000DF48CBF1000B00FB03B3A5FB00C018444D
:10E87000119B1CEB030C149B40EB030307935046C6
:10E88000A5FB0A35DDF814A01B1900FB0A5545EB62
:10E890000605D44E06FB0ABBDDF808A00E98AAFBBD
:10E8A0000664361812985C4444EB0004029411F597
:10E8B00080144EF1000B4FEA545A4AEACB2A640DF9
:10E8C0001AEB08084FEA445449EB6B59091B0D91A8
:10E8D0006EEB0B010E9112F5801147F100044FEA27
:10E8E000515E0798DDF80CB04EEAC42E490D1EEBC0
:10E8F0000C0C4FEA415140EB6450511A059167EB03
:10E900000401079113F5801145F100044A0D029F9F
:10E9100042EAC422490D92194FEA415147EB645E25
:10E92000591A119165EB040112910399069D0C9FF0
:10E930000F9E11F58013049941F10004590D41EA2D
:10E94000C4215B0D49194FEA435347EB6457BBEBB6
:10E95000030BCDF80CB0DDF810B06BEB040BCDF869
:10E9600010B0DDF828B01BF58014DDF82CB04FEAAC
:10E9700054534BF1000543EAC523DDF840B09B1921
:10E980004BEB655BCDF830B0640DDDF828B0259E0B
:10E990006405BBEB040BCDF828B0DDF82CB06BEBB5
:10E9A000050BCDF82CB0DDF820B01BF58015DDF897
:10E9B00024B04FEA55544BF1000A44EACA24A41982
:10E9C0000294DDF84CB0059C4BEB6A566D0DDDF8FA
:10E9D00020B06D05BBEB050BCDF83CB0DDF824B0E5
:10E9E0006BEB0A0B18F58015CDF824B04FEA555A99
:10E9F00049F1000B4AEACB2A1AEB040ACDF840A0F1
:10EA0000DDF81CA0119C4FEA55554AEB6B5A6D0579
:10EA1000CDF84CA0B8EB050A69EB0B0B1CF5801583
:10EA200040F100094FEA555848EAC92818EB040894
:10EA3000CDF84480DDF84880039C4FEA555548EBFB
:10EA400069586D05CDF84880BCEB0508CDF85080BD
:10EA500060EB090812F580104EF1000C450DCDF861
:10EA6000548045EACC25DDF810802D194FEA50502E
:10EA700048EB6C584005CDF81880B2EB00080395C0
:10EA8000CDF868806EEB0C0811F5801547F1000099
:10EA90000A9CCDF86C806A0DDDF82C8042EAC02219
:10EAA0006D0D12194FEA455548EB6058491B059109
:10EAB00067EB000108910C990F9CCDF81C8013F5B1
:10EAC000801741F10000790DDDF82480049241EABD
:10EAD000C0217F0D09194FEA475748EB6055DB1BF2
:10EAE0000C9F414A029C67EB00002C9FDDF8389098
:10EAF000A4FB02C81CEB070C2D9F3C4C02FB0688B4
:10EB000048EB0708029FA7FB047E04FB06EE0D9C62
:10EB10003F194EEB090ECDF828E0DDF80890DFF83C
:10EB2000D0E07446A9FB0E9E19EB0A0904FB06EE21
:10EB3000029CDFF8ACA0CDF82C904EEB0B0ECDF87C
:10EB400030E0C4F1000E0AFB06E9A4FB0AABD9448D
:10EB5000DDF840B01AEB0B0BDDF84CA049EB0A09CD
:10EB6000CDF83490DDF808A0DFF888904C46AAFB79
:10EB700009A904FB0699149C1AEB040A159C49EB9D
:10EB80000409184C04FB06EE2646029CA4FB06462C
:10EB9000B644119EA419129E02944EEB06060996E5
:10EBA000A1FB026402FB0544249AB618199A44EBAF
:10EBB00002020E4C0E922246A1FB044E14EB0C04F2
:10EBC00002FB05EE4EEB080EDFF82480CDF83CE0AA
:10EBD000A1FB08EC1EEB070710970A9F0CE000BF93
:10EBE00053C6F0FF8390F5FF132C0A00182D070081
:10EBF00067FB0900D1150200DFF850E308FB05CCE4
:10EC00004CEB07070A974F420EFB057CA1FB0EE871
:10EC1000C444DDF82C801EEB0808DDF830E04CEB36
:10EC20000E0EDFF82CC3CDF82CE06246A1FB0CECF5
:10EC30001EEB0B0BDDF834E002FB05CC4CEB0E0CAD
:10EC4000CDF830C0DFF80CC3C34A0CFB0577A1FB3D
:10EC50000C152F4411EB0A050D9547EB0905A3FB95
:10EC6000027C02FB00CC2A9ABC4911952B9DDFF84F
:10EC7000F092DFF8D8A2BF184CEB050CA3FB015EA5
:10EC8000AD190E9E01FB00EE4EEB060EA3FB0961D3
:10EC900032190E920F9A09FB001141EB02025C42FD
:10ECA0000AFB00460F92A3FB0A19109AB1440A9E70
:10ECB000891849EB0602A64E10923246A3FB06A61F
:10ECC0001AEB0808DFF88CA2914602FB00660B9A4B
:10ECD0000AFB0044A3FB0A3046EB020613EB0B03CE
:10ECE0000A930C9B9C4ADFF874B2044444EB030380
:10ECF0000B93049BA3FB024A079B02FB03AA179BEF
:10ED0000079AE418189B4AEB030A049BA3FB0B30F9
:10ED10000BFB0200DB1940EB0C07049A904883467A
:10ED2000A2FB00C0079A1CEB05050BFB02000C952B
:10ED3000049A40EB0E0512958448079DC2F1000C21
:10ED400000FB05CEA2FB00050E9A80180F9A7544B1
:10ED500045EB0205CE464A46DDF81090A9FB0EEBC6
:10ED6000DDF81C9002FB09BB109A1EEB010E4BEB69
:10ED700002097849DDF81CB0049A01FB0BCCA2FB18
:10ED800001218C4412EB08014CEB0606724A0E96E8
:10ED9000059E0791A6FB02C1089EDFF8C081DDF841
:10EDA00020B002FB0611289E299A1CEB060C059E3A
:10EDB00041EB0201A6FB082608FB0B66121946EB85
:10EDC0000A04059EDFF898A10F92A6FB0A860AFBAB
:10EDD0000B6618EB0303109346EB07031393059B95
:10EDE000059E0C9A5F42594B03FB0B78A6FB03363A
:10EDF0009B18129ADFF858B10C934644DDF8148042
:10EE000046EB0206089AA8FB0BA80BFB02881AEB3C
:10EE1000000248EB050514954E48089D129200FB30
:10EE20000577059D4C4AA5FB00052F4410EB0E0508
:10EE3000049547EB09050595039D484FA5FB02097D
:10EE4000069D02FB0599239A169D801849EB05093A
:10EE5000039DDDF818E0DDF818800F9AA5FB07A5E3
:10EE60001AEB0C0A07FB0E55DFF8F4C0DDF80CE0D6
:10EE700045EB0105AEFB0C1E0CFB08EEDDF80C802B
:10EE800089184EEB040EC8F1000C304CDDF81880E8
:10EE900004FB08C2DDF80C805B46A8FB0484DDF8A7
:10EEA00040B01444139A18EB0B0844EB0204039A85
:10EEB0009B46A2FB0327069B0BFB03770C9BD218F8
:10EEC00047EB0607069B234E06FB03CC039BA3FBE5
:10EED00006636344DDF848C016EB0C0C149E43EB4C
:10EEE000060310F58016039349F1000B730D43EAF6
:10EEF000CB23760D13EB0A034FEA465645EB6B55D1
:10EF0000B0EB060A69EB0B0911F580104EF1000613
:10EF1000CDF820904FEA505949EAC629400D19EB27
:10EF200008084FEA405044EB6654B1EB00096EEB21
:10EF3000060E12F5801147F100004E0DCDF83CE0B1
:10EF400046EAC026DDF80CE00CE000BF53C6F0FF37
:10EF5000D11502008390F5FF132C0A00182D07002D
:10EF600067FB0900CDF83090490D16EB0C064FEA0F
:10EF700041514EEB6059B2EB010ECDF840E067EB2A
:10EF8000000ECDF848E0DDF810E0079FCDF818A09E
:10EF90001EF58012DDF814E04FEA52504EF10001E8
:10EFA00040EAC120DDF838E0C0194EEB615A520D3D
:10EFB000DDF810E003905205BEEB020ECDF81CE028
:10EFC000DDF814E06EEB010ECDF814E0DDF828E07A
:10EFD0000D981EF58012DDF82CE04FEA52514EF1EB
:10EFE000000741EAC721DDF844E009184EEB675EEF
:10EFF000CDF810E0520DDDF828E01A985205BEEB6E
:10F00000020ECDF828E0DDF82CE06EEB070ECDF80F
:10F010002CE0DDF808E01EF58017DDF824E04FEA6B
:10F0200057524EF1000C42EACC221218DDF86CE087
:10F0300002984FEA57574FEA47574EEB6C5EC01B9A
:10F040000290099860EB0C0013F5801745F1000B56
:10F0500009904FEA575C0C984CEACB2C1CEB000053
:10F060000C904FEA57570F984FEA475740EB6B50B9
:10F07000DB1B65EB0B0B0E9318F5801344F10007B7
:10F080000D905D0D109845EAC7252818129D0F9028
:10F090004FEA535345EB67555B051095B8EB0305F5
:10F0A000119564EB070516F58013079812954FEA42
:10F0B000535449F10005DDF8148044EAC5242018B2
:10F0C0004FEA535348EB65585B05CDF81480B6EB17
:10F0D00003080790CDF84C80039B0A98DDF82C803C
:10F0E00069EB050513F5801314954FEA53544AF163
:10F0F000000544EAC524201815904FEA535303989D
:10F1000048EB65585B05CDF82C80B0EB03086AEB43
:10F1100005051695049DCDF80C8011F5801345F179
:10F120000004580D029D40EAC4204019099D029038
:10F130004FEA535345EB64555B051795CD1A189567
:10F14000049D65EB040512F580114FEA51534FEA17
:10F1500051514FEA41514EF100000495551AE44ACD
:10F16000E449199543EAC0234FEA6058A3FB0267BC
:10F1700002FB0877069AE04C6EEB0005B618089A79
:10F18000DE481A9547EB02070E9DDDF834E0A3FB3D
:10F1900001C201FB08220C991CEB050CA3FB0059D2
:10F1A00042EB0B0200FB08996D18C3F1000A04FB47
:10F1B00008A149EB0E09A3FB044E8E441199DFF818
:10F1C00040B30692641812990F9A4EEB010EA3FBFE
:10F1D0000B018018109A0BFB081141EB0201C94A80
:10F1E00002FB08AAA3FB02835344DDF84CA0149A47
:10F1F00018EB0A084FEA565A43EB02034AEAC72AB9
:10F20000069A1AEB0C0AC6F314060A9642EB6752EA
:10F210004FEA5A5646EAC226761949EB6252750DF4
:10F2200045EAC2252D194EEB62526C0D44EAC22408
:10F230002018C5F3140541EB62510995450D45EAC7
:10F24000C12515EB080543EB6152C0F3140C079B75
:10F25000CDF820C06C0DDDF814C044EAC224E418D7
:10F260004CEB6252039B600DC5F3140B40EAC220C5
:10F27000169DC01845EB6252159BC4F31405410D51
:10F28000079541EAC2210B9DC91845EB6252189BB4
:10F29000C0F31405480D069540EAC220049DC0182D
:10F2A00045EB6252029BC1F31405410D059541EAFD
:10F2B000C221179DC91845EB62524B0DC0F31405CE
:10F2C0001998049543EAC2231A9D1B1845EB625214
:10F2D000C1F314050395580DC3F31405844B02952F
:10F2E00040EAC220A0FB034C521503FB02CC0A9B50
:10F2F000E418804BCAF31407A0FB03E14CF1000CA7
:10F3000003FB02111EEB070E41F100030A937B4B36
:10F310000999A0FB037903FB0299774B4542C6F399
:10F320001406BF1903FB025AA0FB033649F100097A
:10F330005B1873494AEB060AA0FB016801FB0288CF
:10F34000089976186F4901FB0255A0FB010248F1AC
:10F35000000810EB0B0045EB0205620D0A9942EA2A
:10F36000CC2212EB0E0241EB6C514FEA525C4CEA9C
:10F37000C12C1CEB070C49EB61514FEA5C5747EA83
:10F38000C127FF184AEB61517B0D43EAC1239B194A
:10F3900048EB61515E0D46EAC126361845EB6151D6
:10F3A000700D079DDDF81480DDF81090DDF80CA0DD
:10F3B00040EAC12040194FEA615141F10001450D79
:10F3C0004FEA615E45EAC12506996D184EF10001CC
:10F3D0004FEA555E4EEAC12E1EEB08084FEA615116
:10F3E00041F100014FEA585E4EEAC12E1EEB0909B9
:10F3F0004FEA615141F100014FEA595E4EEAC12ED8
:10F400001EEB0A0A4FEA6151C9F3140E41F10001E3
:10F410004FEA5A5949EAC129029919EB01090199A0
:10F42000C4F314040C70DDF804B0C2F31402210A12
:10F430008BF80110510141EA14418BF80210D108F8
:10F44000CCF3140C8BF80310D10A8BF804104FEA9C
:10F450008C0141EAD242C7F314078BF805204FEA2A
:10F460009C128BF80620FA0142EA9C328BF80720A6
:10F470007A08C3F314038BF808207A0A8BF8092062
:10F480001A0142EA57428BF80A201A09C6F31406F9
:10F490008BF80B201A0B8BF80C20B21942EA13538D
:10F4A000C0F314008BF80D30F3098BF80E30830194
:10F4B00043EAD6338BF80F308308C5F314058BF875
:10F4C0001030830A8BF81130EB0043EA9043C8F305
:10F4D00014088BF812306B098BF813304FEA18239D
:10F4E0008BF816304FEA4E1343EA18430CE000BF86
:10F4F000132C0A00182D070053C6F0FF67FB090004
:10F50000D11502008390F5FF8BF817304FEADE0328
:10F51000CAF3140A8BF818304FEADE238BF819303F
:10F520004FEA8A0343EADE438BF81A304FEA9A1314
:10F530008BF81B304FEAC91E4FEA59036D0B4EEA98
:10F540009A3E8BF81D304FEA59234FEA59498BF800
:10F5500014508BF815808BF81CE08BF81E308BF85C
:10F560001F9039B0BDE8F08FB0F85431B0F8502199
:10F57000981A00F03F007047B0F85431B0F85021AD
:10F580009BB293421ABFD0F84831985C4FF0FF30DD
:10F59000704790F85231B0F85601C0B2834227BF8D
:10F5A000C3F13F03C018C01A00F1FF30704707B520
:10F5B00003688DF807105B6801220DF10701984779
:10F5C00003B05DF804FB13B50DF107010446E8F73D
:10F5D0000FF890B9B4F8C030B4F8BC20013303F090
:10F5E0003F03934209D0B4F8C020D4F8B4109DF87A
:10F5F000070092B28854A4F8C03002B010BD0000D9
:10F60000B0F8C220D0F8C41011FA82F202F03F0222
:10F6100010B5A0F8C220B0F8C210B0F8BE2089B270
:10F620008A421BD0B0F8C240B0F8C210A4B2403237
:10F63000121B544289B204F03F0402F03F02C1F1B0
:10F64000400158BF62428A4228BF0A46C0F8C4201F
:10F650000349E8F709F84FF0FF3010BD0020FCE740
:10F6600001F6010803682DE9F0479B6804468846C7
:10F670001646984701232374D4F83831B4F85291D0
:10F6800001338246C9F1400904F1940708D194F886
:10F690005C312BB1002384F85C313846E8F706F87A
:10F6A000236820469B6898470028F9D035464D4589
:10F6B00023D8554521D8B4F85221D4F84C01531918
:10F6C000402B10442FD82A46414604F0F6FDA946A7
:10F6D000B4F852311D4405F03F05A4F852513846A4
:10F6E000E7F712FF30B91749C4F858914A4638462F
:10F6F000E7F7BAFF3046BDE8F087D145236828BF59
:10F70000D1464A4641465B682046984723682046D2
:10F710009B689847A5EB0905C844B4F85291824606
:10F72000C9F14009C3E7C2F140094A46414604F025
:10F73000C4FDD4F84C01A5EB090208EB090104F063
:10F74000BCFDC5E701F60108C0F83C31009BC0F8DC
:10F750004031914208BF4FF0FF3100F11103C0E981
:10F760004D21C0F8483100F151020023A0F8543176
:10F77000C0E95323A0F8563170470000F7B54FF4A5
:10F780007A7317460022C0E901231C4B03604FF037
:10F79000FF33C0F838311A4B1A4E04469C42706948
:10F7A0000D4605D1B369C4F83831C4F834010AE014
:10F7B0001549E7F751FB854215D1B369C4F83831D3
:10F7C0007369C4F83431012F4FF0FF3308BFC4F818
:10F7D000383100932046D4E94D214FF0FF33FFF735
:10F7E000B3FF03B0F0BD09492846E7F746FB0649D9
:10F7F000C4F838012846E7F740FBD6E72408030899
:10F8000044370020D46402087462020820620208AF
:10F81000037C70B504460D46A3B1E1F73FFE0646F2
:10F82000B4F85221B4F856319BB29A420AD0002D56
:10F83000F8D0E1F733FE801B8542F1D8B4F8563199
:10F84000A4F8523170BD0021FFF7E2BFD0F8383183
:10F85000013310B504460ED10368DB68984794F86D
:10F860005C3143B9012384F85C3104F19400BDE8B4
:10F870001040E7F72BBF10BD02F00703023BDBB2DD
:10F88000042B73B50546C0F8601180F85D219CBF5C
:10F890001548C45C02F0300388BF0024302B1BD114
:10F8A00001344FF4C063073C022C1CD8C2F3C002E1
:10F8B000520300920D4A05F1940652F82420304676
:10F8C000E7F7ECFD2846FFF7C1FF0949304602B0D3
:10F8D000BDE87040E7F7A8BE12F020031CBF01345A
:10F8E0004FF48063DFE7FEE7140803080808030805
:10F8F000C7F5010810B50446FFF7A8FFB4F8542176
:10F90000B4F8503192B29A421FBFD4F84821D05C6B
:10F91000013303F03F0314BFA4F850314FF0FF3020
:10F9200010BD0000024903480022FFF727BF00BFB7
:10F93000003801404437002070B505460C460846A3
:10F9400049B1E1F7A5FC2B680246214628465B68D1
:10F95000BDE87040184770BD08B5FFF7EDFF08BD62
:10F9600003681B681847000008B50249FFF7E4FF69
:10F9700008BD00BF4808030838B50546FFF7DCFF9F
:10F9800004462846FFF7F0FF204438BDFFF7F4BFD8
:10F9900070B50D46144630B1461E012E05D81146ED
:10F9A0002846E7F7C3FD204670BD03685B689847AB
:10F9B000F9E70EB403B503AA52F8041B019204F050
:10F9C000D9FA02B05DF804EB03B0704730B58BB0E4
:10F9D0000023012A0C468DF8243098BF0A2209A979
:10F9E0002546B4FBF2F404FB125303F0FF03092B8A
:10F9F00094BF30333733DBB2AA4201F8013DEFD96F
:10FA0000FFF79AFF0BB030BD2DE9F04107460E46D7
:10FA100014462AB90368BDE8F0411B68C9B218470B
:10FA20000A2A05D1002905DBBDE8F041FFF7CEBF6A
:10FA3000D2B2F9E72D21FFF793FF22460546714226
:10FA40003846FFF7C3FF2844BDE8F08138B50546C6
:10FA5000FFF7DAFF04462846FFF786FF204438BD4B
:10FA600010B5044600F022FCE060236820465B6984
:10FA70009847002808DA00F019FCE368C01AA36868
:10FA80009842F2D34FF0FF3010BDF8B507460D464F
:10FA90008E180C46B44201D1601BF8BD3846FFF702
:10FAA000DFFF031EF8DB04F8013BF3E72DE9F0412B
:10FAB0000746884616461D4673B100243846FFF7B0
:10FAC000CFFF031E05DB434503D033550134A54268
:10FAD000F4D12046BDE8F0811C46FAE711480368DE
:10FAE0001A0912F00C0F10B519D10F4902F00F02CC
:10FAF00051F822209AB141680C4C03F00F03002901
:10FB000054F823300CD0C4BF01F1FF31416051697A
:10FB100001EA030023EA010343EA0043936110BDB5
:10FB20009362FCE75C01002008000020FC650208ED
:10FB30002DE9FF41364D1A282B680E4614461FD872
:10FB4000344A52F8207043B9B420E6F788FC3249B1
:10FB50008046E6F7EBFBC5F80080781C1DD02F4BE4
:10FB60001A68511C01D0BA4217D1B6F5803F14D2A1
:10FB70000EBB286888B104B0BDE8F041E6F788B94B
:10FB800000F0C002C02A0BD03BB9B420E6F767FCF6
:10FB900021490446E6F7CAFB2C6004B0BDE8F081B9
:10FBA000C728F1D81E4A00F03F0052F82010194A29
:10FBB00052F82170C7E776001F6034B374434FF4E6
:10FBC0007A72B4FBF2F4012138465C60E7F79EF8E4
:10FBD000286802223146E6F747FB00230193114BC8
:10FBE0000093114B03932868104B02936946E6F784
:10FBF000E5FB029B1BB1694603220846984728682B
:10FC000004B0BDE8F041E6F730BA4FF0FF34DAE770
:10FC1000A8380020D4640208004401405C010020A0
:10FC2000B4640208DDFA0108256A0008056A0008C4
:10FC30001A2838B523D81B4B53F820305A1C1DD036
:10FC4000194D2A689A4219D1184C2068B0B129B3CD
:10FC5000E6F730FB2868431C05D00021E7F756F88B
:10FC60004FF0FF332B60256835B12846E6F764FA7C
:10FC7000B4212846E6F7F7FB0023236038BD00F0E7
:10FC8000C003C02BFAD1C728F8D8094B00F03F00B9
:10FC900053F82020034B53F82230CFE7BDE838401B
:10FCA000E6F7F6B8D46402085C010020A83800200A
:10FCB000B4640208C3B21A2B16D8144A52F823307F
:10FCC00000F4E06003431A0912F00C0F1DD1104933
:10FCD00002F00F0251F82200B8B103F00F03012126
:10FCE000994089B2E6F7A6BE00F0C002C02A0CD146
:10FCF000C72B0AD8074B00F03F0200F4E06053F82E
:10FD00002220024B53F82230DCE77047D46402080B
:10FD100008000020B4640208F0B5C3B21A2B85B005
:10FD20000F46154628D8214A52F8233000F4E064E3
:10FD30001C43C4F30310E6F7A5FB0646D0B1022D21
:10FD40002ED0032D2FD0002D0CBF4FF404154FF4EF
:10FD5000881539466846E6F7FEFA04F00F040121DB
:10FD6000A14030462B466A4689B2E6F7DDFE68467A
:10FD7000E6F785F805B0F0BD00F0C002C02A0CD14E
:10FD8000C72B0AD80A4B00F03F0200F4E06453F896
:10FD90002220064B53F82230CAE74FF0FF34C8E761
:10FDA0004FF44415D5E74FF40415D2E7D4640208A4
:10FDB000B464020808B102F0B1BF704710B5044640
:10FDC00028B102F0D9FF90FBF4F303FB14042046A2
:10FDD00010BD884210B5044603DA081AFFF7EEFF9B
:10FDE0000444204610BD7047F0B503468BB008466A
:10FDF00061B3911E222935D80A2A06D1002B04DAD4
:10FE00005B42012701AD29460DE00027FAE7B3FB6D
:10FE1000F2F602FB1633092BDCB21BD83033DBB20F
:10FE200001F8013B3346002BF1D1A94210D0034623
:10FE300017B12D2203F8012B5C1E0A46AA420CD8EA
:10FE40004A1B8D4288BF0022002199540BB0F0BD9F
:10FE50001E46E3E704F15703E1E712F8016D04F8E9
:10FE6000016FEBE70020F1E708B50320E1F744FF5D
:10FE7000BDE8084000F03ABA08B5AFF30080EAF7F1
:10FE8000D1FCEAF75BFD00F023FAFAE7030902462A
:10FE900013F00C0010B50DD1074BD1B253F8044B41
:10FEA0008C4203D102F4E062104310BD01301B28E4
:10FEB000F4D1FAE71B20F8E7D464020810F0F80F39
:10FEC00010B5024618D11A48D1B250F8211002F4E8
:10FED000E0630B43C9B21A2919D903F0C004C02C3E
:10FEE00001D1C7291CD9A2F1C803022B94BF02F685
:10FEF00039704FF0FF3012E000F0C003C02BF2D198
:10FF0000C3B2C72BEFD80A4802F03F01DDE709482A
:10FF100050F8210003F4E0631843431CE3D010BD04
:10FF200003F03F0150F82100024951F82000F1E7A9
:10FF3000B4640208D46402080D488546E6F7BEFFA3
:10FF40000C480D490D4A002302E0D458C450043334
:10FF5000C4188C42F9D30A4A0A4C002301E013600A
:10FF60000432A242FBD304F079F9FFF785FFFEE7E4
:10FF7000000001200000002050030020100D0308A5
:10FF800050030020183B0020FEE791420FD008D913
:10FF9000891A01238B40984208D30130C8400138A8
:10FFA000704720B10130521A9040F8E700207047A6
:10FFB000431E1F2B0ED80C280DDC06280DDD08284B
:10FFC0000DDD0A28CCBF0C230A23064A1060064A1E
:10FFD00013607047FEE70C23F7E70623F5E70823D5
:10FFE000F3E700BF680100206401002010B5FFF7AF
:10FFF00065FF431C0AD0064C2168E6F7F9FA054B69
:020000040802F0
:1000000021681A68BDE81040FFF7BFBF002010BD8F
:100010006401002068010020C3B21A2B2DE9F041D1
:100020000D462AD82C4A52F8233000F4E0641C43D1
:10003000621C4ED0294EC4F3031704F00F0856F883
:10004000273023FA08F3DB0710D525492046E6F7C9
:100050004EFE18B32046E6F77BFA56F82730012209
:1000600002FA08F223EA020346F82730052D1FD8CA
:10007000DFE805F01F2B2527292D00F0C002C02A3C
:1000800027D1C72B25D8174B00F03F0200F4E064BE
:1000900053F82220104B53F82230C8E7124920466B
:1000A000E6F725FE0028D8D02046E6F79DFBD4E7EA
:1000B000FEE700212046BDE8F041E6F727BE10210B
:1000C000F8E72021F6E70321F4E70121F2E709210F
:1000D000F0E7BDE8F08100BFD4640208AC3800202E
:1000E00030640208B4640208BC620208C3B21A2B6E
:1000F0001BD8174A52F8233000F4E0601843431C21
:1001000025D0030913F00C0F04BF124A03F00F03AC
:1001100000F00F0008BF52F823300F4A18BF002329
:1001200052F8202091B19A61704700F0C002C02AB5
:100130000DD1C72B0BD8094B00F03F0200F4E06053
:1001400053F82220024B53F82230D7E79A627047C7
:10015000D464020808000020FC650208B4640208A8
:10016000C3B21A2B1BD8194A52F8233000F4E060AE
:100170001843431C24D0030913F00C0F22D103F0C1
:100180000F03134A00F00F0052F82320114B12699D
:1001900053F8203093430CBF01200020704700F03B
:1001A000C002C02A0CD1C72B0AD80B4B00F03F026B
:1001B00000F4E06053F82220044B53F82230D7E7D4
:1001C0000020704700231B69FFDE00BFD4640208D3
:1001D00008000020FC650208B46402082DE9F84319
:1001E000C3B21A2B0C46154610D82D4A52F82330AC
:1001F00000F4E0601843000903F00F03012610F03B
:100200000C0F06FA03F612D0002715E000F0C0022A
:10021000C02A2BD1C72B29D8224B00F03F0200F473
:10022000E06053F822201E4B53F82230E2E71E4BC9
:1002300000F00F0053F82070002C18BF344600F077
:1002400037F880463B693340A34212D03B693340C4
:10025000A34217D100F02CF881463B693340A342FA
:1002600017D000F025F8A0EB090009E04FF4004694
:10027000CAE700F01DF8A0EB0800A842E2D9002070
:10028000BDE8F88300F014F8A0EB0800A842DDD91F
:10029000F5E700F00DF8A0EB0800A842DDD9EEE785
:1002A000D4640208B464020808000020E6F7EEBA3D
:1002B000E6F7C8BA38B5044648B1E6F7E7FA0546A6
:1002C000FFF791FDE6F7E2FA431BA342F8D338BDEE
:1002D00008B5044B2BB10448FFF746F908B1AFF35A
:1002E000008008BD0000000044370020E6F778BB1E
:1002F000430803F05533C01A830803F0333300F08A
:100300003330184400EB101000F00F3000EB0020E9
:1003100000EB0040000E70472DE9F047089D0C46A9
:10032000002B4ED194468C458646B2FA82F262D9B1
:100330004AB1C2F12003914020FA03F30CFA02FC07
:10034000194300FA02FE4FEA1C471FFA8CF6B1FB74
:10035000F7F44FEA1E4307FB141143EA014304FB81
:1003600006F199420AD91CEB030304F1FF3080F037
:100370001281994240F20F81023C6344591A1FFADC
:100380008EF3B1FBF7F007FB101143EA014300FBCA
:1003900006F69E420AD91CEB030300F1FF3180F000
:1003A000FC809E4240F2F980634402389B1B40EA85
:1003B000044000211DB1D3400022C5E90032BDE850
:1003C000F0878B4205D90DB1C5E90001002108462F
:1003D000F5E7B3FA83F1002946D1A34202D3904254
:1003E000C0F0F080861A64EB03030120002DE6D0F4
:1003F000C5E90063E3E7002A40F09080A1EB0C041C
:100400004FEA1C481FFA8CF70121B4FBF8F64FEABB
:100410001E4308FB164443EA044307FB06F09842D8
:1004200008D91CEB030306F1FF3402D2984200F214
:10043000CD8026461C1A1FFA8EF3B4FBF8F008FB99
:10044000104443EA044300FB07F79F4208D91CEB22
:10045000030300F1FF3402D29F4200F2B080204635
:10046000DB1B40EA0640A5E7C1F120068B4022FADB
:1004700006F71F4320FA06FC04FA01F343EA0C03D3
:10048000F44000FA01F8380C4FEA1349B4FBF0FECF
:100490001FFA87FC00FB1E4449EA04440EFB0CF9DA
:1004A000A14502FA01F20AD93C190EF1FF3A80F097
:1004B0008480A14540F28180AEF1020E3C44A4EB61
:1004C00009041FFA83F9B4FBF0F300FB134449EA73
:1004D000044403FB0CFCA44507D93C1903F1FF308D
:1004E00067D2A44565D9023B3C4443EA0E40A0FBD9
:1004F0000293A4EB0C049C42CE469C4651D34ED0B2
:1005000055B1B8EB0E0364EB0C0404FA06F6CB40CD
:100510001E43CC40C5E90064002150E7C2F120032E
:1005200020FA03F10CFA02FC24FA03F394400C4382
:100530004FEA1C4800FA02FE1FFA8CF7B3FBF8F0F2
:1005400008FB1031230C43EA014300FB07F19942F9
:1005500008D91CEB030300F1FF362CD299422AD9AB
:10056000023863445B1AA4B2B3FBF8F108FB113301
:1005700044EA034401FB07F3A34208D91CEB04043B
:1005800001F1FF3613D2A34211D902396444E41AAF
:1005900041EA004139E70446F0E6084606E7C84567
:1005A000AED2B9EB020E63EB070C0138A8E7314677
:1005B000EDE7034699E73046D4E7D6467FE7634444
:1005C00002384DE70646234608460FE7023E6344DD
:1005D00030E700BF08B502F0D5FA00002DE9F04180
:1005E0001C46454B836701231646A0F87C300D4618
:1005F00068220021DDF81880074603F01EFDF3B2E3
:100600001A2B28D83D4A52F8233006F4E0661E43E0
:10061000EBB21A2BBE6632D8384A52F8233005F4B2
:10062000E0651D43E3B21A2BFD663CD8334A52F80D
:10063000233004F4E0641C435FFA88F21A2A3C6712
:1006400045D82E4951F8222008F4E06313437B6714
:100650003846BDE8F08106F0C002C02A0CD1C72B95
:100660000AD8274B06F03F0206F4E06653F8222032
:10067000224B53F82230CAE74FF0FF36C8E705F0A7
:10068000C002C02A0CD1C72B0AD81D4B05F03F026F
:1006900005F4E06553F82220184B53F82230C0E7E8
:1006A0004FF0FF35BEE704F0C002C02A0CD1C72BC3
:1006B0000AD8134B04F03F0204F4E06453F82220FC
:1006C0000E4B53F82230B6E74FF0FF34B4E708F092
:1006D000C003C02B0CD1C72A0AD8094B08F03F022F
:1006E00053F82210054A08F4E06352F82120ADE7E0
:1006F0004FF0FF33ABE700BF00093D00D4640208B0
:10070000B4640208002210B4054910BC80F85D20D2
:100710000123816780F87C3080F87D2000F078B874
:1007200000093D0017B46B4683E80600816F009A0C
:100730009142044605D1B0F87C10BDF804209142E6
:100740000ED000989B88A067A4F87C3094F87C3089
:1007500094F87D20A16F204603B010BC00F058B87B
:1007600003B010BC7047704700F08CB907B5002A81
:100770008DF807100DF107014FF001030CBF0A4679
:10078000002200F0C1F99DF8070003B05DF804FBFA
:1007900007B51B230093C222C123C5210248FFF7DE
:1007A0001DFF03B05DF804FBBC38002030B591FAA2
:1007B000A1F391FAA1F1B3FA83F3C4685B000325B6
:1007C000B1FA81F105FA03F3490024EA03038A40F0
:1007D0001A43C26030BD0000094A0346106873B175
:1007E000084A934201D1E3F729BC074A934201D159
:1007F000E3F714BC054A934201D1E3F7FDBB704710
:100800004000002000300140003800400000015846
:100810002DE9F04F0E4685B015461F4604460028C8
:1008200038D0626E8E4BC06E9A4236D08D49E6F754
:1008300013FB8D498146A06EE6F70EFB8B4983467C
:10084000206FE6F709FB8A498046606FE6F704FBF4
:100850008246B9F1000F1DD0BBF1000F1AD0B8F1DC
:10086000000F17D059464846E6F71DFB5146814612
:100870004046E6F718FB014680464846E6F713FB7C
:100880006066B9F1000F05D0B8F1000F02D0002862
:1008900040F0A18005B0BDE8F08F0130FAD1A36E21
:1008A0000133F7D1236F0133F4D1636F0133F1D1F9
:1008B0004FF40073606EA3614FF482732060636035
:1008C000FFF78AFFB6EB500F80F08C80B6EB900FED
:1008D00080F08A80B6EBD00F80F08880B6EB101FD6
:1008E00080F08680B6EB501F80F08480B6EB901FBE
:1008F00080F08280B6EBD01F2CBF30233823E36119
:10090000002D7BD0022D7BD0013D18BF01256D004D
:100910000123C4E904530723E3624FF4E063226830
:10092000E360B7FA87F74E4B7F090026FF019A4232
:10093000C4E90876A660A66266632CD04949E06ED9
:10094000E6F772FA4849A06EE6F76EFA206F47495B
:10095000E6F76AFA2369B342236F4FEA131114BF13
:100960000122022211F00C0F04BF424801F00F01D6
:1009700003F00F0308BF50F821003F4918BF30466D
:10098000022A51F8231018BF0122FFF70FFF384940
:10099000606FE6F749FA2368384A934232D14FF044
:1009A000B0431A6E42F480521A661A6E02F48052F4
:1009B0000192019A1A6C42F480521A641A6C22F461
:1009C00080521A642046E3F7CAFD2268136843F098
:1009D000400313605EE7636F01333FF469AF4FF488
:1009E000802367E700238AE7082388E7102386E748
:1009F000182384E7202382E7282380E72B4688E713
:100A0000002386E71E4A934213D14FF0B0439A6DFC
:100A100042F480429A659A6D02F480420292029AF0
:100A20009A6B42F480429A639A6B22F480429A63F2
:100A3000C8E70B4A9342C5D14FF0B0435A6E42F01B
:100A400001025A665A6E02F001020392039A5A6C2E
:100A500042F001025A645A6C22F001025A64B1E772
:100A600000000158B4610208846102083C61020878
:100A70000061020808000020FC6502080030014007
:100A80000038004010B5044698B1E3F7D6FD23685E
:100A90001A4A93420ED14FF0B0431A6C42F480527E
:100AA0001A641A6C22F480521A641A6E22F480526C
:100AB0001A6610BD124A93420ED14FF0B0439A6BA2
:100AC00042F480429A639A6B22F480429A639A6D50
:100AD00022F480429A65ECE70A4A9342E9D14FF04A
:100AE000B0435A6C42F001025A645A6C22F001027F
:100AF0005A645A6E22F001025A66DAE70030014069
:100B000000380040000001582DE9F0410D4616461E
:100B10001C4633B30768E0F7C1FC8046BB68990701
:100B2000FCD5D5B115F8013B3B73BB68DA07FCD5A2
:100B30003B7B0EB106F8013BE0F7B0FCA0EB0800F0
:100B4000B0F57A7F04F1FF3409D2002CE6D12046BB
:100B5000BB681B06FCD4BDE8F081FF23E4E701205D
:100B6000F6E70220F7E7D0F888301BB1D0F88C30D8
:100B700080301847704700000148FFF7F4BF00BFFE
:100B80003C39002070B586B0002302AC0293059377
:100B9000C4E901338B6805460E4633B10222204674
:100BA0009847F3680593B368049394E803006A4692
:100BB00005F1800382E8030093E8030084E8030062
:100BC00092E8030083E80300049BD5F88820C5F869
:100BD0008830059B04922046D5F88C20C5F88C30CF
:100BE0000592E5F74CF93220E1F710F9322006B012
:100BF000BDE87040E1F7C4B810B504463220E1F713
:100C0000CDF8D4F888303BB104F1800103220846C6
:100C100098470023C4E9223310BDD0F8880000387B
:100C200018BF012070473220E1F7AAB83220E1F75F
:100C3000B5B83220E1F7EAB808B53220E1F7D4F8C8
:100C4000003818BF012008BD054BD3F8902021B112
:100C500022F40042C3F89020704742F40042F9E7C2
:100C600000040058034BD3F8900080F40040C0F318
:100C7000C0307047000400584FF0B043D3F89420C0
:100C800021B142F40042C3F89420704722F400429C
:100C9000F9E74FF0B043D3F89400C0F3C030704789
:100CA000024B5869C0F34000704700BF0004005871
:100CB00013B5094C4FF0FF3300931A4619462046EE
:100CC000FFF78CFC054B63660023C4E92033C4E9BD
:100CD000223302B010BD00BF3C3900200000015893
:100CE00008B50248E5F7CBF808BD00BFBC390020C5
:100CF000F8B504460D4600F08BF9224606460F462D
:100D00002B4620462946DFF771FE98B900220023C2
:100D100020462946DFF760FE60B900220023204606
:100D20002946DFF731FE40B103F092FA084F222343
:100D30000360002630463946F8BD03F089FA0346C1
:100D400021221A600348BDE8F84000F0CDB800BF8A
:100D50000000F0FF4C0803082DE9F84314461D4637
:100D60008046894600F020FB224606460F462B4669
:100D700020462946DFF73AFE78B900220023404694
:100D80004946DFF701FED8B100220023204629465C
:100D9000DFF7FAFD28B1264F002630463946BDE878
:100DA000F8832046294600F099F80028F5D020461F
:100DB000294600220023DFF7F1FD0028EDD02CE0CA
:100DC0003046394600F08AF8A0B1002200233046B0
:100DD0003946DFF7D9FD0028DFD04046494600F00C
:100DE0007DF80028D9D02046294600F077F8002861
:100DF000D3D012E04046494600F070F80028E4D015
:100E00002046294600F06AF80028DED032463B46EC
:100E100030463946DFF7EAFD20B903F019FA2223FC
:100E20000360BAE703F014FA21230360B5E700BFBB
:100E30000000F03F70B50C46064601F061F821460F
:100E400005462046E0F754F958B900213046E0F74E
:100E50001DF9A0B100212046E0F718F918B14FF0B4
:100E60007E55284670BD204600F044F80028F8D092
:100E700000212046E0F714F90028F2D023E02846AC
:100E800000F038F880B100212846E0F7FFF800288C
:100E9000E7D0304600F02EF80028E2D0204600F0DF
:100EA00029F80028DDD00EE0304600F023F80028B5
:100EB000E9D0204600F01EF80028E4D02946284654
:100EC000E0F716F920B903F0C3F922230360C8E75D
:100ED00003F0BEF921230360C3E700BF41F00040E7
:100EE00000F58010C00F704701490020704700BF17
:100EF0000000F87F20F00040B0F1FF4FACBF0020B1
:100F0000012070472DE9F041C0F3C7557F3D162DF4
:100F1000044620F0004724DC002D804614DB184FE7
:100F20002F4138421AD01749DFF714FE0021E0F7AD
:100F3000D5F898B1002C03DD4FF400032B41984401
:100F400028EA0700BDE8F0810E49DFF703FE002123
:100F5000E0F7C4F810B1002C0EDB57B92046BDE80D
:100F6000F081B7F1FF4FF9D30146DFF7F3FDBDE89C
:100F7000F0814FF07E50F2E74FF00040EFE700BF06
:100F8000FFFF7F00CAF249712DE9F041C0F3C75558
:100F90007F3D162D044620F0004725DC002D8046BD
:100FA00014DB184F2F4138421BD01749DFF7D2FD11
:100FB0000021E0F793F8A0B1002C03DA4FF400030E
:100FC0002B41984428EA0700BDE8F0810E49DFF77D
:100FD000C1FD0021E0F782F818B1002C0CDB0020E5
:100FE00000E02046BDE8F081B7F1FF4FF9D301469C
:100FF000DFF7B0FDBDE8F08117B94FF00040F1E731
:101000000248EFE7FFFF7F00CAF24971000080BF8E
:101010002DE9F04FB1F5801F87B002460B460D4613
:1010200080F2828021F00044044300F020810029F6
:10103000C0F26081D64B0022DFF73EFA0D460B4628
:10104000D4498D4202466FF0350072DC2C15C5F391
:10105000130505F51521A4F2FF3401F6647104446B
:1010600001F4801104EB115481F07F5181F440119F
:1010700041EA0503104619460022C74BDFF764F822
:10108000AB1CC3F31303022B82468B4658DC0022B1
:101090000023DFF779FC002840F0F280A8A3D3E911
:1010A000002350465946DFF707FA02460B46002058
:1010B000BA49DFF749F8524606460F465B465046A6
:1010C0005946DFF7F9F902460B4630463946DFF755
:1010D000F3F906460F46002C00F003812046DFF7A7
:1010E00081F999A3D3E9002380468946DFF7E4F923
:1010F00097A3D3E9002304460D4640464946DFF74F
:10110000DBF902460B4630463946DFF71DF85246FA
:101110005B46DFF719F802460B4620462946DFF703
:1011200013F807B0BDE8F08F9A498D424FF00000E8
:101130008CDD10461946DFF709F807B0BDE8F08FDF
:1011400000224FF08043DFF701F802460B4650467D
:101150005946DFF7DBFA064620460F46DFF742F92D
:101160003246CDE904013B4630463946CDE90267B7
:10117000DFF7A2F902460B46CDE90023DFF79CF921
:1011800075A3D3E9002306460F46DFF795F974A34C
:10119000D3E90023DEF7DAFF32463B46DFF78CF96E
:1011A00071A3D3E90023DEF7D1FF32463B46DFF7D8
:1011B00083F96FA3D3E90023DEF7C8FFDDE900233D
:1011C000DFF77AF96CA3D3E90023CDE900013046BB
:1011D0003946DFF771F96AA3D3E90023DEF7B6FFDA
:1011E00032463B46DFF768F967A3D3E90023DEF711
:1011F000ADFF32463B46DFF75FF9A5F5C228024650
:101200000B46C5F5D725DDE90001DEF79FFFA8F203
:101210007A48513545EA0805002D06460F464BDD54
:101220005E4B002250465946DFF746F952465B4670
:10123000DFF742F9804689463046394642464B46FA
:10124000DEF784FFDDE90223DFF736F906460F46B5
:10125000002C56D102460B4640464946DEF774FF45
:1012600002460B4650465946DEF76EFF65E7002200
:1012700000234B490020DFF749FA07B0BDE8F08FA3
:10128000002C57D02046DFF7ADF82FA3D3E9002379
:1012900006460F46DFF710F92DA3D3E900230446D5
:1012A0000D4630463946DFF707F902460B46204621
:1012B0002946DEF74BFF40E702460B4650465946AB
:1012C000DEF742FFDDE90223DFF7F6F806460F46B8
:1012D0003CB1DDE904891CA3D3E90023404649461B
:1012E00004E732463B4650465946DEF72DFF07B02D
:1012F000BDE8F08FDEF728FF00220023DFF706FAB3
:101300001BE711A3D3E90023DDE90401DFF7D4F8DB
:101310000FA3D3E9002304460D46DDE90401DFF7FE
:10132000CBF832463B46DEF711FF02460B464046FD
:101330004946EAE600200021FFE600BFAFF3008047
:10134000555555555555D53F0000E0FE422EE63F18
:10135000763C7935EF39EA3D44523EDF12F1C23F27
:10136000DE03CB966446C73F599322942449D23F6B
:10137000935555555555E53F9FC678D0099AC33FBB
:10138000AF788E1DC571CC3F04FA97999999D93FD2
:1013900000005043FFFFEF7F0000F03F0000E03F00
:1013A000000050C3000000002DE9F04F23F000477B
:1013B000044657EA020093B092469B460D4610D170
:1013C0002319824985F4002252419842914121D249
:1013D00052465B4620462946DEF7B8FE13B0BDE80C
:1013E000F08F98467A4B0E4621F0004199420091C9
:1013F000A14614D906F1404606F5801656EA0906BC
:10140000E6D15346DB1871498BF4002252419E42CB
:101410009141DDD36F49002013B0BDE8F08F14D0A7
:101420009F42E7D8009B00F0B780002E15DB002A12
:1014300040F0A48067498F4240F0CA83B8F1000FA2
:10144000C0F2BF8420462946C8E7002CC0D18F4295
:10145000BED800F0F283009BE7E75F498F4200F2BD
:10146000C6835E498F420DD93915A1F2FF31142987
:1014700040F38E84C1F1340122FA01F000FA01F147
:10148000914236D0002A45D1B8F1804F3BD002922C
:1014900020462946049300F02FFD049BB9F1000F6C
:1014A00043D0DDF808C0F20F013A52EA0C0C00F00C
:1014B0008A80029C013C224314BF464D484D0024C3
:1014C000B7F1844FCDE9064540F28E80454B009A36
:1014D0009F42424B40F2E8839A4200F29484B8F172
:1014E000000FC0F29484002013B0BDE8F04F01F06B
:1014F00059B900F00100C0F102010291002A3FD168
:10150000B8F1804FC4D122462B4620462946DEF74B
:10151000D3FF63E720462946029300F0EDFC029BCF
:10152000B9F1000F4FD1CDF808902A4A26F0404C6F
:10153000944502D0009A002AB3D1B8F1000F05DA21
:1015400002460B4600202349DFF7E0F8002EBFF6E5
:1015500045AF009B03F1404A029B0AF5801A5AEA04
:10156000030A40F0368402460B4610461946DEF761
:10157000EBFD02460B46DFF7C9F82FE70022029287
:1015800020462946049300F0B7FC049BB9F1000FF4
:10159000CBD0F20F013A8CE7002A7FF42BAF009BEF
:1015A00003F1404303F5801323433FF433AF0B4B68
:1015B000009A9A4240F2DF83B8F1000FC0F24984EA
:1015C000504659460AE722462B46CEE70000F0FF78
:1015D0000000F07F0000F03FFFFF3F43FFFFEF3FC1
:1015E0000000F0BF0000F043D74A3240002A40F02C
:1015F0002883D64B0022DEF75FFF6FF034040B46E2
:101600001A15A2F2FF321519D14A0B95C3F3130331
:1016100043F07F54934244F4401407DDCD4A934293
:1016200040F3E08301350B95A4F5801400220023DC
:10163000CDE90823CDE91023C74B0022CDE90423CF
:101640000025DDE9042321468046DEF77DFDA14625
:10165000DDE9042306460F4640462146CDE90C89C4
:10166000DEF774FD02460B460020BB49DFF74EF85B
:101670000A460146CDE90E12134639460246304667
:10168000DEF71AFF0A4601464FF0000CCDE90212C0
:101690001146CDE900016410CDF800C0DDE90089F4
:1016A00044F0005404F500230020591904460D4667
:1016B00002460B4640464946DEF7FEFE02460B4612
:1016C00030463946DEF740FDDDE9042306460F4685
:1016D00020462946DEF738FD02460B46DDE90C01BF
:1016E000DEF732FD42464B46DEF7E6FE02460B468B
:1016F00030463946DEF728FDDDE90E23DEF7DCFE55
:10170000DDE90245CDE9040122462B462046294663
:10171000DEF7D2FE7AA3D3E9002304460D46DEF7B6
:10172000CBFE79A3D3E90023DEF710FD22462B463A
:10173000DEF7C2FE76A3D3E90023DEF707FD2246DB
:101740002B46DEF7B9FE74A3D3E90023DEF7FEFCD7
:1017500022462B46DEF7B0FE71A3D3E90023DEF765
:10176000F5FC22462B46DEF7A7FE6FA3D3E9002344
:10177000DEF7ECFC224606460F462B46204629465D
:10178000DEF79AFE02460B4630463946DEF794FEF7
:10179000424604460D464B46DDE90201DEF7D6FC23
:1017A000DDE90423DEF788FE22462B46DEF7CEFC79
:1017B000424604460D464B4640464946DEF77CFE0F
:1017C000664B002206460F46DEF7C0FC22462B463B
:1017D000CDE90C45DEF7BAFC00240D4622462B4627
:1017E00040464946DEF768FE5C4B8046894600224B
:1017F00020462946DEF7A8FC32463B46DEF7A4FC2D
:1018000002460B46DDE90C01DEF79EFCDDE9022312
:10181000DEF752FE224606460F462B46DDE904015E
:10182000DEF74AFE02460B4630463946DEF78EFCAE
:1018300006460F4602460B4640464946DEF786FC02
:1018400000243BA3D3E9002320460D46DEF734FEF7
:1018500042464B468046894620462946DEF774FCC0
:1018600002460B4630463946DEF76EFC32A3D3E91A
:101870000023DEF721FE32A3D3E9002306460F46FC
:1018800020462946DEF718FE02460B46304639460A
:10189000DEF75CFCDDE91023DEF758FC06460B980A
:1018A0000F46DEF79FFD324604460D463B46404656
:1018B0004946CDE90289DEF749FCDDE90823DEF778
:1018C00045FC22462B46DEF741FC002022462B46F3
:1018D00080468946DEF738FCDDE90823DEF734FC74
:1018E000DDE90223DEF730FC02460B46304639467E
:1018F000DEF72AFCCDE9020132E000BFAFF3008041
:10190000EF4E454A287ECA3F65DBC9934A86CD3FE4
:1019100001411DA96074D13F4D268F515555D53FCA
:10192000FFAB6FDBB66DDB3F033333333333E33F62
:10193000000000E009C7EE3FFD033ADC09C7EE3FB7
:10194000F5015B14E02F3EBE0000F07F0000404335
:101950008E98030079B60B000000F03F00000840AD
:101960000023CDE900AB0093DDE90067594632461C
:101970003B465046DEF7E8FB42464B46DEF79CFD11
:101980005B4604460D465246DDE90201DEF794FD52
:1019900002460B4620462946DEF7D8FB324604466F
:1019A0000D463B4640464946DEF786FD0B4602465D
:1019B00006460F4620462946DEF7C8FBB44B99423F
:1019C000A046A94604460D468B4640F3168101F118
:1019D0003F4303F5E003034340F01F829AA3D3E99A
:1019E000002340464946DEF7B1FB3246CDE900010F
:1019F0003B4620462946DEF7A7FB02460B46DDE9BB
:101A00000001DEF7E9FF002840F007824FF4007381
:101A10005B44C3F30A529F4CA2F2FF32C3F313019B
:101A2000144141F48011C2F1140241FA02FA00207B
:101A300004EA0301BBF1000F02460B46304639466B
:101A4000B8BFCAF1000ADEF77FFB02460B46064626
:101A50000F4640464946DEF779FB4FEA0A5B0D46E2
:101A600000247BA3D3E9002320462946DEF724FD8A
:101A70003246CDE900013B4620462946DEF764FBAD
:101A800002460B4640464946DEF75EFB72A3D3E9A9
:101A90000023DEF711FD72A3D3E9002306460F46AB
:101AA00020462946DEF708FD02460B4630463946F9
:101AB000DEF74CFBDDE9008906460F4602460B4681
:101AC00040464946DEF742FB42464B4604460D4639
:101AD000DEF73AFB02460B4630463946DEF734FB6A
:101AE0002246804689462B4620462946DEF7E4FCFE
:101AF0005DA3D3E9002306460F46DEF7DDFC5CA3B9
:101B0000D3E90023DEF720FB32463B46DEF7D4FC68
:101B100059A3D3E90023DEF719FB32463B46DEF733
:101B2000CBFC57A3D3E90023DEF70EFB32463B463E
:101B3000DEF7C2FC54A3D3E90023DEF707FB3246ED
:101B40003B46DEF7B9FC02460B4620462946DEF747
:101B5000FBFA06460F4602460B4620462946DEF7AC
:101B6000ABFC0022CDE900014FF0804330463946FE
:101B7000DEF7EAFA02460B46DDE90001DEF7C6FDB4
:101B8000424606460F464B4620462946DEF794FC61
:101B900042464B46DEF7DAFA02460B4630463946F5
:101BA000DEF7D2FA22462B46DEF7CEFA02460B4685
:101BB00000203949DEF7C8FA0C465C44B4F5801FB2
:101BC000C0F235812146DDE90623DEF775FC05E428
:101BD000B8F1804F3FF497AC304988457FF457AC5B
:101BE0002046294613B0BDE8F04F00F065BE002A3C
:101BF00000F0338102220292C2E4DFF8A4C021F097
:101C00000043634540F2D580264B0B4403430AD181
:101C100032463B46DEF798FA42464B46DEF7D2FEA6
:101C200000283FF4F3AEDDE9060100220023DEF7D1
:101C3000B5FE003818BF012056E4002A7FF4C8AB77
:101C4000B5E40024DCE400BFFE822B654715973C19
:101C500000000000432EE63FEF39FAFE422EE63F39
:101C6000396CA80C615C20BED0A4BE726937663E98
:101C7000F16BD2C541BDBB3E2CDE25AF6A56113F8C
:101C800093BDBE166CC1663F3E5555555555C53F73
:101C9000FFFF8F400000F0FF0000F03F0000E03F3A
:101CA000FFCB904000346F3F9A42C0F0C480009A4E
:101CB0008D4B9A424FF0000200F2D7808A4BDEF73C
:101CC00043FA7DA3D3E9002304460D46DEF7F4FB77
:101CD0007BA3D3E9002306460F4620462946DEF7BC
:101CE000EBFB824B80468946002220462946DEF7E0
:101CF000E3FB02460B4674A1D1E90001DEF724FAAA
:101D000022462B46DEF7D8FB02460B4600207849D8
:101D1000DEF71AFA2246CDE900012B462046294675
:101D2000DEF7CAFB02460B46DDE90001DEF7C4FB25
:101D300067A3D3E90023DEF7BFFB02460B4640460C
:101D40004946DEF701FA02460B4604460D46304688
:101D50003946DEF7FBF9002032463B46804689468D
:101D6000DEF7F2F902460B4620462946DEF7ECF98B
:101D7000CDE90201F4E5B8F1000F4FF000004FF09B
:101D80000001BFF62BAB50460BF10041FFF726BB1D
:101D9000002A7FF4BFABC1F1140147FA01F000FA49
:101DA00001F1B9426ED050498F423FF447ABFFF783
:101DB0006BBB4F4A934274D8DDE9002393469246A9
:101DC0004EE622462B4648490020DEF79FFCFFF7EF
:101DD00005BB029B012B7FF401AB01F100431946C7
:101DE000FFF7FCBA3CA3D3E90023CDE908233CA3C9
:101DF000D3E90023CDE910233E4B0022CDE9042393
:101E00004FF480251DE4B8F1000F7FF76CAB002084
:101E100013B0BDE8F04F00F0CBBCDDE906010022B5
:101E20000023DEF7BBFD003818BF0120F0E7524663
:101E300000F026FCC7E6DDE9060100220023DEF7FC
:101E4000ADFD003818BF0120B8F1000FBFF64CAB54
:101E5000DEE700200021FFF7C1BAB8F1804F3FF460
:101E600052AB02220292FFF713BBDDE90601002309
:101E7000DEF794FD003818BF0120B8F1000FC7DC71
:101E8000FFF732BB184A97423FF4D8AAB8F1804F07
:101E90003FF439AB00F00100C0F102020292FFF7FB
:101EA000F7BA1B15A3F2FE334FF4801242FA03F384
:101EB000AEE500BFAFF30080000000604715F73FBC
:101EC00044DF5DF80BAE543E555555555555D53F3D
:101ED000FE822B654715F73F0000004003B8E23F44
:101EE00006D0CF43EBFD4C3E0000F03F0000D03F5A
:101EF0000000E03F0000F83F21F000431946704722
:101F00002DE9F04F31F0004A87B00C4680468146FB
:101F10000DD180F480094FEA490919F5000F18D94D
:101F200021464046DEF716FE07B0BDE8F08F20F0F0
:101F3000004BBBF1FF4F0D4602D8BAF1FF4F0DD950
:101F4000B9F17E5FECD185F480056D0015F5000FC9
:101F5000E6D84FF07E5007B0BDE8F08F00285F460E
:101F6000C0F23081BAF1FF4F00F04081BAF17E5FDC
:101F700000F07E81B1F1804F00F0AA810026B5F11A
:101F80007C5F40F05381B9F1000F404680F2A5819B
:101F900000F072FBBBF1FF4F00F05D81BBF1000F61
:101FA00000F05981BBF17E5F00F04A814FEAD9739E
:101FB000013B56EA0302009300F09481BAF19A4F74
:101FC00040F29881B04B9B4540F2E482AF4B9B4579
:101FD00000F2EC824FF07E51DEF7BAFDAC4980464C
:101FE000DEF7C0FEAB4981464046DEF7BBFE4FF050
:101FF0007A5182464046DEF7B5FE0146A648DEF736
:10200000A7FD4146DEF7AEFE01464FF07C50DEF7FD
:102010009FFD414683464046DEF7A4FE01465846F2
:10202000DEF7A0FE9D49DEF79DFE01465046DEF735
:102030008FFD014680464846DEF78CFD20F47F6B1D
:102040002BF00F0B49465846DEF782FD014640460D
:10205000DEF77EFD25F47F67009B013E27F00F072A
:102060001E438046394620460CBF8D4E4FF07E56AB
:10207000DEF76EFD5946DEF775FE21460546404601
:10208000DEF770FE01462846DEF764FD3946054658
:102090005846DEF767FE014604462846DEF75AFD3D
:1020A000002807468046014620F0004240F33D826A
:1020B000B2F1864F00F2CA8200F0AA82B2F17C5FD0
:1020C00000F2CC824FF00008474621F47F6A2AF0E4
:1020D0000F0A74495046DEF745FE214681465046B8
:1020E000DEF736FD01462846DEF732FD6E49DEF7A3
:1020F00039FE6E4904465046DEF734FE014620465E
:10210000DEF728FD044601464846DEF723FD494632
:102110000546DEF71DFD01462046DEF719FD29467E
:1021200081462846DEF71EFE61490446DEF71AFEA8
:102130006049DEF70DFD2146DEF714FE5E49DEF74D
:1021400009FD2146DEF70EFE5C49DEF701FD214662
:10215000DEF708FE5A49DEF7FDFC2146DEF702FEF7
:1021600001462846DEF7F4FC044601462846DEF721
:10217000F9FD4FF0804182462046DEF7E9FC01463A
:102180005046DEF7A3FE494604462846DEF7EAFD40
:102190004946DEF7DFFC01462046DEF7D9FC29463A
:1021A000DEF7D6FC01464FF07E50DEF7D1FC034649
:1021B0004344B3F5000FC0F2F58118463146DEF70F
:1021C000D1FDB1E6BAF1974F19D2BAF17E5F1BD2B9
:1021D000B1F1804F7CD0B1F17C5F26D100F04CFA98
:1021E000BBF1FF4F3FF4A0AE0026D7E6BBF17E5F08
:1021F0003FF4AFAE42D9002D3EDB204694E6BAF163
:10220000FF4FF3D00226BAE64FEAEA52C2F1960235
:102210004AFA02F101FA02F2524500F07381BAF172
:102220007E5F25D0B4F1804F52D00026404600F0AA
:1022300023FABBF1FF4F03D0BBF1000F7FF4B2AE26
:10224000002D04DA01464FF07E50DEF73FFEB9F173
:10225000000FBFF669AEABF17E5B5BEA060B40F0A8
:102260005E810146DEF774FC0146DEF72FFE5BE679
:10227000002D27DB404657E6002055E6002DFBDA0F
:1022800004F1004050E600BFF3FF7F3F0700803FAE
:1022900000AAB83F70A5EC36ABAAAA3E3BAAB83F4D
:1022A000000080BF0072313F1872313F8CBEBF35D5
:1022B0004CBB31330EEADD3555B38A38610B363B02
:1022C000ABAA2A3E41464FF07E50DEF7FFFD2BE6DB
:1022D00041464046DEF746FD26E607B0BDE8F04F32
:1022E00000F0D8BB41464046DEF732FC0146DEF73F
:1022F000EDFD19E619F0FF4F40F04A814FF097418C
:10230000DEF730FD6FF017010746FA157F3A0A44F1
:10231000AF490192C7F316038B4243F07E5707DDA6
:10232000AC498B4240F34A8101320192A7F5000784
:10233000002305934FF07E5B04934FF0000859464D
:102340003846DEF705FC594681463846DEF702FC82
:1023500001464FF07E50DEF7B9FD01460390484636
:10236000DEF700FD7A1042F0005202F5802242446E
:1023700020F47F6828F00F081146BA460746404609
:102380000292DEF7EFFC01464846DEF7E1FB029AD7
:10239000814659461046DEF7DBFB01465046DEF724
:1023A000D7FB4146DEF7DEFC01464846DEF7D0FBB0
:1023B000039B1946DEF7D6FC394683463846DEF7DE
:1023C000D1FC85498146DEF7CDFC8449DEF7C2FBAE
:1023D0004946DEF7C7FC8249DEF7BCFB4946DEF71B
:1023E000C1FC8049DEF7B6FB4946DEF7BBFC7E49FF
:1023F000DEF7B0FB4946DEF7B5FC7C49DEF7AAFB09
:10240000494682464846DEF7ADFC01465046DEF7B7
:10241000A9FC414681463846DEF79CFB5946DEF76B
:10242000A1FC4946DEF796FB414682464046DEF770
:1024300099FC6F490290DEF78DFB5146DEF78AFB6F
:1024400020F47F6929F00F0949464046DEF78AFCEF
:10245000674980464846DEF77BFB0299DEF778FB4A
:1024600001465046DEF774FB3946DEF77BFC4946F1
:1024700082465846DEF776FC01465046DEF76AFB98
:10248000834601464046DEF765FB20F47F6A2AF06A
:102490000F0A58495046DEF765FC414681465046D2
:1024A000DEF756FB01465846DEF752FB5249DEF78F
:1024B00059FC524980465046DEF754FC01464046DE
:1024C000DEF748FB0499DEF745FB80460198DEF70E
:1024D000F5FB414682464846DEF73CFB059F394600
:1024E000DEF738FB5146DEF735FB20F47F6B2BF02F
:1024F0000F0B51465846DEF72BFB3946DEF728FB1B
:102500004946A1E5BAF17E5F3FF4B2AEB4F1804F27
:102510003FF4DEAE01F00101C1F1020686E6012EB4
:102520007FF402AD00F10040FEE4354B9A4200F228
:1025300097807FF4C3AD2146DEF70AFB2946DEF71C
:10254000C3FD002840F08C8086227E3A4FF40003C1
:10255000134143442B49C3F3C7527F3AC3F31607D1
:10256000114147F40007C2F117021741B8F1000FFB
:1025700001EA0301B8BF7F422046DEF7E9FA0146CF
:1025800004462846DEF7E6FA4FEAC75801469CE5BE
:102590000021BAE6002D0BDB002007B0BDE8F04FAC
:1025A00000F082B9394600F009F907E6002DF3DDA5
:1025B000002007B0BDE8F04F00F07AB9124B059348
:1025C000124B04934FF07F5B4FF40018B7E600BF47
:1025D00071C41C00D6B35D0042F1533E55326C3ECF
:1025E00005A38B3EABAAAA3EB76DDB3E9A99193F75
:1025F000000040400038763F4F38763FA0C39D36FC
:1026000000001643000080FF00C0153FDCCFD1352D
:1026100017492846DEF79EFA214681463846DEF7FE
:1026200097FA01464846DEF759FD78B907F50043A9
:10263000DA1510497F3A11411940C3F31603C2F16C
:10264000170243F4000343FA02F795E700213046EE
:10265000DEF726FD003818BF0120AAE7D21574E77F
:1026600000213046DEF71CFD003818BF012094E73A
:102670003CAA3833000080FF20F00040704700BFC4
:1026800070B51646C1F30A5204460D460B465ABBB6
:1026900021F00043034326D02D4B0022DDF70CFF31
:1026A0002C4B9E4204460D4643DBC1F30A520B46B7
:1026B000363A4CF250318E421EDC164440F2FE7225
:1026C000964219DC002E23DC16F1350F28DB23F0AF
:1026D000FF4323F4E003363643EA065120461E4BFF
:1026E0000022DDF7E9FE70BD40F2FF7C6245E0D1DB
:1026F0000246DDF72BFD70BD11A3D3E90023ED0FDA
:102700001C4665F3DF7421461448DDF7D5FE70BD25
:1027100023F0FF4323F4E003204643EA065170BD53
:1027200005F0004343F0D27141F4B7310C4841F059
:102730001F0105A3D3E90023DDF7BEFE70BD00BF76
:102740009C7500883CE4377E59F3F8C21F6EA501E2
:1027500000005043B03CFFFF0000903C9C75008897
:1027600059F3F8C2D0B506460F46144601F070FD85
:102770000346394630461C60D0BD00BF10B5044644
:1027800082B0104619460CB103F10043CDE9002395
:10279000DDE90023DDF790FE222202B0BDE8104003
:1027A000FFF7E0BF00224FF08053FFF7E7BF00BF05
:1027B00000224FF0E043FFF7E1BF00BF10B50C4629
:1027C00030F0004103461DD0B1F1FF4F1BD210F095
:1027D000FF4F02461BD14FF09841DEF7C3FA204A63
:1027E000944203462CDBC0F3C75102464CF25030F2
:1027F0008442A1F1190110DD1A49184661F31E0047
:10280000DEF7B0FA10BD0146DEF7A4F910BD4CF2B8
:10281000503084424FEAD151EEDC2144FE29EBDCFA
:10282000002911DC11F1160F13DB01F1190022F060
:10283000FF424FF04C5142EAC050DEF793FA10BD10
:102840000949DEF78FFA10BD22F0FF4242EAC1507B
:1028500010BD0549184661F31E00DEF783FA10BD6E
:10286000B03CFFFFCAF249716042A20D38B505467F
:102870000C4601F0EDFC034628461C6038BD00BF45
:1028800008B540B101F10040DEF76CFABDE8084040
:102890002221FFF7EBBF0846DEF764FABDE80840E7
:1028A0002221FFF7E3BF00BF4FF08051FFF7E8BFE1
:1028B0004FF0E041FFF7E4BF2DE9F84F724F8F432F
:1028C00004460D4600F0B28000290B46064602463B
:1028D00055DD081500F09B80C3F31303C107A0F278
:1028E000FF3743F4801303D4D10F01EB43035200AD
:1028F0005B00002603EBD2737F1052001624B4460F
:102900004FF400110CEB0100984203DC1B1A01EBA1
:10291000000C0E445B00013C03EBD2734FEA510103
:102920004FEA4202EED1A04620254FF000400AE0D7
:1029300039D0590001EBD271013D0B464FEA4202FA
:102940004FEA50003BD09C4508EB000EF0DABEF198
:10295000000F0EEB00080CDBE146A3EB0C019645E3
:1029600088BF01F1FF314900CC46A2EB0E020444BE
:10297000E0E7B8F1000FEFDB0CF10109EDE721F022
:10298000004707433DD0002973D1D10A153B5205BA
:102990000029FAD0CD02184616460B4637D520241A
:1029A0004FF0FF313EE0964502D94FEA4C01C1E7B6
:1029B000BEF1000F0EEB000825DB0021D5E7114327
:1029C00012D0DFF8C8A0DFF8C8B0DAE90001DBE90F
:1029D0000023DDF7B9FBDAE9008902460B464046E1
:1029E0004946DDF7E5FF58BB6508731003F17F53D7
:1029F000F20703F5001348BF45F0004503EB07510C
:102A00002846BDE8F88FB8F1000FB5DAD5E7002207
:102A10005B00DC02114602F10102F9D5C2F120048B
:102A200006FA02F2E640401A334355E702460B46E7
:102A3000DDF742FD22462B46DDF788FBBDE8F88F27
:102A4000B4F1FF3FDAE90001DBE9002318D0DDF73C
:102A50007DFBDAE9008902460B4640464946DDF730
:102A60009DFF78B1A11C04F1020508BF01366D0875
:102A7000BBE7DDF769FB02460B46DDF747FEC0E723
:102A80000136B2E70134AFE70000F07F78010020A3
:102A90007001002020F00042B2F1FF4F2DE9F0411B
:102AA000044654D2002A50D00028034657DB14F0C5
:102AB000FF4F4FEAE05009D114F400025BD15B00F4
:102AC0001C02114602F10102F9D5401AC3F31602A5
:102AD00042F40002C307A0F17F0558BF5200002452
:102AE0006D1052004FF0190E21464FF0807C01EB23
:102AF0000C039342DDBF03EB0C016444D31A13466D
:102B0000BEF1010E4FEA43024FEA5C0CEFD1BBB1BC
:102B10001A4E1B4F30683968D6F80080DEF718F877
:102B200001464046DEF7C6FA50B13068396836686B
:102B3000DEF710F801463046DEF7B2FAB8B10234DB
:102B4000601000F17C5000EBC550BDE8F0810146FB
:102B5000DEF708F92146DDF7FDFFBDE8F08101460B
:102B6000DDF7F6FF0146DEF7B1F9BDE8F08101348B
:102B700024F00104E4E74FF0FF31A6E784010020D0
:102B80008001002008B5062001F0F0FA0120E4F7EA
:102B900031FE002100F084BF0A22002101F062B85A
:102BA000024B0146186800F02DB800BF000300205A
:102BB000024B0146186801F0B1BB00BF00030020C2
:102BC00070B50F4E0C463168054611B901F01EFB79
:102BD00030602146284601F019FB431C03D14FF019
:102BE000FF34204670BDC41C24F00304A042F8D07A
:102BF000211A284601F00AFB0130F2D1EFE700BFAD
:102C0000CC3900202DE9F843CD1C25F0030508350B
:102C10000C2D38BF0C25002D064601DBA94204D936
:102C20000C2333600020BDE8F883DFF8D48000F087
:102C300069F8D8F800301C4644BB29463046FFF7F7
:102C4000BFFF431C044658D1D8F800402746002F48
:102C500043D1002C4BD023683946304604EB03099E
:102C600001F0D4FA814542D121686D1A29463046D7
:102C7000FFF7A6FF01303AD023682B442360D8F831
:102C800000305A6862BBC8F800700FE02268521B1F
:102C900020D40B2A17D96119A342256018BF5960A7
:102CA000636808BFC8F8001062514B60304600F0FE
:102CB0002FF804F10B00231D20F00700C21A1CBFDF
:102CC0001B1AA350AFE76268A3420CBFC8F80020EC
:102CD0005A60EBE723466468AEE73C467F68B6E798
:102CE0001A465B68A342FBD100235360DEE70C2346
:102CF0003360304600F00CF894E70560D6E700BF7B
:102D0000D0390020014801F0CEBA00BF143B0020AA
:102D1000014801F0C9BA00BF143B002038B5104B80
:102D20001D682B6B0446B3B91820FFF739FF024624
:102D3000286320B90B4B0C48462101F0D1FA0B490E
:102D40000B4BC0E900130B4B83600B2383810021E5
:102D50000120C2E904012B6B00221C615A6138BDBD
:102D6000000300204D080308640803080E33CDABB0
:102D700034126DE6ECDE0500164B10B51C68236BB3
:102D8000B3B91820FFF70CFF0246206320B9124B9D
:102D90001248522101F0A4FA1149124BC0E9001364
:102DA000114B83600B23838100210120C2E90401C0
:102DB000216B0E480B694C690D4A584302FB040015
:102DC000A3FB0232013340EB0200C1E9043020F0E2
:102DD000004010BD000300204D08030864080308EC
:102DE0000E33CDAB34126DE6ECDE05002DF45158F8
:102DF0002D7F954C024B0A460146186800F002B838
:102E0000000300202DE9F041804615460C4621B90B
:102E1000BDE8F0411146FFF7F5BE2AB901F07EFA90
:102E200000242046BDE8F08102F0B8FA854206464B
:102E300002D8B5EB500FF4D829464046FFF7E2FE22
:102E400007460028ECD0B5422A46214628BF324624
:102E500001F033FA2146404601F060FA3C46E0E7D3
:102E60002DE9F0410F46904602F062F904460D4606
:102E7000B8F1000F11D0C7F30A53C3F16B03002B55
:102E80000BDD1B0503F17F55002405F54015224697
:102E90002B46DDF711FB04460D4620462946BDE8CA
:102EA000F0810000000000002DE9F04F9DB0824647
:102EB0000E92002218920C464FF000084FF00009C5
:102EC0000A46179211782B293BD02CD80D2926D8E9
:102ED000082926D800292FD000220C92179D2A7885
:102EE000302A7BD16A7802F0DF02582A6CD1029333
:102EF0000C9B019318AB0093884A19AB17A9504655
:102F000001F0BCFA10F00F0604463ED0062E1AD18E
:102F10000E9B0BB101351D604046494640E020291B
:102F2000DAD10132CDE72D29D6D101210C91511CE6
:102F300017915278002AD1D10E9B002BECD01C6047
:102F4000EAE70021F2E7189A3AB135211AA802F00F
:102F5000E1F91899504601F0B5FD013E199A042E89
:102F600006D8DFE806F02003292C2000DDE91A89C5
:102F7000E10548BF49F0004929F000431B0D1B053E
:102F80001BB901F065F9222303600E9B13B10E9A61
:102F9000179B13600C9B002BBED0404609F10041EB
:102FA0001DB0BDE8F08FDDE91A8302F2334223F44D
:102FB000801343EA0259DBE7DFF86491D8E76FF04A
:102FC00000494FF0FF38D3E7179B5A1C17925B78E4
:102FD000302BF9D0002BD8D0012300E000230027AC
:102FE000CDE905770493179B0A930A221798057871
:102FF000A5F13003D9B2092924D94A49012201F0A7
:1030000042F800282DD000202A46059D834603461D
:10301000652A01D0452A13D11DB9049A02438BD0E9
:103020000025179C621C179262782B2A6DD02D2ADE
:1030300071D04FF0000CA2F13001092978D9179412
:10304000002696E005990829DDBF069902FB0133A9
:10305000069302FB0737059B013001330593179058
:10306000C4E7179B5A1C17925A78059BABB383464B
:103070001D46A2F13003092B12D90123C8E7179B83
:103080005A1C17925A780130302AF8D0A2F1310335
:10309000082B00F2EA84179B0A938346002005461A
:1030A000303A00F1010312D09B4400EB050C2B4693
:1030B0000A219C4513D12B18082B05F10105054465
:1030C00019DC06990A2303FB012306930023179AB0
:1030D000511C179152781846CBE70598D4E7082B76
:1030E00003F1010303DC069E4E430696E1E7102B35
:1030F000D8BF4F43DDE70F2BDCBF0A2303FB0727B5
:10310000E4E74FF0000B012387E74FF0000CA21C0F
:103110001792A2788FE74FF0010CF8E7FC0803083C
:103120000000F07FFB8C0208179A511C179152780F
:10313000302AF9D0A2F13101082981D8303A07921A
:10314000179A0D92179A561C17965278A2F1300EC4
:10315000BEF1090F38D90D99761A082E44F61F666C
:1031600003DC07998E42A8BF0E46BCF1000F00D0C9
:103170007642002D4FD1049908437FF406AF002B0F
:103180007FF4DAAE692A29D026DC492A26D04E2AD5
:103190007FF4D2AE9C4917A801F092FB00283FF4BF
:1031A000CBAE179B1B78282B2FD198491AAA17A8AA
:1031B00001F09AFB052828D11B9BDDF8688043F0BD
:1031C000FF4949F4E009E0E6079E0A2101FB0621D8
:1031D000A1F130020792B5E76E2AD9E78C4917A80A
:1031E00001F06EFB00283FF4A7AE179B8949013B15
:1031F00017A8179301F064FB10B9179B01331793BD
:10320000DFF814924FF00008BFE68448FDF76CFE2B
:1032100080468946B9E6A6EB0B030F93059B0698FB
:10322000002B08BF2B46102D05932C46A8BF102459
:10323000DDF7C8F8092D8046894614DCA6EB0B03A0
:10324000002B3FF4A2AEA6EB0B0379DD162B45DC79
:103250000F9B734901EBC301D1E9000142464B4684
:10326000DDF72AF9D4E76E4B03EBC40353E91223CD
:10327000DDF722F9804638468946DDF7A3F8024695
:103280000B4640464946DCF761FF0F2D80468946D4
:10329000D4DD2C1BA6EB0B031C44002C26DC00F019
:1032A000A380644214F00F020AD05D4B03EBC2030B
:1032B00040464946D3E90023DDF728FA804689468F
:1032C000241100F091801F2C40F3B28022234FF094
:1032D00000084FF00009CAF8003056E6C5F1250392
:1032E000A6EB0B02934219DA2C1B144414F00F03C3
:1032F0000AD04B4901EBC30142464B46D1E90001DC
:10330000DDF7DAF88046894634F00F046CD0B4F566
:103310009A7F41DD2223CAF8003071E7404CC5F1A5
:103320000F0504EBC50142464B46D1E90001DDF72C
:10333000C3F80F9B5D1B04EBC504D4E900238FE7A2
:103340001633A6DB364BABEB060203EBC203D3E925
:10335000002340464946DDF7D9F959E70023069393
:103360002223DFF8B490CAF800304FF00008189913
:10337000504601F0A7FB0699504601F0A3FB0599C2
:10338000504601F09FFB1099504601F09BFB0799B6
:10339000504601F097FBF8E50023224F04932411D7
:1033A00040464946012C22DC0BB180468946049BED
:1033B0001C49A9F1547901EBC30142464B46D1E9BE
:1033C0000001DDF779F8144B0A460B4016498B4291
:1033D00080469FD8A1F580118B4286BFDFF84C90C4
:1033E0004FF0FF3802F15479002304934BE0E207D9
:1033F00004D5D7E90023DDF75FF80123049A0132F1
:10340000049264100837CDE7E2080308E8080308CF
:10341000D9080308DC0803080000F07F4A08030805
:10342000B80B0308900B03080000A07CFFFFEF7FA0
:1034300014F0100318BF6A23AB4F0493404649466B
:103440000023E20704D5D7E90023DDF735F801238F
:10345000641007F10807F4D10BB180468946049B3C
:1034600043B1C9F30A52C2F16B03002B494650DC49
:103470006A2304930022002340464946DDF784FA7C
:1034800000287FF423AF069B0093059A0A992B46E8
:10349000504601F07FFB109000283FF43BAF0F9B9C
:1034A000ABEB060B002BB4BF5B46002311930F9BC5
:1034B00023EAE3731593002307930593109B50466B
:1034C000596801F0BFFA069000283FF449AF109BFD
:1034D0001A69023203F10C0192000C3000F0EDFE8B
:1034E0001AAB019319AB009342464B465046CDE9C7
:1034F0000A8901F087FE189000283FF431AF0121BE
:10350000504601F0E1FB05900346D0B90023059336
:1035100026E71F2B0EDD342BDEBF4FF0FF33C2F149
:103520004B0293404FF00008CCBF4FF05C7903EAA8
:1035300001099DE74FF0FF3202FA03F303EA08089E
:1035400096E7199C1A9A002CABBF119B159B159EF0
:10355000119FACBFE7181E1B049BE41A1444634B75
:10356000013C9C42C2F1360280F2B2801B1B1F2B31
:10357000C2BFC4F17F4404F57F0404F57B444FF0DF
:103580000105C8BFE234A2EB0302DABF9D4000246C
:1035900005FA04F407EB020B049B5F4516441E4436
:1035A0003B46A8BF5B46B342A8BF3346002BC2BF11
:1035B000ABEB030BF61AFF1A119B002B16DD0599D6
:1035C0001A46504601F040FC059000289ED0014666
:1035D000189A504601F08EFB0D9000283FF4C0AEC3
:1035E0001899504601F06EFA0D9B1893BBF1000F2D
:1035F00071DC0F9B002B08DD159A0699504601F0EF
:1036000023FC069000283FF4A9AE002E08DD0699A1
:103610003246504601F072FC069000283FF49EAE00
:10362000002F08DD05993A46504601F067FC0590E9
:1036300000283FF495AE069A1899504601F0E6FC32
:10364000079000283FF48CAEC3680D9300230599C2
:10365000C36001F0BFFC00284ADA0D9B53EA08035F
:1036600040F0BC80C9F31303002B40F0B78029F071
:1036700000431B0D1B05B3F1D66F40F2AF80079BD3
:103680005B6923B9079B1B69012B40F3A78007994E
:103690000122504601F032FC0599079001F09AFC96
:1036A000002840F39B8029F00043049A1B0D1B0562
:1036B000002A79D0B3F1D66F6DD8B3F15C7F45D8CD
:1036C0004FF000084FF000092223CAF800304EE600
:1036D000002401255EE718995A46504601F00EFC79
:1036E0001890002885D13BE61009030802FCFFFF73
:1036F000CB4640F0A4800D9AC9F31303002A41D0B1
:10370000974A934259D1049B42467BB9B8F1FF3F97
:1037100040F08A80934B99453FF422AE924BDDF8FE
:10372000108009EA030303F5801920E68E4B09EAAD
:103730000303B3F1D46F17D918F101011CD1894AE1
:1037400091453FF40DAE03F580198046874B404606
:1037500049460022DCF7B0FE834B0B408046894689
:10376000002B7FF404AEAFE71E0DC6F16B064FF0E1
:10377000FF31B1408845E6D0002C5ED014EA0B0F33
:10378000E4D01EE0002B4AD1B8F1000F8BD064B317
:1037900014EA0B0F2BE0A3F580136FEA13596FEABD
:1037A00009594FF0FF38D1E7A3F580136FEA135999
:1037B0006FEA09594FF0FF38D9E59CB114EA090FB7
:1037C0000CD0049A40464946FFF74AFB02460B4696
:1037D000DDE90A01DCF7BAFC80468946049B002B30
:1037E000B4D1C4E515EA080FEAE718EA050FF5D0E9
:1037F000049A40464946FFF733FB02460B46DDE993
:103800000A01DCF7A1FC0022002304460D46DDF787
:10381000BBF800287FF454AFA046A946DEE7002C91
:10382000B6D115EA080FE2E724B114EA090F3FF414
:103830009EADC6E718EA050FF9E72A42A0E7059909
:10384000079801F037FD00224FF0804304460D46F3
:10385000DDF7AEF800286DD00D9B002B78D1B8F1C4
:10386000000F56D1C9F31303002B59D1404B00224E
:1038700020462946DDF792F8002858D120462946EF
:103880003C4B0022DCF718FE04460D4605F10043D0
:1038900008940993344B344A0BEA03031493364BD0
:1038A0000BEA02029A42DDE9086740F09F80ABF123
:1038B00054794046494601F03BFCDDE90823DCF73A
:1038C000FBFD42464B46DCF741FC0B4626492B4AA2
:1038D00019409142804655D90B9A224B9A4203D106
:1038E0000A9B01333FF43CADDFF878904FF0FF388E
:1038F0001899504601F0E6F80699504601F0E2F8B2
:103900000599504601F0DEF80799504601F0DAF8C3
:10391000D4E5B8F1010F03D1B9F1000F3FF4D0AEF7
:10392000174C134D0023CDE908340024B2E7114DA4
:103930000024ABE70F4B204629460022DCF7BCFDF4
:103940000D9B04460D46002BA0D0CDE90845A1E70C
:10395000074C0023CDE9083425461C469AE700BFF2
:10396000FFFF0F00FFFFEF7F0000F07F00005039E6
:103970000000F03F0000E03F0000E07FFFFF9F7C81
:103980000000F0BF03F15479049B4E46002BAFD1E9
:1039900029F00043149A1B0D1B059A42A8D120461A
:1039A000294602F027FBDCF759FD0B460246294663
:1039B0002046DCF7C9FBC9F313060D9B46EA08064F
:1039C0001E4304460D464AD02DA3D3E90023DCF75D
:1039D000E5FF00287FF4CBAC2BA3D3E900232046DE
:1039E0002946DCF7F9FF002882D0C0E4049B13B31A
:1039F000149BB3F1D46F1ED825A3D3E9002320462E
:103A00002946DCF7D5FF90B129462046DDF72CF892
:103A1000012838BF0120DCF7D5FC0D9B04460D467C
:103A2000D3B901F1004312901393DDE91267149AA0
:103A300007F1D6639F1ADDE90A0101F079FB02461E
:103A40000B4630463946DCF737FDDDE90A23DCF763
:103A50007DFB8046894697E7CDE91245E5E70EA351
:103A6000D3E90023DCF79AFFBDE7652A3FF449ABB1
:103A7000452A3FF446AB0123FFF77DBBAFF300803F
:103A80009535A094FFFFDF3F35E5AF350000E03FFF
:103A90000000C0FFFFFFDF419535A094FFFFCF3F3F
:103AA0000A4601460248034B0068FFF7FDB900BF14
:103AB00000030020940100202DE9F843244D254BFC
:103AC0000A4601462868FFF7EFF902460B4606460C
:103AD0000F46DCF78BFF68B1002F1F4806DA00F0B5
:103AE000FBFB00F100442046BDE8F883BDE8F84345
:103AF00000F0F2BB39463046DCF7D6FF20F0004834
:103B0000044616494046DDF7F3FAB0B9134940467A
:103B1000DDF7D0FA88B927F00049114B4FF0FF329A
:103B200030464946DCF762FF70B90D4B4FF0FF326B
:103B300030464946DCF73CFF30B914F0FF4FD2D194
:103B4000084B3B40002BCED02B6822221A60CAE7DC
:103B500000030020940100204A080308FFFF7F7F34
:103B6000FFFFEF7F0000F07F242B2DE9F047864612
:103B7000904601D8012B06D100F06AFB16230360A2
:103B80000020BDE8F08736480D462A4615F8014B5F
:103B9000065D16F00806F8D12D2C24D12C780126CC
:103BA000951C2BBB302C30D00A2306F1004C0CF1B5
:103BB000FF3C0022BCFBF3F9104603FB19CAA4F139
:103BC0003007092F28D83C46A34234DD571C07D0C4
:103BD00081452DD301D1A2452ADB00FB0340012200
:103BE00015F8014BEBE72B2C04BF2C78951CD8E77C
:103BF000102BDAD1302CD8D12A7802F0DF02582AE3
:103C0000D3D16C7810230235CFE72B7803F0DF0394
:103C1000582BF6D00823C8E7A4F14107192F01D883
:103C2000373CD1E7A4F16107192F04D8573CCBE703
:103C30004FF0FF32D4E7531C08D12223CEF80030D6
:103C40006046B8F1000F9CD0691E06E006B1404204
:103C5000B8F1000F95D0002AF6D1C8F8001090E70F
:103C60003909030813460A46014602480068FFF76F
:103C70007BBF00BF00030020002310B50446C0E94D
:103C80000033C0E90433836081814366C28183616C
:103C9000194608225C3000F0D0F90D4B63620D4BE1
:103CA000A3620D4BE3620D4B23630D4B24629C42D8
:103CB00006D003F16802944202D0D0339C4205D171
:103CC00004F15800BDE8104000F0ECBA10BD00BF90
:103CD000A53E0208C73E0208FF3E0208233F020835
:103CE000D4390020024A0349034800F069B800BFF4
:103CF00088010020A95A02080403002041680C4BE7
:103D0000994210B5044601D001F0CEFEA168094BDE
:103D1000994202D0204601F0C7FEE168064B994265
:103D200004D02046BDE8104001F0BEBE10BD00BF6B
:103D3000D43900203C3A0020A43A002010B50B4BA7
:103D40000B4C0C4A1A60204600220421FFF794FF16
:103D500004F1680001220921FFF78EFF04F1D00071
:103D60000222BDE810401221FFF786BF0C3B002065
:103D7000D4390020E53C0208014800F094BA00BFA5
:103D8000153B0020014800F08FBA00BF153B002012
:103D900010B50446FFF7F0FF236A1BB1BDE81040E1
:103DA000FFF7F0BF044B2362044B1B68002BF5D1D7
:103DB000FFF7C4FFF2E700BFFD3C02080C3B002008
:103DC0002DE9F8430746884614460026D4E90195B4
:103DD000B9F1010905D52468002CF7D13046BDE8BA
:103DE000F883AB89012B07D9B5F90E30013303D025
:103DF00029463846C04706436835E9E70CB430B574
:103E0000174B0C1E1D689DB008DA8B232B604FF0FA
:103E1000FF301DB0BDE8304002B070474FF4027370
:103E2000ADF8143014BF04F1FF3323460493079315
:103E30004FF6FF7302900690ADF81630209A21AB32
:103E400002A92846019301F019FB431CBCBF8B2338
:103E50002B60002CDDD0029B00221A70D9E700BF36
:103E6000000300200EB400B59CB01DAB029006907C
:103E70006FF00041094807910491094953F8042B58
:103E800005910068019302A901F0F8FA029B002253
:103E90001A701CB05DF804EB03B0704700030020FB
:103EA0000802FFFF10B50C46B1F90E1000F088F9BA
:103EB0000028ABBF636DA3891B1823F48053ACBFEC
:103EC0006365A38110BD2DE9F0411F468B89DB0599
:103ED00005460C46164605D5B1F90E100223002200
:103EE00000F05CF9A389B4F90E1023F48053A38188
:103EF00032463B462846BDE8F04100F097B910B580
:103F00000C46B1F90E1000F049F9431CA38915BF06
:103F1000606523F4805343F48053A38118BFA381C9
:103F200010BDB1F90E1000F029B9F0B5ADF5057D61
:103F30000E4604AF4FF400710391009339461346C7
:103F400003AA054600F020F8044680B10246039B10
:103F50003146284600F06AF9BC42039003D021465E
:103F6000284600F0DBF903980DF5057DF0BD4FF014
:103F7000FF30F9E713460A46014602480068FFF79A
:103F8000D4BF00BF0003002030B515469BB02C689D
:103F90001A46D9B1002C19D04FF4C1630091049195
:103FA000ADF80C30214619DB4FF6FF7302910591F5
:103FB000ADF80E3069461E9B01F060FA00280FDB59
:103FC000009B286000221A7004980AE000214FF438
:103FD0002273ADF80C3000910491E5E78B23036068
:103FE00000201BB030BD10B501390244904201D110
:103FF000002005E0037811F8014FA34201D0181BFF
:1040000010BD0130F2E7884210B501EB020402D97D
:104010008442234607D8431EA14208D011F8012B41
:1040200003F8012FF8E7024401468A4200D110BD8F
:1040300013F8014D02F8014DF7E70244034693429D
:1040400000D1704703F8011BF9E7C9B203461846CF
:1040500013F8012B12B18A42F9D17047002918BF19
:104060000020704770B503461E4613F8014B44B15B
:104070004A1E01E0A54204D012F8015F002DF9D1DB
:10408000F2E7301A70BD10B56AB10139841810F822
:10409000012B11F8013F9A4203D1A04201D0002A1E
:1040A000F5D1D01A10BD1046FCE710B50139034612
:1040B00032B111F8014F03F8014B013A002CF7D14E
:1040C0001A440021934200D110BD03F8011BF9E707
:1040D00038B511F0FF0403460ED12146BDE8384043
:1040E000FFF7B3BF431C054621461846FFF7ADFF57
:1040F0000028F7D1284638BD0025F5E770B50346FE
:104100001E4613F8014B3CB14A1E01E0A542F7D010
:1041100012F8015F002DF9D1301A70BD1F2938B592
:1041200005460C4604D9162303604FF0FF3038BD16
:10413000C26B12B152F821304BB9284600F064F836
:10414000224601462846BDE8384000F04BB8012B16
:104150000AD0591C03D1162303600120E7E7002190
:1041600042F82410204698470020E0E7024B014621
:104170001868FFF7D3BF00BF0003002038B5064D15
:104180000023044608462B60E3F726FB431C02D1BC
:104190002B6803B1236038BD103B002038B5074DB4
:1041A00004460846114600222A601A46E3F71EFB21
:1041B000431C02D12B6803B1236038BD103B0020A3
:1041C00038B5074D04460846114600222A601A46B3
:1041D000E3F70EFB431C02D12B6803B1236038BD0B
:1041E000103B002038B5074D002304460846114611
:1041F0002B60E3F701FB431C02D12B6803B1236062
:1042000038BD00BF103B0020E3F7FEBA38B5064DBD
:104210000023044608462B60E3F7C0FA431C02D192
:104220002B6803B1236038BD103B002038B5074D23
:1042300004460846114600222A601A46FBF7A8FBEE
:10424000431C02D12B6803B1236038BD103B002012
:10425000014B1868704700BF0003002070B50D4D7A
:104260000D4C641BA4100026A64209D10B4D0C4C2A
:1042700001F0F6FE641BA4100026A64205D170BD15
:1042800055F8043B98470136EEE755F8043B98474C
:104290000136F2E7BC0C0308BC0C0308BC0C030895
:1042A000F40C0308704770477047034611F8012B60
:1042B00003F8012B002AF9D170470A44914200F11A
:1042C000FF3300D1704710B511F8014B03F8014FCF
:1042D0009142F9D110BD0000004870470000C07F36
:1042E0001FB514461A46094B1B680546D86854B9D1
:1042F000074B1C46CDE9013400912B46054901F0DE
:10430000FBFBFEF73FFC044BF4E700BF000300207B
:104310004A0803084C0A03083F0A030838B5054653
:10432000002941D051F8043C0C1F002BB8BFE41801
:10433000FEF7E8FC1D4A136833B963601460284631
:10434000BDE83840FEF7E4BCA34208D92068211834
:104350008B4201BF19685B6809182160EDE71A46B6
:104360005B680BB1A342FAD911685018A0420BD177
:1043700020680144501883421160E0D118685B68DE
:10438000536008441060DAE702D90C232B60D6E7AB
:10439000206821188B4204BF19685B68636004BF02
:1043A000091821605460CAE738BD00BFD039002029
:1043B0000369B3EB611F2DE9F0434FEA611204DC9E
:1043C000002303610023436130E000F1140411F085
:1043D0001F0104EB830604EB82050CD100F11007EA
:1043E0002946B14230D39B1A9B00EA1E964238BF41
:1043F0000023234415E054F82270C1F12008CF4077
:1044000005F1040EA1467645F44611D89A1A920099
:10441000043A0135AE4238BF0022A318A75007B1B5
:1044200004331A1B9210A3420261CBD0BDE8F08383
:10443000DCF800C00CFA08FC4CEA070749F8047BDA
:104440005EF8047BCF40DEE751F804CB47F804CF99
:10445000C7E7A0F13003092B02D82038C0B270475B
:10446000A0F16103052B01D84738F7E7A0F141031C
:10447000052B01D82738F1E7002070472DE9F04FD0
:1044800085B08A4602930B68019090469C1CA14619
:1044900014F8010B3028FAD0A9EB0303A3F1020BA7
:1044A000FFF7D7FF0546002868D1A04901224846FA
:1044B000FFF7E9FD0746002867D199F80100264675
:1044C000FFF7C7FF002862D02346187830289946A6
:1044D00003F10103F9D0FFF7BCFFB0FA80F56D09D5
:1044E0004FF0010B4A46164601323078FFF7B1FF14
:1044F0000028F8D18D4901223046FFF7C4FD00287D
:104500003FD144B9741C2246164601323078FFF779
:10451000A0FF0028F8D1A41BA700337803F0DF0325
:10452000502B3ED173782B2B33D02D2B34D0711CD4
:1045300000240878FFF78DFF431EDBB2182B30D81C
:10454000A0F1100211F8010FFFF783FF00F1FF3C0B
:104550005FFA8CFCBCF1180F4FF00A031ED904B1AE
:1045600052421744CAF80010EDB1BBF1000F0CBF66
:1045700006250025284605B0BDE8F08F00252C460D
:10458000B0E7002CC7D12746C7E74E462F46012586
:10459000C3E70024B11CCCE70124FBE703FB0200C6
:1045A000CEE73146DEE7A6EB0903013B2946072BA0
:1045B0000ADC019800F046FA044640B95C4B02461A
:1045C000E4215C48FFF78CFE01315B10EFE700F15E
:1045D000140A002355469B46B14537D345F804BB22
:1045E000A5EB0A05AD102561584600F01DFB6D01D5
:1045F000D8F800602D1AB54254DDAD1B294620467F
:1046000000F0ABFE814678B16B1E591103F01F021A
:104610005AF821104FF0010909FA02F20A4203D0B8
:104620004B4536DC4FF0020929462046FFF7C0FE15
:104630002F44D8F80830BB4242DA0198214600F0F6
:1046400041FA0E9A00231360A32593E716F8012D73
:104650002E2A12D0202B04D145F804BB4FF0000BBA
:104660005B4630780393FFF7F4FE039B00F00F00E6
:1046700098404BEA000B0433AEE7B145EAD82B492A
:10468000039301223046FFF7FEFC039B0028E1D193
:10469000A2E7A91E204600F060FE0028C2D04FF01D
:1046A0000309C1E709DA751B214601982A4600F083
:1046B00025FC7F1B044600F1140A4FF00009B8E7FF
:1046C000D8F80450BD426FDDED1BAE4234DCD8F8A3
:1046D0000C30022B22D0032B24D0012B15D1AE425B
:1046E00013D1012E0BD1029AD8F8043013600123A4
:1046F0002361CAF800300E9B62251C603AE7711EE8
:10470000204600F02AFE0028EDD10198214600F055
:10471000D9F90E9A0023136050252BE70F9B002B2D
:10472000F3D1E0E70F9B002BDDD1EEE7FB8C020815
:104730007B0A03088C0A03086F1EB9F1000F30D101
:1047400027B13946204600F008FE81467A11012340
:104750005AF8222007F01F07BB4013422946204683
:1047600018BF49F00209FFF723FED8F80470761B42
:104770000225B9F1000F47D0D8F80C30022B15D024
:10478000032B17D0012B09D119F0020F06D0DAF84C
:10479000003049EA030919F0010F0ED145F0100568
:1047A00032E04FF00109D1E70125E2E70F9BC3F1A9
:1047B00001030F930F9B002BF0D0D4F810B004F13D
:1047C00014034FEA8B0A03EB8B014FF0000C1846E1
:1047D00053F8042BB2F1FF3F1BD001320260022DCF
:1047E00004F114033CD1D8F80020013AB24209D1B7
:1047F0007111012253F8213006F01F0602FA06F665
:104800001E423AD145F020050E9B1C60029B1F60A2
:10481000B0E6994243F804CCD9D8A3689B4517DB8E
:1048200061680198013100F00DF9814618B91A4B01
:1048300002468421C5E62269023204F10C0192008D
:104840000C30FFF73AFD2146019800F03BF94C4649
:1048500023695A1C04EB8303226101225A61BEE7DB
:1048600022695A450BDD01212046FFF7A1FDD8F84A
:1048700008300137BB42FFF6E0AE0125C2E716F073
:104880001F06FAD05344C6F1200653F8040C00F07A
:10489000CBF9B042E7DBF0E77B0A0308C2F108027C
:1048A000920070B5C2F120064368046803FA06F569
:1048B0002C43D340046040F8043F8842F4D370BDD9
:1048C00030B50368013311F8014B14B903600120BE
:1048D00030BD13F8012BA2F14105192D98BF2032EC
:1048E000A242F0D00020F3E72DE9F04F0B680168F9
:1048F0005E1102EB860613F01F0387B018BF043663
:104900000025371F82469046019346F8045CB9465D
:104910003C460295AB464A784B1C039342B3104683
:1049200005910492FFF795FD002851D1049A05994D
:10493000202A18D8029B9B4513DD4C4506D2072D33
:1049400004DC2A4649462046FFF7A8FF444552D9D1
:104950000023A4F1040944F8043CCDF808B04C4607
:104960001D460399D7E7292A57D10231CAF800100A
:10497000BBF1000F51D04C4506D2072D04DC2A466E
:1049800049462046FFF78AFF444536D9A8F104027C
:10499000234653F8041B42F8041F9F42F9D23B1BE5
:1049A00023F0030304330134033EB44288BF0423DD
:1049B0004344002243F8042B9F42FBD23B681BB9BF
:1049C000474528D101233B60052007B0BDE8F08FA3
:1049D0000135082D0BF1010B06DD4445C1D900233B
:1049E00044F8043C0125043C226800F00F0040EA32
:1049F00002102060B5E70825B3E7019B002BDDD04E
:104A0000C3F120034FF0FF32DA4056F8043C134064
:104A100046F8043CD2E7043FD0E70420D5E782B053
:104A200001B901A942B14BB113780B601278101E85
:104A300018BF012002B070471046FBE76FF001007D
:104A4000F8E7000070B5C66904460D4676B9102037
:104A5000FEF7A6F80246E06120B9184B18486B2112
:104A6000FFF73EFCC0E901660660C660E669F368D0
:104A700083B1E369DB6853F82500B8B9012101FA75
:104A800005F6721D9200204601F048F860B1C0E9B9
:104A900001560EE021220421204601F03FF8E3698F
:104AA000F060DB68002BE4D1002070BD026843F8A1
:104AB00025200023C0E90333F7E700BF4D080308B2
:104AC000090B030870B5C66905460C4676B9102077
:104AD000FEF766F80246E86120B9094B09488F21C4
:104AE000FFF7FEFBC0E901660660C6603CB1EB69FA
:104AF0006268DB6853F82210216043F8224070BDE1
:104B00004D080308090B03082DE9F0410D6907461C
:104B10000C461E4601F1140C0020DCF8003099B25E
:104B200002FB01611E0C0B0C02FB063389B2013043
:104B300001EB034185424CF8041B4FEA1346ECDCC1
:104B40000EB3A368AB4219DC616838460131FFF748
:104B500079FF804628B902460C4B0D48BA21FFF771
:104B6000BFFB2269023204F10C0192000C30FFF706
:104B7000A4FB21463846FFF7A5FF444604EB850316
:104B800001355E6125612046BDE8F0817B0A03089E
:104B9000090B03082DE9F8430C4615461F46092268
:104BA0000833064693FBF2F3002101229A4209DB07
:104BB0003046FFF747FF40B90246194B1948D32149
:104BC000FFF78EFB52000131F0E7089B4361092D8E
:104BD0004FF00103036116DD04F10909C8462C44B6
:104BE00018F8013B0146303B0A223046FFF78CFFA4
:104BF000A045F5D1A5F108044C442D1B6319BB4217
:104C000004DBBDE8F8830A340925F6E714F8013B14
:104C10000146303B0A223046FFF776FFEEE700BF41
:104C20007B0A0308090B0308B0F5803F034636BF33
:104C3000030400201020B3F1807F3CBF1B0208302A
:104C4000B3F1805F3CBF1B010430B3F1804F03D34D
:104C5000002B0ADB013070479B0001D50230704702
:104C60005B0001D50330704720207047036802467F
:104C700013F007000BD0D90721D4980749BF5B0870
:104C80009B08012013605CBF13600220704799B23B
:104C900009B91B0C1020D9B209B908301B0A190731
:104CA00004BF1B090430990704BF9B080230D907D1
:104CB00003D45B0800F1010003D0136070470020AB
:104CC000704720207047000010B50C460121FFF707
:104CD000B9FE024628B9054B054840F24511FFF7D9
:104CE000FFFA01234461036110BD00BF7B0A030882
:104CF000090B03082DE9F04F14460A6923699A420B
:104D0000A8BF23460F46A4BF0C461F46D4F810A0E8
:104D1000D7F81090A36861680AEB0906B34285B022
:104D2000B8BF0131FFF78EFE30B90246444B45480B
:104D30004FF4B171FFF7D4FA00F1140505EB8608C2
:104D40002B460022434521D307F1140104F114023C
:104D500002EB8A0201EB89030293131B153B23F03C
:104D60000303043304F11507BA4238BF0423019347
:104D7000029B03918B420CD8002E03DD58F8043DB2
:104D8000002B5AD0066105B0BDE8F08F43F8042B24
:104D9000D8E7B1F800A0BAF1000F23D004F1140E47
:104DA000A9464FF0000C5EF8047BD9F800301FFADA
:104DB00087FB9BB20AFB0B336344D9F800C03F0C5E
:104DC0004FEA1C4C0AFB07C707EB13479BB243EAA9
:104DD0000743724549F8043B4FEA174CE3D8019B5F
:104DE00045F803C0039BB3F802900431B9F1000FFA
:104DF00021D02B6804F1140CAE464FF0000ABCF829
:104E000000B0BEF8027009FB0B7757449BB243EA2F
:104E100007434EF8043B5CF8043B4FEA134ABEF8E4
:104E2000003009FB0A3303EB174362454FEA134A8C
:104E3000E5D8019FEB5104359AE7013E9CE700BF9E
:104E40007B0A0308090B03082DE9F843154612F005
:104E5000030207460E4607D0254C013A002354F8BA
:104E60002220FFF751FE0646AD103DD0FC697CB90B
:104E70001020FDF795FE0246F86128B91D4B1E482B
:104E800040F2B311FFF72CFAC0E901440460C4609A
:104E9000D7F81C80D8F808404CB940F27121384648
:104EA000FFF712FF0023C8F80800044603604FF024
:104EB0000009EB070AD5314622463846FFF71AFFAC
:104EC000314680463846FFF7FDFD46466D100BD053
:104ED000206838B9224621463846FFF70BFF20608C
:104EE000C0F800900446E4E73046BDE8F88300BF10
:104EF000800B03084D080308090B03082DE9F04750
:104F00000C464968236903EB6218A368074691467B
:104F10004FEA621A08F10106B3420BDB3846FFF78D
:104F200091FD054648B90246284B29484FF4EF71D8
:104F3000FFF7D6F901315B00EEE7002300F1140121
:104F400000F110021846534533DB20692AEAEA7A59
:104F500004F1140319F01F0901EB8A0103EB800C23
:104F60002BD0C9F1200E8A460022186800FA09F0F9
:104F700010434AF8040B53F8042B9C4522FA0EF216
:104F8000F3D8ACEB0403153B23F00303043304F123
:104F90001500844538BF0423CA500AB108F102063F
:104FA000013E38462E612146FFF78CFD2846BDE8BC
:104FB000F08742F8040F0133C5E7043953F8042B96
:104FC00041F8042F9C45F9D8EAE700BF7B0A0308A3
:104FD000090B03080A6903460069801A30B50ED12F
:104FE0001433143103EB820401EB820154F8045DA5
:104FF00051F8042D954203D005D24FF0FF3030BD5B
:10500000A342F3D3FBE70120F9E700002DE9F74FB6
:1050100089460646114648461446FFF7DBFF051E43
:1050200012D129463046FFF70DFD024628B93E4B06
:1050300040F237213D48FFF753F90123C0E9043519
:10504000104603B0BDE8F08FBCBF4B46A1463046CA
:10505000D9F80410BABF1C4601250025FFF7F2FC61
:10506000024618B9304B40F24521E3E7D9F81070F9
:105070002669C56009F1100309F1140504F1140E45
:1050800000F1140B05EB87080EEB86060193D94659
:105090004FF0000C019B5EF8040B53F804AF019332
:1050A00081B21FFA8AF35B1A000C6344C0EB1A400A
:1050B00000EB23409BB243EA0043764549F8043BAA
:1050C0004FEA204CE6D8331B153B23F0030315347D
:1050D0000433A64238BF04231D445B441E462C46BD
:1050E00044450ED308F10301491B21F00301033DA0
:1050F000A84538BF00210B4453F8041D91B1176136
:105100009EE754F8041BE646080C1CFA81FC714427
:1051100000EB2C4089B241EA004146F8041B4FEAFB
:10512000204CDDE7013FE7E77B0A0308090B030892
:105130000E4B0B40A3F15073002B08DC5B42B3F124
:10514000A07F4FEA235204DA4FF4002313410022D8
:1051500008E0A2F114031E2BDABF4FF00042DA4040
:105160000122002319461046704700BF0000F07F5F
:105170000269F8B500F1140606EB8202204F52F8DE
:10518000044C2046FFF750FD03460A2BC0F12000D7
:10519000A2F10405086013DCAE4238BF52F8082CB7
:1051A000C3F10B0C28BF0022153324FA0CFE04FABD
:1051B00003F322FA0CF24EEA07011A431046F8BD37
:1051C000AE4236BFA2F10805002252F8082C0B3B74
:1051D00012D0C3F1200722FA07F19C400C43B542DC
:1051E00044F07F518CBF55F8044C00249A40FC4099
:1051F00041F440112243E1E744EA0701DEE700BF42
:105200000000F03F2DE973430121089E9046994626
:10521000FFF718FC044630B90246244B244840F2FC
:105220000F31FFF75DF8C9F30A55C9F313030DB148
:1052300043F480130193B8F1000324D0684600932F
:10524000FFF714FDDDE90012D8B1C0F1200302FA26
:1052500003F30B43C24063610192019BA361002BE6
:105260000CBF012202222261ADB1A5F233450544F3
:105270003560C0F13500099B1860204602B0BDE8DA
:1052800070836161E9E701A8FFF7F0FC019B6361AE
:1052900020300122E7E704EB8203A0F232403060C5
:1052A0001869FFF7C1FCC0EB4210E4E77B0A030872
:1052B000090B03082DE9F04F85B0CDE9001002A9D4
:1052C000FFF756FF8B4606460F46009803A9FFF7E7
:1052D0004FFF019B89460D461969009B1B69C91A3E
:1052E000DDE902329B1A03EB4113002BCDBF3A4696
:1052F000C3EB03332A4602EB035BD8BF02EB03592F
:10530000044622464B4630465946DBF7FFF905B0C6
:10531000BDE8F08F013970B549111469013102F10E
:10532000140300EB810103EB8404051FA3420CD39B
:10533000A31A113B23F003031132A24288BF0023BA
:1053400018440023884205D370BD53F8046B45F818
:10535000046FEBE740F8043BF4E700F11402006946
:105360004B11984210B511DB0ADD11F01F0107D077
:1053700052F8234024FA01F000FA01F18C420BD1DB
:1053800002EB8303934203D8002010BD0346F7E7E6
:1053900053F8041D0029F5D00120F6E751F8043C2C
:1053A000181F002BBCBF0B58C01870470346084697
:1053B00041B1FF2A04D98A221A604FF0FF307047AA
:1053C0000A70012070472DE9F0478E681F46BE42E3
:1053D0000B6882460C4690462DD8B1F90C2012F489
:1053E000906F26D06569096905EB4505A3EB0109B6
:1053F00005EBD5757B1C4B446D109D4238BF1D4697
:10540000530527D52946FDF7FDFB064660B3216904
:105410004A46FEF752FFA38923F4906343F08003CA
:10542000A381266165614E44A5EB09052660A56050
:105430003E46BE4200D93E46206832464146FEF70F
:10544000E2FDA3689B1BA360236833442360002014
:10545000BDE8F0872A46FDF7D5FC06460028E0D1D6
:1054600021695046FEF75AFF0C23CAF80030A38981
:1054700043F04003A3814FF0FF30E9E72DE9F04FFF
:1054800098468B891B069DB007460D46144610D5DD
:105490000B6973B94021FDF7B5FB2860286130B96D
:1054A0000C233B604FF0FF301DB0BDE8F08F402370
:1054B0006B610023099320238DF82930CDF80C80EF
:1054C0003023DFF89C818DF82A304FF00109234604
:1054D0009A4613F8012B0AB1252AF9D1BAEB040B2D
:1054E0000BD05B46224629463846FFF76CFF013059
:1054F00000F0A780099A5A4409929AF80030002BCC
:1055000000F09F8000234FF0FF32CDE905230AF120
:10551000010A049307938DF853301A9354460522D9
:1055200014F8011B4E48DBF7BBFE049AD8B9D0062D
:1055300044BF20238DF85330110744BF2B238DF82F
:1055400053309AF800302A2B15D0079A5446002081
:105550004FF00A0C214611F8013B303B092B4BD987
:10556000B0B1079214E0A0EB080309FA03F3134368
:105570000493A246D2E7039B191D1B680391002BDD
:10558000BBBF5B4242F0020207930793B8BF04928D
:1055900023782E2B0AD163782A2B32D1039B1A1D34
:1055A0001B68039243EAE37302340593DFF8B4A067
:1055B000217803225046DBF773FE38B1049BA0EB41
:1055C0000A004022824013430134049314F8011B63
:1055D00025488DF828100622DBF762FE002836D019
:1055E000224B1BBB039B073323F0070308330393B2
:1055F000099B334409936AE70CFB02320C460120F5
:10560000A8E700230134059319464FF00A0C204601
:1056100010F8012B303A092A03D9002BC6D0059186
:10562000C4E70CFB012104460123F0E703AB009320
:105630002A460F4B04A93846AFF30080421C0646A9
:10564000D6D1AB895B063FF52DAF09982CE703ABAC
:1056500000932A46064B04A9384600F079F8EDE796
:10566000800C0308860C03088A0C03080000000065
:10567000C75302082DE9F047164698468A680B6919
:10568000DDF820909342B8BF1346336091F8432071
:1056900007460C460AB1013333602368990642BFBE
:1056A000336802333360256815F0060506D104F12E
:1056B000190AE36832689B1AAB4226DC94F843303F
:1056C0002268003B18BF012392062BD404F1430249
:1056D00041463846C84701301ED02368226903F08E
:1056E0000603042B02BFE5683368ED1AA3680CBFFC
:1056F00025EAE57500259342C4BF9B1AED180026E4
:105700001A34B5421AD1002008E00123524641461E
:105710003846C847013003D14FF0FF30BDE8F0876D
:105720000135C6E7E1185A1C302081F843002244B5
:1057300094F8451082F843100233C7E7012322464C
:1057400041463846C8470130E6D00136D9E7000067
:105750002DE9FF470F7E0C9E782F914680460C4620
:105760009A4601F1430207D8622F0AD8002F00F0B1
:10577000DD80582F00F0C38004F1420684F84270A7
:105780003AE0A7F16303152BF6D801A151F823F0F5
:10579000E9570208FD5702087957020879570208AD
:1057A0007957020879570208FD570208795702080D
:1057B00079570208795702087957020813590208E5
:1057C0008B580208CB58020879570208795702080B
:1057D00035590208795702088B5802087957020890
:1057E00079570208D358020833681A1D1B683260C3
:1057F00004F1420684F842300123A8E031682368AE
:10580000081D30601E0601D50D6803E05D06FBD55E
:10581000B1F900506168002D78DA2D20002984F854
:105820004300A1602DDA5E486D420A231646B5FB9F
:10583000F3F103FB1157C75D06F8017D2F46BB420C
:105840000D46F4D9082B0BD12368DF0708D523694F
:1058500061689942DEBF302306F8013C06F1FF364D
:10586000921B2261CDF800A04B4603AA2146404678
:10587000FFF700FF01306FD14FF0FF3004B0BDE8FB
:10588000F08723F004032360CDE72168336808061E
:1058900053F8045B02D4490648BFADB26F2F4048AD
:1058A000336014BF0A230823002184F8431066687C
:1058B000A660002EBADB216821F004012160002DD2
:1058C000B4D1002EB2D11646BCE7236843F02003C2
:1058D00023603448782784F84570236831681F06B0
:1058E00051F8045B02D45F0648BFADB23160D907FE
:1058F00044BF43F0200323601DB11023D4E72848A0
:10590000E9E7236823F020032360F6E724480A230D
:10591000CDE7336825686169181D30602E061B6865
:1059200001D5196002E06806FBD5198000232361C8
:10593000164697E733681A1D32601E6862680021B8
:105940003046DBF7ADFC08B1801B60606368236103
:10595000002384F8433085E72369324649464046B0
:10596000D047013088D023689B0714D4E068039B9C
:105970009842B8BF184681E701233246494640465F
:10598000D04701303FF478AF0135E36803995B1AE3
:10599000AB42F1DCEAE7002504F11906F5E700BFA8
:1059A000910C0308A20C0308B1F90C20F8B51707F5
:1059B00005460C4656D44B68002B02DC0B6C002BC2
:1059C0003DDDE66A002E3AD0002312F480522F68A3
:1059D000216A2B6025D0626DA389580705D56368BD
:1059E000D21A636B0BB1236CD21A216AE66A0023C8
:1059F0002846B047411C24D00023636023692360FC
:105A0000A389DA0400D56065616B2F60B9B104F138
:105A10004403994202D02846FEF780FC00236363CA
:105A20000DE001232846B047461C0246D4D12B681E
:105A3000002BD1D01D2B01D0162B2AD12F60002096
:105A40002EE02A68B4F90C3042B11D2A01D0162A82
:105A500021D10023636023692360D5E76260226956
:105A60002260CEE70F69002FE9D093070E6808BFC8
:105A70004B690F6018BF0023F61B8B60002EDEDD24
:105A8000216AD4F828C033463A462846E047002821
:105A900007DCB4F90C3043F04003A3814FF0FF3032
:105AA000F8BD0744361AE9E738B50B6905460C46D8
:105AB00013B90025284638BD18B1036A0BB9FEF7A3
:105AC00067F9B4F90C30002BF3D0626ED00704D420
:105AD000990502D4A06DFEF7E6FB28462146FFF7A4
:105AE00063FF636EDA070546E4D4A3899B05E1D41E
:105AF000A06DFEF7D9FBDDE70EB403B5014603AB9D
:105B0000054853F8042B0068019300F043F802B0F5
:105B10005DF804EB03B070470003002070B5A1FBF3
:105B200002543CB92946FDF76DF8064628B900260F
:105B3000304670BD0C220260F9E72A462146FEF786
:105B40007CFAF5E79368013B002B10B4936007DA09
:105B50009469A34201DB0A2902D110BC00F032B9DA
:105B60001368581C10601970084610BC7047F8B5CF
:105B700006460F461446D518AC4201D1002007E076
:105B800014F8011B3A463046FFF7DCFF431CF3D103
:105B9000F8BD00002DE9F04F0D469DB01446984623
:105BA000064618B1036A0BB9FEF7F2F86B6ED90717
:105BB00005D4AB899A0502D4A86DFEF774FBAB89B6
:105BC0001B0701D52B699BB92946304600F038F9EF
:105BD00070B16B6EDC0704D54FF0FF301DB0BDE82F
:105BE000F08FAB899805F7D4A86DFEF75DFBF3E75E
:105BF0000023099320238DF82930CDF80C80302321
:105C0000DFF8AC818DF82A304FF0010923469A461F
:105C100013F8012B0AB1252AF9D1BAEB040B0BD0EA
:105C20005B46224629463046FFF7A1FF013000F0CF
:105C3000A780099A5A4409929AF80030002B00F084
:105C40009F8000234FF0FF32CDE905230AF1010ABE
:105C5000049307938DF853301A935446052214F891
:105C6000011B5348DBF71CFB049AD8B9D10644BF8B
:105C700020238DF85330130744BF2B238DF8533066
:105C80009AF800302A2B15D0079A544600204FF07E
:105C90000A0C214611F8013B303B092B4BD9B0B11E
:105CA000079214E0A0EB080309FA03F313430493EB
:105CB000A246D2E7039B191D1B680391002BBBBFB3
:105CC0005B4242F0020207930793B8BF0492237825
:105CD0002E2B0AD163782A2B32D1039B1A1D1B6805
:105CE000039243EAE37302340593DFF8C8A02178F6
:105CF00003225046DBF7D4FA38B1049BA0EB0A002C
:105D00004022824013430134049314F8011B2A48B3
:105D10008DF828100622DBF7C3FA00283FD0274B66
:105D20001BBB039B073323F0070308330393099B33
:105D30003B4409936AE70CFB02320C460120A8E7BA
:105D400000230134059319464FF00A0C204610F841
:105D5000012B303A092A03D9002BC6D00591C4E79C
:105D60000CFB012104460123F0E703AB00932A4614
:105D7000134B04A93046AFF300800746781CD6D1F8
:105D80006B6ED90705D4AB899A0502D4A86DFEF7CE
:105D90008BFAAB895B063FF51FAF09981EE703AB93
:105DA00000932A46064B04A93046FFF7D1FCE4E7EE
:105DB000800C0308860C03088A0C0308000000000E
:105DC0006F5B0208F8B50E461446054618B1036A23
:105DD0000BB9FDF7DDFFA369A360A3891A0701D5FD
:105DE000236943B92146284600F02AF818B14FF03C
:105DF000FF373846F8BD23682269981A6369F6B2FE
:105E00008342374605DC21462846FFF74DFE002831
:105E1000EDD1A368013BA36023685A1C22601E7069
:105E20006269431C9A4204D0A389DB07E1D50A2E9C
:105E3000DFD121462846FFF737FE0028D9D0D6E724
:105E400038B5294B054618680C4618B1036A0BB9DA
:105E5000FDF79EFFB4F90C30190722D4DA0607D4F7
:105E600009222A6043F04003A3814FF0FF3033E062
:105E7000580712D5616B41B104F14403994202D035
:105E80002846FEF74BFA00236363A38923F024031B
:105E9000A3810023636023692360A38943F008037F
:105EA000A38123694BB9A38903F42073B3F5007F61
:105EB00003D02146284600F03FF8B4F90C3013F027
:105EC00001020AD00022A26062695242A2612269E4
:105ED00042B913F08000C5D138BD990758BF626937
:105EE000A260F4E70020F7E70003002070B50C463D
:105EF000B1F90E10002996B015461E460DDAA38999
:105F000013F0800F4FF0000114BF40234FF4806363
:105F1000002031602B6016B070BD6A4600F048F872
:105F20000028ECDB019901F47041A1F500535942BE
:105F300059414FF48063EBE78B89F7B59D0706461F
:105F40000C4607D504F147032360236101236361F5
:105F500003B0F0BD01AB6A46FFF7C8FF009F0546DE
:105F600039463046FCF74EFE48B9B4F90C309A0574
:105F7000EED423F0030343F00203A381E2E7A389F5
:105F8000206043F08003A381019BC4E904075BB157
:105F9000B4F90E10304600F01DF828B1A38923F0A3
:105FA000030343F00103A381A3891D43A581CFE728
:105FB00038B5074D00230446084611462B60E1F72B
:105FC0000EFC431C02D12B6803B1236038BD00BF17
:105FD000103B002038B5064D0023044608462B60D0
:105FE000E1F702FC431C02D12B6803B1236038BDEA
:105FF000103B002038B50022002304460D46DAF796
:10600000CDFC28B920462946BDE8384000F00AB842
:10601000204605F1004100F005F8404261EB4101E6
:1060200038BD00BFD0B50C4B002206460F46DAF74C
:1060300043FADAF719FD0446DAF7C4F9074B0022F0
:10604000DAF73AFA02460B4630463946DAF77CF878
:10605000DAF70AFD2146D0BD0000F03D0000F04116
:10606000F8B500BFF8BC08BC9E467047F8B500BF45
:08607000F8BC08BC9E46704715
:106078000000000001000000020000000200000013
:1060880000000000010000000000FFFF0000800089
:1060980000000000080008000000000000000000E8
:1060A800E8030000FFFFFFFFFFFFFFFFFFFFFFFF09
:1060B800FFFFFFFFFFFFFFFFFFFFFFFF00000000E4
:1060C800800100008001000012AD101B00000000DC
:1060D80001010000010001000000010001000000B2
:1060E8005000B00018017801B0021803C805300646
:1060F800300C980C0000000004000000000001585B
:10610800020D0000090000000038004012030000E2
:106118000F000000003001401205000019000000C7
:106128000038004012050000FFFFFFFF00000000DC
:10613800000000000500000000000158020D0000EA
:10614800090000000038004012050000130000009C
:1061580000300140120500001A000000003800401D
:10616800120500001D000000003800401205000064
:10617800FFFFFFFF00000000000000000600000015
:1061880000000158020D000014000000003001401A
:10619800120500001E000000003800401205000033
:1061A800FFFFFFFF000000000000000007000000E4
:1061B80000000158020D00000A00000000380040ED
:1061C800120500001F000000003800401205000002
:1061D800210000000038004012030000FFFFFFFF0D
:1061E800000000000000000014000000003801401A
:1061F80012070000FFFFFFFF000000000000000082
:10620800130000000038014012070000FFFFFFFFE5
:1062180000000000000000000300000000800040B3
:1062280012080000030100000044004012070000AB
:106238000A000000003801401207000017000000A3
:1062480000380140120700001A00000000800040DA
:106258001208000020000000008000401208000022
:10626800FFFFFFFF00000000000000000200000028
:1062780000800040120800000201000000440040B5
:106288001207000009000000003801401207000052
:10629800160000000038014012070000210000002D
:1062A8000080004012080000FFFFFFFF0000000010
:1062B8000000000000000000000000401281000003
:1062C80002000000000000401281010003000000ED
:1062D800000000401201020009000000002C0140EB
:1062E800120101000A000000002C01401281010087
:1062F8000F000000000000401281000013000000A1
:106308000000004012010100160000000044014096
:10631800128E10001700000000480140128E100075
:1063280019000000002C0140128111001901000021
:1063380000480140128E00001A00000000000040D2
:10634800128101001D000000002C01401281100084
:106358001E000000002C0140120111001F00000067
:10636800002C014012811100FFFFFFFF0000000018
:106378000000000009000000005400400A0400006A
:1063880016000000005400400A0400001A00000033
:10639800005C00400A0400001D000000005C004092
:1063A8000A0400001F000000005800400A04000012
:1063B80020000000005C00400A040000FFFFFFFF0F
:1063C80000000000000000000A0000000054004027
:1063D8000A0400000F000000005800400A040000F2
:1063E80014000000005C00400A04000017000000D0
:1063F800005400400A040000190000000054004046
:106408000A0400001E000000005C00400A040000AE
:1064180021000000005C00400A040000FFFFFFFFAD
:1064280000000000000000000A00000000740040A6
:1064380003800000FFFFFFFF0000000000000000D5
:106448000A00000000240140030003000D000000C2
:1064580000240140038004000E00000000240140D5
:10646800030005000F000000002401400380050020
:106478001300000000240140030001001400000084
:1064880000240140038001001D0000000024014099
:10649800030000001E0000000024014003800000EB
:1064A800FFFFFFFF000000000000000007000000E1
:1064B8000B0000000D000000110000001200000099
:1064C8000E0000000F000000100000000000000097
:1064D800020000000300000021000000200000006E
:1064E80016000000170000000F0000001F00000049
:1064F800090000001A0000001D000000190000003B
:106508001E0000000A0000000E0000000D00000040
:106518001300000014000000150000000400000033
:1065280005000000100000002F0000002E000000F1
:106538000700000006000000010002000400060039
:1065480008000A000C001000200040008000000134
:1065580002010403020408100400400000040000C3
:10656800001000B0002000B4004000B80100000096
:1065780002000004040000080800000C10000010CD
:1065880020000014400000188000001C00010020BA
:1065980000020024000400280008002C001000302D
:1065A80000200034004000380080003C000001401A
:1065B8000000024401000000020000000400000086
:1065C800080000001000000020000000400000004B
:1065D800800000000001000000020000000400002C
:1065E800000800000010000000200000004000002B
:1065F800008000000100000002000000040000000C
:10660800080000001000000020000000400000000A
:1066180080000000000100000002000000040000EB
:1066280000080000001000000020000000400000EA
:1066380000800000A0860100400D0300801A0600BB
:1066480000350C0040420F0080841E0000093D0008
:1066580000127A000024F40000366E010048E801B8
:10666800006CDC02000000000000000000000000D8
:106678000000000000000000000000000000000012
:1066880000000000010000000200000003000000FC
:1066980004000000010000000300000005000000E5
:1066A8000100000001000000060000000A000000D0
:1066B80020000000020000000400000008000000A4
:1066C80010000000400000008000000000010000F1
:1066D8000002000076312E302E312D623033646492
:1066E80030610032342D4D61792D323032360072EE
:1066F80065706561746572007B2272656376223A03
:1067080025752C2273656E74223A25752C22666CC9
:106718006F6F645F7478223A25752C2264697265FC
:1067280063745F7478223A25752C22666C6F6F64E7
:106738005F7278223A25752C226469726563745FEA
:106748007278223A25752C22726563765F657272BB
:106758006F7273223A25757D00253032643A2530F0
:1067680032643A25303264202D2025642F25642F89
:106778002564205500736C65657020617474656DBF
:106788007074733D256C750A736B69702070656E43
:1067980064696E673D256C75206272696467653D42
:1067A800256C750A77616B652072783D256C7520BC
:1067B800737570706F72743D257300756E6B6E6FB4
:1067C800776E005F6D61696E002F7061636B657431
:1067D8005F6C6F670025733A25643A2564002D6E57
:1067E8006F6E652D007B226E6F6973655F666C6FD7
:1067F8006F72223A25642C226C6173745F72737312
:1068080069223A25642C226C6173745F736E72225C
:106818003A252E32662C2274785F6169725F73653F
:106828006373223A25752C2272785F6169725F73EF
:10683800656373223A25757D007B226261747465F5
:1068480072795F6D76223A25752C22757074696DA0
:10685800655F73656373223A25752C226572726FC2
:106868007273223A25752C2271756575655F6C65A2
:106878006E223A25757D006164763D256C752F255D
:106888006C752F256C75206361643D256C752F250B
:106898006C750A77206E3D257520753D2575206439
:1068A8003D257520733D25752066643D256C752052
:1068B80064643D256C750A613D256C752F256C75E2
:1068C80020633D257520643D257520703D25752084
:1068D800793D25750044003A2052582C206C656E8D
:1068E8003D25642028747970653D25642C20726FDD
:1068F8007574653D25732C207061796C6F61645FD8
:106908006C656E3D25642920534E523D2564205206
:106918005353493D25642073636F72653D256400B8
:10692800205B25303258202D3E20253032585D0A14
:10693800003A2054582C206C656E3D25642028743C
:106948007970653D25642C20726F7574653D2573DB
:106958002C207061796C6F61645F6C656E3D256495
:1069680029003A205458204641494C212C206C6576
:106978006E3D25642028747970653D25642C20724D
:106988006F7574653D25732C207061796C6F616437
:106998005F6C656E3D2564290A0077696F2D653542
:1069A8002D6D696E69205265706561746572004C61
:1069B80056534954414E4F53004F4B202D206C6F76
:1069C8006164656420256420726567696F6E730071
:1069D8007365747065726D2000457272202D206297
:1069E800616420706172616D73004F4B0045727273
:1069F800202D20696E76616C696420706172616D0A
:106A08007300457272202D20626164207075626B7C
:106A18006579006765742061636C0041434C3A00F6
:106A2800253032582000646973636F7665722E6E64
:106A380065696768626F727300457272202D206401
:106A48006973636F7665722E6E65696768626F72C7
:106A58007320686173206E6F206F7074696F6E7336
:106A6800004F4B202D20446973636F766572207345
:106A7800656E740025730A25730A257300000000EB
:106A880000000000000000005DBE0008A3780008B8
:106A980005920008B59200082D930008958C00080F
:106AA800C18C00083D7A00082B7800088D7A000810
:106AB800FDB8000813AF00083178000837780008DF
:106AC8000D780008D195000881930008238C0008F0
:106AD8005D8100080181000843780008A578000856
:106AE8002B790008B1A3000815780008E57A00089A
:106AF8000D890008599A000817780008718900085C
:106B080019780008C9B800081B7800081D78000823
:106B18004978000859780008697800084D7C000811
:106B28005D790008997B0008959B0008B1790008F9
:106B3800D979000879780008357C0008F5A500089F
:106B48008B7B000805860008297B0008158800084B
:106B580031870008017A0008DD8D0008C57B000830
:106B6800EF780008AD7B00085F7C00088578000896
:106B7800097C0008718B0008AD8B0008DB780008E1
:106B880030FFFFFF00000000597C00085178000822
:106B98006178000871780008A57B0008D39B00087D
:106BA800D1790008F97900087F780008457C000849
:106BB80041A60008917B000801870008837B000834
:106BC800618800089D870008357A0008618E0008F2
:106BD800017C0008897800082D7C0008A58B000836
:106BE800CB8B0008E7780008A7790008237900080C
:106BF800BD7B0008837C00081F7800082578000802
:106C080027780008297800088B3387E9C5CDEA6A18
:106C1800C9E5EDBAA115CD72000000000000000022
:106C28000000000000000000526570656174657224
:106C38002049443A200020202D3E2000000000007A
:106C48000000000065A60008000000000000000029
:106C580049A600080000000000000000C3A60008C4
:106C680069A600084E6F7420617661696C61626C78
:106C7800650053656565642057696F204535206D4B
:106C8800696E69004552524F523A20726164696FC9
:106C980020696E6974206661696C65643A20000039
:106CA800000000000000000067AB000800000000C2
:106CB8000000000065AB0008E5AB0008852A010864
:106CC800853E0108CB3E0108D53E0108C9200108D0
:106CD800E95301086D270108B9530108572601082F
:106CE800B7310108DD2C01087D2401086B24010857
:106CF8004D20010879470108F9460108E94C0108C7
:106D0800714F0108874F0108871A0108A51D01085E
:106D18003F4D010865460108454801081549010825
:106D28007D2D01088D2C01082D2701080921010856
:106D3800092301089D220108CB240108B724010872
:106D4800B5220108E5200108B126010879260108C5
:106D5800A520010865280108F5240108BF220108BB
:106D68002B260108751A01087D1A0108751A0108F1
:106D78007D1A0108751A01087D1A0108CD1D010840
:106D880041240108DD2E0108BD250108C72201089C
:106D9800411C0108BD1B0108754401084145010853
:106DA800811B0108D91B0108791C0108311F010842
:106DB8006D1F01080000000000000000C1FE00086F
:106DC8001DFF000885FF000849AC00082D010108D7
:106DD8005500010899FF0008F1FF0008DDAA000826
:106DE800F9FE0008C5FF000809FF000831AC0008DB
:106DF8001F8700082787000815AB000825AD000885
:106E0800D5AA0008F5AB0008B9FF0008E3AA0008F6
:106E1800E5AA000800000000000000002DAB0008F3
:106E28001BAC0008FDAB00080000000000000000DB
:106E3800A987000899AA0008A1AA0008A5AA00081D
:106E48005DAB0008CDAB0008C5AB0008EDAA000893
:106E5800D5AB0008A9AA0008ABAA0008AFAA000889
:106E6800E9AA0008B1AA000811AB0008B5AA0008F1
:106E7800B9AA0008BDAA0008C1AA0008C9AA000842
:106E8800CDAA0008A3AB0008000000000000000025
:106E980093AB000859AC000845AB000847AB0008A5
:106EA8004BAB00084FAB000853AB000857AB0008CA
:106EB80001000000000000000000000000000000C9
:106EC80000000000000000000200000001000000B7
:106ED80000000000000000000000000000000000AA
:106EE8000400000000000000010000000000000095
:106EF800000000000000000000000000000000008A
:106F08000000000000000000000000000000000079
:106F18001400000015000000FFFFFFFFFFFFFFFF48
:106F2800FFFFFFFF0000000000000000000000005D
:106F3800EDAE0008EFAE0008F1AE0008F3AE0008B1
:106F4800F5AE0008F7AE0008F9AE000809AF000872
:106F580019AF00080FAF000813AF000801AF000811
:106F680005AF00080D7800087065E18FD9FABB708D
:106F7800C1ED90DCA19907DE698C88B709EA146E27
:106F8800AFD93D9B830C7B60C4681193C79BBC3908
:106F9800945BA8064104BB618F8FD7A84A0AF6F50F
:106FA8007033D6E8DDCD6471001EC77175B0918E5F
:106FB800D206F9AE04EC136D6D5D4315BB26305453
:106FC80027F645B492E9350C1000000000000000D7
:106FD800000000005DBE0008EDAE0008EFAE00083E
:106FE800F1AE0008F3AE0008F5AE0008F7AE0008F1
:106FF800F9AE000809AF000819AF0008FDB800088D
:1070080013AF000801AF000805AF00080D780008AD
:10701800A5B80008B9B80008A9B80008CDB8000894
:10702800BDB80008C1B80008C5B80008ABB800086A
:10703800ADB8000815780008AFB80008B3B8000864
:10704800B5B8000817780008B7B80008197800081C
:10705800C9B800081B7800081D78000830313233A1
:10706800343536373839414243444546002F735F3B
:10707800636F6E7461637473004F4B202D207265CB
:1070880070656174206973206E6F77204F464600E3
:107098004F4B202D20726570656174206973206ED6
:1070A8006F77204F4E004F4B202D206D616C666F1F
:1070B800726D656420636861742064726F70206902
:1070C80073204F4E004F4B202D206D616C666F7200
:1070D8006D656420636861742064726F70206973E1
:1070E800204F464600647574796379636C652000A7
:1070F8004552524F523A20647574796379636C65CE
:10710800206D75737420626520312D313030004F49
:107118004B202D2025642E2564252500616620003E
:10712800696E742E74687265736820006167632ED7
:1071380072657365742E696E74657276616C200071
:107148004F4B202D20696E74657276616C20726FCA
:10715800756E64656420746F202564006D756C74A9
:10716800692E61636B732000616C6C6F772E72659A
:1071780061642E6F6E6C792000666C6F6F642E618F
:1071880064766572742E696E74657276616C20001F
:107198004572726F723A20696E74657276616C20FE
:1071A80072616E676520697320332D313638206827
:1071B8006F757273004572726F723A20696E7465EA
:1071C8007276616C2072616E676520697320256430
:1071D8002D323430206D696E75746573006775657E
:1071E80073742E70617373776F7264200070727697
:1071F8002E6B657920004F4B2C207265626F6F747F
:1072080020746F206170706C7921204E6577207032
:1072180075626B65793A20004572726F722C206234
:107228006164206B6579006E616D65200072657020
:1072380065617420006D616C666F726D65642E64A3
:10724800726F7020006D616C666F726D65642000EE
:107258004F4B202D207265626F6F7420746F206110
:1072680070706C79004572726F722C20696E76614D
:107278006C696420726164696F20706172616D73FA
:10728800006C617420006C6F6E2000727864656C0D
:10729800617920004572726F722C2063616E6E6F87
:1072A80074206265206E6567617469766500666C36
:1072B8006F6F642E6D617820004572726F722C209A
:1072C8006D617820363400666C6F6F642E61647669
:1072D8006572742E6261736520004572726F723A2E
:1072E8002062617365206D75737420626520626524
:1072F800747765656E203020616E64203100666C9D
:107308006F6F642E72656C61792E70726F622000E7
:107318004572726F723A2070726F626162696C694D
:107328007479206D75737420626520302D3235357F
:1073380000666C6F6F642E64796E616D69632E658B
:107348006E61626C6520004572726F723A206578D2
:10735800706563746564206F6E206F72206F666657
:10736800006469726563742E747864656C61792051
:10737800006F776E65722E696E666F20007061749B
:10738800682E686173682E6D6F646520004572729F
:107398006F722C206D75737420626520302C312C2F
:1073A800206F722032006C6F6F702E646574656395
:1073B8007420004572726F722C206D757374206290
:1073C800653A206F66662C206D696E696D616C2C5C
:1073D800206D6F6465726174652C206F7220737400
:1073E80072696374007478200066726571200061A8
:1073F80064632E6D756C7469706C69657220004FDA
:107408004B202D207573696E672064656661756C05
:107418007420626F617264206D756C7469706C6938
:107428006572004F4B202D206D756C7469706C6906
:1074380065722073657420746F20252E33660045AD
:1074480072726F723A20756E737570706F727465B0
:1074580064206279207468697320626F61726400C5
:10746800756E6B6E6F776E20636F6E6669673A2014
:107478002573004572726F722C2062616420636804
:1074880061727300647574796379636C65003E207A
:1074980025642E25642525006166003E202573009D
:1074A800696E742E746872657368003E20256400E6
:1074B8006167632E72657365742E696E7465727682
:1074C800616C006D756C74692E61636B7300616C1F
:1074D8006C6F772E726561642E6F6E6C7900666CC6
:1074E8006F6F642E6164766572742E696E7465724E
:1074F80076616C00666C6F6F642E61647665727479
:107508002E6261736500666C6F6F642E72656C61C4
:10751800792E70726F62003E20257500666C6F6F61
:10752800642E64796E616D69632E656E61626C6547
:107538000067756573742E70617373776F7264007A
:107548007072762E6B6579006E616D65007265707C
:10755800656174006D616C666F726D65642E64722E
:107568006F70006D616C666F726D6564006C61743C
:10757800006C6F6E003E2025732C25732C25642C1F
:10758800256400727864656C617900666C6F6F645D
:107598002E6D6178006469726563742E7478646511
:1075A8006C6179006F776E65722E696E666F007018
:1075B8006174682E686173682E6D6F6465006C6F06
:1075C8006F702E646574656374003E206F66660094
:1075D8003E206D696E696D616C003E206D6F64655B
:1075E80072617465003E2073747269637400747804
:1075F8000066726571007075626C69632E6B6579DF
:1076080000726F6C65006272696467652E747970C8
:1076180065006E6F6E6500626F6F746C6F61646594
:10762800722E766572004552524F523A20756E732B
:107638007570706F72746564006164632E6D756C2B
:107648007469706C696572003E20252E336600707F
:1076580077726D67742E737570706F7274003E2048
:10766800756E737570706F72746564007077726D83
:1076780067742E736F75726365004552524F523AA4
:1076880020506F776572206D616E6167656D656EFC
:1076980074206E6F7420737570706F7274656400F7
:1076A8007077726D67742E626F6F74726561736F35
:1076B8006E007077726D67742E626F6F746D7600EE
:1076C8003F3F3A20257300457272202D2073617662
:1076D80065206661696C6564002A007472656500DE
:1076E8006C6F6164007361766500616C6C6F7766BE
:1076F80000457272202D20756E6B6E6F776E20724A
:107708006567696F6E0064656E7966006765740009
:107718002025732028257329202573002025732010
:10772800257300686F6D650020686F6D652069734B
:10773800206E6F772025730020686F6D6520697350
:107748002025730064656661756C74002064656645
:1077580061756C742073636F7065206973206E6F38
:1077680077203C6E756C6C3E002064656661756CB4
:10777800742073636F7065206973206E6F7720259E
:107788007300457272202D20726567696F6E2074D0
:1077980061626C652066756C6C0020646566617555
:1077A8006C742073636F70652069732025730045BE
:1077B8007272202D20756E6B6E6F776E20706172FD
:1077C800656E7400457272202D20756E61626C655D
:1077D80020746F20707574004F4B202D2028666C24
:1077E8006F6F6420616C6C6F776564290072656DDA
:1077F8006F766500457272202D206E6F7420656D5E
:1078080070747900457272202D206E6F7420666F37
:10781800756E6400616C6C6F7765640064656E6991
:10782800656400457272202D207573652027616C90
:107838006C6F77656427206F72202764656E6965B1
:10784800642700457272202D203F3F004572720068
:107858006E756C6C00706F7765726F666600736822
:107868007574646F776E00636C6B7265626F6F74AA
:10787800006164766572742E7A65726F686F700045
:107888004F4B202D207A65726F686F702061647687
:107898006572742073656E74006164766572740035
:1078A8004F4B202D204164766572742073656E7489
:1078B80000636C6F636B2073796E63004F4B202DF0
:1078C80020636C6F636B207365743A2025303264D3
:1078D8003A25303264202D2025642F25642F256415
:1078E80020555443004552523A20636C6F636B2015
:1078F80063616E6E6F7420676F206261636B77617E
:10790800726473007374617274206F7461004572DD
:10791800726F7200636C6F636B0074696D65200031
:10792800284552523A20636C6F636B2063616E6E18
:107938006F7420676F206261636B7761726473296B
:10794800006E65696768626F722E72656D6F766525
:1079580020004552523A20626164207075626B655E
:10796800790074656D70726164696F20004F4B20F7
:107978002D2074656D7020706172616D7320666F63
:1079880072202564206D696E73004572726F722CC7
:1079980020696E76616C696420706172616D730034
:1079A80070617373776F7264206E6F773A202573F6
:1079B80000636C6561722064656E73652E73746113
:1079C800747300284F4B202D2064656E73652073F7
:1079D800746174732072657365742900636C6561E2
:1079E8007220706F7765722E737461747300284FFC
:1079F8004B202D20706F776572207374617473202B
:107A080072657365742900636C65617220737461B3
:107A1800747300284F4B202D207374617473207287
:107A280065736574290046696C652073797374659C
:107A38006D2065726173653A2025730025732028CF
:107A48004275696C643A202573290073656E736FFB
:107A58007220676574200073656E736F722073659A
:107A68007420006F6B0063616E27742066696E6412
:107A780020637573746F6D207661720073656E7321
:107A88006F72206C697374006E6F20637573746F06
:107A98006D2076617200256420766172730A002574
:107AA800733D25730A002E2E2E206E6578743A25B4
:107AB8006400726567696F6E646200457272202D9A
:107AC80020447574636820726567696F6E2064610D
:107AD8007461626173652064697361626C656400D6
:107AE800706F776572736176696E67206F6E00706C
:107AF8006F776572736176696E67206F666600706E
:107B08006F776572736176696E67006C6F67207353
:107B180074617274002020206C6F6767696E67203B
:107B28006F6E006C6F672073746F70002020206C7C
:107B38006F6767696E67206F6666006C6F672065A0
:107B480072617365002020206C6F67206572617315
:107B5800656400202020454F460073746174732DBE
:107B68007061636B6574730073746174732D7261F3
:107B780064696F0073746174732D636F7265005567
:107B88006E6B6E6F776E20636F6D6D616E64002F24
:107B9800636F6D5F7072656673002F6E6F64655FEB
:107BA80070726566730025732F25732E6964002F24
:107BB800726567696F6E7332005E002573257320E6
:107BC800460A00000000000000000000D1EE000896
:107BD800F3EE0008CDEE000827EF000817EF0008C5
:107BE8001BEF000821EF00088BFA0108ADFA010825
:107BF80000000000000000000FF7000845F700082B
:107C08004FF70008C3F6000855F60008E5F5000828
:107C1800E9F50008EDF5000817F700086DF700080A
:107C2800C9F6000825642E25303364000000F0C032
:107C3800000020C1000048C1000070C100008CC1D4
:107C48000000A0C100000000000000001D030108A2
:107C5800310301080000000000000000CB05010806
:107C68000D060108CDEE000863070108B1030108FD
:107C7800B9030108D30301088BFA0108ADFA01081A
:107C8800A086010080380100C0D4010000007A0DF0
:107C9800FA005C12A00F800214000000801A06008F
:107CA80000E2040000530700000084036400140588
:107CB8005802FA006400000040420F0000350C0032
:107CC800804F12000000C2013200F40104013C00A0
:107CD8006400000000000000000000000119010815
:107CE800131A0108051A0108F7190108E91901080A
:107CF800A91901089D190108971901088D1801088B
:107D0800931901088F1901087D190108191901082B
:107D180073190108251901086D1901081F190108AF
:107D280003190108211A01085B1901084B190108F8
:107D380047190108B5180108495701080000000053
:107D480000000000851A0108C91B0108852A0108DE
:107D5800853E0108CB3E0108D53E0108C92001082F
:107D6800E95301086D270108B9530108572601088E
:107D7800B7310108DD2C01087D2401086B240108B6
:107D88004D20010879470108F9460108E94C010826
:107D9800714F0108874F0108871A0108A51D0108BE
:107DA8003F4D010865460108454801081549010885
:107DB8007D2D01088D2C01082D27010809210108B6
:107DC800092301089D220108CB240108B7240108D2
:107DD800B5220108E5200108B12601087926010825
:107DE800A520010865280108F5240108BF2201081B
:107DF8002B260108751A01087D1A0108751A010851
:107E08007D1A0108751A01087D1A0108CD1D01089F
:107E180041240108DD2E0108BD250108C7220108FB
:107E2800411C0108BD1B01087544010841450108B2
:107E3800811B0108D91B0108791C0108311F0108A1
:107E48006D1F01080000000000000000C51C0108AB
:107E5800231D0108111D0108311D0108C91C010855
:107E6800A91901089D190108971901088D18010819
:107E7800931901088F1901087D19010819190108BA
:107E880073190108251901086D1901081F1901083E
:107E980003190108211A01085B1901084B19010887
:107EA80047190108B5180108495701080024F400CA
:107EB8000100000053583132363100000000000044
:107EC80000000000691E0108B91F0108852A010881
:107ED800853E0108CB3E0108D53E0108C9200108AE
:107EE800E95301086D270108B9530108572601080D
:107EF800B7310108DD2C01087D2401086B24010835
:107F08004D20010879470108F9460108E94C0108A4
:107F1800714F0108874F01089D200108A51D010820
:107F28003F4D010865460108454801081549010803
:107F38007D2D01088D2C01082D2701080921010834
:107F4800092301089D220108CB240108B724010850
:107F5800B5220108E5200108B126010879260108A3
:107F6800A520010865280108F5240108BF22010899
:107F78002B260108654401086D4401086544010881
:107F88006D440108654401086D440108CD1D0108D0
:107F980041240108DD2E0108BD250108C72201087A
:107FA8001544010845440108754401084145010884
:107FB800B74001086B1E0108DF1E0108311F0108C8
:107FC8006D1F010822FB1200110321001106210375
:107FD80022021406110B120B110E120E1114111697
:107FE800220B13152111240D2114211622152315F6
:107FF8004113411433145213611652165316631663
:108008006416741600000000000000000523010833
:1080180047260108852A0108853E0108CB3E01084C
:10802800D53E0108C9200108E95301086D27010858
:10803800B953010857260108B7310108DD2C01089A
:108048007D2401086B24010857530108794701086A
:10805800F9460108E94C0108714F0108874F0108EA
:1080680063530108695301083F4D0108654601083B
:1080780045480108154901087D2D01088D2C010886
:108088002D27010809210108092301089D2201085B
:10809800CB240108B7240108B5220108E52001080E
:1080A800B126010879260108A520010865280108DC
:1080B800F5240108BF2201082B26010865440108A0
:1080C8006D440108654401086D44010865440108D0
:1080D8006D4401084553010841240108DD2E0108BB
:1080E800BD250108C72201081544010845440108B7
:1080F8007544010841450108B7400108212D303376
:108108003639000F060300122436480416283A4C64
:10811800081A2C3E0C1E3042102234460113253713
:10812800490517293B4D091B2D3F0D1F31431123CD
:108138003547021426384A06182A3C4E0A1C2E4097
:108148000E203244031527394B07192B3D4F0B1DC1
:108158002F410F2133450108AC000000000000004A
:108168000000000000000000000000002B53010880
:10817800375301083D530108455301083753010897
:10818800E953010831530108B9530108375301086D
:10819800375301084B53010851530108375301085D
:1081A800575301085753010857530108455301080D
:1081B800455301085D5301086353010869530108D9
:1081C8004B530108515301086F5301086F530108BD
:1081D8007F53010885530108855301088D53010811
:1081E80099530108995301089D53010851530108F7
:1081F8005153010837530108A353010837530108A5
:1082080037530108A3530108A9530108AD530108C6
:10821800AF530108AD530108B1530108AD5301082C
:10822800B1530108AD530108B15301084553010882
:10823800A3530108B3530108375301080000000095
:10824800302112031203302103122130213003128E
:10825800437034072516526152612516340743705E
:10826800073470436152162516256152704307344E
:10827800340743705261251625165261437034073E
:10828800704307341625615261521625073470432E
:1082980000000000000000000000000000000000D6
:1082A80000000000000000000000000000000000C6
:1082B80000000000000000000000000000000000B6
:1082C80000000000000000000000000000000000A6
:1082D8000000000000000000000000003F570108F7
:1082E8003F57010841570108435701083F57010804
:1082F8004557010849570108000000000000000028
:108308007D5701089D5701087158010879570108E0
:10831800B1570108095A0108315C0108755801086C
:108328000000000000000000000000000000000045
:10833800715801080000000000000000095A0108F7
:10834800315C01087558010800010204081020403A
:10835800801B36001B362D6C775A4152096AD5307E
:1083680036A538BF40A39E81F3D7FB7CE339829BB7
:108378002FFF87348E4344C4DEE9CB547B9432A666
:10838800C2233DEE4C950B42FAC34E082EA1662837
:10839800D924B2765BA2496D8BD12572F8F6648632
:1083A800689816D4A45CCC5D65B6926C704850FD94
:1083B800EDB9DA5E154657A78D9D8490D8AB008C31
:1083C800BCD30AF7E45805B8B34506D02C1E8FCAAB
:1083D8003F0F02C1AFBD0301138A6B3A9111414FA0
:1083E80067DCEA97F2CFCEF0B4E67396AC7422E776
:1083F800AD3585E2F937E81C75DF6E47F11A711D56
:1084080029C5896FB7620EAA18BE1BFC563E4BC61B
:10841800D279209ADBC0FE78CD5AF41FDDA83388C4
:1084280007C731B11210592780EC5F60517FA91935
:10843800B54A0D2DE57A9F93C99CEFA0E03B4DAE60
:108448002AF5B0C8EBBB3C83539961172B047EBA5D
:1084580077D626E169146355210C7D637C777BF21E
:108468006B6FC53001672BFED7AB76CA82C97DFA20
:108478005947F0ADD4A2AF9CA472C0B7FD9326367D
:108488003FF7CC34A5E5F171D8311504C723C318DB
:1084980096059A071280E2EB27B27509832C1A1BFE
:1084A8006E5AA0523BD6B329E32F8453D100ED2056
:1084B800FCB15B6ACBBE394A4C58CFD0EFAAFB431C
:1084C8004D338545F9027F503C9FA851A3408F92B8
:1084D8009D38F5BCB6DA2110FFF3D2CD0C13EC5F52
:1084E800974417C4A77E3D645D197360814FDC22F1
:1084F8002A908846EEB814DE5E0BDBE0323A0A4971
:1085080006245CC2D3AC629195E479E7C8376D8DD7
:10851800D54EA96C56F4EA657AAE08BA78252E1CB1
:10852800A6B4C6E8DD741F4BBD8B8A703EB566489D
:1085380003F60E613557B986C11D9EE1F898116999
:10854800D98E949B1E87E9CE5528DF8CA1890DBF53
:10855800E6426841992D0FB054BB16000000000098
:108568000000000000000000000000000000000003
:1085780000000000000000000000000000000000F3
:10858800000000001B132C0AA3E59CEDA729630833
:108598005D210621EBFFFFFFFFFFFFFFFFFFFFFF4E
:1085A800FFFFFFFF0F000000EDD3F55C1A631258C0
:1085B800D69CF7A2DEF9DE140000000000000000DF
:1085C8000000000000000010A3DDB7A5B38ADE6D2F
:1085D800F5525177809FF0207DE3AB648E4EEA66BA
:1085E80065768BD70F5F87670100000000000000E9
:1085F8000000000000000000000000000000000073
:108608000000000000000000586666666666666640
:1086180066666666666666666666666666666666F2
:1086280066666666666666661AD5258F602D56C9C3
:10863800B2A7259560C72C695CDCD6FD31E2A4C0E1
:10864800FE536ECDD336692159F1B226949BD6EBF1
:1086580056B183829A14E00030D1F3EEF2808E197D
:10866800E7FCDF56DCD90624A3785913CA4DEB750D
:10867800ABD841414D0A700098E879777940C78CAA
:1086880073FE6F2BEE6C0352000000000000000028
:1086980089640108A96401081164010815640108C6
:1086A800196401088D660108F16601087164010802
:1086B8008B670108BB670108982F8A42914437717C
:1086C800CFFBC0B5A5DBB5E95BC25639F111F1594D
:1086D800A4823F92D55E1CAB98AA07D8015B83128F
:1086E800BE853124C37D0C55745DBE72FEB1DE803B
:1086F800A706DC9B74F19BC1C1699BE48647BEEF6A
:10870800C69DC10FCCA10C246F2CE92DAA84744AF4
:10871800DCA9B05CDA88F97652513E986DC631A86A
:10872800C82703B0C77F59BFF30BE0C64791A7D549
:108738005163CA0667292914850AB72738211B2ED1
:10874800FC6D2C4D130D385354730A65BB0A6A76B9
:108758002EC9C281852C7292A1E8BFA24B661AA8C5
:10876800708B4BC2A3516CC719E892D1240699D6D5
:1087780085350EF470A06A1016C1A419086C371E4E
:108788004C774827B5BCB034B30C1C394AAAD84E2C
:108798004FCA9C5BF36F2E68EE828F746F63A57867
:1087A8001478C8840802C78CFAFFBE90EB6C50A4FA
:1087B800F7A3F9BEF27871C60000000000000000BF
:1087C80081680108A1680108276801082B68010869
:1087D80049680108796D0108F76D01082F680108DB
:1087E800976E0108C76E010822AE28D7982F8A42D3
:1087F800CD65EF23914437712F3B4DECCFFBC0B5CE
:10880800BCDB8981A5DBB5E938B548F35BC25639CD
:1088180019D005B6F111F1599B4F19AFA4823F92B7
:1088280018816DDAD55E1CAB420203A398AA07D85B
:10883800BE6F7045015B83128CB2E44EBE85312455
:10884800E2B4FFD5C37D0C556F897BF2745DBE72AF
:10885800B196163BFEB1DE803512C725A706DC9B14
:10886800942669CF74F19BC1D24AF19EC1699BE4F9
:10887800E3254F388647BEEFB5D58C8BC69DC10F13
:10888800659CAC77CCA10C2475022B596F2CE92D73
:1088980083E4A66EAA84744AD4FB41BDDCA9B05C0B
:1088A800B5531183DA88F976ABDF66EE52513E98FC
:1088B8001032B42D6DC631A83F21FB98C82703B0EC
:1088C800E40EEFBEC77F59BFC28FA83DF30BE0C6C9
:1088D80025A70A934791A7D56F8203E05163CA067B
:1088E800706E0E0A67292914FC2FD246850AB7270D
:1088F80026C9265C38211B2EED2AC45AFC6D2C4D46
:10890800DFB3959D130D3853DE63AF8B54730A653F
:10891800A8B2773CBB0A6A76E6AEED472EC9C2819B
:108928003B358214852C72926403F14CA1E8BFA2F6
:10893800013042BC4B661AA89197F8D0708B4BC295
:1089480030BE5406A3516CC71852EFD619E892D11D
:1089580010A96555240699D62A20715785350EF435
:10896800B8D1BB3270A06A10C8D0D2B816C1A41949
:1089780053AB4151086C371E99EB8EDF4C77482773
:10898800A8489BE1B5BCB034635AC9C5B30C1C39BF
:10899800CB8A41E34AAAD84E73E363774FCA9C5BFC
:1089A800A3B8B2D6F36F2E68FCB2EF5DEE828F7477
:1089B800602F17436F63A57872ABF0A11478C88451
:1089C800EC39641A0802C78C281E6323FAFFBE908C
:1089D800E9BD82DEEB6C50A41579C6B2F7A3F9BEE7
:1089E8002B5372E3F27871C69C6126EACE3E27CA01
:1089F80007C2C021C7B886D11EEBE0CDD67DDAEA22
:108A080078D16EEE7F4F7DF5BA6F1772AA67F006C0
:108A1800A698C8A2C57D630AAE0DF9BE04983F1199
:108A28001B471C13350B711B847D0423F577DB284A
:108A38009324C7407BABCA32BCBEC9150ABE9E3C54
:108A48004C0D109CC4671D43B6423ECBBED4C54CEA
:108A58002A7E65FC9C297F59ECFAD63AAB6FCB5F2E
:108A68001758474A8C19446C08C9BCF367E6096A69
:108A78003BA7CA8485AE67BB2BF894FE72F36E3CA5
:108A8800F1361D5F3AF54FA5D182E6AD7F520E5102
:108A98001F6C3E2B8C68059B6BBD41FBABD9831FBC
:108AA80079217E1319CDE05BB0A00E4A271BEEC4D6
:108AB80078E42FAD0618432FA7D7FB3D99004D2B1F
:108AC8000BDFC14F8024832B000000000000000052
:108AD800000000000000000000000000000000008E
:108AE800000000000000000000000000000000007E
:108AF80000000000000000001F1C1F1E1F1E1F1F7B
:108B08001E1F1E0001000100640064000000000038
:108B1800000000000000000000000000000000004D
:108B2800000000000000000000000000000000003D
:108B3800000000000000000000000000000000002D
:108B4800000000000000000000000000000000001D
:108B5800000000000000000000000000000000000D
:108B680000000000000000000000000000000000FD
:108B780000000000000000000000000000000000ED
:108B880000000000000000000000000000000000DD
:108B980000000000000000000000000000000000CD
:108BA80000000000000000000000000000000000BD
:108BB80000000000000000000000000000000000AD
:108BC800000000000000000000000000010001009B
:108BD80001000A0002000000000000000000000080
:108BE800000000000000E80300000A006400E80339
:108BF8000100000001000100000000000000010069
:108C08000000000001000000E803E8030100010083
:108C180064000100000000000000000000000000E7
:108C28000100010102020000000000000000000035
:108C3800000000000000000000000000000000002C
:108C4800000000000000000000000000000000001C
:108C5800000000000000000000000000000000000C
:108C680000000000000000000000000000000000FC
:108C780000000000000000000000000000000000EC
:108C880000000000000004020102010000000000D2
:108C980000000006000202020400010200000002B7
:108CA800000002000404020406030900000000009A
:108CB80001000000000000000000000035770108F6
:108CC8003777010800000000000000000F78010855
:108CD80027780108CDEE0008C17801089B780108C3
:108CE800BD790108477801088BFA0108ADFA010837
:108CF8002F002E2E006C6974746C6566730000007A
:108D0800000000006410B71DC8206E3BAC30D926A7
:108D18009041DC76F4516B6B5861B24D3C71055053
:108D28002083B8ED44930FF0E8A3D6D68CB361CB7B
:108D3800B0C2649BD4D2D38678E20AA01CF2BDBD2F
:108D48000000000000000000A39A01085D960108D9
:108D58008D950108000000000000000000000000E0
:108D680000000000A39A01085D960108CF9A010847
:108D78000D9B01083D9B0108D39A010800000000E3
:108D880022AE28D7982F8A42CD65EF2391443771B8
:108D98002F3B4DECCFFBC0B5BCDB8981A5DBB5E92A
:108DA80038B548F35BC2563919D005B6F111F159F7
:108DB8009B4F19AFA4823F9218816DDAD55E1CAB28
:108DC800420203A398AA07D8BE6F7045015B8312BD
:108DD8008CB2E44EBE853124E2B4FFD5C37D0C5578
:108DE8006F897BF2745DBE72B196163BFEB1DE8070
:108DF8003512C725A706DC9B942669CF74F19BC161
:108E0800D24AF19EC1699BE4E3254F388647BEEFFD
:108E1800B5D58C8BC69DC10F659CAC77CCA10C24B5
:108E280075022B596F2CE92D83E4A66EAA84744A27
:108E3800D4FB41BDDCA9B05CB5531183DA88F9765F
:108E4800ABDF66EE52513E981032B42D6DC631A894
:108E58003F21FB98C82703B0E40EEFBEC77F59BF78
:108E6800C28FA83DF30BE0C625A70A934791A7D563
:108E78006F8203E05163CA06706E0E0A67292914CF
:108E8800FC2FD246850AB72726C9265C38211B2E17
:108E9800ED2AC45AFC6D2C4DDFB3959D130D385344
:108EA800DE63AF8B54730A65A8B2773CBB0A6A7657
:108EB800E6AEED472EC9C2813B358214852C7292ED
:108EC8006403F14CA1E8BFA2013042BC4B661AA86A
:108ED8009197F8D0708B4BC230BE5406A3516CC723
:108EE8001852EFD619E892D110A96555240699D6DB
:108EF8002A20715785350EF4B8D1BB3270A06A109C
:108F0800C8D0D2B816C1A41953AB4151086C371E4A
:108F180099EB8EDF4C774827A8489BE1B5BCB03465
:108F2800635AC9C5B30C1C39CB8A41E34AAAD84E47
:108F380073E363774FCA9C5BA3B8B2D6F36F2E680E
:108F4800FCB2EF5DEE828F74602F17436F63A578D4
:108F580072ABF0A11478C884EC39641A0802C78C83
:108F6800281E6323FAFFBE90E9BD82DEEB6C50A495
:108F78001579C6B2F7A3F9BE2B5372E3F27871C61E
:108F88009C6126EACE3E27CA07C2C021C7B886D14F
:108F98001EEBE0CDD67DDAEA78D16EEE7F4F7DF517
:108FA800BA6F1772AA67F006A698C8A2C57D630AA9
:108FB800AE0DF9BE04983F111B471C13350B711BEE
:108FC800847D0423F577DB289324C7407BABCA3222
:108FD800BCBEC9150ABE9E3C4C0D109CC4671D43FF
:108FE800B6423ECBBED4C54C2A7E65FC9C297F592F
:108FF800ECFAD63AAB6FCB5F1758474A8C19446CDA
:10900800853B8C01BDF124FFF825C30160DC3700E6
:10901800B74C3EFFC3423D00324CA401E1A44CFFD3
:109028004C3DA3FF753E1F00519140FF76410E0055
:10903800A273D6FF068A2E007CE6F4FF0A8A8F0008
:10904800341AC200B8F44C00818F2901BEF413FF12
:109058007BAA7AFF6281440079D5930056651EFF8A
:10906800A1679B008C5943FFEFE5BE01430BB50098
:10907800C6F089FEEE45BCFFEA713CFF25FF39FFCB
:1090880045B2B6FE80D0B300761A7DFE0307D6FF40
:10909800F1324DFF55CBC5FFD387FAFF193064FF76
:1090A800BBD5B4FE1158690053D19E010573620007
:1090B80004AE3CFEAB376EFFD9B511FF14BCAA0055
:1090C800929C66FE57D6AEFF727A9B01E92CAA00E5
:1090D8007F08EF01D6ECEA00AF05DB00316A3DFFFF
:1090E8000642D0FF026A6EFF51EA13FFD76BC0FF3A
:1090F8004397EE00132A6CFFE5557101324487FF50
:10910800116A0900326701FF5001A80123981EFF68
:1091180010A8B9013859E8FF65D2FC0029FA4700C0
:10912800CCAA4FFF0E2EEFFF504DEF00BDD64BFFE0
:10913800118DF90026504CFFBE55750056E4AA0063
:109148009CD8D001C3CFA4FF96424CFFAFE110FFDB
:109158008D5062014CDBF200C6A272002EDA980034
:109168009B2BF1FE9BA068FFB209FCFE646ED40045
:109178000E05A700E9EFA3FF1C979D0165920AFF62
:10918800FE9E46FE47F9E400581E3200443AA0FF0E
:10919800BF186801814281FFC03255FF08B38AFFBA
:1091A80026FAC9007350A00083E671007D58930029
:1091B8005A44C700FD4C9E001CFF760071FAFE0061
:1091C800424B2E00E6DA2B00E578BA0194442B00D6
:1091D800887CEE01BB6BC5FF5435F6FF3374FEFF88
:1091E80033BBA5000211AF004254A001F73A1E009C
:1091F800234135FE45ECBF002D86F501A37BDD003C
:10920800206E14FF3417A500BAD64700E9B06000F5
:10921800F2EF360139598A00530054FF88A06400E0
:109228005C8E78FE687CBE00B5B13EFFFA29550019
:1092380098822A0160FCF60097973FFEEF853E0072
:1092480020389C002DA7BDFF8E85B3018356D3001F
:10925800BBB396FEFAAA0EFF447115FFDEBA3BFFB8
:109268004207F10145064800569C6CFE37A7590095
:109278006D34DBFE0DB017FFC42C6AFFEF9547FF76
:10928800A48C7DFF9FAD01003329E700913E2100AA
:109298008A6F5D01B953450090732E00619710FFE6
:1092A80018E41A0031D9E200714BEAFEC1990CFFAB
:1092B800B63060FF0E0D1A0080C3F9FE45C13B00B1
:1092C800842551FE7D6A3C00D6F0A901A4E3420042
:1092D800D2A34E0025349700634D1A00EE9CD5FFAB
:1092E800D5C0D101492E54001441290136CE4F0072
:1092F800C98392FEAA6F18FFB12132FEAB26CBFFBD
:109308004EF77400D1DD99008580B2013A2C19001E
:10931800C9273B01BD13FC0031E5D20175BB7500BF
:10932800B5B3B8010072DB00305E9300F529380050
:109338007D0DCCFEF4AD77002CDD20FE54EA140040
:10934800F9A0C601EC7EEAFF8F3EDD008159D6FF09
:10935800378B05FE4414BFFF0ECCB20123C3D900DE
:109368002F33CE0126F6A500CE1B06FE9E572400FD
:10937800D93492FF7D7BD7FF553C1FFFAB0D07000B
:10938800DAF558FEFC233C0037D6A0FF8565380087
:10939800E02013FE9340EA001A91A20172767D0044
:1093A800F8FCFA00655EC4FFC68DE2FE332AB600FB
:1093B800870C09FE6DACD2FFC5ECC201F1419A00E1
:1093C800309C2FFF994337FFDAA522FE4AB4B30039
:1093D800DA424701587A6300D4B5DBFF5C2AE7FF1D
:1093E800EF009A00F54DB7FF5E51AA0112D5D800DB
:1093F800AB5D4700345EF8001297A1FEC5D142FF6D
:10940800AEF40FFEA230B700313DF0FEB65DC300EA
:10941800C7E40601C80511FF892DEDFF6C9404000F
:109428005A4FEDFF273F4DFF3552CF018E1676FF7D
:1094380065E812015C1A430005C858FF21A88AFF95
:1094480095E1480002D11BFF2CF5A801DCED11FFC6
:109458001ED369FE8DEEDD008050F5FE6FFE0E0016
:10946800DE5FBE01DF09F100924CD4FF6CCD68FFCE
:109478003F7599009045300023E46F00C021C1FF7B
:1094880070D6BEFE7398970017665800334AF800E6
:10949800E2C78FFECCA265FFD061BD01F56812005E
:1094A800E6F61EFF179445006E5834FEE2B559FFE4
:1094B800D02F5AFE72A150FF2174F800B39857FFBD
:1094C8004590B10158EE1AFF3A207101014D45004F
:1094D8003B7934FF98EE53003408C100E727E9FFD1
:1094E800C7228A00DE44AD005B39F2FEDCD27FFF82
:1094F800C007F6FE9723BB00C3ECA5006F5DCE0046
:10950800D4F785019A85D1FF9BE70A00404E2600D3
:109518007AF964011E1361FF3E5BF901F8854D007D
:10952800C53FA8FE740A5200B8EC71FED4CBC2FF46
:109538003D64FCFE2405CAFF775B99FF814F1D003F
:109548006767ABFEEDD76FFFD8354500EFF0170022
:10955800C295DDFF26E1DE00E8FFB4FE765285FF06
:1095680039D1B1018BE885009EB02EFEC2732E0062
:1095780058F7E5011C67BF00DDDEAFFE95EB2C0058
:1095880097E419FEDA6967008E55D2009581BEFF0F
:10959800D5415EFE7586E0FF52C675009DDDDC0094
:1095A800A3652400C572250068ACA6FE0BB60000B2
:1095B8005148BCFF61BC10FF45060A00C79391FFE4
:1095C8000809730141D6AFFFD9ADD100507FA6007D
:1095D800F7E504FEA7B77CFF5A1CCCFEAF3BF0FFB3
:1095E8000B29F8016C2833FF90B1C3FE96FA7E0070
:1095F8008A5B4101783CDEFFF5C1EF001DD6BDFF57
:1096080080021900509AA2004DDC6B01EACD4AFF96
:1096180036A667FF74480900E45E2FFF1EC819FFCD
:1096280023D659FF3DB08CFF53E2A3FF4B82AC0019
:10963800802611005F8998FFD77C9F014F5D00004D
:1096480094529DFEC382FBFF28CA4CFFFB7EE000BC
:109658009D633EFECF07E1FF6044C3008CBA9DFFC7
:109668008313E7FF2A80FE0034DB3DFE66CB48000B
:109678008D070BFFBAA4D5001F7A770085F29100F9
:10968800D0FCE8FF5BD5B6FF8F04FAFEF9D74A0095
:10969800A51E6F01AB09DF00E57B22015C821AFF82
:1096A8004D9B2D01C38B1CFF3BE04E008811F7003A
:1096B8006C7920004FFABDFF60E3FCFE26F13E0006
:1096C8003EAE7DFF9B6F5DFF0AE6CE0161C528FFB8
:1096D800003139FE41FA0D0012FB96FFDC6DD2FF16
:1096E80005AEA6FE2C81BD00EB2393FF25F78DFF69
:1096F800488D04FF676BFF00F75A0400352C2A00D9
:10970800021EF000043B3F00584E240071A7B4002D
:10971800BE47C1FFC79EA4FF3A08AC004D210C000C
:10972800413F0300994D21FFACFE6601E4DD04FFD3
:10973800571EFE01922956FF8ACCEFFE6C8D11FF51
:10974800BBF28700D2D07F00442D0EFE49603E0058
:10975800513C18FFAA0624FF03F91A0023D56D000F
:10976800168136FF1523E1FFEA3D38FF3AD9060096
:109778008F7C5800EC7E4200D126B7FF22EE06FF10
:10978800AE9166005F16D300C40F99FE2E54E8FF11
:1097980075229201E7FA4AFF1B8664015CBBC3FF8E
:1097A800AAC67000781C2A00D14643001D511F002C
:1097B8001DA86401A9ADA0006B2375003E603BFFA6
:1097C800510C450187EFBEFFDCFC1200A3DC3AFF19
:1097D8008989BCFF53666D0060064C00EADED2FF43
:1097E800B9AECD013C9ED5FF0DF1D600AC818C0001
:1097F8005D68F200C09CFB002B751E00E1519E00C5
:109808007FE8DA00E21CCB00E91B97FF752B05FF08
:10981800F20E2FFF2114060089FB2CFE1B1FF5FFFB
:10982800B7D67DFE28799500BA9ED5FF5908E30082
:10983800455800FECB87E100C9AECB009347B8007E
:10984800127929FE5E054E00E0D6F0FE2405B4002C
:10985800FB87E701A38AD400D2F974FE5881BB00C4
:10986800130831FE3E0E90FF9F4CD300D6335200B2
:109878006D75E4FE67DFCBFF4BFC0F019A47DCFFF9
:10988800170D5B018DA860FFB5B68500FA33370068
:10989800EAEAD4FEAF3F9E0027F034019EBD24FFC4
:1098A800D528550120B4F7FF13661A01541861FF33
:1098B8004515DE00948B7AFFDCD5EB01E8CBFF0081
:1098C80079399300E3079A00351693014801E100BE
:1098D800528630FE533C9DFF9148A9002267EF0055
:1098E800C6E92F00741304FFB86A09FFB781530053
:1098F80024B0E60122674800DBA28600F52A9E0014
:10990800209560FEA52C9000CAEF48FED79605006A
:109918002A42240184D7AF0056AE56FF1AC59CFFD1
:1099280031E887FE67B65200FD80B00199B27A002F
:10993800F5FA0A00EC18B200896A8400281D29008B
:10994800321E98FF7C692600E6BF4B008F2BAA00C9
:109958002C8314FF2C0D17FFEDFF9B019F6D64FFF7
:1099680070B518FF68DC6C0037D38300630CD5FF33
:10997800989791FFEE059F00619B0800216C5100AC
:10998800010367003E6D22FFFA9BB4002047C3FF26
:10999800264691019F5FF50045E56501881CF000AA
:1099A8004FE019004E6E79FFF8A87C00BB80F700E5
:1099B8000293EBFE4F0B8400463A0C01B508A3FF57
:1099C8004F8985FF25AA0BFF8DF355FFB0E7D7FF19
:1099D800CC96A4FFEFD727FF2E579CFE08A358FF6D
:1099E800AC22E800422C66FF1B3629FEEC6357FFC9
:1099F800297BA90134722B00758628009B861A00E2
:109A0800E7CF5BFE238426FF13667DFE24E385FFF4
:109A1800760371FF1D0D7C0098604A015892CEFFB5
:109A2800A7BFDCFEA21258FFB66417001F753400EA
:109A3800512E6A010C0207004550C901D1F6AC004D
:109A48000C308D01E0D3580074E29F007A628200E6
:109A580041ECEA01E1E209FFCFE27B0159D63B0084
:109A6800708758015AF4CBFF310B2601816CBA007C
:109A780059700F01652ECCFF7FCC2DFE4FFFDDFF07
:109A8800334912FF7F2A65FFF115CA00A0E30700DA
:109A98006932EC004F34C5FF68CAD001B40F10001A
:109AA80065C54EFF624DCB0029B9F10123C17C0089
:109AB800239B17FFCF35C0000B7DA301F99EB9FF8B
:109AC80004833000155D6FFF3D79E70145C824FF29
:109AD800B930B9FF6FEE15FF273219FF63D7A3FF1F
:109AE80057D41EFFA49305FF800623016CDF6EFF89
:109AF800C24CB2004A65B400F32F3000AE192BFFF8
:109B080052ADFD013672C0FF28375B00D76CB0FF3D
:109B18000B380700E0E94C00D162CAFEF2197D005B
:109B28002CC15DFECB08B10087B013007047D5FF8C
:109B3800CE3BB00104431A000E8FD5FE2A37D0FF62
:109B48003C437800C115A30063A473000A1476008F
:109B58009CD4DEFEA007D9FF72F54C01753B7B0053
:109B6800B0C256FED50FB0004ECECFFED5813B0019
:109B7800E9FB1601603798FFECFF0FFFC55954FF4A
:109B88005D958500AEA07100EA63A9FF987458003E
:109B980090A453FF5F1DC6FF222F0FFF637886FF37
:109BA80005ECC100F9F77EFF93BB1E0032E675FF96
:109BB8006CD9DBFFA351A6FF4819A9FE9B794FFF7B
:109BC8001C9B59FE077E1100934121012FEAFD00DD
:109BD8001A3312006953C7FFA3C4E60071F8A40042
:109BE800E2FEDA00BDD1CBFFA4F7DEFEFF23A5001D
:109BF80004BCF3017FB3470025EDFEFF64BAF00013
:109C0800053947FE674849FFF41251FEE5D284FF43
:109C1800EE06B4FF0BE5AEFFE3DDC00111311C0019
:109C2800A3D7C4FE097604FF33F0470071816DFFA6
:109C38004CF0E700BCB17F007D472C011AAFF30060
:109C48005EA919FE1BE61D000F8B7701A8AABAFFB3
:109C5800ACC54CFFFC4BBC00897CC400481660FFB7
:109C68002D97F901DC91640040C09FFF78EFE20076
:109C780081B2920000C07D00EB8AEA00B79D920095
:109C880053C7C0FFB8AC48FF49E180004D06FAFF52
:109C9800BA41430068F6CF00BC208AFFDA18F20008
:109CA800438A51FEED8179FF14CF960129C710FF31
:109CB800061480009F760500B5108FFFDC260F0084
:109CC800174093FE491A0D0057E43901CC7C8000F7
:109CD8002B18DF00DB63C700164B14FF131B7E0035
:109CE8009D3ED7006E1DE600B3A7FF0136FCBE00FF
:109CF800DDCCB6FEB39E41FF519D0300C2DA9F0042
:109D0800AADF0000E00B20FF26C56200A8A42500FA
:109D180017580701A4BA6E0060248600EAF2E5002D
:109D2800FA791300F2FE70FF032F5E0109EF06FFB8
:109D3800518699FED6FDA8FF437CE000F55F4A00F6
:109D48001C1E2CFE016DDCFFB2595900FC244C008E
:109D580018C62EFF4C4D6F0086EA88FF275E1D004F
:109D6800B948EAFF464487FFE76607FE4DE78C00DF
:109D7800A72F3A01946176FF101BE101A6CE8FFF51
:109D88006EB2D6FFB483A2008F8DE1010DDA4EFFCB
:109D9800729921016268CC00AF727501A7CE4B00A1
:109DA800CAC453013A4043008A2F6F01C4F780FFA9
:109DB80089E0E0FE9E70CF009A64FF0186256B0063
:109DC800C6804FFF7FD19BFFA3FEB9FE3C0EF30078
:109DD8001FDB70FE1DD94100C80D74FE7B3CC4FF1B
:109DE800E03BB8FEF259C4007B104BFE9510CE0044
:109DF80045FE3001E774DFFFD1A04101C850620081
:109E080025C2B8FE943F22008BF041FFD99084FF11
:109E180038262DFEC778D2006CB1A6FFA0DE04005C
:109E2800DC7E77FEA56BA0FF52DCF801F1AF88005D
:109E3800908D17FFA98A5400A0894EFFE27650FF43
:109E4800341B84FF3F608BFF98FA2700BC9B0F00F0
:109E5800E83396FE280FE8FFF0E509FF89AF1BFFFE
:109E68004B496101DAD40B008705A2016BB9D50013
:109E780002F96BFF28F24600DBC81900199D0D0096
:109E8800435250FFC4F917FF9114950032489200CD
:109E98005E4C940118FB41001FC01700B8D4C9FFDD
:109EA8007BE9A201F7AD4800A257DBFE7E86590088
:109EB8009F0B0CFEA6691D00491BE4017178B7FFD2
:109EC80042A36D01D48F0BFF9FE7A801FF805A00C2
:109ED800390E3AFE59340AFFFD08A3010091D2FF5A
:109EE8000A8155012EB51B006788A0FE7EBCD1FFF4
:109EF80022236F00D7DB18FFD40BD6FE650576004A
:109F0800E8C585FFDFA76DFFED5056FF468B5E0065
:109F18009EC1BF019B0F33FF0FBE73004E87CFFF5B
:109F2800F90A1B01B57DE9005FAC0DFEAAD5A1FFBA
:109F380027EC8AFF5F5D57FFBE805F007D0FCE0074
:109F4800A6969F00E30F9EFFCE9E78FF2A8D800085
:109F580065B278019C6D8300DA0E2CFEF7A8CEFF5F
:109F6800D4701C007011E4FF5A102501C5DE6C0086
:109F7800FECF53FF095AF3FFF3F4AC001A5873FFEE
:109F8800CD747A00BFE6C100B4640B01D92560FF27
:109F98009A4E9C00EBEA1FFFCEB2B2FF95C0FB00C1
:109FA800B6FA8700F61669007CC16DFF02D295FFEC
:109FB800A911AA0000606EFF75090801327B28FF0D
:109FC800C1BD630022E3A000305046FED333EC004D
:109FD8002D7AF5FE2CAE0800AD25E9FF9E41AB00B9
:109FE8007A45D7FF5A5002FF836A60FEE372870002
:109FF800CD3177FEB03E40FF523311FFF114F3FF2D
:10A00800820D08FE80D9F3FFA21B01FE5A76F100EB
:10A01800F6C6F6FF371076FFC89F9D00A311010012
:10A028008C6B790055A176FF260095009C2FEE00D9
:10A0380009A6A6014B62B5FF324A1900420F2F004C
:10A048008BE19F004C038EFF0EEEB8000BCF35FF5F
:10A05800B7C0BA01AB20AEFFBF4CDD01F7AADB00E9
:10A0680019AC32FED909E900CB7E44FFB75C300059
:10A078007FA7B7014131FE00103F7F01FE15AAFFFF
:10A088003BE07FFE16303FFF1B4E82FE28C31D00BB
:10A09800FA8470FE23CB900068A9A800CFFD1EFFAC
:10A0A800682826FE5EE45800CE1080FFD4377AFF79
:10A0B800DF16EA00DFC57F00FDB5B50191667600C1
:10A0C800EC9924FFD4D948FF142618FE8A3E3E0096
:10A0D800988C0400E6DC63FF0115D4FF94C9E700FF
:10A0E800F47B09FE00ABD200333A25FF01FF0EFFD7
:10A0F800F4B791FE00F2A600164A840079D8290028
:10A108005FC372FE851897FF9CE2E7FFF7054DFFD6
:10A11800F69473FEE15C51FFDE50F6FEAA7B59FF10
:10A128004AC78D001D1408FF8A8846FF5D4B5C00F6
:10A13800DD9331FE347EE200E57C17002E09B50080
:10A14800CD40340183FE1C00979ED40083404E000E
:10A15800CE19AB0000E68B00BFFD6EFE67F7A700C7
:10A16800402828012AA5F1FF3B4BE4FE7CF3BDFF04
:10A17800C45CB2FF828C56FF8D59380193C605FF27
:10A18800CBF89EFE90A28D000BACE200822A15FF50
:10A1980001A78FFF902424FF3058A4FEA8AADC0052
:10A1A8006247D6005BD04F009F4CC901A62AD6FF54
:10A1B80045FF00FF06807DFFBE018C009253DAFF49
:10A1C800D7EE48017A7F3500BD74A5FF540842FFD9
:10A1D800D603D0FFD56E8500C3A82C019EE74500A5
:10A1E800A240C8FE5B3A6800B63ABBFEF9E48800B4
:10A1F800CB864CFE63DDE9004BFED6FE50459A0047
:10A208004098F8FEEC88CAFF9D6999FE95AF140046
:10A21800162313FF7C79E900BAFAC6FE84E58B00A1
:10A228008950AEFFA57D440090CA94FEEBEFF8007C
:10A2380087B87600655E11FF7A4846FE458292002F
:10A248007FDEF801457F76FF1E52D7FEBC4A13FF1A
:10A25800E5A7C2FE751942FF41EA38FED5169C00F3
:10A26800973B5DFE2D1C1BFFBA7EA4FF2006EF0066
:10A278007F726301DB3402FF6360A6FE3EBE7EFF91
:10A288006CDEA8014BE2AE00E6E2C7003C75DAFFDF
:10A29800FCF81401D6BCCC001FC286FE7B45C0FF6B
:10A2A800A9AD24FE37625B00DF2A66FE89016600DD
:10A2B8009D5A1900EF7A40FFFC06E900073614FFA3
:10A2C8005274AE00872536FF0FBA7D00E370AFFFEA
:10A2D80064B4E1FF2AEDF4FFF4ADE2FEF8122100C8
:10A2E800AB6396FF4AEB32FF755220FE6AA8ED0079
:10A2F800CF6DD001E409BA00873CA9FEB35C8F009A
:10A30800F4AA68FFEB2D7CFF4663BA007589B70095
:10A31800E01FD700280964001A105F0144D95700CC
:10A32800089714FF1A643AFFB0A5CB0134764600AB
:10A338000720FEFEF4FEF5FFA790C2FF7D7117FF10
:10A34800B079B5008854D1008A061EFF59301C0028
:10A35800219B0EFF19F09A008DCD6D0146733EFFCB
:10A3680014286BFE8A9AC7FF5EDFE2FF9DAB2600CA
:10A37800A3B119FE2D7603FF0EDE1701D1BE51FFE2
:10A38800767BE8010DD565FF7B377BFE1BF6A500C4
:10A3980032634CFF8CD620FF614143FF180C1C0030
:10A3A800AE564E0140F76000A08743004237F3FFE6
:10A3B80093CC60FF1A0621FF6233530199D5D0FF71
:10A3C80002B836FF19DA0B003143F6FE129548FF42
:10A3D8000D1948002A4FD6002A0426011B8B90FF2E
:10A3E80095BB170012A48400F554B8FE78C668FF20
:10A3F8007EDA60003875EAFF0D1DD6FE442F0AFF8D
:10A40800A79A84FE9826C60042B259FFC82EABFF11
:10A418000D6353FFD2BBFDFFAA2D2A018AD17C0010
:10A42800D6A28D000CE69C00662470FE03934300C0
:10A4380034D77BFFE9AB36FF62893E00F7DA27FFA6
:10A44800E7DAEC00F7BF7F00C3925400A5B05CFFC9
:10A4580013D45EFF114AE30058289901C69301FFFF
:10A46800CE43F5FEF003DAFF3D8DD5FF61B76A00F4
:10A47800C3E8EBFE5F569A00D130CDFE76D1F1FFEE
:10A48800F078DF01D51D9F00A37F93FF0DDA5D00F3
:10A49800551844FE461450FFBD058C015261FEFF5D
:10A4A8006363BFFF845485FF6BDA74FF707A2E00F4
:10A4B80069112000C2A03FFF44DE2701D8FD5C00DF
:10A4C800B169CDFF95C9C3002AE10BFF28A273002B
:10A4D80009075100A5DADB00B41600FE1D92FCFF47
:10A4E80092CFE101B48760001FA37000B10BDBFFBE
:10A4F800850CC1FE2B4E3200417179013BD906FF14
:10A508006E5E180170AC6F00070F600024557B0069
:10A51800479615FFD049BC00C00BA701D5F522000E
:10A5280009E65C00A28E27FFD75A1B00626159001A
:10A538005E4FD3005A9DF0005FDC7E0166B0E200FA
:10A54800241EE0FE231F7F00E7E8730155538200B5
:10A55800D249F5FF2F8F72FF4441C5003B483EFFAB
:10A56800B785ADFE5D7976FF3BB151FFEA45ADFF9A
:10A57800CD80B100DCF433001AF4D10149DE4DFF7F
:10A58800A30860FE9695D3009EFECB01367F8B0014
:10A59800A1E03B00046D16FFDE2A2DFFD09266FF76
:10A5A800EC8EBB0032CDF5FF0A4A59FE304F8E00C3
:10A5B800DE4C82FF1EA63F00EC0C0DFF31B8F40004
:10A5C800BB716600DA65FD009939B6FE20962A004F
:10A5D80019C69201EDF138008C4405005BA4ACFF6C
:10A5E8004E91BAFE4334CD00DBCF81016D7311006B
:10A5F800368F3A0115F878FFB3FF1E00C1EC42FF11
:10A6080001FF07FFFDC030FF1345D90103D600FF46
:10A6180040659201DF7D23FFEB49B3FFF9A7E20014
:10A62800E1AF0A0161A23A006A70AB0154AC05FFC0
:10A63800858CB2FF86F58E00615A7DFFBACBB9FFD3
:10A64800DF4D17FFC05C6A000FC673FFD998F8008A
:10A65800ABB278FFE4863500B036C101FAFB3500AD
:10A66800D50A640122C76A00971FF4FEACE057FFC1
:10A678000EED17FFFD551AFF7F2774FFAC686400C5
:10A68800FB0E46FFD4D08AFFFDD3FA00B031A500F7
:10A698000F4C7BFF25DAA0FF5C8710010A7E72FF52
:10A6A8004605E0FFF7F98D0044143C01F1D2BDFFE7
:10A6B800C3D9BB0197037100975CAE00E73EB2FFB8
:10A6C800DBB7E100171721FFCDB5500039B8F8FF07
:10A6D80043B401FF5A7B5DFF2700A2FF60F834FFF7
:10A6E80054428C00227FE4FFC28A0701A66EBC0098
:10A6F80015119B019ABEC6FFD6503BFF12078F006B
:10A70800481DE201C7D9F900E8A1470195BEC90073
:10A71800D9AF5FFE719343FF8A8FC7FF7FCC0100DB
:10A728001DB65301CEE69BFFBACC3C000A7D55FF0F
:10A73800E86019FFFF59F7FFD5FEAF01E8C15100E6
:10A748001C2B9CFE0C4508009318F80012C631001B
:10A75800863C230076F612FF3158FEFEE415BAFF58
:10A76800B6417001DB1601FF167E34FFBD3531FF9F
:10A7780070198F00267F37FFE265A3FED0853DFF65
:10A788008945AE01BE7691FF3C62DBFFD90DF5FF2E
:10A79800FA880A0054FEE200C91F7D01F033FBFF6E
:10A7A8001F8382FF028A32FFD7D7B101DF0CEEFF89
:10A7B800FC9538FF7C5B44FF487EAAFE77FF640067
:10A7C8008287E8FF0E4FB200FA83C5008AC6D00020
:10A7D80079D88BFE771224FF1DC17A00102A2DFF2D
:10A7E800D5F0EB01E6BEA9FFC623E4FE6EAD480036
:10A7F800D6DDF1FF38948700C0754EFE8D5DCFFF22
:10A808008F419500151262FF5F2CF4016ABF4D005D
:10A81800FE5508FED66EB0FF49AD13FEA0C4C7FFB3
:10A82800ED5A9000C1AC71FFC89B88FEE45ADD0068
:10A8380089314A01A4DDD7FFD1BD05FF69EC37FF97
:10A848002A1F8101C1FFEC002ED93C008A58BBFFAA
:10A85800E252ECFF514597FF8EBE10010D860800AD
:10A868007F7A30FF51409C00ABF38B00ED23F6005C
:10A878007A8FC1FED47A92005F29FF0157844D0078
:10A8880004D41F00111F4E00272DADFE188ED9FFCE
:10A898005F0906FFE3530600623B82FE3E1E21006D
:10A8A8000873D301A26180FF07B817FE741CA8FFC4
:10A8B800F88A97FF62F4F000BA76820072F8EBFF2C
:10A8C80069ADC801A07C47FF5E24A401AF4192FF97
:10A8D800EEF1AAFECAC6C500E4478AFE2DF66DFF52
:10A8E800C2349E0085BBB00053FC9AFE59BDDDFF03
:10A8F800AA49FC00943A7D00244433FE2A45B1FF5E
:10A90800A84C56FF2664CCFF26352300AF13610000
:10A91800E1EEFDFF51518700D21BFFFEEB496B00B2
:10A9280008CF7300527F8800546315FECF13880048
:10A9380064A4650050D04DFF84CFEDFF0F030FFFD7
:10A9480021A66E009C5F55FF25B96F01966A23FF0B
:10A95800A6974C00725787FF9FC240000C7A1FFFD2
:10A96800E80765FEAD7762009A47DCFEBF3935FF20
:10A97800A8E8A0FFE02063FFDA9CA5009799A30050
:10A98800D90D9401C5715900951CA1FECF171E0061
:10A998006984E3FF36E65EFF85ADCCFF5CB79DFFBB
:10A9A8005890FCFE66215A009F610300B5DA9BFFB0
:10A9B800F07277006AD635FFA5BE7301985BE1FF98
:10A9C800586A2CFFD03D710097347C00BF1B9CFF58
:10A9D8006E36EC010E1EA6FF277FCF01E5C71C00CF
:10A9E800BCE4BCFE649DEB00F6DAB7016B16C1FF50
:10A9F800CEA05F004CEF9300CFA1750033A602FFF5
:10AA080034750AFE4938E3FF98C1E100845E88FF87
:10AA180065BFD100206BE5FFC62BB40164D2760078
:10AA2800724399FF17581AFF599A5C01DC788CFF1A
:10AA38009072CFFFFC73FAFF22CE48008A857FFF11
:10AA480008B27C01574B61000FE55CFEF04383FFC1
:10AA5800767BE3FE927868FF91D5FF0181BB46FFC4
:10AA6800DB7736000113AD002D969401F8534800AA
:10AA7800CBE9A9018E6B3800F7F926012DF250FFBA
:10AA88001EE967006052460017C96F0051271EFF74
:10AA9800A1B74EFFC2EA21FF44E38CFED8CE740072
:10AAA800461BEBFF68904F00A4E65DFED6879C002E
:10AAB8009ABBF2FEBC1483FF246DAE009F70F100B8
:10AAC800056E950124A5DA00A61D1301B22E4900D2
:10AAD8005D2B20FEF8BDED00669B8D00C95DC3FFB0
:10AAE800F18BFDFF0F6F62FF6C41A3FE9B4FBEFF12
:10AAF80049AEC1FEF62830FF6B580BFECA6155FF00
:10AB0800FDCC12FF71F242006EA0C2FED012BA0054
:10AB180051153C00BC68A7FF7CA661FED2858E005B
:10AB280038F289FE296F82006F973A016FD58DFF41
:10AB3800B7ACF1FF2606C4FFB9077BFF2E0BF60062
:10AB4800F56977010F02A1FF08CE2DFF12CA4AFF4F
:10AB5800537C7301D48D9D005308D1FE8B0FE8FF01
:10AB6800AC36ADFE32F78400D6BDD50090B869008A
:10AB7800DFFEF800FF93F0FF17BC480007333600EC
:10AB8800BC19B4FEDCB400FF53A01400A3BDF3FF4E
:10AB98003AD1C2FF57493C006A183100F5F9DC0088
:10ABA80016ADA700760BC3FF137EED006E9F25FF41
:10ABB8003B522F00B4BB5600BC94D001642585FFDE
:10ABC8000770C10081BC9CFF546A81FF85E1CA00FF
:10ABD8000EEC6FFF28146500ACAC31FE33364AFF2B
:10ABE800FBB9B8FF5D9BE0FFB4F9E001E6B2920063
:10ABF800483936FEB23EB80077CD4800B9EFFDFFC0
:10AC08003D0FDA00C44338FFEA20AB012EDBE40035
:10AC1800D06CEAFF143FE8FFA535C70185E405FFBE
:10AC280034CD6B004AEE8CFF969CDBFEEFACB2FF96
:10AC3800FBBDDFFE208ED3FFDA0F8A01F1C450007E
:10AC48001C2462FE16EAC7003DEDDCFFF63925003C
:10AC58008E118EFF9D3E1A002BEE5FFE03D906FF74
:10AC6800D519F00127DCAEFF9ACD30FE130DC0FFD9
:10AC7800F42236FE8C109B00F0B505FE9BC13C000B
:10AC8800A68004FF249138FF96F0DB00783391000A
:10AC980052992A018CEC92006B5CF801BD0A030002
:10ACA8003F88F200D327180013CAA101AD1BBAFFD1
:10ACB800D2CCEFFE29D1A2FFB6FE9FFFAC743400C0
:10ACC800C367DEFECD453B0035162901DA30C200E8
:10ACD80050D2F200D2BCCF00BBA1A1FED811010016
:10ACE80088E17100FAB83F00DF1E62FE4DA8A2009D
:10ACF8003B35AF0013C90AFF8BE0C20093C19AFF2E
:10AD0800D4BD0CFE01C8AEFF328571015EB35A0096
:10AD1800ADB687005EB171002B59D7FF88FC6AFF7A
:10AD28007B8653FE05F542FF52312701DC02E00025
:10AD38006181B1004D3B59003D1D9B01CBABDCFF50
:10AD48005C4E8B009121B5FFA9188D013796B30091
:10AD58008B3C50FFDA27610002936BFF3CF84800F8
:10AD6800ADE62F010653B6FF1069A2FE89D451FF44
:10AD7800B4B8860127DEA4FFDD69FB01EF707D0012
:10AD88003F0761003F68E3FF943A0C005A3CE0FF3C
:10AD980054D4FC004FD7A800F8DDC701737901002F
:10ADA80024AC780020A2BBFF396B31FF932A150031
:10ADB8006AC62B01394A57007ECB51FF8187C300F1
:10ADC8008C1FB100DD8BC20003DED7008344E7008F
:10ADD800B156B2FE7C97B400B87C260146A3110098
:10ADE800F9FBB5012A37E300E2A12C0017EC6E004D
:10ADF80033958E015D05EC00DAB76AFE43184D0005
:10AE080028F5D1FFDE799900A5391E00537D3C0055
:10AE180046265201E506BC006DDE9DFF37763FFFF2
:10AE2800CD97BA00E32195FFFEB0F601E3B1E30048
:10AE3800226AA3FEB02B4F006A5F4E01B9F17AFF78
:10AE4800B90E3D002401CA000DB2A2FFF70B840021
:10AE5800A1E65C014101B9FFD432A5018D9240FF02
:10AE68009EF2DA0015A47D00D58B7A01434757007E
:10AE7800CB9EB201975C2B00986F05FF2703EFFF6D
:10AE8800D9FFFAFFB03F47FF4AF54D01FAAE12FF6E
:10AE98002231E3FFF62EFBFF9A2330017D9D3DFF13
:10AEA8006A244EFF61EC990088BB78FF7186ABFF7E
:10AEB80013D5D9FED85ED1FFFC053D005E03CA005C
:10AEC800031AB7FF40BF2BFF1E171500818D4DFFDA
:10AED80066780701C24C8C00BCAF34FF1151940056
:10AEE800E8563701E130AC00862A2AFFEE322F00FF
:10AEF800A912FE00149357FF0EC3EFFF45F7170082
:10AF0800EEE580FFB1317000A862FBFF7947F800D9
:10AF1800F30891FEF6E399FFDBA9B1FEFB8BA5FFD1
:10AF28000CA3B9FFA428ABFF999F1BFEF36D5BFF31
:10AF3800DE18700112D6E7006B9DB5FEC39300FFC3
:10AF4800C26368FF598CBEFFB1427EFE6AB94200F7
:10AF580031DA1F00FCAE9E00BC4FE601EE29E0008E
:10AF6800D4EA0801880BB500A67553FF44C35E00F8
:10AF78002E84C900F0985800A43945FEA0E02AFFA5
:10AF88003BD743FF77C38DFF24B479FECF2F08FF4B
:10AF9800AED2DF0065C544FFFF528D01FA89E90092
:10AFA800615685011050450084839F00745D6400DC
:10AFB8002D8D8B0098AC9DFF5A2B5B0047992E0076
:10AFC800271070FFD98861FFDCC619FEB135310042
:10AFD800DE5886FF800F3C00CFC0A9FFC074D1FFA8
:10AFE8006A4ED301C8D5B7FF070C7AFEDECB3CFF0B
:10AFF800216EC7FEFB6A7500E4E10401783A07FF99
:10B00800DDC154FE70851B00BDC8C9FF8B87960043
:10B01800EA37B0FF3D324100986CA9FFDC5501FFCB
:10B028007087E300A21ABA00CF60B9FEF4886B00FB
:10B038005D993201C66197006E0B56FF8F75AEFFA2
:10B0480073D4C80005CAB700EDA40AFEB9EF3E00E4
:10B05800EC7812FE627B63FFA8C9C2FE2EEAD60016
:10B06800BF8531FF63A97700BEBB230173152DFF90
:10B07800F983480070067BFFD631B5FEA6E92200A9
:10B088005CC566FEFDE4CDFF033BC9012A622E00C4
:10B09800DB2523FFA9C326005E7CC1019C2BDF00B2
:10B0A8005F4885FE78CEBF007AC5EFFFB1BB4FFF82
:10B0B800FE2E0201FAA7BE0054811300CB71A6FF31
:10B0C800F91FBDFE489DCAFFD04749FFCF18480069
:10B0D8000A101201D2514CFF58D0C0FF7EF36BFF0B
:10B0E800EE8D78FFC779EAFF890C3BFF24DC7BFFF4
:10B0F80094B33CFEF00C1D0042006101241E26FFA3
:10B1080073015DFF6067E7FFC59E3B01C0A4F000C7
:10B11800CACA39FF18AE3000594D9B012A4CD700D6
:10B12800F497E90017305100EF7F34FEE38225FFE2
:10B13800F8745D017C847600ADFEC00106EB53FF18
:10B148006EAFE701FB1CB60081F95DFE54B88000C4
:10B158004CB53E00AF80BA00643588FE6D1DE20034
:10B16800DDE93A0114634A000016A000860D1500B7
:10B17800093437FF11598C00AF223B0054A577FFE3
:10B18800E0E2EAFF0748A6FF7B73FF0112D6F6004C
:10B19800FA074701D9DCB900D4234CFF267DAF005C
:10B1A800BD61D20072EE2CFF29BCA9FE2DBA9A000F
:10B1B800515C160084A0C10079D062FF0D512CFFAC
:10B1C800CB9C5200473A15FFD072BFFE322693003F
:10B1D8009AD8C300651912003CFAD7FFE984EBFF3F
:10B1E80067AF8E01100E5C008D1F6EFEEEF12DFF15
:10B1F80099D9EF0161A82FFFF95510011CAF3EFF47
:10B2080039FE3600DEE77E00A62D75FE12BD60FF12
:10B21800E44C3200C8F45E00C6987801442245FF29
:10B228000C41A0FE65135A00A7C578FF4436B9FF44
:10B2380029DABC0071A830005869BD011A5220FFF4
:10B24800B95DA401E4F0EDFF42B63500ABC55CFF83
:10B258006B09E901C77890FF4E310AFF6DAA69FFB3
:10B268005A041FFF1CF471FF4A3A0B003EDCF6FF3C
:10B27800799AC8FE90D2B2FF7E3981012BFA0EFF6F
:10B28800656F1C012F56F1FF3D4696FF354905FFB6
:10B298001E1A9E00D11A56008AED4A00A45FBC000F
:10B2A8008E3C1DFEA274F8FFBBAFA00097121000E1
:10B2B800D16F41FECB8627FF586C31FF831A47FFB9
:10B2C800DD1BD7FE68695DFF1FEC1FFE8700D3FFFB
:10B2D8008F7F6E01D449E500E943A7FEC301D0FF83
:10B2E8008411DDFF33D95A0043EB32FFDFD28F00E0
:10B2F800B3358201E96AC600D9ADDCFF70E518FFF5
:10B30800AF9A5DFE47CBF6FF304285FF0388E6FF24
:10B3180017DD71FEEB6FD500AA785FFEFBDD02003A
:10B328002D829EFE695ED9FFF234B4FED5442DFF0E
:10B3380068261C00F49E4C00A1C860FFCF350DFFA5
:10B34800BB439400AA36F80077A2B2FF53140B004F
:10B358002A2AC001929FA3FFB7E86F004DE515FFA9
:10B3680047358F001B4C2200F6882FFFDB27B6FFDE
:10B378005CE0C901138E0EFF45B6F1FFA376F50018
:10B38800096D6A01AAB5F7FF4E2FEEFF54D2B0FF40
:10B39800D56B8B0027260B00481596004882450080
:10B3A800CD4D9BFE8E851500476FACFEE22A3BFF14
:10B3B800B300D7012180F100EAFC0D01B84F080065
:10B3C8006E1E49FFF68DBD00AACFDA014A9A45FFE5
:10B3D8008AF631FF9B2064007D4A69FF5A553DFF7C
:10B3E80023E5B1FF3E7DC1FF9956BC014978D400E1
:10B3F800D17BF6FE87D126FF973A2C015C45D6FF14
:10B408000E0C58FFFC99A6FFFDCF70FF3C4E53FF72
:10B41800E37C6E00B460FCFF357521FEA4DC52FFAE
:10B4280029011BFF26A4A6FFA463A9FE3D9046FFA1
:10B43800C0A612006BFA4200C541320001B312FFE8
:10B44800FF6801FF2B9923FF506FA8006EAFA8007B
:10B4580029692DFFDB0ECDFFA4E98CFE2B017600B8
:10B46800E943C300B2529FFF8A577AFFD4EE5AFFCE
:10B4780090237CFE198CA400FBD72CFE85466BFF1D
:10B4880065E350FE5CA93700D72A310072B455FF36
:10B4980021E81B01ACD519003EB07BFE208518FFC2
:10B4A800E1BF3E005D469900B52A680116BFE0FF7E
:10B4B800C8C88CFFF9EA250095398D00C338D0FF3C
:10B4C800FE8246FF20ADF0FF1DDCC7006E6473FFEF
:10B4D80084E5F900E4E9DFFF25D8D1FEB2B1D1FF58
:10B4E800B72DA5FEE06172008961A8FFE1DEAC001E
:10B4F800A50D3101D2EBCCFFFC041CFE46A0970041
:10B50800E8BE34FE53F85DFF3ED74D01AFAFB3FF41
:10B51800A03242007930D0003FA9D1FF00D2C80044
:10B52800E0BB2C0149A2520009B08FFF134CC1FFA8
:10B538001D3BA701182B9A001CBEBE008DBC8100C4
:10B54800E8EBCBFFEA006DFF36419F003C58E8FF6F
:10B5580079FD96FEFCE983FFC66E2901534D47FF2E
:10B56800C8163BFE6AFDF2FF150CCFFFED42BD0089
:10B578005AC6CA01E1AC7F003516CA0038E6840015
:10B588000156B7006DBE2A00F344AE016DE49A007F
:10B59800C8B17A0123A0B7FFB13055FF5ADAA9FF25
:10B5A800F8984E00CAFE6E0006342B008E6241FFEA
:10B5B8003F911600466A5D00E88A6B016EB33DFF55
:10B5C800D381DA01F2D15C00235AD901B68F6AFF20
:10B5D8007465D9FF72FADDFFADCC06003C96A30076
:10B5E80049AC2CFFEF6E50FFED4C99FEA18CF90091
:10B5F80095E8E500851F28FFAEA477007133D600D3
:10B6080081E402FE4022F3006BE3F4FFAE6AC8FF58
:10B618005499460132231000FA4AD8FEECBD42FF85
:10B6280099F90D00E6B204FFDD29EE0076E379FF13
:10B638005E578CFEFE775C0049EFF6FE755780007A
:10B6480013D391FFB12EFC00E55BF6014580F7FFAF
:10B65800CA4D3601080B09FF9960A600D9D6ADFF7F
:10B6680086C0020100CF0000BDAE6B018C8664006D
:10B678009EC1F301B666AB00EB9A33008E057BFFE3
:10B688003CA85901D90E5CFF13D60501D3A7FE00CB
:10B698002C06CAFE7812ECFF0F71B8FFB8DF8B00DA
:10B6A80028B177FEB67B5AFFB0A5B000F74DC200AF
:10B6B8001BEA7800E700D6FF3B271E007D6391FF59
:10B6C800964444018DDEF800997BD2FF6E7F98FF87
:10B6D800E521D60187DDC500896102000C8FCCFF0A
:10B6E8005129BC00734F82FF5E03840098AFBBFFF3
:10B6F8007C8D0AFF7EC0B3FF0B67C60095062D0040
:10B70800DB55BB01E612B2FF48B6980003C6B8FF86
:10B718008070E00161A1E600FE6326FF3A9FC50044
:10B728009742DB003B458FFFB970F90077882FFF00
:10B738007B828400A8475FFF71B02801E8B9AD009B
:10B74800CF5D7501449D6CFF660593FE3161210054
:10B7580059416FFEF71EA3FF7CD9DD0166FAD800B8
:10B76800C6AE4BFE39371200E305EC01E5D5AD0056
:10B77800C96DDA0131E9EF001E379E0119B26A007E
:10B788009B6FBC015E7E8C00D71FEE014DF0100050
:10B79800D5F219012647A800CDBA5DFE31D38CFF3A
:10B7A800DB00B4FF8676A500A09386FF6EBA23FF60
:10B7B800C6F32A00F392770086EBA30104F187FF12
:10B7C800C12EC1FE67B44FFFE104B8FEF2768200D5
:10B7D8009287B001EA6F1E004542D5FE29607B00C2
:10B7E800795E2AFFB2BFC3FF2E822A00755408FF74
:10B7F800E931D6FEEE7A6D0006475901ECD37B009D
:10B80800F40D30FE77940E00721C56FF4BED19FFB5
:10B8180091E510FE816435FF869678FEA89D32007A
:10B82800174868FFE0310E00FF7B16FF97B997FFB6
:10B83800AA50B80186B61400296465019921100040
:10B848004C9A6F0156CEEAFFC0A0A4FEA57B5DFF0F
:10B8580001D8A4FE4311AFFFA90B3BFF9E293DFF72
:10B8680049BC0EFFC30689FF16931DFF146703FF2B
:10B87800F682E3FF7A288000E22F18FE23242000B6
:10B8880098BAB7FF45CA1400C385C300DE33F70072
:10B89800A9AB5E01B700A0FF40CD12019C530FFF7A
:10B8A800C53AF9FEFB596EFF320A58FE332BD80011
:10B8B80062F2C601F5977100ABECC201C51FC7FF64
:10B8C800E5512601293B1400FD68E600985D0EFF4E
:10B8D800F6F292FED6A9F0FFF0666CFEA0A7EC0087
:10B8E8009ADABC0096E9CAFF1B13FA01024785FFE2
:10B8F800AF0C3F0191B7C600687873FF82FBF70071
:10B9080011D4A7FF3E7B84FFF764BD009BDF98003E
:10B918008FC521009B3B2CFF965DF0017F0357FFED
:10B928005F47CF01A75501FFBC9874FF0A1717009E
:10B9380089C35D0136626100F000A8FF94BC7F00F6
:10B94800866B97004CFDAB005A84C00092163600F7
:10B95800E04236FEE6BAE5FF27B6C40094FB82FF54
:10B9680041836CFE8001A000A931A7FEC7FE94FFA9
:10B97800FB068300BBFE81FF55523E00B2173AFF1B
:10B98800FE840500A4D5270086FC92FE253551FFCC
:10B998009B865200CDA7EEFF5E2DB4FF8428A10040
:10B9A800FE6F7001364BD900B3E6DD01EB5EBFFFD9
:10B9B80017F33001CA91CBFF27762AFF758DFD005A
:10B9C800FE00DE002BFB320036A9EA015044D0000D
:10B9D80094CBF3FE9107870006FE0000FCB97F00B8
:10B9E800620881FF262348FFD324DC01281A590066
:10B9F800A840C5FE03DEEFFF0253D7FEB49F6900DF
:10BA08003A73C200BA746AFFE5F7DBFF8176C100BA
:10BA1800CAAEB701A6A14800C96B93FEED884A00DB
:10BA2800E9E66A01696FA80040E01E0101E503002C
:10BA38006697AFFFC2EEE4FFFEFAD400BBED7900D3
:10BA480043FB6001C51E0B00B75FCC00CD598A00CF
:10BA580040DD2501FFDF1EFFB230D3FFF1C85AFFDA
:10BA6800A7D160FF3982DD002E72C8FF3DB84200C1
:10BA780037B618FE6EB62100ABBEE8FF725E1F0037
:10BA880012DD08002FE7FE00FF705300760FD7FF86
:10BA9800AD1928FEC0C11FFFEE1592FFABC176FF9E
:10BAA80065EA35FE83D4700059C06B0108D01B00CD
:10BAB800B5D90FFFE795E8008CEC7E009009C7FF29
:10BAC8000C4FB5FE93B6CAFF136DB6FF31D4E10033
:10BAD8004AA3CB00AFE994001A703300C1C109FF33
:10BAE8000F87F90096E38200CC00DB0118F2CD0045
:10BAF800EED075FF16F470001AE522002550BCFF41
:10BB0800262DCEFEF05AE1FF1D032FFF2AE04C0040
:10BB1800BAF3A70020840FFF05337D008B87180038
:10BB280006F1DB00ACE585FFF6D63200E70BCFFF68
:10BB3800BF7E5301B4A3AAFFF5381801B2A4D3FFFE
:10BB48000310CA01623976FF8D8359FE213318002C
:10BB5800F3955BFFFD340E0023A943FE311E58FF09
:10BB6800B31B24FFA58CB7003ABD9700581F0000EF
:10BB78004BA942004265C7FF18D8C70179C41AFF0C
:10BB88000E4FCBFEF0E251FF5E1C0AFF53C1F0FFDF
:10BB9800CCC183FF5E0F5600DA289D0033C1D10067
:10BBA80000F2B10066B9F7009E6D740026875B004D
:10BBB800DFAF9500DC4201FF563CE800196025FF25
:10BBC800E17AA201D7BBA8FF9E9D2E0038ABA20048
:10BBD800E8F065017A160900330915FF3519EEFFFB
:10BBE800D91EE8FE7DA994000DE866009409250099
:10BBF800A5618D01E4832900DE0FF3FFFE12110019
:10BC0800063CED016A0371003B84BD005C701E00B8
:10BC180069D0D5003054B3FFBB79E7FE1BD86DFF60
:10BC2800A2DD6BFE49EFC3FFFA1F39FF958759FF65
:10BC3800B917730103A39DFF1270FA001939BBFFEE
:10BC4800A160A4002F10F3000C8DFBFE43EAB8FF9F
:10BC58002912A100AF0660FFA0AC34FE18B0B7FFF0
:10BC6800C6C155017C7989FF973272FFDCCB3CFF56
:10BC7800CFEF050100266BFF37EE5EFE46985E00AB
:10BC8800D5DC4D01781145FF55A4BEFFCBEA510024
:10BC9800263125FE3D907C00894E31FEA8F7300004
:10BCA8005FA4FC0069A98700FDE4860040A64B005C
:10BCB800514914FFCFD20A00EA6A96FF5E225AFF62
:10BCC800FE9F39FEDC8563008B93B4FE1817B9001C
:10BCD80029391EFFBD614C0041BBDFFFE0AC25FFE9
:10BCE800223E5F01E790F0004D6A7EFE40985B00BF
:10BCF8001D629B00E2FB35FFEAD305FF90CBDEFF18
:10BD0800A4B0DDFE05E71800B37ACD00240186FF54
:10BD18007D4697FE61E4FC00AC8117FE305AD1FFE6
:10BD280096E0520154861E00F1C42E006771EAFFA6
:10BD38002E6579FE287CFAFF872DF2FE09F9A8FF07
:10BD48008C6C83FF8FA3AB0032ADC7FF58DE8EFF2C
:10BD5800C85F9E008EC0A3FF077587006F7C160022
:10BD6800EC0C41FE442641FFE3AEFE00F4F526004C
:10BD7800F032D0FFA13FFA003CD1EF007A23130044
:10BD88000E21E6FE029F71006A147FFFE4CD600079
:10BD980089D2AEFEB4D490FF59629A0122588B0022
:10BDA800A7A27001416EC500F125A900423883FFA2
:10BDB8000AC953FE85FDBBFFB1702DFEC4FB000010
:10BDC800C4FA97FFEEE8D6FF96D1CD001CF07600B6
:10BDD800474C5301EC635B002AFA8301601240FF71
:10BDE80076DE230071D6CBFF7A77B8FF42132400A2
:10BDF800CC40F90092598B00863E870168E96500BE
:10BE0800BC541A0031F98100D0D64BFFCF824DFFC8
:10BE180073AFEB00AB0289FFAF91BA0137F587FF2B
:10BE28009A56B501643AF6FF6DC73CFF52CC86FFBF
:10BE3800D731E6018CE5C0FFDEC1FBFF51880FFF5B
:10BE4800B395A2FF17271DFF075F4BFEBF51DE000A
:10BE5800F1515AFF6B31C9FFF4D39D00DE8C95FF79
:10BE680041DB38FEBDF65AFFB23B9D0130DB3400A2
:10BE78006222D7001C11BBFFAFA918005C4FA1FFBD
:10BE8800ECC8C201938FEA00E5E10701C5A80E00DE
:10BE9800EB333501FD78AE00C506A8FFCA75AB00C7
:10BEA800A315CE0072555AFF0F290AFFC21363006B
:10BEB8004137D8FEA292740032CED4FF40921DFFC3
:10BEC8009E9E830164A582FFAC1781FF7D3509FF23
:10BED8000FC112011A310BFFB5AEC90187C90EFF98
:10BEE80064139500DB624F002A638FFE600030FF09
:10BEF800C5F953FE68954FFFEB6E88FE52802CFF04
:10BF0800412924FE58D30A00BB79BB006286C700CA
:10BF1800ABBCB3FED20BEEFF427B82FE34EA3D009F
:10BF2800307117FE065678FF77B2F5005781C900C1
:10BF3800F28DD100CA7255009416A10067C3300073
:10BF48001931ABFF8A438200B6497AFE9418820001
:10BF5800D3E59A00209B9E0054693D00B1C209FFB9
:10BF6800A65956013653BB00F92875FF6D03D7FF54
:10BF780035922C013F2FB300C2D803FE0E5488001F
:10BF880088B10DFF48F3BAFF75117DFFD33AD3FF8F
:10BF98005D4FDF005A58F5FF8BD16FFF46DE2F004B
:10BFA8000AF64FFFC6D9B200E3E10B014E7EB3FF9C
:10BFB8003E2B7E00679423008108A5FEF5F09400CF
:10BFC8003D338E0051D086000F8973FFD377ECFF85
:10BFD8009FF5F8FF028688FFE68B3A01A0A4FE00D1
:10BFE80072558DFF31A6B6FF9046540155B607002D
:10BFF8002E355D0009A6A1FF37A2B2FF2DB8BC00FF
:10C00800921C2CFEA95A310078B2F1010E7B7FFFF9
:10C0180007F1C701BD4232FFC68F65FEBDF387FF3A
:10C028008D1818FE4B61570076FB9A01ED369C007F
:10C03800AB92CFFF83C4F6FF8840710197E83900BF
:10C04800F0DA7300313D1BFF40814901FCA91BFF59
:10C0580028840A015AC9C1FFFC79F001BACE290027
:10C068002BC661009164B700CCD850FEAC96410055
:10C07800F9E5C4FE687B49FF4D6860FE82B408009C
:10C08800687B3900DCCAE5FF66F9D300560EE8FF85
:10C09800B64ED100EFE1A4006A0D20FF784911FFE8
:10C0A8008643E90053FEB500B7EC7001304083FFCA
:10C0B800F1D8F3FF41C1E200CEF164FE6486A6FF29
:10C0C800EDCAC500370D5100207C66FF28E4B10099
:10C0D80076B51F01E7A086FF77BBCA00008E3CFF3C
:10C0E8008026BDFFA6C99600CF781A0136B8AC00E5
:10C0F8000CF2CCFE8542E60022261F01B8705000E3
:10C108002033A5FEBFF337003A4992FE9BA7CDFF27
:10C11800646898FFC5FECFFFAD13F700EE0ACA00AA
:10C12800EF97F2005E3B27FFF01D66FF0A5C9AFF5F
:10C13800E554DBFFA1815000D05ACC01F0DBAEFF03
:10C148009E66910135B24CFF346CA80153DE6B003A
:10C15800D3246D00763A3800081D1600EDA0C700FC
:10C16800AAD19D0089472F008F562000C6F20200F1
:10C17800D43088015CACBA00E697690160BFE5007D
:10C188008A50BFFEF0D882FF622B06FEA8C4310099
:10C19800FD125B01904979003D9227013F6818FF25
:10C1A800B8A570FE7EEB620050D562FF7B3C57FF5E
:10C1B800528CF501DF78ADFF0FC68601CE3CEF004B
:10C1C800E7EA5CFF21EE13FFA5718E01B077260028
:10C1D800A02BA6FEEF5B69006B3DC2011904440069
:10C1E8000F8B3300A4846AFF22742EFEA85FC5005B
:10C1F80089D41700489C3A00897045FE96699AFFD1
:10C20800ECC99D0017D49AFF8852E3FEE23BDDFF9C
:10C218005F95C000517634FF212BD7010E934BFF59
:10C22800599C79FE0E124F0093D08B0197DA3EFF8E
:10C238009C580801D2B862FF14AF7BFF6653E50033
:10C24800DC41740196FA04FF5C8EDCFF22F742FFA2
:10C25800CCE1B3FE975197004728ECFF8A3F3E0098
:10C26800064FF0FFB7B9B50076321B003FE3C000B8
:10C278007B633A0132E09BFF11E1DFFEDCE04DFF1A
:10C288000E2C7B018D80AF00F8D4C800963BB7FF19
:10C2980093611D0096CCB500FD25470091557700A8
:10C2A8009AC8BA000280F9FF53187C000E578F0015
:10C2B800A833F5017C97E7FFD0F0C5017CBEB90033
:10C2C800303AF60014E9E8007D1262FF0DFE1FFF08
:10C2D800F5B182FF6C8E2300AB7DF2FE8C0C22FF41
:10C2E800A5A1A200CECD6500F719220164913900FD
:10C2F8002746390076CCCBFFF200A200A5F41E0039
:10C30800C674E200806F99FF8C36B6013C7A0FFF45
:10C318009B3A39013632C600ABD31DFF6B8AA7FFA3
:10C32800AD6BC7FF6DA1C1005948F2FFCE7359FF2D
:10C33800FAFE8EFEB1CA5EFF51593200076942FF0C
:10C3480019FEFFFECB4017FF4FDE6CFF27F94B00AD
:10C35800F17C3200EF988500DDF169009397620067
:10C36800D5A179FEF2318900E925F9FE2AB71B002B
:10C37800B877E6FFD920A3FFD0FBE401893E83FF0D
:10C388004F4009FE5E307100118A32FEC1FF16006F
:10C39800F712C5014337680010CD5FFF3025420012
:10C3A800379C3F0140524AFFC83547FEEF437D00A6
:10C3B8001AE0DE00DF895DFF1EE0CAFF09DC8400A9
:10C3C800C626EB01668D56003C2B5101881C1A00CD
:10C3D800E92408FECFF29400A4A23F00332EE0FF28
:10C3E80072304FFF09AFE200DE03C1FF2FA0E8FF64
:10C3F800FF5D69FE0E2AE6001A8A5201D02BF4006E
:10C408001B2726FF62D07FFF4095B6FF05FAD100B3
:10C41800BB3C1CFE3119DAFFA974CDFF77127800F6
:10C428009C7493FF84356DFF0D0ACA006E53A700F4
:10C438009DDB89FF060382FF32A71EFF3C9F2FFF6B
:10C4480081809DFE5E03BD0003A6440053DFD70034
:10C45800965AC2010FA84100E35333FFCDAB42FF08
:10C4680036BB3C0198662DFF779AE100F0F788000B
:10C4780064C5B2FF8B47DFFFCC52100129CE2AFFDB
:10C488009CC0DDFFD87BF4FFDADAB9FFBBBAEFFF57
:10C49800FCACA0FFC334160090AEB5FEBB6473FFBE
:10C4A800D34EB0FF1B07C10093D568FF5AC90AFFD6
:10C4B800507B42011621BA00010763FE1ECE0A0016
:10C4C800E5EA0500351ED2008A08DCFE4737A700DA
:10C4D80048E1560176BEBC00FEC16501ABF9ACFF70
:10C4E8005E9EB7FE5D026CFFB05D4CFF49634FFF77
:10C4F8004A4081FEF62E410063F17FFEF69766FF03
:10C508002C35D0FE3B66EA009AAFA4FF58F2200013
:10C518006F260100FFB6BEFF73B00FFEA93C810075
:10C528007AEDF1005A4C3F003E4A78FF7AC36E001C
:10C538007704B200DEF2D20082212EFE9C28290068
:10C54800A792700131A36FFF79B0EB004CCF0EFFBB
:10C558000319C60129EBD5005524D601315C6DFFBE
:10C56800C8181EFEA8ECC30091277C01ECC39500F7
:10C578005A24B8FF4355AAFF26231AFE837C44FF9A
:10C58800EF9B23FF36C9A400C41675FF310FCD00F9
:10C5980018E01D017E7190007515B600CB9F8D00C7
:10C5A800DF874D00B0E6B0FFBEE5D7FF6325B5FFD6
:10C5B80033158AFF19BD59FF3130A5FE982DF700B4
:10C5C800AA6CDE0050CA05001B4567FECC1681FF29
:10C5D800B4FC3EFED2015BFF926EFEFFDBA21C00A4
:10C5E800DFFCD5013B082100CE10F40081D33000D8
:10C5F8006BA0D000703BD1006D4DD8FE2215B9FF5D
:10C60800F66338FFB38B13FFB91D32FF545913007B
:10C618004AFA62FFE12AC8FFC0D9CDFFD210A700AD
:10C6280063845F012BE63900FE0BCBFF63BC3FFF41
:10C6380077C1FBFE50693600E8B5BD01B74570FF0C
:10C64800D0ABA5FF2F6DB4FF7B53A50092A234FF9A
:10C658009A0B04FF97E35AFF928961FE3DE929FF8F
:10C668005E2A37FF6CA4EC009844FE000A8C83FF16
:10C678000A6A4FFEF39E890043B242FEB17BC6FFB1
:10C688000F3E2200C5582AFF955FB1FF9800C6FFEC
:10C6980095FE71FFE15AA3FF7DD9F7001211E00062
:10C6A800804278FEC01909FF32DDCD0031D4460042
:10C6B800E9FFA40002D10900DD34DBFEACE0F4FFA1
:10C6C8005E38CE01F2B302FF1F5BA401E62E8AFF9B
:10C6D800BDE6DC00392F3DFF6F0B9D00B15B980074
:10C6E8001CE6620061577E00C65991FFA74F6B0098
:10C6F800F94DA0011DE9E6FF961556FE3C0BC10059
:10C70800972524FEB996F3FFE4D45301AC97B400FF
:10C71800C9A99B00F43CEA008EEB040143DA3C0013
:10C72800C0714B0174F3CFFF41AC9B00511E9CFFBD
:10C73800504821FE12E76DFF8E6B15FE7D1A84FFAF
:10C74800B0103BFF96C93A00CEA9C900D079E200E3
:10C7580028AC0EFF963D5EFF38399CFF8D3C91FF5B
:10C768002D6C95FFEE919BFFD1551FFEC00CD2009A
:10C7780063625DFE98109700E1B9DC008DEB2CFF39
:10C78800A0AC15FE471A1FFF0D405DFE1C38C60001
:10C79800B13EF801B608F100A66594FF4E5185FF39
:10C7A80081DED701BCA981FFE807610031703CFF39
:10C7B800D9E5FB00776C8A0027137BFE8331EB00F9
:10C7C8008454910082E694FF194ABB0005F536FFB0
:10C7D800B9DBF10112C2E4FFF1CA66006971CA004F
:10C7E8009BEB4F001509B2FF9C01EF00C8943D0078
:10C7F80073F7D2FF31DD87003ABD0801232E090007
:10C80800514105FF349EB9FF7D742EFF4A8C0DFF00
:10C81800D25CACFE93174700D9E0FDFE736CB4FF01
:10C82800913A30FEDBB118FF9CFF3C019A93F2006D
:10C83800FD865700354BE50030C3DEFF1FAF32FFE2
:10C848009CD278FFD023DEFF12F8B301020A65FFFD
:10C858009DC2F8FF9ECC65FF68FEC5FF4F3E0400F1
:10C86800B2AC65016092FBFF410A9C000289A5FFFA
:10C878007404E700F2D7010013231DFF2BA14F001A
:10C888003B95F601FB42B000C82103FF506E8EFFB6
:10C89800C3A11101E43842FF7B2F91FE8404A40058
:10C8A80043AEAC0019FD720057615701FADC540021
:10C8B800605BC8FF257D3B0013417600A134F1FF82
:10C8C800EDAC06FFB0BFFFFF014182FEDFBEE60010
:10C8D80065FDE7FF92236D00FA1D4D01310013003D
:10C8E8007B5A9B01165620FFDAD541006F5D7F0009
:10C8F8003C5DA9FF087FB60011BA0EFEFD89F6FF60
:10C90800D51930FE4CEE00FFF85C46FF63E08B0063
:10C91800B809FF0107A4D000CD83C60157D6C700C8
:10C9280082D65F00DD95DE001726ABFEC56ED5000A
:10C938002B738CFED7B1760060344201759EED00F2
:10C948000E40B6FF2E3FAEFF9E5FBEFFE1CDB1FFAA
:10C958002B058EFFAC63D4FFF4BB93001D3399FF06
:10C96800E47418FE1E65CF0013F696FF86E70500EF
:10C978007D86E2014D416200EC8221FF056E3E009A
:10C98800456C7FFF07711600911453FEC2A1E7FFA3
:10C9980083B53C00D9D1B1FFE594D4FE0383B80038
:10C9A80075B1BB011C0E1FFFB0665000325497FFD3
:10C9B8007D1F36FF159D85FF13B38B01E0E81A0034
:10C9C8002275AAFFA7FCABFF498DCEFE81FA230092
:10C9D800484FEC01DCE514FF29CAADFF634CEEFFBC
:10C9E800C616E0FF6CC6C3FF248D6001EC9E3BFFBA
:10C9F8006A6457006EE20200E3EADE009A5D77FFA0
:10CA08004A70A4FF435B02FF159121FF66D689FF98
:10CA1800AFE667FEA3F6A6005DF774FEA7E01CFF6D
:10CA2800DC023901ABCE54007BE411FF1B787700A0
:10CA3800770B9301B42FE1FF68C8B9FEA502720015
:10CA48004D4ED4002D9AB1FF18C479FE529DB60000
:10CA58005A10BE010C93C5005FEF98FF0BEB47001F
:10CA6800569277FFAC86D6003C83C400A1E18100D2
:10CA78001F8278FE5FC8330069E7D2FF3A0994FF46
:10CA88002BA8DDFF7CED8E00C6D332FE2EF56700A5
:10CA9800A4F854009846D0FFB475B100464FB900C9
:10CAA800F34A2000959CCF00C5C4A101F535EF00DD
:10CAB8000F5DF6FE8BF031FFC45824FFA2267B00E1
:10CAC80080C89D01AE4C67FFADA922FED801ABFF1F
:10CAD8007233110088E4C2006E9638FE6AF69F0031
:10CAE80013B84FFF964DF0FF9B50A2000035A9FFE9
:10CAF8001D975600445E10005C076EFE627595FF38
:10CB0800F94DE6FFFD0A8C00D67C5CFE2376EB002F
:10CB1800593039011635A600B8903DFFB3FFC20061
:10CB2800D6F83DFE3B6EF600791551FEA603E400EB
:10CB38006A401AFF45E886FFF2DC35FE2EDC550018
:10CB48007195F7FF61B367FFBE7F0B0087D1B60011
:10CB58005F348101AA90CEFF7AC8CCFFA864920006
:10CB68003C9095FE463C28007A34B1FFF6D365FF29
:10CB7800AEED080007337800131FAD007EEF9CFF71
:10CB88008FBDCB00C48058FFE985E2FF1E7DADFF55
:10CB9800C96C32007B643BFFFEA30301DD94B5FF43
:10CBA800D68839FEDEB489FFCF5836FF1C21FBFF3B
:10CBB80043D63401D2D0640051AA5E0091283500D2
:10CBC800E06FE7FE231CF4FFE2C7C3FEEE11E600A8
:10CBD800D9D9A4FEA99DDD00DA2EA201C7CFA3FFF3
:10CBE8006C73A2010E60BBFF763C4C00B89F9800A6
:10CBF800D1E747FE2AA4BAFFBA9933FEDDABB6FFE8
:10CC0800A28EAD00EB2FC100078B10015FA440FF7F
:10CC180010DDA600DBC51000841D2CFF644575FFE0
:10CC28003CEB58FE2851AD0047BE3DFFBB589D0068
:10CC3800E70B1700ED75A400E1A8DFFF9A7274FFF7
:10CC4800A398F2011820AA007D6271FEA8134C0077
:10CC5800119DDCFE9B340500136FA1FF475AFCFFB2
:10CC6800AD6EF0000AC679FFFDFFF0FF427BD200EF
:10CC7800DDC2D7FE79A311FFE1076300BE31B6001C
:10CC880073098501E81A8AFFD54484002C777AFF56
:10CC9800B3623300955A6A004732E6FF0A9976FF75
:10CCA800B1461900A557CD00378AEA00EE1E61008B
:10CCB800719BCF0062997F00226BDBFE7572ACFF1F
:10CCC8004CB4FFFEF239B3FFDD22ACFE38A231FFCF
:10CCD8005303FFFF71DDBDFFBC19E4FE105859FF77
:10CCE800471CC6FE161195FFF379FEFF6BCA63FF5A
:10CCF80009CE0E01DC2F99006B8927016131C2FF33
:10CD08009533C5FEBA3A0BFF6B2BE801C8060EFF38
:10CD1800B58541FEDDE4ABFF7B3EE701E3EAB3FF07
:10CD280022BDD4FEF4BBF900BE0D500182590100AA
:10CD3800DF85AD0009DEC6FF427F4A00A7D85DFF48
:10CD48009BA8C6014291000044662E01AC5A9A0085
:10CD5800D8804BFFA02833009E111B017CF03100C6
:10CD6800ECCAB0FF977CC0FF26C1BE005FB63D008D
:10CD7800A3937CFFFFA533FF1C2811FED7604E004C
:10CD88005691DAFE1F24CAFF560905006F29C8FF0D
:10CD9800ED6C6100393E2C0075B80F012DF174005F
:10CDA8009801DCFF9DA5BC00FA0F83013C2C7DFF98
:10CDB80041DCFBFF4B32B800355A80FFE750C2FF19
:10CDC80088817F011512BBFF2D3AA1FF47932200EE
:10CDD800AEF90BFE238D1D00EF44B1FF736E3A00D0
:10CDE800EEBEB10157F5A6FFBE31F7FF9253B8FF6B
:10CDF800AD0E27FF92D768008EDF780095C89BFF9D
:10CE0800D4CF910110B5D900AD2057FFFF23B5004D
:10CE180077DFA101C8DF5EFF4606BAFFC04355FFB2
:10CE280032A99800901A7BFF38F3B3FE14448800A7
:10CE3800278CBCFEFDD005FFC87387012BACE5FF2E
:10CE48009C68BB0097FBA700348717009799480098
:10CE580093C56BFE949E05FFEE8FCE007E9989FFE9
:10CE68005898C5FE0744A700FC9FA5FFEF4E36FF64
:10CE7800183F37FF26DE5E00EDB70CFFCECCD200A0
:10CE88001327F6FE1E4AE700876C1D01B3730000E6
:10CE9800757674018406FCFF9181A10169438D00B8
:10CEA8005225E2FFEEE2E4FFCCD681FEA27B64FFCE
:10CEB800B979EA002D6CE700420838FF84888000C1
:10CEC800ACE042FEAF9DBC00E6DFE2FEF2DB4500CF
:10CED800B80E770152A23800727B1400A26755FF82
:10CEE80031EF63FE9C87D7006FFFA7FE27C4D600EB
:10CEF80090264F01F9A87D009B619CFF1734DBFF4A
:10CF0800961690002C95A5FF287FB700C44DE9FF21
:10CF18007681D2FFAA87E6FFD677C600E9F023001C
:10CF2800FD3407FF756630FF15CC9AFFB388B1FF53
:10CF380017020301958259FFFC119F01463C1A0014
:10CF4800906B1100B4BE3CFF38B63BFF6E4736FF0E
:10CF5800C61281FF95E057FFDF1598FF8A16B6FFC6
:10CF6800FA9CCD00EC2DD0FF4F94F2016546D1001C
:10CF7800674EAE006590ACFF9888ED01BFC288008F
:10CF880071507D0198048D009B9635FFC474F5009F
:10CF9800EF7249FE135211FF7C7DEAFF2834BF006F
:10CFA8002AD29EFF9B84A500B2052A01405C28FF77
:10CFB80024554DFFB2E47600894260FE73E24200D8
:10CFC8006EF045FE976F5000A7AEECFFE36C6BFF69
:10CFD800BCF241FFB751FF0039CEB5FF2F22B5FF94
:10CFE800D5F09E01474B5F009C2818FF66D2510080
:10CFF800ABC7E4FF9A222900E3AF4B0015EFC3004B
:10D008008AE55F014CC03100757B5701E3E182007E
:10D018007D3E3FFF02C6AB00FE240DFE91BACE0056
:10D0280094FFF4FF2300A6001E96DB015CE4D40005
:10D038005CC63CFE3E85C8FFC9293B007DEE6DFFFE
:10D04800B4A3EE018C7A5200091658FFC59D2FFF34
:10D05800995E3900581EB60054A15500B2927C0062
:10D06800A6A607FF15D0DF009CB6F2009B79B90091
:10D07800539CAEFE9A1076FFBA53E801DF3A79FF67
:10D088001D175800237D7FFFAA0595FEA40C82FF7B
:10D098009BC41D00A160880007231D01A225FB0079
:10D0A800032EF2FF00D9BC0039AEE201CEE902003E
:10D0B80039BB88FE7BBD09FFC9757FFFBA24CC0048
:10D0C800E719D800504E6900138681FF94CB4400BD
:10D0D8008D517DFEF8A5C8FFD69087009737A6FF2B
:10D0E80026EB5B00152E9A00DFFE96FF2399B4FF0E
:10D0F8007DB01D012B621EFFD87AE6FFE9A00C0067
:10D1080039B90CFEF07107FF050910FE1A5B6C00B7
:10D118006DC6CB00089328008186E4FF7CBA28FFFF
:10D12800726284FEA684170063452C0009F2EEFFA4
:10D13800B8353B00848166FF3420F3FE93DFC8FFD7
:10D148007B53B3FE8790C9FF8D253801973CE3FFD9
:10D158005A499C01CBACBB0050972FFF5E89E7FF73
:10D1680024BF3BFFE1D1B5FF4AD7D5FE0676B3FF12
:10D178009936C1013200E700689D48018CE39AFFA7
:10D18800B6E210FE60E15CFF7314AAFE06FA4E00D8
:10D19800F84BADFF355906FF00B4760048AD0100E5
:10D1A8004008CE01AE85DF00B93E85FFD60B620090
:10D1B800C51FD000ABA7F4FF16E7B50196DAB90092
:10D1C800F7A96101A58BF7FF2F78950167F8330060
:10D1D8003C451CFE19B3C4007C07DAFE3A6B5100CB
:10D1E800B8E99CFFFC4A240076BC43008D5F35FFFC
:10D1F800DE5EA5FE2E3D3500CE3B73FF2FECFAFF19
:10D208004A052001819AEEFF6A20E20079BB3DFFC2
:10D2180003A6F1FE43AAACFF1DD8B2FF17C9FC0054
:10D22800FD6EF300C87D39006DC060FF3473EE00F9
:10D238002679F3FFC9382100C27682004B6019FFB6
:10D24800AA1EE6FE273FFD00242DFAFFFB01EF0092
:10D25800A0D45C012DD1ED00F32157FEED54C9FF98
:10D26800D4129DFED4637FFFD96210FE8BACEF0011
:10D27800A8C982FF8FC1A9FFEE97C101D76829000D
:10D28800EF3DA5FE0203F20016CBB1FEB1CC1600AD
:10D298009581D5FE1F0B29FF009F79FEA01972FF0B
:10D2A800A250C8009D970B009A864E01D836FC0004
:10D2B8003067850069DCC500FDA84DFE35B3170051
:10D2C8001879F001FF2E60FF6B3C87FE62CDF9FFF5
:10D2D8003FF977FF783BD3FF72B437FE5B55ED001B
:10D2E80095D44D013849310056C696005DD1A0004D
:10D2F80045CDB6FFF45A2B001424B0007A74DD0033
:10D3080033A72701E7013FFF0DC5860003D122FFA0
:10D31800873BCA00A7644E002FDF4C00B93C3E0093
:10D32800B2A67B01840CA1FF3DAE2B00C345900043
:10D338007F2FBF01222C4E0039EA3401FF1628FF47
:10D34800F65E920053E480003C4EE0FF0060D2FF9E
:10D3580099AFEC009F154900B473C4FE83E16A00DD
:10D36800FFA786009F0870FF7844C2FFB0C4C6FFBD
:10D378007630A8FF5DA9010070C866014A18FE0052
:10D38800138D04FE8E3E3F0083B3BBFF4D9C9BFF75
:10D398007756A400AAD092FFD0859AFF949B3AFFB3
:10D3A800A278E8FEFCD59B00F10D2A005E328300CE
:10D3B800B3AA70008C5397FF377754018C23EFFF83
:10D3C800992D4301ECAF2700369767FF9E2A41FF4E
:10D3D800C4EF87FE5635CB0095612FFED82311FF89
:10D3E8004603460167245AFF281AAD00B8300D00DD
:10D3F800A3DBD9FF510601FFDDAA6CFEE9D05D0071
:10D4080064C9F9FE562423FFD19A1E01E3C9FBFF24
:10D4180002BDA7FE643903000D802900C5644B00D6
:10D4280096CCEBFF91AE3B0078F895FF5537E100BD
:10D4380072D235FEC7CC77000EF74A013FFB810058
:10D4480043689701878250004F5937FF75E69DFF63
:10D4580019608F00D591050045F1780195F35FFFBC
:10D46800722A1400834802009A3514FF493E6D0061
:10D47800C4669800290CCCFF7A260B01FA0A9100A1
:10D48800CF7D9400F6F4DEFF2920550170D57E008B
:10D49800A2F9560147C67FFF51091501622704FF0B
:10D4A800CC472D014B6F8900EA3BE70020305FFF36
:10D4B800CC1F72011DC4B5FF33F1A7FE5D6D8E0050
:10D4C80068902D00EB0CB5FF3470A4004CFECAFF29
:10D4D800AE0EA2003DEB93FF2B40B9FEE97DD900CB
:10D4E800F358A7FE4A3108009CCC42007CD67B004A
:10D4F80026DD76019270EC007262B1009759C70080
:10D5080057C57000B995A1002C60A500F8B314FFA9
:10D51800BCDBD8FE283E0D00F38E8D00E5E3CEFF80
:10D52800ACCA23FF75B0E1FF526E26012AF50EFF43
:10D538001453610031AB0A00F277780019E83D0016
:10D54800D4F093FF047338FF9111EFFECA11FBFF6B
:10D55800F912F5FF6375EF00B804B3FFF6ED33FF7A
:10D5680025EF89FFA670A6FF51BC21FFB9FA8EFFEF
:10D5780036BBAD00D070C900F62BE40168B858FF7F
:10D58800D434C4FF33756CFFFE759B002E5B0FFF10
:10D59800570E90FF57E3CC00531A53019F4CE300FA
:10D5A8009F1BD50118976C007590B3FE89D1520066
:10D5B800269F0A007385C900DFB69C016EC45DFF13
:10D5C800393CE90005A769FF9AC5A4006022BAFFA3
:10D5D80093852501DC63BE0001A754FF1491AB00BD
:10D5E800C2C5FBFE5F4E85FFFCF8F3FFE15D83FFDC
:10D5F800BB86C4FFD899AA0014769EFE8C017600DB
:10D60800569E0F012DD329FF930164FE71744CFFC0
:10D61800D37F6C01670F3000C110660145335FFF8F
:10D628006B809D0089ABE9005A7C90016AA1B60025
:10D63800AF4CEC01C88DACFFA33A6800E9B434FFE5
:10D64800F0FD0EFFA271FEFF26EF8AFE342EA60023
:10D65800F16521FE83BA9C006FD03EFF7C5EA0FF7F
:10D668001FACFE0070AE38FFBC631BFF438AFB0093
:10D678007D3A80019C98AEFFB20CF7FFFC549E00E7
:10D6880052C50EFEACC853FF25272E016ACFA7004E
:10D6980018BD220083B29000CED50400A1E2D200CA
:10D6A800483369FF612DBBFF4EB8DFFFB01DFB009B
:10D6B8004FA056FF7425B200524DD50152548DFF2C
:10D6C800E265D401AF58C7FFF55EF701AC766DFF90
:10D6D800A6B9BE0083B5780057FE5DFF86F049FF06
:10D6E80020F58FFF8BA267FFB36212FED9CC7000C2
:10D6F80093DF78FF350AF300A68C96007D50C8FFAB
:10D708000E6DDBFF5BDA01FFFCFC2FFE6D9C74FFE6
:10D7180073317F01CC57D3FF94CAD9FF1A55F9FF4B
:10D728000EF586014C59A9FFF22DE6003B62ACFFCD
:10D73800724984FE4E9B31FF9E7E540031AF2BFF11
:10D7480010B654FF9D67230068C16DFF43DD9A0042
:10D75800C9AC01FE08A25800A5011DFF7D9BE5FF8D
:10D768001E9ADC0167EF5C00DC016DFFCAC6010090
:10D778005E028E0124362C00EBE29EFFAAFBD6FF48
:10D78800B94D0900614AF200DBA395FFF02376FF4B
:10D79800DF7258FEC0C703006A2518FFC9A176FFCB
:10D7A80061596301E03A67FF65C793FEDE3C630099
:10D7B800EA193B0134871B0066035BFEA8D8EB001F
:10D7C800E5E88800683C81002EA8EE0027BF4300EA
:10D7D8004BA32F008F6162FF38D8A801A8E9FCFF8E
:10D7E800236F16FF5C542B001AC857015BFD980085
:10D7F800CA3846008E084D00500AAF01FCC74C00DD
:10D80800166E52FF8101C2000B803D01570E91FF39
:10D81800FDDEBE010F48AE0055A356FE3A632CFF4D
:10D828002D18BCFE1ACD0F0013E5D2FEF843C30035
:10D838006347B8009AC725FF97F379FF26334BFF54
:10D84800C95582FE2C41FA003993F3FE922B3BFF17
:10D85800591C3500215418FFB33312FEBD4653003E
:10D868000B9CB301628677009E6F6F00779A49FF21
:10D87800C83F8CFE2D0D0DFF9AC002FE51482A00AC
:10D888002EA0B9FE2C70060092D795011AB0680038
:10D89800441C5701EC3299FFB380FAFECEC1BFFF9A
:10D8A800A65C89FE3528EF00D201CCFEA8AD230086
:10D8B8008DF32D0124326DFF0FF2C2FFE39F7AFF33
:10D8C800B0AFCAFE4639480028DF3800D0A23AFF78
:10D8D800B7625D000F6F0C001E084CFF847FF6FFD7
:10D8E8002DF2670045B50FFF0AD11E0003B379007A
:10D8F800F1E8DA017BC758FF02D2CA01BC8251FFA6
:10D908005E65D00167242D004CC118015F1AF1FF34
:10D91800A5A2BB0024728C00CA4205FF25389300DB
:10D92800980BF3017F55E8FFFA87D401B9B171006C
:10D938005ADC4BFF45F89200326F32005C165000FB
:10D94800F42473FEA36452FF19C106017F3D24002D
:10D95800FD431EFE41ECAAFFA111D7FE3FAF8C008C
:10D96800377F04004F70E9006DA028008F5307FF30
:10D97800411AEEFFD9A98CFF4E5EBDFF0093BEFF92
:10D988009347BAFE6A4D7FFFE99DE9018757EDFF8E
:10D99800D00DEC019B6D24FFB464DA00B4A312002F
:10D9A800BE6E0901113F7BFFB388B4FFA57B7BFFE7
:10D9B80090BC51FE47F06CFF19700BFFE3DA33FFA0
:10D9C800A732EAFF724F6CFF1F1373FFB7F06300B3
:10D9D800E3578FFF48D9F8FF66A95F018195950045
:10D9E800EE850C01E3CC2300D0731A016608EA0027
:10D9F80070588F0190F90E00F09EACFE64707700AD
:10DA0800C28D99FE283853FF79B02E002A354CFF75
:10DA18009EBF9A005BD15C00AD0D10010548E2FF86
:10DA2800CCFE950050B8CF0064097AFE7665ABFF4E
:10DA3800FCCB00FEA0CF36003848F901388C0DFF2A
:10DA48000A406BFE5B6534FFE1B5F8018BFF84008B
:10DA5800E6911100E93817007701F1FFD5A997FF82
:10DA6800636309FEB90FBFFFAD676D01AE0DFBFF24
:10DA7800B25807FE1B3B44FF0A2102FFF8613B0036
:10DA88001A1E9201B0930A005F79CF01BC581800A2
:10DA9800B95EFEFE7337C9001832460078350600B5
:10DAA8008E429200E4E2F9FF68C0DE01AD44DB007B
:10DAB800A2B824FF8F6689FF9D0B17007D2D620099
:10DAC800EB5DE1FE3870A0FF4674F30199F937FF6A
:10DAD80081271101F150F400574515015EE449FF13
:10DAE8004E4241FFC2E3E7003D9257FFAD9B17FF4F
:10DAF8007074DBFED8260BFF83BA85005ED4BB00AA
:10DB0800642F5B00CCFEAFFFDE12D7FEAD446CFF86
:10DB1800E3E44FFF26DDD500A3E396FE1FBE120007
:10DB2800A0B30B010A5A5EFFDCAE5800A3D3E5FF91
:10DB3800C7883400825FDDFF8CBCE7FE8B7180FFF5
:10DB480075ABECFE31DC14FF3B14ABFFE46DBC009D
:10DB580014E120FEC310AE00E3FE880187276900A8
:10DB6800964DCEFFD2EEE20037D484FEEF397C002A
:10DB7800AAC25DFFF910F7FF18973EFF0A970A003F
:10DB88004F8BB2FF78F2CA001ADBD5003E7D23FF27
:10DB980090026CFFE62153FF512DD801E03E1100A1
:10DBA800D6D97D00629999FFB3B06AFE835D8AFF7A
:10DBB8006D3E24FFB27920FF78FC4600DCF8250092
:10DBC800CC58670180DCFBFFECE307016A31C6FF34
:10DBD8003C386B006372EE00DCCC5E0149BB01008F
:10DBE800599A22004ED9A5FF0EC3F9FF09E6FDFF99
:10DBF800CD87F5001AFC07FF54CD1B018602700083
:10DC0800259E2000E75BEDFFBFAACCFF9807DE004A
:10DC18006DC03100C1A692FFE813B5FF698E34FFCD
:10DC280067101B01FDC8A500C3D904FF34BD90FFD0
:10DC38007B9BA0FE578236FF4E783DFF0E382900A9
:10DC480019297DFF57A8F500D6A54600D4A906FFD7
:10DC5800DBD3C2FE485DA4FFC52167FF2B8E8D0074
:10DC680083E1AC00F4691C004444E10088540DFFD2
:10DC7800823928FE8B4D380054963500365F9D005A
:10DC8800900DB1FE5F73BA00751776FFF4A6F1FF29
:10DC98000BBA8700B26ACBFF61DA5D002BFD2D005D
:10DCA800A49804008B76EF00600118FEEB99D3FF6F
:10DCB800A86E14FF32EFB0007229E800C1FA3500EF
:10DCC800FEA06FFE887A29FF616C4300D79817FF82
:10DCD8008CD1D4002ABDA300CA2A32FF6A6ABDFFCC
:10DCE800BE44D9FFE93A7500E5DCF301C503040039
:10DCF800257836FE049C86FF243DABFEA58864FF8C
:10DD0800D4E80E005AAE0A00D8C641FF0C03400002
:10DD1800747173FFF8670800E77D12FFA01CC50047
:10DD28001EB82301DF49F9FF7B142EFE873825FF33
:10DD3800AD0DE50177A122FFF53D4900CD7D7000CD
:10DD480089688600D9F61EFFED8E8F00419F66FF19
:10DD58006CA4BE00DB75ADFF222578FEC8455000D7
:10DD68001F7CDAFE4A1BA0FFBA9AC7FF47C7FC0010
:10DD780068519F0111C82700D33DC0011AEE5B000E
:10DD880094D90C003B5BD5FF0B51B7FF81E67AFFB6
:10DD980072CB910177B442FF488AB400E0956A00DB
:10DDA800775268FFD08C2B006209B6FFCD6586FFDD
:10DDB800126526005FC5A6FFCBF193003ED091FF08
:10DDC80085F6FB0002A90E000DF7B8008E07FE00CD
:10DDD80024C817FF58CDDF005B8134FF15BA1E0039
:10DDE8008FE4D201F7EAF8FFE6451FFEB0BA87FFD5
:10DDF800EECD34018B4F2B0011B0D9FE20F3430038
:10DE0800F26FE9002C2309FFE372510104470CFF6C
:10DE18002669BF00077532FF514F10003F4441FF8C
:10DE28009D246EFF4DF103FFE22DFB018E19CE00FC
:10DE3800787BD1011CFEEEFF05807EFF5BDED7FFFD
:10DE4800A20FBF0056F0490087B951FE2CF1A3007C
:10DE5800D4DBD2FF70A29B00CF657600A84838FFBC
:10DE6800C405340048ACF2FF7E169DFF92603BFF6C
:10DE7800A27998FE8C105F00C3FEC8FE5296A200DD
:10DE8800772B91FECCAC4EFFA6E09F006813EDFF08
:10DE9800F57ED0FFE23BD50075D9C5009848ED0066
:10DEA800DC1F17FE0E5AE7FFBCD440013C65F6FFA5
:10DEB8005518560001B16D00925320014BB6C000B1
:10DEC80077F1E000B9ED1BFFB8655201EB254DFF76
:10DED800FD861300E8F67A003C6AB300C30B0C0019
:10DEE8006D42EB017D713B003D28A400AF68F00056
:10DEF800022FBBFF320C8D00C28BB5FF87FA68007A
:10DF0800615CDEFFD995C9FFCBF176FF4F974300DF
:10DF18007A8EDAFF95F5EF008A2AC8FE502561FF50
:10DF28007C70A7FF248A57FF821D93FFF1574EFF8D
:10DF3800CC611301B1D116FFF7E37FFE637753FF7E
:10DF4800D419C60110B3B300914DACFE59990EFF18
:10DF5800DABDA7006BE93BFF2321F3FE2C7070FFAD
:10DF6800A17F4F01CCAF0A0028158AFE6874E4002F
:10DF7800C75F89FF85BEA8FF92A5EA01B76327009E
:10DF8800B7DC36FEFFDE8500A2DB79FE3FEF060038
:10DF9800E16636FFFB12F600042281018724830024
:10DFA800CE323B010F61B700ABD887FF65982BFFD6
:10DFB80096FB5B0026915F0022CC26FEB28C53FFB5
:10DFC8001981F3FF4C9025006A241AFE7690ACFF65
:10DFD80044BAE5FF6BA1D5FF2EA344FF95AAFD0027
:10DFE800BB110F00DAA0A5FFAB23F601600D1300EB
:10DFF800A5CB7500D66BC0FFF47BB1016403680044
:10E00800B2F261FFFB4C82FFD34D2A01FA4F46FF63
:10E018003FF450016965F6003D883A01EE5BD50092
:10E028000E3B62FFA7544D0011842EFE39AFC5FF89
:10E03800B93EB8004C40CF00ACAFD0FEAF4A250087
:10E048008A1BD3FE947DC2000A595100A8CB65FFF4
:10E058002BD5D101EBF536001E23E2FF097E4600E1
:10E06800E27D5EFE9C7514FF39F87001E63040FFD2
:10E07800A45CA601E0D6E6FF24788F0037082BFFC2
:10E08800FB01F5016A62A5004A6B6AFE350436FF9A
:10E098005AB2960103787BFFF405590172FA3DFFE5
:10E0A800FE9952014D0F110039EE5A015FDFE6006B
:10E0B800EC342FFE6794A4FF79CF24011210B9FF26
:10E0C8004B144A00BB0B65002E3081FF16EFD2FFC0
:10E0D8004DEC81FF6F4DCCFF3D4861FFC7D9FBFF79
:10E0E8002AD7CC008591C9FF39E69201EB64C600B6
:10E0F800924923FE6CC614FFB64FD2FF52678800C0
:10E10800F66CB00022113CFF134A72FEA8AA4EFF1B
:10E118009DEF14FF9529A8003A791C004FB386FF9C
:10E12800E77987FFAED162FFF37ABE00ABA6CD00D8
:10E13800D47430001D6C42FFA2DEB6010E771500C4
:10E14800D527F9FFFEDFE4FFB7A5C60085BE30007E
:10E158007CD06DFF77AF55FF09D1790130ABBDFF9A
:10E16800C347860188DB33FFB65B8DFE319F4800CD
:10E178002376F5FF70BAE3FF3B891F00892CA300C3
:10E1880072673CFE08D59600A20A71FFC268480073
:10E19800DC8374FFB24F5C00CBFAD5FE5DC1BDFFD6
:10E1A80082FF22FED4BC9700881114FF146553FF28
:10E1B800D4CEA600E5EE49FF974A03FFA857D7003B
:10E1C8009BBC85FFA6814900F04F85FFB2D351FF64
:10E1D800CB48A3FEC1A8A5000EA4C7FE1EFFCC0015
:10E1E80041485B01A64A66FFC82A00FFC271E3FFE7
:10E1F8004217D000E5D864FF18EF1A000AE93EFF7D
:10E208007B0AB2011A24AEFF77DBC7012DA3BE003B
:10E2180010A82A00A639C6FF1C1A1A007EA5E70016
:10E22800FB6C64FF3DE579FF3A768A004CCF11001C
:10E238000D2270FE5910A80025D069FF23C9D7FF09
:10E24800286A65FE06EF72002867E2FEF67F6EFF19
:10E258003FA73A0084F08E00059E58FF81499EFF33
:10E268005E599200E6369200082DAD004FA90100D4
:10E2780073BAF7005440830043E0FDFFCFBD400070
:10E288009A1C51012DB836FF57D4E0FF006049FFB2
:10E298008121EB01344250FFFBAE9BFF04B3250004
:10E2A800EAA45DFE5DAFFD00C64557FFE06A2E009B
:10E2B800631DD2003EBC72FF2CEA0800A9AFF7FF2D
:10E2C800176D89FFE5B62700C0A55EFEF565D90084
:10E2D800BF586000C45E63FF6AEE0BFE357EF30034
:10E2E8005E0165FF2E930200C97C7CFF8D0CDA006D
:10E2F8000DA69D0130FBEDFF9BFA7CFF6A9492FF0F
:10E30800B60DCA001C3DA700D99808FEDC822DFF77
:10E31800C8E6FF01374157FF5DBF61FE72FB0E0083
:10E3280020695C011ACF8D0018CF0DFE153230FF21
:10E33800BA9474FFD32BE1002522A2FEA4D22AFFAF
:10E34800441760FFB6D608FFF57589FF42C332004F
:10E358004B0C53FE508CA40009A52401E46EE30085
:10E36800F1115A011934D40006DF0CFF8BF3390080
:10E378000C714B01F6B7BFFFD5BF45FFE60F8E0006
:10E3880001C3C4FF8AAB2FFF403F6A0110A9D6FF23
:10E39800CFAE3801584985FFB6858C00B10E19FFFC
:10E3A80093B835FF0AE3A1FF78D8F4FF494DE90097
:10E3B8009DEE8B013B41E90046FBD80129B899FF46
:10E3C80020CB70009293FD0057656D012C5285FF9C
:10E3D800F49635FF5E98E8FF3B5D27FF5893DCFF16
:10E3E8004E510D01202FFCFFA01372FF5D6B27FF1C
:10E3F8007610D301B977D1FFE3DB7FFE5869ECFFD4
:10E40800A26E17FF24A66EFF5BECDDFF42EA7400E4
:10E418006F13F4FE0AE91A0020B706FE02BFF200E5
:10E42800DA9C35FE293C46FFA8EC6F0079B97EFFDF
:10E43800EE8ECFFF377E3400DC81D0FE50CCA4FFB7
:10E44800431790FEDA286CFF7FCAA400CB2103FF94
:10E45800029E00002560BCFFC0314A006D04000028
:10E468006FA70AFE5BDA87FFCB42ADFF96C2E200D8
:10E47800C9FD06FFAE667900CDBF6E0035C2040047
:10E4880051282DFE23668FFF0C6CC6FF101BE8FF7A
:10E49800FC47BA01B06E72008E037501714D8E0093
:10E4A800139CC5015C2FFC0035E816013612EB0001
:10E4B8002E23BDFFECD481000260D0FEC8EEC7FF5A
:10E4C8003BAFA4FF922BE700C2D934FF03DF0C0057
:10E4D8008A36B2FE55EBCF00E8CF2200313432FF46
:10E4E800A67159FF0A2DD8FF3EAD1C006FA5F60096
:10E4F80076735BFF80543C00A790CB00570DF30068
:10E50800161EE401B17192FF81AAE6FEFC9981FF13
:10E5180091E12B0046E705FF7A697EFE56F694FFE7
:10E528006E259AFED1035B0044913E00E410A5FFDE
:10E5380037DDF9FEB2D25B005392E2FE4592BA0093
:10E548005DD268FE1019AD00E7BA2600BD7A8CFFCF
:10E55800FB0D70FF696E5D00FB48AA00C017DFFF66
:10E568001803CA01E15DE4009993C7FE6DAA16007D
:10E57800F865F6FFB27C0CFFB2FE66FE3704410078
:10E588007DD6B400B76093002D7517FE84BFF900DF
:10E598008FB0CBFE88B736FF92EAB100926556FF7E
:10E5A8002C7B8F0121D19800C05A29FE530F7DFF83
:10E5B800D5AC5200D7A99000100D220020D164FFDD
:10E5C8005412F901C511ECFFD9BAE60031A0B0FF29
:10E5D8006F7661FFED68EB004F3B5CFE45F90BFF82
:10E5E80023AC4A0113764400DE7CA5FFB44223FF26
:10E5F80056AEF6002B4A6FFF7E9056FFE4EA5B00AA
:10E60800F2D518FE452CEBFFDCB4230008F807FF11
:10E61800662F5CFFF0CD66FF71E6AB011FB9C9FF3D
:10E62800C2F646FF7A11BB008646C7FF950396FFE0
:10E63800753F670041687BFFD4361301068D58008B
:10E648005386F3FF88356700A91BB400B131180061
:10E658006F36A700C33DD7FF1F016C013C2A460057
:10E66800B903A2FFC29528FFF67F26FEBE7726FFD4
:10E678003D77080160A1DBFF2ACBDD01B1F2A4FFE1
:10E68800F59F0A0074C40000055DCDFE807FB300CD
:10E698007DEDF6FF95A2D9FF572514FE8CEEC0003C
:10E6A8000909C1006101E2001D260A0000883FFF38
:10E6B800E548D2FE26865CFF4EDAD001682454FF76
:10E6C8000C05C1FFF2AF3DFFBFA92E01B39393FF25
:10E6D80071BE8BFE7DAC1F00034BFCFED7240F00E0
:10E6E800C11B1801FF4595FF6E817600CB5DF900CF
:10E6F8008A8940FE264606009974DE00A14A7B00FE
:10E70800C1634FFF763B5EFF3D0C2B0192B19D002C
:10E718002E93BF0010FF26000B331F013C3A62FF07
:10E728006FC24D019A5BF4008C289001AD0AFB0082
:10E73800CBD132FE6C824E00E4B45A00AE07FA0028
:10E748001FAE3C0029AB1E00746352FF76C18BFFDD
:10E75800BBADC6FEDA6F3800B97BD800F99E34002D
:10E7680034B45DFFC9095BFF382DA6FE849BCBFF3F
:10E778003AE86E0034D359FFFD00A2010957B700EB
:10E7880091882C015E7AF50055BCAB01935CC600FC
:10E79800000868001E5FAE00DDE63401F7F7EBFF06
:10E7A80089AE35FF2315CCFF47E3D601E852C200F6
:10E7B8000B30E3FFAA49B8FFC6FBFCFE2C70220011
:10E7C800836583FF48A8BB0084877DFF8A6861FF53
:10E7D800EEB8A8FFF36854FF87D8E2FF8B90ED00EE
:10E7E800BC89960150388CFF56A9A7FFC24E19FF65
:10E7F800DC11B4FF110DC1007589D4FF8DE09700BD
:10E8080031F4AF00C163AFFF13639A01FF413EFFCC
:10E818009CD237FFF2F403FFFA0E95009E58D9FFF9
:10E828009DCF86FEFBE81C002E9CFBFFAB38B8FF93
:10E83800EF33EA008E8A83FF19FEF3010AC9C2008A
:10E848003F614B00D2EFA200C0C81F0175D6F3008C
:10E858001847DEFE3628E8FF4CB76FFE900E57FFCC
:10E86800D64F88FFD8C4D400841B8CFE8305FD00D6
:10E878007C6C13FF1CD74B004CDE37FEE9B63F001B
:10E8880044ABBFFE346FDEFF0A694DFF50AAEB00B0
:10E898008F1858FF2DE779009481E0013DF6540068
:10E8A800FD2EDBFFEF4C2100319412FEE6254500DA
:10E8B800438616FE8E9B5E001F9DD3FED52A1EFF43
:10E8C80004E4F7FEFCB00DFF27001FFEF1F4FFFF84
:10E8D800AA2D0AFEFDDEF900DE728400FF2F06FF76
:10E8E800B4A3B301545E97FF59D152FEE534A9FF92
:10E8F800D5EC0001D638E4FF877797FF70C9C100CF
:10E9080053A035FE0697420012A21100E9615B0090
:10E9180083054E01B57835FF755F3FFFED75B9008A
:10E92800BF7E88FF9077E900B73961012FC9BBFF27
:10E93800A7A577012D647E00156206FE91965FFFFC
:10E9480078369800D16268008F6F1EFEB894F9007F
:10E95800EBD82E00F8CA94FF395F1600F2E1A30045
:10E96800E9F7E8FF47AB13FF67F431FF54675DFF32
:10E978004479F40152E00D00294F2BFFF9CEA7FF8F
:10E98800D73415FEC02016FFF76F3C00654A26FFF6
:10E99800165B54FE1D1C0DFFC6E7D7FEF49AC8008F
:10E9A800DF89ED00D3840E005F40CEFF113EF7FFF4
:10E9B800E98379015D174D00CDCC34FE51BD880047
:10E9C800B4DB8A018F125E00CC2B8CFEBCAFDB005F
:10E9D8006F628FFF973FA2FFD33247FE1392350035
:10E9E800922D53FEB252EEFF108554FFE2C65DFF32
:10E9F800C96114FF787623FF7232E7FFA2E59CFF16
:10EA0800D31A0C00722773FFCED48600C5D9A0FF95
:10EA180074815EFEC7D7DBFF4BDFF901FD74B5FFDC
:10EA2800E8D768FFE482F6FFB97556000E050800BE
:10EA3800EF1D3D01ED5785FF7D9289FECCA8DF00D3
:10EA48002EA8F5009A691600DCD4A1FF6B4518FFC3
:10EA580089DAB5FFF154C6FF827AD3FF8D0899FF92
:10EA6800BEB176006059B200FF1030FE7A6069FFCF
:10EA78007536E8FF227E69FFCC43A600E8348AFF9A
:10EA8800D3930C00193607002C0FD7FE33EC2D005A
:10EA9800BE4481016A93E1001C5D2DFEEC8D0FFFE1
:10EAA800113DA100DC73C000EC9118FE6FA8A9000D
:10EAB800E03A3FFF7FA4BC0052EA4B01E09E86008B
:10EAC800D1446E01D9A6D90046E1A601BBC18FFF8A
:10EAD800100758FF0ACD8C0075C09C01113826001C
:10EAE8001B7C6C01ABD737FF5FFDD4009B87A8FF69
:10EAF800F6B299FE9A444A00E83D60FE69843B00FC
:10EB0800214CC701BDB082FF096819FE4BC666FFDC
:10EB1800E90170006CDC14FF72E646008CC285FFC8
:10EB2800399EA4FE920650FFA9C4610155B7820020
:10EB3800469EDE013BEDEAFF60191AFFE8AF61FF70
:10EB48000B79F8FE5823C200DBB4FCFE4A08E30048
:10EB5800C3E34901B86EA1FF31E9A40180352F0054
:10EB6800520E79FFC1BE3A0030AE75FF84172000FF
:10EB7800280A8601163319FFF00BB0FF6E39920090
:10EB8800758FEF019D6576FF36544C00CDB812FFA6
:10EB98002F0448FF4E7055FFC13242015D1034FF0B
:10EBA800086986000C6D48FF3A9CFB009023CC0056
:10EBB8002CA075FE326BC2000144A5FF6F6EA20047
:10EBC8009E5328FE4CD6EA003AD8CDFFAB6093FF9F
:10EBD80028E37201B0E3F10046F9B70188548BFFCE
:10EBE8003C7AF7FE8F0975FFB1AE89FE49F78F00B1
:10EBF800ECB97EFF3E19F7FF2D4038FFA1F406005F
:10EC08002239380169CA53008093D00006670AFF89
:10EC18004A8A41FF615064FFD6AE21FF32864AFF1F
:10EC28006E9782FE6F54AC0054C74BFEF83B70FFE2
:10EC380008D8B20109B75F00EE1B08FEAACDDC00B8
:10EC4800C3E58700624CEDFFE25B1A0152DB27FF48
:10EC5800E1BEC701D9C879FF51B308FF8C41CE0086
:10EC6800B2CF57FEFAFC2EFF68596E01FDBD9EFF1C
:10EC780090D69EFFA0F536FF35B75C0115C8C2FFD8
:10EC880092217101D101FF00EB6A2BFFA734E80044
:10EC98009DE5DD00331E1900FADD1B01419357FF86
:10ECA8004F7BC40041C4DFFF4C2C110155F14400D7
:10ECB800CAB7F9FF41D4D4FF09219A01473B500054
:10ECC800AFC23BFF8D48090064A0F400E6D03800CD
:10ECD8003B194BFE50C2C2001203C8FEA09F73002E
:10ECE800848FF7016F5D39FF3AED0B0186DE87FFF0
:10ECF8007AA36C017B2BBEFFFBBDCEFE50B648FF4E
:10ED0800D0F6E001113C0900A1CF26008D6D5B0013
:10ED1800D80FD3FF884E6E0062A368FF155079FFA5
:10ED2800ADB2B7017F8F0400683C52FED6100DFFCC
:10ED380060EE21019E94E6FF7F813EFF33FFD2FF04
:10ED48003E8DECFE9D37E0FF7227F400C0BCFAFF51
:10ED5800E44C3500625451FFADCB3DFE933237FF92
:10ED6800CCEBBF0034C5F400582BD3FE1BBF770093
:10ED7800BCE79A004251A1005CC1A001FAE3780007
:10ED88007B37E200B811480085A80AFE16879CFF69
:10ED9800291967FF30CA3A00BA9551FFBC86EF00BF
:10EDA800EBB5BDFED98BBCFF4A3052002EDAE50028
:10EDB800BDFDFB0032E50CFFD38DBF0180F419FFC8
:10EDC800A9E77AFE562FBDFF84B717FF25B296FF35
:10EDD8003389FD00C84E1F0016693200823C0000CE
:10EDE80084A35BFE17E7BB00C04FEF009D66A4FF3E
:10EDF800C052140118B567FFF009EA00017BA4FFAF
:10EE080085E900FFCAF2F2003CBAF500F110C7FF2D
:10EE1800E0749EFEBF7D5BFFE056CF007925E7FFDB
:10EE2800E309C6FF0F99EFFF79E8D9FE4B7052004E
:10EE38005F0C39FE33D669FF94DC6101C762240098
:10EE48009CD10CFE0AD43400D9B437FED4AAE8FF0A
:10EE5800D81454FF9DFA87009D637FFE01CE2900D8
:10EE68009524460136C4C9FF577400FEEBAB9600E3
:10EE78001BA3EA00CA87B400D05F00FE7B9C5D003C
:10EE8800B73E4B0089EBB600CCE1FFFFD68BD2FF33
:10EE9800027308FF1D0C6F00349C0100FD15FBFF79
:10EEA80025A51FFE0C82D3006A1235FE2A639A003C
:10EEB8000ED93DFED80B5CFFC8C570FE9326C7006F
:10EEC80024FC78FE6BA94D00017B9FFFCF4B6600A9
:10EED800A3AFC4002C01F00078BAB0FE0D624CFF5D
:10EEE800ED7CF1FFE892BCFFC860E000CC1F290070
:10EEF800D0C80D0015E160FFAF9CC400F7D07E00BC
:10EF08003EB8F4FE02AB510055739E0036402DFF0B
:10EF1800138A72008747CD00E32F9301DAE7420096
:10EF2800FDD11C00F40FADFF060F76FE1096D0FF42
:10EF3800B91632FF5670CFFF4B71D7013F922BFFA6
:10EF480004E113FEE3173EFF0EFFD6FE2D08CDFFAA
:10EF580057C597FED252D7FFF5F8F7FF80F846005D
:10EF6800E1F757005A784600D5F55C000D85E200B8
:10EF78002FB505015CA369FF061E85FEE8B23DFFBB
:10EF8800E69518FF12319E00E4643DFE74F3FBFF22
:10EF98004D4B5C0151DB93FF4CA3FEFE8DD5F60073
:10EFA800E82598FE612C6400C9253201D4F43900A3
:10EFB800AEABB7FFF94A7000A69C1E00DEDD61FF0C
:10EFC800F35D49FEFB6564FFD8D95DFFFE8ABBFF90
:10EFD8008EBE34FF3BCBB1FFC85E340073729EFF18
:10EFE800A59868017E63E2FF769DF4016BC8100066
:10EFF800C15AE500790658009C205DFE7DF1D3FFDB
:10F008000EED9DFFA59A15FFB8E016FFFA1898FFB8
:10F01800714D1F00F7AB17FFEDB1CCFF348991FF9D
:10F02800C2B67200E0EA95000A6F6701C981040060
:10F03800EE8E4E00340628FF6ED5A5FE3CCFFD00AF
:10F048003ED74500606100FF312DCA00787916FF70
:10F05800EB8B3001C62D22FFB6321B0183D25BFF3A
:10F068002E368000AF7B69FFC68D4EFE43F4EFFF5E
:10F07800F53667FE4E26F2FF025CF9FEFBAE57FF3F
:10F088008B3F9000186C1BFF226612012216980015
:10F0980042E576FE328F630090A99501761E9800AE
:10F0A800B2087901089F12005A65E6FF811D7700B2
:10F0B80044240B01E8B7370017FF60FFA129C1FFFF
:10F0C8003F8BDE000FB3F300FF640FFF523587005C
:10F0D8008939950163F0AAFF16E6E4FE31B452FFC0
:10F0E8003D522B006EF5D900C77D3D002EFD340042
:10F0F8008DC5DB00D39FC100377969FEB714810045
:10F10800A977AAFFCBB28BFF8728B6FFAC0DCAFF41
:10F1180041B2940008CF2B007A357F014AA1300014
:10F12800E3D680FE560BF3FF64560701F54486FFCD
:10F138003D2B150198545EFFBE3CFAFEEF76E8FFC2
:10F14800D6882501714C6BFF5D68640190CE17FF6E
:10F158006E969A01E467B900DA3132FE874D8BFF6B
:10F16800B9014E0000A194FF611DE9FFCF9495FFFE
:10F17800A0A800005B80ABFF061C13FE0B6FF70016
:10F1880027BB96FF8AE89500753E44FF3FD8BCFF31
:10F19800EBEA20FE1D39A0FF190CF101A93CBF00C4
:10F1A80020838DFFED9F7BFF5EC55EFE74FE03FF2F
:10F1B8005CB361FE79615CFFAA700E001595F800DA
:10F1C800F8E3030050606D004BC04A010C5AE2FF9F
:10F1D800A16A4401D0727FFF722AFFFE4A1A4AFFD1
:10F1E800F7B396FE798C3C009346C8FFD628A1FF5A
:10F1F800A1BCC9FF8D4187FFF273FC003E2FCA00F6
:10F20800B495FFFE8237ED00A511BAFF0AA9C20026
:10F218009C6DDAFF708C7BFF6880DFFEB18E6CFF1F
:10F228007925DBFF804D12FF6F6C17015BC04B0027
:10F23800AEF516FF04EC3EFF2B409901E3ADFE004E
:10F24800ED7A84017F59BAFF8E5280FEFC54AE00DD
:10F258005AB3B101F3D657FF673CA2FFD0820EFF25
:10F268000B828B00CE81DBFF5ED99DFFEFE6E6FFC8
:10F2780074739FFEA46B5F0033DA0201D87DC6FF6A
:10F288008CCA80FE0B5F44FF37095DFEAE9906FF0E
:10F29800CCAC600045A06E00D52631FE1B50D500D1
:10F2A800767D7200464643FF0F8E49FF837AB9FF89
:10F2B800F31432FE82ED2800D29F8C01C59741FFDE
:10F2C80054994200C37E5A0010EEEC0176BB66FFEB
:10F2D800031885FFBB45E60038C55C01D5455EFFD0
:10F2E800508AE501CE07E600DE6FE6015BE977FFAD
:10F2F8000959070102620100944A85FF33F6B4FFF9
:10F30800E4B170013ABD6CFFC2CBEDFE15D1C3006C
:10F31800930A2301569DE2001FA38BFE38074BFF7B
:10F328003E5A7400B53CA9008AA2D4FE51A71F001A
:10F33800CD5A70FF2170E30053977501B1E049FF82
:10F34800AE90D9FFE6CC4FFF164DE8FF724EEA00AB
:10F35800E0397EFE09318D00F293A50168B68CFF75
:10F36800A7840C017B447F00E1572701FB6C080050
:10F37800C6C18F017987CFFFAC164600324474FFAF
:10F3880065AF28FFF869E900A6CB07006EC5DA006B
:10F39800D7FE1AFEA8E2FD001F8F60000B67290048
:10F3A800B781CBFE64F74AFFD57E8400D2932C0048
:10F3B800C7EA1B01942FB5009B5B9E013669AFFF1E
:10F3C800024E91FE669A5F0080CF7FFE347CECFF90
:10F3D80082544700DDF3D30098AACF00DE6AC70045
:10F3E800B7545EFE5CC838FF8AB673018E6092001F
:10F3F8008588E4006112960037FB42008C660400A1
:10F40800CA6797001E13F8FF33B8CF00CAC6590061
:10F4180037C5E1FEA95FF9FF424144FFBCEA7E001F
:10F42800A6DF640170EFF4009017C2003A27B60017
:10F43800F42C18FEAF44B3FF98769A01B0A282006C
:10F44800D972CCFEAD7E4EFF21DE1EFF24025BFF8B
:10F45800028FF30009EBD70003AB970118D7F5FF2C
:10F46800A82FA4FEF192CF004581B40044F37100A7
:10F47800903548FEFB2D0E00176EA80044444FFF40
:10F488006E465FFEAE5B90FF21CE5FFF892907FFC6
:10F4980013BB99FE23FF70FF0991B9FE329D250029
:10F4A8000B7031016608BEFFEAF3A9013C5517004D
:10F4B8004A27BD007431EF00ADD5D2002EA16CFFF4
:10F4C8009F962500C478B9FF226206FF99C33EFFC4
:10F4D80061E647FF663D4C001AD4ECFFA4611000BA
:10F4E800C63B9200A317C40038183D00B562C1009E
:10F4F800FB93E5FF62BD18FF2E36CEFFEA52F600F9
:10F50800B76726016D3ECC000AF0E000921675FF41
:10F518008E9A780045D42300D063760179FF03FFE3
:10F528004806C2007511C5FF7D0F17009A4F990054
:10F53800D65EC5FFB93793FF3EFE4EFE7F52990057
:10F548006E663FFF6C52A1FF69BBD401508A270049
:10F558003CFF5DFF480CBA00D2FB1F01BEA790FF1D
:10F56800E42C13FE8043E800D6F96BFE889156FF21
:10F57800842EB000BDBBE3FFD0168C00D9D3740035
:10F588003251BAFE8BFA1F001E40C601879B6400E9
:10F59800A0CE17FEBBA2D3FF10BC3F00FED03100A7
:10F5A8005554BF00F1C0F2FF997E9101EAA2A2FF73
:10F5B800E661D80140877E00BE94DF0134002BFF4E
:10F5C8001C27BD014088EE00AFC4B90062E2D5FF38
:10F5D8007F9FF401E2AF3C00A0E98E01B4F3CFFFB6
:10F5E800459859011F6515009019A4FE8BBFD100DD
:10F5F8005B1979002093050027BA7BFF3F73E6FF6C
:10F608005DA7C6FF8FD5DCFFB39C13FF19427A00B4
:10F61800D6A0D9FF022D3EFF6A4F92FE338963FFC1
:10F628005764E7FFAF91E8FF65B801FFAE097D00B9
:10F638005225A10124728DFF30DE8EFFF5BA9A00A3
:10F6480005AEDDFE3F729BFF8737A001501F870084
:10F658007EFAB301ECDA2D00141C910110934900D5
:10F66800F9BD840111BDC0FFDF8EC6FF48140FFF2E
:10F67800FA35EDFE0F0B12001BD371FED56B38FF68
:10F68800AE9392FF607E300017C16D0125A25E0027
:10F69800C79DF9FE1880BBFFCD31B2FE5DA42AFFDD
:10F6A8002B77EB0158B7EDFFDAD201FF6BFE2A008A
:10F6B800E60A63FFA200E200DBED5B0081B2CB004B
:10F6C800D0325FFECED05FFFF7BF59FE6EEA4FFF24
:10F6D800A53DF300147A70FFF6F6B9FE67047B00C7
:10F6E800E963E601DB5BFCFFC7DE16FFB3F5E9FF64
:10F6F800D3F1EA006FFAC0FF55548800653A32FF2B
:10F7080083AD9CFE772D33FF76E910FEF25AD600C2
:10F718005E9FDB010303EAFF624C5CFE5036E600A5
:10F7280005E4E7FE3518DFFF71387601148401FF20
:10F73800ABD2EC0038F19EFFBA7313FF08E5AE00B8
:10F74800302C00017272A6FF0649E2FFCD59F40081
:10F7580089E34B01F8AD38004A78F6FE77030BFFD2
:10F768005178C6FF887A62FF92F1DD016DC24EFFC3
:10F77800DFF14601D6C8A9FF61BE2FFF2F67AEFF94
:10F78800635C48FE76E9B4FFC123E9FE1AE520FF71
:10F79800DEFCC600CC2B47FFC754AC008666BE0013
:10F7A8006FEE61FEE628E600E3CD40FEC80CE100FE
:10F7B800A619DE00714533FF8F9F1800A7B84A00CD
:10F7C8001DE074FE9ED0E900C1747EFFD40B85FF56
:10F7D800163A8C01CC2433FFE81E2B00EB46B5FF0C
:10F7E800403892FEA91254FFE2010DFFC832B0FF63
:10F7F80034D5F5FEA8D16100BF473700224E9C00E2
:10F80800E8903A01B94ABD00BA8E95FE40457FFF9F
:10F81800A1CB93FFB097BF0088E7CBFEA3B68900C2
:10F82800A17EFBFEE920420044CF42001E1C2500B9
:10F838005D726001FE5CF7FF2CAB4500CA770BFFD9
:10F84800BC763201FF5388FF47521A0046E3020094
:10F8580020EB7901B5299A004786E5FECAFF240006
:10F86800299805009A3F49FF22B67C0079DD96FF6A
:10F878001ACCD50129AC57005A9D92FF6D8214000D
:10F88800476BC8FFF366BD0001C391FE2E58750093
:10F8980008CEE300BF6EFDFF6D8014FE865533FF72
:10F8A80089B17001D82216FF8310D0FF7995AA007C
:10F8B80072131701A6501FFF71F07A00E8B3FA001F
:10F8C800446EB4FED2AA7700DF6CA4FFCF4FE9FFE5
:10F8D8001BE5E2FED16251FF4F44070083B9640083
:10F8E800AA1DA2FF11A26BFF39150B0164C8B5FF51
:10F8F8007F41A601A586CC0068A7A80001A44F00F7
:10F9080092873B01463280FF66770DFEE30687004B
:10F91800A28EB3FFA064DE001BE0DB019E5DC3FF87
:10F92800EA8D890010187DFFEECE2FFF611162FF6E
:10F93800746E0CFF60734D005BE3E8FFF8FE4FFF49
:10F948005CE506FE58C68B00CE4B8100FA4DCEFF13
:10F958008DF47B018A45DC002097060183A716FFFA
:10F96800ED44A7FEC7BD9600A3AB8AFF33BC06FFD4
:10F978005F1D89FE94E2B300B56BD0FF861F52FF6E
:10F9880097652DFF81CAE100E0489300308A97FF10
:10F99800C340CEFEEDDA9E006A1D89FEFDBDE9FF7B
:10F9A800670F11FFC261FF00B22DA9FEC6E19B00DF
:10F9B800273075FF876A73006126B500962F41FFCF
:10F9C8005382E5FEF62681005CEF9AFE5B637F00BA
:10F9D800A16F21FFEED9F2FF83B9C3FFD5BF9EFF08
:10F9E8002996DA0084A983005954FC01AB4680FFAC
:10F9F800A3F8CBFE0132B4FF7C4C5501FB6F5000DD
:10FA08006342EFFF9AEDB6FFDD7E85FE4ACC63FFC9
:10FA1800419377FF6338A7FF4FF895FF749BE4FF86
:10FA2800ED2B0EFE45890BFF16FAF1015B7A8FFF6D
:10FA3800CDF9F300D41A3CFF30B6B0013017BFFF40
:10FA4800CB7998FE2D4AD5FF3E5A12FEF5A3E6FF64
:10FA5800B96A74FF53239F000C2102FF50223E0015
:10FA68001057AEFFAD655500CA2451FEA045CCFF26
:10FA780040E1BB003ACE5E0056902F00E556F500F7
:10FA88003F91BE01250527006DFB1A008993EA0006
:10FA9800A27991FF9074CEFFC5E8B9FFB7BE8CFF7D
:10FAA800490CFEFF8B14F2FFAA5AEFFF6142BBFF1D
:10FAB800F5B587FEDE883400F50533FECB2F4E0002
:10FAC8009865D80049177D00FE602101EBD249FFF7
:10FAD8002BD1580107816D007A68E4FEAAF2CB00A9
:10FAE800F2CC87FFCA1CE9FF41067F009F904700C0
:10FAF800648C5F004E960D00FB6B7601B63A7DFF75
:10FB080001266CFF8DBDD1FF089B7D0171A35BFFB2
:10FB1800794FBEFF86EF6CFF4C2FF800A3E4EF008F
:10FB2800116F0A0058954BFFD7EBEF00A79F18FFFE
:10FB38002F976CFF6BD1BC00E9E763FE1CCA94FFEA
:10FB4800AE238AFF6E1844FF0245B5006B6652006B
:10FB580066ED07005C24EDFFDDA2530137CA06FFFE
:10FB680087EA87FF18FADE00415EA8FEF5F8D2FFA3
:10FB7800A76CC9FEFFA16F00CD08FE00880D7400B8
:10FB880064B084FF2BD77EFFB18582FF9E4F94001F
:10FB980043E025010CCE15FF3E226E01ED68AFFF54
:10FBA80050846FFF8EAE480054E5B4FE69B38C00F4
:10FBB80040F80FFFE98A1000F5437BFEDA79D4FF9D
:10FBC8003F5FDA01D58589FF8FB652FF301C0B00E5
:10FBD800F4728D01D1AF4CFF9DB596FFBAE503FFD6
:10FBE800A49D6F01E7BD8B0077CABEFFDA6A40FFAC
:10FBF80044EB3FFE601AACFFBB2F0B01D712FBFF93
:10FC080051545900443A80005E7105015C81D0FF6F
:10FC1800610F53FE091CBC00EF09A4003CCD9800FD
:10FC2800C0A362FFB8123C00D9B68B006D3B78FFC9
:10FC380004C0FB00A9D2F0FF25AC5CFE94D3F5FF0D
:10FC4800B3413400FD0D7300B9AECE0172BC95FF0F
:10FC5800ED5AAD002BC7C0FF586C710034234C001F
:10FC6800421994FFDD0407FF97F172FFBED1E80047
:10FC78006232C7009796D5FF124A2401352807003B
:10FC8800138741FF1AAC4500AEED5500635F2900AC
:10FC98000338100027A0B1FFC86ADAFEB94454FF40
:10FCA8005BBA3DFE438F8DFF0DF4A6FF6372C6005D
:10FCB800C76EA3FFC112BA007CEFF6016E441600AE
:10FCC80002EB2E01D43C6B00692A69010EE698000C
:10FCD800070583008D689AFFD503060083E4A2FF19
:10FCE800B3641C01E77B55FFCE0EDF01FD60E60023
:10FCF8002698950162897A00D6CD03FFE298B3FF72
:10FD0800068589009E458CFF71A29AFFB4F3ACFF6B
:10FD18001BBD73FF8F2EDCFFD586E1FF7E1D4500DE
:10FD2800BC2B8901F24609005ACCFFFFE7AA9300D1
:10FD3800173813FE387D9DFF30B3DAFF4FB6FDFF4D
:10FD480026D4BF0129EB7C0060971C008794BE0075
:10FD5800CDF927FE346088FFD42C88FF43D183FF78
:10FD6800FC8217FFDB8014FFC68176006C650B00F0
:10FD7800B20592013E0764FFB5EC5EFE1C1AA400B2
:10FD88004C1670FF78664F00CAC0E501C8B0D700AE
:10FD98002940F4FFCEB84E00A72D3F01A02300FF55
:10FDA8003B0C8EFFCC0990FFDB5EE5017A1B7000EF
:10FDB800BD696DFF40D04AFFFB7F370102E2C600F4
:10FDC8002C4CD10097984DFFD2172E01C9AB45FF97
:10FDD8002CD3E700BE25E0FFF5C43EFFA9B5DEFF42
:10FDE80022D3110077F1C5FFE5239801154528FFB7
:10FDF800B2E2A10094B3C100DBC2FE0128CE33FFFA
:10FE0800E75CFA014399AA001594F100AA4552FF4C
:10FE18007912E7FF5C720300B83EE600E1C957FFBC
:10FE28009260A2FFB5F2DC00ADBBDD01E23EAAFFA5
:10FE3800387ED901750DE3FFB32CEF009D8D9BFF34
:10FE480090DD5300EBD1D0002A11A501FB518500AC
:10FE58007CF5C9FE61D318FF53D6A6009A2409FF82
:10FE6800F82F7F005ADB8CFFA1D926FED4933FFFE1
:10FE780042549401CF030100E68659017F4E7AFF70
:10FE8800E09B01FF52884A00B29CD0FFBA1931FFAB
:10FE9800DE03D201E596BEFF55A234FF29548DFF3B
:10FEA800497B54FE5D11960077131C012016D7FF7D
:10FEB8001C17CCFF8EF134FFE4347D001D4CCF00BD
:10FEC800D7A7FAFEAFA4E60037CF69016DBBF5FFEF
:10FED800A12CDC01296580FFA7105E005DD66BFFB1
:10FEE800764800FE503DEAFF79AF7D008BA9FB0004
:10FEF800612793FEFAC431FFA5B36EFEDF46BBFF50
:10FF0800168E7D019AB38AFF76B02A010AAE99004F
:10FF18009C5C6600A80DA1FF8F102000FAC5B4FFF5
:10FF2800CBA32C0157202400A19914FF7BFC0F00C0
:10FF380019E350003C588E001116C9019ACD4DFFA7
:10FF4800273F2F00087A8D008017B6FECC2713FFB5
:10FF580004701DFF17248CFFD2EA74FE35323FFF70
:10FF680079AB68FFA0DB5E0057520EFEE72A05005A
:10FF7800A58B7FFE564E2600823C42FECB1E2DFFEF
:10FF88002EC47A01F935A2FF888F67FED7D2720096
:10FF9800E707A0FEA9982AFF6F2DF6008E8387FF3A
:10FFA8008347CCFF24E20B00001CF2FFE18AD5FF57
:10FFB800F72ED8FEF503B7006CFC4A01CE1A30FFC5
:10FFC800CD36F6FFD3C624FF7923320034D8CAFFD2
:10FFD800268B81FEF249940043E78DFF2A2FCC003F
:10FFE8004E74190104E1BFFF0693E4003A58B100CA
:08FFF8007AA5E5FFFC53C9FFE7
:020000040803EF
:10000000E0A76001B1B89EFFF269B301F8C6F00045
:100010008542CB01FE242F002D1873FF773EFE0092
:10002000C4E1BAFE7B8DAC001A5529FFE26FB70020
:10003000D5E79700043B07FFEE8A9400429321FF27
:100040001FF68DFFD18D74FF68701F0058A1AC00A2
:1000500053D7E6FE2F6F97002D263401842DCC0058
:100060008A806DFEE97586FFF3BEADFEF1ECF0000F
:10007000527FECFE28DFA1FF6EB6E1FF7BAEEF0002
:1000800087F2910133D19A00960373FED9A4FCFF45
:10009000379C4501545EFFFFE8492D011413D4FF3E
:1000A00060C53BFE60FB210026C7490140ACF7FF5D
:1000B000757438FFE41112003E8A6701F6E5A4FF6B
:1000C000F476C9FE56209FFF6D22890155D3BA00F0
:1000D0000AC1C1FE7AC2B1007AEE66FFA2DAAB00B5
:1000E0006CD9A1019EAA2200B02F9B01B5E40BFFA1
:1000F000089C0000104B5D00CE62FF013A9A23007D
:100100000CF3B8FE437542FFE6E57B00C92A6E009A
:1001100086E4B2FEBA6C76FF3A139AFF52A93EFF0C
:10012000728F7301EFC432FFAD30C1FF930254FFF1
:10013000968693FE5FE849006DE334FEBF890A00AE
:1001400028CC1EFE4C3461FFA4EB7E00FE7CBC007C
:100150004AB61501791D23FFF11E07FE55DAD6FFB9
:10016000075496FE511B75FFA09F98FE4218DDFFB5
:10017000E30A3C018D876600D0BD960175B35C0033
:10018000841688FF78C71C0015814FFEB609410010
:10019000DAA3A900F693C6FF6B2690014EAFCDFF00
:1001A000D605FAFE2F581DFFA42FCCFF2B3706FFD4
:1001B0008386CFFE7464D600608C4B016ADC9000AD
:1001C000C3201C01AC5105FFC7B334FF2554CB003D
:1001D000AA70AE000B045B0045F41B0175835C0044
:1001E0002198AFFF8C996BFFFB872BFE578A04FF8A
:1001F000C6EA93FE799854FFCD659B019D091900CD
:10020000486A11FE6C9900FFBDE5BA00C108B0FF55
:10021000AE95D100EE821D00E9D67E013DE266007A
:1002200039A30401C66F33FF2D4F4E0173D20AFF6D
:10023000DA0919FF9E8BC6FFD352BBFE50855300CF
:100240009D81E601F38586FF288810004D6B4FFFE6
:10025000B7555C01B1CCCA00A34793FF9845BE00D7
:10026000AC33BC01FAD2ACFFD3F2710159591AFF79
:1002700040426FFE74982A00A1271BFF3650FE00F3
:100280006AD17301677C6100DDE662FF1FE706004B
:10029000B2C078FE0FD9CBFF7C9E4F007091F70063
:1002A0005CFA3001A3B5C1FF252F8EFE90BDA5FFDE
:1002B0002E92F000064B8000299DC8FE5779D5008C
:1002C0000171EC00052DFA00900C52001F6CE70044
:1002D000E1EF77FFA707BDFFBBE484FF6EBD2200FF
:1002E0005E2CCC01A234C5004EBCF1FE39148D0049
:1002F000F4922F01CE6433007D6B94FE1BC34D003E
:1003000098FD5A01078F90FF33251F00227726FFA3
:1003100007C5760099BCD300971474FEF54134FFED
:10032000B4FD6E012FB1D100A16311FF76DECA00CA
:100330007DB3FC017B367EFF9139BF0037BA79006F
:100340000AF38A00CDD3E5FF7D9CF1FE949CB9FFB2
:10035000E313BCFF7C2920FF1F22CEFE113953007E
:10036000CC1625FF2A6062007766B80103BE1C0028
:100370006E52DAFFC8CCC0FFC991760075CC9200EE
:1003800084206201C0C279006AA1F801ED587C00A6
:1003900017D41A00CDAB5AFFF830D8018D25E6FFEF
:1003A0007CCB00FE9EA81EFFD6F8150070BB07FF91
:1003B0004B85EFFF4AE3F3FFFA934600D678A2009D
:1003C000A709B3FF169E1200DA4DD101616D51FFEE
:1003D000F421B3FF393439FF41ACD2FFF947D1FFE3
:1003E0008EA9EE009EBD99FFAEFE67FE62210E0053
:1003F0008D4CE6FF718B34FF0F3AD400A8D7C9FFAC
:10040000F8CCD701DF44A0FF399AB7FE2FE7790077
:100410006AA6890051888A00A52B3300E78B3D002E
:10042000395F3BFE766219FF973FEC015EBEFAFF33
:10043000A9B9720105FA3AFF4B696101D7DF86005D
:100440007163A301803E7000636A9300A3C30A0036
:1004500021CDB600D60EAEFF8126E7FF35B6DF0010
:10046000622A9FFFF70D2800BCD2B101061500FFDC
:10047000FF3D94FE892D81FF591A74FE7E2672007D
:10048000FB32F2FE798680FFCCF9A7FEA5EBD70000
:10049000CAB1F300858D3E00F082BE016EAFFF0051
:1004A0000014920125D279FF072782008EFA54FFAB
:1004B0008DC8CF00095F68FF0BF4AE0086E87E00B0
:1004C000A7017BFE10C195FFE8E9EF01D54670FF5B
:1004D000FC74A0FEF2DEDCFFCD55E30007B93A0064
:1004E00076F73F01744DB1FF3EF5C8FE3F1225FF80
:1004F0006B35E8FE32DDD300A2DB07FE025E2B0087
:10050000B63EB6FEA04EC8FF878CAA00EBB8E4004A
:10051000AF358AFE503A4DFF98C902013FC4220010
:10052000051EB800ABB09A00793BCE0026632700C9
:10053000AC504DFE00869700BA21F1FE5EFDDFFF54
:100540002C72FC006C7E39FFC9280DFF27E51BFFCC
:1005500027EF1701977933FF9996F8000AEAAEFF63
:1005600076F604FEC8F5260045A1F20110B2960009
:1005700071388200AB1F69001A586CFF312A6A007B
:10058000FBA94200455D95001439FE00A4196F00D7
:100590005ABC5AFFCC04C50028D53201D46084FF70
:1005A000588AB4FEE4927CFFB8F6F700417556FF16
:1005B000FD66D2FEFE792400897303FF3C18D80043
:1005C00086121D003BE26100B08E470007D1A100FA
:1005D000BD5433FE9BFA4800D554EBFF2DDEE000FE
:1005E000EE948FFFAA2A35FF4EA77500BA0028FFA8
:1005F0007DB167FF45E14200E30758014BAC0600BF
:10060000A92DE301102446FF320209FF8BC1160019
:100610008FB7E7FEDA453200EC38A101D5832A0016
:100620008A912CFE88E528FF313F23FF3D91F5FF9D
:1006300065C002FEE8A771009868260179B9DA0062
:10064000798BD3FE77F0230041BDD9FEBBB3A2FF67
:10065000A0BBE6003EF80EFF3C4E6100FFF7A3FF93
:10066000E13B5BFF6B473AFFF12F21013275EC0054
:10067000DBB13FFEF45AB30023C2D7FFBD4332FFC4
:100680001787810068BD25FFB939C200233EE7FF07
:10069000DCF86C000CE7B2008F505B01835D65FFF6
:1006A00090270201FFFAB2000511ECFE8B202E000C
:1006B000CCBC26FEF57334FFBF7149FEBF6C45FF0D
:1006C0001645F50117CBB200AA63AA0041F86F00E6
:1006D000256C99FF4025450000583EFE599490FF37
:1006E000BF44E001F127350029CBEDFF917EC2FF29
:1006F000DD2AFDFF1963970061FDDF014A7331FFB9
:1007000006AF48FF3BB0CB007CB7F901E4E46300DF
:10071000810CCFFEA8C0C3FFCCB010FE98EAAB009E
:100720004D2555FF217887FF8EC2E3011FD63A0081
:10073000D5BB7DFFE82E3CFFBE742AFE97B213FFA7
:10074000333EEDFECCECC100C2E83C00AC229DFF84
:10075000BD10B8FE67035FFF8DE924FE29190BFF6A
:1007600015C3A60076F52D0043D595FF9F0C12FF0B
:10077000BBA4E301A01905000C4EC3012BC5E10089
:10078000308E29FEC49B3CFFDFC7120191889C007C
:10079000FC75A9FE91E2EE00EF176B006DB5BCFF92
:1007A000E67031FE49AAEDFFE7B7E3FF50DC140025
:1007B000C26B7F017FCD65002E34C501D2AB24FF13
:1007C00058035AFF38978D0060BBFFFF2A4EC800C0
:1007D000FE464601F47DA800CC448A017CD7460041
:1007E0006642C8FE1134E40075DC8FFECBF87B0056
:1007F0003812AEFFBA97A4FF33E8D001A0E42BFF74
:10080000F91D190144BE3F00000000100000000067
:1008100000100000060007000800000000000000B3
:1008200000000000AFF5010865F6010893F5010826
:1008300047F8010869F50108F5F8010879F501089C
:100840008BFA0108ADFA01080D0A00000052454577
:100850004E54206D616C6C6F6320737563636565C6
:10086000646564002F5F5F772F61726D2D6E6F6E10
:10087000652D656162692D6763632D787061636BB7
:100880002F61726D2D6E6F6E652D656162692D67CA
:1008900063632D787061636B2F6275696C642F6C74
:1008A000696E75782D7836342F736F757263657342
:1008B0002F6E65776C69622D63796777696E2F6E2D
:1008C00065776C69622F6C6962632F7374646C69FD
:1008D000622F72616E642E63006E6600696E6974C9
:1008E0007900616E0000000034000000CEFBFFFFC5
:1008F000CB030000010000000000000035000000F4
:10090000CEFBFFFFCB030000010000000000000051
:10091000BC89D897B2D29C3C33A7A8D523F64939D5
:100920003DA7F444FD0FA5329D978CCF08BA5B25F7
:10093000436FAC642806681100202020202020206E
:10094000202028282828282020202020202020207F
:10095000202020202020202020881010101010108F
:1009600010101010101010101004040404040404DB
:100970000404041010101010101041414141414175
:100980000101010101010101010101010101010157
:100990000101010110101010101042424242424267
:1009A0000202020202020202020202020202020227
:1009B00002020202101010102000000000000000CF
:1009C0000000000000000000000000000000000027
:1009D0000000000000000000000000000000000017
:1009E0000000000000000000000000000000000007
:1009F00000000000000000000000000000000000F7
:100A000000000000000000000000000000000000E6
:100A100000000000000000000000000000000000D6
:100A200000000000000000000000000000000000C6
:100A3000000000000000000000504F534958002CF7
:100A40002066756E6374696F6E3A2000617373651A
:100A50007274696F6E2022257322206661696C654D
:100A6000643A2066696C6520222573222C206C690B
:100A70006E65202564257325730A0042616C6C6FD6
:100A80006320737563636565646564002F5F5F77DA
:100A90002F61726D2D6E6F6E652D656162692D67B8
:100AA00063632D787061636B2F61726D2D6E6F6E55
:100AB000652D656162692D6763632D787061636B75
:100AC0002F6275696C642F6C696E75782D78363479
:100AD0002F736F75726365732F6E65776C69622D06
:100AE00063796777696E2F6E65776C69622F6C69C1
:100AF00062632F7374646C69622F6764746F612D15
:100B00006765746865782E63002F5F5F772F617269
:100B10006D2D6E6F6E652D656162692D6763632D46
:100B2000787061636B2F61726D2D6E6F6E652D65D0
:100B30006162692D6763632D787061636B2F6275E5
:100B4000696C642F6C696E75782D7836342F736FED
:100B500075726365732F6E65776C69622D63796753
:100B600077696E2F6E65776C69622F6C6962632F8F
:100B70007374646C69622F6D707265632E6300001C
:100B800005000000190000007D00000000000000CA
:100B90000080E03779C34143176E05B5B5B8934679
:100BA000F5F93FE9034F384D321D30F94877825A45
:100BB0003CBF737FDD4F1575000000000000F03F63
:100BC0000000000000002440000000000000594028
:100BD0000000000000408F40000000000088C3407B
:100BE00000000000006AF8400000000080842E41F0
:100BF00000000000D01263410000000084D797413C
:100C00000000000065CDCD41000000205FA0024241
:100C1000000000E876483742000000A2941A6D42B6
:100C2000000040E59C30A2420000901EC4BCD642A9
:100C300000003426F56B0C430080E03779C3414354
:100C400000A0D8855734764300C84E676DC1AB43CA
:100C5000003D9160E458E143408CB5781DAF1544E8
:100C600050EFE2D6E41A4B4492D54D06CFF08044C3
:100C7000F64AE1C7022DB544B49DD9794378EA44D8
:100C8000232D302B2000686C4C0065666745464775
:100C900000303132333435363738394142434445F8
:100CA0004600303132333435363738396162636467
:040CB0006566000075
:080CB400C805FD7F01000000EE
:100CBC0069FE010865130008D16B000889A70008BC
:100CCC003DAE0008A9C8000895030108ED0801080D
:100CDC00BD550108FD560108F963010825F9010805
:080CEC0091070208B10C020897
:100CF40041130008A96C000805A80008A103010815
:0C0D0400FD08010805640108E10C02086C
:100D1000010000001000000000000048000400482E
:100D200000080048001C0048FFFFFFFF00300240A1
:100D300000000000000000000000000000000000B3
:100D400000000000000000000000000001000000A2
:100D500000093D000000000000000000000000004D
:100D60000000000000000000000000000000000083
:100D70000000000000000000000000000000000073
:100D80000000000000000000000000000000000063
:100D90000000000000000000000000000000000053
:100DA0000000000000000000000000000000000043
:100DB0000000000000000000000000000000000033
:100DC0000000000000000000000000000000000023
:100DD0000000000000000000000000000000000013
:100DE0000000000000000000000000000000000003
:100DF00000000000FFFFFFFFFFFFFFFFFFFFFFFFFF
:100E0000FFFFFFFF000300000000000000000000E3
:100E1000000000000000000000000000183B00205F
:100E2000000101010002010100040201780000003C
:100E3000586C020800000000E1020108510201089C
:100E4000CD010108C70101080008000000080000EA
:100E500000080000100000008000000000000000FA
:100E6000000000000000000000000000FFFFFFFF86
:100E7000000000000A0000000A000000000000005E
:100E800059F3F8C21F6EA501000000000000F03FFA
:100E90006042A20D0000803F00000000030000003F
:100EA000D4390020430000000000000000000000D2
:100EB0000000000000000000000000000000000032
:100EC00000000000430000000000000000000000DF
:100ED0000000000000000000000000000000000012
:100EE00000000000430000000000000000000000BF
:100EF00000000000000000000000000000000000F2
:100F0000000000004300000000000000000000009E
:100F100000000000000000000000000000000000D1
:100F2000000000004300000000000000000000007E
:100F300000000000000000000000000000000000B1
:100F4000000000004300000000000000000000005E
:100F50000000000000000000000000000000000091
:100F6000000000004300000000000000000000003E
:100F70000000000000000000000000000000000071
:100F800000000000AD5302081F4A020800000000E4
:100F900038090308FB8C02084A0803084A080308BA
:100FA0004A0803084A0803084A0803084A080308CD
:100FB0004A0803084A0803084A080308FFFFFFFF1E
:100FC000FFFFFFFFFFFFFFFFFFFF00000100415396
:100FD000434949000000000000000000000000003C
:100FE000000000000000000000000000000041536D
:100FF000434949000000000000000000000000001C
:1010000000000000000000000000000000000000E0
:101010000403002000000000D43900203C3A0020E6
:10102000A43A0020000000000000000000000000C2
:1010300000000000000000000000000000000000B0
:1010400000000000000000000000000000000000A0
:101050000000000000000000000000000000000090
:040000050801FF39B6
:00000001FF
