:020000040800F2
:1000000000000120010702085107020851070208F9
:1000100051070208510702085107020800000000BA
:10002000000000000000000000000000510702086E
:1000300051070208000000005107020893680008F9
:100040005107020851070208510702085107020828
:100050005107020851070208DD6A0008E36A000838
:10006000E96A0008EF6A0008F56A0008510702080B
:1000700051070208510702085107020851070208F8
:1000800051070208510702085107020851070208E8
:100090000000000051070208FB6A0008510702082F
:1000A000CD62000851070208E1620008E56200081D
:1000B000F96200080D630008D1180108DD18010875
:1000C000E9180108F518010851070208510702084C
:1000D000457700085D770008797700085107020826
:1000E00051070208116B0008510702085107020866
:1000F000510702080000000000000000510702083C
:10010000011901080D1901084113020851070208DD
:100110005107020851070208510702085107020857
:100120005107020851070208510702085107020847
:08013000510702085107020803
:1001400081F0004102E000BF83F0004330B54FEA88
:1001500041044FEA430594EA050F08BF90EA020FF5
:100160001FBF54EA000C55EA020C7FEA645C7FEA88
:10017000655C00F0E2804FEA5454D4EB5555B8BFAB
:100180006D420CDD2C4480EA020281EA030382EA1C
:10019000000083EA010180EA020281EA0303362DAE
:1001A00088BF30BD11F0004F4FEA01314FF4801C81
:1001B0004CEA113102D0404261EB410113F0004F93
:1001C0004FEA03334CEA133302D0524263EB43034A
:1001D00094EA050F00F0A780A4F10104D5F1200EE8
:1001E0000DDB02FA0EFC22FA05F2801841F1000143
:1001F00003FA0EF2801843FA05F359410EE0A5F117
:1002000020050EF1200E012A03FA0EFC28BF4CF047
:10021000020C43FA05F3C01851EBE37101F00045FD
:1002200007D54FF0000EDCF1000C7EEB00006EEB0A
:100230000101B1F5801F1BD3B1F5001F0CD3490894
:100240005FEA30004FEA3C0C04F101044FEA4452EB
:1002500012F5800F80F09A80BCF1004F08BF5FEA72
:10026000500C50F1000041EB045141EA050130BD52
:100270005FEA4C0C404141EB0101013C28BFB1F564
:10028000801FE9D291F0000F04BF01460020B1FAAF
:1002900081F308BF2033A3F10B03B3F120020CDA82
:1002A0000C3208DD02F1140CC2F10C0201FA0CF060
:1002B00021FA02F10CE002F11402D8BFC2F1200CC5
:1002C00001FA02F120FA0CFCDCBF41EA0C0190407B
:1002D000E41AA2BF01EB0451294330BD6FEA0404C4
:1002E0001F3C1CDA0C340EDC04F11404C4F12002AF
:1002F00020FA04F001FA02F340EA030021FA04F3C1
:1003000045EA030130BDC4F10C04C4F1200220FA17
:1003100002F001FA04F340EA0300294630BD21FA55
:1003200004F0294630BD94F0000F83F4801306BF1B
:1003300081F480110134013D4EE77FEA645C18BF0F
:100340007FEA655C29D094EA050F08BF90EA020FA6
:1003500005D054EA000C04BF1946104630BD91EA9E
:10036000030F1EBF0021002030BD5FEA545C05D1A1
:100370004000494128BF41F0004130BD14F58004E0
:100380003CBF01F5801130BD01F0004545F0FE4154
:1003900041F470014FF0000030BD7FEA645C1ABF89
:1003A000194610467FEA655C1CBF0B46024650EAC0
:1003B000013406BF52EA033591EA030F41F40021EC
:1003C00030BD00BF90F0000F04BF0021704730B572
:1003D0004FF4806404F132044FF000054FF0000147
:1003E00050E700BF90F0000F04BF0021704730B508
:1003F0004FF4806404F1320410F0004548BF4042DD
:100400004FF000013EE700BF42004FEAE2014FEA31
:1004100031014FEA02701FBF12F07F4393F07F4F0C
:1004200081F06051704732F07F4208BF704793F00F
:100430007F4F04BF41F40021704730B54FF4607422
:1004400001F0004521F000411CE700BF50EA010225
:1004500008BF704730B54FF000050AE050EA0102CE
:1004600008BF704730B511F0004502D5404261EB3E
:1004700041014FF4806404F132045FEA915C3FF47F
:10048000D8AE4FF003025FEADC0C18BF03325FEA1C
:10049000DC0C18BF033202EBDC02C2F1200300FACD
:1004A00003FC20FA02F001FA03FE40EA0E0021FAF2
:1004B00002F11444BDE600BF70B54FF0FF0C4CF4E0
:1004C000E06C1CEA11541DBF1CEA135594EA0C0F92
:1004D00095EA0C0F00F0DEF82C4481EA030621EACD
:1004E0004C5123EA4C5350EA013518BF52EA033508
:1004F00041F4801143F4801338D0A0FB02CE4FF0BA
:100500000005E1FB02E506F00042E0FB03E54FF0E9
:100510000006E1FB03569CF0000F18BF4EF0010EE1
:10052000A4F1FF04B6F5007F64F5407404D25FEADD
:100530004E0E6D4146EB060642EAC62141EA555190
:100540004FEAC52040EA5E504FEACE2EB4F1FD0CD2
:1005500088BFBCF5E06F1ED8BEF1004F08BF5FEA50
:10056000500E50F1000041EB045170BD06F0004602
:1005700046EA010140EA020081EA0301B4EB5C04AF
:10058000C2BFD4EB0C0541EA045170BD41F48011A7
:100590004FF0000E013C00F3AB8014F1360FDEBFCC
:1005A000002001F0004170BDC4F10004203C35DAA8
:1005B0000C341BDC04F11404C4F1200500FA05F32B
:1005C00020FA04F001FA05F240EA020001F00042CC
:1005D00021F0004110EBD37021FA04F642EB060142
:1005E0005EEA430E08BF20EAD37070BDC4F10C046C
:1005F000C4F1200500FA04F320FA05F001FA04F230
:1006000040EA020001F0004110EBD37041F100011B
:100610005EEA430E08BF20EAD37070BDC4F1200526
:1006200000FA05F24EEA020E20FA04F301FA05F28E
:1006300043EA020321FA04F001F0004121FA04F236
:1006400020EA020000EBD3705EEA430E08BF20EA06
:10065000D37070BD94F0000F0FD101F00046400040
:1006600041EB010111F4801F08BF013CF7D041EAC2
:10067000060195F0000F18BF704703F000465200C6
:1006800043EB030313F4801F08BF013DF7D043EA97
:100690000603704794EA0C0F0CEA135518BF95EA4D
:1006A0000C0F0CD050EA410618BF52EA4306D1D1D4
:1006B00081EA030101F000414FF0000070BD50EAF3
:1006C000410606BF1046194652EA430619D094EA7D
:1006D0000C0F02D150EA013613D195EA0C0F05D167
:1006E00052EA03361CBF104619460AD181EA0301BB
:1006F00001F0004141F0FE4141F470014FF0000073
:1007000070BD41F0FE4141F4780170BD70B54FF00D
:10071000FF0C4CF4E06C1CEA11541DBF1CEA13558D
:1007200094EA0C0F95EA0C0F00F0A7F8A4EB05046F
:1007300081EA030E52EA03354FEA013100F0888066
:100740004FEA03334FF0805545EA131343EA12632F
:100750004FEA022245EA111545EA10654FEA0026E4
:100760000EF000419D4208BF964244F1FD0404F59D
:10077000407402D25B084FEA3202B61A65EB0305F9
:100780005B084FEA32024FF480104FF4002CB6EBB6
:10079000020E75EB030E22BFB61A754640EA0C0036
:1007A0005B084FEA3202B6EB020E75EB030E22BF76
:1007B000B61A754640EA5C005B084FEA3202B6EBB7
:1007C000020E75EB030E22BFB61A754640EA9C0076
:1007D0005B084FEA3202B6EB020E75EB030E22BF46
:1007E000B61A754640EADC0055EA060E18D04FEA04
:1007F000051545EA16754FEA06164FEAC30343EAA4
:1008000052734FEAC2025FEA1C1CC0D111F4801F70
:100810000BD141EA00014FF000004FF0004CB6E769
:1008200011F4801F04BF01430020B4F1FD0C88BF08
:10083000BCF5E06F3FF6AFAEB5EB030C04BFB6EB13
:10084000020C5FEA500C50F1000041EB045170BD06
:100850000EF0004E4EEA113114EB5C04C2BFD4EB33
:100860000C0541EA045170BD41F480114FF0000EB7
:10087000013C90E645EA060E8DE60CEA135594EA33
:100880000C0F08BF95EA0C0F3FF43BAF94EA0C0F36
:100890000AD150EA01347FF434AF95EA0C0F7FF4AB
:1008A00025AF104619462CE795EA0C0F06D152EAFF
:1008B00003353FF4FDAE1046194622E750EA4106E3
:1008C00018BF52EA43067FF4C5AE50EA41047FF4F4
:1008D0000DAF52EA43057FF4EBAE12E74FF0FF3C59
:1008E00006E000BF4FF0010C02E000BF4FF0010C2A
:1008F0004DF804CD4FEA410C7FEA6C5C4FEA430CA3
:1009000018BF7FEA6C5C1BD001B050EA410C0CBFF1
:1009100052EA430C91EA030F02BF90EA020F002053
:10092000704710F1000F91EA030F58BF994208BFBA
:1009300090422CBFD8176FEAE37040F00100704777
:100940004FEA410C7FEA6C5C02D150EA013C07D1CE
:100950004FEA430C7FEA6C5CD6D152EA033CD3D019
:100960005DF8040B704700BF8446104662468C4613
:100970001946634600E000BF01B5FFF7B7FF002846
:1009800048BF10F1000F01BD4DF808EDFFF7F4FF6F
:100990000CBF012000205DF808FB00BF4DF808EDFA
:1009A000FFF7EAFF34BF012000205DF808FB00BF1D
:1009B0004DF808EDFFF7E0FF94BF012000205DF83F
:1009C00008FB00BF4DF808EDFFF7CEFF94BF0120F4
:1009D00000205DF808FB00BF4DF808EDFFF7C4FFED
:1009E00034BF012000205DF808FB00BF4FEA410C36
:1009F0007FEA6C5C02D150EA013C0AD14FEA430C19
:100A00007FEA6C5C02D152EA033C02D14FF0000055
:100A100070474FF0010070474FEA410212F5001293
:100A200015D211D56FF47873B3EB625212D94FEA35
:100A3000C12343F0004343EA505311F0004F23FA1F
:100A400002F018BF404270474FF00000704750EA74
:100A5000013005D111F0004008BF6FF00040704731
:100A60004FF00000704700BF4A0011D212F500128B
:100A700011D20DD56FF47873B3EB62520ED44FEAF6
:100A8000C12343F0004343EA505323FA02F0704776
:100A90004FF00000704750EA013002D14FF0FF30B4
:100AA00070474FF0000070474FEA4102B2F1E04357
:100AB00024BFB3F5001CDCF1FE5C0DD901F0004C45
:100AC0004FEAC0024CEA5070B2F1004F40EB830095
:100AD00008BF20F00100704711F0804F21D113F1C1
:100AE0003872BCBF01F00040704741F480114FEAFA
:100AF0005252C2F11802C2F1200C10FA0CF320FA83
:100B000002F018BF40F001004FEAC1234FEAD3239F
:100B100003FA0CFC40EA0C0023FA02F34FEA430309
:100B2000CCE77FEA625307D150EA01331EBF4FF092
:100B3000FE4040F44000704701F0004040F0FE40AD
:100B400040F40000704700BF80F0004002E000BFAA
:100B500081F0004142001FBF5FEA410392EA030FA8
:100B60007FEA226C7FEA236C6AD04FEA1262D2EBF2
:100B70001363C1BFD218414048404140B8BF5B42F7
:100B8000192B88BF704710F0004F40F4000020F090
:100B90007F4018BF404211F0004F41F4000121F0A6
:100BA0007F4118BF494292EA030F3FD0A2F10102F0
:100BB00041FA03FC10EB0C00C3F1200301FA03F12E
:100BC00000F0004302D5494260EB4000B0F5000F51
:100BD00013D3B0F1807F06D340084FEA310102F110
:100BE0000102FE2A51D2B1F1004F40EBC25008BFC2
:100BF00020F0010040EA03007047490040EB00008C
:100C0000013A28BFB0F5000FEDD2B0FA80FCACF18C
:100C1000080CB2EB0C0200FA0CF0AABF00EBC250B9
:100C200052421843BCBFD0401843704792F0000FA7
:100C300081F4000106BF80F400000132013BB5E7FA
:100C40004FEA41037FEA226C18BF7FEA236C21D070
:100C500092EA030F04D092F0000F08BF08467047D5
:100C600090EA010F1CBF0020704712F07F4F04D1A3
:100C7000400028BF40F00040704712F100723CBFB6
:100C800000F50000704700F0004343F0FE4040F4E0
:100C9000000070477FEA226216BF08467FEA23639E
:100CA0000146420206BF5FEA412390EA010F40F489
:100CB000800070474FF0000304E000BF10F00043D5
:100CC00048BF40425FEA000C08BF704743F09643BC
:100CD00001464FF000001CE050EA010208BF7047D7
:100CE0004FF000030AE000BF50EA010208BF70475E
:100CF00011F0004302D5404261EB41015FEA010C73
:100D000002BF84460146002043F0B64308BFA3F16A
:100D10008053A3F50003BCFA8CF2083AA3EBC2534C
:100D200010DB01FA02FC634400FA02FCC2F120026B
:100D3000BCF1004F20FA02F243EB020008BF20F0A2
:100D40000100704702F1200201FA02FCC2F1200208
:100D500050EA4C0021FA02F243EB020008BF20EAFD
:100D6000DC7070474FF0FF0C1CEAD0521EBF1CEA2B
:100D7000D15392EA0C0F93EA0C0F6FD01A4480EA19
:100D8000010C400218BF5FEA41211ED04FF0006302
:100D900043EA501043EA5111A0FB01310CF000402E
:100DA000B1F5000F3EBF490041EAD3715B0040EA54
:100DB000010062F17F02FD2A1DD8B3F1004F40EB24
:100DC000C25008BF20F00100704790F0000F0CF0F7
:100DD000004C08BF49024CEA502040EA51207F3ABB
:100DE000C2BFD2F1FF0340EAC250704740F4000096
:100DF0004FF00003013A5DDC12F1190FDCBF00F087
:100E000000407047C2F10002410021FA02F1C2F134
:100E1000200200FA02FC5FEA310040F1000053EAD0
:100E20004C0308BF20EADC70704792F0000F00F01E
:100E3000004C02BF400010F4000F013AF9D040EA24
:100E40000C0093F0000F01F0004C02BF490011F4B8
:100E5000000F013BF9D041EA0C018FE70CEAD153B6
:100E600092EA0C0F18BF93EA0C0F0AD030F0004C36
:100E700018BF31F0004CD8D180EA010000F00040EA
:100E8000704790F0000F17BF90F0004F084691F0A8
:100E9000000F91F0004F14D092EA0C0F01D14202E2
:100EA0000FD193EA0C0F03D14B0218BF084608D1AB
:100EB00080EA010000F0004040F0FE4040F40000F5
:100EC000704740F0FE4040F4400070474FF0FF0C88
:100ED0001CEAD0521EBF1CEAD15392EA0C0F93EACF
:100EE0000C0F69D0A2EB030280EA010C49024FEA21
:100EF000402037D04FF0805343EA111143EA1013DA
:100F00000CF000408B4238BF5B0042F17D024FF491
:100F1000000C8B4224BF5B1A40EA0C00B3EB510F6C
:100F200024BFA3EB510340EA5C00B3EB910F24BF55
:100F3000A3EB910340EA9C00B3EBD10F24BFA3EBDA
:100F4000D10340EADC001B0118BF5FEA1C1CE0D1A2
:100F5000FD2A3FF650AF8B4240EBC25008BF20F055
:100F6000010070470CF0004C4CEA50207F32C2BFA9
:100F7000D2F1FF0340EAC250704740F400004FF046
:100F80000003013A37E792F0000F00F0004C02BF77
:100F9000400010F4000F013AF9D040EA0C0093F041
:100FA000000F01F0004C02BF490011F4000F013B9B
:100FB000F9D041EA0C0195E70CEAD15392EA0C0F03
:100FC00008D142027FF47DAF93EA0C0F7FF470AF3B
:100FD000084676E793EA0C0F04D14B023FF44CAF7E
:100FE00008466EE730F0004C18BF31F0004CCAD113
:100FF00030F000427FF45CAF31F000437FF43CAF4F
:101000005FE700BF4FF0FF3C06E000BF4FF0010C70
:1010100002E000BF4FF0010C4DF804CD4FEA400252
:101020004FEA41037FEA226C18BF7FEA236C11D09C
:1010300001B052EA530C18BF90EA010F58BFB2EB4F
:10104000030088BFC81738BF6FEAE17018BF40F0CF
:10105000010070477FEA226C02D15FEA402C05D183
:101060007FEA236CE4D15FEA412CE1D05DF8040B08
:10107000704700BF844608466146FFE70FB5FFF79B
:10108000C9FF002848BF10F1000F0FBD4DF808ED53
:10109000FFF7F4FF0CBF012000205DF808FB00BF44
:1010A0004DF808EDFFF7EAFF34BF012000205DF89E
:1010B00008FB00BF4DF808EDFFF7E0FF94BF0120EB
:1010C00000205DF808FB00BF4DF808EDFFF7D2FFE8
:1010D00094BF012000205DF808FB00BF4DF808ED2B
:1010E000FFF7C8FF34BF012000205DF808FB00BFF8
:1010F0004FEA40024FEA41037FEA226C02D15FEAE5
:10110000402C08D17FEA236C02D15FEA412C02D146
:101110004FF0000070474FF0010070474FEA400267
:10112000B2F1FE4F0FD34FF09E03B3EB12620DD915
:101130004FEA002343F0004310F0004F23FA02F07F
:1011400018BF404270474FF00000704712F1610F26
:1011500001D1420205D110F0004008BF6FF00040FD
:1011600070474FF00000704742000ED2B2F1FE4FC0
:101170000BD34FF09E03B3EB126209D44FEA002366
:1011800043F0004323FA02F070474FF0000070472D
:1011900012F1610F01D1420202D14FF0FF307047CE
:1011A0004FF00000704700BF7BB972B90029BEBF85
:1011B00000204FF0004106E008BF00281CBF6FF080
:1011C00000414FF0FF3000F057B8ADF1080C6DE969
:1011D00004CE002909DB002B1ADB1FF081FCDDF8AF
:1011E00004E0DDE9022304B07047404261EB4101B5
:1011F000002B1BDB1FF074FCDDF804E0DDE90223AB
:1012000004B0404261EB4101524263EB430370473B
:10121000524263EB43031FF063FCDDF804E0DDE9B9
:10122000022304B0404261EB41017047524263EB3C
:1012300043031FF055FCDDF804E0DDE9022304B0B0
:10124000524263EB4303704753B94AB9002908BFC0
:1012500000281CBF4FF0FF314FF0FF3000F00CB8FA
:10126000ADF1080C6DE904CE1FF03AFCDDF804E0A6
:10127000DDE9022304B07047704700BF10F8012B6E
:1012800011F8013B012A28BF9A42F7D0D01A7047C3
:10129000034613F8012B002AFBD1181A01387047B6
:1012A00001F0FF01102A2BDB10F0070F08D010F817
:1012B000013B013A8B422DD010F0070F42B3F6D11B
:1012C000F0B441EA012141EA014122F007047FF034
:1012D00000070023F0E80256083C85EA010586EA8B
:1012E000010685FA47F5A3FA87F586FA47F6A5FAC7
:1012F00087F68EB9EED1F0BC01F0FF0102F00702D3
:1013000032B110F8013B013A83EA010313B1F8D17D
:101310000020704701387047002D06BF354603385E
:10132000073815F0010F07D1013015F4807F02BF97
:10133000013015F4C03F0130F0BC0138704700BFE8
:1013400010B5054C237833B9044B13B10448AFF3FF
:1013500000800123237010BD500300200000000016
:101360002868020808B5034B1BB103490348AFF3D3
:10137000008008BD00000000540300202868020817
:1013800000B59BB04822002108A823F03AFA1822A1
:10139000002102A823F035FA02F086F94FF0B0429E
:1013A0000120D2F8903023F01803C2F89030D2F820
:1013B000003423F4C06343F40073C2F80034D2F85D
:1013C000003403F4C0630193019B24230893812319
:1013D0000B930023CDE91003B02208A8CDE9122316
:1013E00002F08EFA00B1FEE74F23CDE90230CDE9DD
:1013F0000400CDE90600022102A802F01DFD00B1A3
:10140000FEE71BB05DF804FB7047000038B5104CD8
:10141000237805460BB9012038BD02F061FA227825
:101420004FF47A73B3FBF2F3B0FBF3F000F0C8FCB7
:1014300004460028EFD10F2DEDD8024629464FF083
:10144000FF3000F06BFC034B20461D60E4E700BF5B
:10145000000000200400002010B5032000F04CFC28
:1014600002F03EFA064B18600020FFF7CFFF04465B
:1014700018B9FFF7C9FF204610BD0124FBE700BFE4
:1014800040000020034A044B11681B780B44136092
:10149000704700BF6C03002000000020014B18685B
:1014A000704700BF6C0300208068C0F38000704765
:1014B000F7B5002301930446002800F0E980856D0C
:1014C00025B905F05DF8E56584F8545023689A68FD
:1014D000D00040F1A1809A68D10000F1B480A26DE3
:1014E00042F01002A265E26D42F00102E2650125C0
:1014F0001846FFF7D9FFA26D02F01002024340F038
:10150000C980A26D206922F4817242F00202A265B4
:101510009A68D2075DD4226BA67E94F82CC0003A5C
:1015200018BF01221703D4E902120A43217E42EABE
:101530008132617E42EAC13242EA4632002842EA02
:101540004C02B4BF20F000414FF400113A430A436B
:1015500094F82010012903D1002E76D142F4803274
:10156000616A21B1A66A01F4E07131430A43D96886
:10157000E66C21F4FE3121F4FF711143D96094F837
:101580003C206168012A01F0404C4CEA060609D172
:10159000D4E910273A433243A66C324342EA0C02A4
:1015A00042F001061F693E4A3A4032431A6121F077
:1015B0000042B2F1804F0CD0B1F1004F09D0394E4A
:1015C000D6F8082701F4701122F470120A43C6F805
:1015D00008275A69666BA16B22F0070232435A61F1
:1015E0005A6922F0700242EA01125A61002835D18C
:1015F0009A6A62F00F029A625B6903F007039E42E7
:101600003CD10023E365A36D23F0030343F0010302
:10161000A365284603B0F0BD9A68234922F0104222
:1016200022F0170242F080529A60204A1268B2FB00
:10163000F1F2013252000192019A002A3FF44BAFBD
:10164000019A013AF7E7002552E7A16D41F0200128
:10165000A165E16D41F00101E16581E7B0F5001F91
:10166000CAD19A6AE269013A92006FF00F0102F062
:101670001C0201FA02F2216E0A43BCE7A36D23F0BB
:10168000120343F01003A365E36D43F00103E36528
:101690000125BEE7A36D43F01003A365F8E700BF83
:1016A00002FCFF1F00200140400D0300400000200D
:1016B000F8B54569082D04460E460AD00368DB6874
:1016C000D80705D5A36D43F02003A3650120F8BD1D
:1016D0000425FFF7E3FE074623681A682A4220D054
:1016E000A26D42F40072A265DA6812F4406F14D160
:1016F000A27E92B91A6812070FD51846FFF7D4FEDA
:1017000020BB5A6822F00C025A60A26D22F480724B
:1017100022F0010242F00102A265227EFAB100200D
:10172000D5E7711CD9D0FFF7B9FEC01BB04201D874
:10173000002ED1D123681B682B40CDD1A26D84F837
:10174000543042F00402A2650320C0E7A26D42F0CB
:101750002002A265E26D42F00102E265DDE70C22A3
:101760001A60DCE70368186C70470000F7B50023C7
:10177000019390F85430012B044600F0C0800568B6
:101780000269012380F854302846FFF78DFE0028B7
:1017900040F0AF8048680B68022822F004027ED037
:1017A000B2F1004FC3F3110E35D1AA6A42EA0E021C
:1017B000AA628A68686902EA032222F07C4222F067
:1017C000FF0220EA03210A43002B6A611DDA4D4A19
:1017D0004D4DD2F80817AB4201F0E07043D10D0235
:1017E00013D4D2F8083723F0E073034343F4000323
:1017F000C2F80837454B1A68454BB2FBF3F20C238D
:1018000002FB03330193019B53BB0020002384F8A8
:10181000543003B0F0BD226E00F01F074FF00F0CE4
:101820000CFA07FC6FEA0C0622EA0C0CBEF1000F62
:1018300011D1C3F38462BA4042EA0C0222668008E6
:10184000E26901309042B4D8A86AC3F38362BA4017
:1018500006403243ACE793FAA3F2B2FA82F2EAE727
:10186000019B013BCEE72B4DAB420BD1C901CCD440
:10187000D2F8083723F0E073034343F08073C2F8D3
:101880000837C2E7244DAB42BFD14B02BDD4D2F8DA
:10189000083723F0E073034343F48003EFE7B2F12A
:1018A000004F01BFAA6AC3F311018A43AA62002B49
:1018B000ABDA154813498342D1F8082709D1D1F88A
:1018C000083702F0A07223F0E0731A43C1F808272A
:1018D0009BE71048834204D1D1F8083702F4400254
:1018E000F1E70D48834290D1D1F8083702F0C07279
:1018F000E9E7A26D42F02002A265184686E70220C1
:1019000087E700BF00200140001000B04000002029
:10191000400D0300004000B8002000B4806D704707
:10192000026838B504461046FFF7BEFD08B900202E
:1019300038BD9368990707D4936823F0004323F0D8
:10194000170343F010039360FFF7A8FD05462368D3
:101950009B685B07EBD5FFF7A1FD401B0228F6D97A
:1019600023689B685A07F2D5A36D43F01003A36563
:10197000E36D43F00103E3650120D9E773B500236C
:10198000026801939368DD07044602D5002002B087
:1019900070BD9168214B194209D0A36D43F010032B
:1019A000A365E36D43F00103E3650120EFE793686E
:1019B00023F0004323F0170343F001039360184B17
:1019C000D3F8083718021CD4637E012BDED0FFF752
:1019D00065FD144E054622681368DB07D6D493686C
:1019E000D9075FBF9368334043F001039360FFF76B
:1019F00055FD401B0228EED923681B68DA07EAD49C
:101A0000CBE7094B094A1B68B3FBF2F3013301939F
:101A1000019B002BD8D0019B013BF8E71700008009
:101A200000200140E8FFFF7F40000020400D030040
:101A300038B504460068FFF737FD054620BB94F82B
:101A40005430012B20D0012384F854302046FFF776
:101A500095FFB0B9A36D226823F4706323F00103EE
:101A600043F48073A3651C23E065136084F854007D
:101A7000936823F0004323F0170343F004039360BB
:101A800038BD84F85450FBE70220F9E738B5036805
:101A90009A680446900704D49A68D10703D40020BA
:101AA00038BD9B68FBE79A6802F00502012A19D14C
:101AB0009A6822F0004222F0170242F002029A6075
:101AC00003221A60FFF7EAFC054623689B68DB07E0
:101AD000E5D5FFF7E3FC401B0228F6D923689B6895
:101AE000DA07F2D5A36D43F01003A365E36D43F06D
:101AF0000103E3650120D3E770B5044600284BD00D
:101B0000836D43F002038365FFF70AFF054668B95A
:101B10002046FFF7BBFF054608B90123A3652268ED
:101B2000936823F0104323F01703936023685A68E7
:101B300022F4677222F003025A6040F29F321A6068
:101B4000D968164A0A40DA605A6922F007025A61D7
:101B500000269A6A9E621A6A02F0F0221A625A6A93
:101B600002F0F0225A62DA6A02F0F022DA621A69AE
:101B700022F040421A610A4AD2F8083723F0FE7375
:101B8000C2F80837204604F01BFDE6652666A66508
:101B900084F85460284670BD0125FBE700023E83AF
:101BA0000020014010B590F85430012B044615D0A8
:101BB000012380F85430FFF7B3FE58B92046FFF7F1
:101BC00065FF38B9A36D23F4807323F0010343F05C
:101BD0000103A365002384F8543010BD0220FCE704
:101BE000F7B50023019390F85430012B04467FD0C1
:101BF000012380F85430FFF749FF23689A6812F0F8
:101C00000102054607D0A36D43F01003A36500232E
:101C100084F854302DE0A16D364F21F4817141F0EC
:101C20000201A165DE68D96826F4FF4626F07C062D
:101C300021F40041360421F00301360CD96008205C
:101C40009968394041F0004199609968002913DA98
:101C50000199013101910199B1F52E3FF5D3A36DA1
:101C600023F0120343F01003A365002384F85430DB
:101C70000125284603B0F0BDD3F8B410013801F0B7
:101C80007F010A44DCD199681A48014041F0010102
:101C90009960D3F8B41021F07F0141EAD202C3F871
:101CA000B4209A68024042F002029A60FFF7F6FB05
:101CB000074623689A68D20708D4DA683243DA60A4
:101CC000A36D23F0030343F001039FE7FFF7E6FB57
:101CD000C01B0228EDD923689B68D907E9D5A36DFD
:101CE00043F01003A365E36D43F00103E365BFE731
:101CF0000225BEE7E8FFFF7F0749CA6822F4E062D9
:101D00000302120403F4E063120C134343F0BF63B5
:101D100043F40033CB60704700ED00E0164B30B564
:101D2000DC68C4F30224C4F10703251D042B28BF7B
:101D30000423062D4FF0FF358CBF033C002405FA29
:101D400003F321EA0303A54022EA0502A340002889
:101D500043EA0203ACBF00F16040084A4FEA0313B4
:101D6000B8BF00F00F00DBB2AABF00F5614013540A
:101D700080F8003330BD00BF00ED00E014ED00E05E
:101D8000002807DB044A4109012300F01F008340BB
:101D900042F82130704700BF00E100E000280CDB72
:101DA0004309064900F01F0020330122824041F818
:101DB0002320BFF34F8FBFF36F8F704700E100E028
:101DC0000138B0F1807F0BD24FF0E023054A586113
:101DD000F02182F823100020072298611A617047D1
:101DE0000120704700ED00E00028A1BF4309403307
:101DF000054A52F82330A3BF00F01F0023FA00F079
:101E000000F001000020704700E100E0002808DB3E
:101E10004309044900F01F0001226033824041F869
:101E20002320704700E100E0704708B5FFF7FCFF92
:101E300008BD704710B5044608B9012010BD437FA6
:101E400003F0FF0213B90277FFF7F3FF0223637772
:101E50002379E3B92368134A5A619A6822F0180279
:101E60009A6062792368D2B94FF0FF321A619A689A
:101E7000616922F060020A439A609A68A16922F0BF
:101E800080020A439A60012363770020D6E7D4E9F1
:101E90000212204600F008F80028E2D0CDE72269BF
:101EA000E4E700BFB71DC104CB0710B50CD51F2355
:101EB000013B1CD321FA03F4E407F9D5102A12D010
:101EC00004D83AB1082A10D001200BE0182AFBD11F
:101ED000062BF9D800684161836823F01803134387
:101EE0008360002010BD072BF3E70F2BF1E7102ACA
:101EF000EAD0E9D8002AE7D1ECE710B5044640B1B2
:101F00000223037104F00EFB002020616071207138
:101F100010BD0120FCE710B504680122236801F020
:101F2000100102FA01F123EA01032360027100208B
:101F300010BD034640B190F82520022A06D00422A5
:101F4000C263002280F82420012070470268806C60
:101F5000116821F00E011160016821F480710160A7
:101F6000116821F001011160D3E9100202F01C0197
:101F700001228A404260D3E9132151605A6D32B187
:101F8000116821F480711160D3E91621516001229A
:101F9000002083F8252083F82400704708B590F8C6
:101FA0002530022B03D00423C363012008BD03683E
:101FB0001A6822F00E021A601A6822F001021A60F2
:101FC000826C136823F480731360D0E9101303F05C
:101FD0001C02012393404B60D0E913325A60436DD9
:101FE00033B11A6822F480721A60D0E916325A604E
:101FF000012380F82530002380F82430836B03B15F
:1020000098470020D2E790F8250070470A4A5369A4
:1020100043F4802330B55361EFF3108472B600238C
:10202000CD58C5500433B3F5807FF9D11369DB0374
:10203000FCD484F3108830BD00400058064B5A6928
:10204000002ABFBF054A9A6002F188329A60BABF7F
:102050005869C00F002070470040005823016745B1
:10206000044B5A6942F000425A615869C043C00F9C
:10207000704700BF0040005870B50546FFF70EFAE4
:10208000124E04463369D90313D43369DA0744BFC7
:10209000012232614CF2FA32134011D10B4E3069F9
:1020A00010F480200BD0FFF7F9F9001BA842F6D3FB
:1020B00004E0FFF7F3F9001BA842E3D3032070BD4F
:1020C000024A1361024A01205360F8E700400058B9
:1020D000700300202DE9F041184D98462B78012B14
:1020E00006460C46174626D001232B704FF47A7013
:1020F00000236B60FFF7C0FFA0B9012E16D1104A74
:10210000536943F0010353612760BFF36F8FC4F835
:1021100004804FF47A70FFF7AFFF094A536923EA4E
:102120000603536100232B70BDE8F0813946204639
:10213000FFF76CFFEDE70220F6E700BF7003002019
:1021400000400058054A536923F47E7343EAC000F7
:1021500040F4803040F00200506170470040005869
:102160002DE9F041234F3B78012B054688463FD0AF
:1021700001233B704FF47A7000237B60FFF77CFFF4
:10218000044688B92B68042B13D11B4A536943F4C6
:10219000803343F0040353614FF47A70FFF76CFF10
:1021A0000446154B1A681B6800233B702046BDE8A7
:1021B000F0814FF0FF33C8F800306E68D5E9013286
:1021C0001344B3420AD93046FFF7BCFF4FF47A708C
:1021D000FFF752FF50B1C8F800600446064A536941
:1021E00023F47E7323F002035361DAE70136E5E757
:1021F0000224DBE770030020004000582DE9F04F77
:10220000564C00234FF00F080A6832FA03F501D14B
:10221000BDE8F08F012505FA03F919EA020275D02D
:102220004E68032706F003054FEA430E07FA0EFC3B
:102230006F1E012F6FEA0C0C6AD8876807EA0C0A38
:10224000CF6807FA0EF747EA0A078760476827EA68
:102250000909C6F300179F4047EA09074760C768A6
:1022600007EA0C098F6807FA0EF747EA0907022DFB
:10227000C76059D0076805FA0EF507EA0C073D4319
:1022800016F4403F056041D023F0030707F1804773
:1022900007F5803703F0030CBD684FEA8C0C4FF054
:1022A000070E0EFA0CFEB0F1904F25EA0E0E51D03B
:1022B0002B4DA84250D005F58065A84214BF0725D4
:1022C000022505FA0CF545EA0E05BD602568D743E1
:1022D00016F4801F0CBF3D4015432560656816F459
:1022E000001F0CBF3D4015436560D4F8805016F4C4
:1022F000803F0CBF3D401543C4F88050D4F8845053
:10230000B60354BF3D401543C4F8845001337BE706
:10231000032DAFD0C76807EA0C098F6807FA0EF7DC
:1023200047EA0907C760A5E74FEAD30900EB890927
:1023300003F0070AD9F820704FEA8A0A08FA0AFB64
:1023400027EA0B0B0F6907FA0AF747EA0B07C9F8E8
:1023500020708FE70025B4E70125B2E70008005898
:1023600000040048044AD168014208B502D0D06098
:1023700004F09EFB08BD00BF0008005803689A697E
:10238000910744BF00229A629A69D2075EBF9A6998
:1023900042F001029A61704730B5039D04682B43F7
:1023A00043EA0243064A6068C1F309010B4342EA6B
:1023B000555223F0004320EA02000343636030BD1E
:1023C000FF63FF0370B5426B1F4CA2420BB201F0DA
:1023D000010501F002041DD01C4EB2421AD01C4E61
:1023E000B24217D0002BACBF0023B8230DB143F08D
:1023F000F2030CB143F0F403102902D143F090032F
:1024000003E0202901D143F0200301680A68134347
:102410000B6070BD002BACBF0023B8230DB143F09F
:10242000F2030CB143F0F4031029E7D0202902D1C4
:1024300043F06003E9E7064CA242E6D0402908BF1A
:1024400043F04003E1E700BF893100088134000810
:102450006530000811F0010307D090F8413003F017
:102460002803282B14BFF22342238A0709D590F8AA
:10247000412002F02802282A0CBF43F0440343F015
:10248000F4030A0401680A6848BF43F0B80322EA6B
:1024900003030B60704703682DE9F0419C6914F059
:1024A000100405460F4616466CD010220024DA614F
:1024B000A0462B689A69920660D4B8F1000F2ED01E
:1024C00044F0040401202E68B36913F4807F03F400
:1024D000806203F4007357D04FF4807144F001041C
:1024E000F161002A51D1002B56D12846FFF746FF53
:1024F000736823F0FF7323F48B3323F4FF7323F00B
:10250000010373606B6C23436B64202385F84130B7
:10251000002385F8423085F84030012044E07A1CE1
:1025200005D19A699606FCD52022DA61C8E7FEF744
:10253000B5FF801BB84201D8002FBAD12B6859686B
:1025400095F8422098690004D2B20AD5480408D40C
:10255000202A06D05A6842F480425A60FEF79EFF55
:1025600006462B689B699906A3D4FEF797FF801B4C
:102570001928F6D920244FF001089AE7B8F1000F86
:102580009ED1D1E720469EE72AB14FF4806244F005
:102590000804F261A7E72BB14FF4007344F0020482
:1025A000F361A2E70028A0D1BDE8F0812DE9F04158
:1025B000DDF8188004460F4616461D4623689B69C1
:1025C00037EA03030CBF01230023B34201D00020EC
:1025D00025E0424629462046FFF75DFFF0B96B1C17
:1025E000ECD0FEF75BFFA0EB0800A84201D8002D5D
:1025F000E4D123689B6937EA03030CBF012300235E
:10260000B342DBD1636C43F020036364202384F87E
:102610004130002384F8423084F840300120BDE886
:10262000F081C36AAA2B02D10023C3627047C36A38
:10263000B3F52A4FFAD14FF00073F6E7704710B5A3
:10264000044600284ED090F8413003F0FF021BB939
:1026500080F84020FFF7F2FF242384F841302368FC
:102660001A6822F001021A60626822F070621A6130
:102670009A6822F400429A60D4E90221012906D125
:1026800042F400429A605A6822F4006207E042F481
:10269000044202299A60F6D15A6842F400625A60F4
:1026A0005A6842F0007242F400425A60DA6822F43A
:1026B0000042DA60D4E904210A43A16942EA012216
:1026C000DA60D4E907210A431A601A6842F001026D
:1026D0001A6000202023606484F84130206384F86D
:1026E000420010BD0120FCE7704710B5044698B1C8
:1026F0000268242380F84130136823F0010313603B
:10270000FFF7F2FF0020606484F8400084F8410085
:10271000206384F8420010BD0120FCE72DE9F0435E
:1027200085B01D460023039390F84130202B0446CA
:10273000174672D103689B6913F400436DD190F87A
:102740004020012A69D00122C1F3090680F8402007
:1027500046F00078242280F8412048F42058436451
:10276000E3682268012B06BF46F0007343F4005370
:1027700043465360FEF792FE814622689369926950
:10278000C3F34013C2F30012134316D023689A69AF
:10279000CDF8009012F010022B4624D120212046C3
:1027A000FFF704FFE8B922682023D36184F84130A1
:1027B00084F8400005B0BDE8F0836B1CDDD0FEF767
:1027C0006DFEA0EB0900A84201D8002DD5D1202331
:1027D00084F84130636C43F020036364002384F881
:1027E00040300120E6E7002220212046FFF7DEFEF0
:1027F0000028F6D123681022DA612022DA61039BD7
:1028000001330393039BBB42AAD384F84120636C3A
:1028100084F8400013436364E3E70220CAE7000042
:10282000F7B50446104694F84120089E202A65D149
:1028300094F84020012A61D0012284F8402021220E
:1028400084F84120102284F84220002262646385CB
:10285000E6622B4B6363638D60629BB2FF2B99BF73
:10286000638D2385FF232385228D94BFE56A4FF076
:1028700080756AB136F000731DD1236810F8017BB2
:102880009F62638D6062013B9BB26385531E23850B
:10289000236B112B16D1AA2E0FD12046FFF7C1FEB4
:1028A000638D9BB2FF2B00D8E56A1648009094F820
:1028B00028202B4615E00022EAE7B6F52A4FECD097
:1028C000002008E02046FFF7ACFE638D9BB2FF2B93
:1028D00000D8E56A0B4836F00073E7D100902B462C
:1028E000D2B220460025FFF757FD204684F840501D
:1028F0000121FFF767FD284603B0F0BD0220FBE78A
:102900002D2F00080020008037B50446069894F863
:102910004150202D44D194F84050012D40D0012544
:1029200084F84050222584F84150102584F8425004
:10293000002565646385E0621A4B6363638D6262A0
:102940009BB2FF2B9BBF638D2385FF23E26A88BF69
:102950002385236B88BF4FF08072122B04D1AA28E5
:1029600002D0B0F52A4F09D12046FFF75AFE638DF9
:102970009BB2FF2B00D8E26A0B4B00E000230093D0
:1029800020461346002594F82820FFF705FD204631
:1029900084F840500221FFF715FD284603B030BDF2
:1029A0000220FBE72D2F000800240080F8B51F4609
:1029B00090F8413003F02803282B04460E461546B4
:1029C00001D00120F8BD01B11AB94FF4007363645E
:1029D000F7E748F20101FFF73DFD90F84030012B89
:1029E00040D0012380F8403090F841302A2B14D198
:1029F0000221FFF72FFD03681A6810040DD51A682D
:102A0000E06B22F400421A6038B1174B8363FFF782
:102A1000C5FA10B1E06B836B9847292384F84130E5
:102A200020682023002284F842306264436823F443
:102A3000004343606585638D2385E7620B4B6363C9
:102A4000836981696662C90303D51B0744BF0823F4
:102A5000C361204684F8402048F20101FFF7B2FC30
:102A60000020AFE70220ADE789360008773500087F
:102A7000F8B51F4690F8413003F02803282B044690
:102A80000E46154601D00120F8BD01B11AB94FF428
:102A900000736364F7E748F20201FFF7DBFC90F88C
:102AA0004030012B3FD090F841300121292B80F894
:102AB000401013D1FFF7CEFC03681A6850040DD5FF
:102AC0001A68A06B22F480421A6038B1174B8363F6
:102AD000FFF764FA10B1A06B836B98472A2384F840
:102AE000413020682023002284F842306264436829
:102AF00023F4004343606585638D2385E7620C4BB7
:102B00006363836981696662C90303D41B0744BF99
:102B10000823C361204684F8402048F20201FFF7F1
:102B200051FC0020B0E70220AEE700BF8936000864
:102B30007735000808B590F84120202A0AD12822CC
:102B400080F84120044A42634FF40041FFF73AFC09
:102B5000002008BD0220FCE7773500080268436BBF
:102B60009169126803B1184770477047704738B5CC
:102B7000002580F8425090F84130212B4FF020037F
:102B800080F841300AD11123036345630121FFF727
:102B900061FC80F84050FFF7E8FF38BD1223036363
:102BA00045630221FFF756FC80F84050FFF7DEFF37
:102BB000F3E708B503681A68002180F84210510451
:102BC00015D51A6822F480421A6090F84130292BFA
:102BD00013D1282380F84130212303630121FFF71B
:102BE00039FC002380F840300EF068FE08BD120466
:102BF000EBD51A6822F40042E6E790F841302A2B20
:102C0000F4D1282380F84130222303630221FFF707
:102C100021FC002380F840300EF03DFEE6E790F8FE
:102C2000412002F02802282AF8B5036834D19E69B1
:102C3000C2689D699968DF682D0C022AC6F30046B8
:102C400005F0FE051FD185EAD11515F00605C1F383
:102C500009020ED1816C01318164816C022907D196
:102C600008218564D96180F8405031460EF0C6FDD8
:102C7000F8BD4FF40041FFF7EDFB002380F8403032
:102C800007F0FE02F1E74FF40041FFF7E3FB0023FA
:102C900080F840302A46E8E70822DA61002380F80D
:102CA0004030E5E708B5164BC362202200230363DA
:102CB000436380F8412080F842304B0712D5036807
:102CC0005A6A436A1A70436A01334362038D4BB1F7
:102CD000013B0385438D013B9BB24385436C43F02D
:102CE0000403436448F20301FFF7B4FB03681022B6
:102CF000DA61002380F840300EF0B8FD08BD00BF57
:102D00000000FFFF70477047704790F84120602A2D
:102D100008B54FF0000208D1202180F8411080F85A
:102D200040200263FFF7F0FF08BD026380F84020F7
:102D30000EF0C8FDF8E7000070B500223D4D90F898
:102D4000413080F84220C5624285426C283B0A43EC
:102D5000022B044642642AD80321FFF77BFB282379
:102D600080F84130344BA06B6363236B002841D063
:102D7000112B01D0212B3DD123681A68510442BF89
:102D80001A6822F480421A60FFF73DF901282CD01E
:102D9000A06B2A4B8363002384F84030FFF7FEF8D2
:102DA000002845D0A06B836BBDE87040184748F2FF
:102DB0000301FFF74FFBFFF7E1FA90F84130602B7A
:102DC00011D0202380F8413003689A6995060AD50E
:102DD0009A69D00605D51022DA61626C42F00402CD
:102DE00062642022DA610023BDE72046BDE870401E
:102DF000FFF78BBFE06B0028F7D0122B01D0222BFE
:102E0000F3D123681A68120442BF1A6822F4004200
:102E10001A60FFF7F8F80128E7D0E06B074B8363EF
:102E2000002384F84030FFF7B9F808B1E06BBAE747
:102E300070BD00BF0000FFFF77350008893600082D
:102E400073B505682023EB6190F84130212B0446CF
:102E50000E4635D10121FFF7FDFA112323636B687C
:102E600023F0FF7323F48B3323F4FF7323F0010368
:102E70006B6000236363F206A3F58033E36205D53C
:102E80001023EB61636C43F00403636494F84130F6
:102E9000602B05D1730741BF6B6ADBB20193019BC5
:102EA0002046FFF76BFA636C94F84120602A00D04B
:102EB0007BB1616C204602B0BDE87040FFF73CBFBB
:102EC00090F84130222BCAD10221FFF7C3FA122316
:102ED000C4E794F84120212A12D1202284F841200D
:102EE000236394F8422084F84030402A84F842302A
:102EF00003D1FFF707FF02B070BDFFF736FEFAE718
:102F000094F84120222AF6D1202284F8412023631C
:102F100094F8422084F84030402A84F8423002D1AC
:102F2000FFF7F1FEE7E7FFF721FEE4E773B590F85E
:102F30004030012B04460D46164600F091800123D7
:102F4000CA0680F8403017D5F30615D5036810225D
:102F5000DA61436C43F004034364FFF70FFAAA06F7
:102F600005D5B30603D529462046FFF769FF0020A3
:102F700084F8400002B070BD680712D5710710D503
:102F800023685A6A636A1A70636A25F0040501337C
:102F90006362238D013B2385638D013B9BB2638577
:102FA000DDE76A060DD4AB0727D5B00725D5638DBD
:102FB0009BB2002BD3D0636A226813F8011B916285
:102FC000E6E7290606F0400337D5002BC7D0638D0E
:102FD00022689BB22BB3208D18BB5168638D9BB2C6
:102FE000FF2BC1F309010DD9FF2222854FF0807319
:102FF00000902046FFF7D0F9B1E72A06AFD5730657
:10300000E5D4ACE7628DE36A92B213F5803F228586
:10301000D2B202D0E36A0090EBE700904FF0007369
:10302000E7E75368980103D42046FFF7A0FD96E731
:1030300040212046FFF780FE91E7002B8FD0638D63
:103040009BB2002BF4D123685A68910187D4E26ABD
:1030500012F5803FE8D15A6842F480425A607EE718
:10306000022087E713B590F84030012B044600F0AA
:103070008580012380F84030CB0612D5D30610D5C9
:1030800003681022DA61436C43F004034364202197
:10309000FFF798F9FFF772F9002084F8400002B0BA
:1030A00010BD880708D5930706D52368226D9A625C
:1030B0004FF0FF332365EFE7080633D5530631D5CC
:1030C00010212046FFF77EF9638D9BB233B3638DE9
:1030D0009BB2FF2B18D90023FF22E16C22850093BD
:1030E0004FF0807389B2FFF757F9638D228D9B1AD9
:1030F0009BB2638594F841202368222A1A6832D152
:1031000042F400421A60C7E7628DE16C92B200237C
:1031100022850093D2B24FF00073E3E74021FFF71E
:103120000BFEB9E7480621D553061FD594F8411088
:10313000134A144B222918BF1346628D92B2FF2AFC
:1031400008D9FF22E16C228500934FF0807389B289
:103150002046C8E7628DE16C92B222850093D2B21C
:103160004FF00073F3E742F48042CBE7880693D533
:10317000930691D52046FFF763FE8DE702208EE788
:10318000002000800024008073B590F84030012BAF
:10319000044678D0012380F84030CB0612D5D606FD
:1031A00010D503681022DA61436C43F004034364D2
:1031B0002021FFF707F9FFF7E1F8002084F840002D
:1031C00002B070BD0D0641D550063FD525682B686D
:1031D00023F040032B60638D9BB25BB36968638D02
:1031E0009BB2FF2BC1F309011AD9FF2323854FF0AE
:1031F00080730022268D009294F828202046FFF745
:10320000CBF8638D9B1B9BB2638594F84130222BD6
:103210002B680CBF43F4004343F480432B60CCE79E
:10322000638D2385E36A13F5803F14BFE36A4FF093
:103230000073DEE76B689A0103D42046FFF797FC22
:10324000BBE740212046FFF777FDB6E74B0612D5D6
:10325000560610D5638D9BB2002BF2D123685A68B5
:103260009501AAD4E26A12F5803FE6D15A6842F489
:1032700080425A60A1E788069FD593069DD52046D7
:10328000FFF7DEFD99E702209AE7036899691A685B
:1032900010B4CC0508D5140606D5446C44F00104DE
:1032A00044644FF48074DC614C0508D5140606D5DF
:1032B000446C44F0080444644FF48064DC61890584
:1032C00008D5120606D5426C42F0020242644FF461
:1032D0000072DA61416C11F00B0F02D010BCFFF7E5
:1032E0002BBD10BC704700002DE9F8430568D5F8E8
:1032F0000090D0F82C8090F8417007F0F707202359
:10330000212F04460E46EB6164D148F20101FFF71C
:10331000A1F827636B6843F400436B606B6823F08C
:10332000FF7323F48B3323F4FF7323F001036B60EB
:103330002046FFF723F819F4804F50D02B6823F470
:1033400080432B60A36B1BB11B685B689BB26385DA
:1033500072070FD5636A6A6A1A70636A013363621F
:10336000238D2BB1013B2385638D013B9BB263858C
:1033700026F00406638D9BB21BB1636C43F004031B
:103380006364F30611D519F0100F0ED0638D9BB254
:10339000002B3ED194F84130282B29D1B8F1007F81
:1033A00026D131462046FFF77DFC002384F84230C9
:1033B000656C6363002D3BD0616C2046FFF7BCFC5D
:1033C00094F84130282B45D131462046BDE8F843DA
:1033D000FFF768BC222F9DD148F2020197E719F44C
:1033E000004FB5D02B6823F400432B60E36BAAE7B2
:1033F00094F841202368292A4FF01002DA61D4D1D1
:1034000018F5803FD1D02046FEF7B8FFFFF7D1FB7B
:10341000CBE723681022DA61636C43F00403636432
:1034200038F08073C1D1616C2046FFF785FCBCE7A2
:10343000E36A13F5803F0FD02046FFF7BAFB0F4B2E
:10344000E362202384F8413084F84050256320460D
:103450000EF00CFABDE8F88394F8413084F840503F
:10346000222B4FF0200384F841302046256302D1FF
:103470000EF011FAEEE70EF021FAEBE70000FFFF85
:1034800070B590F84060C56A012E04460B4670D0B6
:10349000012680F840608E0607D5960605D5FFF711
:1034A00023FF002084F8400070BDD80659D5D1060E
:1034B00057D512F4404F50D0D4E90E10E0B921B1E5
:1034C000520402D50A6852680AB323681022DA61EE
:1034D000636C43F00403636494F8413035F0807208
:1034E000DBB2DED1213B092B30D8DFE803F02D34ED
:1034F0002F2F2F2F2F2F2D341604E0D50068406872
:103500000028DCD119B1500444BF0A68526894F80D
:103510004120282A07D1B5F1007F04D11946204661
:10352000FFF7C0FBBDE794F841202368292A4FF03C
:103530001002DA61B5D115F5803FB2D02046FEF712
:103540001DFFFFF736FBACE721232363616C2046A8
:10355000FFF7F2FBA5E72223F7E723681022DA61E1
:103560009FE719079DD513079BD52046FFF757FB0B
:1035700097E7022098E770B590F84060C56A012E81
:1035800004460B467ED0012680F840608E0607D5A3
:10359000960605D5FFF7A8FE002084F8400070BD10
:1035A000D90630D5D6062ED5628D92B2E2B994F8FE
:1035B0004120282A07D1B5F1007F04D119462046C1
:1035C000FFF770FBE8E794F841202368292A4FF0C1
:1035D0001002DA61E0D115F5803FDDD02046FEF71C
:1035E000CDFEFFF7E6FAD7E723681022DA61636CB5
:1035F00043F00403636435F08073CDD1616C2046E1
:10360000FFF79AFBC8E758071BD5510719D5638DFB
:103610009BB26BB123685A6A636A1A70636A01339A
:103620006362238D013B2385638D013B9BB26385E0
:10363000638D9BB2002BAFD115F5803FACD02046F7
:10364000CFE71E0705D5100703D52046FFF7E7FA99
:10365000A2E79907A0D593079ED5638D9BB26BB166
:10366000636A226813F8011B91626362638D013BF8
:103670009BB26385238D013B23858DE735F08073F5
:103680008AD1DCE702208AE7806A836B0BB10022D3
:103690009A63C36B0BB100229A63FFF736BB90F8B5
:1036A00041007047406C7047024A136843F48073CE
:1036B0001360704700040058024B186800F4C060A3
:1036C000704700BF00040058024A936823F4004387
:1036D0009360704700040058054A136843F00703DD
:1036E0001360044A136943F00403136130BF704749
:1036F0000004005800ED00E04FF0B0431868C0F33C
:10370000404070474FF0B0431868C0F34000704726
:103710004FF0B042536823F47F4343EA00235360E1
:1037200070474FF0B0431868C0F340607047000026
:103730007FB54FF0B0432C4AD3F80831C0F30310E3
:1037400003F00F0352F82040284A52F82330B4FB0C
:10375000F3F4FFF7B1FF264B054693E80700B5F5F4
:10376000007F04AB03E9070010D0224B9C4218D322
:1037700003F5B70303F67F539C4229D903F574136D
:1037800003F510639C4225D802230BE01A4B9C42A0
:1037900007D91A4B9C421BD903F5370303F5D853BD
:1037A000F0E7002304AA02EB830353F80C4C144DFA
:1037B0002B6823F0070323432B60FDF76FFE0646BB
:1037C0002B6803F007039C4206D1002004B070BDB3
:1037D0000123E7E70024EAE7FDF760FE801B0228EB
:1037E000EED90320F2E700BF046E0208646E0208FF
:1037F00040680208C0CF6A00BFEA21013F9334024B
:10380000004000584FF0B04310B59A68D96812F0E4
:103810000C0205D00C2A4AD101F00303012B51D12F
:103820004FF0B0412B480B6813F0080306D00B682B
:1038300013F0080337D1D1F8941007E00C6824077F
:1038400056BFD1F894300968C3F3032350F82330EE
:10385000002A0CBF184600204FF0B0418A6802F0E1
:103860000C020C2A1ED1CA6802F00302022A2ED0D2
:10387000032A06D10B68184A13F4801F174B18BF90
:1038800013464FF0B042D068D168D268C0F306202A
:103890005843C1F302130133B0FBF3F0530F01336C
:1038A000B0FBF3F010BD0B68C3F30313CEE7042A9B
:1038B00005D0082A06D11B6813F4801305D00648EA
:1038C0000023C9E700231846C6E70448C4E7024BB3
:1038D000D7E700BF046E02080024F4000048E801A6
:1038E00008B5FFF78FFF4FF0B043044A9B68C3F35E
:1038F000031352F82330B0FBF3F008BD646E0208E6
:103900002DE9F0410446002853D04FF0B0439D68A4
:10391000DE680368990605F00C0506F0030668D515
:10392000026A1DB10C2D46D1012E44D1002A40D08F
:103930004FF0B043A16A1A68120756BFD3F894300B
:103940001B681B0903F0F00399421FD90846FFF7D3
:10395000EFFE00282DD14FF0B042136843F008036A
:1039600013601368A16A23F0F0030B431360606ACD
:10397000FFF7CEFEFFF7B4FFAC4B1860AC4B1868F6
:10398000FDF744FD002834D0BDE8F0814FF0B0428F
:10399000136843F008031360136823F0F0030B432C
:1039A0001360606AFFF7B4FE0846FFF7C1FE002807
:1039B000E0D00120E8E74FF0B043002A54D01A6865
:1039C00042F001021A60FDF769FD0746FFF79AFE13
:1039D000002842D04FF0B042136843F00803136050
:1039E0001368A16A23F0F0030B431360606AFFF7CA
:1039F0008FFE2368DF0748D42368980700F1A18071
:103A000023681E0740F1FC80A3694FF0B046002BED
:103A100000F0E380D6F89430E16903F0100291429F
:103A200000F0C68003F00302022AC2D0D80740F19A
:103A3000B580D6F8943023F00103C6F89430FDF732
:103A40002DFD0746D6F89430990740F1A780FDF781
:103A500025FDC31B112BF5D904E0FDF71FFDC01B8D
:103A60000228B3D903208FE71A6822F001021A60F6
:103A7000FDF714FD0746FFF745FE0028B9D0FDF716
:103A80000DFDC01B0228F6D9ECE7082D626803D0B3
:103A90000C2D1AD1032E18D1002A8AD09907AFD540
:103AA00023694FF0B046002B67D0336843F480732E
:103AB0003360FDF7F3FC074633685A0555D4FDF72C
:103AC000EDFCC31B022BF7D9CCE74FF0B043A06845
:103AD000196821F480110143B2F5803F196010D1BB
:103AE0001A6842F480321A60FDF7D8FC0746FFF7E7
:103AF00003FE002880D1FDF7D1FCC01B6428F6D955
:103B0000B0E7B2F5041F04D11A6842F400121A603B
:103B1000E6E7196821F480311960196821F4001171
:103B20001960002AE0D1FDF7B9FC0746FFF7E4FD74
:103B300000283FF461AFFDF7B1FCC01B6428F5D944
:103B400090E7042D03D00C2DAAD1022EA8D1236911
:103B5000002B3FF42EAF4FF0B0426169536823F061
:103B6000FE4343EA016353604AE77368626923F0E6
:103B7000FE4343EA0263736042E7336823F48073D1
:103B80003360FDF78BFC074633685B057FF538AF84
:103B9000FDF784FCC31B022BF6D963E74FF0B0425C
:103BA000E169D2F8943023F010030B43C2F894304B
:103BB0004FF0B047D7F8943043F00103C7F8943082
:103BC000FDF76CFC0646D7F894309A0718D4FDF739
:103BD00065FC831B112BF6D944E7D6F8943023F00B
:103BE0000103C6F89430FDF759FC0746D6F8943027
:103BF0009B0705D5FDF752FCC31B112BF6D931E706
:103C00002368580754D50B4F3B68D90514D4FFF7E8
:103C10004BFDFDF743FC06463B68DA050CD4FDF787
:103C20003DFC831B022BF7D91CE700BF400000209E
:103C30000400002000040058E3684FF0B046002B59
:103C400058D023F08003052B02BFD6F8903043F004
:103C50000403C6F890304FF0B046FDF71FFCD6F8CD
:103C6000903043F001030746C6F8903041F288389F
:103C7000D6F890309B0705D4FDF710FCC31B4345D5
:103C8000F6D9EFE6E36823F00403812B1BD1FDF79F
:103C900005FCD6F8903043F08003C6F89030074614
:103CA0004FF0B04641F28838D6F89030180504D568
:103CB000E36A002B4AD1002066E6FDF7EFFBC01B4C
:103CC0004045F1D9CEE6FDF7E9FBD6F8903023F078
:103CD0008003C6F8903007464FF0B04641F288386E
:103CE000D6F890301905E3D5FDF7D8FBC01B404549
:103CF000F6D9B7E6FDF7D2FBD6F8903023F0800373
:103D00000746C6F8903041F28838D6F890301A0548
:103D100016D4FDF7C3FBD6F8903023F00103C6F8A4
:103D2000903007464FF0B04841F28836D8F89030CE
:103D30009B07BDD5FDF7B2FBC31BB342F6D991E695
:103D4000FDF7ACFBC01B4045DFD98BE60C2D4ED0F8
:103D5000022B4FF0B0431A6822F080721A6033D100
:103D6000FDF79CFB0546FFF7DCFC38BBD4E90C31C2
:103D70004FF0B0420B43D0682D4901400B43E16B3B
:103D80000B43216C0B43616C0B43A16B43EA012392
:103D9000D360136843F080731360D36843F080539B
:103DA000D360FDF77BFB0446FFF7BBFC002882D104
:103DB000FDF774FB001B0A28F6D953E6FDF76EFBEE
:103DC000401B0A28CFD94DE6FDF768FB0446FFF7F4
:103DD000A8FC30B94FF0B042164BD1680B40D3600D
:103DE00069E7FDF75BFB001B0A28F0D93AE6012BD7
:103DF0003FF4DFAD4FF0B043D868236B00F003020F
:103E00009A427FF4D6AD626B00F0700393427FF468
:103E1000D0ADA26B00F4FE43B3EB022F7FF4C9AD2B
:103E2000636C00F06040C01A18BF0120ACE500BF11
:103E30008C80C111FCFFFEEE2DE9F0410D460446D9
:103E400010B90120BDE8F081684E336803F0070324
:103E50008B4216D323689A0727D54FF0B047A26844
:103E6000BB6823F0F0031343BB60FDF717FB064666
:103E7000BB68DB0319D4FDF711FB831B022BF7D9B9
:103E800011E0336823F007030B433360FDF706FBB3
:103E90000746336803F00703AB42DBD0FDF7FEFAB9
:103EA000C01B0228F5D90320CCE72368580617D594
:103EB0004FF0B0476269D7F8083123F00F0343EAA7
:103EC0001213C7F80831FDF7E9FA0646D7F80831AA
:103ED000D90305D4FDF7E2FA831B022BF6D9E2E7FA
:103EE00023685A0713D54FF0B047E268BB6823F444
:103EF000E0631343BB60FDF7D1FA0646BB689B0342
:103F000005D4FDF7CBFA831B022BF7D9CBE7236847
:103F1000180714D54FF0B0472269BB6823F46053EB
:103F200043EAC203BB60FDF7B9FA0646BB68590312
:103F300005D4FDF7B3FA831B022BF7D9B3E7236847
:103F4000DA070FD4294C236803F00703AB4239D8B2
:103F5000FFF7C6FC264B1860264BBDE8F0411868F9
:103F6000FDF754BA6268022A1DD1FFF7C5FB00288D
:103F70003FF467AF4FF0B04641F28838B36823F0A2
:103F800003031343B360FDF789FA0746B368626819
:103F900003F00C03B3EB820FD4D0FDF77FFAC01B04
:103FA0004045F3D97FE7032A02D1FFF7BAFBDEE7EA
:103FB00012B9FFF7A7FBDAE74FF0B0431B685B05C8
:103FC000D8D43EE7236823F007032B432360FDF793
:103FD00065FA0646236803F00703AB42B8D0FDF745
:103FE0005DFA801B0228F5D95DE700BF004000584C
:103FF000400000200400002008B5FFF703FC4FF04C
:10400000B043054AD3F8083103F00F0352F82330C8
:10401000B0FBF3F008BD00BF646E020808B5FFF7FF
:104020005FFC4FF0B043044A9B68C3F3022352F88D
:104030002330D84008BD00BF446E020808B5FFF722
:104040004FFC4FF0B043044A9B68C3F3C22352F8BD
:104050002330D84008BD00BF446E020810B5D8B167
:10406000D1B14F234FF0B0420360936803F00C04CA
:10407000446003F0F004846003F4E06403F46053EC
:10408000C4600361D2F808311B01DBB24361034B0A
:104090001B6803F007030B6010BD00BF0040005811
:1040A0004FF0B0431868C0F3802070474FF0B04322
:1040B000D3F89000C0F3400070474FF0B043D3F8FE
:1040C0009400C0F3400070474FF0B0431868C0F34D
:1040D000C00070474FF0B04210B5D36803F003033F
:1040E000022B39D0032B10D0FFF7EEFF1B4C0146FB
:1040F00028BBFFF7E9FF012816BFD2F89410136818
:10410000C1F3032154F8213006E01368144A13F474
:10411000801F144B18BF13464FF0B042D068D168CF
:10412000D268C0F306204343C1F30211C2F34260D8
:1041300001310130B3FBF1F3B3FBF0F010BDFFF739
:10414000C3FF01280BBF1368D2F89430C3F30313E5
:10415000002354F82330DFE7014BDDE7046E02084B
:104160000024F4000048E801B0F5807F10B500F0AD
:104170008F8123D8202800F0FA800AD8022800F086
:10418000D680102800F09481012800F0A78000203C
:1041900010BD402800F057818028F8D14FF0B0447E
:1041A000B24AD4F888301B0903F4406343F4402337
:1041B000934200F0A48002F5806253E1B0F5804F95
:1041C00000F0E58027D8B0F5806F00F08981B0F568
:1041D000006F00F0A281B0F5007FD8D14FF0B0435E
:1041E000A34AD3F888301B0C03F00C0343F440239C
:1041F000934200F0DC80B3F10C1F22D0043A9342CA
:1042000040F06781FFF759FF0128C0D14FF0B0435C
:10421000D3F8943022E0B0F5004F25D0B0F5803FC0
:10422000B5D14FF0B042D2F8903003F44073B3F5FB
:10423000007F0DD0B3F5407F00F08581B3F5807F1E
:10424000A5D1FFF733FF441E60426041C0039FE7E2
:10425000FFF733FF01289AD1D2F89430D80654BF23
:104260004FF4FA40FA2093E74FF0B042D2F888308A
:1042700003F04043B3F1804FEAD0B3F1004FE0D0F8
:1042800033B91368990182D5BDE81040FFF722BF0A
:1042900013689A077FF57BAFFFF716FF7549024653
:1042A00068B9FFF711FF4FF0B043012816BFD3F8EC
:1042B00094201B68C2F3032251F8220068E7FFF73D
:1042C00003FF4FF0B04301280BBF1B68D3F89430B5
:1042D000C3F30313002351F8230059E74FF0B04311
:1042E000654AD3F8883003F0030343F44033934224
:1042F0005DD0B3F1031FA4D0013A934203D1BDE8CE
:104300001040FFF77FBAFFF77DFA4FF0B0435B49EB
:104310009A689B68C2F30312C3F3C22351F82220A8
:10432000B0FBF2F0564A52F82330D84030E74FF055
:10433000B0444F4AD4F8883003F00C0343F44023D0
:10434000934234D0B3F10C1F3FF47BAF043A934255
:10435000D5D0FFF757FAA268A3684849C2F3031201
:10436000C3F3022351F82220B0FBF2F0DAE74FF05A
:10437000B044D4F8883003F44063B3F5006F16D02E
:10438000B3F5406F3FF45DAFB3F5806FE0E74FF0FA
:10439000B042D2F8883003F04053B3F1005F0DD043
:1043A000B3F1405FABD0B3F1805F7FF4F0AEFFF7C5
:1043B00077FE01287FF4EBAE3248E9E613689B01F3
:1043C0007FF5E5AED36803F00303022B39D0032B4E
:1043D00010D0FFF779FE274C014628BBFFF774FE8B
:1043E000012816BFD2F894101368C1F3032154F8C2
:1043F000213006E01368234A13F4801F224B18BFB4
:1044000013464FF0B042D068D168D268C0F306209E
:104410005843C1F302130133B0FBF3F0C2F344433A
:104420000133B0FBF3F0B3E6FFF74EFE01280BBFFC
:104430001368D2F89430C3F30313002354F82330E5
:10444000DFE7104BDDE74FF0B044104AD4F8883076
:104450001B0903F4407343F4403393423FF44FAFDE
:1044600002F580729342A2D073E700BF00040C00F3
:1044700008000C00046E020802000300646E0208CB
:10448000446E02080024F4000048E8010001030023
:104490004FF0B0442D4AD4F888301B0903F4405340
:1044A00043F4401393423FF42AAF02F58052D9E718
:1044B0004FF0B043D3F8883003F44073B3F5007F76
:1044C0003FF475AFB3F5407F7FF4DEAE4BF680303E
:1044D0005EE6FFF797F94FF0B0439A689B683CE7B8
:1044E0004FF0B0441A4AD4F888301B0C03F0300364
:1044F00043F4401393423FF45AAFB3F1301F3FF4FB
:10450000A0AE103A93427FF424AFFFF7D6FD012806
:104510007FF43DAED4F89430A0E64FF0B0440D4A9D
:10452000D4F888301B0C03F0C00343F440039342DB
:104530003FF43DAFB3F1C01F3FF483AE403A934226
:104540007FF407AF5EE6044822E600BF00103000AB
:10455000200030008000C00040420F00704770B55E
:104560000446002866D0436A002B5FD14268B2F54A
:10457000827F00D0C3610023A36294F85D3003F012
:10458000FF0223B984F85C202046FFF7E7FF22688A
:10459000E068A668A169022384F85D30136823F0FF
:1045A00040031360B0F5E06F4FF000038ABF1D4673
:1045B0004FF48055B0F5706F18BFA362636806F4BE
:1045C000044603F482733343266906F0020633433C
:1045D000666906F00106334301F400763343E66969
:1045E00006F038063343266A06F080063343A66A8F
:1045F00006F4005633431360666B636A06F00806E0
:1046000003F0100300F470603343090C034301F01E
:1046100004010B432B435360D36923F40063D3613C
:1046200000200123206684F85D3070BD0023C0E9BE
:104630000433A0E70120F8E7704710B5044680B1C5
:104640000268022380F85D30136823F04003136092
:10465000FFF7F2FF0020206684F85C0084F85D001C
:1046600010BD0120FCE7022310B580F83D3003683F
:10467000196A41F211121142044608D1196A40F236
:104680004442114202BF1A6822F001021A60204619
:1046900002F0FFFC002084F8480084F83C0084F815
:1046A0003E0084F83F0084F8400084F8410084F81C
:1046B000420084F8430084F8440084F8450084F8FC
:1046C000460084F8470084F83D0010BD90F83D3066
:1046D000012B17D102230C4A80F83D300368934226
:1046E00002D0B3F1804F07D19968084A0A40062AE0
:1046F00006D0B2F5803F03D01A6842F001021A607A
:104700000020704701207047002C01400700010085
:104710000368196A41F21112114208D1196A40F274
:104720004442114202BF1A6822F001021A600123BA
:1047300080F83D30002070470368DA6822F00102FB
:10474000DA60196A41F21112114208D1196A40F275
:104750004442114202BF1A6822F001021A6001238A
:1047600080F83D300020704790F83C20012A034635
:104770004FF0020009D01A6883F83D005161002013
:10478000012283F83D2083F83C0070477047704752
:10479000036870B5DD681E69B20704460DD5A90728
:1047A0000BD56FF002021A61012202779B699A070A
:1047B00074D001F052FE00232377730710D56807E9
:1047C0000ED523686FF004021A61022222779B69DA
:1047D00013F4407F204667D001F03FFE002323778B
:1047E00031070FD52A070DD523686FF008021A612B
:1047F00004222277DB699B0720465BD001F02DFE67
:1048000000232377F00610D5E9060ED523686FF054
:1048100010021A6108222277DB6913F4407F2046D8
:104820004ED001F01AFE00232377F20708D5EB07DC
:1048300006D523686FF001021A61204601F0EAFDF7
:10484000300608D5290606D523686FF080021A6164
:10485000204600F002FAF20508D52B0606D523689B
:104860006FF480721A61204600F0F8F9700608D5DE
:10487000690606D523686FF040021A612046FFF7EB
:1048800086FFB20622D5AB0620D523686FF0200242
:1048900020461A61BDE8704000F0DEB901F0DBFD92
:1048A0002046FFF773FF86E701F0D5FD2046FFF7AE
:1048B0006DFF93E701F0CFFD2046FFF767FF9FE70D
:1048C00001F0C9FD2046FFF761FFACE770BD0000B5
:1048D0001B4A0368904202D0B0F1804F08D14A6869
:1048E00023F070031343CA6823F44073134306E0B4
:1048F000144A9042F7D002F580629042F3D04A69A0
:1049000023F08003134303608B68C3620B688362E8
:104910000B4B984207D003F5C053984203D003F5E0
:104920008063984201D10B690363012343610369EA
:10493000DB0742BF036923F001030361704700BF37
:10494000002C01400044014010B5044650B390F8DB
:104950003D3003F0FF021BB980F83C2002F072FBEF
:104960000223206884F83D30211DFFF7B1FF0123A9
:1049700084F84830002084F83E3084F83F3084F8D2
:10498000403084F8413084F8423084F8433084F871
:10499000443084F8453084F8463084F8473084F851
:1049A0003D3010BD0120FCE7036A01F01F0110B586
:1049B00001248C4023EA04030362036A8A401A43F9
:1049C000026210BD082908B525D00AD8A9B104296A
:1049D00019D090F84330012B13D1022380F84330D3
:1049E0002CE00C291FD01029F3D190F84230012B74
:1049F00007D1022380F8423020E090F83E30012BAE
:104A000019D0012043E090F83F30012BF9D1022367
:104A100080F83F3012E090F84030012BF1D10223B2
:104A200080F840300AE090F84130012BE9D10223B0
:104A300080F8413002E0022380F83E300068012215
:104A4000FFF7B2FF124B984214D003F5C0539842BF
:104A50000BD003F58063984207D0B0F1804F0DD0A2
:104A6000036843F00103036010E0436C43F4004328
:104A70004364F5E7436C43F4004343648268054BA9
:104A80001340062B02D0B3F5803FE9D1002008BDCA
:104A9000002C014007000100FFF794BF082910B562
:104AA00003465AD010D809B3042946D093F843409E
:104AB00093F84720012CE0B2D2B26FD1012A3BD14A
:104AC000022283F8432065E00C2956D01029EDD14D
:104AD00090F8424093F84720012CE0B2D2B25DD169
:104AE000012A29D1022283F8422053E090F83E4067
:104AF00093F84420012CE0B2D2B24FD1012A1BD14D
:104B0000022283F83E2083F8442018680122FFF730
:104B10004BFF234B984202D0B0F1804F07D18268FF
:104B2000204B1340062B06D0B3F5803F03D003681B
:104B300043F001030360002010BD90F83F4093F85C
:104B40004520012CE0B2D2B228D1012AF4D10222B0
:104B500083F83F2083F84520D7E790F8404093F84A
:104B60004620012CE0B2D2B218D1012AE4D10222AF
:104B700083F8402083F84620C7E790F8414093F837
:104B80004720012CE0B2D2B208D1012AD4D10222AE
:104B900083F84120022283F84720B6E70120CBE7C3
:104BA000002C014007000100036A01F01F0110B54D
:104BB00004248C4023EA04030362036A8A401A43F4
:104BC000026210BD08B529B990F84430012B1DD000
:104BD000012039E0042907D190F84530012BF7D1A5
:104BE000022380F8453014E0082907D090F84730B8
:104BF000012BEDD1022380F847300AE090F84630CF
:104C0000012BE5D1022380F8463002E0022380F830
:104C1000443000680422FFF7C7FF436C43F40043AD
:104C200043640A4B984202D0B0F1804F07D18268AA
:104C3000074B1340062B06D0B3F5803F03D0036823
:104C400043F001030360002008BD00BF002C0140B9
:104C500007000100FFF7B6BF7047704770470000BC
:104C600010B5026852E8003F23F4907342E8003127
:104C700002680029F5D10F4C02F1080353E8003F08
:104C8000234002F1080C4CE800310029F4D1C36E36
:104C9000012B07D152E8003F23F0100342E8003116
:104CA0000029F7D12023C0F88C300023C366436766
:104CB00010BD00BFFEFFFFEF026852E8003F23F087
:104CC000800342E8003102680029F5D152E8003F34
:104CD00043F0400342E800310029F7D17047D0F893
:104CE0008820212A034611D1B0F8562092B20AB981
:104CF000FFF7E2BF026D016812F8010B88621A65C6
:104D0000B3F85620013A92B2A3F856207047D0F873
:104D10008820212A034613D1B0F8562092B20AB94E
:104D2000FFF7CABF1A6D006832F8021BC1F3080111
:104D300081621A65B3F85620013A92B2A3F8562060
:104D40007047D0F88830212B10B51BD1B0F86A20FD
:104D5000C2B1B0F85610036889B2A1B903F10802D4
:104D600052E8002F22F4000203F1080040E800217D
:104D70000029F3D153E8002F42F0400243E800211C
:104D80000029F7D110BDD96909060AD5016D11F8BE
:104D9000014B9C62B0F856300165013B9BB2A0F814
:104DA0005630013A92B2D3E7D0F88830212B10B5B3
:104DB0001BD1B0F86A20C2B1B0F85610036889B2AE
:104DC000A1B903F1080252E8002F22F4000203F116
:104DD000080040E800210029F3D153E8002F42F0F9
:104DE000400243E800210029F7D110BDD969090626
:104DF0000CD5016D31F8024BC4F308049C62B0F885
:104E000056300165013B9BB2A0F85630013A92B290
:104E1000D1E77047D0F88830202B10B544D1002955
:104E200044D0002A42D0A0F85620A0F85420426E68
:104E300001650023C0F89030B2F1005F4FF021030C
:104E4000C0F888300268836819D1B3F5805F14D147
:104E50000469174B1749002C08BF0B46836702F102
:104E6000080353E8003F43F4000302F1080040E860
:104E700000310029F3D1002010BD0D4BEEE7B3F552
:104E8000805F0FD104690C4B0C49002C08BF0B4606
:104E9000836752E8003F43F0800342E80031002975
:104EA000F7D1E8E7044BF3E70220E5E70120E3E769
:104EB000434D0008A94D0008DF4C00080F4D0008C5
:104EC00008B5806A0023A0F85E30A0F8563002F0E2
:104ED00015FC08BD704700000368D9691A682DE900
:104EE000F04140F60F0631429D68044610D18E060F
:104EF00040F1978002F0200605F080573E4300F015
:104F00009080436F002B00F08580BDE8F04118478A
:104F1000AB4EAC482E401040304300F08280CF07AB
:104F200009D5D00507D501201862D4F8900040F0CB
:104F30000100C4F890008F0709D5E80707D50220C3
:104F40001862D4F8900040F00400C4F890004F07B5
:104F500009D5E80707D504201862D4F8900040F07E
:104F60000200C4F890000F070BD502F02000304378
:104F700007D008201862D4F8900040F00800C4F868
:104F800090000E050AD5500108D54FF40060186254
:104F9000D4F8903043F02003C4F89030D4F8903027
:104FA000002B37D08B0609D502F0200205F0805582
:104FB0002A4303D0636F0BB1204698472668D4F884
:104FC0009020B36802F0280203F0400353EA020580
:104FD000204621D0FFF744FEB3685F0617D522684C
:104FE00002F1080353E8003F23F04003083242E88F
:104FF00000310029F3D1D4F8800040B1724B8363B3
:10500000FCF7CCFF30B1D4F88000836B7DE72046FD
:1050100002F074FBBDE8F08102F070FBC4F8905020
:10502000F8E7E06E012840F08980CE0640F18680E6
:10503000D00640F1838010221A629A6851064BD53F
:10504000D4F8802011684A6892B2002AE2D0B4F8FD
:105050005C009042DED9A4F85E200A6892062FD444
:1050600053E8002F22F4807243E800210029F7D191
:1050700003F1080252E8002F22F0010203F10800B8
:1050800040E800210029F3D103F1080252E8002F83
:1050900022F0400203F1080040E800210029F3D18A
:1050A0002022C4F88C20E16653E8002F22F0100281
:1050B00043E800210029F7D1D4F88000FCF739FF3C
:1050C00002232367B4F85E30B4F85C10C91A89B2C1
:1050D0002046FFF7FFFE9DE7B4F85E20B4F85E00BF
:1050E000B4F85C1080B292B2002893D0891A89B2C9
:1050F00000298FD053E8002F22F4907243E800205B
:105100000028F7D1314D03F1080252E8002F2A4060
:1051100003F1080646E800200028F4D12022C4F854
:105120008C206067E06653E8002F22F0100243E80D
:1051300000200028F7D102232367C9E7CF0209D551
:105140006E0207D54FF4801220461A62BDE8F04186
:1051500002F01EBB08060BD502F0800005F4000526
:10516000284305D0A36F002B3FF454AF2046CCE674
:105170004F0611D556060FD553E8002F22F04002F6
:1051800043E800210029F7D12023C4F88830A16723
:10519000204602F0AFFA3DE70D0206D5500004D5D7
:1051A0002046BDE8F04100F032BECB017FF532AFC2
:1051B000002ABFF62FAF2046BDE8F04100F026BE22
:1051C0000100001020010004C14E0008FEFFFFEFA7
:1051D000D0F88C20B0F86010222A08B5036855D1A9
:1051E0005B6A826D0B401370836D01338365B0F889
:1051F0005E30013B9BB2A0F85E30B0F85E309BB2EF
:10520000002B42D1026852E8003F23F4907342E839
:10521000003103680029F5D103F1080252E8002F9C
:1052200022F0010203F1080C4CE800210029F3D11F
:105230002022C0F88C20184A41679342016705D1AB
:10524000C26E012A0ED002F051FA1EE05A68110215
:10525000F6D553E8002F22F0806243E800210029B0
:10526000F7D1EDE70022C26653E8002F22F01002CA
:1052700043E800210029F7D1DA69B0F85C10D206C2
:1052800044BF10221A62FFF725FE08BD9A6942F05A
:1052900008029A61F9E700BF00800040D0F88C2036
:1052A000B0F86010222A08B5036852D15A6A11403A
:1052B000826D22F8021B8265B0F85E20013A92B23C
:1052C000A0F85E20B0F85E2092B2002A40D153E8E8
:1052D000002F22F4907243E800210029F7D103F156
:1052E000080252E8002F22F0010203F1080C4CE8FA
:1052F00000210029F3D12022C0F88C20174A4167F1
:105300009342016705D1C26E012A0ED002F0EEF978
:105310001EE05A681102F6D553E8002F22F0806291
:1053200043E800210029F7D1EDE70022C26653E8E7
:10533000002F22F0100243E800210029F7D1DA699A
:10534000B0F85C10D20644BF10221A62FFF7C2FD0B
:1053500008BD9A6942F008029A61F9E700800040AE
:105360002DE9F84F0368B0F86060D3F81CB01F68EF
:105370009D68D0F88C20222A044640F0B980B0F80D
:10538000683043B1DFF87491DFF874A14FF0000882
:105390001BF0200F20D1B4F85E309BB2D3B1B4F82B
:1053A00068209A4216D9226802F1080353E8003FA8
:1053B00023F08053083242E8003122680029F2D1FC
:1053C000504B636752E8003F43F0200342E800314E
:1053D0000029F7D1BDE8F88F2368A26D5B6A3340DE
:1053E0001370A36D0133A365B4F85E30013B9BB22B
:1053F000A4F85E302368D3F81CB01BF0070F2ED042
:105400001BF0010F09D0F90507D501221A62D4F863
:10541000902042F00102C4F890201BF0020F09D046
:10542000EA0707D502221A62D4F8902042F004025B
:10543000C4F890201BF0040F09D0E80707D5042218
:105440001A62D4F8903043F00203C4F89030D4F8D4
:10545000903023B1204602F051F9C4F89080B4F89E
:105460005E309BB2002B93D1226852E8003F23F4B8
:10547000807342E8003123680029F5D103F1080266
:1054800052E8002F02EA090203F1080040E8002177
:105490000029F3D120225345C4F88C20616721678D
:1054A0000AD05A68110207D553E8002F22F0806213
:1054B00043E800210029F7D1E26E012A14D100222D
:1054C000E26653E8002F22F0100243E80021002991
:1054D000F7D1DA69B4F85C10D20644BF10221A6220
:1054E0002046FFF7F7FC53E7204602F0FFF84FE7AE
:1054F0009A6942F008029A616CE700BFFEFFFFEF75
:1055000000800040D15100082DE9F84F0368B0F841
:105510006060D3F81CB01F689D68D0F88C20222AE8
:10552000044640F0B780B0F8683043B1DFF87091BE
:10553000DFF870A14FF000081BF0200F20D1B4F865
:105540005E309BB2D3B1B4F868209A4216D9226873
:1055500002F1080353E8003F23F08053083242E889
:10556000003122680029F2D14F4B636752E8003FB7
:1055700043F0200342E800310029F7D1BDE8F88F5D
:105580002368A26D596A314022F8021BA265B4F863
:105590005E20013A92B2A4F85E20D3F81CB01BF052
:1055A000070F2ED01BF0010F09D0F90507D50122F6
:1055B0001A62D4F8902042F00102C4F890201BF047
:1055C000020F09D0EA0707D502221A62D4F8902008
:1055D00042F00402C4F890201BF0040F09D0E80741
:1055E00007D504221A62D4F8903043F00203C4F8BD
:1055F0009030D4F8903023B1204602F07FF8C4F800
:105600009080B4F85E309BB2002B95D1226852E8AE
:10561000003F23F4807342E8003123680029F5D16C
:1056200003F1080252E8002F02EA090203F1080020
:1056300040E800210029F3D120225345C4F88C20F2
:10564000616721670AD05A68110207D553E8002F15
:1056500022F0806243E800210029F7D1E26E012A9E
:1056600014D10022E26653E8002F22F0100243E832
:1056700000210029F7D1DA69B4F85C10D20644BFE2
:1056800010221A622046FFF725FC55E7204602F05B
:105690002DF851E79A6942F008029A616EE700BF5F
:1056A000FEFFFFEF008000409D52000810B590F80B
:1056B0008430012B1ED0012380F884302423C0F8CD
:1056C0008830026852E8003F23F00C0342E80034BF
:1056D0000168002CF5D151E8002F42F0080241E8A2
:1056E0000023002BF7D12022C0F8882080F88430D6
:1056F000184610BD0220FCE710B590F88430012B4D
:105700001ED0012380F884302423C0F8883002683A
:1057100052E8003F23F00C0342E800340168002CFB
:10572000F5D151E8002F42F0040241E80023002B9C
:10573000F7D12022C0F8882080F88430184610BDA8
:105740000220FCE7D0F88820D0F88C001043704786
:1057500038B5044603682169A2681D68C0690A4318
:1057600061690A437549024329400A431A605A682D
:10577000E16822F440520A435A60714AA169934297
:105780001CBF226A11439A6822F06E4222F43062F2
:105790000A439A60DA6A616A22F00F020A43DA6207
:1057A000684A934217D14FF0B043674AD3F8883024
:1057B00003F0030343F4403393425BD0B3F1031F80
:1057C00021D0013A934274D0B0F5004F40F0B08040
:1057D000FEF734FC31E05D4A934231D14FF0B043E3
:1057E0005B49D3F8883003F00C0343F440228A422B
:1057F00040D005D8E3B1574B9A425AD0012062E01D
:10580000B2F10C1FFAD1B0F5004F37D04FF4004081
:105810006368616A504A32F81120B0FBF2F000EB85
:105820005300B0FBF3F04FF6EF73A0F1100274E0F9
:10583000B0F5004F77D1FEF7F1FB002842D01DE014
:105840003F4A9342DAD14FF0B043D3F8883003F4A3
:105850004063B3F5006F3DD006D883B3B3F5806FD6
:10586000CCD1FDF7CFFF2CE0B3F5406FC6D14FF49C
:10587000004030E0B0F5004F3848C9D16268616A35
:10588000354B33F81130B0FBF3F0530803EB400312
:10589000B3FBF2F34FF6EF72A3F110019142ADD8D2
:1058A00023F00F02216892B2C3F342031343CB608B
:1058B00008E0B0F5004F3ED1FDF7A4FFBDE7FEF7CD
:1058C000ADFB40B900204FF00113A3660023C4E9EB
:1058D0001D3338BD214865681F4B626A05EB4501E1
:1058E00033F81220B0FBF2F3994287D8B3EB053FAF
:1058F00084D800231946FBF7A7FC090241EA10618E
:105900006B080002C0182A464FF0000341F1000165
:10591000FBF79AFC124BA0F540729A423FF66EAF2D
:105920002368D860CEE7FEF779FB0028CAD06FE77E
:10593000FEF784FBF9E7FDF765FFF6E7F369FFCFB4
:105940000080004000380140020003000044004095
:1059500008000C0004000C00086D02080024F4008C
:10596000FFFC0F00836A1A0710B506D50168846B27
:105970004A6822F4004222434A60DC0706D50168E7
:10598000C46A4A6822F4003222434A60990706D565
:105990000168046B4A6822F4803222434A605A0745
:1059A00006D50168446B4A6822F4802222434A608B
:1059B000DC0606D50168C46B8A6822F48052224353
:1059C0008A60990606D50168046C8A6822F4005240
:1059D00022438A605A060FD50168446C4A6822F453
:1059E00080122243B4F5801F4A6005D14A68846C56
:1059F00022F4C00222434A601B0606D50268C16C2D
:105A0000536823F400230B43536010BD2DE9F84382
:105A1000DDF8209005460E46174698462A68D36959
:105A200036EA03030CBF01230023BB4201D0002050
:105A300029E0B9F1FF3FF2D0FBF730FDA0EB080001
:105A400048452C6802D8B9F1000F1ED154E8003F38
:105A500023F4D07344E80032002AF7D104F108039C
:105A600053E8003F23F0010304F1080141E800324C
:105A7000002AF3D12023C5F88830C5F88C300023E4
:105A800085F884300320BDE8F88323685A07C5D51C
:105A9000802EC3D0402EC1D0E3691B05BED54FF484
:105AA0000063236254E8003F23F4D07344E80032DB
:105AB000002AF7D104F1080353E8003F23F0010363
:105AC00004F1080141E80032002AF3D12023C5F88F
:105AD0008830C5F88C30C5F89030D0E72DE9F74311
:105AE0009846D0F88830202B04460E46174643D1FE
:105AF000002943D0002A41D021230025C0F890502E
:105B0000C0F88830FBF7CAFCA368A4F85470B3F55A
:105B1000805F8146A4F8567003D123690BB93546DE
:105B20001E46B4F85620CDF8008092B24B4642B9DA
:105B300040212046FFF76AFF48B92023C4F8883087
:105B400006E0002280212046FFF760FF18B1032005
:105B500003B0BDE8F08322685EB935F8023BC3F3B9
:105B600008039362B4F85620013A92B2A4F8562082
:105B7000D7E716F8013BF4E70220E9E70120E7E761
:105B800073B504460026C0F89060FBF787FC2368D5
:105B90001B681A07054619D423681B685B070AD5DA
:105BA0006FF07E43009300222B464FF48001204685
:105BB000FFF72CFFB0B900202023C4F8883084F808
:105BC0008400C4F88C30E06620670CE06FF07E4300
:105BD0000093324603464FF400112046FFF716FFAC
:105BE0000028D9D0032002B070BD10B5044650B3D0
:105BF000D0F888301BB980F88430FFF70AF92268A2
:105C00002423C4F88830136823F001031360A36AC7
:105C100013B12046FFF7A6FE2046FFF799FD0128A5
:105C200011D023685A6822F490425A609A6822F090
:105C30002A029A601A6842F0010220461A60BDE802
:105C40001040FFF79DBF012010BD10B5044670B392
:105C5000D0F888301BB980F88430FFF7DAF8226872
:105C60002423C4F88830136823F001031360A36A67
:105C700013B12046FFF776FE2046FFF769FD0128A5
:105C800015D023685A6822F490425A609A6822F02C
:105C900022029A609A6842F008029A601A6842F0FA
:105CA000010220461A60BDE81040FFF769BF0120DD
:105CB00010BD000030B581658168A0F85C2000232C
:105CC000B1F5805FA0F85E20436731D10369002BF6
:105CD00040F2FF1318BFFF23A0F860300023C0F884
:105CE00090302223C0F88C30016801F1080353E89A
:105CF000003F43F00103083141E800340368002C01
:105D0000F2D1456E84680169B5F1005F35D1B0F814
:105D10006850954231D8B4F5805F29D1C1B1264A87
:105D2000426753E8002F42F4807243E8002121E0EB
:105D300029B90369002B14BF7F23FF23CCE7B1F1FE
:105D4000805FC9D10369002B14BF3F237F23C3E7C2
:105D50001A4A426703F1080252E8002F42F08052CB
:105D600003F1080040E800210029F3D1002030BDF4
:105D7000114A42670029D4D1ECE7B4F5805F16D10F
:105D800051B10F4A426753E8002F42F4907243E842
:105D900000210029F7D1E9E70A4A426753E8002FBA
:105DA00042F0200243E800210029F7D1DEE7044A4F
:105DB00042670029F2D0E6E7615300080955000860
:105DC000D15100089D520008D0F88C30202B30B4FF
:105DD00015D1B9B1B2B100230468C3660A4B9C4225
:105DE0000AD063681B0207D554E8003F43F0806384
:105DF00044E80035002DF7D130BCFFF75BBF02202F
:105E000030BC70470120FBE70080004070477047BE
:105E100090F88430012B0FD0012380F88430016882
:105E200051E8002F42F0020241E80023002BF6D196
:105E300080F88430184670470220704790F884300C
:105E4000012B0FD0012380F88430016851E8002F26
:105E500022F0020241E80023002BF6D180F88430C2
:105E60001846704702207047836810B504462BB16E
:105E70000322014698470023C4E9023310BD83681A
:105E800010B5044613B1032201469847204610BDC1
:105E900010B5044650F8103FDA6822F00102DA60CB
:105EA000DA6822F00202DA60DA6822F00402DA60CC
:105EB000DA6822F00802DA60DA6822F01002DA60AA
:105EC000FEF726FC2269136823F001031360012307
:105ED00084F84E3084F84F3084F8503084F85130D4
:105EE00084F8523084F8533084F8543084F85530B4
:105EF00084F8563084F8573010BD4B1E032B00D960
:105F0000FEE78900081F70470139435C13F0100059
:105F100004D0022916D80C4A32F81100DB0712D53A
:105F200003290FD8DFE801F00205080B40F001005B
:105F3000704740F01000704740F48070704740F4A4
:105F400080507047FEE77047286D02080139032929
:105F500000D9FEE7014B585C704700BF246D020872
:105F60000139032900D9FEE7014B585C704700BF97
:105F7000206D02082DE9F04104460E46FFF7BDFFF3
:105F800004EB061808F16408054631462046FFF781
:105F9000DDFFD8F808302BB12369C2431A61DA68F3
:105FA0000243DA60771E04EB47039B880B2B49D82A
:105FB000DFE803F051181818060618184A4A4A2A4A
:105FC000E35DDE0604D5294604F11000FEF742FE2B
:105FD000E35DD80736D5294604F11000BDE8F0414D
:105FE000FEF75ABDE35DD90604D5294604F1100039
:105FF000FEF7E8FDE35DDA0724D5294604F1100039
:10600000BDE8F041FEF7DEBC294604F11000FEF7C2
:1060100045FD31462046FFF7A3FF256901460646A8
:106020002046FFF771FF2B6A1843D8F80830286222
:1060300043B131462046FFF789FFC3432B61EB682C
:106040001843E860BDE8F081294604F11000BDE87E
:10605000F041FEF723BD23691B68DB07F2D404F18E
:106060001000BDE8F041FEF731BB70B501250446D4
:10607000861C294636F8023F23B129462046FFF701
:1060800079FF00210135052DF4D1E36E3BB1236981
:106090006FF001021A61DA6842F00102DA6049B178
:1060A00023691B68DB0705D404F11000BDE87040CC
:1060B000FEF70CBB70BD01211030FEF755BB036924
:1060C000186800F00100704710B502460C46FFF753
:1060D000F6FF80B9CB68DB070ED5CB6823F0010350
:1060E000CB601046FFF7E7FF6FF001032361E36821
:1060F00043F00103E36010BDBDE810401046FFF718
:10610000DABF00000B4B98420BD0B0F1804F0AD0A1
:1061100003F5C053984208D003F58063984206D037
:10612000FEE70020704701207047022070470320DF
:10613000704700BF002C0140024670B5044652F87B
:10614000100FFFF7DFFF0546104600F00DFF094A6C
:10615000002342F8253004F16406E36004F1B4053D
:10616000B54204D0103D2846FFF789FEF8E72046E7
:1061700070BD00BF8803002070B504460846FFF7D5
:10618000C1FF256905B1FEE7204B216104F10C0236
:1061900043F8202004F110060E23C4E917353046D9
:1061A000C4E90C55C4E90E55C4E9105584F82C50C7
:1061B000A56484F84C5084F84D50E46000F0A8FECB
:1061C00004F16400FFF750FE04F17400FFF74CFE89
:1061D00004F18400FFF748FE04F19400FFF744FE49
:1061E00004F1A400FFF740FEC4E900554FF6FF7329
:1061F000C4E906538023C4E90855A5606561A3621C
:106200003046BDE87040FEF79FBB00BF880300200A
:1062100010B588B018220446002102A81EF0F1FA39
:10622000002301A902A80193FDF718FF206900F0DF
:1062300041FF012802D002280FD0FEE7059CFDF7A0
:10624000EDFEB4F5C06F05D00BD824F48074B4F51E
:10625000806F00D1400008B010BD069CFDF7EEFE37
:10626000EFE7B4F5E06FF4E7012A38B505460C46D0
:106270000BD0022A16D004B1013C29692846CC6211
:10628000EC61BDE83840FFF71FBFFFF7C1FF084BC7
:10629000B0FBF3F044432A69230C93620133B4FB4F
:1062A000F3F4E8E7FFF7B4FFB0FBF4F4F3E700BF63
:1062B00040420F0010B500F110042046FEF73CFAF2
:1062C0002046BDE81040FEF7CEB90000034B186829
:1062D00010B10430FEF75CBA704700BF880300209D
:1062E000FFF7F4BF034B586810B10430FEF750BA03
:1062F000704700BF88030020034B986810B104303A
:10630000FEF746BA704700BF88030020034BD868E9
:1063100010B10430FEF73CBA704700BF880300207C
:106320000022C0E90022C0E902227047F8B5044605
:106330000E4600F1640500F1B40728461035FFF75A
:10634000EFFFBD42F9D10023204623613146FFF71C
:1063500013FF2046F8BD38B50023C0E90033C0E97B
:1063600002338B6804460D462BB102229847EB6836
:10637000E360AB68A360204638BD30B587B002AD9E
:1063800004462846FFF7E7FF95E803006B4683E8DD
:10639000030094E8030085E8030093E80300049BEE
:1063A000A268A360059B049284E80300E268E360AE
:1063B00028460592FFF763FD07B030BD38B50446A7
:1063C0000D46E36E64301BB1BDE83840FFF7D5BF22
:1063D000FFF7D3FFAB683BB123696FF001021A618D
:1063E000DA6842F00102DA6038BD826810B50AB995
:1063F0001AF0D4FCBDE81040C368184708B500B9CE
:10640000FEE700F083FD0068C36E13B16430FFF750
:10641000ECFF08BDFFF7F2BF10B500B9FEE7037F40
:10642000013B072B10D8DFE803F004140F100F0F07
:106430000F12012400F06AFD240100686434204436
:1064400083680BB1FFF7D1FF10BD0324F2E70424EA
:10645000F0E70224EEE7FFF7DFBFFFF7DDBF1CF038
:1064600083BF1CF081BF1CF087BF4FF0B04382B0E8
:10647000DA6C0243DA64DB6C03400193019B02B0E7
:106480007047000008B5032818D8DFE800F00208BC
:106490000D120120FFF7E9FF4FF0904008BD0220E8
:1064A000FFF7E3FF0648F9E70420FFF7DEFF0548A2
:1064B000F4E78020FFF7D9FF0348EFE70020EDE77E
:1064C0000004004800080048001C004808B50649C0
:1064D00000F0E4FCC0F3C430112800D9FEE7034B00
:1064E00053F8200008BD00BF106C02083C6D020884
:1064F000A0F580500138022800D9FEE7014B53F87F
:1065000020007047306D020808B5054900F0C6FC50
:10651000C0F3C430012800D0FEE7002008BD00BF52
:10652000F86B02080268094B9A420DD14FF0B04354
:106530009A6B42F000529A639A6B22F000529A636F
:106540009A6D22F000529A65704700BF00740040B7
:1065500010B50A4986B0044600F07EFC019050B1A7
:106560002046FFF7D1FF014628B901A8FBF7D3FC6D
:1065700001A8FBF7C2FC06B010BD00BFF86B020813
:106580004FF0B04382B01A6E42F400721A661A6E6F
:1065900002F400720192019AD3F8882042F040522E
:1065A000C3F88820044B1868C30403D4034902B01D
:1065B00000F03ABC02B0704718000020106C0208CE
:1065C0004FF0B0431A6C42F400721A641A6C22F451
:1065D00000721A641A6C42F400721A641A6C22F483
:1065E00000721A641A6E22F400721A667047000074
:1065F000F0B59FB0054664220E4605A800211EF0A6
:1066000000F90023EA04CDE902330493ADF8023027
:10661000019340F1AC8041F203039D4200F2A78058
:106620005D4B05932846FFF763FF07270446082EB6
:1066300000F0AE800A2E00F0AD80062E0CBF1823AD
:1066400000234FF00042CDE906230023CDE90832B4
:106650000422CDE90E330A92ADF82C3001228DF8D8
:106660002E308DF834308DF840308DF8503018933E
:106670001B9319938DF86830484B0C9205A84FF482
:106680008052CDE9112713971D60FAF711FF0028FA
:1066900079D1012C029435D0414B9C4232D0414BF0
:1066A0009C422FD0404B9C422CD0404B9C4229D046
:1066B0003F4B9C4226D03F4B9C4223D03E4B9C42BA
:1066C00020D03E4B9C421DD03D4B9C421AD03D4BAE
:1066D0009C4217D003F104239C4213D03A4A24F081
:1066E000004393420ED0394A93420BD0384A93422A
:1066F00008D0384A944205D0374A944202D0374AEB
:10670000934240D1012302A905A8CDE90337FBF745
:106710002DF8002837D105A8FBF762FA002832D1FE
:1067200005A8FBF785F970BB0A2105A8FAF7C0FF99
:1067300048BB05A8FBF7F2F8830505D505A8FBF7CC
:1067400011F880B2ADF8020005A8FBF72BFAD0B91A
:1067500005A8FBF7D1F9B0B9214AD2F8083723F0E0
:10676000E073C2F80837BDF8020080B20CE01D49A2
:10677000284600F071FB01A905902846FFF7A6FE08
:10678000059B044613B900201FB0F0BD03274EE758
:10679000102356E7082354E7002401401800002086
:1067A00002000004040000080800000C10000010A3
:1067B00020000014400000188000001C0001002090
:1067C00000020024000400280010003000200034E3
:1067D000004000380080003C0000014000000244FE
:1067E00000200140106C0208F8B51449144E074609
:1067F00000F032FBFFF786FC56F82030044673B9F0
:10680000B420FFF72CFE0D490546384600F024FB66
:1068100001462846FFF78AFD56F824301D6056F8D9
:1068200024301C6844B12046FFF786FC2046B42182
:10683000BDE8F840FFF717BEF8BD00BF846A020844
:106840008803002037B5FAF729FE4FF0E02504460B
:10685000AB690093FAF722FEAB6901936969844240
:1068600001F101014FF47A7308D0019A8A1A5A4350
:10687000B2FBF1F203FB002003B030BD009A8A1A8C
:106880005A43B2FBF1F203FB0420F5E7FAF706BE28
:10689000704708B5FAF7F6FDFBF7C7FAFFF7F8FF00
:1068A00008BD10B594B048220021044602A81DF08E
:1068B000A8FFFCF7F9FE4FF0B0439A6D42F48062F6
:1068C0009A659A6D02F480620192019A032C11D8A4
:1068D000DFE804F00219283DD3F8942042F00102C9
:1068E000C3F89420D3F894309C0703D40823029370
:1068F00001230893029B002B3AD002A8FDF700F871
:10690000002835D0FEE71A6842F480721A601B68CE
:106910005905EFD4022302934FF480724023CDE94E
:106920000623E7E7D3F8902042F00102C3F8902055
:10693000D3F890209407DDD4D3F8902022F01802E9
:10694000C3F890200423029381230593D2E71A68A9
:1069500042F400121A601A6842F480321A601B680E
:1069600099035EBF01224FF40413CDE90223C1E76E
:1069700014B010BD70474FF0B04382B01A6D42F4AE
:1069800000221A651A6D02F400220192019A9A6C93
:1069900042F480529A649B6C03F480530093009BF2
:1069A00002B070470C4BD3F8FC20D2015EBFD3F885
:1069B000FC2042F08072C3F8FC20084B00225A6091
:1069C0001A6842F001021A6000BF00BF00BF586899
:1069D000B0FA80F04009704700ED00E0001000E0E0
:1069E00008B5FFF7C8FFFFF7DDFFFAF735FDFFF742
:1069F000C1FFFAF7C5FCBDE808400148FBF71ABA29
:106A00001C000020012A02D1016000207047022AE8
:106A100005D0032AF9D0002AF7D10260F5E70B6808
:106A20000360F2E7036818470023C0E90033C0E9B8
:106A30000233704770B50024012904F101032CD101
:106A4000184DE4B2142161436E18F3683BB1043170
:106A500029440322084698470023C6E90333142338
:106A600063430022E8560F4B93F90010814201D195
:106A7000D968A9B90132102A03F11403F4D10A4AE2
:106A80000A49D2F8803051F8241023EA0103BDE806
:106A90007040C2F88030FBF781B949081C46CBE74B
:106AA00070BD00BF9803002000080058846D0208E4
:106AB0000023012803F101020AD11422DBB253435F
:106AC000054A181D1044816829B11A4413691847F2
:106AD00040081346EDE77047980300200120FBF7BC
:106AE00041BC0220FBF73EBC0420FBF73BBC082066
:106AF000FBF738BC1020FBF735BC38B50524202542
:106B0000A8B2FBF72FFC013C4FEA4505F8D138BD90
:106B100038B506244FF48065A8B2FBF723FC013C8E
:106B20004FEA4505F8D138BD2DE9F04116468CB045
:106B30000A460024012A04F1010543D1E4B26200AF
:106B4000CDE90713C168DFF88480032393400B402D
:106B5000D34003F0030303AD099307A902230A936B
:106B6000FBF74CFB1423314628465C43FFF7F3FB4D
:106B700095E8030008EB040301AA043382E803004C
:106B800093E8030085E8030092E80300271D83E8EB
:106B900003004744059BBA68BB60069B05922846E4
:106BA000FA68FB600692FFF76AF918F90400002200
:106BB0000621FBF7B3F818F90400FBF7E1F80CB075
:106BC000BDE8F08152082C46B4E700BF98030020CE
:106BD000344A104608B5062300F8043BFFF724FFAB
:106BE000072302F118001375FFF71EFF082302F1B7
:106BF0002C0082F82830FFF717FF092302F140002C
:106C000082F83C30FFF710FF0A2302F1540082F8AB
:106C100050301621FFF708FF02F1680082F8641077
:106C2000FFF702FF02F17C0082F87810FFF7FCFE0C
:106C300002F1900082F88C10FFF7F6FE02F1A4003A
:106C400082F8A010FFF7F0FE02F1B80082F8B4104D
:106C50002921FFF7E9FE02F1CC0082F8C810FFF706
:106C6000E3FE02F1E00082F8DC10FFF7DDFE02F146
:106C7000F40082F8F010FFF7D7FE02F5847082F876
:106C80000411FFF7D1FE02F58E7082F81811FFF79C
:106C9000CBFEBDE8084002F5987082F82C11FFF792
:106CA000C3BE00BF9803002038B5054CA4F5A075FD
:106CB000143C201DFFF7E3F8AC42F9D138BD00BF0A
:106CC000D804002030B591FAA1F391FAA1F1B3FAFA
:106CD00083F3C4685B000325B1FA81F105FA03F37D
:106CE000490024EA03038A401A43C26030BD431CB2
:106CF00004D00C3151F80C3C5A1C01D100207047D3
:106D0000834201F10C01F5D101207047F8B5471C11
:106D100006460D4600D1FEE700F00F02414BC0F3DE
:106D2000031053F82240FFF7ADFB94FAA4F3B3FA33
:106D300083F3876803225B0002FA03F394FAA4F258
:106D4000B2FA82F227EA03075200032393403B433F
:106D500005F007018360032903D8DFE801F05F0332
:106D60002C61FEE7012394FAA4F2B2FA82F20668DB
:106D70005200032707FA02F226EA020694FAA4F266
:106D8000B2FA82F252009340013933430129036081
:106D900005D843682A074CBF2343A3434360C5F388
:106DA0000112012A02D0022A18BF00222146BDE8A2
:106DB000F840FFF787BFC5F306227F2A01D10223DF
:106DC000D1E7360716D5230A93FAA3F6B6FA86F664
:106DD000476A93FAA3F3B6004FF00F0CB3FA83F3AC
:106DE0000CFA06F69B0027EA060602FA03F3334381
:106DF0004362E4E794FAA4F3B3FA83F3066A9B00D0
:106E00000F2707FA03F326EA030694FAA4F3B3FA6A
:106E100083F39B009A4032430262D0E70023A2E74B
:106E20000323A0E7C46D0208431C06D170478342C8
:106E300002D18968FFF76ABF0C310B685A1CF6D182
:106E4000FEE70B685A1C01D100207047834201D134
:106E5000486870470C31F4E7431C01D0FFF7F1BFDD
:106E6000002070474B6813B94FF0FF3070478342E2
:106E700001D1086870470C31F4E708B1FFF7F2BFA1
:106E80004FF0FF30704703460868421C00D170473E
:106E9000984201D1886870470C31F5E7431C01D056
:106EA000FFF7F1BF704703468B42084604D01BB181
:106EB00000290CBF18460020704700004FF0B04377
:106EC0001A6842F061021A604FF4E0229A6061226F
:106ED0001A60064ADA6000229A6140F23F321A6272
:106EE000034B4FF000629A60704700BF000104221C
:106EF00000ED00E04FF0B04382B01A6E02431A6614
:106F00001B6E03400193019B02B070470438704729
:106F10000368124A934282B004D14FF4006002B079
:106F2000FFF7E8BFB3F1804F0CD14FF0B0439A6D3B
:106F300042F001029A659B6D03F001030193019BEE
:106F400002B07047064A934202D14FF40030E6E7A0
:106F5000044A9342F4D14FF48020E0E7002C014032
:106F600000440140004801400368134A934206D19F
:106F70004FF0B042136E23F4006313667047B3F111
:106F8000804F06D14FF0B042936D23F0010393651B
:106F900070470A4A934205D14FF0B042136E23F472
:106FA0000033EAE7064A9342E8D14FF0B042136E4D
:106FB00023F48023E1E700BF002C0140004401409E
:106FC00000480140431C10D00C4B984210D007D809
:106FD000B0F1804F0ED0A3F5C05398420CD0FEE71D
:106FE000074B9842FBD11D2070476FF00D00704792
:106FF0001C2070471B207047182070470044014038
:1070000000480140431C10D00C4B984210D007D8C8
:10701000B0F1804F0ED0A3F5C05398420CD0FEE7DC
:10702000074B9842FBD11D2070476FF00D00704751
:107030001C2070471B2070471A20704700440140F5
:107040000048014038B50446FFF762FF2068FFF7AB
:10705000B9FFD4E91312FAF761FE2068FFF7B2FF17
:10706000FAF78EFE22681046FFF7CCFF0546104661
:10707000FFF7A8FF85420BD02846D4E91312FAF790
:107080004DFE2068FFF7BEFFBDE83840FAF778BE36
:1070900038BD10B5FFF768FF04460068FFF792FFA0
:1070A000FAF77CFE2068FFF7ADFFBDE81040FAF765
:1070B00075BE0000431C10D00A4B98420BD003D879
:1070C000B0F1804F0BD0FEE7074B984203D003F599
:1070D00080639842F7D1022070470020704701205A
:1070E000704700BF002C0140004401404FF0B04207
:1070F000D2F8883023F440630343C2F888307047E5
:107100002DE9F04F89B0CDE901230446129BD0F858
:10711000A00003938B46B449FFF79EFEB349824615
:10712000D4F8A400FFF798FEB1490646D4F8A800A9
:10713000FFF792FEAF490746D4F8AC00FFF78CFE8C
:10714000AA498046D4F8A000FFF786FEA6498146EA
:10715000D4F8A400FFF780FE0546BAF1000F03D172
:10716000B9F1000F00F03A81D4F8A430013303D014
:1071700016B9002D00F03281D4F8A830013302D0C6
:10718000002F00F02B81D4F8AC30013303D0B8F1DC
:10719000000F00F0238131465046FFF784FE206047
:1071A00020B929464846FFF77EFE20603946206810
:1071B000FFF779FE41462060FFF775FE206000284A
:1071C00000F00C818C4B984240F0A1804FF0B0430E
:1071D0001A6C42F480421A641A6C22F480421A64D7
:1071E0001A6E42F480421A661B6E03F480430593C4
:1071F000059B2423A4F8B030BAF1000F00F0BA8048
:107200007949D4F8A000FFF70FFE26B17749D4F8EA
:10721000A400FFF709FE4FF00009002F00F0BC802A
:107220007349D4F8A800FFF7FFFD4FF4807AB8F156
:10723000000F06D06F49D4F8AC004AF4007AFFF78B
:10724000F3FD94F8B1206D4B94F9B000C4F83C9074
:10725000271D43F822702368C4E9013B019BE360CA
:10726000039B2361029B63610C230022C4E9063A5D
:107270000823E362226262620121FAF74FFDD4F82B
:1072800000805F4B984538D1BBF5165F384600F259
:107290008580FEF7BDFD3846002E00F09380FEF796
:1072A000A4FC002800F09A800220FFF7FAFA4FF0C1
:1072B000B043D3F890309B0700F1A6804FF0B04365
:1072C00022681B68590500F1D58022684C4B9A4210
:1072D00002D10020FFF70AFF16B9002D00F0BB8095
:1072E0003846FEF782FC002878D02268444B9A4248
:1072F00003D14FF48060FFF7F9FE16B9002D00F0BE
:10730000B380384609B0BDE8F04FFEF76EBC3D4B88
:10731000984215D14FF0B0439A6B42F400329A6311
:107320009A6B22F400329A639A6D42F400329A65A5
:107330009B6D03F400330693069B40F2251359E737
:107340002F4B98427FF458AF4FF0B043DA6B42F0C6
:107350000102DA63DA6B22F00102DA63DA6D42F0DD
:107360000102DA65DB6D03F001030793079B40F22E
:1073700026233FE7B9F1000F3FF44DAF1B49D4F886
:10738000A000FFF751FD25B11749D4F8A400FFF77D
:107390004BFD4FF4004940E7BA4648E7FEF74EFD83
:1073A0003846AEB1FEF721FCC0B14FF0B0431A68C9
:1073B0002368500589D5434562D14FF40060FFF73B
:1073C00095FE5AE0002D7FF46AAFFEF73EFC68E7B9
:1073D0003DB9FEF73AFC00287FF470AF09B0BDE874
:1073E000F08FFEF702FCF6E73C6A0208E869020843
:1073F000D0690208B869020800380140D8040020AA
:1074000000800040004400402268234B9A4203D190
:107410004FF44060FFF76AFE3846002EE1D1002DA0
:10742000DFD1FEF712FC0028D8D04FF0B04322681D
:107430001B685B057FF549AF174B9A42BDD03846B4
:10744000FEF703FC0028C9D02268134B9A4202D1F0
:107450000020FFF74BFE3846FEF7F7FB0028BDD0B3
:1074600022680D4B9A4212D0384609B0BDE8F04F61
:10747000FEF7EBBB084B9A429FD00EB9002DDED031
:107480003846FEF7B2FB00287FF41FAFA6E74FF4A3
:107490008060FFF72BFEE7E70080004010B4019CFE
:1074A00018B1019410BCFFF72BBE10BC7047000050
:1074B000094B13B55C6909492046FFF7CDFC48B17B
:1074C00007480023C0F8A0401A4600934FF4165115
:1074D000FFF716FE02B010BD9C6C02083C6A020861
:1074E0004400002008B5074B90F8B12053F8220063
:1074F000FEF728F900F02200A0F12203584258417B
:1075000008BD00BFD804002008B5074B90F8B12093
:1075100053F82200FEF716F900F02100A0F1210334
:107520005842584108BD00BFD80400202DE9F0475B
:107530002B4C06460D46F9F7B1FF94F8B130022BFB
:10754000074613D894F8B120264B53F82240A4F1F3
:1075500004084046FFF7D8FFD0BB4FF47A73AAB2B5
:1075600031462046FEF7BAFA40B908E01E4B1F49E3
:10757000D3F814804046FFF76FFC18BB002528465F
:10758000BDE8F0875AF8233043B994F8B13001339D
:10759000DBB2022B84F8B130F4D90CE04946404606
:1075A000FFF75AFC94F8B1205AF822301B68834246
:1075B000EBD1022AC6D9FFF77BFF94F8B130022B3A
:1075C000C0D9DBE7DFF81CA0DFF820900023E0E75C
:1075D000F9F764FFC01BB0F57A7FBAD3CEE700BFDE
:1075E00044000020D80400209C6C02083C6A020879
:1075F00070B50E46054610B94FF0FF3070BDFFF76D
:1076000071FF04460028F7D12946012211F8B23F44
:10761000337095F8B100034B53F82000FEF7D4FB0C
:107620002046EBE7D804002038B50D460446C0B12B
:10763000FFF758FFA8B994F9B000C4F89850FAF7CA
:10764000ADFB94F8B100074B04F1B20153F82000F0
:107650000122FEF7B9FB94F9B000BDE83840FAF713
:107660008FBB38BDD804002038B515460446C8B1D4
:10767000C0F89C1090F9B000FAF790FBD4F8B8303D
:10768000B4F8C21094F8B10013FA81F1064BAAB213
:1076900053F82000FDF7BEFB94F9B000BDE8384078
:1076A000FAF76EBB38BD00BFD804002050B1D0F847
:1076B000A430013306D190F8B120034B53F82200D7
:1076C000FDF7F4BF704700BFD804002050B1D0F8D8
:1076D000A430013306D190F8B120034B53F82200B7
:1076E000FEF70AB8704700BFD8040020D0F89430E5
:1076F00004381847D0F898300438184710B50446B5
:1077000050F80439DA69D1070CD501221A62FFF763
:10771000E9FEB0B904F1AE0120460122BDE81040F7
:10772000FEF752BBDA69920701D50222EEE7DA6969
:10773000510701D50422E9E7DA691207E7D50822E3
:10774000E4E710BD08B52420FAF760FB024B186887
:10775000BDE80840FDF7C0BBD804002008B52520CF
:10776000FAF754FB034B586818B1BDE80840FDF721
:10777000B3BB08BDD804002008B52620FAF746FBA5
:10778000024B9868BDE80840FDF7A6BBD80400206E
:10779000012200F1AE01FEF717BB00000A490346C3
:1077A000086810B50344EFF30882934205D9074BEC
:1077B0000C221A604FF0FF3010BD054A054C121B19
:1077C0009342F4D20B60F7E70C010020483B002005
:1077D00000000120000400004FF0FF3070474FF41C
:1077E00000534B6000207047012070470020704715
:1077F00000207047FEE70000024B16221A604FF08F
:10780000FF307047483B0020012070470048704718
:1078100080EE36007047704770477047704700230E
:107820000B707047704770477047D0F8F80070478A
:1078300090F8C602003818BF0120704790F8C502C2
:10784000003818BF0120704790F87101704790F818
:1078500072314FF47A605843704790F86B0170476B
:1078600000487047A46E020800487047A46E0208E2
:1078700000487047B36E020800487047B36E0208B4
:1078800000487047BF6E020800487047BF6E02088C
:1078900080F8F010704780F8201070477030704703
:1078A000603870470388DA4392B28A4226BFC9180B
:1078B00089B24FF6FF71018070477047024600237E
:1078C000F0B5D0F84C5F02F533761846A027AB42EE
:1078D00000DBF0BD07FB03F491F800C0345DA44564
:1078E00002BF00F64C14013042F824300133EEE7B9
:1078F0001022002100F5DD501CF083BFA0F1D00064
:10790000FFF7F6BF38B500F580550446B5F81432D8
:10791000A5F8C436002100F5DB50A5F8CA161C22D4
:10792000143004F5DA541CF06CFF0C340123C5F854
:10793000704B85F8743C38BDA0F1D000FFF7E2BF72
:1079400002F64C1250F82230002B10DBD0F84C2FEE
:1079500093420CDAA02202FB030000F22E3300F265
:107960004E3053F8042B41F8042B8342F9D1704771
:107970002DE9F041054605F5005488464FF4FA61BB
:1079800017461E4603F0CAFD9DF81830079984F883
:107990002D354EF660235943C4F81C05C4F82485E0
:1079A000C4F8287584F82C6501F5FA61284603F0BF
:1079B000B5FDC4F82005BDE8F081A0F1D000FFF7C7
:1079C000D7BF000010B590F84611044621B1044B12
:1079D000594303F0A3FD0146C4F8E81010BD00BFF1
:1079E000C0D40100A0F1D000FFF7ECBF10B590F8B3
:1079F0004711044621B1044B594303F08FFD014662
:107A0000C4F8EC1010BD00BF80EE3600A0F1D0002D
:107A1000FFF7ECBF7FB50A4A034608465169049157
:107A2000D96B0391996B0291596B01911B6B009378
:107A3000D2E9032303491CF0F9FD07B05DF804FB0C
:107A4000C8300020C86E0208A0F1D000FFF7E2BFE6
:107A500010B5406E104C036886B01B68984701460D
:107A600004A810F029F99DF810309DF813200B4957
:107A700003F5FA6303939DF8113002939DF81230D9
:107A800001939DF81530009320469DF814301CF0AA
:107A9000CDFD204606B010BDE4040020296F020889
:107AA00070B5D0F848510C46284600211646F9F723
:107AB00001FBD8B921460E48F9F74AF80146284695
:107AC00019F09CFDF8F7A0FC0A4B0022F8F73CFBEC
:107AD000044630460D46F8F775FC02460B46204634
:107AE0002946F8F7E9FCF8F797FF70BD0020FCE79E
:107AF0009A99593F0000F03F02F64C1238B550F801
:107B00002240002C054616DBD0F84C2F944212DAA6
:107B1000A022544304F2EE209DF814200499284436
:107B200004F045FF2C4484F8ED02686E03681B687E
:107B30009847C4F85403002038BD2DE9F0430746A8
:107B40008DB08846914641F67C457C1941464A46AF
:107B500020461CF02CFE0146A0B92C2201A81CF0E6
:107B600050FE01A803F099FF01AE23460BAA34464C
:107B700003CC944218605960264603F10803F6D1FD
:107B800022781A702C3542F214539D42DDD10DB08B
:107B9000BDE8F083A0F1D000FFF7CFBF084603F0A7
:107BA0003BBBA0F1D000FFF7F9BF0000014810F087
:107BB000D0B900BFD8320020A0F1D000FFF7F6BF47
:107BC000D0F8D41000F590500022103008F072B8B0
:107BD000A0F1D000FFF7F4BFF0B506469FB00F4606
:107BE00072B600F5DD5410340FCC0FAD0FC50FCCBD
:107BF0000FC50FCC0FC594E8070085E8070062B6F3
:107C0000154896F8C442154B9DF865109DF8642000
:107C10000A92002C18BF0346CDE90B130DF1660341
:107C20000993189B0893179B0793169B0693159B24
:107C30000593149B0493109B0393139B0293129B35
:107C40000193119B0093064A0F9BA02138461CF01C
:107C5000B9FC1FB0F0BD00BF0C7F02087A7F02089C
:107C6000456F0208A0F1D000FFF7B6BF1FB503466D
:107C700003F580530A4A0392D3F8AC2B0292D3F84F
:107C8000A82B0192D3F8A42B0092D3F8A03B054A6D
:107C90000846A0211CF096FC05B05DF804FB00BF6F
:107CA000F16F0208AB6F0208A0F1D000FFF7DEBF52
:107CB00007B5D0F8D43000930A46044B0449019329
:107CC000684607F0BFFC03B05DF804FB221203080E
:107CD000F96F0208A0F1D000FFF7EABF0249D0F81F
:107CE000D40010F070B900BFFF6F0208A0F1D000FF
:107CF000F4E700BFD0F8D41000F5756007F0ECBAD7
:107D0000A0F1D000F6E710B4044600F5E2500430CC
:107D100039B1024604F59050012310BC103007F031
:107D200097BD10BC10221CF06CBDA0F1D000FFF775
:107D3000EABF036810B55C6A50F8042C516A8C42A3
:107D400001D8036010BD40F80429F5E7F0B54C1EDA
:107D500004EBD474641091424FEA81050CDD50F8B5
:107D600024105E6A4F6AB74206D94151611E01EB89
:107D7000D17521466C10EEE74351F0BDF0B5541EAD
:107D800004EBD4740E4665106FF0404CA94215DB2D
:107D9000D4070ED4023A02EBD272B1EB620F08D1D3
:107DA0004C1C620000EBC40454F8044C40F8214021
:107DB000511E3246BDE8F040FFF7C8BF4C1C6400BE
:107DC00004EB0C0E50F82E7050F824E07F6ADEF8B9
:107DD00024E0BE4588BF04F1FF3450F8247040F819
:107DE00021702146D2E7F0B5541E04EBD4740E4640
:107DF00065106FF0404CA94215DBD4070ED4023A4F
:107E000002EBD272B1EB620F08D14C1C620000EBA6
:107E1000C40454F8044C40F82140511E3246BDE8D9
:107E2000F040FFF793BF4C1C640004EB0C0E50F8BD
:107E30002E7050F824E07F6ADEF824E0BE4588BF4B
:107E400004F1FF3450F8247040F821702146D2E745
:107E5000036810B55C6A50F8042C516A8C4201D852
:107E6000036010BD40F80429F5E7F0B5541E04EB9B
:107E7000D47466106FF0404C0C46B44225DBD50735
:107E80000ED4023A02EBD272B4EB620F08D1621C3C
:107E9000550000EBC20252F8042C40F824206C1E5E
:107EA000621E02EBD2725210A1424FEA840521DA1F
:107EB00050F822405E6A676AB7421BD24451541E92
:107EC00004EBD47514466A10EEE7651C6D0005EBF3
:107ED0000C0E50F82E7050F825E07F6ADEF824E092
:107EE000BE4538BF05F1FF3550F8257040F82470C5
:107EF0002C46C2E74351F0BD036810B55C6A50F8E8
:107F0000042C516A8C4201D3036010BD40F804294F
:107F1000F5E7F0B5541E04EBD47466106FF0404CD6
:107F20000C46B44227DBD5070ED4023A02EBD272DC
:107F3000B4EB620F08D1621C550000EBC20252F88C
:107F4000042C40F824206C1E621E02EBD2725210E8
:107F5000A1424FEA840524DA50F8224093F92860C0
:107F600094F92870B7421CDD4451541E04EBD475BB
:107F700014466A10ECE7651C6D0005EB0C0E50F81A
:107F80002E7050F825E097F928709EF928E0BE453C
:107F9000C8BF05F1FF3550F8257040F824702C4615
:107FA000BFE74351F0BD10B5036850F8042C93F9B6
:107FB000284092F928108C4201DC036010BD40F883
:107FC0000429F2E7F0B5541E04EBD47466106FF088
:107FD000404C0C46B44227DBD5070ED4023A02EBE4
:107FE000D272B4EB620F08D1621C550000EBC202E2
:107FF00052F8042C40F824206C1E621E02EBD27250
:108000005210A1424FEA840524DA50F8224093F935
:10801000286094F92870B7421CDA4451541E04EBCE
:10802000D47514466A10ECE7651C6D0005EB0C0E68
:1080300050F82E7050F825E097F928709EF928E046
:10804000BE45B8BF05F1FF3550F8257040F82470E3
:108050002C46BFE74351F0BD10B5036850F8042C1F
:1080600093F9284092F928108C4201DB036010BD7F
:1080700040F80429F2E78842134604D00A1A014660
:10808000981A1CF0A4BB70478842F8B504460D4608
:1080900002D00430854200D1F8BD0646236856F868
:1080A000047B93F9283097F928209A4207DA014691
:1080B00032462046FFF7DFFF27603046EAE7FFF74A
:1080C000CBFFFAE78842F8B504460D4602D00430EB
:1080D000854200D1F8BD0646236856F8047B93F923
:1080E000283097F928209A4207DD0146324620467B
:1080F000FFF7C1FF27603046EAE7FFF754FFFAE7D2
:108100008842F8B504460D4602D00430854200D1BD
:10811000F8BD0646236856F8047B5B6A7A6A9A4281
:1081200007D2014632462046FFF7A5FF27603046BA
:10813000ECE7FFF7E1FEFAE78842F8B504460D46A2
:1081400002D00430854200D1F8BD0646236856F8B7
:10815000047B5B6A7A6A9A4207D901463246204616
:10816000FFF789FF27603046ECE7FFF771FEFAE77B
:108170008842F8B504460D4602D00430854200D14D
:10818000F8BD0646236856F8047B5B6A7A6A9A4211
:1081900007D9014632462046FFF76DFF276030467B
:1081A000ECE7FFF7C6FDFAE78B889A0903F03F0377
:1081B00070B502FB033304464A88806D52FA83F19E
:1081C000036802319B6898470546F8F773FDD4F8B9
:1081D0004C11F8F7C7FDF8F7C7FF00EB8000421C11
:1081E0000021A06E04F03EFCD4F84C210346294641
:1081F0002046BDE8704003F035BE00F003000238B1
:1082000001288CBF00200120704780F00200C0F3DD
:10821000400070478B889A0903F03F0310B502FBBA
:10822000033304464A88806D52FA83F103680231B1
:108230009B689847F8F73EFDD4F86011F8F792FD77
:10824000F8F792FF00EB8000421C0021A06EBDE811
:10825000104004F007BC2DE9F84F04460D461746C0
:10826000994600F10408291B40291CDD4FEAA10AA8
:10827000DFB9AAF10206761054F82630524631468C
:108280002046FFF77BFD5EB1013EF5E755F8043D62
:1082900022682A602A1B921000212046FFF76EFDFB
:1082A0002B1B042BF2DCBDE8F88FC910D4F804A016
:1082B00054F82100DAF824B0D0F824E055F804CCC2
:1082C0002368DCF82420F34546462AD9964521D96F
:1082D000206044F821302B462268D2F824E0314651
:1082E0000868426A72450E4601F10401F8D8191F68
:1082F0000B4651F80429D2F824C0E645F8D89E422E
:1083000017D3013F29464B463A463046FFF7A3FFB5
:108310003546A8E7934506D9C4F800C045F8043CA3
:10832000D9E7934502D9C4E900A3D4E79645CFD94C
:10833000F2E746F8042B1860CEE72DE9F84F044623
:108340000D461746994600F10408291B402919DDFE
:108350008E10CFB9B11E491054F821303246204654
:10836000FFF783FD59B10139F6E755F8043D22685E
:108370002A602A1B921000212046FFF776FD2B1B56
:10838000042BF2DCBDE8F88FC910D4F804A054F82F
:108390002100DAF824B0D0F824E055F804CC2368A2
:1083A000DCF82420F34546462AD2964521D22060A7
:1083B00044F821302B462268D2F824E03146086880
:1083C000426A72450E4601F10401F8D3191F0B46AB
:1083D00051F80429D2F824C0E645F8D39E4217D3B9
:1083E000013F29464B463A463046FFF7A6FF354641
:1083F000ABE7934506D2C4F800C045F8043CD9E782
:10840000934502D2C4E900A3D4E79645CFD2F2E760
:1084100046F8042B1860CEE72DE9F84F04460D46C8
:108420001746994600F10408291B402919DD8E10D2
:10843000CFB9B11E491054F8213032462046FFF71B
:1084400068FD59B10139F6E755F8043D22682A6004
:108450002A1B921000212046FFF75BFD2B1B042BEB
:10846000F2DCBDE8F88FC910D4F804A054F821005C
:108470009AF928B090F928E055F804CC23689CF9C3
:108480002820F34546462BDD964522DD206044F842
:1084900021302B46226892F928C03246116891F9A2
:1084A00028006045164602F10402F7DC1A1F134645
:1084B00052F8040990F928E0E645F8DB9E4217D30C
:1084C000013F29464B463A463046FFF7A5FF354661
:1084D000AAE7934506DDC4F800C045F8043CD8E798
:1084E000934502DDC4E900A3D3E79645CEDDF2E76C
:1084F00046F8040B1960CDE72DE9F84F04460D4608
:108500001746994600F10408291B402919DD8E10F1
:10851000CFB9B11E491054F8213032462046FFF73A
:1085200051FD59B10139F6E755F8043D22682A603A
:108530002A1B921000212046FFF744FD2B1B042B21
:10854000F2DCBDE8F88FC910D4F804A054F821007B
:108550009AF928B090F928E055F804CC23689CF9E2
:108560002820F34546462BDA964522DA206044F867
:1085700021302B46226892F928C03246116891F9C1
:1085800028006045164602F10402F7DB1A1F134665
:1085900052F8040990F928E0E645F8DC9E4217D32A
:1085A000013F29464B463A463046FFF7A5FF354680
:1085B000AAE7934506DAC4F800C045F8043CD8E7BA
:1085C000934502DAC4E900A3D3E79645CEDAF2E791
:1085D00046F8040B1960CDE72DE9F84F04460D4627
:1085E0001746994600F10408291B40291CDD4FEA73
:1085F000A10ADFB9AAF10206761054F826305246D5
:1086000031462046FFF7EFFB5EB1013EF5E755F836
:10861000043D22682A602A1B921000212046FFF7A1
:10862000E2FB2B1B042BF2DCBDE8F88FC910D4F859
:1086300004A054F82100DAF824B0D0F824E055F86A
:1086400004CC2368DCF82420F34546462AD9964515
:1086500021D9206044F821302B462268D2F824E04A
:1086600031460868426A72450E4601F10401F8D8A5
:10867000191F0B4651F80429D2F824C0E645F8D852
:108680009E4217D3013F29464B463A463046FFF7F4
:10869000A3FF3546A8E7934506D9C4F800C045F8BE
:1086A000043CD9E7934502D9C4E900A3D4E7964531
:1086B000CFD9F2E746F8042B1860CEE72DE9F04F4A
:1086C00000F5E35300F51452BBB081460F461C334E
:1086D00014320025596A31B13AA901EB85010135FF
:1086E00041F8C83C2DB22C339342F3D108AE06EBCF
:1086F0008508B0454FEA850414D0A210B2FA82F280
:10870000C2F11F024FF00003520041463046FFF70E
:1087100063FF402C23DD18A93046FFF729FD18AC74
:10872000A04517D1DFF88CB03C464FF000084FF061
:108730000A0A454502DDE31B852B15DDBC4204D149
:1087400020461D491CF095F90634002323703BB0E8
:10875000BDE8F08F2046FFF7ECFA0434E0E741462D
:108760003046FFF705FDDDE756F82810B8F1000F99
:1087700001D004F801AB042205A8039104F084F9A8
:10878000D9F8640003681B68984703994B6A91F90C
:1087900028200092C31A05AA594620461BF046FF1E
:1087A00023461C4613F8012B002AFAD108F10108D0
:1087B000BFE700BF0B70020814700208A0F1D000E0
:1087C000FFF77CBF036810B51B68044698476368D1
:1087D000834228BF581C606010BD406803681B6F4F
:1087E0001847406803685B6F184700002DE9F043A5
:1087F0000346806DDFF85880D3E90495036885B09F
:108800001B6A0E46984704464046FFF7E6FF0746B8
:108810004046FFF7E6FF80463846F8F77FFC07B290
:1088200040464FF47A73B5FBF3F5B9FBF3F30395C8
:108830000293F7F7E9FD24B2CDE900013B46054973
:10884000224630461BF0F2FE05B0BDE8F08300BFC3
:10885000C83000201B700208A0F1D000FFF7C6BF8F
:1088600038B50C2017F088FF08250024C32017F026
:10887000A1FF013D0444F9D12046F7F7A3FD0EA363
:10888000D3E90023F7F718FE0D4B0022F7F714FE8B
:108890000C4B0022F7F710FE00224FF07F53F7F742
:1088A0000BFE094B0022F7F707FEF8F7DDF880B260
:1088B00038BD00BFAFF30080AE47E17A14AEFB3F96
:1088C0000000144000408F400000303F2DE9F3418C
:1088D000C66D476DB0F860800D480C46FFF7C0FFCD
:1088E000336805461B68304698473B6806465B6917
:1088F000384698470749CDE900802A4620464FF47C
:108900007A73B6FBF3F31BF091FE02B0BDE8F08181
:10891000A83200206F700208A0F1D000FFF7D6BF88
:10892000D0E9003213448B4209D9438901339BB209
:1089300043810089984234BF002001207047012301
:1089400001604381184670472DE9F84F00F5E35563
:108950001C3500F5145A07460C46914698462E469B
:108960000AF1140A4FF0FF3B2022314620461BF04B
:108970001EFF30B3736A5B4538BF354606F12C06DF
:1089800038BF9B465645EFD12B4604F120022068A4
:1089900061681E4603C6083494423346F7D1786EA8
:1089A000C5F8209003681B6898474FF081416862C2
:1089B0004046F8F7D7F9F8F7B1FB85F82800BDE88D
:1089C000F88F3546E0E7F0B51F468B888DB0054639
:1089D0000C4616463BBB0A78092302F00302D3403B
:1089E000DB0703D5CB880BB90B89E3B19DF84C208D
:1089F0001299684604F0E5F99DF801309BB19DF8A5
:108A0000003003F00F03022B0DD194F90201F8F7A7
:108A100055F94FF07A51F8F7A5F93A460346314631
:108A20002846FFF791FF0DB0F0BD0000F0B591F8BA
:108A30004A3003F0F002802A8BB005460C4621D163
:108A40004B88052B1CD990F84531CBB9504E4FF4CB
:108A50007A72D6E904010023F8F7F6FBB168014405
:108A600005F5E2501430FFF75BFF48B1618894F8D8
:108A70004B30E26C092903F004034ED8002B53D18C
:108A80000BB0F0BD902AFBD14A88052AF8D903F033
:108A90000F03022BF4D1252AF2D900F58056D6F81F
:108AA0006C3C002B6FD0D6F8701C02F02BFD002818
:108AB00069D1E36CD6F86C2C9A42E1D16A4604F194
:108AC000500304F1700C174618685968164603C61F
:108AD000083363453246F7D1202205F1700138464C
:108AE0001BF065FE0028CBD094F90201284EF8F760
:108AF000E5F84FF07A51F8F735F94FF47A720446F9
:108B00000023D6E90401F8F79FFBB268234602442C
:108B100039462846FFF718FFB2E7216D002BAFD08A
:108B2000D5F898318B42ABD3922194F84A308DF826
:108B3000001094F802118DF80110CDF8022003F016
:108B4000010305F170020DF1060105F1900052F8E4
:108B5000044B41F8044B8242F9D1002B0CBF262272
:108B60000E226946284603F07FFB0446002887D082
:108B70002B6801461B6D28469847214682002846EF
:108B800003F0D6FE7CE70023C6F86C3C78E700BF14
:108B9000A83000202DE9F8430546C06D036805F5AF
:108BA00080541B689847D4F8403C06460BB9C4F87B
:108BB000400C43F6972743F698284FF01409D4F851
:108BC000403CF21ABA4201D8BDE8F8834344C4F8E5
:108BD000403C94F83C3C013303F0030384F83C3CF4
:108BE00009FB035303F5DF50142200210C301BF066
:108BF00008FEE4E741F6943270B583180025044678
:108C0000855004F5805600F5DF505D609D60502270
:108C100029460C301BF0F5FD86F83C5CE06D0368DE
:108C20001B689847C6F8400C70BD10B5044672B674
:108C3000FFF7E0FF62B6E26E0023C4E91033C2F82A
:108C40001035C2F80C3510BDA0F1D000FFF7EDBF14
:108C500010B5044600F5DD503C22002110301BF019
:108C6000D0FD04F5DE500349BDE8104012221A3051
:108C700007F064BAAD7002080D4A002310B5C2E9CE
:108C80000433D360C26EA0F86030C0E90E33C0E98F
:108C90000C33C0E910330446C2F81035C2F80C3565
:108CA00072B6FFF7A7FF2046FFF7D2FF62B610BDEE
:108CB000C8300020A0F1D000FFF7DEBF08B572B6C3
:108CC000FFF7C6FF62B608BDA0F1D000FFF7F6BF00
:108CD00010B5044672B6FFF75DFF04F58053142209
:108CE00093F83C3C02FB034000F5DF5001211030BB
:108CF000FEF7D8FD62B610BD10B5044672B6FFF798
:108D000049FF04F58053142293F83C3C02FB0340D6
:108D100000F5DF5001210E30FEF7C4FD62B610BD34
:108D200008B503460878FFF770FA48B118461AB13B
:108D3000BDE80840FFF7E0BFBDE80840FFF7C8BF47
:108D400008BD10B5044672B6FFF724FF04F5805342
:108D5000142293F83C3C02FB034000F5DF50012154
:108D60001230FEF79FFD62B610BD38B504460D46C1
:108D700072B6FFF70FFF04F58053142293F83C3CC2
:108D800002FB034441F6F432A3582B44A35062B6CD
:108D900038BDFFF7EABF38B504460D4672B6FFF797
:108DA000F9FE04F58053142293F83C3C02FB034483
:108DB00041F6F832A3582B44A35062B638BDFFF7F2
:108DC000EABF00002DE9F04106460D4690461F46D9
:108DD00072B600F580542A49D4F8BC3B0133C4F87C
:108DE000BC3B2846F8F74AFA90B9D4F8C03B0133A7
:108DF000C4F8C03B06F5DE5084F8D88B84F8D97BE4
:108E0000122229461A3007F099F962B6BDE8F081BE
:108E10001C492846F8F732FA28B9D4F8C43B013384
:108E2000C4F8C43BE6E718492846F8F727FA28B9FA
:108E3000D4F8C83B0133C4F8C83BDBE713492846E4
:108E4000F8F71CFA28B9D4F8CC3B0133C4F8CC3B72
:108E5000D0E70F492846F8F711FA28B9D4F8D03BE3
:108E60000133C4F8D03BC5E70A492846F8F706FAAB
:108E70000028BFD1D4F8D43B0133C4F8D43BB9E7C0
:108E8000B2700208C1700208BB7F0208C7700208F6
:108E9000D2700208DF70020810B50022134600F5F8
:108EA000E55040F2262150F822400CB101339BB22C
:108EB0000B328A42F7D1184610BD2DE9F0470C4617
:108EC00006461422002120461BF09BFC72B6304659
:108ED000FFF760FE06F5DF5506F5E1570E351E3744
:108EE00004F1020A04F1040904F106082988504635
:108EF000FEF7D8FC69884846FEF7D4FCA9884046AE
:108F0000FEF7D0FCD5F80620A3681344A360D5F87B
:108F10000A20E36814351344BD42E360E6D162B62B
:108F20003046FFF7B9FF6288A38820809B1823D1C1
:108F300017282FD80B282FD803282FD8182B94BFE9
:108F400000230123D4E902210A4444F61F618A4226
:108F50006374E38824D85F2B22D8B2F5FA5F21D25C
:108F60001F2B1FD8B2F5FA6F1ED2072B94BF002318
:108F700001232374BDE8F0876421172801FB02F266
:108F8000B2FBF3F2D3B205D8452B03D80B2803D894
:108F9000312BD0E70323D5E70223D3E70123D1E721
:108FA0000323E6E70223E4E70123E2E770B5044682
:108FB00096B00D4611A9C66EFFF77FFF94F82122E7
:108FC0000F9294F820220E929DF855200D929DF854
:108FD00054200C92149A0B92139A0A92D6F80C25EC
:108FE0000992D6F810250892BDF84A200792BDF8DC
:108FF00046200692BDF848200592BDF84420049210
:10900000626C0392226C029204F58053A021D3F883
:109010009C2B0192D3F8982B0092D3F8943B034AEF
:1090200028461BF0CFFA16B070BD00BFE9700208E9
:10903000A0F1D000FFF7BABF2DE9F04F95B08B46F5
:109040000FA98046FFF739FF4F4ABDF840605369CA
:10905000D5685D191FBF64225343B3FBF5F3DDB23E
:10906000BDF83E30F6181FBF64225343B3FBF6F33E
:10907000DEB272B608F58053D3F8BC3B0B9362B6F0
:1090800098F845919DF84CC09DF84D0098F8C41291
:10909000B9F1000F0CBF64243C246FF0090303FBFB
:1090A0000C44092D6FF0040303FB004453D931B184
:1090B000143C002C56DB4F2C03DD344F0CE0173CE6
:1090C00050D45FFA84FEBEF13B0F4ED8304F314B87
:1090D000BEF1270F98BF1F462F4A304BB9F1000F42
:1090E00018BF1A46BCF1020F0A9240D842D02C4A4F
:1090F0002C4BBCF1010F0CBF9146994602283CD87D
:109100003ED0274A274B01280CBF92469A46264854
:10911000224B002918BF034698F86811D8F840017F
:109120000D930C9107F024F80D9B07930B9B0C9962
:109130000990CDE905630A9B0891CDE90043CDE98B
:10914000039A1A4A02953B46A02158461BF03AFA68
:1091500015B0BDE8F08F022D88BF083C0029A8D1CA
:10916000033CA6E70B4F0024B6E7114FB4E7DFF846
:109170004490C3E7DFF84090C0E7DFF838A0C6E7C7
:10918000DFF834A0C3E700BFC830002047710208F1
:109190005571020851710208FC8402087A7F0208A6
:1091A000627102085F7102080C7F02086671020892
:1091B0004C7102085A7102088A7F0208A0F1D0009F
:1091C000FFF73ABF2DE9F047089E9DF824809946A5
:1091D000337804468A461746BBB304F59871304687
:1091E000F8F74CF800285FD103260022514604F519
:1091F000327003F0C1FED0F884304B4505465BD297
:10920000C0F88490606E03681B68984795F820301A
:10921000C5F8880023F00303334385F820303A462D
:1092200005F1620307F1200152F8040B43F8040B27
:109230008A42F9D18EB141F28831204602F06EF9AE
:1092400004F58053C3F8780C07E0202200F5327053
:1092500003F078FE05460028BFD0B8F1000F02D019
:10926000FF2385F82130606EFFF7ACFA0023C4F8C5
:10927000F00FA4F8F43F95F82030A06E03F003033C
:10928000DA1E5342534184F8F63F95F8203084F8B3
:10929000F73F036804221B6804F6F871984702231D
:1092A00084F8FC3F0D2008E0304604F5A871F7F77C
:1092B000E5FF0646002898D00020BDE8F0870000B2
:1092C000F7B51E4F04461646D7E904011D464FF474
:1092D0007A720023F7F7B8FFB968014404F5E35048
:1092E000FFF71EFB40B32A7804F58050294602F0B0
:1092F0003F0280F8E82011F8013B9B09013380F818
:10930000E93004F585505A4308301BF0BAFB606E13
:10931000C4F8F06F03681B6898470023C4F8F40F83
:1093200004F590500093AC22012304F6F87110303C
:1093300006F068FC0830C0B203B0F0BDA8300020D1
:10934000F8B51F4F04461646D7E904011D464FF4F1
:109350007A720023F7F778FFB968014404F5E35007
:10936000FFF7DEFA50B32A7804F58050294602F060
:109370003F0280F8E82011F8013B9B09013380F897
:10938000E93004F585505A4308301BF07AFB606ED3
:10939000C4F8F06F03681B68984704F6F87509492C
:1093A000C4F8F40F04F5D07304F1FC0228461BF056
:1093B0003DF92846F7F76CFF0830C0B2F8BD00BF92
:1093C000A83000207C730208F8B51C4F04461646EE
:1093D000D7E904011D464FF47A720023F7F734FFF2
:1093E000B968014404F5E350FFF79AFA28B32A78E4
:1093F00004F58050294602F03F0280F8E82011F879
:10940000013B9B09013380F8E93004F585505A434C
:1094100008301BF036FB606EC4F8F06F03681B6801
:109420009847002384F8F83F94F84531C4F8F40FC6
:1094300013B1802384F8F83F0920F8BDA83000203C
:1094400010B588B004466A46022100F5756004F044
:109450001BFA6A46034604F17001204602F072FDD1
:1094600008B010BD10B5D1F8D410044601230EF099
:1094700094FD204610BD00002DE9F04FCFB0054609
:109480000C46164601462D4A06A89946FFF7EAFF04
:1094900006A80EF0EAFE002847D02B68284FDB69AB
:1094A00028469847014606A816F03AFE2078254B34
:1094B000C0F3830AFEF7A1FE002818BF1F46A86D5F
:1094C000B4F802B003689B6B98478046A86D0368A8
:1094D0005B6B98471C4905464846F7F743FCF7F78E
:1094E0001DFE04902846F7F719FE03904046F7F753
:1094F00015FE5346CDE901B032461449009706A83F
:1095000016F03BFE227840F20713C2F38302D340E9
:10951000DB070DD594F84A3094F84B200C4906A887
:1095200016F02BFE06A80EF058FE4FB0BDE8F08FE7
:10953000084906A816F021FEF4E700BFFF6F0208F5
:1095400078160308D271020800007A44D471020828
:109550001D7202082112030810B490F8F04014B1F3
:1095600010BCFFF789BF10BC7047000070B5CAB0CF
:1095700005460C46164601461D4A02A8FFF772FF33
:1095800002A80EF072FE60B32B682846DB6998478C
:10959000014602A816F0C4FD20781649164AC0F309
:1095A0008303FEF72AFE002818BF0A46618802A836
:1095B000CDE900213246114916F0DFFD227840F254
:1095C0000713C2F38302D340DB070CD594F84A306B
:1095D00094F84B200A4902A816F0CFFD02A80EF01D
:1095E000FCFD4AB070BD074902A816F0C6FDF5E7BC
:1095F000FF6F0208D2710208781603082E72020863
:109600001D7202082112030890F8F0300BB1FFF729
:10961000ADBF704770B5CAB004460D461646014648
:10962000134A02A8FFF71EFF02A80EF01EFEE0B1CB
:1096300023682046DB699847014602A816F070FDB2
:1096400028780C490C4AC0F38303FEF7D6FD0028A6
:1096500018BF0A46698802A8CDE9002107493246A9
:1096600016F08BFD02A80EF0B8FD4AB070BD00BF29
:10967000FF6F0208D2710208781603085F720208B1
:1096800090F8F0300BB1FFF7C5BF70472DE9F843F4
:109690008C88A309013390465FFA83F904F03F04F4
:1096A00001F10A05002600F170073CB918F809001D
:1096B000B0428CBF00200120BDE8F8834A463946FD
:1096C00028461BF074F808B90136F6B2013CE4B242
:1096D0004D44EAE72DE9F8430B7804461846FEF7B7
:1096E00094FD0E4694F8455180B1C3F38303042BD7
:1096F00003D07DB10020BDE8F88304F5805775B331
:10970000D7F89C3B0133C7F89C3BF3E7002DF1D120
:109710000120F0E78B8894F8702103F03F039A4210
:10972000E8D904F58053D3F8903B002BE2D094F8AD
:109730001A32002B69D194F82022FF2AE8D0002A9F
:109740003ED01D46A06E4FF48072002103F08AF9CE
:1097500094F82032984270D2002DD9D039E0888810
:1097600094F8703100F03F008342C9D9D7F8903B9C
:10977000002BC5D0D4F81C5200B10138F6F732FEE8
:10978000804689462846F6F73FFE4B46424617F08C
:10979000C7FEF7F789F942F2107280460021A06EE9
:1097A00003F060F9274905464046F7F7DBFAF7F77B
:1097B000DBFC854208D3D7F89C3B0133C7F89C3BC0
:1097C0002046FFF7BEFA95E73078FEF71EFD054606
:1097D00038B904F58054D4F8983B0133C4F8983B69
:1097E00096E794F81A3283B994F82032FF2BF0D020
:1097F000002BA7D12046FFF7A4FA04F58054D4F833
:109800009C3B0133C4F89C3B74E7012B0DD00E4AFE
:109810000E49022B08BF0A4631462046FFF736FFA5
:1098200028B1002D3FF466AFE7E7094AF4E794F862
:109830002032FF2B90D0002B84D12046FFF781FAF5
:10984000EFE700BF00401C4610010020140100207B
:10985000180100202DE9F0410B78B8B004461846F5
:10986000FEF7D3FC0E46074678B3C3F38303052BFC
:109870002BD14B88032B28D9444A1023012102A85D
:1098800003F07CF996F84A209DF808309A421CD1E2
:1098900072B604F58055D5F8B03B0133C5F8B03B3E
:1098A00062B694F8C43283B17388384806F14B022B
:1098B000013B09A903F017FA061E0BDC72B6D5F8B6
:1098C000B43B0133C5F8B43B62B60027384638B024
:1098D000BDE8F081042E06DC00232D491A462046FF
:1098E000FFF770FAF2E79DF828309B0803D00023B9
:1098F00028491A46F3E706F1E0026A44606EDDF893
:10990000248002F8BC3C03681B68984703AA0346FE
:10991000711F00920DF12900424606F059FD0646DE
:10992000606E03681B689847049A22B39DF8212053
:1099300032B3B8F1000F25D0174A904205D900F58F
:10994000283303F5407343451CD3362E1CD972B619
:10995000D5F8B83B114985F8D86B0133C5F8B83B49
:1099600004F5DE509DF8203085F8D93B12221A30DC
:1099700006F0E4FBA8E70A499DF820303246AEE73E
:109980000849F9E70849F7E70849F5E72C7502089F
:10999000C1700208BB7F0208FFE00B5E97720208ED
:1099A000C7700208D2700208DF700208B2700208A5
:1099B000F8B50B78044618460E46FEF726FC50B163
:1099C000C3F38303042B01BF04F58052D2F8943B08
:1099D0000133C2F8943B31462046FFF73BFF054672
:1099E00020B12046FFF7ADF92846F8BD337813F0D3
:1099F000030204F580570BD104F590500122314643
:109A0000103005F04BFFC7F8900BEDE72846FAE75A
:109A1000012AFBD1C3F38303053B012B03D897F83D
:109A2000A036DB07F2D404F5B4501C30EBE730B5B8
:109A300085B004464FF49063806EADF8043003683F
:109A4000042204F580551B680DF106019847DDF8E6
:109A50000630C5F86C3C4EF66021204601F05EFDF4
:109A600001A9C5F8700C0A2200252046CDF80A503D
:109A700002F0FAFB014618B12A46204602F058FFD0
:109A800005B030BD2DE9F047044640201E4615467E
:109A9000DDF824800F46FCF7E2FC2021814606F029
:109AA0005BFA904B23603368E665C4E915950025A1
:109AB000C4E904551B68656030469847012384F863
:109AC0002C30894B2365894B2360089BA3660A9B36
:109AD000A4F86050C4E90605C4E90955C4E9105565
:109AE000C4E912552562E366C4F8648004F170008D
:109AF00001F0E2FF7E4B236004F5337903F58A73AE
:109B0000C4F8D03004F532764D4604F64C7A284637
:109B1000A03501F0C2FF5545F9D14FF4486200214C
:109B200048461AF06EFEC4F85C7FC4F8686F04F112
:109B3000D00304F5805604F5905004F587570025AE
:109B4000C4F8583F0C376B4BC4F8603F103004F139
:109B5000F809C4F84C5FC4F8508F3946C4F8549FD4
:109B6000C4F8640FC6F80C5205F0C0FD394604F580
:109B7000B65005F0BBFD04F5E3577823C6F8545CF6
:109B8000C6F8583CC6F8605C0423B4221C3704F5C0
:109B90001455C6F85C3CC6F8642CC6F8683CB84658
:109BA0001435404608F12C0801F077FF4545F8D1FF
:109BB000B42128460EF0CBF800220023C4E9382354
:109BC00004F500530025C4E93A55C4F8D85020469E
:109BD000C6F8785CC3F82055C3F81C5584F8F050DB
:109BE00086F8745CFFF706F82046FFF731F8204648
:109BF000FDF77EFE294640F6980238461AF001FE2F
:109C000029464FF4E87248461AF0FBFD4FF07E53A8
:109C1000C4F8F8304FF07C53C4F84C31364BC4F8DC
:109C2000603104F1FC003549202206F087FA002358
:109C30000022C4E94823C4E94A2304F59870304956
:109C4000102206F07BFA2F4AC4F81C22FF22A4F847
:109C5000202240F20112A4F8C4222B4B2B4AC4F854
:109C60004031C4F86C214FF4A1634FF4A072A4F802
:109C70006831A4F8702116234FF4FA7284F8443145
:109C8000A4F8742101234FF4E132A4F8463184F89A
:109C9000C63284F87331C4F8782184F87C3104F238
:109CA0007D101B4984F88D5184F87651102206F0FE
:109CB00045FA022384F8943104F5E250002384F835
:109CC0008E51C4F89051C4F89C311022C6F86C5CD7
:109CD000C6F8705C294604301AF093FD2046BDE8B2
:109CE000F08700BF5878020880EE3600007902083D
:109CF0008C730208483000209A99993E9F7202089E
:109D0000E57E02082DB29D3E8D67594400007A42DF
:109D1000B472020870B504460D4602F005F82946F3
:109D2000C4F8D45004F5756004F5905505F03AFC7C
:109D30001035D4F8D41004F1700204F5327003F039
:109D400077F8D4F8D4100022284605F0F7FC38B98B
:109D500004F58053B3F81A3213B9284606F024F8F4
:109D6000284605F0A6FE014630B104F5E252012373
:109D70000432284605F06CFD94F8693194F86821A6
:109D8000D4F86C11D4F8400101F02CFA94F9440194
:109D900001F042FA23682046D3F8AC309847236894
:109DA0002046D3F8B030BDE8704018472DE9F043A5
:109DB00085B0054608469DF83090884614461E46F4
:109DC00006F0F6F8074640B14B4632462146284693
:109DD00005B0BDE8F04302F05CBA2146404606F00B
:109DE00033F9CDF80090ADF80C00334603AA2146B4
:109DF0002846ADF80E7002F079FA05B0BDE8F083A0
:109E0000F0B51F4600F580530D46D3F8901B87B080
:109E10000446164689B10B887BB100F590500123AA
:109E200002AA103005F014FD00280FDC3B46324634
:109E30002946204602F02DFA0FE03B4632462946DD
:109E4000204607B0BDE8F04002F023BA0097334641
:109E50002A4602A92046FFF7A9FF07B0F0BD2DE969
:109E6000F0430E460978C1F3830185B00729044603
:109E70001F469046DDE90C3057D1002504F5805986
:109E800019681D54FF2089F8E8001879451E1E2D19
:109E90002FD93078FEF7B9F90433019000932046AA
:109EA0000B463946FFF78EF9054600283DD030783D
:109EB000FEF7ABF904F57F63002845D0CDE9023504
:109EC0000123019333790093424606F10A03394690
:109ED000204602F0DDF8014638B3B3889B09013310
:109EE000DBB24FF49672204605B0BDE8F043FFF7B1
:109EF00087BF01280AD13078FEF77FF9A8B10A465A
:109F0000053339462046FFF7DBF9CDE702280AD1B1
:109F10003078FEF772F940B10A46053339462046DB
:109F2000FFF70EFAC0E7032802D005B0BDE8F083C2
:109F30003078FEF762F90028F7D00A460533394633
:109F40002046FFF741FAAFE799F9E820002ACDE96A
:109F500000353A4643464FF00101204602DA02F04E
:109F6000ABF8B8E702F0A8F899F8E92099F9E830D9
:109F700001460028D9D0013A03F03F0343EA821397
:109F80004FF496720C9204F58552DBB208322046EB
:109F900005B0BDE8F04302F0DAB973B50D460446EA
:109FA0001646FFF74DFA014668B176B194F81902EA
:109FB0000130C0B20A4604F5E25100902B4604314C
:109FC0002046FFF7F3FE02B070BD2A46204602B0DD
:109FD000BDE8704002F0ACBCA0F1D000FFF7DDBFDF
:109FE0002DE9F04700F580571E4697F8743C8AB07B
:109FF0000546884614464BBB144612F8013B202BFD
:10A00000FAD02046F7F744F9042808D9A3787C2B26
:10A0100005D123883380A378B370033403367A499B
:10A02000082220461AF0C3FB8146002840F0A28097
:10A030000834202120461AF0ECFB00286DD173492A
:10A0400030460AB0BDE8F0471AF013BD104606F0DE
:10A0500084F8F8B923469846994613F8012B202A2C
:10A06000F9D0A8EB04044F4619F8010B05F052FB98
:10A070000028F8D13B780BB138704F46B94617F835
:10A08000013BDBB9631E062B1BD9002333700AB0DA
:10A09000BDE8F08705F5B6514FF4966207F50470F8
:10A0A0001AF0EFFCB7F81A2259490023304687F816
:10A0B000743C0AB0BDE8F0471AF0B8BA462BDDD1BF
:10A0C000E0E798F80030002BDFD005EB840404F5BE
:10A0D0008054D4F86C7B002FD7D005F590504146C2
:10A0E000103005F00BFC05F5B6553A88074660B10F
:10A0F00003884146284605F031FC0028C5D037B119
:10A100003B790371C4F8700BBFE70346F1E799F898
:10A110000030463B18BF0123F3E7824622460AF887
:10A12000019BAAEB0403402BA8BF402303EBD3738E
:10A130004FEA6308414602A802F0DEFCC0B1504677
:10A1400019F00EF9C0B20090434602AA05F1700161
:10A1500005F5327002F060FF40B141F288312846C7
:10A1600001F0DCF92B49C7F8780C69E72A4967E761
:10A170002A4965E7B8F1000F29D129492046F7F7A8
:10A180007DF8074618BB27492748DFF8A090DFF87D
:10A190009880DFF89CA015F0DDFF05F53374D5F845
:10A1A0004C3F9F42BFF671AF94F8202062B1494600
:10A1B000404615F0E2FF21464046202202F07EFC98
:10A1C0005146404615F0D9FF0137A034E7E7194959
:10A1D000122220461AF0EBFA60B9113414F8013F4C
:10A1E000202BFBD00BB114492AE72846FFF71FFCB0
:10A1F000124925E733462246414605F575600AB007
:10A20000BDE8F04704F054BCD5720208DE720208C3
:10A21000BE720208EF720208F272020807730208A7
:10A2200018730208207302087C3700202573020887
:10A23000211203082B7302083E730208667302089A
:10A2400037B5044601F072FDD4F8EC10002961D056
:10A25000204601F057F900285CD02046FFF7F0F8BF
:10A26000024600286AD123682046D3F8B0309847C8
:10A2700023682046D3F8AC30984704F50055D5F84C
:10A280001C1581B1204601F03DF960B10023C5F8ED
:10A290001C3595F82C2595F82D35D5F82815D5F8C9
:10A2A000240500F09FFFD5F8201581B1204601F06C
:10A2B00029F960B10023C5F8203594F8693194F884
:10A2C0006821D4F86C11D4F8400100F08BFF04F53C
:10A2D0008055D5F8781C69B1204601F013F948B1D2
:10A2E000D4F8D410002204F5327002F0E3FE00230B
:10A2F000C5F8783C16F0BEFBD4E93831D4F8D82044
:10A30000C4F8D800821A9B1841F10001C4E9383121
:10A3100003B030BDD4F8E8100029AED0204601F0DB
:10A32000F1F80028A9D02046FFF78AF80146002856
:10A330009ED00022204602F0FBFA99E794F81932E9
:10A340000133DBB204F5E2510093043100232046CF
:10A35000FFF72CFD87E700207047406D08B50368C4
:10A360005B6998470028D4BF0020012008BD00F594
:10A370008050D0F8A03B0133C0F8A03B704700F5F7
:10A380008050D0F8A43B0133C0F8A43B704700F5DF
:10A390008050D0F8A83B0133C0F8A83B70470000BC
:10A3A000054B1B79012B01BF00F58050D0F8AC3B69
:10A3B0000133C0F8AC3B7047A83200202DE9F04FC4
:10A3C000C0F8F02F1A78012ADBB004460D4661D19F
:10A3D000BF48C04DFEF744FAADF8A000606D0368B9
:10A3E0005B699847ADF8A200A06D03681B6A9847A7
:10A3F000ADF8A4002846FEF7F0F9F6F78FFEEB68FB
:10A400002A932B69ADF8A6004FF47A72D4E938018B
:10A410002B934FF47A762369B3FBF6F32C93002346
:10A42000F6F712FF236B2E93636B2F93A36B30937E
:10A43000E36B2D9031932846B4F86030ADF8C83006
:10A44000FEF7CFF94FF08141F6F78CFCF6F766FE88
:10A45000E36EADF8CA00D3F80C25D3F81035ADF88B
:10A46000CE306369B3FBF6F334936B69ADF8CC205F
:10A47000359328AA04F6F47436AD134603CBAB42E9
:10A48000206061601A4604F10804F6D13C205BB0FC
:10A49000BDE8F08F032A2DD100F51456143630464E
:10A4A0005F780DF067FC8A48FEF7DAF9F6F702FCF0
:10A4B0008949F6F70BFD0121024630460DF010FDEB
:10A4C00095F82010854811F003011CBFFF43F9B235
:10A4D000324600F0C5FD30460DF04FFC05463046D3
:10A4E0000DF04DFC2A46014604F6F4701AF0C9FA44
:10A4F000281DCCE7052A2BD191F8202002F0030279
:10A50000032A40F050815A789B781A4340F04B81DF
:10A5100000F533710423D4F84C5FAA421846B6DA2A
:10A52000AD2BB4D891F8200078B103F57F600E68A8
:10A53000265025188888A880981D54FA80F091F834
:10A54000205080F8F05F0733DBB20132A031E2E740
:10A55000062A40F015815D78002D40F0248193F8A3
:10A5600006809A78B3F803700492B8F1200F5A79F4
:10A5700000F5145100F5E35328BF4FF020081C33B9
:10A580001431586A30B15AA800EB8500013540F803
:10A59000C83C2DB22C338B42F3D1002A44D128AED3
:10A5A00006EB8509B1454FEA850A16D04FEAAA02A3
:10A5B000B2FA82F2C2F11F024FF000035200494684
:10A5C0003046FDF748FEBAF1400F28DD304638A985
:10A5D000FDF7B2FD38AEB1451CD108F1050A07AB55
:10A5E0004FF0000B5FFA8AFA03EB0806D946049B8A
:10A5F0004B4502DDBD4200F3A080A4F8F45FA4F84F
:10A60000F69F5A4607A904F6F8701AF03AFA0BF1C9
:10A6100008003CE73046FDF71BFC0436DBE7494603
:10A620003046FDF789FDD8E7012A27D128AE06EB91
:10A630008509B1454FEA850ACFD04FEAAA02B2FA9E
:10A6400082F2C2F11F024FF0000352004946304629
:10A65000FDF773FEBAF1400F0BDD304638A9FDF768
:10A660004FFD38AEB145B8D03046FDF745FC043655
:10A67000F8E749463046FDF743FDAEE7022A2FD101
:10A6800028AE06EB8509B1454FEA850AA5D04FEA09
:10A69000AA02B2FA82F2C2F11F024FF00003520086
:10A6A00049463046FDF7B8FEBAF1400F0BDD3046A3
:10A6B00038A9FDF707FD38AEB1458ED03046FDF71D
:10A6C00072FC0436F8E749463046FDF7FBFC84E7A8
:10A6D000A8320020C830002000007A444830002012
:10A6E000032A7FF47AAF28AE06EB8509B1454FEA1D
:10A6F000850A3FF472AF4FEAAA02B2FA82F2C2F1BF
:10A700001F024FF00003520049463046FDF7F4FEA9
:10A71000BAF1400F0CDD304638A9FDF7B5FC38AE74
:10A72000B1453FF45AAF3046FDF796FC0436F7E7E3
:10A7300049463046FDF7A8FC4FE70BEB0A03822B96
:10A7400005933FF75AAF606E28AB026853F827B005
:10A7500012689047DBF824205946831A4246A6EB3C
:10A76000080003931AF08DF9039B3360059B9BF857
:10A770002820327109F10109564401379B4636E71A
:10A78000072A10D100F5D07300F6F475074A08497E
:10A79000009300F1FC03284619F048FF2846F6F71D
:10A7A00077FD043073E6002071E600BFA46E020856
:10A7B000797302082DE9F04F03F64C13B3B050F84B
:10A7C00023700E46002F3C990491DDE93D9B044621
:10A7D000C0F2ED80D0F84C3F9F4280F2E880A02587
:10A7E0007D4300F5327305F1040805939844002A6F
:10A7F0005ED14719D9F800A0D7F85033534580F0FF
:10A80000D680ABF104030093524609F1040341469C
:10A81000FFF7D4FD8146002800F0C980C7F850A397
:10A82000606E03681B689847C7F854033078FDF7DB
:10A83000ECFC04F57F63E0B1CDE90239012301931B
:10A84000337900934146049A06F10A03204601F049
:10A850001FFC0146002800F0AA80B3889B09013341
:10A86000DBB24FF49672204633B0BDE8F04FFFF7ED
:10A87000C7BACDE900390121049B4246204601F0C8
:10A880001BFC0146002800F0928097F8ED32FF2B68
:10A89000E3D04FF4967005F126023C9004F5327037
:10A8A00010440246204633B0BDE8F04F01F04FBDE2
:10A8B000022A7CD1BBF1050F79D9431993F8EC2218
:10A8C00002F00302032A72D199F80420D9F800A0FB
:10A8D0009108072A07916AD8D3F850230592524568
:10A8E00065D8C3F850A3406E06930268126890477B
:10A8F000069B0799C3F85403002309F80B3009F1AC
:10A90000050B01BB5846F6F7C3FC2023CDE90083B5
:10A910004A46431D042108A802F048F90899204638
:10A9200001F0F5FB014670B1A02303FB074393F848
:10A93000ED32FF2B3ED1B3889B090133DBB2C82235
:10A940002046FFF75DFA059B53453ED100238DF865
:10A9500025300DF12500F6F79BFC814638B3606E7B
:10A96000FDF730FF042350458DF8243009F105032D
:10A9700008BF0AF10100019308AB0890009302217F
:10A98000049B4246204601F097FB014678B1A02384
:10A9900003FB074797F8ED32FF2B1ED1B3889B09C5
:10A9A0000133DBB24FF416722046FFF729FA33B0B9
:10A9B000BDE8F08FC82005F12602009004F5327042
:10A9C0000244204601F0C3FCBDE70DF125035A46C1
:10A9D00051462046FFF704FBBBE74FF4167005F124
:10A9E0002602009004F5327010440246204601F021
:10A9F000AEFCDCE710B5C8B0D0F8D4100E4A6846FB
:10AA000000230DF0CAFA68460DF02FFC60B10B4C24
:10AA100068460DF026FB20B168460DF0B3FB011E21
:10AA200004DA68460DF0D9FB48B010BDC9B2204623
:10AA300015F07AFBECE700BFFF6F02087C370020BF
:10AA4000A0F1D000FFF7D6BF38B50C468D18AC4248
:10AA500000D138BD4FF48071002015F09EFD04F840
:10AA6000010BF4E716F006B837B50B78C3F3830390
:10AA70000446032B084604F2044511D1D1F84A20BC
:10AA8000002355F8041F914206D103F5817300227B
:10AA900044F8232003B030BD0133402BF1D1F9E756
:10AAA000694601F0A0FF043408222146684619F0E7
:10AAB0007EFE10B920606060ECE70834AC42F3D150
:10AAC000E8E7F7B50A78C2F38303032B04460E4682
:10AAD00000F2044529D1D1F84A102B4600F2045067
:10AAE00053F8045F8D420CD102F00302023A012AAE
:10AAF0002CD9D4F810350133C4F81035012003B037
:10AB0000F0BD8342ECD1D4F8083503F581720133EE
:10AB100044F822105A4202F03F0203F03F0358BFAC
:10AB20005342C4F808350020E9E76946304601F091
:10AB30005AFF271D08223946684619F038FE58B9D1
:10AB4000337803F00303023B012BD1E7D4F80C3533
:10AB50000133C4F80C35D1E70837AF42EAD1D4F855
:10AB600004246B4603CB04EBC20250609160D4F81E
:10AB7000043401335A4202F07F0203F07F0358BFCE
:10AB80005342C4F80434CEE730B5164C164B204679
:10AB900085B0002540F8043B4FF48062002119F095
:10ABA00030FE29464FF4807204F58160C4F80454E5
:10ABB00019F027FE0420C4F80855C4F81055C4F84D
:10ABC0000C55FBF74CFC094A0260094A0192094AFC
:10ABD00000920346084A094902940948FEF752FFC9
:10ABE00005B030BD302B0020807502086875020862
:10ABF000A830002020010020C8300020A83200200A
:10AC0000B0050020044A054B1360054803F58A731C
:10AC1000C2F8D0300DF0A7B8B00500208C73020840
:10AC2000C42A002070B506229AB04FF4E1313848AA
:10AC300015F006FA4FF47A7015F020FF354B00221C
:10AC4000012113201A7115F0CBFD0121132015F0FD
:10AC500031FE0221C12015F0C3FD15F00BFF2E4B74
:10AC6000186000F069FA00B9FEE72C4C00F0B2FA67
:10AC700015F084FC204605F057FF294B294A2A4944
:10AC8000189418A8199304F0B5FC00BB684600F0AE
:10AC9000C9FA2448254D6022694619F0F2FE0A24BB
:10ACA00005F1700695F87030013BDBB2FD2B09D938
:10ACB000684600F0B7FA60226946304619F0E1FEB6
:10ACC000013CEFD1174A184918A804F0BBFC1849F9
:10ACD0000F4815F025FA202212490D4801F0EEFE2A
:10ACE0000B4815F025FA134B134800241C7000F094
:10ACF00054F90A490D48FFF70DF80C48FFF750FBCF
:10AD00000A4822464FF47A51FFF747F91AB070BD4E
:10AD10007C370020A832002008050020D83200200F
:10AD20002212030820060020F96F0208B005002057
:10AD30004C7502080C050020483000202DE9F04336
:10AD40004D484E4E4C4FA9B0F6F7A2FA4FF000090D
:10AD50000446304614F0ECFF68B19F2C0DD0A0469D
:10AD6000304615F0ABF9C5B20A2D29D1304614F0A2
:10AD7000DFFF0028F4D19F2C30D13F4B0D2283F808
:10AD80009F209F243C4D013C2B5D0D2B28D10A2197
:10AD90003A4815F0C9F900216B46394829552A4629
:10ADA000FFF71EF99DF800303BB13649334815F0E6
:10ADB000B7F93248694615F0CDF900232B700FE042
:10ADC00001342946304607F8085007F8049015F07A
:10ADD000ABF90D2DBDD19F2CD4D1CEE7002CD1D114
:10ADE000274C2046FFF72CFA15F044FE264BD3E9FA
:10ADF000042599699861411A521845F10005C3E983
:10AE0000042594F88D31214D43B32046FFF7A3FA72
:10AE1000D8B92046FFF7A1FAE0B928701C4E1D4DA5
:10AE200033682A684FF47A7101FB0231204600F042
:10AE300069FBE8B12046FFF79AFA15F01BFE0523DF
:10AE400030602B6029B0BDE8F0832B78012B07D14F
:10AE5000012303E02B78022B06D102232B70F1E7AC
:10AE60002046FFF794FAF3E72046FFF788FAF4E765
:10AE70002B680533E5E700BF0C0500207C37002078
:10AE8000B00500205A750208A830002004050020F3
:10AE9000080500201C010020004870470000C07F0A
:10AEA00000207047002070477047002070477047AF
:10AEB0000020704700207047002070470020704736
:10AEC00000207047002070470048704788750208CE
:10AED0000020704700487047887502084068036882
:10AEE000DB681847B0F918007047704700207047BA
:10AEF00000797047BFF34F8F0549064BCA6802F4CB
:10AF0000E0621343CB60BFF34F8F00BFFDE700BF8C
:10AF100000ED00E00400FA0500207047406808B525
:10AF20000368D3F88430984710F0140F14BF012041
:10AF3000002008BD10B54FF47A7204460023D0E912
:10AF40000401F6F781F9A368184410BD704700208A
:10AF50007047002070470020704700207047002095
:10AF60007047000000487047967502087047F8B5B2
:10AF700007460C468E18B44200D1F8BD78680368C5
:10AF8000D3F8A43098474FF480710546002015F09F
:10AF900004FB454004F8015BEDE710B504462030A2
:10AFA0000EF002FF84F8580010BD08B500230371AD
:10AFB0000121132015F014FC0121132015F07AFC57
:10AFC000BDE808400221C12015F00ABC0121132070
:10AFD00015F070BC0021132015F06CBC08B5F8F713
:10AFE00073FB72B6BDE80840F8F776BB10B54FF4B6
:10AFF000DE710446FBF737FA204610BD4068002199
:10B0000008F000BA10B5044615F034FDD4E9043157
:10B01000A269A061821A9B1841F10001C4E90431C0
:10B0200010BD10B500220023C0E90423816004464E
:10B0300015F020FDA06110BD036810B5DB6B044660
:10B04000984720B92046BDE8104005F07FBC10BDF0
:10B0500010B44468134694F8602110BC05F08EBC0F
:10B0600070B590F8586086B01446E6B10F4B039364
:10B070000125049305930023CDE9003503AA04AB11
:10B0800005A920300FF09CF8039A294620460CF0C1
:10B0900019FF049A294620460CF01BFF059A294601
:10B0A00020460CF024FF304606B070BD0000C07F83
:10B0B00030B5012185B0044609F0A6FA012200212D
:10B0C000204609F0C6FA7F238DF80F3000220123B5
:10B0D000CDE9003289210DF10F02D4F85C0106F0B0
:10B0E00020FFD4F85C31186803680521DB699847B4
:10B0F00015F0C0FC0546D4F85C311868D96A0268BE
:10B100001269904720B115F0B5FC401B322806D9D2
:10B11000D4F85411204608F04AFA05B030BDD4F8EE
:10B120005C31186803685B6D9847E4E708B54068D0
:10B13000FFF7BEFF08BD000030B51D4887B00021F5
:10B1400005F0B2FF1B4A1C491C480AF0FCFA1C4BD4
:10B15000049310221623CDE9023212210523002484
:10B16000CDE90031174A184914480594082307F01F
:10B1700017F9054658B11549154814F0D1FF144880
:10B180000A22294615F046F8204607B030BD0122B4
:10B190001146012409480AF067F9009441F221039D
:10B1A00041F60F52214605480AF008FAECE700BFC5
:10B1B00028330020DC7702083C780208EC300020BD
:10B1C0009A99D93F00007A428D675944A8750208C0
:10B1D0007C37002002486FF000410AF036BD00BF06
:10B1E000EC300020F8B50B4C17460E4601462046C1
:10B1F0001D4607F00FFB3946204609F085FD314614
:10B20000204609F01BFD294620460022BDE8F840F3
:10B2100009F099BDEC3000200146014807F017B84D
:10B22000EC30002013B5054B00936946044B0193A5
:10B23000044600F04DFC204602B010BDCC7502085B
:10B24000EC30002073B51F4E1F4B33604820FBF7D6
:10B2500006F91E4C054607F069F92946204607F015
:10B260000BF91B4B23601B4B1B4A1A60C3E90146B9
:10B2700000251A4CC3E90355194B2360194BA360F1
:10B2800000220023C4E90423656015F0F3FBA061EC
:10B29000154C002200232046C4E90223C4E90423FC
:10B2A000C4E90623114B40F8203B114B4FF001320B
:10B2B0006946CDE900230EF0FBFF84F8585002B038
:10B2C00070BD00BFA832002054770208EC30002087
:10B2D000D8750208C8300020E0760208A8300020A7
:10B2E00040770208EF93446648300020BC7702089C
:10B2F0000504007670477047704770477047704785
:10B300000048704722120308002070470020704751
:10B310004FF07E507047C82070474FF47A607047F6
:10B3200070B50F481646F5F713FCF5F76DF80246B1
:10B330000B4600200B4916F0F3F80B4B0022F4F7F4
:10B3400003FF044630460D46F5F73CF802460B462F
:10B3500020462946F5F7B0F8F5F75EFB70BD00BF53
:10B360009A99593F000024400000F03F002370B537
:10B370000446C0E90C33C0E90E33C0E91033A0F82D
:10B380006030C06D03681B689847236820629B6B20
:10B3900020469847236820651B6A20469847064642
:10B3A000206DF5F787FC4FF07E5105463046F5F7E6
:10B3B000D1FB01464FF07E50F5F788FD0146284647
:10B3C000F5F7D0FCF5F7D0FEA064E06D03681B68CC
:10B3D0009847E064A06D03681B689847A06D0368F8
:10B3E000DB6A984784F82C0070BD2DE9F0410446D3
:10B3F000C06D03681B689847E56C2368451B1B6A92
:10B400000646204698474FF07E51F5F7A3FB0146CC
:10B410004FF07E50F5F75AFD236807469B6B204698
:10B42000984780462846F5F745FC3946F5F79AFCDB
:10B43000F5F79AFE054670B14046F5F73BFC3946F4
:10B44000F5F790FCF5F790FEA36CE6641D44A84266
:10B4500094BFA064A564BDE8F081F8B51E461378DA
:10B460000B7017469A090D4601D00020F8BD03F075
:10B4700003020923D34013F0010319BFB7F80130C9
:10B48000EB800B81CB801BBFB7F803302B810121F0
:10B4900005217C5CAC80A209032AE6D004F03F04BD
:10B4A00002FB0444E2B2402ADFD801315418B4420E
:10B4B000DBDC394405F10A0019F0E3FA321B92B2E1
:10B4C000B82A6A80D1D8391905F14A0019F0D9FA99
:10B4D0000120CBE710B50446406D03681B68984710
:10B4E00030B9B4F8603043F00103A4F8603010BD07
:10B4F000002383804380A0F80231F8E7406D0368A1
:10B500005B681847C06D036810B51B680C46984708
:10B51000001B0028D4BF0020012010BDC06D0368AF
:10B5200010B51B680C469847204410BD03682DE9F0
:10B53000F0411B6805460E469847044630B9686DD1
:10B54000036831465B68BDE8F0411847012812D016
:10B550006F6D3B6820F07F412846D3F80880FFF7E5
:10B56000DDFF220E013A034631463846C446D2B2C8
:10B57000BDE8F0416047BDE8F0812DE9F0410446A7
:10B58000806D0368C2B05B68FF2202A99847061E5F
:10B5900077DD2368A06D5F6803689B6B984705465D
:10B5A000A06D03685B6B98472946024602AB2046B4
:10B5B0000096B847606D03681B68984705460028E9
:10B5C0005FD00146334602AA2046FFF746FF002817
:10B5D00052D0A06D03689B6B98474FF08141F5F7FF
:10B5E000C1FBF5F79BFD85F80201A76D3B68384666
:10B5F000D3F80C809B6B9847324601463846C047CB
:10B600000746A06D036831469B6898476369034409
:10B610006361236801465B690646204698472368B4
:10B620002846D3F8088001F0C8F93B46024629466F
:10B630002046C0472B789B0726D4A36B0133A36316
:10B64000236839465B6A32462046984731280146CE
:10B650001DDD666DB0F5FA4F3368A8BF4FF4FA41AF
:10B6600020465F6AFFF75AFF294602463B463046AE
:10B6700042B0BDE8F0411847606D036829465B6839
:10B68000984742B0BDE8F081E36B0133E36329469C
:10B69000204642B0BDE8F041FFF748BFF0B5456D28
:10B6A00004462B68C06D1E690368C1B01B689847CB
:10B6B00001462846B04760B32046FFF796FEA06DCE
:10B6C0000368FF219B689847A36CB3EB500F4FEAC8
:10B6D000500520D2236820461B6A98470646A06C76
:10B6E000281AF5F7E7FA4FF07E5105463046F5F790
:10B6F00031FA01464FF07E50F5F7E8FB0146284647
:10B70000F5F7E4FBF5F730FD01462046FFF706FFAD
:10B71000A06141B0F0BDA1692046FFF7F3FE00280B
:10B72000F7D0A06D03681B6B9847F0B1236C013311
:10B730002364E36923B9E06D03681B689847E061FF
:10B74000E06D03681B689847E369C51A23682046C3
:10B75000DB6A9847854243D9B4F8603043F002036E
:10B76000A4F86030636C01336364656DE06D0023A1
:10B77000E3612B68DE6803681B689847014628462A
:10B78000B04760600028C4D003788DF800300922EB
:10B7900003F0030322FA03F3DB0741BFC388ADF8CC
:10B7A00001300389ADF8033054BF0123052382889B
:10B7B0000DF803205D1C027900F10A010DEB050074
:10B7C00001F0E6F86668728805445319FF2B0CDD1A
:10B7D000606D036831465B6898470023636098E7B3
:10B7E000236820469B6A98478EE706F14A010DEBD5
:10B7F000050019F046F9A06D768803682E4431469D
:10B800009B6898470546E06D03681B689847E060B1
:10B81000A06D036832461B6969469847064678B9A9
:10B820006568236828461F6901F0C7F82946024663
:10B830002046B84761682046FFF760FE666068E70B
:10B8400005EB450569082046FFF768FEA06060E744
:10B85000F8B5416A0446FFF755FE78B1A56D2B682F
:10B860005E6A236820461B6B984701462846B0470E
:10B870004FF4FA612046FFF751FE6062A06D036845
:10B88000DB699847A06D0368DB6A984794F82C3011
:10B89000834217D084F82C00B0B9E06D03681B68B0
:10B8A00098472062E06D03681B689847236AC01AB6
:10B8B000B0F5FA5F82BFB4F8603043F00403A4F837
:10B8C000603001E0002BEDD06368002B69D0A06DE3
:10B8D00003685B699847002800F09D80E06D03686D
:10B8E0001B689847E5682369471B3B44236123682D
:10B8F00039469B690646204698472046FFF775FD66
:10B90000A36C9F427CD90023A364236820461B6A52
:10B9100098470646A06CC0F16400F5F7CBF94FF0EC
:10B920007E5105463046F5F715F901464FF07E5039
:10B93000F5F7CCFA01462846F5F7C8FAF5F714FCF6
:10B9400001462046FFF7EAFDA061A06D03689B69F0
:10B95000984761688A884888930902F03F0203FB90
:10B960000222D2B223680232DB68024420469847A2
:10B9700061680B789B0755BF236B636B0133013301
:10B9800054BF236363632046FFF7B8FD0023636061
:10B99000236820465B6B984701462046FFF7BEFDB3
:10B9A000A062236820465B6B9847002811DDA16ADE
:10B9B0002046FFF7A7FD60B1A06D03689B6A98471A
:10B9C000236820465B6B984701462046FFF7A6FD9B
:10B9D000A062656DE06D2B689E6A03681B689847DE
:10B9E00001462846B047014610B12046FFF79EFDAC
:10B9F0002046FFF7C2FD2046BDE8F840FFF74EBEE7
:10BA00001D44AD1B632DA5647FF67FAFE06D036819
:10BA10001B68984798E7A1682046FFF773FDA0B11F
:10BA2000A06D03689B69984761688A884888930974
:10BA300002F03F0203FB0222D2B223680232024428
:10BA40001B692046984761689DE7F8BD2DE9F047DE
:10BA5000064608790C461746984600F089FF756D32
:10BA600088B16388B82B0ED82B6841463046D3F88E
:10BA70000890FFF753FD3A46034621462846CC4638
:10BA8000BDE8F04760472B68214628465B68BDE863
:10BA9000F04718470368DB69184710B520220446B1
:10BAA000002118F0AEFE204610BD10B40446084632
:10BAB000214610BC0BF00AB810B50446FFF7EDFFA5
:10BAC0004022002104F1200018F09BFE204610BD0A
:10BAD00030B50D4689B00446FFF7DFFF2B68694695
:10BAE0001B6828462022984720466A4604F1200118
:10BAF0000EF000FD204609B030BD0000F0B5B1B039
:10BB00000146044668460EF012FD9DF80030013BE8
:10BB1000DBB2FD2B30D81B4B20AA03F140071646A1
:10BB200018685968154603C50833BB422A46F7D141
:10BB3000154B08AA03F1200C1746186859681546DA
:10BB400003C5083363452A46F7D12246394610A873
:10BB50000EF006FC3246694618A80EF001FC2022C1
:10BB600018A910A818F023FE30B910AB13F8012B58
:10BB70002AB901302028F9D1002031B0F0BD0120D0
:10BB8000FBE700BF94780208D578020838B50C4668
:10BB90000546014620222046FFF77CFF20280AD1D7
:10BBA000402205F120012046FFF774FFA0F1400379
:10BBB0005842584138BD0020FCE738B50B680C46A8
:10BBC0005B680146054620222046984720280BD175
:10BBD000236840225B6805F1200120469847A0F1C8
:10BBE00040035842584138BD0020FCE73F2A70B559
:10BBF0001ED95F2A00F1200300F1600407D853F832
:10BC0000042B41F8042BA342F9D1402070BD1A4601
:10BC10000D4652F8046B45F8046BA242F9D140314D
:10BC200050F8042B41F8042B9842F9D16020EDE73D
:10BC30000020EBE7602A30B40B4613D10A4603F12B
:10BC4000400400F1200152F8045B41F8045BA24279
:10BC5000F9D1603352F8041B40F8041B9A42F9D121
:10BC600030BC7047402AFBD100F120010A4603F1A5
:10BC7000400453F8045B42F8045BA342F9D130BCA2
:10BC80000EF055BC13B50446084611461A4604F199
:10BC90002003009323460FF059FA02B010BD0B4663
:10BCA000114600F1200218460EF05ABB00207047E2
:10BCB000704701207047012070477047704700208F
:10BCC00070477047704770470020704700207047EA
:10BCD00000207047002070470020704770B5846DC9
:10BCE0002368054608469E6800F067FE0146204628
:10BCF000B047052204460021A86E00F0B3FE3423AD
:10BD00005C436423B4FBF3F4604370BD08B50422C4
:10BD10000121806E00F0A6FE7823584308BD80F014
:10BD20000200C0F340007047FFF720BBFFF790BD53
:10BD300008B50B781846FFF7F2FF60B1888810F05D
:10BD40003F0008D0C3F3830340F60830D84000F02A
:10BD5000010080F0010008BD7FB503689B6C0546BB
:10BD60000C46984770B12078FFF7D9FF50B12046B4
:10BD7000694600F038FE0024686D03685B699847E7
:10BD8000844201DB04B070BD686D03682146DB6945
:10BD90009847064608B90134EEE701462846FFF702
:10BDA000C7FF0028F7D002A9304600F01CFE082289
:10BDB0000DEB0201684618F0FAFC0028EBD196F86A
:10BDC0000331FF2B09D1686D036821461B6A984730
:10BDD00001462846FFF792FBCEE70133DBB2012B89
:10BDE00086F80331D7D0EEE770B50446C06E03681D
:10BDF0001B680E469847054640B1236820469B6C59
:10BE0000984718B131462046FFF7A6FF2368204621
:10BE10005B6C2A4631469847284670BD024630B5CD
:10BE20000846B1B14F2915D9B1F5CA7F14D28B0894
:10BE30000A480B4C02F16F018F3211F8015F684024
:10BE40008A4204FB00F0F8D10133B0FBF3F203FBAC
:10BE5000120030BD1423EBE76423E9E7C59D1C8184
:10BE600093010001F8B51C460368DB6C05460E46DD
:10BE70001746984748B100213846F5F71BF920B915
:10BE800031462846FFF7CAFF04442046F8BDF8B5FE
:10BE90008B8803F03F04013CE4B223F03F031C43D2
:10BEA0008C80A40901340D46E4B201F10A06002792
:10BEB000AB8803F03F0313FB04F3BB4200DCF8BD87
:10BEC0003046264422463146274418F0DAFDEFE793
:10BED000F8B50A788B88064610460C46FFF71FFF18
:10BEE00008B90020F8BDFF2AFBD003F03F079B09EB
:10BEF0000133DBB207FB0333402B07F10105F0DC14
:10BF0000336830461B6C98470028EAD0A288920913
:10BF10000132D2B207FB024006F170010A3018F07C
:10BF2000B0FDA38823F03F031D433368A5801B6D3C
:10BF3000214630469847A38803F03F03013340EA87
:10BF40000360CFE72DE9F043202B93B080460E46E7
:10BF500017461D4603D8FFF7BDFA044620B9002452
:10BF6000204613B0BDE8F0830346102203F84A2BA5
:10BF700006F12009324652F8041B43F8041B4A45D7
:10BF8000F9D1D8F8640003681B6898472A46C4F8BA
:10BF90006A008046394604F1AE0018F072FD05F1E2
:10BFA000640363800DF1040C3346186859686246D7
:10BFB00003C208334B459446F7D12A4639460AA8AE
:10BFC000CDF8248018F05DFD05F1240301AA04F1E9
:10BFD0006E013046FFF756FEC2E72DE9F04FAFB0D5
:10BFE00099469DF8E0A0DDF8EC804FEA9A130AF03C
:10BFF0003F0403FB044408F105032344A62B064633
:10C000008B46174604D9002528462FB0BDE8F08F8F
:10C01000FFF760FA05460028F5D0202303709BF84F
:10C02000003080F84A3096F8703080F84B3049463E
:10C0300022460DF101008DF800A004F1020918F06C
:10C0400020FD04F1B9030DEB09006B44B8F1000FBA
:10C0500012D09DF8E42003F8B82C3A99424618F023
:10C0600010FD08EB09036A4605F14C01384600F063
:10C0700016FE02306880C7E7FF2203F8B82CB36EC3
:10C080001A680146166818460422B047A31DEAE75D
:10C090007FB509788DF814100B9903910A990291D4
:10C0A0009DF8241001919DF82010009105A9FFF73B
:10C0B00094FF07B05DF804FB2DE9F8430229DDF891
:10C0C000249007460D4690461E4603D809F11103F9
:10C0D000B82B03D900242046BDE8F883FFF7FAF90E
:10C0E00004460028F6D0AD00057098F8003080F8BE
:10C0F0004A3097F8703080F84B3000F14C01089AC4
:10C100004B46304600F0CBFD02306080E3E710B5CF
:10C110000C46FFF7DFF928B10C2303700423C0F8A5
:10C120004A40438010BD38B50D461446FFF7D2F99A
:10C1300050B128232401037044F00304052380F840
:10C140004A40C0F84B50438038BD2DE9F0470B788A
:10C15000FF2B04460E46904648D00368D1F84A901B
:10C160009B6D984706F10A0A0546DDB94946204607
:10C17000FFF7CDFF0746002838D0327906F10A01D3
:10C180000A3000F014FC3B78B88023F0030343F03E
:10C1900002033B702A46434639462046BDE8F04735
:10C1A000FFF754BC236831465B6D2046984700F585
:10C1B000967080442A4649462046FFF7B4FF07465A
:10C1C00088B1327951460A3000F0F1FB3B78B880F3
:10C1D00023F0030343F002033B7000224346394639
:10C1E0002046FFF733FC013DEDB2BEE7BDE8F08726
:10C1F00070B591F84A6006F00F03032BC2B00546F4
:10C200000C462ED14B88042B2BD901A800F0A9FB9A
:10C21000237822798DF8043004F10A010DF10E0023
:10C2200000F0C5FB6288ADF80800013A92B204F153
:10C230004B010DF14E00ADF8062018F022FC01A9CB
:10C240002846FFF7D1FD60B901A92846FFF71FFE78
:10C2500036094FF4967206FB022201A92846FFF721
:10C2600074FF002042B070BDB82A70B50E46154666
:10C2700003D8FFF72FF9044610B90024204670BDFB
:10C280002C2300F84A3B2A46314618F0FAFB658019
:10C29000F4E72DE9F0410D781746C5F38302092A2A
:10C2A00006460C4620D0013BDAB2022A1CD825F003
:10C2B000030545F001050D70C06E9B018B8003687E
:10C2C0001B6898472378C3F38303082B0AD0042BF9
:10C2D00014BF012203223B4621463046BDE8F0410F
:10C2E000FFF7B4BB0222F6E7BDE8F0812DE9F0418B
:10C2F0001F460B789DF818500646C3F383000928A3
:10C300000C4622D0013DE8B202281ED823F00303D8
:10C310000B701388F06ECB8053880B810368AD01DE
:10C320001B688D8098472278C2F38302082A0AD0BE
:10C33000042A14BF012203223B4621463046BDE8B1
:10C34000F041FFF783BB0222F6E7BDE8F0812DE95B
:10C35000F0410C46069F257825F0030545F00205BF
:10C360002570C5F38305092D06461146984618D158
:10C3700060884A301A46204418F083FB638843449F
:10C3800063800023A3800525F06E036821461B68A7
:10C3900098473B462A4621463046BDE8F041FFF724
:10C3A00055BB1A4604F10A0000F001FB2578A08075
:10C3B000C5F38305A5F108035D425D41E4E7000094
:10C3C0002DE9F04F0A7802F00303023B012BF1B094
:10C3D00005460C4662D8C2F38303092B8E8853D1DD
:10C3E0003F2E1AD891F852E04F88D1F84A20D1F860
:10C3F0004E300EF0030C093F06FA0CF6FFB21FFA9E
:10C4000086F847450BD80A3405680397CDE900E460
:10C4100001F153060296AC6EA047002031E053367E
:10C42000012200F1700102FA0CF2A01918F0BFF914
:10C430000028F2D12B6821461B6C2846984700281B
:10C44000EBD021462846FFF7CFFC0028E5D194F930
:10C450000201F4F733FC4FF07A51F4F783FC4FF00C
:10C460008141F4F77FFCF4F759FEA3885A1C23445A
:10C47000A28098722B6821465B6D2846984740F051
:10C48000C06071B0BDE8F08F0B2B06F03F0639D1CC
:10C4900091F94A30002B2FDB002E40D11046FFF7D8
:10C4A0003EFC00287FD12378C3F383020F2AB4D83F
:10C4B00001A151F822F000BFEFC50008EFC5000848
:10C4C000EFC50008B9C50008EFC7000873C700082A
:10C4D00073C70008FBC60008EFC500081BC40008AE
:10C4E000BFC800081BC400081BC400081BC4000808
:10C4F0001BC4000899C80008002E8ED10368DB6FAA
:10C5000098478AE7002EC9D0032B08D14B88032B0C
:10C5100005D90368D1F84A20D3F88C309847A2880F
:10C5200092090132D2B205F1700104F10A0018F04B
:10C530003EF900287FF471AF2B6821461B6C28461A
:10C54000984700283FF469AF2378C3F383030A2B8D
:10C550002146284604D171B0BDE8F04FFFF748BE30
:10C56000032B0FD1FFF740FC064600287FF455AFA0
:10C5700021462846FFF78BFC324621462846FFF726
:10C58000E4FD4AE7FFF730FC00287FF446AF214680
:10C590002846FFF77CFC2B6821465B6D28469847B0
:10C5A00040F080706DE72B682146DB6B284698478A
:10C5B00000283FF478AF30E76388D4F84A60032B53
:10C5C0007FF62BAF21462846FFF70EFC00287FF4AC
:10C5D00024AF2B683246D3F88C3021462846984742
:10C5E0002146284671B0BDE8F04FFFF771BC94F8C2
:10C5F0004B308DF81830638894F84A60042B7FF62E
:10C600000CAF21462846FFF7EFFB074600287FF4D2
:10C6100004AF95F87030B3425ED12B6806A9DB6D8C
:10C620002846984704F14C0906460DF138080DF1EB
:10C63000BC0AB74250DA2B683A461B6E4146284680
:10C64000984763884A46023B5146404600F04BFB00
:10C65000031E50DD22782968C2F38302082A40D1E4
:10C660009AF800904FEA991209F03F0602FB06661D
:10C67000B21C9B1A56445244DBB203920493737863
:10C6800003F00F03CDE901930DF1BD060096D1F83B
:10C690006CA043463A4621462846D047D0B1207880
:10C6A000FFF73DFBB0B10023CDE9023301932379BD
:10C6B000009306A904F10A0342462846FFF78DFCC1
:10C6C000014638B14FF4FA73009332464B46284680
:10C6D000FFF73DFEFF23237021462846FFF7F8FBB6
:10C6E000CFE6CDE901A3CDF800804E6E3B46214652
:10C6F0002846B047EEE701379BE7638894F84A6025
:10C70000232B7FF68AAE21462846FFF76DFB0028D3
:10C710007FF483AE95F87030B3427FF461AF04F1DB
:10C720004B0606AA04F16B0730687168134603C311
:10C730000836BE421A46F7D106AA0EA905F17000C6
:10C74000FFF7ADFA63882FAF213B324639460EA87A
:10C7500000F0C9FA00287FF743AF2B68CDE90070DD
:10C760000EAA5E6F214606AB2846B047FF23237012
:10C7700036E794F84A308DF818306388032B7FF63B
:10C780004CAE21462846FFF72FFB064600287FF4D3
:10C7900044AE2B680EAAD3F8847006A90423284659
:10C7A000B84704F14B0A80460DF139090DF1BC0B75
:10C7B000464591DA63884846013B5246594600F0A7
:10C7C00092FA002809F121090FDD2B682278CDE9C2
:10C7D00000B006EB4616D3F888700EAB3344C2F3B4
:10C7E000830221462846B84776E70136E0E70EA8DF
:10C7F000FFF753F90EAE04F14A0304F16A07186813
:10C800005968324603C20833BB421646F7D16388E3
:10C81000D4F86A90632B7FF600AE20220EA905F1B2
:10C82000700017F0C4FF00283FF4F7AD21462846FA
:10C83000FFF7DAFA00287FF4F0AD0EAF0FCF2FAE7E
:10C840000FC6B4F8028097E80F00A8F16408B8F1A9
:10C85000200FA8BF4FF0200804F1AE0A86E80F00B1
:10C860004246514638A8CDF8DC9018F00AF908F194
:10C8700024032FAA04F16E010EA8FFF716F9002871
:10C880003FF4CBAD2B68CDE900A80EAA1E6F214660
:10C890004B462846B0471FE703F00303023B012B3A
:10C8A0003FF6BBAD21462846FFF79EFA00287FF4ED
:10C8B000B4AD2B682146D3F88030284620E6628844
:10C8C000022A7FF6AAAD94F84A3003F00F03032B37
:10C8D0007FF4A3AD042A7FF6A0AD2FA800F041F8A5
:10C8E000237822798DF8BC3004F10A010DF1C600DD
:10C8F00000F05DF86288ADF8C000013A92B204F130
:10C900004B010DF58370ADF8BE2018F0BAF82FA9D1
:10C910002846FFF769FA00287FF47FAD2B68DDF821
:10C920000621D3F88C302FA92846984775E500BF1B
:10C930002DE9F0410D7825F0030545F002050D7055
:10C940000646C06E0368002517460C468D801B689E
:10C9500098473B462A4621463046BDE8F041FFF75E
:10C9600075B8002202708280428080F803217047EF
:10C9700000F03F038009032800F1010206D013FBF9
:10C9800002F04028CCBF00200120704700207047F3
:10C9900010B5930902F03F0403FB0444402C04DC6F
:10C9A000224618F06EF8204610BD0024FBE710B5B3
:10C9B0001446FFF7EDFF204610BD83889A0903F067
:10C9C0003F0302FB033342880078DBB2023310F0EE
:10C9D0000300134405D0C21E504250418000184449
:10C9E00070470420FBE730B50446A1B002A80D460D
:10C9F0000AF048F923780122C3F383030DF10701FC
:10CA000002A88DF807300AF025FA9DF80730092BA7
:10CA100004D10222211D02A80AF01CFA628804F146
:10CA20004A0102A80AF016FA08220DEB0200294674
:10CA30000AF042FA02A80AF00BF921B030BDA0F1C9
:10CA40004103052B02D83738C0B27047A0F161030B
:10CA5000052B01D85738F7E73038C0B20A2828BF6D
:10CA60000020704737B50368144604220D461B6842
:10CA70000DEB020198470198621BB0FBF2F302FB39
:10CA80001300284403B030BDF0B50B4D03468E189B
:10CA9000B14203F1020303D1002300F81230F0BDCC
:10CAA00011F8014B270904F00F04EF5D2C5D03F82A
:10CAB000027C03F8014CEBE7907902082DE9F04184
:10CAC000DFF8308005460C468F18BC4201D1BDE826
:10CAD000F08114F8016B330906F00F0618F8031003
:10CAE000284613F021FB18F80610284613F01CFB0B
:10CAF000EBE700BF90790208F8B5064610460D46F0
:10CB00001446F4F7C5FBB0EB450F17D1224631466A
:10CB10008B1BAB4202F1020201DB0120F8BD12F8CF
:10CB2000020C12F8017CFFF78AFF04463846FFF733
:10CB300086FF40EA041001F8010BE9E70020EDE769
:10CB4000F0B504460020074625780DB1904208DB79
:10CB5000214614F8012B1AB19A42F9D100230B7027
:10CB6000F0BD41F8204025462E782C4601351EB1F7
:10CB70009E42F9D127702C460130E5E7F0B59FB011
:10CB80001F461646044668460D460AF07BF83A46AC
:10CB9000314668460AF05EF92A46214668460AF0A0
:10CBA0008BF968460AF054F81FB0F0BDF0B59FB09D
:10CBB0001F461646044668460D460AF063F83A4694
:10CBC000314668460AF046F9DDE9241268460AF063
:10CBD00041F92A46214668460AF06EF968460AF08D
:10CBE00037F81FB0F0BD2DE9F041B0B0064601A8FE
:10CBF00015460C461F4609F00FFA3146102201A8CF
:10CC000009F0BAF92E46A6EB0508B84506DB01A8DF
:10CC100009F098F9404630B0BDE8F081324621462F
:10CC200001A809F0E9FB10341036ECE72DE9F043D8
:10CC3000B5B0064605A81C460F46154609F0ECF9A6
:10CC40003146102205A809F097F907EB04092E19BF
:10CC50000F2CA9EB0405A6EB040819DC002C0FDD52
:10CC60001022002101A817F0CCFD2246414601A860
:10CC700017F007FF294601AA05A809F0A9FA1035FF
:10CC800005A809F05FF9ED1B284635B0BDE8F08333
:10CC90004246294605A809F09BFA103CD8E7F0B5B2
:10CCA0008F1CA1B00E4639460546FFF7BFFF04466C
:10CCB00002A809F0E7FF294602A820220AF049F954
:10CCC0002246394602A80AF0C5F802230093202222
:10CCD0003346294602A80AF054F902A809F0B8FF21
:10CCE000A01C21B0F0BD2DE9F043022BA3B00546F6
:10CCF0000F4616461C4603DC002023B0BDE8F08337
:10CD000004A809F0BFFF06F102082022294604A862
:10CD1000023C0AF01EF94FF002092246414604A8DF
:10CD20000AF098F82022294603AB04A8CDF8009019
:10CD30000AF027F904A809F08BFF4A46314603A8F8
:10CD400017F035FD0028D7D12346424639462846FC
:10CD5000FFF749FFD1E703780B70427862B343F0E5
:10CD600010030B708368C1F80130C368C1F8053047
:10CD70000923028A32B10A7842F020020A70028A3C
:10CD8000CA520233428A32B10A7842F040020A7033
:10CD9000428ACA520233426862B1127852B10A78AA
:10CDA00062F07F020A704268013A12F8010F08B17E
:10CDB000202B03D1D8B270470123DAE7C8540133DE
:10CDC000F3E738B50023837004460878E362C4E9CA
:10CDD00009336370C30641BFD1F801306362D1F8F3
:10CDE0000530A3624CBF09230123850642BFCD5AFB
:10CDF000A5850233450642BFCD5AE58502339A42E6
:10CE000020700DDB000609D5D51A07D02A46194433
:10CE1000A01C17F036FE6219002393700123637083
:10CE2000204638BD01480AF091BF00BFB032002053
:10CE30002DE9F04307460024ADF5037D084639602F
:10CE4000C7F8844C3E4990460BF0B1F800284DD00D
:10CE50003AA83B4A396823460BF09FF83AA80BF0F2
:10CE600004FA002842D04FF0A00912A8FEF715FEE0
:10CE7000A022002112A817F0C4FC202202A93AA87F
:10CE80000BF071F9202804462DD101221AA93AA8E5
:10CE90000BF069F90128054625D1042235A93AA8E5
:10CEA0000BF061F904281ED1022201A93AA80BF067
:10CEB0005AF9022817D12A460DF169013AA80BF058
:10CEC00052F901280FD140220DF16A013AA80BF066
:10CED0004AF9402807D122460DF1AA013AA80BF0E1
:10CEE00042F9202806D03AA80BF077F90DF5037D1A
:10CEF000BDE8F08302AD0FCD0AAC0FC495E80F007A
:10CF000084E80F000AAE0FCE12AD0FC594E80F00F3
:10CF100085E80F00404602AA0DF1AA01FEF7BFFE08
:10CF2000D7F8840C1328DEDC431C09FB0070C7F81B
:10CF3000843CA02212A9043017F0A3FD95E700BF9E
:10CF4000A17902082DE9F843D0F8849C0E461746D3
:10CF5000041D0025A94504DC4FF000084046BDE84B
:10CF6000F88321463A46304617F021FCA046A0340B
:10CF70000028F3D00135EDE72DE9F74FD0F8848C88
:10CF800005460C46914600F6E436071D4FF0000AB0
:10CF90004FF0FF3BD04525DCB8F1140F07D008F166
:10CFA0000103C5F8843CA02303FB08552E1DA022D5
:10CFB0000021304617F025FC234686F820903446A1
:10CFC00003F1200518685968224603C20833AB42B2
:10CFD0001446F7D1FF2386F821303346184603B0B4
:10CFE000BDE8F08F202239462046019717F0DFFB7D
:10CFF0003B460028F2D097F8203003F00303032BC0
:10D0000005D0D7F888305B453CBF3E469B460AF1C9
:10D01000010AA037BEE700002DE9F04188B01546AF
:10D020009DF8388018F0030F04460F461A461FD1AA
:10D030002946FFF787FFE8B1D4F8845C1C4A6B1ED1
:10D04000C4F8843C231DC31A581150432A1AA02146
:10D050004A43A03A03F1A40104338542D8BF002219
:10D060002144E01817F0B3FB012008B0BDE8F081BF
:10D070001F2B01DC0020F8E76A462B4605F1200E45
:10D08000944618685968164603C6083373453246F5
:10D09000F7D1614600222046FFF76EFF2A4680F84E
:10D0A000208000F162013846FEF7F9FDDCE700BFA1
:10D0B000CDCCCCCC2DE9F0430C46CBB0016006467C
:10D0C0003149204617460AF07EFF02A82E4A012366
:10D0D00021460AF062FF02A80BF0C7F8E0B1002574
:10D0E000ADF8045006F16604D6F8843CAB4210DD7E
:10D0F00014F8423C13B90135A034F5E7A4F16208F5
:10D100006FB94146202202A80AF071FF202880460C
:10D110000AD002A80BF061F84BB0BDE8F08340469E
:10D12000B8470028EDD1E6E70122A4F1420102A8A8
:10D130000AF05DFF01288146EBD1042204F12A01A7
:10D1400002A80AF054FF0428E3D1022201A902A890
:10D150000AF04DFF0228DCD14A46A4F1410102A8A1
:10D160000AF045FF0128D4D14022A4F1400102A8D1
:10D170000AF03DFF4028CCD14246214602A80AF0E1
:10D1800036FF2028B7D0C4E7A179020810B5421EA7
:10D190000A24002012F8013F303BD9B2092900D9F6
:10D1A00010BD04FB0030F5E738B50C4617490546BD
:10D1B000F4F764F828B316492846F4F75FF800B38B
:10D1C00014492846F4F75AF8D8B113492846F4F719
:10D1D00055F8B0B111492846F4F750F870B110492C
:10D1E0002846F4F74BF848B10E492846F4F746F8BC
:10D1F00020B10D492846F4F741F820B920700120EC
:10D2000038BD0120FAE70020FAE700BFFC840208DD
:10D21000407C0208947E0208AD7902087A7F0208F9
:10D22000517A0208B5790208B38402082DE9F04169
:10D23000F6B02EAD0446002328460AF0AEFE28467E
:10D240000BF013F8002800F0F282616804222846EF
:10D250000AF089FF61682022043128460AF083FF22
:10D26000042204A928460AF07EFF616808222831BA
:10D2700028460AF078FF61680822303128460AF013
:10D2800072FF61681022383128460AF06CFF61682D
:10D290000422483128460AF066FF616801224C31B9
:10D2A00028460AF060FF616801224D3128460AF0E5
:10D2B0005AFF616801224E3128460AF054FF0122CC
:10D2C00004A928460AF04FFF61680422503128461D
:10D2D0000AF049FF61680422543128460AF043FFEE
:10D2E00061681022583128460AF03DFF6168042227
:10D2F000683128460AF037FF042204A928460AF0BC
:10D3000032FF61680122703128460AF02CFF616803
:10D310000122713128460AF026FF6168012272312C
:10D3200028460AF020FF61680122733128460AF07E
:10D330001AFF61680422743128460AF014FF6168FC
:10D3400001227A3128460AF00EFF6168012201F2BB
:10D35000211128460AF007FF6168012201F5917149
:10D3600028460AF000FF012204A928460AF0FBFE25
:10D3700061680122783128460AF0F5FE61680122D1
:10D380004F3128460AF0EFFE6168012279312846C4
:10D390000AF0E9FE616801227B3128460AF0E3FECB
:10D3A000616802227C3128460AF0DDFE61680122B4
:10D3B0007E3128460AF0D7FE616804228031284673
:10D3C0000AF0D1FE61680122843128460AF0CBFEC2
:10D3D00061681022853128460AF0C5FE6168012285
:10D3E000953128460AF0BFFE032204A928460AF018
:10D3F000BAFE61680122963128460AF0B4FE6168DF
:10D400000422983128460AF0AEFE616801229C3160
:10D4100028460AF0A8FE61680422A03128460AF0D6
:10D42000A2FE61680422A43128460AF09CFE6168CD
:10D430007822A83128460AF096FE6168012201F59B
:10D44000907128460AF08FFE63680422D3F8248185
:10D45000CDF80C8003A928460AF085FE63680428ED
:10D4600004BF039AC3F824210DF1050193F8283174
:10D470008DF80530012228460AF075FE012802BF0A
:10D4800063689DF8052083F828216368012293F8DA
:10D4900029318DF806300DF1060128460AF063FEA9
:10D4A000012802BF63689DF8062083F829211C2209
:10D4B00000210DEB0200069117F0A3F9202206A926
:10D4C00028460AF050FE20280EAF0CD1626806AB49
:10D4D00002F595721E4603CEBE421060516033467F
:10D4E00002F10802F6D13C2200210DEB0200396066
:10D4F00017F087F94022394628460AF034FE4028C2
:10D500001EAE0BD1636803F5A5733A4603CAB24257
:10D5100018605960174603F10803F6D100213C2238
:10D520001FA8316017F06DF94022314628460AF0F5
:10D530001AFE40280BD1636803F5C573324603CA4F
:10D54000AA4218605960164603F10803F6D16368D1
:10D550000222B3F8CA31ADF80A300DF10A012846AB
:10D560000AF001FE6368022804BFBDF80A20A3F890
:10D57000CA210DF1070193F8CC318DF80730012253
:10D5800028460AF0F0FD012802BF63689DF80720D5
:10D5900083F8CC216368012293F8CD318DF80830EF
:10D5A00002A928460AF0DFFD012802BF63689DF842
:10D5B000082083F8CD216368012293F8CE318DF8DD
:10D5C00009300DF1090128460AF0CDFD012802BFFE
:10D5D00063689DF8092083F8CE216668376D0021C5
:10D5E0003846F3F75DFD002840F02481984938461D
:10D5F000F3F774FD00B1964F3765776D002138461B
:10D60000F3F74EFD002840F017814FF08041384677
:10D61000F3F764FD08B14FF080477765B76E0021DE
:10D620003846F3F73DFD002840F008814FF0804177
:10D630003846F3F753FD08B14FF08047B7663768B7
:10D6400000213846F3F72CFD002840F0F98081498D
:10D650003846F3F743FD00B17E4F3760B76C7E4923
:10D660003846F3F71DFD002840F0EC807B49384632
:10D67000F3F734FD00B1794FB764776F78493846D6
:10D68000F3F70EFD002840F0DF8076493846F3F7C7
:10D6900025FD00B1734F96F8703077670C2B28BFCB
:10D6A0000C23052B38BF052386F87030626892F88A
:10D6B0007130082B28BF0823052B38BF052382F8BB
:10D6C0007130626892F94C301E2BA8BF1E236FF098
:10D6D00008018B42B8BF0B4682F84C30626892F862
:10D6E0007330012B28BF012382F873306768D7F8A5
:10D6F000A46000213046F3F7D3FC002840F0A68058
:10D7000059493046F3F7EAFC00B1574E97F82131FA
:10D71000C7F8A460022B28BF022387F82131626872
:10D7200092F87B30012B28BF012382F87B3063689D
:10D73000B3F87C2042F210718A4228BF0A46A3F84F
:10D740007C2093F87E20012A28BF012283F87E20C6
:10D750006268D2F88030B3F5E13F28BF4FF4E1337F
:10D76000B3F5165F38BF4FF41653C2F8803092F805
:10D7700084300E2B28BF0E2382F884306368B3F800
:10D78000CA211AB941F26802A3F8CA2193F8952078
:10D79000012A28BF012283F89520626892F8CC31D3
:10D7A000012B28BF012382F8CC31626892F89630B1
:10D7B000012B28BF012382F89630626892F89C30D2
:10D7C000022B28BF022382F89C30626892F8203135
:10D7D000012B28BF012382F820316668D6F8247116
:10D7E00000213846F3F770FC28B14FF07E513846DF
:10D7F000F3F760FC08B9C6F8248196F82931012BAB
:10D8000028BF012386F82931626892F8CD31012BB7
:10D8100028BF012382F8CD31626892F8CE31012B06
:10D8200028BF012382F8CE3128460AF0D6FC76B014
:10D83000BDE8F0810027DFE60027EEE60027FDE6E1
:10D8400000270AE7044F17E7054F24E700265DE7A6
:10D850000000A041000010410000164300401C459C
:10D860009A99F9400000FA4300002041426892F87A
:10D870004E305B003B2BDCBF002382F84E308068CB
:10D8800003681B68184700002DE9F04314464268FE
:10D8900092F89C3087B0151D63B98DF804108DF88F
:10D8A00005300295214601A80593FFF754FA07B009
:10D8B000BDE8F083012B1FD10269D2E90289D2E9C8
:10D8C00004678DF804108DF8053040460EA3D3E9A7
:10D8D000002349460295F2F7EFFDF3F79DF80AA3FE
:10D8E000D3E90023039039463046F2F7E5FDF3F71C
:10D8F00093F800230490D5E7D2E90A89D2E90C67AE
:10D9000001238DF80410DEE70000000080842E4122
:10D910002DE9F047171DA8B0044689461546A449CD
:10D920000A2238461E4616F042FF00284AD105F169
:10D930000E0015F012FDF3F7B7F84FF07E510546D3
:10D94000F3F7AEFB20B99B492846F3F7C7FB30B18C
:10D950009949304628B0BDE8F04717F08AB8294603
:10D9600094486768F3F7B2FA4FF07E51F3F7F0F896
:10D9700038602046FFF77AFF63684FF07E511868E1
:10D98000F3F7E8F801468B48F3F7A0FA0546F3F7FA
:10D99000C5FB0446F3F792F901462846F3F7D8F899
:10D9A0008649F3F7DFF94FF07C51F3F7D3F8F3F73B
:10D9B000B5FB834903462246304628B0BDE8F04710
:10D9C00016F034BE7F490322384616F0F0FE50B9F7
:10D9D000E81D15F0C2FCF3F767F86568286020467B
:10D9E000FFF744FF49E378490B22384616F0DFFE83
:10D9F00038B905F10F0015F0B3FC636883F87900BE
:10DA0000EDE772491322384616F0D1FEC0B905F190
:10DA1000170015F0A5FC00286368B8BF033080101C
:10DA200083F87A002046FFF721FF6368684993F87E
:10DA30007A209200304628B0BDE8F04716F0F6BDD7
:10DA400064490B22384616F0B2FE38B905F10F00D2
:10DA500015F086FC636883F87300C0E75E49102206
:10DA6000384616F0A4FE60B95C49022205F11400A4
:10DA700016F09DFE6368B0FA80F0400983F87200EA
:10DA8000ADE757491622384616F091FE90B905F1D8
:10DA90001A00FFF77BFB431E012B01D9A82801DDEB
:10DAA000504956E7636883F84F00A0680368DB6954
:10DAB000984794E74C491022384616F078FEA8B9EA
:10DAC00005F11400FFF762FB431E3A2B01D9F02841
:10DAD00002DD46493C22ADE7636800EBD0704010A0
:10DAE00083F84E00A06803689B69E1E740490F2274
:10DAF000384616F05CFE38B96068102205F1130153
:10DB0000583002F01BFB6AE73A490822384616F003
:10DB10004EFE38BB05F10C0240216846FEF7ECFFD3
:10DB2000F0B16846FDF7EAFFD0B110A8FDF7C4FFD9
:10DB300040220DEB02006946FEF77CF8A0680368FE
:10DB400010A99B6D98472C49304616F092FF202271
:10DB500010A906F12100FEF797FF28B0BDE8F08775
:10DB60002649F6E626490522384616F020FE00280A
:10DB70004CD1244905F1080212F8013F2BB9606825
:10DB8000202205F109010430BBE73A2B09D8292BE3
:10DB9000F2D92A3BDBB221FA03F3DB07ECD51A49B1
:10DBA000D7E63F2BFBD05B3B022BE5D8F7E700BF66
:10DBB000297A02080000C842347A02080000204195
:10DBC000537A0208607A0208647A0208707A0208BE
:10DBD000847A0208A07A0208AC7A0208FC8402085F
:10DBE000BD7A0208D47A0208C37A0208F97A0208D8
:10DBF000217B0208317B02083A7B02085C7B020829
:10DC00006B7B020805000100DD7D0208A4490722A4
:10DC1000384616F0CCFDC0B9A249032205F10B002D
:10DC200016F0C5FD6368B0FA80F0400983F84D0036
:10DC30002046FFF71BFE63689B4A93F84D109B4BF1
:10DC400000290CBF1146194683E699490F22384630
:10DC500016F0ADFDD0B9133596490222284616F0CC
:10DC6000A6FDD8B194490422284616F0A0FDB0FACA
:10DC700080F04009636883F8CC012046FFF7F6FD89
:10DC800063688E4A93F8CC118D4BD9E78D490A22EF
:10DC9000384616F08CFD18B90E35DDE70120E9E7AE
:10DCA00089490622384616F082FD8046002857D161
:10DCB00004F11C0305F10A0118461D4616F0D9FEB1
:10DCC0002C23042210A92846FEF73AFF071E45DD43
:10DCD0001098414616F0D4FA012F82463ED0119892
:10DCE000414616F0CDFA022F814637D0129815F032
:10DCF00037FB032F054604D0139815F031FB5FFA6C
:10DD000080F872495046F3F7DFF938B3704950464E
:10DD1000F3F7D0F910B3EDB26B1F072B1ED8A8F1A3
:10DD20000503032B1AD86B494846F3F7CDF9A8B180
:10DD300069494846F3F7BEF980B1636883F87050CB
:10DD4000636883F871806368A068C3F848A0C3F86B
:10DD5000749003681B6898476049FAE56049F8E5E4
:10DD600060490422384616F022FD38B905F1080052
:10DD7000676815F0F2FAC7E90A0130E65A49042249
:10DD8000384616F014FD38B905F10800676815F03B
:10DD9000E4FAC7E90C0122E654490822384616F095
:10DDA00006FD78B905F10C0015F0D7FAF2F77CFE04
:10DDB00000210546F3F788F910B163681D650EE68A
:10DDC0004B49C6E54B490822384616F0F0FC70B9BD
:10DDD00005F10C0015F0C1FAF2F766FE00210546C8
:10DDE000F3F772F90028EBD063685D65F7E5424907
:10DDF0000A22384616F0DBFC60B905F10E0015F07A
:10DE0000AFFAC0B2402803D8636883F87800E6E52B
:10DE10003A499EE53A491222384616F0C8FCB0B994
:10DE200005F1160015F099FAF2F73EFE00210546BD
:10DE3000F3F74AF948B14FF07E512846F3F73AF923
:10DE400018B16368C3F82451C9E52E4981E52E490C
:10DE50001122384616F0ABFC78B905F1150015F023
:10DE60007FFA6B7D303B092B05D8FF2803D8636808
:10DE700083F82801B3E525496BE525491522384685
:10DE800016F095FC002847D1616805F1190001F2F0
:10DE90002911FFF789F900287FF4A1AD1D4958E544
:10DEA000717B02087A7F0208D4790208BD790208E2
:10DEB000797B0208FC8402080C7F0208097A0208B8
:10DEC000EA790208897B02081C83020800001643D5
:10DED00000401C450000E0400000FA43947B02082B
:10DEE000A97B0208C57B0208CA7B0208CF7B020817
:10DEF000D87B0208D27C0208F27B0208FD7B020874
:10DF00000B7C02081E7C0208427C0208547C02083A
:10DF1000757C02088B7C02087F491122384616F076
:10DF200046FC28B17D490B22384616F040FC50B91A
:10DF30002B796168662B0CBF05F1150005F10F0008
:10DF400001F2CD11A5E776491322384616F02FFCD1
:10DF500028B174490D22384616F029FC50B92B79A6
:10DF60006168662B0CBF05F1170005F1110001F582
:10DF7000E7718EE76C490F22384616F018FC78B925
:10DF800005F1130015F0E9F9F2F78EFD00210546C1
:10DF9000F3F79AF800283FF413AF63689D661EE517
:10DFA00062490B22384616F002FC98B963680E35B8
:10DFB000A83315F8011F21B16268A8329A1A762A8F
:10DFC00002D900221A700AE57C2908BF0A2103F849
:10DFD000011BEEE756490F22384616F0E8FB60B900
:10DFE00005F1130015F0BCF9C0B2022803D863682C
:10DFF00083F82101F3E44F49ABE44F490C22384642
:10E0000016F0D5FB18BB10354C490322284616F0F4
:10E01000CEFBA0B14A490722284616F0C8FB68B1DA
:10E0200048490822284616F0C2FB60B1464906223C
:10E03000284616F0BCFB40B144498AE401206368DD
:10E0400083F82201CBE40220F9E70320F7E74049F7
:10E050000322384616F0ABFB88B9E81D15F080F9AD
:10E06000636883F84C002046FFF700FCD4E90120E8
:10E07000036892F94C10DB6A9847364969E4B9F1B4
:10E08000000F11D134490522384616F090FB58B9DB
:10E0900005F1090015F061F9F2F706FD6568A8645D
:10E0A0002046FFF7E3FB57E62C490F22384616F0CF
:10E0B0007EFB68BB05F1130015F04FF9F2F7F4FC95
:10E0C00063680146C3F8A400E06803689B6898474A
:10E0D000C0B12046FFF7CAFB6368D3F8A440002113
:10E0E0002046F2F7D3FF08B11D4932E42046F2F78B
:10E0F0008BF90B461B490246304628B0BDE8F04775
:10E1000016F094BA636818490022C3F8A42020E4EA
:10E1100016493A468EE400BFA57C0208AB7C020893
:10E12000B77C0208BD7C0208CB7C0208DB7C0208BD
:10E13000E77C0208F77C0208107D02087A7F02085B
:10E14000807F02088A7F0208957F02081D7D0208F1
:10E150004F7D0208EF720208537D0208597D0208C4
:10E16000697D02088D7D0208A97D0208CA7D02082A
:10E170002DE9F041151D96B006460F469046994987
:10E18000092228461C4616F012FB28BB73684FF084
:10E190007E511868F2F7DEFC01469348F2F796FECE
:10E1A0000646F2F7BBFF0546F2F788FD014630460A
:10E1B000F2F7CEFC8D49F2F7D5FD4FF07C51F2F726
:10E1C000C9FCF2F7ABFF8A4903462A46204616B03F
:10E1D000BDE8F04116F02ABA86490222284616F018
:10E1E000E6FA30B97368186801F0C2FF0246824946
:10E1F00009E082490A22284616F0D9FA48B973681C
:10E2000093F879207E49204616B0BDE8F04116F01B
:10E210000DBA7C491222284616F0C9FA20B9736853
:10E2200093F87A209200EDE777490A22284616F003
:10E23000BEFA18B9736893F87320E3E773490F22A5
:10E24000284616F0B4FA40B9736893F87210704A11
:10E25000704B002918BF1A46C9E76F491522284696
:10E2600016F0A5FA18B9736893F84F20CAE76B49FE
:10E270001122284616F09BFA18B97368D3F82401C6
:10E28000B2E767491022284616F091FA20B9736860
:10E29000644993F82821B6E763491422284616F00A
:10E2A00086FA18B9736893F82911D0E75F491022EC
:10E2B000284616F07CFA28B15D490A22284616F055
:10E2C00076FA18B9736893F8CD11C0E7594912224C
:10E2D000284616F06CFA28B157490C22284616F049
:10E2E00066FA18B9736893F8CE11B0E76FB953495D
:10E2F0000B22284616F05BFA38B9B06803685B6CED
:10E30000214616B0BDE8F04118474D490A2228467B
:10E3100016F04DFA18B9B06803689B6CF0E74949EC
:10E320000F22284616F043FA28B147490F22284603
:10E3300016F03DFA18B9B0680368DB6CE0E74FB936
:10E3400042490B22284616F032FA18B9B068036821
:10E350001B6DD5E73E490F22284616F028FA20B952
:10E36000736893F84E2052004CE73A490E22284633
:10E3700016F01DFA10B97268583238E7DFB936491D
:10E380000722284616F013FAA8B9B06803685B6D37
:10E390009847402206A9FDF729FC1C36024606A92B
:10E3A0003046FEF771FB14493246204616F03EF91E
:10E3B00016B0BDE8F08129490422284616F0F7F985
:10E3C00010B97268043212E725490622284616F071
:10E3D000EEF9002846D173680E4A93F84D100C4BA5
:10E3E00037E700BFEE7D02080000C8420000204170
:10E3F000F87D0208027E0208057E02080A7E0208F5
:10E40000157E02081A7E02082D7E0208387E020858
:10E410007A7F0208FC840208487E02085E7E0208B9
:10E42000707E0208817E0208867E02089B7E0208BA
:10E43000A17E0208AC7E0208B27E02086D8302084B
:10E4400098830208BF7E0208CF7E0208C1830208BB
:10E450004E7E0208DF7E0208EE7E0208F67E02088B
:10E46000FB7E020899490E22284616F0A0F928B131
:10E4700097490922284616F09AF918B9736893F853
:10E48000CC11E4E693490322284616F090F928B906
:10E490007368D3E90A01F2F707FBA5E68E49032268
:10E4A000284616F084F918B97368D3E90C01F2E72D
:10E4B0008A490522284616F07AF9E8B97368986CFB
:10E4C00001F056FE014602A816F0D3FA7368586FA1
:10E4D00001F0C4FE014606A816F0CBFA7368804925
:10E4E00093F87120019293F87030009302AA06AB62
:10E4F000204616F09BF85BE77A490722284616F07B
:10E5000056F910B97368186D6EE6774907222846E8
:10E5100016F04DF910B97368586D65E67349092214
:10E52000284616F044F918B9736893F8782069E61C
:10E530006F490E22284616F03AF910B97368986EA2
:10E5400052E66C490A22284616F031F990B9224663
:10E550003E2302F8023B202363707168A73111F853
:10E56000013F0BB9137023E70A2B08BF7C2302F885
:10E57000013BF4E760490E22284616F018F918B955
:10E58000736893F821213DE65C490B22284616F07A
:10E590000EF998B9736893F8223133B95849204677
:10E5A00016B0BDE8F04116F064BA012B01D155490F
:10E5B000F5E7022B0CBF54495449F0E754490222B5
:10E5C000284616F0F4F840B998F8063013F0DF0F3B
:10E5D00003D1736893F94C2014E64E49042228466F
:10E5E00016F0E5F810B97368986CFDE54A490A22FF
:10E5F000284616F0DCF878B94849204616F039FA72
:10E60000B06803685B6D984720220146A01C16B0D5
:10E61000BDE8F041FEF738BA41490422284616F019
:10E62000C6F820B9B0680368DB689847DEE53D4965
:10E630000B22284616F0BBF808B93B4AD7E53B4900
:10E640000E22284616F0B3F808B93949A7E7394928
:10E650000E22284616F0ABF8B0B9F0680368DB6804
:10E66000984700210546F2F711FD08B1324996E7B7
:10E670002846F1F7C9FE0B4630490246204616B03F
:10E68000BDE8F04115F0D2BF2D490E22284616F004
:10E690008EF808B92B4982E72B490D22284616F03F
:10E6A00086F808B929497AE729491122284616F03F
:10E6B0007EF80028F6D027490D22284616F077F874
:10E6C0000028EFD024492A469DE500BF027F0208BA
:10E6D000117F02081B7F02081F7F02084A8502087B
:10E6E000237F0208317F02084A7F0208397F02082F
:10E6F000437F0208527F02085D7F02086C7F020898
:10E70000787F02087E7F0208887F0208937F0208D4
:10E710009C7F02089F7F0208A47F02085D750208A3
:10E72000AF7F0208B47F0208AD700208C07F020804
:10E73000CF7F0208E27F0208A97D0208F17F02086C
:10E74000F87F02080780020815800208238002086B
:10E75000498002085B80020869800208F0B5002346
:10E7600087B013700446154608462023042202A9E8
:10E77000FEF7E6F90128074606D002280BD1974993
:10E780000398F2F77BFD48B96069A022294601F0A1
:10E790001FFA07B0F0BD012840F37B81039E90492A
:10E7A0003046F2F76BFD20B9A06803681B6F9847ED
:10E7B000EFE78C493046F2F761FDC0B9D4E90006B5
:10E7C00003681B689847C6F8A0002046FFF74EF87C
:10E7D000A06803685B6F9847834A8449002808BF94
:10E7E0001146284607B0BDE8F04016F042B9022FA6
:10E7F00063DD7F493046F2F741FD60B904996069F5
:10E8000001F0FAF828B1037923F001030371774985
:10E81000E7E77849E5E778493046F2F72FFD48B950
:10E820000499606901F0E8F80028F2D0037943F018
:10E830000103EBE771493046F2F720FD38BB04993C
:10E84000606901F0D9F806460028E2D04188606985
:10E8500001F010F93379721D70B1018861B1684916
:10E8600013F0010F674B18BF0B4600936649431D19
:10E87000284615F0DBFE8CE7624913F0010F2846AD
:10E880005F4B08BF0B46614915F0D0FE81E7604938
:10E890003046F2F7F3FC08BB0499606901F0ACF86C
:10E8A00006460028B5D00146606901F0FEF85949D6
:10E8B000721D284615F0BAFE6BE740F0EA80544915
:10E8C0003046F2F7DBFC002845D1606901F0EAF838
:10E8D00010B1421D5049ECE7504AFBE75049304621
:10E8E000F2F7CCFC002846D1049F4E493846F2F797
:10E8F000C5FC064660696EB9314601F0E0F8A068D3
:10E90000036831469B6F9847A06803685B6F984720
:10E91000454966E7394601F06FF8064638B90023E5
:10E92000049960691A4601F019F8064688B1002377
:10E9300033716069314601F0C2F8A068036831465E
:10E940009B6F9847A06803685B6F98473749721DB3
:10E95000AFE7374945E732493046F2F78FFC0028E8
:10E9600040F09780606901F0A4F810B1421D314970
:10E970009FE72C4AFBE730493046F2F77FFCB8B9F5
:10E98000032F606905D0059901F036F818B92B49B5
:10E9900027E700F28C40028804996069002300F0A8
:10E9A000DDFF08B926491CE700232649037118E753
:10E9B00025493046F2F762FC00284BD10499606982
:10E9C00000F09CFF014638B1606901F07CF8002836
:10E9D0007FF41DAF1D4904E71D4902E7848002084A
:10E9E000898002088E80020870800208EF72020897
:10E9F000938002089A800208AF800208B58002085E
:10EA00002212030878160308B9800208C58002089C
:10EA1000CC800208D1800208E180020882800208CE
:10EA2000ED8002080B810208F580020812810208BD
:10EA30002B810208438102087D8102085881020867
:10EA40006D81020881810208968102089D81020879
:10EA5000AD81020810493046F2F710FCC8B9049E97
:10EA60000E493046F2F70AFC38B10D493046F2F74C
:10EA700005FC08B10B49B4E6012000906069012350
:10EA8000A022294601F0BEF800287FF482AE064994
:10EA9000A7E60649A5E600BF5F8402089772020850
:10EAA000BD810208C481020814700208E4810208D2
:10EAB0002DE9F04F14468DB00546884608228C4952
:10EAC00020461E4615F073FE28B18A4908222046CA
:10EAD00015F06DFE30B9E86803681B6A0DB0BDE83B
:10EAE000F04F184784490622204615F060FE18B9F9
:10EAF000E8680368DB69F1E780490922204615F0E0
:10EB000056FE28B928687E4903685B689847EFE796
:10EB10007C490E22204615F04AFE80B9A27B12F0F5
:10EB2000DF020CD1A868036840F2DC515B699847AA
:10EB3000754930460DB0BDE8F04F15F09ABF7349E6
:10EB40000622204615F033FE40B9A868036840F25B
:10EB5000DC515B69012298476D49EAE76D490A2259
:10EB6000204615F024FE30BB286803681B689847D0
:10EB700080451ED9286803685B6808F10101984741
:10EB8000286803681B689847014604A809F094F8B0
:10EB90009DF810309DF813205F4903F5FA63029346
:10EBA0009DF8113001939DF8123000939DF81430B8
:10EBB00053E05A49BDE75A490922204615F0F7FDAE
:10EBC00050B9E8686968036832469B6B043198471E
:10EBD000002845D15349ACE753490922204615F096
:10EBE000E6FD90B9EC682368DF6BA86803685B6892
:10EBF00098476B68019603F5A5710246009103F5ED
:10EC000095734A492046B847E2E749490A22204617
:10EC100015F0CDFD18B9EC6823681F6CE5E7454990
:10EC20000522204615F0C3FDE8B9286803681B6873
:10EC30009847014604A809F03FF89DF810309DF868
:10EC400013203D4903F5FA6302939DF811300193B7
:10EC50009DF8123000939DF81430304615F0E6FC14
:10EC60000DB0BDE8F08F35490522204615F09FFD17
:10EC700080B9601DFEF78AFA0446286803681B689D
:10EC80009847844204D92868036821465B6876E780
:10EC90002B494EE72B490922204615F088FD38B94B
:10ECA000A86803681B6B31460DB0BDE8F04F1847EC
:10ECB00025491022204615F07AFD00284AD110344B
:10ECC0002046F2F7E5FA402828BF402047102246A8
:10ECD000394604A8FDF710FF38B1A868036804A9F5
:10ECE0005B6B3A469847194923E7194921E700BF6A
:10ECF000F6810208FF8102080B82020808820208DE
:10ED0000EF93446612820208218202083A820208C6
:10ED100041820208528202085D820208868202084D
:10ED2000A5820208AF820208B5820208F16F0208CC
:10ED3000BF820208CA8202086D820208D0820208DD
:10ED4000D682020834730208F7820208EF720208C2
:10ED5000088302089C490A22204615F028FD074630
:10ED600000286BD105F11C0304F10A0118461C466A
:10ED700015F07FFE2C23052204A92046FDF7E0FEB6
:10ED8000B0F1000858DD0498002115F079FAB8F1C7
:10ED9000010F834646D00598002115F071FAB8F1AD
:10EDA000020F814643D0069814F0DAFAB8F1030F47
:10EDB0005FFA80FA3ED0079814F0D2FAB8F1040F47
:10EDC000C4B203D0089814F0CBFA07467F495846DE
:10EDD000F2F77AF980B37E495846F2F76BF958B3E7
:10EDE000AAF10503072B27D8631F032B24D87949E1
:10EDF0004846F2F769F9F8B177494846F2F75AF907
:10EE0000D0B1002F18DDA8680368CDE900474A4655
:10EE1000DC6E59465346A04770493A46304615F0D5
:10EE200005FC1DE70024A2464FF00009CEE70024B0
:10EE3000A246CBE70024C9E769497AE66949092275
:10EE4000204615F0B4FC90B96868102204F109015D
:10EE5000383001F073F92846FEF708FD6A68624908
:10EE6000383230460DB0BDE8F04F15F0DFBB5F49DA
:10EE70001122204615F09BFC28B9A86803681B6E78
:10EE800098475B4955E65B491022204615F08FFCF8
:10EE900028B9A86803685B6E9847574949E65749FF
:10EEA0001122204615F083FC28B9A86803689B6EE0
:10EEB000984753493DE653490B22204615F077FC0D
:10EEC00028B9A8680368DB6D98474F4931E64F4978
:10EED0000422204615F06BFC40B9334622464146D9
:10EEE00028460DB0BDE8F04FFFF742B9484904226B
:10EEF000204615F05CFC40B9334622464146284680
:10EF00000DB0BDE8F04FFEF703BDB8F1000F0FD113
:10EF100040492046F2F7B2F950B9A86803681B6966
:10EF200098473D4A3D4B3E49002818BF1A4698E78E
:10EF30003C490322204615F03AFC88B9A8680368CA
:10EF40005B6898470446A86803689B6898473649F9
:10EF50000346224630460DB0BDE8F04F15F066BBC3
:10EF600032490522204615F022FC28B9E8680368DA
:10EF70001B6998470146DCE52D490B22204615F018
:10EF800016FC0746002859D104F10B082C692368A8
:10EF90002046DB6898470546BD420FDD23683946A9
:10EFA0001B69204698474146F2F768F940B9236843
:10EFB00039465B6920469847024618B91D49B8E5AD
:10EFC0000137E9E71C494CE71883020800001643A3
:10EFD00000401C450000E0400000FA432383020883
:10EFE00040830208277B02085683020867830208D1
:10EFF0007983020892830208A3830208BB83020874
:10F00000CD830208E6830208F283020831840208F5
:10F010003D8402081B850208ED810208EF72020898
:10F0200005840208CB7F02081B840208C47D020805
:10F030002A840208F1810208057E020888490B2211
:10F04000204615F0B4FBF8B905F11C0304F10B01DF
:10F0500018461C4615F00DFD2023022204A9204667
:10F06000FDF76EFD00280ADD0128049908D0059AF5
:10F07000286903689B69984720B17A4959E57A491C
:10F080007A4AF5E77A4954E57A490B22204615F089
:10F090008EFB0746002842D128690368DB68984741
:10F0A00080462046F2F7F4F80B2804D904F10C004E
:10F0B000FEF76CF80746474501DB6F4939E56F49B4
:10F0C000DFF8BC914246304615F0B0FA3046F2F710
:10F0D000DFF83418A31B852B05DD47451BDA69498A
:10F0E0003A462046BEE62869036839461B699847B8
:10F0F00082462869036839465B6998475246034649
:10F100004946204615F092FA2046F2F7C1F8013739
:10F11000B8450444DED1002304F8013CA0E55A4977
:10F120000822204615F043FB28B9237A13F0DF0F9D
:10F1300001D15649FDE456490622204615F037FB19
:10F1400038B93246214628460DB0BDE8F04FFFF7EA
:10F1500005BB50490E22204615F029FB38B96B68D3
:10F16000012283F895202846FEF780FB85E74A496F
:10F170000F22204615F01BFB18B96B6883F8950029
:10F18000F1E746490B22204615F011FB38B96B68B0
:10F1900093F895300BB14249CBE44249C9E4424966
:10F1A0000922204615F003FB30B9A8680368012145
:10F1B0001B6A98473D49BCE43D490822204615F0AA
:10F1C000F6FA014628B9A86803681B6A98473949C6
:10F1D000AFE439490922204615F0E9FA28B9A868B0
:10F1E00003685B6A98473549A3E4B8F1000F35D14D
:10F1F00033490322204615F0DAFA28B9A8680368D3
:10F200009B6A98472F4994E42F490D22204615F018
:10F21000CEFA38B9637B13F0DF0F03D1A868036817
:10F220001B6C40E529490B22204615F0C0FA38B97D
:10F23000E37A13F0DF0F03D1A8680368DB6B32E5D4
:10F2400023490A22204615F0B2FA38B9A37A13F0FE
:10F25000DF0F03D1A86803689B6B24E51D4968E4B0
:10F26000368402085F71020822120308F181020845
:10F2700042840208588402086484020872840208E6
:10F280007B840208828402088E8402089784020824
:10F29000A8800208BC840208CB840208DB84020830
:10F2A000FC8402087A7F0208E7840208F1840208DD
:10F2B000FF840208088502081785020821850208D4
:10F2C000077002082F850208368502084485020867
:10F2D000508502085B85020830B50D46CBB0B049B9
:10F2E0000446284608F06FFE02A8AD4A01232946CD
:10F2F00008F053FE02A808F0B8FF002800F04D8186
:10F3000000236168042202A8CDE9003308F06FFEF3
:10F3100061682022043102A808F069FE04226946CF
:10F3200002A808F064FE6168082228310DEB020093
:10F3300008F05DFE6168082230310DEB020008F034
:10F3400056FE61681022383102A808F050FE61684C
:10F350000422483102A808F04AFE616801224C31BB
:10F3600002A808F044FE616801224D3102A808F0AD
:10F370003EFE616801224E3102A808F038FE0122EB
:10F38000694602A808F033FE61680422503102A8E1
:10F3900008F02DFE61680422543102A808F027FE0F
:10F3A00061681022583102A808F021FE6168042229
:10F3B000683102A808F01BFE0422694602A808F082
:10F3C00016FE61680122703102A808F010FE616823
:10F3D0000122713102A808F00AFE6168012272312F
:10F3E00002A808F004FE61680122733102A808F047
:10F3F000FEFD61680422743102A808F0F8FD61681E
:10F4000001227A3102A808F0F2FD6168012201F2BE
:10F41000211102A808F0EBFD6168012201F591714C
:10F4200002A808F0E4FD0122694602A808F0DFFD09
:10F4300061680122783102A808F0D9FD61680122D3
:10F440004F3102A808F0D3FD61680122793102A88A
:10F4500008F0CDFD616801227B3102A808F0C7FDEC
:10F46000616802227C3102A808F0C1FD61680122B6
:10F470007E3102A808F0BBFD61680422803102A839
:10F4800008F0B5FD61680122843102A808F0AFFDE3
:10F4900061681022853102A808F0A9FD6168012287
:10F4A000953102A808F0A3FD0322694602A808F0DE
:10F4B0009EFD61680122963102A808F098FD6168FE
:10F4C0000422983102A808F092FD616801229C3163
:10F4D00002A808F08CFD61680422A03102A808F09F
:10F4E00086FD61680422A43102A808F080FD6168ED
:10F4F0007822A83102A808F07AFD6168012201F59E
:10F50000907102A808F073FD6168042201F5927100
:10F5100002A808F06CFD6168012201F5947102A84F
:10F5200008F065FD6168012201F2291102A808F0C6
:10F530005EFD6168202201F5957102A808F057FD73
:10F540006168402201F5A57102A808F050FD6168CC
:10F55000402201F5C57102A808F049FD6168022248
:10F5600001F5E57102A808F042FD6168012201F58C
:10F57000E67102A808F03BFD6168012201F2CD119D
:10F5800002A808F034FD6168012201F5E77102A8C4
:10F5900008F02DFD02A808F020FE4BB030BD00BFE2
:10F5A0006B85020838B50C4605461049204608F020
:10F5B000FEFC30B1214628460C4ABDE83840FDF734
:10F5C00035BE0B49204608F0F2FC70B121462846B2
:10F5D000074AFDF72BFE21462846FFF77DFE204611
:10F5E0000349BDE8384008F0EEBC38BD6B85020821
:10F5F0007685020870B50546D2B00B46164610490E
:10F600004268684615F012F82868694608F0CFFC91
:10F61000044690B1296800236A460AA808F0BDFC98
:10F620000AA808F022FE044638B10AA93046FCF7C1
:10F63000ADFA04460AA808F0D0FD204652B070BDCD
:10F640008285020830B50446D3B00B4615460F49F3
:10F650004268684614F0EAFF2068694608F0B3FC87
:10F66000216801236A460AA808F097FC0AA808F056
:10F67000FCFD044630B10AA92846FCF79EFA0AA808
:10F6800008F0ABFD204653B030BD00BF82850208B4
:10F6900000207047836910B544695A1CA24208D201
:10F6A00004698261E154026983690021D154012017
:10F6B00010BD0020FCE7F8B505460F4616460024AD
:10F6C000B44201D12046F8BD2B68395D1B6828463D
:10F6D00098470028F6D00134F2E7002070474FF039
:10F6E000FF3070474FF0FF307047704710B5002370
:10F6F0000122C0E9012304460160C0F88C3480F87F
:10F700009034034900F2914015F0B3F9204610BD42
:10F7100082800208A0F12303DBB2162B04D8064A2C
:10F7200042FA03F3DB0704D5402894BF00200120F0
:10F7300070470120704700BFFC1B80FFF0B5434BB2
:10F740000D46002A14BF16461E46E9B0044631464F
:10F75000284608F02CFC18B90026304669B0F0BDE8
:10F7600032460023294620A808F017FC20A808F0FC
:10F770007CFD06460028EFD000230127C4E9017371
:10F780000322694620A808F0EEFC032803D020A835
:10F7900008F023FDE1E7022204F1080120A808F0A7
:10F7A000E2FC02280246F2D1A11D20A808F0DBFCF1
:10F7B00002280546EBD13A4604F5926120A808F0EC
:10F7C000D2FC0128E3D12A46211D20A808F0CBFC59
:10F7D0000228DCD1242765891F2DD8D87D4305F167
:10F7E0000C010222214420A808F0BDFC0228024698
:10F7F000CDD105F10E01214420A808F0B4FC022867
:10F80000C5D105F111011F22214420A808F0ABFC4D
:10F810001F28BCD105F110010122214420A808F0C5
:10F82000A2FC0128B3D1802269460DEB020008F04A
:10F830009AFC8028ABD12544A288AB899A429CBF10
:10F840000133A380638901336381C4E78B85020898
:10F8500070B50C464979242988B00546164606D16C
:10F860002188006808B0BDE8704000F0C5BB2329BE
:10F8700004F1050207D133462868218800F021FCF5
:10F88000012008B070BD232311460DF101008DF851
:10F89000003015F0EEF833466A46EDE72DE9F04FFB
:10F8A000054691B00F46904600F10C064FF0000956
:10F8B0006B894B4505DC4FF0000A504611B0BDE89E
:10F8C000F08F347918EA0404B24608D104236A465A
:10F8D00031462846FFF7BCFF83465C4503DB09F150
:10F8E00001092436E4E739460DEB041000F0ACFBC7
:10F8F000FB888342E1D00134EFE700002DE9F041BD
:10F900000D46064614492846F1F7B8FC18B906F228
:10F910008C40BDE8F0812B78B6F80A80232B08BF15
:10F92000013506F112070024444501DB0020F0E711
:10F9300017F8013C232B3946284618BF07F1FF3141
:10F94000F1F79CFC243720B9242303FB04600C301E
:10F95000DFE70134E8E700BF828002082DE9F843C1
:10F960008846054617461E46013911F8019FB9F130
:10F97000000F0AD141462846FFF7C0FF044668B190
:10F980000388BB4235D0478005E04846FFF7C2FEFA
:10F9900004460028E9D12046BDE8F8836889C6B14D
:10F9A000431C6B812423434303F10C042B440122A9
:10F9B0002C441A742423584305EB00091130A9F88C
:10F9C0000C601F224146284400F0B8FBA9F80E70D5
:10F9D000E1E71F28DFD8431C6B812423434303F155
:10F9E0000C042B4401221A74AE88B3182C44AB804B
:10F9F000E0E74C46CFE700002DE9F0470D4604460E
:10FA00001B492846F1F73AFC20B904F28C44204601
:10FA1000BDE8F0872B78B4F80AA0232B4FF000073D
:10FA200008BF013504F10C06B846BA4501DC44466E
:10FA3000EDE77379232B14BF06F1050906F10609DA
:10FA4000494628463446F1F719FC0028DFD02846FD
:10FA5000F1F71EFC49460246284614F0A8FE00288D
:10FA60000CBF3446444601372436A046DDE700BFCC
:10FA700082800208F0B541B144890023242500F1B9
:10FA80000C06A34204DB002001E000F28C40F0BD34
:10FA900005FB03F2B75A8F4202D10C321044F6E74D
:10FAA0000133EEE7C188FFF7E5BF01B10988C180E6
:10FAB0007047018909B1FFF7DDBF0846704701B102
:10FAC000098801817047F8B50B8863B1418900222C
:10FAD00000F10E042425914207DC002400F10C0201
:10FAE0002426A14208DC00201DE005FB02F6A65BEF
:10FAF0009E42F8D00132EEE706FB04F5575B9F42C9
:10FB000001D00134EDE74B1E9BB21A1B05F1300109
:10FB100072430C35438101449C42C8BF00222844F3
:10FB200014F055FE0120F8BD2DE9F843054688463E
:10FB300014461E46002747451DDB2179637920883E
:10FB400011F0010F04F10502E9881AD0232B194F97
:10FB5000194B08BFA21D884218BF3B4617493046C3
:10FB600010F00BFB05F10C074FF000096B894B45BA
:10FB700011DCBDE8F8832021304610F0D5FA0137BA
:10FB8000D9E7232B0B4F0C4B08BFA21D884218BF8F
:10FB90003B460B49E3E77A8823889A4206D13346ED
:10FBA0003A4608F101012846FFF7BEFF09F10109B5
:10FBB0002437DBE722120308958502084D14030859
:10FBC000978502080B4600F28C420021FFF7ACBF7C
:10FBD00010B588B091B172B100234FF47A74CDE9B9
:10FBE0000512CDE902340B70054C019401A907936D
:10FBF000FFF7E8FF079A104608B010BD0A46FAE77B
:10FC0000A88502082DE9F74F98469DF830A090F896
:10FC10009034009207460D4608EA0303BAF1000F3C
:10FC200002D01BB92C4607E0002BFBD12C462A231F
:10FC300004F8023B2C236B7007F112064FF0000909
:10FC40004FF02C0B7A894A4509DCAC4288BF04F19D
:10FC5000FF340023601B237003B0BDE8F08F16F85B
:10FC6000022C314608EA0202BAF1000F04D02AB988
:10FC700009F101092436E5E7002AF9D116F8012C2B
:10FC8000232A18BF06F1FF3108460191F1F700FB66
:10FC90000246601B009B0199104402309842E7DA4B
:10FCA0002046019214F0EDFE019A144404F801BBC1
:10FCB000DEE70000F0B53B4B0D46002A14BF1646A8
:10FCC0001E46E9B031460446284608F07CF9324623
:10FCD0000123294620A808F060F920A808F0C5FAF9
:10FCE000064670B180220021684614F08AFD032286
:10FCF000694620A808F07BF9032805D020A808F061
:10FD00006CFA304669B0F0BD022204F1080120A867
:10FD100008F06DF902280246F0D1A11D20A808F0D4
:10FD200066F902280546E9D1012204F5926120A86E
:10FD300008F05DF90128E1D12A46211D20A808F02C
:10FD400056F90228DAD104F1100500276389BB4275
:10FD5000D4DD0222291F20A808F049F90228024612
:10FD6000CCD1A91E20A808F042F90228C6D11F2232
:10FD7000691C20A808F03BF91F28BFD101222946A1
:10FD800020A808F034F90128B8D1802269460DEB8B
:10FD9000020008F02CF9802805F12405AED10137C6
:10FDA000D4E700BF8B85020800207047806A704747
:10FDB00040697047836953F8210070476FF06043D2
:10FDC000994270B534BF8E004FF0FF36044630467E
:10FDD0000D46F6F746FB20602846F6F742FB6060CA
:10FDE0003046F6F73EFB0023C4E9020523612046B6
:10FDF00070BD4B1C30B5024605690DD00023184676
:10FE0000AB4200DB30BD946854F82340641A002CE8
:10FE1000D8BF01300133F3E72846F3E71830FFF786
:10FE2000E8BF70B5024604694FF0FF330020FF259C
:10FE300084420ADC002B26DB1168013C51F82300C8
:10FE40001461116999420EDC70BD966856F8206005
:10FE5000761A002E05DC5668365CAE423CBF03467F
:10FE600035460130E4E7990014680431655844F8D8
:10FE700023505468E5186D78E5549468615844F847
:10FE800023100133DDE70020DEE71830FFF7C9BF9C
:10FE90002C30FFF7C6BF02698A4230B5034618DD31
:10FEA0000068013A50F821001A611A698A4200DCA0
:10FEB00030BD8A001C680432A55844F821505C68A3
:10FEC00065186D7865549C68A25844F8212001316A
:10FED000EBE70020ECE700210430FFF7DCBF18302F
:10FEE000FFF7D9BF30B5D0E90354AC420CD0056858
:10FEF00045F8241041680A550269816841F82230AA
:10FF000001320261012030BD0020FCE700231A46C7
:10FF10000430FFF7E7BF70B5044618300D46FFF711
:10FF2000E1FF30B92368294620465B68BDE8704090
:10FF3000184770BD70B51346044600222C300D469C
:10FF4000FFF7D0FF30B92368294620465B68BDE83B
:10FF50007040184770BD00002DE9F0410646134B74
:10FF600046F8043B04460D463046FFF727FF294676
:10FF700004F11800FFF722FF294604F12C00FFF7D7
:10FF80001DFF0027AF4202DB2046BDE8F0814FF4A1
:10FF90008270F6F764FA8046FCF7E3FC00231A4609
:10FFA00041463046FFF79EFF0137EBE7D485020854
:10FFB000431E0F3013F8012F1AB98342FAD10120E2
:10FFC000704700207047F0B5D0F820510F2D04463F
:10FFD00011DCAB1C20F8151000EB031302F1100725
:10FFE000106851681E4603C60832BA423346F7D13C
:10FFF0000135C4F82051F0BD2DE9F0470646002533
:020000040801F1
:100000008E46284606F12008D6F82011A94201DDC7
:10001000984201DBBDE8F08736F81510714511D123
:1000200008EB051C00F1010902EB00140CF1100AA9
:10003000674603CF574520606160BC4604F1080461
:10004000F6D148460135DFE730B5A3B0054604A830
:100050000C4606F017FE10220DEB0200294606F0B2
:1000600078FF23780122C3F383030DF10D0104A867
:100070008DF80D3006F0EEFE628804F14A0104A806
:1000800006F0E8FE02231022009329460DF10E032C
:100090000DEB020006F075FFBDF80E3053B90123D9
:1000A000ADF80E3004A8BDF80E4006F0D1FD204694
:1000B00023B030BD4FF6FF729342F3D14FF6FE737B
:1000C000EEE72DE9F0419846D0F820319EB0054684
:1000D0000E4617460024A34218DC684606F0D2FDFF
:1000E0003846F1F7D5F839460246684606F0B2FEC2
:1000F00041466846102206F0DFFE28464246314659
:10010000FFF761FF684606F0A3FD12E035F8142002
:10011000B24211D1023405EB0414424604F110033B
:10012000254603CD9D42106051602C4602F1080225
:10013000F6D11EB0BDE8F0810134CCE701390244AC
:10014000131A012B02D800230370704711F8013FE6
:10015000002BF8D000F8013BF2E7013810F8013F1E
:100160000BB901207047202BF8D000207047000009
:1001700070B500210646F0F789FF374C054640B1BF
:10018000302323702E22A37000236270E370324864
:1001900070BDC6F3C7537F3B1E2B99B257DC13F1DA
:1001A000170F54DBC6F31602162B42F4000216DDBD
:1001B000173902FA01F0002E40DB0A22214610F026
:1001C000F7F9237822460134002BFAD12E2313703D
:1001D000EDB93021931C517000221A70D7E7002B23
:1001E00008DBC1F11700013142FA00F08A4022F029
:1001F0007F45E0E7DB43002E42FA03F54FF0300382
:1002000020DA63702D222E232270A3700334E11DA7
:1002100023460A2045432A16303203F8012B8B422D
:1002200025F07F45F6D106342278302A234603D1C3
:1002300014F8012D2E2AF7D10133CDE72D2304F830
:10024000013BBAE723702E2363700234DFE73023CB
:100250002370002363709AE7C432002037B5204929
:100260000546F0F77FFD002104462846F0F72CFFF5
:1002700070B34FF07C512046F0F76CFCF0F74EFF66
:100280004FF47A7290FBF2F302FB13000028154C36
:10029000154AB8BF404210210090204614F092F950
:1002A0002046F0F7F5FF0021431E2044002B03DD1C
:1002B00010F8012C302A0ED00A48F0F7E9FF013877
:1002C000235C2E2B04BF00232354064803B030BD0B
:1002D0004FF03F41CFE700F8011D013BE6E700BFCB
:1002E00000007A44B432002000860208F0B50023F2
:1002F0000446E2188B4201D30120F0BD12F8010B35
:1003000001330028F8D00506F4D500F0E002C02A39
:100310001CD110F01F00F0D00122D6188E4213D845
:10032000E71817F8015B05F0C00CBCF1800F03F172
:10033000010309D105F03F059E4245EA8010F0D146
:10034000012A13D17F2816D80020D6E700F0F0024A
:10035000E02A03D100F00F000222DEE700F0F802ED
:10036000F02AF1D100F007000322D6E7022A10D1CB
:10037000B0F5006FE8D3B0F5881FE5D2A0F558427C
:10038000B2F5006FE0D3A0F57D42D03A1F2A05D820
:10039000DAE7A0F58032B2F5801FD5D24FF6FE72B3
:1003A0008243A6D1D0E70000084B98420AD999426F
:1003B0000AD901F5283101F5407188428CBF00202F
:1003C000012070470020704701207047FFE00B5E5E
:1003D0002DE9F04F1546C9B01022074689460DEBAE
:1003E00002000021DDF848B19A464FF0000814F0F1
:1003F00008FACDF808907A1E4446A14508F1010894
:1004000003D012F80830002BF6D121463846039469
:10041000FFF76CFF51468DF81D0006462846FFF792
:10042000C3FF002205468DF81E0013464FF6FF71EC
:10043000C845C0F0BA800AB1ADF81A300DF12008F5
:100440004FF480720021404614F0DBF9002213467D
:10045000914694461046A04240F0B2800AB1ADF8F1
:100460001230B9F1000F01D0ADF810C0002C00F02F
:10047000F5800DF1200A00274FF000084FF0000929
:100480001AF8010B18B3EFF79DFFCDE900012046E4
:10049000EFF798FF02460B46DDE90001F0F736F969
:1004A00002460B46CDE9002311F006F86EA3D3E90E
:1004B0000023F0F72BF9DDE90023EFF7FDFF0246FB
:1004C0000B4640464946EFF73FFE804689460137D6
:1004D000B7F5807FD4D1664B002240464946F0F7FD
:1004E00071FA002840F0B880624B0022404649462D
:1004F000EFF7E2FF00224FF07F53EFF7DDFFF0F759
:10050000B3FAC0B28DF81C00642706B9413F05B9A3
:100510000F3FBDF81A3003B1233FACB3BDF810C094
:10052000BDF81210BDF81420BDF81630642606FB85
:100530000CF5B5FBF4F5312D06FB01F106FB02F2DB
:1005400006FB03F3B1FBF4F104D8BDF8186066456F
:1005500038BF193F2D2988BF0F3FA24206D3B2FBF7
:10056000F4F20B2A34BF19222D22BF1AA34206D35C
:10057000B3FBF4F3062B34BF19232D23FF1A4828AD
:1005800002D94A2D98BF193FBBF1000F07D002AC2A
:100590000FCCABE80F0094E803008BE8030027EAD8
:1005A000E770C0B249B0BDE8F08F17F8080020B17D
:1005B0008B421EBF01339BB2012208F1010837E7CD
:1005C00017F8011B18F801E0BEF1FF0F18BF0EF17C
:1005D000010EA1F1200A18BF08F801E0BAF15E0F80
:1005E00000F1010E0BD80CF1010C20291FFA8CFC34
:1005F00002D101339BB201224FF0010909E0A1F1C0
:10060000090ABAF1010F01D90D2904D101339BB2B6
:10061000012270461FE71F2901D97F2905D1BDF8A6
:1006200014100131ADF81410F3E7BDF818A0EF294C
:100630000AF1010AADF818A0EBD102308442E8D9E2
:100640003978BF29E5D17978BD29E2D1BDF81610F6
:100650000131ADF81610DCE7642053E72046372758
:1006600053E700BFAFF30080EF39FAFE422EE63FBA
:100670000000204000005940024A137843F0100364
:1006800013707047D432002038B5044640680A49D8
:100690000368D3F8B0309847084BA06800251D7058
:1006A00003681B6B9847012801D1FFF7E5FFA5619F
:1006B000A583256238BD00BF79060108D432002029
:1006C000838B41833F2B82BF002383830362704768
:1006D000034B187800F0EF00431E58425841704712
:1006E000D43200202DE9F041174E347814F0100474
:1006F00005460F46904616D0406803680121DB6E20
:100700009847041E0DDD686844450368A8BF444649
:100710001B6B22463946984790B16B6901336B6178
:100720000024002333703378012B06D068680368F7
:100730009B69984708B9012333702046BDE8F081D2
:10074000EB680133EB60ECE7D4320020406808B579
:100750000368DB6F98474FF47A73B0FBF3F008BD82
:1007600010B50446406803689B6A9847A068036810
:100770009B699847014B00221A7010BDD4320020AB
:1007800040680368D3F89C301847000070B5094EE4
:100790003378DB0604460CD40368DB6B98470546C8
:1007A00038B9236820461B6C984735702583A5838C
:1007B000256270BDD432002010B5174B1A78838B98
:1007C000012A044617D13F2B17D80368DB6B9847E3
:1007D00080B9236820469B6C9847F0F79FFCB4F9DA
:1007E00018300D33984205DCA38B0133A383236AB1
:1007F0000344236210BD3F2BFCD9236A002BF9D0A0
:10080000B8BF3F3343F38F136FF077029342B8BF03
:10081000134623830023ECE7D432002006490B78EB
:10082000024613F0100005D000230B70136901334A
:1008300013610120704700BFD43200200739234BD9
:100840002DE9F04153F82180044601464046154603
:10085000F0F744FCC0BB2846EFF7C4FD1C4B002258
:10086000EFF72AFE02460B4600201A49EFF76CFC10
:1008700006460F4620464146F0F76AF9EFF7C4FDF9
:10088000154B0022EFF742FF02460B463046394631
:10089000EFF712FE0F4B002204460D46F0F77EF8EC
:1008A00060B10022002320462946F0F795F840B1B8
:1008B00020462946F0F7F8F8BDE8F081054D002400
:1008C000F6E700240025F3E70020F5E70886020894
:1008D0000000703F0000F03F00002440406808B571
:1008E00003681B699847024B00221A7008BD00BFBD
:1008F000D4320020F8B50446806803685B690D4671
:10090000164698476068036832465F6A29460023A6
:10091000B84720B9064B03221A700120F8BD2046C3
:10092000FFF7DCFFA06803689B6998470020F5E7A4
:10093000D4320020406808B503689B69984710B915
:10094000014B01221A7008BDD432002038B5B0F92D
:100950001A30054673B10368DB6C9847064B0446B2
:10096000002228461A70FFF7E5FF14F10F0018BFA8
:10097000012038BD1846FCE7D43200200846114655
:1009800006291A4601DDFFF759BF002070470020F5
:1009900070470000F0B51D4F1D4CD7F8E03585B00D
:1009A000002200921B4A04EA832303EBC12307CAF7
:1009B00001AD85E80700D7F8E02504EA822203F1BB
:1009C000FF6602F1FF6106F5F02601F5F021B14264
:1009D00018D802F10062013AB24213D3A3F50043E2
:1009E000DB0A0293F1F72AFB69462846F1F7B8FBC8
:1009F0000446F1F735FB002C14BF6FF00400002013
:100A000005B0F0BD6FF01500FAE700BF0070FF1FE2
:100A100000FCFF034C6802082DE9F047204E214FEF
:100A2000D6F8E04507EA842404F1FF6404F5F024D5
:100A300014441D4604EBC124F1F700FB804678B94D
:100A4000089B23F0070303EB04096FF0784AA145E4
:100A50000AD1F1F705FB40EA080010F0FF0001D0D1
:100A60006FF00400BDE8F087D6F8E03507EA83238D
:100A700003F1FF6202F5F022A24202D85344A342DE
:100A800004D2F1F7EDFA6FF01500EBE72146F5E837
:100A900002230120F1F71EFB08348046D7E700BF90
:100AA0000070FF1F00FCFF0338B518461546049A76
:100AB0008BB182B1094B0A4CD3F8E03504EA8324A8
:100AC0002C4404F1FF6404F5F02404EBC12113F07D
:100AD000D8FF002038BD6FF01500FBE70070FF1F46
:100AE00000FCFF0310B5034B0360044607F006FA51
:100AF000204610BD2886020810B50446FFF7F2FF15
:100B000020465021F5F7AFFC204610BD10B5044932
:100B1000044607F0FBF9034B2360204610BD00BFDD
:100B2000240100202886020813B500238DF8073021
:100B30009DF80730044603F0FF014BB1204607F053
:100B400008FA0021204602B0BDE8104007F0F0B9D5
:100B500007F0EEF90028F1D002B010BD0148FFF710
:100B6000D5BF00BFD832002008B50248FFF7BAFF52
:100B700008BD00BFD8320020028BC08A101A70470F
:100B8000C28A018B914288BF0169034683BF885C9A
:100B90000132DA824FF0FF307047028BC38A9A42EB
:100BA00086BF0269D05C4FF0FF307047806DD0F88F
:100BB000DC302BB100234384D0F8E030D430184728
:100BC0007047000070B54FF47A730E460021C0E9FB
:100BD0000113034615462B4A43F8C42B0446C0F8BC
:100BE000C4109C22C3E90111C0E93411C0E93611D7
:100BF000C0F8E010283013F004FEF3B21A2B19D815
:100C0000214A52F8233006F4E0661E43EBB21A2B59
:100C1000C4F8846022D81C4A52F8233005F4E065F9
:100C20001D430023C4F88850E36123842361A38219
:100C3000204670BD06F0C002C02A0CD1C72B0AD8CE
:100C4000124B06F03F0206F4E06653F822200E4BEA
:100C500053F82230D9E74FF0FF36D7E705F0C0024E
:100C6000C02A0CD1C72B0AD8084B05F03F0205F467
:100C7000E06553F82220044B53F82230D0E74FF0C0
:100C8000FF35CEE7388602089C6C02087C6C0208AF
:100C900038B50446283000F081FCE06918B112F044
:100CA0006BFB0023E36120690025258410B112F05D
:100CB00063FB2561A58238BD38B50546074B45F86D
:100CC000D43B0446FFF7E4FF2846F5F7D8F804F1D3
:100CD000C400F5F7D4F8204638BD00BF38860208B6
:100CE0000123994080F824300023817643847047A3
:100CF00038B5838A8B4205460C4609D2202938BF75
:100D000020240069214612F059FC10B12861AC8200
:100D100038BDFEE773B5846D866ED4F8CC300546D9
:100D2000E3B1E28A238B9A4218D331462046FFF77B
:100D3000DFFF2069324605F1740113F0A2FE0023A3
:100D4000E382D4F8CC30268301960BB910F026F854
:100D5000D4F8D03001A904F1C400984702B070BDA6
:100D6000B1F5806F70B505460C4610D8038C9942DA
:100D70000AD920290E4638BF2026C069314612F014
:100D80001DFC18B1E8612E84204670BDFEE70024EA
:100D9000FAE713B590F824308DF8071004467BB1BC
:100DA000418C0131FFF7DCFF40B1638CE2699DF8B3
:100DB0000710D154638C01336384012002B010BD4D
:100DC00001220DF10701283000F038FCB0FA80F064
:100DD0004009F3E770B590F8243004460E461546F6
:100DE00093B1418C1144FFF7BBFF10B90025284691
:100DF00070BD638CE0692A461844314613F041FE09
:100E0000638C2B446384F2E792B2283000F016FC26
:100E10000028EBD1EBE70346006918B19A8A00215C
:100E200013F0EFBC70470346C06918B11A8C00215B
:100E300013F0E7BC704738B50446C9B9AA23A365C7
:100E400094F8BE30012B16D1638CE269A17E04F1C7
:100E5000280000F074FC042828BF042045B2204676
:100E6000FFF7E1FF0023638484F82430E8B238BD43
:100E70004FF42A43E3E70425F8E72DE9F04790F81B
:100E8000BEA09DF820509DF82490BAF1010F0446B1
:100E90000F461646984637D111467F00FFF728FFC8
:100EA000FFB2CDB1032D28BF0325013D0023EDB2D4
:100EB00084F824A0A7766384ED00236828FA05F15E
:100EC0001B68C9B22046083D984715F1080FF4D1B8
:100ED00000212046FFF7AFFFB9F1000F11D1AA237F
:100EE000A36522693346394604F1280000F0C0FBAF
:100EF000002818BF00260023E38226833046BDE881
:100F0000F0874FF42A43EBE70026F7E707B5019394
:100F100000230093FFF7B1FF03B05DF804FB01234A
:100F2000FFF7F4BF0121FFF786BF38B5044600255F
:100F3000C5820583FFF76FFF65842046FFF773FFC7
:100F400038BD0000F8B50446D0F884000FF082FBED
:100F500000210FF045FCD4F88420130913F00C068F
:100F600045D103F00F03254D254F55F8231002F00E
:100F70000F0257F822300A6993433DD0D4F8880015
:100F80000FF068FB01210FF02BFCD4F888001D4BFB
:100F9000010911F00C0F1B682CD100F00F021A4C44
:100FA00057F82270B3FBF4F3184A0A2401F00F013A
:100FB0006343142655F821C0CCF82870D2F804E019
:100FC0005468A4EB0E04A342FADCCCF81870D2F8F3
:100FD00004C05468A4EB0C04A342FADC013EE9D13E
:100FE0000FF038FB3146BDE8F8400FF0F9BB0023A5
:100FF0001B69FFDEB662FCE7F8BD00BF08000020F9
:10100000C46D02084000002040420F00001000E0C4
:101010002DE9F04104460026C68206831F460D4690
:101020009046FFF7F8FE6684A6762046FFF7FBFEA3
:10103000D4F8DC30C4F8804033B104F1D401032289
:1010400008469847C4E93766002384F824306B00CB
:1010500084F825306B1E5D425D4184F8BE50204609
:1010600084F8BF8084F8C07004F12805FFF76AFF98
:1010700094F825200949284600F0DCF994F8BE30A0
:101080004BB92846064900F0B2FB28460549BDE8A1
:10109000F04100F0A5BBBDE8F08100BFA0860100D3
:1010A000AD0B0108150D01080A4600230121FFF7C9
:1010B000AFBF000002480822C021FFF783BD00BF78
:1010C000283300200148FFF7F7BD00BF2833002078
:1010D0004FF0B04382B09A6D02439A659B6D034016
:1010E0000193019B02B070472DE9F04F874B53F8F5
:1010F000312082429FB00F4607D103EBC102D2F8E4
:101100000480B8F1000F40F0FD801C228049814C22
:1011100043F837007A4301EB5003B3FBF0F0A31818
:10112000A2589D7E01EB5204B4FBF2FADC8A0594CE
:10113000059E1C8A1A8B0E92344414940E9E9C8930
:10114000CDF83CA03444EA1C4243323CA41A24EAC1
:10115000E474059E0694DC89A41BA4F58274024401
:10116000A21A22EAE272079200FB05F208925A687C
:10117000B1FBF2F215929A68B1FBF2F21692089A5C
:1011800002EB40023232129242420492129A00263C
:101190001021821810910B964FF0FF3834070E9DE6
:1011A0001C94059CF1B22C441391129911946FF088
:1011B0000105AAEB0404511A05FB024418940D9191
:1011C0004FF00009149C0D9DAC4200F28A801C9CDB
:1011D00049EA04041B940024CDE902444B4C04EB7F
:1011E000C7041D94069C029DAC4270D8079CAC427B
:1011F0006DD3109C139DAC4269D00B9C0134072C1D
:101200000B947FD85C8A039D17941B9C2C431A94E3
:10121000089C141B0094119C14440C94189C0A9470
:1012200000240194089D009C2C44179DA5423DD2AA
:10123000009C323CB0EB940F38D21A9D019C2C4399
:101240000C9D1994A2EB0A042C440A9D099596461C
:101250004FF0000C169D0AEB040B5D451AD8159D46
:101260005D4517D3B3F814B0F34513D8704511D2C8
:10127000DDF824B00F9D1BEA240B38BFA346AB4515
:1012800008D2199D4CEA05081D9DC5F80480139DE0
:10129000CDE90FB5099DDDF810B00CF5807C5D44FB
:1012A000BCF5803F0C4409958E44D3D1019C049D2C
:1012B00001340194009C0C4400940A9C2C440A9430
:1012C0000C9C0C440C94019CB4F5807FAAD1029C28
:1012D0000C440294039C04F58034B4F5801F0394FD
:1012E00080D10D9C09F580190C44B9F1807F0D94D3
:1012F0007FF468AF04990136091A102E0491024454
:101300007FF44CAF40461FB0BDE8F08F183400208A
:1013100000CA9A3B5C86020808B52C4B984216D14D
:101320004020F2F721FF002846D14FF0B043284972
:10133000D3F888301B0903F4407343F440328A42E7
:1013400038D001F580718A423BD0B3B3FEE7214B20
:10135000984215D18020F2F707FF68BB4FF0B043E9
:101360001D49D3F888301B0903F4406343F440223D
:101370008A421FD001F580618A4222D0EBB1FEE79C
:10138000164B98421FD14FF48070F2F7EDFE98B9DA
:101390004FF0B0431249D3F888301B0903F440538F
:1013A00043F440128A4205D001F580518A4208D0A8
:1013B0001BB1FEE70B4B186808BDBDE80840F2F70B
:1013C0002DBE0948F8E70020F6E700BF00540040B2
:1013D000000103000058004000040C00005C0040C5
:1013E00000103000400000200024F40008B50E4B2F
:1013F000994212D90D4B994207D80068FFF78CFF2C
:101400000121BDE80840FFF76FBE094B994209D89A
:101410000068FFF781FF0221F3E70068FFF77CFF18
:101420000021EEE7002008BDA0860100801A06001A
:1014300040420F00F8B50F4615460446002800F05C
:101440009F805049C06DF5F707FD4F490646206E55
:10145000F5F702FD0146002E00F09280002800F012
:101460008F803046F5F71FFD2060002800F088804F
:10147000464B984204F1040650D14FF40010FFF798
:1014800027FE4FF0B0439A6B02439A639A6B22F4A3
:1014900000129A6341F61E73A4F864303C4B1E6040
:1014A0003949206EF5F7C0FC3649E06DF5F7BCFC14
:1014B0002368636039462046FFF798FF0123C4E99B
:1014C00002050025C4E9043594F8973094F96400C6
:1014D000A5615B1B18BF0123DB04236294F89830DD
:1014E00084F845505B1B18BF01235B0463622A46E6
:1014F0000221F0F713FC94F96400F0F741FC94F931
:1015000065002A460221F0F709FC94F96500F0F71E
:1015100037FC3046F1F793F870B3FEE71D4B984265
:1015200013D14FF48000FFF7D3FD4FF0B0439A6B17
:1015300002439A639A6B22F480029A6342F2201368
:10154000A4F86430124B5E60AAE7134B9842A7D10F
:101550004FF40000FFF7BCFD4FF0B0439A6B02431D
:101560009A639A6B22F400029A6343F23013A4F850
:101570006430074B9E6093E70223A06684F89530A1
:10158000F8BD00BF986B0208446B0208005400408D
:101590000C34002000580040005C004010B50446A8
:1015A00090F96400F0F7FAFB94F96500F0F7F6FBA8
:1015B000201DF1F79AF8206E0321F5F7A7FBE06DE7
:1015C0000321F5F7A3FB2368194A93420ED14FF08C
:1015D000B0439A6B42F400129A639A6B22F40012A1
:1015E0009A639A6D22F400129A6510BD114A9342D3
:1015F0000DD14FF0B0439A6B42F480029A639A6B1C
:1016000022F480029A639A6D22F48002ECE70A4A7F
:101610009342EAD14FF0B0439A6B42F400029A63CE
:101620009A6B22F400029A639A6D22F40002DBE7BF
:101630000054004000580040005C0040202A30B5B3
:1016400014D800239CB2A24207D890F894301344D7
:10165000DBB280F89430002030BD90F89440CD5C2F
:101660001C440444013384F87450EBE70120F3E791
:101670002DE9F34705460F4690469946EFF70EFFD2
:101680000024D5F830A006460435CDF800A04B461E
:10169000424639462846F1F737F9022806D1EFF7D6
:1016A000FDFE841B642CF0D906201FE008BBEFF779
:1016B000F5FE06462846F1F7F2FF202809D0632CF4
:1016C00007D8EFF7EBFE841B2846F1F7EBFF002865
:1016D000F0D02846F1F7E6FF632C0CD882060AD436
:1016E00043070AD4003818BF0120800002B0BDE8CB
:1016F000F0870420FAE70520F8E70320F6E710B5A5
:10170000642304460430F1F709F802280AD00328BC
:1017100001D068B910BD94F84530202B0CBF0220D1
:101720000520F7E794F84530202B18BF0620F1E795
:1017300094F84530202B0CBF02200420EAE72DE965
:10174000F34704460E4691461F46EFF7A7FE804634
:101750003FB901223146204602B0BDE8F047FFF70D
:10176000CEBFD4F830A000250434CDF800A03B460D
:101770004A4631462046F1F753F8022807D1EFF7E1
:101780008DFEA0EB0805642DEFD906201FE008BBF5
:10179000EFF784FE06462046F1F781FF202809D0A6
:1017A000632D07D8EFF77AFE851B2046F1F77AFF05
:1017B0000028F0D02046F1F775FF632D0CD8820683
:1017C0000AD443070AD4003818BF0120800002B0B1
:1017D000BDE8F0870420FAE70520F8E70320F6E7E4
:1017E00020B119B1C1660430F1F7A4B9704720B136
:1017F00019B101670430F1F79DB9704770B590F8E1
:101800009130012B04460E46A0F1040509D1436E28
:101810003BB1836E28469847022384F89130002319
:101820006366012E4FF0000312D1E26E84F891300E
:101830001AB184F890302846904794F8902004F12B
:10184000700120464FF00073BDE87040F1F7AEB86C
:101850000122636684F89120616E74312944204628
:101860004FF08073BDE87040F1F702B910B590F801
:101870009130012B044604D1436E13B1836E0438BA
:101880009847022384F89130002363662046BDE820
:101890001040F1F74FB9436E1F2BDEBF436E01338B
:1018A000436690F89130012BDAB206D1416E703167
:1018B0004FF080730144F1F7DBB87047002380F8E4
:1018C0009030704790F892300BB9F1F733B9704708
:1018D000014B1868F1F742B90C340020014B18682D
:1018E000F1F7D3BC0C340020014B5868F1F736B93E
:1018F0000C340020014B5868F1F7C7BC0C340020B1
:10190000014B9868F1F72AB90C340020014B986814
:10191000F1F7BBBC0C3400202DE9F041104D2F46EF
:1019200004468C4690469E46061D0FCF0FC697E88C
:101930000700069B86E807001C35A362079BE3624D
:101940000FCD04F13006C4E9088E0FC62B68336052
:10195000002363642046C4F800C0BDE8F08100BFE6
:101960005868020810B50446006803685B6C984725
:101970002068216A036882689B6898472068216A0A
:1019800003680269DB68BDE8104018470068036817
:101990009B6C18472DE9F0410D461946037C04461F
:1019A000407CADF5007DDE08082B5FFA85FC06EB78
:1019B000D0066389879FD0B295BF40EA0C004CEAFD
:1019C000122C8DF800008DF8010092BF0DF101007E
:1019D0008DF800C00DF10200AB423E443A462CD1D6
:1019E00013F04FF8206803685B6B98472068216A02
:1019F0000368C268DB689847206803683246D3F8FA
:101A00003880694640ABC0472068216A0368026994
:101A1000DB68984720680368DB6B98472389AB42F3
:101A200007D1217C869840AB3A4603EBD10113F0F5
:101A300028F80DF5007DBDE8F081A18912F0E1FEE6
:101A4000D0E72DE9F04FADF5017D04468C9F9DF860
:101A500034A21646D5199946002B55D0684613F086
:101A600010F88A993A460DEB060013F00AF8206840
:101A70000368BAF1000F05D0E26A013254D1DB6984
:101A800032219847206803685B6B98472068216A79
:101A90000368C268DB689847206803680DF58078A2
:101AA000D3F838B02A4643466946D8472068216AA9
:101AB00003680269DB68984720680368DB6B984716
:101AC000BAF1000F07D0E26A20680132036845D1FD
:101AD000DB6901219847656935B1002F5CD0E37C53
:101AE00018F80300A8470546B9F1000F07D1A37CF9
:101AF0008B9806EBD3013A46414412F0C2FF2846C8
:101B00000DF5017DBDE8F08F837C68464FEAD30870
:101B100005EBD30512F0B5FFA18908EB07020DEB29
:101B2000060012F06EFEA2E75B6A984780462068C6
:101B3000E16A03681B6998470028A3D020680368FE
:101B40005B6D9847206803685B6A9847E369A0EB80
:101B500008009842EBD36FF43075D0E71B6A01217F
:101B60009847206803685B6A984705462068E16AE1
:101B700003681B6998470028ADD0206803685B6D37
:101B80009847206803685B6A9847E369401B98425E
:101B9000ECD36FF43075A7E73D46A5E7F0B51E46D8
:101BA000037987B005460F463BB9CDE900620A4686
:101BB0000189FFF7EFFE07B0F0BD90F9114090F8F2
:101BC00011C0002CB8BF0734E410013C64B204AB70
:101BD000E0001946002C12DA2C7CE408601E40B2AA
:101BE000B0F1FF3F15D10123CDE902230023019677
:101BF000009304EBDC022846FFF723FFDBE7B5F890
:101C000008E0013C4EFA00FE03F801EB64B208382C
:101C1000E0E74FEAC00E27FA0EFE03F801EB0138A9
:101C2000DDE7F0B589B000238DF81730037904465D
:101C30000A465BB9012101910DF11701009101895B
:101C4000FFF7A8FE9DF8170009B0F0BD90F911301C
:101C5000467C002BB8BF0733DB10013B5BB206A804
:101C6000DD000146002B13DA257CED086B1E5BB20C
:101C70005F1C15D10123CDE902330DF11703019348
:101C80000023009305EBD6022046FFF7DAFED9E7E2
:101C90002789013B2F4100F8017B5BB2083DE1E75A
:101CA000DF0022FA07F700F8017B013BDFE7F0B520
:101CB00016461A46037987B005460F4643B9CDE963
:101CC00000320A4633464189FFF764FE07B0F0BD93
:101CD00090F9114090F811C0002CB8BF0734E410FF
:101CE000013C64B204ABE0001946002C12DA2C7CF3
:101CF000E408601E40B2B0F1FF3F15D10123CDE9E9
:101D000002230022CDE90062284604EBDC02FFF743
:101D100098FEDBE7B5F80AE0013C4EFA00FE03F856
:101D200001EB64B20838E0E74FEAC00E27FA0EFE76
:101D300003F801EB0138DDE7F0B5037989B004461B
:101D40000D468DF8172053B90122CDE900320A461D
:101D50000DF117034189FFF71DFE09B0F0BD90F9A1
:101D60001130467C002BB8BF0733DB10013B5BB260
:101D700006A8DA000146002B13DA227CD208531E93
:101D80005BB25F1C15D10020012301900DF11700FB
:101D90000090CDE9023302EBD6022046FFF751FE58
:101DA000DBE76789013B174100F8017B5BB2083A2A
:101DB000E1E7DF0025FA07F700F8017B013BDFE7E9
:101DC0002DE9F0479DF820A09DF828709DF82C90F3
:101DD0001C4643EA0A03072B05460E46904642D8A6
:101DE000544540D3FFF71DFF631CFF22DBB2CAF14D
:101DF000080A02FA03F342FA0AF21343DB43DBB2A6
:101E000080EA0802134205D1B9F1000F02D1002087
:101E1000BDE8F08720EA030403EA08031C43E4B2A8
:101E2000224631462846FFF787FF286803689B6AE9
:101E300098479DF824804FF47A73814603FB08F895
:101E4000286803689B6A9847A0EB0903434502D3BF
:101E50006FF00F00DCE731462846FFF7E2FE6040F6
:101E60000742EDD1D3E76FF00A00D1E77FB59DF8C7
:101E700024600396089E9DF82850CDE90136002382
:101E800000930446FFF7DDFD38B935B1A36923B1EE
:101E9000204604B0BDE87040184704B070BDF0B5EE
:101EA00090F9114090F811C0002CB8BF0734E4102D
:101EB00087B0013C64B205AD0F46E6002946002C10
:101EC0000DDA9DF8344002949DF83040CDE900349D
:101ED00013464FEADC02FFF7C9FF07B0F0BD47FA2F
:101EE00006FE013C05F801EB64B2083EE7E77FB56A
:101EF0009DF824600396089E02960026CDE90036E0
:101F000001239DF828500446FFF79BFD38B935B1F1
:101F1000A36923B1204604B0BDE87040184704B05F
:101F200070BDF0B590F9114090F811C0002CB8BF09
:101F30000734E41087B0013C64B205AD0F46E600FB
:101F40002946002C0DDA9DF8344002949DF830406B
:101F5000CDE9003413464FEADC02FFF7C8FF07B0B3
:101F6000F0BD47FA06FE013C05F801EB64B2083EFD
:101F7000E7E770B586B000238DF8133090F9113083
:101F8000427C002BB8BF0733DB10013B04465BB239
:101F900005A8DD000146002B16DA0123CDE9023346
:101FA0000DF11303019300230093D2082046FFF79D
:101FB00048FD054628B963691BB19DF81300984791
:101FC000E080284606B070BDE689013B2E4100F84E
:101FD000016B5BB2083DDEE770B50B46054601F1CB
:101FE0001404303053F8046B40F8046BA342F9D169
:101FF0006A640E1F01F11004286856F8041F036874
:1020000082689B689847A642F6D170BD406C18B9AB
:1020100070478B4204D018300378002BF9D1184652
:102020007047F8B50546FFF7F1FF88B1041D05F1CB
:102030002C0605F1400756F8041F002904DB286828
:1020400022680368DB689847BE4204F10404F2D1B9
:10205000F8BD00000648074B074A1B68B3FBF2F3C4
:1020600010B544684B434268121B9342FBDC10BD21
:10207000001000E04000002040420F00CBB21A2BBD
:1020800009D80F4A52F8233001F4E0601843431C8A
:1020900018BF0846704701F0C002C02A0CD1C72BF8
:1020A0000AD8084B01F03F0201F4E06053F8222007
:1020B000034B53F82230E9E74FF0FF30704700BF81
:1020C0009C6C02087C6C0208704790F8282008B5C8
:1020D00012B103681B6B9847BDE80840F4F762BC77
:1020E000C0690EF0F3BEC0690EF022BFF8B5074616
:1020F0000C465D1E8E18B44200D1F8BD14F8011BC9
:10210000F86900220EF016FF05F8010FF3E70EF054
:102110004EBA4B1C084603D00021C0B20EF06CB979
:102120007047084611461A46431C02D0C0B20EF052
:10213000E3B87047C0690EF0FABED0E90812C06972
:102140000EF0D4BE084611461A46431C01D00EF0CC
:1021500029BC002070470EF08FBC0EF08BBC0846E7
:102160000EF08CBC4B1C084601D00EF087B97047AE
:102170001FB5084611461A46431C13D00024CDE96A
:102180000044CDE9024421B1074B0393074B009172
:10219000029369460EF0A4F9029B1BB16946032223
:1021A0000846984704B010BD256A0008056A000873
:1021B0004B1C084601D00EF0B7BB00207047084604
:1021C000431C114601D00EF075BB70470846431CF6
:1021D000114601D00EF004BB704710B52C21044607
:1021E000F4F741F9204610BD90F8282012B1036899
:1021F0001B6C18477047000070B586B004AD85E8C9
:102200000C0004230322CDE90132012200230E46F3
:1022100000921946044603F07DFE95E80300064B44
:10222000236004F12003E66183E8030000232046D5
:1022300084F8283006B070BDB88602080368D3F869
:10224000DC3018470368D3F8E030184770472DE9B1
:10225000F04385B00F464FF0000801230DF10F0247
:1022600040F6E70106468DF80F8002F0B4FA044606
:10227000002855D133683046D3F8D8309847042128
:102280008146FFF7C3FE032105464846FFF7BEFE21
:1022900028B165B90E2F47DD6FF00C0440E017F14F
:1022A000090FF9DB002DF7D007F1090303E00E2F2A
:1022B000FBB20EDD0933DBB21F2BEDD8012507235E
:1022C000224600950421304602F066FA04230446B3
:1022D0000DE01133DBB21F2BDED801222346009222
:1022E0000421304602F058FA45460446032386F896
:1022F0005831ACB92946304601F0E7FA044678B9BE
:102300000422F9B2304602F0FCFA044640B9012337
:102310000DF10F0240F6E701304602F055FA04468F
:10232000204605B0BDE8F08307F11103DBB21F2B97
:10233000B2D80122234600920421304602F02CFA42
:1023400003230446D3E7000010B502F098FA0446D0
:1023500005480FF052F804480FF043F810B1024856
:102360000FF045F8204610BD7439002010B5044622
:1023700003480FF03FF82368BDE81040184700BF3E
:102380007439002001480FF01BB800BF74390020D9
:1023900010B54FF4DE710446F4F765F8204610BD21
:1023A000F0B587B004469DF844E09DF830509DF8A4
:1023B00034609DF93870BDF83CC0CDF814E0DDF80C
:1023C00040E0CDF810E0CDE9027CCDE9005600F008
:1023D00030F9014628B9204607B0BDE8F04003F0C7
:1023E0008FBA07B0F0BD012A02D10160002070470A
:1023F000022A05D0032AF9D0002AF7D10260F5E7B6
:102400000B680360F2E700001FB50023CDE900135D
:10241000084B03930848094B029369460EF096FF58
:10242000029B1BB1694603220846984705B05DF838
:1024300004FB00BF6D23010874390020E723010865
:10244000F0B587B004469DF93450BDF838609DF86A
:1024500040700497CDE901560F9F0C9D039700959E
:1024600000F021F9014628B9204607B0BDE8F04048
:1024700003F046BA07B0F0BD10B5044600F088F985
:10248000014B2360204610BD2087020870470000E2
:1024900008B5A1F11B030846032B16D8DFE803F0AB
:1024A0000A0206110B480EF0DFFF08BD09480EF0C6
:1024B000A7FFFAE707480EF0B9FF80F00100C0B2AD
:1024C000F3E704480EF0C9FFF7E7BDE808400EF057
:1024D0002BBA00BF743900200846A0F11B03032B60
:1024E000114601D90EF07CB9704710B52C21044675
:1024F000F3F7B9FF204610BD08461D28114604D841
:102500001B2810D809D00EF0D5B91E28FBD1B2FA7D
:1025100082F1054849090EF093BFB2FA82F10248F0
:1025200049090EF075BF70477439002037B504466D
:102530002C20F3F794FF0A4B0A4905460CCBFFF712
:102540005BFE094B2B601C221E23CDE9003229467D
:102550001D231B222046FFF7DFF9204603B030BDC4
:102560008888020874390020288802084AB1162990
:102570000B466FF00800A8BF16238342B8BF03467E
:1025800013700931C9B21F298CBF6FF00C000020F5
:102590007047000010B5012986B006D002292BD063
:1025A000C9B16FF0130006B010BD00220368059298
:1025B000194A04924FF0080C0A22CDE9022C4FF080
:1025C000120E0722CDE9002E1449D3F8F040144A28
:1025D0000923A047E7E7104A0368039210240A2260
:1025E000CDE901240F4A04910092D3F8F4400E4A39
:1025F0000E4B0A49A047D6E7002302680393064B17
:1026000002930A210123CDE900310449D2F8FC40AC
:102610000622A047C7E700BFCDCCCC3F0000D9437E
:102620000000FA4233331C439A9999400000A040BD
:1026300070472DE9F34198469DF8343001930C9B87
:1026400000930E461746BDF82C309DF824209DF8C7
:1026500020109DF92850044601F0FEFA00BB2368C3
:102660004146D3F8E83020469847C8B92368394630
:10267000D3F8E4302046984790B923683146DB6BA5
:102680002046984760B90121204601F01EF938B96B
:1026900023685B6D2946204602B0BDE8F04118472B
:1026A00002B0BDE8F081F0B585B00E469DF83870F7
:1026B000029711460D9F01971A46BDF830300093DE
:1026C0000A9B9DF92C50044601F01CFB90B923682D
:1026D0003146DB6B2046984760B90121204601F066
:1026E000F4F838B923685B6D2946204605B0BDE88B
:1026F000F040184705B0F0BD70B50E461D461146B6
:102700009DF81430049A044601F070FB88B92368E0
:102710003146DB6B2046984758B90121204601F02D
:10272000D4F830B92368294620465B6DBDE8704077
:10273000184770BD73B50E4611461A469DF82430F1
:102740000193089B00939DF818309DF91C50044696
:1027500001F062FB90B923683146DB6B2046984755
:1027600060B90121204601F0B0F838B923685B6DEB
:102770002946204602B0BDE87040184702B070BD3F
:1027800010B54FF4DE710446F3F76DFE204610BD20
:1027900010B5044600F068FC034B2360034BC4F8FB
:1027A0004C31204610BD00BFA08802089088020866
:1027B00070B50C460546144920461646EEF784FCD3
:1027C000F0B112492046EEF775FCC8B12EB1214692
:1027D0002846BDE8704003F0F7B8D5F854112046FC
:1027E000EEF7B6F90A4920F00040EEF76DFC00283C
:1027F000EDD02146284600F0DAFE0028E7D070BD73
:102800006FF00B00FBE700BF0000164300007044B0
:102810000000A0410022FFF7CBBF0000036873B5A2
:102820009B6D1646002205460C46984790B99EB10E
:102830000B4B04F1090203EB420113F8123091F93A
:10284000014003F00F021B09002100912846214698
:1028500003F066F802B070BD04220723F4E700BF5E
:10286000A08902080122FFF7D9BF000030B5074B4D
:1028700005460FCB85B06C4684E80F002B682146D7
:10288000D3F8A0302846984705B030BD88680208C4
:1028900013B5036800220092DC6940F27222022321
:1028A0006FF07F41A04702B010BD000030B5074B6C
:1028B00005460FCB85B06C4684E80F002B68214697
:1028C000D3F894302846984705B030BD8868020890
:1028D00082B02DE9F041012906A880E80C000B9C8C
:1028E0009DF826609DF8277009D0022975D000292F
:1028F0004BD06FF01300BDE8F04102B070479DF877
:10290000188042F2107000FA08F0EEF7D3F951493E
:1029100005460798EEF726FA01462846EEF7D6FA5E
:10292000EEF722FCA8F10503DBB2012B9DF828305D
:1029300005468BBF08210021112019200BBB4FEA4F
:10294000880304EB4707002EC8EB47020CBF142690
:10295000002601EB8201DBB2314409B25A1E002984
:10296000A8BF521892FBF3F3BDF824209DF8201065
:102970009BB2083201FB032300EB8300684380080D
:10298000B9E7A8F102039B00DBE7F800EEF796F940
:1029900005463046EEF792F901462846EEF7DAF89A
:1029A0000546BDF82400EEF789F901462846EEF702
:1029B000D1F80546E000EEF77DF901462846EEF72E
:1029C000C9F8254904460698EEF780FA01462046E4
:1029D000EEF77CFAEEF7C8FB8DE79DF81930032B74
:1029E00034D8DFE803F002282D3006236343043394
:1029F0000522B3FBF2F39CB23022B4FBF2F303EBFB
:102A0000830000EB800002FB13444000A4B280B2BC
:102A100014B10234204480B29DF82430C3EBC302C9
:102A200003EBC20300EB43000C4B80B25843EEF7BC
:102A300041F90B49CCE704EB4404C4F34F04DBE752
:102A40006400A4B2D8E704EB4404FAE76FF009008D
:102A500051E700BF0000204100007A4400127A00D4
:102A60001D24F44308B50846EEF724F90249EEF7B1
:102A70002DFAEEF779FB08BD00007A41036889B2B0
:102A8000D3F8EC3018470368D3F8DC301847D0F897
:102A90005C01704700F00E03062B0BD0082B0CD006
:102AA0000A2B0CD00138C0B2FD288CBF6FF001009A
:102AB000002070476FF4307070470248704702483A
:102AC000704700BF3EFDFFFF3DFDFFFF7047000068
:102AD0002DE9F0428AB004460F4601F0FFFE05AE34
:102AE00000230DF11C090128C9E9013305460793AC
:102AF0000593B3803DD194F86131042B35D804336C
:102B0000DBB28DF8243094F860318DF81C30D4F8A5
:102B100068310893B4F86631ADF8143094F8633135
:102B2000003B18BF01238DF8173094F86431591E0B
:102B30004B424B418DF8163094F86231003B18BF80
:102B400001238DF81830039796E80300099B019044
:102B5000ADF808100093216899E80C008E6F2046AC
:102B60002946B0470AB0BDE8F082072B08BF08230A
:102B7000C7E730BBD4F87001EEF79CF80146214856
:102B8000EEF7A4F90790D4F87401EEF793F894F8EF
:102B90007B31089013F0FB0F11D0022B03D09A1F4A
:102BA000534253415B00B4F88021ADF8142094F8EF
:102BB0007C218DF816208DF817300025C3E70123FE
:102BC000F1E703280ED1B4F89C315BBAADF81C30A4
:102BD00094F8A3318DF81E3094F89E318DF814309E
:102BE0000225B0E7022809D1D4F87001EEF762F8A7
:102BF00001460448EEF76AF90790DEE76FF013002C
:102C0000B0E700BF00007A4910B50C4659B101F099
:102C100065FE012802D0032803D038B920700020B7
:102C200010BD0220FAE76FF00200F9E76FF0130021
:102C3000F6E708B5D0F85C010221FFF7F2F94FF092
:102C4000FF3008BD37B50D46044690F85811D0F84E
:102C50005C01FFF7E6F95DB90123CDE900330023FC
:102C6000D4F85C011A46D121FFF75BF903B030BDFF
:102C70002946204601F014FE0028EDD0F6E707B5FE
:102C800000238AB20093114601F0DCFD03B05DF829
:102C900004FB1FB50023ADF80C300123CDE9003350
:102CA00003AA02231221D0F85C01FFF7F8F8BDF85F
:102CB0000C0040BA80B205B05DF804FB2DE9F0418C
:102CC000002486B0FF270226CDE90274CDE9004634
:102CD00005462346224640F6E201D0F85C01FFF7A4
:102CE0006FF8CDE90274CDE900462346224640F64E
:102CF000E501D5F85C01FFF763F86FF07F412846E6
:102D000001F0E5FCD5F85C31186803680A21DB693D
:102D100098472746264601230DF1170240F6190170
:102D200028468DF8176001F056FD9DF8170000F059
:102D30000100A04001343843082CC7B2EBD12B6806
:102D400002244FF0FF081B6928469847CDE9014847
:102D500003960096D5F85C010023012240F6E201BB
:102D6000FFF72EF8CDE90286CDE900640023D5F8FF
:102D70005C01012240F6E501FFF722F8384606B073
:102D8000BDE8F08190F83410022938B5044605D02A
:102D9000032911D06FF01805284638BDD0F85C0122
:102DA000FFF73FF9D4F89811204601F090FC054652
:102DB000002384F83430EFE790F85811D0F85C0124
:102DC000FFF72FF90021204601F06BFC0546002893
:102DD000E2D1D4F85C311868D96A02681269904768
:102DE0000028E5D0D4F85C31186803685B6D98471B
:102DF000EFE7D0F85C3110B50446186803681B692A
:102E00009847C1B22046BDE8104002F03BBF10B564
:102E10004FF4DE710446F3F726FB204610BD03682D
:102E200010B5D3F8EC3044F2FF310446984728B986
:102E3000236820461B69BDE81040184710BD0000FC
:102E400010B5044601F04AFD01280ED12368204642
:102E5000D3F884309847C3050AD410F0800F14BF0C
:102E60006FF00E004FF0FF3010BD6FF01300FBE766
:102E70000048F9E742FDFFFFF7B505460E4601F0B1
:102E80002DFD012833D12B6828461B69984704463D
:102E900050BBD5F85C010221FFF7C3F8B1682846A2
:102EA00002F0C0FEF1680746284602F0BBFE00941F
:102EB000234682B2B9B2284601F0C4FC044698B950
:102EC0002B6844F2FF31D3F8EC302846984704468B
:102ED00050B973680193F3780093B37872783178BE
:102EE000284601F00BFC0446204603B0F0BD6FF00D
:102EF0001304F9E710B5044601F0F0FC012812D1E3
:102F0000204601F023FE10F4004FC0F3072018BF45
:102F1000A0F58070EDF766FA044B0022EDF7CCFACD
:102F2000EDF7C2FD10BD0248FCE700BF0000D03F36
:102F30000000A0C12DE9F3411D4603681B6904464A
:102F40000F4616469847002846D16DB92368002ED3
:102F5000DB6F14BF3146FF21204698474FF47A7348
:102F600000EB8000B0FBF3F52846EDF7A3FE2D49FA
:102F7000EDF7F8FE2C49EDF7A9FFEEF7F5F8236819
:102F800000220092D3F81C800146022340F27222F4
:102F90002046C04700BBD4F85C31186803685B6A00
:102FA00098478046D4F85C311868596A02681269FB
:102FB0009047A0B10025236820461B69984718B1A7
:102FC0006FF43073984207D12368D5B12368204647
:102FD000DB6A98476FF0050002B0BDE8F081D4F8D5
:102FE0005C31186803685B6D9847D4F85C311868E9
:102FF00003685B6A9847A0EB08008542D2D201259E
:10300000D9E7D3F8843020469847236B1842DDD1A6
:1030100023681B6B32463946204602B0BDE8F041BA
:10302000184700BF00007A4400007A41036810B5D9
:10303000D3F894300446984730B110BDD4F85C31D1
:10304000186803685B6D9847D4F85C311868596A52
:103050000268126990470028F0D023682046D3F810
:103060009830BDE81040184738B504460D4602F0C8
:10307000B5FD0022C4F85421C4F86821C4F88421A5
:1030800040F20162A4F89C212B4A2C4B1269236068
:10309000032000230121C4F89F21294AC4F84C31A0
:1030A000C4E95C33C4E96933C4E96C3384F8503152
:1030B00084F85801C4F8603184F86431A4F86631AA
:1030C00084F86C11C4F87831A4F87C3184F87E312E
:1030D000A4F88031C4F8883184F88C31C4F8903178
:1030E00084F89431C4F8983184F89E0184F8A331AF
:1030F000A4F8AC31C4F8B8316260FF22A26084F851
:10310000493184F84A3102220423C4E90423E160EE
:1031100010230821C4E9061320204023C4E9080332
:10312000C4F85C514FF480738025C4E90A534FF40E
:1031300000732363204638BD88680208E8890208C6
:103140000024743F10B5032ABDF8084011D809299E
:1031500080F89C2110D85A1E032A80F89D110ED8A1
:10316000B4F5007F80F89E310CD2A0F8AC4100206D
:1031700010BD6FF00900FBE76FF00700F8E76FF094
:103180000A00F5E76FF06900F2E7D0F85C3170B53E
:103190000446186802680D469668996A8268B047C6
:1031A000D4F85C311868996A0268D668C268B0477A
:1031B000D4F85C31186803680121DB699847D4F8BA
:1031C0005C311868996A0268D6680269B047F5B13F
:1031D000D4F85C31186803685B6A98470646236830
:1031E00020461B699847054688B1D4F85C311868B9
:1031F00003685B6A9847801BB0F57A7F08D2D4F8E1
:103200005C31186803680A21DB699847E7E7002505
:10321000284670BD036810B5D3F88430044698473B
:10322000430410D5D4F8B811204601F00F0101F085
:103230006DF950B923682046D3F8EC30BDE8104052
:1032400044F2FF3118476FF0040010BD2DE9F0473C
:10325000984603681B6904460F461646984700289F
:1032600041D194F86131042B3FD9072E5BD994F8F2
:103270006331012B39D1FD2E58D823683146DB6FDD
:103280002046984723680546D3F8249032464346A3
:1032900039462046C84730BB20464FF47A7305EBC9
:1032A0008505B5FBF3F501F019FBD4F85C31064652
:1032B000186803685B6A984705350746D4F85C319F
:1032C000186803685B6D9847D4F85C311868036828
:1032D0005B6A9847C01B854209D2236820469B6AD7
:1032E00098476FF00400BDE8F087FF2EC4E7D4F8DC
:1032F0005C311868596A0268126990470028DDD06D
:10330000032E236809D1D3F8843020469847C30799
:1033100003D42046FFF77EFFD0E7236820469B6A50
:10332000BDE8F04718476FF01D00DCE76FF00300C1
:10333000D9E72DE9F0411E46036886B01B690546B2
:10334000884617469847044600283CD16FF07F43D3
:1033500098453946284618BF46F4007602F062FCCC
:1033600031460446284602F05DFC002382B2A1B239
:103370000093284601F066FA044620BB0246014647
:10338000284601F0C2FB0446E8B92B6844F2FF313D
:10339000D3F8EC30284698470446A0B9284601F0F7
:1033A0009DFA012813D195F89431019395F8643171
:1033B000009395F8903195F86321B5F86611284689
:1033C00001F028FB0446204606B0BDE8F081A8B90C
:1033D000FF23049395F87E31039395F87D31CDE971
:1033E000014395F87C31009395F87B3195F878216D
:1033F000B5F88011284601F033FBE3E74FF0FF34C6
:10340000E1E700001FB571B101F0A0FBC0B2ECF71D
:10341000E9FF0F4B002201F10041EDF74DF8EDF708
:1034200043FB04B010BD0123CDE900338DF80F102C
:103430000DF10F021521D0F85C01FEF730FD9DF86B
:103440000F00EDF737FC4FF03F41EDF78BFCE8E75D
:103450000000E03F0121FFF7D5BF30B585B005463C
:10346000144601F03BFA012808D195F86431012B8C
:1034700004D11CB9D5F8900105B030BD0023ADF8DA
:103480000C300123CDE9003303AAD5F85C010223F7
:103490001321FEF704FD14B19DF80D3023709DF843
:1034A0000C00E9E72DE9F3410546D0F85C010F4631
:1034B0001646FEF75EFD2B680446D3F88430284696
:1034C00098476FF430739C4208D110F4007F18BF06
:1034D0006FF00504204602B0BDE8F081002CF9D160
:1034E00043062CD400F03000202814BF4FF0000811
:1034F0006FF0060800230DF10702012128468DF820
:103500000730FFF7AAFF16B1B04228BF3046C2B25B
:103510009DF807303946284601F080F90446002816
:10352000D8D12B6844F2FF31D3F8EC3028469847C5
:10353000B8F1000F0CBF04466FF00604CAE76FF045
:103540000608D7E70022FFF788BF73B5054608468F
:103550004FF07E511646EDF7FBFA4FF07A51EDF73A
:1035600001FC0EF0F5F8EDF7FFFD4FF07E51C4B20F
:103570003046EDF7EFFA4FF07A51EDF7F3FB0EF02E
:10358000A5F8EDF7F1FDE107C3B25CBF04F1FF342C
:10359000E4B2DA075CBF0133DBB201A928468DF83B
:1035A00004408DF8053001F08BF902B070BD73B5A1
:1035B000002305460846ADF804300C46EDF7AEFD95
:1035C000A0F286331A2B21D9A0F25F33072B28D91A
:1035D000A0F20B33082B27D9A0F5EB73282B26D9A3
:1035E000A0F5D7730A2B25D94FF081412046EDF77E
:1035F000B1FA4FF0814106462046EDF7A9FA32466E
:1036000001462846FFF7A1FF02B070BDE122E92381
:1036100001A928468DF804208DF8053001F050F9F5
:10362000F2E7D722DB23F3E7C122C523F0E77522B7
:103630008123EDE76B226F23EAE7000037B5002313
:103640008DF807300DF10702012340F68901044689
:1036500001F0C1F8E8B9204601F040F901289DF8D1
:10366000075018D10D49D4F86801EDF771FA0C49EB
:1036700020F00040EDF71EFD68B105F0FB050123C9
:103680000DF1070240F6890120468DF8075001F040
:103690009BF803B030BD45F00405F0E70000FA43A5
:1036A0006F12833A2DE9F0410229C8B005460E4653
:1036B000174606D0032921D06FF0180048B0BDE8A6
:1036C000F08190F86431012B03D1D3680BB1C0F8BD
:1036D0009031D7E9012339682846FFF72AFE0028F0
:1036E000ECD13B68013304BF6FF07F433B603B6824
:1036F000C5F8983185F834600020DFE75368FF2B68
:1037000000F2DD8001F0EAF80128044615D195F8B1
:103710009431019395F8643100933B7995F86321D6
:10372000B5F86611284601F075F90028C6D10023C6
:103730000093012240F2012139E0A8B93B790493BA
:1037400095F87E31039395F87D31CDE9010395F825
:103750007C31009395F87B3195F87821B5F880118C
:10376000284601F07DF9E0E7022818D1D5F870313C
:103770007968642B4FEAC1039BB241F6705243F261
:103780000F700093C9B240F2E14308BF134640F600
:103790002F1208BF0246284601F08BF9C5E703281F
:1037A00040F09080002344F2010200931146284625
:1037B00001F048F8002881D102460146284601F070
:1037C000A4F900287FF47AAF032C19D003463A7984
:1037D0003968284601F00EF800287FF46FAF2B6897
:1037E00044F2FF31D3F8EC302846984700287FF4A4
:1037F00065AF2846FFF722FF00283FF47BAF5DE767
:10380000284600F0D3FD00287FF458AF044695F811
:103810009E31C3F10403A3424CDC0024FB22214669
:1038200009A8089410F0EDFF05F5DA73C5E96C44BA
:10383000C5F8B8410DF11C08029305F5D873CDE920
:1038400000832846D7E9001208AB079400F030FB4C
:1038500000287FF433AF03469DF81C2008A92846B2
:1038600000F0C8FF00287FF429AF01238DF818303D
:10387000079B8DF81930D5F8B4318DF81A3006AAA7
:10388000032340F28531284600F09EFF00287FF494
:1038900015AF95F8B471102F28BF10270446A74222
:1038A0009DD9E1B2284600F031FE00287FF406AF32
:1038B0000134F4E7284600F00FFE0134A7E76FF06B
:1038C0000300FBE64FF0FF30F8E637B500230D4666
:1038D0008DF807300DF10702012340F6D8010446A8
:1038E00000F079FF70B99DF807306DB143F01E0309
:1038F0008DF807300DF10702012340F6D80120466C
:1039000000F062FF03B030BD23F01E0343F0080354
:10391000EEE737B590F86431012B044602D0002061
:1039200003B030BD00F0DAFF01280546F7D10023CF
:103930008DF806300DF10602034640F602112046CE
:1039400000F042FF0028EBD18DF807002B460DF167
:10395000070240F64411204600F03DFF0028DFD169
:103960009DF8073043F002038DF807300DF1070290
:103970002B4640F64411204600F026FFD0E70368AE
:1039800010B51B690446984760B92046FFF7C1FF90
:1039900040B923682046D3F8EC30BDE8104044F22B
:1039A000FF31184710BD37B500230D468DF807309D
:1039B0000DF10702012340F23671044600F00BFFBF
:1039C00088B99DF80730012D0CBF03F0FB0343F0CD
:1039D00004038DF807300DF10702012340F2367120
:1039E000204600F0F1FE03B030BDF0B585B00446CE
:1039F00000F074FF0246002878D1D4F87031D4F872
:103A00005C010392FF26B3F5966F029609D102215D
:103A10000423CDE9003140F6B801FEF7D1F905B035
:103A2000F0BDB3F5167F4FF002054FF00303CDE96B
:103A300000354FF004032ED1182240F2D161FEF779
:103A4000BFF90028EBD1CDE90260CDE90055042390
:103A5000D4F85C011A4640F69B01FEF7B1F9002844
:103A6000DDD1CDE9026004270195009702463B466F
:103A7000D4F85C0140F6B801FEF7A2F90028CED1D7
:103A8000CDE90260CDE9007506235022D4F85C012F
:103A900040F2AC61C1E7082240F2D161FEF790F933
:103AA0000028BCD1CDE90260CDE9005502460423CF
:103AB000D4F85C0140F69B01FEF782F90028AED1F4
:103AC000CDE90260042701950097D4F85C013B46DC
:103AD000102240F6B801FEF773F900289FD1CDE916
:103AE0000260CDE9007506230246CFE7002096E785
:103AF000F0B5054685B00F460A2400260121284668
:103B0000FFF743FBD5F85C0110224FF448716B4678
:103B1000CDE90066CDE90266FEF740F80622694667
:103B2000384610F094FE10B9012005B0F0BDD5F86C
:103B30005C31186803680A21DB69013C984714F07E
:103B4000FF04DBD12046F0E72DE9F0410446D0F830
:103B50005C010D4617461E46FDF704FFD4F85C31A4
:103B60001868596A0268D2F808804268C047D4F8D9
:103B70005C311868D96A0268D2F808804268C04788
:103B8000D4F85C3131484FF401621A820122DA74B0
:103B9000D4F85C314FF440011A712D4A5A61C3E9DF
:103BA0000201D4F84C112046FFF7A2FF40B9D4F827
:103BB0005C01FDF7EBFE6FF001052846BDE8F081E2
:103BC00094F8493163B13146204601F012FF0546B1
:103BD000B0B9002F34D12046BDE8F04101F0A9BDB5
:103BE00000212846EDF77AFA0028ECD0294641F268
:103BF0008832204601F0C6FD05460028E3D0DCE708
:103C0000236820461B699847204600F0C1FF114BEE
:103C10009D42D2D18306D0D5002384F8493141F2A8
:103C200088320021204601F0ADFD05460028C4D1B0
:103C30003146204601F0DDFE05460028C9D0BCE72C
:103C40002046BDE8F04101F071BD00BF1D000D0030
:103C5000952A01083DFDFFFFF7B51D46264BC0F82C
:103C60006831062380F8503100231646C0F88831A9
:103C7000224A80F86431FF230F46C0F86021C0F863
:103C800090319DF824200899A0F86651012304463C
:103C9000FFF75AFF70BB02463946204601F053F841
:103CA00040BB44223146204601F07AF810BB23681D
:103CB00029461B6E20469847E0B91149204601F07D
:103CC0008FF8B8B90121204601F01AFE90B90123FE
:103CD000009341F60F5241F221030221204601F0E8
:103CE0006DFC38B923681B6D0146204603B0BDE862
:103CF000F040184703B0F0BD0000FA43090300018B
:103D0000000070422DE9FF4117461E4645F255322C
:103D10004CF6CC43C0E95C23324BC0F884311A2303
:103D2000BDF8285080F8793140F209638846A0F840
:103D30007A319DF830200B99A0F880510023044679
:103D4000FFF702FF002849D1236841461B6C20463B
:103D50009847002842D1236839465B6C2046984733
:103D600000283BD13146204601F018FA002835D111
:103D70001D49204601F034F880BB236829461B6E9C
:103D80002046984750BB4AF61253ADF80C302368D2
:103D90000222DB6D03A920469847F8B92368014643
:103DA0009B6C20469847C8B923680146DB6C2046C7
:103DB000984798B9FF21204601F002FE70B901250D
:103DC000009541F2210341F60F520221204601F0F5
:103DD000F5FB18B92946204601F092FD04B0BDE874
:103DE000F08100BF33331C430000704238B50D46EC
:103DF00011461A4602230446FFF7A6FE58B9236867
:103E000029461B6C2046984728B920460121BDE869
:103E1000384001F075BD38BD70B586B00D46164608
:103E200080F8A3319DF82C200A9903230446FFF75C
:103E30008BFE88BB1C49204600F0D2FF60BB0121ED
:103E4000204601F05DFD38BBCDE90300CDE901005E
:103E50000090034602460146204600F001FED8B914
:103E60000B2384F87A31236884F87901C4F874014B
:103E70001B6C0E492046984770B9032E0ED8092DA9
:103E800084F89C610DD8032384F89E314FF480732D
:103E900084F89D51A4F8AC3106B070BD6FF00900F4
:103EA000FAE76FF00700F7E7000070420000FA3E03
:103EB0002DE9F04F83469146ADF5297D1C46002043
:103EC000FF22484540F0CA80B04810230026037006
:103ED00047F25B574FF6FF734A462146C0E901732C
:103EE000C66001F015FFC0F3072304F8093004EBA6
:103EF00009034FF41772587009F102033146E65472
:103F000009AD11A80593109610F07BFCA0482E6017
:103F1000032101F058FF09F10203DA00063210AB69
:103F200021469B48009501F053FFFF223146204671
:103F300010F067FC9BF89C71032F2ED0954B0CAAB8
:103F400003F1080C18685968164603C60833634520
:103F50003246F7D1186899889B79B371022F98BFC0
:103F60008D4B3060B18098BF13F807C02B68029367
:103F70004FF0000388BF4FF0000C1A4618460DF1B1
:103F800030084FF0010A029999427BD10992073219
:103F9000D208214610A810F074FD099B029300225C
:103FA00093B202985B438342114602F10102F7D3B8
:103FB0008BB25B009BB204939BF89E31BDF9085015
:103FC000C1F34E020692C3EBC30203EBC20300210E
:103FD0005B009BB28A460A46002D74DC9BF89E214A
:103FE0006A4F8DF828906FF0710101FB023309933D
:103FF0009BF8A3319BF89C219BF89D119B0043EA01
:10400000C20343EAD10343F002038DF82930BBF821
:10401000AC311A091B0142EA41128DF82B300823FA
:104020008DF82A203B702F22FF23C7E901230026A9
:10403000FE6035469BF89E11B14200F2AF80059BB1
:104040009BF89C21DB0006339BB2032A00F27B81A4
:10405000DFE812F06D017501A001A2010B5C534075
:104060001D0145EA13132354130983EA521383EA0B
:10407000D20303F0010383EAD2135200D2B21A43EF
:1040800001301EE718F80010B9B110AFDE084FEA92
:10409000D20EBE5D14F80E10DF43D54307F00707BC
:1040A00005F007053E41F6070AFA05F546BF294324
:1040B000C9B2A94304F80E1001320130844508BF8B
:1040C000002001335FE7302D28464FEAD306A8BF12
:1040D00030200390D843A75D4FF0010C00F007009B
:1040E0000CFA00F027EA000703EB0C00A755C710F5
:1040F000C043E65D00F007000CFA00F026EA000677
:10410000E6554FF0000C9F1CFE434FF0010E06F0E9
:1041100007060EFA06F60DF140084FEAD20EF81027
:1041200018F80EE007906FEA020808F00708205C14
:104130004EFA08FE1EF0010F14BF3043B0434FEAA1
:10414000E70618BFC0B2A05504980244029892B284
:1041500090420BD8069A0498524492B290429FBF64
:10416000013189B20A468A4688BF9246039E0CF105
:10417000010C0FFA8CF0864207F10107C4DC3046CF
:104180000230303D18442DB283B225E73034002090
:1041900044340020A0680208DF8A02089DF82B3012
:1041A0000139891B23F00C0343EA810304220AA985
:1041B00038468DF82B3001F0ABFD0DF130084FF093
:1041C0000009C8F800908DF82C0002217448CDF841
:1041D0003490ADF8389001F0F6FD28220DEB020185
:1041E00043466F48CDF8009001F0F2FD28220DEB18
:1041F000020143466A48CDF8009001F0E9FDEA0863
:10420000EB43A15C4FF0010E03F007030EFA03F33A
:1042100021EA0303A35405EB0E03DA10DB43A15C90
:1042200003F007030EFA03F321EA0303A3545D4BE3
:10423000029305F1020C05F12A00029B13F8011B01
:1042400002934FEAD1094FEADC0A18F8099014F8F2
:104250000A30C9436FEA0C0201F0070102F00702BD
:1042600049FA01F919F0010F0EFA02F218BF1343CF
:104270000CF1010C14BFDBB29343604504F80A3023
:10428000DBD105F17203DFF82091029305F14A0CAE
:104290000DF1300A19F8011F6FEA0C024FF0010E00
:1042A00002F007020EFA02F24FEAD10E4FEADC08E2
:1042B0001AF80EE014F80830C94301F007014EFA6D
:1042C00001FE1EF0010F1ABF1343DBB2934304F843
:1042D0000830029B0CF1010C6345DBD100214FF04B
:1042E00001090BEBD10C4FEAD0089CF89FC114F8E0
:1042F00008306FEA010EC2430EF0070E02F007020B
:104300004CFA0EFC1CF0010F09FA02F218BF13431D
:1043100001F1010114BFDBB29343202904F80830F6
:1043200000F10100DDD17235ADB2013682E6062220
:10433000534304330522B3FBF2F39BB203E003EBD8
:104340004303C3F34F03302003F12F02B2FBF0F21B
:104350000A44B4990A60B3FBF0F101EB810202EB6D
:10436000820200FB113352009BB292B213B10233AE
:104370001A4492B29BF89E11722313FB0123B39A45
:104380001360B29A0733DB08002013600DF5297D16
:10439000BDE8F08F5B00D0E703EB4303CDE700BF40
:1043A00044340020E28A0208098B020870B5464AAC
:1043B0008AB0034605AC02F1100610685168254624
:1043C00003C50832B2422C46F7D110683F4A286034
:1043D00010689288ADF810203D4A029249F28E5240
:1043E000ADF8042093F8A3210390002A93F89D21AF
:1043F0000AA800EB42020CBF3421082132F8142C29
:10440000B2FBF1F20621632AA3F8A421A3F8A611B6
:104410002AD037D83C2A53D022D81E2A19D8092AA4
:104420001BD92C4921FA02F2D20716D5B3F8AC21D8
:104430000AA901EB9211B2F5C07F11F81C1CA3F878
:10444000A81102F03F01A3F8AA1106D200200AB079
:1044500070BD232AEAD02F2AE8D06FF06900F6E772
:104460003E2A2DD0562AF8D1B3F8AC210AA901EB87
:10447000D21102F07F0211F8201CA3F8A811A3F8B2
:10448000AA21E3E7B2F5C37F13D00ED8B92A01D031
:10449000C62AE2D1B3F8AC210AA901EB1221D2B2AB
:1044A00011F8241CA3F8A811E9E740F293118A42FD
:1044B000D3D14FF48472A3F8A821B3F8AC21DEE77E
:1044C0003822A3F8A621B1E7B0680208D88A02080A
:1044D000414447480004405010B5B0F8A631B0F848
:1044E000AA11B0F8A441024603F001005B0818B11C
:1044F000B2F8A80143409BB2994214BF81EA03007D
:1045000008468442F0D3A2F8A63110BDD0F8B431E9
:104510002DE9F34104460E46002B66D0FFF7DCFF81
:10452000B4F8A431471EBAB23FB2B7EB530FA8BFDD
:10453000D21A03F0010594F8A331A8BF17B20135D0
:10454000002B56D0AD004FF480584FF09841D4F86E
:104550005401ECF707FC4FF07451ECF703FCECF757
:1045600003FED4F8B82194F89E316D0208FB07557C
:104570009A42A0EB050004D29B1ADB0758BF00F556
:10458000807006EB460700BA7F00042301900DEB14
:10459000030207F28A31204600F016F930BB6EB3F1
:1045A00094F89E31B3422BD8D4F8B051312D29D88C
:1045B000ADB200238DF800306A46022307F5627120
:1045C00020468DF8015000F0FFF878B9D4F8B031EA
:1045D0005B1BC4F8B031D4F8B431013BC4F8B4313A
:1045E000D4F8B8310133C4F8B831002002B0BDE8C6
:1045F000F0811A235D434FF4D048A6E77325D8E72E
:104600007225D6E73225D4E730B5044685B0D0F818
:104610005C010D460121FDF704FD0023CDE90033C7
:104620000DF10F02D4F85C01AD00012384218DF857
:104630000F50FDF776FCD4F85C3105461868036826
:104640000121DB699847284605B030BD0121FFF7FD
:10465000DBBF7FB504460D461646D0F85C0101214C
:10466000FDF7DFFC46B10023CDE900331A46D4F84C
:104670005C011946FDF755FC0123CDE9003303AA7F
:10468000D4F85C018DF80C508021FDF74AFC04B091
:1046900070BD90F84A110122FFF7DBBF0122FFF73E
:1046A000D8BF1FB50B0C8DF80C300B0A8DF80D30F0
:1046B0000123CDE900338DF80E10032303AA8321D3
:1046C000D0F85C01FDF72DFC05B05DF804FB1FB5CB
:1046D0000B0C8DF80C300B0A8DF80D3000220123E5
:1046E000CDE900328DF80E10032303AA8221D0F801
:1046F0005C01FDF716FC05B05DF804FB2DE9F04305
:1047000085B090F860919DF8308006460D981C4663
:1047100017460D46ECF7CEFA1E49ECF7D7FBECF73F
:1047200023FDFF2D08BF0225FF2F04BF09F10D094E
:104730005FFA89F7FF2C08BF0A248DF80A4001248C
:10474000CDE90044030CB8F1FF0F8DF80C304FEAAF
:10475000102308BF4FF000088DF80D308DF80E00C3
:104760000723D6F85C018DF8085002AA88218DF83D
:1047700009708DF80B80FDF7D4FB40B9CDE90044FA
:1047800003460246C521D6F85C01FDF7CAFB05B019
:10479000BDE8F08300007A411FB58DF80D309DF81B
:1047A00018308DF80F300123CDE900338DF80C104F
:1047B0008DF80E20042303AA9521D0F85C01FDF7A3
:1047C000B0FB05B05DF804FB08B5D0F85C01FDF75F
:1047D0006EFA002008BD10B5044610461A4603467E
:1047E000D4F85C01FDF7DAF9D4F85C01BDE81040BB
:1047F000FDF7BFBB10B586B00E248DF81530012330
:10480000CDE9013300920B46022205A9D0F85C01E4
:104810008DF81440FDF76BFB06B010BD10B586B0E7
:104820001E248DF815300123CDE9013300920B468B
:10483000022205A9D0F85C018DF81440FDF716FBA3
:1048400006B010BD1FB55BBAADF80C30BDF818301E
:104850005BBAADF80E300123CDE9003349BA082325
:1048600052BAADF80810ADF80A2019460DEB030254
:10487000D0F85C01FDF755FB05B05DF804FB1FB5F2
:104880000123CDE9003349BA0223ADF80C1003AA85
:104890001946D0F85C01FDF744FB05B05DF804FB58
:1048A0001FB50123CDE9003309BA0391042303AAFC
:1048B0008621D0F85C01FDF734FB05B05DF804FB00
:1048C00007B50123CDE900330A4602239821D0F829
:1048D0005C01FDF726FB03B05DF804FB1FB5FF2369
:1048E0008DF80F300123CDE900330DF10F021121B6
:1048F000D0F85C01FDF7D3FA9DF80F0005B05DF824
:1049000004FB30B5012385B0CDE9003304460D46E4
:104910008DF80C108DF80D20D0F85C01022303AA4D
:104920008E21FDF7FEFA08B984F88C5105B030BD30
:104930002DE9F0431E4685B090F86C319DF830406B
:10494000054688461746A3B190F860014FF001096B
:1049500009FA00F0ECF7AEF9D5F86811ECF7B6FA01
:104960004FF08341ECF7B0FB0028044618BF4C46DB
:10497000E4B2012385F86241CDE9003303AAD5F8FA
:104980005C018DF80C8004238B218DF80D708DF85F
:104990000E608DF80F40FDF7C4FA05B0BDE8F08356
:1049A00030B585B00D0C089C8DF80C30230C8DF8BB
:1049B0000D300123CDE9003308238DF808508DF820
:1049C0000A100D0A8DF80B2064BA0DEB03028B213F
:1049D000D0F85C018DF80950ADF80E40FDF7A1FA52
:1049E00005B030BD1FB50B0C8DF80C300B0A8DF8DF
:1049F0000D300123CDE900338DF80E108DF80F2016
:104A0000042303AA8B21D0F85C01FDF78AFA05B0D4
:104A10005DF804FB2DE9FF419DF82C800C464146D2
:104A2000064617461D46FEF7BEFFB0B99DF8283072
:104A30008DF80A300123CDE9003364BAD6F85C0161
:104A4000ADF80840062302AA8C218DF80B508DF892
:104A50000C708DF80D80FDF764FA04B0BDE8F081AC
:104A60007FB58DF813309DF828308DF80E208DF825
:104A700014309DF820208DF80F200123CDE900335C
:104A80009DF824208DF810209DF82C208DF8112001
:104A900049BA9DF83020ADF80C108DF8122009238A
:104AA00003AA8C21D0F85C01FDF73BFA07B05DF852
:104AB00004FB30B585B00546BDF820008DF8081020
:104AC0008DF80A20110A8DF80C301A0A030A8DF8A5
:104AD0000D300123CDE900338DF809108DF80B203E
:104AE0008DF80E0002AAD5F85C018C21FDF719FAA9
:104AF000044638B9D5F85C0106230DF10902F0210E
:104B0000FDF7D5F8204605B030BD1FB50123CDE92E
:104B100000338DF80C108DF80D20022303AA8F218D
:104B2000D0F85C01FDF7FDF905B05DF804FB1FB599
:104B30000123CDE900338DF80C1003AA9621D0F89B
:104B40005C01FDF7EEF905B05DF804FB1FB50F4BF6
:104B50001A889B788DF80E300123CDE90033ADF82B
:104B60000C20032303AA1421D0F85C01FDF797F968
:104B70009DF80D309DF80C209DF80E001B0243EAB5
:104B80000243184305B05DF804FB00BFC468020887
:104B90001FB50023ADF80C300123CDE9003303AA83
:104BA00002231721D0F85C01FDF779F9BDF80C005C
:104BB00040BA80B205B05DF804FB1FB50023ADF824
:104BC0000C300123CDE9003303AA02230721D0F8DA
:104BD0005C01FDF7A6F905B05DF804FBD0F85C3187
:104BE0002DE9F0411D682A6804465769926D0E460A
:104BF0002846596A9047D4F85C311B680146324612
:104C00002846BC465B69BDE8F0416047D0F85C319E
:104C100070B51C68596A226820469569926D904764
:104C20002B4601462046BDE8704018470368D3F87C
:104C3000DC3018470368D3F8E030184773B50546F1
:104C40000E46FFF74BFE0128044656D100213046A0
:104C5000ECF73AFA00283BD029493046ECF72AFA1B
:104C6000002835D04FF07C513046ECF77BF82549D1
:104C7000EBF770FFECF778FAC3B2142B21D8022BB4
:104C800026D9033B112B23D8DFE803F02F2209227A
:104C90000A222229222222222B222222222D082409
:104CA00095F8623185F85041C5F86861009395F830
:104CB000613195F8601122462846FFF739FE02B0AF
:104CC00070BD7D2B13D006D81F2B12D03E2B12D0D7
:104CD0006FF00700F3E7FA2BFAD10624E0E7092486
:104CE000DEE70224DCE70A24DAE70024D8E705241B
:104CF000D6E70324D4E70424D2E76FF01300DEE7FD
:104D00000000FF430AD7233C37B504460D46FFF7A2
:104D1000E5FD012811D16B1F072B11D894F86231E2
:104D200084F86051009394F8613194F85021294639
:104D30002046FFF7FDFD03B030BD6FF01300FAE72A
:104D40006FF00800F7E773B505460C461646FFF707
:104D5000C5FD01281ED1231FDBB2042B1DD8BEB117
:104D6000062C11D8042C08BF002495F8623185F870
:104D70006141009395F8502195F86011234628462B
:104D8000FFF7D6FD02B070BD082C06D10724ECE772
:104D90001C46EAE76FF01300F4E76FF00900F1E753
:104DA00073B506460D461446FFF798FD012814D149
:104DB00025F00F0343EA141304F00F0444EA05112D
:104DC0008DF804308DF80510022301AA4FF4E86134
:104DD0003046FFF7F9FC02B070BD6FF01300FAE740
:104DE00037B50C46054600212046ECF76DF9B0B109
:104DF0000C492046ECF75EF988B10B492046ECF7E8
:104E000065F8ECF7B1F901238DF807000DF1070201
:104E100040F6E7012846FFF7D7FC03B030BD6FF03E
:104E20001000FAE700000C430000204030B587B0C6
:104E300005460C46FFF752FD012811D195F8943133
:104E4000A1B2A5F86611019395F86431009395F825
:104E5000903195F863212846FFF7DCFD07B030BD9F
:104E600058BB95F87C31A1B299420A46A8BF1A46B0
:104E70001F2AA5F880111ADC172A1ADC0F2A1ADC5F
:104E8000003A18BF01229200FF2085F87821049093
:104E900095F87E01039095F87D0102900020CDE900
:104EA0000030284695F87B31FFF7DAFDD6E7072278
:104EB000EAE70622E8E70522E6E74FF0FF30CDE714
:104EC00037B504460D46FFF709FD68BB00212846AB
:104ED000ECF7E6F860B916492846ECF7F5F820B18A
:104EE00014492846ECF7E6F818B96FF0650019E0A8
:104EF0000F4D11492846EBF735FF4FF09841EBF77E
:104F000031FF0E49EBF7E2FFECF72EF9C4F874011C
:104F1000009094F8793194F87A21D4F870112046F1
:104F2000FFF73EFD03B030BD6FF01300FAE700BF9E
:104F30009A99193F0000484300007A440024F44B3A
:104F400037B504460D46FFF7C9FC002839D00328C1
:104F500005D0022810D06FF0130003B030BD2549F2
:104F60002846ECF7B1F820B123492846ECF7A2F81F
:104F700038BB6FF06400F0E720492846ECF7A4F84E
:104F80000028F6D01E492846ECF794F80028F0D007
:104F90001C492846EBF7E6FE01461B48EBF796FF57
:104FA000ECF7E2F816220146C4F870012046FFF73C
:104FB00019FD0028D1D1204603B0BDE83040FEF7EE
:104FC00014BD10492846EBF7CDFE01460E48EBF71D
:104FD0007DFFECF7C9F8D4F87431C4F87001009380
:104FE000014694F8793194F87A212046FFF7D8FCED
:104FF000DFE700BF23DBF93E355EFA3ECDCCCC3D8A
:105000009A99193F00007A440024744EF0B589B093
:1050100003AC84E80E0003689DF83860D3F8CC3008
:10502000049F0DF11F01054698470446002851D101
:10503000032E9DF81F3002D0B3420FD13346E3B99F
:105040002B6803991B6C284698470446002841D1D9
:105050002B6839465B6C284698470CE02B6828463D
:105060001B69984738B92B683146D3F8C8302846B1
:1050700098470028E2D004462CE0012B17D12B687A
:105080009DF80C10D3F8E83028469847044608BB32
:105090002B683946D3F8E430284698470446C8B907
:1050A00002469DF814102846FFF74DFEE3E7022B59
:1050B00010D14FF4807300939DF80D209DF80C10D3
:1050C00003232846FEF73EF80028D4D19DF80E3081
:1050D00085F8A331204609B0F0BD000030B585B099
:1050E00004AC04E90E009DF82030029C032B07D18C
:1050F000036808A9D3F8CC30984718B105B030BD83
:105100004FF0FF309DF82030CBB9019D1F49284654
:10511000EBF7DAFF68B31E492846EBF7CBFF40B345
:105120001A492046EBF7D0FF30B31A492046EBF777
:10513000C1FF002814BF00206FF06500DEE7012BDF
:10514000DCD19DF80430053B072B18D80021204600
:10515000EBF7BAFFB0B110492046EBF7ABFF88B1CF
:105160009DF80C30043B042B94BF00206FF0090025
:10517000C4E76FF06400C1E76FF06500BEE76FF051
:105180000800BBE76FF00700B8E700BF9A99193F26
:1051900000009643000048430000FF4337B5054632
:1051A0000C46FFF79BFB002840F02B819849C5F87F
:1051B00084412046EBF7CCFC964920F00040EBF709
:1051C00079FF002840F0F58093492046EBF7C0FCBA
:1051D000904920F00040EBF76DFF002840F0EB8095
:1051E0008E492046EBF7B4FC8A4920F00040EBF7EB
:1051F00061FF002840F0E18089492046EBF7A8FCD8
:10520000844920F00040EBF755FF002840F0D7809C
:1052100084492046EBF79CFC7E4920F00040EBF7E8
:1052200049FF002840F0CD807F492046EBF790FCF5
:10523000784920F00040EBF73DFF002840F0C380A4
:105240007A492046EBF784FC724920F00040EBF7E6
:1052500031FF002840F0B98075492046EBF778FC13
:105260006C4920F00040EBF725FF002840F0AF80AC
:1052700070492046EBF76CFC664920F00040EBF7E4
:1052800019FF002840F0A5806B492046EBF760FC31
:10529000604920F00040EBF70DFF002840F09B80B4
:1052A00066492046EBF754FC5A4920F00040EBF7E2
:1052B00001FF002840F0918061492046EBF748FC4F
:1052C000544920F00040EBF7F5FE002840F08780BD
:1052D0005C492046EBF73CFC4E4920F00040EBF7E0
:1052E000E9FE00287DD158492046EBF731FC4949B9
:1052F00020F00040EBF7DEFE002874D15349204631
:10530000EBF726FC434920F00040EBF7D3FE0028E2
:105310006BD14F492046EBF71BFC3E4920F0004083
:10532000EBF7C8FE002862D14A492046EBF710FC93
:10533000384920F00040EBF7BDFE002859D146491E
:105340002046EBF705FC334920F00040EBF7B2FEB6
:10535000002850D141492046EBF7FAFB2D4920F0B7
:105360000040EBF7A7FE002847D13D492046EBF768
:10537000EFFB284920F00040EBF79CFE00283ED1CF
:1053800038492046EBF7E4FB224920F00040EBF7D8
:1053900091FEC8B30923D5F8742185F879310092BC
:1053A00095F87A21D5F870112846FFF7F9FA03B07D
:1053B00030BD1F23EFE71723EDE70F23EBE71E2395
:1053C000E9E71623E7E70E23E5E71D23E3E71523C7
:1053D000E1E70D23DFE71C23DDE71423DBE70C23E4
:1053E000D9E71B23D7E71323D5E70B23D3E71A23EA
:1053F000D1E71223CFE70A23CDE71923CBE7112307
:10540000C9E76FF01300D2E76FF06700CFE700BF86
:105410009A9999406F12833A9A99B9409A99E940BA
:1054200033331B4133333B419A99694100009C411E
:105430003333BB416666EA4100001C429A993B4205
:1054400066666A4266669C429A99BB429A99EA42AB
:1054500033331C4333333B43CD4C6A4300009C43FE
:10546000CDCCBA430080E94337B500290CBF942363
:10547000962315468DF803300DF10302012340F603
:10548000AC010446FFF7A0F970B96DB1074B1A885B
:105490009B78ADF804208DF8063001AA032340F272
:1054A0009F212046FFF790F903B030BD328B0208F0
:1054B00037B505460C46FFF711FA08B103281CD191
:1054C000042C1DD8DFE804F004031315170008248A
:1054D000D5F8743185F87A41009395F87931D5F88B
:1054E000701122462846FFF75BFA03B030BD09244D
:1054F000EEE70A24ECE70B24EAE76FF01300F4E789
:105500006FF06900F1E770B586B005460E461446A7
:10551000FFF7E4F9002838D1082C4CD8E4B2234630
:1055200032464FF4D8612846FFF74EF928BBB5F84C
:105530008011E400E4B2A1420A46A8BF22461F2A15
:1055400085F87C411BDC172A1BDC0F2A1BDC003A88
:1055500018BF01229200FF2085F87821049095F869
:105560007E01039095F87D0102900020CDE9004076
:10557000284695F87B31FFF773FA06B070BD072215
:10558000E9E70622E7E70522E5E7012809D1012C32
:1055900011D831784422284606B0BDE87040FFF7A4
:1055A000FFBB032804D1042C05D13368C5F89F3113
:1055B0006FF01300E1E76FF06800DEE72DE9F041DE
:1055C00088B004469DF838800D4617461E46FFF702
:1055D00085F9002845D1012D08D0022D3AD0002DA3
:1055E0003DD06FF42F7008B0BDE8F0814FEA880815
:1055F0005FFA88F5FF2384F87B51049394F87E3199
:10560000039394F87D3102930023019394F87C3145
:10561000009394F87821B4F880112B462046FFF7C8
:105620001FFA0028DFD17FBA022307AA40F2BC612B
:105630002046ADF81C70FFF7C7F80028D3D176BA22
:10564000022307AA40F2BE612046ADF81C60FFF7B6
:10565000BBF8C8E7B8F1000F18BF0625CAE7012557
:10566000C8E7012812D12A1E94F8943118BF0122EC
:1056700084F86321019394F86431009394F8903195
:10568000B4F866112046FFF7C5F9ACE74FF0FF30DC
:10569000A9E770B588B004460D461646FFF71EF917
:1056A000002840D1B5B9FF2384F87D51049394F8C4
:1056B0007E310195CDE9025394F87C31009394F842
:1056C0007B3194F87821B4F880112046FFF7C8F9AF
:1056D00008B070BD012384F87D3107AA4FF4D7616B
:1056E0002046FFF778F80028F2D19DF81C308DF89D
:1056F0001D60C6F3002223F0010313438DF81C3014
:1057000007AA02234FF4D7612046FFF75DF800286F
:10571000DED1FF23049394F87E31039394F87D3116
:10572000CDE90103C8E76FF01300D1E70021FFF7CF
:10573000FEB90121FFF7FBB9003940F2FF1218BF93
:105740000121FFF7A6BFD0F85C01FCF745BC37B5D7
:1057500004460D46FFF7C2F8012810D184F8945191
:10576000019594F86431009394F8903194F8632192
:10577000B4F866112046FFF74DF903B030BD6FF065
:105780001300FAE7F0B590F8493185B006460D46AA
:10579000174613B14F4805B0F0BD03681B69984721
:1057A0003046FFF7F5F9830602D53046FFF705FAD4
:1057B000494925F00040EBF77DFC044630B101215A
:1057C000304605B0BDE8F040FDF7DFBC4349284650
:1057D000EBF7BEF9404920F00040EBF76BFC0028E6
:1057E00069D13F492846EBF7B3F93B4920F0004027
:1057F000EBF760FC002860D13A492846EBF7A8F99E
:10580000354920F00040EBF755FC002857D13649C8
:105810002846EBF79DF9304920F00040EBF74AFCB1
:1058200000284ED131492846EBF792F92A4920F059
:105830000040EBF73FFC002845D12D492846EBF707
:1058400087F9254920F00040EBF734FC00283CD1D3
:1058500028492846EBF77CF91F4920F00040EBF778
:1058600029FCA0BB24492846EBF772F91A4920F01D
:105870000040EBF71FFC00288CD0072338468DF83A
:105880000C30EBF717FA1D49EBF720FBEBF76CFC3C
:10589000030C8DF80D300123C6F88871CDE9003373
:1058A00040BAADF80E000423D6F85C0103AA972194
:1058B000FCF737FB6FE72346E0E70123DEE702232F
:1058C000DCE70323DAE70423D8E70523D6E706233A
:1058D000D4E700BF41FDFFFF6F12833ACDCCCC3F30
:1058E0009A99D93F6666E63FCDCC0C409A9919400B
:1058F000CDCC2C40000040403333534000007A416F
:105900001FB50123CDE900338DF80F100DF10F0203
:105910009D21D0F85C01FCF704FB05B05DF804FBA9
:105920002DE9FF411F4600230D4616468DF80F3026
:105930000DF10F02012340F6E7010446FEF74BFF8D
:10594000C8B94FF001089DF82820CDF800803B46EB
:1059500031462046FEF720FF68B90422E9B220460E
:10596000FEF7CFFF38B943460DF10F0240F6E701CD
:105970002046FEF729FF04B0BDE8F08170B586B07F
:1059800004460D461646FEF7A9FFB0B9CDE9035609
:1059900094F87D31CDE9010394F87C31009394F8BB
:1059A0007B3194F87821B4F880112046FFF758F83D
:1059B00008B984F87E5106B070BD6FF01300FAE7A5
:1059C0000A460121FFF7DABF10B504460846C4F8BD
:1059D00054114FF09841EBF7C5F94FF07451EBF7C4
:1059E000C1F9EBF7C1FB01462046BDE81040FEF7C8
:1059F00057BFF0B5002285B00C4611460546FFF7AB
:105A000084F800286CD10126CDE900663346D5F82C
:105A10005C018DF8084002AA8A21FCF782FA00286E
:105A20005ED195F84A31CDE90066002B0CBF2023EA
:105A300030238DF80830D5F85C01334602AA932153
:105A4000FCF76FFA00284BD103228DF8082095F857
:105A50006021ADF80C00CDE900660D328DF809200B
:105A60000A22ADF80A208DF80E000723D5F85C0154
:105A700002AA8821FCF755FA074688BB2B6844F236
:105A8000FF31D3F8EC3028469847009704463B4650
:105A90003A4639462846FEF7D5FE204300B2F8B90B
:105AA000CDE900607F238DF80830D5F85C013346DE
:105AB00002AA8921FCF735FA90B9D5F85C3118684B
:105AC00003680521DB699847D5F85C311868D96A05
:105AD00002681269904728B9D5F85C01FCF749FAC9
:105AE00005B0F0BDD5F85C31186803685B6D984768
:105AF000EAE76FF0180070476FF0180070476FF01A
:105B000018007047036800215B6918476FF01800A0
:105B100070476FF0180070476FF0180070476FF013
:105B2000180070476FF0180070476FF0180070474A
:105B30006FF01800704784B004A800E90E006FF001
:105B4000180004B0704700207047000000487047FC
:105B50000000C8C182B08DE80C00002002B0704780
:105B6000002070476FF0180070476FF01800704702
:105B7000002070477047704770476FF018007047FB
:105B800030B585B00025CDE902558DF808300368A1
:105B9000CDE90012D3F8D0306A4603210446984775
:105BA00020B923682046D3F8D430984705B030BDDB
:105BB0001FB50293069B03930368CDE90012D3F847
:105BC000D0306A4602210446984720B9236820460F
:105BD000D3F8D430984704B010BD000038B5104B4E
:105BE00003604FF07E530025044643600123836029
:105BF000C0F8445180F84851294628220C300EF054
:105C000000FE65634FF48072294604F138000EF0FF
:105C1000F8FD84F84051C4E94E55204638BD00BF18
:105C2000408B0208002330B51A4601250C3005FAD6
:105C300003F40C4204D050F823401F2C18BF224319
:105C40000133202BF3D1104630BDF7B506460C4684
:105C5000A9B101AF002533683046D3F8A430984786
:105C60000135EDB2042D07F8010BF4D1019B1BBAED
:105C7000002BB8BF5B4293FBF4F204FB12342046C6
:105C800003B0F0BD38B590F8483104469BB9D0F860
:105C9000382141EA4201D0F84421C0F838111140BE
:105CA000D0F83C21914205D1012280F8482180F8AA
:105CB0003530C38638BD90F8362094F8353002442C
:105CC000012592F838009D40B9B12843C0B2591C53
:105CD000C9B2082982F8380084F83510EAD100F0FA
:105CE000FFF894F83630E218013382F8380084F86F
:105CF0003630002384F83530DCE720EA0500E6E79B
:105D0000082202700022C0E90122C26002827047AC
:105D10002DE9F843002684684FEAC20805460F467D
:105D20003246B04510D1EB6884EA03006B7C13B1B6
:105D3000297800F0D5F82A784FF0FF33C2F120021D
:105D4000D3401840BDE8F88373070CD12B7CB85CB6
:105D500002F1010913B1082100F0C2F82B78083BC9
:105D6000984044404A462B78013B24FA03F313F051
:105D7000010F18BF6B684FEA440418BF5C4001363E
:105D8000CFE700000148FFF7BBBF00BF3034002061
:105D900070B500254FF48076044605804560057295
:105DA000324629460C300EF02CFD3246294604F5C9
:105DB00086700EF026FD8422294604F503700EF04D
:105DC00020FD204670BD0023037041707047000025
:105DD0002DE9F74F019200296CD0002B6AD00022E8
:105DE00096461546019CA54212D1690708D0417814
:105DF000032904BF110C03F8011B110A19705A7012
:105E00000C9B0BB1C3F800E0002003B0BDE8F08F9D
:105E1000EC0890F8018011F804C0284C284EEF439C
:105E200007F00707B8F1020F4CFA07FC08BFA246BB
:105E30000CF0010C047818BFB246CCF101064FEA11
:105E4000940B6FEA04094FEA860609F00309F6B2DB
:105E500006EBC9065AF82B904FF0020A29FA06F60B
:105E60001AFB04C40CBF4FF010094FF04009B4FBFB
:105E7000F9FC09FB1C4406F00F06047007FB08F749
:105E800005F00704BE40072C42EA06020CD1B8F127
:105E9000030F04BF140C03F8014B1C46160A04F848
:105EA000026B5A7023460022447874441FFA84FE21
:105EB000013597E74FF0FF30A7E700BF1C8C0208C1
:105EC0002C8C020808B50448FFF762FF034B002240
:105ED0001A705A7008BD00BF4834002044340020B6
:105EE0000023F0B50446012518464E1EDAB2914251
:105EF00000D8F0BD05FA03F22240DA40F71ABA40A2
:105F000010430133F2E77047704770470846704707
:105F10007047000010B5C0E90223029B0361039B98
:105F20004361049B8361044B044C1A68C0E900413F
:105F300002B9186010BD00BFD8360020748C02086A
:105F40001020704710B5064B0446B02140F80C3BBA
:105F500000F0CFFA204600F085F8204610BD00BFC3
:105F6000DC8C020810B50446FFF7ECFF2046BC218C
:105F7000F0F779FA204610BD102AF8B54AD100F1A1
:105F80000C0301F1100251F8044B43F8044B914209
:105F9000F9D100F1180400F1B80601250423042BFF
:105FA00004F1040722D12A462146384600F084FA3B
:105FB000237914F80C2CE1795340237114F80B2C3D
:105FC00063795340637114F80A2CA3795340A37189
:105FD00014F8093C01355940EDB200230133B742B2
:105FE000E171DBB23C46DAD10120F8BD14F80C1C9B
:105FF00022784A40227114F80B1C62784A40627180
:1060000014F80A1CA2784A40A271E17814F8092C0D
:106010005140E3E70020E8E710B5044600F014F82B
:10602000044B23600A23237104F10C03A360204670
:1060300010BD00BFDC8C0208102070470179806819
:106040000131090100F055BA10B5044600F04AFAD2
:10605000034B236000232371A360204610BD00BFC3
:10606000048D020810B5034B0360044600F040FAAB
:10607000204610BD048D0208184B0A789A5C027005
:106080004A799A5C42708A7A9A5C8270CA7B9A5C7E
:10609000C2700A799A5C02714A7A9A5C42718A7B70
:1060A0009A5C8271CA789A5CC2710A7A9A5C0272AE
:1060B0004A7B9A5C42728A789A5C8272CA799A5C4C
:1060C000C2720A7B9A5C02734A789A5C42738A793C
:1060D0009A5C8273CA7A9B5CC3737047378E0208DE
:1060E000184B0A789A5C02704A7B9A5C42708A7AF2
:1060F0009A5C8270CA799A5CC2700A799A5C027161
:106100004A789A5C42718A7B9A5C8271CA7A9A5CFC
:10611000C2710A7A9A5C02724A799A5C42728A78EF
:106120009A5C8272CA7B9A5CC2720A7B9A5C027326
:106130004A7A9A5C42738A799A5C8273CA789B5CC9
:10614000C3737047378D0208F0B50E7891F801C01F
:106150008D78CF78F40904EB44044FEADC1104EBAA
:10616000C40401EB410184EA46048CEA050E01EB0C
:10617000C101E4B287EA0E0E81EA4C01C9B2EB0913
:1061800084EA0E0E81EA0E0EFA0903EB430303EBD9
:10619000C30302EB420280F800E086EA050E83EAC0
:1061A000450387EA0E0E86EA0C0602EBC202DBB25A
:1061B00082EA470281EA0E0177407540D2B2594027
:1061C0006C407B405340624041708370C270F0BDB0
:1061D0002DE9F041846888B0531E0D46671E0F32CA
:1061E0006E4613F8011F17F801CF934281EA0C01A4
:1061F00006F8011BF5D1077910343E46A046012E62
:106200001BD87B1E002FDBB24FEA031308BF00230D
:106210001C44694604A8FFF72FFF013D631E0F349D
:1062200013F8011F10F8012BA34282EA010205F8BE
:10623000012FF5D108B0BDE8F08104A86946FFF749
:106240001BFF01466846FFF77FFF05A901A8FFF77E
:106250007BFF06A902A8FFF777FF03A807A9FFF7AE
:1062600073FF08F1FF336A4608F10F00117813F845
:1062700001CF81EA0C01834202F8011BF6D1013EF5
:1062800008F11008F6B2BAE72DE9F04F91F800B026
:106290004E78CF788D784FEADB1303EB430303EBA3
:1062A000C30387B083EA4B03DBB20193F309FA0916
:1062B00003EB430303EBC30302EB420283EA46030F
:1062C00002EBC20282EA4702DBB20293B409D3B204
:1062D000484A03934FEA971C145D12F80CC084EAF5
:1062E0008604E3B28CEA870C04935FFA8CF34FEADE
:1062F0005B1CAC0912F80CA005934FEA561C4FEA40
:106300009B1912F80C80145D12F80990019B4FEA5A
:10631000551C84EA850412F80CE04FEA571CE4B2DD
:1063200012F80CC086EA05027A405A40029B88EABD
:10633000C6085A405FFA88F88AEACB0A8EEAC50E88
:1063400062405FFA8EFE5FFA8AFA8CEAC70C89EA2D
:106350008B0988EA02025FFA8CFC8AEA09098EEA54
:106360000202E9095FFA89F98CEA020289EA02026B
:1063700001EB4101027001EBC1018BEA05027A4099
:1063800081EA4501C9B25340049A4B405340059AF3
:1063900053408AEA030388EA03038EEA03038CEA84
:1063A00003038BEA060643707740039B039A794008
:1063B0005940019B75406B405340049A5340059AE5
:1063C0004C40534088EA04048AEA030A8EEA040433
:1063D00088EA0A088CEA04048EEA080E89EA0409AD
:1063E0008CEA0E0C80F8029080F803C007B0BDE87C
:1063F000F08F00BF2F8D02082DE9F04384680779E4
:1064000089B00D4604EB07146946531E661E0F3211
:10641000894613F8010F16F801CF934280EA0C0069
:1064200001F8010BF5D1494604A8FFF759FE3E4695
:10643000A046012EA8F1100819D87B1E6FF00F029C
:10644000DBB2002F02FB03F308BF00231C44A21899
:1064500004AB013D12F8010B13F8011BA24281EAC3
:10646000000105F8011FF5D109B0BDE8F08304AAC9
:10647000434608F11000117813F801CB81EA0C01B2
:10648000834202F8011BF6D104A94846FFF7FCFE3F
:1064900005A901A8FFF7F8FE06A902A8FFF7F4FE78
:1064A00007A903A8FFF7F0FE013E494604A8FFF73D
:1064B00017FEF6B2BDE7000030B5084B4C78084D2A
:1064C0001C5DAA5C544004708A789A5C4270CA7859
:1064D0009A5C82700A789B5CC37030BD378E02086C
:1064E000248D0208014B0360704700BF408F0208F3
:1064F000704701440023884200D1704700F8013BF7
:10650000F9E730B502440023904204D1C3F580700E
:10651000C0F3002030BD10F8014B11F8015B6C4056
:106520002343F1E72DE9F0419CB0164F164B4FF095
:1065300009080546082603A8CDF8008010220C465D
:1065400001F05EF93B46424613A903A8009601F00C
:1065500057F9334603AA2146204601F0E7F83346AF
:106560003A462146284601F04DF933463A46294637
:10657000284601F047F9642103A8FFF7BAFF1CB0D1
:10658000BDE8F081848F0208608F020838B5144698
:106590000546402320460A46102101F0AEF80023AC
:1065A000236421462846BDE83840FFF7BBBF2021C1
:1065B000FFF79FBF2DE9F0410D46A0B000F1200884
:1065C000044605F1200602464146684601F044FAB9
:1065D0002A46314610A801F03FFA10AA69466846DB
:1065E00001F0D6F92246414608A801F01EFA2A46D3
:1065F000314610A801F019FA08A904F1600610AAA2
:10660000084601F0C5F905F16002314610A801F015
:10661000BFF910A904F140070846224A01F0C8F961
:1066200005F14002394618A801F0B2F918AA11463E
:10663000104601F0FAF96A4608A9304601F00CFA52
:1066400010AA18A9384601F007FA18A910AA084696
:1066500001F0EBF908A96A46084601F0E6F93A4666
:106660003146204601F094F908AA18A9404601F0E5
:106670008FF918AA3946384601F08AF908AA314636
:10668000304601F085F96846FFF791FF08A8FFF74B
:106690008EFF10A8FFF78BFF18A8FFF788FF20B028
:1066A000BDE8F081249002082DE9F041064690B043
:1066B00001F140080D464246014606F14007684692
:1066C00001F066F93A46294608A801F061F920224E
:1066D0000DEB02016846FFF714FF424606F1200168
:1066E0000446684601F054F93A4605F1200108A82D
:1066F00001F04EF920220DEB02016846FFF701FF81
:1067000004406846FFF753FF08A8FFF750FFE4B2C4
:10671000204610B0BDE8F0812DE9F041044600F1BB
:1067200020060A46202388B00821304600F0E5FF05
:10673000E36B334DDF0F04F1400823F00043E363C4
:10674000424605F1200C2B4603CB63451060516097
:106750001D4602F10802F6D104F1600532463146C9
:10676000284601F015F942462946204601F074F901
:10677000244A2946284601F01BF942462946284664
:1067800001F053F92946684601F0EBF96A462146C3
:10679000284601F0FDF86846FFF709FF236E2A46F8
:1067A00004F17C0152F8040F8A4243EA0003F9D154
:1067B0005BB91FB1002008B0BDE8F0812022394646
:1067C00020460EF01EF80120F5E72946204601F08C
:1067D000F3F90028EED0236803F00103BB4209D08F
:1067E0002022002128460EF00CF822462946204699
:1067F00001F032F932462146284601F0C9F8E2E7B5
:10680000C48F0208449002088021FFF772BE000086
:106810002DE9F04FC5B005460291144600218022B3
:10682000019301260DF0EDFFFF232E622E640093ED
:106830004FF0000A04F12008029B53F82A70019BD4
:1068400037400BB9002F7BD005F120092A46494675
:1068500004A801F001F92246414614A801F0FCF811
:1068600004A9084614AA01F093F82A4649460CA840
:1068700001F0DBF82246414614A801F0D6F80CA935
:10688000084614AA01F084F805F16003194604F1E2
:10689000600214A8039301F07BF814A908466E4A1D
:1068A00005F1400B01F084F804F1400259461CA8A0
:1068B00001F06EF81CAA1146104601F0B6F804AAC1
:1068C0000CA93CA801F0C8F814AA1CA934A801F02E
:1068D000C3F81CA9084614AA01F0A7F80CA904AA39
:1068E000084601F0A2F8019B34AA3CA9002B00F055
:1068F0009F8024A801F04CF80CAA1CA92CA801F038
:1069000047F834A908461CAA01F042F83CA90846F9
:106910000CAA01F03DF824AA2946384601F0CAF82D
:106920002CAA4946384601F0C5F834AA59463846DB
:1069300001F0C0F83CAA05F16001384601F0BAF850
:106940002246414604A801F087F804AA11461046E1
:1069500001F01EF8224641460CA801F066F80CAA88
:1069600004F160071146104601F012F83A46394624
:1069700014A801F00DF814A904F140090846364A9C
:1069800001F016F84A4649461CA801F001F81CAA75
:106990001146104601F049F804AA0CA9384601F046
:1069A0005BF814AA1CA9484601F056F81CA9084631
:1069B00014AA01F03AF80CA9084604AA01F035F827
:1069C0004A463946204600F0E3FF0CAA1CA940467F
:1069D00000F0DEFF1CAA4946484600F0D9FF0CAA89
:1069E0003946384600F0D4FFB6F1004F04BF0AF133
:1069F00001035FFA83FA009B03F1FF3314BF7600B3
:106A0000012613F0FF0300937FF416AF24A8FFF7CD
:106A1000FBFE04A8FFF7CBFD0CA8FFF7C8FD14A8E8
:106A2000FFF7C5FD1CA8FFF7C2FD45B0BDE8F08F1C
:106A3000284600F0ADFF0CAA1CA9484600F0A8FFAC
:106A40001CAA34A9584600F0A3FF0CAA3CA905F1E2
:106A5000600000F09DFF73E724900208F0B5174D29
:106A6000944606460F460FCDA1B06C460FC495E87C
:106A70000F00134D84E80F000FCD08AC0FC495E84C
:106A80000F00104D84E80F000FCD10AC0FC495E837
:106A90000F000D4D84E80F000FCD18AC0FC495E822
:106AA0000F0084E80F0063466A4639463046FFF718
:106AB000AFFE6846FFF7A8FE21B0F0BD04900208C3
:106AC000E48F0208C48F0208A48F0208F0B5ADF568
:106AD000397D0D46044680A816461F4600F0CEFAC2
:106AE00029466846FFF718FE98B900246846FFF764
:106AF0008BFE20A8FFF788FE40A8FFF785FE60A860
:106B0000FFF782FE80A800F09FFA20460DF5397D40
:106B1000F0BD214620A8FFF7FFFD0028E5D080A8A2
:106B200000F076FA2146202280A800F009FD2022FC
:106B3000294680A800F004FD3A46314680A800F0BE
:106B4000FFFC002292A980A800F039FD2023E21862
:106B5000082178A800F0D1FD002278A940A8FFF70D
:106B60007DFF60AA92A958A8FFF710FD00236A468E
:106B700058A960A8FFF74CFE60A920A8FFF71AFDEE
:106B800020A940A8FFF790FD0446AFE705494FF460
:106B90000052A0F880200022C0E92121A0F89C200A
:106BA000704700BF80EE360010B540210446FFF765
:106BB000A0FC40216018FFF79CFC204610BD00009F
:106BC0000148FFF7E3BF00BFDC3600200148FFF7B4
:106BD000EBBF00BFDC36002020207047402070470C
:106BE0000E4A0F4B0F49DFF840C0C0E902230F4B9C
:106BF000C0E904130E4BC0E906C30E4B036203F158
:106C00007453A3F52303A3F692434362002380F851
:106C1000703000220023C0E91A23704767E6096A32
:106C200085AE67BB72F36E3C7F520E513AF54FA5AD
:106C30008C68059BABD9831F10B5044670210830C2
:106C4000FFF757FC236820461B69BDE81040184732
:106C500010B5064B0446702140F8083BFFF749FC8D
:106C6000204600F0E9FF204610BD00BF6C900208EE
:106C700010B50446FFF7ECFF20467821EFF7F3FB51
:106C8000204610BD10B5044600F0D0FF024B236033
:106C90002046FFF7A5FF10BD6C9002082DE9F04FCC
:106CA00000F124058BB000F164072B4653F8042F44
:106CB00012BA9F421A60F9D183680293C3680393A2
:106CC000036904934369059383690693C369079332
:106CD000036A0893436A0993DDE908B8DDE9061CF5
:106CE000DDE904E9DDE90246594B0193019B55F8C2
:106CF00004AF53F8042B01934FEAF12383EAB11355
:106D0000524483EA7163134401EA0C0A2BEA01023C
:106D100082EA0A02134486EA0E024344224006EA4B
:106D20000E0882EA08024FEA743888EAB40888EA52
:106D3000B4589844AF424B444244F146D84678D1C7
:106D400010250195019D0F3D05F00F050A3550F8FE
:106D500025A0019D023D05F00F050A3550F825904C
:106D6000019D05F00F08073D05F00F0500EB8808B1
:106D70000A35D8F8287050F825503D442F464FEA80
:106D8000BA4585EAFA1585EADA054FEAF94A8AEA48
:106D9000794A8AEA992A3D4455444FEAF329C8F8CA
:106DA000285003EA010A89EAB3192CEA030889EAA0
:106DB000736988EA0A08C844254FDDF8049057F83B
:106DC0002970B844A84408EB0B054FEA723984EAED
:106DD000060889EAB20908EA020804EA060A89EA0A
:106DE000B25988EA0A08C844A84405EB0E09019D77
:106DF0000135402D0195B646E34621D1029D45441B
:106E00008560039D1544049AC56022440261059A79
:106E100032444261069A4A448261079A1A44089BA6
:106E2000C2610B440362099B634443620BB0BDE83B
:106E3000F08FE346B6468C4626461946144655E77B
:106E40008C462646194614464B4642467AE700BF12
:106E5000949002082DE9F84315468946D100D0E9FF
:106E60001A325B1842EB5572C0E91A32044600F13F
:106E700028074FF000080DB9BDE8F88394F87000BA
:106E8000C0F14006F6B2AE4288BFEEB24946324685
:106E900038440DF0F6FD94F870303344DBB2402BEB
:106EA00084F87030A5EB0605B144E4D12046FFF725
:106EB000F5FE84F87080DEE7F8B500F1280590F85B
:106EC000703017468022EA5490F87020372B044621
:106ED0000E4602F101002FD8C2F1370200212844EA
:106EE0000DF08FFCA36E19BAE36E1A06180A42EA77
:106EF000136200F47F401B02024303F47F03134339
:106F0000C4E918312046FFF7C9FE231D04F124010E
:106F100053F8042F12BA8B421A62F9D12368204623
:106F20009B689847B8420246294628BF3A463046F1
:106F3000BDE8F8400DF0A5BDC2F13F020021284494
:106F40000DF05FFC2046FFF7A9FE382200212846FD
:106F5000C6E713B513463622044600920A4600F1EE
:106F6000280100F06AFED4E91A3213F5007342F1E9
:106F700000022046C4E91A3202B0BDE81040FFF713
:106F80008DBE2DE9F04106461D4656F8283B8AB0D5
:106F90000F46904602A99B692022044698475C232D
:106FA000314600933A464346204600F046FED4E977
:106FB0001A2312F5007243F10003C4E91A23204694
:106FC000FFF76CFE23685E699B68984702A902463A
:106FD0002046B0472368109A9B6929462046984767
:106FE000202102A8FFF785FA0AB0BDE8F081402011
:106FF00070478020704710B50446D8210830FFF74D
:1070000078FA236820461B69BDE810401847000045
:1070100070B50C4D034600F1080405F140062A4600
:1070200003CAB24220606160154604F10804F6D13B
:10703000002000210022C3E93201C3E9340183F8B2
:10704000D82070BD4894020810B5064B0446D821DC
:1070500040F8083BFFF74DFA204600F0EDFD2046D2
:1070600010BD00BF9C91020810B50446FFF7ECFF6D
:107070002046E021EFF7F7F9204610BD10B5044691
:1070800000F0D4FD034B23602046FFF7C1FF2046EC
:1070900010BD00BF9C9102082DE9F04FA1B000F196
:1070A000C00300F1400104930B4653F8082F5C68BD
:1070B00012BA24BAC3E90042049A9A42F5D183680D
:1070C0000E93C3680F930369109343691193836907
:1070D0001293C3691393036A1493436A1593836AE3
:1070E0001693C36A1793036B1893436B1993836BBF
:1070F0001A93C36B1B93036C1C93436C1D931D4627
:107100001C9E1A9B0B931B9B0C93189B0793199B1C
:107110000893149B0D93159B1E93129B0993139B2D
:107120000A93109B0593DDE916AB119B0693DFF8DC
:107130003C830E9BDDF83C9001934FEA9A324FEA74
:107140009A4747EA8B3742EA8B427A404FEA9B34B0
:107150004FEA9B434FEACA5743EA8A3347EA5B2721
:1071600044EA8A44D8E900EC5C407A404FEACB53C9
:1071700051F8087F43EA5A235C404B681EEB07072F
:107180004CEB030C0B9B23EA0A0E0C9BD21923EA4F
:107190000B07079B44EB0C04DDF820C00AEA03034D
:1071A0000BEA0C0C8EEA030387EA0C07D31844EBB6
:1071B00007049B1945EB0404059A099DDDF828C0D6
:1071C000DDF804E082EA0507069A0A9D82EA0506D0
:1071D000019A099D1740059A1540069A06EA090684
:1071E00002EA0C025640019A6F404FEA19754FEAC5
:1071F000127C45EA02154FEA897242EA9E024FEA82
:107200008E7E4EEA990E55404CEA091C019A8CEA92
:107210000E0C4FEA496E4EEAD21E520642EAD912CD
:107220008CEA020212EB030C0D9A85EA0E0544EB80
:1072300005059B181E9A44EB02041CEB0702029200
:1072400045EB06020392099A0D920A9A1E92049A3D
:107250008A42DDE90B6508F1080840F04C811022F4
:107260000492049AA2F10F0101F00F01093100EB21
:10727000C10250F83110D2F804E0049A023A02F048
:107280000F02093200EBC20550F832200D92049A29
:10729000D5F804C0D61F02F00F0706F00F0600EB6A
:1072A000C7070936BA6C00EBC60550F836606D6842
:1072B000B618FA6C45EB02024FEA5E051E924FEAE1
:1072C000510845EAC1720D0A1F9248EACE7845EA94
:1072D0000E624FEA1E2588EA020845EA01651F9AF8
:1072E000C90941EA4E61554088EA01011E9A7118A8
:1072F00085EADE1542EB05050D9A4FEADC484FEAB8
:10730000CC0646EA52764FEAD24E48EA4238D200DC
:1073100042EA5C724EEA4C3E8EEA020E0D9A9209E7
:1073200042EA8C628EEA020288EA060888EA9C1821
:107330008E1845EB0802C7E91262A50BA70C47EAB5
:10734000833745EA83457D40990B4FEA934CE70527
:107350004CEA843C47EA532741EA844185EA070E18
:1073600081EA0C01049F414D4FEAC35C4CEA542C66
:1073700081EA0C0105EBC70C55F83750DCF80470B6
:1073800049194EEB0705079F27EA0308089F27EADC
:10739000040C03EA0A0788EA070704EA0B0E8CEAE2
:1073A0000E0CC91945EB0C05891942EB05060B9A21
:1073B000029DDDF808C08A180C994FEA1577039DE5
:1073C00041EB0601029E47EA05172D0F45EA061517
:1073D000039EDDF80CE0B60746EA9C064FEA8C7C7B
:1073E0004CEA9E0C87EA0C077540DDF808C076462B
:1073F000760646EADC164FEA4C6C4CEADE1C87EA5D
:107400000C077540DDF814C0019E86EA0C08069E44
:1074100089EA060E029E08EA0608039E0EEA060E98
:10742000019E06EA0C06DDF818C088EA060609EA9D
:107430000C0CBE198EEA0C0C099F45EB0C05DDF80F
:1074400028C0D71941EB0C0C921941EB0501049DA2
:1074500001350495059D0995069D0A95079D0B9597
:10746000089D0C95049D502D59D101E0C89102084A
:107470000E9DAA180F9D45EB0101C0E9022102995A
:10748000109A039D5218119941EB0501C0E904219E
:107490000199129A069D5218139941EB0901C0E90E
:1074A00006210599149A5218159941EB0501C0E976
:1074B0000821169AD719179A42EB0C01189AD3187B
:1074C000199A42EB0404C0E90C341A9B1B9A13EB83
:1074D0000A0342EB0B02C0E90A71C0E90E32079AB7
:1074E0001C9B08999B181D9A42EB0102C0E91032BF
:1074F00021B0BDE8F08F079A0B92089A0C92CDE963
:1075000007AB9A46059B0993069B0A93019BCDE91D
:107510000539029BDDF80C900193A3460DE6019D11
:10752000CDE90559029DDDF80C900195CDE907AB39
:10753000CDE902219A46A3463B46644691E600BF48
:107540002DE9F8430446D0E932601546EB009B195B
:107550004FEA5272424189464FF0000128BF012193
:10756000C4E9323231B1D4E93432013342F100029C
:10757000C4E9343204F148074FF000080DB9BDE802
:10758000F88394F8D800C0F18006F6B2AE4288BF06
:10759000EEB24946324638440DF073FA94F8D830CA
:1075A0003344DBB2802B84F8D830A5EB0605B14418
:1075B000E4D12046FFF770FD84F8D880DEE7F8B507
:1075C00000F1480590F8D83017468022EA5490F828
:1075D000D8206F2B04460E4602F1010032D8C2F1CA
:1075E0006F02002128440DF00CF9D4F8D030D4F803
:1075F000D4201BBA12BAC4E92E23D4F8C830D4F868
:10760000CC201BBA12BAC4E930232046FFF744FD50
:10761000234604F1400053F8082F596812BA09BAFA
:107620009842C3E91012F6D1236820469B68984718
:10763000B8420246294628BF3A463046BDE8F840DF
:107640000DF01FBAC2F17F02002128440DF0D9F8D5
:107650002046FFF721FD702200212846C3E713B51D
:1076600013463622044600920A4600F1480100F013
:10767000E4FAD4E9323213F5806342F10002204685
:10768000C4E9323202B0BDE81040FFF705BD2DE974
:10769000F04106461D4656F8483B92B00F469046CC
:1076A00002A99B694022044698475C233146009317
:1076B0003A464346204600F0C0FAD4E9322312F598
:1076C000806243F10003C4E932232046FFF7E4FC63
:1076D00023685E699B68984702A902462046B04726
:1076E0002368189A9B69294620469847402102A89A
:1076F000FEF7FFFE12B0BDE8F081F8B50F46B3EB20
:10770000870F054611461C464FEA870609D21A46DE
:107710000DF0B7F9321B28190021BDE8F8400DF033
:1077200070B83246BDE8F8400DF0ABB9F0B50025B1
:1077300007462C46AB4204F0010000D1F0BD51F8E1
:107740002540261A52F8250064EB0404361A47F83F
:10775000256064F100040135ECE72DE9F0470024D1
:107760001D68A446264696420BD140F8224000EB05
:10777000820901264FF0000A089CA6420CD3BDE8FE
:10778000F08751F82670E7FB054C40F82640644628
:1077900001364FF0000CE6E7002453F8267000EBAA
:1077A000860EA446944503D149F826400136E3E706
:1077B000DEF8005051F82C802D194AF10004E8FB46
:1077C00007544EF8045B0CF1010CEBE7F8B50446E6
:1077D000FFF7ACFF1D46002316464042043C1A4604
:1077E00005B9F8BD56F8041B54F8047F0140C919C7
:1077F00042EB0207C918216047F10003013DEFE7A2
:10780000FFF7ABBFFFF7E2BF2DE9F041CC691326CC
:10781000E30F24F00044A3FB0636CC6101EB8207A2
:107820008C464FF0260E674549D1072A0CD83C46B6
:1078300025680132ED18D2B246F10003082A44F857
:10784000045B4FF00006F3D12622A3FB023402FBB7
:107850000644CA691325D60F22F00042E6FB053420
:10786000CA610A1FA44601F11C05164656F8044FCA
:10787000E4184CF10003B54234604FF0000CF5D130
:1078800016461327634656F8044FE41943F10007E0
:10789000B54234624FF00003F5D1CB6BDC1723F017
:1078A0000043CB63043852F8041F136A4B40234053
:1078B0004B40954240F8043FF5D1BDE8F081DCF83B
:1078C0000050EC18DCF8205046F10003E5FB0E43B5
:1078D0004CF8044B0026A6E7F0B589B06D46034688
:1078E00000F120070146002613202C4651F8042BF6
:1078F000121846F100008F4245F8042B4FF00006A5
:10790000F4D1079AD61722F00042191FF0430792CC
:107910001C3351F8045F54F8042B6A4032406A402B
:107920008B420A60F5D109B0F0BD0023D1F800C048
:107930002DE9F04702F12006074615461C4655F88A
:1079400004EBEEFB0C34B54247F8043B23464FF002
:107950000004F4D140F8203F01F11C0851F804EF75
:10796000A0F11C0C1746002557F8049BDCF80030EA
:10797000A246E9FB0E3A5B194AF10005B7424CF802
:10798000043BF1D1884540F8045FE7D1BDE8F087BA
:1079900010B590B004466846FFF7C7FF0822694655
:1079A0002046FFF731FF10B010BD0A46FFF7F0BFC9
:1079B0002DE9F04F93B002AF0023D2F800C00D467E
:1079C00001F120080E461C46394656F804EBEEFB42
:1079D0000C34464547F8043B23464FF00004F4D1ED
:1079E0000A930AAF02F11C09019452F8043FA7F16F
:1079F0001C0E1C46AC460026DEF800305CF804ABDA
:107A0000DDF804B0EAFB043B9B194BF10006C445CA
:107A10004EF8043BF0D1914547F8046FE5D10822B8
:107A2000FFF7F2FE13B0BDE8F08FF0B4002401F1CF
:107A3000200C0546264651F8043B52F8047BDB191E
:107A400046EB06071B1947F10004614545F8043B66
:107A5000F1D1F0BCFFF740BFF0B5002301F12007E2
:107A6000054651F8044B52F8046B03F00103E41A85
:107A700063EB0303A41B63F10003B94245F8044B15
:107A8000EFD1014603F0130251F8043B04469B1A60
:107A900044F8203B62EB02020B6802F001029B1AE1
:107AA00041F8043B62EB0202A142F5D123F000430E
:107AB000C361F0BD404230B5A1F1040065EB05059E
:107AC000043A1C3150F8044F52F8043F63402B40F5
:107AD000634088420360F5D130BD70B588B004467C
:107AE00068460E46FFF761FF092569466846013D75
:107AF000FFF75BFF15F0FF05F7D1324669462046D8
:107B0000FFF746FF17260A2569466846013DFFF73D
:107B10004CFF15F0FF05F7D16A4621462046013E8D
:107B2000FFF736FF16F0FF06EDD121466846FFF756
:107B30003CFF6A4621462046FFF72AFF0825694692
:107B40006846FFF732FF013D6A4621462046FFF7AF
:107B50001FFF15F0FF05F2D16846FEF728FD08B0BB
:107B600070BD38B504460D46FFF7B7FF21462046E5
:107B7000FFF71BFF21462046FFF717FF2A46214645
:107B80002046FFF705FF21462046FFF70EFF21465E
:107B90002046FFF70AFF2A4621462046FFF7F8FE57
:107BA00021462046FFF701FF2A4621462046BDE830
:107BB0003840FFF7EDBE000030B5044689B00D46F1
:107BC000FFF78BFF21462046FFF7EFFE2A462146AE
:107BD0002046FFF7DDFE21462046FFF7E6FE214660
:107BE0006846FFF7E2FE2022694628460CF0DFFDDA
:107BF00028B96846FEF7DBFC012009B030BD0A4A0F
:107C000021462046FFF7D4FE21466846FFF7CDFE09
:107C10002022694628460CF0CAFD0028E9D06846B3
:107C2000FEF7C5FC0020E8E788940208014B0360DA
:107C3000704700BFB094020870472DE9F8431D4615
:107C400003689DF82090DB6804460E4690469847EE
:107C5000236807461B6920469847AF420ED32A4641
:107C6000414630460CF00DFF74197A1B49462046F8
:107C70000CF0C7FDB44217D1BDE8F88323682A464B
:107C8000414620465B699847236820469B68984791
:107C9000236802469B69054631462046984723687B
:107CA00020461B699847DFE716F8013B89EA030382
:107CB00006F8013CDEE70000224BF0B50B443C2403
:107CC000B3FBF4F104FB1133B1FBF4F204FB12112A
:107CD000017118214371B2FBF1F301FB1322C27051
:107CE0009BB2002240F26D164FF6936512F003042A
:107CF00013BF37464FF4B77701210021BB421AD298
:107D0000114D027001216A5C4CB9022907D1013280
:107D1000D2B29A420BD89A1A93B203211F229A42E6
:107D200005D80131C9B29A1A0C2993B2EBD10133AB
:107D300041708370F0BD691A0B4401329BB2D2B21C
:107D4000D4E700BF80BC92C7D7940208704738B50B
:107D50000446002508462171A5710BF005FB6571ED
:107D60002060204638BD10B5044600680BF004FBC7
:107D7000204610BD0023437170474079704700686A
:107D8000704700008E2912D8702903D8032908D81B
:107D900001207047074B7139C9B2CB4003F0010095
:107DA0007047643904298CBF0020012070470020EF
:107DB000704700BFBD91FE20882914D8702906D8CD
:107DC00003290BD8012994BF002001207047074BDD
:107DD0007139C9B2CB4003F001007047A1F16703CC
:107DE0005842584170470020704700BF1901A00059
:107DF0002DE9F84F04460E4690461D46FFF7C2FF98
:107E0000C8B18E2E98BF2D4B94F805909CBF9F5DF6
:107E10002B4B227994BF33F816B0002709EB0703E8
:107E200003F1010388BFBB46934206DB0123A37124
:107E30000020BDE8F88F0223F9E700212846E9F782
:107E40002FF90021B0F1000A284618BF4FF0010AAF
:107E5000E9F726F908B105F100455846E8F72AFF89
:107E60002946E8F77FFFE9F77FF9314605462046C6
:107E7000FFF7A2FF40B1BAF1000F05D0FA000123CD
:107E800093405A1E2A409D1A236809F1010262712B
:107E900003F8098063792268591C6171D654002265
:107EA00001326379D1B28F423B4402D2D8B26071C1
:107EB000BFE721689B1ACD542D0AF1E7029602080C
:107EC000E494020808B513460A466721FFF790FFBD
:107ED00008BD08B513460A466821FFF789FF08BDAB
:107EE00008B513460A467421FFF782FF08BD08B59E
:107EF00013460A467321FFF77BFF08BD704710B594
:107F000050210446EEF7AFFA204610BD38B5074BB6
:107F100004460D4640F80C3B442200210CF071FC55
:107F20000023A5602371204638BD00BF9C9602083F
:107F300010B50446007958B901B1A160A16839B102
:107F400004F10C0000F092FEB0FA80F040092071BC
:107F500010BD38B50379044600F10C053BB98168C2
:107F6000284601F069FDB0FA80F0400938BD0023D1
:107F70000371284600F0BCFE0028F4D1A168284611
:107F800001F05AFD0028EED1A168284600F06EFEEF
:107F90000028E8D101232371E5E738B50D460446F2
:107FA00011461A462B4600F052F9204638BD00B55E
:107FB000C3B06A460C3000F01DFEB0FA80F04009F4
:107FC00043B05DF804FB08B50C3001F067FEB0FA71
:107FD00080F0400908BD07B503688DF807105B689D
:107FE00001220DF10701984703B05DF804FB134629
:107FF000027D10B54AB904690A46816904F10C0092
:1080000000F0E9FF20EAE07010BD0020FCE773B546
:1080100004460069257D0DBBA1690C3000F0DEFD32
:1080200006462069A1698DF8075001230DF107026A
:108030000C3001F06AF900282069A169C8BF9DF8D9
:1080400007504FF00003324600F10C00D8BF4FF04C
:10805000FF3501F0BEF9284602B070BD4FF0FF3584
:10806000F9E738B5037D044663B90069A1690C30AE
:1080700000F0B6FD05462069A1690C3000F0AEFDA8
:10808000281A38BD0020FCE7037D2BB903698169FC
:1080900003F10C0001F093BB7047000010B5002203
:1080A0004FF47A74C0E90124054C0460C0E906224B
:1080B0000161027580F8202080F81F2110BD00BFEB
:1080C000AC960208F8B504460E4615461AB1012AC8
:1080D00017D00120F8BD012738200BF045F90146E3
:1080E000A06160B1206932463B460C3001F0CFFD03
:1080F000024648B1A0690BF03FF90023A3610020BC
:10810000E8E740F20317E7E7012D05D12069A169EF
:1081100002230C3001F05DF900232375D9E770B517
:1081200004462C200E460BF01FF90146A06150B109
:10813000206932460C3000F01CFD30B1A0690BF014
:108140001BF90023A361002070BD01252575304671
:10815000E9F79EF828440BF007F93146E0610CF08E
:1081600088FC2846F0E71346027D10B43AB904694A
:108170000A46816904F10C0010BC01F0C6B8002069
:1081800010BC704707B501220DF10701FFF7EBFFA7
:108190000028CCBF9DF807004FF0FF3003B05DF81A
:1081A00004FB816938B5044679B10069257D0C303E
:1081B00065B100F006FDA0690BF0DEF8E06900256E
:1081C000A56108B10BF0D8F8E56138BD01F030FBCE
:1081D000A0690BF0D1F8A561F7E7FFF7E2BF70B532
:1081E0008369C2B005460E4614460BB1FFF7D9FFAE
:1081F00028696A4631460C3000F0FCFCE0B99DF875
:108200000030112B05D1224631462846FFF75AFF90
:1082100003E031462846FFF782FF044670B12F2164
:1082200030460CF039FB203500B1461CFF223146A8
:1082300028460CF01EFB02E0023003D0002420464A
:1082400042B070BD012CF9D1DDE7FFF7C8BF70B5B2
:1082500004460D4616461946FFF720FF32462946CA
:108260002046FFF7F2FF204670BD8069003818BF36
:108270000120704703681A6AC36AD31A1944B1FB14
:10828000F2F302FB1311036B8B4210B50AD94C09B0
:10829000C06B01F01F0150F8243001228A401343C3
:1082A00040F82430002010BD0368013304D040683A
:1082B000431C5842584170470120704710B50B6865
:1082C00004689C4209D040684968884205D08C42C5
:1082D00003D0181A18BF012010BD0020FCE72DE9BB
:1082E000F74FDDE90C470E9D834688469246994636
:1082F0000DB9002064E0DBF80000BAF1000F1ED0D9
:10830000DAF800304B451AD1DAF80410A14216D839
:1083100086690E44A64212D9361BAE42DAF80830FE
:1083200028BF2E46611A3846324619440CF0A9FB84
:10833000AD1B37443444DCD0DBF80000E0E7D8F86C
:10834000002043694A4517D1D8F80410A14213D838
:10835000CE18A64210D9361BAE42D8F8083028BF36
:108360002E46611A3246384619440CF08AFB3744CF
:108370003444AE1B3546BBE74168B4FBF3F203FB64
:1083800012428C467AB9AB420DD8B5FBF3F603FB2B
:108390001656AD1B00953B4622464946E04778B944
:1083A0002F442C44E6E7A21AC8F80090C8F804202D
:1083B0000093D8F8083049466646B04700289AD05E
:1083C00003B0BDE8F08F1FB5069C0092CDE90134E3
:1083D00000220B4600F11401FFF781FF04B010BD2D
:1083E0002DE9F04786B005460F46144600F1140902
:1083F000D6184FF0010A0DF11708A64203D100204C
:1084000006B0BDE8F0870094CDE9018A3B46002222
:1084100049462846FFF763FF01340028F0D10E9843
:108420000122414601F078FCE7E72DE9F04F8BB0DF
:108430001368049300265368059307460C46B0461C
:108440000DF1100A06AD4FF0100B5AF82690CDF83A
:1084500000B02B46002249463846FFF7B4FF70B102
:1084600010F1340F06D146B1B8F1000F0CBF6FF018
:10847000330000200BB0BDE8F08F0126E5E7B8F12E
:10848000000F04D0E269069B9B1A002BEBDB079BD5
:1084900023F00043132BE6D93A68D2699342E2D81D
:1084A0004FF0FF3303A810222946039301F034FC58
:1084B000079B03A823F000430090103B102249467D
:1084C0003846FFF78DFF0028CAD1039B002BCAD185
:1084D0000AAA86F0010302EB830304F11C0C53F893
:1084E000183CA3601023E36095E80F00C4F80490E3
:1084F0004FF001088CE80F00B5E7F7B504460430EB
:108500000E461546FFF7D0FE10B1002003B0F0BDB7
:10851000009001236A46294620460193FFF785FF14
:108520000028F3D105F124073846FFF7BDFE0028E7
:10853000EBD131463846FFF7C1FE38B13A462946FD
:108540002046FFF772FF0028EED0DFE70120DDE7CD
:108550002DE9F04F87B0DDE9104506468B461746FA
:1085600025444FF001090DF1170AA3EB0408AC42B2
:1085700001D1012011E008EB04030093CDE901A92A
:108580003B46002259463046FFF7A9FE28B914F8A9
:10859000013B9DF817209A42E9D007B0BDE8F08F63
:1085A00003689B6A10B5044613B9C0690AF0E4FE7B
:1085B0002368DB6A13B9A06A0AF0DEFE23681B6B2E
:1085C00023B9E06BBDE810400AF0D6BE10BDF8B587
:1085D000C6690D68083EB5420F4613D3B5FBF6F0E9
:1085E000013808F069FA841CA5EB8404B4FBF6F4A6
:1085F000204608F061FAA5EB800504FB16553D60A6
:108600002046F8BD0020FCE72DE9F04F89B0064672
:10861000DDF84C8005920F464BB94FF0FF32C8F899
:108620000020149A0020136009B0BDE8F08F0468A0
:10863000013B07A920460793FFF7C9FF12A905468A
:108640002046FFF7C4FF4FF0040A81460DF1140BDA
:10865000A945059B03D3C8F80030129BE1E7A5EBC1
:108660000904B4FA84F495FAA5F2B2FA82F2C4F1DC
:108670001F04944228BF1446A2000092CDE901BA1B
:10868000002239463046FFF72AFE0028CCD10123CC
:10869000A340ED1ADCE72DE9F04F89B006461298A9
:1086A000DDF850A00F4690469946E8B10138059094
:1086B00005A93068FFF78BFF0DF1180B0446139BDB
:1086C00049465046984778B974B104F00105C5F1A0
:1086D00002029200CDE901B200904B464246394673
:1086E0003046FFF7FCFD10B109B0BDE8F08F0699E8
:1086F0002DB9139B504698470028F5D1012008ABAF
:1087000003EB8000023D50F8089C2C44D7E704306E
:108710000844104470472DE9F34106460C461546BF
:1087200001F124074FF01008216AE26821F00043AC
:1087300002F10C00043B984215D80C2300936168A9
:108740002B1D3046FFF73FFE034688B9E668EA79FD
:10875000A97968792E60FFF7DAFFA269064402441E
:10876000E660A26104E0002906DB2A606FF00103E5
:10877000184602B0BDE8F0813A4621463046FFF780
:1087800054FE03460028F3D1A369C4F80C801433C7
:10879000A361C9E730B5044693B004300D46FFF736
:1087A00083FD10B1002013B030BD0190012301AA58
:1087B00007A920460293FFF738FE0028F3D110A83E
:1087C000FFF772FD0028EDD110AA07A92046FFF798
:1087D0002CFE0028E7D103AA07A92046FFF79BFF3C
:1087E00010B1831CEBD0DEE79DF91030002BF2DBDB
:1087F0000822294605A80BF0DAFF0028EBD101205A
:10880000D1E72DE9F843054604300F4614461E46CD
:10881000FFF74AFD10B10020BDE8F8830123506244
:10882000936202F1240806F108094046FFF73CFD77
:108830000028F0D1424621462846FFF7F6FD0028E1
:10884000EAD1324621462846FFF765FF10B1831C66
:10885000EBD0E1E7337903F07003202BF1D13946F7
:108860004846FFF72BFD0028EBD10120D4E700009C
:108870002DE9F04F87B01F68049340F62203536040
:1088800043689360DFF82C91836803910546144692
:10889000D360494638460CF015F807EB00088346CC
:1088A000494640460BF0C2FF0128064608EB000A85
:1088B00005D117F80B302E2B0AD15746E9E70228CD
:1088C00006D102463C4940460BF071FF0028F4D027
:1088D00057464FF0010B494650460BF0F3FF8244D8
:1088E000494650460BF0A2FF024690B102280CD137
:1088F0000590314950460BF05AFF059A28B9BBF153
:10890000010B04D10AF10207C3E70BF1010B9244FA
:10891000E1E798F80000002841D0049BC3F80080EC
:108920002379222B43D104F1080A039952462846A1
:10893000FFF77BFD98BB05F1140B039922462846EF
:10894000FFF7E9FE58BB237903F07F03112B01D019
:10895000222BF2D1E379B342EFD123686279043359
:108960001344A279CDE900861344039A594652680C
:108970002846FFF7EDFD002811DBDED095F84130E9
:10898000002B86D194F90430002B82DA5146284618
:10899000FFF700FF002805D001DB6FF0010007B0F2
:1089A000BDE8F08F237903F07F03237171E76FF047
:1089B0001300F4E7D0960208D2960208C36818475D
:1089C00010B50C468269A068FF210BF01AFF4FF02A
:1089D000FF33236010BD38B58B6A016004460D4635
:1089E000CBB1C361EB6A13B3A36204F12001284643
:1089F000FFF7E6FF4FF0FF33636123681A6BEAB1BC
:108A0000E26300204FF0FF33C4E90133C4E90300FF
:108A1000A4F8400038BD48690AF0A6FCE0610028CF
:108A2000E0D12046FFF7BCFD6FF00B00F2E7A8692C
:108A30000AF09AFCA0620028D7D1F2E7586AC00871
:108A40000AF092FCE0630028DBD1EAE7F7B50C46B8
:108A500009684B1C0546164602D1002003B0F0BD44
:108A6000006883690093D4E901238768B847002828
:108A7000F4D12B6826B928682146FFF7A1FFECE75F
:108A80009B690193A3680093D4E9002331462846EB
:108A9000FFF75EFD0028E1DBEDD16FF03300DDE78D
:108AA0002DE9F74FDDE90C480E9E81460F469346AF
:108AB0009A46002E38D1304606E05A463946484696
:108AC000FFF7C4FF002850D003B0BDE8F08FB4FB1F
:108AD000F2F302FB13431BBB964221D3B6FBF2F524
:108AE00002FB1565761B0096836822469C4651461C
:108AF0004346E0470028E7D1BBF1000F02D1B04464
:108B0000344434E0CDE9008623465246594648466F
:108B1000FFF71EFD0028D7DBF1D16FF03300D3E75C
:108B2000E31AC7F800A07B603B68D9F80000534502
:108B30008269CCD17B68A342C9D89D18A542C6D909
:108B40002D1BE01AB542BB6828BF35462A4618449B
:108B500041460BF096FFD9F800309A692C44B4FBDB
:108B6000F2F302FB1343002BA7D0A844751B2E463B
:108B70009FE730B543684B6087B0836801928B6094
:108B800002AA01AB05460C46FFF772FEA0B99DF89C
:108B90000C30222B12D104AA21462846FFF745FCAF
:108BA00050B963682361A36863610E23A361102336
:108BB000E3602B6923602C6107B030BD6FF01300B8
:108BC000FAE7036900F110021BB18B4203D11B6865
:108BD0001360002070471A461B68F5E7086A704763
:108BE000CB6948699B0303D50B6A984238BF184686
:108BF0007047000070B594B01546039103AB05AA09
:108C000009A90646FFF734FE0446C0B901464FF4F1
:108C1000847228460BF0F5FD9DF818302B70112B4F
:108C200004BF089B6B60311D07A8FFF747FB05F1E8
:108C30000803044630B90C4918460BF01AFF2046C9
:108C400014B070BD059A9DF819109DF81B00009096
:108C500004320A449DF81A1030460A440A99FFF774
:108C6000B2FB0446EBE700BFD096020830B599B0DE
:108C70000546FFF7B0FE044658BB2B6868631B6AC5
:108C8000AB63C5E90B000290012302AA0DA9284697
:108C90000393FFF7CAFB044600BB202300930E9901
:108CA00005AB10222846FFF78EFB0446B0B9069BA1
:108CB0006B60079B0D49AB6008220BA80BF077FD9A
:108CC000044648B90A9B1A0C012A0BD19BB2012B0E
:108CD00008D8204619B030BD6FF033042846FFF79E
:108CE0005FFCF6E76FF01504F8E700BFD5960208C1
:108CF00008B5FFF755FC002008BD2DE9F0430646F6
:108D000097B004300F469046FFF7CEFA20B100240A
:108D1000204617B0BDE8F08301230590069305991E
:108D20004046B84704460028F2D106994046B84765
:108D300004460028ECD105AA0BA93046FFF775FBC5
:108D400004460028E4D14FF00C09139B0E9D23F03C
:108D5000004305F10C02043B9A4223D9149B05936E
:108D600005A8159B0693FFF79FFA0028D7D0F56852
:108D700006F11409002DCAD0EB69DA033CD4EB6983
:108D80009B030DD5CDE901782B6A00936B6A05F141
:108D90002C0249463046FFF77EFC04460028B7D136
:108DA0002D68E7E70C99CDF8009008AB2A463046CD
:108DB000FFF709FB04460028AAD19DF823209DF85F
:108DC00022109DF82100FFF7A2FC9DF8203003F04F
:108DD00070032844102B0E90B7D10A9B00932246B3
:108DE000CDE90178099B06F114013046FFF753FCE9
:108DF00004460028A9D08BE7CDE901786B69009380
:108E00002B6905F12C0249463046FFF744FC044625
:108E10000028B4D07CE70000F8B504460D460126D2
:108E2000236BD4E90D219A421DD1002949D0E06A73
:108E300022680344106A526A8A4294BF2263216303
:108E4000B3FBF0F7002100FB17336163D208E06B3E
:108E5000E3620BF0D6FC1C4922462046FFF74DFF8B
:108E60000028DDD024E00139501CA1635709E16BD3
:108E7000606351F8277002F01F0006FA00F03842D4
:108E8000CFD1E36A13442268126AB3FBF2F002FB0B
:108E900010332B60266B0125636BB3420FD05A0948
:108EA00003F01F0051F8222005FA00F0104000D115
:108EB000F8BD01336363A36B013BA363ECE70020C0
:108EC000F6E76FF01B00F3E77582010873B50C46F7
:108ED00004310646FFF7A0FF0546F0B904F108018A
:108EE0003046FFF799FF0546B8B9042300930246C0
:108EF000616804F11C033046FFF765FA10B110F108
:108F0000340F0DD1E3690133E36114224FF0FF33D5
:108F1000C4E90823A3621023E360284602B070BDB1
:108F20000546FAE72DE9F04F044689B00E4600F1F8
:108F3000140B07A92046FFF76FFF054658B9DDF867
:108F40001C9020684946FFF739FD054600283BD0B4
:108F500010F1340FEDD0284609B0BDE8F08F0DF1C7
:108F60001B07CDE90087CDF808A0736A059A59461A
:108F70002046FFF7B4F970B9CDE9017ACDF8008049
:108F80004B465A4604F120012046FFF789FD20B1E7
:108F900010F1340FCDD00546DDE708F10108B36AC2
:108FA0004345DCD82368A16A9A69706B0BF069FDB0
:108FB000236AF362636A2068336304F12001FFF7D8
:108FC000FFFCC6F82490C6E706F12C038046059303
:108FD0004FF0010AE3E72DE9F04F8FB0CDE906230A
:108FE000CB6903F00302012A05460C4600F01F81FD
:108FF0005E031AD4E669320520D4276A079BDF4254
:1090000000F1188116F400361ED005F11403DDF8C6
:109010001CA0099304F12C08E369BAF1000F25D1D3
:1090200023F40023079AE36104E000F006F9024606
:109030000028DFD010460FB0BDE8F08F6269216ACA
:109040008A4288BF2262D8E763699F42DDD92362E2
:10905000236A9F42D9D90DAA0123214628468DF8BB
:109060003460FFF7B8FF021EF2DAE3E79B0324D572
:109070002B68A26ADB699A4240F098802B681B6AD1
:10908000AB6305F114030493D4E90832CDE90B2353
:109090000DA92846FFF7C0FE024608BB0D9B2868B5
:1090A00005931946FFF78AFC024618B312F1340FF4
:1090B00016D14FF0FF332B62EAE7236A002BDDD095
:1090C00004F128020292013B04F124020192009370
:1090D000D4E9042341462846FFF796FA024620B118
:1090E000E36943F40023E361A4E728684146FFF7FE
:1090F00067FCC3E70C9F2E680890002F4FD0013FFC
:109100000CA930460C97FFF762FA0C9FF369089A96
:1091100001379F420C9768D1461C96FAA6F6B6FA1C
:1091200086F606F1010B91460BAF4FEA89030893CF
:109130000423CDE901734FEA890300934146DDE939
:1091400004232846FFF7ACFC0B9B02460028ADD158
:109150004E4550D109F10109CB45E6D84FEA8B07BE
:109160001DE00022CDE9016B0B9B0499CDF8009026
:109170002846FFF7B4F802460028B1D1DDE9042300
:10918000CDE9016BCDF8009041462846FFF788FCF9
:10919000024600288AD109F101094F45E1D8059B13
:1091A000C4E90937E36943F40033E3612B68DE69FE
:1091B000A36AF61A564528BF5646069B02960193A7
:1091C000A36A0093099A636A41462846FFF768FC40
:1091D0000246E8B110F1340F82D121462846FFF74C
:1091E000A1FE02460028E8D07AE791464FF0010B35
:1091F0000DF12B06D1E70421CDE901710899009109
:1092000028460499FFF76BF802460028A2D067E7CA
:10921000236A33442362A36A3344A362069B334424
:1092200006932B681B6AAB63AAEB060AF4E66FF0A1
:109230000802FFE66FF01A02FCE6CB695A032DE93B
:10924000F04144BF23F48023CB61CB6944BF4FF08E
:10925000FF32CA629B0390B005460C4603D400203F
:1092600010B0BDE8F0810F6A2C22002102A805F1A0
:1092700014060BF0C6FA2369069396E807006369A3
:1092800007930123CDE9093710AB03E907004FF03D
:10929000FF38C5F81480226A63699A4211D304F139
:1092A0002C08324641462846FFF7D0FB08B310F1A0
:1092B000340FD5D121462846FFF734FE0028F0D0E0
:1092C000CEE701230DF1070202A9284600F01DF8A0
:1092D0000028C5DB01230DF1070221462846FFF7D0
:1092E0007AFE0028BCDB6B690133D4D0CDF8348022
:1092F000CFE7636A2361236A6361E36923F4003380
:1093000043F48033C4E90737A9E72DE9F04F1D4640
:10931000CB69904603F00302022A87B007460C4649
:1093200054D09A0305D4236A6669B34208D3002057
:1093300003E0FFF782FF0028F5D007B0BDE8F08F0B
:10934000F61AAE4228BF2E4604F12803B14604F1B6
:109350002C0A059304F1240BB9F1000F01D130461A
:10936000EBE7E3695B0304D53B68A26ADB699A42D9
:1093700010D1059BCDE901B3236A0093D4E90423FE
:1093800051463846FFF740F90028D6D1E36943F447
:109390008023E3613A68A36AD5690093ED1A4D45CD
:1093A00028BF4D46CDE901850022636A5146384603
:1093B000FEF795FF0028C0D1236A2B442362A36ADD
:1093C0002B44A362A844A9EB0509C5E76FF0080088
:1093D000B3E770B50D4614461E46FFF72EFF70B971
:1093E0002B6A36B1012E01D11C4402E0022E07D0B7
:1093F0001C46002CA6BF2C6220466FF0150070BDE5
:109400006B69F1E7F0B5012680F84060A7B004462B
:109410000430FEF749FF0546002879D101462C2289
:1094200005A80BF0EEF94FF000432822294610A8BA
:109430000D930BF0E6F91A9623681B6A9D4202D33E
:109440006FF0330020E019A8FEF72EFF00285FD14F
:1094500019AA10A92046FEF7E8FFA8B90D9B002B1A
:1094600034DB01AB1BAA0EA92046FFF7CAF900287E
:109470000ADB0BD1199B0E931A9B0F9300231A46FC
:1094800005A9204600F046F827B0F0BD039A0E99D2
:10949000049B0F988A4201D1984217D0904201D183
:1094A000994213D00E92E8E79DF97030002B0DDA47
:1094B0001DA92046FFF76EF90028E5DB1BD01BAA8B
:1094C00010A9204600F03DFA0028DDD11BAA10A902
:1094D0002046FFF720F90028E6D0831CD4D110AF36
:1094E0000FCF05AE0FC60FCF0FC697E807000135A7
:1094F00086E80700A0E79DF8703003F07F038DF841
:1095000070301BAA034610A9204600F03FF9DBE7A4
:109510000020B9E72DE9F04F9DB00D460993CB69C6
:1095200005920133CB610B1D0646079309984B68E2
:1095300089680693C5E9011302EB001413469C42A7
:1095400012D1069B0C9300230B9108936968306835
:10955000FFF734FA044678B114F1340F00F0DF80DD
:1095600020461DB0BDE8F08FD8682A6A02445868CA
:10957000121A2A621033E2E705F11C084FF0FF339C
:10958000102241460DA810270D9300F0C5FBCDE930
:109590000187009406F1200A22466B685146304646
:1095A000FFF77EFA04460028D6D18346B84629E064
:1095B000099B9B4580F28D80059A4FEA0B1302EBC5
:1095C0000B19D358434540F08480D9E902120DA805
:1095D00000F0A2FBD9F80C300293D9F80830CDE99D
:1095E000007300226B6851463046FFF759FA044673
:1095F0000028B1D1D9F804309844D9F80C300BF1D7
:10960000010B1F442B6A23F00043043BBB42CFD81D
:109610000DF13408CDE90078042302936B68002231
:1096200051463046FFF73CFA0446002894D14FF0EB
:10963000FF370246776151463046FFF707FA044686
:10964000002889D13068036998470446002883D1EF
:109650002B6A119711AF009723F000430246696807
:10966000043B3046FEF7BCFE044600287FF478AF8A
:10967000119A0D9B9A4252D1089B2BB343463A460E
:109680000BA93046FFF7BDF80028FFF66AAF5ED0A1
:109690006B680F93AB6810934246234639463046B9
:1096A00000F074F800287FF45CAF311D0BA8FEF7C2
:1096B00005FE18B96B687360AB68B3603046FFF79E
:1096C000A1FE00287FF44DAF3269002A53D1104625
:1096D00047E74FF001090699CDF8009011AB4246DB
:1096E0003046FEF770FE044600287FF439AF4A4644
:1096F00011A90DA800F010FB11ABCDE90073CDF856
:10970000089022466B6851463046FFF7C9F9044677
:1097100000287FF421AF08F10108013772E74FF00C
:10972000FF3333620124002311A90BA8CDE91134C2
:10973000FEF7C4FD10B96FF0330012E70799304609
:10974000FFF76AFB089400283FF400AF09E73A46A8
:109750000BA93046FEF7D1FE0028FFF602AFB3D0CA
:109760006B681A93AB681B9300231A463946304640
:10977000FFF7D0FEA5E70799101DFEF79FFD18B96A
:109780006B685360AB68936012689EE770B51546CE
:1097900088B055F8044BD27900940C26002BCDE903
:1097A0000523079234440CBF012302236A46CDE906
:1097B000016503960494FFF7ADFE08B070BD70B567
:1097C00092B006460D46FFF738FD044658BBEB69DC
:1097D00003F41023B3F5803F25D12A1D1046FEF770
:1097E00063FD00BB07A93046FEF71FFEF0B90C234E
:1097F000EA6808990093304604ABCDE90444069426
:109800000392FEF7E0FD88B92B6905936B69069317
:1098100003AA234607A93046FFF7B8FF30B9EB6922
:1098200023F48033EB61204612B070BD0446FAE7A2
:1098300070B505460C46FFF7C2FFEB68064605F11A
:109840000C021BB1A3420DD123681360A3690BB1B5
:109850001B682BB92B685B6B13B9606B09F08CFD2F
:10986000304670BD1A461B68EBE72DE9F043804691
:1098700095B00E461746994601F12405FA79B97953
:109880007879346AFEF743FFD8F80030DB6920446A
:10989000984215D8043C47F8044B00230C21CDE92D
:1098A0000A37CDE90C14CDE90E3910920994022340
:1098B00009AA31464046FFF72DFE15B0BDE8F083FA
:1098C000002C36DB35460FCD09AC0FC40FCD0FC4CD
:1098D00095E8070084E8070031464046FFF7F6FAAE
:1098E0000028EAD1129B7362139BB362336A3A4633
:1098F000043B42F8043B03920C22CDE90130CDE950
:109900000423FB790893CDE90609022301AA314615
:109910004046FFF7FFFD0028CFD1119B43F00043E5
:10992000119373681293B36813930246034609A90F
:10993000C0E72A4631464046FEF777FD00289DD015
:10994000BBE72DE9F04714460D46D279A1798CB0DA
:1099500080466079FEF7DBFE2B6A143023F000436B
:1099600083421DD101AA291D4046FEF7C6FD061EF1
:1099700012DB099A002A13DA2B6A63F000431340C2
:1099800009936B6A0A93AB6A0B9300231A4601A9E9
:109990004046FFF7BFFD064630460CB0BDE8F087F5
:1099A0002368E279A17960790193FEF7B0FE002384
:1099B000CDE903330290012301AA29464046FFF76F
:1099C000A9FD06460028E7D1D8F80C7005F1040A75
:1099D0004FF0FF39CFB9D8F810700435002FDBD025
:1099E0002946381DFEF76AFC68B9FB682268934275
:1099F00009D9E279A1796079FEF789FE1B1AFB602B
:109A0000BB691B1ABB613F68E8E75146381DFEF78A
:109A100055FC28B9FB682268934203D1C7E9019934
:109A20003F68D7E7FCD9E279A1796079FEF76FFE4C
:109A30001B1AFB60F4E70000F0B5A5B00546FEF781
:109A4000CAFF0446002877D12B685A6A0146D2081B
:109A5000E86B0AF0D6FE2A68EC62D2E908320EA959
:109A6000C5E90D439A4294BF2A632B632846FFF74A
:109A70002DFA044600285CD119A92846FFF726FADA
:109A80000446002855D10346024619A92846FFF787
:109A900041FD044600284CD1294B1A9E1B9A6E604A
:109AA0001027CDE905732B68AA60D969099125496A
:109AB0001B6A08680A93496801974FF001130B93DA
:109AC0000CAB03C33423CDE90762CDE917621693CB
:109AD00006AE2023CDE90363029301AA01230EA958
:109AE0002846FFF717FD20B110F1340F02D00446CD
:109AF0001FE001242023CDE90236049301AA0123AB
:109B00000EA928460197FFF705FD20B110F1340F8B
:109B1000EDD1002CEBD000220123CDE901230EA9C9
:109B200001AA2846FEF781FC044610B92B681B6A7F
:109B3000AB632846FEF734FD204625B0F0BD00BFDC
:109B40002E140008D59602082DE9F0471F4692B062
:109B500003F00303012BDDF86880019206460C46F2
:109B600011D101AB03AA07A93046FEF781FE0546D5
:109B7000B0B99DF81030222B00F08680B90534D59D
:109B80006FF0100508E090F84030002BE9D1FFF7A6
:109B900039FC05460028E4D0284612B0BDE8F0871D
:109BA000821CF9D1DDF804A02F2150460AF031FEC5
:109BB00081460028F0D1FB05EED540F611038DF863
:109BC00012005046ADF81030E7F762FB4FF0FF335C
:109BD000CDE905398DF81300534603AA07A930468D
:109BE000FFF743FE05460028D6D1089B6360099B1A
:109BF000A360039BE360059B23610022069BC4F8DE
:109C0000188078056361E761226210D44FF0FF335A
:109C1000E362B8F1000F02D0D8F800306BBB3268B5
:109C2000536B73B1F26842B36FF00B05B4E713B135
:109C300047F48037E7614FF0FF320023C4E9042383
:109C4000E4E7E36903F00303012B0AD1506909F04B
:109C50008BFB60630028E7D0F36823600025F46085
:109C60009AE7906909F080FB60630028DCD03068D7
:109C700004F12C01FEF7A4FEEEE76363E36903F051
:109C80000303012BE8D0F2E76FF0140584E713B566
:109C900000240094FFF758FF02B010BD10B590F8F3
:109CA00040309CB00446019143B101AB02AA06A921
:109CB0002046FEF7DDFD30B11CB010BDFFF7A2FB62
:109CC0000028F2D0F8E79DF80C30222B1CD002AA15
:109CD00006A92046FFF735FE0028EDD19DF80C308F
:109CE000222BE9D106AA12A92046FEF706FC00287D
:109CF000E2DB1A9B0F931B9B109300231A4606A9C5
:109D00002046FFF707FCD7E704AA11A92046FEF773
:109D10008CFB0028DBD0CFE770B50D4D0A44914293
:109D200000D170BD066811F8013B83EA060404F017
:109D30000F0455F8244084EA161484EA131303F040
:109D40000F0355F8233083EA14130360E7E700BFDD
:109D5000E09602080430704702460346064842F87F
:109D6000040B086858608888897990809171002276
:109D700083F82C20184670472897020837B50368E7
:109D800001AA1D69D02101230446A8479DF804308B
:109D9000582B07D0602B05D00023184684F82B30B1
:109DA00003B030BD0120F9E7036810B51B68044615
:109DB000984794F82C30184010BD10B544790C70B9
:109DC00081790479890041EA4411C47921431170F1
:109DD000427A017A920042EA4112817A0A431A7069
:109DE00010BD13B50DF107030DF106020DF10501CC
:109DF000FFF7E3FF03689DF80520DB680446F221C6
:109E0000984723689DF80620DB68F4212046984790
:109E100023689DF80720DB68F521204602B0BDE8E5
:109E20001040184703460868586088888A799A72F3
:109E300018811846FFF7D5BF024670B552F80B3BA4
:109E400005461C6988210623A0472A46044652F885
:109E5000113B8E211E6928461223B0472A46044032
:109E600052F8233BA1211E6928460123B0472A4608
:109E7000E4B252F8243B04401E69E121072328463E
:109E8000B047204070BDC379012B73B505460C4621
:109E900001D1FFF7A6FF2B686A461E69F721082348
:109EA0002846B047221F6B461C3413F8011B42F8AA
:109EB000041FA242F9D102B070BD000070B51D466A
:109EC000B0F80B30C3EB21145B000646C3EBE10393
:109ED000B0F90D1064434B43B6F90F1020134843FB
:109EE000801300EBE320106000EB80008030001254
:109EF000E6F778FA0C4B0022E6F708FC02460B4620
:109F00006DB10A4B0022E6F7D7FA094B0022E6F7BB
:109F1000FDFB084B0022E6F719F902460B461046F6
:109F20001946E6F7C1FD70BD00005940000022400F
:109F3000000014400000404038B590F8284090F8E8
:109F4000275004F00F0343EA05131B05C3EB8133CD
:109F500090F829102409A2F5963244EA011402FB74
:109F6000143303F58043D91390F8263090F92A4032
:109F70005343DB126243921203F5004353439B1297
:109F8000B0F9242003F50013534303F500539B134A
:109F90004B43DA1390F823105243D2114A43A3EBF8
:109FA000221020EAE070B0F1C85FA8BF4FF0C8509F
:109FB0000013E6F707FA034B0022E6F77DFAE6F70F
:109FC00073FD38BD0000503F2DE9F843B2F5FA3477
:109FD00006464FEAE27040F1FF30A4FB04C71D467D
:109FE00004FB00F307EB4307B6F913304FEAE37EB7
:109FF00003FB00F204FB0E22A3FB043E7244120397
:10A000004FEA033E42EA1352B6F915304FEAE379BC
:10A0100003FB07F80CFB0988A3FB0C39C8441B0A97
:10A0200043EA086313EB0E03B6F8119042EB2822C3
:10A0300002F50042A3FB093809FB02884FEAE873E6
:10A040004FEA680253EA68084FF0000E00F09E8065
:10A05000B6F91B804FEAE87908FB07F70CFB097794
:10A06000A8FB0C8C6744B6F919C04FEAEC790CFBDD
:10A0700000F004FB0900ACFB04C42044400440EAA7
:10A08000DC304FEA4C4C1CEB080CC1F5801147EB5F
:10A09000000701F00044B6F917001EEB0C0E44EA6D
:10A0A0005104C90707EBC007B1EB0E0040F635417C
:10A0B00064EB0704A0FB010701FB0471E7F774F8E8
:10A0C000B6F921204F13430B43EAC14302FB07FCBF
:10A0D0004FEAE27E03FB0ECCA2FB032EF44457436F
:10A0E00003FB0C77A2FB03233B44520E42EAC3124C
:10A0F000121841EB6367B6F91F3004464FEAE37C60
:10A1000059430CFB0011A3FB04342144DB0C43EA4C
:10A110004133D21847EBE143B6F91D00120A42EA77
:10A12000036202EB0010E6F74DF9214B0022E6F73F
:10A13000C3F9013DE6F7B8FC052D07D8DFE805F0C7
:10A14000030812181A201B49E6F7C0FEBDE8F88381
:10A15000E6F75AF90EA3D3E90023E6F7D7FAE6F7B4
:10A16000A3FCF3E7E6F750F90BA3D3E90023F4E7E8
:10A170001149E9E7E6F748F909A3D3E90023ECE739
:10A18000E6F742F908A3D3E90023E6E70B48DDE749
:10A1900057ECC921C074AA409C086EF6CFBCF840A9
:10A1A00096B321D150AA6040F531E2ACBEEEBA4080
:10A1B0000000703F0000C8420050C3470000C07F4D
:10A1C0002DE9F0438BB00F4602A9054690461E4686
:10A1D000FFF759FE38B91A4B3360C8F800303B60BE
:10A1E0000BB0BDE8F083039C029B069807992401FD
:10A1F00044EA0334049B44EA2314DDE9082343EAD8
:10A200000229059B000140EA033040EA21119DF834
:10A21000483001AA2846FFF751FEC8F80000DDF8D3
:10A2200004809DF84C30424621462846FFF7CCFE7C
:10A230004246386049462846FFF77EFE3060CFE749
:10A240000000C07F7FB50025467A45720446FFF7BF
:10A25000C8FD0123CDE9005303AB1A461946204639
:10A26000FFF7AEFF667204B070BD38B50546FFF764
:10A2700085FD044658B12846FFF7DEFD6B7A04469B
:10A2800013B12846FFF7DEFF2846FFF7AAFD85F841
:10A290002C40204638BD2D30704710B40C68C0F8F3
:10A2A0002D404C68C0F8314010BCFFF7BBBD00002A
:10A2B00038B504460D46FFF74FFD2346044A43F8E0
:10A2C0002D2B2A68C4F82D206A685A60204638BDB4
:10A2D0004497020870B50A4C0E4690F83410204698
:10A2E0001546F6F7FDFC31462046F6F752FD2946A5
:10A2F0002046F6F74EFD2046F6F714FE012070BD0D
:10A30000283300202DE9F04104460F4690F8341020
:10A3100012481D461646F6F7E3FC39460F480F4F24
:10A32000F6F737FD0D48F6F7FDFD94F834100B48AD
:10A330002A46F6F7F4FD00243846F6F71DFC04F132
:10A340000108E4B220B9631B58425841BDE8F081CE
:10A350003846F6F715FC30554446EDE72833002023
:10A36000F0B5CFB006460C466D4602F120071068E6
:10A3700051682B4603C30832BA421D46F7D19DF8F7
:10A38000003023F007038DF800309DF81F3003F0F4
:10A390003F0343F04003214608A88DF81F3001F029
:10A3A00093F844A800F031FF44AA08A93AA800F0A5
:10A3B00039FF44A908AA084602F0D2F944A9084680
:10A3C00001F018FF44AA3AA908A801F084F912A8DC
:10A3D00000F01BFF1CA800F00CFF08A926A801F044
:10A3E0005BF830A800F011FF0024FE25EB10274693
:10A3F0001DF8034005F007031C4104F00104674009
:10A400003A4626A912A800F097FF3A4630A91CA8A0
:10A4100000F092FF30AA26A93AA802F0A1F91CAADE
:10A4200012A944A802F09CF912A908461CAA00F03F
:10A43000F9FE30AA26A91CA800F0F4FE12AA3AA937
:10A4400030A801F048F91CA944AA084601F043F9D4
:10A4500044A93AA801F0F1FC12A944A801F0EDFCCE
:10A460001CAA30A926A800F0DDFE1CAA104630A9BF
:10A4700002F076F93AAA44A912A801F02CF944A9ED
:10A480003AAA084602F06CF91CA9084601F0D5FC6E
:10A4900044A930A801F0CEFB26A9084601F0CDFC66
:10A4A0003AA9084630AA00F0BDFE1CAA08A930A8A7
:10A4B00001F011F93AAA44A91CA801F00CF9013DD8
:10A4C00094D2224626A912A800F036FF224630A9CF
:10A4D0001CA800F031FF1CA9084601F08BFE12A950
:10A4E0001CAA084601F0F7F812A9304602F069F9F3
:10A4F0004FB0F0BD30B50C46A9B0054610460A462F
:10A50000202100F00FFE237823F007032370E37F60
:10A5100003F03F0343F04003E3772146684602F02F
:10A52000C2FB6946284602F09EFB29B030BD10B53B
:10A53000A8B00446684602F0B6FB6946204602F021
:10A5400092FB28B010BD00002DE9F04FADF53D7D28
:10A5500003460B900C4608330CAD00F14806186812
:10A5600059682A4603C20833B3421546F7D11CA8DE
:10A57000214604F1800504464B780A780F798E78DD
:10A580001B0443EA0263CA7942EA07624F7943EA4D
:10A59000062342EA0742CE788F79083142EA072241
:10A5A00033438D42C4E9002304F10804E4D1044696
:10A5B0001026D4E91C19CB0C4FEAD9424FEAC90E38
:10A5C000CF004EEA517E47EA597743EA493342EADF
:10A5D00041328909A04641EA89617B4082EA0E0244
:10A5E0004B40D8E91217D8E900E8D4E9025C11EB36
:10A5F0000E0147EB080782EA99125B1842EB070E3F
:10A600004FEA15296A0842EACC7249EA0C6982EAE3
:10A6100009014FEA5C074FEA1C28EA0947EAC577B7
:10A6200048EA056842EA4C624A4087EA08079B18F4
:10A6300087EADC1106F101064EEB01010834502EC9
:10A64000C4E91E31B5D11A9B03931B9B0493149B41
:10A650000593159B0693189B0793199B0893169BCC
:10A660000993179B0A930C9B01930D9B0293DDE9C1
:10A670000E89DDE910ECDDE912320149009101E0BB
:10A680006097020805994FEA913A06994AEA814A89
:10A690004FEA913B05994BEA814B8D0C069945EAAF
:10A6A00081358C0C059944EA81348BEA040B069CB5
:10A6B000E40544EA51248AEA050ACD05069945EAEB
:10A6C000512500998AEA050A8BEA040BD1E9005763
:10A6D000D0E900640799AD19099E47EB04044E4088
:10A6E0000A9F08994F4005990E4006990F40079917
:10A6F0004E4008991AEB050587EA010703994BEBD1
:10A700000404AD1944EB07046D18049941EB0404EB
:10A710005B19039342EB04030493019B01991E0F01
:10A72000029B46EA03161A0F019B42EA0312029BA0
:10A730009B0743EA91038F0702995A4047EA910722
:10A74000019B7E404F0647EAD3175B0643EAD113CD
:10A75000734001995B1982EA070244EB020241EA65
:10A760000804029941EA0905019901EA08070299DA
:10A7700004EA0E0401EA09063C4305EA0C0513EB62
:10A78000040A45EA060542EB050B009A009BD568D2
:10A790009B680799D0E902421B1945EB02025B183E
:10A7A0000899099C41EB0202059981EA0405069982
:10A7B0000A9C4C4003990D4004990C4009994D4066
:10A7C0000A994C4003995B1942EB04028C0B0499E3
:10A7D00044EA81448E0B039946EA81468F0C049922
:10A7E00047EA81378D0C039945EA813504996E401B
:10A7F000CD0503997C4045EA5125CF05049947EAE8
:10A8000051277C401C1985EA060542EB05051EEB25
:10A81000040307934CEB050308934FEA1B724FEABE
:10A820008B7343EA9A034FEA1A7642EA0A124FEA16
:10A830008A7747EA9B0746EA0B165A404FEA4A6373
:10A840007E4043EADB134FEA4B67029947EADA1787
:10A8500073401C1982EA070245EB0202019B41EAA0
:10A860000B05019943EA0A0301EA0A07029903EA80
:10A87000080301EA0B063B4305EA090514EB030C48
:10A8800045EA060542EB050E009A009B55691B69D7
:10A890000999D0E904421B1945EB02025B180A9999
:10A8A000039C41EB0202059981EA04050699049C88
:10A8B0004C4007990D4008990C4005994D40069968
:10A8C0004C4007995B1942EB04028C0B089944EA4F
:10A8D00081448E0B079946EA81468F0C089947EA16
:10A8E00081378D0C079945EA813508996E40CD0571
:10A8F00007997C4045EA5125CF05089947EA512739
:10A900007C401C1985EA060542EB050518EB04039B
:10A910000A934FEA1E724FEA8E7343EA9C034FEA92
:10A920001C7642EA0C124FEA8C7747EA9E0746EA09
:10A930000E1682EA03024FEA4C6386EA070643EAF0
:10A94000DE13019983EA06034FEA4E6749EB0509D6
:10A9500047EADC171C194AEA0C0382EA070203EAF9
:10A960000103029945EB02020AEA0C074BEA0E05C5
:10A970000BEA0E060D403B43E31845EA060542EBA1
:10A9800005080993009A009B9B69D5690599D0E950
:10A9900006421B1945EB02025B180699079C41EB26
:10A9A0000202039981EA04050499089C4C400A9923
:10A9B0000D4003994D40049904EA09044C400A995A
:10A9C0005B1942EB04028F0C8C0B47EA893744EA8F
:10A9D00089444FEA99364FEA99457C40CF0545EACC
:10A9E000813547EA592746EA81466E407C404FEA66
:10A9F000C9551C1945EA5125019B099985EA0605A7
:10AA000042EB05051B190593029B43EB05030693D7
:10AA1000099B4FEA18721E0F42EA03124FEA88732D
:10AA200043EA91038F0747EA980746EA08165A4017
:10AA30004B067E4043EAD8134FEA486747EAD117EE
:10AA400073401C194CEA010682EA070245EB020238
:10AA50004EEA080306EA0A060CEA01050EEA0807B0
:10AA6000354303EA0B03611943EA070342EB03038F
:10AA7000009A0293009B556A1B6A0191D0E9084233
:10AA800003991B1945EB02025B1804990A9C41EBE0
:10AA90000202079981EA0405089981EA09040599E7
:10AAA0000D4006990C4007994D4008994C40059976
:10AAB0005B1942EB04028C0B069944EA81448E0B2D
:10AAC000059946EA81468F0C069947EA81378D0C35
:10AAD000059945EA813506996E40CD0505997C407A
:10AAE00045EA5125CF05069947EA51277C401C19B4
:10AAF00085EA060542EB05051AEB040303934BEBCD
:10AB000005030493019B01991E0F029B46EA03165D
:10AB10001A0F019B42EA0312029B9B0743EA91032F
:10AB20008F0702995A4047EA9107019B7E404F06E2
:10AB300047EAD3175B0643EAD113734009991B19FF
:10AB4000019C41EA0406029982EA070245EB0202EF
:10AB500048EA0104019D09990D40029906EA0C0694
:10AB600008EA01073543009904EA0E045B1944EA38
:10AB7000070442EB0402D0E90A67D1E90A450799C4
:10AB8000A41945EB070564180899059E41EB0505D6
:10AB90000A9981EA0607069989EA010603990F4096
:10ABA00004990E400A994F40039986EA0906E41970
:10ABB00045EB06058E0B049946EA814A8E0B0399F4
:10ABC0008F0C46EA8146049947EA813B8F0C039932
:10ABD00047EA813704997E40CF0503998AEA0B0B37
:10ABE00047EA512ACF05049947EA51278BEA07071C
:10ABF000E41986EA0A0645EB0605170F1CEB04016B
:10AC00004FEA8276079146EA93064EEB05014FEA3A
:10AC1000137C47EA03174FEA837E08914EEA920EAF
:10AC2000019977404CEA021C5E068CEA0E0C46EA5B
:10AC3000D2164FEA426E8CEA06064EEAD31E41EA6D
:10AC4000030C0299341987EA0E0745EB070741EA1E
:10AC5000020509990CEA010C019901EA030602991F
:10AC60004CEA060601EA020E05EA0805009945EAE3
:10AC70000E0514EB060E47EB050CD0E90C67D1E985
:10AC80000C450A99A41945EB0705039E641805991C
:10AC900081EA06070699049E81EA0606079907EAF3
:10ACA0000107089906EA0106059987EA010706994E
:10ACB00086EA0106079949EB0505E41945EB060507
:10ACC0008E0B089946EA814A8E0B079946EA81461F
:10ACD0004FEA9149089949EA81398F0C079947EA67
:10ACE000813708998AEA090A4FEAC15907997E40D3
:10ACF00049EA5129CF05089947EA51278AEA070707
:10AD00000999E41986EA090645EB06054FEA1C771E
:10AD100009194FEA8C76099146EA9E0648EB05012F
:10AD200047EA0E174FEA1E784FEA8E7949EA9C09E6
:10AD3000774048EA0C184FEA4E660A9188EA0908FB
:10AD400001994FEA4C6946EADC1688EA060649EAA8
:10AD5000DE1943EA0E08341908EA010887EA0907F0
:10AD6000029945EB070703EA0E0642EA0C050D407F
:10AD700002EA0C09009948EA060614EB060845EABF
:10AD8000090547EB0509D0E90E67D1E90E4505999C
:10AD9000A41945EB070564180699079E41EB0505C4
:10ADA000039981EA06070499089E4E4009990F40CD
:10ADB0000A990E4003994F4004994E4009994FEA71
:10ADC000913A0A99E41945EB06054AEA814A8E0B45
:10ADD000099946EA81464FEA914B0A994BEA813B31
:10ADE0008F0C099947EA81370A998AEA0B0A4FEAD8
:10ADF000C15B09997E404BEA512BCF050A9947EA7E
:10AE000051278AEA0707E41986EA0B0645EB06058F
:10AE100001994FEA19774FEA897646EA98064FEA90
:10AE2000187A47EA08174FEA887B09194BEA990B09
:10AE300087EA06074AEA091A4FEA48668AEA0B0ACD
:10AE400005914FEA496B029946EAD9168AEA060645
:10AE50004BEAD81B41EB050187EA0B0734194EEA90
:10AE6000080A45EB07070AEA030A4CEA09050EEA55
:10AE7000080615400CEA090B4AEA0606069145EA5F
:10AE80000B05A119019147EB050102910099403191
:10AE90000091009C1B49A14200F140007FF4F2ABFD
:10AEA000CDE91232079B1893089B1993099B1693BF
:10AEB0000A9B1793059B1493069B03990B9A159372
:10AEC000CDE910EC019B1A91CDE90E8904990C9300
:10AED000029B0D931B910CAB02F1400552F8081F29
:10AEE000D3E900405668091940EB0600AA42C2E9BE
:10AEF000001003F10803F1D100200DF53D7DBDE800
:10AF0000F08F00BFE099020830B5034600282ED02C
:10AF100000240025C3E9004517A5D5E90045C3E98C
:10AF2000024517A5D5E90045C3E9044516A5D5E9AD
:10AF30000045C3E9064516A5D5E90045C3E908451E
:10AF400015A5D5E90045C3E90A4515A5D5E900458C
:10AF5000C3E90C4514A5D5E90045C3E90E4514A580
:10AF6000D5E90045C3E910450020986430BD0120B3
:10AF7000FCE700BFAFF3008008C9BCF367E6096ACD
:10AF80003BA7CA8485AE67BB2BF894FE72F36E3C78
:10AF9000F1361D5F3AF54FA5D182E6AD7F520E51D5
:10AFA0001F6C3E2B8C68059B6BBD41FBABD9831F8F
:10AFB00079217E1319CDE05B2DE9F8430D46164645
:10AFC0000446002847D0002945D0836C802B42D806
:10AFD00000F14C0716B93046BDE8F883A36C93B96D
:10AFE0007F2E10D929462046FFF7AEFA0028F3D16C
:10AFF000D4E9003213F5806342F10002C4E9003263
:10B000008035803EE6E7C3F18008B04528BFB046F2
:10B0100003F14B02224405EB08094D4516D1434488
:10B02000802BA3640ED139462046FFF78DFA002805
:10B03000D2D1D4E9003213F5806342F10002C4E9B1
:10B040000032A0644D46A6EB0806C3E715F8011BC5
:10B0500002F8011FE1E70120BEE7F8B50D460446FE
:10B0600000285DD000295BD0836C7F2B58D8D0E9B5
:10B0700000670822E3FB02675A1C03448021702A00
:10B08000C0E90067826483F84C100AD90022A36CDF
:10B090007F2B39D904F14C012046FFF755FA0023E4
:10B0A000A3640022A36C772B34D93B0E84F8C43000
:10B0B0003B0C84F8C53036BA3B0A04F14C0184F8E5
:10B0C000C63084F8C770C4F8C8602046FFF73CFA61
:10B0D000294604F14002E37B0B70E3894B70E3687F
:10B0E0001B0A8B70E368CB70E37A0B7163894B7139
:10B0F000A3681B0A08348B712368CB71944201F159
:10B100000801E8D10020F8BD591C2344A16483F84C
:10B110004C20BCE7591C2344A16483F84C20C1E7B0
:10B120000120F0E730B5B5B0054668461446FFF794
:10B13000EBFE48B90A4668462946FFF73DFF18B9B5
:10B1400021466846FFF789FF35B030BD2DE9F04153
:10B15000FCB00446DDF8088248A81F460D46164696
:10B16000FFF7D2FE202208EB020148A8FFF724FFD8
:10B170003246294648A8FFF71FFF10A948A8FFF745
:10B180006CFF10A801F010FE10A920A801F08BFDA3
:10B1900020A9204601F067FD48A8FFF7B5FE21462B
:10B1A000202248A8FFF708FF3946202248A8FFF7C9
:10B1B00003FF3246294648A8FFF7FEFE694648A825
:10B1C000FFF74BFF684601F0EFFD10AB42466946C2
:10B1D00004F1200002F02AFE7CB0BDE8F081837803
:10B1E000417802781B0443EA012343EA020000216C
:10B1F00070470023C0E90033C0E90233C0E90433DB
:10B20000C0E90633C0E90833704700230122C0E9D2
:10B210000023C0E90233C0E90433C0E90633C0E9C2
:10B22000083370472DE9F04753684E688D68CC6845
:10B230000F69D1F824A01E4493681D44D3681C44B0
:10B24000136907EB030C4F69536907EB030E8F6912
:10B25000936907EB0308CF69D36907EB0309136A06
:10B260000F6A09681F44536A126853440A44C0E9CC
:10B270000026C0E90254C0E904CEC0E90689C0E94D
:10B280000873BDE8F0872DE9F74F83688D68CC68B7
:10B290004E685D40C36852425C4004EA0203019379
:10B2A00004690B69634003EA020E44694B69634019
:10B2B00003EA020884698B69634003EA0209C469EE
:10B2C000CB69634003EA020A046A0B6AD0E900C74B
:10B2D000634003EA020B446A4B6A09687E4063409C
:10B2E0008CEA010116401540134011408268019C10
:10B2F0005540C268856054400269C46082EA0E020B
:10B300000261426981EA0C0182EA08027740016029
:10B3100047604261826982EA09028261C26982EA07
:10B320000A02C261026A82EA0B020262426A534066
:10B33000436203B0BDE8F08F2DE9F04F8BB00B688E
:10B34000019304684B68019D029384EA050A8B68A7
:10B350004468029D039384EA0509CB688468039DD1
:10B36000049384EA05080B69C468049D059384EA84
:10B37000050E4B690469059D06938B69079384EA62
:10B38000050CCB69069D446908930B6A099384EA0E
:10B3900005074B6A8469079DDDF824B084EA050639
:10B3A000C469089D6540046A84EA0B04D0F824B09F
:10B3B00052428BEA030B0AEA020A09EA020908EA86
:10B3C00002080EEA020E0CEA020C17401640154065
:10B3D00014400BEA0202D0F800B08BEA0A0BC0F866
:10B3E00000B0D0F804B08BEA090BC0F804B0D0F874
:10B3F00008B08BEA080BC0F808B0D0F80CB08BEAA4
:10B400000E0BC0F80CB0D0F810B08BEA0C0BC0F8E3
:10B4100010B0D0F814B08BEA070BC0F814B0D0F815
:10B4200018B08BEA060BC0F818B0D0F81CB08BEA45
:10B43000050BC0F81CB0D0F820B08BEA040BC0F8A4
:10B4400020B0D0F824B08BEA020BC0F824B00198E9
:10B4500080EA0A000860029880EA090048600398C0
:10B4600080EA08008860049880EA0E00C8600598A9
:10B4700080EA0C0008610698474007984F614640F3
:10B4800008988E6145400998CD61444053400C6254
:10B490004B620BB0BDE8F08F2DE9F043D1E9009885
:10B4A000D1E902E3D1E90476D1E90654D1E90821D2
:10B4B000C0E90098C0E902E3C0E90476C0E9065497
:10B4C000C0E90821BDE8F0832DE9F04F04460846A5
:10B4D0008DB050F8042B05920D46FFF780FE8B01CE
:10B4E00043EA90630B938301E81D0293FFF777FE15
:10B4F0004FEA4118430148EAD06805F10A00069373
:10B50000FFF76DFE4FEAC10BC3004BEA507B05F11C
:10B510000D000393FFF763FE83004FEA810A4AEAB6
:10B52000907A079305F114002B690193FFF757FEFA
:10B53000CF01C30147EA506705F117000893FFF7F1
:10B540004EFE4FEA4119430149EAD06905F11A005C
:10B550000493FFF744FE0E01030146EA107605F15D
:10B560001D000993FFF73BFE810021F07E4121F091
:10B57000030101F18075059A680E4FF0130CA0FBD2
:10B580000C0C831805F07E4505932CBF012000208C
:10B590004B1B0A93029B069D13F180720B9B4FEA93
:10B5A000526143F1000341EAC311491948EB636852
:10B5B000029B069102F07E429B1A0B93039B079914
:10B5C00013F180734BF1000B5A0E42EACB12521862
:10B5D0000292039A03F07E434AEB6B61D31A039302
:10B5E000019B13F180732CBF012500255A0E42EAFE
:10B5F000C512089D5219019D03F07E4347F1000ECC
:10B60000EB1A0793049B099F13F1807549F1000918
:10B610006B0E43EAC913DB1946EB6969049E05F01A
:10B620007E45751B0495059D15F1007C40F1000BCE
:10B63000069810F10077029848F1000810F10076A2
:10B6400041F10001019112F1007505994EF1000ED2
:10B650000CF07C4A13F1007049F100094FEA9C6C30
:10B66000B1EB0A0A0B99C4F800A04CEA8B1C1CEB46
:10B67000010C0699C4F804C007F07C4CB1EB0C0C2B
:10B68000BF0E0399C4F808C047EA88177F180299CB
:10B69000E76006F07C47CF1B01992761B60E46EAAA
:10B6A00081160799761805F07C41521AA261AD0EF9
:10B6B000049A666145EA8E15AD1800F07C429B1A2B
:10B6C0002362800E0A9BE56140EA8910C01860621F
:10B6D0000DB0BDE8F08F2DE9F04F8246D1E90003AF
:10B6E000A5B0D2E9005808938B680193CB68099301
:10B6F0000B6902934B690A93D1E906930B93D1E945
:10B7000008630C9393680393D368059313690693B6
:10B7100053690D9393690F93D3691693136A189322
:10B72000536A1993039B019C4FF0130B0BFB03FC13
:10B73000059B0BFB03F7069B0BFB03F317930D9B7A
:10B740000BFB03F310930F9B0BFB03F30E93169B62
:10B750000BFB03F30793189BDDF81CE00BFB03F2D4
:10B76000199B0BFB03F30493089B04995B00119353
:10B77000099B5B0012930A9B5B0013930B9B5B007E
:10B7800014930C9B5B001593119B83FB0131C0FB51
:10B790000531C4FB0231129CC4FB0E31029CDDF862
:10B7A00038E0C4FB0E31139CDDF840E0C4FB0E31E1
:10B7B000179CC9FB0431149CC4FB0731159C0BFB7F
:10B7C00008FEC6FB0C31C4FB0E31CDE91A31089BD3
:10B7D000019C049985FB033EC0FB083EC1FB043E6F
:10B7E000099C0299C2FB043E079CC4FB013E0E99D2
:10B7F0000A9CC1FB043E10990B9CC1FB093E1799A2
:10B80000C1FB043E0C99049CC7FB063ECCFB013EE9
:10B81000CDE91C3E119B039988FB033CC0FB013C16
:10B820000199C5FB013C1299C4FB013C0299139C90
:10B83000C2FB013C0799C1FB043C0E99C1FB093CCA
:10B840001099149CC1FB043C1799049CC1FB063C55
:10B850001599C7FB013CCDE91E3C0899039B83FB6E
:10B8600001370599C0FB01370199C8FB01370999D8
:10B87000C5FB01370299C4FB01370A990B9CC2FB37
:10B8800001370799C1FB09370E99C1FB043710999D
:10B890000C9CC1FB06371799C1FB0437179311990C
:10B8A000059B209783FB01730699019CC0FB0173E4
:10B8B0000399C1FB04731299049CC8FB017302999C
:10B8C000C5FB01731399C4FB01730799149CC2FB58
:10B8D0000973C1FB04730E99159CC1FB0673109983
:10B8E000C1FB04730699089C109781FB047C0D9999
:10B8F000019CC0FB017C0599C1FB047C0399099C58
:10B90000C1FB047C02990C9CC8FB017C0A99C5FB15
:10B91000017C0499C1FB097C0B99C2FB017C07994E
:10B92000C1FB067C0E99C1FB047C0D99119C0E97FE
:10B9300081FB047E0F99019CC0FB017E0699C1FB2F
:10B94000047E0599129CC1FB047EDDE90241C1FB26
:10B95000047E1399049CC8FB017E1499C5FB097EE3
:10B96000C4FB017E0799159CC2FB067EC1FB047EC9
:10B970000F99089CCDF884E0079781FB047E169907
:10B98000019CC0FB017E0D99C1FB047E0699099CB8
:10B99000C1FB047E0599029CC1FB047E03990A9CAD
:10B9A000C1FB047E0B99019CC8FB097EC5FB017E8F
:10B9B0000499C1FB067E0C99C2FB017E1199169A6F
:10B9C000CDE9227E82FB01271899C0FB01270F9940
:10B9D000C1FB04270D99129CC1FB04270699029C08
:10B9E000C1FB04270599139CC1FB04270399C1FBE4
:10B9F00009271499049CC8FB01271599C5FB062744
:10BA0000C4FB012711920899189A82FB0124199905
:10BA1000C0FB012416990198C1FB00241046099926
:10BA20000F9AC2FB01040D9A0299C2FB01040A9904
:10BA3000069AC2FB0104059A0B99C2FB0904039AFA
:10BA4000C2FB01040C9A1A99C8FB0604C5FB020448
:10BA50001A9A0E9D12F100761B9ACDE9080442F164
:10BA60000000B40E1C9A44EA8014A4181D9A06F033
:10BA70007C4642EBA062891B0A911B9961EB000195
:10BA80000B91109911F1007143F10006880E40EA04
:10BA900086104019109D01F07C414CEBA66C691A90
:10BAA00063EB060314F180761E9D42F100024FEA1B
:10BAB000566E4EEAC21E1EEB050504951F9D06F04C
:10BAC0007E4645EB6262A41B0C9410F18074079DC6
:10BAD0004CF1000C660E46EACC1675190595219DB1
:10BAE00004F07E4445EB6C6C001B0D900498179C91
:10BAF000089D10F10070019042F10002800E40EAB2
:10BB00008210001906902098229C40EBA2620598B2
:10BB100010F1007002904CF1000C800E40EA8C1085
:10BB20000019239C44EBAC6C069C14F180740394C4
:10BB300042F10002640E44EAC214641843EB6263EB
:10BB400010F18079119A4CF1000C4FEA596141EAE9
:10BB5000CC11891847EB6C6C14F1007743F10003AA
:10BB600011F100784CF1000C4FEA9862079342EA19
:10BB70008C12099B521943EBAC6C12F1807E4CF194
:10BB8000000C4FEA5E650A9B45EACC15A5FB0B65E8
:10BB9000F6184FEA6C6C0B9B0BFB0C5545EB030541
:10BBA00016F1007C0C9B45F100050CF07C4B4FEA34
:10BBB0009C6C4CEA851CB6EB0B061CEB0305019B49
:10BBC000CAF8045003F07C45049BCAF800605D1B72
:10BBD000039BCAF8085003F07E45069B5D1B079B3C
:10BBE000CAF80C5007F07C45BF0E47EA83170D9B3F
:10BBF000641BFF18029BCAF81040059CCAF8147019
:10BC000009F07E4908F07C480EF07E4E03F07C433C
:10BC1000E31AB0EB0900B1EB0801B2EB0E02CAF86F
:10BC20001830CAF81C00CAF82010CAF8242025B021
:10BC3000BDE8F08F2DE9F04F6C4B0A68CC684D6879
:10BC40008BB082FB0382039284FB034204924A6915
:10BC500082FB03E20592CA6982FB032601924A6ACB
:10BC6000069682FB039219F1807C42F100024FEAB2
:10BC70005C664FF0130B46EAC216A6FB0B6A52161F
:10BC80000BFB02AA16EB08020292039A85FB0357EC
:10BC90000CF07E4C4AEB020AB9EB0C0215F18076EF
:10BCA000079247F100078A684FEA566C4CEAC71CB6
:10BCB00006F07E467F16C2FB03C7AA1B0892049AB1
:10BCC000CDF80CC014F1807542F10006B9460A693E
:10BCD0006F0E47EAC61705F07E457616C2FB03765F
:10BCE000621B0992059A04971EF1807842F10004C4
:10BCF0004FEA58658A69096A45EAC4156416C2FBA9
:10BD00000354019A059508F07E48BEEB080812F12D
:10BD1000807E069A4FEA5E6542F1000245EAC2154E
:10BD20005216C1FB0352019B0EF07E4EB3EB0E0E7A
:10BD3000029B13F1007C039B4AF1000A13F1007788
:10BD400049F100030193049BAB4613F10075059B79
:10BD500046F1000613F1007144F100041BF1007379
:10BD600042F100020692029A0CF07C49B2EB0909FA
:10BD70004FEA9C6C089AC0F800904CEA8A1C1CEBB5
:10BD8000020C039AC0F804C007F07C4CB2EB0C0C18
:10BD9000019AC0F808C0BF0E47EA8217099ABF1877
:10BDA000C760049A05F07C47AD0E45EA8615D71B9F
:10BDB00015EB0805059A456101F07C45890E41EABD
:10BDC0008411551B11EB0E01069AC16103F07C41F1
:10BDD0009B0E43EA8213079A0761BBEB01019B1894
:10BDE0008561016243620BB0BDE8F08F42DB010068
:10BDF0004B682DE9F041C3F1000E8B68CF680E69E6
:10BE00004D698C69C3F1000CCB69C3F100080B6A62
:10BE10005A424B6A09687F4276426D4264425B42F5
:10BE20004942C0E9001EC0E902C7C0E90465C0E993
:10BE30000648C0E90823BDE8F0812DE9F04F0A4625
:10BE40008246D2E9024097B04FF0260C0690D2E924
:10BE500004B00190D2E906E00390106A526A089299
:10BE600062000592069A039E0490520000924FEAE7
:10BE70004B020C92019A52000292039A0CFB06F7B5
:10BE80005200049E0992D1E90013132202FB06F826
:10BE9000089E079302FB0EF0019A5D000CFB06F66C
:10BEA0000CFB02F385FB062CC1FB012C4FEA410978
:10BEB00061464FEA440CCCFB0821DDF800C0CCFB06
:10BEC00007214FEA4B0CCCFB00219446019AC2FBA0
:10BED00003C1CDE90AC1079B009984FB06C2C9FBD7
:10BEE00003C2C1FB08C20299CBFB07C2C1FB00C25F
:10BEF000CDF834C0009983FB053CC9FB043CC1FB71
:10BF0000063C4FEA4B01C8FB013C0299C1FB073CD0
:10BF10001946CEFB001CCDE90E1C069984FB0530AA
:10BF2000C9FB01300299CBFB0630C1FB0830194632
:10BF3000CEFB0710CDE91010009985FB0103C9FB6A
:10BF40000B030299C4FB04034FEA4E0CC1FB06032A
:10BF50000399C8FB0C03C1FB0703019907908BFBF6
:10BF60000540C9FB0140DDE90571C1FB07400999A6
:10BF7000CEFB0640C1FB08400299129485FB014CA0
:10BF8000C9FB0E4C0699CBFB074C009FC1FB074C2D
:10BF90000999C1FB064C0499C1FB084C039906940E
:10BFA0008EFB0547DDF81480C9FB01470199C1FBF1
:10BFB00008470099CBFB01470499C1FB0647CDE92F
:10BFC00013470999029C85FB01780499C9FB017804
:10BFD0000599CEFB01780099C1FB04780899059C6E
:10BFE000CBFB0B78C1FB06780499099781FB0565AB
:10BFF0000899CDF85480C9FB01650399C1FB04651C
:10C0000000990C9CCEFB01650199C1FB04650A995E
:10C01000089611F100770B99129CAE464FEA97668D
:10C0200041F100050D9946EA851676180A9907F040
:10C030007C4742EBA562B1EB070B0B9961EB050165
:10C040000A91079911F1007143F100078D0E45EA3D
:10C0500087152D19079C01F07C4140EBA760611A00
:10C0600063EB070316F180770E9C42F100024FEA62
:10C07000576848EAC21818EB040403940F9C07F0B1
:10C080007E4744EB6262F41B15F1807640F10000BC
:10C090000794770E069C47EAC0173C1906F07E46C7
:10C0A0004CEB606CA81B04940B900398109C159D9E
:10C0B00010F10070009042F10002800E40EA821000
:10C0C000001905901198139C40EBA262049810F19E
:10C0D000007001904CF1000C800E40EA8C100019A9
:10C0E000149C44EBAC6C059C14F18074029442F1F6
:10C0F0000002640E44EAC214641843EB626310F158
:10C100008079099A4CF1000C4FEA596141EACC114F
:10C11000891845EB6C6C14F1007743F1000311F1C1
:10C120000078089D06934CF1000C4FEA986242EAB1
:10C130008C1252194EEBAC6C12F1807E4CF1000C5B
:10C140004FEA5E65132345EACC15A5FB03654FEA6C
:10C150006C6C03FB0C550A9B16EB0B0645EB0305B9
:10C1600016F1007C079B45F100050CF07C4B4FEA73
:10C170009C6C4CEA851CB6EB0B061CEB0305009B84
:10C18000CAF8045003F07C45039BCAF800605D1BAD
:10C19000029BCAF8085003F07E45059B5D1B069B79
:10C1A000CAF80C5007F07C45BF0E47EA83170B9B7B
:10C1B000641BFF18019BCAF81040049CCAF8147055
:10C1C00009F07E4908F07C480EF07E4E03F07C4377
:10C1D000E31AB0EB0900B1EB0801B2EB0E02CAF8AA
:10C1E0001830CAF81C00CAF82010CAF8242017B06A
:10C1F000BDE8F08F30B5A9B0044668460D46FFF79C
:10C200001CFE69460AA8FFF718FE0AA90846FFF7B0
:10C2100014FE0AAA29461046FFF75DFA0AAA6946E3
:10C220006846FFF758FA694614A8FFF706FE0AA900
:10C23000084614AAFFF74FFA0AA914A8FFF7FDFD54
:10C24000042514A90846FFF7F8FD013DF9D10AAA13
:10C25000104614A9FFF73FFA0AA914A8FFF7EDFD4D
:10C26000092514A90846FFF7E8FD013DF9D114A9F5
:10C2700008460AAAFFF72FFA14A91EA8FFF7DDFD4A
:10C2800013251EA90846FFF7D8FD013DF9D114AAD0
:10C2900010461EA9FFF71FFA14A90846FFF7CDFDA7
:10C2A000092514A90846FFF7C8FD013DF9D10AAADE
:10C2B000104614A9FFF70FFA0AA914A8FFF7BDFD4D
:10C2C000312514A90846FFF7B8FD013DF9D114A99D
:10C2D00008460AAAFFF7FFF914A91EA8FFF7ADFD4B
:10C2E00063251EA90846FFF7A8FD013DF9D114AA50
:10C2F00010461EA9FFF7EFF914A90846FFF79DFDA8
:10C30000312514A90846FFF798FD013DF9D10AAA85
:10C31000104614A9FFF7DFF90AA90846FFF78DFDBB
:10C3200004250AA90846FFF788FD013DF9D16A46B0
:10C330000AA92046FFF7CFF929B030BD2DE9F04F0B
:10C3400097B00A6902924A690392D1E906A2D1E93B
:10C35000026705920A6A06924A6A08927200079278
:10C360007A000992029ADDF814C0019052000A92F4
:10C37000039A52000492059A262000FB0CF8520002
:10C38000DDF818C00B92D1E90053132202FB0CF91F
:10C39000DDF820C002FB0AF4039A00FB0CFB4FEA15
:10C3A000430E50438EFB0B2CC5FB052C69006546E4
:10C3B0004FEA460CCCFB09254FEA470CCCFB08257D
:10C3C000DDF828C0CCFB04259446039AC2FB00C5C7
:10C3D00086FB0B20CDF838C0C1FB03204FEA470C89
:10C3E000CCFB0920DDF808C0CCFB08209446049A59
:10C3F000C2FB04C083FB0E32CDF83CC0C1FB063249
:10C400004FEA470CCCFB0B32DDF828C00C90C9FB7F
:10C410000C32DDF810C00298CCFB08329C46CAFBF7
:10C4200004C2CDF840C0029C86FB0E3CC1FB073C19
:10C43000C4FB0B3C049CC4FB093C1C46CAFB084CD7
:10C4400011947C008EFB0434C1FB00340498C6FBBD
:10C450000634C0FB0B344FEA4A00C9FB0034059890
:10C460001E46C0FB08640298129680FB0E63039878
:10C47000C1FB00630798C7FB00630B98CAFB0B6303
:10C48000C0FB096304980D931396079B8EFB00680D
:10C490000298C1FB0A68C0FB03687800C7FB00680C
:10C4A0000B984746C0FB0B670698C0FB09670598C9
:10C4B00014968AFB0E68C1FB00680398DDF824908F
:10C4C000C0FB03680298C0FB09680698C0FB0B68B4
:10C4D00015960B988EFB00960698C1FB0096CAFB3A
:10C4E00003960998049BC0FB03960298109BC0FB1F
:10C4F00000960898C0FB0B960698CDF8089080FB34
:10C500000EE90898C1FB00E949460598DDF81C9042
:10C51000C0FB09E10998DDF82890CAFB00E1039807
:10C52000DDF84CA0C0FB09E10E98F14610EB000EBF
:10C530000F986D4110EB000B0C984041DB180393F2
:10C54000119B5241DB184CEB0C0CCDF81CC0DDF8F4
:10C5500048C006931CEB0C0C0D9B64411AEB0A0AB5
:10C560005B410493149BDB180593159B7F41DB18FB
:10C570000B93029B0A9748EB0808DB1876410C9353
:10C580000D9619EB09060E9649411EF1007645F10C
:10C5900000070F91B10E41EA871111EB0B0106F074
:10C5A0007C4640EBA760BEEB060B65EB07050895E4
:10C5B0001CF1007544F10006AF0E049BDDF80CE0A1
:10C5C00047EA861717EB0A0705F07C4543EBA6639D
:10C5D000BCEB050564EB060611F1807440F1000028
:10C5E0004FEA546C4CEAC01C1CEB0E0C04F07E4469
:10C5F00042EB6062091B099117F18071059CCDF82F
:10C6000010C043F10003480E40EAC3100019059022
:10C610000A9801F07E4140EB636C791A0A91049903
:10C6200011F10071029142F100028B0E069943EA6A
:10C6300082135B180799069341EBA26205990B9B45
:10C6400011F100714CF1000C880E039140EA8C103E
:10C650000699C01848EBAC6C11F1807A42F10003E6
:10C660004FEA5A6444EAC314641946EB636310F159
:10C6700080790C9A0D9D4CF1000C4FEA596141EA0A
:10C68000CC11891845EB6C6C14F1007743F1000371
:10C6900011F100780E9D07934CF1000C4FEA98625F
:10C6A00042EA8C1252190F9D45EBAC6C12F1807E60
:10C6B0004CF1000C4FEA5E65132345EACC15A5FB4F
:10C6C00003654FEA6C6C03FB0C55089B16EB0B06DD
:10C6D00045EB030516F1007C019B0CF07C4B45F10A
:10C6E0000005B6EB0B061E604FEA9C6C099B4CEAFA
:10C6F000851C1CEB0305019B5D60029B03F07C45E0
:10C70000049B5D1B019B9D60069B0AF07E4AB3EB78
:10C710000A05019BDD6007F07C45641B1C61079BDB
:10C72000059CBF0E47EA83170A9BFF18019B5F61B8
:10C73000039B03F07C43E31A09F07E49019C08F057
:10C740007C480EF07E4EB0EB0900B1EB0801B2EB75
:10C750000E02A361E0612162626217B0BDE8F08F52
:10C760002DE9F04753684E688D68CC680F69F61A5A
:10C770009368ED1AD368A4EB030A13694C6AA7EB1C
:10C78000030C4F695369A7EB030E8F699369A7EBFD
:10C790000308CF69D369A7EB0309136A0F6A096815
:10C7A000FF1A536A1268E31A8A1AC0E90026C0E920
:10C7B000025AC0E904CEC0E90689C0E90873BDE8A1
:10C7C000F0870B462DE9F047D3E90892D1E9008EB6
:10C7D0004FF0130AD3E90476D3E906540AFB02F3B7
:10C7E000D1E902C103F1807308EB63630EEBA3632D
:10C7F0000CEB636301EBA36307EB636306EBA363DB
:10C8000005EB636304EBA36309EB636302EBA363D0
:10C810005B160AFB03880EEBA86E0CEB6E6C01EB4B
:10C82000AC6107EB616706EBA76605EB666504EB99
:10C83000A56428F07C4809EB646929F07C4302EB8D
:10C84000A9624FEA28292EF07E4E80F801904FEA27
:10C85000284980F802904FEA8E0980F8008049EA62
:10C86000186880F803804FEAAE182CF07C4C80F8F2
:10C8700004804FEAAE3880F805804FEACC0848EAD9
:10C880009E5E80F806E04FEA6C1E21F07E4180F843
:10C8900007E04FEA6C3E80F808E04FEA411E4EEA9E
:10C8A0005C5C80F809C04FEAE10C80F80AC04FEAEE
:10C8B000E12C80F80BC04FEA871C4CEAD141017390
:10C8C000C7F3970126F07E464173C7F38F2181732A
:10C8D000311225F07C45417431148174690041EABC
:10C8E0001661C174E91124F07E440175C7F38747CE
:10C8F000E913C77306744175E10041EAD5518175AA
:10C900006111C17561130176190141EA54514176F3
:10C91000191122F07E4281761913C176910141EA04
:10C920001353037793104377931292148377C2774C
:10C93000BDE8F08700B589B001466846FFF741FFC2
:10C940009DF8000000F0010009B05DF804FB70B52F
:10C9500004460D461646FEF796FC324605F12801C0
:10C9600004F12800FEF78FFC324605F1500104F176
:10C970005000BDE87040FEF786BC00002DE9F0478E
:10C980000646D4B29EB0D70F06F1280A04EAE27236
:10C990008846A4EB420406F15009FEF736FC5046E7
:10C9A000E4B2FEF732FC4FF47075484605FB08F51B
:10C9B000FEF71FFCDFF8D88084F00102B2FA82F2A1
:10C9C00008EB050130465209FFF7C1FF84F002026F
:10C9D00005F17801B2FA82F2414430465209FFF77C
:10C9E000B6FF84F0030205F1F001B2FA82F241448D
:10C9F00030465209FFF7ABFF84F0040205F5B4712D
:10CA0000B2FA82F2414430465209FFF7A0FF84F0A7
:10CA1000050205F5F071B2FA82F24144304652093E
:10CA2000FFF795FF84F0060205F51671B2FA82F25F
:10CA3000414430465209FFF78AFF84F0070205F5AA
:10CA40003471B2FA82F2414430465209FFF77FFF57
:10CA500084F0080205F55271B2FA82F2520941449B
:10CA60003046FFF774FF51466846FEF715FD314624
:10CA70000AA8FEF711FD494614A8FFF7B9F93A468E
:10CA800069463046FFF763FF1EB0BDE8F08700BF80
:10CA9000E09902082DE9F043054601F128088BB022
:10CAA00005F128060C4617460A464146FEF7BAFB32
:10CAB00022464146304605F15008FFF751FE3A46FE
:10CAC00029464046FEF707FE05F1780907F12802DE
:10CAD00031463046FEF7FFFD04F1780207F15001C0
:10CAE0004846FEF7F8FD04F1500211466846FEF78D
:10CAF00099FB324641462846FFF732FE3246414610
:10CB00003046FEF78FFB4A4669464046FEF78AFBF1
:10CB10004A4669464846FFF723FE0BB0BDE8F0835E
:10CB2000F8B501F178070C4605463A4604F150067F
:10CB3000FEF7D1FD324604F1280105F12800FEF789
:10CB4000CAFD3A46314605F15000BDE8F840FEF70F
:10CB5000C2BD2DE9F0410C4601F178080546424678
:10CB600004F1280604F15007FEF7B5FD3A463146B8
:10CB700005F12800FEF7AFFD4246394605F15000A9
:10CB8000FEF7A9FD3246214605F17800BDE8F041E7
:10CB9000FEF7A1BD2DE9F04304460E468BB004F12B
:10CBA000500506F12809FFF748F904F178084946CD
:10CBB0002846FFF742F904F1280706F150014046E4
:10CBC000FFF7BCFB4A4631463846FEF72BFB394699
:10CBD0006846FFF732F9224629463846FEF722FB1F
:10CBE000224629462846FFF7BBFD3A4669462046BD
:10CBF000FFF7B6FD2A4641464046FFF7B1FD0BB0B0
:10CC0000BDE8F08310B50446FEF7F3FA04F12800FE
:10CC1000FEF7FBFA04F15000FEF7F7FA04F1780092
:10CC2000BDE81040FEF7E5BA38B504460D46FEF7FC
:10CC300033FC05F1280104F12800FEF72DFC05F175
:10CC4000500104F15000BDE83840FEF725BC10B596
:10CC50009EB004466846FFF7E7FF69462046FFF7A7
:10CC600099FF1EB010BD30B59FB004460D46684612
:10CC70005031FFF7BFFA6A4629460AA8FEF72BFD96
:10CC80006A4605F1280114A8FEF725FD14A92046DF
:10CC9000FFF797FD0AA8FFF74DFEE37F83EAC01375
:10CCA000E3771FB030BDF0B5F5B06A464D1E0446BF
:10CCB0001F311346164615F8010F00F00F078D427D
:10CCC0004FEA10101F70587003F10203F3D10025D2
:10CCD000294692F900300B44DBB203F1080141F31D
:10CCE0000311C8B20135A3EB00133F2D02F8013B3D
:10CCF000EFD196F83F30184486F83F002046FFF702
:10CD000081FF0125725769102EA8FFF737FE2EAA62
:10CD100021464CA8FFF7BEFE02354CA92046FFF77E
:10CD200018FF412DEED121464CA8FFF790FF4CA9EA
:10CD300010A8FFF7F5FE10A94CA8FFF72BFF4CA990
:10CD400010A8FFF7EDFE10A94CA8FFF723FF4CA990
:10CD500010A8FFF7E5FE10A94CA8FFF71BFF4CA990
:10CD60002046FFF7F6FE0025725769102EA8FFF740
:10CD700005FE2EAA21464CA8FFF78CFE02354CA9D1
:10CD80002046FFF7E6FE402DEED175B0F0BD83786A
:10CD9000417802781B0443EA012343EA02000021A0
:10CDA00070470068002170472DE9F04F9DB0834621
:10CDB000FFF7EDFFC0F314030BF102000B93FFF735
:10CDC000F0FFC0F354130BF105000C93FFF7DFFFE6
:10CDD000C0F394030BF107000D93FFF7E2FFC0F3DC
:10CDE000D4130BF10A000993FFF7DBFFC0F3141310
:10CDF0000BF10D000A93FFF7CAFFC0F354030BF1C8
:10CE00000F000E93FFF7CDFFC0F394130BF1120048
:10CE10000893FFF7BCFFC0F3D4030BF11500079391
:10CE2000FFF7B5FFC0F314030BF117000F93FFF7E3
:10CE3000B8FFC0F354130BF11A000593FFF7A7FFD7
:10CE4000C0F394030BF11C000693FFF7AAFFC0F395
:10CE5000D4160BF11F00FFF7A4FFC0F314170BF15A
:10CE60002200FFF794FFC0F354080BF12400FFF7F2
:10CE700098FFC0F394190BF12700FFF788FFC0F368
:10CE8000D40A0BF12A00FFF782FFC0F314030BF161
:10CE90002C000393FFF785FFC0F354130BF12F0011
:10CEA0001093FFF774FFC0F394030BF1310001936B
:10CEB000FFF777FFC0F3D4130BF134000293FFF7B1
:10CEC00070FFC0F314140BF13700FFF760FFC0F3DD
:10CED00054030BF13900FFF764FFC0F394120BF118
:10CEE0003C00FFF75EFFDFF848E3C00840EA41700E
:10CEF000CD08A0FB0EC11CEB060C0EFB051141F189
:10CF000000011191CB498E46A0FB0161F6190EFB81
:10CF10000511C94F129641F100011391A0FB076161
:10CF200016EB0806DFF814831496C0F1000608FB20
:10CF3000056E07FB0511A0FB088741F1000118EB06
:10CF40000909CDF854904EEB0709CDF85890DFF859
:10CF5000F092A0FB09E709FB05771EEB0A0ACDF862
:10CF60005CA047F1000ACDF860A0DFF8D8A2039FCB
:10CF7000DFF8BCE20AFB0566A0FB0A05C0190390B6
:10CF800046EB050004900698119DA2FB0E7A3F180F
:10CF9000A848A2FB00694AF1000A16EB0C06DFF86C
:10CFA00098C2129845EB0909A2FB0C582818139D4A
:10CFB0000690A24845EB0808149DA2FB000E4019FC
:10CFC000AEEB020E4EEB010E9D49159DA2FB01C179
:10CFD0001CEB05051195169D45EB01011291994930
:10CFE000944DA2FB01C1891A179A1CEB02021392FD
:10CFF000189A41EB020214928D4AA3FB021C059A77
:10D000008918A3FB05254CF1000CD2194AEB050742
:10D01000DFF824A2A3FB0AA51AEB060A49EB0505D3
:10D02000864E1595069DA3FB069619EB0505A6EB06
:10D03000030646EB0806DFF80882A3FB088918EB15
:10D0400000084EEB090016907E48A3FB00E0C01AD2
:10D05000119B1EEB03030593129BDFF8D4E140EB19
:10D06000030306930F9BA4FB0E0EC018714BA4FB89
:10D0700003934EF1000E19EB0101DFF8BC914CEB6C
:10D08000030CA4FB09399B1847EB09070F976B4F5B
:10D09000A4FB077917EB0A07DDF854A0A9EB0409F4
:10D0A00049EB0A09DFF898A1A4FB0A2A5219654D39
:10D0B000119246EB0A0AA4FB05652D1B16EB08042A
:10D0C0001294169C5A4A45EB04041594029C079E40
:10D0D000DDF80880A4FB0245A419564E029AA8FB6D
:10D0E000068645F1000518EB00004EEB0606DFF85A
:10D0F0004881DDF808E0AEFB08E81EEB010E4CEBC2
:10D10000080C4E49DDF80880A8FB0118C9180F9BD0
:10D11000A8EB020848EB0308494BA2FB0323D719ED
:10D1200049EB0309474A029BA3FB02230F92029A91
:10D130009B1A07930F9A119BD218079B029243EBFD
:10D140000A0ACDF81CA03A4ADDF804A0AAFB02A303
:10D15000089A1AEB020A43F100030893019A354B2F
:10D16000A2FB0323121945EB0305334C019B0F92DD
:10D17000A3FB0423121846EB03063048019B019CD5
:10D18000A3FB000310EB0E00DFF8B4E0A3EB0403F5
:10D1900043EB0C0CA4FB0E3E5B1848EB0E01A046C3
:10D1A000284CA8FB048E019C18EB0707AEEB040E7D
:10D1B000DDF8208011974EEB09091AF580170F9CB6
:10D1C00048F100084FEA575E4EEAC82E1EEB040EE7
:10D1D0004FEA575745F100057F050195BAEB070562
:10D1E0000F95089D65EB080512F5801446F10007C0
:10D1F0001695650D45EAC725640D2D184FEA445470
:10D200004CF1000C101B179066EB070613F580100D
:10D2100041F100041896420D119E42EAC422400DCD
:10D2200092194FEA405049EB64571E1A0CE000BFB8
:10D23000132C0A00182D070067FB090053C6F0FFE6
:10D24000D11502008390F5FF61EB04011991029959
:10D25000119611F580100799029E41F10004430DCB
:10D26000129943EAC4235B184FEA5050159908936A
:10D270004FEA405041EB6451361A0296079E139BC9
:10D2800066EB04061296059E16F58010069E46F182
:10D290000004460D46EAC42616EB030A149E109BB2
:10D2A00046EB64560796400D059E4005361A0596D6
:10D2B000069E66EB04060696039E16F58014049EF1
:10D2C0004FEA545046F1000840EAC820C0184FEA1F
:10D2D0005454039B4FEA68564FEA445446F1000603
:10D2E0001B1B1093049B63EB08031393019B1EF518
:10D2F000801443F100094FEA5458179B48EAC928A3
:10D3000018EB03031493189B4FEA545443F10003A2
:10D3100064051593BEEB04031793019B63EB0909A6
:10D3200015F580144CF10008119B4FEA545E4EEA4B
:10D33000C82E1EEB030311934FEA5454199B4FEA76
:10D34000445443EB68532D1B19956CEB080512F5FB
:10D35000801418931A95029B47F100054FEA545C1C
:10D360004CEAC52C1CEB03030193129B4FEA545467
:10D3700043EB655364050493131B1293089B67EBFF
:10D3800005051B9513F5801541F10004059B069FCB
:10D390006A0D42EAC422D31802934FEA5555089BFE
:10D3A000D14A4FEA455547EB64575D1B61EB0401D9
:10D3B0000691079903951AF5801341F10004109D19
:10D3C0000597590D41EAC42149194FEA5353139D5A
:10D3D000079F4FEA435345EB6455BAEB0303DFF86D
:10D3E0000CA367EB0404A0FB027EA0FB0A8C02FBEB
:10D3F00006EE0E9A0AFB06CCDDF83CA0BF184EF1F3
:10D40000000E18EB0A08CDF83880DDF858804CEB98
:10D41000080CCDF83CC0DFF8D8C2E246A0FB0C8C6B
:10D420000AFB06CCDDF85CA018EB0A084CEB090CF3
:10D43000DFF8C092CDF84CC0C0F1000CCDF84080B0
:10D4400009FB06C8A0FB099AD044DDF850A019EBEF
:10D450000A0ADDF8549048EB0908CDF85080DFF84F
:10D4600098824246A0FB089802FB0688199A19EB9D
:10D4700002091A9A48EB0208A04A02FB06CCA0FB5C
:10D480000206119A821818980792B4444CEB000CCB
:10D49000954ACDF820C0DDF828C0A1FB026016EB4C
:10D4A0000C0C02FB050040F100000A908F48024678
:10D4B000A1FB006002FB0500F21940EB0E00DFF853
:10D4C00030E211920E9A1590A1FB0E60B2180E92E6
:10D4D000884E0F9A0EFB050040EB02023746484289
:10D4E000A1FB077E06FB05067644DDF840E00F92BF
:10D4F000139A17EB0E0E46EB02027F4E1092324645
:10D50000A1FB067602FB0566149A17EB0A0A46EBA6
:10D5100002027A4E139206FB0500734A734FA1FB79
:10D520000615284411EB09051495A3FB025602FBCE
:10D530000466099A40EB08001690AD18A3FB07019A
:10D54000DFF8AC81119A46F1000610EB0C00DDF813
:10D5500028C007FB041141EB0C0CA3FB0871BA189F
:10D560001192159A08FB041141EB020261491592D0
:10D570005F420E9A01FB0479A3FB0118C844DDF851
:10D580003C90891848EB0909CDF83890DFF868918C
:10D590004A46A3FB099819EB0E09DDF840E002FBAF
:10D5A000048848EB0E0ECDF83CE0DFF850E1029A1B
:10D5B000DFF83C810EFB0477A3FB0E34274413EB0A
:10D5C0000A04139B099447EB03030A93464B059CFB
:10D5D000DDF814A0A2FB037E03FB04EE0D9B434A7F
:10D5E000FF18029BA3FB02434EF1000E02FB0A331D
:10D5F000641943EB06030D93029B029EA3FB0853A1
:10D600002A1808FB0A3343EB0C0A029B0598109278
:10D61000DFF8E0C0029ADDF854805B420CFB003575
:10D62000A2FB0C0C119AAC44334D80184CEB080C47
:10D630002A46A6FB0585059E02FB06550E9E029A0C
:10D6400018EB010145EB0608059E2C4D05FB063342
:10D65000A2FB052512EB09060F9A05962B4443EB16
:10D660000203039E0E93204BA6FB0392069E03FB30
:10D6700006220C9E19EB060942F100030C931B4A8B
:10D68000039EA6FB0235069EDB1902FB0655184FCA
:10D69000039E45EB0E053A46A6FB07E7069E02FBF6
:10D6A00006770D9A1EEB040647EB02040D94039CCB
:10D6B000039F0F96DDF818E0109A66420D4C04FBAC
:10D6C0000E6EA7FB0447A418774447EB0A02DFF865
:10D6D00028E0039FDDF818A010927246A7FB0EE722
:10D6E00002FB0A770CE000BF132C0A00182D07007C
:10D6F00067FB090053C6F0FFD11502008390F5FFC8
:10D700001EEB000ECDF844E047EB0C0ECDF84CE0DC
:10D71000DFF824C3DDF80CE00CFB0A66AEFB0C0757
:10D7200042183E4446EB080102920391C34A019914
:10D73000049EC348C34FA1FB021C02FB06CC019E02
:10D740000B9AA6FB00E8049E891800FB06880C9A39
:10D75000019E4CF1000C1EEB090EDDF8109048EB19
:10D760000208A6FB0726D21807FB0966DDF804901D
:10D77000049F46EB0506B44DC9F1000905FB07936C
:10D78000019FA7FB057018440F9BFF180D9B40EBF2
:10D7900003030693019DAD4BDDF810A01846A5FBD1
:10D7A00003351B1900FB0A555446DFF88CA210986C
:10D7B0000AFB0499019CA4FB0AA44C44DDF84490A4
:10D7C00045EB000513981AEB090944EB0004049497
:10D7D00011F58014CDF804904CF1000A4FEA545929
:10D7E00049EACA29640D19EB0E0E4FEA445448EB7E
:10D7F0006A58B1EB04096CEB0A0C12F58014CDF8F1
:10D8000030C04FEA545146F1000C0698CDF82C90E8
:10D8100041EACC21640DC9194FEA445440EB6C50E5
:10D82000B2EB040966EB0C0613F58012019F0D960E
:10D830004FEA525445F10006DDF810C0CDF81890BB
:10D8400044EAC624520DE4194FEA42524CEB665C9E
:10D85000B3EB020965EB06060F96029ECDF8109019
:10D8600016F58013039E149F46F100055A0D059E80
:10D8700042EAC52292190E9E4FEA535346EB655970
:10D88000029E5B05F61A0596039E66EB05060E964C
:10D89000099E16F580130A9E46F100055E0D46EAC4
:10D8A000C526F6190196169E46EB655602965B0D47
:10D8B000099E5B05F61A09960A9E129FDDF81CA0C8
:10D8C00066EB05060A96079E16F58015089E4FEA38
:10D8D000555346F1000643EAC623DB194FEA555576
:10D8E0001B9F03934FEA455547EB6657BAEB050577
:10D8F0000795089D069B65EB06061EF5801548F109
:10D90000000A08966E0D46EACA26F61806960D9E7F
:10D91000049B4FEA555546EB6A566D050D96BEEBD6
:10D92000050668EB0A0811F5801540F1000E109607
:10D930006E0D46EACE26F3180F9E04934FEA555516
:10D9400046EB6E566D050F964E1B119660EB0E065C
:10D9500014F580114CF10005059B1296480D0E9EA2
:10D9600040EAC520C3184FEA515146EB65564905B8
:10D970000E96661A13966CEB050612F5801149F1A6
:10D9800000040593480D099B149640EAC4200A9EA2
:10D99000C3184FEA515146EB645649050A96561A88
:10D9A0001593169669EB04061796019E079BDDF802
:10D9B0004090254C16F58012029E4FEA525146F1D6
:10D9C000000041EAC021089ECB1846EB605619962C
:10D9D000520D019E18935205B61A039B0196029EA2
:10D9E00066EB000613F580114FEA51524FEA515190
:10D9F0004FEA415147F1000002965E1A0F4B1A960A
:10DA000042EAC02267EB00064FEA605E1B96A2FB6B
:10DA1000036703FB0E770B9B09490A48F6180C9B1A
:10DA200047EB0307A2FB01C31CEB090C01FB0E3300
:10DA3000069943EB08030BE08390F5FF132C0A00D3
:10DA4000182D070067FB090053C6F0FFD11502002F
:10DA5000A2FB0059DDF8348003936D1800FB0E998A
:10DA6000C2F1000A04FB0EA149EB0809A2FB04481D
:10DA700088441199E74B6418129948EB0108A2FBFE
:10DA8000030103FB0E11049BC0180F9B41EB030124
:10DA9000E14B03FB0EAAA2FB03E25244DDF84CA0CB
:10DAA000149B1EEB0A0E4FEA565A42EB03024AEA57
:10DAB000C72A039B1AEB0C0AC6F3140643EB675301
:10DAC00009964FEA5A5646EAC326761949EB63533C
:10DAD000750D45EAC3252D1948EB63536C0D44EAD7
:10DAE000C324241841EB6351600D40EAC12010EBC0
:10DAF0000E0042EB6153C4F3140C059ACDF820C01C
:10DB0000440DDDF838C044EAC324A4184CEB635339
:10DB1000C0F3140CCDF81CC0600D169ADDF85CC083
:10DB200040EAC32080184CEB6353159AC4F3140CDD
:10DB3000410DCDF818C041EAC321DDF828C089188D
:10DB40004CEB6353019AC0F3140C480DCDF814C08C
:10DB500040EAC320DDF808C080184CEB6353189AE4
:10DB6000C1F3140C410DCDF810C041EAC321DDF81A
:10DB700064C089184CEB63534A0DC0F3140C1A9817
:10DB8000CDF80CC042EAC322DDF86CC012184CEB91
:10DB90006353C1F3140CCDF808C0510DC2F3140C3B
:10DBA0009E4ACDF804C041EAC321A1FB024C5B159B
:10DBB00002FB03CC099AA418994AA1FB02E002FBDC
:10DBC0000300984ACAF314074CF1000C1EEB070E31
:10DBD000A1FB027802FB0388934AC1F10009C6F356
:10DBE000140602FB039AC5F3140540F10000BF19A7
:10DBF000A1FB022648F1000852190992854A4AEB16
:10DC0000060AA1FB026502FB0355089AB618824A70
:10DC100002FB0399A1FB0213079A45F1000589183D
:10DC200049EB03034FEA545949EACC2919EB0E0991
:10DC300040EB6C504FEA595C4CEAC02C1CEB070CD3
:10DC4000099A48EB60504FEA5C5E4EEAC02E1EEB2C
:10DC5000020E4AEB60504FEA5E5242EAC022961929
:10DC600045EB6055720D42EAC522521843EB6553ED
:10DC700006990598550D45EAC3256D184FEA63537B
:10DC800043F10003690D41EAC32109184FEA6353C8
:10DC9000049843F100034FEA515A4AEAC32A1AEBA7
:10DCA000000A4FEA635343F100034FEA5A504FEA28
:10DCB000635840EAC320039BC018C9F3140748F116
:10DCC00000034FEA5059DDF8088049EAC32919EBEF
:10DCD00008094FEA635343F100034FEA595848EAF1
:10DCE000C328019BC4F3140418EB0308C9F31403FD
:10DCF0004FEA14298BF801904FEA47198BF800403E
:10DD000049EA14448BF80240FC08CCF3140C8BF85D
:10DD10000340FC0A8BF804404FEA8C0444EAD744E1
:10DD20008BF80540CEF3140E4FEA9C148BF8064096
:10DD30004FEACE1444EA9C348BF807404FEA5E0465
:10DD4000C6F314068BF808404FEA5E248BF80940AE
:10DD5000340144EA5E448BF80A403409C2F31402E9
:10DD60008BF80B40340B8BF80C40941844EA165493
:10DD7000C5F314058BF80D40D4098BF80E40AC01A7
:10DD800044EAD2328BF80F20AA08C1F314018BF8B1
:10DD90001020AA0A8BF81120CA0042EA9542CAF361
:10DDA000140A8BF812204A09C0F314008BF81320D0
:10DDB0004FEA1A228BF81620420142EA1A428BF8E7
:10DDC0001720C2088BF81820C20A8BF819209A0075
:10DDD00042EAD0424FEAC81949EA93398BF81A202F
:10DDE0009A094FEA5803490B8BF81D304FEA582324
:10DDF0004FEA58488BF814108BF815A08BF81B20AD
:10DE00008BF81C908BF81E308BF81F801DB0BDE87E
:10DE1000F08F00BFD11502008390F5FF132C0A008C
:10DE2000182D070067FB090053C6F0FF2DE9F04FDE
:10DE3000B9B09146019008469B460D46FEF7A7FFF4
:10DE4000C0F31408A81CFEF7ACFFC0F35416681DFD
:10DE5000FEF79DFFC0F39404E81DFEF7A2FFC0F398
:10DE6000D41305F10A000293FEF79BFFC0F31413CD
:10DE700005F10D000393FEF78AFFC0F3540305F18B
:10DE80000F000493FEF78DFFC0F3941305F1120009
:10DE90000593FEF77CFFC0F3D40305F1150006934C
:10DEA000FEF775FFC0F3140305F117000793FEF7A3
:10DEB00078FFC0F3541305F11A000893FEF767FFCB
:10DEC000C0F3940305F11C000993FEF76AFFCB0928
:10DED0004FEAD01A48464AEA416A1393FEF757FFC1
:10DEE000C0F3140709F10200FEF75BFFC0F35415FD
:10DEF00009F10500FEF74BFFC0F3940309F1070099
:10DF00000A93FEF74EFFC0F3D41309F10A000B93F6
:10DF1000FEF747FFC0F3141309F10D000C93FEF751
:10DF200036FFC0F3540309F10F000D93FEF739FFDC
:10DF3000C0F3941309F112000E93FEF728FFC0F30B
:10DF4000D40309F115000F93FEF721FFC0F314036A
:10DF500009F117001093FEF724FFC0F3541309F1E1
:10DF60001A001193FEF713FFC0F3940309F11C008C
:10DF70001293FEF716FFCB094FEAD019584649EA2B
:10DF800041691493FEF703FF15900BF10200FEF7B1
:10DF900008FF18900BF10500FEF7F9FE17900BF142
:10DFA0000700FEF7FEFE19900BF10A00FEF7F9FEDE
:10DFB0001A900BF10D00FEF7EAFE1B900BF10F001B
:10DFC000FEF7EFFE1C900BF11200FEF7E0FE1D9035
:10DFD0000BF11500FEF7DBFE1E900BF11700FEF7AC
:10DFE000E0FE1F900BF11A00FEF7D1FE20900BF11E
:10DFF0001C00FEF7D6FE159A8C468646C2F3140224
:10E00000A8FB07108B18159340F100031693189B7B
:10E01000A8FB0512C3F354135B18A6FB071042F1CB
:10E0200000025B18239342EB00032493179BC3F376
:10E0300094010A9BA8FB03238818A6FB051243F151
:10E040000003401843EB0203A4FB0721821843EBB3
:10E0500001031893199B1792C3F3D4110B9BA8FBD0
:10E06000032388180A9AA6FB021243F10003401802
:10E0700043EB0203A4FB0512401843EB0203029A90
:10E08000A2FB0721821843EB0103259226930C9AE9
:10E090001A9BA8FB0212C3F314135B180B99A6FB7F
:10E0A000010142F100021B1842EB01020A99A4FB94
:10E0B00001011B1842EB01020299A1FB05011B188B
:10E0C00042EB01020399A1FB071013EB010B42EB9A
:10E0D000000319930D9A1B9BA8FB0212C3F3540370
:10E0E0005B180C99A6FB010142F100021B1842EBE0
:10E0F00001020B99A4FB01011B1842EB01020299DA
:10E100000A98A1FB00011B1842EB01020399A1FB35
:10E1100005011B1842EB01020499A1FB07105B18D3
:10E12000279342EB000328930E9A1C9BA8FB021234
:10E13000C3F394135B180D99A6FB010142F1000291
:10E140001B1842EB01020C99A4FB01011B1842EBC6
:10E1500001020B980299A1FB00011B1842EB01027E
:10E160000A980399A1FB00011B1842EB01020499D4
:10E17000A1FB05011B1842EB01020599A1FB071049
:10E180005B181A9342EB00031B930F9A1D9BA8FB8D
:10E190000212C3F3D4035B180E99A6FB010142F1EE
:10E1A00000021B1842EB01020D99A4FB01011B1890
:10E1B00042EB01020C980299A1FB00011B1842EBF3
:10E1C00001020B980399A1FB00011B1842EB01020D
:10E1D0000A980499A1FB00011B1842EB0102059962
:10E1E000A1FB05011B1842EB01020699A1FB0710D8
:10E1F0005B18299342EB00032A93109B1E99A8FBFE
:10E200000332C1F314015B180F99A6FB010142F11F
:10E2100000021B1842EB01020E99A4FB01011B181E
:10E2200042EB01020D980299A1FB00011B1842EB81
:10E2300001020C980399A1FB00011B1842EB01029B
:10E240000B980499A1FB00011B1842EB01020A98EC
:10E250000599A1FB00011B1842EB01020699A1FBE5
:10E2600005011B1842EB01020799A1FB07105B187F
:10E270001C9342EB00031D93119A1F9BA8FB0212F3
:10E28000C3F354135B181099A6FB010142F100027D
:10E290001B1842EB01020F99A4FB01011B1842EB72
:10E2A00001020E980299A1FB00011B1842EB01022A
:10E2B0000D980399A1FB00011B1842EB01020C9879
:10E2C0000499A1FB00011B1842EB01020B98059970
:10E2D000A1FB00011B1842EB01020A980699A1FB61
:10E2E00000011B1842EB01020799A1FB05011B1855
:10E2F00042EB01020899A1FB07105B182B9342EB3C
:10E3000000032C93129A209BA8FB0212C3F39403E0
:10E310005B181199A6FB010142F100021B1842EBA8
:10E3200001021099A4FB01011B1842EB01020F9896
:10E330000299A1FB00011B1842EB01020E98039900
:10E34000A1FB00011B1842EB01020D980499A1FBEF
:10E3500000011B1842EB01020C980599A1FB00017A
:10E360001B1842EB01020B980699A1FB00011B1838
:10E3700042EB01020A980799A1FB00011B1842EB2E
:10E3800001020899A1FB05011B1842EB0102099942
:10E39000A1FB07105B181E93149942EB00034FEA90
:10E3A000DE1E1F934EEA4C6EA8FB092308FB0133C7
:10E3B00012EB0E0E43EBDC12129BA6FB03311EEB9D
:10E3C000030342EB01021199A4FB01011B1842EB6C
:10E3D000010210980299A1FB00011B1842EB0102F7
:10E3E0000F980399A1FB00011B1842EB01020E9844
:10E3F0000499A1FB00011B1842EB01020D9805993D
:10E40000A1FB00011B1842EB010206990C98DDF8F4
:10E410004CC0A1FB00011B1842EB01020B980799AD
:10E42000A1FB00011B1842EB01020A980899A1FB0D
:10E4300000011B1842EB01020999A1FB05011B1801
:10E4400042EB0102AAFB07011B1807FB0C1141EB71
:10E45000020C14992D93A6FB093206FB0122129996
:10E46000139EA4FB01011B1842EB010211980299B3
:10E47000A1FB00011B1842EB010210980399A1FBBC
:10E4800000011B1842EB01020F980499A1FB000147
:10E490001B1842EB01020E980599A1FB00011B1805
:10E4A00042EB01020D980699A1FB00011B1842EBFB
:10E4B00001020C980799A1FB00011B1842EB010215
:10E4C0000B980899A1FB00011B1842EB0102DDE942
:10E4D0000910A1FB00011B1842EB0102AAFB050178
:10E4E00005FB06111B18209341EB0203149921939D
:10E4F000A4FB093204FB0122029912980A9DA1FB98
:10E5000000011B1842EB010211980399A1FB0001C5
:10E510001B1842EB010210980499A1FB00011B1883
:10E5200042EB01020F980599A1FB00011B1842EB79
:10E5300001020E980699A1FB00011B1842EB010293
:10E540000D980799A1FB00011B1842EB01020C98E2
:10E550000899A1FB00011B1842EB01020B980999D5
:10E56000A1FB00011B1842EB01020A99AAFB010161
:10E5700005FB06111B182E9341EB02032F93029B00
:10E5800014990298A3FB093200FB01220399129807
:10E59000A1FB00011B1842EB010211980499A1FB99
:10E5A00000011B1842EB010210980599A1FB000124
:10E5B0001B1842EB01020F980699A1FB00011B18E2
:10E5C00042EB01020E980799A1FB00011B1842EBD8
:10E5D000010208990D980B9DA1FB00011B1842EB4D
:10E5E00001020C980999A1FB00011B1842EB0102E2
:10E5F0000B99AAFB010105FB06111B18029341EBC5
:10E6000002030A93039B149903980C9DA3FB093200
:10E6100000FB012204991298A1FB00011B1842EB98
:10E62000010211980599A1FB00011B1842EB0102A0
:10E6300010980699A1FB00011B1842EB01020F98EC
:10E640000799A1FB00011B1842EB01020E980899E3
:10E65000A1FB00011B1842EB01020D980999A1FBD7
:10E6600000011B1842EB01020C99AAFB010105FBFA
:10E6700006111B18309341EB02033193049B14994C
:10E680000498A3FB093200FB012205991298A1FB13
:10E6900000011B1842EB0102069911980D9DA1FB88
:10E6A00000011B1842EB010210980799A1FB000121
:10E6B0001B1842EB01020F980899A1FB00011B18DF
:10E6C00042EB01020E980999A1FB00011B1842EBD5
:10E6D00001020D99AAFB010105FB06111B1803930A
:10E6E00041EB02030493059B149905980E9DA3FB2F
:10E6F000093200FB012206991298A1FB00011B18A8
:10E7000042EB010211980799A1FB00011B1842EB93
:10E71000010210980899A1FB00011B1842EB0102AD
:10E720000F980999A1FB00011B1842EB01020E99F9
:10E73000AAFB010105FB06111B18329341EB0203F2
:10E740003393069B14990698A3FB093200FB012220
:10E7500007991298A1FB00011B1842EB01020899CE
:10E7600011980F9DA1FB00011B1842EB01021098AC
:10E770000999A1FB00011B1842EB01020F99AAFBAA
:10E78000010105FB06111B18059341EB02030693DB
:10E79000079B149A0798109DA3FB091300FB0233F3
:10E7A000089A1298A2FB0002091843EB0203119881
:10E7B000099AA2FB0002091843EB0203109AAAFB74
:10E7C0000202091805FB062242EB03033593089B5E
:10E7D000089834911499A3FB092300FB013309998C
:10E7E0001298A1FB0001121843EB01033446119962
:10E7F0002046119CAAFB0116521804FB006646EB4A
:10E800000306099B099CA3FB0901149BDDE9127512
:10E8100004FB0311129BAAFB0343001907FB0533FA
:10E8200041EB030336903793149B16980AFB03F3CE
:10E83000AAFB097E09FB053303EB0E012291159912
:10E84000239D11F5801140F100004C0D44EAC024D5
:10E8500064190794249C4FEA515144EB6059159C6C
:10E860004905611A23911699259C61EB00011691C7
:10E870001799189811F5801140F10005480D40EAEC
:10E88000C5200019269C4FEA515144EB6558179C4E
:10E890004905611A17911899279C61EB0501189198
:10E8A00019991BF5801541F1000A690D41EACA2149
:10E8B0000919289C4FEA555544EB6A546D05089494
:10E8C000BBEB05042494199C64EB0A0419941A9C6C
:10E8D00014F580151B9C4FEA555B44F1000A299CF6
:10E8E0004BEACA2B1BEB040409942A9C44EB6A54A0
:10E8F0000B946D0D1A9C6D05641B1A941B9C64EBA4
:10E900000A041B941C9C14F580151D9C4FEA555A53
:10E9100044F1000B2B9C4AEACB2A1AEB04040C941A
:10E920002C9C44EB6B540D946D0D1C9C6D05641B6D
:10E930001C941D9C64EB0B041D941E9C14F5801507
:10E940001F9C4FEA555A44F1000B2D9C4AEACB2AF2
:10E950001AEB04040E944FEA55551E9C4FEA455598
:10E960004CEB6B5C641B1E941F9C64EB0B041F94AC
:10E97000209C14F58015219C4FEA555A44F1000B58
:10E980002E9C4AEACB2A1AEB04040F942F9C44EBEA
:10E990006B5410946D0D209C6D05641B2094219C7C
:10E9A00064EB0B042194029C14F580150A9C4FEA39
:10E9B000555A44F1000B309C4AEACB2A1AEB040466
:10E9C0001194319C44EB6B5412946D0D029C6D05B7
:10E9D000641B02940A9C64EB0B042594039C14F5BD
:10E9E0008015049C4FEA555A44F1000B329C4AEAC8
:10E9F000CB2A1AEB04040A94339C44EB6B54139413
:10EA00006D0D039C6D05641B0394049C64EB0B0467
:10EA10002694059C14F58015069C4FEA555A44F13E
:10EA2000000B349C4AEACB2A1AEB04040494359C6C
:10EA300044EB6B5414946D0D059C6D05641B05949B
:10EA4000069C64EB0B0412F5801546F1000B06944E
:10EA50004FEA555A369C4AEACB2A1AEB040A4FEA87
:10EA60005555379C4FEA455544EB6B54521B159452
:10EA700066EB0B06279217F580124FEA525B4FEABE
:10EA800052524FEA425243EB0E03BF1A229A179C8E
:10EA90004BEAC32B4FEA635E62EB03032293079BAF
:10EAA00013F5801349F100055A0D42EAC5221219E7
:10EAB0001792189A42EB655218925B0D079A5B0504
:10EAC000D31A289369EB0503299310F5801348F1B5
:10EAD0000004249D5A0D42EAC422521924924FEA9E
:10EAE0005353199A4FEA435342EB6452C31A199293
:10EAF0002A93089A68EB04032B9311F5801342F1D3
:10EB000000001A9C5A0D42EAC02212191A924FEACA
:10EB100053531B9A4FEA435342EB6052CB1A2C9348
:10EB2000089B1B9263EB00032D93099B0B9A1C9887
:10EB300013F5801342F100015A0D42EAC122121866
:10EB40001C921D9A42EB61521D925B0D099A5B0566
:10EB5000D31A2E930B9B0D9A1E9863EB01032F93F0
:10EB60000C9B13F5801342F100015A0D42EAC122B9
:10EB700012180B921F9A209842EB61521E925B0D65
:10EB80000C9A5B05D31A0C930D9B63EB01030D9359
:10EB90000E9B13F580124CF10003510D41EAC32185
:10EBA00011EB00092199029841EB63510891520D34
:10EBB0000E9952058A1A6CEB030C0F9B099213F500
:10EBC0008012109B4FEA525143F1000341EAC321E6
:10EBD00009180E912599039841EB63511F91520D2D
:10EBE0000F9952058A1A0F92109A62EB0303109341
:10EBF000119B13F58012129B4FEA525143F100030F
:10EC000041EAC321091820912699059841EB6351E7
:10EC10002191520D119952058A1A1192129A62EBA2
:10EC2000030312930A9B139A13F5801342F1000217
:10EC3000590D41EAC221091802910699279841EB22
:10EC4000625105915B0D0A995B05CB1A2593139BC5
:10EC500063EB02031393049B13F58011149B4FEA9B
:10EC6000515243F1000342EAC3221218039246EBC9
:10EC700063520692490D049A099E4905521A04925C
:10EC8000149A62EB0303159A07931AF5801342F165
:10EC900000015C0D229A44EAC124E4194FEA53535F
:10ECA00042EB61585B05159ABAEB030362EB010175
:10ECB000D34AABFB0250AF1902FB0E00D14E40EB22
:10ECC0000C000A90DDF820C0ABFB065015EB0909DB
:10ECD00006FB0E0040EB0C0ADFF82CC30F9EABFBCB
:10ECE0000C50AD190F95109D0E9A0CFB0E0040EBC9
:10ECF00005001090C548CBF1000500FB0E5CABFB96
:10ED00000060B6181F9A0E96604440EB0202DFF8CE
:10ED100000C31492119AABFB0C60B2181192129AB4
:10ED2000BC4E0CFB0E0040EB02021292209A06FB36
:10ED30000E55ABFB060682180892219ADFF8C8B27E
:10ED4000354445EB02020992AD4A1E9DA4FB026EBA
:10ED500002FB08EE0B9AB6184EEB050EA94D0F9A62
:10ED6000A4FB050C05FB08CC0A9DC0194CEB050C57
:10ED7000A4FB0B7517EB09070BFB08550A97A34F6C
:10ED8000DDF840B045EB0A0A654207FB0859CDF8AB
:10ED90002CA0A4FB077ACA44DFF87492BF184AEB90
:10EDA0000B0A4A46A4FB09B902FB08990E9A1BEB11
:10EDB000020B149A49EB0209CDF83890DFF854920F
:10EDC000119A09FB0855A4FB0948A2180F92129A40
:10EDD0008C4C454445EB02021092894ADDF83480A0
:10EDE000A3FB025902FB01990C9AAD1849EB0809E3
:10EDF0002246A3FB0448A419834E02FB018848EB7A
:10EE00000E083246A3FB06E61EEB000E02FB01666F
:10EE100046EB0C067D480D965E4200FB016CCDF87A
:10EE200030E00A9AA3FB000EE644DDF82CC08018FF
:10EE30004EEB0C02DFF8D8C111926246A3FB0CEC3A
:10EE400002FB01CC7246D7194CEB0A0CDFF8C4A1C7
:10EE5000039A0AFB0166A3FB0A3113EB0B0E0E9B10
:10EE6000CDF828E00E4446EB03030B93644BDDF82A
:10EE700018E0DFF894B1A2FB036A03FB0EAA1C9B07
:10EE8000DDF874E05F4AF618039B4AEB0E0ADDF8E2
:10EE900018E0A3FB021302FB0E334D1943EB0909E3
:10EEA000039BA3FB0B130A190BFB0E3343EB080E5A
:10EEB000039B0E92CDF848E0039ADDF818E0534921
:10EEC0005B4201FB0E34A2FB01180C9ADDF834E022
:10EED0008918A0444E4A039C48EB0E08DDF818E060
:10EEE000A4FB02B402FB0E44119A1BEB000B44EB93
:10EEF000020E4848069C039A00FB0433A2FB002044
:10EF0000D219034443EB0C070C973D4B049F079821
:10EF10000692A7FB037203FB00222E9B0498394C38
:10EF2000FF182F9BDDF81CC042EB0302A0FB04304E
:10EF30009B1904FB0C00049EDFF8CCC00D9340EB42
:10EF40000A00DDF81CA00E9BA6FB0C6475190CFBD7
:10EF50000A4444EB0909049C2C4E1195654206FBBA
:10EF60000A5CCDF85090A146A4FB0646E418129B1B
:10EF7000DFF89CA0664446EB0306079BA9FB0A9CAE
:10EF80000AFB03CC19EB01034CEB0808CDF84880D1
:10EF90002049DDF81C800E9301FB0855DDF8108038
:10EFA000174BA8FB011C11EB0B08654445EB0E0E3B
:10EFB000CDF810E0DDF808E0CDF80C80DDF8148025
:10EFC000104DDDF814B0DFF840C0AEFB031E03FBAC
:10EFD00008EE1A9BDDF86C80C9184EEB080EDDF8C0
:10EFE00008800D9BA8FB058918EB0708029F05FB0D
:10EFF0000B9949EB0209A7FB0C27D2180CE000BFC4
:10F00000132C0A00182D070067FB090053C6F0FFF8
:10F01000D11502008390F5FF0CFB0B77DDF808B0EB
:10F02000029D059B47EB0007DF48CBF1000B00FB7F
:10F0300003B3A5FB00C01844119B1CEB030C149BED
:10F0400040EB030307935046A5FB0A35DDF814A0F7
:10F050001B1900FB0A5545EB0605D44E06FB0ABBFF
:10F06000DDF808A00E98AAFB0664361812985C44D6
:10F0700044EB0004029411F580144EF1000B4FEAAA
:10F08000545A4AEACB2A640D1AEB08084FEA445452
:10F0900049EB6B59091B0D916EEB0B010E9112F5AB
:10F0A000801147F100044FEA515E0798DDF80CB07B
:10F0B0004EEAC42E490D1EEB0C0C4FEA415140EBB9
:10F0C0006450511A059167EB0401079113F5801103
:10F0D00045F100044A0D029F42EAC422490D9219EB
:10F0E0004FEA415147EB645E591A119165EB0401F7
:10F0F00012910399069D0C9F0F9E11F580130499A0
:10F1000041F10004590D41EAC4215B0D49194FEA50
:10F11000435347EB6457BBEB030BCDF80CB0DDF862
:10F1200010B06BEB040BCDF810B0DDF828B01BF578
:10F130008014DDF82CB04FEA54534BF1000543EA3C
:10F14000C523DDF840B09B194BEB655BCDF830B0C3
:10F15000640DDDF828B0259E6405BBEB040BCDF8EB
:10F1600028B0DDF82CB06BEB050BCDF82CB0DDF83A
:10F1700020B01BF58015DDF824B04FEA55544BF153
:10F18000000A44EACA24A4190294DDF84CB0059C94
:10F190004BEB6A566D0DDDF820B06D05BBEB050B32
:10F1A000CDF83CB0DDF824B06BEB0A0B18F58015F8
:10F1B000CDF824B04FEA555A49F1000B4AEACB2A60
:10F1C0001AEB040ACDF840A0DDF81CA0119C4FEA10
:10F1D00055554AEB6B5A6D05CDF84CA0B8EB050AB6
:10F1E00069EB0B0B1CF5801540F100094FEA5558EF
:10F1F00048EAC92818EB0408CDF84480DDF84880B7
:10F20000039C4FEA555548EB69586D05CDF8488089
:10F21000BCEB0508CDF8508060EB090812F58010B2
:10F220004EF1000C450DCDF8548045EACC25DDF8B3
:10F2300010802D194FEA505048EB6C584005CDF81E
:10F240001880B2EB00080395CDF868806EEB0C08CF
:10F2500011F5801547F100000A9CCDF86C806A0D0D
:10F26000DDF82C8042EAC0226D0D12194FEA455597
:10F2700048EB6058491B059167EB000108910C9918
:10F280000F9CCDF81C8013F5801741F10000790D1B
:10F29000DDF82480049241EAC0217F0D09194FEA6C
:10F2A000475748EB6055DB1B0C9F414A029C67EBBC
:10F2B00000002C9FDDF83890A4FB02C81CEB070C63
:10F2C0002D9F3C4C02FB068848EB0708029FA7FBDA
:10F2D000047E04FB06EE0D9C3F194EEB090ECDF8A3
:10F2E00028E0DDF80890DFF8D0E07446A9FB0E9E18
:10F2F00019EB0A0904FB06EE029CDFF8ACA0CDF87E
:10F300002C904EEB0B0ECDF830E0C4F1000E0AFB52
:10F3100006E9A4FB0AABD944DDF840B01AEB0B0BAD
:10F32000DDF84CA049EB0A09CDF83490DDF808A0CF
:10F33000DFF888904C46AAFB09A904FB0699149CA7
:10F340001AEB040A159C49EB0409184C04FB06EE61
:10F350002646029CA4FB0646B644119EA419129EA2
:10F3600002944EEB06060996A1FB026402FB0544DB
:10F37000249AB618199A44EB02020E4C0E922246B9
:10F38000A1FB044E14EB0C0402FB05EE4EEB080E41
:10F39000DFF82480CDF83CE0A1FB08EC1EEB07076A
:10F3A00010970A9F0CE000BF53C6F0FF8390F5FF53
:10F3B000132C0A00182D070067FB0900D115020065
:10F3C000DFF850E308FB05CC4CEB07070A974F42E8
:10F3D0000EFB057CA1FB0EE8C444DDF82C801EEB7F
:10F3E0000808DDF830E04CEB0E0EDFF82CC3CDF84A
:10F3F0002CE06246A1FB0CEC1EEB0B0BDDF834E0BD
:10F4000002FB05CC4CEB0E0CCDF830C0DFF80CC382
:10F41000C34A0CFB0577A1FB0C152F4411EB0A0521
:10F420000D9547EB0905A3FB027C02FB00CC2A9A51
:10F43000BC4911952B9DDFF8F092DFF8D8A2BF18D8
:10F440004CEB050CA3FB015EAD190E9E01FB00EE1B
:10F450004EEB060EA3FB096132190E920F9A09FBBF
:10F46000001141EB02025C420AFB00460F92A3FB33
:10F470000A19109AB1440A9E891849EB0602A64E51
:10F4800010923246A3FB06A61AEB0808DFF88CA2FE
:10F49000914602FB00660B9A0AFB0044A3FB0A306C
:10F4A00046EB020613EB0B030A930C9B9C4ADFF816
:10F4B00074B2044444EB03030B93049BA3FB024A82
:10F4C000079B02FB03AA179B079AE418189B4AEBB9
:10F4D000030A049BA3FB0B300BFB0200DB1940EB80
:10F4E0000C07049A90488346A2FB00C0079A1CEBC5
:10F4F00005050BFB02000C95049A40EB0E051295D6
:10F500008448079DC2F1000C00FB05CEA2FB00055C
:10F510000E9A80180F9A754445EB0205CE464A466E
:10F52000DDF81090A9FB0EEBDDF81C9002FB09BB87
:10F53000109A1EEB010E4BEB02097849DDF81CB066
:10F54000049A01FB0BCCA2FB01218C4412EB0801B5
:10F550004CEB0606724A0E96059E0791A6FB02C169
:10F56000089EDFF8C081DDF820B002FB0611289E5E
:10F57000299A1CEB060C059E41EB0201A6FB08260E
:10F5800008FB0B66121946EB0A04059EDFF898A1EA
:10F590000F92A6FB0A860AFB0B6618EB0303109377
:10F5A00046EB07031393059B059E0C9A5F42594B4C
:10F5B00003FB0B78A6FB03369B18129ADFF858B1B1
:10F5C0000C934644DDF8148046EB0206089AA8FB2B
:10F5D0000BA80BFB02881AEB000248EB05051495FB
:10F5E0004E48089D129200FB0577059D4C4AA5FBED
:10F5F00000052F4410EB0E05049547EB0905059512
:10F60000039D484FA5FB0209069D02FB0599239A1D
:10F61000169D801849EB0509039DDDF818E0DDF81B
:10F6200018800F9AA5FB07A51AEB0C0A07FB0E55CD
:10F63000DFF8F4C0DDF80CE045EB0105AEFB0C1E75
:10F640000CFB08EEDDF80C8089184EEB040EC8F1B7
:10F65000000C304CDDF8188004FB08C2DDF80C808B
:10F660005B46A8FB0484DDF840B01444139A18EB01
:10F670000B0844EB0204039A9B46A2FB0327069B5C
:10F680000BFB03770C9BD21847EB0607069B234E18
:10F6900006FB03CC039BA3FB06636344DDF848C071
:10F6A00016EB0C0C149E43EB060310F58016039327
:10F6B00049F1000B730D43EACB23760D13EB0A03DC
:10F6C0004FEA465645EB6B55B0EB060A69EB0B0962
:10F6D00011F580104EF10006CDF820904FEA5059F8
:10F6E00049EAC629400D19EB08084FEA405044EB9F
:10F6F0006654B1EB00096EEB060E12F5801147F16E
:10F7000000004E0DCDF83CE046EAC026DDF80CE0E6
:10F710000CE000BF53C6F0FFD11502008390F5FF47
:10F72000132C0A00182D070067FB0900CDF8309054
:10F73000490D16EB0C064FEA41514EEB6059B2EB06
:10F74000010ECDF840E067EB000ECDF848E0DDF8A3
:10F7500010E0079FCDF818A01EF58012DDF814E028
:10F760004FEA52504EF1000140EAC120DDF838E086
:10F77000C0194EEB615A520DDDF810E003905205AE
:10F78000BEEB020ECDF81CE0DDF814E06EEB010ECE
:10F79000CDF814E0DDF828E00D981EF58012DDF8B4
:10F7A0002CE04FEA52514EF1000741EAC721DDF843
:10F7B00044E009184EEB675ECDF810E0520DDDF81D
:10F7C00028E01A985205BEEB020ECDF828E0DDF8CD
:10F7D0002CE06EEB070ECDF82CE0DDF808E01EF50E
:10F7E0008017DDF824E04FEA57524EF1000C42EA50
:10F7F000CC221218DDF86CE002984FEA57574FEA16
:10F8000047574EEB6C5EC01B0290099860EB0C00F2
:10F8100013F5801745F1000B09904FEA575C0C98DF
:10F820004CEACB2C1CEB00000C904FEA57570F987A
:10F830004FEA475740EB6B50DB1B65EB0B0B0E930E
:10F8400018F5801344F100070D905D0D109845EAFE
:10F85000C7252818129D0F904FEA535345EB675563
:10F860005B051095B8EB0305119564EB070516F5DC
:10F870008013079812954FEA535449F10005DDF8BB
:10F88000148044EAC52420184FEA535348EB6558C6
:10F890005B05CDF81480B6EB03080790CDF84C80DB
:10F8A000039B0A98DDF82C8069EB050513F580139E
:10F8B00014954FEA53544AF1000544EAC524201830
:10F8C00015904FEA5353039848EB65585B05CDF804
:10F8D0002C80B0EB03086AEB05051695049DCDF866
:10F8E0000C8011F5801345F10004580D029D40EA8B
:10F8F000C4204019099D02904FEA535345EB6455CB
:10F900005B051795CD1A1895049D65EB040512F556
:10F9100080114FEA51534FEA51514FEA41514EF194
:10F9200000000495551AE44AE449199543EAC023B6
:10F930004FEA6058A3FB026702FB0877069AE04C87
:10F940006EEB0005B618089ADE481A9547EB0207D9
:10F950000E9DDDF834E0A3FB01C201FB08220C99E7
:10F960001CEB050CA3FB005942EB0B0200FB0899B2
:10F970006D18C3F1000A04FB08A149EB0E09A3FBB3
:10F98000044E8E441199DFF840B306926418129920
:10F990000F9A4EEB010EA3FB0B018018109A0BFB84
:10F9A000081141EB0201C94A02FB08AAA3FB02832A
:10F9B0005344DDF84CA0149A18EB0A084FEA565A43
:10F9C00043EB02034AEAC72A069A1AEB0C0AC6F36B
:10F9D00014060A9642EB67524FEA5A5646EAC22686
:10F9E000761949EB6252750D45EAC2252D194EEB89
:10F9F00062526C0D44EAC2242018C5F3140541EB91
:10FA000062510995450D45EAC12515EB080543EB03
:10FA10006152C0F3140C079BCDF820C06C0DDDF8CB
:10FA200014C044EAC224E4184CEB6252039B600DFC
:10FA3000C5F3140B40EAC220169DC01845EB625274
:10FA4000159BC4F31405410D079541EAC2210B9D96
:10FA5000C91845EB6252189BC0F31405480D069572
:10FA600040EAC220049DC01845EB6252029BC1F3DC
:10FA70001405410D059541EAC221179DC91845EBB2
:10FA800062524B0DC0F314051998049543EAC22342
:10FA90001A9D1B1845EB6252C1F314050395580DCE
:10FAA000C3F31405844B029540EAC220A0FB034C2B
:10FAB000521503FB02CC0A9BE418804BCAF31407CF
:10FAC000A0FB03E14CF1000C03FB02111EEB070E3F
:10FAD00041F100030A937B4B0999A0FB037903FBD7
:10FAE0000299774B4542C6F31406BF1903FB025A2D
:10FAF000A0FB033649F100095B1873494AEB060A7B
:10FB0000A0FB016801FB0288089976186F4901FB88
:10FB10000255A0FB010248F1000810EB0B0045EB79
:10FB20000205620D0A9942EACC2212EB0E0241EB69
:10FB30006C514FEA525C4CEAC12C1CEB070C49EBB0
:10FB400061514FEA5C5747EAC127FF184AEB615100
:10FB50007B0D43EAC1239B1948EB61515E0D46EAD8
:10FB6000C126361845EB6151700D079DDDF81480F4
:10FB7000DDF81090DDF80CA040EAC12040194FEAF2
:10FB8000615141F10001450D4FEA615E45EAC12531
:10FB900006996D184EF100014FEA555E4EEAC12EEE
:10FBA0001EEB08084FEA615141F100014FEA585E2F
:10FBB0004EEAC12E1EEB09094FEA615141F10001E5
:10FBC0004FEA595E4EEAC12E1EEB0A0A4FEA615116
:10FBD000C9F3140E41F100014FEA5A5949EAC1290B
:10FBE000029919EB01090199C4F314040C70DDF8B2
:10FBF00004B0C2F31402210A8BF80110510141EA4A
:10FC000014418BF80210D108CCF3140C8BF80310BC
:10FC1000D10A8BF804104FEA8C0141EAD242C7F3B3
:10FC200014078BF805204FEA9C128BF80620FA0186
:10FC300042EA9C328BF807207A08C3F314038BF84E
:10FC400008207A0A8BF809201A0142EA57428BF8F9
:10FC50000A201A09C6F314068BF80B201A0B8BF82E
:10FC60000C20B21942EA1353C0F314008BF80D3084
:10FC7000F3098BF80E30830143EAD6338BF80F304B
:10FC80008308C5F314058BF81030830A8BF8113004
:10FC9000EB0043EA9043C8F314088BF812306B0969
:10FCA0008BF813304FEA18238BF816304FEA4E13B7
:10FCB00043EA18430CE000BF132C0A00182D07007C
:10FCC00053C6F0FF67FB0900D11502008390F5FFD2
:10FCD0008BF817304FEADE03CAF3140A8BF818309A
:10FCE0004FEADE238BF819304FEA8A0343EADE43FA
:10FCF0008BF81A304FEA9A138BF81B304FEAC91E63
:10FD00004FEA59036D0B4EEA9A3E8BF81D304FEACD
:10FD100059234FEA59498BF814508BF815808BF80A
:10FD20001CE08BF81E308BF81F9039B0BDE8F08FC7
:10FD3000B0F85431B0F85021981A00F03F007047E5
:10FD4000B0F85431B0F850219BB293421ABFD0F8AA
:10FD50004831985C4FF0FF30704790F85231B0F85E
:10FD60005601C0B2834227BFC3F13F03C018C01A77
:10FD700000F1FF30704707B503688DF807105B6826
:10FD800001220DF10701984703B05DF804FB13B59C
:10FD90000DF107010446E7F72BFC90B9B4F8C03029
:10FDA000B4F8BC20013303F03F03934209D0B4F808
:10FDB000C020D4F8B4109DF8070092B28854A4F87B
:10FDC000C03002B010BD0000B0F8C220D0F8C4109E
:10FDD00011FA82F202F03F0210B5A0F8C220B0F88A
:10FDE000C210B0F8BE2089B28A421BD0B0F8C2401F
:10FDF000B0F8C210A4B24032121B544289B204F0CF
:10FE00003F0402F03F02C1F1400158BF62428A4202
:10FE100028BF0A46C0F8C4200349E7F725FC4FF085
:10FE2000FF3010BD0020FCE7C9FD010803682DE983
:10FE3000F0479B680446884616469847012323747A
:10FE4000D4F83831B4F8529101338246C9F14009EF
:10FE500004F1940708D194F85C312BB1002384F8A5
:10FE60005C313846E7F722FC236820469B689847B8
:10FE70000028F9D035464D4523D8554521D8B4F84A
:10FE80005221D4F84C015319402B10442FD82A4644
:10FE9000414604F0F6FDA946B4F852311D4405F080
:10FEA0003F05A4F852513846E7F72EFB30B9174901
:10FEB000C4F858914A463846E7F7D6FB3046BDE8C5
:10FEC000F087D145236828BFD1464A4641465B6842
:10FED00020469847236820469B689847A5EB09056C
:10FEE000C844B4F852918246C9F14009C3E7C2F14F
:10FEF00040094A46414604F0C4FDD4F84C01A5EB44
:10FF0000090208EB090104F0BCFDC5E7C9FD0108C1
:10FF1000C0F83C31009BC0F84031914208BF4FF01F
:10FF2000FF3100F11103C0E94D21C0F8483100F163
:10FF300051020023A0F85431C0E95323A0F85631F0
:10FF400070470000F7B54FF47A7317460022C0E9F6
:10FF500001231C4B03604FF0FF33C0F838311A4BBC
:10FF60001A4E04469C4270690D4605D1B369C4F827
:10FF70003831C4F834010AE01549E6F76DFF8542CF
:10FF800015D1B369C4F838317369C4F83431012F1D
:10FF90004FF0FF3308BFC4F8383100932046D4E94E
:10FFA0004D214FF0FF33FFF7B3FF03B0F0BD094918
:10FFB0002846E6F762FF0649C4F838012846E6F706
:10FFC0005CFFD6E7FC1103087C3700209C6C02081C
:10FFD0003C6A0208E8690208037C70B504460D46D5
:10FFE000A3B1E1F75BFA0646B4F85221B4F85631F2
:10FFF0009BB29A420AD0002DF8D0E1F74FFA801B4D
:020000040802F0
:100000008542F1D8B4F85631A4F8523170BD0021C0
:10001000FFF7E2BFD0F83831013310B504460ED1F6
:100020000368DB68984794F85C3143B9012384F88E
:100030005C3104F19400BDE81040E7F747BB10BD08
:1000400002F00703023BDBB2042B73B50546C0F890
:10005000601180F85D219CBF1548C45C02F030033C
:1000600088BF0024302B1BD101344FF4C063073C00
:10007000022C1CD8C2F3C002520300920D4A05F1B3
:10008000940652F824203046E7F708FA2846FFF78E
:10009000C1FF0949304602B0BDE87040E7F7C4BA75
:1000A00012F020031CBF01344FF48063DFE7FEE74A
:1000B000EC110308E01103088FFD010810B5044698
:1000C000FFF7A8FFB4F85421B4F8503192B29A4225
:1000D0001FBFD4F84821D05C013303F03F0314BFA5
:1000E000A4F850314FF0FF3010BD00000249034822
:1000F0000022FFF727BF00BF003801407C370020F7
:1001000070B505460C46084649B1E1F7C1F82B68C1
:100110000246214628465B68BDE87040184770BD1E
:1001200008B5FFF7EDFF08BD03681B68184700001E
:1001300008B50249FFF7E4FF08BD00BF201203081D
:1001400038B50546FFF7DCFF04462846FFF7F0FF09
:10015000204438BDFFF7F4BF70B50D46144630B1EA
:10016000461E012E05D811462846E7F7DFF920463E
:1001700070BD03685B689847F9E70EB403B503AA3E
:1001800052F8041B019204F0D9FA02B05DF804EBB6
:1001900003B0704730B58BB00023012A0C468DF8B0
:1001A000243098BF0A2209A92546B4FBF2F404FBC7
:1001B000125303F0FF03092B94BF30333733DBB204
:1001C000AA4201F8013DEFD9FFF79AFF0BB030BD0D
:1001D0002DE9F04107460E4614462AB90368BDE8EA
:1001E000F0411B68C9B218470A2A05D1002905DB6E
:1001F000BDE8F041FFF7CEBFD2B2F9E72D21FFF7FE
:1002000093FF2246054671423846FFF7C3FF284454
:10021000BDE8F08138B50546FFF7DAFF0446284609
:10022000FFF786FF204438BD10B5044600F022FCDD
:10023000E060236820465B699847002808DA00F0F0
:1002400019FCE368C01AA3689842F2D34FF0FF305C
:1002500010BDF8B507460D468E180C46B44201D1C4
:10026000601BF8BD3846FFF7DFFF031EF8DB04F81C
:10027000013BF3E72DE9F0410746884616461D4647
:1002800073B100243846FFF7CFFF031E05DB43455B
:1002900003D033550134A542F4D12046BDE8F081A6
:1002A0001C46FAE7114803681A0912F00C0F10B542
:1002B00019D10F4902F00F0251F822209AB141687A
:1002C0000C4C03F00F03002954F823300CD0C4BFAA
:1002D00001F1FF314160516901EA030023EA0103A2
:1002E00043EA0043936110BD9362FCE75C01002088
:1002F00008000020C46D02082DE9FF41364D1A2880
:100300002B680E4614461FD8344A52F8207043B961
:10031000B420E6F7A4F832498046E6F707F8C5F8B6
:100320000080781C1DD02F4B1A68511C01D0BA4296
:1003300017D1B6F5803F14D20EBB286888B104B03F
:10034000BDE8F041E5F7A4BD00F0C002C02A0BD023
:100350003BB9B420E6F783F821490446E5F7E6FF08
:100360002C6004B0BDE8F081C728F1D81E4A00F027
:100370003F0052F82010194A52F82170C7E7760062
:100380001F6034B374434FF47A72B4FBF2F401216A
:1003900038465C60E6F7BAFC286802223146E5F789
:1003A00063FF00230193114B0093114B03932868C3
:1003B000104B02936946E6F701F8029B1BB16946B0
:1003C000032208469847286804B0BDE8F041E5F7E5
:1003D0004CBE4FF0FF34DAE7E03800209C6C020896
:1003E000004401405C0100207C6C0208A502020868
:1003F000256A0008056A00081A2838B523D81B4B5F
:1004000053F820305A1C1DD0194D2A689A4219D130
:10041000184C2068B0B129B3E5F74CFF2868431C9D
:1004200005D00021E6F772FC4FF0FF332B60256802
:1004300035B12846E5F780FEB4212846E6F713F8E3
:100440000023236038BD00F0C003C02BFAD1C728B9
:10045000F8D8094B00F03F0053F82020034B53F825
:100460002230CFE7BDE83840E5F712BD9C6C0208AA
:100470005C010020E03800207C6C0208C3B21A2B1B
:1004800016D8144A52F8233000F4E06003431A09E6
:1004900012F00C0F1DD1104902F00F0251F822008A
:1004A000B8B103F00F030121994089B2E6F7C2BA4F
:1004B00000F0C002C02A0CD1C72B0AD8074B00F0AD
:1004C0003F0200F4E06053F82220024B53F8223040
:1004D000DCE770479C6C0208080000207C6C020876
:1004E000F0B5C3B21A2B85B00F46154628D8214A5D
:1004F00052F8233000F4E0641C43C4F30310E5F722
:10050000C1FF0646D0B1022D2ED0032D2FD0002DD5
:100510000CBF4FF404154FF4881539466846E5F7CB
:100520001AFF04F00F040121A14030462B466A4611
:1005300089B2E6F7F9FA6846E5F7A1FC05B0F0BD27
:1005400000F0C002C02A0CD1C72B0AD80A4B00F019
:100550003F0200F4E06453F82220064B53F82230A7
:10056000CAE74FF0FF34C8E74FF44415D5E74FF41E
:100570000415D2E79C6C02087C6C020808B102F0FA
:10058000B1BF704710B5044628B102F0D9FF90FB07
:10059000F4F303FB1404204610BD884210B5044652
:1005A00003DA081AFFF7EEFF0444204610BD704737
:1005B000F0B503468BB0084661B3911E222935D8A9
:1005C0000A2A06D1002B04DA5B42012701AD294635
:1005D0000DE00027FAE7B3FBF2F602FB1633092B16
:1005E000DCB21BD83033DBB201F8013B3346002BC1
:1005F000F1D1A94210D0034617B12D2203F8012BE7
:100600005C1E0A46AA420CD84A1B8D4288BF0022B3
:10061000002199540BB0F0BD1E46E3E704F15703E7
:10062000E1E712F8016D04F8016FEBE70020F1E754
:1006300008B50320E1F760FBBDE8084000F03ABAD6
:1006400008B5AFF30080EAF7EDFAEAF777FB00F0C0
:1006500023FAFAE70309024613F00C0010B50DD196
:10066000074BD1B253F8044B8C4203D102F4E06241
:10067000104310BD01301B28F4D1FAE71B20F8E726
:100680009C6C020810F0F80F10B5024618D11A48F9
:10069000D1B250F8211002F4E0630B43C9B21A2919
:1006A00019D903F0C004C02C01D1C7291CD9A2F16B
:1006B000C803022B94BF02F639704FF0FF3012E0EE
:1006C00000F0C003C02BF2D1C3B2C72BEFD80A4849
:1006D00002F03F01DDE7094850F8210003F4E06330
:1006E0001843431CE3D010BD03F03F0150F8210034
:1006F000024951F82000F1E77C6C02089C6C02086A
:100700000D488546E6F7DAFB0C480D490D4A0023F3
:1007100002E0D458C4500433C4188C42F9D30A4AB6
:100720000A4C002301E013600432A242FBD304F020
:1007300079F9FFF785FFFEE70000012000000020A7
:1007400050030020E816030850030020503B00200F
:10075000FEE791420FD008D9891A01238B409842B5
:1007600008D30130C8400138704720B10130521A17
:100770009040F8E700207047431E1F2B0ED80C282E
:100780000DDC06280DDD08280DDD0A28CCBF0C2362
:100790000A23064A1060064A13607047FEE70C23DE
:1007A000F7E70623F5E70823F3E700BF6801002019
:1007B0006401002010B5FFF765FF431C0AD0064C0A
:1007C0002168E5F715FF054B21681A68BDE8104060
:1007D000FFF7BFBF002010BD6401002068010020AA
:1007E000C3B21A2B2DE9F0410D462AD82C4A52F8F3
:1007F000233000F4E0641C43621C4ED0294EC4F345
:10080000031704F00F0856F8273023FA08F3DB0724
:1008100010D525492046E6F76AFA18B32046E5F7D1
:1008200097FE56F82730012202FA08F223EA020363
:1008300046F82730052D1FD8DFE805F01F2B2527A8
:10084000292D00F0C002C02A27D1C72B25D8174B6D
:1008500000F03F0200F4E06453F82220104B53F8FC
:100860002230C8E712492046E6F741FA0028D8D0DE
:100870002046E5F7B9FFD4E7FEE700212046BDE8B2
:10088000F041E6F743BA1021F8E72021F6E703210B
:10089000F4E70121F2E70921F0E7BDE8F08100BFAC
:1008A0009C6C0208E4380020F86B02087C6C02089B
:1008B000846A0208C3B21A2B1BD8174A52F8233095
:1008C00000F4E0601843431C25D0030913F00C0F1B
:1008D00004BF124A03F00F0300F00F0008BF52F8E4
:1008E00023300F4A18BF002352F8202091B19A619B
:1008F000704700F0C002C02A0DD1C72B0BD8094B9E
:1009000000F03F0200F4E06053F82220024B53F85D
:100910002230D7E79A6270479C6C020808000020DA
:10092000C46D02087C6C0208C3B21A2B1BD8194A8A
:1009300052F8233000F4E0601843431C24D003092C
:1009400013F00C0F22D103F00F03134A00F00F0035
:1009500052F82320114B126953F8203093430CBFF7
:1009600001200020704700F0C002C02A0CD1C72B24
:100970000AD80B4B00F03F0200F4E06053F822204D
:10098000044B53F82230D7E70020704700231B693F
:10099000FFDE00BF9C6C020808000020C46D020846
:1009A0007C6C02082DE9F843C3B21A2B0C4615469D
:1009B00010D82D4A52F8233000F4E06018430009A3
:1009C00003F00F03012610F00C0F06FA03F612D005
:1009D000002715E000F0C002C02A2BD1C72B29D870
:1009E000224B00F03F0200F4E06053F822201E4B3F
:1009F00053F82230E2E71E4B00F00F0053F820704E
:100A0000002C18BF344600F037F880463B6933406D
:100A1000A34212D03B693340A34217D100F02CF817
:100A200081463B693340A34217D000F025F8A0EB84
:100A3000090009E04FF40046CAE700F01DF8A0EBFA
:100A40000800A842E2D90020BDE8F88300F014F8BD
:100A5000A0EB0800A842DDD9F5E700F00DF8A0EB07
:100A60000800A842DDD9EEE79C6C02087C6C020805
:100A700008000020E5F70ABFE5F7E4BE38B50446F4
:100A800048B1E5F703FF0546FFF791FDE5F7FEFEE8
:100A9000431BA342F8D338BD08B5044B2BB104481F
:100AA000FFF746F908B1AFF3008008BD0000000071
:100AB0007C370020E5F794BF430803F05533C01A94
:100AC000830803F0333300F03330184400EB101088
:100AD00000F00F3000EB002000EB0040000E7047EC
:100AE0002DE9F047089D0C46002B4ED194468C45CD
:100AF0008646B2FA82F262D94AB1C2F1200391402D
:100B000020FA03F30CFA02FC194300FA02FE4FEA42
:100B10001C471FFA8CF6B1FBF7F44FEA1E4307FBA4
:100B2000141143EA014304FB06F199420AD91CEB74
:100B3000030304F1FF3080F01281994240F20F81EB
:100B4000023C6344591A1FFA8EF3B1FBF7F007FB1E
:100B5000101143EA014300FB06F69E420AD91CEB42
:100B6000030300F1FF3180F0FC809E4240F2F980E7
:100B7000634402389B1B40EA044000211DB1D3406E
:100B80000022C5E90032BDE8F0878B4205D90DB1DE
:100B9000C5E9000100210846F5E7B3FA83F1002911
:100BA00046D1A34202D39042C0F0F080861A64EB93
:100BB00003030120002DE6D0C5E90063E3E7002A26
:100BC00040F09080A1EB0C044FEA1C481FFA8CF710
:100BD0000121B4FBF8F64FEA1E4308FB164443EA32
:100BE000044307FB06F0984208D91CEB030306F107
:100BF000FF3402D2984200F2CD8026461C1A1FFA1A
:100C00008EF3B4FBF8F008FB104443EA044300FB06
:100C100007F79F4208D91CEB030300F1FF3402D20F
:100C20009F4200F2B0802046DB1B40EA0640A5E769
:100C3000C1F120068B4022FA06F71F4320FA06FC7A
:100C400004FA01F343EA0C03F44000FA01F8380C0B
:100C50004FEA1349B4FBF0FE1FFA87FC00FB1E4469
:100C600049EA04440EFB0CF9A14502FA01F20AD943
:100C70003C190EF1FF3A80F08480A14540F281805A
:100C8000AEF1020E3C44A4EB09041FFA83F9B4FB55
:100C9000F0F300FB134449EA044403FB0CFCA445B5
:100CA00007D93C1903F1FF3067D2A44565D9023B4F
:100CB0003C4443EA0E40A0FB0293A4EB0C049C428C
:100CC000CE469C4651D34ED055B1B8EB0E0364EBE3
:100CD0000C0404FA06F6CB401E43CC40C5E9006480
:100CE000002150E7C2F1200320FA03F10CFA02FCC4
:100CF00024FA03F394400C434FEA1C4800FA02FE26
:100D00001FFA8CF7B3FBF8F008FB1031230C43EA11
:100D1000014300FB07F1994208D91CEB030300F1E2
:100D2000FF362CD299422AD9023863445B1AA4B206
:100D3000B3FBF8F108FB113344EA034401FB07F36A
:100D4000A34208D91CEB040401F1FF3613D2A342DD
:100D500011D902396444E41A41EA004139E70446F2
:100D6000F0E6084606E7C845AED2B9EB020E63EBE3
:100D7000070C0138A8E73146EDE7034699E730460E
:100D8000D4E7D6467FE7634402384DE7064623465C
:100D900008460FE7023E634430E700BF08B502F0A3
:100DA000D5FA00002DE9F0411C46454B836701232D
:100DB0001646A0F87C300D4668220021DDF8188028
:100DC000074603F01EFDF3B21A2B28D83D4A52F80D
:100DD000233006F4E0661E43EBB21A2BBE6632D80F
:100DE000384A52F8233005F4E0651D43E3B21A2B6C
:100DF000FD663CD8334A52F8233004F4E0641C43C7
:100E00005FFA88F21A2A3C6745D82E4951F8222009
:100E100008F4E06313437B673846BDE8F08106F0D1
:100E2000C002C02A0CD1C72B0AD8274B06F03F02BC
:100E300006F4E06653F82220224B53F82230CAE72A
:100E40004FF0FF36C8E705F0C002C02A0CD1C72B0F
:100E50000AD81D4B05F03F0205F4E06553F8222047
:100E6000184B53F82230C0E74FF0FF35BEE704F0CF
:100E7000C002C02A0CD1C72B0AD8134B04F03F0282
:100E800004F4E06453F822200E4B53F82230B6E706
:100E90004FF0FF34B4E708F0C003C02B0CD1C72AD1
:100EA0000AD8094B08F03F0253F82210054A08F40B
:100EB000E06352F82120ADE74FF0FF33ABE700BF0E
:100EC00000093D009C6C02087C6C0208002210B4F2
:100ED000054910BC80F85D200123816780F87C30D3
:100EE00080F87D2000F078B800093D0017B46B460B
:100EF00083E80600816F009A9142044605D1B0F85C
:100F00007C10BDF8042091420ED000989B88A06709
:100F1000A4F87C3094F87C3094F87D20A16F2046B2
:100F200003B010BC00F058B803B010BC7047704755
:100F300000F08CB907B5002A8DF807100DF10701F4
:100F40004FF001030CBF0A46002200F0C1F99DF8E2
:100F5000070003B05DF804FB07B51B230093C22212
:100F6000C123C5210248FFF71DFF03B05DF804FB54
:100F7000F438002030B591FAA1F391FAA1F1B3FA57
:100F800083F3C4685B000325B1FA81F105FA03F32A
:100F9000490024EA03038A401A43C26030BD0000BE
:100FA000094A0346106873B1084A934201D1E3F736
:100FB00045B8074A934201D1E3F730B8054A934256
:100FC00001D1E3F719B8704740000020003001401C
:100FD00000380040000001582DE9F04F0E4685B062
:100FE00015461F460446002838D0626E8E4BC06EF0
:100FF0009A4236D08D49E5F72FFF8D498146A06E84
:10100000E5F72AFF8B498346206FE5F725FF8A49DC
:101010008046606FE5F720FF8246B9F1000F1DD0D2
:10102000BBF1000F1AD0B8F1000F17D0594648464F
:10103000E5F739FF514681464046E5F734FF014662
:1010400080464846E5F72FFF6066B9F1000F05D0EE
:10105000B8F1000F02D0002840F0A18005B0BDE833
:10106000F08F0130FAD1A36E0133F7D1236F013332
:10107000F4D1636F0133F1D14FF40073606EA3615B
:101080004FF4827320606360FFF78AFFB6EB500F66
:1010900080F08C80B6EB900F80F08A80B6EBD00F9A
:1010A00080F08880B6EB101F80F08680B6EB501F72
:1010B00080F08480B6EB901F80F08280B6EBD01F6A
:1010C0002CBF30233823E361002D7BD0022D7BD051
:1010D000013D18BF01256D000123C4E90453072316
:1010E000E3624FF4E0632268E360B7FA87F74E4BA0
:1010F0007F090026FF019A42C4E90876A660A6622D
:1011000066632CD04949E06EE5F78EFE4849A06E33
:10111000E5F78AFE206F4749E5F786FE2369B3426B
:10112000236F4FEA131114BF0122022211F00C0F9A
:1011300004BF424801F00F0103F00F0308BF50F84D
:1011400021003F4918BF3046022A51F8231018BF2A
:101150000122FFF70FFF3849606FE5F765FE23684E
:10116000384A934232D14FF0B0431A6E42F4805263
:101170001A661A6E02F480520192019A1A6C42F4B5
:1011800080521A641A6C22F480521A642046E3F7E3
:10119000E6F92268136843F0400313605EE7636F6B
:1011A00001333FF469AF4FF4802367E700238AE7F8
:1011B000082388E7102386E7182384E7202382E7A3
:1011C000282380E72B4688E7002386E71E4A9342C0
:1011D00013D14FF0B0439A6D42F480429A659A6DF4
:1011E00002F480420292029A9A6B42F480429A631D
:1011F0009A6B22F480429A63C8E70B4A9342C5D1A6
:101200004FF0B0435A6E42F001025A665A6E02F035
:1012100001020392039A5A6C42F001025A645A6C1A
:1012200022F001025A64B1E7000001587C6902080B
:101230004C69020804690208C86802080800002016
:10124000C46D0208003001400038004010B504466B
:1012500098B1E3F7F2F923681A4A93420ED14FF09E
:10126000B0431A6C42F480521A641A6C22F4805211
:101270001A641A6E22F480521A6610BD124A934202
:101280000ED14FF0B0439A6B42F480429A639A6B4E
:1012900022F480429A639A6D22F480429A65ECE7C8
:1012A0000A4A9342E9D14FF0B0435A6C42F001022E
:1012B0005A645A6C22F001025A645A6E22F00102FA
:1012C0005A66DAE70030014000380040000001585B
:1012D0002DE9F0410D4616461C4633B30768E0F78A
:1012E000DDF88046BB689907FCD5D5B115F8013B00
:1012F0003B73BB68DA07FCD53B7B0EB106F8013BBC
:10130000E0F7CCF8A0EB0800B0F57A7F04F1FF34E9
:1013100009D2002CE6D12046BB681B06FCD4BDE8F0
:10132000F081FF23E4E70120F6E70220F7E7D0F899
:1013300088301BB1D0F88C308030184770470000DF
:101340000148FFF7F4BF00BF7439002070B586B0C4
:10135000002302AC02930593C4E901338B68054670
:101360000E4633B1022220469847F3680593B368CE
:10137000049394E803006A4605F1800382E80300C1
:1013800093E8030084E8030092E8030083E8030085
:10139000049BD5F88820C5F88830059B0492204628
:1013A000D5F88C20C5F88C300592E4F768FD322022
:1013B000E0F72CFD322006B0BDE87040E0F7E0BC5D
:1013C00010B504463220E0F7E9FCD4F888303BB190
:1013D00004F180010322084698470023C4E9223320
:1013E00010BDD0F88800003818BF012070473220A7
:1013F000E0F7C6BC3220E0F7D1BC3220E0F706BDF2
:1014000008B53220E0F7F0FC003818BF012008BD15
:10141000054BD3F8902021B122F40042C3F890206C
:10142000704742F40042F9E700040058034BD3F838
:10143000900080F40040C0F3C030704700040058B2
:101440004FF0B043D3F8942021B142F40042C3F8E6
:101450009420704722F40042F9E74FF0B043D3F8EC
:101460009400C0F3C0307047024B5869C0F340008D
:10147000704700BF0004005813B5094C4FF0FF330C
:1014800000931A4619462046FFF78CFC054B63660D
:101490000023C4E92033C4E9223302B010BD00BFE9
:1014A000743900200000015808B50248E4F7E7FC51
:1014B00008BD00BFF4390020F8B504460D4600F021
:1014C0008BF9224606460F462B4620462946DFF773
:1014D0008DFA98B90022002320462946DFF77CFACE
:1014E00060B90022002320462946DFF74DFA40B1BB
:1014F00003F092FA084F2223036000263046394653
:10150000F8BD03F089FA034621221A600348BDE8BA
:10151000F84000F0CDB800BF0000F0FF241203082F
:101520002DE9F84314461D468046894600F020FB0D
:10153000224606460F462B4620462946DFF756FA36
:1015400078B90022002340464946DFF71DFAD8B19A
:101550000022002320462946DFF716FA28B1264F3D
:10156000002630463946BDE8F8832046294600F07B
:1015700099F80028F5D02046294600220023DFF7FD
:101580000DFA0028EDD02CE03046394600F08AF8FC
:10159000A0B10022002330463946DFF7F5F90028D4
:1015A000DFD04046494600F07DF80028D9D02046DB
:1015B000294600F077F80028D3D012E0404649468B
:1015C00000F070F80028E4D02046294600F06AF8C0
:1015D0000028DED032463B4630463946DFF706FA71
:1015E00020B903F019FA22230360BAE703F014FAD2
:1015F00021230360B5E700BF0000F03F70B50C4643
:10160000064601F061F8214605462046DFF770FDE9
:1016100058B900213046DFF739FDA0B1002120463E
:10162000DFF734FD18B14FF07E55284670BD2046D7
:1016300000F044F80028F8D000212046DFF730FD04
:101640000028F2D023E0284600F038F880B10021CD
:101650002846DFF71BFD0028E7D0304600F02EF8C3
:101660000028E2D0204600F029F80028DDD00EE066
:10167000304600F023F80028E9D0204600F01EF89C
:101680000028E4D029462846DFF732FD20B903F0D0
:10169000C3F922230360C8E703F0BEF921230360E6
:1016A000C3E700BF41F0004000F58010C00F704755
:1016B00001490020704700BF0000F87F20F0004083
:1016C000B0F1FF4FACBF0020012070472DE9F04181
:1016D000C0F3C7557F3D162D044620F0004724DC9B
:1016E000002D804614DB184F2F4138421AD017497D
:1016F000DFF730FA0021DFF7F1FC98B1002C03DDB1
:101700004FF400032B41984428EA0700BDE8F0811C
:101710000E49DFF71FFA0021DFF7E0FC10B1002CC3
:101720000EDB57B92046BDE8F081B7F1FF4FF9D382
:101730000146DFF70FFABDE8F0814FF07E50F2E787
:101740004FF00040EFE700BFFFFF7F00CAF2497192
:101750002DE9F041C0F3C7557F3D162D044620F01A
:10176000004725DC002D804614DB184F2F413842FE
:101770001BD01749DFF7EEF90021DFF7AFFCA0B16E
:10178000002C03DA4FF400032B41984428EA0700A9
:10179000BDE8F0810E49DFF7DDF90021DFF79EFC9F
:1017A00018B1002C0CDB002000E02046BDE8F081E1
:1017B000B7F1FF4FF9D30146DFF7CCF9BDE8F0816F
:1017C00017B94FF00040F1E70248EFE7FFFF7F0055
:1017D000CAF24971000080BF2DE9F04FB1F5801FBA
:1017E00087B002460B460D4680F2828021F000440D
:1017F000044300F020810029C0F26081D64B002212
:10180000DEF75AFE0D460B46D4498D4202466FF074
:10181000350072DC2C15C5F3130505F51521A4F26E
:10182000FF3401F66471044401F4801104EB115497
:1018300081F07F5181F4401141EA050310461946B9
:101840000022C74BDEF780FCAB1CC3F31303022B53
:1018500082468B4658DC00220023DFF795F80028EB
:1018600040F0F280A8A3D3E9002350465946DEF7A2
:1018700023FE02460B460020BA49DEF765FC5246BD
:1018800006460F465B4650465946DEF715FE0246B1
:101890000B4630463946DEF70FFE06460F46002C53
:1018A00000F003812046DEF79DFD99A3D3E90023D4
:1018B00080468946DEF700FE97A3D3E9002304465D
:1018C0000D4640464946DEF7F7FD02460B463046D8
:1018D0003946DEF739FC52465B46DEF735FC0246F8
:1018E0000B4620462946DEF72FFC07B0BDE8F08FF7
:1018F0009A498D424FF000008CDD10461946DEF704
:1019000025FC07B0BDE8F08F00224FF08043DEF7E2
:101910001DFC02460B4650465946DEF7F7FE0646CA
:1019200020460F46DEF75EFD3246CDE904013B4618
:1019300030463946CDE90267DEF7BEFD02460B466A
:10194000CDE90023DEF7B8FD75A3D3E900230646F1
:101950000F46DEF7B1FD74A3D3E90023DEF7F6FBF3
:1019600032463B46DEF7A8FD71A3D3E90023DEF73C
:10197000EDFB32463B46DEF79FFD6FA3D3E9002324
:10198000DEF7E4FBDDE90023DEF796FD6CA3D3E987
:101990000023CDE9000130463946DEF78DFD6AA30C
:1019A000D3E90023DEF7D2FB32463B46DEF784FD67
:1019B00067A3D3E90023DEF7C9FB32463B46DEF7D7
:1019C0007BFDA5F5C22802460B46C5F5D725DDE906
:1019D0000001DEF7BBFBA8F27A48513545EA08055D
:1019E000002D06460F464BDD5E4B00225046594601
:1019F000DEF762FD52465B46DEF75EFD80468946B5
:101A00003046394642464B46DEF7A0FBDDE902236D
:101A1000DEF752FD06460F46002C56D102460B4615
:101A200040464946DEF790FB02460B465046594673
:101A3000DEF78AFB65E7002200234B490020DEF732
:101A400065FE07B0BDE8F08F002C57D02046DEF7CA
:101A5000C9FC2FA3D3E9002306460F46DEF72CFD71
:101A60002DA3D3E9002304460D4630463946DEF760
:101A700023FD02460B4620462946DEF767FB40E77A
:101A800002460B4650465946DEF75EFBDDE902236F
:101A9000DEF712FD06460F463CB1DDE904891CA3C2
:101AA000D3E900234046494604E732463B465046C8
:101AB0005946DEF749FB07B0BDE8F08FDEF744FB7F
:101AC00000220023DEF722FE1BE711A3D3E9002347
:101AD000DDE90401DEF7F0FC0FA3D3E9002304469F
:101AE0000D46DDE90401DEF7E7FC32463B46DEF752
:101AF0002DFB02460B4640464946EAE600200021FF
:101B0000FFE600BFAFF30080555555555555D53FFD
:101B10000000E0FE422EE63F763C7935EF39EA3DA3
:101B200044523EDF12F1C23FDE03CB966446C73F0C
:101B3000599322942449D23F935555555555E53F25
:101B40009FC678D0099AC33FAF788E1DC571CC3F30
:101B500004FA97999999D93F00005043FFFFEF7F0E
:101B60000000F03F0000E03F000050C30000000014
:101B70002DE9F04F23F00047044657EA020093B0E6
:101B800092469B460D4610D12319824985F40022C6
:101B900052419842914121D252465B462046294605
:101BA000DEF7D4FA13B0BDE8F08F98467A4B0E46B4
:101BB00021F0004199420091A14614D906F1404616
:101BC00006F5801656EA0906E6D15346DB18714938
:101BD0008BF4002252419E429141DDD36F49002097
:101BE00013B0BDE8F08F14D09F42E7D8009B00F0FF
:101BF000B780002E15DB002A40F0A48067498F4291
:101C000040F0CA83B8F1000FC0F2BF8420462946D5
:101C1000C8E7002CC0D18F42BED800F0F283009BF1
:101C2000E7E75F498F4200F2C6835E498F420DD9D4
:101C30003915A1F2FF31142940F38E84C1F134012A
:101C400022FA01F000FA01F1914236D0002A45D182
:101C5000B8F1804F3BD0029220462946049300F011
:101C60002FFD049BB9F1000F43D0DDF808C0F20F3F
:101C7000013A52EA0C0C00F08A80029C013C22439B
:101C800014BF464D484D0024B7F1844FCDE90645B9
:101C900040F28E80454B009A9F42424B40F2E883CF
:101CA0009A4200F29484B8F1000FC0F294840020AC
:101CB00013B0BDE8F04F01F059B900F00100C0F1D8
:101CC00002010291002A3FD1B8F1804FC4D12246CF
:101CD0002B4620462946DEF7EFFB63E720462946E0
:101CE000029300F0EDFC029BB9F1000F4FD1CDF84B
:101CF00008902A4A26F0404C944502D0009A002AC7
:101D0000B3D1B8F1000F05DA02460B460020234993
:101D1000DEF7FCFC002EBFF645AF009B03F1404A06
:101D2000029B0AF5801A5AEA030A40F036840246FA
:101D30000B4610461946DEF707FA02460B46DEF759
:101D4000E5FC2FE70022029220462946049300F08A
:101D5000B7FC049BB9F1000FCBD0F20F013A8CE72E
:101D6000002A7FF42BAF009B03F1404303F580135F
:101D700023433FF433AF0B4B009A9A4240F2DF8388
:101D8000B8F1000FC0F24984504659460AE722468E
:101D90002B46CEE70000F0FF0000F07F0000F03F90
:101DA000FFFF3F43FFFFEF3F0000F0BF0000F043A5
:101DB000D74A3240002A40F02883D64B0022DEF773
:101DC0007BFB6FF034040B461A15A2F2FF32151993
:101DD000D14A0B95C3F3130343F07F54934244F469
:101DE000401407DDCD4A934240F3E08301350B9563
:101DF000A4F5801400220023CDE90823CDE91023A7
:101E0000C74B0022CDE904230025DDE90423214648
:101E10008046DEF799F9A146DDE9042306460F4620
:101E200040462146CDE90C89DEF790F902460B4683
:101E30000020BB49DEF76AFC0A460146CDE90E12D6
:101E40001346394602463046DEF736FB0A4601465F
:101E50004FF0000CCDE902121146CDE900016410EB
:101E6000CDF800C0DDE9008944F0005404F50023FA
:101E70000020591904460D4602460B464046494685
:101E8000DEF71AFB02460B4630463946DEF75CF9B0
:101E9000DDE9042306460F4620462946DEF754F9BD
:101EA00002460B46DDE90C01DEF74EF942464B4691
:101EB000DEF702FB02460B4630463946DEF744F9B0
:101EC000DDE90E23DEF7F8FADDE90245CDE904018C
:101ED00022462B4620462946DEF7EEFA7AA3D3E9BE
:101EE000002304460D46DEF7E7FA79A3D3E9002381
:101EF000DEF72CF922462B46DEF7DEFA76A3D3E98D
:101F00000023DEF723F922462B46DEF7D5FA74A329
:101F1000D3E90023DEF71AF922462B46DEF7CCFA86
:101F200071A3D3E90023DEF711F922462B46DEF731
:101F3000C3FA6FA3D3E90023DEF708F92246064669
:101F40000F462B4620462946DEF7B6FA02460B46D8
:101F500030463946DEF7B0FA424604460D464B4657
:101F6000DDE90201DEF7F2F8DDE90423DEF7A4FA89
:101F700022462B46DEF7EAF8424604460D464B461B
:101F800040464946DEF798FA664B002206460F4661
:101F9000DEF7DCF822462B46CDE90C45DEF7D6F815
:101FA00000240D4622462B4640464946DEF784FA79
:101FB0005C4B80468946002220462946DEF7C4F85D
:101FC00032463B46DEF7C0F802460B46DDE90C011F
:101FD000DEF7BAF8DDE90223DEF76EFA224606469E
:101FE0000F462B46DDE90401DEF766FA02460B4692
:101FF00030463946DEF7AAF806460F4602460B463B
:1020000040464946DEF7A2F800243BA3D3E900236B
:1020100020460D46DEF750FA42464B46804689463A
:1020200020462946DEF790F802460B4630463946F0
:10203000DEF78AF832A3D3E90023DEF73DFA32A3B4
:10204000D3E9002306460F4620462946DEF734FA38
:1020500002460B4630463946DEF778F8DDE91023B4
:10206000DEF774F806460B980F46DEF7BBF93246EA
:1020700004460D463B4640464946CDE90289DEF717
:1020800065F8DDE90823DEF761F822462B46DEF726
:102090005DF8002022462B4680468946DEF754F83C
:1020A000DDE90823DEF750F8DDE90223DEF74CF81E
:1020B00002460B4630463946DEF746F8CDE90201C6
:1020C00032E000BFAFF30080EF4E454A287ECA3FA2
:1020D00065DBC9934A86CD3F01411DA96074D13F9C
:1020E0004D268F515555D53FFFAB6FDBB66DDB3FAE
:1020F000033333333333E33F000000E009C7EE3FDF
:10210000FD033ADC09C7EE3FF5015B14E02F3EBE4C
:102110000000F07F000040438E98030079B60B006A
:102120000000F03F000008400023CDE900AB009321
:10213000DDE90067594632463B465046DEF704F873
:1021400042464B46DEF7B8F95B4604460D4652461A
:10215000DDE90201DEF7B0F902460B4620462946CA
:10216000DDF7F4FF324604460D463B4640464946FD
:10217000DEF7A2F90B46024606460F4620462946E0
:10218000DDF7E4FFB44B9942A046A94604460D464C
:102190008B4640F3168101F13F4303F5E00303430F
:1021A00040F01F829AA3D3E9002340464946DDF759
:1021B000CDFF3246CDE900013B4620462946DDF7FA
:1021C000C3FF02460B46DDE90001DEF705FC0028EF
:1021D00040F007824FF400735B44C3F30A529F4CF4
:1021E000A2F2FF32C3F31301144141F48011C2F192
:1021F000140241FA02FA002004EA0301BBF1000FC5
:1022000002460B4630463946B8BFCAF1000ADDF730
:102210009BFF02460B4606460F4640464946DDF701
:1022200095FF4FEA0A5B0D4600247BA3D3E9002308
:1022300020462946DEF740F93246CDE900013B460B
:1022400020462946DDF780FF02460B4640464946B8
:10225000DDF77AFF72A3D3E90023DEF72DF972A32D
:10226000D3E9002306460F4620462946DEF724F927
:1022700002460B4630463946DDF768FFDDE9008946
:1022800006460F4602460B4640464946DDF75EFFCE
:1022900042464B4604460D46DDF756FF02460B46C6
:1022A00030463946DDF750FF2246804689462B46A8
:1022B00020462946DEF700F95DA3D3E90023064650
:1022C0000F46DEF7F9F85CA3D3E90023DDF73CFF06
:1022D00032463B46DEF7F0F859A3D3E90023DDF799
:1022E00035FF32463B46DEF7E7F857A3D3E9002334
:1022F000DDF72AFF32463B46DEF7DEF854A3D3E98A
:102300000023DDF723FF32463B46DEF7D5F80246D1
:102310000B4620462946DDF717FF06460F460246C4
:102320000B4620462946DEF7C7F80022CDE900011A
:102330004FF0804330463946DDF706FF02460B4634
:10234000DDE90001DEF7E2F9424606460F464B465C
:1023500020462946DEF7B0F842464B46DDF7F6FE4A
:1023600002460B4630463946DDF7EEFE22462B4646
:10237000DDF7EAFE02460B4600203949DDF7E4FEB0
:102380000C465C44B4F5801FC0F235812146DDE97E
:102390000623DEF791F805E4B8F1804F3FF497ACDF
:1023A000304988457FF457AC2046294613B0BDE834
:1023B000F04F00F065BE002A00F033810222029245
:1023C000C2E4DFF8A4C021F00043634540F2D580A9
:1023D000264B0B4403430AD132463B46DDF7B4FE9D
:1023E00042464B46DEF7EEFA00283FF4F3AEDDE955
:1023F000060100220023DEF7D1FA003818BF0120C1
:1024000056E4002A7FF4C8ABB5E40024DCE400BF46
:10241000FE822B654715973C00000000432EE63FE7
:10242000EF39FAFE422EE63F396CA80C615C20BE03
:10243000D0A4BE726937663EF16BD2C541BDBB3ECA
:102440002CDE25AF6A56113F93BDBE166CC1663FA8
:102450003E5555555555C53FFFFF8F400000F0FFD5
:102460000000F03F0000E03FFFCB904000346F3FA2
:102470009A42C0F0C480009A8D4B9A424FF00002FD
:1024800000F2D7808A4BDDF75FFE7DA3D3E90023FE
:1024900004460D46DEF710F87BA3D3E90023064679
:1024A0000F4620462946DEF707F8824B80468946CC
:1024B000002220462946DDF7FFFF02460B4674A1A5
:1024C000D1E90001DDF740FE22462B46DDF7F4FF9F
:1024D00002460B4600207849DDF736FE2246CDE95C
:1024E00000012B4620462946DDF7E6FF02460B4653
:1024F000DDE90001DDF7E0FF67A3D3E90023DDF7A5
:10250000DBFF02460B4640464946DDF71DFE02460C
:102510000B4604460D4630463946DDF717FE0020CF
:1025200032463B4680468946DDF70EFE02460B46A4
:1025300020462946DDF708FECDE90201F4E5B8F1B1
:10254000000F4FF000004FF00001BFF62BAB5046DC
:102550000BF10041FFF726BB002A7FF4BFABC1F1AE
:10256000140147FA01F000FA01F1B9426ED0504966
:102570008F423FF447ABFFF76BBB4F4A934274D88F
:10258000DDE90023934692464EE622462B46484913
:102590000020DEF7BBF8FFF705BB029B012B7FF4A1
:1025A00001AB01F100431946FFF7FCBA3CA3D3E9A4
:1025B0000023CDE908233CA3D3E90023CDE9102370
:1025C0003E4B0022CDE904234FF480251DE4B8F1F1
:1025D000000F7FF76CAB002013B0BDE8F04F00F0A8
:1025E000CBBCDDE9060100220023DEF7D7F9003875
:1025F00018BF0120F0E7524600F026FCC7E6DDE9EF
:10260000060100220023DEF7C9F9003818BF0120B7
:10261000B8F1000FBFF64CABDEE700200021FFF75A
:10262000C1BAB8F1804F3FF452AB02220292FFF7D9
:1026300013BBDDE906010023DEF7B0F9003818BF4F
:102640000120B8F1000FC7DCFFF732BB184A9742F0
:102650003FF4D8AAB8F1804F3FF439AB00F0010045
:10266000C0F102020292FFF7F7BA1B15A3F2FE3384
:102670004FF4801242FA03F3AEE500BFAFF30080DF
:10268000000000604715F73F44DF5DF80BAE543E95
:10269000555555555555D53FFE822B654715F73F86
:1026A0000000004003B8E23F06D0CF43EBFD4C3EB4
:1026B0000000F03F0000D03F0000E03F0000F83F86
:1026C00021F00043194670472DE9F04F31F0004AE0
:1026D00087B00C46804681460DD180F480094FEAD0
:1026E000490919F5000F18D921464046DEF732FA9C
:1026F00007B0BDE8F08F20F0004BBBF1FF4F0D4657
:1027000002D8BAF1FF4F0DD9B9F17E5FECD185F453
:1027100080056D0015F5000FE6D84FF07E5007B02C
:10272000BDE8F08F00285F46C0F23081BAF1FF4F5C
:1027300000F04081BAF17E5F00F07E81B1F1804F00
:1027400000F0AA810026B5F17C5F40F05381B9F119
:10275000000F404680F2A58100F072FBBBF1FF4FF5
:1027600000F05D81BBF1000F00F05981BBF17E5F8D
:1027700000F04A814FEAD973013B56EA0302009305
:1027800000F09481BAF19A4F40F29881B04B9B458A
:1027900040F2E482AF4B9B4500F2EC824FF07E5159
:1027A000DEF7D6F9AC498046DEF7DCFAAB49814664
:1027B0004046DEF7D7FA4FF07A5182464046DEF7C0
:1027C000D1FA0146A648DEF7C3F94146DEF7CAFA58
:1027D00001464FF07C50DEF7BBF941468346404648
:1027E000DEF7C0FA01465846DEF7BCFA9D49DEF72F
:1027F000B9FA01465046DEF7ABF901468046484635
:10280000DEF7A8F920F47F6B2BF00F0B49465846F2
:10281000DEF79EF901464046DEF79AF925F47F6718
:10282000009B013E27F00F071E4380463946204695
:102830000CBF8D4E4FF07E56DEF78AF95946DEF713
:1028400091FA214605464046DEF78CFA01462846B5
:10285000DEF780F9394605465846DEF783FA014629
:1028600004462846DEF776F90028074680460146EA
:1028700020F0004240F33D82B2F1864F00F2CA825E
:1028800000F0AA82B2F17C5F00F2CC824FF0000827
:10289000474621F47F6A2AF00F0A74495046DEF752
:1028A00061FA214681465046DEF752F90146284634
:1028B000DEF74EF96E49DEF755FA6E49044650468A
:1028C000DEF750FA01462046DEF744F90446014699
:1028D0004846DEF73FF949460546DEF739F9014635
:1028E0002046DEF735F9294681462846DEF73AFAD2
:1028F00061490446DEF736FA6049DEF729F92146D8
:10290000DEF730FA5E49DEF725F92146DEF72AFACE
:102910005C49DEF71DF92146DEF724FA5A49DEF755
:1029200019F92146DEF71EFA01462846DEF710F9AE
:10293000044601462846DEF715FA4FF080418246EC
:102940002046DEF705F901465046DEF7BFFA494654
:1029500004462846DEF706FA4946DEF7FBF801464C
:102960002046DEF7F5F82946DEF7F2F801464FF08B
:102970007E50DEF7EDF803464344B3F5000FC0F296
:10298000F58118463146DEF7EDF9B1E6BAF1974F19
:1029900019D2BAF17E5F1BD2B1F1804F7CD0B1F178
:1029A0007C5F26D100F04CFABBF1FF4F3FF4A0AEA4
:1029B0000026D7E6BBF17E5F3FF4AFAE42D9002DD3
:1029C0003EDB204694E6BAF1FF4FF3D00226BAE68A
:1029D0004FEAEA52C2F196024AFA02F101FA02F211
:1029E000524500F07381BAF17E5F25D0B4F1804F7B
:1029F00052D00026404600F023FABBF1FF4F03D02F
:102A0000BBF1000F7FF4B2AE002D04DA01464FF0A7
:102A10007E50DEF75BFAB9F1000FBFF669AEABF19D
:102A20007E5B5BEA060B40F05E810146DEF790F8C4
:102A30000146DEF74BFA5BE6002D27DB404657E602
:102A4000002055E6002DFBDA04F1004050E600BFFF
:102A5000F3FF7F3F0700803F00AAB83F70A5EC3628
:102A6000ABAAAA3E3BAAB83F000080BF0072313F2C
:102A70001872313F8CBEBF354CBB31330EEADD35A9
:102A800055B38A38610B363BABAA2A3E41464FF01C
:102A90007E50DEF71BFA2BE641464046DEF762F930
:102AA00026E607B0BDE8F04F00F0D8BB41464046EF
:102AB000DEF74EF80146DEF709FA19E619F0FF4F86
:102AC00040F04A814FF09741DEF74CF96FF0170163
:102AD0000746FA157F3A0A44AF490192C7F3160335
:102AE0008B4243F07E5707DDAC498B4240F34A816D
:102AF00001320192A7F50007002305934FF07E5B9A
:102B000004934FF0000859463846DEF721F859463D
:102B100081463846DEF71EF801464FF07E50DEF75C
:102B2000D5F9014603904846DEF71CF97A1042F0C9
:102B3000005202F58022424420F47F6828F00F08FA
:102B40001146BA46074640460292DEF70BF90146A7
:102B50004846DDF7FDFF029A814659461046DDF7EB
:102B6000F7FF01465046DDF7F3FF4146DEF7FAF87E
:102B700001464846DDF7ECFF039B1946DEF7F2F805
:102B8000394683463846DEF7EDF885498146DEF75B
:102B9000E9F88449DDF7DEFF4946DEF7E3F88249CC
:102BA000DDF7D8FF4946DEF7DDF88049DDF7D2FFD3
:102BB0004946DEF7D7F87E49DDF7CCFF4946DEF718
:102BC000D1F87C49DDF7C6FF494682464846DEF724
:102BD000C9F801465046DEF7C5F8414681463846F9
:102BE000DDF7B8FF5946DEF7BDF84946DDF7B2FF1D
:102BF000414682464046DEF7B5F86F490290DDF760
:102C0000A9FF5146DDF7A6FF20F47F6929F00F09DF
:102C100049464046DEF7A6F8674980464846DDF754
:102C200097FF0299DDF794FF01465046DDF790FFCC
:102C30003946DEF797F8494682465846DEF792F85D
:102C400001465046DDF786FF834601464046DDF7E4
:102C500081FF20F47F6A2AF00F0A58495046DEF7B8
:102C600081F8414681465046DDF772FF01465846DD
:102C7000DDF76EFF5249DEF775F85249804650463F
:102C8000DEF770F801464046DDF764FF0499DDF792
:102C900061FF80460198DEF711F8414682464846BA
:102CA000DDF758FF059F3946DDF754FF5146DDF744
:102CB00051FF20F47F6B2BF00F0B51465846DDF788
:102CC00047FF3946DDF744FF4946A1E5BAF17E5F8B
:102CD0003FF4B2AEB4F1804F3FF4DEAE01F001013B
:102CE000C1F1020686E6012E7FF402AD00F100403C
:102CF000FEE4354B9A4200F297807FF4C3AD214643
:102D0000DDF726FF2946DEF7DFF9002840F08C804A
:102D100086227E3A4FF40003134143442B49C3F308
:102D2000C7527F3AC3F31607114147F40007C2F1B7
:102D300017021741B8F1000F01EA0301B8BF7F4243
:102D40002046DDF705FF014604462846DDF702FF71
:102D50004FEAC75801469CE50021BAE6002D0BDB7F
:102D6000002007B0BDE8F04F00F082B9394600F00E
:102D700009F907E6002DF3DD002007B0BDE8F04FAC
:102D800000F07AB9124B0593124B04934FF07F5B1E
:102D90004FF40018B7E600BF71C41C00D6B35D0045
:102DA00042F1533E55326C3E05A38B3EABAAAA3E80
:102DB000B76DDB3E9A99193F000040400038763FDE
:102DC0004F38763FA0C39D3600001643000080FFB9
:102DD00000C0153FDCCFD13517492846DDF7BAFED4
:102DE000214681463846DDF7B3FE01464846DEF708
:102DF00075F978B907F50043DA1510497F3A1141A2
:102E00001940C3F31603C2F1170243F4000343FA57
:102E100002F795E700213046DEF742F9003818BF87
:102E20000120AAE7D21574E700213046DEF738F911
:102E3000003818BF012094E73CAA3833000080FF17
:102E400020F00040704700BF70B51646C1F30A522B
:102E500004460D460B465ABB21F00043034326D0DF
:102E60002D4B0022DDF728FB2C4B9E4204460D46DD
:102E700043DBC1F30A520B46363A4CF250318E42D4
:102E80001EDC164440F2FE72964219DC002E23DC52
:102E900016F1350F28DB23F0FF4323F4E003363629
:102EA00043EA065120461E4B0022DDF705FB70BDAC
:102EB00040F2FF7C6245E0D10246DDF747F970BD84
:102EC00011A3D3E90023ED0F1C4665F3DF742146FF
:102ED0001448DDF7F1FA70BD23F0FF4323F4E0035B
:102EE000204643EA065170BD05F0004343F0D2711D
:102EF00041F4B7310C4841F01F0105A3D3E9002389
:102F0000DDF7DAFA70BD00BF9C7500883CE4377EBF
:102F100059F3F8C21F6EA50100005043B03CFFFFFB
:102F20000000903C9C75008859F3F8C2D0B5064665
:102F30000F46144601F070FD0346394630461C60CA
:102F4000D0BD00BF10B5044682B0104619460CB182
:102F500003F10043CDE90023DDE90023DDF7ACFAFE
:102F6000222202B0BDE81040FFF7E0BF00224FF080
:102F70008053FFF7E7BF00BF00224FF0E043FFF7A9
:102F8000E1BF00BF10B50C4630F0004103461DD034
:102F9000B1F1FF4F1BD210F0FF4F02461BD14FF093
:102FA0009841DDF7DFFE204A944203462CDBC0F354
:102FB000C75102464CF250308442A1F1190110DD94
:102FC0001A49184661F31E00DDF7CCFE10BD01461C
:102FD000DDF7C0FD10BD4CF2503084424FEAD151B4
:102FE000EEDC2144FE29EBDC002911DC11F1160F87
:102FF00013DB01F1190022F0FF424FF04C5142EA7D
:10300000C050DDF7AFFE10BD0949DDF7ABFE10BDC6
:1030100022F0FF4242EAC15010BD0549184661F353
:103020001E00DDF79FFE10BDB03CFFFFCAF24971E4
:103030006042A20D38B505460C4601F0EDFC034692
:1030400028461C6038BD00BF08B540B101F1004002
:10305000DDF788FEBDE808402221FFF7EBBF0846F8
:10306000DDF780FEBDE808402221FFF7E3BF00BF87
:103070004FF08051FFF7E8BF4FF0E041FFF7E4BFAA
:103080002DE9F84F724F8F4304460D4600F0B28091
:1030900000290B460646024655DD081500F09B80C8
:1030A000C3F31303C107A0F2FF3743F4801303D423
:1030B000D10F01EB430352005B00002603EBD273F8
:1030C0007F1052001624B4464FF400110CEB01009F
:1030D000984203DC1B1A01EB000C0E445B00013C20
:1030E00003EBD2734FEA51014FEA4202EED1A04600
:1030F00020254FF000400AE039D0590001EBD27191
:10310000013D0B464FEA42024FEA50003BD09C453E
:1031100008EB000EF0DABEF1000F0EEB00080CDB3E
:10312000E146A3EB0C01964588BF01F1FF31490050
:10313000CC46A2EB0E020444E0E7B8F1000FEFDB4F
:103140000CF10109EDE721F0004707433DD00029CC
:1031500073D1D10A153B52050029FAD0CD02184689
:1031600016460B4637D520244FF0FF313EE09645FA
:1031700002D94FEA4C01C1E7BEF1000F0EEB000887
:1031800025DB0021D5E7114312D0DFF8C8A0DFF816
:10319000C8B0DAE90001DBE90023DCF7D5FFDAE9A2
:1031A000008902460B4640464946DDF701FC58BB04
:1031B0006508731003F17F53F20703F5001348BF4E
:1031C00045F0004503EB07512846BDE8F88FB8F1FC
:1031D000000FB5DAD5E700225B00DC02114602F1F0
:1031E0000102F9D5C2F1200406FA02F2E640401AC3
:1031F000334355E702460B46DDF75EF922462B4680
:10320000DCF7A4FFBDE8F88FB4F1FF3FDAE9000175
:10321000DBE9002318D0DCF799FFDAE900890246E0
:103220000B4640464946DDF7B9FB78B1A11C04F1D5
:10323000020508BF01366D08BBE7DCF785FF0246D3
:103240000B46DDF763FAC0E70136B2E70134AFE7BA
:103250000000F07F780100207001002020F0004283
:10326000B2F1FF4F2DE9F041044654D2002A50D06C
:103270000028034657DB14F0FF4F4FEAE05009D116
:1032800014F400025BD15B001C02114602F1010242
:10329000F9D5401AC3F3160242F40002C307A0F1A5
:1032A0007F0558BF520000246D1052004FF0190ED8
:1032B00021464FF0807C01EB0C039342DDBF03EB12
:1032C0000C016444D31A1346BEF1010E4FEA4302C7
:1032D0004FEA5C0CEFD1BBB11A4E1B4F3068396816
:1032E000D6F80080DDF734FC01464046DDF7E2FE0B
:1032F00050B1306839683668DDF72CFC014630463D
:10330000DDF7CEFEB8B10234601000F17C5000EB66
:10331000C550BDE8F0810146DDF724FD2146DDF70B
:1033200019FCBDE8F0810146DDF712FC0146DDF72E
:10333000CDFDBDE8F081013424F00104E4E74FF055
:10334000FF31A6E7840100208001002008B5062097
:1033500001F0F0FA0120E4F74DFA002100F084BFFB
:103360000A22002101F062B8024B0146186800F001
:103370002DB800BF00030020024B0146186801F081
:10338000B1BB00BF0003002070B50F4E0C46316882
:10339000054611B901F01EFB30602146284601F0B8
:1033A00019FB431C03D14FF0FF34204670BDC41CF1
:1033B00024F00304A042F8D0211A284601F00AFBA9
:1033C0000130F2D1EFE700BF043A00202DE9F843C5
:1033D000CD1C25F0030508350C2D38BF0C25002D1C
:1033E000064601DBA94204D90C2333600020BDE866
:1033F000F883DFF8D48000F069F8D8F800301C4674
:1034000044BB29463046FFF7BFFF431C044658D152
:10341000D8F800402746002F43D1002C4BD023681A
:103420003946304604EB030901F0D4FA814542D114
:1034300021686D1A29463046FFF7A6FF01303AD0C1
:1034400023682B442360D8F800305A6862BBC8F860
:1034500000700FE02268521B20D40B2A17D9611983
:10346000A342256018BF5960636808BFC8F8001000
:1034700062514B60304600F02FF804F10B00231D21
:1034800020F00700C21A1CBF1B1AA350AFE76268E6
:10349000A3420CBFC8F800205A60EBE723466468DB
:1034A000AEE73C467F68B6E71A465B68A342FBD1AD
:1034B00000235360DEE70C233360304600F00CF845
:1034C00094E70560D6E700BF083A0020014801F004
:1034D000CEBA00BF4C3B0020014801F0C9BA00BF82
:1034E0004C3B002038B5104B1D682B6B0446B3B91C
:1034F0001820FFF739FF0246286320B90B4B0C4810
:10350000462101F0D1FA0B490B4BC0E900130B4BDC
:1035100083600B23838100210120C2E904012B6B0E
:1035200000221C615A6138BD0003002025120308E7
:103530003C1203080E33CDAB34126DE6ECDE050011
:10354000164B10B51C68236BB3B91820FFF70CFF9E
:103550000246206320B9124B1248522101F0A4FA0E
:103560001149124BC0E90013114B83600B23838177
:1035700000210120C2E90401216B0E480B694C694E
:103580000D4A584302FB0400A3FB0232013340EB17
:103590000200C1E9043020F0004010BD000300200B
:1035A000251203083C1203080E33CDAB34126DE62E
:1035B000ECDE05002DF451582D7F954C024B0A4648
:1035C0000146186800F002B8000300202DE9F04120
:1035D000804615460C4621B9BDE8F0411146FFF77B
:1035E000F5BE2AB901F07EFA00242046BDE8F0813C
:1035F00002F0B8FA8542064602D8B5EB500FF4D86F
:1036000029464046FFF7E2FE07460028ECD0B542C7
:103610002A46214628BF324601F033FA2146404669
:1036200001F060FA3C46E0E72DE9F0410F46904694
:1036300002F062F904460D46B8F1000F11D0C7F34D
:103640000A53C3F16B03002B0BDD1B0503F17F5500
:10365000002405F5401522462B46DCF72DFF0446D5
:103660000D4620462946BDE8F0810000000000001C
:103670002DE9F04F9DB082460E92002218920C4622
:103680004FF000084FF000090A46179211782B29D5
:103690003BD02CD80D2926D8082926D800292FD090
:1036A00000220C92179D2A78302A7BD16A7802F08A
:1036B000DF02582A6CD102930C9B019318AB009344
:1036C000884A19AB17A9504601F0BCFA10F00F0652
:1036D00004463ED0062E1AD10E9B0BB101351D605B
:1036E0004046494640E02029DAD10132CDE72D2974
:1036F000D6D101210C91511C17915278002AD1D1B9
:103700000E9B002BECD01C60EAE70021F2E7189A30
:103710003AB135211AA802F0E1F91899504601F0A2
:10372000B5FD013E199A042E06D8DFE806F0200305
:10373000292C2000DDE91A89E10548BF49F000493C
:1037400029F000431B0D1B051BB901F065F922236D
:1037500003600E9B13B10E9A179B13600C9B002BFA
:10376000BED0404609F100411DB0BDE8F08FDDE953
:103770001A8302F2334223F4801343EA0259DBE74F
:10378000DFF86491D8E76FF000494FF0FF38D3E7D6
:10379000179B5A1C17925B78302BF9D0002BD8D08E
:1037A000012300E000230027CDE905770493179B50
:1037B0000A930A2217980578A5F13003D9B209298E
:1037C00024D94A49012201F042F800282DD00020D6
:1037D0002A46059D83460346652A01D0452A13D112
:1037E0001DB9049A02438BD00025179C621C1792C6
:1037F00062782B2A6DD02D2A71D04FF0000CA2F1E7
:103800003001092978D91794002696E005990829EE
:10381000DDBF069902FB0133069302FB0737059BC8
:103820000130013305931790C4E7179B5A1C179278
:103830005A78059BABB383461D46A2F13003092B92
:1038400012D90123C8E7179B5A1C17925A780130E6
:10385000302AF8D0A2F13103082B00F2EA84179B3A
:103860000A93834600200546303A00F1010312D046
:103870009B4400EB050C2B460A219C4513D12B18C9
:10388000082B05F10105054419DC06990A2303FB01
:10389000012306930023179A511C1791527818465A
:1038A000CBE70598D4E7082B03F1010303DC069E60
:1038B0004E430696E1E7102BD8BF4F43DDE70F2BB1
:1038C000DCBF0A2303FB0727E4E74FF0000B0123CB
:1038D00087E74FF0000CA21C1792A2788FE74FF0F9
:1038E000010CF8E7D41203080000F07FD396020819
:1038F000179A511C17915278302AF9D0A2F1310150
:10390000082981D8303A0792179A0D92179A561CB7
:1039100017965278A2F1300EBEF1090F38D90D99E1
:10392000761A082E44F61F6603DC07998E42A8BF5C
:103930000E46BCF1000F00D07642002D4FD1049905
:1039400008437FF406AF002B7FF4DAAE692A29D052
:1039500026DC492A26D04E2A7FF4D2AE9C4917A8ED
:1039600001F092FB00283FF4CBAE179B1B78282B6D
:103970002FD198491AAA17A801F09AFB052828D137
:103980001B9BDDF8688043F0FF4949F4E009E0E65D
:10399000079E0A2101FB0621A1F130020792B5E73B
:1039A0006E2AD9E78C4917A801F06EFB00283FF476
:1039B000A7AE179B8949013B17A8179301F064FB39
:1039C00010B9179B01331793DFF814924FF00008DA
:1039D000BFE68448FDF76CFE80468946B9E6A6EB53
:1039E0000B030F93059B0698002B08BF2B46102D49
:1039F00005932C46A8BF1024DCF7E4FC092D804673
:103A0000894614DCA6EB0B03002B3FF4A2AEA6EB19
:103A10000B0379DD162B45DC0F9B734901EBC301CA
:103A2000D1E9000142464B46DCF746FDD4E76E4B38
:103A300003EBC40353E91223DCF73EFD804638460E
:103A40008946DCF7BFFC02460B4640464946DCF798
:103A50007DFB0F2D80468946D4DD2C1BA6EB0B0386
:103A60001C44002C26DC00F0A380644214F00F02FA
:103A70000AD05D4B03EBC20340464946D3E900231D
:103A8000DCF744FE80468946241100F091801F2C0B
:103A900040F3B28022234FF000084FF00009CAF82B
:103AA000003056E6C5F12503A6EB0B02934219DA66
:103AB0002C1B144414F00F030AD04B4901EBC30133
:103AC00042464B46D1E90001DCF7F6FC80468946C8
:103AD00034F00F046CD0B4F59A7F41DD2223CAF88C
:103AE000003071E7404CC5F10F0504EBC5014246BB
:103AF0004B46D1E90001DCF7DFFC0F9B5D1B04EBBB
:103B0000C504D4E900238FE71633A6DB364BABEBB5
:103B1000060203EBC203D3E9002340464946DCF723
:103B2000F5FD59E7002306932223DFF8B490CAF885
:103B300000304FF000081899504601F0A7FB069995
:103B4000504601F0A3FB0599504601F09FFB1099E8
:103B5000504601F09BFB0799504601F097FBF8E5B2
:103B60000023224F0493241140464946012C22DCB5
:103B70000BB180468946049B1C49A9F1547901EB9D
:103B8000C30142464B46D1E90001DCF795FC144BDA
:103B90000A460B4016498B4280469FD8A1F58011FA
:103BA0008B4286BFDFF84C904FF0FF3802F154791A
:103BB000002304934BE0E20704D5D7E90023DCF7A8
:103BC0007BFC0123049A0132049264100837CDE78C
:103BD000BA120308C0120308B1120308B412030892
:103BE0000000F07F221203089015030868150308EF
:103BF0000000A07CFFFFEF7F14F0100318BF6A23C2
:103C0000AB4F0493404649460023E20704D5D7E969
:103C10000023DCF751FC0123641007F10807F4D1FD
:103C20000BB180468946049B43B1C9F30A52C2F1E5
:103C30006B03002B494650DC6A23049300220023C7
:103C400040464946DCF7A0FE00287FF423AF069BE0
:103C50000093059A0A992B46504601F07FFB10907D
:103C600000283FF43BAF0F9BABEB060B002BB4BF20
:103C70005B46002311930F9B23EAE3731593002304
:103C800007930593109B5046596801F0BFFA0690C0
:103C900000283FF449AF109B1A69023203F10C016E
:103CA00092000C3000F0EDFE1AAB019319AB0093BB
:103CB00042464B465046CDE90A8901F087FE1890EE
:103CC00000283FF431AF0121504601F0E1FB05909F
:103CD0000346D0B90023059326E71F2B0EDD342BB6
:103CE000DEBF4FF0FF33C2F14B0293404FF00008AC
:103CF000CCBF4FF05C7903EA01099DE74FF0FF323A
:103D000002FA03F303EA080896E7199C1A9A002CB2
:103D1000ABBF119B159B159E119FACBFE7181E1BD7
:103D2000049BE41A1444634B013C9C42C2F13602EA
:103D300080F2B2801B1B1F2BC2BFC4F17F4404F56D
:103D40007F0404F57B444FF00105C8BFE234A2EBC9
:103D50000302DABF9D40002405FA04F407EB020BCE
:103D6000049B5F4516441E443B46A8BF5B46B342D6
:103D7000A8BF3346002BC2BFABEB030BF61AFF1AEA
:103D8000119B002B16DD05991A46504601F040FCA8
:103D9000059000289ED00146189A504601F08EFBEF
:103DA0000D9000283FF4C0AE1899504601F06EFA0D
:103DB0000D9B1893BBF1000F71DC0F9B002B08DDEE
:103DC000159A0699504601F023FC069000283FF40E
:103DD000A9AE002E08DD06993246504601F072FC6D
:103DE000069000283FF49EAE002F08DD05993A4664
:103DF000504601F067FC059000283FF495AE069A06
:103E00001899504601F0E6FC079000283FF48CAE6C
:103E1000C3680D9300230599C36001F0BFFC00281F
:103E20004ADA0D9B53EA080340F0BC80C9F3130340
:103E3000002B40F0B78029F000431B0D1B05B3F1A8
:103E4000D66F40F2AF80079B5B6923B9079B1B6964
:103E5000012B40F3A78007990122504601F032FC64
:103E60000599079001F09AFC002840F39B8029F007
:103E70000043049A1B0D1B05002A79D0B3F1D66FBD
:103E80006DD8B3F15C7F45D84FF000084FF00009C2
:103E90002223CAF800304EE6002401255EE7189977
:103EA0005A46504601F00EFC1890002885D13BE69A
:103EB000E812030802FCFFFFCB4640F0A4800D9AF5
:103EC000C9F31303002A41D0974A934259D1049B66
:103ED00042467BB9B8F1FF3F40F08A80934B994549
:103EE0003FF422AE924BDDF8108009EA030303F59C
:103EF000801920E68E4B09EA0303B3F1D46F17D97A
:103F000018F101011CD1894A91453FF40DAE03F52A
:103F100080198046874B404649460022DCF7CCFAA0
:103F2000834B0B4080468946002B7FF404AEAFE7FD
:103F30001E0DC6F16B064FF0FF31B1408845E6D04B
:103F4000002C5ED014EA0B0FE4D01EE0002B4AD107
:103F5000B8F1000F8BD064B314EA0B0F2BE0A3F57C
:103F600080136FEA13596FEA09594FF0FF38D1E710
:103F7000A3F580136FEA13596FEA09594FF0FF3820
:103F8000D9E59CB114EA090F0CD0049A4046494681
:103F9000FFF74AFB02460B46DDE90A01DCF7D6F8DB
:103FA00080468946049B002BB4D1C4E515EA080F6E
:103FB000EAE718EA050FF5D0049A40464946FFF7AC
:103FC00033FB02460B46DDE90A01DCF7BDF80022AF
:103FD000002304460D46DCF7D7FC00287FF454AFDD
:103FE000A046A946DEE7002CB6D115EA080FE2E7A5
:103FF00024B114EA090F3FF49EADC6E718EA050F95
:10400000F9E72A42A0E70599079801F037FD002259
:104010004FF0804304460D46DCF7CAFC00286DD003
:104020000D9B002B78D1B8F1000F56D1C9F31303C3
:10403000002B59D1404B002220462946DCF7AEFC2C
:10404000002858D1204629463C4B0022DCF734FAA0
:1040500004460D4605F1004308940993344B344A55
:104060000BEA03031493364B0BEA02029A42DDE992
:10407000086740F09F80ABF154794046494601F013
:104080003BFCDDE90823DCF717FA42464B46DCF738
:104090005DF80B4626492B4A19409142804655D976
:1040A0000B9A224B9A4203D10A9B01333FF43CAD59
:1040B000DFF878904FF0FF381899504601F0E6F895
:1040C0000699504601F0E2F80599504601F0DEF8F5
:1040D0000799504601F0DAF8D4E5B8F1010F03D1A1
:1040E000B9F1000F3FF4D0AE174C134D0023CDE9CA
:1040F00008340024B2E7114D0024ABE70F4B2046F3
:1041000029460022DCF7D8F90D9B04460D46002B0A
:10411000A0D0CDE90845A1E7074C0023CDE908343C
:1041200025461C469AE700BFFFFF0F00FFFFEF7F09
:104130000000F07F000050390000F03F0000E03F39
:104140000000E07FFFFF9F7C0000F0BF03F1547987
:10415000049B4E46002BAFD129F00043149A1B0D4F
:104160001B059A42A8D12046294602F027FBDCF71E
:1041700075F90B46024629462046DBF7E5FFC9F3F1
:1041800013060D9B46EA08061E4304460D464AD018
:104190002DA3D3E90023DCF701FC00287FF4CBAC8E
:1041A0002BA3D3E9002320462946DCF715FC002881
:1041B00082D0C0E4049B13B3149BB3F1D46F1ED818
:1041C00025A3D3E9002320462946DCF7F1FB90B173
:1041D00029462046DCF748FC012838BF0120DCF7DF
:1041E000F1F80D9B04460D46D3B901F1004312903E
:1041F0001393DDE91267149A07F1D6639F1ADDE97C
:104200000A0101F079FB02460B4630463946DCF7DD
:1042100053F9DDE90A23DBF799FF8046894697E7E2
:10422000CDE91245E5E70EA3D3E90023DCF7B6FBA1
:10423000BDE7652A3FF449AB452A3FF446AB01236D
:10424000FFF77DBBAFF300809535A094FFFFDF3F04
:1042500035E5AF350000E03F0000C0FFFFFFDF4164
:104260009535A094FFFFCF3F0A4601460248034B15
:104270000068FFF7FDB900BF000300209401002093
:104280002DE9F843244D254B0A4601462868FFF7DF
:10429000EFF902460B4606460F46DCF7A7FB68B16E
:1042A000002F1F4806DA00F0FBFB00F10044204617
:1042B000BDE8F883BDE8F84300F0F2BB394630466C
:1042C000DCF7F2FB20F00048044616494046DCF7D4
:1042D0000FFFB0B913494046DCF7ECFE88B927F070
:1042E0000049114B4FF0FF3230464946DCF77EFB68
:1042F00070B90D4B4FF0FF3230464946DCF758FBA2
:1043000030B914F0FF4FD2D1084B3B40002BCED038
:104310002B6822221A60CAE70003002094010020C3
:1043200022120308FFFF7F7FFFFFEF7F0000F07F77
:10433000242B2DE9F0478646904601D8012B06D163
:1043400000F06AFB162303600020BDE8F0873648C2
:104350000D462A4615F8014B065D16F00806F8D101
:104360002D2C24D12C780126951C2BBB302C30D041
:104370000A2306F1004C0CF1FF3C0022BCFBF3F9D0
:10438000104603FB19CAA4F13007092F28D83C4670
:10439000A34234DD571C07D081452DD301D1A2455E
:1043A0002ADB00FB0340012215F8014BEBE72B2C25
:1043B00004BF2C78951CD8E7102BDAD1302CD8D13B
:1043C0002A7802F0DF02582AD3D16C781023023504
:1043D000CFE72B7803F0DF03582BF6D00823C8E78C
:1043E000A4F14107192F01D8373CD1E7A4F16107A7
:1043F000192F04D8573CCBE74FF0FF32D4E7531CBA
:1044000008D12223CEF800306046B8F1000F9CD0CE
:10441000691E06E006B14042B8F1000F95D0002AAF
:10442000F6D1C8F8001090E71113030813460A46A6
:10443000014602480068FFF77BBF00BF0003002071
:10444000002310B50446C0E90033C0E9043383609B
:1044500081814366C2818361194608225C3000F085
:10446000D0F90D4B63620D4BA3620D4BE3620D4B14
:1044700023630D4B24629C4206D003F168029442F0
:1044800002D0D0339C4205D104F15800BDE8104061
:1044900000F0ECBA10BD00BF6D4602088F4602085E
:1044A000C7460208EB4602080C3A0020024A0349BC
:1044B000034800F069B800BF88010020716202085B
:1044C0000403002041680C4B994210B5044601D00A
:1044D00001F0CEFEA168094B994202D0204601F0BE
:1044E000C7FEE168064B994204D02046BDE8104063
:1044F00001F0BEBE10BD00BF0C3A0020743A00208F
:10450000DC3A002010B50B4B0B4C0C4A1A602046CD
:1045100000220421FFF794FF04F168000122092121
:10452000FFF78EFF04F1D0000222BDE810401221F7
:10453000FFF786BF443B00200C3A0020AD44020840
:10454000014800F094BA00BF4D3B0020014800F044
:104550008FBA00BF4D3B002010B50446FFF7F0FFB7
:10456000236A1BB1BDE81040FFF7F0BF044B236284
:10457000044B1B68002BF5D1FFF7C4FFF2E700BF27
:10458000C5440208443B00202DE9F843074688460D
:1045900014460026D4E90195B9F1010905D524682E
:1045A000002CF7D13046BDE8F883AB89012B07D941
:1045B000B5F90E30013303D029463846C0470643CB
:1045C0006835E9E70CB430B5174B0C1E1D689DB07B
:1045D00008DA8B232B604FF0FF301DB0BDE8304070
:1045E00002B070474FF40273ADF8143014BF04F1F9
:1045F000FF332346049307934FF6FF730290069010
:10460000ADF81630209A21AB02A92846019301F09B
:1046100019FB431CBCBF8B232B60002CDDD0029BFD
:1046200000221A70D9E700BF000300200EB400B5C5
:104630009CB01DAB029006906FF0004109480791B5
:104640000491094953F8042B05910068019302A9CC
:1046500001F0F8FA029B00221A701CB05DF804EB1E
:1046600003B07047000300200802FFFF10B50C469E
:10467000B1F90E1000F088F90028ABBF636DA38973
:104680001B1823F48053ACBF6365A38110BD2DE9D3
:10469000F0411F468B89DB0505460C46164605D5BD
:1046A000B1F90E100223002200F05CF9A389B4F9DD
:1046B0000E1023F48053A38132463B462846BDE8C2
:1046C000F04100F097B910B50C46B1F90E1000F0AA
:1046D00049F9431CA38915BF606523F4805343F453
:1046E0008053A38118BFA38110BDB1F90E1000F053
:1046F00029B9F0B5ADF5057D0E4604AF4FF4007154
:10470000039100933946134603AA054600F020F8AA
:10471000044680B10246039B3146284600F06AF900
:10472000BC42039003D02146284600F0DBF90398F1
:104730000DF5057DF0BD4FF0FF30F9E713460A4651
:10474000014602480068FFF7D4BF00BF0003002005
:1047500030B515469BB02C681A46D9B1002C19D03B
:104760004FF4C16300910491ADF80C30214619DB80
:104770004FF6FF7302910591ADF80E3069461E9B0E
:1047800001F060FA00280FDB009B286000221A70FD
:1047900004980AE000214FF42273ADF80C30009128
:1047A0000491E5E78B23036000201BB030BD10B5FA
:1047B00001390244904201D1002005E0037811F84C
:1047C000014FA34201D0181B10BD0130F2E788420F
:1047D00010B501EB020402D98442234607D8431ED8
:1047E000A14208D011F8012B03F8012FF8E7024489
:1047F00001468A4200D110BD13F8014D02F8014D67
:10480000F7E702440346934200D1704703F8011BC7
:10481000F9E7C9B20346184613F8012B12B18A42D0
:10482000F9D17047002918BF0020704770B50346C2
:104830001E4613F8014B44B14A1E01E0A54204D0C4
:1048400012F8015F002DF9D1F2E7301A70BD10B5F2
:104850006AB10139841810F8012B11F8013F9A420E
:1048600003D1A04201D0002AF5D1D01A10BD1046C4
:10487000FCE710B50139034632B111F8014F03F8D6
:10488000014B013A002CF7D11A440021934200D188
:1048900010BD03F8011BF9E738B511F0FF0403461A
:1048A0000ED12146BDE83840FFF7B3BF431C054693
:1048B00021461846FFF7ADFF0028F7D1284638BD3E
:1048C0000025F5E770B503461E4613F8014B3CB1D1
:1048D0004A1E01E0A542F7D012F8015F002DF9D180
:1048E000301A70BD1F2938B505460C4604D9162369
:1048F00003604FF0FF3038BDC26B12B152F8213067
:104900004BB9284600F064F8224601462846BDE827
:10491000384000F04BB8012B0AD0591C03D11623A4
:1049200003600120E7E7002142F824102046984761
:104930000020E0E7024B01461868FFF7D3BF00BF35
:104940000003002038B5064D0023044608462B60BE
:10495000E2F742FF431C02D12B6803B1236038BD4C
:10496000483B002038B5074D044608461146002252
:104970002A601A46E2F73AFF431C02D12B6803B1C2
:10498000236038BD483B002038B5074D0446084633
:10499000114600222A601A46E2F72AFF431C02D180
:1049A0002B6803B1236038BD483B002038B5074D64
:1049B00000230446084611462B60E2F71DFF431C06
:1049C00002D12B6803B1236038BD00BF483B0020F3
:1049D000E2F71ABF38B5064D0023044608462B609F
:1049E000E2F7DCFE431C02D12B6803B1236038BD23
:1049F000483B002038B5074D0446084611460022C2
:104A00002A601A46FBF7A8FB431C02D12B6803B1AE
:104A1000236038BD483B0020014B1868704700BF39
:104A20000003002070B50D4D0D4C641BA410002632
:104A3000A64209D10B4D0C4C01F0F6FE641BA410EC
:104A40000026A64205D170BD55F8043B98470136B3
:104A5000EEE755F8043B98470136F2E79416030851
:104A60009416030894160308CC1603087047704781
:104A70007047034611F8012B03F8012B002AF9D1E6
:104A800070470A44914200F1FF3300D1704710B5DE
:104A900011F8014B03F8014F9142F9D110BD00000C
:104AA000004870470000C07F1FB514461A46094BE6
:104AB0001B680546D86854B9074B1C46CDE901343C
:104AC00000912B46054901F0FBFBFEF73FFC044B30
:104AD000F4E700BF00030020221203082414030897
:104AE0001714030838B50546002941D051F8043C95
:104AF0000C1F002BB8BFE418FEF7E8FC1D4A136832
:104B000033B9636014602846BDE83840FEF7E4BC62
:104B1000A34208D9206821188B4201BF19685B683D
:104B200009182160EDE71A465B680BB1A342FAD978
:104B300011685018A0420BD12068014450188342DC
:104B40001160E0D118685B68536008441060DAE7D0
:104B500002D90C232B60D6E7206821188B4204BFB2
:104B600019685B68636004BF091821605460CAE774
:104B700038BD00BF083A00200369B3EB611F2DE97F
:104B8000F0434FEA611204DC002303610023436118
:104B900030E000F1140411F01F0104EB830604EB74
:104BA00082050CD100F110072946B14230D39B1A7F
:104BB0009B00EA1E964238BF0023234415E054F8B8
:104BC0002270C1F12008CF4005F1040EA1467645C0
:104BD000F44611D89A1A9200043A0135AE4238BF11
:104BE0000022A318A75007B104331A1B9210A34246
:104BF0000261CBD0BDE8F083DCF800C00CFA08FC01
:104C00004CEA070749F8047B5EF8047BCF40DEE7F7
:104C100051F804CB47F804CFC7E7A0F13003092BC4
:104C200002D82038C0B27047A0F16103052B01D82B
:104C30004738F7E7A0F14103052B01D82738F1E702
:104C4000002070472DE9F04F85B08A4602930B682B
:104C5000019090469C1CA14614F8010B3028FAD014
:104C6000A9EB0303A3F1020BFFF7D7FF05460028CA
:104C700068D1A04901224846FFF7E9FD0746002810
:104C800067D199F801002646FFF7C7FF002862D0D8
:104C9000234618783028994603F10103F9D0FFF72D
:104CA000BCFFB0FA80F56D094FF0010B4A4616467D
:104CB00001323078FFF7B1FF0028F8D18D49012289
:104CC0003046FFF7C4FD00283FD144B9741C22468A
:104CD000164601323078FFF7A0FF0028F8D1A41B58
:104CE000A700337803F0DF03502B3ED173782B2BD2
:104CF00033D02D2B34D0711C00240878FFF78DFFA2
:104D0000431EDBB2182B30D8A0F1100211F8010FAE
:104D1000FFF783FF00F1FF3C5FFA8CFCBCF1180F3A
:104D20004FF00A031ED904B152421744CAF80010CA
:104D3000EDB1BBF1000F0CBF06250025284605B0DC
:104D4000BDE8F08F00252C46B0E7002CC7D12746E0
:104D5000C7E74E462F460125C3E70024B11CCCE728
:104D60000124FBE703FB0200CEE73146DEE7A6EBBA
:104D70000903013B2946072B0ADC019800F046FA9B
:104D8000044640B95C4B0246E4215C48FFF78CFEC8
:104D900001315B10EFE700F1140A002355469B46F2
:104DA000B14537D345F804BBA5EB0A05AD10256125
:104DB000584600F01DFB6D01D8F800602D1AB54271
:104DC00054DDAD1B2946204600F0ABFE814678B18C
:104DD0006B1E591103F01F025AF821104FF0010900
:104DE00009FA02F20A4203D04B4536DC4FF00209C1
:104DF00029462046FFF7C0FE2F44D8F80830BB42B2
:104E000042DA0198214600F041FA0E9A002313601D
:104E1000A32593E716F8012D2E2A12D0202B04D1BA
:104E200045F804BB4FF0000B5B4630780393FFF767
:104E3000F4FE039B00F00F0098404BEA000B043394
:104E4000AEE7B145EAD82B49039301223046FFF77C
:104E5000FEFC039B0028E1D1A2E7A91E204600F03A
:104E600060FE0028C2D04FF00309C1E709DA751BC4
:104E7000214601982A4600F025FC7F1B044600F1DC
:104E8000140A4FF00009B8E7D8F80450BD426FDDAE
:104E9000ED1BAE4234DCD8F80C30022B22D0032BB1
:104EA00024D0012B15D1AE4213D1012E0BD1029A81
:104EB000D8F80430136001232361CAF800300E9B38
:104EC00062251C603AE7711E204600F02AFE002889
:104ED000EDD10198214600F0D9F90E9A0023136014
:104EE00050252BE70F9B002BF3D1E0E70F9B002B06
:104EF000DDD1EEE7D39602085314030864140308C7
:104F00006F1EB9F1000F30D127B13946204600F0AD
:104F100008FE81467A1101235AF8222007F01F0764
:104F2000BB4013422946204618BF49F00209FFF74B
:104F300023FED8F80470761B0225B9F1000F47D084
:104F4000D8F80C30022B15D0032B17D0012B09D128
:104F500019F0020F06D0DAF8003049EA030919F017
:104F6000010F0ED145F0100532E04FF00109D1E7F5
:104F70000125E2E70F9BC3F101030F930F9B002B69
:104F8000F0D0D4F810B004F114034FEA8B0A03EB0D
:104F90008B014FF0000C184653F8042BB2F1FF3F81
:104FA0001BD001320260022D04F114033CD1D8F869
:104FB0000020013AB24209D17111012253F8213087
:104FC00006F01F0602FA06F61E423AD145F0200509
:104FD0000E9B1C60029B1F60B0E6994243F804CC14
:104FE000D9D8A3689B4517DB61680198013100F0AF
:104FF0000DF9814618B91A4B02468421C5E622698B
:10500000023204F10C0192000C30FFF73AFD214608
:10501000019800F03BF94C4623695A1C04EB8303CA
:10502000226101225A61BEE722695A450BDD012146
:105030002046FFF7A1FDD8F808300137BB42FFF644
:10504000E0AE0125C2E716F01F06FAD05344C6F1C0
:10505000200653F8040C00F0CBF9B042E7DBF0E790
:1050600053140308C2F10802920070B5C2F1200681
:105070004368046803FA06F52C43D340046040F803
:10508000043F8842F4D370BD30B50368013311F892
:10509000014B14B90360012030BD13F8012BA2F1BC
:1050A0004105192D98BF2032A242F0D00020F3E72D
:1050B0002DE9F04F0B6801685E1102EB860613F0D4
:1050C0001F0387B018BF04360025371F824690465D
:1050D000019346F8045CB9463C460295AB464A78D3
:1050E0004B1C039342B3104605910492FFF795FDC4
:1050F000002851D1049A0599202A18D8029B9B4573
:1051000013DD4C4506D2072D04DC2A4649462046CD
:10511000FFF7A8FF444552D90023A4F1040944F83D
:10512000043CCDF808B04C461D460399D7E7292A20
:1051300057D10231CAF80010BBF1000F51D04C45D5
:1051400006D2072D04DC2A4649462046FFF78AFF8F
:10515000444536D9A8F10402234653F8041B42F80B
:10516000041F9F42F9D23B1B23F003030433013495
:10517000033EB44288BF04234344002243F8042B77
:105180009F42FBD23B681BB9474528D101233B60B6
:10519000052007B0BDE8F08F0135082D0BF1010B9C
:1051A00006DD4445C1D9002344F8043C0125043CF4
:1051B000226800F00F0040EA02102060B5E70825E1
:1051C000B3E7019B002BDDD0C3F120034FF0FF328A
:1051D000DA4056F8043C134046F8043CD2E7043F5A
:1051E000D0E70420D5E782B001B901A942B14BB1A3
:1051F00013780B601278101E18BF012002B07047A0
:105200001046FBE76FF00100F8E7000070B5C669D3
:1052100004460D4676B91020FEF7A6F80246E06176
:1052200020B9184B18486B21FFF73EFCC0E9016616
:105230000660C660E669F36883B1E369DB6853F82A
:105240002500B8B9012101FA05F6721D9200204629
:1052500001F048F860B1C0E901560EE021220421B6
:10526000204601F03FF8E369F060DB68002BE4D1F1
:10527000002070BD026843F825200023C0E90333F5
:10528000F7E700BF25120308E114030870B5C669EB
:1052900005460C4676B91020FEF766F80246E8612E
:1052A00020B9094B09488F21FFF7FEFBC0E90166D1
:1052B0000660C6603CB1EB696268DB6853F8221097
:1052C000216043F8224070BD25120308E114030851
:1052D0002DE9F0410D6907460C461E4601F1140CFC
:1052E0000020DCF8003099B202FB01611E0C0B0CAF
:1052F00002FB063389B2013001EB034185424CF8D1
:10530000041B4FEA1346ECDC0EB3A368AB4219DC76
:10531000616838460131FFF779FF804628B90246B7
:105320000C4B0D48BA21FFF7BFFB2269023204F192
:105330000C0192000C30FFF7A4FB21463846FFF722
:10534000A5FF444604EB850301355E6125612046D7
:10535000BDE8F08153140308E11403082DE9F84374
:105360000C4615461F4609220833064693FBF2F306
:10537000002101229A4209DB3046FFF747FF40B97E
:105380000246194B1948D321FFF78EFB5200013119
:10539000F0E7089B4361092D4FF00103036116DD1F
:1053A00004F10909C8462C4418F8013B0146303B7A
:1053B0000A223046FFF78CFFA045F5D1A5F108047D
:1053C0004C442D1B6319BB4204DBBDE8F8830A344F
:1053D0000925F6E714F8013B0146303B0A22304626
:1053E000FFF776FFEEE700BF53140308E11403084C
:1053F000B0F5803F034636BF030400201020B3F110
:10540000807F3CBF1B020830B3F1805F3CBF1B01B3
:105410000430B3F1804F03D3002B0ADB0130704717
:105420009B0001D5023070475B0001D50330704707
:10543000202070470368024613F007000BD0D907FD
:1054400021D4980749BF5B089B08012013605CBF0B
:1054500013600220704799B209B91B0C1020D9B211
:1054600009B908301B0A190704BF1B090430990742
:1054700004BF9B080230D90703D45B0800F1010088
:1054800003D0136070470020704720207047000051
:1054900010B50C460121FFF7B9FE024628B9054BAD
:1054A000054840F24511FFF7FFFA0123446103610B
:1054B00010BD00BF53140308E11403082DE9F04F99
:1054C00014460A6923699A42A8BF23460F46A4BF1F
:1054D0000C461F46D4F810A0D7F81090A368616856
:1054E0000AEB0906B34285B0B8BF0131FFF78EFE63
:1054F00030B90246444B45484FF4B171FFF7D4FA36
:1055000000F1140505EB86082B460022434521D304
:1055100007F1140104F1140202EB8A0201EB890382
:105520000293131B153B23F00303043304F1150707
:10553000BA4238BF04230193029B03918B420CD8DB
:10554000002E03DD58F8043D002B5AD0066105B04B
:10555000BDE8F08F43F8042BD8E7B1F800A0BAF10A
:10556000000F23D004F1140EA9464FF0000C5EF892
:10557000047BD9F800301FFA87FB9BB20AFB0B3380
:105580006344D9F800C03F0C4FEA1C4C0AFB07C724
:1055900007EB13479BB243EA0743724549F8043BC4
:1055A0004FEA174CE3D8019B45F803C0039BB3F8BF
:1055B00002900431B9F1000F21D02B6804F1140CD2
:1055C000AE464FF0000ABCF800B0BEF8027009FB0E
:1055D0000B7757449BB243EA07434EF8043B5CF811
:1055E000043B4FEA134ABEF8003009FB0A3303EBD1
:1055F000174362454FEA134AE5D8019FEB51043542
:105600009AE7013E9CE700BF53140308E114030826
:105610002DE9F843154612F0030207460E4607D05F
:10562000254C013A002354F82220FFF751FE06468C
:10563000AD103DD0FC697CB91020FDF795FE024607
:10564000F86128B91D4B1E4840F2B311FFF72CFA40
:10565000C0E901440460C460D7F81C80D8F8084051
:105660004CB940F271213846FFF712FF0023C8F809
:105670000800044603604FF00009EB070AD53146E5
:1056800022463846FFF71AFF314680463846FFF774
:10569000FDFD46466D100BD0206838B922462146E4
:1056A0003846FFF70BFF2060C0F800900446E4E79F
:1056B0003046BDE8F88300BF5815030825120308DB
:1056C000E11403082DE9F0470C464968236903EB10
:1056D0006218A368074691464FEA621A08F101066C
:1056E000B3420BDB3846FFF791FD054648B9024649
:1056F000284B29484FF4EF71FFF7D6F901315B00D1
:10570000EEE7002300F1140100F1100218465345A2
:1057100033DB20692AEAEA7A04F1140319F01F093D
:1057200001EB8A0103EB800C2BD0C9F1200E8A46D5
:105730000022186800FA09F010434AF8040B53F8E5
:10574000042B9C4522FA0EF2F3D8ACEB0403153B74
:1057500023F00303043304F11500844538BF042308
:10576000CA500AB108F10206013E38462E612146B0
:10577000FFF78CFD2846BDE8F08742F8040F01339F
:10578000C5E7043953F8042B41F8042F9C45F9D898
:10579000EAE700BF53140308E11403080A6903464B
:1057A0000069801A30B50ED11433143103EB820432
:1057B00001EB820154F8045D51F8042D954203D0A9
:1057C00005D24FF0FF3030BDA342F3D3FBE70120F9
:1057D000F9E700002DE9F74F89460646114648468D
:1057E0001446FFF7DBFF051E12D129463046FFF7AE
:1057F0000DFD024628B93E4B40F237213D48FFF7E8
:1058000053F90123C0E90435104603B0BDE8F08F19
:10581000BCBF4B46A1463046D9F80410BABF1C465F
:1058200001250025FFF7F2FC024618B9304B40F283
:105830004521E3E7D9F810702669C56009F1100326
:1058400009F1140504F1140E00F1140B05EB87089F
:105850000EEB86060193D9464FF0000C019B5EF8D3
:10586000040B53F804AF019381B21FFA8AF35B1A59
:10587000000C6344C0EB1A4000EB23409BB243EAA8
:105880000043764549F8043B4FEA204CE6D8331BE9
:10589000153B23F0030315340433A64238BF042319
:1058A0001D445B441E462C4644450ED308F10301BB
:1058B000491B21F00301033DA84538BF00210B44DB
:1058C00053F8041D91B117619EE754F8041BE64696
:1058D000080C1CFA81FC714400EB2C4089B241EAAF
:1058E000004146F8041B4FEA204CDDE7013FE7E7A3
:1058F00053140308E11403080E4B0B40A3F150733B
:10590000002B08DC5B42B3F1A07F4FEA235204DA9C
:105910004FF400231341002208E0A2F114031E2BD0
:10592000DABF4FF00042DA40012200231946104648
:10593000704700BF0000F07F0269F8B500F114065F
:1059400006EB8202204F52F8044C2046FFF750FD30
:1059500003460A2BC0F12000A2F10405086013DC05
:10596000AE4238BF52F8082CC3F10B0C28BF0022FE
:10597000153324FA0CFE04FA03F322FA0CF24EEA71
:1059800007011A431046F8BDAE4236BFA2F1080522
:10599000002252F8082C0B3B12D0C3F1200722FA48
:1059A00007F19C400C43B54244F07F518CBF55F841
:1059B000044C00249A40FC4041F440112243E1E7AA
:1059C00044EA0701DEE700BF0000F03F2DE9734322
:1059D0000121089E90469946FFF718FC044630B90D
:1059E0000246244B244840F20F31FFF75DF8C9F31B
:1059F0000A55C9F313030DB143F480130193B8F1B1
:105A0000000324D068460093FFF714FDDDE900127F
:105A1000D8B1C0F1200302FA03F30B43C240636123
:105A20000192019BA361002B0CBF01220222226183
:105A3000ADB1A5F2334505443560C0F13500099B91
:105A40001860204602B0BDE870836161E9E701A8F3
:105A5000FFF7F0FC019B636120300122E7E704EBD4
:105A60008203A0F2324030601869FFF7C1FCC0EB3E
:105A70004210E4E753140308E11403082DE9F04F42
:105A800085B0CDE9001002A9FFF756FF8B46064608
:105A90000F46009803A9FFF74FFF019B89460D466B
:105AA0001969009B1B69C91ADDE902329B1A03EBD5
:105AB0004113002BCDBF3A46C3EB03332A4602EB1A
:105AC000035BD8BF02EB0359044622464B463046DF
:105AD0005946DAF71BFE05B0BDE8F08F013970B505
:105AE00049111469013102F1140300EB810103EB48
:105AF0008404051FA3420CD3A31A113B23F0030314
:105B00001132A24288BF002318440023884205D3E3
:105B100070BD53F8046B45F8046FEBE740F8043BA5
:105B2000F4E700F1140200694B11984210B511DB43
:105B30000ADD11F01F0107D052F8234024FA01F0CA
:105B400000FA01F18C420BD102EB8303934203D89C
:105B5000002010BD0346F7E753F8041D0029F5D0D7
:105B60000120F6E751F8043C181F002BBCBF0B586E
:105B7000C01870470346084641B1FF2A04D98A225B
:105B80001A604FF0FF3070470A70012070472DE90E
:105B9000F0478E681F46BE420B6882460C46904610
:105BA0002DD8B1F90C2012F4906F26D065690969DF
:105BB00005EB4505A3EB010905EBD5757B1C4B44B3
:105BC0006D109D4238BF1D46530527D52946FDF768
:105BD000FDFB064660B321694A46FEF752FFA389E2
:105BE00023F4906343F08003A381266165614E44F2
:105BF000A5EB09052660A5603E46BE4200D93E469B
:105C0000206832464146FEF7E2FDA3689B1BA36075
:105C10002368334423600020BDE8F0872A46FDF75F
:105C2000D5FC06460028E0D121695046FEF75AFF10
:105C30000C23CAF80030A38943F04003A3814FF03E
:105C4000FF30E9E72DE9F04F98468B891B069DB0A0
:105C500007460D46144610D50B6973B94021FDF770
:105C6000B5FB2860286130B90C233B604FF0FF3052
:105C70001DB0BDE8F08F40236B6100230993202302
:105C80008DF82930CDF80C803023DFF89C818DF819
:105C90002A304FF0010923469A4613F8012B0AB126
:105CA000252AF9D1BAEB040B0BD05B4622462946D4
:105CB0003846FFF76CFF013000F0A780099A5A447C
:105CC00009929AF80030002B00F09F8000234FF0DB
:105CD000FF32CDE905230AF1010A049307938DF8F9
:105CE00053301A935446052214F8011B4E48DBF733
:105CF000D7FA049AD8B9D00644BF20238DF8533080
:105D0000110744BF2B238DF853309AF800302A2B0B
:105D100015D0079A544600204FF00A0C214611F87E
:105D2000013B303B092B4BD9B0B1079214E0A0EBFB
:105D3000080309FA03F313430493A246D2E7039B33
:105D4000191D1B680391002BBBBF5B4242F002028E
:105D500007930793B8BF049223782E2B0AD1637858
:105D60002A2B32D1039B1A1D1B68039243EAE3736B
:105D700002340593DFF8B4A0217803225046DBF704
:105D80008FFA38B1049BA0EB0A00402282401343F3
:105D90000134049314F8011B25488DF828100622BD
:105DA000DBF77EFA002836D0224B1BBB039B073360
:105DB00023F0070308330393099B334409936AE7ED
:105DC0000CFB02320C460120A8E7002301340593A6
:105DD00019464FF00A0C204610F8012B303A092AD8
:105DE00003D9002BC6D00591C4E70CFB0121044662
:105DF0000123F0E703AB00932A460F4B04A9384672
:105E0000AFF30080421C0646D6D1AB895B063FF556
:105E10002DAF09982CE703AB00932A46064B04A943
:105E2000384600F079F8EDE7581603085E160308C7
:105E300062160308000000008F5B02082DE9F0479E
:105E4000164698468A680B69DDF820909342B8BFE1
:105E50001346336091F8432007460C460AB10133DC
:105E600033602368990642BF336802333360256884
:105E700015F0060506D104F1190AE36832689B1A89
:105E8000AB4226DC94F843302268003B18BF012364
:105E900092062BD404F1430241463846C8470130EC
:105EA0001ED02368226903F00603042B02BFE568B5
:105EB0003368ED1AA3680CBF25EAE5750025934207
:105EC000C4BF9B1AED1800261A34B5421AD100201F
:105ED00008E00123524641463846C847013003D105
:105EE0004FF0FF30BDE8F0870135C6E7E1185A1CD6
:105EF000302081F84300224494F8451082F8431082
:105F00000233C7E70123224641463846C8470130DD
:105F1000E6D00136D9E700002DE9FF470F7E0C9E41
:105F2000782F914680460C469A4601F1430207D8E5
:105F3000622F0AD8002F00F0DD80582F00F0C380B8
:105F400004F1420684F842703AE0A7F16303152B8E
:105F5000F6D801A151F823F0B15F0208C55F02082D
:105F6000415F0208415F0208415F0208415F020889
:105F7000C55F0208415F0208415F0208415F0208F5
:105F8000415F0208DB600208536002089360020868
:105F9000415F0208415F0208FD600208415F02089C
:105FA00053600208415F0208415F02089B600208DB
:105FB00033681A1D1B68326004F1420684F84230CF
:105FC0000123A8E031682368081D30601E0601D552
:105FD0000D6803E05D06FBD5B1F900506168002D46
:105FE00078DA2D20002984F84300A1602DDA5E487C
:105FF0006D420A231646B5FBF3F103FB1157C75D4B
:1060000006F8017D2F46BB420D46F4D9082B0BD173
:106010002368DF0708D5236961689942DEBF302312
:1060200006F8013C06F1FF36921B2261CDF800A074
:106030004B4603AA21464046FFF700FF01306FD1CF
:106040004FF0FF3004B0BDE8F08723F00403236075
:10605000CDE721683368080653F8045B02D449068B
:1060600048BFADB26F2F4048336014BF0A230823E6
:10607000002184F843106668A660002EBADB216810
:1060800021F004012160002DB4D1002EB2D11646BA
:10609000BCE7236843F0200323603448782784F862
:1060A0004570236831681F0651F8045B02D45F060F
:1060B00048BFADB23160D90744BF43F0200323602D
:1060C0001DB11023D4E72848E9E7236823F0200313
:1060D0002360F6E724480A23CDE733682568616921
:1060E000181D30602E061B6801D5196002E0680695
:1060F000FBD5198000232361164697E733681A1DE4
:1061000032601E68626800213046DBF7C9F808B1CA
:10611000801B606063682361002384F8433085E757
:106120002369324649464046D047013088D023682B
:106130009B0714D4E068039B9842B8BF184681E7D8
:106140000123324649464046D04701303FF478AFFC
:106150000135E36803995B1AAB42F1DCEAE70025FD
:1061600004F11906F5E700BF691603087A1603085B
:10617000B1F90C20F8B5170705460C4656D44B6804
:10618000002B02DC0B6C002B3DDDE66A002E3AD0C2
:10619000002312F480522F68216A2B6025D0626D93
:1061A000A389580705D56368D21A636B0BB1236CBA
:1061B000D21A216AE66A00232846B047411C24D03F
:1061C0000023636023692360A389DA0400D5606536
:1061D000616B2F60B9B104F14403994202D02846A3
:1061E000FEF780FC002363630DE001232846B047DF
:1061F000461C0246D4D12B68002BD1D01D2B01D0D8
:10620000162B2AD12F6000202EE02A68B4F90C301A
:1062100042B11D2A01D0162A21D1002363602369CF
:106220002360D5E7626022692260CEE70F69002F04
:10623000E9D093070E6808BF4B690F6018BF0023B1
:10624000F61B8B60002EDEDD216AD4F828C03346B1
:106250003A462846E047002807DCB4F90C3043F002
:106260004003A3814FF0FF30F8BD0744361AE9E739
:1062700038B50B6905460C4613B90025284638BDCC
:1062800018B1036A0BB9FEF767F9B4F90C30002BAB
:10629000F3D0626ED00704D4990502D4A06DFEF746
:1062A000E6FB28462146FFF763FF636EDA070546E3
:1062B000E4D4A3899B05E1D4A06DFEF7D9FBDDE70B
:1062C0000EB403B5014603AB054853F8042B006830
:1062D000019300F043F802B05DF804EB03B070479F
:1062E0000003002070B5A1FB02543CB92946FDF71C
:1062F0006DF8064628B90026304670BD0C220260B3
:10630000F9E72A462146FEF77CFAF5E79368013B58
:10631000002B10B4936007DA9469A34201DB0A29C9
:1063200002D110BC00F032B91368581C106019700B
:10633000084610BC7047F8B506460F461446D518F7
:10634000AC4201D1002007E014F8011B3A46304668
:10635000FFF7DCFF431CF3D1F8BD00002DE9F04F3F
:106360000D469DB014469846064618B1036A0BB90F
:10637000FEF7F2F86B6ED90705D4AB899A0502D403
:10638000A86DFEF774FBAB891B0701D52B699BB980
:106390002946304600F038F970B16B6EDC0704D541
:1063A0004FF0FF301DB0BDE8F08FAB899805F7D4F2
:1063B000A86DFEF75DFBF3E70023099320238DF81A
:1063C0002930CDF80C803023DFF8AC818DF82A30ED
:1063D0004FF0010923469A4613F8012B0AB1252AEA
:1063E000F9D1BAEB040B0BD05B4622462946304666
:1063F000FFF7A1FF013000F0A780099A5A440992E3
:106400009AF80030002B00F09F8000234FF0FF32FD
:10641000CDE905230AF1010A049307938DF853305F
:106420001A935446052214F8011B5348DAF738FF33
:10643000049AD8B9D10644BF20238DF853301307EE
:1064400044BF2B238DF853309AF800302A2B15D0F7
:10645000079A544600204FF00A0C214611F8013BE0
:10646000303B092B4BD9B0B1079214E0A0EB0803E5
:1064700009FA03F313430493A246D2E7039B191DC1
:106480001B680391002BBBBF5B4242F002020793E3
:106490000793B8BF049223782E2B0AD163782A2B56
:1064A00032D1039B1A1D1B68039243EAE373023443
:1064B0000593DFF8C8A0217803225046DAF7F0FEF2
:1064C00038B1049BA0EB0A00402282401343013400
:1064D000049314F8011B2A488DF828100622DAF7D5
:1064E000DFFE00283FD0274B1BBB039B073323F065
:1064F000070308330393099B3B4409936AE70CFBAA
:1065000002320C460120A8E7002301340593194606
:106510004FF00A0C204610F8012B303A092A03D913
:10652000002BC6D00591C4E70CFB012104460123D2
:10653000F0E703AB00932A46134B04A93046AFF3B0
:1065400000800746781CD6D16B6ED90705D4AB897D
:106550009A0502D4A86DFEF78BFAAB895B063FF56E
:106560001FAF09981EE703AB00932A46064B04A908
:106570003046FFF7D1FCE4E7581603085E1603081F
:10658000621603080000000037630208F8B50E46E3
:106590001446054618B1036A0BB9FDF7DDFFA36980
:1065A000A360A3891A0701D5236943B92146284668
:1065B00000F02AF818B14FF0FF373846F8BD2368CD
:1065C0002269981A6369F6B28342374605DC214690
:1065D0002846FFF74DFE0028EDD1A368013BA360DC
:1065E00023685A1C22601E706269431C9A4204D0C0
:1065F000A389DB07E1D50A2EDFD121462846FFF724
:1066000037FE0028D9D0D6E738B5294B054618689B
:106610000C4618B1036A0BB9FDF79EFFB4F90C30B4
:10662000190722D4DA0607D409222A6043F040036E
:10663000A3814FF0FF3033E0580712D5616B41B1B1
:1066400004F14403994202D02846FEF74BFA002396
:106650006363A38923F02403A38100236360236978
:106660002360A38943F00803A38123694BB9A3895D
:1066700003F42073B3F5007F03D02146284600F0D1
:106680003FF8B4F90C3013F001020AD00022A260E6
:1066900062695242A261226942B913F08000C5D1F9
:1066A00038BD990758BF6269A260F4E70020F7E798
:1066B0000003002070B50C46B1F90E10002996B009
:1066C00015461E460DDAA38913F0800F4FF0000126
:1066D00014BF40234FF48063002031602B6016B05C
:1066E00070BD6A4600F048F80028ECDB019901F41F
:1066F0007041A1F50053594259414FF48063EBE7D3
:106700008B89F7B59D0706460C4607D504F147036C
:10671000236023610123636103B0F0BD01AB6A46CE
:10672000FFF7C8FF009F054639463046FCF74EFE8E
:1067300048B9B4F90C309A05EED423F0030343F0C2
:106740000203A381E2E7A389206043F08003A381D1
:10675000019BC4E904075BB1B4F90E10304600F0A8
:106760001DF828B1A38923F0030343F00103A3819B
:10677000A3891D43A581CFE738B5074D0023044603
:10678000084611462B60E1F72AF8431C02D12B681A
:1067900003B1236038BD00BF483B002038B5064D2B
:1067A0000023044608462B60E1F71EF8431C02D183
:1067B0002B6803B1236038BD483B002038B5002268
:1067C000002304460D46DAF7E9F828B920462946A1
:1067D000BDE8384000F00AB8204605F1004100F05D
:1067E00005F8404261EB410138BD00BFD0B50C4B0C
:1067F000002206460F46D9F75FFEDAF735F9044660
:10680000D9F7E0FD074B0022D9F756FE02460B46AA
:1068100030463946D9F798FCDAF726F92146D0BD3B
:106820000000F03D0000F041F8B500BFF8BC08BC26
:106830009E467047F8B500BFF8BC08BC9E4670473E
:106840000000000001000000020000000200000043
:1068500000000000010000000000FFFF00008000B9
:106860000000000008000800000000000000000018
:10687000E8030000FFFFFFFFFFFFFFFFFFFFFFFF39
:10688000FFFFFFFFFFFFFFFFFFFFFFFF0000000014
:10689000800100008001000012AD101B000000000C
:1068A00001010000010001000000010001000000E2
:1068B0005000B00018017801B0021803C805300676
:1068C000300C980C0000000004000000000001588B
:1068D000020D000009000000003800401203000013
:1068E0000F000000003001401205000019000000F8
:1068F0000038004012050000FFFFFFFF000000000D
:10690000000000000500000000000158020D00001A
:1069100009000000003800401205000013000000CC
:1069200000300140120500001A000000003800404D
:10693000120500001D000000003800401205000094
:10694000FFFFFFFF00000000000000000600000045
:1069500000000158020D000014000000003001404A
:10696000120500001E000000003800401205000063
:10697000FFFFFFFF00000000000000000700000014
:1069800000000158020D00000A000000003800401D
:10699000120500001F000000003800401205000032
:1069A000210000000038004012030000FFFFFFFF3D
:1069B000000000000000000014000000003801404A
:1069C00012070000FFFFFFFF0000000000000000B2
:1069D000130000000038014012070000FFFFFFFF16
:1069E00000000000000000000300000000800040E4
:1069F00012080000030100000044004012070000DC
:106A00000A000000003801401207000017000000D3
:106A100000380140120700001A000000008000400A
:106A20001208000020000000008000401208000052
:106A3000FFFFFFFF00000000000000000200000058
:106A400000800040120800000201000000440040E5
:106A50001207000009000000003801401207000082
:106A6000160000000038014012070000210000005D
:106A70000080004012080000FFFFFFFF0000000040
:106A80000000000000000000000000401281000033
:106A9000020000000000004012810100030000001D
:106AA000000000401201020009000000002C01401B
:106AB000120101000A000000002C014012810100B7
:106AC0000F000000000000401281000013000000D1
:106AD00000000040120101001600000000440140C7
:106AE000128E10001700000000480140128E1000A6
:106AF00019000000002C0140128111001901000052
:106B000000480140128E00001A0000000000004002
:106B1000128101001D000000002C014012811000B4
:106B20001E000000002C0140120111001F00000097
:106B3000002C014012811100FFFFFFFF0000000048
:106B40000000000009000000005400400A0400009A
:106B500016000000005400400A0400001A00000063
:106B6000005C00400A0400001D000000005C0040C2
:106B70000A0400001F000000005800400A04000042
:106B800020000000005C00400A040000FFFFFFFF3F
:106B900000000000000000000A0000000054004057
:106BA0000A0400000F000000005800400A04000022
:106BB00014000000005C00400A0400001700000000
:106BC000005400400A040000190000000054004076
:106BD0000A0400001E000000005C00400A040000DF
:106BE00021000000005C00400A040000FFFFFFFFDE
:106BF00000000000000000000A00000000740040D7
:106C000003800000FFFFFFFF000000000000000005
:106C10000A00000000240140030003000D000000F2
:106C200000240140038004000E0000000024014005
:106C3000030005000F000000002401400380050050
:106C400013000000002401400300010014000000B4
:106C500000240140038001001D00000000240140C9
:106C6000030000001E00000000240140038000001B
:106C7000FFFFFFFF00000000000000000700000011
:106C80000B0000000D0000001100000012000000C9
:106C90000E0000000F0000001000000000000000C7
:106CA000020000000300000021000000200000009E
:106CB00016000000170000000F0000001F00000079
:106CC000090000001A0000001D000000190000006B
:106CD0001E0000000A0000000E0000000D00000071
:106CE0001300000014000000150000000400000064
:106CF00005000000100000002F0000002E00000022
:106D00000700000006000000010002000400060069
:106D100008000A000C001000200040008000000164
:106D200002010403020408100400400000040000F3
:106D3000001000B0002000B4004000B801000000C6
:106D400002000004040000080800000C10000010FD
:106D500020000014400000188000001C00010020EA
:106D600000020024000400280008002C001000305D
:106D700000200034004000380080003C000001404A
:106D800000000244010000000200000004000000B6
:106D9000080000001000000020000000400000007B
:106DA000800000000001000000020000000400005C
:106DB000000800000010000000200000004000005B
:106DC000008000000100000002000000040000003C
:106DD000080000001000000020000000400000003B
:106DE000800000000001000000020000000400001C
:106DF000000800000010000000200000004000001B
:106E000000800000A0860100400D0300801A0600EB
:106E100000350C0040420F0080841E0000093D0038
:106E200000127A000024F40000366E010048E801E8
:106E3000006CDC0200000000000000000000000008
:106E40000000000000000000000000000000000042
:106E5000000000000100000002000000030000002C
:106E60000400000001000000030000000500000015
:106E70000100000001000000060000000A00000000
:106E800020000000020000000400000008000000D4
:106E90001000000040000000800000000001000021
:106EA0000002000076312E302E322D626666396582
:106EB00063390032382D4D61792D3230323600720F
:106EC00065706561746572007B2272656376223A33
:106ED00025752C2273656E74223A25752C22666CFA
:106EE0006F6F645F7478223A25752C22646972652D
:106EF00063745F7478223A25752C22666C6F6F6418
:106F00005F7278223A25752C226469726563745F1A
:106F10007278223A25752C22726563765F657272EB
:106F20006F7273223A25757D00253032643A253020
:106F300032643A25303264202D2025642F25642FB9
:106F400025642055007365656E3D256C75206F6B5B
:106F50003D256C752064726F703D256C75207370D3
:106F6000616D3D256C75206661696C3D256C750A07
:106F7000733D256C7520743D256C7520653D256C31
:106F80007520753D256C7520746D3D256C750A6CFA
:106F90006173743D25732073633D257520656E3DD7
:106FA0002575206D6F64653D257300736C65657094
:106FB00020617474656D7074733D256C750A736B14
:106FC00069702070656E64696E673D256C7520621E
:106FD00072696467653D256C750A77616B6520721F
:106FE000783D256C7520737570706F72743D2573D4
:106FF00000756E6B6E6F776E005F6D61696E002F4E
:107000007061636B65745F6C6F670025733A25640C
:107010003A2564002D6E6F6E652D007B226E6F69C0
:1070200073655F666C6F6F72223A25642C226C6107
:1070300073745F72737369223A25642C226C6173D6
:10704000745F736E72223A252E32662C2274785F3A
:107050006169725F73656373223A25752C227278B9
:107060005F6169725F73656373223A25757D007B8A
:1070700022626174746572795F6D76223A25752C8F
:1070800022757074696D655F73656373223A257547
:107090002C226572726F7273223A25752C227175DB
:1070A0006575655F6C656E223A25757D006E6F6E45
:1070B00065006C6F775F636F6E666964656E6365AC
:1070C0000073686F727400656D7074795F746578B1
:1070D0007400696E76616C69645F757466380074FB
:1070E000696D657374616D70006164763D256C75C2
:1070F0002F256C752F256C75206361643D256C759B
:107100002F256C750A77206E3D257520753D2575F8
:1071100020643D257520733D25752066643D256CF2
:10712000752064643D256C750A613D256C752F25BD
:107130006C7520633D257520643D257520703D25C7
:107140007520793D257500676F6F6400666169720F
:107150000062616400706F6F720068696768006F39
:107160006B006C6F77006865616C74683D257320F7
:1071700073636F72653D2575207265706561743D3E
:1071800025732072786572723D2575252520616909
:10719000723D25732064656E736974793D25732093
:1071A0006475703D257525250A7370616D5F647285
:1071B0006F703D256C75207370616D5F6D6F6465D8
:1071C0003D25732073663D257520667265713D25EA
:1071D000730044003A2052582C206C656E3D2564A3
:1071E0002028747970653D25642C20726F75746554
:1071F0003D25732C207061796C6F61645F6C656EE6
:107200003D25642920534E523D2564205253534955
:107210003D25642073636F72653D256400205B2506
:10722000303258202D3E20253032585D0A003A2059
:1072300054582C206C656E3D256420287479706547
:107240003D25642C20726F7574653D25732C20706C
:1072500061796C6F61645F6C656E3D256429003AED
:10726000205458204641494C212C206C656E3D2508
:10727000642028747970653D25642C20726F7574C4
:10728000653D25732C207061796C6F61645F6C655E
:107290006E3D2564290A00616C6C6F776564007728
:1072A000696F2D65352D6D696E6920526570656158
:1072B000746572004C56534954414E4F53004F4B26
:1072C000202D206C6F6164656420256420726567E1
:1072D000696F6E73007365747065726D200045721E
:1072E00072202D2062616420706172616D73004FA5
:1072F0004B00457272202D20696E76616C696420A6
:10730000706172616D7300457272202D206261643C
:10731000207075626B6579006765742061636C002D
:1073200041434C3A00253032582000646973636F42
:107330007665722E6E65696768626F72730045725A
:1073400072202D20646973636F7665722E6E656995
:107350006768626F727320686173206E6F206F7050
:1073600074696F6E73004F4B202D20446973636FF7
:107370007665722073656E740025730A25730A257D
:10738000730000000000000000000000C1C30008FE
:10739000BB780008599500080996000881960008F6
:1073A000938D0008BF8D0008517A00082B780008E3
:1073B000A17A00080DBD00081BB300084978000839
:1073C0004F7800080D780008B1990008D59600089C
:1073D000218D0008317800083D780008A981000857
:1073E000158200085B780008BD7800084179000824
:1073F000B5A7000815780008F97A0008C7890008C1
:107400005F9E0008177800082D8A00081978000888
:10741000D9BC00081B7800081D78000861780008B6
:107420007178000881780008F57C000871790008FF
:10743000AD7B00089B9F0008C5790008ED79000826
:1074400091780008DD7C0008F5A900089D7B000804
:10745000BD8600083B7B0008CD880008ED8700084A
:10746000157A0008AD8F0008D97B00083990000814
:107470006D7C000805790008C17B0008077D0008C5
:107480009D780008B17C0008798C00082B8C0008DE
:10749000BD8C0008F178000830FFFFFF00000000FD
:1074A000017D00086978000879780008897800086B
:1074B000B97B0008D99F0008E57900080D7A00081B
:1074C00097780008ED7C000841AA0008A37B00081B
:1074D000BD870008957B00081989000859880008B5
:1074E000497A000831900008657C0008BD910008C9
:1074F000A97C0008A1780008D57C0008B58C00089C
:10750000498C0008C98C0008FD780008BB79000888
:1075100039790008D17B00082B7D00081F7800080E
:107520002578000827780008297800088B3387E938
:10753000C5CDEA6AC9E5EDBAA115CD72000000001B
:1075400000000000000000000000000052657065AF
:10755000617465722049443A200020202D3E2000AD
:10756000000000000000000065AA00080000000004
:107570000000000049AA0008000000000000000010
:10758000C3AA000869AA00084E6F74206176616979
:107590006C61626C650053656565642057696F2096
:1075A0004535206D696E69004552524F523A20723E
:1075B0006164696F20696E6974206661696C6564D5
:1075C0003A20000000000000000000006FAF00083B
:1075D00000000000000000006DAF0008EDAF0008E3
:1075E0004D3201084D460108934601089D460108A9
:1075F00091280108B15B0108352F0108815B010862
:107600001F2E01087F390108A5340108452C010807
:10761000332C010815280108414F0108C14E01080B
:10762000B1540108395701084F5701084F2201088A
:107630006D250108075501082D4E01080D50010860
:10764000DD5001084535010855340108F52E0108C3
:10765000D1280108D12A0108652A0108932C0108C4
:107660007F2C01087D2A0108AD280108792E010828
:10767000412E01086D2801082D300108BD2C01089C
:10768000872A0108F32D01083D220108452201083F
:107690003D220108452201083D220108452201083A
:1076A00095250108092C0108A5360108852D01083A
:1076B0008F2A010809240108852301083D4C01088F
:1076C000094D010849230108A123010841240108AB
:1076D000F92601083527010800000000000000001D
:1076E00089060108E50601084D07010851B00008A8
:1076F000F50801081D08010861070108B90701081C
:10770000E5AE0008C10601088D070108D106010891
:1077100039B00008DB870008E38700081DAF0008C8
:107720002DB10008DDAE0008FDAF0008810701089B
:10773000EBAE0008EDAE0008000000000000000005
:1077400035AF000823B0000805B0000800000000B5
:10775000000000006188000899AE0008A1AE000892
:10776000A5AE000865AF0008D5AF0008CDAF000892
:10777000F5AE0008DDAF0008A9AE0008ABAE00080A
:10778000AFAE0008F1AE0008B1AE000819AF0008B6
:10779000B5AE0008B9AE0008BDAE0008C1AE000825
:1077A000C5AE0008C9AE0008D1AE0008D5AE0008CD
:1077B000ABAF000800000000000000009BAF000815
:1077C00061B000084DAF00084FAF000853AF00088C
:1077D00057AF00085BAF00085FAF00080100000072
:1077E0000000000000000000000000000000000099
:1077F0000000000002000000010000000000000086
:107800000000000000000000000000000400000074
:107810000000000001000000000000000000000067
:107820000000000000000000000000000000000058
:107830000000000000000000000000001400000034
:1078400015000000FFFFFFFFFFFFFFFFFFFFFFFF2F
:10785000000000000000000000000000F5B2000879
:10786000F7B20008F9B20008FBB20008FDB2000848
:10787000FFB2000801B3000811B3000821B30008EB
:1078800017B300081BB3000809B300080DB30008C4
:107890000D7800087065E18FD9FABB70C1ED90DCFE
:1078A000A19907DE698C88B709EA146EAFD93D9BB0
:1078B000830C7B60C4681193C79BBC39945BA8069A
:1078C0004104BB618F8FD7A84A0AF6F57033D6E81A
:1078D000DDCD6471001EC77175B0918ED206F9AE10
:1078E00004EC136D6D5D4315BB26305427F645B48B
:1078F00092E9350C100000000000000000000000BC
:10790000C1C30008F5B20008F7B20008F9B20008D8
:10791000FBB20008FDB20008FFB2000801B3000886
:1079200011B3000821B300080DBD00081BB3000807
:1079300009B300080DB300080D780008ADBC0008BD
:10794000C9BC0008B1BC0008B3BC0008B7BC000843
:10795000DDBC0008CDBC0008D1BC0008D5BC0008C7
:10796000BBBC0008BDBC000815780008BFBC0008FF
:10797000C3BC0008C5BC000817780008C7BC0008D5
:1079800019780008D9BC00081B7800081D78000889
:107990003031323334353637383941424344454645
:1079A000002F735F636F6E746163747300656E6143
:1079B000626C65640064697361626C65004F4B20A2
:1079C0002D20726570656174206973206E6F772059
:1079D0004F4646004F4B202D207265706561742024
:1079E0006973206E6F77204F4E004F4B202D206D16
:1079F000616C666F726D6564206368617420647287
:107A00006F70206973204F4E004F4B202D206D6109
:107A10006C666F726D656420636861742064726F58
:107A200070206973204F46460064757479637963EA
:107A30006C6520004552524F523A20647574796348
:107A400079636C65206D75737420626520312D310A
:107A50003030004F4B202D2025642E256425250035
:107A600061662000696E742E746872657368200008
:107A70006167632E72657365742E696E74657276C4
:107A8000616C20004F4B202D20696E746572766109
:107A90006C20726F756E64656420746F20256400BD
:107AA0006D756C74692E61636B732000616C6C6F13
:107AB000772E726561642E6F6E6C792000666C6F34
:107AC0006F642E6164766572742E696E7465727669
:107AD000616C20004572726F723A20696E74657233
:107AE00076616C2072616E676520697320332D3179
:107AF000363820686F757273004572726F723A2063
:107B0000696E74657276616C2072616E676520695A
:107B1000732025642D323430206D696E7574657361
:107B20000067756573742E70617373776F7264206C
:107B3000007072762E6B657920004F4B2C20726599
:107B4000626F6F7420746F206170706C7921204EA9
:107B50006577207075626B65793A20004572726FA7
:107B6000722C20626164206B6579006E616D652006
:107B70000072657065617420006D616C666F726D76
:107B800065642E64726F7020006D616C666F726D3B
:107B9000656420004F4B202D207265626F6F74204A
:107BA000746F206170706C79004572726F722C2056
:107BB000696E76616C696420726164696F207061BE
:107BC00072616D73006C617420006C6F6E200072C6
:107BD0007864656C617920004572726F722C206345
:107BE000616E6E6F74206265206E65676174697680
:107BF0006500666C6F6F642E6D617820004572724F
:107C00006F722C206D617820363400666C6F6F6463
:107C10002E6164766572742E626173652000457210
:107C2000726F723A2062617365206D7573742062A1
:107C300065206265747765656E203020616E642012
:107C40003100666C6F6F642E72656C61792E707294
:107C50006F6220004572726F723A2070726F6261BB
:107C600062696C697479206D757374206265203067
:107C70002D32353500666C6F6F642E64796E616DE0
:107C800069632E656E61626C6520004572726F7269
:107C90003A206578706563746564206F6E206F723A
:107CA000206F666600666C6F6F642E6E6F64652E63
:107CB00064656C61792000666C6F6F642E6475700A
:107CC0002E737570707265737320006469726563DA
:107CD000742E747864656C617920006F776E6572BC
:107CE0002E696E666F2000706174682E686173681B
:107CF0002E6D6F646520004572726F722C206D7559
:107D0000737420626520302C312C206F7220320079
:107D10006C6F6F702E6465746563742000457272B9
:107D20006F722C206D7573742062653A206F6666E1
:107D30002C206D696E696D616C2C206D6F646572AD
:107D40006174652C206F722073747269637400749F
:107D50007820006672657120006164632E6D756C19
:107D60007469706C69657220004F4B202D2075730B
:107D7000696E672064656661756C7420626F6172FC
:107D800064206D756C7469706C696572004F4B206E
:107D90002D206D756C7469706C69657220736574E3
:107DA00020746F20252E3366004572726F723A2060
:107DB000756E737570706F7274656420627920746B
:107DC00068697320626F61726400756E6B6E6F77A5
:107DD0006E20636F6E6669673A2025730045727284
:107DE0006F722C2062616420636861727300647535
:107DF00074796379636C65003E2025642E256425C3
:107E000025006166003E20257300696E742E74683B
:107E100072657368003E202564006167632E726599
:107E20007365742E696E74657276616C006D756C25
:107E300074692E61636B7300616C6C6F772E726571
:107E400061642E6F6E6C7900666C6F6F642E616476
:107E5000766572742E696E74657276616C00666CFC
:107E60006F6F642E6164766572742E626173650053
:107E7000666C6F6F642E72656C61792E70726F62C2
:107E8000003E20257500666C6F6F642E64796E610C
:107E90006D69632E656E61626C6500666C6F6F6400
:107EA0002E6E6F64652E64656C617900666C6F6F11
:107EB000642E6475702E73757070726573730072C2
:107EC000657065617465722E6865616C74680072B6
:107ED000657065617465722E737461747573006783
:107EE000756573742E70617373776F72640070724E
:107EF000762E6B6579006E616D65007265706561E7
:107F000074006D616C666F726D65642E64726F7063
:107F1000006D616C666F726D6564006C6174006CFD
:107F20006F6E003E2025732C25732C25642C256450
:107F300000727864656C617900666C6F6F642E6D99
:107F40006178006469726563742E747864656C612D
:107F500079006F776E65722E696E666F007061745E
:107F6000682E686173682E6D6F6465006C6F6F704A
:107F70002E646574656374003E206F6666003E2063
:107F80006D696E696D616C003E206D6F6465726134
:107F90007465003E207374726963740074780066BF
:107FA000726571007075626C69632E6B6579007221
:107FB0006F6C65006272696467652E747970650024
:107FC000626F6F746C6F616465722E7665720045C6
:107FD00052524F523A20756E737570706F7274659D
:107FE00064006164632E6D756C7469706C69657290
:107FF000003E20252E3366007077726D67742E73F5
:108000007570706F7274003E20756E737570706F4E
:1080100072746564007077726D67742E736F757219
:108020006365004552524F523A20506F7765722077
:108030006D616E6167656D656E74206E6F7420731F
:108040007570706F72746564007077726D67742EEE
:10805000626F6F74726561736F6E007077726D67B7
:10806000742E626F6F746D76003F3F3A2025730067
:10807000457272202D2073617665206661696C659A
:1080800064002A0074726565006C6F61640073613E
:10809000766500616C6C6F776600457272202D20EA
:1080A000756E6B6E6F776E20726567696F6E0064B8
:1080B000656E796600676574002025732028257336
:1080C000292025730020257320257300686F6D65B6
:1080D0000020686F6D65206973206E6F77202573AF
:1080E0000020686F6D6520697320257300646566E4
:1080F00061756C74002064656661756C74207363CF
:108100006F7065206973206E6F77203C6E756C6CA4
:108110003E002064656661756C742073636F7065E2
:10812000206973206E6F7720257300457272202DB1
:1081300020726567696F6E207461626C6520667578
:108140006C6C002064656661756C742073636F707D
:108150006520697320257300457272202D20756E8D
:108160006B6E6F776E20706172656E74004572720F
:10817000202D20756E61626C6520746F207075749F
:10818000004F4B202D2028666C6F6F6420616C6C53
:108190006F776564290072656D6F76650045727250
:1081A000202D206E6F7420656D7074790045727299
:1081B000202D206E6F7420666F756E640064656E8E
:1081C00069656400457272202D20757365202761F2
:1081D0006C6C6F77656427206F72202764656E6909
:1081E00065642700457272202D203F3F0045727262
:1081F000006E756C6C00706F7765726F66660073E9
:10820000687574646F776E00636C6B7265626F6F14
:1082100074006164766572742E7A65726F686F702F
:10822000004F4B202D207A65726F686F702061645B
:10823000766572742073656E74006164766572741D
:10824000004F4B202D204164766572742073656E5B
:108250007400636C6F636B2073796E63004F4B2007
:108260002D20636C6F636B207365743A2025303268
:10827000643A25303264202D2025642F25642F2573
:108280006420555443004552523A20636C6F636B2F
:108290002063616E6E6F7420676F206261636B771D
:1082A00061726473007374617274206F746100454D
:1082B00072726F72006F74612E636865636B006F1A
:1082C00074612E75706461746500636C6F636B001C
:1082D00074696D652000284552523A20636C6F63C3
:1082E0006B2063616E6E6F7420676F206261636BD9
:1082F000776172647329006E65696768626F722EB8
:1083000072656D6F766520004552523A2062616455
:10831000207075626B65790074656D707261646957
:108320006F20004F4B202D2074656D70207061729E
:10833000616D7320666F72202564206D696E730015
:108340004572726F722C20696E76616C6964207060
:108350006172616D730070617373776F7264206E08
:108360006F773A20257300636C6561722064656ED7
:1083700073652E737461747300284F4B202D206435
:10838000656E7365207374617473207265736574B0
:108390002900636C656172207370616D2E73746166
:1083A000747300284F4B202D207370616D207374FF
:1083B0006174732072657365742900636C65617202
:1083C00020706F7765722E737461747300284F4B41
:1083D000202D20706F776572207374617473207222
:1083E000657365742900636C6561722073746174D0
:1083F0007300284F4B202D207374617473207265B5
:10840000736574290046696C652073797374656DB2
:108410002065726173653A20257300257320284218
:1084200075696C643A202573290073656E736F72E9
:1084300020676574200073656E736F7220736574B6
:10844000200063616E27742066696E642063757313
:10845000746F6D207661720073656E736F72206C3D
:10846000697374006E6F20637573746F6D2076612D
:108470007200256420766172730A0025733D2573AE
:108480000A002E2E2E206E6578743A2564007265DF
:1084900067696F6E646200457272202D20447574A6
:1084A000636820726567696F6E20646174616261E0
:1084B00073652064697361626C656400706F7765D1
:1084C00072736176696E67206F6E00706F77657288
:1084D000736176696E67206F666600706F7765728C
:1084E000736176696E67006C6F6720737461727474
:1084F000002020206C6F6767696E67206F6E006CCC
:108500006F672073746F70002020206C6F6767693D
:108510006E67206F6666006C6F67206572617365B9
:10852000002020206C6F67206572617365640020F5
:108530002020454F460073746174732D7061636B26
:108540006574730073746174732D726164696F0074
:1085500073746174732D636F726500556E6B6E6F0B
:10856000776E20636F6D6D616E64002F636F6D5F5A
:108570007072656673002F6E6F64655F70726566FA
:10858000730025732F25732E6964002F7265676948
:108590006F6E7332005E002573257320460A00005B
:1085A000000000000000000095F60008B7F6000883
:1085B00091F60008EBF60008DBF60008DFF600088D
:1085C000E5F60008530202087502020800000000E8
:1085D00000000000D7FE00080DFF000817FF00088C
:1085E0008BFE00081DFE0008ADFD0008B1FD00086F
:1085F000B5FD0008DFFE000835FF000891FE000809
:1086000025642E25303364000000F0C0000020C136
:10861000000048C1000070C100008CC10000A0C172
:108620000000000000000000E50A0108F90A010846
:108630000000000000000000930D0108D50D0108A6
:1086400091F600082B0F0108790B0108810B010836
:108650009B0B01085302020875020208A086010064
:1086600080380100C0D4010000007A0DFA005C12CD
:10867000A00F800214000000801A060000E204002F
:108680000053070000008403640014055802FA0038
:108690006400000040420F0000350C00804F1200C3
:1086A0000000C2013200F40104013C00640000003B
:1086B0000000000000000000C9200108DB210108C3
:1086C000CD210108BF210108B12101087121010854
:1086D000652101085F210108552001085B2101087F
:1086E0005721010845210108E12001083B2101082B
:1086F000ED20010835210108E7200108CB20010801
:10870000E921010823210108132101080F21010893
:108710007D200108115F010800000000000000003A
:108720004D220108912301084D3201084D460108F0
:10873000934601089D46010891280108B15B010894
:10874000352F0108815B01081F2E01087F390108C0
:10875000A5340108452C0108332C0108152801080F
:10876000414F0108C14E0108B154010839570108B1
:108770004F5701084F2201086D25010807550108D0
:108780002D4E01080D500108DD5001084535010846
:1087900055340108F52E0108D1280108D12A010815
:1087A000652A0108932C01087F2C01087D2A010805
:1087B000AD280108792E0108412E01086D28010815
:1087C0002D300108BD2C0108872A0108F32D01086E
:1087D0003D220108452201083D22010845220108E9
:1087E0003D2201084522010895250108092C0108B0
:1087F000A5360108852D01088F2A010809240108E2
:10880000852301083D4C0108094D01084923010851
:10881000A123010841240108F92601083527010890
:1088200000000000000000008D240108EB24010876
:10883000D9240108F92401089124010871210108B3
:10884000652101085F210108552001085B2101080D
:108850005721010845210108E12001083B210108B9
:10886000ED20010835210108E7200108CB2001088F
:10887000E921010823210108132101080F21010822
:108880007D200108115F01080024F40001000000B0
:108890005358313236310000000000000000000063
:1088A00031260108812701084D3201084D46010893
:1088B000934601089D46010891280108B15B010813
:1088C000352F0108815B01081F2E01087F3901083F
:1088D000A5340108452C0108332C0108152801088E
:1088E000414F0108C14E0108B15401083957010830
:1088F0004F570108652801086D2501080755010833
:108900002D4E01080D500108DD50010845350108C4
:1089100055340108F52E0108D1280108D12A010893
:10892000652A0108932C01087F2C01087D2A010883
:10893000AD280108792E0108412E01086D28010893
:108940002D300108BD2C0108872A0108F32D0108EC
:108950002D4C0108354C01082D4C0108354C0108FF
:108960002D4C0108354C010895250108092C0108FA
:10897000A5360108852D01088F2A0108DD4B010865
:108980000D4C01083D4C0108094D01087F480108C4
:1089900033260108A7260108F92601083527010812
:1089A00022FB1200110321001106210322021406EA
:1089B000110B120B110E120E11141116220B13159E
:1089C0002111240D211421162215231541134114C0
:1089D0003314521361165216531663166416741626
:1089E0000000000000000000CD2A01080F2E010841
:1089F0004D3201084D460108934601089D46010885
:108A000091280108B15B0108352F0108815B01083D
:108A10001F2E01087F390108A5340108452C0108E3
:108A2000332C01081F5B0108414F0108C14E0108AA
:108A3000B1540108395701084F5701082B5B010851
:108A4000315B0108075501082D4E01080D50010842
:108A5000DD5001084535010855340108F52E01089F
:108A6000D1280108D12A0108652A0108932C0108A0
:108A70007F2C01087D2A0108AD280108792E010804
:108A8000412E01086D2801082D300108BD2C010878
:108A9000872A0108F32D01082D4C0108354C0108E7
:108AA0002D4C0108354C01082D4C0108354C0108AE
:108AB0000D5B0108092C0108A5360108852D010868
:108AC0008F2A0108DD4B01080D4C01083D4C0108BF
:108AD000094D01087F480108212D30333639000F38
:108AE000060300122436480416283A4C081A2C3E75
:108AF0000C1E304210223446011325374905172930
:108B00003B4D091B2D3F0D1F3143112335470214E7
:108B100026384A06182A3C4E0A1C2E400E203244A3
:108B2000031527394B07192B3D4F0B1D2F410F21E3
:108B300033450108AC000000000000000000000008
:108B40000000000000000000F35A0108FF5A01086D
:108B5000055B01080D5B0108FF5A0108B15B0108C4
:108B6000F95A0108815B0108FF5A0108FF5A010800
:108B7000135B0108195B0108FF5A01081F5B01081C
:108B80001F5B01081F5B01080D5B01080D5B0108FD
:108B9000255B01082B5B0108315B0108135B0108B1
:108BA000195B0108375B0108375B0108475B010867
:108BB0004D5B01084D5B0108555B0108615B0108D5
:108BC000615B0108655B0108195B0108195B01081D
:108BD000FF5A01086B5B0108FF5A0108FF5A0108A0
:108BE0006B5B0108715B0108755B0108775B01082D
:108BF000755B0108795B0108755B0108795B010809
:108C0000755B0108795B01080D5B01086B5B01086E
:108C10007B5B0108FF5A01080000000030211203AD
:108C20001203302103122130213003124370340724
:108C3000251652615261251634074370073470437C
:108C4000615216251625615270430734340743706C
:108C5000526125162516526143703407704307345C
:108C6000162561526152162507347043000000003A
:108C700000000000000000000000000000000000F4
:108C800000000000000000000000000000000000E4
:108C900000000000000000000000000000000000D4
:108CA00000000000000000000000000000000000C4
:108CB0000000000000000000075F0108075F0108D6
:108CC000095F01080B5F0108075F01080D5F0108DC
:108CD000115F01080000000000000000455F01086E
:108CE000655F010839600108415F0108795F01088B
:108CF000D1610108F96301083D600108000000002E
:108D000000000000000000000000000039600108C1
:108D10000000000000000000D1610108F9630108B3
:108D20003D6001080001020408102040801B36004D
:108D30001B362D6C775A4152096AD53036A538BF9B
:108D400040A39E81F3D7FB7CE339829B2FFF8734BE
:108D50008E4344C4DEE9CB547B9432A6C2233DEE5D
:108D60004C950B42FAC34E082EA16628D924B27640
:108D70005BA2496D8BD12572F8F66486689816D48B
:108D8000A45CCC5D65B6926C704850FDEDB9DA5EBE
:108D9000154657A78D9D8490D8AB008CBCD30AF79D
:108DA000E45805B8B34506D02C1E8FCA3F0F02C148
:108DB000AFBD0301138A6B3A9111414F67DCEA970B
:108DC000F2CFCEF0B4E67396AC7422E7AD3585E20F
:108DD000F937E81C75DF6E47F11A711D29C5896FD7
:108DE000B7620EAA18BE1BFC563E4BC6D279209A1B
:108DF000DBC0FE78CD5AF41FDDA8338807C731B138
:108E00001210592780EC5F60517FA919B54A0D2DCA
:108E1000E57A9F93C99CEFA0E03B4DAE2AF5B0C820
:108E2000EBBB3C83539961172B047EBA77D626E1BE
:108E300069146355210C7D637C777BF26B6FC530C1
:108E400001672BFED7AB76CA82C97DFA5947F0ADD0
:108E5000D4A2AF9CA472C0B7FD9326363FF7CC34A2
:108E6000A5E5F171D8311504C723C31896059A07F3
:108E70001280E2EB27B27509832C1A1B6E5AA0529E
:108E80003BD6B329E32F8453D100ED20FCB15B6ABC
:108E9000CBBE394A4C58CFD0EFAAFB434D33854562
:108EA000F9027F503C9FA851A3408F929D38F5BC9A
:108EB000B6DA2110FFF3D2CD0C13EC5F974417C440
:108EC000A77E3D645D197360814FDC222A9088463D
:108ED000EEB814DE5E0BDBE0323A0A4906245CC2CF
:108EE000D3AC629195E479E7C8376D8DD54EA96C06
:108EF00056F4EA657AAE08BA78252E1CA6B4C6E800
:108F0000DD741F4BBD8B8A703EB5664803F60E615B
:108F10003557B986C11D9EE1F8981169D98E949B89
:108F20001E87E9CE5528DF8CA1890DBFE642684136
:108F3000992D0FB054BB1600000000000000000087
:108F40000000000000000000000000000000000021
:108F50000000000000000000000000000000000011
:108F60001B132C0AA3E59CEDA72963085D210621AC
:108F7000EBFFFFFFFFFFFFFFFFFFFFFFFFFFFFFF15
:108F80000F000000EDD3F55C1A631258D69CF7A2CF
:108F9000DEF9DE1400000000000000000000000008
:108FA00000000010A3DDB7A5B38ADE6DF55251773E
:108FB000809FF0207DE3AB648E4EEA6665768BD7AA
:108FC0000F5F876701000000000000000000000044
:108FD0000000000000000000000000000000000091
:108FE00000000000586666666666666666666666C7
:108FF0006666666666666666666666666666666611
:10900000666666661AD5258F602D56C9B2A7259566
:1090100060C72C695CDCD6FD31E2A4C0FE536ECD86
:10902000D336692159F1B226949BD6EB56B183828F
:109030009A14E00030D1F3EEF2808E19E7FCDF568F
:10904000DCD90624A3785913CA4DEB75ABD841413E
:109050004D0A700098E879777940C78C73FE6F2BC2
:10906000EE6C03520000000000000000516C01088B
:10907000716C0108D96B0108DD6B0108E16B010817
:10908000556E0108B96E0108396C0108536F01086B
:10909000836F0108982F8A4291443771CFFBC0B586
:1090A000A5DBB5E95BC25639F111F159A4823F92B3
:1090B000D55E1CAB98AA07D8015B8312BE8531240C
:1090C000C37D0C55745DBE72FEB1DE80A706DC9BCD
:1090D00074F19BC1C1699BE48647BEEFC69DC10F79
:1090E000CCA10C246F2CE92DAA84744ADCA9B05CB5
:1090F000DA88F97652513E986DC631A8C82703B078
:10910000C77F59BFF30BE0C64791A7D55163CA0685
:1091100067292914850AB72738211B2EFC6D2C4D91
:10912000130D385354730A65BB0A6A762EC9C2817F
:10913000852C7292A1E8BFA24B661AA8708B4BC215
:10914000A3516CC719E892D1240699D685350EF43F
:1091500070A06A1016C1A419086C371E4C774827F6
:10916000B5BCB034B30C1C394AAAD84E4FCA9C5B6C
:10917000F36F2E68EE828F746F63A5781478C884BD
:109180000802C78CFAFFBE90EB6C50A4F7A3F9BE9F
:10919000F27871C60000000000000000497001086C
:1091A00069700108EF6F0108F36F01081170010881
:1091B00041750108BF750108F76F01085F76010866
:1091C0008F7601080000000022AE28D7982F8A422F
:1091D000CD65EF23914437712F3B4DECCFFBC0B5EC
:1091E000BCDB8981A5DBB5E938B548F35BC25639EC
:1091F00019D005B6F111F1599B4F19AFA4823F92D6
:1092000018816DDAD55E1CAB420203A398AA07D879
:10921000BE6F7045015B83128CB2E44EBE85312473
:10922000E2B4FFD5C37D0C556F897BF2745DBE72CD
:10923000B196163BFEB1DE803512C725A706DC9B32
:10924000942669CF74F19BC1D24AF19EC1699BE417
:10925000E3254F388647BEEFB5D58C8BC69DC10F31
:10926000659CAC77CCA10C2475022B596F2CE92D91
:1092700083E4A66EAA84744AD4FB41BDDCA9B05C29
:10928000B5531183DA88F976ABDF66EE52513E981A
:109290001032B42D6DC631A83F21FB98C82703B00A
:1092A000E40EEFBEC77F59BFC28FA83DF30BE0C6E7
:1092B00025A70A934791A7D56F8203E05163CA0699
:1092C000706E0E0A67292914FC2FD246850AB7272B
:1092D00026C9265C38211B2EED2AC45AFC6D2C4D64
:1092E000DFB3959D130D3853DE63AF8B54730A655E
:1092F000A8B2773CBB0A6A76E6AEED472EC9C281BA
:109300003B358214852C72926403F14CA1E8BFA214
:10931000013042BC4B661AA89197F8D0708B4BC2B3
:1093200030BE5406A3516CC71852EFD619E892D13B
:1093300010A96555240699D62A20715785350EF453
:10934000B8D1BB3270A06A10C8D0D2B816C1A41967
:1093500053AB4151086C371E99EB8EDF4C77482791
:10936000A8489BE1B5BCB034635AC9C5B30C1C39DD
:10937000CB8A41E34AAAD84E73E363774FCA9C5B1A
:10938000A3B8B2D6F36F2E68FCB2EF5DEE828F7495
:10939000602F17436F63A57872ABF0A11478C8846F
:1093A000EC39641A0802C78C281E6323FAFFBE90AA
:1093B000E9BD82DEEB6C50A41579C6B2F7A3F9BE05
:1093C0002B5372E3F27871C69C6126EACE3E27CA1F
:1093D00007C2C021C7B886D11EEBE0CDD67DDAEA40
:1093E00078D16EEE7F4F7DF5BA6F1772AA67F006DF
:1093F000A698C8A2C57D630AAE0DF9BE04983F11B8
:109400001B471C13350B711B847D0423F577DB2868
:109410009324C7407BABCA32BCBEC9150ABE9E3C72
:109420004C0D109CC4671D43B6423ECBBED4C54C08
:109430002A7E65FC9C297F59ECFAD63AAB6FCB5F4C
:109440001758474A8C19446C08C9BCF367E6096A87
:109450003BA7CA8485AE67BB2BF894FE72F36E3CC3
:10946000F1361D5F3AF54FA5D182E6AD7F520E5120
:109470001F6C3E2B8C68059B6BBD41FBABD9831FDA
:1094800079217E1319CDE05BB0A00E4A271BEEC4F4
:1094900078E42FAD0618432FA7D7FB3D99004D2B3D
:1094A0000BDFC14F8024832B000000000000000070
:1094B00000000000000000000000000000000000AC
:1094C000000000000000000000000000000000009C
:1094D00000000000000000001F1C1F1E1F1E1F1F99
:1094E0001E1F1E0001000100640064000000000057
:1094F000000000000000000000000000000000006C
:10950000000000000000000000000000000000005B
:10951000000000000000000000000000000000004B
:10952000000000000000000000000000000000003B
:10953000000000000000000000000000000000002B
:10954000000000000000000000000000000000001B
:10955000000000000000000000000000000000000B
:1095600000000000000000000000000000000000FB
:1095700000000000000000000000000000000000EB
:1095800000000000000000000000000000000000DB
:1095900000000000000000000000000000000000CB
:1095A00000000000000000000000000001000100B9
:1095B00001000A000200000000000000000000009E
:1095C000000000000000E80300000A006400E80357
:1095D0000100000001000100000000000000010087
:1095E0000000000001000000E803E80301000100A2
:1095F0006400010000000000000000000000000006
:109600000100010102020000000000000000000053
:10961000000000000000000000000000000000004A
:10962000000000000000000000000000000000003A
:10963000000000000000000000000000000000002A
:10964000000000000000000000000000000000001A
:10965000000000000000000000000000000000000A
:1096600000000000000004020102010000000000F0
:1096700000000006000202020400010200000002D5
:1096800000000200040402040603090000000000B8
:10969000010000000000000000000000FD7E010845
:1096A000FF7E01080000000000000000D77F0108D5
:1096B000EF7F010891F600088980010863800108A6
:1096C000858101080F800108530202087502020813
:1096D0002F002E2E006C6974746C65667300000098
:1096E000000000006410B71DC8206E3BAC30D926C6
:1096F0009041DC76F4516B6B5861B24D3C71055072
:109700002083B8ED44930FF0E8A3D6D68CB361CB99
:10971000B0C2649BD4D2D38678E20AA01CF2BDBD4D
:1097200000000000000000006BA20108259E010857
:10973000559D01080000000000000000000000002E
:10974000000000006BA20108259E010897A20108F5
:10975000D5A2010805A301089BA201080000000092
:1097600022AE28D7982F8A42CD65EF2391443771D6
:109770002F3B4DECCFFBC0B5BCDB8981A5DBB5E948
:1097800038B548F35BC2563919D005B6F111F15915
:109790009B4F19AFA4823F9218816DDAD55E1CAB46
:1097A000420203A398AA07D8BE6F7045015B8312DB
:1097B0008CB2E44EBE853124E2B4FFD5C37D0C5596
:1097C0006F897BF2745DBE72B196163BFEB1DE808E
:1097D0003512C725A706DC9B942669CF74F19BC17F
:1097E000D24AF19EC1699BE4E3254F388647BEEF1C
:1097F000B5D58C8BC69DC10F659CAC77CCA10C24D4
:1098000075022B596F2CE92D83E4A66EAA84744A45
:10981000D4FB41BDDCA9B05CB5531183DA88F9767D
:10982000ABDF66EE52513E981032B42D6DC631A8B2
:109830003F21FB98C82703B0E40EEFBEC77F59BF96
:10984000C28FA83DF30BE0C625A70A934791A7D581
:109850006F8203E05163CA06706E0E0A67292914ED
:10986000FC2FD246850AB72726C9265C38211B2E35
:10987000ED2AC45AFC6D2C4DDFB3959D130D385362
:10988000DE63AF8B54730A65A8B2773CBB0A6A7675
:10989000E6AEED472EC9C2813B358214852C72920B
:1098A0006403F14CA1E8BFA2013042BC4B661AA888
:1098B0009197F8D0708B4BC230BE5406A3516CC741
:1098C0001852EFD619E892D110A96555240699D6F9
:1098D0002A20715785350EF4B8D1BB3270A06A10BA
:1098E000C8D0D2B816C1A41953AB4151086C371E69
:1098F00099EB8EDF4C774827A8489BE1B5BCB03484
:10990000635AC9C5B30C1C39CB8A41E34AAAD84E65
:1099100073E363774FCA9C5BA3B8B2D6F36F2E682C
:10992000FCB2EF5DEE828F74602F17436F63A578F2
:1099300072ABF0A11478C884EC39641A0802C78CA1
:10994000281E6323FAFFBE90E9BD82DEEB6C50A4B3
:109950001579C6B2F7A3F9BE2B5372E3F27871C63C
:109960009C6126EACE3E27CA07C2C021C7B886D16D
:109970001EEBE0CDD67DDAEA78D16EEE7F4F7DF535
:10998000BA6F1772AA67F006A698C8A2C57D630AC7
:10999000AE0DF9BE04983F111B471C13350B711B0C
:1099A000847D0423F577DB289324C7407BABCA3240
:1099B000BCBEC9150ABE9E3C4C0D109CC4671D431D
:1099C000B6423ECBBED4C54C2A7E65FC9C297F594D
:1099D000ECFAD63AAB6FCB5F1758474A8C19446CF8
:1099E000853B8C01BDF124FFF825C30160DC370005
:1099F000B74C3EFFC3423D00324CA401E1A44CFFF2
:109A00004C3DA3FF753E1F00519140FF76410E0073
:109A1000A273D6FF068A2E007CE6F4FF0A8A8F0026
:109A2000341AC200B8F44C00818F2901BEF413FF30
:109A30007BAA7AFF6281440079D5930056651EFFA8
:109A4000A1679B008C5943FFEFE5BE01430BB500B6
:109A5000C6F089FEEE45BCFFEA713CFF25FF39FFE9
:109A600045B2B6FE80D0B300761A7DFE0307D6FF5E
:109A7000F1324DFF55CBC5FFD387FAFF193064FF94
:109A8000BBD5B4FE1158690053D19E010573620025
:109A900004AE3CFEAB376EFFD9B511FF14BCAA0073
:109AA000929C66FE57D6AEFF727A9B01E92CAA0003
:109AB0007F08EF01D6ECEA00AF05DB00316A3DFF1D
:109AC0000642D0FF026A6EFF51EA13FFD76BC0FF58
:109AD0004397EE00132A6CFFE5557101324487FF6E
:109AE000116A0900326701FF5001A80123981EFF87
:109AF00010A8B9013859E8FF65D2FC0029FA4700DF
:109B0000CCAA4FFF0E2EEFFF504DEF00BDD64BFFFE
:109B1000118DF90026504CFFBE55750056E4AA0081
:109B20009CD8D001C3CFA4FF96424CFFAFE110FFF9
:109B30008D5062014CDBF200C6A272002EDA980052
:109B40009B2BF1FE9BA068FFB209FCFE646ED40063
:109B50000E05A700E9EFA3FF1C979D0165920AFF80
:109B6000FE9E46FE47F9E400581E3200443AA0FF2C
:109B7000BF186801814281FFC03255FF08B38AFFD8
:109B800026FAC9007350A00083E671007D58930047
:109B90005A44C700FD4C9E001CFF760071FAFE007F
:109BA000424B2E00E6DA2B00E578BA0194442B00F4
:109BB000887CEE01BB6BC5FF5435F6FF3374FEFFA6
:109BC00033BBA5000211AF004254A001F73A1E00BA
:109BD000234135FE45ECBF002D86F501A37BDD005A
:109BE000206E14FF3417A500BAD64700E9B0600014
:109BF000F2EF360139598A00530054FF88A06400FF
:109C00005C8E78FE687CBE00B5B13EFFFA29550037
:109C100098822A0160FCF60097973FFEEF853E0090
:109C200020389C002DA7BDFF8E85B3018356D3003D
:109C3000BBB396FEFAAA0EFF447115FFDEBA3BFFD6
:109C40004207F10145064800569C6CFE37A75900B3
:109C50006D34DBFE0DB017FFC42C6AFFEF9547FF94
:109C6000A48C7DFF9FAD01003329E700913E2100C8
:109C70008A6F5D01B953450090732E00619710FF04
:109C800018E41A0031D9E200714BEAFEC1990CFFC9
:109C9000B63060FF0E0D1A0080C3F9FE45C13B00CF
:109CA000842551FE7D6A3C00D6F0A901A4E3420060
:109CB000D2A34E0025349700634D1A00EE9CD5FFC9
:109CC000D5C0D101492E54001441290136CE4F0090
:109CD000C98392FEAA6F18FFB12132FEAB26CBFFDB
:109CE0004EF77400D1DD99008580B2013A2C19003D
:109CF000C9273B01BD13FC0031E5D20175BB7500DE
:109D0000B5B3B8010072DB00305E9300F52938006E
:109D10007D0DCCFEF4AD77002CDD20FE54EA14005E
:109D2000F9A0C601EC7EEAFF8F3EDD008159D6FF27
:109D3000378B05FE4414BFFF0ECCB20123C3D900FC
:109D40002F33CE0126F6A500CE1B06FE9E5724001B
:109D5000D93492FF7D7BD7FF553C1FFFAB0D070029
:109D6000DAF558FEFC233C0037D6A0FF85653800A5
:109D7000E02013FE9340EA001A91A20172767D0062
:109D8000F8FCFA00655EC4FFC68DE2FE332AB60019
:109D9000870C09FE6DACD2FFC5ECC201F1419A00FF
:109DA000309C2FFF994337FFDAA522FE4AB4B30057
:109DB000DA424701587A6300D4B5DBFF5C2AE7FF3B
:109DC000EF009A00F54DB7FF5E51AA0112D5D800F9
:109DD000AB5D4700345EF8001297A1FEC5D142FF8B
:109DE000AEF40FFEA230B700313DF0FEB65DC30009
:109DF000C7E40601C80511FF892DEDFF6C9404002E
:109E00005A4FEDFF273F4DFF3552CF018E1676FF9B
:109E100065E812015C1A430005C858FF21A88AFFB3
:109E200095E1480002D11BFF2CF5A801DCED11FFE4
:109E30001ED369FE8DEEDD008050F5FE6FFE0E0034
:109E4000DE5FBE01DF09F100924CD4FF6CCD68FFEC
:109E50003F7599009045300023E46F00C021C1FF99
:109E600070D6BEFE7398970017665800334AF80004
:109E7000E2C78FFECCA265FFD061BD01F56812007C
:109E8000E6F61EFF179445006E5834FEE2B559FF02
:109E9000D02F5AFE72A150FF2174F800B39857FFDB
:109EA0004590B10158EE1AFF3A207101014D45006D
:109EB0003B7934FF98EE53003408C100E727E9FFEF
:109EC000C7228A00DE44AD005B39F2FEDCD27FFFA0
:109ED000C007F6FE9723BB00C3ECA5006F5DCE0064
:109EE000D4F785019A85D1FF9BE70A00404E2600F2
:109EF0007AF964011E1361FF3E5BF901F8854D009C
:109F0000C53FA8FE740A5200B8EC71FED4CBC2FF64
:109F10003D64FCFE2405CAFF775B99FF814F1D005D
:109F20006767ABFEEDD76FFFD8354500EFF0170040
:109F3000C295DDFF26E1DE00E8FFB4FE765285FF24
:109F400039D1B1018BE885009EB02EFEC2732E0080
:109F500058F7E5011C67BF00DDDEAFFE95EB2C0076
:109F600097E419FEDA6967008E55D2009581BEFF2D
:109F7000D5415EFE7586E0FF52C675009DDDDC00B2
:109F8000A3652400C572250068ACA6FE0BB60000D0
:109F90005148BCFF61BC10FF45060A00C79391FF02
:109FA0000809730141D6AFFFD9ADD100507FA6009B
:109FB000F7E504FEA7B77CFF5A1CCCFEAF3BF0FFD1
:109FC0000B29F8016C2833FF90B1C3FE96FA7E008E
:109FD0008A5B4101783CDEFFF5C1EF001DD6BDFF75
:109FE00080021900509AA2004DDC6B01EACD4AFFB5
:109FF00036A667FF74480900E45E2FFF1EC819FFEC
:10A0000023D659FF3DB08CFF53E2A3FF4B82AC0037
:10A01000802611005F8998FFD77C9F014F5D00006B
:10A0200094529DFEC382FBFF28CA4CFFFB7EE000DA
:10A030009D633EFECF07E1FF6044C3008CBA9DFFE5
:10A040008313E7FF2A80FE0034DB3DFE66CB480029
:10A050008D070BFFBAA4D5001F7A770085F2910017
:10A06000D0FCE8FF5BD5B6FF8F04FAFEF9D74A00B3
:10A07000A51E6F01AB09DF00E57B22015C821AFFA0
:10A080004D9B2D01C38B1CFF3BE04E008811F70058
:10A090006C7920004FFABDFF60E3FCFE26F13E0024
:10A0A0003EAE7DFF9B6F5DFF0AE6CE0161C528FFD6
:10A0B000003139FE41FA0D0012FB96FFDC6DD2FF34
:10A0C00005AEA6FE2C81BD00EB2393FF25F78DFF87
:10A0D000488D04FF676BFF00F75A0400352C2A00F7
:10A0E000021EF000043B3F00584E240071A7B4004C
:10A0F000BE47C1FFC79EA4FF3A08AC004D210C002B
:10A10000413F0300994D21FFACFE6601E4DD04FFF1
:10A11000571EFE01922956FF8ACCEFFE6C8D11FF6F
:10A12000BBF28700D2D07F00442D0EFE49603E0076
:10A13000513C18FFAA0624FF03F91A0023D56D002D
:10A14000168136FF1523E1FFEA3D38FF3AD90600B4
:10A150008F7C5800EC7E4200D126B7FF22EE06FF2E
:10A16000AE9166005F16D300C40F99FE2E54E8FF2F
:10A1700075229201E7FA4AFF1B8664015CBBC3FFAC
:10A18000AAC67000781C2A00D14643001D511F004A
:10A190001DA86401A9ADA0006B2375003E603BFFC4
:10A1A000510C450187EFBEFFDCFC1200A3DC3AFF37
:10A1B0008989BCFF53666D0060064C00EADED2FF61
:10A1C000B9AECD013C9ED5FF0DF1D600AC818C001F
:10A1D0005D68F200C09CFB002B751E00E1519E00E3
:10A1E0007FE8DA00E21CCB00E91B97FF752B05FF27
:10A1F000F20E2FFF2114060089FB2CFE1B1FF5FF1A
:10A20000B7D67DFE28799500BA9ED5FF5908E300A0
:10A21000455800FECB87E100C9AECB009347B8009C
:10A22000127929FE5E054E00E0D6F0FE2405B4004A
:10A23000FB87E701A38AD400D2F974FE5881BB00E2
:10A24000130831FE3E0E90FF9F4CD300D6335200D0
:10A250006D75E4FE67DFCBFF4BFC0F019A47DCFF17
:10A26000170D5B018DA860FFB5B68500FA33370086
:10A27000EAEAD4FEAF3F9E0027F034019EBD24FFE2
:10A28000D528550120B4F7FF13661A01541861FF51
:10A290004515DE00948B7AFFDCD5EB01E8CBFF009F
:10A2A00079399300E3079A00351693014801E100DC
:10A2B000528630FE533C9DFF9148A9002267EF0073
:10A2C000C6E92F00741304FFB86A09FFB781530071
:10A2D00024B0E60122674800DBA28600F52A9E0032
:10A2E000209560FEA52C9000CAEF48FED796050089
:10A2F0002A42240184D7AF0056AE56FF1AC59CFFF0
:10A3000031E887FE67B65200FD80B00199B27A004D
:10A31000F5FA0A00EC18B200896A8400281D2900A9
:10A32000321E98FF7C692600E6BF4B008F2BAA00E7
:10A330002C8314FF2C0D17FFEDFF9B019F6D64FF15
:10A3400070B518FF68DC6C0037D38300630CD5FF51
:10A35000989791FFEE059F00619B0800216C5100CA
:10A36000010367003E6D22FFFA9BB4002047C3FF44
:10A37000264691019F5FF50045E56501881CF000C8
:10A380004FE019004E6E79FFF8A87C00BB80F70003
:10A390000293EBFE4F0B8400463A0C01B508A3FF75
:10A3A0004F8985FF25AA0BFF8DF355FFB0E7D7FF37
:10A3B000CC96A4FFEFD727FF2E579CFE08A358FF8B
:10A3C000AC22E800422C66FF1B3629FEEC6357FFE7
:10A3D000297BA90134722B00758628009B861A0000
:10A3E000E7CF5BFE238426FF13667DFE24E385FF13
:10A3F000760371FF1D0D7C0098604A015892CEFFD4
:10A40000A7BFDCFEA21258FFB66417001F75340008
:10A41000512E6A010C0207004550C901D1F6AC006B
:10A420000C308D01E0D3580074E29F007A62820004
:10A4300041ECEA01E1E209FFCFE27B0159D63B00A2
:10A44000708758015AF4CBFF310B2601816CBA009A
:10A4500059700F01652ECCFF7FCC2DFE4FFFDDFF25
:10A46000334912FF7F2A65FFF115CA00A0E30700F8
:10A470006932EC004F34C5FF68CAD001B40F100038
:10A4800065C54EFF624DCB0029B9F10123C17C00A7
:10A49000239B17FFCF35C0000B7DA301F99EB9FFA9
:10A4A00004833000155D6FFF3D79E70145C824FF47
:10A4B000B930B9FF6FEE15FF273219FF63D7A3FF3D
:10A4C00057D41EFFA49305FF800623016CDF6EFFA7
:10A4D000C24CB2004A65B400F32F3000AE192BFF16
:10A4E00052ADFD013672C0FF28375B00D76CB0FF5C
:10A4F0000B380700E0E94C00D162CAFEF2197D007A
:10A500002CC15DFECB08B10087B013007047D5FFAA
:10A51000CE3BB00104431A000E8FD5FE2A37D0FF80
:10A520003C437800C115A30063A473000A147600AD
:10A530009CD4DEFEA007D9FF72F54C01753B7B0071
:10A54000B0C256FED50FB0004ECECFFED5813B0037
:10A55000E9FB1601603798FFECFF0FFFC55954FF68
:10A560005D958500AEA07100EA63A9FF987458005C
:10A5700090A453FF5F1DC6FF222F0FFF637886FF55
:10A5800005ECC100F9F77EFF93BB1E0032E675FFB4
:10A590006CD9DBFFA351A6FF4819A9FE9B794FFF99
:10A5A0001C9B59FE077E1100934121012FEAFD00FB
:10A5B0001A3312006953C7FFA3C4E60071F8A40060
:10A5C000E2FEDA00BDD1CBFFA4F7DEFEFF23A5003B
:10A5D00004BCF3017FB3470025EDFEFF64BAF00031
:10A5E000053947FE674849FFF41251FEE5D284FF62
:10A5F000EE06B4FF0BE5AEFFE3DDC00111311C0038
:10A60000A3D7C4FE097604FF33F0470071816DFFC4
:10A610004CF0E700BCB17F007D472C011AAFF3007E
:10A620005EA919FE1BE61D000F8B7701A8AABAFFD1
:10A63000ACC54CFFFC4BBC00897CC400481660FFD5
:10A640002D97F901DC91640040C09FFF78EFE20094
:10A6500081B2920000C07D00EB8AEA00B79D9200B3
:10A6600053C7C0FFB8AC48FF49E180004D06FAFF70
:10A67000BA41430068F6CF00BC208AFFDA18F20026
:10A68000438A51FEED8179FF14CF960129C710FF4F
:10A69000061480009F760500B5108FFFDC260F00A2
:10A6A000174093FE491A0D0057E43901CC7C800015
:10A6B0002B18DF00DB63C700164B14FF131B7E0053
:10A6C0009D3ED7006E1DE600B3A7FF0136FCBE001D
:10A6D000DDCCB6FEB39E41FF519D0300C2DA9F0060
:10A6E000AADF0000E00B20FF26C56200A8A4250019
:10A6F00017580701A4BA6E0060248600EAF2E5004C
:10A70000FA791300F2FE70FF032F5E0109EF06FFD6
:10A71000518699FED6FDA8FF437CE000F55F4A0014
:10A720001C1E2CFE016DDCFFB2595900FC244C00AC
:10A7300018C62EFF4C4D6F0086EA88FF275E1D006D
:10A74000B948EAFF464487FFE76607FE4DE78C00FD
:10A75000A72F3A01946176FF101BE101A6CE8FFF6F
:10A760006EB2D6FFB483A2008F8DE1010DDA4EFFE9
:10A77000729921016268CC00AF727501A7CE4B00BF
:10A78000CAC453013A4043008A2F6F01C4F780FFC7
:10A7900089E0E0FE9E70CF009A64FF0186256B0081
:10A7A000C6804FFF7FD19BFFA3FEB9FE3C0EF30096
:10A7B0001FDB70FE1DD94100C80D74FE7B3CC4FF39
:10A7C000E03BB8FEF259C4007B104BFE9510CE0062
:10A7D00045FE3001E774DFFFD1A04101C85062009F
:10A7E00025C2B8FE943F22008BF041FFD99084FF30
:10A7F00038262DFEC778D2006CB1A6FFA0DE04007B
:10A80000DC7E77FEA56BA0FF52DCF801F1AF88007B
:10A81000908D17FFA98A5400A0894EFFE27650FF61
:10A82000341B84FF3F608BFF98FA2700BC9B0F000E
:10A83000E83396FE280FE8FFF0E509FF89AF1BFF1C
:10A840004B496101DAD40B008705A2016BB9D50031
:10A8500002F96BFF28F24600DBC81900199D0D00B4
:10A86000435250FFC4F917FF9114950032489200EB
:10A870005E4C940118FB41001FC01700B8D4C9FFFB
:10A880007BE9A201F7AD4800A257DBFE7E865900A6
:10A890009F0B0CFEA6691D00491BE4017178B7FFF0
:10A8A00042A36D01D48F0BFF9FE7A801FF805A00E0
:10A8B000390E3AFE59340AFFFD08A3010091D2FF78
:10A8C0000A8155012EB51B006788A0FE7EBCD1FF12
:10A8D00022236F00D7DB18FFD40BD6FE6505760068
:10A8E000E8C585FFDFA76DFFED5056FF468B5E0084
:10A8F0009EC1BF019B0F33FF0FBE73004E87CFFF7A
:10A90000F90A1B01B57DE9005FAC0DFEAAD5A1FFD8
:10A9100027EC8AFF5F5D57FFBE805F007D0FCE0092
:10A92000A6969F00E30F9EFFCE9E78FF2A8D8000A3
:10A9300065B278019C6D8300DA0E2CFEF7A8CEFF7D
:10A94000D4701C007011E4FF5A102501C5DE6C00A4
:10A95000FECF53FF095AF3FFF3F4AC001A5873FF0C
:10A96000CD747A00BFE6C100B4640B01D92560FF45
:10A970009A4E9C00EBEA1FFFCEB2B2FF95C0FB00DF
:10A98000B6FA8700F61669007CC16DFF02D295FF0A
:10A99000A911AA0000606EFF75090801327B28FF2B
:10A9A000C1BD630022E3A000305046FED333EC006B
:10A9B0002D7AF5FE2CAE0800AD25E9FF9E41AB00D7
:10A9C0007A45D7FF5A5002FF836A60FEE372870020
:10A9D000CD3177FEB03E40FF523311FFF114F3FF4B
:10A9E000820D08FE80D9F3FFA21B01FE5A76F1000A
:10A9F000F6C6F6FF371076FFC89F9D00A311010031
:10AA00008C6B790055A176FF260095009C2FEE00F7
:10AA100009A6A6014B62B5FF324A1900420F2F006A
:10AA20008BE19F004C038EFF0EEEB8000BCF35FF7D
:10AA3000B7C0BA01AB20AEFFBF4CDD01F7AADB0007
:10AA400019AC32FED909E900CB7E44FFB75C300077
:10AA50007FA7B7014131FE00103F7F01FE15AAFF1D
:10AA60003BE07FFE16303FFF1B4E82FE28C31D00D9
:10AA7000FA8470FE23CB900068A9A800CFFD1EFFCA
:10AA8000682826FE5EE45800CE1080FFD4377AFF97
:10AA9000DF16EA00DFC57F00FDB5B50191667600DF
:10AAA000EC9924FFD4D948FF142618FE8A3E3E00B4
:10AAB000988C0400E6DC63FF0115D4FF94C9E7001D
:10AAC000F47B09FE00ABD200333A25FF01FF0EFFF5
:10AAD000F4B791FE00F2A600164A840079D8290046
:10AAE0005FC372FE851897FF9CE2E7FFF7054DFFF5
:10AAF000F69473FEE15C51FFDE50F6FEAA7B59FF2F
:10AB00004AC78D001D1408FF8A8846FF5D4B5C0014
:10AB1000DD9331FE347EE200E57C17002E09B5009E
:10AB2000CD40340183FE1C00979ED40083404E002C
:10AB3000CE19AB0000E68B00BFFD6EFE67F7A700E5
:10AB4000402828012AA5F1FF3B4BE4FE7CF3BDFF22
:10AB5000C45CB2FF828C56FF8D59380193C605FF45
:10AB6000CBF89EFE90A28D000BACE200822A15FF6E
:10AB700001A78FFF902424FF3058A4FEA8AADC0070
:10AB80006247D6005BD04F009F4CC901A62AD6FF72
:10AB900045FF00FF06807DFFBE018C009253DAFF67
:10ABA000D7EE48017A7F3500BD74A5FF540842FFF7
:10ABB000D603D0FFD56E8500C3A82C019EE74500C3
:10ABC000A240C8FE5B3A6800B63ABBFEF9E48800D2
:10ABD000CB864CFE63DDE9004BFED6FE50459A0065
:10ABE0004098F8FEEC88CAFF9D6999FE95AF140065
:10ABF000162313FF7C79E900BAFAC6FE84E58B00C0
:10AC00008950AEFFA57D440090CA94FEEBEFF8009A
:10AC100087B87600655E11FF7A4846FE458292004D
:10AC20007FDEF801457F76FF1E52D7FEBC4A13FF38
:10AC3000E5A7C2FE751942FF41EA38FED5169C0011
:10AC4000973B5DFE2D1C1BFFBA7EA4FF2006EF0084
:10AC50007F726301DB3402FF6360A6FE3EBE7EFFAF
:10AC60006CDEA8014BE2AE00E6E2C7003C75DAFFFD
:10AC7000FCF81401D6BCCC001FC286FE7B45C0FF89
:10AC8000A9AD24FE37625B00DF2A66FE89016600FB
:10AC90009D5A1900EF7A40FFFC06E900073614FFC1
:10ACA0005274AE00872536FF0FBA7D00E370AFFF08
:10ACB00064B4E1FF2AEDF4FFF4ADE2FEF8122100E6
:10ACC000AB6396FF4AEB32FF755220FE6AA8ED0097
:10ACD000CF6DD001E409BA00873CA9FEB35C8F00B8
:10ACE000F4AA68FFEB2D7CFF4663BA007589B700B4
:10ACF000E01FD700280964001A105F0144D95700EB
:10AD0000089714FF1A643AFFB0A5CB0134764600C9
:10AD10000720FEFEF4FEF5FFA790C2FF7D7117FF2E
:10AD2000B079B5008854D1008A061EFF59301C0046
:10AD3000219B0EFF19F09A008DCD6D0146733EFFE9
:10AD400014286BFE8A9AC7FF5EDFE2FF9DAB2600E8
:10AD5000A3B119FE2D7603FF0EDE1701D1BE51FF00
:10AD6000767BE8010DD565FF7B377BFE1BF6A500E2
:10AD700032634CFF8CD620FF614143FF180C1C004E
:10AD8000AE564E0140F76000A08743004237F3FF04
:10AD900093CC60FF1A0621FF6233530199D5D0FF8F
:10ADA00002B836FF19DA0B003143F6FE129548FF60
:10ADB0000D1948002A4FD6002A0426011B8B90FF4C
:10ADC00095BB170012A48400F554B8FE78C668FF3E
:10ADD0007EDA60003875EAFF0D1DD6FE442F0AFFAB
:10ADE000A79A84FE9826C60042B259FFC82EABFF30
:10ADF0000D6353FFD2BBFDFFAA2D2A018AD17C002F
:10AE0000D6A28D000CE69C00662470FE03934300DE
:10AE100034D77BFFE9AB36FF62893E00F7DA27FFC4
:10AE2000E7DAEC00F7BF7F00C3925400A5B05CFFE7
:10AE300013D45EFF114AE30058289901C69301FF1D
:10AE4000CE43F5FEF003DAFF3D8DD5FF61B76A0012
:10AE5000C3E8EBFE5F569A00D130CDFE76D1F1FF0C
:10AE6000F078DF01D51D9F00A37F93FF0DDA5D0011
:10AE7000551844FE461450FFBD058C015261FEFF7B
:10AE80006363BFFF845485FF6BDA74FF707A2E0012
:10AE900069112000C2A03FFF44DE2701D8FD5C00FD
:10AEA000B169CDFF95C9C3002AE10BFF28A2730049
:10AEB00009075100A5DADB00B41600FE1D92FCFF65
:10AEC00092CFE101B48760001FA37000B10BDBFFDC
:10AED000850CC1FE2B4E3200417179013BD906FF32
:10AEE0006E5E180170AC6F00070F600024557B0088
:10AEF000479615FFD049BC00C00BA701D5F522002D
:10AF000009E65C00A28E27FFD75A1B006261590038
:10AF10005E4FD3005A9DF0005FDC7E0166B0E20018
:10AF2000241EE0FE231F7F00E7E8730155538200D3
:10AF3000D249F5FF2F8F72FF4441C5003B483EFFC9
:10AF4000B785ADFE5D7976FF3BB151FFEA45ADFFB8
:10AF5000CD80B100DCF433001AF4D10149DE4DFF9D
:10AF6000A30860FE9695D3009EFECB01367F8B0032
:10AF7000A1E03B00046D16FFDE2A2DFFD09266FF94
:10AF8000EC8EBB0032CDF5FF0A4A59FE304F8E00E1
:10AF9000DE4C82FF1EA63F00EC0C0DFF31B8F40022
:10AFA000BB716600DA65FD009939B6FE20962A006D
:10AFB00019C69201EDF138008C4405005BA4ACFF8A
:10AFC0004E91BAFE4334CD00DBCF81016D73110089
:10AFD000368F3A0115F878FFB3FF1E00C1EC42FF2F
:10AFE00001FF07FFFDC030FF1345D90103D600FF65
:10AFF00040659201DF7D23FFEB49B3FFF9A7E20033
:10B00000E1AF0A0161A23A006A70AB0154AC05FFDE
:10B01000858CB2FF86F58E00615A7DFFBACBB9FFF1
:10B02000DF4D17FFC05C6A000FC673FFD998F800A8
:10B03000ABB278FFE4863500B036C101FAFB3500CB
:10B04000D50A640122C76A00971FF4FEACE057FFDF
:10B050000EED17FFFD551AFF7F2774FFAC686400E3
:10B06000FB0E46FFD4D08AFFFDD3FA00B031A50015
:10B070000F4C7BFF25DAA0FF5C8710010A7E72FF70
:10B080004605E0FFF7F98D0044143C01F1D2BDFF05
:10B09000C3D9BB0197037100975CAE00E73EB2FFD6
:10B0A000DBB7E100171721FFCDB5500039B8F8FF25
:10B0B00043B401FF5A7B5DFF2700A2FF60F834FF15
:10B0C00054428C00227FE4FFC28A0701A66EBC00B6
:10B0D00015119B019ABEC6FFD6503BFF12078F0089
:10B0E000481DE201C7D9F900E8A1470195BEC90092
:10B0F000D9AF5FFE719343FF8A8FC7FF7FCC0100FA
:10B100001DB65301CEE69BFFBACC3C000A7D55FF2D
:10B11000E86019FFFF59F7FFD5FEAF01E8C1510004
:10B120001C2B9CFE0C4508009318F80012C6310039
:10B13000863C230076F612FF3158FEFEE415BAFF76
:10B14000B6417001DB1601FF167E34FFBD3531FFBD
:10B1500070198F00267F37FFE265A3FED0853DFF83
:10B160008945AE01BE7691FF3C62DBFFD90DF5FF4C
:10B17000FA880A0054FEE200C91F7D01F033FBFF8C
:10B180001F8382FF028A32FFD7D7B101DF0CEEFFA7
:10B19000FC9538FF7C5B44FF487EAAFE77FF640085
:10B1A0008287E8FF0E4FB200FA83C5008AC6D0003E
:10B1B00079D88BFE771224FF1DC17A00102A2DFF4B
:10B1C000D5F0EB01E6BEA9FFC623E4FE6EAD480054
:10B1D000D6DDF1FF38948700C0754EFE8D5DCFFF40
:10B1E0008F419500151262FF5F2CF4016ABF4D007C
:10B1F000FE5508FED66EB0FF49AD13FEA0C4C7FFD2
:10B20000ED5A9000C1AC71FFC89B88FEE45ADD0086
:10B2100089314A01A4DDD7FFD1BD05FF69EC37FFB5
:10B220002A1F8101C1FFEC002ED93C008A58BBFFC8
:10B23000E252ECFF514597FF8EBE10010D860800CB
:10B240007F7A30FF51409C00ABF38B00ED23F6007A
:10B250007A8FC1FED47A92005F29FF0157844D0096
:10B2600004D41F00111F4E00272DADFE188ED9FFEC
:10B270005F0906FFE3530600623B82FE3E1E21008B
:10B280000873D301A26180FF07B817FE741CA8FFE2
:10B29000F88A97FF62F4F000BA76820072F8EBFF4A
:10B2A00069ADC801A07C47FF5E24A401AF4192FFB5
:10B2B000EEF1AAFECAC6C500E4478AFE2DF66DFF70
:10B2C000C2349E0085BBB00053FC9AFE59BDDDFF21
:10B2D000AA49FC00943A7D00244433FE2A45B1FF7C
:10B2E000A84C56FF2664CCFF26352300AF1361001F
:10B2F000E1EEFDFF51518700D21BFFFEEB496B00D1
:10B3000008CF7300527F8800546315FECF13880066
:10B3100064A4650050D04DFF84CFEDFF0F030FFFF5
:10B3200021A66E009C5F55FF25B96F01966A23FF29
:10B33000A6974C00725787FF9FC240000C7A1FFFF0
:10B34000E80765FEAD7762009A47DCFEBF3935FF3E
:10B35000A8E8A0FFE02063FFDA9CA5009799A3006E
:10B36000D90D9401C5715900951CA1FECF171E007F
:10B370006984E3FF36E65EFF85ADCCFF5CB79DFFD9
:10B380005890FCFE66215A009F610300B5DA9BFFCE
:10B39000F07277006AD635FFA5BE7301985BE1FFB6
:10B3A000586A2CFFD03D710097347C00BF1B9CFF76
:10B3B0006E36EC010E1EA6FF277FCF01E5C71C00ED
:10B3C000BCE4BCFE649DEB00F6DAB7016B16C1FF6E
:10B3D000CEA05F004CEF9300CFA1750033A602FF13
:10B3E00034750AFE4938E3FF98C1E100845E88FFA6
:10B3F00065BFD100206BE5FFC62BB40164D2760097
:10B40000724399FF17581AFF599A5C01DC788CFF38
:10B410009072CFFFFC73FAFF22CE48008A857FFF2F
:10B4200008B27C01574B61000FE55CFEF04383FFDF
:10B43000767BE3FE927868FF91D5FF0181BB46FFE2
:10B44000DB7736000113AD002D969401F8534800C8
:10B45000CBE9A9018E6B3800F7F926012DF250FFD8
:10B460001EE967006052460017C96F0051271EFF92
:10B47000A1B74EFFC2EA21FF44E38CFED8CE740090
:10B48000461BEBFF68904F00A4E65DFED6879C004C
:10B490009ABBF2FEBC1483FF246DAE009F70F100D6
:10B4A000056E950124A5DA00A61D1301B22E4900F0
:10B4B0005D2B20FEF8BDED00669B8D00C95DC3FFCE
:10B4C000F18BFDFF0F6F62FF6C41A3FE9B4FBEFF30
:10B4D00049AEC1FEF62830FF6B580BFECA6155FF1E
:10B4E000FDCC12FF71F242006EA0C2FED012BA0073
:10B4F00051153C00BC68A7FF7CA661FED2858E007A
:10B5000038F289FE296F82006F973A016FD58DFF5F
:10B51000B7ACF1FF2606C4FFB9077BFF2E0BF60080
:10B52000F56977010F02A1FF08CE2DFF12CA4AFF6D
:10B53000537C7301D48D9D005308D1FE8B0FE8FF1F
:10B54000AC36ADFE32F78400D6BDD50090B86900A8
:10B55000DFFEF800FF93F0FF17BC4800073336000A
:10B56000BC19B4FEDCB400FF53A01400A3BDF3FF6C
:10B570003AD1C2FF57493C006A183100F5F9DC00A6
:10B5800016ADA700760BC3FF137EED006E9F25FF5F
:10B590003B522F00B4BB5600BC94D001642585FFFC
:10B5A0000770C10081BC9CFF546A81FF85E1CA001D
:10B5B0000EEC6FFF28146500ACAC31FE33364AFF49
:10B5C000FBB9B8FF5D9BE0FFB4F9E001E6B2920081
:10B5D000483936FEB23EB80077CD4800B9EFFDFFDE
:10B5E0003D0FDA00C44338FFEA20AB012EDBE40054
:10B5F000D06CEAFF143FE8FFA535C70185E405FFDD
:10B6000034CD6B004AEE8CFF969CDBFEEFACB2FFB4
:10B61000FBBDDFFE208ED3FFDA0F8A01F1C450009C
:10B620001C2462FE16EAC7003DEDDCFFF63925005A
:10B630008E118EFF9D3E1A002BEE5FFE03D906FF92
:10B64000D519F00127DCAEFF9ACD30FE130DC0FFF7
:10B65000F42236FE8C109B00F0B505FE9BC13C0029
:10B66000A68004FF249138FF96F0DB007833910028
:10B6700052992A018CEC92006B5CF801BD0A030020
:10B680003F88F200D327180013CAA101AD1BBAFFEF
:10B69000D2CCEFFE29D1A2FFB6FE9FFFAC743400DE
:10B6A000C367DEFECD453B0035162901DA30C20006
:10B6B00050D2F200D2BCCF00BBA1A1FED811010034
:10B6C00088E17100FAB83F00DF1E62FE4DA8A200BB
:10B6D0003B35AF0013C90AFF8BE0C20093C19AFF4C
:10B6E000D4BD0CFE01C8AEFF328571015EB35A00B5
:10B6F000ADB687005EB171002B59D7FF88FC6AFF99
:10B700007B8653FE05F542FF52312701DC02E00043
:10B710006181B1004D3B59003D1D9B01CBABDCFF6E
:10B720005C4E8B009121B5FFA9188D013796B300AF
:10B730008B3C50FFDA27610002936BFF3CF8480016
:10B74000ADE62F010653B6FF1069A2FE89D451FF62
:10B75000B4B8860127DEA4FFDD69FB01EF707D0030
:10B760003F0761003F68E3FF943A0C005A3CE0FF5A
:10B7700054D4FC004FD7A800F8DDC701737901004D
:10B7800024AC780020A2BBFF396B31FF932A15004F
:10B790006AC62B01394A57007ECB51FF8187C3000F
:10B7A0008C1FB100DD8BC20003DED7008344E700AD
:10B7B000B156B2FE7C97B400B87C260146A31100B6
:10B7C000F9FBB5012A37E300E2A12C0017EC6E006B
:10B7D00033958E015D05EC00DAB76AFE43184D0023
:10B7E00028F5D1FFDE799900A5391E00537D3C0074
:10B7F00046265201E506BC006DDE9DFF37763FFF11
:10B80000CD97BA00E32195FFFEB0F601E3B1E30066
:10B81000226AA3FEB02B4F006A5F4E01B9F17AFF96
:10B82000B90E3D002401CA000DB2A2FFF70B84003F
:10B83000A1E65C014101B9FFD432A5018D9240FF20
:10B840009EF2DA0015A47D00D58B7A01434757009C
:10B85000CB9EB201975C2B00986F05FF2703EFFF8B
:10B86000D9FFFAFFB03F47FF4AF54D01FAAE12FF8C
:10B870002231E3FFF62EFBFF9A2330017D9D3DFF31
:10B880006A244EFF61EC990088BB78FF7186ABFF9C
:10B8900013D5D9FED85ED1FFFC053D005E03CA007A
:10B8A000031AB7FF40BF2BFF1E171500818D4DFFF8
:10B8B00066780701C24C8C00BCAF34FF1151940074
:10B8C000E8563701E130AC00862A2AFFEE322F001D
:10B8D000A912FE00149357FF0EC3EFFF45F71700A0
:10B8E000EEE580FFB1317000A862FBFF7947F800F8
:10B8F000F30891FEF6E399FFDBA9B1FEFB8BA5FFF0
:10B900000CA3B9FFA428ABFF999F1BFEF36D5BFF4F
:10B91000DE18700112D6E7006B9DB5FEC39300FFE1
:10B92000C26368FF598CBEFFB1427EFE6AB9420015
:10B9300031DA1F00FCAE9E00BC4FE601EE29E000AC
:10B94000D4EA0801880BB500A67553FF44C35E0016
:10B950002E84C900F0985800A43945FEA0E02AFFC3
:10B960003BD743FF77C38DFF24B479FECF2F08FF69
:10B97000AED2DF0065C544FFFF528D01FA89E900B0
:10B98000615685011050450084839F00745D6400FA
:10B990002D8D8B0098AC9DFF5A2B5B0047992E0094
:10B9A000271070FFD98861FFDCC619FEB135310060
:10B9B000DE5886FF800F3C00CFC0A9FFC074D1FFC6
:10B9C0006A4ED301C8D5B7FF070C7AFEDECB3CFF29
:10B9D000216EC7FEFB6A7500E4E10401783A07FFB7
:10B9E000DDC154FE70851B00BDC8C9FF8B87960062
:10B9F000EA37B0FF3D324100986CA9FFDC5501FFEA
:10BA00007087E300A21ABA00CF60B9FEF4886B0019
:10BA10005D993201C66197006E0B56FF8F75AEFFC0
:10BA200073D4C80005CAB700EDA40AFEB9EF3E0002
:10BA3000EC7812FE627B63FFA8C9C2FE2EEAD60034
:10BA4000BF8531FF63A97700BEBB230173152DFFAE
:10BA5000F983480070067BFFD631B5FEA6E92200C7
:10BA60005CC566FEFDE4CDFF033BC9012A622E00E2
:10BA7000DB2523FFA9C326005E7CC1019C2BDF00D0
:10BA80005F4885FE78CEBF007AC5EFFFB1BB4FFFA0
:10BA9000FE2E0201FAA7BE0054811300CB71A6FF4F
:10BAA000F91FBDFE489DCAFFD04749FFCF18480087
:10BAB0000A101201D2514CFF58D0C0FF7EF36BFF29
:10BAC000EE8D78FFC779EAFF890C3BFF24DC7BFF12
:10BAD00094B33CFEF00C1D0042006101241E26FFC1
:10BAE00073015DFF6067E7FFC59E3B01C0A4F000E6
:10BAF000CACA39FF18AE3000594D9B012A4CD700F5
:10BB0000F497E90017305100EF7F34FEE38225FF00
:10BB1000F8745D017C847600ADFEC00106EB53FF36
:10BB20006EAFE701FB1CB60081F95DFE54B88000E2
:10BB30004CB53E00AF80BA00643588FE6D1DE20052
:10BB4000DDE93A0114634A000016A000860D1500D5
:10BB5000093437FF11598C00AF223B0054A577FF01
:10BB6000E0E2EAFF0748A6FF7B73FF0112D6F6006A
:10BB7000FA074701D9DCB900D4234CFF267DAF007A
:10BB8000BD61D20072EE2CFF29BCA9FE2DBA9A002D
:10BB9000515C160084A0C10079D062FF0D512CFFCA
:10BBA000CB9C5200473A15FFD072BFFE322693005D
:10BBB0009AD8C300651912003CFAD7FFE984EBFF5D
:10BBC00067AF8E01100E5C008D1F6EFEEEF12DFF33
:10BBD00099D9EF0161A82FFFF95510011CAF3EFF65
:10BBE00039FE3600DEE77E00A62D75FE12BD60FF31
:10BBF000E44C3200C8F45E00C6987801442245FF48
:10BC00000C41A0FE65135A00A7C578FF4436B9FF62
:10BC100029DABC0071A830005869BD011A5220FF12
:10BC2000B95DA401E4F0EDFF42B63500ABC55CFFA1
:10BC30006B09E901C77890FF4E310AFF6DAA69FFD1
:10BC40005A041FFF1CF471FF4A3A0B003EDCF6FF5A
:10BC5000799AC8FE90D2B2FF7E3981012BFA0EFF8D
:10BC6000656F1C012F56F1FF3D4696FF354905FFD4
:10BC70001E1A9E00D11A56008AED4A00A45FBC002D
:10BC80008E3C1DFEA274F8FFBBAFA00097121000FF
:10BC9000D16F41FECB8627FF586C31FF831A47FFD7
:10BCA000DD1BD7FE68695DFF1FEC1FFE8700D3FF19
:10BCB0008F7F6E01D449E500E943A7FEC301D0FFA1
:10BCC0008411DDFF33D95A0043EB32FFDFD28F00FE
:10BCD000B3358201E96AC600D9ADDCFF70E518FF13
:10BCE000AF9A5DFE47CBF6FF304285FF0388E6FF43
:10BCF00017DD71FEEB6FD500AA785FFEFBDD020059
:10BD00002D829EFE695ED9FFF234B4FED5442DFF2C
:10BD100068261C00F49E4C00A1C860FFCF350DFFC3
:10BD2000BB439400AA36F80077A2B2FF53140B006D
:10BD30002A2AC001929FA3FFB7E86F004DE515FFC7
:10BD400047358F001B4C2200F6882FFFDB27B6FFFC
:10BD50005CE0C901138E0EFF45B6F1FFA376F50036
:10BD6000096D6A01AAB5F7FF4E2FEEFF54D2B0FF5E
:10BD7000D56B8B0027260B0048159600488245009E
:10BD8000CD4D9BFE8E851500476FACFEE22A3BFF32
:10BD9000B300D7012180F100EAFC0D01B84F080083
:10BDA0006E1E49FFF68DBD00AACFDA014A9A45FF03
:10BDB0008AF631FF9B2064007D4A69FF5A553DFF9A
:10BDC00023E5B1FF3E7DC1FF9956BC014978D400FF
:10BDD000D17BF6FE87D126FF973A2C015C45D6FF32
:10BDE0000E0C58FFFC99A6FFFDCF70FF3C4E53FF91
:10BDF000E37C6E00B460FCFF357521FEA4DC52FFCD
:10BE000029011BFF26A4A6FFA463A9FE3D9046FFBF
:10BE1000C0A612006BFA4200C541320001B312FF06
:10BE2000FF6801FF2B9923FF506FA8006EAFA80099
:10BE300029692DFFDB0ECDFFA4E98CFE2B017600D6
:10BE4000E943C300B2529FFF8A577AFFD4EE5AFFEC
:10BE500090237CFE198CA400FBD72CFE85466BFF3B
:10BE600065E350FE5CA93700D72A310072B455FF54
:10BE700021E81B01ACD519003EB07BFE208518FFE0
:10BE8000E1BF3E005D469900B52A680116BFE0FF9C
:10BE9000C8C88CFFF9EA250095398D00C338D0FF5A
:10BEA000FE8246FF20ADF0FF1DDCC7006E6473FF0D
:10BEB00084E5F900E4E9DFFF25D8D1FEB2B1D1FF76
:10BEC000B72DA5FEE06172008961A8FFE1DEAC003C
:10BED000A50D3101D2EBCCFFFC041CFE46A097005F
:10BEE000E8BE34FE53F85DFF3ED74D01AFAFB3FF60
:10BEF000A03242007930D0003FA9D1FF00D2C80063
:10BF0000E0BB2C0149A2520009B08FFF134CC1FFC6
:10BF10001D3BA701182B9A001CBEBE008DBC8100E2
:10BF2000E8EBCBFFEA006DFF36419F003C58E8FF8D
:10BF300079FD96FEFCE983FFC66E2901534D47FF4C
:10BF4000C8163BFE6AFDF2FF150CCFFFED42BD00A7
:10BF50005AC6CA01E1AC7F003516CA0038E6840033
:10BF60000156B7006DBE2A00F344AE016DE49A009D
:10BF7000C8B17A0123A0B7FFB13055FF5ADAA9FF43
:10BF8000F8984E00CAFE6E0006342B008E6241FF08
:10BF90003F911600466A5D00E88A6B016EB33DFF73
:10BFA000D381DA01F2D15C00235AD901B68F6AFF3E
:10BFB0007465D9FF72FADDFFADCC06003C96A30094
:10BFC00049AC2CFFEF6E50FFED4C99FEA18CF900AF
:10BFD00095E8E500851F28FFAEA477007133D600F1
:10BFE00081E402FE4022F3006BE3F4FFAE6AC8FF77
:10BFF0005499460132231000FA4AD8FEECBD42FFA4
:10C0000099F90D00E6B204FFDD29EE0076E379FF31
:10C010005E578CFEFE775C0049EFF6FE7557800098
:10C0200013D391FFB12EFC00E55BF6014580F7FFCD
:10C03000CA4D3601080B09FF9960A600D9D6ADFF9D
:10C0400086C0020100CF0000BDAE6B018C8664008B
:10C050009EC1F301B666AB00EB9A33008E057BFF01
:10C060003CA85901D90E5CFF13D60501D3A7FE00E9
:10C070002C06CAFE7812ECFF0F71B8FFB8DF8B00F8
:10C0800028B177FEB67B5AFFB0A5B000F74DC200CD
:10C090001BEA7800E700D6FF3B271E007D6391FF77
:10C0A000964444018DDEF800997BD2FF6E7F98FFA5
:10C0B000E521D60187DDC500896102000C8FCCFF28
:10C0C0005129BC00734F82FF5E03840098AFBBFF11
:10C0D0007C8D0AFF7EC0B3FF0B67C60095062D005E
:10C0E000DB55BB01E612B2FF48B6980003C6B8FFA5
:10C0F0008070E00161A1E600FE6326FF3A9FC50063
:10C100009742DB003B458FFFB970F90077882FFF1E
:10C110007B828400A8475FFF71B02801E8B9AD00B9
:10C12000CF5D7501449D6CFF660593FE3161210072
:10C1300059416FFEF71EA3FF7CD9DD0166FAD800D6
:10C14000C6AE4BFE39371200E305EC01E5D5AD0074
:10C15000C96DDA0131E9EF001E379E0119B26A009C
:10C160009B6FBC015E7E8C00D71FEE014DF010006E
:10C17000D5F219012647A800CDBA5DFE31D38CFF58
:10C18000DB00B4FF8676A500A09386FF6EBA23FF7E
:10C19000C6F32A00F392770086EBA30104F187FF30
:10C1A000C12EC1FE67B44FFFE104B8FEF2768200F3
:10C1B0009287B001EA6F1E004542D5FE29607B00E0
:10C1C000795E2AFFB2BFC3FF2E822A00755408FF92
:10C1D000E931D6FEEE7A6D0006475901ECD37B00BB
:10C1E000F40D30FE77940E00721C56FF4BED19FFD4
:10C1F00091E510FE816435FF869678FEA89D320099
:10C20000174868FFE0310E00FF7B16FF97B997FFD4
:10C21000AA50B80186B6140029646501992110005E
:10C220004C9A6F0156CEEAFFC0A0A4FEA57B5DFF2D
:10C2300001D8A4FE4311AFFFA90B3BFF9E293DFF90
:10C2400049BC0EFFC30689FF16931DFF146703FF49
:10C25000F682E3FF7A288000E22F18FE23242000D4
:10C2600098BAB7FF45CA1400C385C300DE33F70090
:10C27000A9AB5E01B700A0FF40CD12019C530FFF98
:10C28000C53AF9FEFB596EFF320A58FE332BD8002F
:10C2900062F2C601F5977100ABECC201C51FC7FF82
:10C2A000E5512601293B1400FD68E600985D0EFF6C
:10C2B000F6F292FED6A9F0FFF0666CFEA0A7EC00A5
:10C2C0009ADABC0096E9CAFF1B13FA01024785FF00
:10C2D000AF0C3F0191B7C600687873FF82FBF7008F
:10C2E00011D4A7FF3E7B84FFF764BD009BDF98005D
:10C2F0008FC521009B3B2CFF965DF0017F0357FF0C
:10C300005F47CF01A75501FFBC9874FF0A171700BC
:10C3100089C35D0136626100F000A8FF94BC7F0014
:10C32000866B97004CFDAB005A84C0009216360015
:10C33000E04236FEE6BAE5FF27B6C40094FB82FF72
:10C3400041836CFE8001A000A931A7FEC7FE94FFC7
:10C35000FB068300BBFE81FF55523E00B2173AFF39
:10C36000FE840500A4D5270086FC92FE253551FFEA
:10C370009B865200CDA7EEFF5E2DB4FF8428A1005E
:10C38000FE6F7001364BD900B3E6DD01EB5EBFFFF7
:10C3900017F33001CA91CBFF27762AFF758DFD0078
:10C3A000FE00DE002BFB320036A9EA015044D0002B
:10C3B00094CBF3FE9107870006FE0000FCB97F00D6
:10C3C000620881FF262348FFD324DC01281A590084
:10C3D000A840C5FE03DEEFFF0253D7FEB49F6900FD
:10C3E0003A73C200BA746AFFE5F7DBFF8176C100D9
:10C3F000CAAEB701A6A14800C96B93FEED884A00FA
:10C40000E9E66A01696FA80040E01E0101E503004A
:10C410006697AFFFC2EEE4FFFEFAD400BBED7900F1
:10C4200043FB6001C51E0B00B75FCC00CD598A00ED
:10C4300040DD2501FFDF1EFFB230D3FFF1C85AFFF8
:10C44000A7D160FF3982DD002E72C8FF3DB84200DF
:10C4500037B618FE6EB62100ABBEE8FF725E1F0055
:10C4600012DD08002FE7FE00FF705300760FD7FFA4
:10C47000AD1928FEC0C11FFFEE1592FFABC176FFBC
:10C4800065EA35FE83D4700059C06B0108D01B00EB
:10C49000B5D90FFFE795E8008CEC7E009009C7FF47
:10C4A0000C4FB5FE93B6CAFF136DB6FF31D4E10051
:10C4B0004AA3CB00AFE994001A703300C1C109FF51
:10C4C0000F87F90096E38200CC00DB0118F2CD0063
:10C4D000EED075FF16F470001AE522002550BCFF5F
:10C4E000262DCEFEF05AE1FF1D032FFF2AE04C005F
:10C4F000BAF3A70020840FFF05337D008B87180057
:10C5000006F1DB00ACE585FFF6D63200E70BCFFF86
:10C51000BF7E5301B4A3AAFFF5381801B2A4D3FF1C
:10C520000310CA01623976FF8D8359FE213318004A
:10C53000F3955BFFFD340E0023A943FE311E58FF27
:10C54000B31B24FFA58CB7003ABD9700581F00000D
:10C550004BA942004265C7FF18D8C70179C41AFF2A
:10C560000E4FCBFEF0E251FF5E1C0AFF53C1F0FFFD
:10C57000CCC183FF5E0F5600DA289D0033C1D10085
:10C5800000F2B10066B9F7009E6D740026875B006B
:10C59000DFAF9500DC4201FF563CE800196025FF43
:10C5A000E17AA201D7BBA8FF9E9D2E0038ABA20066
:10C5B000E8F065017A160900330915FF3519EEFF19
:10C5C000D91EE8FE7DA994000DE8660094092500B7
:10C5D000A5618D01E4832900DE0FF3FFFE12110037
:10C5E000063CED016A0371003B84BD005C701E00D7
:10C5F00069D0D5003054B3FFBB79E7FE1BD86DFF7F
:10C60000A2DD6BFE49EFC3FFFA1F39FF958759FF83
:10C61000B917730103A39DFF1270FA001939BBFF0C
:10C62000A160A4002F10F3000C8DFBFE43EAB8FFBD
:10C630002912A100AF0660FFA0AC34FE18B0B7FF0E
:10C64000C6C155017C7989FF973272FFDCCB3CFF74
:10C65000CFEF050100266BFF37EE5EFE46985E00C9
:10C66000D5DC4D01781145FF55A4BEFFCBEA510042
:10C67000263125FE3D907C00894E31FEA8F7300022
:10C680005FA4FC0069A98700FDE4860040A64B007A
:10C69000514914FFCFD20A00EA6A96FF5E225AFF80
:10C6A000FE9F39FEDC8563008B93B4FE1817B9003A
:10C6B00029391EFFBD614C0041BBDFFFE0AC25FF07
:10C6C000223E5F01E790F0004D6A7EFE40985B00DD
:10C6D0001D629B00E2FB35FFEAD305FF90CBDEFF36
:10C6E000A4B0DDFE05E71800B37ACD00240186FF73
:10C6F0007D4697FE61E4FC00AC8117FE305AD1FF05
:10C7000096E0520154861E00F1C42E006771EAFFC4
:10C710002E6579FE287CFAFF872DF2FE09F9A8FF25
:10C720008C6C83FF8FA3AB0032ADC7FF58DE8EFF4A
:10C73000C85F9E008EC0A3FF077587006F7C160040
:10C74000EC0C41FE442641FFE3AEFE00F4F526006A
:10C75000F032D0FFA13FFA003CD1EF007A23130062
:10C760000E21E6FE029F71006A147FFFE4CD600097
:10C7700089D2AEFEB4D490FF59629A0122588B0040
:10C78000A7A27001416EC500F125A900423883FFC0
:10C790000AC953FE85FDBBFFB1702DFEC4FB00002E
:10C7A000C4FA97FFEEE8D6FF96D1CD001CF07600D4
:10C7B000474C5301EC635B002AFA8301601240FF8F
:10C7C00076DE230071D6CBFF7A77B8FF42132400C0
:10C7D000CC40F90092598B00863E870168E96500DC
:10C7E000BC541A0031F98100D0D64BFFCF824DFFE7
:10C7F00073AFEB00AB0289FFAF91BA0137F587FF4A
:10C800009A56B501643AF6FF6DC73CFF52CC86FFDD
:10C81000D731E6018CE5C0FFDEC1FBFF51880FFF79
:10C82000B395A2FF17271DFF075F4BFEBF51DE0028
:10C83000F1515AFF6B31C9FFF4D39D00DE8C95FF97
:10C8400041DB38FEBDF65AFFB23B9D0130DB3400C0
:10C850006222D7001C11BBFFAFA918005C4FA1FFDB
:10C86000ECC8C201938FEA00E5E10701C5A80E00FC
:10C87000EB333501FD78AE00C506A8FFCA75AB00E5
:10C88000A315CE0072555AFF0F290AFFC213630089
:10C890004137D8FEA292740032CED4FF40921DFFE1
:10C8A0009E9E830164A582FFAC1781FF7D3509FF41
:10C8B0000FC112011A310BFFB5AEC90187C90EFFB6
:10C8C00064139500DB624F002A638FFE600030FF27
:10C8D000C5F953FE68954FFFEB6E88FE52802CFF22
:10C8E000412924FE58D30A00BB79BB006286C700E9
:10C8F000ABBCB3FED20BEEFF427B82FE34EA3D00BE
:10C90000307117FE065678FF77B2F5005781C900DF
:10C91000F28DD100CA7255009416A10067C3300091
:10C920001931ABFF8A438200B6497AFE941882001F
:10C93000D3E59A00209B9E0054693D00B1C209FFD7
:10C94000A65956013653BB00F92875FF6D03D7FF72
:10C9500035922C013F2FB300C2D803FE0E5488003D
:10C9600088B10DFF48F3BAFF75117DFFD33AD3FFAD
:10C970005D4FDF005A58F5FF8BD16FFF46DE2F0069
:10C980000AF64FFFC6D9B200E3E10B014E7EB3FFBA
:10C990003E2B7E00679423008108A5FEF5F09400ED
:10C9A0003D338E0051D086000F8973FFD377ECFFA3
:10C9B0009FF5F8FF028688FFE68B3A01A0A4FE00EF
:10C9C00072558DFF31A6B6FF9046540155B607004B
:10C9D0002E355D0009A6A1FF37A2B2FF2DB8BC001D
:10C9E000921C2CFEA95A310078B2F1010E7B7FFF18
:10C9F00007F1C701BD4232FFC68F65FEBDF387FF59
:10CA00008D1818FE4B61570076FB9A01ED369C009D
:10CA1000AB92CFFF83C4F6FF8840710197E83900DD
:10CA2000F0DA7300313D1BFF40814901FCA91BFF77
:10CA300028840A015AC9C1FFFC79F001BACE290045
:10CA40002BC661009164B700CCD850FEAC96410073
:10CA5000F9E5C4FE687B49FF4D6860FE82B40800BA
:10CA6000687B3900DCCAE5FF66F9D300560EE8FFA3
:10CA7000B64ED100EFE1A4006A0D20FF784911FF06
:10CA80008643E90053FEB500B7EC7001304083FFE8
:10CA9000F1D8F3FF41C1E200CEF164FE6486A6FF47
:10CAA000EDCAC500370D5100207C66FF28E4B100B7
:10CAB00076B51F01E7A086FF77BBCA00008E3CFF5A
:10CAC0008026BDFFA6C99600CF781A0136B8AC0003
:10CAD0000CF2CCFE8542E60022261F01B870500001
:10CAE0002033A5FEBFF337003A4992FE9BA7CDFF46
:10CAF000646898FFC5FECFFFAD13F700EE0ACA00C9
:10CB0000EF97F2005E3B27FFF01D66FF0A5C9AFF7D
:10CB1000E554DBFFA1815000D05ACC01F0DBAEFF21
:10CB20009E66910135B24CFF346CA80153DE6B0058
:10CB3000D3246D00763A3800081D1600EDA0C7001A
:10CB4000AAD19D0089472F008F562000C6F202000F
:10CB5000D43088015CACBA00E697690160BFE5009B
:10CB60008A50BFFEF0D882FF622B06FEA8C43100B7
:10CB7000FD125B01904979003D9227013F6818FF43
:10CB8000B8A570FE7EEB620050D562FF7B3C57FF7C
:10CB9000528CF501DF78ADFF0FC68601CE3CEF0069
:10CBA000E7EA5CFF21EE13FFA5718E01B077260046
:10CBB000A02BA6FEEF5B69006B3DC2011904440087
:10CBC0000F8B3300A4846AFF22742EFEA85FC50079
:10CBD00089D41700489C3A00897045FE96699AFFEF
:10CBE000ECC99D0017D49AFF8852E3FEE23BDDFFBB
:10CBF0005F95C000517634FF212BD7010E934BFF78
:10CC0000599C79FE0E124F0093D08B0197DA3EFFAC
:10CC10009C580801D2B862FF14AF7BFF6653E50051
:10CC2000DC41740196FA04FF5C8EDCFF22F742FFC0
:10CC3000CCE1B3FE975197004728ECFF8A3F3E00B6
:10CC4000064FF0FFB7B9B50076321B003FE3C000D6
:10CC50007B633A0132E09BFF11E1DFFEDCE04DFF38
:10CC60000E2C7B018D80AF00F8D4C800963BB7FF37
:10CC700093611D0096CCB500FD25470091557700C6
:10CC80009AC8BA000280F9FF53187C000E578F0033
:10CC9000A833F5017C97E7FFD0F0C5017CBEB90051
:10CCA000303AF60014E9E8007D1262FF0DFE1FFF26
:10CCB000F5B182FF6C8E2300AB7DF2FE8C0C22FF5F
:10CCC000A5A1A200CECD6500F7192201649139001B
:10CCD0002746390076CCCBFFF200A200A5F41E0057
:10CCE000C674E200806F99FF8C36B6013C7A0FFF64
:10CCF0009B3A39013632C600ABD31DFF6B8AA7FFC2
:10CD0000AD6BC7FF6DA1C1005948F2FFCE7359FF4B
:10CD1000FAFE8EFEB1CA5EFF51593200076942FF2A
:10CD200019FEFFFECB4017FF4FDE6CFF27F94B00CB
:10CD3000F17C3200EF988500DDF169009397620085
:10CD4000D5A179FEF2318900E925F9FE2AB71B0049
:10CD5000B877E6FFD920A3FFD0FBE401893E83FF2B
:10CD60004F4009FE5E307100118A32FEC1FF16008D
:10CD7000F712C5014337680010CD5FFF3025420030
:10CD8000379C3F0140524AFFC83547FEEF437D00C4
:10CD90001AE0DE00DF895DFF1EE0CAFF09DC8400C7
:10CDA000C626EB01668D56003C2B5101881C1A00EB
:10CDB000E92408FECFF29400A4A23F00332EE0FF46
:10CDC00072304FFF09AFE200DE03C1FF2FA0E8FF82
:10CDD000FF5D69FE0E2AE6001A8A5201D02BF4008C
:10CDE0001B2726FF62D07FFF4095B6FF05FAD100D2
:10CDF000BB3C1CFE3119DAFFA974CDFF7712780015
:10CE00009C7493FF84356DFF0D0ACA006E53A70012
:10CE10009DDB89FF060382FF32A71EFF3C9F2FFF89
:10CE200081809DFE5E03BD0003A6440053DFD70052
:10CE3000965AC2010FA84100E35333FFCDAB42FF26
:10CE400036BB3C0198662DFF779AE100F0F7880029
:10CE500064C5B2FF8B47DFFFCC52100129CE2AFFF9
:10CE60009CC0DDFFD87BF4FFDADAB9FFBBBAEFFF75
:10CE7000FCACA0FFC334160090AEB5FEBB6473FFDC
:10CE8000D34EB0FF1B07C10093D568FF5AC90AFFF4
:10CE9000507B42011621BA00010763FE1ECE0A0034
:10CEA000E5EA0500351ED2008A08DCFE4737A700F8
:10CEB00048E1560176BEBC00FEC16501ABF9ACFF8E
:10CEC0005E9EB7FE5D026CFFB05D4CFF49634FFF95
:10CED0004A4081FEF62E410063F17FFEF69766FF21
:10CEE0002C35D0FE3B66EA009AAFA4FF58F2200032
:10CEF0006F260100FFB6BEFF73B00FFEA93C810094
:10CF00007AEDF1005A4C3F003E4A78FF7AC36E003A
:10CF10007704B200DEF2D20082212EFE9C28290086
:10CF2000A792700131A36FFF79B0EB004CCF0EFFD9
:10CF30000319C60129EBD5005524D601315C6DFFDC
:10CF4000C8181EFEA8ECC30091277C01ECC3950015
:10CF50005A24B8FF4355AAFF26231AFE837C44FFB8
:10CF6000EF9B23FF36C9A400C41675FF310FCD0017
:10CF700018E01D017E7190007515B600CB9F8D00E5
:10CF8000DF874D00B0E6B0FFBEE5D7FF6325B5FFF4
:10CF900033158AFF19BD59FF3130A5FE982DF700D2
:10CFA000AA6CDE0050CA05001B4567FECC1681FF47
:10CFB000B4FC3EFED2015BFF926EFEFFDBA21C00C2
:10CFC000DFFCD5013B082100CE10F40081D33000F6
:10CFD0006BA0D000703BD1006D4DD8FE2215B9FF7B
:10CFE000F66338FFB38B13FFB91D32FF545913009A
:10CFF0004AFA62FFE12AC8FFC0D9CDFFD210A700CC
:10D0000063845F012BE63900FE0BCBFF63BC3FFF5F
:10D0100077C1FBFE50693600E8B5BD01B74570FF2A
:10D02000D0ABA5FF2F6DB4FF7B53A50092A234FFB8
:10D030009A0B04FF97E35AFF928961FE3DE929FFAD
:10D040005E2A37FF6CA4EC009844FE000A8C83FF34
:10D050000A6A4FFEF39E890043B242FEB17BC6FFCF
:10D060000F3E2200C5582AFF955FB1FF9800C6FF0A
:10D0700095FE71FFE15AA3FF7DD9F7001211E00080
:10D08000804278FEC01909FF32DDCD0031D4460060
:10D09000E9FFA40002D10900DD34DBFEACE0F4FFBF
:10D0A0005E38CE01F2B302FF1F5BA401E62E8AFFB9
:10D0B000BDE6DC00392F3DFF6F0B9D00B15B980092
:10D0C0001CE6620061577E00C65991FFA74F6B00B6
:10D0D000F94DA0011DE9E6FF961556FE3C0BC10077
:10D0E000972524FEB996F3FFE4D45301AC97B4001E
:10D0F000C9A99B00F43CEA008EEB040143DA3C0032
:10D10000C0714B0174F3CFFF41AC9B00511E9CFFDB
:10D11000504821FE12E76DFF8E6B15FE7D1A84FFCD
:10D12000B0103BFF96C93A00CEA9C900D079E20001
:10D1300028AC0EFF963D5EFF38399CFF8D3C91FF79
:10D140002D6C95FFEE919BFFD1551FFEC00CD200B8
:10D1500063625DFE98109700E1B9DC008DEB2CFF57
:10D16000A0AC15FE471A1FFF0D405DFE1C38C6001F
:10D17000B13EF801B608F100A66594FF4E5185FF57
:10D1800081DED701BCA981FFE807610031703CFF57
:10D19000D9E5FB00776C8A0027137BFE8331EB0017
:10D1A0008454910082E694FF194ABB0005F536FFCE
:10D1B000B9DBF10112C2E4FFF1CA66006971CA006D
:10D1C0009BEB4F001509B2FF9C01EF00C8943D0096
:10D1D00073F7D2FF31DD87003ABD0801232E090025
:10D1E000514105FF349EB9FF7D742EFF4A8C0DFF1F
:10D1F000D25CACFE93174700D9E0FDFE736CB4FF20
:10D20000913A30FEDBB118FF9CFF3C019A93F2008B
:10D21000FD865700354BE50030C3DEFF1FAF32FF00
:10D220009CD278FFD023DEFF12F8B301020A65FF1B
:10D230009DC2F8FF9ECC65FF68FEC5FF4F3E04000F
:10D24000B2AC65016092FBFF410A9C000289A5FF18
:10D250007404E700F2D7010013231DFF2BA14F0038
:10D260003B95F601FB42B000C82103FF506E8EFFD4
:10D27000C3A11101E43842FF7B2F91FE8404A40076
:10D2800043AEAC0019FD720057615701FADC54003F
:10D29000605BC8FF257D3B0013417600A134F1FFA0
:10D2A000EDAC06FFB0BFFFFF014182FEDFBEE6002E
:10D2B00065FDE7FF92236D00FA1D4D01310013005B
:10D2C0007B5A9B01165620FFDAD541006F5D7F0027
:10D2D0003C5DA9FF087FB60011BA0EFEFD89F6FF7E
:10D2E000D51930FE4CEE00FFF85C46FF63E08B0082
:10D2F000B809FF0107A4D000CD83C60157D6C700E7
:10D3000082D65F00DD95DE001726ABFEC56ED50028
:10D310002B738CFED7B1760060344201759EED0010
:10D320000E40B6FF2E3FAEFF9E5FBEFFE1CDB1FFC8
:10D330002B058EFFAC63D4FFF4BB93001D3399FF24
:10D34000E47418FE1E65CF0013F696FF86E705000D
:10D350007D86E2014D416200EC8221FF056E3E00B8
:10D36000456C7FFF07711600911453FEC2A1E7FFC1
:10D3700083B53C00D9D1B1FFE594D4FE0383B80056
:10D3800075B1BB011C0E1FFFB0665000325497FFF1
:10D390007D1F36FF159D85FF13B38B01E0E81A0052
:10D3A0002275AAFFA7FCABFF498DCEFE81FA2300B0
:10D3B000484FEC01DCE514FF29CAADFF634CEEFFDA
:10D3C000C616E0FF6CC6C3FF248D6001EC9E3BFFD8
:10D3D0006A6457006EE20200E3EADE009A5D77FFBE
:10D3E0004A70A4FF435B02FF159121FF66D689FFB7
:10D3F000AFE667FEA3F6A6005DF774FEA7E01CFF8C
:10D40000DC023901ABCE54007BE411FF1B787700BE
:10D41000770B9301B42FE1FF68C8B9FEA502720033
:10D420004D4ED4002D9AB1FF18C479FE529DB6001E
:10D430005A10BE010C93C5005FEF98FF0BEB47003D
:10D44000569277FFAC86D6003C83C400A1E18100F0
:10D450001F8278FE5FC8330069E7D2FF3A0994FF64
:10D460002BA8DDFF7CED8E00C6D332FE2EF56700C3
:10D47000A4F854009846D0FFB475B100464FB900E7
:10D48000F34A2000959CCF00C5C4A101F535EF00FB
:10D490000F5DF6FE8BF031FFC45824FFA2267B00FF
:10D4A00080C89D01AE4C67FFADA922FED801ABFF3D
:10D4B0007233110088E4C2006E9638FE6AF69F004F
:10D4C00013B84FFF964DF0FF9B50A2000035A9FF07
:10D4D0001D975600445E10005C076EFE627595FF56
:10D4E000F94DE6FFFD0A8C00D67C5CFE2376EB004E
:10D4F000593039011635A600B8903DFFB3FFC20080
:10D50000D6F83DFE3B6EF600791551FEA603E40009
:10D510006A401AFF45E886FFF2DC35FE2EDC550036
:10D520007195F7FF61B367FFBE7F0B0087D1B6002F
:10D530005F348101AA90CEFF7AC8CCFFA864920024
:10D540003C9095FE463C28007A34B1FFF6D365FF47
:10D55000AEED080007337800131FAD007EEF9CFF8F
:10D560008FBDCB00C48058FFE985E2FF1E7DADFF73
:10D57000C96C32007B643BFFFEA30301DD94B5FF61
:10D58000D68839FEDEB489FFCF5836FF1C21FBFF59
:10D5900043D63401D2D0640051AA5E0091283500F0
:10D5A000E06FE7FE231CF4FFE2C7C3FEEE11E600C6
:10D5B000D9D9A4FEA99DDD00DA2EA201C7CFA3FF11
:10D5C0006C73A2010E60BBFF763C4C00B89F9800C4
:10D5D000D1E747FE2AA4BAFFBA9933FEDDABB6FF06
:10D5E000A28EAD00EB2FC100078B10015FA440FF9E
:10D5F00010DDA600DBC51000841D2CFF644575FFFF
:10D600003CEB58FE2851AD0047BE3DFFBB589D0086
:10D61000E70B1700ED75A400E1A8DFFF9A7274FF15
:10D62000A398F2011820AA007D6271FEA8134C0095
:10D63000119DDCFE9B340500136FA1FF475AFCFFD0
:10D64000AD6EF0000AC679FFFDFFF0FF427BD2000D
:10D65000DDC2D7FE79A311FFE1076300BE31B6003A
:10D6600073098501E81A8AFFD54484002C777AFF74
:10D67000B3623300955A6A004732E6FF0A9976FF93
:10D68000B1461900A557CD00378AEA00EE1E6100A9
:10D69000719BCF0062997F00226BDBFE7572ACFF3D
:10D6A0004CB4FFFEF239B3FFDD22ACFE38A231FFED
:10D6B0005303FFFF71DDBDFFBC19E4FE105859FF95
:10D6C000471CC6FE161195FFF379FEFF6BCA63FF78
:10D6D00009CE0E01DC2F99006B8927016131C2FF51
:10D6E0009533C5FEBA3A0BFF6B2BE801C8060EFF57
:10D6F000B58541FEDDE4ABFF7B3EE701E3EAB3FF26
:10D7000022BDD4FEF4BBF900BE0D500182590100C8
:10D71000DF85AD0009DEC6FF427F4A00A7D85DFF66
:10D720009BA8C6014291000044662E01AC5A9A00A3
:10D73000D8804BFFA02833009E111B017CF03100E4
:10D74000ECCAB0FF977CC0FF26C1BE005FB63D00AB
:10D75000A3937CFFFFA533FF1C2811FED7604E006A
:10D760005691DAFE1F24CAFF560905006F29C8FF2B
:10D77000ED6C6100393E2C0075B80F012DF174007D
:10D780009801DCFF9DA5BC00FA0F83013C2C7DFFB6
:10D7900041DCFBFF4B32B800355A80FFE750C2FF37
:10D7A00088817F011512BBFF2D3AA1FF479322000C
:10D7B000AEF90BFE238D1D00EF44B1FF736E3A00EE
:10D7C000EEBEB10157F5A6FFBE31F7FF9253B8FF89
:10D7D000AD0E27FF92D768008EDF780095C89BFFBB
:10D7E000D4CF910110B5D900AD2057FFFF23B5006C
:10D7F00077DFA101C8DF5EFF4606BAFFC04355FFD1
:10D8000032A99800901A7BFF38F3B3FE14448800C5
:10D81000278CBCFEFDD005FFC87387012BACE5FF4C
:10D820009C68BB0097FBA7003487170097994800B6
:10D8300093C56BFE949E05FFEE8FCE007E9989FF07
:10D840005898C5FE0744A700FC9FA5FFEF4E36FF82
:10D85000183F37FF26DE5E00EDB70CFFCECCD200BE
:10D860001327F6FE1E4AE700876C1D01B373000004
:10D87000757674018406FCFF9181A10169438D00D6
:10D880005225E2FFEEE2E4FFCCD681FEA27B64FFEC
:10D89000B979EA002D6CE700420838FF84888000DF
:10D8A000ACE042FEAF9DBC00E6DFE2FEF2DB4500ED
:10D8B000B80E770152A23800727B1400A26755FFA0
:10D8C00031EF63FE9C87D7006FFFA7FE27C4D60009
:10D8D00090264F01F9A87D009B619CFF1734DBFF68
:10D8E000961690002C95A5FF287FB700C44DE9FF40
:10D8F0007681D2FFAA87E6FFD677C600E9F023003B
:10D90000FD3407FF756630FF15CC9AFFB388B1FF71
:10D9100017020301958259FFFC119F01463C1A0032
:10D92000906B1100B4BE3CFF38B63BFF6E4736FF2C
:10D93000C61281FF95E057FFDF1598FF8A16B6FFE4
:10D94000FA9CCD00EC2DD0FF4F94F2016546D1003A
:10D95000674EAE006590ACFF9888ED01BFC28800AD
:10D9600071507D0198048D009B9635FFC474F500BD
:10D97000EF7249FE135211FF7C7DEAFF2834BF008D
:10D980002AD29EFF9B84A500B2052A01405C28FF95
:10D9900024554DFFB2E47600894260FE73E24200F6
:10D9A0006EF045FE976F5000A7AEECFFE36C6BFF87
:10D9B000BCF241FFB751FF0039CEB5FF2F22B5FFB2
:10D9C000D5F09E01474B5F009C2818FF66D251009E
:10D9D000ABC7E4FF9A222900E3AF4B0015EFC30069
:10D9E0008AE55F014CC03100757B5701E3E182009D
:10D9F0007D3E3FFF02C6AB00FE240DFE91BACE0075
:10DA000094FFF4FF2300A6001E96DB015CE4D40023
:10DA10005CC63CFE3E85C8FFC9293B007DEE6DFF1C
:10DA2000B4A3EE018C7A5200091658FFC59D2FFF52
:10DA3000995E3900581EB60054A15500B2927C0080
:10DA4000A6A607FF15D0DF009CB6F2009B79B900AF
:10DA5000539CAEFE9A1076FFBA53E801DF3A79FF85
:10DA60001D175800237D7FFFAA0595FEA40C82FF99
:10DA70009BC41D00A160880007231D01A225FB0097
:10DA8000032EF2FF00D9BC0039AEE201CEE902005C
:10DA900039BB88FE7BBD09FFC9757FFFBA24CC0066
:10DAA000E719D800504E6900138681FF94CB4400DB
:10DAB0008D517DFEF8A5C8FFD69087009737A6FF49
:10DAC00026EB5B00152E9A00DFFE96FF2399B4FF2C
:10DAD0007DB01D012B621EFFD87AE6FFE9A00C0085
:10DAE00039B90CFEF07107FF050910FE1A5B6C00D6
:10DAF0006DC6CB00089328008186E4FF7CBA28FF1E
:10DB0000726284FEA684170063452C0009F2EEFFC2
:10DB1000B8353B00848166FF3420F3FE93DFC8FFF5
:10DB20007B53B3FE8790C9FF8D253801973CE3FFF7
:10DB30005A499C01CBACBB0050972FFF5E89E7FF91
:10DB400024BF3BFFE1D1B5FF4AD7D5FE0676B3FF30
:10DB50009936C1013200E700689D48018CE39AFFC5
:10DB6000B6E210FE60E15CFF7314AAFE06FA4E00F6
:10DB7000F84BADFF355906FF00B4760048AD010003
:10DB80004008CE01AE85DF00B93E85FFD60B6200AE
:10DB9000C51FD000ABA7F4FF16E7B50196DAB900B0
:10DBA000F7A96101A58BF7FF2F78950167F833007E
:10DBB0003C451CFE19B3C4007C07DAFE3A6B5100E9
:10DBC000B8E99CFFFC4A240076BC43008D5F35FF1A
:10DBD000DE5EA5FE2E3D3500CE3B73FF2FECFAFF37
:10DBE0004A052001819AEEFF6A20E20079BB3DFFE1
:10DBF00003A6F1FE43AAACFF1DD8B2FF17C9FC0073
:10DC0000FD6EF300C87D39006DC060FF3473EE0017
:10DC10002679F3FFC9382100C27682004B6019FFD4
:10DC2000AA1EE6FE273FFD00242DFAFFFB01EF00B0
:10DC3000A0D45C012DD1ED00F32157FEED54C9FFB6
:10DC4000D4129DFED4637FFFD96210FE8BACEF002F
:10DC5000A8C982FF8FC1A9FFEE97C101D76829002B
:10DC6000EF3DA5FE0203F20016CBB1FEB1CC1600CB
:10DC70009581D5FE1F0B29FF009F79FEA01972FF29
:10DC8000A250C8009D970B009A864E01D836FC0022
:10DC90003067850069DCC500FDA84DFE35B317006F
:10DCA0001879F001FF2E60FF6B3C87FE62CDF9FF13
:10DCB0003FF977FF783BD3FF72B437FE5B55ED0039
:10DCC00095D44D013849310056C696005DD1A0006B
:10DCD00045CDB6FFF45A2B001424B0007A74DD0051
:10DCE00033A72701E7013FFF0DC5860003D122FFBF
:10DCF000873BCA00A7644E002FDF4C00B93C3E00B2
:10DD0000B2A67B01840CA1FF3DAE2B00C345900061
:10DD10007F2FBF01222C4E0039EA3401FF1628FF65
:10DD2000F65E920053E480003C4EE0FF0060D2FFBC
:10DD300099AFEC009F154900B473C4FE83E16A00FB
:10DD4000FFA786009F0870FF7844C2FFB0C4C6FFDB
:10DD50007630A8FF5DA9010070C866014A18FE0070
:10DD6000138D04FE8E3E3F0083B3BBFF4D9C9BFF93
:10DD70007756A400AAD092FFD0859AFF949B3AFFD1
:10DD8000A278E8FEFCD59B00F10D2A005E328300EC
:10DD9000B3AA70008C5397FF377754018C23EFFFA1
:10DDA000992D4301ECAF2700369767FF9E2A41FF6C
:10DDB000C4EF87FE5635CB0095612FFED82311FFA7
:10DDC0004603460167245AFF281AAD00B8300D00FB
:10DDD000A3DBD9FF510601FFDDAA6CFEE9D05D008F
:10DDE00064C9F9FE562423FFD19A1E01E3C9FBFF43
:10DDF00002BDA7FE643903000D802900C5644B00F5
:10DE000096CCEBFF91AE3B0078F895FF5537E100DB
:10DE100072D235FEC7CC77000EF74A013FFB810076
:10DE200043689701878250004F5937FF75E69DFF81
:10DE300019608F00D591050045F1780195F35FFFDA
:10DE4000722A1400834802009A3514FF493E6D007F
:10DE5000C4669800290CCCFF7A260B01FA0A9100BF
:10DE6000CF7D9400F6F4DEFF2920550170D57E00A9
:10DE7000A2F9560147C67FFF51091501622704FF29
:10DE8000CC472D014B6F8900EA3BE70020305FFF54
:10DE9000CC1F72011DC4B5FF33F1A7FE5D6D8E006E
:10DEA00068902D00EB0CB5FF3470A4004CFECAFF47
:10DEB000AE0EA2003DEB93FF2B40B9FEE97DD900E9
:10DEC000F358A7FE4A3108009CCC42007CD67B0068
:10DED00026DD76019270EC007262B1009759C7009E
:10DEE00057C57000B995A1002C60A500F8B314FFC8
:10DEF000BCDBD8FE283E0D00F38E8D00E5E3CEFF9F
:10DF0000ACCA23FF75B0E1FF526E26012AF50EFF61
:10DF10001453610031AB0A00F277780019E83D0034
:10DF2000D4F093FF047338FF9111EFFECA11FBFF89
:10DF3000F912F5FF6375EF00B804B3FFF6ED33FF98
:10DF400025EF89FFA670A6FF51BC21FFB9FA8EFF0D
:10DF500036BBAD00D070C900F62BE40168B858FF9D
:10DF6000D434C4FF33756CFFFE759B002E5B0FFF2E
:10DF7000570E90FF57E3CC00531A53019F4CE30018
:10DF80009F1BD50118976C007590B3FE89D1520084
:10DF9000269F0A007385C900DFB69C016EC45DFF31
:10DFA000393CE90005A769FF9AC5A4006022BAFFC1
:10DFB00093852501DC63BE0001A754FF1491AB00DB
:10DFC000C2C5FBFE5F4E85FFFCF8F3FFE15D83FFFA
:10DFD000BB86C4FFD899AA0014769EFE8C017600F9
:10DFE000569E0F012DD329FF930164FE71744CFFDF
:10DFF000D37F6C01670F3000C110660145335FFFAE
:10E000006B809D0089ABE9005A7C90016AA1B60043
:10E01000AF4CEC01C88DACFFA33A6800E9B434FF03
:10E02000F0FD0EFFA271FEFF26EF8AFE342EA60041
:10E03000F16521FE83BA9C006FD03EFF7C5EA0FF9D
:10E040001FACFE0070AE38FFBC631BFF438AFB00B1
:10E050007D3A80019C98AEFFB20CF7FFFC549E0005
:10E0600052C50EFEACC853FF25272E016ACFA7006C
:10E0700018BD220083B29000CED50400A1E2D200E8
:10E08000483369FF612DBBFF4EB8DFFFB01DFB00B9
:10E090004FA056FF7425B200524DD50152548DFF4A
:10E0A000E265D401AF58C7FFF55EF701AC766DFFAE
:10E0B000A6B9BE0083B5780057FE5DFF86F049FF24
:10E0C00020F58FFF8BA267FFB36212FED9CC7000E0
:10E0D00093DF78FF350AF300A68C96007D50C8FFC9
:10E0E0000E6DDBFF5BDA01FFFCFC2FFE6D9C74FF05
:10E0F00073317F01CC57D3FF94CAD9FF1A55F9FF6A
:10E100000EF586014C59A9FFF22DE6003B62ACFFEB
:10E11000724984FE4E9B31FF9E7E540031AF2BFF2F
:10E1200010B654FF9D67230068C16DFF43DD9A0060
:10E13000C9AC01FE08A25800A5011DFF7D9BE5FFAB
:10E140001E9ADC0167EF5C00DC016DFFCAC60100AE
:10E150005E028E0124362C00EBE29EFFAAFBD6FF66
:10E16000B94D0900614AF200DBA395FFF02376FF69
:10E17000DF7258FEC0C703006A2518FFC9A176FFE9
:10E1800061596301E03A67FF65C793FEDE3C6300B7
:10E19000EA193B0134871B0066035BFEA8D8EB003D
:10E1A000E5E88800683C81002EA8EE0027BF430008
:10E1B0004BA32F008F6162FF38D8A801A8E9FCFFAC
:10E1C000236F16FF5C542B001AC857015BFD9800A3
:10E1D000CA3846008E084D00500AAF01FCC74C00FB
:10E1E000166E52FF8101C2000B803D01570E91FF58
:10E1F000FDDEBE010F48AE0055A356FE3A632CFF6C
:10E200002D18BCFE1ACD0F0013E5D2FEF843C30053
:10E210006347B8009AC725FF97F379FF26334BFF72
:10E22000C95582FE2C41FA003993F3FE922B3BFF35
:10E23000591C3500215418FFB33312FEBD4653005C
:10E240000B9CB301628677009E6F6F00779A49FF3F
:10E25000C83F8CFE2D0D0DFF9AC002FE51482A00CA
:10E260002EA0B9FE2C70060092D795011AB0680056
:10E27000441C5701EC3299FFB380FAFECEC1BFFFB8
:10E28000A65C89FE3528EF00D201CCFEA8AD2300A4
:10E290008DF32D0124326DFF0FF2C2FFE39F7AFF51
:10E2A000B0AFCAFE4639480028DF3800D0A23AFF96
:10E2B000B7625D000F6F0C001E084CFF847FF6FFF5
:10E2C0002DF2670045B50FFF0AD11E0003B3790098
:10E2D000F1E8DA017BC758FF02D2CA01BC8251FFC4
:10E2E0005E65D00167242D004CC118015F1AF1FF53
:10E2F000A5A2BB0024728C00CA4205FF25389300FA
:10E30000980BF3017F55E8FFFA87D401B9B171008A
:10E310005ADC4BFF45F89200326F32005C16500019
:10E32000F42473FEA36452FF19C106017F3D24004B
:10E33000FD431EFE41ECAAFFA111D7FE3FAF8C00AA
:10E34000377F04004F70E9006DA028008F5307FF4E
:10E35000411AEEFFD9A98CFF4E5EBDFF0093BEFFB0
:10E360009347BAFE6A4D7FFFE99DE9018757EDFFAC
:10E37000D00DEC019B6D24FFB464DA00B4A312004D
:10E38000BE6E0901113F7BFFB388B4FFA57B7BFF05
:10E3900090BC51FE47F06CFF19700BFFE3DA33FFBE
:10E3A000A732EAFF724F6CFF1F1373FFB7F06300D1
:10E3B000E3578FFF48D9F8FF66A95F018195950063
:10E3C000EE850C01E3CC2300D0731A016608EA0045
:10E3D00070588F0190F90E00F09EACFE64707700CB
:10E3E000C28D99FE283853FF79B02E002A354CFF94
:10E3F0009EBF9A005BD15C00AD0D10010548E2FFA5
:10E40000CCFE950050B8CF0064097AFE7665ABFF6C
:10E41000FCCB00FEA0CF36003848F901388C0DFF48
:10E420000A406BFE5B6534FFE1B5F8018BFF8400A9
:10E43000E6911100E93817007701F1FFD5A997FFA0
:10E44000636309FEB90FBFFFAD676D01AE0DFBFF42
:10E45000B25807FE1B3B44FF0A2102FFF8613B0054
:10E460001A1E9201B0930A005F79CF01BC581800C0
:10E47000B95EFEFE7337C9001832460078350600D3
:10E480008E429200E4E2F9FF68C0DE01AD44DB0099
:10E49000A2B824FF8F6689FF9D0B17007D2D6200B7
:10E4A000EB5DE1FE3870A0FF4674F30199F937FF88
:10E4B00081271101F150F400574515015EE449FF31
:10E4C0004E4241FFC2E3E7003D9257FFAD9B17FF6D
:10E4D0007074DBFED8260BFF83BA85005ED4BB00C8
:10E4E000642F5B00CCFEAFFFDE12D7FEAD446CFFA5
:10E4F000E3E44FFF26DDD500A3E396FE1FBE120026
:10E50000A0B30B010A5A5EFFDCAE5800A3D3E5FFAF
:10E51000C7883400825FDDFF8CBCE7FE8B7180FF13
:10E5200075ABECFE31DC14FF3B14ABFFE46DBC00BB
:10E5300014E120FEC310AE00E3FE880187276900C6
:10E54000964DCEFFD2EEE20037D484FEEF397C0048
:10E55000AAC25DFFF910F7FF18973EFF0A970A005D
:10E560004F8BB2FF78F2CA001ADBD5003E7D23FF45
:10E5700090026CFFE62153FF512DD801E03E1100BF
:10E58000D6D97D00629999FFB3B06AFE835D8AFF98
:10E590006D3E24FFB27920FF78FC4600DCF82500B0
:10E5A000CC58670180DCFBFFECE307016A31C6FF52
:10E5B0003C386B006372EE00DCCC5E0149BB0100AD
:10E5C000599A22004ED9A5FF0EC3F9FF09E6FDFFB7
:10E5D000CD87F5001AFC07FF54CD1B0186027000A1
:10E5E000259E2000E75BEDFFBFAACCFF9807DE0069
:10E5F0006DC03100C1A692FFE813B5FF698E34FFEC
:10E6000067101B01FDC8A500C3D904FF34BD90FFEE
:10E610007B9BA0FE578236FF4E783DFF0E382900C7
:10E6200019297DFF57A8F500D6A54600D4A906FFF5
:10E63000DBD3C2FE485DA4FFC52167FF2B8E8D0092
:10E6400083E1AC00F4691C004444E10088540DFFF0
:10E65000823928FE8B4D380054963500365F9D0078
:10E66000900DB1FE5F73BA00751776FFF4A6F1FF47
:10E670000BBA8700B26ACBFF61DA5D002BFD2D007B
:10E68000A49804008B76EF00600118FEEB99D3FF8D
:10E69000A86E14FF32EFB0007229E800C1FA35000D
:10E6A000FEA06FFE887A29FF616C4300D79817FFA0
:10E6B0008CD1D4002ABDA300CA2A32FF6A6ABDFFEA
:10E6C000BE44D9FFE93A7500E5DCF301C503040057
:10E6D000257836FE049C86FF243DABFEA58864FFAA
:10E6E000D4E80E005AAE0A00D8C641FF0C03400021
:10E6F000747173FFF8670800E77D12FFA01CC50066
:10E700001EB82301DF49F9FF7B142EFE873825FF51
:10E71000AD0DE50177A122FFF53D4900CD7D7000EB
:10E7200089688600D9F61EFFED8E8F00419F66FF37
:10E730006CA4BE00DB75ADFF222578FEC8455000F5
:10E740001F7CDAFE4A1BA0FFBA9AC7FF47C7FC002E
:10E7500068519F0111C82700D33DC0011AEE5B002C
:10E7600094D90C003B5BD5FF0B51B7FF81E67AFFD4
:10E7700072CB910177B442FF488AB400E0956A00F9
:10E78000775268FFD08C2B006209B6FFCD6586FFFB
:10E79000126526005FC5A6FFCBF193003ED091FF26
:10E7A00085F6FB0002A90E000DF7B8008E07FE00EB
:10E7B00024C817FF58CDDF005B8134FF15BA1E0057
:10E7C0008FE4D201F7EAF8FFE6451FFEB0BA87FFF3
:10E7D000EECD34018B4F2B0011B0D9FE20F3430056
:10E7E000F26FE9002C2309FFE372510104470CFF8B
:10E7F0002669BF00077532FF514F10003F4441FFAB
:10E800009D246EFF4DF103FFE22DFB018E19CE001A
:10E81000787BD1011CFEEEFF05807EFF5BDED7FF1B
:10E82000A20FBF0056F0490087B951FE2CF1A3009A
:10E83000D4DBD2FF70A29B00CF657600A84838FFDA
:10E84000C405340048ACF2FF7E169DFF92603BFF8A
:10E85000A27998FE8C105F00C3FEC8FE5296A200FB
:10E86000772B91FECCAC4EFFA6E09F006813EDFF26
:10E87000F57ED0FFE23BD50075D9C5009848ED0084
:10E88000DC1F17FE0E5AE7FFBCD440013C65F6FFC3
:10E890005518560001B16D00925320014BB6C000CF
:10E8A00077F1E000B9ED1BFFB8655201EB254DFF94
:10E8B000FD861300E8F67A003C6AB300C30B0C0037
:10E8C0006D42EB017D713B003D28A400AF68F00074
:10E8D000022FBBFF320C8D00C28BB5FF87FA680098
:10E8E000615CDEFFD995C9FFCBF176FF4F974300FE
:10E8F0007A8EDAFF95F5EF008A2AC8FE502561FF6F
:10E900007C70A7FF248A57FF821D93FFF1574EFFAB
:10E91000CC611301B1D116FFF7E37FFE637753FF9C
:10E92000D419C60110B3B300914DACFE59990EFF36
:10E93000DABDA7006BE93BFF2321F3FE2C7070FFCB
:10E94000A17F4F01CCAF0A0028158AFE6874E4004D
:10E95000C75F89FF85BEA8FF92A5EA01B7632700BC
:10E96000B7DC36FEFFDE8500A2DB79FE3FEF060056
:10E97000E16636FFFB12F600042281018724830042
:10E98000CE323B010F61B700ABD887FF65982BFFF4
:10E9900096FB5B0026915F0022CC26FEB28C53FFD3
:10E9A0001981F3FF4C9025006A241AFE7690ACFF83
:10E9B00044BAE5FF6BA1D5FF2EA344FF95AAFD0045
:10E9C000BB110F00DAA0A5FFAB23F601600D130009
:10E9D000A5CB7500D66BC0FFF47BB1016403680062
:10E9E000B2F261FFFB4C82FFD34D2A01FA4F46FF82
:10E9F0003FF450016965F6003D883A01EE5BD500B1
:10EA00000E3B62FFA7544D0011842EFE39AFC5FFA7
:10EA1000B93EB8004C40CF00ACAFD0FEAF4A2500A5
:10EA20008A1BD3FE947DC2000A595100A8CB65FF12
:10EA30002BD5D101EBF536001E23E2FF097E4600FF
:10EA4000E27D5EFE9C7514FF39F87001E63040FFF0
:10EA5000A45CA601E0D6E6FF24788F0037082BFFE0
:10EA6000FB01F5016A62A5004A6B6AFE350436FFB8
:10EA70005AB2960103787BFFF405590172FA3DFF03
:10EA8000FE9952014D0F110039EE5A015FDFE60089
:10EA9000EC342FFE6794A4FF79CF24011210B9FF44
:10EAA0004B144A00BB0B65002E3081FF16EFD2FFDE
:10EAB0004DEC81FF6F4DCCFF3D4861FFC7D9FBFF97
:10EAC0002AD7CC008591C9FF39E69201EB64C600D4
:10EAD000924923FE6CC614FFB64FD2FF52678800DE
:10EAE000F66CB00022113CFF134A72FEA8AA4EFF3A
:10EAF0009DEF14FF9529A8003A791C004FB386FFBB
:10EB0000E77987FFAED162FFF37ABE00ABA6CD00F6
:10EB1000D47430001D6C42FFA2DEB6010E771500E2
:10EB2000D527F9FFFEDFE4FFB7A5C60085BE30009C
:10EB30007CD06DFF77AF55FF09D1790130ABBDFFB8
:10EB4000C347860188DB33FFB65B8DFE319F4800EB
:10EB50002376F5FF70BAE3FF3B891F00892CA300E1
:10EB600072673CFE08D59600A20A71FFC268480091
:10EB7000DC8374FFB24F5C00CBFAD5FE5DC1BDFFF4
:10EB800082FF22FED4BC9700881114FF146553FF46
:10EB9000D4CEA600E5EE49FF974A03FFA857D70059
:10EBA0009BBC85FFA6814900F04F85FFB2D351FF82
:10EBB000CB48A3FEC1A8A5000EA4C7FE1EFFCC0033
:10EBC00041485B01A64A66FFC82A00FFC271E3FF05
:10EBD0004217D000E5D864FF18EF1A000AE93EFF9B
:10EBE0007B0AB2011A24AEFF77DBC7012DA3BE005A
:10EBF00010A82A00A639C6FF1C1A1A007EA5E70035
:10EC0000FB6C64FF3DE579FF3A768A004CCF11003A
:10EC10000D2270FE5910A80025D069FF23C9D7FF27
:10EC2000286A65FE06EF72002867E2FEF67F6EFF37
:10EC30003FA73A0084F08E00059E58FF81499EFF51
:10EC40005E599200E6369200082DAD004FA90100F2
:10EC500073BAF7005440830043E0FDFFCFBD40008E
:10EC60009A1C51012DB836FF57D4E0FF006049FFD0
:10EC70008121EB01344250FFFBAE9BFF04B3250022
:10EC8000EAA45DFE5DAFFD00C64557FFE06A2E00B9
:10EC9000631DD2003EBC72FF2CEA0800A9AFF7FF4B
:10ECA000176D89FFE5B62700C0A55EFEF565D900A2
:10ECB000BF586000C45E63FF6AEE0BFE357EF30052
:10ECC0005E0165FF2E930200C97C7CFF8D0CDA008B
:10ECD0000DA69D0130FBEDFF9BFA7CFF6A9492FF2D
:10ECE000B60DCA001C3DA700D99808FEDC822DFF96
:10ECF000C8E6FF01374157FF5DBF61FE72FB0E00A2
:10ED000020695C011ACF8D0018CF0DFE153230FF3F
:10ED1000BA9474FFD32BE1002522A2FEA4D22AFFCD
:10ED2000441760FFB6D608FFF57589FF42C332006D
:10ED30004B0C53FE508CA40009A52401E46EE300A3
:10ED4000F1115A011934D40006DF0CFF8BF339009E
:10ED50000C714B01F6B7BFFFD5BF45FFE60F8E0024
:10ED600001C3C4FF8AAB2FFF403F6A0110A9D6FF41
:10ED7000CFAE3801584985FFB6858C00B10E19FF1A
:10ED800093B835FF0AE3A1FF78D8F4FF494DE900B5
:10ED90009DEE8B013B41E90046FBD80129B899FF64
:10EDA00020CB70009293FD0057656D012C5285FFBA
:10EDB000F49635FF5E98E8FF3B5D27FF5893DCFF34
:10EDC0004E510D01202FFCFFA01372FF5D6B27FF3A
:10EDD0007610D301B977D1FFE3DB7FFE5869ECFFF2
:10EDE000A26E17FF24A66EFF5BECDDFF42EA740003
:10EDF0006F13F4FE0AE91A0020B706FE02BFF20004
:10EE0000DA9C35FE293C46FFA8EC6F0079B97EFFFD
:10EE1000EE8ECFFF377E3400DC81D0FE50CCA4FFD5
:10EE2000431790FEDA286CFF7FCAA400CB2103FFB2
:10EE3000029E00002560BCFFC0314A006D04000046
:10EE40006FA70AFE5BDA87FFCB42ADFF96C2E200F6
:10EE5000C9FD06FFAE667900CDBF6E0035C2040065
:10EE600051282DFE23668FFF0C6CC6FF101BE8FF98
:10EE7000FC47BA01B06E72008E037501714D8E00B1
:10EE8000139CC5015C2FFC0035E816013612EB001F
:10EE90002E23BDFFECD481000260D0FEC8EEC7FF78
:10EEA0003BAFA4FF922BE700C2D934FF03DF0C0075
:10EEB0008A36B2FE55EBCF00E8CF2200313432FF64
:10EEC000A67159FF0A2DD8FF3EAD1C006FA5F600B4
:10EED00076735BFF80543C00A790CB00570DF30086
:10EEE000161EE401B17192FF81AAE6FEFC9981FF32
:10EEF00091E12B0046E705FF7A697EFE56F694FF06
:10EF00006E259AFED1035B0044913E00E410A5FFFC
:10EF100037DDF9FEB2D25B005392E2FE4592BA00B1
:10EF20005DD268FE1019AD00E7BA2600BD7A8CFFED
:10EF3000FB0D70FF696E5D00FB48AA00C017DFFF84
:10EF40001803CA01E15DE4009993C7FE6DAA16009B
:10EF5000F865F6FFB27C0CFFB2FE66FE3704410096
:10EF60007DD6B400B76093002D7517FE84BFF900FD
:10EF70008FB0CBFE88B736FF92EAB100926556FF9C
:10EF80002C7B8F0121D19800C05A29FE530F7DFFA1
:10EF9000D5AC5200D7A99000100D220020D164FFFB
:10EFA0005412F901C511ECFFD9BAE60031A0B0FF47
:10EFB0006F7661FFED68EB004F3B5CFE45F90BFFA0
:10EFC00023AC4A0113764400DE7CA5FFB44223FF44
:10EFD00056AEF6002B4A6FFF7E9056FFE4EA5B00C8
:10EFE000F2D518FE452CEBFFDCB4230008F807FF30
:10EFF000662F5CFFF0CD66FF71E6AB011FB9C9FF5C
:10F00000C2F646FF7A11BB008646C7FF950396FFFE
:10F01000753F670041687BFFD4361301068D5800A9
:10F020005386F3FF88356700A91BB400B13118007F
:10F030006F36A700C33DD7FF1F016C013C2A460075
:10F04000B903A2FFC29528FFF67F26FEBE7726FFF2
:10F050003D77080160A1DBFF2ACBDD01B1F2A4FFFF
:10F06000F59F0A0074C40000055DCDFE807FB300EB
:10F070007DEDF6FF95A2D9FF572514FE8CEEC0005A
:10F080000909C1006101E2001D260A0000883FFF56
:10F09000E548D2FE26865CFF4EDAD001682454FF94
:10F0A0000C05C1FFF2AF3DFFBFA92E01B39393FF43
:10F0B00071BE8BFE7DAC1F00034BFCFED7240F00FE
:10F0C000C11B1801FF4595FF6E817600CB5DF900ED
:10F0D0008A8940FE264606009974DE00A14A7B001C
:10F0E000C1634FFF763B5EFF3D0C2B0192B19D004B
:10F0F0002E93BF0010FF26000B331F013C3A62FF26
:10F100006FC24D019A5BF4008C289001AD0AFB00A0
:10F11000CBD132FE6C824E00E4B45A00AE07FA0046
:10F120001FAE3C0029AB1E00746352FF76C18BFFFB
:10F13000BBADC6FEDA6F3800B97BD800F99E34004B
:10F1400034B45DFFC9095BFF382DA6FE849BCBFF5D
:10F150003AE86E0034D359FFFD00A2010957B70009
:10F1600091882C015E7AF50055BCAB01935CC6001A
:10F17000000868001E5FAE00DDE63401F7F7EBFF24
:10F1800089AE35FF2315CCFF47E3D601E852C20014
:10F190000B30E3FFAA49B8FFC6FBFCFE2C7022002F
:10F1A000836583FF48A8BB0084877DFF8A6861FF71
:10F1B000EEB8A8FFF36854FF87D8E2FF8B90ED000C
:10F1C000BC89960150388CFF56A9A7FFC24E19FF83
:10F1D000DC11B4FF110DC1007589D4FF8DE09700DB
:10F1E00031F4AF00C163AFFF13639A01FF413EFFEB
:10F1F0009CD237FFF2F403FFFA0E95009E58D9FF18
:10F200009DCF86FEFBE81C002E9CFBFFAB38B8FFB1
:10F21000EF33EA008E8A83FF19FEF3010AC9C200A8
:10F220003F614B00D2EFA200C0C81F0175D6F300AA
:10F230001847DEFE3628E8FF4CB76FFE900E57FFEA
:10F24000D64F88FFD8C4D400841B8CFE8305FD00F4
:10F250007C6C13FF1CD74B004CDE37FEE9B63F0039
:10F2600044ABBFFE346FDEFF0A694DFF50AAEB00CE
:10F270008F1858FF2DE779009481E0013DF6540086
:10F28000FD2EDBFFEF4C2100319412FEE6254500F8
:10F29000438616FE8E9B5E001F9DD3FED52A1EFF61
:10F2A00004E4F7FEFCB00DFF27001FFEF1F4FFFFA2
:10F2B000AA2D0AFEFDDEF900DE728400FF2F06FF94
:10F2C000B4A3B301545E97FF59D152FEE534A9FFB0
:10F2D000D5EC0001D638E4FF877797FF70C9C100ED
:10F2E00053A035FE0697420012A21100E9615B00AF
:10F2F00083054E01B57835FF755F3FFFED75B900A9
:10F30000BF7E88FF9077E900B73961012FC9BBFF45
:10F31000A7A577012D647E00156206FE91965FFF1A
:10F3200078369800D16268008F6F1EFEB894F9009D
:10F33000EBD82E00F8CA94FF395F1600F2E1A30063
:10F34000E9F7E8FF47AB13FF67F431FF54675DFF50
:10F350004479F40152E00D00294F2BFFF9CEA7FFAD
:10F36000D73415FEC02016FFF76F3C00654A26FF14
:10F37000165B54FE1D1C0DFFC6E7D7FEF49AC800AD
:10F38000DF89ED00D3840E005F40CEFF113EF7FF12
:10F39000E98379015D174D00CDCC34FE51BD880065
:10F3A000B4DB8A018F125E00CC2B8CFEBCAFDB007D
:10F3B0006F628FFF973FA2FFD33247FE1392350053
:10F3C000922D53FEB252EEFF108554FFE2C65DFF50
:10F3D000C96114FF787623FF7232E7FFA2E59CFF34
:10F3E000D31A0C00722773FFCED48600C5D9A0FFB4
:10F3F00074815EFEC7D7DBFF4BDFF901FD74B5FFFB
:10F40000E8D768FFE482F6FFB97556000E050800DC
:10F41000EF1D3D01ED5785FF7D9289FECCA8DF00F1
:10F420002EA8F5009A691600DCD4A1FF6B4518FFE1
:10F4300089DAB5FFF154C6FF827AD3FF8D0899FFB0
:10F44000BEB176006059B200FF1030FE7A6069FFED
:10F450007536E8FF227E69FFCC43A600E8348AFFB8
:10F46000D3930C00193607002C0FD7FE33EC2D0078
:10F47000BE4481016A93E1001C5D2DFEEC8D0FFFFF
:10F48000113DA100DC73C000EC9118FE6FA8A9002B
:10F49000E03A3FFF7FA4BC0052EA4B01E09E8600A9
:10F4A000D1446E01D9A6D90046E1A601BBC18FFFA8
:10F4B000100758FF0ACD8C0075C09C01113826003A
:10F4C0001B7C6C01ABD737FF5FFDD4009B87A8FF87
:10F4D000F6B299FE9A444A00E83D60FE69843B001A
:10F4E000214CC701BDB082FF096819FE4BC666FFFB
:10F4F000E90170006CDC14FF72E646008CC285FFE7
:10F50000399EA4FE920650FFA9C4610155B782003E
:10F51000469EDE013BEDEAFF60191AFFE8AF61FF8E
:10F520000B79F8FE5823C200DBB4FCFE4A08E30066
:10F53000C3E34901B86EA1FF31E9A40180352F0072
:10F54000520E79FFC1BE3A0030AE75FF841720001D
:10F55000280A8601163319FFF00BB0FF6E399200AE
:10F56000758FEF019D6576FF36544C00CDB812FFC4
:10F570002F0448FF4E7055FFC13242015D1034FF29
:10F58000086986000C6D48FF3A9CFB009023CC0074
:10F590002CA075FE326BC2000144A5FF6F6EA20065
:10F5A0009E5328FE4CD6EA003AD8CDFFAB6093FFBD
:10F5B00028E37201B0E3F10046F9B70188548BFFEC
:10F5C0003C7AF7FE8F0975FFB1AE89FE49F78F00CF
:10F5D000ECB97EFF3E19F7FF2D4038FFA1F406007D
:10F5E0002239380169CA53008093D00006670AFFA8
:10F5F0004A8A41FF615064FFD6AE21FF32864AFF3E
:10F600006E9782FE6F54AC0054C74BFEF83B70FF00
:10F6100008D8B20109B75F00EE1B08FEAACDDC00D6
:10F62000C3E58700624CEDFFE25B1A0152DB27FF66
:10F63000E1BEC701D9C879FF51B308FF8C41CE00A4
:10F64000B2CF57FEFAFC2EFF68596E01FDBD9EFF3A
:10F6500090D69EFFA0F536FF35B75C0115C8C2FFF6
:10F6600092217101D101FF00EB6A2BFFA734E80062
:10F670009DE5DD00331E1900FADD1B01419357FFA4
:10F680004F7BC40041C4DFFF4C2C110155F14400F5
:10F69000CAB7F9FF41D4D4FF09219A01473B500072
:10F6A000AFC23BFF8D48090064A0F400E6D03800EB
:10F6B0003B194BFE50C2C2001203C8FEA09F73004C
:10F6C000848FF7016F5D39FF3AED0B0186DE87FF0E
:10F6D0007AA36C017B2BBEFFFBBDCEFE50B648FF6C
:10F6E000D0F6E001113C0900A1CF26008D6D5B0032
:10F6F000D80FD3FF884E6E0062A368FF155079FFC4
:10F70000ADB2B7017F8F0400683C52FED6100DFFEA
:10F7100060EE21019E94E6FF7F813EFF33FFD2FF22
:10F720003E8DECFE9D37E0FF7227F400C0BCFAFF6F
:10F73000E44C3500625451FFADCB3DFE933237FFB0
:10F74000CCEBBF0034C5F400582BD3FE1BBF7700B1
:10F75000BCE79A004251A1005CC1A001FAE3780025
:10F760007B37E200B811480085A80AFE16879CFF87
:10F77000291967FF30CA3A00BA9551FFBC86EF00DD
:10F78000EBB5BDFED98BBCFF4A3052002EDAE50046
:10F79000BDFDFB0032E50CFFD38DBF0180F419FFE6
:10F7A000A9E77AFE562FBDFF84B717FF25B296FF53
:10F7B0003389FD00C84E1F0016693200823C0000EC
:10F7C00084A35BFE17E7BB00C04FEF009D66A4FF5C
:10F7D000C052140118B567FFF009EA00017BA4FFCD
:10F7E00085E900FFCAF2F2003CBAF500F110C7FF4C
:10F7F000E0749EFEBF7D5BFFE056CF007925E7FFFA
:10F80000E309C6FF0F99EFFF79E8D9FE4B7052006C
:10F810005F0C39FE33D669FF94DC6101C7622400B6
:10F820009CD10CFE0AD43400D9B437FED4AAE8FF28
:10F83000D81454FF9DFA87009D637FFE01CE2900F6
:10F840009524460136C4C9FF577400FEEBAB960001
:10F850001BA3EA00CA87B400D05F00FE7B9C5D005A
:10F86000B73E4B0089EBB600CCE1FFFFD68BD2FF51
:10F87000027308FF1D0C6F00349C0100FD15FBFF97
:10F8800025A51FFE0C82D3006A1235FE2A639A005A
:10F890000ED93DFED80B5CFFC8C570FE9326C7008D
:10F8A00024FC78FE6BA94D00017B9FFFCF4B6600C7
:10F8B000A3AFC4002C01F00078BAB0FE0D624CFF7B
:10F8C000ED7CF1FFE892BCFFC860E000CC1F29008E
:10F8D000D0C80D0015E160FFAF9CC400F7D07E00DA
:10F8E0003EB8F4FE02AB510055739E0036402DFF2A
:10F8F000138A72008747CD00E32F9301DAE74200B5
:10F90000FDD11C00F40FADFF060F76FE1096D0FF60
:10F91000B91632FF5670CFFF4B71D7013F922BFFC4
:10F9200004E113FEE3173EFF0EFFD6FE2D08CDFFC8
:10F9300057C597FED252D7FFF5F8F7FF80F846007B
:10F94000E1F757005A784600D5F55C000D85E200D6
:10F950002FB505015CA369FF061E85FEE8B23DFFD9
:10F96000E69518FF12319E00E4643DFE74F3FBFF40
:10F970004D4B5C0151DB93FF4CA3FEFE8DD5F60091
:10F98000E82598FE612C6400C9253201D4F43900C1
:10F99000AEABB7FFF94A7000A69C1E00DEDD61FF2A
:10F9A000F35D49FEFB6564FFD8D95DFFFE8ABBFFAE
:10F9B0008EBE34FF3BCBB1FFC85E340073729EFF36
:10F9C000A59868017E63E2FF769DF4016BC8100084
:10F9D000C15AE500790658009C205DFE7DF1D3FFF9
:10F9E0000EED9DFFA59A15FFB8E016FFFA1898FFD7
:10F9F000714D1F00F7AB17FFEDB1CCFF348991FFBC
:10FA0000C2B67200E0EA95000A6F6701C98104007E
:10FA1000EE8E4E00340628FF6ED5A5FE3CCFFD00CD
:10FA20003ED74500606100FF312DCA00787916FF8E
:10FA3000EB8B3001C62D22FFB6321B0183D25BFF58
:10FA40002E368000AF7B69FFC68D4EFE43F4EFFF7C
:10FA5000F53667FE4E26F2FF025CF9FEFBAE57FF5D
:10FA60008B3F9000186C1BFF226612012216980033
:10FA700042E576FE328F630090A99501761E9800CC
:10FA8000B2087901089F12005A65E6FF811D7700D0
:10FA900044240B01E8B7370017FF60FFA129C1FF1D
:10FAA0003F8BDE000FB3F300FF640FFF523587007A
:10FAB0008939950163F0AAFF16E6E4FE31B452FFDE
:10FAC0003D522B006EF5D900C77D3D002EFD340060
:10FAD0008DC5DB00D39FC100377969FEB714810063
:10FAE000A977AAFFCBB28BFF8728B6FFAC0DCAFF60
:10FAF00041B2940008CF2B007A357F014AA1300033
:10FB0000E3D680FE560BF3FF64560701F54486FFEB
:10FB10003D2B150198545EFFBE3CFAFEEF76E8FFE0
:10FB2000D6882501714C6BFF5D68640190CE17FF8C
:10FB30006E969A01E467B900DA3132FE874D8BFF89
:10FB4000B9014E0000A194FF611DE9FFCF9495FF1C
:10FB5000A0A800005B80ABFF061C13FE0B6FF70034
:10FB600027BB96FF8AE89500753E44FF3FD8BCFF4F
:10FB7000EBEA20FE1D39A0FF190CF101A93CBF00E2
:10FB800020838DFFED9F7BFF5EC55EFE74FE03FF4D
:10FB90005CB361FE79615CFFAA700E001595F800F8
:10FBA000F8E3030050606D004BC04A010C5AE2FFBD
:10FBB000A16A4401D0727FFF722AFFFE4A1A4AFFEF
:10FBC000F7B396FE798C3C009346C8FFD628A1FF78
:10FBD000A1BCC9FF8D4187FFF273FC003E2FCA0014
:10FBE000B495FFFE8237ED00A511BAFF0AA9C20045
:10FBF0009C6DDAFF708C7BFF6880DFFEB18E6CFF3E
:10FC00007925DBFF804D12FF6F6C17015BC04B0045
:10FC1000AEF516FF04EC3EFF2B409901E3ADFE006C
:10FC2000ED7A84017F59BAFF8E5280FEFC54AE00FB
:10FC30005AB3B101F3D657FF673CA2FFD0820EFF43
:10FC40000B828B00CE81DBFF5ED99DFFEFE6E6FFE6
:10FC500074739FFEA46B5F0033DA0201D87DC6FF88
:10FC60008CCA80FE0B5F44FF37095DFEAE9906FF2C
:10FC7000CCAC600045A06E00D52631FE1B50D500EF
:10FC8000767D7200464643FF0F8E49FF837AB9FFA7
:10FC9000F31432FE82ED2800D29F8C01C59741FFFC
:10FCA00054994200C37E5A0010EEEC0176BB66FF09
:10FCB000031885FFBB45E60038C55C01D5455EFFEE
:10FCC000508AE501CE07E600DE6FE6015BE977FFCB
:10FCD0000959070102620100944A85FF33F6B4FF17
:10FCE000E4B170013ABD6CFFC2CBEDFE15D1C3008B
:10FCF000930A2301569DE2001FA38BFE38074BFF9A
:10FD00003E5A7400B53CA9008AA2D4FE51A71F0038
:10FD1000CD5A70FF2170E30053977501B1E049FFA0
:10FD2000AE90D9FFE6CC4FFF164DE8FF724EEA00C9
:10FD3000E0397EFE09318D00F293A50168B68CFF93
:10FD4000A7840C017B447F00E1572701FB6C08006E
:10FD5000C6C18F017987CFFFAC164600324474FFCD
:10FD600065AF28FFF869E900A6CB07006EC5DA0089
:10FD7000D7FE1AFEA8E2FD001F8F60000B67290066
:10FD8000B781CBFE64F74AFFD57E8400D2932C0066
:10FD9000C7EA1B01942FB5009B5B9E013669AFFF3C
:10FDA000024E91FE669A5F0080CF7FFE347CECFFAE
:10FDB00082544700DDF3D30098AACF00DE6AC70063
:10FDC000B7545EFE5CC838FF8AB673018E6092003D
:10FDD0008588E4006112960037FB42008C660400BF
:10FDE000CA6797001E13F8FF33B8CF00CAC6590080
:10FDF00037C5E1FEA95FF9FF424144FFBCEA7E003E
:10FE0000A6DF640170EFF4009017C2003A27B60035
:10FE1000F42C18FEAF44B3FF98769A01B0A282008A
:10FE2000D972CCFEAD7E4EFF21DE1EFF24025BFFA9
:10FE3000028FF30009EBD70003AB970118D7F5FF4A
:10FE4000A82FA4FEF192CF004581B40044F37100C5
:10FE5000903548FEFB2D0E00176EA80044444FFF5E
:10FE60006E465FFEAE5B90FF21CE5FFF892907FFE4
:10FE700013BB99FE23FF70FF0991B9FE329D250047
:10FE80000B7031016608BEFFEAF3A9013C5517006B
:10FE90004A27BD007431EF00ADD5D2002EA16CFF12
:10FEA0009F962500C478B9FF226206FF99C33EFFE2
:10FEB00061E647FF663D4C001AD4ECFFA4611000D8
:10FEC000C63B9200A317C40038183D00B562C100BC
:10FED000FB93E5FF62BD18FF2E36CEFFEA52F60017
:10FEE000B76726016D3ECC000AF0E000921675FF60
:10FEF0008E9A780045D42300D063760179FF03FF02
:10FF00004806C2007511C5FF7D0F17009A4F990072
:10FF1000D65EC5FFB93793FF3EFE4EFE7F52990075
:10FF20006E663FFF6C52A1FF69BBD401508A270067
:10FF30003CFF5DFF480CBA00D2FB1F01BEA790FF3B
:10FF4000E42C13FE8043E800D6F96BFE889156FF3F
:10FF5000842EB000BDBBE3FFD0168C00D9D3740053
:10FF60003251BAFE8BFA1F001E40C601879B640007
:10FF7000A0CE17FEBBA2D3FF10BC3F00FED03100C5
:10FF80005554BF00F1C0F2FF997E9101EAA2A2FF91
:10FF9000E661D80140877E00BE94DF0134002BFF6C
:10FFA0001C27BD014088EE00AFC4B90062E2D5FF56
:10FFB0007F9FF401E2AF3C00A0E98E01B4F3CFFFD4
:10FFC000459859011F6515009019A4FE8BBFD100FB
:10FFD0005B1979002093050027BA7BFF3F73E6FF8A
:10FFE0005DA7C6FF8FD5DCFFB39C13FF19427A00D3
:10FFF000D6A0D9FF022D3EFF6A4F92FE338963FFE0
:020000040803EF
:100000005764E7FFAF91E8FF65B801FFAE097D00D7
:100010005225A10124728DFF30DE8EFFF5BA9A00C1
:1000200005AEDDFE3F729BFF8737A001501F8700A2
:100030007EFAB301ECDA2D00141C910110934900F3
:10004000F9BD840111BDC0FFDF8EC6FF48140FFF4C
:10005000FA35EDFE0F0B12001BD371FED56B38FF86
:10006000AE9392FF607E300017C16D0125A25E0045
:10007000C79DF9FE1880BBFFCD31B2FE5DA42AFFFB
:100080002B77EB0158B7EDFFDAD201FF6BFE2A00A8
:10009000E60A63FFA200E200DBED5B0081B2CB0069
:1000A000D0325FFECED05FFFF7BF59FE6EEA4FFF42
:1000B000A53DF300147A70FFF6F6B9FE67047B00E5
:1000C000E963E601DB5BFCFFC7DE16FFB3F5E9FF82
:1000D000D3F1EA006FFAC0FF55548800653A32FF49
:1000E00083AD9CFE772D33FF76E910FEF25AD600E1
:1000F0005E9FDB010303EAFF624C5CFE5036E600C4
:1001000005E4E7FE3518DFFF71387601148401FF3E
:10011000ABD2EC0038F19EFFBA7313FF08E5AE00D6
:10012000302C00017272A6FF0649E2FFCD59F4009F
:1001300089E34B01F8AD38004A78F6FE77030BFFF0
:100140005178C6FF887A62FF92F1DD016DC24EFFE1
:10015000DFF14601D6C8A9FF61BE2FFF2F67AEFFB2
:10016000635C48FE76E9B4FFC123E9FE1AE520FF8F
:10017000DEFCC600CC2B47FFC754AC008666BE0031
:100180006FEE61FEE628E600E3CD40FEC80CE1001C
:10019000A619DE00714533FF8F9F1800A7B84A00EB
:1001A0001DE074FE9ED0E900C1747EFFD40B85FF74
:1001B000163A8C01CC2433FFE81E2B00EB46B5FF2A
:1001C000403892FEA91254FFE2010DFFC832B0FF81
:1001D00034D5F5FEA8D16100BF473700224E9C0000
:1001E000E8903A01B94ABD00BA8E95FE40457FFFBE
:1001F000A1CB93FFB097BF0088E7CBFEA3B68900E1
:10020000A17EFBFEE920420044CF42001E1C2500D7
:100210005D726001FE5CF7FF2CAB4500CA770BFFF7
:10022000BC763201FF5388FF47521A0046E30200B2
:1002300020EB7901B5299A004786E5FECAFF240024
:10024000299805009A3F49FF22B67C0079DD96FF88
:100250001ACCD50129AC57005A9D92FF6D8214002B
:10026000476BC8FFF366BD0001C391FE2E587500B1
:1002700008CEE300BF6EFDFF6D8014FE865533FF90
:1002800089B17001D82216FF8310D0FF7995AA009A
:1002900072131701A6501FFF71F07A00E8B3FA003D
:1002A000446EB4FED2AA7700DF6CA4FFCF4FE9FF03
:1002B0001BE5E2FED16251FF4F44070083B96400A1
:1002C000AA1DA2FF11A26BFF39150B0164C8B5FF6F
:1002D0007F41A601A586CC0068A7A80001A44F0015
:1002E00092873B01463280FF66770DFEE30687006A
:1002F000A28EB3FFA064DE001BE0DB019E5DC3FFA6
:10030000EA8D890010187DFFEECE2FFF611162FF8C
:10031000746E0CFF60734D005BE3E8FFF8FE4FFF67
:100320005CE506FE58C68B00CE4B8100FA4DCEFF31
:100330008DF47B018A45DC002097060183A716FF18
:10034000ED44A7FEC7BD9600A3AB8AFF33BC06FFF2
:100350005F1D89FE94E2B300B56BD0FF861F52FF8C
:1003600097652DFF81CAE100E0489300308A97FF2E
:10037000C340CEFEEDDA9E006A1D89FEFDBDE9FF99
:10038000670F11FFC261FF00B22DA9FEC6E19B00FD
:10039000273075FF876A73006126B500962F41FFED
:1003A0005382E5FEF62681005CEF9AFE5B637F00D8
:1003B000A16F21FFEED9F2FF83B9C3FFD5BF9EFF26
:1003C0002996DA0084A983005954FC01AB4680FFCA
:1003D000A3F8CBFE0132B4FF7C4C5501FB6F5000FB
:1003E0006342EFFF9AEDB6FFDD7E85FE4ACC63FFE8
:1003F000419377FF6338A7FF4FF895FF749BE4FFA5
:10040000ED2B0EFE45890BFF16FAF1015B7A8FFF8B
:10041000CDF9F300D41A3CFF30B6B0013017BFFF5E
:10042000CB7998FE2D4AD5FF3E5A12FEF5A3E6FF82
:10043000B96A74FF53239F000C2102FF50223E0033
:100440001057AEFFAD655500CA2451FEA045CCFF44
:1004500040E1BB003ACE5E0056902F00E556F50015
:100460003F91BE01250527006DFB1A008993EA0024
:10047000A27991FF9074CEFFC5E8B9FFB7BE8CFF9B
:10048000490CFEFF8B14F2FFAA5AEFFF6142BBFF3B
:10049000F5B587FEDE883400F50533FECB2F4E0020
:1004A0009865D80049177D00FE602101EBD249FF15
:1004B0002BD1580107816D007A68E4FEAAF2CB00C7
:1004C000F2CC87FFCA1CE9FF41067F009F904700DE
:1004D000648C5F004E960D00FB6B7601B63A7DFF93
:1004E00001266CFF8DBDD1FF089B7D0171A35BFFD1
:1004F000794FBEFF86EF6CFF4C2FF800A3E4EF00AE
:10050000116F0A0058954BFFD7EBEF00A79F18FF1C
:100510002F976CFF6BD1BC00E9E763FE1CCA94FF08
:10052000AE238AFF6E1844FF0245B5006B66520089
:1005300066ED07005C24EDFFDDA2530137CA06FF1C
:1005400087EA87FF18FADE00415EA8FEF5F8D2FFC1
:10055000A76CC9FEFFA16F00CD08FE00880D7400D6
:1005600064B084FF2BD77EFFB18582FF9E4F94003D
:1005700043E025010CCE15FF3E226E01ED68AFFF72
:1005800050846FFF8EAE480054E5B4FE69B38C0012
:1005900040F80FFFE98A1000F5437BFEDA79D4FFBB
:1005A0003F5FDA01D58589FF8FB652FF301C0B0003
:1005B000F4728D01D1AF4CFF9DB596FFBAE503FFF4
:1005C000A49D6F01E7BD8B0077CABEFFDA6A40FFCA
:1005D00044EB3FFE601AACFFBB2F0B01D712FBFFB1
:1005E00051545900443A80005E7105015C81D0FF8E
:1005F000610F53FE091CBC00EF09A4003CCD98001C
:10060000C0A362FFB8123C00D9B68B006D3B78FFE7
:1006100004C0FB00A9D2F0FF25AC5CFE94D3F5FF2B
:10062000B3413400FD0D7300B9AECE0172BC95FF2D
:10063000ED5AAD002BC7C0FF586C710034234C003D
:10064000421994FFDD0407FF97F172FFBED1E80065
:100650006232C7009796D5FF124A24013528070059
:10066000138741FF1AAC4500AEED5500635F2900CA
:100670000338100027A0B1FFC86ADAFEB94454FF5E
:100680005BBA3DFE438F8DFF0DF4A6FF6372C6007B
:10069000C76EA3FFC112BA007CEFF6016E441600CC
:1006A00002EB2E01D43C6B00692A69010EE698002A
:1006B000070583008D689AFFD503060083E4A2FF37
:1006C000B3641C01E77B55FFCE0EDF01FD60E60041
:1006D0002698950162897A00D6CD03FFE298B3FF90
:1006E000068589009E458CFF71A29AFFB4F3ACFF8A
:1006F0001BBD73FF8F2EDCFFD586E1FF7E1D4500FD
:10070000BC2B8901F24609005ACCFFFFE7AA9300EF
:10071000173813FE387D9DFF30B3DAFF4FB6FDFF6B
:1007200026D4BF0129EB7C0060971C008794BE0093
:10073000CDF927FE346088FFD42C88FF43D183FF96
:10074000FC8217FFDB8014FFC68176006C650B000E
:10075000B20592013E0764FFB5EC5EFE1C1AA400D0
:100760004C1670FF78664F00CAC0E501C8B0D700CC
:100770002940F4FFCEB84E00A72D3F01A02300FF73
:100780003B0C8EFFCC0990FFDB5EE5017A1B70000D
:10079000BD696DFF40D04AFFFB7F370102E2C60012
:1007A0002C4CD10097984DFFD2172E01C9AB45FFB5
:1007B0002CD3E700BE25E0FFF5C43EFFA9B5DEFF60
:1007C00022D3110077F1C5FFE5239801154528FFD5
:1007D000B2E2A10094B3C100DBC2FE0128CE33FF18
:1007E000E75CFA014399AA001594F100AA4552FF6B
:1007F0007912E7FF5C720300B83EE600E1C957FFDB
:100800009260A2FFB5F2DC00ADBBDD01E23EAAFFC3
:10081000387ED901750DE3FFB32CEF009D8D9BFF52
:1008200090DD5300EBD1D0002A11A501FB518500CA
:100830007CF5C9FE61D318FF53D6A6009A2409FFA0
:10084000F82F7F005ADB8CFFA1D926FED4933FFFFF
:1008500042549401CF030100E68659017F4E7AFF8E
:10086000E09B01FF52884A00B29CD0FFBA1931FFC9
:10087000DE03D201E596BEFF55A234FF29548DFF59
:10088000497B54FE5D11960077131C012016D7FF9B
:100890001C17CCFF8EF134FFE4347D001D4CCF00DB
:1008A000D7A7FAFEAFA4E60037CF69016DBBF5FF0D
:1008B000A12CDC01296580FFA7105E005DD66BFFCF
:1008C000764800FE503DEAFF79AF7D008BA9FB0022
:1008D000612793FEFAC431FFA5B36EFEDF46BBFF6E
:1008E000168E7D019AB38AFF76B02A010AAE99006E
:1008F0009C5C6600A80DA1FF8F102000FAC5B4FF14
:10090000CBA32C0157202400A19914FF7BFC0F00DE
:1009100019E350003C588E001116C9019ACD4DFFC5
:10092000273F2F00087A8D008017B6FECC2713FFD3
:1009300004701DFF17248CFFD2EA74FE35323FFF8E
:1009400079AB68FFA0DB5E0057520EFEE72A050078
:10095000A58B7FFE564E2600823C42FECB1E2DFF0D
:100960002EC47A01F935A2FF888F67FED7D27200B4
:10097000E707A0FEA9982AFF6F2DF6008E8387FF58
:100980008347CCFF24E20B00001CF2FFE18AD5FF75
:10099000F72ED8FEF503B7006CFC4A01CE1A30FFE3
:1009A000CD36F6FFD3C624FF7923320034D8CAFFF0
:1009B000268B81FEF249940043E78DFF2A2FCC005D
:1009C0004E74190104E1BFFF0693E4003A58B100E8
:1009D0007AA5E5FFFC53C9FFE0A76001B1B89EFF0F
:1009E000F269B301F8C6F0008542CB01FE242F0066
:1009F0002D1873FF773EFE00C4E1BAFE7B8DAC007C
:100A00001A5529FFE26FB700D5E79700043B07FFAF
:100A1000EE8A9400429321FF1FF68DFFD18D74FF63
:100A200068701F0058A1AC0053D7E6FE2F6F9700E7
:100A30002D263401842DCC008A806DFEE97586FF59
:100A4000F3BEADFEF1ECF000527FECFE28DFA1FF1B
:100A50006EB6E1FF7BAEEF0087F2910133D19A00D1
:100A6000960373FED9A4FCFF379C4501545EFFFF3B
:100A7000E8492D011413D4FF60C53BFE60FB210043
:100A800026C7490140ACF7FF757438FFE411120026
:100A90003E8A6701F6E5A4FFF476C9FE56209FFF63
:100AA0006D22890155D3BA000AC1C1FE7AC2B100D4
:100AB0007AEE66FFA2DAAB006CD9A1019EAA2200F1
:100AC000B02F9B01B5E40BFF089C0000104B5D00AC
:100AD000CE62FF013A9A23000CF3B8FE437542FF41
:100AE000E6E57B00C92A6E0086E4B2FEBA6C76FFAA
:100AF0003A139AFF52A93EFF728F7301EFC432FF7F
:100B0000AD30C1FF930254FF968693FE5FE8490023
:100B10006DE334FEBF890A0028CC1EFE4C3461FF11
:100B2000A4EB7E00FE7CBC004AB61501791D23FFB4
:100B3000F11E07FE55DAD6FF075496FE511B75FFCE
:100B4000A09F98FE4218DDFFE30A3C018D876600F6
:100B5000D0BD960175B35C00841688FF78C71C0071
:100B600015814FFEB6094100DAA3A900F693C6FF2E
:100B70006B2690014EAFCDFFD605FAFE2F581DFF14
:100B8000A42FCCFF2B3706FF8386CFFE7464D600DC
:100B9000608C4B016ADC9000C3201C01AC5105FF46
:100BA000C7B334FF2554CB00AA70AE000B045B0022
:100BB00045F41B0175835C002198AFFF8C996BFF96
:100BC000FB872BFE578A04FFC6EA93FE799854FFF1
:100BD000CD659B019D091900486A11FE6C9900FFC3
:100BE000BDE5BA00C108B0FFAE95D100EE821D0090
:100BF000E9D67E013DE2660039A30401C66F33FFEA
:100C00002D4F4E0173D20AFFDA0919FF9E8BC6FFE2
:100C1000D352BBFE508553009D81E601F38586FFCC
:100C2000288810004D6B4FFFB7555C01B1CCCA004E
:100C3000A34793FF9845BE00AC33BC01FAD2ACFF8A
:100C4000D3F2710159591AFF40426FFE74982A007D
:100C5000A1271BFF3650FE006AD17301677C61003B
:100C6000DDE662FF1FE70600B2C078FE0FD9CBFFBA
:100C70007C9E4F007091F7005CFA3001A3B5C1FF74
:100C8000252F8EFE90BDA5FF2E92F000064B800012
:100C9000299DC8FE5779D5000171EC00052DFA0099
:100CA000900C52001F6CE700E1EF77FFA707BDFF34
:100CB000BBE484FF6EBD22005E2CCC01A234C500D3
:100CC0004EBCF1FE39148D00F4922F01CE64330036
:100CD0007D6B94FE1BC34D0098FD5A01078F90FF5A
:100CE00033251F00227726FF07C5760099BCD30065
:100CF000971474FEF54134FFB4FD6E012FB1D1009D
:100D0000A16311FF76DECA007DB3FC017B367EFF56
:100D10009139BF0037BA79000AF38A00CDD3E5FFD5
:100D20007D9CF1FE949CB9FFE313BCFF7C2920FF5E
:100D30001F22CEFE11395300CC1625FF2A60620017
:100D40007766B80103BE1C006E52DAFFC8CCC0FF44
:100D5000C991760075CC920084206201C0C27900EE
:100D60006AA1F801ED587C0017D41A00CDAB5AFFE8
:100D7000F830D8018D25E6FF7CCB00FE9EA81EFF33
:100D8000D6F8150070BB07FF4B85EFFF4AE3F3FF72
:100D9000FA934600D678A200A709B3FF169E120068
:100DA000DA4DD101616D51FFF421B3FF393439FFC0
:100DB00041ACD2FFF947D1FF8EA9EE009EBD99FF4D
:100DC000AEFE67FE62210E008D4CE6FF718B34FF94
:100DD0000F3AD400A8D7C9FFF8CCD701DF44A0FF51
:100DE000399AB7FE2FE779006AA6890051888A00F0
:100DF000A52B3300E78B3D00395F3BFE766219FF80
:100E0000973FEC015EBEFAFFA9B9720105FA3AFFFD
:100E10004B696101D7DF86007163A301803E7000DA
:100E2000636A9300A3C30A0021CDB600D60EAEFFBD
:100E30008126E7FF35B6DF00622A9FFFF70D280005
:100E4000BCD2B101061500FFFF3D94FE892D81FF44
:100E5000591A74FE7E267200FB32F2FE798680FFFC
:100E6000CCF9A7FEA5EBD700CAB1F300858D3E00F3
:100E7000F082BE016EAFFF000014920125D279FF0F
:100E8000072782008EFA54FF8DC8CF00095F68FFE4
:100E90000BF4AE0086E87E00A7017BFE10C195FF33
:100EA000E8E9EF01D54670FFFC74A0FEF2DEDCFF3E
:100EB000CD55E30007B93A0076F73F01744DB1FF15
:100EC0003EF5C8FE3F1225FF6B35E8FE32DDD3004C
:100ED000A2DB07FE025E2B00B63EB6FEA04EC8FFA8
:100EE000878CAA00EBB8E400AF358AFE503A4DFF7C
:100EF00098C902013FC42200051EB800ABB09A0099
:100F0000793BCE0026632700AC504DFE008697004B
:100F1000BA21F1FE5EFDDFFF2C72FC006C7E39FF12
:100F2000C9280DFF27E51BFF27EF1701977933FF2E
:100F30009996F8000AEAAEFF76F604FEC8F5260098
:100F400045A1F20110B2960071388200AB1F690012
:100F50001A586CFF312A6A00FBA94200455D9500D2
:100F60001439FE00A4196F005ABC5AFFCC04C50006
:100F700028D53201D46084FF588AB4FEE4927CFF05
:100F8000B8F6F700417556FFFD66D2FEFE792400E3
:100F9000897303FF3C18D80086121D003BE26100F4
:100FA000B08E470007D1A100BD5433FE9BFA480024
:100FB000D554EBFF2DDEE000EE948FFFAA2A35FF1B
:100FC0004EA77500BA0028FF7DB167FF45E14200DA
:100FD000E30758014BAC0600A92DE301102446FF9E
:100FE000320209FF8BC116008FB7E7FEDA453200E7
:100FF000EC38A101D5832A008A912CFE88E528FFD0
:10100000313F23FF3D91F5FF65C002FEE8A7710067
:101010009868260179B9DA00798BD3FE77F023003E
:1010200041BDD9FEBBB3A2FFA0BBE6003EF80EFF58
:101030003C4E6100FFF7A3FFE13B5BFF6B473AFFCC
:10104000F12F21013275EC00DBB13FFEF45AB30001
:1010500023C2D7FFBD4332FF1787810068BD25FF3C
:10106000B939C200233EE7FFDCF86C000CE7B200A0
:101070008F505B01835D65FF90270201FFFAB2008C
:101080000511ECFE8B202E00CCBC26FEF57334FF40
:10109000BF7149FEBF6C45FF1645F50117CBB20085
:1010A000AA63AA0041F86F00256C99FF402545000E
:1010B00000583EFE599490FFBF44E001F1273500EF
:1010C00029CBEDFF917EC2FFDD2AFDFF196397005A
:1010D00061FDDF014A7331FF06AF48FF3BB0CB0033
:1010E0007CB7F901E4E46300810CCFFEA8C0C3FF24
:1010F000CCB010FE98EAAB004D2555FF217887FF54
:101100008EC2E3011FD63A00D5BB7DFFE82E3CFF1F
:10111000BE742AFE97B213FF333EEDFECCECC10045
:10112000C2E83C00AC229DFFBD10B8FE67035FFF24
:101130008DE924FE29190BFF15C3A60076F52D00B5
:1011400043D595FF9F0C12FFBBA4E301A019050036
:101150000C4EC3012BC5E100308E29FEC49B3CFF21
:10116000DFC7120191889C00FC75A9FE91E2EE0098
:10117000EF176B006DB5BCFFE67031FE49AAEDFFBD
:10118000E7B7E3FF50DC1400C26B7F017FCD650041
:101190002E34C501D2AB24FF58035AFF38978D0077
:1011A00060BBFFFF2A4EC800FE464601F47DA80042
:1011B000CC448A017CD746006642C8FE1134E40064
:1011C00075DC8FFECBF87B003812AEFFBA97A4FF18
:1011D00033E8D001A0E42BFFF91D190144BE3F0004
:1011E00000000010000000000010000006000700D2
:1011F00008000000000000000000000077FD01086A
:101200002DFE01085BFD01080F00020831FD0108F9
:10121000BD00020841FD01085302020875020208E0
:101220000D0A0000005245454E54206D616C6C6FF4
:101230006320737563636565646564002F5F5F7722
:101240002F61726D2D6E6F6E652D656162692D6700
:1012500063632D787061636B2F61726D2D6E6F6E9D
:10126000652D656162692D6763632D787061636BBD
:101270002F6275696C642F6C696E75782D783634C1
:101280002F736F75726365732F6E65776C69622D4E
:1012900063796777696E2F6E65776C69622F6C6909
:1012A00062632F7374646C69622F72616E642E6363
:1012B000006E6600696E69747900616E000000005E
:1012C00034000000CEFBFFFFCB0300000100000054
:1012D0000000000035000000CEFBFFFFCB03000044
:1012E0000100000000000000BC89D897B2D29C3CED
:1012F00033A7A8D523F649393DA7F444FD0FA532FD
:101300009D978CCF08BA5B25436FAC6428066811A3
:1013100000202020202020202020282828282820C5
:1013200020202020202020202020202020202020BD
:101330002088101010101010101010101010101025
:101340001004040404040404040404101010101015
:1013500010104141414141410101010101010101DF
:101360000101010101010101010101011010101031
:1013700010104242424242420202020202020202B1
:101380000202020202020202020202021010101005
:10139000200000000000000000000000000000002D
:1013A000000000000000000000000000000000003D
:1013B000000000000000000000000000000000002D
:1013C000000000000000000000000000000000001D
:1013D000000000000000000000000000000000000D
:1013E00000000000000000000000000000000000FD
:1013F00000000000000000000000000000000000ED
:1014000000000000000000000000000000000000DC
:1014100000504F534958002C2066756E6374696FF5
:101420006E3A2000617373657274696F6E202225B5
:101430007322206661696C65643A2066696C652078
:10144000222573222C206C696E6520256425732566
:10145000730A0042616C6C6F63207375636365652A
:10146000646564002F5F5F772F61726D2D6E6F6E04
:10147000652D656162692D6763632D787061636BAB
:101480002F61726D2D6E6F6E652D656162692D67BE
:1014900063632D787061636B2F6275696C642F6C68
:1014A000696E75782D7836342F736F757263657336
:1014B0002F6E65776C69622D63796777696E2F6E21
:1014C00065776C69622F6C6962632F7374646C69F1
:1014D000622F6764746F612D6765746865782E6329
:1014E000002F5F5F772F61726D2D6E6F6E652D65BA
:1014F0006162692D6763632D787061636B2F617220
:101500006D2D6E6F6E652D656162692D6763632D4C
:10151000787061636B2F6275696C642F6C696E758E
:10152000782D7836342F736F75726365732F6E65FF
:10153000776C69622D63796777696E2F6E65776C5A
:1015400069622F6C6962632F7374646C69622F6DBA
:10155000707265632E630000050000001900000032
:101560007D000000000000000080E03779C34143A7
:10157000176E05B5B5B89346F5F93FE9034F384DF9
:10158000321D30F94877825A3CBF737FDD4F1575A5
:10159000000000000000F03F0000000000002440B8
:1015A00000000000000059400000000000408F4093
:1015B000000000000088C34000000000006AF840FE
:1015C0000000000080842E4100000000D012634122
:1015D0000000000084D797410000000065CDCD4198
:1015E000000000205FA00242000000E87648374279
:1015F000000000A2941A6D42000040E59C30A24217
:101600000000901EC4BCD64200003426F56B0C438B
:101610000080E03779C3414300A0D8855734764332
:1016200000C84E676DC1AB43003D9160E458E14393
:10163000408CB5781DAF154450EFE2D6E41A4B4408
:1016400092D54D06CFF08044F64AE1C7022DB5444D
:10165000B49DD9794378EA44232D302B2000686C5F
:101660004C006566674546470030313233343536C5
:1016700037383941424344454600303132333435FE
:0C1680003637383961626364656600002B
:08168C00F0FBFC7F01000000EF
:101694003106020865130008D16B000889AB000805
:1016A40045B2000825CE00085D0B0108B5100108FD
:1016B400855D0108C55E0108C16B0108ED000208E3
:0816C400590F02087914020815
:1016CC0041130008A96C000805AC0008690B01085F
:0C16DC00C5100108CD6B0108A91402081C
:1016E800010000001000000000000048000400484D
:1016F80000080048001C0048FFFFFFFF00300240C0
:1017080000000000000000000000000000000000D1
:1017180000000000000000000000000001000000C0
:1017280000093D000000000000000000000000006B
:1017380000000000000000000000000000000000A1
:101748000000000000000000000000000000000091
:101758000000000000000000000000000000000081
:101768000000000000000000000000000000000071
:101778000000000000000000000000000000000061
:101788000000000000000000000000000000000051
:101798000000000000000000000000000000000041
:1017A8000000000000000000000000000000000031
:1017B8000000000000000000000000000000000021
:1017C80000000000FFFFFFFFFFFFFFFFFFFFFFFF1D
:1017D800FFFFFFFF00030000000000000000000002
:1017E800000000000000000000000000503B002046
:1017F800000101010002010100040201780000005B
:101808007475020800000000A90A0108190A0108F5
:10181800950901088F090108000800000008000068
:101828000008000010000000800000000000000018
:10183800000000000000000000000000FFFFFFFFA4
:10184800000000000A0000000A000000000000007C
:1018580059F3F8C21F6EA501000000000000F03F18
:101868006042A20D0000803F00000000030000005D
:101878000C3A0020430000000000000000000000B7
:101888000000000000000000000000000000000050
:1018980000000000430000000000000000000000FD
:1018A8000000000000000000000000000000000030
:1018B80000000000430000000000000000000000DD
:1018C8000000000000000000000000000000000010
:1018D80000000000430000000000000000000000BD
:1018E80000000000000000000000000000000000F0
:1018F800000000004300000000000000000000009D
:1019080000000000000000000000000000000000CF
:10191800000000004300000000000000000000007C
:1019280000000000000000000000000000000000AF
:10193800000000004300000000000000000000005C
:10194800000000000000000000000000000000008F
:1019580000000000755B0208E75102080000000063
:1019680010130308D3960208221203082212030850
:101978002212030822120308221203082212030863
:10198800221203082212030822120308FFFFFFFF96
:10199800FFFFFFFFFFFFFFFFFFFF000001004153B4
:1019A800434949000000000000000000000000005A
:1019B800000000000000000000000000000041538B
:1019C800434949000000000000000000000000003A
:1019D80000000000000000000000000000000000FF
:1019E80004030020000000000C3A0020743A002094
:1019F800DC3A0020000000000000000000000000A9
:101A080000000000000000000000000000000000CE
:101A180000000000000000000000000000000000BE
:101A280000000000000000000000000000000000AE
:0400000508020701E5
:00000001FF
