:020000040800F2
:100000000000012045E5010895E5010895E5010896
:1000100095E5010895E5010895E501080000000057
:1000200000000000000000000000000095E501084D
:1000300095E501080000000095E501083F5D000816
:1000400095E5010895E5010895E5010895E50108A4
:1000500095E5010895E50108815F0008875F0008C4
:100060008D5F0008935F0008995F000895E501081F
:1000700095E5010895E5010895E5010895E5010874
:1000800095E5010895E5010895E5010895E5010864
:100090000000000095E501089F5F000895E5010854
:1000A0007957000895E501088D5700089157000819
:1000B000A5570008B9570008B1FC0008BDFC0008AE
:1000C000C9FC0008D5FC000895E5010895E5010884
:1000D0007D6C0008956C0008B16C000895E501087E
:1000E00095E50108B55F000895E5010895E501086B
:1000F00095E50108000000000000000095E50108FA
:10010000E1FC0008EDFC00089DF1010895E50108FF
:1001100095E5010895E5010895E5010895E50108D3
:1001200095E5010895E5010895E5010895E50108C3
:0801300095E5010895E50108C1
:1001400081F0004102E000BF83F0004330B54FEA88
:1001500041044FEA430594EA050F08BF90EA020FF5
:100160001FBF54EA000C55EA020C7FEA645C7FEA88
:10017000655C00F0E2804FEA5454D4EB5555B8BFAB
:100180006D420CDD2C4480EA020281EA030382EA1C
:10019000000083EA010180EA020281EA0303362DAE
:1001A00088BF30BD11F0004F4FEA01314FF4801C81
:1001B0004CEA113102D0404261EB410113F0004F93
:1001C0004FEA03334CEA133302D0524263EB43034A
:1001D00094EA050F00F0A780A4F10104D5F1200EE8
:1001E0000DDB02FA0EFC22FA05F2801841F1000143
:1001F00003FA0EF2801843FA05F359410EE0A5F117
:1002000020050EF1200E012A03FA0EFC28BF4CF047
:10021000020C43FA05F3C01851EBE37101F00045FD
:1002200007D54FF0000EDCF1000C7EEB00006EEB0A
:100230000101B1F5801F1BD3B1F5001F0CD3490894
:100240005FEA30004FEA3C0C04F101044FEA4452EB
:1002500012F5800F80F09A80BCF1004F08BF5FEA72
:10026000500C50F1000041EB045141EA050130BD52
:100270005FEA4C0C404141EB0101013C28BFB1F564
:10028000801FE9D291F0000F04BF01460020B1FAAF
:1002900081F308BF2033A3F10B03B3F120020CDA82
:1002A0000C3208DD02F1140CC2F10C0201FA0CF060
:1002B00021FA02F10CE002F11402D8BFC2F1200CC5
:1002C00001FA02F120FA0CFCDCBF41EA0C0190407B
:1002D000E41AA2BF01EB0451294330BD6FEA0404C4
:1002E0001F3C1CDA0C340EDC04F11404C4F12002AF
:1002F00020FA04F001FA02F340EA030021FA04F3C1
:1003000045EA030130BDC4F10C04C4F1200220FA17
:1003100002F001FA04F340EA0300294630BD21FA55
:1003200004F0294630BD94F0000F83F4801306BF1B
:1003300081F480110134013D4EE77FEA645C18BF0F
:100340007FEA655C29D094EA050F08BF90EA020FA6
:1003500005D054EA000C04BF1946104630BD91EA9E
:10036000030F1EBF0021002030BD5FEA545C05D1A1
:100370004000494128BF41F0004130BD14F58004E0
:100380003CBF01F5801130BD01F0004545F0FE4154
:1003900041F470014FF0000030BD7FEA645C1ABF89
:1003A000194610467FEA655C1CBF0B46024650EAC0
:1003B000013406BF52EA033591EA030F41F40021EC
:1003C00030BD00BF90F0000F04BF0021704730B572
:1003D0004FF4806404F132044FF000054FF0000147
:1003E00050E700BF90F0000F04BF0021704730B508
:1003F0004FF4806404F1320410F0004548BF4042DD
:100400004FF000013EE700BF42004FEAE2014FEA31
:1004100031014FEA02701FBF12F07F4393F07F4F0C
:1004200081F06051704732F07F4208BF704793F00F
:100430007F4F04BF41F40021704730B54FF4607422
:1004400001F0004521F000411CE700BF50EA010225
:1004500008BF704730B54FF000050AE050EA0102CE
:1004600008BF704730B511F0004502D5404261EB3E
:1004700041014FF4806404F132045FEA915C3FF47F
:10048000D8AE4FF003025FEADC0C18BF03325FEA1C
:10049000DC0C18BF033202EBDC02C2F1200300FACD
:1004A00003FC20FA02F001FA03FE40EA0E0021FAF2
:1004B00002F11444BDE600BF70B54FF0FF0C4CF4E0
:1004C000E06C1CEA11541DBF1CEA135594EA0C0F92
:1004D00095EA0C0F00F0DEF82C4481EA030621EACD
:1004E0004C5123EA4C5350EA013518BF52EA033508
:1004F00041F4801143F4801338D0A0FB02CE4FF0BA
:100500000005E1FB02E506F00042E0FB03E54FF0E9
:100510000006E1FB03569CF0000F18BF4EF0010EE1
:10052000A4F1FF04B6F5007F64F5407404D25FEADD
:100530004E0E6D4146EB060642EAC62141EA555190
:100540004FEAC52040EA5E504FEACE2EB4F1FD0CD2
:1005500088BFBCF5E06F1ED8BEF1004F08BF5FEA50
:10056000500E50F1000041EB045170BD06F0004602
:1005700046EA010140EA020081EA0301B4EB5C04AF
:10058000C2BFD4EB0C0541EA045170BD41F48011A7
:100590004FF0000E013C00F3AB8014F1360FDEBFCC
:1005A000002001F0004170BDC4F10004203C35DAA8
:1005B0000C341BDC04F11404C4F1200500FA05F32B
:1005C00020FA04F001FA05F240EA020001F00042CC
:1005D00021F0004110EBD37021FA04F642EB060142
:1005E0005EEA430E08BF20EAD37070BDC4F10C046C
:1005F000C4F1200500FA04F320FA05F001FA04F230
:1006000040EA020001F0004110EBD37041F100011B
:100610005EEA430E08BF20EAD37070BDC4F1200526
:1006200000FA05F24EEA020E20FA04F301FA05F28E
:1006300043EA020321FA04F001F0004121FA04F236
:1006400020EA020000EBD3705EEA430E08BF20EA06
:10065000D37070BD94F0000F0FD101F00046400040
:1006600041EB010111F4801F08BF013CF7D041EAC2
:10067000060195F0000F18BF704703F000465200C6
:1006800043EB030313F4801F08BF013DF7D043EA97
:100690000603704794EA0C0F0CEA135518BF95EA4D
:1006A0000C0F0CD050EA410618BF52EA4306D1D1D4
:1006B00081EA030101F000414FF0000070BD50EAF3
:1006C000410606BF1046194652EA430619D094EA7D
:1006D0000C0F02D150EA013613D195EA0C0F05D167
:1006E00052EA03361CBF104619460AD181EA0301BB
:1006F00001F0004141F0FE4141F470014FF0000073
:1007000070BD41F0FE4141F4780170BD70B54FF00D
:10071000FF0C4CF4E06C1CEA11541DBF1CEA13558D
:1007200094EA0C0F95EA0C0F00F0A7F8A4EB05046F
:1007300081EA030E52EA03354FEA013100F0888066
:100740004FEA03334FF0805545EA131343EA12632F
:100750004FEA022245EA111545EA10654FEA0026E4
:100760000EF000419D4208BF964244F1FD0404F59D
:10077000407402D25B084FEA3202B61A65EB0305F9
:100780005B084FEA32024FF480104FF4002CB6EBB6
:10079000020E75EB030E22BFB61A754640EA0C0036
:1007A0005B084FEA3202B6EB020E75EB030E22BF76
:1007B000B61A754640EA5C005B084FEA3202B6EBB7
:1007C000020E75EB030E22BFB61A754640EA9C0076
:1007D0005B084FEA3202B6EB020E75EB030E22BF46
:1007E000B61A754640EADC0055EA060E18D04FEA04
:1007F000051545EA16754FEA06164FEAC30343EAA4
:1008000052734FEAC2025FEA1C1CC0D111F4801F70
:100810000BD141EA00014FF000004FF0004CB6E769
:1008200011F4801F04BF01430020B4F1FD0C88BF08
:10083000BCF5E06F3FF6AFAEB5EB030C04BFB6EB13
:10084000020C5FEA500C50F1000041EB045170BD06
:100850000EF0004E4EEA113114EB5C04C2BFD4EB33
:100860000C0541EA045170BD41F480114FF0000EB7
:10087000013C90E645EA060E8DE60CEA135594EA33
:100880000C0F08BF95EA0C0F3FF43BAF94EA0C0F36
:100890000AD150EA01347FF434AF95EA0C0F7FF4AB
:1008A00025AF104619462CE795EA0C0F06D152EAFF
:1008B00003353FF4FDAE1046194622E750EA4106E3
:1008C00018BF52EA43067FF4C5AE50EA41047FF4F4
:1008D0000DAF52EA43057FF4EBAE12E74FF0FF3C59
:1008E00006E000BF4FF0010C02E000BF4FF0010C2A
:1008F0004DF804CD4FEA410C7FEA6C5C4FEA430CA3
:1009000018BF7FEA6C5C1BD001B050EA410C0CBFF1
:1009100052EA430C91EA030F02BF90EA020F002053
:10092000704710F1000F91EA030F58BF994208BFBA
:1009300090422CBFD8176FEAE37040F00100704777
:100940004FEA410C7FEA6C5C02D150EA013C07D1CE
:100950004FEA430C7FEA6C5CD6D152EA033CD3D019
:100960005DF8040B704700BF8446104662468C4613
:100970001946634600E000BF01B5FFF7B7FF002846
:1009800048BF10F1000F01BD4DF808EDFFF7F4FF6F
:100990000CBF012000205DF808FB00BF4DF808EDFA
:1009A000FFF7EAFF34BF012000205DF808FB00BF1D
:1009B0004DF808EDFFF7E0FF94BF012000205DF83F
:1009C00008FB00BF4DF808EDFFF7CEFF94BF0120F4
:1009D00000205DF808FB00BF4DF808EDFFF7C4FFED
:1009E00034BF012000205DF808FB00BF4FEA410C36
:1009F0007FEA6C5C02D150EA013C0AD14FEA430C19
:100A00007FEA6C5C02D152EA033C02D14FF0000055
:100A100070474FF0010070474FEA410212F5001293
:100A200015D211D56FF47873B3EB625212D94FEA35
:100A3000C12343F0004343EA505311F0004F23FA1F
:100A400002F018BF404270474FF00000704750EA74
:100A5000013005D111F0004008BF6FF00040704731
:100A60004FF00000704700BF4A0011D212F500128B
:100A700011D20DD56FF47873B3EB62520ED44FEAF6
:100A8000C12343F0004343EA505323FA02F0704776
:100A90004FF00000704750EA013002D14FF0FF30B4
:100AA00070474FF0000070474FEA4102B2F1E04357
:100AB00024BFB3F5001CDCF1FE5C0DD901F0004C45
:100AC0004FEAC0024CEA5070B2F1004F40EB830095
:100AD00008BF20F00100704711F0804F21D113F1C1
:100AE0003872BCBF01F00040704741F480114FEAFA
:100AF0005252C2F11802C2F1200C10FA0CF320FA83
:100B000002F018BF40F001004FEAC1234FEAD3239F
:100B100003FA0CFC40EA0C0023FA02F34FEA430309
:100B2000CCE77FEA625307D150EA01331EBF4FF092
:100B3000FE4040F44000704701F0004040F0FE40AD
:100B400040F40000704700BF80F0004002E000BFAA
:100B500081F0004142001FBF5FEA410392EA030FA8
:100B60007FEA226C7FEA236C6AD04FEA1262D2EBF2
:100B70001363C1BFD218414048404140B8BF5B42F7
:100B8000192B88BF704710F0004F40F4000020F090
:100B90007F4018BF404211F0004F41F4000121F0A6
:100BA0007F4118BF494292EA030F3FD0A2F10102F0
:100BB00041FA03FC10EB0C00C3F1200301FA03F12E
:100BC00000F0004302D5494260EB4000B0F5000F51
:100BD00013D3B0F1807F06D340084FEA310102F110
:100BE0000102FE2A51D2B1F1004F40EBC25008BFC2
:100BF00020F0010040EA03007047490040EB00008C
:100C0000013A28BFB0F5000FEDD2B0FA80FCACF18C
:100C1000080CB2EB0C0200FA0CF0AABF00EBC250B9
:100C200052421843BCBFD0401843704792F0000FA7
:100C300081F4000106BF80F400000132013BB5E7FA
:100C40004FEA41037FEA226C18BF7FEA236C21D070
:100C500092EA030F04D092F0000F08BF08467047D5
:100C600090EA010F1CBF0020704712F07F4F04D1A3
:100C7000400028BF40F00040704712F100723CBFB6
:100C800000F50000704700F0004343F0FE4040F4E0
:100C9000000070477FEA226216BF08467FEA23639E
:100CA0000146420206BF5FEA412390EA010F40F489
:100CB000800070474FF0000304E000BF10F00043D5
:100CC00048BF40425FEA000C08BF704743F09643BC
:100CD00001464FF000001CE050EA010208BF7047D7
:100CE0004FF000030AE000BF50EA010208BF70475E
:100CF00011F0004302D5404261EB41015FEA010C73
:100D000002BF84460146002043F0B64308BFA3F16A
:100D10008053A3F50003BCFA8CF2083AA3EBC2534C
:100D200010DB01FA02FC634400FA02FCC2F120026B
:100D3000BCF1004F20FA02F243EB020008BF20F0A2
:100D40000100704702F1200201FA02FCC2F1200208
:100D500050EA4C0021FA02F243EB020008BF20EAFD
:100D6000DC7070474FF0FF0C1CEAD0521EBF1CEA2B
:100D7000D15392EA0C0F93EA0C0F6FD01A4480EA19
:100D8000010C400218BF5FEA41211ED04FF0006302
:100D900043EA501043EA5111A0FB01310CF000402E
:100DA000B1F5000F3EBF490041EAD3715B0040EA54
:100DB000010062F17F02FD2A1DD8B3F1004F40EB24
:100DC000C25008BF20F00100704790F0000F0CF0F7
:100DD000004C08BF49024CEA502040EA51207F3ABB
:100DE000C2BFD2F1FF0340EAC250704740F4000096
:100DF0004FF00003013A5DDC12F1190FDCBF00F087
:100E000000407047C2F10002410021FA02F1C2F134
:100E1000200200FA02FC5FEA310040F1000053EAD0
:100E20004C0308BF20EADC70704792F0000F00F01E
:100E3000004C02BF400010F4000F013AF9D040EA24
:100E40000C0093F0000F01F0004C02BF490011F4B8
:100E5000000F013BF9D041EA0C018FE70CEAD153B6
:100E600092EA0C0F18BF93EA0C0F0AD030F0004C36
:100E700018BF31F0004CD8D180EA010000F00040EA
:100E8000704790F0000F17BF90F0004F084691F0A8
:100E9000000F91F0004F14D092EA0C0F01D14202E2
:100EA0000FD193EA0C0F03D14B0218BF084608D1AB
:100EB00080EA010000F0004040F0FE4040F40000F5
:100EC000704740F0FE4040F4400070474FF0FF0C88
:100ED0001CEAD0521EBF1CEAD15392EA0C0F93EACF
:100EE0000C0F69D0A2EB030280EA010C49024FEA21
:100EF000402037D04FF0805343EA111143EA1013DA
:100F00000CF000408B4238BF5B0042F17D024FF491
:100F1000000C8B4224BF5B1A40EA0C00B3EB510F6C
:100F200024BFA3EB510340EA5C00B3EB910F24BF55
:100F3000A3EB910340EA9C00B3EBD10F24BFA3EBDA
:100F4000D10340EADC001B0118BF5FEA1C1CE0D1A2
:100F5000FD2A3FF650AF8B4240EBC25008BF20F055
:100F6000010070470CF0004C4CEA50207F32C2BFA9
:100F7000D2F1FF0340EAC250704740F400004FF046
:100F80000003013A37E792F0000F00F0004C02BF77
:100F9000400010F4000F013AF9D040EA0C0093F041
:100FA000000F01F0004C02BF490011F4000F013B9B
:100FB000F9D041EA0C0195E70CEAD15392EA0C0F03
:100FC00008D142027FF47DAF93EA0C0F7FF470AF3B
:100FD000084676E793EA0C0F04D14B023FF44CAF7E
:100FE00008466EE730F0004C18BF31F0004CCAD113
:100FF00030F000427FF45CAF31F000437FF43CAF4F
:101000005FE700BF4FF0FF3C06E000BF4FF0010C70
:1010100002E000BF4FF0010C4DF804CD4FEA400252
:101020004FEA41037FEA226C18BF7FEA236C11D09C
:1010300001B052EA530C18BF90EA010F58BFB2EB4F
:10104000030088BFC81738BF6FEAE17018BF40F0CF
:10105000010070477FEA226C02D15FEA402C05D183
:101060007FEA236CE4D15FEA412CE1D05DF8040B08
:10107000704700BF844608466146FFE70FB5FFF79B
:10108000C9FF002848BF10F1000F0FBD4DF808ED53
:10109000FFF7F4FF0CBF012000205DF808FB00BF44
:1010A0004DF808EDFFF7EAFF34BF012000205DF89E
:1010B00008FB00BF4DF808EDFFF7E0FF94BF0120EB
:1010C00000205DF808FB00BF4DF808EDFFF7D2FFE8
:1010D00094BF012000205DF808FB00BF4DF808ED2B
:1010E000FFF7C8FF34BF012000205DF808FB00BFF8
:1010F0004FEA40024FEA41037FEA226C02D15FEAE5
:10110000402C08D17FEA236C02D15FEA412C02D146
:101110004FF0000070474FF0010070474FEA400267
:10112000B2F1FE4F0FD34FF09E03B3EB12620DD915
:101130004FEA002343F0004310F0004F23FA02F07F
:1011400018BF404270474FF00000704712F1610F26
:1011500001D1420205D110F0004008BF6FF00040FD
:1011600070474FF00000704742000ED2B2F1FE4FC0
:101170000BD34FF09E03B3EB126209D44FEA002366
:1011800043F0004323FA02F070474FF0000070472D
:1011900012F1610F01D1420202D14FF0FF307047CE
:1011A0004FF00000704700BF53B94AB9002908BF8B
:1011B00000281CBF4FF0FF314FF0FF3000F00CB89B
:1011C000ADF1080C6DE904CE1DF0B8FBDDF804E0CC
:1011D000DDE9022304B07047704700BF10F8012B0F
:1011E00011F8013B012A28BF9A42F7D0D01A704764
:1011F000034613F8012B002AFBD1181A0138704757
:1012000001F0FF01102A2BDB10F0070F08D010F8B7
:10121000013B013A8B422DD010F0070F42B3F6D1BB
:10122000F0B441EA012141EA014122F007047FF0D4
:1012300000070023F0E80256083C85EA010586EA2B
:10124000010685FA47F5A3FA87F586FA47F6A5FA67
:1012500087F68EB9EED1F0BC01F0FF0102F0070273
:1012600032B110F8013B013A83EA010313B1F8D11E
:101270000020704701387047002D06BF35460338FF
:10128000073815F0010F07D1013015F4807F02BF38
:10129000013015F4C03F0130F0BC0138704700BF89
:1012A00010B5054C237833B9044B13B10448AFF3A0
:1012B00000800123237010BD5003002000000000B7
:1012C0008442020808B5034B1BB103490348AFF33E
:1012D000008008BD00000000540300208442020882
:1012E00000B59BB04422002109A820F0B2FF1822CB
:1012F000002102A820F0ADFF144A136823F4C06354
:1013000043F400731360136803F4C0630193019BFB
:101310002023089301210023B02208A8CDE910134F
:10132000CDE9122301F080FF00B1FEE74F23CDE9A4
:101330000230CDE90400CDE90600022102A802F046
:101340000FFA00B1FEE71BB05DF804FB0004005883
:101350007047000038B5104C237805460BB90120C2
:1013600038BD01F051FF22784FF47A73B3FBF2F3EA
:10137000B0FBF3F000F0C8FC04460028EFD10F2DBD
:10138000EDD8024629464FF0FF3000F06BFC034BCE
:1013900020461D60E4E700BF00000020040000209C
:1013A00010B5032000F04CFC01F02EFF064B186036
:1013B0000020FFF7CFFF044618B9FFF7C9FF20460A
:1013C00010BD0124FBE700BF40000020034A044B8E
:1013D00011681B780B441360704700BF6C0300203A
:1013E00000000020014B1868704700BF6C0300200C
:1013F0008068C0F380007047F7B50023019304466E
:10140000002800F0E980856D25B904F00FFBE56543
:1014100084F8545023689A68D00040F1A1809A68FB
:10142000D10000F1B480A26D42F01002A265E26D1D
:1014300042F00102E26501251846FFF7D9FFA26DCF
:1014400002F01002024340F0C980A26D206922F42C
:10145000817242F00202A2659A68D2075DD4226BC3
:10146000A67E94F82CC0003A18BF01221703D4E9D5
:1014700002120A43217E42EA8132617E42EAC1328F
:1014800042EA4632002842EA4C02B4BF20F0004152
:101490004FF400113A430A4394F82010012903D174
:1014A000002E76D142F48032616A21B1A66A01F43D
:1014B000E07131430A43D968E66C21F4FE3121F42E
:1014C000FF711143D96094F83C206168012A01F052
:1014D000404C4CEA060609D1D4E910273A4332437E
:1014E000A66C324342EA0C0242F001061F693E4AF2
:1014F0003A4032431A6121F00042B2F1804F0CD0E1
:10150000B1F1004F09D0394ED6F8082701F4701117
:1015100022F470120A43C6F808275A69666BA16B59
:1015200022F0070232435A615A6922F0700242EAFD
:1015300001125A61002835D19A6A62F00F029A624C
:101540005B6903F007039E423CD10023E365A36D72
:1015500023F0030343F00103A365284603B0F0BD65
:101560009A68234922F0104222F0170242F080527A
:101570009A60204A1268B2FBF1F2013252000192E5
:10158000019A002A3FF44BAF019A013AF7E7002590
:1015900052E7A16D41F02001A165E16D41F001012B
:1015A000E16581E7B0F5001FCAD19A6AE269013AA4
:1015B00092006FF00F0102F01C0201FA02F2216E9C
:1015C0000A43BCE7A36D23F0120343F01003A365A5
:1015D000E36D43F00103E3650125BEE7A36D43F02E
:1015E0001003A365F8E700BF02FCFF1F00200140C5
:1015F000400D030040000020F8B54569082D044661
:101600000E460AD00368DB68D80705D5A36D43F002
:101610002003A3650120F8BD0425FFF7E3FE07467C
:1016200023681A682A4220D0A26D42F40072A26593
:10163000DA6812F4406F14D1A27E92B91A681207C8
:101640000FD51846FFF7D4FE20BB5A6822F00C02D3
:101650005A60A26D22F4807222F0010242F001026F
:10166000A265227EFAB10020D5E7711CD9D0FFF720
:10167000B9FEC01BB04201D8002ED1D123681B682F
:101680002B40CDD1A26D84F8543042F00402A26503
:101690000320C0E7A26D42F02002A265E26D42F095
:1016A0000102E265DDE70C221A60DCE70368186CD2
:1016B00070470000F7B50023019390F85430012BD8
:1016C000044600F0C08005680269012380F85430A8
:1016D0002846FFF78DFE002840F0AF8048680B6871
:1016E000022822F004027ED0B2F1004FC3F3110EA3
:1016F00035D1AA6A42EA0E02AA628A68686902EAD9
:10170000032222F07C4222F0FF0220EA03210A4356
:10171000002B6A611DDA4D4A4D4DD2F80817AB42D5
:1017200001F0E07043D10D0213D4D2F8083723F052
:10173000E073034343F40003C2F80837454B1A68CB
:10174000454BB2FBF3F20C2302FB03330193019BE5
:1017500053BB0020002384F8543003B0F0BD226E48
:1017600000F01F074FF00F0C0CFA07FC6FEA0C0695
:1017700022EA0C0CBEF1000F11D1C3F38462BA400F
:1017800042EA0C0222668008E26901309042B4D835
:10179000A86AC3F38362BA4006403243ACE793FAC7
:1017A000A3F2B2FA82F2EAE7019B013BCEE72B4DAE
:1017B000AB420BD1C901CCD4D2F8083723F0E07387
:1017C000034343F08073C2F80837C2E7244DAB42AD
:1017D000BFD14B02BDD4D2F8083723F0E0730343E6
:1017E00043F48003EFE7B2F1004F01BFAA6AC3F3ED
:1017F00011018A43AA62002BABDA154813498342D0
:10180000D1F8082709D1D1F8083702F0A07223F0E7
:10181000E0731A43C1F808279BE71048834204D1BC
:10182000D1F8083702F44002F1E70D48834290D125
:10183000D1F8083702F0C072E9E7A26D42F0200249
:10184000A265184686E7022087E700BF0020014016
:10185000001000B040000020400D0300004000B820
:10186000002000B4806D7047026838B50446104609
:10187000FFF7BEFD08B9002038BD9368990707D46B
:10188000936823F0004323F0170343F010039360A1
:10189000FFF7A8FD054623689B685B07EBD5FFF7BC
:1018A000A1FD401B0228F6D923689B685A07F2D590
:1018B000A36D43F01003A365E36D43F00103E365FB
:1018C0000120D9E773B50023026801939368DD070F
:1018D000044602D5002002B070BD9168214B194228
:1018E00009D0A36D43F01003A365E36D43F001033A
:1018F000E3650120EFE7936823F0004323F017032B
:1019000043F001039360184BD3F8083718021CD436
:10191000637E012BDED0FFF765FD144E054622687D
:101920001368DB07D6D49368D9075FBF9368334049
:1019300043F001039360FFF755FD401B0228EED9E9
:1019400023681B68DA07EAD4CBE7094B094A1B680E
:10195000B3FBF2F301330193019B002BD8D0019B21
:10196000013BF8E71700008000200140E8FFFF7FFF
:1019700040000020400D030038B504460068FFF722
:1019800037FD054620BB94F85430012B20D00123AD
:1019900084F854302046FFF795FFB0B9A36D226854
:1019A00023F4706323F0010343F48073A3651C23C5
:1019B000E065136084F85400936823F0004323F03B
:1019C000170343F00403936038BD84F85450FBE7D9
:1019D0000220F9E738B503689A680446900704D4F2
:1019E0009A68D10703D4002038BD9B68FBE79A684A
:1019F00002F00502012A19D19A6822F0004222F071
:101A0000170242F002029A6003221A60FFF7EAFC12
:101A1000054623689B68DB07E5D5FFF7E3FC401B21
:101A20000228F6D923689B68DA07F2D5A36D43F044
:101A30001003A365E36D43F00103E3650120D3E7E1
:101A400070B5044600284BD0836D43F002038365D4
:101A5000FFF70AFF054668B92046FFF7BBFF0546BA
:101A600008B90123A3652268936823F0104323F08B
:101A70001703936023685A6822F4677222F0030206
:101A80005A6040F29F321A60D968164A0A40DA60FA
:101A90005A6922F007025A6100269A6A9E621A6AFF
:101AA00002F0F0221A625A6A02F0F0225A62DA6AEE
:101AB00002F0F022DA621A6922F040421A610A4A00
:101AC000D2F8083723F0FE73C2F80837204603F037
:101AD000CDFFE6652666A66584F85460284670BD8D
:101AE0000125FBE700023E830020014010B590F87D
:101AF0005430012B044615D0012380F85430FFF7F1
:101B0000B3FE58B92046FFF765FF38B9A36D23F43B
:101B1000807323F0010343F00103A365002384F8DD
:101B2000543010BD0220FCE7F7B50023019390F874
:101B30005430012B04467FD0012380F85430FFF746
:101B400049FF23689A6812F00102054607D0A36D89
:101B500043F01003A365002384F854302DE0A16DF9
:101B6000364F21F4817141F00201A165DE68D96828
:101B700026F4FF4626F07C0621F40041360421F0CD
:101B80000301360CD96008209968394041F00041C2
:101B900099609968002913DA01990131019101993D
:101BA000B1F52E3FF5D3A36D23F0120343F01003DC
:101BB000A365002384F854300125284603B0F0BD06
:101BC000D3F8B410013801F07F010A44DCD19968E0
:101BD0001A48014041F001019960D3F8B41021F096
:101BE0007F0141EAD202C3F8B4209A68024042F071
:101BF00002029A60FFF7F6FB074623689A68D2074D
:101C000008D4DA683243DA60A36D23F0030343F0AB
:101C100001039FE7FFF7E6FBC01B0228EDD923680D
:101C20009B68D907E9D5A36D43F01003A365E36D65
:101C300043F00103E365BFE70225BEE7E8FFFF7F4E
:101C40000749CA6822F4E0620302120403F4E06365
:101C5000120C134343F0BF6343F40033CB6070476F
:101C600000ED00E0164B30B5DC68C4F30224C4F18B
:101C70000703251D042B28BF0423062D4FF0FF3535
:101C80008CBF033C002405FA03F321EA0303A540BB
:101C900022EA0502A340002843EA0203ACBF00F198
:101CA0006040084A4FEA0313B8BF00F00F00DBB2F0
:101CB000AABF00F56140135480F8003330BD00BF67
:101CC00000ED00E014ED00E0002807DB044A4109C4
:101CD000012300F01F00834042F82130704700BF0D
:101CE00000E100E000280CDB4309064900F01F007A
:101CF00020330122824041F82320BFF34F8FBFF3EE
:101D00006F8F704700E100E00138B0F1807F0BD2A7
:101D10004FF0E023054A5861F02182F8231000209B
:101D2000072298611A6170470120704700ED00E0BA
:101D30000028A1BF43094033054A52F82330A3BF0E
:101D400000F01F0023FA00F000F0010000207047AF
:101D500000E100E0002808DB4309044900F01F000F
:101D600001226033824041F82320704700E100E007
:101D7000704708B5FFF7FCFF08BD704710B5044673
:101D800008B9012010BD437F03F0FF0213B90277A9
:101D9000FFF7F3FF022363772379E3B92368134A3C
:101DA0005A619A6822F018029A6062792368D2B95F
:101DB0004FF0FF321A619A68616922F060020A43AB
:101DC0009A609A68A16922F080020A439A6001230E
:101DD00063770020D6E7D4E90212204600F008F825
:101DE0000028E2D0CDE72269E4E700BFB71DC104B7
:101DF000CB0710B50CD51F23013B1CD321FA03F4EC
:101E0000E407F9D5102A12D004D83AB1082A10D024
:101E100001200BE0182AFBD1062BF9D8006841619C
:101E2000836823F0180313438360002010BD072B41
:101E3000F3E70F2BF1E7102AEAD0E9D8002AE7D11F
:101E4000ECE710B5044640B10223037103F0C0FD76
:101E5000002020616071207110BD0120FCE710B5E9
:101E600004680122236801F0100102FA01F123EA5B
:101E7000010323600271002010BD034640B190F8B9
:101E80002520022A06D00422C263002280F82420E2
:101E9000012070470268806C116821F00E0111600A
:101EA000016821F480710160116821F00101116065
:101EB000D3E9100202F01C0101228A404260D3E9FA
:101EC000132151605A6D32B1116821F48071116093
:101ED000D3E9162151600122002083F8252083F8E0
:101EE0002400704708B590F82530022B03D0042356
:101EF000C363012008BD03681A6822F00E021A604D
:101F00001A6822F001021A60826C136823F480734D
:101F10001360D0E9101303F01C02012393404B60BF
:101F2000D0E913325A60436D33B11A6822F48072DB
:101F30001A60D0E916325A60012380F82530002358
:101F400080F82430836B03B198470020D2E790F8E3
:101F5000250070470A4A536943F4802330B5536122
:101F6000EFF3108472B60023CD58C5500433B3F597
:101F7000807FF9D11369DB03FCD484F3108830BD72
:101F800000400058064B5A69002ABFBF054A9A60B4
:101F900002F188329A60BABF5869C00F00207047BA
:101FA0000040005823016745044B5A6942F0004243
:101FB0005A615869C043C00F704700BF00400058C5
:101FC00070B50546FFF70EFA124E04463369D90381
:101FD00013D43369DA0744BF012232614CF2FA327A
:101FE000134011D10B4E306910F480200BD0FFF755
:101FF000F9F9001BA842F6D304E0FFF7F3F9001B40
:10200000A842E3D3032070BD024A1361024A0120B3
:102010005360F8E700400058700300202DE9F041BC
:10202000184D98462B78012B06460C46174626D0AD
:1020300001232B704FF47A7000236B60FFF7C0FF11
:10204000A0B9012E16D1104A536943F00103536120
:102050002760BFF36F8FC4F804804FF47A70FFF7E6
:10206000AFFF094A536923EA0603536100232B702B
:10207000BDE8F08139462046FFF76CFFEDE702200E
:10208000F6E700BF7003002000400058054A53697E
:1020900023F47E7343EAC00040F4803040F0020035
:1020A00050617047004000582DE9F041234F3B78C4
:1020B000012B054688463FD001233B704FF47A70D0
:1020C00000237B60FFF77CFF044688B92B68042B54
:1020D00013D11B4A536943F4803343F00403536123
:1020E0004FF47A70FFF76CFF0446154B1A681B68B3
:1020F00000233B702046BDE8F0814FF0FF33C8F865
:1021000000306E68D5E901321344B3420AD9304633
:10211000FFF7BCFF4FF47A70FFF752FF50B1C8F8D9
:1021200000600446064A536923F47E7323F00203D9
:102130005361DAE70136E5E70224DBE770030020AC
:10214000004000582DE9F04F564C00234FF00F0887
:102150000A6832FA03F501D1BDE8F08F012505FACE
:1021600003F919EA020275D04E68032706F0030549
:102170004FEA430E07FA0EFC6F1E012F6FEA0C0C9C
:102180006AD8876807EA0C0ACF6807FA0EF747EAA9
:102190000A078760476827EA0909C6F300179F40C6
:1021A00047EA09074760C76807EA0C098F6807FA1A
:1021B0000EF747EA0907022DC76059D0076805FAEC
:1021C0000EF507EA0C073D4316F4403F056041D089
:1021D00023F0030707F1804707F5803703F0030C6E
:1021E000BD684FEA8C0C4FF0070E0EFA0CFEB0F1F2
:1021F000904F25EA0E0E51D02B4DA84250D005F538
:102200008065A84214BF0725022505FA0CF545EAAA
:102210000E05BD602568D74316F4801F0CBF3D40F6
:1022200015432560656816F4001F0CBF3D4015433B
:102230006560D4F8805016F4803F0CBF3D401543D4
:10224000C4F88050D4F88450B60354BF3D401543C1
:10225000C4F8845001337BE7032DAFD0C76807EA89
:102260000C098F6807FA0EF747EA0907C760A5E768
:102270004FEAD30900EB890903F0070AD9F8207067
:102280004FEA8A0A08FA0AFB27EA0B0B0F6907FADA
:102290000AF747EA0B07C9F820708FE70025B4E773
:1022A0000125B2E70008005800040048044AD1683C
:1022B000014208B502D0D06003F04CFE08BD00BF5B
:1022C0000008005803689A69910744BF00229A6287
:1022D0009A69D2075EBF9A6942F001029A6170471B
:1022E00030B5039D04682B4343EA0243064A606805
:1022F000C1F309010B4342EA555223F0004320EA9F
:1023000002000343636030BDFF63FF0370B5426B9F
:102310001F4CA2420BB201F0010501F002041DD0D6
:102320001C4EB2421AD01C4EB24217D0002BACBF8A
:102330000023B8230DB143F0F2030CB143F0F403D2
:10234000102902D143F0900303E0202901D143F08A
:10235000200301680A6813430B6070BD002BACBFFB
:102360000023B8230DB143F0F2030CB143F0F403A2
:102370001029E7D0202902D143F06003E9E7064C99
:10238000A242E6D0402908BF43F04003E1E700BF86
:10239000B92A0008B12D00089529000811F00103A1
:1023A00007D090F8413003F02803282B14BFF22304
:1023B00042238A0709D590F8412002F02802282AF2
:1023C0000CBF43F0440343F0F4030A0401680A68B5
:1023D00048BF43F0B80322EA03030B60704770471D
:1023E00010B5044698B10268242380F84130136880
:1023F00023F001031360FFF7F2FF0020606484F80C
:10240000400084F84100206384F8420010BD0120A0
:10241000FCE70000F8B51F4690F8413003F02803B0
:10242000282B04460E46154601D00120F8BD01B107
:102430001AB94FF400736364F7E748F20101FFF73C
:10244000ADFF90F84030012B40D0012380F84030A0
:1024500090F841302A2B14D10221FFF79FFF036827
:102460001A6810040DD51A68E06B22F400421A6055
:1024700038B1174B8363FFF735FD10B1E06B836B09
:102480009847292384F8413020682023002284F8CB
:1024900042306264436823F4004343606585638D82
:1024A0002385E7620B4B6363836981696662C903B5
:1024B00003D51B0744BF0823C361204684F840208E
:1024C00048F20101FFF722FF0020AFE70220ADE74D
:1024D000B92F0008A72E0008F8B51F4690F8413024
:1024E00003F02803282B04460E46154601D0012090
:1024F000F8BD01B11AB94FF400736364F7E748F20D
:102500000201FFF74BFF90F84030012B3FD090F8CD
:1025100041300121292B80F8401013D1FFF73EFFF5
:1025200003681A6850040DD51A68A06B22F4804223
:102530001A6038B1174B8363FFF7D4FC10B1A06B5E
:10254000836B98472A2384F8413020682023002297
:1025500084F842306264436823F400434360658535
:10256000638D2385E7620C4B6363836981696662CF
:10257000C90303D41B0744BF0823C361204684F862
:10258000402048F20201FFF7C1FE0020B0E7022020
:10259000AEE700BFB92F0008A72E000808B590F8D5
:1025A0004120202A0AD1282280F84120044A42638F
:1025B0004FF40041FFF7AAFE002008BD0220FCE70F
:1025C000A72E00080268436B9169126803B118478F
:1025D00070477047704738B5002580F8425090F832
:1025E0004130212B4FF0200380F841300AD11123D4
:1025F000036345630121FFF7D1FE80F84050FFF7E8
:10260000E8FF38BD1223036345630221FFF7C6FECE
:1026100080F84050FFF7DEFFF3E708B503681A685B
:10262000002180F84210510415D51A6822F4804226
:102630001A6090F84130292B13D1282380F84130BB
:10264000212303630121FFF7A9FE002380F8403016
:102650000DF024FB08BD1204EBD51A6822F40042E9
:10266000E6E790F841302A2BF4D1282380F8413056
:10267000222303630221FFF791FE002380F84030FC
:102680000DF0F9FAE6E790F8412002F02802282A36
:10269000F8B5036834D19E69C2689D699968DF689E
:1026A0002D0C022AC6F3004605F0FE051FD185EA6F
:1026B000D11515F00605C1F309020ED1816C013167
:1026C0008164816C022907D108218564D96180F871
:1026D000405031460DF082FAF8BD4FF40041FFF74B
:1026E0005DFE002380F8403007F0FE02F1E74FF472
:1026F0000041FFF753FE002380F840302A46E8E708
:102700000822DA61002380F84030E5E708B5164B6F
:10271000C362202200230363436380F8412080F8D2
:1027200042304B0712D503685A6A436A1A70436AEB
:1027300001334362038D4BB1013B0385438D013B64
:102740009BB24385436C43F00403436448F20301A6
:10275000FFF724FE03681022DA61002380F840307E
:102760000DF074FA08BD00BF0000FFFF704770470E
:10277000704790F84120602A08B54FF0000208D158
:10278000202180F8411080F840200263FFF7F0FF1D
:1027900008BD026380F840200DF084FAF8E70000DD
:1027A00070B500223D4D90F8413080F84220C5625E
:1027B0004285426C283B0A43022B044642642AD8D5
:1027C0000321FFF7EBFD282380F84130344BA06B49
:1027D0006363236B002841D0112B01D0212B3DD105
:1027E00023681A68510442BF1A6822F480421A60B2
:1027F000FFF7ADFB01282CD0A06B2A4B836300238D
:1028000084F84030FFF76EFB002845D0A06B836B47
:10281000BDE87040184748F20301FFF7BFFDFFF71E
:1028200051FD90F84130602B11D0202380F84130C9
:1028300003689A6995060AD59A69D00605D51022CB
:10284000DA61626C42F0040262642022DA610023E1
:10285000BDE72046BDE87040FFF78BBFE06B002866
:10286000F7D0122B01D0222BF3D123681A6812045F
:1028700042BF1A6822F400421A60FFF768FB012881
:10288000E7D0E06B074B8363002384F84030FFF709
:1028900029FB08B1E06BBAE770BD00BF0000FFFF85
:1028A000A72E0008B92F000873B505682023EB6137
:1028B00090F84130212B04460E4635D10121FFF717
:1028C0006DFD112323636B6823F0FF7323F48B33B7
:1028D00023F4FF7323F001036B6000236363F206AC
:1028E000A3F58033E36205D51023EB61636C43F0FD
:1028F0000403636494F84130602B05D1730741BF32
:102900006B6ADBB20193019B2046FFF7DBFC636C33
:1029100094F84120602A00D07BB1616C204602B05F
:10292000BDE87040FFF73CBF90F84130222BCAD180
:102930000221FFF733FD1223C4E794F84120212A36
:1029400012D1202284F84120236394F8422084F895
:102950004030402A84F8423003D1FFF707FF02B02D
:1029600070BDFFF736FEFAE794F84120222AF6D12F
:10297000202284F84120236394F8422084F84030D8
:10298000402A84F8423002D1FFF7F1FEE7E7FFF773
:1029900021FEE4E713B590F84030012B044600F027
:1029A0008580012380F84030CB0612D5D30610D5A0
:1029B00003681022DA61436C43F00403436420216E
:1029C000FFF7A4FCFFF77EFC002084F8400002B073
:1029D00010BD880708D5930706D52368226D9A6233
:1029E0004FF0FF332365EFE7080633D5530631D5A3
:1029F00010212046FFF78AFC638D9BB233B3638DB1
:102A00009BB2FF2B18D90023FF22E16C2285009393
:102A10004FF0807389B2FFF763FC638D228D9B1AA0
:102A20009BB2638594F841202368222A1A6832D128
:102A300042F400421A60C7E7628DE16C92B2002353
:102A400022850093D2B24FF00073E3E74021FFF7F5
:102A5000A7FEB9E7480621D553061FD594F84110C3
:102A6000134A144B222918BF1346628D92B2FF2AD3
:102A700008D9FF22E16C228500934FF0807389B260
:102A80002046C8E7628DE16C92B222850093D2B2F3
:102A90004FF00073F3E742F48042CBE7880693D50A
:102AA000930691D52046FFF7FFFE8DE702208EE7C3
:102AB000002000800024008073B590F84030012B86
:102AC000044678D0012380F84030CB0612D5D606D4
:102AD00010D503681022DA61436C43F004034364A9
:102AE0002021FFF713FCFFF7EDFB002084F84000E6
:102AF00002B070BD0D0641D550063FD525682B6844
:102B000023F040032B60638D9BB25BB36968638DD8
:102B10009BB2FF2BC1F309011AD9FF2323854FF084
:102B200080730022268D009294F828202046FFF71B
:102B3000D7FB638D9B1B9BB2638594F84130222B9E
:102B40002B680CBF43F4004343F480432B60CCE775
:102B5000638D2385E36A13F5803F14BFE36A4FF06A
:102B60000073DEE76B689A0103D42046FFF733FD5C
:102B7000BBE740212046FFF713FEB6E74B0612D510
:102B8000560610D5638D9BB2002BF2D123685A688C
:102B90009501AAD4E26A12F5803FE6D15A6842F460
:102BA00080425A60A1E788069FD593069DD52046AE
:102BB000FFF77AFE99E702209AE7036899691A6895
:102BC00010B4CC0508D5140606D5446C44F00104B5
:102BD00044644FF48074DC614C0508D5140606D5B6
:102BE000446C44F0080444644FF48064DC6189055B
:102BF00008D5120606D5426C42F0020242644FF438
:102C00000072DA61416C11F00B0F02D010BCFFF7BB
:102C1000C7BD10BC704700002DE9F8430568D5F822
:102C20000090D0F82C8090F8417007F0F70720232F
:102C3000212F04460E46EB6164D148F20101FFF7F3
:102C4000ADFB27636B6843F400436B606B6823F054
:102C5000FF7323F48B3323F4FF7323F001036B60C2
:102C60002046FFF72FFB19F4804F50D02B6823F438
:102C700080432B60A36B1BB11B685B689BB26385B1
:102C800072070FD5636A6A6A1A70636A01336362F6
:102C9000238D2BB1013B2385638D013B9BB2638563
:102CA00026F00406638D9BB21BB1636C43F00403F2
:102CB0006364F30611D519F0100F0ED0638D9BB22B
:102CC000002B3ED194F84130282B29D1B8F1007F58
:102CD00026D131462046FFF719FD002384F8423003
:102CE000656C6363002D3BD0616C2046FFF758FD97
:102CF00094F84130282B45D131462046BDE8F843B1
:102D0000FFF704BD222F9DD148F2020197E719F485
:102D1000004FB5D02B6823F400432B60E36BAAE788
:102D200094F841202368292A4FF01002DA61D4D1A7
:102D300018F5803FD1D02046FFF7C4FAFFF76DFCAD
:102D4000CBE723681022DA61636C43F00403636409
:102D500038F08073C1D1616C2046FFF721FDBCE7DC
:102D6000E36A13F5803F0FD02046FFF756FC0F4B68
:102D7000E362202384F8413084F8405025632046E4
:102D80000CF064FFBDE8F88394F8413084F84050BB
:102D9000222B4FF0200384F841302046256302D1D6
:102DA0000CF069FFEEE70CF079FFEBE70000FFFFA6
:102DB00070B590F84060C56A012E04460B4670D08D
:102DC000012680F840608E0607D5960605D5FFF7E8
:102DD00023FF002084F8400070BDD80659D5D106E5
:102DE00057D512F4404F50D0D4E90E10E0B921B1BC
:102DF000520402D50A6852680AB323681022DA61C5
:102E0000636C43F00403636494F8413035F08072DE
:102E1000DBB2DED1213B092B30D8DFE803F02D34C3
:102E20002F2F2F2F2F2F2D341604E0D50068406848
:102E30000028DCD119B1500444BF0A68526894F8E4
:102E40004120282A07D1B5F1007F04D11946204638
:102E5000FFF75CFCBDE794F841202368292A4FF076
:102E60001002DA61B5D115F5803FB2D02046FFF7E8
:102E700029FAFFF7D2FBACE721232363616C2046DC
:102E8000FFF78EFCA5E72223F7E723681022DA611B
:102E90009FE719079DD513079BD52046FFF7F3FB46
:102EA00097E7022098E770B590F84060C56A012E58
:102EB00004460B467ED0012680F840608E0607D57A
:102EC000960605D5FFF7A8FE002084F8400070BDE7
:102ED000D90630D5D6062ED5628D92B2E2B994F8D5
:102EE0004120282A07D1B5F1007F04D11946204698
:102EF000FFF70CFCE8E794F841202368292A4FF0FB
:102F00001002DA61E0D115F5803FDDD02046FFF7F1
:102F1000D9F9FFF782FBD7E723681022DA61636CE7
:102F200043F00403636435F08073CDD1616C2046B7
:102F3000FFF736FCC8E758071BD5510719D5638D35
:102F40009BB26BB123685A6A636A1A70636A013371
:102F50006362238D013B2385638D013B9BB26385B7
:102F6000638D9BB2002BAFD115F5803FACD02046CE
:102F7000CFE71E0705D5100703D52046FFF783FBD3
:102F8000A2E79907A0D593079ED5638D9BB26BB13D
:102F9000636A226813F8011B91626362638D013BCF
:102FA0009BB26385238D013B23858DE735F08073CC
:102FB0008AD1DCE702208AE7806A836B0BB10022AA
:102FC0009A63C36B0BB100229A63FFF7D2BB000078
:102FD000024A136843F4807313607047000400587A
:102FE000024B186800F4C060704700BF000400582E
:102FF000024A936823F4004393607047000400582A
:10300000054A136843F007031360044A136943F049
:103010000403136130BF70470004005800ED00E066
:103020004FF0B0431868C0F3404070474FF0B043D2
:103030001868C0F3400070474FF0B042536823F463
:103040007F4343EA0023536070474FF0B043186852
:10305000C0F34060704700007FB54FF0B0432C4A8A
:10306000D3F80831C0F3031003F00F0352F82040E7
:10307000284A52F82330B4FBF3F4FFF7B1FF264B94
:10308000054693E80700B5F5007F04AB03E90700A8
:1030900010D0224B9C4218D303F5B70303F67F539D
:1030A0009C4229D903F5741303F510639C4225D87B
:1030B00002230BE01A4B9C4207D91A4B9C421BD9A6
:1030C00003F5370303F5D853F0E7002304AA02EB16
:1030D000830353F80C4C144D2B6823F00703234350
:1030E0002B60FEF77FF906462B6803F007039C422E
:1030F00006D1002004B070BD0123E7E70024EAE711
:10310000FEF770F9801B0228EED90320F2E700BF1A
:1031100058480208B8480208A0420208C0CF6A0016
:10312000BFEA21013F933402004000584FF0B04302
:1031300010B59A68D96812F00C0205D00C2A4AD151
:1031400001F00303012B51D14FF0B0412B480B6824
:1031500013F0080306D00B6813F0080337D1D1F839
:10316000941007E00C68240756BFD1F89430096822
:10317000C3F3032350F82330002A0CBF1846002065
:103180004FF0B0418A6802F00C020C2A1ED1CA68C6
:1031900002F00302022A2ED0032A06D10B68184A35
:1031A00013F4801F174B18BF13464FF0B042D0687E
:1031B000D168D268C0F306205843C1F3021301332B
:1031C000B0FBF3F0530F0133B0FBF3F010BD0B680D
:1031D000C3F30313CEE7042A05D0082A06D11B68DF
:1031E00013F4801305D006480023C9E700231846CE
:1031F000C6E70448C4E7024BD7E700BF58480208B7
:103200000024F4000048E80108B5FFF78FFF4FF0F5
:10321000B043044A9B68C3F3031352F82330B0FB56
:10322000F3F008BDB84802082DE9F0410446002833
:1032300053D04FF0B0439D68DE680368990605F0EF
:103240000C0506F0030668D5026A1DB10C2D46D1A7
:10325000012E44D1002A40D04FF0B043A16A1A6831
:10326000120756BFD3F894301B681B0903F0F00314
:1032700099421FD90846FFF7EFFE00282DD14FF0E5
:10328000B042136843F0080313601368A16A23F087
:10329000F0030B431360606AFFF7CEFEFFF7B4FF45
:1032A000AC4B1860AC4B1868FEF754F8002834D0CB
:1032B000BDE8F0814FF0B042136843F0080313609B
:1032C000136823F0F0030B431360606AFFF7B4FE4A
:1032D0000846FFF7C1FE0028E0D00120E8E74FF0E4
:1032E000B043002A54D01A6842F001021A60FEF777
:1032F00079F80746FFF79AFE002842D04FF0B04217
:10330000136843F0080313601368A16A23F0F00305
:103310000B431360606AFFF78FFE2368DF0748D412
:103320002368980700F1A18023681E0740F1FC8004
:10333000A3694FF0B046002B00F0E380D6F894303C
:10334000E16903F01002914200F0C68003F003022D
:10335000022AC2D0D80740F1B580D6F8943023F0C5
:103360000103C6F89430FEF73DF80746D6F89430CE
:10337000990740F1A780FEF735F8C31B112BF5D94B
:1033800004E0FEF72FF8C01B0228B3D903208FE713
:103390001A6822F001021A60FEF724F80746FFF7C8
:1033A00045FE0028B9D0FEF71DF8C01B0228F6D94B
:1033B000ECE7082D626803D00C2D1AD1032E18D12A
:1033C000002A8AD09907AFD523694FF0B046002B69
:1033D00067D0336843F480733360FEF703F8074621
:1033E00033685A0555D4FDF7FDFFC31B022BF7D9EF
:1033F000CCE74FF0B043A068196821F48011014375
:10340000B2F5803F196010D11A6842F480321A6018
:10341000FDF7E8FF0746FFF703FE002880D1FDF720
:10342000E1FFC01B6428F6D9B0E7B2F5041F04D150
:103430001A6842F400121A60E6E7196821F4803134
:103440001960196821F400111960002AE0D1FDF714
:10345000C9FF0746FFF7E4FD00283FF461AFFDF721
:10346000C1FFC01B6428F5D990E7042D03D00C2DB3
:10347000AAD1022EA8D12369002B3FF42EAF4FF022
:10348000B0426169536823F0FE4343EA016353602D
:103490004AE77368626923F0FE4343EA026373609C
:1034A00042E7336823F480733360FDF79BFF0746E0
:1034B00033685B057FF538AFFDF794FFC31B022B24
:1034C000F6D963E74FF0B042E169D2F8943023F0C7
:1034D00010030B43C2F894304FF0B047D7F8943044
:1034E00043F00103C7F89430FDF77CFF0646D7F898
:1034F00094309A0718D4FDF775FF831B112BF6D96A
:1035000044E7D6F8943023F00103C6F89430FDF771
:1035100069FF0746D6F894309B0705D5FDF762FF93
:10352000C31B112BF6D931E72368580754D50B4F2D
:103530003B68D90514D4FFF74BFDFDF753FF064652
:103540003B68DA050CD4FDF74DFF831B022BF7D93E
:103550001CE700BF400000200400002000040058C9
:10356000E3684FF0B046002B58D023F08003052BC2
:1035700002BFD6F8903043F00403C6F890304FF005
:10358000B046FDF72FFFD6F8903043F00103074611
:10359000C6F8903041F28838D6F890309B0705D4B1
:1035A000FDF720FFC31B4345F6D9EFE6E36823F0A0
:1035B0000403812B1BD1FDF715FFD6F8903043F0A3
:1035C0008003C6F8903007464FF0B04641F2883885
:1035D000D6F89030180504D5E36A002B4AD10020B4
:1035E00066E6FDF7FFFEC01B4045F1D9CEE6FDF7CC
:1035F000F9FED6F8903023F08003C6F890300746E5
:103600004FF0B04641F28838D6F890301905E3D52E
:10361000FDF7E8FEC01B4045F6D9B7E6FDF7E2FE30
:10362000D6F8903023F080030746C6F8903041F278
:103630008838D6F890301A0516D4FDF7D3FED6F8A0
:10364000903023F00103C6F8903007464FF0B048A1
:1036500041F28836D8F890309B07BDD5FDF7C2FE01
:10366000C31BB342F6D991E6FDF7BCFEC01B404533
:10367000DFD98BE60C2D4ED0022B4FF0B0431A68E9
:1036800022F080721A6033D1FDF7ACFE0546FFF7D9
:10369000DCFC38BBD4E90C314FF0B0420B43D068AE
:1036A0002D4901400B43E16B0B43216C0B43616CD3
:1036B0000B43A16B43EA0123D360136843F080738B
:1036C0001360D36843F08053D360FDF78BFE04464C
:1036D000FFF7BBFC002882D1FDF784FE001B0A28FF
:1036E000F6D953E6FDF77EFE401B0A28CFD94DE6FA
:1036F000FDF778FE0446FFF7A8FC30B94FF0B04262
:10370000164BD1680B40D36069E7FDF76BFE001BD9
:103710000A28F0D93AE6012B3FF4DFAD4FF0B04371
:10372000D868236B00F003029A427FF4D6AD626B37
:1037300000F0700393427FF4D0ADA26B00F4FE431F
:10374000B3EB022F7FF4C9AD636C00F06040C01A88
:1037500018BF0120ACE500BF8C80C111FCFFFEEE5C
:103760002DE9F0410D46044610B90120BDE8F08175
:10377000684E336803F007038B4216D323689A0719
:1037800027D54FF0B047A268BB6823F0F00313437E
:10379000BB60FDF727FE0646BB68DB0319D4FDF7C7
:1037A00021FE831B022BF7D911E0336823F00703B6
:1037B0000B433360FDF716FE0746336803F007033B
:1037C000AB42DBD0FDF70EFEC01B0228F5D903206B
:1037D000CCE72368580617D54FF0B0476269D7F891
:1037E000083123F00F0343EA1213C7F80831FDF73D
:1037F000F9FD0646D7F80831D90305D4FDF7F2FDE7
:10380000831B022BF6D9E2E723685A0713D54FF042
:10381000B047E268BB6823F4E0631343BB60FDF785
:10382000E1FD0646BB689B0305D4FDF7DBFD831B6A
:10383000022BF7D9CBE72368180714D54FF0B04710
:103840002269BB6823F4605343EAC203BB60FDF7FF
:10385000C9FD0646BB68590305D4FDF7C3FD831BAC
:10386000022BF7D9B3E72368DA070FD4294C236872
:1038700003F00703AB4239D8FFF7C6FC264B1860AC
:10388000264BBDE8F0411868FDF764BD6268022A66
:103890001DD1FFF7C5FB00283FF467AF4FF0B046DE
:1038A00041F28838B36823F003031343B360FDF794
:1038B00099FD0746B368626803F00C03B3EB820F0F
:1038C000D4D0FDF78FFDC01B4045F3D97FE7032A15
:1038D00002D1FFF7BAFBDEE712B9FFF7A7FBDAE781
:1038E0004FF0B0431B685B05D8D43EE7236823F054
:1038F00007032B432360FDF775FD0646236803F09D
:103900000703AB42B8D0FDF76DFD801B0228F5D947
:103910005DE700BF00400058400000200400002088
:1039200008B5FFF703FC4FF0B043054AD3F8083160
:1039300003F00F0352F82330B0FBF3F008BD00BFD3
:10394000B848020808B5FFF75FFC4FF0B043044ADF
:103950009B68C3F3022352F82330D84008BD00BF50
:103960009848020808B5FFF74FFC4FF0B043044AEF
:103970009B68C3F3C22352F82330D84008BD00BF70
:103980009848020810B5D8B1D1B14F234FF0B042DA
:103990000360936803F00C04446003F0F004846057
:1039A00003F4E06403F46053C4600361D2F80831A7
:1039B0001B01DBB24361034B1B6803F007030B6081
:1039C00010BD00BF00400058704770B50446002885
:1039D00066D0436A002B5FD14268B2F5827F00D087
:1039E000C3610023A36294F85D3003F0FF0223B9A2
:1039F00084F85C202046FFF7E7FF2268E068A668AD
:103A0000A169022384F85D30136823F0400313603A
:103A1000B0F5E06F4FF000038ABF1D464FF48055AC
:103A2000B0F5706F18BFA362636806F4044603F430
:103A300082733343266906F002063343666906F053
:103A40000106334301F400763343E66906F0380695
:103A50003343266A06F080063343A66A06F400560E
:103A600033431360666B636A06F0080603F01003C5
:103A700000F470603343090C034301F004010B436D
:103A80002B435360D36923F40063D36100200123E7
:103A9000206684F85D3070BD0023C0E90433A0E7E0
:103AA0000120F8E7704710B5044680B10268022390
:103AB00080F85D30136823F040031360FFF7F2FFD6
:103AC0000020206684F85C0084F85D0010BD0120B1
:103AD000FCE7022310B580F83D300368196A41F213
:103AE00011121142044608D1196A40F244421142AF
:103AF00002BF1A6822F001021A60204602F01BFD84
:103B0000002084F8480084F83C0084F83E0084F8E3
:103B10003F0084F8400084F8410084F8420084F8B3
:103B2000430084F8440084F8450084F8460084F893
:103B3000470084F83D0010BD90F83D30012B17D1AF
:103B400002230C4A80F83D300368934202D0B3F15F
:103B5000804F07D19968084A0A40062A06D0B2F574
:103B6000803F03D01A6842F001021A6000207047BB
:103B700001207047002C0140070001000368196A0A
:103B800041F21112114208D1196A40F24442114225
:103B900002BF1A6822F001021A60012380F83D304A
:103BA000002070470368DA6822F00102DA60196ABF
:103BB00041F21112114208D1196A40F244421142F5
:103BC00002BF1A6822F001021A60012380F83D301A
:103BD0000020704790F83C20012A03464FF0020075
:103BE00009D01A6883F83D0051610020012283F852
:103BF0003D2083F83C00704770477047036870B5FC
:103C0000DD681E69B20704460DD5A9070BD56FF014
:103C100002021A61012202779B699A0774D001F0AF
:103C200072FE00232377730710D568070ED523682B
:103C30006FF004021A61022222779B6913F4407F1D
:103C4000204667D001F05FFE0023237731070FD5B0
:103C50002A070DD523686FF008021A610422227723
:103C6000DB699B0720465BD001F04DFE00232377E4
:103C7000F00610D5E9060ED523686FF010021A6120
:103C800008222277DB6913F4407F20464ED001F0F2
:103C90003AFE00232377F20708D5EB0706D5236801
:103CA0006FF001021A61204601F00AFE300608D5C5
:103CB000290606D523686FF080021A61204600F0BD
:103CC00002FAF20508D52B0606D523686FF4807238
:103CD0001A61204600F0F8F9700608D5690606D585
:103CE00023686FF040021A612046FFF786FFB20694
:103CF00022D5AB0620D523686FF0200220461A613A
:103D0000BDE8704000F0DEB901F0FBFD2046FFF792
:103D100073FF86E701F0F5FD2046FFF76DFF93E79F
:103D200001F0EFFD2046FFF767FF9FE701F0E9FD97
:103D30002046FFF761FFACE770BD00001B4A036837
:103D4000904202D0B0F1804F08D14A6823F070034E
:103D50001343CA6823F44073134306E0144A9042A5
:103D6000F7D002F580629042F3D04A6923F08003D5
:103D7000134303608B68C3620B6883620B4B9842EA
:103D800007D003F5C053984203D003F580639842EF
:103D900001D10B690363012343610369DB0742BF60
:103DA000036923F001030361704700BF002C014049
:103DB0000044014010B5044650B390F83D3003F084
:103DC000FF021BB980F83C2002F08EFB0223206822
:103DD00084F83D30211DFFF7B1FF012384F84830FE
:103DE000002084F83E3084F83F3084F8403084F876
:103DF000413084F8423084F8433084F8443084F809
:103E0000453084F8463084F8473084F83D3010BDA2
:103E10000120FCE7036A01F01F0110B501248C406A
:103E200023EA04030362036A8A401A43026210BD54
:103E3000082908B525D00AD8A9B1042919D090F8C5
:103E40004330012B13D1022380F843302CE00C299E
:103E50001FD01029F3D190F84230012B07D1022353
:103E600080F8423020E090F83E30012B19D001203C
:103E700043E090F83F30012BF9D1022380F83F3026
:103E800012E090F84030012BF1D1022380F840304D
:103E90000AE090F84130012BE9D1022380F841304B
:103EA00002E0022380F83E3000680122FFF7B2FFF3
:103EB000124B984214D003F5C05398420BD003F52F
:103EC0008063984207D0B0F1804F0DD0036843F073
:103ED0000103036010E0436C43F400434364F5E7DF
:103EE000436C43F4004343648268054B1340062B44
:103EF00002D0B3F5803FE9D1002008BD002C01407D
:103F000007000100FFF794BF082910B503465AD0F7
:103F100010D809B3042946D093F8434093F84720BA
:103F2000012CE0B2D2B26FD1012A3BD1022283F838
:103F3000432065E00C2956D01029EDD190F842407D
:103F400093F84720012CE0B2D2B25DD1012A29D1E9
:103F5000022283F8422053E090F83E4093F8442038
:103F6000012CE0B2D2B24FD1012A1BD1022283F838
:103F70003E2083F8442018680122FFF74BFF234BB3
:103F8000984202D0B0F1804F07D18268204B134095
:103F9000062B06D0B3F5803F03D0036843F001033E
:103FA0000360002010BD90F83F4093F84520012C9D
:103FB000E0B2D2B228D1012AF4D1022283F83F2004
:103FC00083F84520D7E790F8404093F84620012C2D
:103FD000E0B2D2B218D1012AE4D1022283F8402003
:103FE00083F84620C7E790F8414093F84720012C1A
:103FF000E0B2D2B208D1012AD4D1022283F8412002
:10400000022283F84720B6E70120CBE7002C0140CD
:1040100007000100036A01F01F0110B504248C4061
:1040200023EA04030362036A8A401A43026210BD52
:1040300008B529B990F84430012B1DD0012039E092
:10404000042907D190F84530012BF7D1022380F8DD
:10405000453014E0082907D090F84730012BEDD106
:10406000022380F847300AE090F84630012BE5D172
:10407000022380F8463002E0022380F844300068D2
:104080000422FFF7C7FF436C43F4004343640A4B29
:10409000984202D0B0F1804F07D18268074B13409D
:1040A000062B06D0B3F5803F03D0036843F001032D
:1040B0000360002008BD00BF002C01400700010084
:1040C000FFF7B6BF704770477047000010B5026831
:1040D00052E8003F23F4907342E80031026800295F
:1040E000F5D10F4C02F1080353E8003F234002F1E1
:1040F000080C4CE800310029F4D1C36E012B07D124
:1041000052E8003F23F0100342E800310029F7D1C4
:104110002023C0F88C300023C366436710BD00BF66
:10412000FEFFFFEF026852E8003F23F0800342E801
:10413000003102680029F5D152E8003F43F0400306
:1041400042E800310029F7D17047D0F88820212AB1
:10415000034611D1B0F8562092B20AB9FFF7E2BF78
:10416000026D016812F8010B88621A65B3F85620D7
:10417000013A92B2A3F856207047D0F88820212A3D
:10418000034613D1B0F8562092B20AB9FFF7CABF5E
:104190001A6D006832F8021BC1F3080181621A65CA
:1041A000B3F85620013A92B2A3F856207047D0F8DF
:1041B0008830212B10B51BD1B0F86A20C2B1B0F8FD
:1041C0005610036889B2A1B903F1080252E8002F22
:1041D00022F4000203F1080040E800210029F3D195
:1041E00053E8002F42F0400243E800210029F7D1B4
:1041F00010BDD96909060AD5016D11F8014B9C6201
:10420000B0F856300165013B9BB2A0F85630013A38
:1042100092B2D3E7D0F88830212B10B51BD1B0F87B
:104220006A20C2B1B0F85610036889B2A1B903F18F
:10423000080252E8002F22F4000203F1080040E8CF
:1042400000210029F3D153E8002F42F0400243E857
:1042500000210029F7D110BDD96909060CD5016DDF
:1042600031F8024BC4F308049C62B0F85630016583
:10427000013B9BB2A0F85630013A92B2D1E77047A9
:10428000704738B50546C8B12423C0F888300368A4
:104290001A68002422F001021A601C605C609C60B5
:1042A000FFF7EEFFC5F8904085F88440C5F88840D8
:1042B0002046C5F88C40EC662C6738BD0120FCE731
:1042C000D0F88830202B10B544D1002944D0002AE2
:1042D00042D0A0F85620A0F85420426E0165002379
:1042E000C0F89030B2F1005F4FF02103C0F8883081
:1042F0000268836819D1B3F5805F14D10469174B44
:104300001749002C08BF0B46836702F1080353E8E6
:10431000003F43F4000302F1080040E800310029A7
:10432000F3D1002010BD0D4BEEE7B3F5805F0FD148
:1043300004690C4B0C49002C08BF0B46836752E8FC
:10434000003F43F0800342E800310029F7D1E8E75D
:10435000044BF3E70220E5E70120E3E7AF41000863
:10436000154200084B4100087B41000808B5806AEF
:104370000023A0F85E30A0F8563002F05BFC08BDC8
:10438000704700000368D9691A682DE9F04140F6CA
:104390000F0631429D68044610D18E0640F1978089
:1043A00002F0200605F080573E4300F09080436FF6
:1043B000002B00F08580BDE8F0411847AB4EAC48BB
:1043C0002E401040304300F08280CF0709D5D00541
:1043D00007D501201862D4F8900040F00100C4F81D
:1043E00090008F0709D5E80707D502201862D4F896
:1043F000900040F00400C4F890004F0709D5E8078A
:1044000007D504201862D4F8900040F00200C4F8E8
:1044100090000F070BD502F02000304307D0082092
:104420001862D4F8900040F00800C4F890000E051F
:104430000AD5500108D54FF400601862D4F89030C6
:1044400043F02003C4F89030D4F89030002B37D0DC
:104450008B0609D502F0200205F080552A4303D0CF
:10446000636F0BB1204698472668D4F89020B36854
:1044700002F0280203F0400353EA0205204621D04F
:10448000FFF724FEB3685F0617D5226802F1080320
:1044900053E8003F23F04003083242E8003100298E
:1044A000F3D1D4F8800040B1724B8363FDF71AFD5D
:1044B00030B1D4F88000836B7DE7204602F0BAFB70
:1044C000BDE8F08102F0B6FBC4F89050F8E7E06E6A
:1044D000012840F08980CE0640F18680D00640F168
:1044E000838010221A629A6851064BD5D4F8802036
:1044F00011684A6892B2002AE2D0B4F85C00904297
:10450000DED9A4F85E200A6892062FD453E8002F63
:1045100022F4807243E800210029F7D103F1080258
:1045200052E8002F22F0010203F1080040E80021C8
:104530000029F3D103F1080252E8002F22F04002D3
:1045400003F1080040E800210029F3D12022C4F83B
:104550008C20E16653E8002F22F0100243E800218E
:104560000029F7D1D4F88000FDF787FC02232367E8
:10457000B4F85E30B4F85C10C91A89B22046FFF76F
:10458000FFFE9DE7B4F85E20B4F85E00B4F85C105E
:1045900080B292B2002893D0891A89B200298FD0B4
:1045A00053E8002F22F4907243E800200028F7D14E
:1045B000314D03F1080252E8002F2A4003F10806AA
:1045C00046E800200028F4D12022C4F88C2060673F
:1045D000E06653E8002F22F0100243E80020002894
:1045E000F7D102232367C9E7CF0209D56E0207D5A9
:1045F0004FF4801220461A62BDE8F04102F064BB1D
:1046000008060BD502F0800005F40005284305D00C
:10461000A36F002B3FF454AF2046CCE64F0611D5D4
:1046200056060FD553E8002F22F0400243E8002140
:104630000029F7D12023C4F88830A167204602F072
:10464000F5FA3DE70D0206D5500004D52046BDE839
:10465000F04100F032BECB017FF532AF002ABFF649
:104660002FAF2046BDE8F04100F026BE010000104B
:10467000200100046D430008FEFFFFEFD0F88C20FE
:10468000B0F86010222A08B5036855D15B6A826DC4
:104690000B401370836D01338365B0F85E30013BCE
:1046A0009BB2A0F85E30B0F85E309BB2002B42D1D6
:1046B000026852E8003F23F4907342E80031036837
:1046C0000029F5D103F1080252E8002F22F001027F
:1046D00003F1080C4CE800210029F3D12022C0F896
:1046E0008C20184A41679342016705D1C26E012AA6
:1046F0000ED002F097FA1EE05A681102F6D553E880
:10470000002F22F0806243E800210029F7D1EDE775
:104710000022C26653E8002F22F0100243E8002175
:104720000029F7D1DA69B0F85C10D20644BF102234
:104730001A62FFF725FE08BD9A6942F008029A61E5
:10474000F9E700BF00800040D0F88C20B0F860107E
:10475000222A08B5036852D15A6A1140826D22F8A4
:10476000021B8265B0F85E20013A92B2A0F85E208A
:10477000B0F85E2092B2002A40D153E8002F22F414
:10478000907243E800210029F7D103F1080252E8B2
:10479000002F22F0010203F1080C4CE8002100294F
:1047A000F3D12022C0F88C20174A41679342016759
:1047B00005D1C26E012A0ED002F034FA1EE05A680A
:1047C0001102F6D553E8002F22F0806243E8002161
:1047D0000029F7D1EDE70022C26653E8002F22F04E
:1047E000100243E800210029F7D1DA69B0F85C1023
:1047F000D20644BF10221A62FFF7C2FD08BD9A69B3
:1048000042F008029A61F9E7008000402DE9F84F74
:104810000368B0F86060D3F81CB01F689D68D0F8DA
:104820008C20222A044640F0B980B0F8683043B1A9
:10483000DFF87491DFF874A14FF000081BF0200F2F
:1048400020D1B4F85E309BB2D3B1B4F868209A425C
:1048500016D9226802F1080353E8003F23F0805381
:10486000083242E8003122680029F2D1504B6367D8
:1048700052E8003F43F0200342E800310029F7D11D
:10488000BDE8F88F2368A26D5B6A33401370A36D97
:104890000133A365B4F85E30013B9BB2A4F85E30EF
:1048A0002368D3F81CB01BF0070F2ED01BF0010FAC
:1048B00009D0F90507D501221A62D4F8902042F0F8
:1048C0000102C4F890201BF0020F09D0EA0707D5B7
:1048D00002221A62D4F8902042F00402C4F8902018
:1048E0001BF0040F09D0E80707D504221A62D4F898
:1048F000903043F00203C4F89030D4F8903023B1E4
:10490000204602F097F9C4F89080B4F85E309BB26C
:10491000002B93D1226852E8003F23F4807342E8D1
:10492000003123680029F5D103F1080252E8002F75
:1049300002EA090203F1080040E800210029F3D14E
:1049400020225345C4F88C20616721670AD05A6839
:10495000110207D553E8002F22F0806243E80021BE
:104960000029F7D1E26E012A14D10022E26653E851
:10497000002F22F0100243E800210029F7D1DA6964
:10498000B4F85C10D20644BF10221A622046FFF72A
:10499000F7FC53E7204602F045F94FE79A6942F0E9
:1049A00008029A616CE700BFFEFFFFEF0080004045
:1049B0007D4600082DE9F84F0368B0F86060D3F831
:1049C0001CB01F689D68D0F88C20222A044640F055
:1049D000B780B0F8683043B1DFF87091DFF870A1AC
:1049E0004FF000081BF0200F20D1B4F85E309BB2CE
:1049F000D3B1B4F868209A4216D9226802F10803AC
:104A000053E8003F23F08053083242E80031226827
:104A10000029F2D14F4B636752E8003F43F0200377
:104A200042E800310029F7D1BDE8F88F2368A26D74
:104A3000596A314022F8021BA265B4F85E20013A9F
:104A400092B2A4F85E20D3F81CB01BF0070F2ED052
:104A50001BF0010F09D0F90507D501221A62D4F81D
:104A6000902042F00102C4F890201BF0020F09D000
:104A7000EA0707D502221A62D4F8902042F0040215
:104A8000C4F890201BF0040F09D0E80707D50422D2
:104A90001A62D4F8903043F00203C4F89030D4F88E
:104AA000903023B1204602F0C5F8C4F89080B4F8E5
:104AB0005E309BB2002B95D1226852E8003F23F470
:104AC000807342E8003123680029F5D103F1080220
:104AD00052E8002F02EA090203F1080040E8002131
:104AE0000029F3D120225345C4F88C206167216747
:104AF0000AD05A68110207D553E8002F22F08062CD
:104B000043E800210029F7D1E26E012A14D10022E6
:104B1000E26653E8002F22F0100243E8002100294A
:104B2000F7D1DA69B4F85C10D20644BF10221A62D9
:104B30002046FFF725FC55E7204602F073F851E7C1
:104B40009A6942F008029A616EE700BFFEFFFFEF2C
:104B5000008000404947000810B590F88430012BD0
:104B60001ED0012380F884302423C0F888300268E6
:104B700052E8003F23F00C0342E800340168002CA7
:104B8000F5D151E8002F42F0080241E80023002B44
:104B9000F7D12022C0F8882080F88430184610BD54
:104BA0000220FCE710B590F88430012B1ED00123C1
:104BB00080F884302423C0F88830026852E8003F2F
:104BC00023F00C0342E800340168002CF5D151E8D1
:104BD000002F42F0040241E80023002BF7D12022ED
:104BE000C0F8882080F88430184610BD0220FCE709
:104BF000D0F88820D0F88C001043704738B50446B0
:104C000003682169A2681D68C0690A4361690A4393
:104C10007549024329400A431A605A68E16822F440
:104C200040520A435A60714AA16993421CBF226AEA
:104C300011439A6822F06E4222F430620A439A606D
:104C4000DA6A616A22F00F020A43DA62684A934222
:104C500017D14FF0B043674AD3F8883003F003030D
:104C600043F4403393425BD0B3F1031F21D0013AA8
:104C7000934274D0B0F5004F40F0B080FEF772FE62
:104C800031E05D4A934231D14FF0B0435B49D3F8F4
:104C9000883003F00C0343F440228A4240D005D808
:104CA000E3B1574B9A425AD0012062E0B2F10C1F97
:104CB000FAD1B0F5004F37D04FF400406368616A15
:104CC000504A32F81120B0FBF2F000EB5300B0FB79
:104CD000F3F04FF6EF73A0F1100274E0B0F5004F5F
:104CE00077D1FEF72FFE002842D01DE03F4A9342C5
:104CF000DAD14FF0B043D3F8883003F44063B3F512
:104D0000006F3DD006D883B3B3F5806FCCD1FEF7EA
:104D10000DFA2CE0B3F5406FC6D14FF4004030E0FF
:104D2000B0F5004F3848C9D16268616A354B33F835
:104D30001130B0FBF3F0530803EB4003B3FBF2F385
:104D40004FF6EF72A3F110019142ADD823F00F029C
:104D5000216892B2C3F342031343CB6008E0B0F57D
:104D6000004F3ED1FEF7E2F9BDE7FEF7EBFD40B99B
:104D700000204FF00113A3660023C4E91D3338BDA2
:104D8000214865681F4B626A05EB450133F8122024
:104D9000B0FBF2F3994287D8B3EB053F84D80023E8
:104DA0001946FCF701FA090241EA10616B0800029A
:104DB000C0182A464FF0000341F10001FCF7F4F956
:104DC000124BA0F540729A423FF66EAF2368D8604E
:104DD000CEE7FEF7B7FD0028CAD06FE7FEF7C2FDA9
:104DE000F9E7FEF7A3F9F6E7F369FFCF008000408B
:104DF00000380140020003000044004008000C009D
:104E000004000C005C4702080024F400FFFC0F00C3
:104E1000836A1A0710B506D50168846B4A6822F4C4
:104E2000004222434A60DC0706D50168C46A4A682A
:104E300022F4003222434A60990706D50168046BC8
:104E40004A6822F4803222434A605A0706D5016834
:104E5000446B4A6822F4802222434A60DC0606D56D
:104E60000168C46B8A6822F4805222438A609906E2
:104E700006D50168046C8A6822F4005222438A60D5
:104E80005A060FD50168446C4A6822F48012224306
:104E9000B4F5801F4A6005D14A68846C22F4C002D0
:104EA00022434A601B0606D50268C16C536823F48E
:104EB00000230B43536010BD2DE9F843DDF820902B
:104EC00005460E46174698462A68D36936EA030314
:104ED0000CBF01230023BB4201D0002029E0B9F11F
:104EE000FF3FF2D0FCF77EFAA0EB080048452C68A3
:104EF00002D8B9F1000F1ED154E8003F23F4D0735B
:104F000044E80032002AF7D104F1080353E8003FD7
:104F100023F0010304F1080141E80032002AF3D133
:104F20002023C5F88830C5F88C30002385F88430FC
:104F30000320BDE8F88323685A07C5D5802EC3D067
:104F4000402EC1D0E3691B05BED54FF40063236238
:104F500054E8003F23F4D07344E80032002AF7D12C
:104F600004F1080353E8003F23F0010304F10801B2
:104F700041E80032002AF3D12023C5F88830C5F873
:104F80008C30C5F89030D0E72DE9F7439846D0F83B
:104F90008830202B04460E46174643D1002943D0C3
:104FA000002A41D021230025C0F89050C0F8883055
:104FB000FCF718FAA368A4F85470B3F5805F814633
:104FC000A4F8567003D123690BB935461E46B4F8D0
:104FD0005620CDF8008092B24B4642B9402120467F
:104FE000FFF76AFF48B92023C4F8883006E00022A2
:104FF00080212046FFF760FF18B1032003B0BDE811
:10500000F08322685EB935F8023BC3F3080393626C
:10501000B4F85620013A92B2A4F85620D7E716F811
:10502000013BF4E70220E9E70120E7E773B5044616
:105030000026C0F89060FCF7D5F923681B681A07B2
:10504000054619D423681B685B070AD56FF07E43B9
:10505000009300222B464FF480012046FFF72CFFDF
:10506000B0B900202023C4F8883084F88400C4F844
:105070008C30E06620670CE06FF07E430093324690
:1050800003464FF400112046FFF716FF0028D9D041
:10509000032002B070BD10B5044650B3D0F888307C
:1050A0001BB980F88430FFF7EAF822682423C4F89B
:1050B0008830136823F001031360A36A13B12046FC
:1050C000FFF7A6FE2046FFF799FD012811D02368BF
:1050D0005A6822F490425A609A6822F02A029A6032
:1050E0001A6842F0010220461A60BDE81040FFF73E
:1050F0009DBF012010BD10B5044670B3D0F88830B4
:105100001BB980F88430FFF7BAF822682423C4F86A
:105110008830136823F001031360A36A13B120469B
:10512000FFF776FE2046FFF769FD012815D02368BA
:105130005A6822F490425A609A6822F022029A60D9
:105140009A6842F008029A601A6842F0010220460A
:105150001A60BDE81040FFF769BF012010BD0000D4
:1051600030B581658168A0F85C200023B1F5805FCF
:10517000A0F85E20436731D10369002B40F2FF1392
:1051800018BFFF23A0F860300023C0F8903022231E
:10519000C0F88C30016801F1080353E8003F43F088
:1051A0000103083141E800340368002CF2D1456E58
:1051B00084680169B5F1005F35D1B0F86850954257
:1051C00031D8B4F5805F29D1C1B1264A426753E88E
:1051D000002F42F4807243E8002121E029B90369DD
:1051E000002B14BF7F23FF23CCE7B1F1805FC9D12F
:1051F0000369002B14BF3F237F23C3E71A4A42678A
:1052000003F1080252E8002F42F0805203F1080037
:1052100040E800210029F3D1002030BD114A426747
:105220000029D4D1ECE7B4F5805F16D151B10F4A13
:10523000426753E8002F42F4907243E800210029AE
:10524000F7D1E9E70A4A426753E8002F42F020020B
:1052500043E800210029F7D1DEE7044A426700292C
:10526000F2D0E6E70D480008B54900087D46000881
:1052700049470008D0F88C30202B30B415D1B9B193
:10528000B2B100230468C3660A4B9C420AD063682B
:105290001B0207D554E8003F43F0806344E8003523
:1052A000002DF7D130BCFFF75BBF022030BC704748
:1052B0000120FBE7008000407047704790F8843081
:1052C000012B0FD0012380F88430016851E8002FB2
:1052D00042F0020241E80023002BF6D180F884302E
:1052E000184670470220704790F88430012B0FD089
:1052F000012380F88430016851E8002F22F0020277
:1053000041E80023002BF6D180F88430184670471E
:1053100002207047836810B504462BB10322014672
:1053200098470023C4E9023310BD836810B50446D2
:1053300013B1032201469847204610BD10B504461C
:1053400050F8103FDA6822F00102DA60DA6822F0E1
:105350000202DA60DA6822F00402DA60DA6822F027
:105360000802DA60DA6822F01002DA60FEF706FC62
:105370002269136823F001031360012384F84E307F
:1053800084F84F3084F8503084F8513084F852302B
:1053900084F8533084F8543084F8553084F856300B
:1053A00084F8573010BD4B1E032B00D9FEE789004F
:1053B000081F70470139435C13F0100004D0022924
:1053C00016D80C4A32F81100DB0712D503290FD882
:1053D000DFE801F00205080B40F00100704740F0E3
:1053E0001000704740F48070704740F48050704760
:1053F000FEE770477C4702080139032900D9FEE720
:10540000014B585C704700BF7847020801390329F7
:1054100000D9FEE7014B585C704700BF7447020893
:105420002DE9F04104460E46FFF7BDFF04EB0618D8
:1054300008F16408054631462046FFF7DDFFD8F83D
:1054400008302BB12369C2431A61DA680243DA607B
:10545000771E04EB47039B880B2B49D8DFE803F04A
:1054600051181818060618184A4A4A2AE35DDE063B
:1054700004D5294604F11000FEF722FEE35DD807AB
:1054800036D5294604F11000BDE8F041FEF73ABDDB
:10549000E35DD90604D5294604F11000FEF7C8FDE6
:1054A000E35DDA0724D5294604F11000BDE8F04198
:1054B000FEF7BEBC294604F11000FEF725FD31467B
:1054C0002046FFF7A3FF2569014606462046FFF761
:1054D00071FF2B6A1843D8F80830286243B131466F
:1054E0002046FFF789FFC3432B61EB681843E86050
:1054F000BDE8F081294604F11000BDE8F041FEF757
:1055000003BD23691B68DB07F2D404F11000BDE87A
:10551000F041FEF711BB70B501250446861C2946F3
:1055200036F8023F23B129462046FFF779FF0021D4
:105530000135052DF4D1E36E3BB123696FF0010213
:105540001A61DA6842F00102DA6049B123691B6826
:10555000DB0705D404F11000BDE87040FEF7ECBA9B
:1055600070BD01211030FEF735BB0369186800F0EB
:105570000100704710B502460C46FFF7F6FF80B9F0
:10558000CB68DB070ED5CB6823F00103CB60104658
:10559000FFF7E7FF6FF001032361E36843F00103C6
:1055A000E36010BDBDE810401046FFF7DABF000011
:1055B0000B4B98420BD0B0F1804F0AD003F5C0538B
:1055C000984208D003F58063984206D0FEE7002099
:1055D000704701207047022070470320704700BFCA
:1055E000002C0140024670B5044652F8100FFFF738
:1055F000DFFF0546104600F009FF094A002342F884
:10560000253004F16406E36004F1B405B54204D02A
:10561000103D2846FFF789FEF8E7204670BD00BF21
:105620008803002070B504460846FFF7C1FF2569CE
:1056300005B1FEE7204B216104F10C0243F8202064
:1056400004F110060E23C4E917353046C4E90C55A1
:10565000C4E90E55C4E9105584F82C50A56484F8AB
:105660004C5084F84D50E46000F0A4FE04F1640056
:10567000FFF750FE04F17400FFF74CFE04F18400C4
:10568000FFF748FE04F19400FFF744FE04F1A40084
:10569000FFF740FEC4E900554FF6FF73C4E9065317
:1056A0008023C4E90855A5606561A3623046BDE862
:1056B0007040FEF77FBB00BF8803002010B588B0A4
:1056C00018220446002102A81CF0C3FD002301A9F2
:1056D00002A80193FEF756F9206900F03DFF01286A
:1056E00002D002280FD0FEE7059CFEF72BF9B4F597
:1056F000C06F05D00BD824F48074B4F5806F00D14E
:10570000400008B010BD069CFEF72CF9EFE7B4F599
:10571000E06FF4E7012A38B505460C460BD0022AA3
:1057200016D004B1013C29692846CC62EC61BDE881
:105730003840FFF71FBFFFF7C1FF084BB0FBF3F086
:1057400044432A69230C93620133B4FBF3F4E8E782
:10575000FFF7B4FFB0FBF4F4F3E700BF40420F00E3
:1057600010B500F110042046FEF71CFA2046BDE8F3
:105770001040FEF7AEB90000034B186810B10430BA
:10578000FEF73CBA704700BF88030020FFF7F4BF64
:10579000034B586810B10430FEF730BA704700BFB1
:1057A00088030020034B986810B10430FEF726BA36
:1057B000704700BF88030020034BD86810B1043045
:1057C000FEF71CBA704700BF880300200022C0E922
:1057D0000022C0E902227047F8B504460E4600F1E7
:1057E000640500F1B40728461035FFF7EFFFBD420E
:1057F000F9D10023204623613146FFF713FF2046ED
:10580000F8BD38B50023C0E90033C0E902338B6826
:1058100004460D462BB102229847EB68E360AB6863
:10582000A360204638BD30B587B002AD0446284697
:10583000FFF7E7FF95E803006B4683E8030094E871
:10584000030085E8030093E80300049BA268A360BB
:10585000059B049284E80300E268E3602846059211
:10586000FFF763FD07B030BD38B504460D46E36E63
:1058700064301BB1BDE83840FFF7D5BFFFF7D3FF59
:10588000AB683BB123696FF001021A61DA6842F03C
:105890000102DA6038BD826810B50AB919F0ACF9B6
:1058A000BDE81040C368184708B500B9FEE700F02E
:1058B0007FFD0068C36E13B16430FFF7ECFF08BDD5
:1058C000FFF7F2BF10B500B9FEE7037F013B072BDE
:1058D00010D8DFE803F004140F100F0F0F1201248B
:1058E00000F066FD240100686434204483680BB135
:1058F000FFF7D1FF10BD0324F2E70424F0E70224F0
:10590000EEE7FFF7DFBFFFF7DDBF1BF055BA1BF077
:1059100053BA1BF059BA4FF0B04382B0DA6C02436D
:10592000DA64DB6C03400193019B02B07047000016
:1059300008B5032818D8DFE800F002080D1201208E
:10594000FFF7E9FF4FF0904008BD0220FFF7E3FFAB
:105950000648F9E70420FFF7DEFF0548F4E780205A
:10596000FFF7D9FF0348EFE70020EDE70004004808
:1059700000080048001C004808B5064900F0E0FC9B
:10598000C0F3C430112800D9FEE7034B53F82000C0
:1059900008BD00BF5846020890470208A0F5805095
:1059A0000138022800D9FEE7014B53F82000704768
:1059B0008447020808B5054900F0C2FCC0F3C430B2
:1059C000012800D0FEE7002008BD00BF40460208C5
:1059D0000268094B9A420DD14FF0B0439A6B42F0E6
:1059E00000529A639A6B22F000529A639A6D22F0E9
:1059F00000529A65704700BF0074004010B50A4914
:105A000086B0044600F07AFC019050B12046FFF7C2
:105A1000D1FF014628B901A8FCF721FA01A8FCF73B
:105A200010FA06B010BD00BF404602084FF0B04368
:105A300082B01A6E42F400721A661A6E02F4007294
:105A40000192019AD3F8882042F04052C3F888208E
:105A5000044B1868C30403D4034902B000F036BCF9
:105A600002B0704718000020584602084FF0B043BB
:105A70001A6C42F400721A641A6C22F400721A64EE
:105A80001A6C42F400721A641A6C22F400721A64DE
:105A90001A6E22F400721A6670470000F0B59FB0CB
:105AA000054664220E4605A800211CF0D2FB002307
:105AB000EA04CDE902330493ADF80230019340F1DA
:105AC000AC8041F203039D4200F2A7805D4B059339
:105AD0002846FFF763FF07270446082E00F0AE8034
:105AE0000A2E00F0AD80062E0CBF182300234FF0C5
:105AF0000042CDE906230023CDE908320422CDE996
:105B00000E330A92ADF82C3001228DF82E308DF82C
:105B100034308DF840308DF8503018931B93199322
:105B20008DF86830484B0C9205A84FF48052CDE9AF
:105B3000112713971D60FBF75FFC002879D1012C1A
:105B4000029435D0414B9C4232D0414B9C422FD0E5
:105B5000404B9C422CD0404B9C4229D03F4B9C4216
:105B600026D03F4B9C4223D03E4B9C4220D03E4B04
:105B70009C421DD03D4B9C421AD03D4B9C4217D0BD
:105B800003F104239C4213D03A4A24F00043934289
:105B90000ED0394A93420BD0384A934208D0384A43
:105BA000944205D0374A944202D0374A934240D1BA
:105BB000012302A905A8CDE90337FBF77BFD0028E7
:105BC00037D105A8FBF7B0FF002832D105A8FBF7B5
:105BD000D3FE70BB0A2105A8FBF70EFD48BB05A844
:105BE000FBF740FE830505D505A8FBF75FFD80B2F6
:105BF000ADF8020005A8FBF779FFD0B905A8FBF7BF
:105C00001FFFB0B9214AD2F8083723F0E073C2F879
:105C10000837BDF8020080B20CE01D49284600F0AC
:105C20006DFB01A905902846FFF7A6FE059B0446DB
:105C300013B900201FB0F0BD03274EE7102356E72D
:105C4000082354E70024014018000020020000044B
:105C5000040000080800000C1000001020000014D0
:105C6000400000188000001C0001002000020024F9
:105C700000040028001000300020003400400038EC
:105C80000080003C00000140000002440020014070
:105C900058460208F8B51449144E074600F02EFB8A
:105CA000FFF786FC56F82030044673B9B420FFF79E
:105CB0002CFE0D490546384600F020FB01462846DB
:105CC000FFF78AFD56F824301D6056F824301C6812
:105CD00044B12046FFF786FC2046B421BDE8F840D9
:105CE000FFF717BEF8BD00BF5C450208880300201F
:105CF00037B5FBF777FB4FF0E0250446AB6900931F
:105D0000FBF770FBAB6901936969844201F1010102
:105D10004FF47A7308D0019A8A1A5A43B2FBF1F20F
:105D200003FB002003B030BD009A8A1A5A43B2FB2D
:105D3000F1F203FB0420F5E7FBF754BB704708B50D
:105D4000FBF744FBFCF715F8FFF7F8FF08BD10B5AB
:105D500094B048220021044602A81CF07AFAFDF70C
:105D600037F94FF0B0439A6D42F480629A659A6DAC
:105D700002F480620192019A032C11D8DFE804F04A
:105D80000219283DD3F8942042F00102C3F8942070
:105D9000D3F894309C0703D408230293012308937B
:105DA000029B002B36D002A8FDF73EFA002831D026
:105DB000FEE71A6842F480721A601B685905EFD436
:105DC000022302934FF480724023CDE90623E7E7D4
:105DD000D3F8902042F00102C3F89020D3F890202D
:105DE0009407DDD4D3F8902022F01802C3F8902055
:105DF0000423029381230593D2E71A6842F4803288
:105E00001A601B6899035EBF01224FF48033CDE90D
:105E10000223C5E714B010BD70474FF0B04382B005
:105E20001A6D42F400221A651A6D02F400220192E2
:105E3000019A9A6C42F480529A649B6C03F48053EA
:105E40000093009B02B070470C4BD3F8FC20D201AA
:105E50005EBFD3F8FC2042F08072C3F8FC20084BF0
:105E600000225A601A6842F001021A6000BF00BFA7
:105E700000BF5868B0FA80F04009704700ED00E0BC
:105E8000001000E008B5FFF7C8FFFFF7DDFFFBF7E4
:105E900087FAFFF7C1FFFBF723FABDE80840014886
:105EA000FBF76CBF1C000020012A02D1016000201A
:105EB0007047022A05D0032AF9D0002AF7D10260E0
:105EC000F5E70B680360F2E7036818470023C0E9B1
:105ED0000033C0E90233704770B50024012904F192
:105EE00001032CD1184DE4B2142161436E18F368FC
:105EF0003BB1043129440322084698470023C6E9F0
:105F00000333142363430022E8560F4B93F9001028
:105F1000814201D1D968A9B90132102A03F11403D1
:105F2000F4D10A4A0A49D2F8803051F8241023EA01
:105F30000103BDE87040C2F88030FBF7D3BE4908CA
:105F40001C46CBE770BD00BF980300200008005836
:105F5000D84702080023012803F101020AD11422C4
:105F6000DBB25343054A181D1044816829B11A4415
:105F70001369184740081346EDE77047980300205F
:105F80000120FCF793B90220FCF790B90420FCF73C
:105F90008DB90820FCF78AB91020FCF787B938B50D
:105FA00005242025A8B2FCF781F9013C4FEA4505FC
:105FB000F8D138BD38B506244FF48065A8B2FCF797
:105FC00075F9013C4FEA4505F8D138BD2DE9F0419E
:105FD00016468CB00A460024012A04F1010543D17B
:105FE000E4B26200CDE90713C168DFF884800323BF
:105FF00093400B40D34003F0030303AD099307A97B
:1060000002230A93FCF79EF81423314628465C438A
:10601000FFF7F7FB95E8030008EB040301AA04333C
:1060200082E8030093E8030085E8030092E8030098
:10603000271D83E803004744059BBA68BB60069BA5
:1060400005922846FA68FB600692FFF76EF918F988
:10605000040000220621FBF705FE18F90400FBF7F7
:1060600033FE0CB0BDE8F08152082C46B4E700BF07
:1060700098030020344A104608B5062300F8043B74
:10608000FFF724FF072302F118001375FFF71EFF27
:10609000082302F12C0082F82830FFF717FF0923AC
:1060A00002F1400082F83C30FFF710FF0A2302F1B2
:1060B000540082F850301621FFF708FF02F1680003
:1060C00082F86410FFF702FF02F17C0082F878107A
:1060D000FFF7FCFE02F1900082F88C10FFF7F6FE4D
:1060E00002F1A40082F8A010FFF7F0FE02F1B80060
:1060F00082F8B4102921FFF7E9FE02F1CC0082F802
:10610000C810FFF7E3FE02F1E00082F8DC10FFF7B1
:10611000DDFE02F1F40082F8F010FFF7D7FE02F581
:10612000847082F80411FFF7D1FE02F58E7082F8B8
:106130001811FFF7CBFEBDE8084002F5987082F811
:106140002C11FFF7C3BE00BF9803002038B5054CE3
:10615000A4F5A075143C201DFFF7E7F8AC42F9D177
:1061600038BD00BFD804002030B591FAA1F391FAF0
:10617000A1F1B3FA83F3C4685B000325B1FA81F19E
:1061800005FA03F3490024EA03038A401A43C26074
:1061900030BD431C04D00C3151F80C3C5A1C01D1C9
:1061A00000207047834201F10C01F5D101207047B6
:1061B000F8B5471C06460D4600D1FEE700F00F0279
:1061C000414BC0F3031053F82240FFF7B1FB94FAA0
:1061D000A4F3B3FA83F3876803225B0002FA03F3A4
:1061E00094FAA4F2B2FA82F227EA030752000323D8
:1061F00093403B4305F007018360032903D8DFE8A0
:1062000001F05F032C61FEE7012394FAA4F2B2FAD5
:1062100082F206685200032707FA02F226EA020613
:1062200094FAA4F2B2FA82F2520093400139334355
:106230000129036005D843682A074CBF2343A343C1
:106240004360C5F30112012A02D0022A18BF0022BE
:106250002146BDE8F840FFF787BFC5F306227F2A35
:1062600001D10223D1E7360716D5230A93FAA3F604
:10627000B6FA86F6476A93FAA3F3B6004FF00F0C0E
:10628000B3FA83F30CFA06F69B0027EA060602FA35
:1062900003F333434362E4E794FAA4F3B3FA83F3DA
:1062A000066A9B000F2707FA03F326EA030694FA0F
:1062B000A4F3B3FA83F39B009A4032430262D0E71F
:1062C0000023A2E70323A0E718480208431C06D1D5
:1062D0007047834202D18968FFF76ABF0C310B68AF
:1062E0005A1CF6D1FEE70B685A1C01D100207047FA
:1062F000834201D1486870470C31F4E7431C01D058
:10630000FFF7F1BF002070474B6813B94FF0FF3023
:106310007047834201D1086870470C31F4E708B137
:10632000FFF7F2BF4FF0FF30704703460868421C8A
:1063300000D17047984201D1886870470C31F5E769
:10634000431C01D0FFF7F1BF704703468B4208465C
:1063500004D01BB100290CBF184600207047000074
:106360004FF0B0431A6842F061021A604FF4E02225
:106370009A6061221A60064ADA6000229A6140F24D
:106380003F321A62034B4FF000629A60704700BFC1
:106390000001042200ED00E04FF0B04382B01A6E1D
:1063A00002431A661B6E03400193019B02B07047C3
:1063B000043870470368124A934282B004D14FF404
:1063C000006002B0FFF7E8BFB3F1804F0CD14FF08F
:1063D000B0439A6D42F001029A659B6D03F0010390
:1063E0000193019B02B07047064A934202D14FF4D9
:1063F0000030E6E7044A9342F4D14FF48020E0E70E
:10640000002C014000440140004801400368134A49
:10641000934206D14FF0B042136E23F4006313662B
:106420007047B3F1804F06D14FF0B042936D23F027
:106430000103936570470A4A934205D14FF0B04279
:10644000136E23F40033EAE7064A9342E8D14FF093
:10645000B042136E23F48023E1E700BF002C01401B
:106460000044014000480140431C10D00C4B9842AE
:1064700010D007D8B0F1804F0ED0A3F5C05398428A
:106480000CD0FEE7074B9842FBD11D2070476FF000
:106490000D0070471C2070471B2070471820704764
:1064A0000044014000480140431C10D00C4B98426E
:1064B00010D007D8B0F1804F0ED0A3F5C05398424A
:1064C0000CD0FEE7074B9842FBD11D2070476FF0C0
:1064D0000D0070471C2070471B2070471A20704722
:1064E000004401400048014038B50446FFF762FF10
:1064F0002068FFF7B9FFD4E91312FBF7B3FB20685C
:10650000FFF7B2FFFBF7E0FB22681046FFF7CCFF76
:1065100005461046FFF7A8FF85420BD02846D4E970
:106520001312FBF79FFB2068FFF7BEFFBDE8384062
:10653000FBF7CABB38BD10B5FFF768FF044600681B
:10654000FFF792FFFBF7CEFB2068FFF7ADFFBDE83A
:106550001040FBF7C7BB0000431C10D00A4B984209
:106560000BD003D8B0F1804F0BD0FEE7074B984219
:1065700003D003F580639842F7D1022070470020D2
:1065800070470120704700BF002C014000440140CB
:106590004FF0B042D2F8883023F440630343C2F88E
:1065A000883070472DE9F04F89B0CDE901230446CA
:1065B000129BD0F8A00003938B46B449FFF79EFED0
:1065C000B3498246D4F8A400FFF798FEB1490646C5
:1065D000D4F8A800FFF792FEAF490746D4F8AC0004
:1065E000FFF78CFEAA498046D4F8A000FFF786FE8C
:1065F000A6498146D4F8A400FFF780FE0546BAF10B
:10660000000F03D1B9F1000F00F03A81D4F8A430A3
:10661000013303D016B9002D00F03281D4F8A83030
:10662000013302D0002F00F02B81D4F8AC300133BD
:1066300003D0B8F1000F00F0238131465046FFF738
:1066400084FE206020B929464846FFF77EFE206080
:1066500039462068FFF779FE41462060FFF775FE56
:106660002060002800F00C818C4B984240F0A18003
:106670004FF0B0431A6C42F480421A641A6C22F450
:1066800080421A641A6E42F480421A661B6E03F44A
:1066900080430593059B2423A4F8B030BAF1000F82
:1066A00000F0BA807949D4F8A000FFF70FFE26B1B8
:1066B0007749D4F8A400FFF709FE4FF00009002F36
:1066C00000F0BC807349D4F8A800FFF7FFFD4FF439
:1066D000807AB8F1000F06D06F49D4F8AC004AF4C4
:1066E000007AFFF7F3FD94F8B1206D4B94F9B000F8
:1066F000C4F83C90271D43F822702368C4E9013B8D
:10670000019BE360039B2361029B63610C230022D6
:10671000C4E9063A0823E362226262620121FBF7C0
:10672000A1FAD4F800805F4B984538D1BBF5165FCD
:10673000384600F28580FEF7C1FD3846002E00F095
:106740009380FEF7A8FC002800F09A800220FFF753
:10675000FEFA4FF0B043D3F890309B0700F1A680CB
:106760004FF0B04322681B68590500F1D5802268BC
:106770004C4B9A4202D10020FFF70AFF16B9002DB8
:1067800000F0BB803846FEF786FC002878D02268EF
:10679000444B9A4203D14FF48060FFF7F9FE16B9DB
:1067A000002D00F0B380384609B0BDE8F04FFEF789
:1067B00072BC3D4B984215D14FF0B0439A6B42F4F6
:1067C00000329A639A6B22F400329A639A6D42F413
:1067D00000329A659B6D03F400330693069B40F2EA
:1067E000251359E72F4B98427FF458AF4FF0B04331
:1067F000DA6B42F00102DA63DA6B22F00102DA634B
:10680000DA6D42F00102DA65DB6D03F001030793F4
:10681000079B40F226233FE7B9F1000F3FF44DAF4D
:106820001B49D4F8A000FFF751FD25B11749D4F852
:10683000A400FFF74BFD4FF4004940E7BA4648E794
:10684000FEF752FD3846AEB1FEF725FCC0B14FF061
:10685000B0431A682368500589D5434562D14FF487
:106860000060FFF795FE5AE0002D7FF46AAFFEF757
:1068700042FC68E73DB9FEF73EFC00287FF470AFAC
:1068800009B0BDE8F08FFEF706FCF6E720450208E8
:10689000E44402089C4402086044020800380140B5
:1068A000D804002000800040004400402268234BB0
:1068B0009A4203D14FF44060FFF76AFE3846002E3B
:1068C000E1D1002DDFD1FEF716FC0028D8D04FF023
:1068D000B04322681B685B057FF549AF174B9A42AE
:1068E000BDD03846FEF707FC0028C9D02268134BFC
:1068F0009A4202D10020FFF74BFE3846FEF7FBFB21
:106900000028BDD022680D4B9A4212D0384609B0FB
:10691000BDE8F04FFEF7EFBB084B9A429FD00EB98F
:10692000002DDED03846FEF7B6FB00287FF41FAFFF
:10693000A6E74FF48060FFF72BFEE7E700800040FA
:1069400010B4019C18B1019410BCFFF72BBE10BC11
:106950007047000010B590F8B120012A044620D0FD
:10696000022A2DD06AB94FF0B043196C41F480412E
:106970001964196C21F480411964196E21F4804165
:106980001966174B53F82200FDF77BFC154B94F862
:10699000B12093F8B110914204BF032283F8B120D3
:1069A00010BD4FF0B043996B41F400319963996B7E
:1069B00021F400319963996D21F400319965E0E784
:1069C0004FF0B043D96B41F00101D963D96B21F08D
:1069D0000101D963D96D21F00101D965D1E700BF6B
:1069E000D804002044000020094B13B59C680949D5
:1069F0002046FFF783FC48B107480023C0F8A040B9
:106A00001A4600934FF41651FFF7CCFD02B010BDAB
:106A1000F4460208204502084400002008B5074B50
:106A200090F8B12053F82200FEF7E2F800F02200BF
:106A3000A0F122035842584108BD00BFD8040020ED
:106A400008B5074B90F8B12053F82200FEF7D0F8B4
:106A500000F02100A0F121035842584108BD00BFB9
:106A6000D80400202DE9F0472B4C06460D46FAF7D6
:106A7000B9FC94F8B130022B074613D894F8B12032
:106A8000264B53F82240A4F104084046FFF7D8FFF4
:106A9000D0BB4FF47A73AAB231462046FEF774FA9F
:106AA00040B908E01E4B1F49D3F808804046FFF765
:106AB00025FC18BB00252846BDE8F0875AF823308E
:106AC00043B994F8B1300133DBB2022B84F8B13012
:106AD000F4D90CE049464046FFF710FC94F8B12089
:106AE0005AF822301B688342EBD1022AC6D9FFF73D
:106AF0007BFF94F8B130022BC0D9DBE7DFF81CA094
:106B0000DFF820900023E0E7FAF76CFCC01BB0F53B
:106B10007A7FBAD3CEE700BF44000020D80400201B
:106B2000F44602082045020870B50E46054610B925
:106B30004FF0FF3070BDFFF771FF04460028F7D11A
:106B40002946012211F8B23F337095F8B100034B8A
:106B500053F82000FEF78EFB2046EBE7D804002018
:106B600038B50D460446C0B1FFF758FFA8B994F9EF
:106B7000B000C4F89850FBF7B5F894F8B100074B93
:106B800004F1B20153F820000122FEF773FB94F9DF
:106B9000B000BDE83840FBF797B838BDD8040020F6
:106BA00038B515460446C8B1C0F89C1090F9B0003D
:106BB000FBF798F8D4F8B830B4F8C21094F8B100E4
:106BC00013FA81F1064BAAB253F82000FDF778FBC7
:106BD00094F9B000BDE83840FBF776B838BD00BF87
:106BE000D804002050B1D0F8A430013306D190F879
:106BF000B120034B53F82200FDF7AEBF704700BF32
:106C0000D804002050B1D0F8A430013306D190F858
:106C1000B120034B53F82200FDF7C4BF704700BFFB
:106C2000D8040020D0F8943004381847D0F89830B1
:106C30000438184710B5044650F80439DA69D1070A
:106C40000CD501221A62FFF7E9FEB0B904F1AE01DA
:106C500020460122BDE81040FEF70CBBDA6992071E
:106C600001D50222EEE7DA69510701D50422E9E7EE
:106C7000DA691207E7D50822E4E710BD08B5242039
:106C8000FBF768F8024B1868BDE80840FDF77ABBCF
:106C9000D804002008B52520FBF75CF8034B5868A2
:106CA00018B1BDE80840FDF76DBB08BDD804002051
:106CB00008B52620FBF74EF8024B9868BDE808405F
:106CC000FDF760BBD8040020012200F1AE01FEF701
:106CD000D1BA00000A490346086810B50344EFF32F
:106CE0000882934205D9074B0C221A604FF0FF30FF
:106CF00010BD054A054C121B9342F4D20B60F7E716
:106D00000C0100204C420020000001200004000083
:106D10004FF0FF3070474FF400534B600020704736
:106D2000012070470020704700207047FEE70000F8
:106D3000024B16221A604FF0FF3070474C42002081
:106D4000012070470048704780EE3600704770475A
:106D50007047704770477047D0F8F800704790F858
:106D60007101704790F872314FF47A605843704760
:106D700090F86B017047000000487047F84802081F
:106D800000487047F8480208004870470749020861
:106D90000048704707490208004870471349020835
:106DA000004870471349020880F8F010704780F8D7
:106DB0002010704770307047603870470388DA439E
:106DC00092B28A4226BFC91889B24FF6FF7101807C
:106DD0007047704702460023F0B5D0F84C5F02F5CB
:106DE00033761846A027AB4200DBF0BD07FB03F467
:106DF00091F800C0345DA44501BF00F63C1402EBDD
:106E00008404013063600133EDE71022002100F5B6
:106E1000DD501BF01EBAA0F1D000FFF7F6BF38B569
:106E200000F580550446B5F81432A5F8C4360021A3
:106E300000F5DB50A5F8CA161C22143004F5DA540C
:106E40001BF007FA0C340123C5F8704B85F8383C69
:106E500038BDA0F1D000FFF7E2BF02F63C1200EB14
:106E600082025368002B10DBD0F84C2F93420CDACF
:106E7000A02202FB030000F22E3300F24E3053F842
:106E8000042B41F8042B8342F9D170472DE9F041DE
:106E9000054605F5005488464FF4FA6117461E462C
:106EA00003F066FB9DF81830079984F8F1344EF62C
:106EB00060235943C4F8E004C4F8E884C4F8EC74CF
:106EC00084F8F06401F5FA61284603F051FBC4F838
:106ED000E404BDE8F081A0F1D000FFF7D7BF0000C7
:106EE00010B590F84611044621B1044B594303F004
:106EF0003FFB0146C4F8E81010BD00BFC0D401003C
:106F0000A0F1D000FFF7ECBF10B590F84711044690
:106F100021B1044B594303F02BFB0146C4F8EC109C
:106F200010BD00BF80EE3600A0F1D000FFF7ECBF2F
:106F30007FB50A4A0346084651690491D96B03910B
:106F4000996B0291596B01911B6B0093D2E903235A
:106F500003491BF093F807B05DF804FB803600206E
:106F60001C490208A0F1D000FFF7E2BF10B5406E47
:106F7000104C036886B01B689847014604A80FF0C0
:106F80008BF89DF810309DF813200B4903F5FA6338
:106F900003939DF8113002939DF8123001939DF8F0
:106FA0001530009320469DF814301BF067F82046FA
:106FB00006B010BDE40400207D49020870B5D0F889
:106FC00048510C46284600211646FAF773F8D8B9FE
:106FD00021460E48F9F7BCFD0146284618F008FA8C
:106FE000F9F712FA0A4B0022F9F7AEF804463046D8
:106FF0000D46F9F7E7F902460B4620462946F9F710
:107000005BFAF9F709FD70BD0020FCE79A99593F3A
:107010000000F03F02F63C1200EB820238B55468E3
:10702000002C054616DBD0F84C2F944212DAA02231
:10703000544304F2EE209DF814200499284404F0EF
:1070400026FC2C4484F8ED02686E03681B689847A0
:10705000C4F85403002038BD2DE9F04307468DB035
:10706000884691464FF4E2557C1941464A462046EF
:107070001BF0C5F80146A0B92C2201A81BF0E9F8C5
:1070800001A803F034FD01AE23460BAA344603CC1D
:10709000944218605960264603F10803F6D122781D
:1070A0001A702C3542F2D8439D42DDD10DB0BDE8B7
:1070B000F083A0F1D000FFF7CFBF084603F0E6B899
:1070C000A0F1D000FFF7F9BF01480FF01EB900BFD3
:1070D00090380020A0F1D000FFF7F6BFD0F8D41010
:1070E00000F590500022103007F0AABCA0F1D000AB
:1070F000FFF7F4BF1FB5034603F580530A4A039216
:10710000D3F8AC2B0292D3F8A82B0192D3F8A42B7E
:107110000092D3F8A03B054A0846A0211AF07AFF56
:1071200005B05DF804FB00BFDF4902089949020879
:10713000A0F1D000FFF7DEBF07B5D0F8D430009340
:107140000A46044B04490193684607F041F903B02D
:107150005DF804FB12EA0208E7490208A0F1D0003A
:10716000FFF7EABF0249D0F8D4000FF008B900BF1A
:10717000ED490208A0F1D000F4E700BFD0F8D41028
:1071800000F5756006F084BFA0F1D000F6E710B4FA
:10719000044600F5E050083039B1024604F590503D
:1071A000012310BC103007F019BA10BC10221BF0DC
:1071B00050B8A0F1D000FFF7EABF036810B55C6AD1
:1071C00050F8042C516A8C4201D8036010BD40F87D
:1071D0000429F5E7F0B54C1E04EBD4746410914219
:1071E0004FEA81050CDD50F824105E6A4F6AB74201
:1071F00006D94151611E01EBD17521466C10EEE7B5
:107200004351F0BDF0B5541E04EBD4740E46651026
:107210006FF0404CA94215DBD4070ED4023A02EBC2
:10722000D272B1EB620F08D14C1C620000EBC404B7
:1072300054F8044C40F82140511E3246BDE8F0405D
:10724000FFF7C8BF4C1C640004EB0C0E50F82E7006
:1072500050F824E07F6ADEF824E0BE4588BF04F1E0
:10726000FF3450F8247040F821702146D2E7F0B581
:10727000541E04EBD4740E4665106FF0404CA942C6
:1072800015DBD4070ED4023A02EBD272B1EB620FD7
:1072900008D14C1C620000EBC40454F8044C40F8C4
:1072A0002140511E3246BDE8F040FFF793BF4C1C11
:1072B000640004EB0C0E50F82E7050F824E07F6A46
:1072C000DEF824E0BE4588BF04F1FF3450F8247096
:1072D00040F821702146D2E7036810B55C6A50F887
:1072E000042C516A8C4201D8036010BD40F8042977
:1072F000F5E7F0B5541E04EBD47466106FF0404C03
:107300000C46B44225DBD5070ED4023A02EBD2720A
:10731000B4EB620F08D1621C550000EBC20252F8B8
:10732000042C40F824206C1E621E02EBD272521014
:10733000A1424FEA840521DA50F822405E6A676A6A
:10734000B7421BD24451541E04EBD47514466A1044
:10735000EEE7651C6D0005EB0C0E50F82E7050F832
:1073600025E07F6ADEF824E0BE4538BF05F1FF3531
:1073700050F8257040F824702C46C2E74351F0BD08
:10738000036810B55C6A50F8042C516A8C4201D332
:10739000036010BD40F80429F5E7F0B5541E04EB76
:1073A000D47466106FF0404C0C46B44227DBD5070E
:1073B0000ED4023A02EBD272B4EB620F08D1621C17
:1073C000550000EBC20252F8042C40F824206C1E39
:1073D000621E02EBD2725210A1424FEA840524DAF7
:1073E00050F8224093F9286094F92870B7421CDDC8
:1073F0004451541E04EBD47514466A10ECE7651C26
:107400006D0005EB0C0E50F82E7050F825E097F942
:1074100028709EF928E0BE45C8BF05F1FF3550F839
:10742000257040F824702C46BFE74351F0BD10B5DD
:10743000036850F8042C93F9284092F928108C42E4
:1074400001DC036010BD40F80429F2E7F0B5541EDA
:1074500004EBD47466106FF0404C0C46B44227DB4A
:10746000D5070ED4023A02EBD272B4EB620F08D108
:10747000621C550000EBC20252F8042C40F8242094
:107480006C1E621E02EBD2725210A1424FEA8405BA
:1074900024DA50F8224093F9286094F92870B74212
:1074A0001CDA4451541E04EBD47514466A10ECE700
:1074B000651C6D0005EB0C0E50F82E7050F825E0A1
:1074C00097F928709EF928E0BE45B8BF05F1FF3551
:1074D00050F8257040F824702C46BFE74351F0BDAA
:1074E00010B5036850F8042C93F9284092F928103D
:1074F0008C4201DB036010BD40F80429F2E78842AA
:10750000134604D00A1A0146981A1AF088BE70472A
:107510008842F8B504460D4602D00430854200D1B9
:10752000F8BD0646236856F8047B93F9283097F98E
:1075300028209A4207DA014632462046FFF7DFFF4D
:1075400027603046EAE7FFF7CBFFFAE78842F8B555
:1075500004460D4602D00430854200D1F8BD0646EF
:10756000236856F8047B93F9283097F928209A422B
:1075700007DD014632462046FFF7C1FF276030464F
:10758000EAE7FFF754FFFAE78842F8B504460D46EC
:1075900002D00430854200D1F8BD0646236856F873
:1075A000047B5B6A7A6A9A4207D2014632462046D9
:1075B000FFF7A5FF27603046ECE7FFF7E1FEFAE7AB
:1075C0008842F8B504460D4602D00430854200D109
:1075D000F8BD0646236856F8047B5B6A7A6A9A42CD
:1075E00007D9014632462046FFF789FF276030461B
:1075F000ECE7FFF771FEFAE78842F8B504460D465E
:1076000002D00430854200D1F8BD0646236856F802
:10761000047B5B6A7A6A9A4207D901463246204661
:10762000FFF76DFF27603046ECE7FFF7C6FDFAE78E
:107630008B889A0903F03F0310B502FB033304461D
:107640004A88806D52FA83F1036802319B6898473B
:10765000F9F730FBD4F86011F9F784FBF9F784FDF2
:1076600000EB8000421C0021A06EBDE8104004F039
:10767000DAB900F00300023801288CBF0020012095
:10768000704780F00200C0F3400070470A7810B5E0
:1076900003461046FFF7F5FF03F5805440B1C2F3EF
:1076A0008302042A02BFD4F8942B0132C4F8942B2D
:1076B0000A7812F0030009D103F59050012210302E
:1076C00006F0B2FFC4F8900B002010BD01280CD1C9
:1076D000C2F38302053A012A03D894F8A026D20700
:1076E00003D403F5B4501C30ECE70020EAE78B88A4
:1076F0009A0903F03F0310B502FB033304464A889E
:10770000806D52FA83F1036802319B689847F9F75C
:10771000D1FAD4F84C11F9F725FBF9F725FD00EB68
:107720008000421C0021A06EBDE8104004F07BB92F
:107730002DE9F84F04460D461746994600F1040816
:10774000291B40291CDD4FEAA10ADFB9AAF1020674
:10775000761054F82630524631462046FFF752FD47
:107760005EB1013EF5E755F8043D22682A602A1B08
:10777000921000212046FFF745FD2B1B042BF2DC65
:10778000BDE8F88FC910D4F804A054F82100DAF845
:1077900024B0D0F824E055F804CC2368DCF8242089
:1077A000F34546462AD9964521D9206044F8213030
:1077B0002B462268D2F824E031460868426A7245B6
:1077C0000E4601F10401F8D8191F0B4651F804299F
:1077D000D2F824C0E645F8D89E4217D3013F294687
:1077E0004B463A463046FFF7A3FF3546A8E7934598
:1077F00006D9C4F800C045F8043CD9E7934502D93E
:10780000C4E900A3D4E79645CFD9F2E746F8042BA4
:107810001860CEE72DE9F84F04460D461746994605
:1078200000F10408291B402919DD8E10CFB9B11EC3
:10783000491054F8213032462046FFF75AFD59B11D
:107840000139F6E755F8043D22682A602A1B921098
:1078500000212046FFF74DFD2B1B042BF2DCBDE879
:10786000F88FC910D4F804A054F82100DAF824B035
:10787000D0F824E055F804CC2368DCF82420F34544
:1078800046462AD2964521D2206044F821302B4624
:107890002268D2F824E031460868426A72450E46F2
:1078A00001F10401F8D3191F0B4651F80429D2F84D
:1078B00024C0E645F8D39E4217D3013F29464B46E4
:1078C0003A463046FFF7A6FF3546ABE7934506D26A
:1078D000C4F800C045F8043CD9E7934502D2C4E996
:1078E00000A3D4E79645CFD2F2E746F8042B186000
:1078F000CEE72DE9F84F04460D461746994600F1AC
:107900000408291B402919DD8E10CFB9B11E49107A
:1079100054F8213032462046FFF73FFD59B1013976
:10792000F6E755F8043D22682A602A1B92100021D0
:107930002046FFF732FD2B1B042BF2DCBDE8F88F4D
:10794000C910D4F804A054F821009AF928B090F98D
:1079500028E055F804CC23689CF92820F3454646D6
:107960002BDD964522DD206044F821302B4622682D
:1079700092F928C03246116891F9280060451646F0
:1079800002F10402F7DC1A1F134652F8040990F9B9
:1079900028E0E645F8DB9E4217D3013F29464B46D7
:1079A0003A463046FFF7A5FF3546AAE7934506DD80
:1079B000C4F800C045F8043CD8E7934502DDC4E9AB
:1079C00000A3D3E79645CEDDF2E746F8040B196035
:1079D000CDE72DE9F84F04460D461746994600F1CC
:1079E0000408291B402919DD8E10CFB9B11E49109A
:1079F00054F8213032462046FFF728FD59B10139AD
:107A0000F6E755F8043D22682A602A1B92100021EF
:107A10002046FFF71BFD2B1B042BF2DCBDE8F88F83
:107A2000C910D4F804A054F821009AF928B090F9AC
:107A300028E055F804CC23689CF92820F3454646F5
:107A40002BDA964522DA206044F821302B46226852
:107A500092F928C03246116891F92800604516460F
:107A600002F10402F7DB1A1F134652F8040990F9D9
:107A700028E0E645F8DC9E4217D3013F29464B46F5
:107A80003A463046FFF7A5FF3546AAE7934506DAA2
:107A9000C4F800C045F8043CD8E7934502DAC4E9CD
:107AA00000A3D3E79645CEDAF2E746F8040B196057
:107AB000CDE72DE9F84F04460D461746994600F1EB
:107AC0000408291B40291CDD4FEAA10ADFB9AAF1ED
:107AD0000206761054F82630524631462046FFF70B
:107AE000C6FB5EB1013EF5E755F8043D22682A6009
:107AF0002A1B921000212046FFF7B9FB2B1B042BF9
:107B0000F2DCBDE8F88FC910D4F804A054F82100C5
:107B1000DAF824B0D0F824E055F804CC2368DCF877
:107B20002420F34546462AD9964521D9206044F8B9
:107B300021302B462268D2F824E031460868426A98
:107B400072450E4601F10401F8D8191F0B4651F891
:107B50000429D2F824C0E645F8D89E4217D3013F45
:107B600029464B463A463046FFF7A3FF3546A8E77D
:107B7000934506D9C4F800C045F8043CD9E79345BD
:107B800002D9C4E900A3D4E79645CFD9F2E746F875
:107B9000042B1860CEE700002DE9F04F00F51352DA
:107BA000BBB081460F4600F5E25318320025596AF2
:107BB00031B13AA901EB8501013541F8C83C2DB23C
:107BC0002C339342F3D108AE06EB8508B0454FEA5B
:107BD000850414D0A210B2FA82F2C2F11F024FF053
:107BE0000003520041463046FFF763FF402C23DD7F
:107BF00018A93046FFF700FD18ACA04517D1DFF8F3
:107C00008CB03C464FF000084FF00A0A454502DDB3
:107C1000E31B852B15DDBC4204D120461C491AF01C
:107C200050FC0634002323703BB0BDE8F08F2046A3
:107C3000FFF7C3FA0434E0E741463046FFF7DCFCC7
:107C4000DDE756F82810B8F1000F01D004F801ABB9
:107C5000042205A8039103F0F9FED9F86400036833
:107C60001B68984703994B6A91F928200092C31A20
:107C700005AA594620461AF001FA23461C4613F875
:107C8000012B002AFAD108F10108BFE7F9490208DF
:107C9000024A0208A0F1D000FFF77EBF036810B5CA
:107CA0001B68044698476368834228BF581C60607D
:107CB00010BD406803681B6F1847406803685B6F1E
:107CC000184700002DE9F0430346806DDFF8588027
:107CD000D3E90495036885B01B6A0E4698470446AD
:107CE0004046FFF7E6FF07464046FFF7E6FF8046BF
:107CF0003846F9F713FA07B240464FF47A73B5FBEA
:107D0000F3F5B9FBF3F303950293F8F77DFB24B287
:107D1000CDE900013B460549224630461AF0AEF94E
:107D200005B0BDE8F08300BF80360020094A020894
:107D3000A0F1D000FFF7C6BF38B50C2016F03EFC0E
:107D400008250024C02016F057FC013D0444F9D159
:107D50002046F8F737FB0AA3D3E90023F8F7ACFB7A
:107D600000224FF07F53F8F7A7FB074B0022F8F7EC
:107D7000A3FBF8F779FE80B238BD00BFAFF30080F7
:107D80000000000000E5C0400000303F2DE9F34155
:107D9000C66D476DB0F860800D480C46FFF7CCFF0C
:107DA000336805461B68304698473B6806465B6962
:107DB000384698470749CDE900802A4620464FF4C7
:107DC0007A73B6FBF3F31AF059F902B0BDE8F0810B
:107DD000603800205D4A0208A0F1D000FFF7D6BF4E
:107DE000D0E9003213448B4209D9438901339BB255
:107DF00043810089984234BF00200120704701234D
:107E000001604381184670472DE9F84F00F5E255AF
:107E100000F5135A07460C46914698462E460AF13D
:107E2000180A4FF0FF3B2022314620461AF0E7F9AE
:107E300030B3736A5B4538BF354606F12C0638BF50
:107E40009B465645EFD12B4604F12002206861681D
:107E50001E4603C6083494423346F7D1786EC5F8FF
:107E6000209003681B6898474FF081416862404644
:107E7000F8F778FFF9F752F985F82800BDE8F88F90
:107E80003546E0E7F0B51F468B888DB005460C46B9
:107E900016463BBB0A78092302F00302D340DB07F6
:107EA00003D5CB880BB90B89E3B19DF84C2012990F
:107EB000684603F050FF9DF801309BB19DF80030FB
:107EC00003F00F03022B0DD194F90201F8F7F6FE2F
:107ED0004FF07A51F8F746FF3A46034631462846B6
:107EE000FFF792FF0DB0F0BDF0B591F84A3003F006
:107EF000F002802A8BB005460C4621D14B88052B19
:107F00001CD990F84531CBB9504E4FF47A72D6E96E
:107F100004010023F9F748F9B168014405F5E05080
:107F20001830FFF75DFF48B1618894F84B30E26C80
:107F3000092903F004034ED8002B53D10BB0F0BD38
:107F4000902AFBD14A88052AF8D903F00F03022BA7
:107F5000F4D1252AF2D900F58056D6F8303C002B12
:107F60006FD0D6F8341C02F0F7FA002869D1E36C20
:107F7000D6F8302C9A42E1D16A4604F1500304F15C
:107F8000700C174618685968164603C608336345CF
:107F90003246F7D1202205F1700138461AF02FF948
:107FA0000028CBD094F90201284EF8F787FE4FF055
:107FB0007A51F8F7D7FE4FF47A7204460023D6E9D7
:107FC0000401F9F7F1F8B26823460244394628461D
:107FD000FFF71AFFB2E7216D002BAFD0D5F898312B
:107FE0008B42ABD3922194F84A308DF8001094F86C
:107FF00002118DF80110CDF8022003F0010305F104
:1080000070020DF1060105F1900052F8044B41F8A1
:10801000044B8242F9D1002B0CBF26220E22694666
:10802000284603F09EF80446002887D02B680146B6
:108030009B6C2846984721468200284603F0EAFBBD
:108040007CE70023C6F8303C78E700BF60360020AC
:108050002DE9F8430546C06D036805F580541B689B
:108060009847D4F8043C06460BB9C4F8040C43F610
:10807000972743F698284FF01409D4F8043CF21AD5
:10808000BA4201D8BDE8F8834344C4F8043C94F8EC
:10809000003C013303F0030384F8003C09FB035365
:1080A00003F5DD501422002110301AF0D2F8E4E775
:1080B00041F6943270B5831800250446855004F5C6
:1080C000805600F5DD505D609D60502229461030DD
:1080D0001AF0BFF886F8005CE06D03681B689847EB
:1080E000C6F8040C70BD00000B49C26E08B5002331
:1080F000C0E90E33C0E90C33C0E91033A0F860309A
:10810000C1E90433CB60C2F81035C2F80C3572B641
:10811000FFF7CEFF62B608BD80360020A0F1D00088
:10812000FFF7E2BF10B5044672B6FFF7C1FF62B6B3
:10813000E26E0023C4E91033C2F81035C2F80C35E2
:1081400010BDA0F1D000FFF7EDBF10B5044672B628
:10815000FFF77EFF04F58053142293F8003C02FBE6
:10816000034000F5DD5001211044FEF727FE62B602
:1081700010BD10B5044672B6FFF76AFF04F58053D0
:10818000142293F8003C02FB034000F5DD5001216E
:108190001230FEF713FE62B610BD08B5034608782C
:1081A000FFF76FFA48B118461AB1BDE80840FFF76B
:1081B000E0BFBDE80840FFF7C8BF08BD10B50446E2
:1081C00072B6FFF745FF04F58053142293F8003C84
:1081D00002FB034000F5DD5001211630FEF7EEFDF5
:1081E00062B610BD38B504460D4672B6FFF730FFD3
:1081F00004F58053142293F8003C02FB034441F63B
:10820000B832A3582B44A35062B638BDFFF7EABF7B
:1082100038B504460D4672B6FFF71AFF04F58053D1
:10822000142293F8003C02FB034441F6BC32A358ED
:108230002B44A35062B638BDFFF7EABF10B5002249
:1082400000F5E3501346043040F2262150F8224056
:108250000CB101339BB20B328A42F7D1184610BDE4
:108260002DE9F0470C46064614220021204619F05D
:10827000F0FF72B63046FFF7EBFE06F5DD5506F56A
:10828000E0571235023704F1020A04F1040904F13F
:10829000060829885046FEF791FD69884846FEF792
:1082A0008DFDA9884046FEF789FDD5F80620A36814
:1082B0001344A360D5F80A20E36814351344BD4283
:1082C000E360E6D162B63046FFF7B8FF6288A38864
:1082D00020809B1823D117282FD80B282FD80328AC
:1082E0002FD8182B94BF00230123D4E902210A447C
:1082F00044F61F618A426374E38824D85F2B22D836
:10830000B2F5FA5F21D21F2B1FD8B2F5FA6F1ED239
:10831000072B94BF002301232374BDE8F087642159
:10832000172801FB02F2B2FBF3F2D3B205D8452BBA
:1083300003D80B2803D8312BD0E70323D5E702233A
:10834000D3E70123D1E70323E6E70223E4E7012390
:10835000E2E7000070B5044696B00D4611A9C66E5E
:10836000FFF77EFF94F821220F9294F820220E92BC
:108370009DF855200D929DF854200C92149A0B9262
:10838000139A0A92D6F80C250992D6F8102508926D
:10839000BDF84A200792BDF846200692BDF8482055
:1083A0000592BDF844200492626C0392226C029202
:1083B00004F58053A021D3F89C2B0192D3F8982B7D
:1083C0000092D3F8943B034A284619F023FE16B0D6
:1083D00070BD00BF9B4A0208A0F1D000FFF7BABFF2
:1083E0002DE9F047089E9DF824809946337804468D
:1083F0008A461746BBB304F598713046F8F7EEFE8F
:1084000000285FD103260022514604F5327003F0A4
:108410007DFDD0F884304B4505465BD2C0F8849092
:10842000606E03681B68984795F82030C5F888008F
:1084300023F00303334385F820303A4605F1620305
:1084400007F1200152F8040B43F8040B8A42F9D1DA
:108450008EB141F28831204602F08AF804F580534B
:10846000C3F83C0C07E0202200F5327003F034FD25
:1084700005460028BFD0B8F1000F02D0FF2385F8D1
:108480002130606EFFF70AFC0023C4F8F00FA4F857
:10849000F43F95F82030A06E03F00303DA1E534238
:1084A000534184F8F63F95F8203084F8F73F03688D
:1084B00004221B6804F6F8719847022384F8FC3FF5
:1084C0000D2008E0304604F5A871F8F787FE06464F
:1084D000002898D00020BDE8F0870000F7B51F4FB6
:1084E00004461646D7E904011D464FF47A7200236C
:1084F000F8F75AFEB968014404F5E1500430FFF77B
:108500006FFC40B32A7804F58050294602F03F0200
:1085100080F8E82011F8013B9B09013380F8E9302D
:1085200004F585505A43083019F0D3FF606EC4F843
:10853000F06F03681B6898470023C4F8F40F04F534
:1085400090500093AC22012304F6F871103006F02D
:108550001FFA0830C0B203B0F0BD00BF6036002083
:10856000F8B51F4F04461646D7E904011D464FF4DF
:108570007A720023F8F718FEB968014404F5E15057
:108580000430FFF72DFC50B32A7804F580502946BB
:1085900002F03F0280F8E82011F8013B9B0901330B
:1085A00080F8E93004F585505A43083019F091FFFE
:1085B000606EC4F8F06F03681B68984704F6F8759E
:1085C0000849C4F8F40F04F5D07304F1FC022846FE
:1085D00019F054FD2846F8F70BFE0830C0B2F8BD7C
:1085E00060360020FC4A0208F8B51D4F04461646C6
:1085F000D7E904011D464FF47A720023F8F7D4FD41
:10860000B968014404F5E1500430FFF7E9FB28B3F1
:108610002A7804F58050294602F03F0280F8E820CD
:1086200011F8013B9B09013380F8E93004F58550CE
:108630005A43083019F04DFF606EC4F8F06F0368BC
:108640001B689847012384F8F83F94F84531C4F833
:10865000F40F13B1812384F8F83F0920F8BD00BF5F
:10866000603600202DE9F04FC0F8F02F1A78012A6B
:10867000DBB0044661D1B948B94DFFF75DFBADF8F9
:10868000A000606D03685B699847ADF8A200A06D1B
:1086900003681B6A9847ADF8A4002846FFF709FB5A
:1086A000F8F73CFDEB682A932B69ADF8A6004FF470
:1086B0007A72D4E938012B934FF47A762369B3FBAD
:1086C000F6F32C930023F8F76FFD236B2E93636B67
:1086D0002F93A36B3093E36B2D9031932846B4F81E
:1086E0006030ADF8C830FFF7E8FA4FF08141F8F795
:1086F00039FBF8F713FDE36EADF8CA00D3F80C258B
:10870000D3F81035ADF8CE306369B3FBF6F334938C
:108710006B69ADF8CC20359328AA04F6F47436AD15
:10872000134603CBAB42206061601A4604F1080493
:10873000F6D13C205BB0BDE8F08F032A21D100F5D3
:108740001356183630460DF005FD8448FFF7F4FA4D
:10875000F8F7B0FA8349F8F7B9FB01210246304631
:108760000DF0A0FD30460DF0F8FC054630460DF04A
:10877000F6FC2A46014604F6F47019F0AAFE281DFC
:10878000D8E7052A2BD191F8202002F00302032A12
:1087900040F04D815A789B781A4340F0488100F5AB
:1087A00033710423D4F84C5FAA421846C2DAAD2BC9
:1087B000C0D891F8200078B103F57F600E6826508C
:1087C00025188888A880981D54FA80F091F82050C8
:1087D00080F8F05F0733DBB20132A031E2E7062A0E
:1087E00040F012815D78002D40F0218193F80680E1
:1087F0009A78B3F803700492B8F1200F00F5135182
:108800005A7928BF4FF0200800F5E2531831586A12
:1088100030B15AA800EB8500013540F8C83C2DB2B4
:108820002C338B42F3D1002A44D128AE06EB8509C4
:10883000B1454FEA850A16D04FEAAA02B2FA82F28F
:10884000C2F11F024FF00003520049463046FEF7C6
:108850006FFFBAF1400F28DD304638A9FEF7B0FEB1
:1088600038AEB1451CD108F1050A07AB4FF0000B3B
:108870005FFA8AFA03EB0806D946049B4B4502DDF2
:10888000BD4200F39E80A4F8F45FA4F8F69F5A4618
:1088900007A904F6F87019F01CFE0BF1080049E76F
:1088A0003046FEF719FD0436DBE749463046FEF751
:1088B00087FED8E7012A27D128AE06EB8509B14506
:1088C0004FEA850ACFD04FEAAA02B2FA82F2C2F189
:1088D0001F024FF00003520049463046FEF79AFF50
:1088E000BAF1400F0BDD304638A9FEF74DFE38AE29
:1088F000B145B8D03046FEF743FD0436F8E74946A7
:108900003046FEF741FEAEE7022A2DD128AE06EB37
:108910008509B1454FEA850AA5D04FEAAA02B2FA05
:1089200082F2C2F11F024FF0000352004946304666
:10893000FEF7DFFFBAF1400F0BDD304638A9FEF736
:1089400005FE38AEB1458ED03046FEF770FD0436D8
:10895000F8E749463046FEF7F9FD84E76038002025
:108960008036002000007A44032A7FF47CAF28AED2
:1089700006EB8509B1454FEA850A3FF474AF4FEA2B
:10898000AA02B2FA82F2C2F11F024FF000035200B3
:1089900049463046FFF71DF8BAF1400F0CDD30466E
:1089A00038A9FEF7B5FD38AEB1453FF45CAF3046AF
:1089B000FEF796FD0436F7E749463046FEF7A8FD78
:1089C00051E70BEB0A03822B05933FF75CAF606E18
:1089D00028AB026853F827B012689047DBF82420D0
:1089E0005946831A4246A6EB0800039319F071FD1D
:1089F000039B3360059B9BF82820327109F1010924
:108A0000564401379B4638E7072A10D100F5D0734A
:108A100000F6F475074A0849009300F1FC03284664
:108A200019F02CFB2846F8F7E3FB043082E600201F
:108A300080E600BFF8480208F94A020810B588B07D
:108A400004466A46022100F5756003F059FE6A4645
:108A5000034604F17001204602F0F1F908B010BDA0
:108A600010B5D1F8D410044601230DF072FC204655
:108A700010BD000070B5CAB004460D46164601464A
:108A8000134A02A8FFF7ECFF02A80DF0CAFDE0B1FF
:108A900023682046DB699847014602A815F07CFA56
:108AA00028780C490C4AC0F38303FEF7E2FD002846
:108AB00018BF0A46698802A8CDE900210749324655
:108AC00015F097FA02A80DF064FD4AB070BD00BF22
:108AD000ED490208024B020868EE0208044B020846
:108AE00090F8F0300BB1FFF7C5BF70472DE9F04F9C
:108AF000CFB005460C46164601462D4A06A89946B3
:108B0000FFF7AEFF06A80DF08CFD002847D02B68BC
:108B1000284FDB6928469847014606A815F03CFA1D
:108B20002078254BC0F3830AFEF7A3FD002818BF69
:108B30001F46A86DB4F802B003689B6B9847804647
:108B4000A86D03685B6B98471C4905464846F8F7D3
:108B500009F9F8F7E3FA04902846F8F7DFFA0390EA
:108B60004046F8F7DBFA5346CDE901B032461449E6
:108B7000009706A815F03DFA227840F20713C2F3D9
:108B80008302D340DB070DD594F84A3094F84B208C
:108B90000C4906A815F02DFA06A80DF0FAFC4FB006
:108BA000BDE8F08F084906A815F023FAF4E700BFE6
:108BB000ED49020868EE0208024B020800007A4400
:108BC0003C4B0208854B020811EA020870B5CAB096
:108BD00005460C46164601461D4A02A8FFF740FF0F
:108BE00002A80DF01EFD60B32B682846DB6998478C
:108BF000014602A815F0D0F920781649164AC0F3AC
:108C00008303FEF736FD002818BF0A46618802A8D4
:108C1000CDE900213246114915F0EBF9227840F2F6
:108C20000713C2F38302D340DB070CD594F84A3014
:108C300094F84B200A4902A815F0DBF902A80DF0C0
:108C4000A8FC4AB070BD074902A815F0D2F9F5E7B3
:108C5000ED490208024B020868EE0208964B020832
:108C6000854B020811EA02082DE9F8438C88A30914
:108C7000013390465FFA83F904F03F0401F10A05DD
:108C8000002600F170073CB918F80900B0428CBF0B
:108C900000200120BDE8F8834A463946284619F0ED
:108CA000AEFA08B90136F6B2013CE4B24D44EAE747
:108CB0002DE9F8430B7804461846FEF7E2FC0E4611
:108CC00094F8455180B1C3F38303042B03D07DB1E5
:108CD0000020BDE8F88304F5805775B3D7F89C3BB6
:108CE0000133C7F89C3BF3E7002DF1D10120F0E7F9
:108CF0008B8894F8702103F03F039A42E8D904F579
:108D00008053D3F8903B002BE2D094F81A32002B1A
:108D100069D194F82022FF2AE8D0002A3ED01D46CF
:108D2000A06E4FF48072002102F07DFE94F8203294
:108D3000984270D2002DD9D039E0888894F87031EB
:108D400000F03F008342C9D9D7F8903B002BC5D033
:108D5000D4F81C5200B10138F7F744FB804689462D
:108D60002846F7F751FB4B46424616F0D3FAF7F781
:108D70009BFE42F2107280460021A06E02F053FE6C
:108D8000274905464046F7F7EDFFF8F7EDF985422C
:108D900008D3D7F89C3B0133C7F89C3B2046FFF72C
:108DA0000DFA95E73078FEF76CFC054638B904F506
:108DB0008054D4F8983B0133C4F8983B96E794F874
:108DC0001A3283B994F82032FF2BF0D0002BA7D1B0
:108DD0002046FFF7F3F904F58054D4F89C3B0133A7
:108DE000C4F89C3B74E7012B0DD00E4A0E49022BB0
:108DF00008BF0A4631462046FFF736FF28B1002D4E
:108E00003FF466AFE7E7094AF4E794F82032FF2B16
:108E100090D0002B84D12046FFF7D0F9EFE700BFB8
:108E200000401C4610010020140100201801002001
:108E300030B585B004464FF49063806EADF80430D1
:108E40000368042204F580551B680DF1060198475C
:108E5000DDF80630C5F8303C4EF66021204601F0C2
:108E600087FB01A9C5F8340C0A2200252046CDF85D
:108E70000A5002F076F9014618B12A46204602F05F
:108E8000C9FC05B030BD00002DE9F3470446402081
:108E90001E461546DDF82C800F46FCF736FD2021D6
:108EA000814605F01DFF904B23603368E665C4E9F9
:108EB00015950025C4E904551B6865603046984740
:108EC000012384F82C30894B2365894B23600A9B4E
:108ED000A3660C9BA4F86050C4E90605C4E90955D3
:108EE000C4E91055C4E912552562E366C4F86480EC
:108EF00004F1700001F00AFE7E4B236004F5337923
:108F000003F58473C4F8D03004F532764D4604F688
:108F10004C7A2846A03501F0EAFD5545F9D14FF4C9
:108F200048620021484619F094F9C4F85C7FC4F8FF
:108F3000686F04F1D00304F5805604F5905004F5F1
:108F400087570025C4F8583F0C376B4BC4F8603F77
:108F5000103004F1F809C4F84C5F3946C4F8508F5A
:108F6000C4F8549FC4F8640FC6F80C5205F084FA94
:108F7000394604F5B65005F07FFA7823C6F8185C38
:108F8000C6F81C3CC6F8245C0423B42204F5E25A5B
:108F900004F51355C6F8203CC6F8282CC6F82C3C1E
:108FA0005746183538462C3701F0A1FDBD42F9D19E
:108FB000B42128460DF0BBF8CDF8008004F515501B
:108FC0004946636D4D4A043006F0C4F9002200237F
:108FD000C4E9382304F500530025C4E93A55C4F820
:108FE000D8502046C6F83C5CC3F8E454C3F8E054BB
:108FF00084F8F05086F8385CFFF75AF82046FDF701
:1090000004FF294640F69802504619F022F92946F5
:109010004FF4E872484619F01CF94FF07E53C4F83B
:10902000F8304FF07C53C4F84C31354BC4F8603104
:1090300004F1FC003349202205F044FF0023002204
:10904000C4E94823C4E94A2304F598702E49102244
:1090500005F038FF2D4AC4F81C22FF22A4F8202274
:109060002B4B2C4AC4F84031C4F86C214FF4A16357
:109070004FF4A072A4F86831A4F8702116234FF4BD
:10908000FA7284F84431A4F8742101234FF4E132D8
:10909000A4F8463184F87331C4F8782184F87C311F
:1090A00004F27D101C4984F88D5184F87651102209
:1090B00005F008FF022384F8943104F5E050002302
:1090C00084F88E51C4F89051C4F89C311022C6F82F
:1090D000305CC6F8345C2946083019F0BAF82046EE
:1090E00002B0BDE8F08700BF3C51020880EE3600B8
:1090F000E4510208A44C020840360020803E0020C3
:109100009A99993EC74B0208875702082DB29D3E97
:109110008D67594400007A42D44B02082DE9F04390
:1091200085B0054608469DF83090884614461E4690
:1091300005F002FE074640B14B463246214628461E
:1091400005B0BDE8F04302F021B82146404605F0E5
:109150003FFECDF80090ADF80C00334603AA21463F
:109160002846ADF80E7002F03EF805B0BDE8F08379
:10917000F0B51F4600F580530D46D3F8901B87B01D
:109180000446164689B10B887BB100F59050012347
:1091900002AA103005F022FA00280FDC3B463246C6
:1091A0002946204601F0F2FF0FE03B4632462946B1
:1091B000204607B0BDE8F04001F0E8BF0097334615
:1091C0002A4602A92046FFF7A9FF07B0F0BD2DE906
:1091D000F0430E460978C1F3830185B007290446A0
:1091E0001F469046DDE90C3057D1002504F5805923
:1091F00019681D54FF2089F8E8001879451E1E2DB6
:109200002FD93078FEF73DFA0433019000932046C1
:109210000B463946FFF7E4F8054600283DD0307884
:10922000FEF72FFA04F57F63002845D0CDE902351B
:109230000123019333790093424606F10A0339462C
:10924000204601F0A2FE014638B3B3889B090133E2
:10925000DBB24FF49672204605B0BDE8F043FFF74D
:1092600087BF01280AD13078FEF703FAA8B10A4671
:10927000053339462046FFF731F9CDE702280AD1F8
:109280003078FEF7F6F940B10A46053339462046F4
:10929000FFF766F9C0E7032802D005B0BDE8F08308
:1092A0003078FEF7E6F90028F7D00A46053339464C
:1092B0002046FFF799F9AFE799F9E820002ACDE9B0
:1092C00000353A4643464FF00101204602DA01F0EC
:1092D00070FEB8E701F06DFE99F8E92099F9E830E1
:1092E00001460028D9D0013A03F03F0343EA821334
:1092F0004FF496720C9204F58552DBB20832204688
:1093000005B0BDE8F04301F09FBF73B50D460446BC
:109310001646FFF793FB014668B176B194F819023F
:109320000130C0B20A4604F5E05100902B460831E6
:109330002046FFF7F3FE02B070BD2A46204602B079
:10934000BDE8704002F066BAA0F1D000FFF7DDBFC3
:109350002DE9F04700F580571E4697F8383C8AB053
:109360000546884614464BBB144612F8013B202B99
:10937000FAD02046F7F73CFF042808D9A3787C2BC5
:1093800005D123883380A378B370033403367A4938
:109390000822204618F033FF8146002840F0A280C2
:1093A00008342021204618F05CFF00286DD1734955
:1093B00030460AB0BDE8F04719F083B8104605F012
:1093C00090FDF8B923469846994613F8012B202AB8
:1093D000F9D0A8EB04044F4619F8010B05F060F82A
:1093E0000028F8D13B780BB138704F46B94617F8D2
:1093F000013BDBB9631E062B1BD9002333700AB077
:10940000BDE8F08705F5B6514FF4966207F5047094
:1094100019F05FF8B7F81A2259490023304687F847
:10942000383C0AB0BDE8F04718F028BE462BDDD125
:10943000E0E798F80030002BDFD005EB840404F55A
:109440008054D4F86C7B002FD7D005F5905041465E
:10945000103005F019F905F5B6553A88074660B1A0
:1094600003884146284605F03FF90028C5D037B1AA
:109470003B790371C4F8700BBFE70346F1E799F835
:109480000030463B18BF0123F3E7824622460AF824
:10949000019BAAEB0403402BA8BF402303EBD3732B
:1094A0004FEA6308414602A802F008FBC0B15046EB
:1094B00017F07EFCC0B20090434602AA05F170018D
:1094C00005F5327002F072FD40B141F28831284654
:1094D00001F04EF82B49C7F83C0C69E72A4967E7C9
:1094E0002A4965E7B8F1000F29D129492046F7F745
:1094F00075FE074618BB27492748DFF8A090DFF81C
:109500009880DFF89CA014F061FD05F53374D5F860
:109510004C3F9F42BFF671AF94F8202062B149469C
:10952000404614F066FD21464046202202F0A8FA8B
:109530005146404614F05DFD0137A034E7E7194974
:109540001222204618F05BFE60B9113414F8013F76
:10955000202BFBD00BB114492AE72846FFF768FC03
:10956000124925E733462246414605F575600AB0A3
:10957000BDE8F04704F0C2B9F54B0208FE4B020803
:10958000DE4B02080F4C0208124C0208274C02085E
:10959000384C0208404C02081C3D0020454C020893
:1095A00011EA02084B4C02085E4C0208864C020885
:1095B0002DE9F04F03F63C1300EB8303B3B05F6873
:1095C0000E46002F3C990491DDE93D9B0446C0F214
:1095D000ED80D0F84C3F9F4280F2E880A0257D438B
:1095E00000F5327305F1040805939844002A5ED112
:1095F0004719D9F800A0D7F85033534580F0D680EA
:10960000ABF104030093524609F104034146FFF70E
:1096100029F88146002800F0C980C7F850A3606E81
:1096200003681B689847C7F854033078FEF729F899
:1096300004F57F63E0B1CDE9023901230193337969
:1096400000934146049A06F10A03204601F09DFC6E
:109650000146002800F0AA80B3889B090133DBB2E1
:109660004FF49672204633B0BDE8F04FFFF780BD4F
:10967000CDE900390121049B4246204601F099FCC6
:109680000146002800F0928097F8ED32FF2BE3D0DE
:109690004FF4967005F126023C9004F532701044A8
:1096A0000246204633B0BDE8F04F01F0CDBD022A9E
:1096B0007CD1BBF1050F79D9431993F8EC2202F064
:1096C0000302032A72D199F80420D9F800A0910866
:1096D000072A07916AD8D3F850230592524565D8D6
:1096E000C3F850A3406E0693026812689047069B29
:1096F0000799C3F85403002309F80B3009F1050B4F
:1097000001BB5846F7F774FD2023CDE900834A4694
:10971000431D042108A802F013FA0899204601F01D
:1097200073FC014670B1A02303FB074393F8ED32AD
:10973000FF2B3ED1B3889B090133DBB2C822204600
:10974000FFF716FD059B53453ED100238DF82530CC
:109750000DF12500F7F74CFD814638B3606EFEF73A
:109760009DFA042350458DF8243009F1050308BF04
:109770000AF10100019308AB089000930221049BB9
:109780004246204601F015FC014678B1A02303FBB8
:10979000074797F8ED32FF2B1ED1B3889B090133A1
:1097A000DBB24FF416722046FFF7E2FC33B0BDE89F
:1097B000F08FC82005F12602009004F532700244B3
:1097C000204601F041FDBDE70DF125035A46514603
:1097D0002046FFF7BDFDBBE74FF4167005F12602EA
:1097E000009004F5327010440246204601F02CFD32
:1097F000DCE7406D08B503685B6998470028D4BF73
:109800000020012008BD00F58050D0F8A03B0133B6
:10981000C0F8A03B704700F58050D0F8A43B01335E
:10982000C0F8A43B704700F58050D0F8A83B013346
:10983000C0F8A83B70470000054B1B79012B01BF06
:1098400000F58050D0F8AC3B0133C0F8AC3B70471A
:10985000603800202DE9F0411F4690F87631012B49
:1098600004460D46164604D100F51550043005F0A7
:109870005FFD94F8F0303BB13B4632462946204626
:10988000BDE8F041FFF732B9BDE8F08170B590F85E
:10989000763104460D46164623B900F515500430BE
:1098A00005F046FD94F8F03033B1324629462046A3
:1098B000BDE87040FFF78AB970BD70B504460D462B
:1098C00001F053FA2946C4F8D45004F5756004F544
:1098D000905504F02DFD1035D4F8D41004F1700229
:1098E00004F5327002F06EFAD4F8D4100022284643
:1098F00004F0EAFD284604F0A2FF014630B104F569
:10990000E05201230832284604F068FE94F87331CF
:1099100023B104F51550043005F050FC94F869317A
:1099200094F86821D4F86C11D4F8400100F094FC4C
:1099300094F9440100F0AAFC23682046D3F8A4302F
:10994000984723682046D3F8A830BDE870401847F0
:1099500010B5C8B0D0F8D4100E4A684600230CF0F9
:10996000F8FC68460CF05DFE60B10B4C68460CF0EC
:1099700054FD20B168460CF0E1FD011E04DA684692
:109980000CF007FE48B010BDC9B2204614F008FB29
:10999000ECE700BFED4902081C3D0020A0F1D0001B
:1099A000FFF7D6BF37B5044600F51550043005F073
:1099B0002FFC204601F0DBF9D4F8EC10002961D02F
:1099C000204600F0C9FD00285CD02046FFF736F89D
:1099D000024600286AD123682046D3F8A830984769
:1099E00023682046D3F8A430984704F50055D5F8ED
:1099F000E01481B1204600F0AFFD60B10023C5F84E
:109A0000E03495F8F02495F8F134D5F8EC14D5F855
:109A1000E80400F021FCD5F8E41481B1204600F000
:109A20009BFD60B10023C5F8E43494F8693194F8E3
:109A30006821D4F86C11D4F8400100F00DFC04F555
:109A40008055D5F83C1C69B1204600F085FD48B131
:109A5000D4F8D410002204F5327002F0F5FA002395
:109A6000C5F83C3C14F028FFD4E93831D4F8D820AC
:109A7000C4F8D800821A9B1841F10001C4E93831BA
:109A800003B030BDD4F8E8100029AED0204600F075
:109A900063FD0028A9D02046FEF7D0FF014600282C
:109AA0009ED00022204601F0B5FE99E794F81932C5
:109AB0000133DBB204F5E051009308310023204666
:109AC000FFF72CFB87E700F51550043005F0D2BAFC
:109AD00010B500F515540434204605F0CBFA38B122
:109AE000204605F082FB2046BDE8104005F066BB2D
:109AF00010BDA0F1D000EBE738B500F515540434E3
:109B000020460D4605F0B6FAA84209D020461DB100
:109B1000BDE8384005F052BBBDE8384005F065BBF4
:109B200038BDA0F1D000E7E738B50C468D18AC423F
:109B300000D138BD4FF48071002014F06AFC04F8A5
:109B4000010BF4E714F0B8BE37B50B78C3F3830309
:109B50000446032B084604F2044511D1D1F84A20EB
:109B6000002355F8041F914206D103F581730022AA
:109B700044F8232003B030BD0133402BF1D1F9E785
:109B8000694601F011FF043408222146684618F0A6
:109B900036FB10B920606060ECE70834AC42F3D1CA
:109BA000E8E7F7B50A78C2F38303032B04460E46B1
:109BB00000F2044529D1D1F84A102B4600F2045096
:109BC00053F8045F8D420CD102F00302023A012ADD
:109BD0002CD9D4F810350133C4F81035012003B066
:109BE000F0BD8342ECD1D4F8083503F5817201331E
:109BF00044F822105A4202F03F0203F03F0358BFDC
:109C00005342C4F808350020E9E76946304601F0C0
:109C1000CBFE271D08223946684618F0F0FA58B9DD
:109C2000337803F00303023B012BD1E7D4F80C3562
:109C30000133C4F80C35D1E70837AF42EAD1D4F884
:109C400004246B4603CB04EBC20250609160D4F84D
:109C5000043401335A4202F07F0203F07F0358BFFD
:109C60005342C4F80434CEE770B506229AB04FF4DC
:109C7000E131344814F014F94FF47A7014F020FEF6
:109C8000314B00200121187114F0CCFC0121084651
:109C900014F0C8FC14F010FE2C4B186000F08EFA83
:109CA00000B9FEE72A4C00F0CFFA14F0A3FB2046DF
:109CB00005F0D4FD274B284A2849189418A8199371
:109CC00004F05EFB00BB684600F0E6FA2248244D33
:109CD0006022694618F0FDFB0A2405F1700695F82C
:109CE0007030013BDBB2FD2B09D9684600F0D4FA95
:109CF00060226946304618F0ECFB013CEFD1164A71
:109D0000164918A804F064FB16490E4814F044F9EB
:109D1000202211490B4801F0B3FE0A4814F044F91F
:109D2000114B0B490E4800241C70FFF7C6FD0C4870
:109D3000FFF782FD0A4822464FF47A51FFF7E5FA11
:109D40001AB070BD1C3D00206038002008050020BE
:109D50009038002012EA020820060020E749020895
:109D6000B0050020284E02080C05002030B5164C26
:109D7000164B204685B0002540F8043B4FF4806226
:109D8000002118F066FA29464FF4807204F58160CC
:109D9000C4F8045418F05DFA0420C4F80855C4F857
:109DA0001055C4F80C55FBF7B0FD094A0260094A8A
:109DB0000192094A00920346084A09490294094857
:109DC000FFF762F805B030BD283100205C4E020874
:109DD000444E02086036002020010020803600201A
:109DE00060380020B0050020044A054B1360054888
:109DF00003F58473C2F8D0300CF0A5B9B00500208B
:109E0000A44C0208882A00202DE9F0434D484E4E0C
:109E10004C4FA9B0F7F7ECF94FF000090446304673
:109E200013F05EFE68B19F2C0DD0A046304614F0B2
:109E300075F8C5B20A2D29D1304613F051FE00281D
:109E4000F4D19F2C30D13F4B0D2283F89F209F24CB
:109E50003C4D013C2B5D0D2B28D10A213A4814F0D2
:109E60009FF800216B46394829552A46FFF770FABA
:109E70009DF800303BB13649334814F08DF8324834
:109E8000694614F0A3F800232B700FE00134294633
:109E9000304607F8085007F8049014F081F80D2DAB
:109EA000BDD19F2CD4D1CEE7002CD1D1274C204658
:109EB000FFF778FD14F000FD264BD3E904259969DE
:109EC0009861411A521845F10005C3E9042594F838
:109ED0008D31214D43B32046FFF7F5FDD8B920461B
:109EE000FFF787FCE0B928701C4E1D4D33682A68C7
:109EF0004FF47A7101FB0231204600F02DFBE8B1EE
:109F00002046FFF780FC14F0D7FC052330602B605F
:109F100029B0BDE8F0832B78012B07D1012303E0A2
:109F20002B78022B06D102232B70F1E72046FFF796
:109F30007AFCF3E72046FFF76EFCF4E72B68053365
:109F4000E5E700BF0C0500201C3D0020B005002007
:109F5000364E020860360020040500200805002067
:109F60001C010020004870470000C07F002070479F
:109F700000207047704770477047002070470020EE
:109F8000704700207047002070470000004870476D
:109F9000644E02080020704700487047644E020873
:109FA00010B54FF47A7204460023D0E90401F7F7A4
:109FB000FBF8A368184410BD0020704700207047CC
:109FC0007047002070470020704700207047002035
:109FD00070470020704740680368DB681847B0F995
:109FE00018007047704700207047406808B5036844
:109FF000D3F88430984710F0140F14BF01200020CC
:10A0000008BD007970470000BFF34F8F0549064B2C
:10A01000CA6802F4E0621343CB60BFF34F8F00BF06
:10A02000FDE700BF00ED00E00400FA0500207047E6
:10A0300000487047724E02087047F8B507460C4654
:10A040008E18B44200D1F8BD78680368D3F8A43004
:10A0500098474FF480710546002014F0DAF9454026
:10A0600004F8015BEDE708B50346002018710121F3
:10A0700014F0D8FA0121BDE80840084614F0D2BA1D
:10A0800010B500200C4601F0010114F035FBC4F3BB
:10A0900040010120BDE8104014F02EBB10B5012096
:10A0A00014F064FB0446002014F060FB40EA440016
:10A0B00010BD08B5F8F79CFF72B6BDE80840F8F788
:10A0C0009FBF10B54FF4DE710446FBF722FC20461B
:10A0D00010BD4068002107F085BB10B5044614F0A0
:10A0E000EBFBD4E90431A269A061821A9B1841F10B
:10A0F0000001C4E9043110BD10B500220023C0E9FD
:10A1000004238160044614F0D7FBA06110BD0368EE
:10A1100010B5DB6B0446984720B92046BDE81040D7
:10A1200005F0AEBA10BD10B44468134694F860212F
:10A1300010BC05F0BDBA30B5012185B0044608F069
:10A1400053FC01220021204608F073FC7F238DF888
:10A150000F3000220123CDE9003289210DF10F02D9
:10A16000D4F85C0106F0CDF8D4F85C3118680368C7
:10A170000521DB69984714F09FFB0546D4F85C3154
:10A180001868D96A02681269904720B114F094FBEC
:10A19000401B322806D9D4F85411204607F0F7FBAB
:10A1A00005B030BDD4F85C31186803685B6D984722
:10A1B000E4E708B54068FFF7BEFF08BD30B51B4AAD
:10A1C0001B491C4887B009F0AEFC00230493102201
:10A1D0001623CDE90232122105230024CDE90031F6
:10A1E000154A164913480594082306F0C9FA05468E
:10A1F00058B11349134813F0CFFE12480A222946DA
:10A2000013F044FF204607B030BD0122114601245F
:10A21000084809F019FB009441F2210341F60F525E
:10A220002146044809F0BAFBECE700BFA850020839
:10A2300020510208A436002000007A428D6759445C
:10A240007D4E02081C3D002002486FF0004109F0DD
:10A25000ECBE00BFA4360020F8B50B4C17460E46E6
:10A26000014620461D4606F0C5FC3946204608F04A
:10A270003BFF3146204608F0D1FE29462046002209
:10A28000BDE8F84008F04FBFA43600200146014861
:10A2900006F0CDB9A436002013B5054B00936946EE
:10A2A000044B0193044600F03DFC204602B010BD73
:10A2B000E44F0208A436002070B5184E184B3360E6
:10A2C0004820FBF722FB174C054606F01FFB2946EA
:10A2D000204606F0C1FA144B2360144B1449196050
:10A2E000C3E901460022134CC3E90322124B236049
:10A2F000124B6260A36000220023C4E9042314F01F
:10A30000DBFA0F4B0F4AA06100210020C3E90201D4
:10A31000C3E90401C3E906011A6070BD603800207A
:10A3200050500208A4360020DC4E0208803600207F
:10A33000F04F020860360020A04E0208EF934466FA
:10A3400040360020B44E020870477047704770478F
:10A35000704770470048704712EA020800207047B3
:10A36000002070474FF07E507047C82070474FF470
:10A370007A60704770B50F481646F6F7E9FBF6F7B6
:10A3800043F802460B4600200B4914F0C3FF0B4B69
:10A390000022F5F7D9FE044630460D46F6F712F8CE
:10A3A00002460B4620462946F6F786F8F6F734FBB8
:10A3B00070BD00BF9A99593F000024400000F03F53
:10A3C000002370B50446C0E90C33C0E90E33C0E980
:10A3D0001033A0F86030C06D03681B68984723688D
:10A3E00020629B6B20469847236820651B6A2046A5
:10A3F00098470646206DF6F75DFC4FF07E51054606
:10A400003046F6F7A7FB01464FF07E50F6F75EFDAB
:10A4100001462846F6F7A6FCF6F7A6FEA064E06D16
:10A4200003681B689847E064A06D03681B68984741
:10A43000A06D0368DB6A984784F82C0070BD2DE995
:10A44000F0410446C06D03681B689847E56C2368BB
:10A45000451B1B6A0646204698474FF07E51F6F78B
:10A4600079FB01464FF07E50F6F730FD2368074632
:10A470009B6B2046984780462846F6F71BFC3946DA
:10A48000F6F770FCF6F770FE054670B14046F6F739
:10A4900011FC3946F6F766FCF6F766FEA36CE66437
:10A4A0001D44A84294BFA064A564BDE8F081F8B53E
:10A4B0001E4613780B7017469A090D4601D00020EE
:10A4C000F8BD03F003020923D34013F0010319BFC1
:10A4D000B7F80130EB800B81CB801BBFB7F803309E
:10A4E0002B81012105217C5CAC80A209032AE6D0E6
:10A4F00004F03F0402FB0444E2B2402ADFD80131F9
:10A500005418B442DBDC394405F10A0017F0E1FFCE
:10A51000321B92B2B82A6A80D1D8391905F14A00A3
:10A5200017F0D7FF0120CBE710B50446406D036854
:10A530001B68984730B9B4F8603043F00103A4F8C1
:10A54000603010BD00238380438080F80231F8E73B
:10A55000406D03685B681847C06D036810B51B68E1
:10A560000C469847001B0028D4BF0020012010BDD6
:10A57000C06D036810B51B680C469847204410BD99
:10A5800003682DE9F0411B6805460E4698470446CE
:10A5900030B9686D036831465B68BDE8F041184723
:10A5A000012812D06F6D3B6820F07F412846D3F818
:10A5B0000880FFF7DDFF220E013A03463146384698
:10A5C000C446D2B2BDE8F0416047BDE8F0812DE954
:10A5D000F0410446806D0368C2B05B68FF2202A9A7
:10A5E0009847061E77DD2368A06D5F6803689B6B44
:10A5F00098470546A06D03685B6B9847294602465D
:10A6000002AB20460096B847606D03681B68984708
:10A61000054600285FD00146334602AA2046FFF7D0
:10A6200046FF002852D0A06D03689B6B98474FF0FF
:10A630008141F6F797FBF6F771FD85F80201A76DEA
:10A640003B683846D3F80C809B6B984732460146EE
:10A650003846C0470746A06D036831469B68984757
:10A66000636903446361236801465B6906462046CB
:10A67000984723682846D3F8088001F00EF93B4636
:10A68000024629462046C0472B789B0726D4A36B59
:10A690000133A363236839465B6A324620469847F4
:10A6A000312801461DDD666DB0F5FA4F3368A8BF4D
:10A6B0004FF4FA4120465F6AFFF75AFF29460246E7
:10A6C0003B46304642B0BDE8F0411847606D036834
:10A6D00029465B68984742B0BDE8F081E36B0133DF
:10A6E000E3632946204642B0BDE8F041FFF748BF8A
:10A6F000F0B5456D04462B68C06D1E690368C1B096
:10A700001B68984701462846B04760B32046FFF7CC
:10A7100096FEA06D0368FF219B689847A36CB3EB7E
:10A72000500F4FEA500520D2236820461B6A9847F5
:10A730000646A06C281AF6F7BDFA4FF07E51054682
:10A740003046F6F707FA01464FF07E50F6F7BEFBAB
:10A7500001462846F6F7BAFBF6F706FD0146204605
:10A76000FFF706FFA06141B0F0BDA1692046FFF7E9
:10A77000F3FE0028F7D0A06D03681B6B9847F0B17B
:10A78000236C01332364E36923B9E06D03681B681C
:10A790009847E061E06D03681B689847E369C51A54
:10A7A00023682046DB6A9847854243D9B4F8603075
:10A7B00043F00203A4F86030636C01336364656D99
:10A7C000E06D0023E3612B68DE6803681B6898472F
:10A7D00001462846B04760600028C4D003788DF851
:10A7E0000030092203F0030322FA03F3DB0741BF21
:10A7F000C388ADF801300389ADF8033054BF01239D
:10A80000052382880DF803205D1C027900F10A01FE
:10A810000DEB050001F02CF86668728805445319A9
:10A82000FF2B0CDD606D036831465B6898470023A1
:10A83000636098E7236820469B6A98478EE706F195
:10A840004A010DEB050017F044FEA06D7688036801
:10A850002E4431469B6898470546E06D03681B68A7
:10A860009847E060A06D036832461B6969469847C7
:10A87000064678B96568236828461F6901F00DF817
:10A88000294602462046B84761682046FFF760FE29
:10A89000666068E705EB450569082046FFF768FE36
:10A8A000A06060E7F8B5416A0446FFF755FE78B14D
:10A8B000A56D2B685E6A236820461B6B984701468E
:10A8C0002846B0474FF4FA612046FFF751FE606218
:10A8D000A06D0368DB699847A06D0368DB6A984741
:10A8E00094F82C30834217D084F82C00B0B9E06D76
:10A8F00003681B6898472062E06D03681B689847EF
:10A90000236AC01AB0F5FA5F82BFB4F8603043F032
:10A910000403A4F8603001E0002BEDD06368002B45
:10A9200069D0A06D03685B699847002800F09D809E
:10A93000E06D03681B689847E5682369471B3B4443
:10A940002361236839469B6906462046984720467E
:10A95000FFF775FDA36C9F427CD90023A364236895
:10A9600020461B6A98470646A06CC0F16400F6F7C3
:10A97000A1F94FF07E5105463046F6F7EBF8014657
:10A980004FF07E50F6F7A2FA01462846F6F79EFAF7
:10A99000F6F7EAFB01462046FFF7EAFDA061A06D4D
:10A9A00003689B69984761688A884888930902F020
:10A9B0003F0203FB0222D2B223680232DB68024468
:10A9C0002046984761680B789B0755BF236B636BE4
:10A9D0000133013354BF236363632046FFF7B8FD9F
:10A9E00000236360236820465B6B9847014620463E
:10A9F000FFF7BEFDA062236820465B6B98470028E6
:10AA000011DDA16A2046FFF7A7FD60B1A06D0368C4
:10AA10009B6A9847236820465B6B9847014620460F
:10AA2000FFF7A6FDA062656DE06D2B689E6A036866
:10AA30001B68984701462846B047014610B120469A
:10AA4000FFF79EFD2046FFF7C2FD2046BDE8F84017
:10AA5000FFF74EBE1D44AD1B632DA5647FF67FAF8F
:10AA6000E06D03681B68984798E7A1682046FFF7E8
:10AA700073FDA0B1A06D03689B69984761688A88DF
:10AA80004888930902F03F0203FB0222D2B22368F6
:10AA9000023202441B692046984761689DE7F8BD71
:10AAA0002DE9F047064608790C461746984600F00F
:10AAB000CFFE756D88B16388B82B0ED82B684146E0
:10AAC0003046D3F80890FFF753FD3A460346214637
:10AAD0002846CC46BDE8F04760472B68214628460B
:10AAE0005B68BDE8F04718470368DB69184710B595
:10AAF00020220446002117F0ACFB204610BD10B404
:10AB000004460846214610BC0AF0D0B910B50446E8
:10AB1000FFF7EDFF4022002104F1200017F099FB20
:10AB2000204610BD30B50D4689B00446FFF7DFFF63
:10AB30002B6869461B6828462022984720466A46AB
:10AB400004F120010DF0ACFB204609B030BD00003F
:10AB5000F0B5B1B00146044668460DF0BEFB9DF865
:10AB60000030013BDBB2FD2B30D81B4B20AA03F198
:10AB70004007164618685968154603C50833BB4296
:10AB80002A46F7D1154B08AA03F1200C174618687E
:10AB90005968154603C5083363452A46F7D122464E
:10ABA000394610A80DF0B2FA3246694618A80DF0E1
:10ABB000ADFA202218A910A817F021FB30B910AB6C
:10ABC00013F8012B2AB901302028F9D1002031B027
:10ABD000F0BD0120FBE700BF78510208B95102081F
:10ABE00038B50C460546014620222046FFF77CFF7B
:10ABF00020280AD1402205F120012046FFF774FFEA
:10AC0000A0F140035842584138BD0020FCE738B558
:10AC10000B680C465B680146054620222046984793
:10AC200020280BD1236840225B6805F120012046D3
:10AC30009847A0F140035842584138BD0020FCE736
:10AC40003F2A70B51ED95F2A00F1200300F160048D
:10AC500007D853F8042B41F8042BA342F9D1402024
:10AC600070BD1A460D4652F8046B45F8046BA242BB
:10AC7000F9D1403150F8042B41F8042B9842F9D116
:10AC80006020EDE70020EBE7602A30B40B4613D1DB
:10AC90000A4603F1400400F1200152F8045B41F838
:10ACA000045BA242F9D1603352F8041B40F8041B44
:10ACB0009A42F9D130BC7047402AFBD100F1200103
:10ACC0000A4603F1400453F8045B42F8045BA342D4
:10ACD000F9D130BC0DF001BB13B50446084611464E
:10ACE0001A4604F12003009323460EF007F902B040
:10ACF00010BD0B46114600F1200218460DF006BAB1
:10AD000000207047704770477047002070477047B9
:10AD10007047704700207047002070470020704740
:10AD2000002070470020704770B5846D2368054689
:10AD300008469E6800F0B1FD01462046B047052256
:10AD400004460021A86E00F06EFE34235C436423A9
:10AD5000B4FBF3F4604370BD08B504220121806E9A
:10AD600000F061FE7823584308BDFFF729BBFFF7C9
:10AD700099BD70B50446C06E03681B680E469847BF
:10AD80002368054602465B6C2046314698472846B4
:10AD900070BDF8B58B8803F03F04013CE4B223F0AA
:10ADA0003F031C438C80A40901340D46E4B201F139
:10ADB0000A060027AB8803F03F0313FB04F3BB42F2
:10ADC00000DCF8BD3046264422463146274417F0C1
:10ADD00080FBEFE7F8B50A788B88920706460C46A9
:10ADE00001D50020F8BD03F03F079B090133DBB21A
:10ADF00007FB0333402B07F10105F2DC03681B6CF2
:10AE000098470028EDD0A28892090132D2B207FB00
:10AE1000024006F170010A3017F05BFBA38823F0B3
:10AE20003F031D433368A5809B6C214630469847FD
:10AE3000A38803F03F03013340EA0360D2E72DE922
:10AE4000F043202B93B080460E4617461D4603D88C
:10AE5000FFF76AFB044620B90024204613B0BDE882
:10AE6000F0830346102203F84A2B06F120093246EC
:10AE700052F8041B43F8041B4A45F9D1D8F8640082
:10AE800003681B6898472A46C4F86A00804639461A
:10AE900004F1AE0017F01DFB05F1640363800DF1B2
:10AEA000040C334618685968624603C208334B45A0
:10AEB0009446F7D12A4639460AA8CDF8248017F0DF
:10AEC00008FB05F1240301AA04F16E013046FFF7E7
:10AED00003FFC2E72DE9F04FAFB099469DF8E0A01F
:10AEE000DDF8EC804FEA9A130AF03F0403FB0444B8
:10AEF00008F105032344A62B06468B46174604D9C2
:10AF0000002528462FB0BDE8F08FFFF70DFB054662
:10AF10000028F5D0202303709BF8003080F84A30D9
:10AF200096F8703080F84B30494622460DF101000A
:10AF30008DF800A004F1020917F0CBFA04F1B9036F
:10AF40000DEB09006B44B8F1000F12D09DF8E4201E
:10AF500003F8B82C3A99424617F0BBFA08EB0903FC
:10AF60006A4605F14C01384600F063FE0230688005
:10AF7000C7E7FF2203F8B82CB36E1A6801461668BB
:10AF800018460422B047A31DEAE77FB509788DF87B
:10AF900014100B9903910A9902919DF824100191C4
:10AFA0009DF82010009105A9FFF794FF07B05DF808
:10AFB00004FB2DE9F8430229DDF8249007460D46ED
:10AFC00090461E4603D809F11103B82B03D900247B
:10AFD0002046BDE8F883FFF7A7FA04460028F6D01C
:10AFE000AD00057098F8003080F84A3097F870305E
:10AFF00080F84B3000F14C01089A4B46304600F087
:10B0000018FE02306080E3E710B50C46FFF78CFABB
:10B0100028B10C2303700423C0F84A40438010BDBC
:10B0200038B50D461446FFF77FFA50B128232401A6
:10B03000037044F00304052380F84A40C0F84B50E5
:10B04000438038BD2DE9F0470B78FF2B04460E46B0
:10B05000904648D00368D1F84A901B6D984706F196
:10B060000A0A0546DDB949462046FFF7CDFF0746E7
:10B07000002838D0327906F10A010A3000F007FCC6
:10B080003B78B88023F0030343F002033B702A4669
:10B09000434639462046BDE8F047FFF701BD236827
:10B0A0003146DB6C2046984700F5967080442A466E
:10B0B00049462046FFF7B4FF074688B1327951462A
:10B0C0000A3000F0E4FB3B78B88023F0030343F040
:10B0D00002033B700022434639462046FFF7E0FC5E
:10B0E000013DEDB2BEE7BDE8F08770B591F84A606A
:10B0F00006F00F03032BC2B005460C462ED14B8839
:10B10000042B2BD901A800F09EFB237822798DF81F
:10B11000043004F10A010DF10E0000F0B8FB628862
:10B12000ADF80800013A92B204F14B010DF14E0066
:10B13000ADF8062017F0CDF901A92846FFF719FE52
:10B1400060B901A92846FFF724FE36094FF496722C
:10B1500006FB022201A92846FFF774FF002042B037
:10B1600070BDB82A70B50E46154603D8FFF7DCF956
:10B17000044610B90024204670BD2C2300F84A3B39
:10B180002A46314617F0A5F96580F4E72DE9F0412C
:10B190000D781746C5F38302092A06460C4620D0CF
:10B1A000013BDAB2022A1CD825F0030545F001055F
:10B1B0000D70C06E9B018B8003681B6898472378D5
:10B1C000C3F38303082B0AD0042B14BF01220322EC
:10B1D0003B4621463046BDE8F041FFF761BC022204
:10B1E000F6E7BDE8F0812DE9F0411F460B789DF8A8
:10B1F00018500646C3F3830009280C4622D0013DAF
:10B20000E8B202281ED823F003030B701388F06EF7
:10B21000CB8053880B810368AD011B688D809847F4
:10B220002278C2F38302082A0AD0042A14BF01221A
:10B2300003223B4621463046BDE8F041FFF730BCD3
:10B240000222F6E7BDE8F0812DE9F0410C46069FA9
:10B25000257825F0030545F002052570C5F3830523
:10B26000092D06461146984618D160884A301A467C
:10B27000204417F02EF96388434463800023A380A1
:10B280000525F06E036821461B6898473B462A4611
:10B2900021463046BDE8F041FFF702BC1A4604F1F2
:10B2A0000A0000F0F4FA2578A080C5F38305A5F123
:10B2B00008035D425D41E4E72DE9F04F0A7802F0B2
:10B2C0000303023B012BF1B005460C4664D8C2F3E0
:10B2D0008303092B8E8853D13F2E1AD891F852E060
:10B2E0004F88D1F84A20D1F84E300EF0030C093FB8
:10B2F00006FA0CF6FFB21FFA86F847450BD80A3457
:10B3000005680397CDE900E401F1530602962C6E1F
:10B31000A047002031E05336012200F1700102FA0B
:10B320000CF2A01916F06BFF0028F2D12B68214611
:10B330001B6C284698470028EBD021462846FFF78B
:10B3400018FD0028E5D194F90201F5F7B7FC4FF09C
:10B350007A51F5F707FD4FF08141F5F703FDF5F759
:10B36000DDFEA3885A1C2344A28098722B682146D4
:10B37000DB6C2846984740F0C06071B0BDE8F08FA4
:10B380000B2B06F03F063DD191F94A30002B33DB01
:10B39000002E44D1930706D42B682146DB6B284648
:10B3A00098470028B5D12378C3F383020F2AB0D879
:10B3B00001A151F822F000BFDDB40008DDB400089F
:10B3C000DDB40008A7B40008D7B600085DB60008D1
:10B3D0005DB60008E5B50008DDB4000813B3000849
:10B3E000A5B7000813B3000813B3000813B300088F
:10B3F00013B3000881B70008002E8AD103685B6F81
:10B40000984786E7002EC5D0032B08D14B88032B25
:10B4100005D90368D1F84A20D3F884309847A28828
:10B4200092090132D2B205F1700104F10A0016F05E
:10B43000E6FE00287FF46DAF2B6821461B6C284682
:10B44000984700283FF465AF2378C3F383030A2BA2
:10B450002146284604D171B0BDE8F04FFFF745BE44
:10B46000032B0FD1FFF785FC064600287FF451AF70
:10B4700021462846FFF78DFC324621462846FFF735
:10B48000E1FD46E7FFF775FC00287FF442AF214657
:10B490002846FFF77EFC2B682146DB6C2846984740
:10B4A00040F0807069E76388D4F84A60032B7FF628
:10B4B00030AF21462846FFF75CFC00287FF429AF17
:10B4C0002B683246D3F884302146284698472146D7
:10B4D000284671B0BDE8F04FFFF77CBC94F84B30C4
:10B4E0008DF81830638894F84A60042B7FF611AF0A
:10B4F00021462846FFF73DFC814600287FF409AF2E
:10B5000095F87030B3425CD12B6806A95B6D284674
:10B51000984704F14C0806460EAF0DF1BC0AB14540
:10B520004FDA2B684A469B6D394628469847638810
:10B530004246023B5146384600F09FFB031E4EDD5B
:10B5400022782968C2F38302082A3FD19AF8008042
:10B550004FEA981208F03F0602FB0666B21C9B1ADF
:10B5600056445244DBB203920493737803F00F0302
:10B57000CDE901830DF1BD060096D1F864A03B46EC
:10B580004A4621462846D047C8B1237813F0020323
:10B5900015D1CDE9023301932379009306A904F173
:10B5A0000A033A462846FFF795FC014638B14FF4A6
:10B5B000FA730093324643462846FFF745FEFF23C1
:10B5C000237021462846FFF705FCD6E6CDE901A306
:10B5D0000097CE6D4B4621462846B047EFE709F16C
:10B5E00001099CE7638894F84A60232B7FF691AEAB
:10B5F00021462846FFF7BDFB00287FF48AAE95F868
:10B600007030B3427FF463AF04F14B0606AA04F135
:10B610006B0730687168134603C30836BE421A468A
:10B62000F7D106AA0EA905F17000FFF762FB638847
:10B630002FAF213B324639460EA800F01EFB0028F2
:10B640007FF745AF2B68CDE900700EAADE6E21466C
:10B6500006AB2846B047FF23237038E794F84A30FA
:10B660008DF818306388032B7FF653AE21462846A9
:10B67000FFF77FFB064600287FF44BAE2B680EAA2F
:10B68000DF6F06A904232846B84704F14B0A804619
:10B690000DF139090DF1BC0B464592DA6388484635
:10B6A000013B5246594600F0E8FA002809F1210909
:10B6B0000FDD2B682278CDE900B006EB4616D3F8F3
:10B6C00080700EAB3344C2F3830221462846B8474C
:10B6D00077E70136E0E70EA8FFF709FA0EAE04F1AE
:10B6E0004A0304F16A0718685968324603C20833EE
:10B6F000BB421646F7D16388D4F86A90632B7FF675
:10B7000008AE20220EA905F1700016F078FD002881
:10B710003FF4FFAD21462846FFF72BFB00287FF4BE
:10B72000F8AD0EAF0FCF2FAE0FC6B4F8028097E87A
:10B730000F00A8F16408B8F1200FA8BF4FF020084F
:10B7400004F1AE0A86E80F004246514638A8CDF80B
:10B75000DC9016F0BEFE08F124032FAA04F16E015E
:10B760000EA8FFF7CCF900283FF4D3AD2B68CDE944
:10B7700000A80EAA9E6E21464B462846B04720E7F9
:10B7800003F00303023B012B3FF6C3AD21462846DD
:10B79000FFF7EFFA00287FF4BCAD2B6821469B6FC2
:10B7A00028462DE66288022A7FF6B3AD94F84A3027
:10B7B00003F00F03032B7FF4ACAD042A7FF6A9AD91
:10B7C0002FA800F040F8237822798DF8BC3004F1DE
:10B7D0000A010DF1C60000F05AF86288ADF8C00009
:10B7E000013A92B204F14B010DF58370ADF8BE2021
:10B7F00016F06FFE2FA92846FFF7BBFA00287FF44A
:10B8000088AD2B68DDF80621D3F884302FA92846AF
:10B8100098477EE52DE9F0410D7825F0030545F0C8
:10B8200002050D700646C06E0368002517460C46DB
:10B830008D801B6898473B462A4621463046BDE826
:10B84000F041FFF72DB900220270828042807047DC
:10B8500000F03F038009032800F1010206D013FB2A
:10B8600002F04028CCBF0020012070470020704724
:10B8700010B5930902F03F0403FB0444402C04DCA0
:10B88000224616F026FE204610BD0024FBE710B528
:10B890001446FFF7EDFF204610BD83889A0903F098
:10B8A0003F0302FB033342880078DBB2023310F01F
:10B8B0000300134405D0C21E50425041800018447A
:10B8C00070470420FBE770B503780B70092203F082
:10B8D000030322FA03F3DB0741BFC388A1F8013059
:10B8E0000389A1F8033054BF012305238288CA5479
:10B8F0005E1C0D460446027900F10A01A819FFF703
:10B90000B7FF3044C6B2628804F14A0155FA80F0AC
:10B9100016F0DFFD6388F018C0B270BD2DE9F84362
:10B920000B780370164603F003020923D34013F08B
:10B9300001031DBFB1F80130C380B1F803300381AA
:10B940000BBF4FF001094FF00509C380038111F8C7
:10B950000940848005462046FFF77AFF884607465F
:10B9600018B900273846BDE8F883A30904F03F045E
:10B9700003FB044409F10109E4B22246494405F1FC
:10B980000A0016F0A6FD09EB0403DBB2B342E8D2CD
:10B99000F21A92B2B82A6A80E3D808EB030105F1E3
:10B9A0004A0016F096FDDDE730B50446A1B002A8C6
:10B9B0000D4609F057FB23780122C3F383030DF1F1
:10B9C000070102A88DF8073009F034FC9DF8073014
:10B9D000092B04D10222211D02A809F02BFC628848
:10B9E00004F14A0102A809F025FC08220DEB02002F
:10B9F000294609F051FC02A809F01AFB21B030BD1C
:10BA0000A0F14103052B02D83738C0B27047A0F12E
:10BA10006103052B01D85738F7E73038C0B20A2840
:10BA200028BF0020704737B50368144604220D462E
:10BA30001B680DEB020198470198621BB0FBF2F303
:10BA400002FB1300284403B030BD0000F0B50B4DDD
:10BA500003468E18B14203F1020303D1002300F81C
:10BA60001230F0BD11F8014B270904F00F04EF5D0F
:10BA70002C5D03F8027C03F8014CEBE76C520208E2
:10BA80002DE9F041DFF8308005460C468F18BC42A6
:10BA900001D1BDE8F08114F8016B330906F00F06FF
:10BAA00018F80310284612F07BFA18F806102846FA
:10BAB00012F076FAEBE700BF6C520208F8B50646C2
:10BAC00010460D461446F5F793FBB0EB450F17D122
:10BAD000224631468B1BAB4202F1020201DB012000
:10BAE000F8BD12F8020C12F8017CFFF789FF04463A
:10BAF0003846FFF785FF40EA041001F8010BE9E73B
:10BB00000020EDE7F0B504460020074625780DB18A
:10BB1000904208DB214614F8012B1AB19A42F9D160
:10BB200000230B70F0BD41F8204025462E782C46AE
:10BB300001351EB19E42F9D127702C460130E5E750
:10BB4000F0B59FB01F461646044668460D4609F0FC
:10BB500089FA3A463146684609F06CFBDDE9241261
:10BB6000684609F067FB2A462146684609F094FBBF
:10BB7000684609F05DFA1FB0F0BD2DE9F041B0B0A4
:10BB8000064601A815460C461F4608F035FC31460E
:10BB9000102201A808F0E0FB2E46A6EB0508B845E8
:10BBA00006DB01A808F0BEFB404630B0BDE8F081DE
:10BBB0003246214601A808F00FFE10341036ECE79B
:10BBC0002DE9F043B5B0064605A81C460F461546BC
:10BBD00008F012FC3146102205A808F0BDFB07EB67
:10BBE00004092E190F2CA9EB0405A6EB040819DC97
:10BBF000002C0FDD1022002101A816F02AFB22469E
:10BC0000414601A816F065FC294601AA05A808F0DE
:10BC1000CFFC103505A808F085FBED1B284635B094
:10BC2000BDE8F0834246294605A808F0C1FC103C57
:10BC3000D8E7F0B58F1CA1B00E4639460546FFF790
:10BC4000BFFF044602A809F00DFA294602A82022E7
:10BC500009F06FFB2246394602A809F0EBFA0223ED
:10BC6000009320223346294602A809F07AFB02A855
:10BC700009F0DEF9A01C21B0F0BD2DE9F043022B44
:10BC8000A3B005460F4616461C4603DC002023B031
:10BC9000BDE8F08304A809F0E5F906F102082022C6
:10BCA000294604A8023C09F044FB4FF00209224651
:10BCB000414604A809F0BEFA2022294603AB04A895
:10BCC000CDF8009009F04DFB04A809F0B1F94A46FF
:10BCD000314603A816F093FA0028D7D123464246EE
:10BCE00039462846FFF749FFD1E703780B704278C1
:10BCF00062B343F010030B708368C1F80130C3686E
:10BD0000C1F805300923028A32B10A7842F02002D4
:10BD10000A70028ACA520233428A32B10A7842F069
:10BD200040020A70428ACA520233426862B11278F3
:10BD300052B10A7862F07F020A704268013A12F842
:10BD4000010F08B1202B03D1D8B270470123DAE7E5
:10BD5000C8540133F3E738B50023837004460878EC
:10BD6000E362C4E909336370C30641BFD1F801300F
:10BD70006362D1F80530A3624CBF09230123850615
:10BD800042BFCD5AA5850233450642BFCD5AE5854F
:10BD900002339A4220700DDB000609D5D51A07D070
:10BDA0002A461944A01C16F094FB621900239370D4
:10BDB00001236370204638BD01480AF0B7B900BFBF
:10BDC000683800202DE9F04307460024ADF5037DD7
:10BDD00008463960C7F8844C3E4990460AF0C3FAD9
:10BDE00000284DD03AA83B4A396823460AF0B1FAF8
:10BDF0003AA80AF016FC002842D04FF0A00912A879
:10BE0000FEF775FEA022002112A816F022FA2022C9
:10BE100002A93AA80AF083FB202804462DD101226A
:10BE20001AA93AA80AF07BFB0128054625D104226D
:10BE300035A93AA80AF073FB04281ED1022201A9F1
:10BE40003AA80AF06CFB022817D12A460DF16901C5
:10BE50003AA80AF064FB01280FD140220DF16A01D3
:10BE60003AA80AF05CFB402807D122460DF1AA014E
:10BE70003AA80AF054FB202806D03AA80AF089FB19
:10BE80000DF5037DBDE8F08302AD0FCD0AAC0FC404
:10BE900095E80F0084E80F000AAE0FCE12AD0FC573
:10BEA00094E80F0085E80F00404602AA0DF1AA01B0
:10BEB000FEF71FFFD7F8840C1328DEDC431C09FBB8
:10BEC0000070C7F8843CA02212A9043016F001FBD0
:10BED00095E700BF7D5202082DE9F843D0F8849C15
:10BEE0000E461746041D0025A94504DC4FF0000846
:10BEF0004046BDE8F88321463A46304616F07FF9C1
:10BF0000A046A0340028F3D00135EDE72DE9F74F26
:10BF1000D0F8848C05460C46914600F6E436071DA1
:10BF20004FF0000A4FF0FF3BD04525DCB8F1140F6D
:10BF300007D008F10103C5F8843CA02303FB085592
:10BF40002E1DA0220021304616F083F9234686F8E4
:10BF50002090344603F1200518685968224603C230
:10BF60000833AB421446F7D1FF2386F8213033461D
:10BF7000184603B0BDE8F08F2022394620460197CD
:10BF800016F03DF93B460028F2D097F8203003F038
:10BF90000303032B05D0D7F888305B453CBF3E46F2
:10BFA0009B460AF1010AA037BEE700002DE9F041E7
:10BFB00088B015469DF8388018F0030F04460F46E8
:10BFC0001A461FD12946FFF787FFE8B1D4F8845CF1
:10BFD0001C4A6B1EC4F8843C231DC31A58115043DD
:10BFE0002A1AA0214A43A03A03F1A401043385424E
:10BFF000D8BF00222144E01816F011F9012008B042
:10C00000BDE8F0811F2B01DC0020F8E76A462B46D3
:10C0100005F1200E944618685968164603C6083381
:10C0200073453246F7D1614600222046FFF76EFF86
:10C030002A4680F8208000F162013846FEF759FE5A
:10C04000DCE700BFCDCCCCCC2DE9F0430C46CBB027
:10C05000016006463149204617460AF090F902A8C9
:10C060002E4A012321460AF074F902A80AF0D9FAEF
:10C07000E0B10025ADF8045006F16604D6F8843C22
:10C08000AB4210DD14F8423C13B90135A034F5E79A
:10C09000A4F162086FB94146202202A80AF083F990
:10C0A000202880460AD002A80AF073FA4BB0BDE8F7
:10C0B000F0834046B8470028EDD1E6E70122A4F11D
:10C0C000420102A80AF06FF901288146EBD104224F
:10C0D00004F12A0102A80AF066F90428E3D1022239
:10C0E00001A902A80AF05FF90228DCD14A46A4F1AE
:10C0F000410102A80AF057F90128D4D14022A4F145
:10C10000400102A80AF04FF94028CCD1424621460E
:10C1100002A80AF048F92028B7D0C4E77D520208E7
:10C1200010B5421E0A24002012F8013F303BD9B25C
:10C13000092900D910BD04FB0030F5E72DE9F041D5
:10C14000F4B02CAD0446002328460AF002F9284634
:10C150000AF067FA002800F0A382616804222846EA
:10C160000AF0DDF961682022043128460AF0D7F987
:10C17000042202A928460AF0D2F96168082228316F
:10C1800028460AF0CCF961680822303128460AF0C6
:10C19000C6F961681022383128460AF0C0F9616892
:10C1A0000422483128460AF0BAF9616801224C316C
:10C1B00028460AF0B4F9616801224D3128460AF098
:10C1C000AEF9616801224E3128460AF0A8F9012231
:10C1D00002A928460AF0A3F96168042250312846D2
:10C1E0000AF09DF961680422543128460AF097F953
:10C1F00061681022583128460AF091F961680422DA
:10C20000683128460AF08BF9042202A928460AF070
:10C2100086F961680122703128460AF080F9616868
:10C220000122713128460AF07AF9616801227231DF
:10C2300028460AF074F961680122733128460AF031
:10C240006EF961680422743128460AF068F9616861
:10C2500001227A3128460AF062F96168012201F26E
:10C26000211128460AF05BF96168012201F59171FC
:10C2700028460AF054F9012202A928460AF04FF98B
:10C2800061680122783128460AF049F96168012283
:10C290004F3128460AF043F9616801227931284676
:10C2A0000AF03DF9616801227B3128460AF037F92E
:10C2B000616802227C3128460AF031F96168012266
:10C2C0007E3128460AF02BF9616804228031284625
:10C2D0000AF025F961680122843128460AF01FF925
:10C2E00061681022853128460AF019F96168012237
:10C2F000953128460AF013F9032202A928460AF0CC
:10C300000EF961680122963128460AF008F9616841
:10C310000422983128460AF002F9616801229C3112
:10C3200028460AF0FCF861680422A03128460AF089
:10C33000F6F861680422A43128460AF0F0F8616832
:10C340007822A83128460AF0EAF86168012201F54E
:10C35000907128460AF0E3F8636804220DEB0201AD
:10C36000D3F82481CDF8048028460AF0D8F8636811
:10C37000042804BF019AC3F82421694693F82831A0
:10C380008DF80030012228460AF0C9F8012802BFC2
:10C3900063689DF8002083F828216368012293F8E0
:10C3A00029318DF801300DEB020128460AF0B7F86B
:10C3B000012802BF63689DF8012083F8292100212C
:10C3C0001C2205A8049115F044FF202204A9284648
:10C3D0000AF0A5F820280CAF0CD1626804AB02F576
:10C3E00095721E4603CEBE4210605160334602F184
:10C3F0000802F6D100213C220DA8396015F029FF72
:10C400004022394628460AF08AF840281CAE0BD153
:10C41000636803F5A5733A4603CAB24218605960CF
:10C42000174603F10803F6D100213C221DA8316014
:10C4300015F00FFF4022314628460AF070F84028D8
:10C440000BD1636803F5C573324603CAAA4218606C
:10C450005960164603F10803F6D163680222B3F867
:10C46000CA31ADF802300DEB020128460AF057F848
:10C4700066680228376D04BFBDF80230A6F8CA31DD
:10C4800000213846F4F70CFE002840F00C818D495D
:10C490003846F4F723FE00B18A4F3765776D0021E7
:10C4A0003846F4F7FDFD002840F0FF804FF0804152
:10C4B0003846F4F713FE08B14FF080477765B76E42
:10C4C00000213846F4F7ECFD002840F0F0804FF0F2
:10C4D00080413846F4F702FE08B14FF08047B76656
:10C4E000376800213846F4F7DBFD002840F0E18092
:10C4F00075493846F4F7F2FD00B1734F3760B76CF9
:10C5000072493846F4F7CCFD002840F0D4807049D9
:10C510003846F4F7E3FD00B16D4FB764776F6D49AE
:10C520003846F4F7BDFD002840F0C7806A49384618
:10C53000F4F7D4FD00B1684F96F8703077670C2B94
:10C5400028BF0C23052B38BF052386F8703062689E
:10C5500092F87130082B28BF0823052B38BF05231C
:10C5600082F87130626892F94C301E2BA8BF1E23EE
:10C570006FF008018B42B8BF0B4682F84C306268FE
:10C5800092F87330012B28BF012382F8733067685B
:10C59000D7F8A46000213046F4F782FD002840F06F
:10C5A0008E804E493046F4F799FD00B14B4E97F816
:10C5B0002131C7F8A460022B28BF022387F821315C
:10C5C000626892F87B30012B28BF012382F87B3010
:10C5D0006368B3F87C2042F210718A4228BF0A4691
:10C5E000A3F87C2093F87E20012A28BF012283F83B
:10C5F0007E206268D2F88030B3F5E13F28BF4FF467
:10C60000E133B3F5165F38BF4FF41653C2F88030EC
:10C6100092F884300E2B28BF0E2382F88430636892
:10C62000B3F8CA211AB941F26802A3F8CA2193F8F3
:10C630009520012A28BF012283F89520626892F88C
:10C640009630012B28BF012382F89630626892F859
:10C650009C30022B28BF022382F89C30626892F83B
:10C660002031012B28BF012382F820316468D4F8DF
:10C67000246100213046F4F727FD28B14FF07E51A8
:10C680003046F4F717FD08B9C4F8248194F829312D
:10C69000012B28BF012384F82931284609F079FFAE
:10C6A00074B0BDE8F0810027F7E6002706E7002711
:10C6B00015E7002722E7054F2FE7064F3CE7002646
:10C6C00075E700BF0000A0410000104100001643C4
:10C6D00000401C459A99F9400000FA4300002041AF
:10C6E000426892F84E305B003B2BDCBF002382F89F
:10C6F0004E30806803681B68184700000000000087
:10C700002DE9F0431446426892F89C3087B0151D1D
:10C7100063B98DF804108DF805300295214601A803
:10C720000593FFF7E2FA07B0BDE8F083012B1FD1B4
:10C730000269D2E90289D2E904678DF804108DF804
:10C74000053040460EA3D3E9002349460295F3F78E
:10C75000B3FEF4F761F90AA3D3E900230390394645
:10C760003046F3F7A9FEF4F757F900230490D5E714
:10C77000D2E90A89D2E90C6701238DF80410DEE7BB
:10C780000000000080842E412DE9F047171DA8B05D
:10C79000044689461646A4490A2238461D4615F025
:10C7A0002EFD00284AD106F10E0014F0FEFAF4F72F
:10C7B0007BF94FF07E510646F4F772FC20B99B4995
:10C7C0003046F4F78BFC30B19949284628B0BDE8D3
:10C7D000F04715F076BE314694486768F4F776FB6B
:10C7E0004FF07E51F4F7B4F938602046FFF778FF38
:10C7F00063684FF07E511868F4F7ACF901468B4836
:10C80000F4F764FB0646F4F789FC0446F4F756FA9D
:10C8100001463046F4F79CF98649F4F7A3FA4FF045
:10C820007C51F4F797F9F4F779FC834903462246E3
:10C83000284628B0BDE8F04715F020BC7F49032208
:10C84000384615F0DCFC50B9F01D14F0AEFAF4F7E0
:10C850002BF9666830602046FFF742FFFFE2784917
:10C860000B22384615F0CBFC38B906F10F0014F056
:10C870009FFA636883F87900EDE77249132238461E
:10C8800015F0BDFCC0B906F1170014F091FA0028AC
:10C890006368B8BF0330801083F87A002046FFF742
:10C8A0001FFF6368684993F87A209200284628B0F1
:10C8B000BDE8F04715F0E2BB64490B22384615F09D
:10C8C0009EFC38B906F10F0014F072FA636883F821
:10C8D0007300C0E75E491022384615F090FC60B93D
:10C8E0005C49022206F1140015F089FC6368B0FA75
:10C8F00080F0400983F87200ADE7574916223846A8
:10C9000015F07DFC90B906F11A00FFF709FC431EF3
:10C91000012B01D9A82801DD504956E7636883F847
:10C920004F00A0680368DB69984794E74C491022E0
:10C93000384615F064FCA8B906F11400FFF7F0FBC7
:10C94000431E3A2B01D9F02802DD46493C22ADE7CF
:10C95000636800EBD070401083F84E00A068036855
:10C960009B69E1E740490F22384615F048FC38B989
:10C970006068102206F11301583002F0A3FA6AE74A
:10C980003A490822384615F03AFC38BB06F10C0249
:10C9900040216846FFF792F8F0B16846FEF7D8F8F4
:10C9A000D0B110A8FEF7B2F840220DEB02006946A4
:10C9B000FEF76AF9A068036810A91B6D98472C4917
:10C9C000284615F07EFD202210A905F12100FFF771
:10C9D0003DF828B0BDE8F0872649F6E6264905224D
:10C9E000384615F00CFC00284CD1244906F1080209
:10C9F00012F8013F2BB96068202206F109010430CA
:10CA0000BBE73A2B09D8292BF2D92A3BDBB221FA12
:10CA100003F3DB07ECD51A49D7E63F2BFBD05B3B92
:10CA2000022BE5D8F7E700BFB65202080000C84263
:10CA3000C152020800002041E0520208ED520208F3
:10CA4000F1520208FD520208115302082D53020848
:10CA5000395302085B5D02084A5302086153020819
:10CA60005053020886530208AE530208BE53020810
:10CA7000C7530208E9530208F853020805000100F1
:10CA8000B7560208A3490722384615F0B8FBC0B9CB
:10CA9000A149032206F10B0015F0B1FB6368B0FA5F
:10CAA00080F0400983F84D002046FFF719FE6368C7
:10CAB0009A4A93F84D109A4B00290CBF114619461B
:10CAC00083E698490622384615F099FB80460028EF
:10CAD00057D104F11C0306F10A0118461E4615F051
:10CAE000F0FC2C23042210A93046FFF70BF8071E98
:10CAF00045DD1098414615F0EBF8012F82463ED0F7
:10CB00001198414615F0E4F8022F814637D012986B
:10CB100014F04EF9032F064604D0139814F048F988
:10CB20005FFA80F880495046F4F7CEFA38B37F496F
:10CB30005046F4F7BFFA10B3F6B2731F072B1ED896
:10CB4000A8F10503032B1AD879494846F4F7BCFA33
:10CB5000A8B178494846F4F7ADFA80B1636883F824
:10CB60007060636883F871806368A068C3F848A048
:10CB7000C3F8749003681B6898476F4925E66F49AE
:10CB800023E66F490422384615F039FB38B906F11F
:10CB90000800676814F009F9C7E90A015BE669490A
:10CBA0000422384615F02BFB38B906F108006768F7
:10CBB00014F0FBF8C7E90C014DE66349082238463A
:10CBC00015F01DFB78B906F10C0014F0EEF8F3F740
:10CBD0006BFF00210646F4F777FA10B163681E6513
:10CBE00039E65A49F1E55A490822384615F007FB5B
:10CBF00070B906F10C0014F0D8F8F3F755FF0021D6
:10CC00000646F4F761FA0028EBD063685E6522E619
:10CC100050490A22384615F0F2FA60B906F10E00C2
:10CC200014F0C6F8C0B2402803D8636883F87800CF
:10CC300011E64949C9E549491222384615F0DFFA9B
:10CC4000B0B906F1160014F0B0F8F3F72DFF00218B
:10CC50000646F4F739FA48B14FF07E513046F4F702
:10CC600029FA18B16368C3F82461F4E53C49ACE5DE
:10CC70003C491122384615F0C2FA78B906F1150080
:10CC800014F096F8737D303B092B05D8FF2803D8A4
:10CC9000636883F82801DEE5334996E533491522B8
:10CCA000384615F0ACFAF0B9193631493046F4F788
:10CCB00095FA20B12F493046F4F790FA20B963680D
:10CCC000012283F82921C6E513493046F4F786FA94
:10CCD00020B129493046F4F781FA10B9636800227F
:10CCE000EFE7264971E526490F22384615F087FA05
:10CCF000002847D106F1130014F057F8F3F7D4FEDB
:10CD000000210646F4F7E0F900283FF46AAF6368B3
:10CD10009E66A0E5FE53020803580208A0520208CE
:10CD200089520208CF5B02080000164300401C45F0
:10CD30000000E0400000FA43065402081B540208B9
:10CD4000375402083C540208415402084A5402086D
:10CD50001E550208645402086F5402087D540208EC
:10CD600090540208B4540208C6540208E75402085A
:10CD70005B5D0208B2540208DE520208FD5402084C
:10CD8000175502088C490B22384615F038FA98B925
:10CD900063680E36A83316F8011F21B16268A83205
:10CDA0009A1A762A02D900221A7054E57C2908BF03
:10CDB0000A2103F8011BEEE780490F22384615F0DF
:10CDC0001EFA60B906F1130013F0F2FFC0B2022898
:10CDD00003D8636883F821013DE57949F5E4794991
:10CDE0000C22384615F00BFA18BB10367649032290
:10CDF000304615F004FAA0B174490722304615F008
:10CE0000FEF968B172490822304615F0F8F960B1B0
:10CE100070490622304615F0F2F940B16E49D4E46B
:10CE20000120636883F8220115E50220F9E7032059
:10CE3000F7E76A490322384615F0E1F988B9F01D91
:10CE400013F0B6FF636883F84C002046FFF748FCF8
:10CE5000D4E90120036892F94C10DB6A98476049D5
:10CE6000B3E4B9F1000F11D15E490522384615F03F
:10CE7000C6F958B906F1090013F097FFF3F714FE4D
:10CE80006668B0642046FFF72BFC76E656490F2211
:10CE9000384615F0B4F9B0B95449022206F113002E
:10CEA00015F0ADF96368B0FA80F0400983F87B00B3
:10CEB000D4E9013093F87B10036800391B6F18BF69
:10CEC00001219847C7E44A490D22384615F097F9E1
:10CED00068B906F11100FFF723F942F21073984286
:10CEE00003D86368A3F87C00B5E442496DE4424985
:10CEF0000E22384615F083F960B94049022206F146
:10CF0000120015F07CF96368B0FA80F0400983F8EC
:10CF10007E00A0E43A490C22384615F070F998B921
:10CF200006F1100013F044FF364BA0F516529A425A
:10CF300006D86368C3F88000A06803685B6FF3E4F9
:10CF400031494FF4E132B1E430490F22384615F04F
:10CF500056F968BB06F1130013F027FFF3F7A4FDA1
:10CF600063680146C3F8A400E06803689B689847BB
:10CF7000C0B12046FFF7B4FB6368D3F8A44000219A
:10CF80002046F4F783F808B121491EE42046F3F760
:10CF90003BFA0B461F490246284628B0BDE8F04739
:10CFA00015F06CB863681C490022C3F8A4200CE497
:10CFB0001A493A467AE400BF275502083355020859
:10CFC000435502085C550208035802080958020834
:10CFD000135802081E580208695502089B5502089A
:10CFE0000F4C02089F550208A55502085B5D020818
:10CFF000B5550208C3550208EB550208FA55020858
:10D00000FD550208809C01000A56020833560208AA
:10D01000435602086756020883560208A4560208BF
:10D020002DE9F04102F1040896B005460F46164678
:10D03000A149092240461C4615F0E1F828BB6B685F
:10D040004FF07E511868F3F785FD01469B48F3F7D2
:10D050003DFF0646F4F762F80546F3F72FFE01465A
:10D060003046F3F775FD9649F3F77CFE4FF07C519F
:10D07000F3F770FDF4F752F8924903462A4620462A
:10D0800016B0BDE8F04114F0F9BF8F4902224046C6
:10D0900015F0B5F830B96B68186801F02DFF02463D
:10D0A0008A4909E08A490A22404615F0A8F848B999
:10D0B0006B6893F879208749204616B0BDE8F041A7
:10D0C00014F0DCBF84491222404615F098F820B9CC
:10D0D0006B6893F87A209200EDE780490A22404677
:10D0E00015F08DF818B96B6893F87320E3E77C4965
:10D0F0000F22404615F083F828B96B6893F8721038
:10D10000784A794B86E079491522404615F077F840
:10D1100018B96B6893F84F20CDE775491122404646
:10D1200015F06DF818B96B68D3F82401B5E77149AB
:10D130001022404615F063F820B96B686E4993F8E9
:10D140002821B9E76D491422404615F058F818B95E
:10D150006B6893F82911D3E7BFB969490B224046A0
:10D1600015F04DF838B9A86803685B6C214616B015
:10D17000BDE8F041184763490B22404615F03FF8DF
:10D1800018B9A86803689B6CF0E75F490F22404616
:10D1900015F035F820B96B6893F84E2052008AE7F5
:10D1A0005A490E22404615F02AF810B96A685832DA
:10D1B00076E7DFB956490722404615F020F8A8B9AE
:10D1C000A8680368DB6C9847402206A9FDF738FD84
:10D1D0001C35024606A92846FEF738FC3B492A467C
:10D1E000204614F04BFF16B0BDE8F08149490422F7
:10D1F000404615F004F810B96A68043250E7464911
:10D200000622404614F0FBFF40B96B68364A93F89B
:10D210004D10344B002918BF1A4641E73F490322FD
:10D22000404614F0ECFF28B96B68D3E90A01F3F724
:10D230003BFC32E73A490322404614F0E0FF18B9BC
:10D240006B68D3E90C01F2E736490522404614F039
:10D25000D6FFE8B96B68986C01F04EFE014602A853
:10D2600015F02FF96B68586F01F0BCFE014606A857
:10D2700015F027F96B682C4993F87120019293F807
:10D280007030009302AA06AB204614F0F7FEAAE71E
:10D2900026490722404614F0B2FF10B96B68186D9A
:10D2A000FBE623490722404614F0A9FF002841D19C
:10D2B0006B68586DF1E600BFD45602080000C84202
:10D2C00000002041DE560208E8560208EB5602082C
:10D2D000F0560208FB5602080057020813570208CE
:10D2E0001E570208035802085B5D02082E57020809
:10D2F0004457020856570208675702086C5702083D
:10D30000205C02084B5C020834570208815702086F
:10D3100090570208985702089D570208A457020820
:10D32000A8570208A95D0208AC570208BA570208BC
:10D33000D35702087F490922404614F060FF18B90C
:10D340006B6893F87820B6E67B490E22404614F0CD
:10D3500056FF10B96B68986E9FE678490A224046DE
:10D3600014F04DFF90B922463E2302F8023B2023E1
:10D3700063706968A73111F8013F0BB9137032E788
:10D380000A2B08BF7C2302F8013BF4E76C490E220C
:10D39000404614F034FF18B96B6893F821218AE6EF
:10D3A00068490B22404614F02AFF98B96B6893F83D
:10D3B000223133B96449204616B0BDE8F04115F07A
:10D3C00080B8012B01D16149F5E7022B0CBF604900
:10D3D0006049F0E760490222404614F010FF38B976
:10D3E000B37913F0DF0F03D16B6893F94C2062E639
:10D3F0005A490422404614F002FF10B96B68986C39
:10D400004BE657490A22404614F0F9FE78B95549CF
:10D41000204615F056F8A8680368DB6C9847202270
:10D420000146A01C16B0BDE8F041FEF70FBB4E4907
:10D430000422404614F0E3FE20B9A8680368DB68C4
:10D4400098472CE649490B22404614F0D8FE08B90B
:10D45000474A25E647490E22404614F0D0FE18B947
:10D460006B6893F87B104BE643490C22404614F05E
:10D47000C6FE18B96B68B3F87C201CE63F490D2244
:10D48000404614F0BCFE28B96B683D4A93F87E1004
:10D490003C4BBFE63C490B22404614F0B0FE18B9A5
:10D4A0006B68D3F8802006E638490E22404614F017
:10D4B000A6FE08B936497EE736490E22404614F0EA
:10D4C0009EFEB0B9E8680368DB689847002105460E
:10D4D000F3F7DCFD08B130496DE72846F2F794FF19
:10D4E0000B462E490246204616B0BDE8F04114F026
:10D4F000C5BD2B490E22404614F081FE08B92949CA
:10D5000059E729490D22404614F079FE08B9274908
:10D5100051E727491122404614F071FE0028F6D049
:10D5200024490D22404614F06AFE0028EFD022491B
:10D530004246C1E5C2570208CC570208DB57020831
:10D54000E6570208F5570208015802080758020872
:10D55000115802081C5802082558020828580208C9
:10D560002D580208394E0208385802083D58020862
:10D57000495802084F5802085E5802086B580208C2
:10D58000CE560208C8560208795802088558020883
:10D5900094580208A758020883560208B658020891
:10D5A000BD580208CC580208DA580208E8580208A8
:10D5B0000E590208205902082E590208F0B500231E
:10D5C00087B013700446154608462023042202A99A
:10D5D000FEF798FA0128074606D16069A02229467D
:10D5E00001F0BCF907B0F0BD40F38181039E98497A
:10D5F0003046F3F7F3FD20B9A06803685B6E9847E7
:10D60000F0E794493046F3F7E9FDC0B9D4E90006E4
:10D6100003681B689847C6F8A0002046FFF760F82B
:10D62000A06803689B6E98478B4A8C49002808BF06
:10D630001146284607B0BDE8F04014F042BF022F63
:10D6400063D087493046F3F7C9FD60B90499606932
:10D6500001F098F828B1037923F0010303717F49A1
:10D66000E7E78049E5E780493046F3F7B7FD48B979
:10D670000499606901F086F80028F2D0037943F03C
:10D680000103EBE779493046F3F7A8FD38BB04996D
:10D69000606901F077F806460028E2D041886069A9
:10D6A00001F0AEF83379721D70B1018861B1704933
:10D6B00013F0010F6F4B18BF0B4600936E49431DCB
:10D6C000284614F0DBFC8DE76A4913F0010F284669
:10D6D000674B08BF0B46694914F0D0FC82E76849E4
:10D6E0003046F3F77BFDF8B90499606901F04AF818
:10D6F00006460028B5D00146606901F09CF86149F2
:10D70000721D284614F0BAFC6CE75D493046F3F709
:10D7100065FD002845D1606901F08AF810B1421D0D
:10D720005949EEE7594AFBE759493046F3F756FDA8
:10D73000002846D1049F57493846F3F74FFD064667
:10D7400060696EB9314601F080F8A068036831461F
:10D75000DB6E9847A06803689B6E98474E4968E760
:10D76000394601F00FF8064638B9034602460499D7
:10D77000606900F0B9FF064688B100233371606923
:10D78000314601F062F8A06803683146DB6E9847C5
:10D79000A06803689B6E98474049721DB1E74049F5
:10D7A00047E73B493046F3F719FD002840F09F80DA
:10D7B000606901F044F810B1421D3A49A1E7354AC9
:10D7C000FBE739493046F3F709FDB8B9032F606923
:10D7D00005D0059900F0D6FF18B9344929E700F2C1
:10D7E0008C40028804996069002300F07DFF08B92D
:10D7F0002F491EE700232F4903711AE72E493046AF
:10D80000F3F7ECFC78B90499606900F03DFF01463C
:10D8100038B1606901F01DF800287FF420AF274976
:10D8200007E7274905E727493046F3F7D7FC0028E3
:10D830005DD1049E24493046F3F7D0FC00284AD03D
:10D8400022493046F3F7CAFC002843D02049F0E6CD
:10D85000495902084E590208355902080F4C02086E
:10D86000535902085A5902086F590208755902089B
:10D8700012EA020868EE020879590208855902087E
:10D880008C59020891590208A15902084759020807
:10D89000AD590208CB590208B5590208D2590208FD
:10D8A000EB590208035A02083D5A0208185A0208A6
:10D8B0002D5A0208415A0208565A02085D5A0208B7
:10D8C0006D5A0208EC5C02087D5A0208855A02086B
:10D8D0008C5A02080120009060690123A022294689
:10D8E00001F056F800287FF47DAE0249A1E6024916
:10D8F0009FE600BF024A0208AC5A02082DE9F04F29
:10D9000014468DB00546884608227A4920461E46B0
:10D9100014F075FC28B178490822204614F06FFCF9
:10D9200030B9E86803681B6A0DB0BDE8F04F1847CE
:10D9300072490622204614F062FC18B9E8680368B0
:10D94000DB69F1E76E490922204614F058FC28B93A
:10D9500028686C4903685B689847EFE76A490E22BC
:10D96000204614F04CFC80B9A27B12F0DF020CD1EF
:10D97000A868036840F2DC515B6998476349304608
:10D980000DB0BDE8F04F14F09CBD61490622204661
:10D9900014F035FC40B9A868036840F2DC515B69BB
:10D9A000012298475B49EAE75B490A22204614F0C6
:10D9B00026FC30BB286803681B68984780451ED941
:10D9C000286803685B6808F10101984728680368C4
:10D9D0001B689847014604A808F05EFB9DF81030CC
:10D9E0009DF813204D4903F5FA6302939DF8113019
:10D9F00001939DF8123000939DF814302FE04849B0
:10DA0000BDE748490922204614F0F9FB48B9E86807
:10DA10006968036832469B6B0431984710BB4249E2
:10DA2000ADE742490522204614F0E9FBE8B9286831
:10DA300003681B689847014604A808F02DFB9DF871
:10DA400010309DF813203A4903F5FA6302939DF8CC
:10DA5000113001939DF8123000939DF81430304638
:10DA600014F00CFB0DB0BDE8F08F324905222046C2
:10DA700014F0C5FB80B9601DFEF752FB0446286810
:10DA800003681B689847844204D9286803682146C4
:10DA90005B689AE7284972E728490922204614F072
:10DAA000AEFB38B9A86803681B6B31460DB0BDE802
:10DAB000F04F184722491022204614F0A0FB0028FE
:10DAC00044D110342046F3F793FB402828BF402070
:10DAD00047102246394604A8FDF7F0FF38B1A86880
:10DAE000036804A95B6B3A469847164947E716490D
:10DAF00045E700BFBE5A0208C75A0208D35A0208B7
:10DB0000D05A0208EF934466DA5A0208E95A02082A
:10DB1000025B0208095B02081A5B0208255B020827
:10DB20004E5B02086D5B0208775B02087D5B0208B2
:10DB3000355B0208835B0208895B0208544C0208CB
:10DB4000AA5B02080F4C0208BB5B020896490A2236
:10DB5000204614F054FB074600286BD105F11C0346
:10DB600004F10A0118461C4614F0ABFC2C230522D4
:10DB700004A92046FDF7C6FFB0F1000858DD04985F
:10DB8000394614F0A5F8B8F1010F834646D0059840
:10DB9000002114F09DF8B8F1020F814643D0069899
:10DBA00013F006F9B8F1030F5FFA80FA3ED0079838
:10DBB00013F0FEF8B8F1040FC4B203D0089813F0C4
:10DBC000F7F8074679495846F3F77EFA80B3784963
:10DBD0005846F3F76FFA58B3AAF10503072B27D875
:10DBE000631F032B24D873494846F3F76DFAF8B145
:10DBF00071494846F3F75EFAD0B1002F18DDA868E6
:10DC00000368CDE900474A461C6E59465346A04773
:10DC10006A493A46304614F031FA23E70024A24616
:10DC20004FF00009CEE70024A246CBE70024C9E765
:10DC30006349A4E663490922204614F0E0FA90B94A
:10DC40006868102204F10901383001F03BF92846D8
:10DC5000FEF746FD6A685C49383230460DB0BDE8D3
:10DC6000F04F14F00BBA59491122204614F0C7FAAC
:10DC700028B9A86803689B6D984755497FE65549C0
:10DC80001122204614F0BBFA28B9A8680368DB6D9E
:10DC90009847514973E651490B22204614F0AFFAD8
:10DCA00028B9A86803685B6D98474D4967E64D49F8
:10DCB0000422204614F0A3FA40B9334622464146D6
:10DCC00028460DB0BDE8F04FFFF7AAB94649042237
:10DCD000204614F094FA40B933462246414628467D
:10DCE0000DB0BDE8F04FFEF74FBDB8F1000F0FD1FA
:10DCF0003E492046F3F772FA50B9A86803681B69D9
:10DD000098473B4A3B4B3C49002818BF1A46A4E7BA
:10DD10003A490322204614F072FA88B9A8680368C9
:10DD20005B6898470446A86803689B68984734492D
:10DD30000346224630460DB0BDE8F04F14F09EB9C0
:10DD400030490522204614F05AFA28B9E8680368D9
:10DD50001B699847014612E62B490B22204614F016
:10DD60004EFA0746002855D104F10B082C692368A8
:10DD70002046DB6898470546BD420FDD23683946DB
:10DD80001B69204698474146F3F728FA40B92368B3
:10DD900039465B6920469847024618B91B49EEE5AB
:10DDA0000137E9E71A4958E7CB5B02080000164340
:10DDB00000401C450000E0400000FA43D65B02082A
:10DDC000F35B0208B4530208095C02081A5C0208FB
:10DDD0002C5C0208455C0208575C0208705C020873
:10DDE0007C5C0208BB5C0208C75C02087A5D020822
:10DDF000B55A02080F4C02088F5C020890580208BE
:10DE0000A55C02089E560208B45C0208B95A0208D2
:10DE1000EB56020882490B22204614F0F0F9F8B9BB
:10DE200005F11C0304F10B0118461C4614F049FBD4
:10DE30002023022204A92046FDF764FE00280ADD03
:10DE40000128049908D0059A286903689B699847B6
:10DE500020B1744993E57449744AF5E774498EE535
:10DE600074490B22204614F0CAF90746002842D113
:10DE700028690368DB68984780462046F3F7B8F9BD
:10DE80000B2804D904F10C00FEF74AF90746474570
:10DE900001DB694973E56949DFF8A49142463046E0
:10DEA00014F0ECF83046F3F7A3F93418A31B852BD4
:10DEB00005DDB8451BDD63493A462046CEE62869B4
:10DEC000036839461B6998478246286903683946C2
:10DED0005B699847524603464946204614F0CEF8FF
:10DEE0002046F3F785F90137B8450444DED1002315
:10DEF00004F8013CB6E554490622204614F07FF9A7
:10DF000038B93246214628460DB0BDE8F04FFFF73C
:10DF100055BB4E490E22204614F071F938B96B6892
:10DF2000012283F895202846FEF7DAFB91E748495D
:10DF30000F22204614F063F918B96B6883F8950036
:10DF4000F1E744490B22204614F059F938B96B68BF
:10DF500093F895300BB1404911E540490FE5404930
:10DF60000922204614F04BF930B9A8680368012152
:10DF70001B6A98473B4902E53B490822204614F0BA
:10DF80003EF9014628B9A86803681B6A98473749D3
:10DF9000F5E437490922204614F031F928B9A86878
:10DFA00003685B6A98473349E9E4B8F1000F35D15B
:10DFB00031490322204614F022F928B9A8680368E1
:10DFC0009B6A98472D49DAE42D490D22204614F02A
:10DFD00016F938B9637B13F0DF0F03D1A868036823
:10DFE0001B6C62E527490B22204614F008F938B96A
:10DFF000E37A13F0DF0F03D1A8680368DB6B54E505
:10E0000021490A22204614F0FAF838B9A37A13F00D
:10E01000DF0F03D1A86803689B6B46E51B49AEE49C
:10E02000C05C0208CC5C020812EA0208B95A020875
:10E03000CF5C0208E55C0208F15C0208FF5C0208A4
:10E04000085D02080F5D0208685902081B5D02089E
:10E050002A5D02083A5D02085B5D02080358020867
:10E06000465D0208505D02085E5D0208675D0208B9
:10E07000765D0208805D0208F54902088E5D02089F
:10E08000955D0208A35D0208AF5D0208BA5D020853
:10E0900030B50D46CBB0A5490446284608F06FF9C7
:10E0A00002A8A24A0123294608F053F902A808F061
:10E0B000B8FA002800F0388100236168042202A821
:10E0C000CDE9003308F06FF961682022043102A81D
:10E0D00008F069F90422694602A808F064F9616849
:10E0E000082228310DEB020008F05DF96168082272
:10E0F00030310DEB020008F056F96168102238311A
:10E1000002A808F050F961680422483102A808F01A
:10E110004AF9616801224C3102A808F044F96168AB
:10E1200001224D3102A808F03EF9616801224E310A
:10E1300002A808F038F90122694602A808F033F96C
:10E1400061680422503102A808F02DF961680422A8
:10E15000543102A808F027F961681022583102A84A
:10E1600008F021F961680422683102A808F01BF95F
:10E170000422694602A808F016F96168012270318C
:10E1800002A808F010F961680122713102A808F0B4
:10E190000AF961680122723102A808F004F9616885
:10E1A0000122733102A808F0FEF86168042274317C
:10E1B00002A808F0F8F8616801227A3102A808F094
:10E1C000F2F86168012201F2211102A808F0EBF8CF
:10E1D0006168012201F5917102A808F0E4F80122BA
:10E1E000694602A808F0DFF861680122783102A8C8
:10E1F00008F0D9F8616801224F3102A808F0D3F87D
:10E2000061680122793102A808F0CDF86168012225
:10E210007B3102A808F0C7F8616802227C3102A8AD
:10E2200008F0C1F8616801227E3102A808F0BBF84D
:10E2300061680422803102A808F0B5F86168012203
:10E24000843102A808F0AFF861681022853102A875
:10E2500008F0A9F861680122953102A808F0A3F836
:10E260000322694602A808F09EF8616801229631EF
:10E2700002A808F098F861680422983102A808F012
:10E2800092F8616801229C3102A808F08CF861685C
:10E290000422A03102A808F086F861680422A431A3
:10E2A00002A808F080F861687822A83102A808F076
:10E2B0007AF86168012201F5907102A808F073F8FC
:10E2C0006168042201F5927102A808F06CF8616897
:10E2D000012201F5947102A808F065F86168012235
:10E2E00001F2291102A808F05EF86168202201F508
:10E2F000957102A808F057F86168402201F5A571F0
:10E3000002A808F050F86168402201F5C57102A822
:10E3100008F049F86168022201F5E57102A808F0E9
:10E3200042F802A808F035F94BB030BDCA5D0208CA
:10E3300038B50C4605461049204608F014F830B1AF
:10E34000214628460C4ABDE83840FDF7F7BE0B4988
:10E35000204608F008F870B121462846074AFDF724
:10E36000EDFE21462846FFF793FE20460349BDE80F
:10E37000384008F004B838BDCA5D0208D55D02080F
:10E3800070B50546D2B00B4616461049426868463D
:10E3900013F074FE2868694607F0E5FF044690B163
:10E3A000296800236A460AA807F0D3FF0AA808F0E4
:10E3B00038F9044638B10AA93046FCF711FC044686
:10E3C0000AA808F0E6F8204652B070BDE15D0208E8
:10E3D00030B50446D3B00B4615460F49426868462F
:10E3E00013F04CFE2068694607F0C9FF216801233D
:10E3F0006A460AA807F0ADFF0AA808F012F9044619
:10E4000030B10AA92846FCF702FC0AA808F0C1F8B6
:10E41000204653B030BD00BFE15D020800207047C8
:10E42000836910B544695A1CA24208D2046982610A
:10E43000E154026983690021D154012010BD0020FC
:10E44000FCE7F8B505460F4616460024B44201D154
:10E450002046F8BD2B68395D1B6828469847002880
:10E46000F6D00134F2E7002070474FF0FF307047DC
:10E470004FF0FF307047704710B500230122C0E90C
:10E48000012304460160C0F88C3480F890340349BD
:10E4900000F2914014F015F8204610BD47590208CB
:10E4A000A0F12303DBB2162B04D8064A42FA03F389
:10E4B000DB0704D5402894BF0020012070470120CD
:10E4C000704700BFFC1B80FFF0B5434B0D46002A90
:10E4D00014BF16461E46E9B004463146284607F0EA
:10E4E00042FF18B90026304669B0F0BD324600231D
:10E4F000294620A807F02DFF20A808F092F806462C
:10E500000028EFD000230127C4E9017303226946E4
:10E5100020A808F004F8032803D020A808F039F850
:10E52000E1E7022204F1080120A807F0F8FF022821
:10E530000246F2D1A11D20A807F0F1FF02280546EE
:10E54000EBD13A4604F5926120A807F0E8FF0128D4
:10E55000E3D12A46211D20A807F0E1FF0228DCD1E3
:10E56000242765891F2DD8D87D4305F10C0102228F
:10E57000214420A807F0D3FF02280246CDD105F19F
:10E580000E01214420A807F0CAFF0228C5D105F1D9
:10E5900011011F22214420A807F0C1FF1F28BCD170
:10E5A00005F110010122214420A807F0B8FF01283D
:10E5B000B3D1802269460DEB020007F0B0FF80283E
:10E5C000ABD12544A288AB899A429CBF0133A3807A
:10E5D000638901336381C4E7EA5D020870B50C46C4
:10E5E0004979242988B00546164606D12188006855
:10E5F00008B0BDE8704000F0C3BB232904F1050258
:10E6000007D133462868218800F01FFC012008B09C
:10E6100070BD232311460DF101008DF8003013F079
:10E6200050FF33466A46EDE72DE9F04F054691B0BD
:10E630000F46904600F10C064FF000096B894B45E0
:10E6400005DC4FF0000A504611B0BDE8F08F347978
:10E6500018EA0404B24608D104236A463146284623
:10E66000FFF7BCFF83465C4503DB09F10109243653
:10E67000E4E739460DEB041000F0AAFBFB88834267
:10E68000E1D00134EFE700002DE9F0410D460646E8
:10E6900014492846F2F7A2FD18B906F28C40BDE8ED
:10E6A000F0812B78B6F80A80232B08BF013506F1DC
:10E6B00012070024444501DB0020F0E717F8013C75
:10E6C000232B3946284618BF07F1FF31F2F786FDA4
:10E6D000243720B9242303FB04600C30DFE7013426
:10E6E000E8E700BF475902082DE9F8438846054688
:10E6F00017461E46013911F8019FB9F1000F0AD1E2
:10E7000041462846FFF7C0FF044668B10388BB4274
:10E7100035D0478005E04846FFF7C2FE0446002892
:10E72000E9D12046BDE8F8836889C6B1431C6B81F6
:10E730002423434303F10C042B4401222C441A7478
:10E740002423584305EB00091130A9F80C601F225F
:10E750004146284400F0B6FBA9F80E70E1E71F28F7
:10E76000DFD8431C6B812423434303F10C042B4467
:10E7700001221A74AE88B3182C44AB80E0E74C46F3
:10E78000CFE700002DE9F0470D4604461B49284617
:10E79000F2F724FD20B904F28C442046BDE8F0874E
:10E7A0002B78B4F80AA0232B4FF0000708BF0135DF
:10E7B00004F10C06B846BA4501DC4446EDE773792E
:10E7C000232B14BF06F1050906F106094946284620
:10E7D0003446F2F703FD0028DFD02846F2F708FDA3
:10E7E00049460246284613F00AFD00280CBF34466D
:10E7F000444601372436A046DDE700BF47590208EA
:10E80000F0B541B144890023242500F10C06A34250
:10E8100004DB002001E000F28C40F0BD05FB03F2B8
:10E82000B75A8F4202D10C321044F6E70133EEE7BB
:10E83000C188FFF7E5BF01B10988C1807047018930
:10E8400009B1FFF7DDBF0846704701B109880181B2
:10E850007047F8B50B8863B14189002200F10E04BE
:10E860002425914207DC002400F10C022426A14259
:10E8700008DC00201DE005FB02F6A65B9E42F8D0F6
:10E880000132EEE706FB04F5575B9F4201D00134ED
:10E89000EDE74B1E9BB21A1B05F1300172430C359C
:10E8A000438101449C42C8BF0022284413F0B7FCB6
:10E8B0000120F8BD2DE9F8430546884614461E465A
:10E8C000002747451DDB21796379208811F0010F6E
:10E8D00004F10502E9881AD0232B194F194B08BF00
:10E8E000A21D884218BF3B46174930460FF081FBF6
:10E8F00005F10C074FF000096B894B4511DCBDE8B1
:10E90000F883202130460FF04BFB0137D9E7232B4A
:10E910000B4F0C4B08BFA21D884218BF3B460B494A
:10E92000E3E77A8823889A4206D133463A4608F1CB
:10E9300001012846FFF7BEFF09F101092437DBE793
:10E9400012EA0208F45D02083DEC0208F65D0208D6
:10E950000B4600F28C420021FFF7ACBF10B588B027
:10E9600091B172B100234FF47A74CDE90512CDE96B
:10E9700002340B70054C019401A90793FFF7E8FFDF
:10E98000079A104608B010BD0A46FAE7085E02086A
:10E990002DE9F74F98469DF830A090F890340092FA
:10E9A00007460D4608EA0303BAF1000F02D01BB96F
:10E9B0002C4607E0002BFBD12C462A2304F8023B0F
:10E9C0002C236B7007F112064FF000094FF02C0B4F
:10E9D0007A894A4509DCAC4288BF04F1FF34002340
:10E9E000601B237003B0BDE8F08F16F8022C31468F
:10E9F00008EA0202BAF1000F04D02AB909F10109AC
:10EA00002436E5E7002AF9D116F8012C232A18BF8D
:10EA100006F1FF3108460191F2F7EAFB0246601B5E
:10EA2000009B0199104402309842E7DA2046019297
:10EA300013F04FFD019A144404F801BBDEE7000017
:10EA4000F0B53B4B0D46002A14BF16461E46E9B0F2
:10EA500031460446284607F092FC324601232946F7
:10EA600020A807F076FC20A807F0DBFD064670B171
:10EA700080220021684613F0ECFB0322694620A89F
:10EA800007F091FC032805D020A807F082FD30464E
:10EA900069B0F0BD022204F1080120A807F083FC50
:10EAA00002280246F0D1A11D20A807F07CFC022814
:10EAB0000546E9D1012204F5926120A807F073FC14
:10EAC0000128E1D12A46211D20A807F06CFC02286C
:10EAD000DAD104F1100500276389BB42D4DD02229C
:10EAE000291F20A807F05FFC02280246CCD1A91EEE
:10EAF00020A807F058FC0228C6D11F22691C20A8B4
:10EB000007F051FC1F28BFD10122294620A807F099
:10EB10004AFC0128B8D1802269460DEB020007F0BB
:10EB200042FC802805F12405AED10137D4E700BFAF
:10EB3000EA5D0208806A704740697047836953F84C
:10EB4000210070476FF06043994270B534BF8E006A
:10EB50004FF0FF36044630460D46F6F7D8FE2060EB
:10EB60002846F6F7D4FE60603046F6F7D0FE002364
:10EB7000C4E902052361204670BD4B1C30B5024636
:10EB800005690DD000231846AB4200DB30BD946808
:10EB900054F82340641A002CD8BF01300133F3E746
:10EBA0002846F3E71830FFF7E8BF70B5024604695E
:10EBB0004FF0FF330020FF2584420ADC002B26DBC8
:10EBC0001168013C51F823001461116999420EDC6F
:10EBD00070BD966856F82060761A002E05DC5668DF
:10EBE000365CAE423CBF034635460130E4E799004F
:10EBF00014680431655844F823505468E5186D785A
:10EC0000E5549468615844F823100133DDE700208F
:10EC1000DEE71830FFF7C9BF2C30FFF7C6BF026927
:10EC20008A4230B5034618DD0068013A50F82100E9
:10EC30001A611A698A4200DC30BD8A001C680432FD
:10EC4000A55844F821505C6865186D7865549C6837
:10EC5000A25844F821200131EBE70020ECE7002125
:10EC60000430FFF7DCBF1830FFF7D9BF30B5D0E96B
:10EC70000354AC420CD0056845F8241041680A558D
:10EC80000269816841F8223001320261012030BD01
:10EC90000020FCE700231A460430FFF7E7BF70B5F9
:10ECA000044618300D46FFF7E1FF30B923682946C6
:10ECB00020465B68BDE87040184770BD70B51346CC
:10ECC000044600222C300D46FFF7D0FF30B92368F0
:10ECD000294620465B68BDE87040184770BD0000BB
:10ECE0002DE9F0410646134B46F8043B04460D4619
:10ECF0003046FFF727FF294604F11800FFF722FFEF
:10ED0000294604F12C00FFF71DFF0027AF4202DB6C
:10ED10002046BDE8F0814FF48270F6F7F6FD80469C
:10ED2000FCF791FD00231A4641463046FFF79EFF4F
:10ED30000137EBE7345E0208431E0F3013F8012F52
:10ED40001AB98342FAD10120704700207047F0B50C
:10ED5000D0F820510F2D044611DCAB1C20F8151003
:10ED600000EB031302F11007106851681E4603C63A
:10ED70000832BA423346F7D10135C4F82051F0BD0C
:10ED80002DE9F047064600258E46284606F1200864
:10ED9000D6F82011A94201DD984201DBBDE8F087D9
:10EDA00036F81510714511D108EB051C00F1010969
:10EDB00002EB00140CF1100A674603CF57452060A0
:10EDC0006160BC4604F10804F6D148460135DFE72E
:10EDD00030B5A3B0054604A80C4606F043F910224E
:10EDE0000DEB0200294606F0A4FA23780122C3F3B2
:10EDF00083030DF10D0104A88DF80D3006F01AFA09
:10EE0000628804F14A0104A806F014FA02231022D1
:10EE1000009329460DF10E030DEB020006F0A1FA56
:10EE2000BDF80E3053B90123ADF80E3004A8BDF87B
:10EE30000E4006F0FDF8204623B030BD4FF6FF72BD
:10EE40009342F3D14FF6FE73EEE72DE9F041984679
:10EE5000D0F820319EB005460E4617460024A34246
:10EE600018DC684606F0FEF83846F2F7C1F9394674
:10EE70000246684606F0DEF941466846102206F072
:10EE80000BFA284642463146FFF761FF684606F016
:10EE9000CFF812E035F81420B24211D1023405EB5C
:10EEA0000414424604F11003254603CD9D42106030
:10EEB00051602C4602F10802F6D11EB0BDE8F08187
:10EEC0000134CCE701390244131A012B02D8002384
:10EED0000370704711F8013F002BF8D000F8013B98
:10EEE000F2E7013810F8013F0BB901207047202BE1
:10EEF000F8D000207047000070B500210646F2F7F8
:10EF0000C5F8374C054640B1302323702E22A3703C
:10EF100000236270E370324870BDC6F3C7537F3B75
:10EF20001E2B99B257DC13F1170F54DBC6F31602F0
:10EF3000162B42F4000216DD173902FA01F0002EFA
:10EF400040DB0A2221460FF06FFA23782246013473
:10EF5000002BFAD12E231370EDB93021931C517080
:10EF600000221A70D7E7002B08DBC1F1170001312E
:10EF700042FA00F08A4022F07F45E0E7DB43002EB2
:10EF800042FA03F54FF0300320DA63702D222E236E
:10EF90002270A3700334E11D23460A2045432A163C
:10EFA000303203F8012B8B4225F07F45F6D1063431
:10EFB0002278302A234603D114F8012D2E2AF7D1C6
:10EFC0000133CDE72D2304F8013BBAE723702E234C
:10EFD00063700234DFE730232370002363709AE705
:10EFE0007C38002037B520490546F1F7BBFE0021EB
:10EFF00004462846F2F768F870B34FF07C5120467B
:10F00000F1F7A8FDF2F78AF84FF47A7290FBF2F369
:10F0100002FB13000028154C154AB8BF40421021CE
:10F020000090204612F0F6FF2046F2F7E1F80021AA
:10F03000431E2044002B03DD10F8012C302A0ED093
:10F040000A48F2F7D5F80138235C2E2B04BF0023C1
:10F050002354064803B030BD4FF03F41CFE700F8DE
:10F06000011D013BE6E700BF00007A446C38002038
:10F07000605E02080079704730B5002401442246E2
:10F08000FF25814202D142EA042030BD10F8013B45
:10F090001A44B2FBF5F3C3EB0323D31ADAB22344C9
:10F0A000B3FBF5F4234403F0FF04EAE710B5084688
:10F0B00011461C46FFF7E0FF031B5842584110BDA4
:10F0C0000379F7B504460D4633B9806803685B6879
:10F0D00003B0BDE8F04018470A78C2F38303032B5E
:10F0E00000F583663FD1D1F84A10334600F5A3609E
:10F0F00053F8046FB14214D102F00302023A012A1C
:10F1000094BFD4F82035D4F82435A06895BF0133D6
:10F110000133C4F82035C4F82435036829465B68F8
:10F12000D6E79842E4D1D4F81C3504EB83020133CE
:10F13000C2F81C145A4202F03F0203F03F0358BFCA
:10F140005342C4F81C35A66833685F6A0FF0B4FBFD
:10F150002369B3F87C20294602443B46304603B07D
:10F16000BDE8F040184769462846FCF71DFC04F14D
:10F17000180708223946684613F041F828B92B7859
:10F1800003F00303023B012BBAE70837B742F0D183
:10F19000D4F818246B4603CB04EBC2029061D16112
:10F1A000D4F8183401335A4202F07F0203F07F038F
:10F1B00058BF5342C4F81834C5E7704710B5044629
:10F1C0000321D0F828050EF00DFED4F82805022101
:10F1D0000EF02CFE2369D4F82805D3F880100622FF
:10F1E0000EF05EFE0123237110BD10B50446D0F869
:10F1F00028050EF0E4FD0023237110BDFFF760BF6A
:10F2000010B540F234610446F6F783FB204610BD8A
:10F2100003792DE9F041044633B10026D4F82805DE
:10F2200003681B69984708B9BDE8F081D4F8280540
:10F2300003685B699847B4F83236012BC0B217D81F
:10F2400043B9C028EAD15A1C2344A4F8322683F8D3
:10F250002C05E3E73E28F6D0C02815BF0023012384
:10F26000A4F83236A4F8323608BF84F82C05D5E766
:10F270005A1C92B22344032AA4F8322683F82C05A0
:10F28000CCD9B4F82E556DBAADB2B5F5807F02D9A0
:10F29000A4F83266C2E7AB1D9A42BFD1621904F5E9
:10F2A000A66892F8301592F83135204643EA0123DA
:10F2B0002A464146FFF7FAFE0028E9D0A068036815
:10F2C0001B68984707460028E2D0EAB24146FCF79F
:10F2D00025FB28B12368DB69394620469847D7E7E4
:10F2E000A068036839465B68F8E730B5C3B00546E7
:10F2F000084601A9FCF7E7FA4FF47B530446ADF842
:10F3000000308DF803000023014601A88DF802307B
:10F31000FFF7B2FE0DEB0403020A5871D5F8280579
:10F320001A710368A21D5B686946984743B030BDF7
:10F3300038B5037904460D4653B149B11430FAF794
:10F3400030FC28B929462046BDE83840FFF7CDBF3C
:10F3500038BD000070B58360049B04460025C0E9F9
:10F360000331104B43611646057129464FF4806204
:10F37000183012F06EFFC4F818544FF4807229460A
:10F3800004F21C4012F065FF074BC4F81C55C4F88A
:10F390002455C4F820552360C4F82865A4F83256D3
:10F3A000204670BD5C4E0208705E0208024A137867
:10F3B00043F01003137070478C38002038B50446B2
:10F3C00040680A490368D3F8B0309847084BA068F2
:10F3D00000251D7003681B6B9847012801D1FFF7BA
:10F3E000E5FFA561A583256238BD00BFADF3000828
:10F3F0008C380020838B41833F2B82BF0023838383
:10F4000003627047034B187800F0EF00431E584228
:10F41000584170478C3800202DE9F041174E347860
:10F4200014F0100405460F46904616D04068036855
:10F430000121DB6E9847041E0DDD686844450368B2
:10F44000A8BF44461B6B22463946984790B16B696A
:10F4500001336B610024002333703378012B06D015
:10F46000686803689B69984708B901233370204690
:10F47000BDE8F081EB680133EB60ECE78C380020ED
:10F48000406808B50368DB6F98474FF47A73B0FBA8
:10F49000F3F008BD10B50446406803689B6A9847BE
:10F4A000A06803689B699847014B00221A7010BD41
:10F4B0008C38002040680368D3F89C30184700005F
:10F4C00070B5094E3378DB0604460CD40368DB6B59
:10F4D0009847054638B9236820461B6C9847357015
:10F4E0002583A583256270BD8C38002010B5174B8D
:10F4F0001A78838B012A044617D13F2B17D803684B
:10F50000DB6B984780B9236820469B6C9847F1F7DE
:10F5100005FEB4F918300D33984205DCA38B013396
:10F52000A383236A0344236210BD3F2BFCD9236AC3
:10F53000002BF9D0B8BF3F3343F38F136FF077023E
:10F540009342B8BF134623830023ECE78C38002096
:10F5500006490B78024613F0100005D000230B700B
:10F560001369013313610120704700BF8C380020FC
:10F570000739234B2DE9F04153F821800446014619
:10F5800040461546F1F7AAFDC0BB2846F0F72AFF12
:10F590001C4B0022F0F790FF02460B4600201A4950
:10F5A000F0F7D2FD06460F4620464146F1F7D0FA65
:10F5B000F0F72AFF154B0022F1F7A8F802460B4698
:10F5C00030463946F0F778FF0F4B002204460D46CF
:10F5D000F1F7E4F960B10022002320462946F1F753
:10F5E000FBF940B120462946F1F75EFABDE8F0810B
:10F5F000054D0024F6E700240025F3E70020F5E799
:10F60000905E02080000703F0000F03F00002440C0
:10F61000406808B503681B699847024B00221A70BE
:10F6200008BD00BF8C380020F8B504468068036828
:10F630005B690D46164698476068036832465F6A04
:10F6400029460023B84720B9064B03221A7001202F
:10F65000F8BD2046FFF7DCFFA06803689B69984768
:10F660000020F5E78C380020406808B503689B69E6
:10F67000984710B9014B01221A7008BD8C38002040
:10F6800038B5B0F91A30054673B10368DB6C98479A
:10F69000064B0446002228461A70FFF7E5FF14F1D6
:10F6A0000F0018BF012038BD1846FCE78C38002039
:10F6B0000846114606291A4601DDFFF759BF00200A
:10F6C0007047002070470000F0B51D4F1D4CD7F863
:10F6D000E03585B0002200921B4A04EA832303EB45
:10F6E000C12307CA01AD85E80700D7F8E02504EA81
:10F6F000822203F1FF6602F1FF6106F5F02601F5B3
:10F70000F021B14218D802F10062013AB24213D39B
:10F71000A3F50043DB0A0293F2F734FC694628465E
:10F72000F2F7C2FC0446F2F73FFC002C14BF6FF066
:10F730000400002005B0F0BD6FF01500FAE700BF2F
:10F740000070FF1F00FCFF03AC4202082DE9F047E8
:10F75000204E214FD6F8E04507EA842404F1FF64E7
:10F7600004F5F02414441D4604EBC124F2F70AFC0E
:10F77000804678B9089B23F0070303EB04096FF078
:10F78000784AA1450AD1F2F70FFC40EA080010F0D0
:10F79000FF0001D06FF00400BDE8F087D6F8E03537
:10F7A00007EA832303F1FF6202F5F022A24202D8A6
:10F7B0005344A34204D2F2F7F7FB6FF01500EBE7D6
:10F7C0002146F5E802230120F2F728FC08348046A0
:10F7D000D7E700BF0070FF1F00FCFF0338B51846D5
:10F7E0001546049A8BB182B1094B0A4CD3F8E03527
:10F7F00004EA83242C4404F1FF6404F5F02404EBB0
:10F80000C12112F066FE002038BD6FF01500FBE745
:10F810000070FF1F00FCFF0310B5034B036004469C
:10F8200006F047FD204610BDB05E020810B5044644
:10F83000FFF7F2FF20465021F6F76BF8204610BD87
:10F8400010B50449044606F03DFD034B23602046F5
:10F8500010BD00BF24010020B05E020813B50023D4
:10F860008DF807309DF80730044603F0FF014BB1D7
:10F87000204606F04AFD0021204602B0BDE81040B7
:10F8800006F032BD06F030FD0028F1D002B010BD08
:10F890000148FFF7D5BF00BF9038002008B50248E7
:10F8A000FFF7BAFF08BD00BF90380020028BC08A66
:10F8B000101A7047C28A018B914288BF01690346C2
:10F8C00083BF885C0132DA824FF0FF307047028BD1
:10F8D000C38A9A4286BF0269D05C4FF0FF307047FE
:10F8E00070B54FF47A730E460021C0E90113034648
:10F8F00015462B4A43F8C42B0446C0F8C4109C227A
:10F90000C3E90111C0E93411C0E93611C0F8E010B3
:10F91000283012F09EFCF3B2192B19D8214A52F864
:10F92000233006F4E0661E43EBB2192BC4F8846062
:10F9300022D81C4A52F8233005F4E0651D43002309
:10F94000C4F88850E36123842361A382204670BDFC
:10F9500006F0C002C02A0CD1C82B0AD8124B06F000
:10F960003F0206F4E06653F822200E4B53F8223093
:10F97000D9E74FF0FF36D7E705F0C002C02A0CD117
:10F98000C82B0AD8084B05F03F0205F4E06553F890
:10F990002220044B53F82230D0E74FF0FF35CEE75A
:10F9A000C05E0208F4460208D046020838B5044694
:10F9B000283000F0A9F8E06918B111F005FA002329
:10F9C000E36120690025258410B111F0FDF925615E
:10F9D000A58238BD38B50546074B45F8D43B0446EB
:10F9E000FFF7E4FF2846F5F7A0FC04F1C400F5F7A3
:10F9F0009CFC204638BD00BFC05E0208B1F5806F98
:10FA000070B505460C4610D8038C99420AD92029B6
:10FA10000E4638BF2026C069314611F0F7FA18B1FA
:10FA2000E8612E84204670BDFEE70024FAE713B596
:10FA300090F824308DF8071004467BB1418C0131D9
:10FA4000FFF7DCFF40B1638CE2699DF80710D154E9
:10FA5000638C01336384012002B010BD01220DF1DB
:10FA60000701283000F0A0F8B0FA80F04009F3E771
:10FA700070B590F8243004460E46154693B1418C7B
:10FA80001144FFF7BBFF10B90025284670BD638CF9
:10FA9000E0692A461844314612F01BFD638C2B4462
:10FAA0006384F2E792B2283000F07EF80028EBD1B0
:10FAB000EBE70346006918B19A8A002112F0C9BB2E
:10FAC00070470346C06918B11A8C002112F0C1BBFF
:10FAD000704738B504460025C5820583FFF7E9FF66
:10FAE00065842046FFF7EDFF38BD00000248C822BC
:10FAF000C721FFF7F5BE00BFE03800200148FFF73F
:10FB000069BF00BFE038002010B5044690F96400DA
:10FB1000F2F7E8F894F96500F2F7E4F8201DF2F73F
:10FB20005FFC206E0321F6F743FBE06D0321F6F73F
:10FB30003FFB2368194A93420ED14FF0B0439A6BB2
:10FB400042F400129A639A6B22F400129A639A6D3F
:10FB500022F400129A6510BD114A93420DD14FF064
:10FB6000B0439A6B42F480029A639A6B22F480024B
:10FB70009A639A6D22F48002ECE70A4A9342EAD132
:10FB80004FF0B0439A6B42F400029A639A6B22F4EE
:10FB900000029A639A6D22F40002DBE700540040F1
:10FBA00000580040005C0040202A30B514D80023E3
:10FBB0009CB2A24207D890F894301344DBB280F88C
:10FBC0009430002030BD90F89440CD5C1C44044437
:10FBD000013384F87450EBE70120F3E770B590F837
:10FBE0009130012B04460E46A0F1040509D1436E65
:10FBF0003BB1836E28469847022384F89130002356
:10FC00006366012E4FF0000312D1E26E84F891304A
:10FC10001AB184F890302846904794F8902004F167
:10FC2000700120464FF00073BDE87040F2F7F2BB60
:10FC30000122636684F89120616E74312944204664
:10FC40004FF08073BDE87040F2F746BC10B590F8F5
:10FC50009130012B044604D1436E13B1836E0438F6
:10FC60009847022384F89130002363662046BDE85C
:10FC70001040F2F793BC436E1F2BDEBF436E01337F
:10FC8000436690F89130012BDAB206D1416E7031A3
:10FC90004FF080730144F2F71FBC7047002380F8D7
:10FCA0009030704790F892300BB9F2F777BC7047FC
:10FCB000014B1868F2F786BCC4390020014B186864
:10FCC000F2F77BBFC4390020014B5868F2F77ABCC9
:10FCD000C4390020014B5868F2F76FBFC4390020C7
:10FCE000014B9868F2F76EBCC4390020014B98684C
:10FCF000F2F763BFC43900202DE9F041104D2F46C3
:10FD000004468C4690469E46061D0FCF0FC697E8C8
:10FD10000700069B86E807001C35A362079BE36289
:10FD20000FCD04F13006C4E9088E0FC62B6833608E
:10FD3000002363642046C4F800C0BDE8F08100BF22
:10FD4000B842020810B50446006803685B6C984727
:10FD50002068216A036882689B6898472068216A46
:10FD600003680269DB68BDE8104018470068036853
:10FD70009B6C18472DE9F0410D461946037C04465B
:10FD8000407CADF5007DDE08082B5FFA85FC06EBB4
:10FD9000D0066389879FD0B295BF40EA0C004CEA39
:10FDA000122C8DF800008DF8010092BF0DF10100BA
:10FDB0008DF800C00DF10200AB423E443A462CD112
:10FDC00012F087FB206803685B6B98472068216A04
:10FDD0000368C268DB689847206803683246D3F836
:10FDE0003880694640ABC0472068216A03680269D1
:10FDF000DB68984720680368DB6B98472389AB4230
:10FE000007D1217C869840AB3A4603EBD10112F032
:10FE100060FB0DF5007DBDE8F081A18912F019FAB3
:10FE2000D0E72DE9F04FADF5017D04468C9F9DF89C
:10FE300034A21646D5199946002B55D0684612F0C3
:10FE400048FB8A993A460DEB060012F042FB206807
:10FE50000368BAF1000F05D0E26A013254D1DB69C0
:10FE600032219847206803685B6B98472068216AB5
:10FE70000368C268DB689847206803680DF58078DE
:10FE8000D3F838B02A4643466946D8472068216AE5
:10FE900003680269DB68984720680368DB6B984752
:10FEA000BAF1000F07D0E26A20680132036845D139
:10FEB000DB6901219847656935B1002F5CD0E37C8F
:10FEC00018F80300A8470546B9F1000F07D1A37C35
:10FED0008B9806EBD3013A46414412F0FAFA2846D1
:10FEE0000DF5017DBDE8F08F837C68464FEAD308AD
:10FEF00005EBD30512F0EDFAA18908EB07020DEB33
:10FF0000060012F0A6F9A2E75B6A984780462068CF
:10FF1000E16A03681B6998470028A3D0206803683A
:10FF20005B6D9847206803685B6A9847E369A0EBBC
:10FF300008009842EBD36FF43075D0E71B6A0121BB
:10FF40009847206803685B6A984705462068E16A1D
:10FF500003681B6998470028ADD0206803685B6D73
:10FF60009847206803685B6A9847E369401B98429A
:10FF7000ECD36FF43075A7E73D46A5E7F0B51E4614
:10FF8000037987B005460F463BB9CDE900620A46C2
:10FF90000189FFF7EFFE07B0F0BD90F9114090F82E
:10FFA00011C0002CB8BF0734E410013C64B204ABAC
:10FFB000E0001946002C12DA2C7CE408601E40B2E6
:10FFC000B0F1FF3F15D10123CDE9022300230196B3
:10FFD000009304EBDC022846FFF723FFDBE7B5F8CC
:10FFE00008E0013C4EFA00FE03F801EB64B2083869
:10FFF000E0E74FEAC00E27FA0EFE03F801EB0138E6
:020000040801F1
:10000000DDE7F0B589B000238DF817300379044699
:100010000A465BB9012101910DF117010091018997
:10002000FFF7A8FE9DF8170009B0F0BD90F9113058
:10003000467C002BB8BF0733DB10013B5BB206A840
:10004000DD000146002B13DA257CED086B1E5BB248
:100050005F1C15D10123CDE902330DF11703019384
:100060000023009305EBD6022046FFF7DAFED9E71E
:100070002789013B2F4100F8017B5BB2083DE1E796
:10008000DF0022FA07F700F8017B013BDFE7F0B55C
:1000900016461A46037987B005460F4643B9CDE99F
:1000A00000320A4633464189FFF764FE07B0F0BDCF
:1000B00090F9114090F811C0002CB8BF0734E4103B
:1000C000013C64B204ABE0001946002C12DA2C7C2F
:1000D000E408601E40B2B0F1FF3F15D10123CDE925
:1000E00002230022CDE90062284604EBDC02FFF780
:1000F00098FEDBE7B5F80AE0013C4EFA00FE03F893
:1001000001EB64B20838E0E74FEAC00E27FA0EFEB2
:1001100003F801EB0138DDE7F0B5037989B0044657
:100120000D468DF8172053B90122CDE900320A4659
:100130000DF117034189FFF71DFE09B0F0BD90F9DD
:100140001130467C002BB8BF0733DB10013B5BB29C
:1001500006A8DA000146002B13DA227CD208531ECF
:100160005BB25F1C15D10020012301900DF1170037
:100170000090CDE9023302EBD6022046FFF751FE94
:10018000DBE76789013B174100F8017B5BB2083A66
:10019000E1E7DF0025FA07F700F8017B013BDFE725
:1001A0002DE9F0479DF820A09DF828709DF82C902F
:1001B0001C4643EA0A03072B05460E46904642D8E2
:1001C000544540D3FFF71DFF631CFF22DBB2CAF189
:1001D000080A02FA03F342FA0AF21343DB43DBB2E2
:1001E00080EA0802134205D1B9F1000F02D10020C4
:1001F000BDE8F08720EA030403EA08031C43E4B2E5
:10020000224631462846FFF787FF286803689B6A25
:1002100098479DF824804FF47A73814603FB08F8D1
:10022000286803689B6A9847A0EB0903434502D3FB
:100230006FF00F00DCE731462846FFF7E2FE604032
:100240000742EDD1D3E76FF00A00D1E77FB59DF803
:1002500024600396089E9DF82850CDE901360023BE
:1002600000930446FFF7DDFD38B935B1A36923B12A
:10027000204604B0BDE87040184704B070BDF0B52A
:1002800090F9114090F811C0002CB8BF0734E41069
:1002900087B0013C64B205AD0F46E6002946002C4C
:1002A0000DDA9DF8344002949DF83040CDE90034D9
:1002B00013464FEADC02FFF7C9FF07B0F0BD47FA6B
:1002C00006FE013C05F801EB64B2083EE7E77FB5A6
:1002D0009DF824600396089E02960026CDE900361C
:1002E00001239DF828500446FFF79BFD38B935B12E
:1002F000A36923B1204604B0BDE87040184704B09C
:1003000070BDF0B590F9114090F811C0002CB8BF45
:100310000734E41087B0013C64B205AD0F46E60037
:100320002946002C0DDA9DF8344002949DF83040A7
:10033000CDE9003413464FEADC02FFF7C8FF07B0EF
:10034000F0BD47FA06FE013C05F801EB64B2083E39
:10035000E7E770B586B000238DF8133090F91130BF
:10036000427C002BB8BF0733DB10013B04465BB275
:1003700005A8DD000146002B16DA0123CDE9023382
:100380000DF11303019300230093D2082046FFF7D9
:1003900048FD054628B963691BB19DF813009847CD
:1003A000E080284606B070BDE689013B2E4100F88A
:1003B000016B5BB2083DDEE770B50B46054601F107
:1003C0001404303053F8046B40F8046BA342F9D1A5
:1003D0006A640E1F01F11004286856F8041F0368B0
:1003E00082689B689847A642F6D170BD406C18B9E8
:1003F00070478B4204D018300378002BF9D118468F
:100400007047F8B50546FFF7F1FF88B1041D05F107
:100410002C0605F1400756F8041F002904DB286864
:1004200022680368DB689847BE4204F10404F2D1F5
:10043000F8BD00000648074B074A1B68B3FBF2F300
:1004400010B544684B434268121B9342FBDC10BD5D
:10045000001000E04000002040420F00CBB2192BFA
:1004600009D80F4A52F8233001F4E0601843431CC6
:1004700018BF0846704701F0C002C02A0CD1C82B33
:100480000AD8084B01F03F0201F4E06053F8222043
:10049000034B53F82230E9E74FF0FF30704700BFBD
:1004A000F4460208D0460208704790F8282008B5A4
:1004B00012B103681B6B9847BDE80840F5F7C4BC50
:1004C000C0690EF031BCC0690EF060BCF8B50746DB
:1004D0000C465D1E8E18B44200D1F8BD14F8011B05
:1004E000F86900220EF054FC05F8010FF3E70DF057
:1004F0009ABF4B1C084603D00021C0B20DF0B8BE15
:100500007047084611461A46431C02D0C0B20DF08F
:100510002FBE7047C0690EF038BCD0E90812C06920
:100520000EF012BC084611461A46431C01D00EF0CC
:100530005BB9002070470EF0C1B90EF0BDB9084696
:100540000EF0BEB94B1C084601D00DF0D3BE70476B
:100550001FB5084611461A46431C13D00024CDE9A6
:100560000044CDE9024421B1074B0393074B0091AE
:10057000029369460DF0F0FE029B1BB1694603220F
:100580000846984704B010BDC95E0008A95E00087F
:100590004B1C084601D00EF0E9B800207047084611
:1005A000431C114601D00EF0A7B870470846431C03
:1005B000114601D00EF036B8704710B52C21044614
:1005C000F5F7A7F9204610BD90F8282012B103686E
:1005D0001B6C18477047000070B586B004AD85E805
:1005E0000C0004230322CDE90132012200230E4630
:1005F00000921946044603F07DFE95E80300064B81
:10060000236004F12003E66183E803000023204611
:1006100084F8283006B070BDEC5E02080368D3F899
:10062000DC3018470368D3F8E030184770472DE9ED
:10063000F04385B00F464FF0000801230DF10F0283
:1006400040F6E70106468DF80F8002F0B4FA044642
:10065000002855D133683046D3F8D8309847042164
:100660008146FFF7C3FE032105464846FFF7BEFE5D
:1006700028B165B90E2F47DD6FF00C0440E017F18B
:10068000090FF9DB002DF7D007F1090303E00E2F66
:10069000FBB20EDD0933DBB21F2BEDD8012507239A
:1006A000224600950421304602F066FA04230446EF
:1006B0000DE01133DBB21F2BDED80122234600925E
:1006C0000421304602F058FA45460446032386F8D2
:1006D0005831ACB92946304601F0E7FA044678B9FA
:1006E0000422F9B2304602F0FCFA044640B9012374
:1006F0000DF10F0240F6E701304602F055FA0446CC
:10070000204605B0BDE8F08307F11103DBB21F2BD3
:10071000B2D80122234600920421304602F02CFA7E
:1007200003230446D3E7000010B502F098FA04460C
:1007300005480EF090FD04480EF081FD10B102480E
:100740000EF083FD204610BD7840002010B5044611
:1007500003480EF07DFD2368BDE81040184700BF38
:100760007840002001480EF059BD00BF78400020BD
:1007700010B54FF4DE710446F5F7CBF8204610BDF6
:10078000F0B587B004469DF844E09DF830509DF8E0
:1007900034609DF93870BDF83CC0CDF814E0DDF848
:1007A00040E0CDF810E0CDE9027CCDE9005600F044
:1007B00030F9014628B9204607B0BDE8F04003F003
:1007C0008FBA07B0F0BD012A02D101600020704746
:1007D000022A05D0032AF9D0002AF7D10260F5E7F2
:1007E0000B680360F2E700001FB50023CDE900139A
:1007F000084B03930848094B029369460EF0D4FC5A
:10080000029B1BB1694603220846984705B05DF874
:1008100004FB00BF4D07010878400020C70701080E
:10082000F0B587B004469DF93450BDF838609DF8A6
:1008300040700497CDE901560F9F0C9D03970095DA
:1008400000F021F9014628B9204607B0BDE8F04084
:1008500003F046BA07B0F0BD10B5044600F088F9C1
:10086000014B2360204610BD545F02087047000012
:1008700008B5A1F11A030846032B16D8DFE803F0E8
:100880000A0206110B480EF01DFD08BD09480EF0C6
:10089000E5FCFAE707480EF0F7FC80F00100C0B273
:1008A000F3E704480EF007FDF7E7BDE808400DF058
:1008B0005DBF00BF784000200846A0F11A03032B5B
:1008C000114601D90DF0AEBE704710B52C2104467B
:1008D000F5F71FF8204610BD08461C28114604D81D
:1008E0001A2810D809D00DF007BF1D28FBD1B2FA85
:1008F00082F1054849090EF0D1BCB2FA82F10248F2
:1009000049090EF0B3BC70477840002037B5044663
:100910002C20F4F7FAFF0A4B0A4905460CCBFFF7E7
:100920005BFE094B2B601B221D23CDE900322946BB
:100930001C231A222046FFF7DFF9204603B030BD02
:10094000BC600208784000205C6002084AB11629A9
:100950000B466FF00800A8BF16238342B8BF0346BA
:1009600013700931C9B21F298CBF6FF00C00002031
:100970007047000010B5012986B006D002292BD09F
:10098000C9B16FF0130006B010BD002203680592D4
:10099000194A04924FF0080C0A22CDE9022C4FF0BC
:1009A000120E0722CDE9002E1449D3F8F040144A64
:1009B0000923A047E7E7104A0368039210240A229C
:1009C000CDE901240F4A04910092D3F8F4400E4A75
:1009D0000E4B0A49A047D6E7002302680393064B53
:1009E00002930A210123CDE900310449D2F8FC40E9
:1009F0000622A047C7E700BFCDCCCC3F0000D943BB
:100A00000000FA4233331C439A9999400000A040F9
:100A100070472DE9F34198469DF8343001930C9BC3
:100A200000930E461746BDF82C309DF824209DF803
:100A300020109DF92850044601F0FEFA00BB2368FF
:100A40004146D3F8E83020469847C8B9236839466C
:100A5000D3F8E4302046984790B923683146DB6BE1
:100A60002046984760B90121204601F01EF938B9A7
:100A700023685B6D2946204602B0BDE8F041184767
:100A800002B0BDE8F081F0B585B00E469DF8387033
:100A9000029711460D9F01971A46BDF8303000931A
:100AA0000A9B9DF92C50044601F01CFB90B9236869
:100AB0003146DB6B2046984760B90121204601F0A2
:100AC000F4F838B923685B6D2946204605B0BDE8C7
:100AD000F040184705B0F0BD70B50E461D461146F2
:100AE0009DF81430049A044601F070FB88B923681D
:100AF0003146DB6B2046984758B90121204601F06A
:100B0000D4F830B92368294620465B6DBDE87040B3
:100B1000184770BD73B50E4611461A469DF824302D
:100B20000193089B00939DF818309DF91C500446D2
:100B300001F062FB90B923683146DB6B2046984791
:100B400060B90121204601F0B0F838B923685B6D27
:100B50002946204602B0BDE87040184702B070BD7B
:100B600010B54FF4DE710446F4F7D3FE204610BDF5
:100B700010B5044600F068FC034B2360034BC4F837
:100B80004C31204610BD00BFD4600208C46002088A
:100B900070B50C460546144920461646F0F794FAFF
:100BA000F0B112492046F0F785FAC8B12EB12146BE
:100BB0002846BDE8704003F0F7B8D5F85411204638
:100BC000EFF7C6FF0A4920F00040F0F77DFA002851
:100BD000EDD02146284600F0DAFE0028E7D070BDAF
:100BE0006FF00B00FBE700BF0000164300007044ED
:100BF0000000A0410022FFF7CBBF0000036873B5DF
:100C00009B6D1646002205460C46984790B99EB14A
:100C10000B4B04F1090203EB420113F8123091F976
:100C2000014003F00F021B090021009128462146D4
:100C300003F066F802B070BD04220723F4E700BF9A
:100C4000D46102080122FFF7D9BF000030B5074B7D
:100C500005460FCB85B06C4684E80F002B68214613
:100C6000D3F8A0302846984705B030BDE8420208C6
:100C700013B5036800220092DC6940F2722202235D
:100C80006FF07F41A04702B010BD000030B5074BA8
:100C900005460FCB85B06C4684E80F002B682146D3
:100CA000D3F894302846984705B030BDE842020892
:100CB00082B02DE9F041012906A880E80C000B9CC8
:100CC0009DF826609DF8277009D0022975D000296B
:100CD0004BD06FF01300BDE8F04102B070479DF8B3
:100CE000188042F2107000FA08F0EFF7E3FF514964
:100CF00005460798F0F736F801462846F0F7E6F87B
:100D0000F0F732FAA8F10503DBB2012B9DF8283089
:100D100005468BBF08210021112019200BBB4FEA8B
:100D2000880304EB4707002EC8EB47020CBF1426CC
:100D3000002601EB8201DBB2314409B25A1E0029C0
:100D4000A8BF521892FBF3F3BDF824209DF82010A1
:100D50009BB2083201FB032300EB83006843800849
:100D6000B9E7A8F102039B00DBE7F800EFF7A6FF65
:100D700005463046EFF7A2FF01462846EFF7EAFEA8
:100D80000546BDF82400EFF799FF01462846EFF726
:100D9000E1FE0546E000EFF78DFF01462846EFF73C
:100DA000D9FE254904460698F0F790F801462046FA
:100DB000F0F78CF8F0F7D8F98DE79DF81930032B90
:100DC00034D8DFE803F002282D30062363430433D0
:100DD0000522B3FBF2F39CB23022B4FBF2F303EB37
:100DE000830000EB800002FB13444000A4B280B2F9
:100DF00014B10234204480B29DF82430C3EBC30206
:100E000003EBC20300EB43000C4B80B25843EFF7F7
:100E100051FF0B49CCE704EB4404C4F34F04DBE778
:100E20006400A4B2D8E704EB4404FAE76FF00900C9
:100E300051E700BF0000204100007A4400127A0010
:100E40001D24F44308B50846EFF734FF0249F0F7D4
:100E50003DF8F0F789F908BD00007A41036889B2CE
:100E6000D3F8EC3018470368D3F8DC301847D0F8D3
:100E70005C01704700F00E03062B0BD0082B0CD042
:100E80000A2B0CD00138C0B2FD288CBF6FF00100D6
:100E9000002070476FF43070704702487047024876
:100EA000704700BF3EFDFFFF3DFDFFFF70470000A4
:100EB0002DE9F0428AB004460F4601F0FFFE05AE70
:100EC00000230DF11C090128C9E9013305460793E8
:100ED0000593B3803DD194F86131042B35D80433A8
:100EE000DBB28DF8243094F860318DF81C30D4F8E2
:100EF00068310893B4F86631ADF8143094F8633172
:100F0000003B18BF01238DF8173094F86431591E47
:100F10004B424B418DF8163094F86231003B18BFBC
:100F200001238DF81830039796E80300099B019080
:100F3000ADF808100093216899E80C008E6F2046E8
:100F40002946B0470AB0BDE8F082072B08BF082346
:100F5000C7E730BBD4F87001EFF7ACFE014621487B
:100F6000EFF7B4FF0790D4F87401EFF7A3FE94F8FD
:100F70007B31089013F0FB0F11D0022B03D09A1F86
:100F8000534253415B00B4F88021ADF8142094F82B
:100F90007C218DF816208DF817300025C3E701233A
:100FA000F1E703280ED1B4F89C315BBAADF81C30E0
:100FB00094F8A3318DF81E3094F89E318DF81430DA
:100FC0000225B0E7022809D1D4F87001EFF772FECC
:100FD00001460448EFF77AFF0790DEE76FF0130051
:100FE000B0E700BF00007A4910B50C4659B101F0D6
:100FF00065FE012802D0032803D038B920700020F4
:1010000010BD0220FAE76FF00200F9E76FF013005D
:10101000F6E708B5D0F85C010221FFF7F2F94FF0CE
:10102000FF3008BD37B50D46044690F85811D0F88A
:101030005C01FFF7E6F95DB90123CDE90033002338
:10104000D4F85C011A46D121FFF75BF903B030BD3B
:101050002946204601F014FE0028EDD0F6E707B53A
:1010600000238AB20093114601F0DCFD03B05DF865
:1010700004FB1FB50023ADF80C300123CDE900338C
:1010800003AA02231221D0F85C01FFF7F8F8BDF89B
:101090000C0040BA80B205B05DF804FB2DE9F041C8
:1010A000002486B0FF270226CDE90274CDE9004670
:1010B00005462346224640F6E201D0F85C01FFF7E0
:1010C0006FF8CDE90274CDE900462346224640F68A
:1010D000E501D5F85C01FFF763F86FF07F41284622
:1010E00001F0E5FCD5F85C31186803680A21DB697A
:1010F00098472746264601230DF1170240F61901AD
:1011000028468DF8176001F056FD9DF8170000F095
:101110000100A04001343843082CC7B2EBD12B6842
:1011200002244FF0FF081B6928469847CDE9014883
:1011300003960096D5F85C010023012240F6E201F7
:10114000FFF72EF8CDE90286CDE900640023D5F83B
:101150005C01012240F6E501FFF722F8384606B0AF
:10116000BDE8F08190F83410022938B5044605D066
:10117000032911D06FF01805284638BDD0F85C015E
:10118000FFF73FF9D4F89811204601F090FC05468E
:10119000002384F83430EFE790F85811D0F85C0160
:1011A000FFF72FF90021204601F06BFC05460028CF
:1011B000E2D1D4F85C311868D96A026812699047A4
:1011C0000028E5D0D4F85C31186803685B6D984757
:1011D000EFE7D0F85C3110B50446186803681B6966
:1011E0009847C1B22046BDE8104002F03BBF10B5A1
:1011F0004FF4DE710446F4F78CFB204610BD036803
:1012000010B5D3F8EC3044F2FF310446984728B9C2
:10121000236820461B69BDE81040184710BD000038
:1012200010B5044601F04AFD01280ED1236820467E
:10123000D3F884309847C3050AD410F0800F14BF48
:101240006FF00E004FF0FF3010BD6FF01300FBE7A2
:101250000048F9E742FDFFFFF7B505460E4601F0ED
:101260002DFD012833D12B6828461B699847044679
:1012700050BBD5F85C010221FFF7C3F8B1682846DE
:1012800002F0C0FEF1680746284602F0BBFE00945B
:10129000234682B2B9B2284601F0C4FC044698B98C
:1012A0002B6844F2FF31D3F8EC30284698470446C7
:1012B00050B973680193F3780093B37872783178FA
:1012C000284601F00BFC0446204603B0F0BD6FF049
:1012D0001304F9E710B5044601F0F0FC012812D11F
:1012E000204601F023FE10F4004FC0F3072018BF82
:1012F000A0F58070EFF776F8044B0022EFF7DCF8EA
:10130000EFF7D2FB10BD0248FCE700BF0000D03F62
:101310000000A0C12DE9F3411D4603681B69044686
:101320000F4616469847002846D16DB92368002E0F
:10133000DB6F14BF3146FF21204698474FF47A7384
:1013400000EB8000B0FBF3F52846EFF7B3FC2D4926
:10135000EFF708FD2C49EFF7B9FDEFF705FF23681C
:1013600000220092D3F81C800146022340F2722230
:101370002046C04700BBD4F85C31186803685B6A3C
:1013800098478046D4F85C311868596A0268126937
:101390009047A0B10025236820461B69984718B1E3
:1013A0006FF43073984207D12368D5B12368204683
:1013B000DB6A98476FF0050002B0BDE8F081D4F811
:1013C0005C31186803685B6D9847D4F85C31186825
:1013D00003685B6A9847A0EB08008542D2D20125DA
:1013E000D9E7D3F8843020469847236B1842DDD1E3
:1013F00023681B6B32463946204602B0BDE8F041F7
:10140000184700BF00007A4400007A41036810B515
:10141000D3F894300446984730B110BDD4F85C310D
:10142000186803685B6D9847D4F85C311868596A8E
:101430000268126990470028F0D023682046D3F84C
:101440009830BDE81040184738B504460D4602F004
:10145000B5FD0022C4F85421C4F86821C4F88421E1
:1014600040F20162A4F89C212B4A2C4B12692360A4
:10147000032000230121C4F89F21294AC4F84C31DC
:10148000C4E95C33C4E96933C4E96C3384F850318E
:1014900084F85801C4F8603184F86431A4F86631E6
:1014A00084F86C11C4F87831A4F87C3184F87E316A
:1014B000A4F88031C4F8883184F88C31C4F89031B4
:1014C00084F89431C4F8983184F89E0184F8A331EB
:1014D000A4F8AC31C4F8B8316260FF22A26084F88D
:1014E000493184F84A3102220423C4E90423E1602B
:1014F00010230821C4E9061320204023C4E908036F
:10150000C4F85C514FF480738025C4E90A534FF44A
:1015100000732363204638BDE84202081C620208BB
:101520000024743F10B5032ABDF8084011D80929DA
:1015300080F89C2110D85A1E032A80F89D110ED8DD
:10154000B4F5007F80F89E310CD2A0F8AC410020A9
:1015500010BD6FF00900FBE76FF00700F8E76FF0D0
:101560000A00F5E76FF06900F2E7D0F85C3170B57A
:101570000446186802680D469668996A8268B04702
:10158000D4F85C311868996A0268D668C268B047B6
:10159000D4F85C31186803680121DB699847D4F8F6
:1015A0005C311868996A0268D6680269B047F5B17B
:1015B000D4F85C31186803685B6A9847064623686C
:1015C00020461B699847054688B1D4F85C311868F5
:1015D00003685B6A9847801BB0F57A7F08D2D4F81D
:1015E0005C31186803680A21DB699847E7E7002542
:1015F000284670BD036810B5D3F884300446984778
:10160000430410D5D4F8B811204601F00F0101F0C1
:101610006DF950B923682046D3F8EC30BDE810408E
:1016200044F2FF3118476FF0040010BD2DE9F04778
:10163000984603681B6904460F46164698470028DB
:1016400041D194F86131042B3FD9072E5BD994F82E
:101650006331012B39D1FD2E58D823683146DB6F19
:101660002046984723680546D3F8249032464346DF
:1016700039462046C84730BB20464FF47A7305EB05
:101680008505B5FBF3F501F019FBD4F85C3106468E
:10169000186803685B6A984705350746D4F85C31DB
:1016A000186803685B6D9847D4F85C311868036864
:1016B0005B6A9847C01B854209D2236820469B6A13
:1016C00098476FF00400BDE8F087FF2EC4E7D4F818
:1016D0005C311868596A0268126990470028DDD0A9
:1016E000032E236809D1D3F8843020469847C307D6
:1016F00003D42046FFF77EFFD0E7236820469B6A8D
:10170000BDE8F04718476FF01D00DCE76FF00300FD
:10171000D9E72DE9F0411E46036886B01B690546EE
:10172000884617469847044600283CD16FF07F430F
:1017300098453946284618BF46F4007602F062FC08
:1017400031460446284602F05DFC002382B2A1B275
:101750000093284601F066FA044620BB0246014683
:10176000284601F0C2FB0446E8B92B6844F2FF3179
:10177000D3F8EC30284698470446A0B9284601F033
:101780009DFA012813D195F89431019395F86431AD
:10179000009395F8903195F86321B5F866112846C5
:1017A00001F028FB0446204606B0BDE8F081A8B948
:1017B000FF23049395F87E31039395F87D31CDE9AD
:1017C000014395F87C31009395F87B3195F87821A9
:1017D000B5F88011284601F033FBE3E74FF0FF3402
:1017E000E1E700001FB571B101F0A0FBC0B2EEF758
:1017F000F9FD0F4B002201F10041EEF75DFEEFF71E
:1018000053F904B010BD0123CDE900338DF80F105A
:101810000DF10F021521D0F85C01FEF730FD9DF8A7
:101820000F00EFF747FA4FF03F41EFF79BFAE8E779
:101830000000E03F0121FFF7D5BF30B585B0054678
:10184000144601F03BFA012808D195F86431012BC8
:1018500004D11CB9D5F8900105B030BD0023ADF816
:101860000C300123CDE9003303AAD5F85C01022333
:101870001321FEF704FD14B19DF80D3023709DF87F
:101880000C00E9E72DE9F3410546D0F85C010F466D
:101890001646FEF75EFD2B680446D3F884302846D2
:1018A00098476FF430739C4208D110F4007F18BF42
:1018B0006FF00504204602B0BDE8F081002CF9D19C
:1018C00043062CD400F03000202814BF4FF000084D
:1018D0006FF0060800230DF10702012128468DF85C
:1018E0000730FFF7AAFF16B1B04228BF3046C2B298
:1018F0009DF807303946284601F080F90446002853
:10190000D8D12B6844F2FF31D3F8EC302846984701
:10191000B8F1000F0CBF04466FF00604CAE76FF081
:101920000608D7E70022FFF788BF73B505460846CB
:101930004FF07E511646EFF70BF94FF07A51EFF763
:1019400011FA0DF0F9FDEFF70FFC4FF07E51C4B224
:101950003046EFF7FFF84FF07A51EFF703FA0DF04A
:10196000A9FDEFF701FCE107C3B25CBF04F1FF344E
:10197000E4B2DA075CBF0133DBB201A928468DF877
:1019800004408DF8053001F08BF902B070BD73B5DD
:10199000002305460846ADF804300C46EFF7BEFBC1
:1019A000A0F286331A2B21D9A0F25F33072B28D956
:1019B000A0F20B33082B27D9A0F5EB73282B26D9DF
:1019C000A0F5D7730A2B25D94FF081412046EFF7B8
:1019D000C1F84FF0814106462046EFF7B9F832468C
:1019E00001462846FFF7A1FF02B070BDE122E923BE
:1019F00001A928468DF804208DF8053001F050F932
:101A0000F2E7D722DB23F3E7C122C523F0E77522F3
:101A10008123EDE76B226F23EAE7000037B500234F
:101A20008DF807300DF10702012340F689010446C5
:101A300001F0C1F8E8B9204601F040F901289DF80D
:101A4000075018D10D49D4F86801EFF781F80C4917
:101A500020F00040EFF72EFB68B105F0FB050123F5
:101A60000DF1070240F6890120468DF8075001F07C
:101A70009BF803B030BD45F00405F0E70000FA43E1
:101A80006F12833A2DE9F0410229C8B005460E468F
:101A9000174606D0032921D06FF0180048B0BDE8E2
:101AA000F08190F86431012B03D1D3680BB1C0F8F9
:101AB0009031D7E9012339682846FFF72AFE00282C
:101AC000ECD13B68013304BF6FF07F433B603B6860
:101AD000C5F8983185F834600020DFE75368FF2BA4
:101AE00000F2DD8001F0EAF80128044615D195F8EE
:101AF0009431019395F8643100933B7995F8632113
:101B0000B5F86611284601F075F90028C6D1002302
:101B10000093012240F2012139E0A8B93B790493F6
:101B200095F87E31039395F87D31CDE9010395F861
:101B30007C31009395F87B3195F87821B5F88011C8
:101B4000284601F07DF9E0E7022818D1D5F8703178
:101B50007968642B4FEAC1039BB241F6705243F29D
:101B60000F700093C9B240F2E14308BF134640F63C
:101B70002F1208BF0246284601F08BF9C5E703285B
:101B800040F09080002344F2010200931146284661
:101B900001F048F8002881D102460146284601F0AC
:101BA000A4F900287FF47AAF032C19D003463A79C0
:101BB0003968284601F00EF800287FF46FAF2B68D3
:101BC00044F2FF31D3F8EC302846984700287FF4E0
:101BD00065AF2846FFF722FF00283FF47BAF5DE7A3
:101BE000284600F0D3FD00287FF458AF044695F84E
:101BF0009E31C3F10403A3424CDC0024FB222146A6
:101C000009A8089410F025FB05F5DA73C5E96C44C2
:101C1000C5F8B8410DF11C08029305F5D873CDE95C
:101C200000832846D7E9001208AB079400F030FB88
:101C300000287FF433AF03469DF81C2008A92846EE
:101C400000F0C8FF00287FF429AF01238DF8183079
:101C5000079B8DF81930D5F8B4318DF81A3006AAE3
:101C6000032340F28531284600F09EFF00287FF4D0
:101C700015AF95F8B471102F28BF10270446A7425E
:101C80009DD9E1B2284600F031FE00287FF406AF6E
:101C90000134F4E7284600F00FFE0134A7E76FF0A7
:101CA0000300FBE64FF0FF30F8E637B500230D46A2
:101CB0008DF807300DF10702012340F6D8010446E4
:101CC00000F079FF70B99DF807306DB143F01E0345
:101CD0008DF807300DF10702012340F6D8012046A8
:101CE00000F062FF03B030BD23F01E0343F0080391
:101CF000EEE737B590F86431012B044602D000209E
:101D000003B030BD00F0DAFF01280546F7D100230B
:101D10008DF806300DF10602034640F6021120460A
:101D200000F042FF0028EBD18DF807002B460DF1A3
:101D3000070240F64411204600F03DFF0028DFD1A5
:101D40009DF8073043F002038DF807300DF10702CC
:101D50002B4640F64411204600F026FFD0E70368EA
:101D600010B51B690446984760B92046FFF7C1FFCC
:101D700040B923682046D3F8EC30BDE8104044F267
:101D8000FF31184710BD37B500230D468DF80730D9
:101D90000DF10702012340F23671044600F00BFFFB
:101DA00088B99DF80730012D0CBF03F0FB0343F009
:101DB00004038DF807300DF10702012340F236715C
:101DC000204600F0F1FE03B030BDF0B585B004460A
:101DD00000F074FF0246002878D1D4F87031D4F8AE
:101DE0005C010392FF26B3F5966F029609D102219A
:101DF0000423CDE9003140F6B801FEF7D1F905B072
:101E0000F0BDB3F5167F4FF002054FF00303CDE9A7
:101E100000354FF004032ED1182240F2D161FEF7B5
:101E2000BFF90028EBD1CDE90260CDE900550423CC
:101E3000D4F85C011A4640F69B01FEF7B1F9002880
:101E4000DDD1CDE9026004270195009702463B46AB
:101E5000D4F85C0140F6B801FEF7A2F90028CED113
:101E6000CDE90260CDE9007506235022D4F85C016B
:101E700040F2AC61C1E7082240F2D161FEF790F96F
:101E80000028BCD1CDE90260CDE90055024604230B
:101E9000D4F85C0140F69B01FEF782F90028AED130
:101EA000CDE90260042701950097D4F85C013B4618
:101EB000102240F6B801FEF773F900289FD1CDE952
:101EC0000260CDE9007506230246CFE7002096E7C1
:101ED000F0B5054685B00F460A24002601212846A4
:101EE000FFF743FBD5F85C0110224FF448716B46B5
:101EF000CDE90066CDE90266FEF740F806226946A4
:101F0000384610F0CCF910B9012005B0F0BDD5F875
:101F10005C31186803680A21DB69013C984714F0BA
:101F2000FF04DBD12046F0E72DE9F0410446D0F86C
:101F30005C010D4617461E46FDF704FFD4F85C31E0
:101F40001868596A0268D2F808804268C047D4F815
:101F50005C311868D96A0268D2F808804268C047C4
:101F6000D4F85C3131484FF401621A820122DA74EC
:101F7000D4F85C314FF440011A712D4A5A61C3E91B
:101F80000201D4F84C112046FFF7A2FF40B9D4F863
:101F90005C01FDF7EBFE6FF001052846BDE8F0811E
:101FA00094F8493163B13146204601F012FF0546ED
:101FB000B0B9002F34D12046BDE8F04101F0A9BDF1
:101FC00000212846EFF78AF80028ECD0294641F294
:101FD0008832204601F0C6FD05460028E3D0DCE744
:101FE000236820461B699847204600F0C1FF114B2B
:101FF0009D42D2D18306D0D5002384F8493141F2E5
:1020000088320021204601F0ADFD05460028C4D1EC
:102010003146204601F0DDFE05460028C9D0BCE768
:102020002046BDE8F04101F071BD00BF1D000D006C
:10203000750E01083DFDFFFFF7B51D46264BC0F8A4
:102040006831062380F8503100231646C0F88831E5
:10205000224A80F86431FF230F46C0F86021C0F89F
:1020600090319DF824200899A0F866510123044678
:10207000FFF75AFF70BB02463946204601F053F87D
:1020800040BB44223146204601F07AF810BB236859
:1020900029461B6E20469847E0B91149204601F0B9
:1020A0008FF8B8B90121204601F01AFE90B901233A
:1020B000009341F60F5241F221030221204601F024
:1020C0006DFC38B923681B6D0146204603B0BDE89E
:1020D000F040184703B0F0BD0000FA4309030001C7
:1020E000000070422DE9FF4117461E4645F2553269
:1020F0004CF6CC43C0E95C23324BC0F884311A2340
:10210000BDF8285080F8793140F209638846A0F87C
:102110007A319DF830200B99A0F8805100230446B5
:10212000FFF702FF002849D1236841461B6C204677
:102130009847002842D1236839465B6C204698476F
:1021400000283BD13146204601F018FA002835D14D
:102150001D49204601F034F880BB236829461B6ED8
:102160002046984750BB4AF61253ADF80C3023680E
:102170000222DB6D03A920469847F8B9236801467F
:102180009B6C20469847C8B923680146DB6C204603
:10219000984798B9FF21204601F002FE70B9012549
:1021A000009541F2210341F60F520221204601F031
:1021B000F5FB18B92946204601F092FD04B0BDE8B0
:1021C000F08100BF33331C430000704238B50D4628
:1021D00011461A4602230446FFF7A6FE58B92368A3
:1021E00029461B6C2046984728B920460121BDE8A6
:1021F000384001F075BD38BD70B586B00D46164645
:1022000080F8A3319DF82C200A9903230446FFF798
:102210008BFE88BB1C49204600F0D2FF60BB012129
:10222000204601F05DFD38BBCDE90300CDE901009A
:102230000090034602460146204600F001FED8B950
:102240000B2384F87A31236884F87901C4F8740187
:102250001B6C0E492046984770B9032E0ED8092DE5
:1022600084F89C610DD8032384F89E314FF4807369
:1022700084F89D51A4F8AC3106B070BD6FF0090030
:10228000FAE76FF00700F7E7000070420000FA3E3F
:102290002DE9F04F83469146ADF5297D1C4600207F
:1022A000FF22484540F0CA80B04810230026037042
:1022B00047F25B574FF6FF734A462146C0E9017368
:1022C000C66001F015FFC0F3072304F8093004EBE2
:1022D00009034FF41772587009F102033146E654AE
:1022E00009AD11A8059310960FF0B3FFA0482E601A
:1022F000032101F058FF09F10203DA00063210ABA6
:1023000021469B48009501F053FFFF2231462046AD
:102310000FF09FFF9BF89C71032F2ED0954B0CAABA
:1023200003F1080C18685968164603C6083363455C
:102330003246F7D1186899889B79B371022F98BFFC
:102340008D4B3060B18098BF13F807C02B680293A3
:102350004FF0000388BF4FF0000C1A4618460DF1ED
:1023600030084FF0010A029999427BD10992073255
:10237000D208214610A810F0ACF8099B0293002265
:1023800093B202985B438342114602F10102F7D3F4
:102390008BB25B009BB204939BF89E31BDF9085051
:1023A000C1F34E020692C3EBC30203EBC20300214A
:1023B0005B009BB28A460A46002D74DC9BF89E2186
:1023C0006A4F8DF828906FF0710101FB0233099379
:1023D0009BF8A3319BF89C219BF89D119B0043EA3D
:1023E000C20343EAD10343F002038DF82930BBF85E
:1023F000AC311A091B0142EA41128DF82B30082337
:102400008DF82A203B702F22FF23C7E901230026E5
:10241000FE6035469BF89E11B14200F2AF80059BED
:102420009BF89C21DB0006339BB2032A00F27B81E0
:10243000DFE812F06D017501A001A2010B5C5340B1
:102440001D0145EA13132354130983EA521383EA47
:10245000D20303F0010383EAD2135200D2B21A432B
:1024600001301EE718F80010B9B110AFDE084FEACE
:10247000D20EBE5D14F80E10DF43D54307F00707F8
:1024800005F007053E41F6070AFA05F546BF294360
:10249000C9B2A94304F80E1001320130844508BFC7
:1024A000002001335FE7302D28464FEAD306A8BF4E
:1024B00030200390D843A75D4FF0010C00F00700D7
:1024C0000CFA00F027EA000703EB0C00A755C71031
:1024D000C043E65D00F007000CFA00F026EA0006B3
:1024E000E6554FF0000C9F1CFE434FF0010E06F026
:1024F00007060EFA06F60DF140084FEAD20EF81064
:1025000018F80EE007906FEA020808F00708205C50
:102510004EFA08FE1EF0010F14BF3043B0434FEADD
:10252000E70618BFC0B2A05504980244029892B2C0
:1025300090420BD8069A0498524492B290429FBFA0
:10254000013189B20A468A4688BF9246039E0CF141
:10255000010C0FFA8CF0864207F10107C4DC30460B
:102560000230303D18442DB283B225E7D039002027
:10257000E439002000430208136302089DF82B3061
:102580000139891B23F00C0343EA810304220AA9C1
:1025900038468DF82B3001F0ABFD0DF130084FF0CF
:1025A0000009C8F800908DF82C0002217448CDF87D
:1025B0003490ADF8389001F0F6FD28220DEB0201C1
:1025C00043466F48CDF8009001F0F2FD28220DEB54
:1025D000020143466A48CDF8009001F0E9FDEA089F
:1025E000EB43A15C4FF0010E03F007030EFA03F377
:1025F00021EA0303A35405EB0E03DA10DB43A15CCD
:1026000003F007030EFA03F321EA0303A3545D4B1F
:10261000029305F1020C05F12A00029B13F8011B3D
:1026200002934FEAD1094FEADC0A18F8099014F82E
:102630000A30C9436FEA0C0201F0070102F00702F9
:1026400049FA01F919F0010F0EFA02F218BF13430B
:102650000CF1010C14BFDBB29343604504F80A305F
:10266000DBD105F17203DFF82091029305F14A0CEA
:102670000DF1300A19F8011F6FEA0C024FF0010E3C
:1026800002F007020EFA02F24FEAD10E4FEADC081E
:102690001AF80EE014F80830C94301F007014EFAA9
:1026A00001FE1EF0010F1ABF1343DBB2934304F87F
:1026B0000830029B0CF1010C6345DBD100214FF087
:1026C00001090BEBD10C4FEAD0089CF89FC114F81C
:1026D00008306FEA010EC2430EF0070E02F0070247
:1026E0004CFA0EFC1CF0010F09FA02F218BF13435A
:1026F00001F1010114BFDBB29343202904F8083033
:1027000000F10100DDD17235ADB2013682E606225C
:10271000534304330522B3FBF2F39BB203E003EB14
:102720004303C3F34F03302003F12F02B2FBF0F257
:102730000A44B4990A60B3FBF0F101EB810202EBA9
:10274000820200FB113352009BB292B213B10233EA
:102750001A4492B29BF89E11722313FB0123B39A81
:102760001360B29A0733DB08002013600DF5297D52
:10277000BDE8F08F5B00D0E703EB4303CDE700BF7C
:10278000E4390020166302083D63020870B5464A2A
:102790008AB0034605AC02F1100610685168254660
:1027A00003C50832B2422C46F7D110683F4A286070
:1027B00010689288ADF810203D4A029249F28E527C
:1027C000ADF8042093F8A3210390002A93F89D21EB
:1027D0000AA800EB42020CBF3421082132F8142C65
:1027E000B2FBF1F20621632AA3F8A421A3F8A611F3
:1027F0002AD037D83C2A53D022D81E2A19D8092AE1
:102800001BD92C4921FA02F2D20716D5B3F8AC2114
:102810000AA901EB9211B2F5C07F11F81C1CA3F8B4
:10282000A81102F03F01A3F8AA1106D200200AB0B5
:1028300070BD232AEAD02F2AE8D06FF06900F6E7AE
:102840003E2A2DD0562AF8D1B3F8AC210AA901EBC3
:10285000D21102F07F0211F8201CA3F8A811A3F8EE
:10286000AA21E3E7B2F5C37F13D00ED8B92A01D06D
:10287000C62AE2D1B3F8AC210AA901EB1221D2B2E7
:1028800011F8241CA3F8A811E9E740F293118A4239
:10289000D3D14FF48472A3F8A821B3F8AC21DEE7BA
:1028A0003822A3F8A621B1E7104302080C630208FE
:1028B000414447480004405010B5B0F8A631B0F884
:1028C000AA11B0F8A441024603F001005B0818B158
:1028D000B2F8A80143409BB2994214BF81EA0300B9
:1028E00008468442F0D3A2F8A63110BDD0F8B43126
:1028F0002DE9F34104460E46002B66D0FFF7DCFFBE
:10290000B4F8A431471EBAB23FB2B7EB530FA8BF19
:10291000D21A03F0010594F8A331A8BF17B201350C
:10292000002B56D0AD004FF480584FF09841D4F8AA
:102930005401EEF717FA4FF07451EEF713FAEEF771
:1029400013FCD4F8B82194F89E316D0208FB0755AA
:102950009A42A0EB050004D29B1ADB0758BF00F592
:10296000807006EB460700BA7F00042301900DEB50
:10297000030207F28A31204600F016F930BB6EB32D
:1029800094F89E31B3422BD8D4F8B051312D29D8C8
:10299000ADB200238DF800306A46022307F562715C
:1029A00020468DF8015000F0FFF878B9D4F8B03126
:1029B0005B1BC4F8B031D4F8B431013BC4F8B43176
:1029C000D4F8B8310133C4F8B831002002B0BDE802
:1029D000F0811A235D434FF4D048A6E77325D8E76A
:1029E0007225D6E73225D4E730B5044685B0D0F855
:1029F0005C010D460121FDF704FD0023CDE9003304
:102A00000DF10F02D4F85C01AD00012384218DF893
:102A10000F50FDF776FCD4F85C3105461868036862
:102A20000121DB699847284605B030BD0121FFF739
:102A3000DBBF7FB504460D461646D0F85C01012188
:102A4000FDF7DFFC46B10023CDE900331A46D4F888
:102A50005C011946FDF755FC0123CDE9003303AABB
:102A6000D4F85C018DF80C508021FDF74AFC04B0CD
:102A700070BD90F84A110122FFF7DBBF0122FFF77A
:102A8000D8BF1FB50B0C8DF80C300B0A8DF80D302C
:102A90000123CDE900338DF80E10032303AA83210F
:102AA000D0F85C01FDF72DFC05B05DF804FB1FB507
:102AB0000B0C8DF80C300B0A8DF80D300022012321
:102AC000CDE900328DF80E10032303AA8221D0F83D
:102AD0005C01FDF716FC05B05DF804FB2DE9F04341
:102AE00085B090F860919DF8308006460D981C46A0
:102AF00017460D46EEF7DEF81E49EEF7E7F9EEF75A
:102B000033FBFF2D08BF0225FF2F04BF09F10D097C
:102B10005FFA89F7FF2C08BF0A248DF80A400124C8
:102B2000CDE90044030CB8F1FF0F8DF80C304FEAEB
:102B3000102308BF4FF000088DF80D308DF80E00FF
:102B40000723D6F85C018DF8085002AA88218DF879
:102B500009708DF80B80FDF7D4FB40B9CDE9004436
:102B600003460246C521D6F85C01FDF7CAFB05B055
:102B7000BDE8F08300007A411FB58DF80D309DF857
:102B800018308DF80F300123CDE900338DF80C108B
:102B90008DF80E20042303AA9521D0F85C01FDF7DF
:102BA000B0FB05B05DF804FB08B5D0F85C01FDF79B
:102BB0006EFA002008BD10B5044610461A460346BA
:102BC000D4F85C01FDF7DAF9D4F85C01BDE81040F7
:102BD000FDF7BFBB10B586B00E248DF8153001236C
:102BE000CDE9013300920B46022205A9D0F85C0121
:102BF0008DF81440FDF76BFB06B010BD10B586B024
:102C00001E248DF815300123CDE9013300920B46C7
:102C1000022205A9D0F85C018DF81440FDF716FBDF
:102C200006B010BD1FB55BBAADF80C30BDF818305A
:102C30005BBAADF80E300123CDE9003349BA082361
:102C400052BAADF80810ADF80A2019460DEB030290
:102C5000D0F85C01FDF755FB05B05DF804FB1FB52E
:102C60000123CDE9003349BA0223ADF80C1003AAC1
:102C70001946D0F85C01FDF744FB05B05DF804FB94
:102C80001FB50123CDE9003309BA0391042303AA38
:102C90008621D0F85C01FDF734FB05B05DF804FB3C
:102CA00007B50123CDE900330A4602239821D0F865
:102CB0005C01FDF726FB03B05DF804FB1FB5FF23A5
:102CC0008DF80F300123CDE900330DF10F021121F2
:102CD000D0F85C01FDF7D3FA9DF80F0005B05DF860
:102CE00004FB30B5012385B0CDE9003304460D4621
:102CF0008DF80C108DF80D20D0F85C01022303AA8A
:102D00008E21FDF7FEFA08B984F88C5105B030BD6C
:102D10002DE9F0431E4685B090F86C319DF83040A7
:102D2000054688461746A3B190F860014FF00109A7
:102D300009FA00F0EDF7BEFFD5F86811EEF7C6F816
:102D40004FF08341EEF7C0F90028044618BF4C4607
:102D5000E4B2012385F86241CDE9003303AAD5F836
:102D60005C018DF80C8004238B218DF80D708DF89B
:102D70000E608DF80F40FDF7C4FA05B0BDE8F08392
:102D800030B585B00D0C089C8DF80C30230C8DF8F7
:102D90000D300123CDE9003308238DF808508DF85C
:102DA0000A100D0A8DF80B2064BA0DEB03028B217B
:102DB000D0F85C018DF80950ADF80E40FDF7A1FA8E
:102DC00005B030BD1FB50B0C8DF80C300B0A8DF81B
:102DD0000D300123CDE900338DF80E108DF80F2052
:102DE000042303AA8B21D0F85C01FDF78AFA05B011
:102DF0005DF804FB2DE9FF419DF82C800C4641460F
:102E0000064617461D46FEF7BEFFB0B99DF82830AE
:102E10008DF80A300123CDE9003364BAD6F85C019D
:102E2000ADF80840062302AA8C218DF80B508DF8CE
:102E30000C708DF80D80FDF764FA04B0BDE8F081E8
:102E40007FB58DF813309DF828308DF80E208DF861
:102E500014309DF820208DF80F200123CDE9003398
:102E60009DF824208DF810209DF82C208DF811203D
:102E700049BA9DF83020ADF80C108DF812200923C6
:102E800003AA8C21D0F85C01FDF73BFA07B05DF88E
:102E900004FB30B585B00546BDF820008DF808105C
:102EA0008DF80A20110A8DF80C301A0A030A8DF8E1
:102EB0000D300123CDE900338DF809108DF80B207A
:102EC0008DF80E0002AAD5F85C018C21FDF719FAE5
:102ED000044638B9D5F85C0106230DF10902F0214A
:102EE000FDF7D5F8204605B030BD1FB50123CDE96B
:102EF00000338DF80C108DF80D20022303AA8F21CA
:102F0000D0F85C01FDF7FDF905B05DF804FB1FB5D5
:102F10000123CDE900338DF80C1003AA9621D0F8D7
:102F20005C01FDF7EEF905B05DF804FB1FB50F4B32
:102F30001A889B788DF80E300123CDE90033ADF867
:102F40000C20032303AA1421D0F85C01FDF797F9A4
:102F50009DF80D309DF80C209DF80E001B0243EAF1
:102F60000243184305B05DF804FB00BF2443020888
:102F70001FB50023ADF80C300123CDE9003303AABF
:102F800002231721D0F85C01FDF779F9BDF80C0098
:102F900040BA80B205B05DF804FB1FB50023ADF860
:102FA0000C300123CDE9003303AA02230721D0F816
:102FB0005C01FDF7A6F905B05DF804FBD0F85C31C3
:102FC0002DE9F0411D682A6804465769926D0E4646
:102FD0002846596A9047D4F85C311B68014632464E
:102FE0002846BC465B69BDE8F0416047D0F85C31DB
:102FF00070B51C68596A226820469569926D9047A1
:103000002B4601462046BDE8704018470368D3F8B8
:10301000DC3018470368D3F8E030184773B505462D
:103020000E46FFF74BFE0128044656D100213046DC
:10303000EEF74AF800283BD029493046EEF73AF837
:10304000002835D04FF07C513046EDF78BFE2549F6
:10305000EDF780FDEEF788F8C3B2142B21D8022BD0
:1030600026D9033B112B23D8DFE803F02F220922B6
:103070000A222229222222222B222222222D082445
:1030800095F8623185F85041C5F86861009395F86C
:10309000613195F8601122462846FFF739FE02B0EB
:1030A00070BD7D2B13D006D81F2B12D03E2B12D013
:1030B0006FF00700F3E7FA2BFAD10624E0E70924C2
:1030C000DEE70224DCE70A24DAE70024D8E7052457
:1030D000D6E70324D4E70424D2E76FF01300DEE739
:1030E0000000FF430AD7233C37B504460D46FFF7DF
:1030F000E5FD012811D16B1F072B11D894F862311F
:1031000084F86051009394F8613194F85021294675
:103110002046FFF7FDFD03B030BD6FF01300FAE766
:103120006FF00800F7E773B505460C461646FFF743
:10313000C5FD01281ED1231FDBB2042B1DD8BEB153
:10314000062C11D8042C08BF002495F8623185F8AC
:103150006141009395F8502195F860112346284667
:10316000FFF7D6FD02B070BD082C06D10724ECE7AE
:103170001C46EAE76FF01300F4E76FF00900F1E78F
:1031800073B506460D461446FFF798FD012814D185
:1031900025F00F0343EA141304F00F0444EA051169
:1031A0008DF804308DF80510022301AA4FF4E86170
:1031B0003046FFF7F9FC02B070BD6FF01300FAE77C
:1031C00037B50C46054600212046EDF77DFFB0B12E
:1031D0000C492046EDF76EFF88B10B492046EDF70C
:1031E00075FEEDF7C1FF01238DF807000DF1070211
:1031F00040F6E7012846FFF7D7FC03B030BD6FF07B
:103200001000FAE700000C430000204030B587B002
:1032100005460C46FFF752FD012811D195F894316F
:10322000A1B2A5F86611019395F86431009395F861
:10323000903195F863212846FFF7DCFD07B030BDDB
:1032400058BB95F87C31A1B299420A46A8BF1A46EC
:103250001F2AA5F880111ADC172A1ADC0F2A1ADC9B
:10326000003A18BF01229200FF2085F878210490CF
:1032700095F87E01039095F87D0102900020CDE93C
:103280000030284695F87B31FFF7DAFDD6E70722B4
:10329000EAE70622E8E70522E6E74FF0FF30CDE750
:1032A00037B504460D46FFF709FD68BB00212846E7
:1032B000EDF7F6FE60B916492846EDF705FF20B197
:1032C00014492846EDF7F6FE18B96FF0650019E0CD
:1032D0000F4D11492846EDF745FD4FF09841EDF7A8
:1032E00041FD0E49EDF7F2FDEDF73EFFC4F8740124
:1032F000009094F8793194F87A21D4F8701120462E
:10330000FFF73EFD03B030BD6FF01300FAE700BFDA
:103310009A99193F0000484300007A440024F44B76
:1033200037B504460D46FFF7C9FC002839D00328FD
:1033300005D0022810D06FF0130003B030BD25492E
:103340002846EDF7C1FE20B123492846EDF7B2FE2D
:1033500038BB6FF06400F0E720492846EDF7B4FE73
:103360000028F6D01E492846EDF7A4FE0028F0D02C
:103370001C492846EDF7F6FC01461B48EDF7A6FD73
:10338000EDF7F2FE16220146C4F870012046FFF761
:1033900019FD0028D1D1204603B0BDE83040FEF72A
:1033A00014BD10492846EDF7DDFC01460E48EDF747
:1033B0008DFDEDF7D9FED4F87431C4F87001009397
:1033C000014694F8793194F87A212046FFF7D8FC29
:1033D000DFE700BF23DBF93E355EFA3ECDCCCC3DC6
:1033E0009A99193F00007A440024744EF0B589B0D0
:1033F00003AC84E80E0003689DF83860D3F8CC3045
:10340000049F0DF11F01054698470446002851D13D
:10341000032E9DF81F3002D0B3420FD13346E3B9DB
:103420002B6803991B6C284698470446002841D115
:103430002B6839465B6C284698470CE02B68284679
:103440001B69984738B92B683146D3F8C8302846ED
:1034500098470028E2D004462CE0012B17D12B68B6
:103460009DF80C10D3F8E83028469847044608BB6E
:103470002B683946D3F8E430284698470446C8B943
:1034800002469DF814102846FFF74DFEE3E7022B95
:1034900010D14FF4807300939DF80D209DF80C100F
:1034A00003232846FEF73EF80028D4D19DF80E30BD
:1034B00085F8A331204609B0F0BD000030B585B0D5
:1034C00004AC04E90E009DF82030029C032B07D1C8
:1034D000036808A9D3F8CC30984718B105B030BDBF
:1034E0004FF0FF309DF82030CBB9019D1F49284691
:1034F000EDF7EAFD68B31E492846EDF7DBFD40B362
:103500001A492046EDF7E0FD30B31A492046EDF7A1
:10351000D1FD002814BF00206FF06500DEE7012B0D
:10352000DCD19DF80430053B072B18D8002120463C
:10353000EDF7CAFDB0B110492046EDF7BBFD88B1EB
:103540009DF80C30043B042B94BF00206FF0090061
:10355000C4E76FF06400C1E76FF06500BEE76FF08D
:103560000800BBE76FF00700B8E700BF9A99193F62
:1035700000009643000048430000FF4337B505466E
:103580000C46FFF79BFB002840F02B819849C5F8BB
:1035900084412046EDF7DCFA964920F00040EDF733
:1035A00089FD002840F0F58093492046EDF7D0FAD8
:1035B000904920F00040EDF77DFD002840F0EB80C1
:1035C0008E492046EDF7C4FA8A4920F00040EDF715
:1035D00071FD002840F0E18089492046EDF7B8FAF6
:1035E000844920F00040EDF765FD002840F0D780C9
:1035F00084492046EDF7ACFA7E4920F00040EDF713
:1036000059FD002840F0CD807F492046EDF7A0FA13
:10361000784920F00040EDF74DFD002840F0C380D0
:103620007A492046EDF794FA724920F00040EDF710
:1036300041FD002840F0B98075492046EDF788FA31
:103640006C4920F00040EDF735FD002840F0AF80D8
:1036500070492046EDF77CFA664920F00040EDF70E
:1036600029FD002840F0A5806B492046EDF770FA4F
:10367000604920F00040EDF71DFD002840F09B80E0
:1036800066492046EDF764FA5A4920F00040EDF70C
:1036900011FD002840F0918061492046EDF758FA6D
:1036A000544920F00040EDF705FD002840F08780E8
:1036B0005C492046EDF74CFA4E4920F00040EDF70A
:1036C000F9FC00287DD158492046EDF741FA4949D7
:1036D00020F00040EDF7EEFC002874D1534920465D
:1036E000EDF736FA434920F00040EDF7E3FC0028FF
:1036F0006BD14F492046EDF72BFA3E4920F00040B0
:10370000EDF7D8FC002862D14A492046EDF720FAAF
:10371000384920F00040EDF7CDFC002859D146494A
:103720002046EDF715FA334920F00040EDF7C2FCD2
:10373000002850D141492046EDF70AFA2D4920F0E2
:103740000040EDF7B7FC002847D13D492046EDF792
:10375000FFF9284920F00040EDF7ACFC00283ED1ED
:1037600038492046EDF7F4F9224920F00040EDF702
:10377000A1FCC8B30923D5F8742185F879310092EA
:1037800095F87A21D5F870112846FFF7F9FA03B0B9
:1037900030BD1F23EFE71723EDE70F23EBE71E23D1
:1037A000E9E71623E7E70E23E5E71D23E3E7152303
:1037B000E1E70D23DFE71C23DDE71423DBE70C2320
:1037C000D9E71B23D7E71323D5E70B23D3E71A2326
:1037D000D1E71223CFE70A23CDE71923CBE7112343
:1037E000C9E76FF01300D2E76FF06700CFE700BFC3
:1037F0009A9999406F12833A9A99B9409A99E940F7
:1038000033331B4133333B419A99694100009C415A
:103810003333BB416666EA4100001C429A993B4241
:1038200066666A4266669C429A99BB429A99EA42E7
:1038300033331C4333333B43CD4C6A4300009C433A
:10384000CDCCBA430080E94337B500290CBF94239F
:10385000962315468DF803300DF10302012340F63F
:10386000AC010446FFF7A0F970B96DB1074B1A8897
:103870009B78ADF804208DF8063001AA032340F2AE
:103880009F212046FFF790F903B030BD6663020820
:1038900037B505460C46FFF711FA08B103281CD1CD
:1038A000042C1DD8DFE804F00403131517000824C6
:1038B000D5F8743185F87A41009395F87931D5F8C7
:1038C000701122462846FFF75BFA03B030BD092489
:1038D000EEE70A24ECE70B24EAE76FF01300F4E7C5
:1038E0006FF06900F1E770B586B005460E461446E4
:1038F000FFF7E4F9002838D1082C4CD8E4B223466D
:1039000032464FF4D8612846FFF74EF928BBB5F888
:103910008011E400E4B2A1420A46A8BF22461F2A51
:1039200085F87C411BDC172A1BDC0F2A1BDC003AC4
:1039300018BF01229200FF2085F87821049095F8A5
:103940007E01039095F87D0102900020CDE90040B2
:10395000284695F87B31FFF773FA06B070BD072251
:10396000E9E70622E7E70522E5E7012809D1012C6E
:1039700011D831784422284606B0BDE87040FFF7E0
:10398000FFBB032804D1042C05D13368C5F89F314F
:103990006FF01300E1E76FF06800DEE72DE9F0411A
:1039A00088B004469DF838800D4617461E46FFF73E
:1039B00085F9002845D1012D08D0022D3AD0002DDF
:1039C0003DD06FF42F7008B0BDE8F0814FEA880851
:1039D0005FFA88F5FF2384F87B51049394F87E31D5
:1039E000039394F87D3102930023019394F87C3182
:1039F000009394F87821B4F880112B462046FFF705
:103A00001FFA0028DFD17FBA022307AA40F2BC6167
:103A10002046ADF81C70FFF7C7F80028D3D176BA5E
:103A2000022307AA40F2BE612046ADF81C60FFF7F2
:103A3000BBF8C8E7B8F1000F18BF0625CAE7012593
:103A4000C8E7012812D12A1E94F8943118BF012228
:103A500084F86321019394F86431009394F89031D1
:103A6000B4F866112046FFF7C5F9ACE74FF0FF3018
:103A7000A9E770B588B004460D461646FFF71EF953
:103A8000002840D1B5B9FF2384F87D51049394F800
:103A90007E310195CDE9025394F87C31009394F87E
:103AA0007B3194F87821B4F880112046FFF7C8F9EB
:103AB00008B070BD012384F87D3107AA4FF4D761A7
:103AC0002046FFF778F80028F2D19DF81C308DF8D9
:103AD0001D60C6F3002223F0010313438DF81C3050
:103AE00007AA02234FF4D7612046FFF75DF80028AC
:103AF000DED1FF23049394F87E31039394F87D3153
:103B0000CDE90103C8E76FF01300D1E70021FFF70B
:103B1000FEB90121FFF7FBB9003940F2FF1218BFCF
:103B20000121FFF7A6BFD0F85C01FCF745BC37B513
:103B300004460D46FFF7C2F8012810D184F89451CD
:103B4000019594F86431009394F8903194F86321CE
:103B5000B4F866112046FFF74DF903B030BD6FF0A1
:103B60001300FAE7F0B590F8493185B006460D46E6
:103B7000174613B14F4805B0F0BD03681B6998475D
:103B80003046FFF7F5F9830602D53046FFF705FA10
:103B9000494925F00040EDF78DFA044630B1012186
:103BA000304605B0BDE8F040FDF7DFBC434928468C
:103BB000ECF7CEFF404920F00040EDF77BFA0028FB
:103BC00069D13F492846ECF7C3FF3B4920F000404C
:103BD000EDF770FA002860D13A492846ECF7B8FFB3
:103BE000354920F00040EDF765FA002857D13649F5
:103BF0002846ECF7ADFF304920F00040EDF75AFAC7
:103C000000284ED131492846ECF7A2FF2A4920F07E
:103C10000040EDF74FFA002845D12D492846ECF732
:103C200097FF254920F00040EDF744FA00283CD1E9
:103C300028492846ECF78CFF1F4920F00040EDF79B
:103C400039FAA0BB24492846ECF782FF1A4920F034
:103C50000040EDF72FFA00288CD0072338468DF866
:103C60000C30EDF727F81D49EDF730F9EDF77CFA48
:103C7000030C8DF80D300123C6F88871CDE90033AF
:103C800040BAADF80E000423D6F85C0103AA9721D0
:103C9000FCF737FB6FE72346E0E70123DEE702236B
:103CA000DCE70323DAE70423D8E70523D6E7062376
:103CB000D4E700BF41FDFFFF6F12833ACDCCCC3F6C
:103CC0009A99D93F6666E63FCDCC0C409A99194047
:103CD000CDCC2C40000040403333534000007A41AB
:103CE0001FB50123CDE900338DF80F100DF10F0240
:103CF0009D21D0F85C01FCF704FB05B05DF804FBE6
:103D00002DE9FF411F4600230D4616468DF80F3062
:103D10000DF10F02012340F6E7010446FEF74BFFC9
:103D2000C8B94FF001089DF82820CDF800803B4627
:103D300031462046FEF720FF68B90422E9B220464A
:103D4000FEF7CFFF38B943460DF10F0240F6E70109
:103D50002046FEF729FF04B0BDE8F08170B586B0BB
:103D600004460D461646FEF7A9FFB0B9CDE9035645
:103D700094F87D31CDE9010394F87C31009394F8F7
:103D80007B3194F87821B4F880112046FFF758F879
:103D900008B984F87E5106B070BD6FF01300FAE7E1
:103DA0000A460121FFF7DABF10B504460846C4F8F9
:103DB00054114FF09841ECF7D5FF4FF07451ECF7E8
:103DC000D1FFEDF7D1F901462046BDE81040FEF7DE
:103DD00057BFF0B5002285B00C4611460546FFF7E7
:103DE00084F800286CD10126CDE900663346D5F869
:103DF0005C018DF8084002AA8A21FCF782FA0028AB
:103E00005ED195F84A31CDE90066002B0CBF202326
:103E100030238DF80830D5F85C01334602AA93218F
:103E2000FCF76FFA00284BD103228DF8082095F893
:103E30006021ADF80C00CDE900660D328DF8092047
:103E40000A22ADF80A208DF80E000723D5F85C0190
:103E500002AA8821FCF755FA074688BB2B6844F272
:103E6000FF31D3F8EC3028469847009704463B468C
:103E70003A4639462846FEF7D5FE204300B2F8B947
:103E8000CDE900607F238DF80830D5F85C0133461A
:103E900002AA8921FCF735FA90B9D5F85C31186887
:103EA00003680521DB699847D5F85C311868D96A41
:103EB00002681269904728B9D5F85C01FCF749FA05
:103EC00005B0F0BDD5F85C31186803685B6D9847A4
:103ED000EAE76FF0180070476FF0180070476FF056
:103EE00018007047036800215B6918476FF01800DD
:103EF00070476FF0180070476FF0180070476FF050
:103F0000180070476FF0180070476FF01800704786
:103F10006FF01800704784B004A800E90E006FF03D
:103F2000180004B070470020704700000048704738
:103F30000000C8C182B08DE80C00002002B07047BC
:103F4000002070476FF0180070476FF0180070473E
:103F5000002070477047704770476FF01800704737
:103F600030B585B00025CDE902558DF808300368DD
:103F7000CDE90012D3F8D0306A46032104469847B1
:103F800020B923682046D3F8D430984705B030BD17
:103F90001FB50293069B03930368CDE90012D3F883
:103FA000D0306A4602210446984720B9236820464B
:103FB000D3F8D430984704B010BD000038B5104B8A
:103FC00003604FF07E530025044643600123836065
:103FD000C0F8445180F84851294628220C300EF090
:103FE00038F965634FF48072294604F138000EF009
:103FF00030F984F84051C4E94E55204638BD00BF21
:1040000074630208002330B51A4601250C3005FA06
:1040100003F40C4204D050F823401F2C18BF224355
:104020000133202BF3D1104630BDF7B506460C46C0
:10403000A9B101AF002533683046D3F8A4309847C2
:104040000135EDB2042D07F8010BF4D1019B1BBA29
:10405000002BB8BF5B4293FBF4F204FB1234204602
:1040600003B0F0BD38B590F8483104469BB9D0F89C
:10407000382141EA4201D0F84421C0F838111140FA
:10408000D0F83C21914205D1012280F8482180F8E6
:104090003530C38638BD90F8362094F83530024468
:1040A000012592F838009D40B9B12843C0B2591C8F
:1040B000C9B2082982F8380084F83510EAD100F036
:1040C000FFF894F83630E218013382F8380084F8AB
:1040D0003630002384F83530DCE720EA0500E6E7D7
:1040E000082202700022C0E90122C26002827047E9
:1040F0002DE9F843002684684FEAC20805460F46BA
:104100003246B04510D1EB6884EA03006B7C13B1F2
:10411000297800F0D5F82A784FF0FF33C2F1200259
:10412000D3401840BDE8F88373070CD12B7CB85CF2
:1041300002F1010913B1082100F0C2F82B78083B05
:10414000984044404A462B78013B24FA03F313F08D
:10415000010F18BF6B684FEA440418BF5C4001367A
:10416000CFE700000148FFF7BBBF00BFD0390020F8
:1041700070B500254FF480760446058045600572D1
:10418000324629460C300EF064F83246294604F5D2
:1041900086700EF05EF88422294604F503700EF056
:1041A00058F8204670BD002303704170704700002E
:1041B0002DE9F74F019200296CD0002B6AD0002224
:1041C00096461546019CA54212D1690708D0417850
:1041D000032904BF110C03F8011B110A19705A704E
:1041E0000C9B0BB1C3F800E0002003B0BDE8F08FDA
:1041F000EC0890F8018011F804C0284C284EEF43D9
:1042000007F00707B8F1020F4CFA07FC08BFA246F7
:104210000CF0010C047818BFB246CCF101064FEA4D
:10422000940B6FEA04094FEA860609F00309F6B217
:1042300006EBC9065AF82B904FF0020A29FA06F647
:104240001AFB04C40CBF4FF010094FF04009B4FB37
:10425000F9FC09FB1C4406F00F06047007FB08F785
:1042600005F00704BE40072C42EA06020CD1B8F163
:10427000030F04BF140C03F8014B1C46160A04F884
:10428000026B5A7023460022447874441FFA84FE5D
:10429000013597E74FF0FF30A7E700BF50640208F1
:1042A0006064020808B50448FFF762FF034B002270
:1042B0001A705A7008BD00BFE8390020E4390020A8
:1042C0000023F0B50446012518464E1EDAB291428D
:1042D00000D8F0BD05FA03F22240DA40F71ABA40DE
:1042E00010430133F2E77047704770470846704744
:1042F0007047000010B5C0E90223029B0361039BD5
:104300004361049B8361044B044C1A68C0E900417B
:1043100002B9186010BD00BF783C0020A8640208F4
:104320001020704710B5064B0446B02140F80C3BF6
:1043300000F0CFFA204600F085F8204610BD00BFFF
:104340001065020810B50446FFF7ECFF2046BC21BB
:10435000F1F7DFFA204610BD102AF8B54AD100F176
:104360000C0301F1100251F8044B43F8044B914245
:10437000F9D100F1180400F1B80601250423042B3B
:1043800004F1040722D12A462146384600F084FA77
:10439000237914F80C2CE1795340237114F80B2C79
:1043A00063795340637114F80A2CA3795340A371C5
:1043B00014F8093C01355940EDB200230133B742EE
:1043C000E171DBB23C46DAD10120F8BD14F80C1CD7
:1043D00022784A40227114F80B1C62784A406271BC
:1043E00014F80A1CA2784A40A271E17814F8092C4A
:1043F0005140E3E70020E8E710B5044600F014F868
:10440000044B23600A23237104F10C03A3602046AC
:1044100010BD00BF10650208102070470179806848
:104420000131090100F055BA10B5044600F04AFA0E
:10443000034B236000232371A360204610BD00BFFF
:104440003865020810B5034B0360044600F040FADB
:10445000204610BD38650208184B0A789A5C027035
:104460004A799A5C42708A7A9A5C8270CA7B9A5CBA
:10447000C2700A799A5C02714A7A9A5C42718A7BAC
:104480009A5C8271CA789A5CC2710A7A9A5C0272EA
:104490004A7B9A5C42728A789A5C8272CA799A5C88
:1044A000C2720A7B9A5C02734A789A5C42738A7978
:1044B0009A5C8273CA7A9B5CC37370476B6602080E
:1044C000184B0A789A5C02704A7B9A5C42708A7A2E
:1044D0009A5C8270CA799A5CC2700A799A5C02719D
:1044E0004A789A5C42718A7B9A5C8271CA7A9A5C39
:1044F000C2710A7A9A5C02724A799A5C42728A782C
:104500009A5C8272CA7B9A5CC2720A7B9A5C027362
:104510004A7A9A5C42738A799A5C8273CA789B5C05
:10452000C37370476B650208F0B50E7891F801C04F
:104530008D78CF78F40904EB44044FEADC1104EBE6
:10454000C40401EB410184EA46048CEA050E01EB48
:10455000C101E4B287EA0E0E81EA4C01C9B2EB094F
:1045600084EA0E0E81EA0E0EFA0903EB430303EB15
:10457000C30302EB420280F800E086EA050E83EAFC
:10458000450387EA0E0E86EA0C0602EBC202DBB296
:1045900082EA470281EA0E0177407540D2B2594063
:1045A0006C407B405340624041708370C270F0BDEC
:1045B0002DE9F041846888B0531E0D46671E0F3206
:1045C0006E4613F8011F17F801CF934281EA0C01E0
:1045D00006F8011BF5D1077910343E46A046012E9E
:1045E0001BD87B1E002FDBB24FEA031308BF00234A
:1045F0001C44694604A8FFF72FFF013D631E0F34DA
:1046000013F8011F10F8012BA34282EA010205F8FA
:10461000012FF5D108B0BDE8F08104A86946FFF785
:104620001BFF01466846FFF77FFF05A901A8FFF7BA
:104630007BFF06A902A8FFF777FF03A807A9FFF7EA
:1046400073FF08F1FF336A4608F10F00117813F881
:1046500001CF81EA0C01834202F8011BF6D1013E31
:1046600008F11008F6B2BAE72DE9F04F91F800B062
:104670004E78CF788D784FEADB1303EB430303EBDF
:10468000C30387B083EA4B03DBB20193F309FA0952
:1046900003EB430303EBC30302EB420283EA46034B
:1046A00002EBC20282EA4702DBB20293B409D3B240
:1046B000484A03934FEA971C145D12F80CC084EA31
:1046C0008604E3B28CEA870C04935FFA8CF34FEA1A
:1046D0005B1CAC0912F80CA005934FEA561C4FEA7C
:1046E0009B1912F80C80145D12F80990019B4FEA97
:1046F000551C84EA850412F80CE04FEA571CE4B21A
:1047000012F80CC086EA05027A405A40029B88EAF9
:10471000C6085A405FFA88F88AEACB0A8EEAC50EC4
:1047200062405FFA8EFE5FFA8AFA8CEAC70C89EA69
:104730008B0988EA02025FFA8CFC8AEA09098EEA90
:104740000202E9095FFA89F98CEA020289EA0202A7
:1047500001EB4101027001EBC1018BEA05027A40D5
:1047600081EA4501C9B25340049A4B405340059A2F
:1047700053408AEA030388EA03038EEA03038CEAC0
:1047800003038BEA060643707740039B039A794044
:104790005940019B75406B405340049A5340059A21
:1047A0004C40534088EA04048AEA030A8EEA04046F
:1047B00088EA0A088CEA04048EEA080E89EA0409E9
:1047C0008CEA0E0C80F8029080F803C007B0BDE8B8
:1047D000F08F00BF636502082DE9F0438468077914
:1047E00089B00D4604EB07146946531E661E0F324E
:1047F000894613F8010F16F801CF934280EA0C00A6
:1048000001F8010BF5D1494604A8FFF759FE3E46D1
:10481000A046012EA8F1100819D87B1E6FF00F02D8
:10482000DBB2002F02FB03F308BF00231C44A218D5
:1048300004AB013D12F8010B13F8011BA24281EAFF
:10484000000105F8011FF5D109B0BDE8F08304AA05
:10485000434608F11000117813F801CB81EA0C01EE
:10486000834202F8011BF6D104A94846FFF7FCFE7B
:1048700005A901A8FFF7F8FE06A902A8FFF7F4FEB4
:1048800007A903A8FFF7F0FE013E494604A8FFF779
:1048900017FEF6B2BDE7000030B5084B4C78084D66
:1048A0001C5DAA5C544004708A789A5C4270CA7895
:1048B0009A5C82700A789B5CC37030BD6B6602089C
:1048C00058650208014B0360704700BF7467020817
:1048D000704701440023884200D1704700F8013B33
:1048E000F9E730B502440023904204D1C3F580704B
:1048F000C0F3002030BD10F8014B11F8015B6C4093
:104900002343F1E72DE9F0419CB0164F164B4FF0D1
:1049100009080546082603A8CDF8008010220C4699
:1049200001F05EF93B46424613A903A8009601F048
:1049300057F9334603AA2146204601F0E7F83346EB
:104940003A462146284601F04DF933463A46294673
:10495000284601F047F9642103A8FFF7BAFF1CB00D
:10496000BDE8F081B86702089467020838B51446BC
:104970000546402320460A46102101F0AEF80023E8
:10498000236421462846BDE83840FFF7BBBF2021FD
:10499000FFF79FBF2DE9F0410D46A0B000F12008C0
:1049A000044605F1200602464146684601F044FAF5
:1049B0002A46314610A801F03FFA10AA6946684617
:1049C00001F0D6F92246414608A801F01EFA2A460F
:1049D000314610A801F019FA08A904F1600610AADE
:1049E000084601F0C5F905F16002314610A801F052
:1049F000BFF910A904F140070846224A01F0C8F99E
:104A000005F14002394618A801F0B2F918AA11467A
:104A1000104601F0FAF96A4608A9304601F00CFA8E
:104A200010AA18A9384601F007FA18A910AA0846D2
:104A300001F0EBF908A96A46084601F0E6F93A46A2
:104A40003146204601F094F908AA18A9404601F021
:104A50008FF918AA3946384601F08AF908AA314672
:104A6000304601F085F96846FFF791FF08A8FFF787
:104A70008EFF10A8FFF78BFF18A8FFF788FF20B064
:104A8000BDE8F081586802082DE9F041064690B073
:104A900001F140080D464246014606F140076846CE
:104AA00001F066F93A46294608A801F061F920228A
:104AB0000DEB02016846FFF714FF424606F12001A4
:104AC0000446684601F054F93A4605F1200108A869
:104AD00001F04EF920220DEB02016846FFF701FFBD
:104AE00004406846FFF753FF08A8FFF750FFE4B201
:104AF000204610B0BDE8F0812DE9F041044600F1F8
:104B000020060A46202388B00821304600F0E5FF41
:104B1000E36B334DDF0F04F1400823F00043E36300
:104B2000424605F1200C2B4603CB634510605160D3
:104B30001D4602F10802F6D104F160053246314605
:104B4000284601F015F942462946204601F074F93D
:104B5000244A2946284601F01BF9424629462846A0
:104B600001F053F92946684601F0EBF96A462146FF
:104B7000284601F0FDF86846FFF709FF236E2A4634
:104B800004F17C0152F8040F8A4243EA0003F9D190
:104B90005BB91FB1002008B0BDE8F0812022394682
:104BA00020460DF056FB0120F5E72946204601F08E
:104BB000F3F90028EED0236803F00103BB4209D0CB
:104BC0002022002128460DF044FB2246294620469B
:104BD00001F032F932462146284601F0C9F8E2E7F1
:104BE000F8670208786802088021FFF772BE0000AB
:104BF0002DE9F04FC5B005460291144600218022F0
:104C0000019301260DF025FBFF232E622E640093F5
:104C10004FF0000A04F12008029B53F82A70019B10
:104C200037400BB9002F7BD005F120092A464946B1
:104C300004A801F001F92246414614A801F0FCF84D
:104C400004A9084614AA01F093F82A4649460CA87C
:104C500001F0DBF82246414614A801F0D6F80CA971
:104C6000084614AA01F084F805F16003194604F11E
:104C7000600214A8039301F07BF814A908466E4A59
:104C800005F1400B01F084F804F1400259461CA8DC
:104C900001F06EF81CAA1146104601F0B6F804AAFD
:104CA0000CA93CA801F0C8F814AA1CA934A801F06A
:104CB000C3F81CA9084614AA01F0A7F80CA904AA75
:104CC000084601F0A2F8019B34AA3CA9002B00F091
:104CD0009F8024A801F04CF80CAA1CA92CA801F074
:104CE00047F834A908461CAA01F042F83CA9084636
:104CF0000CAA01F03DF824AA2946384601F0CAF86A
:104D00002CAA4946384601F0C5F834AA5946384617
:104D100001F0C0F83CAA05F16001384601F0BAF88C
:104D20002246414604A801F087F804AA114610461D
:104D300001F01EF8224641460CA801F066F80CAAC4
:104D400004F160071146104601F012F83A46394660
:104D500014A801F00DF814A904F140090846364AD8
:104D600001F016F84A4649461CA801F001F81CAAB1
:104D70001146104601F049F804AA0CA9384601F082
:104D80005BF814AA1CA9484601F056F81CA908466D
:104D900014AA01F03AF80CA9084604AA01F035F863
:104DA0004A463946204600F0E3FF0CAA1CA94046BB
:104DB00000F0DEFF1CAA4946484600F0D9FF0CAAC5
:104DC0003946384600F0D4FFB6F1004F04BF0AF16F
:104DD00001035FFA83FA009B03F1FF3314BF7600EF
:104DE000012613F0FF0300937FF416AF24A8FFF70A
:104DF000FBFE04A8FFF7CBFD0CA8FFF7C8FD14A825
:104E0000FFF7C5FD1CA8FFF7C2FD45B0BDE8F08F58
:104E1000284600F0ADFF0CAA1CA9484600F0A8FFE8
:104E20001CAA34A9584600F0A3FF0CAA3CA905F11E
:104E3000600000F09DFF73E758680208F0B5174D59
:104E4000944606460F460FCDA1B06C460FC495E8B8
:104E50000F00134D84E80F000FCD08AC0FC495E888
:104E60000F00104D84E80F000FCD10AC0FC495E873
:104E70000F000D4D84E80F000FCD18AC0FC495E85E
:104E80000F0084E80F0063466A4639463046FFF754
:104E9000AFFE6846FFF7A8FE21B0F0BD38680208F3
:104EA00018680208F8670208D8670208F0B5ADF57F
:104EB000397D0D46044680A816461F4600F0CEFAFE
:104EC00029466846FFF718FE98B900246846FFF7A0
:104ED0008BFE20A8FFF788FE40A8FFF785FE60A89C
:104EE000FFF782FE80A800F09FFA20460DF5397D7D
:104EF000F0BD214620A8FFF7FFFD0028E5D080A8DF
:104F000000F076FA2146202280A800F009FD202238
:104F1000294680A800F004FD3A46314680A800F0FA
:104F2000FFFC002292A980A800F039FD2023E2189E
:104F3000082178A800F0D1FD002278A940A8FFF749
:104F40007DFF60AA92A958A8FFF710FD00236A46CA
:104F500058A960A8FFF74CFE60A920A8FFF71AFD2A
:104F600020A940A8FFF790FD0446AFE705494FF49C
:104F70000052A0F880200022C0E92121A0F89C2046
:104F8000704700BF80EE360010B540210446FFF7A1
:104F9000A0FC40216018FFF79CFC204610BD0000DB
:104FA0000148FFF7E3BF00BF7C3C00200148FFF74A
:104FB000EBBF00BF7C3C00202020704740207047A2
:104FC0000E4A0F4B0F49DFF840C0C0E902230F4BD8
:104FD000C0E904130E4BC0E906C30E4B036203F194
:104FE0007453A3F52303A3F692434362002380F88E
:104FF000703000220023C0E91A23704767E6096A6F
:1050000085AE67BB72F36E3C7F520E513AF54FA5E9
:105010008C68059BABD9831F10B5044670210830FE
:10502000FFF757FC236820461B69BDE8104018476E
:1050300010B5064B0446702140F8083BFFF749FCC9
:10504000204600F0E9FF204610BD00BFA06802081E
:1050500010B50446FFF7ECFF20467821F0F759FC25
:10506000204610BD10B5044600F0D0FF024B23606F
:105070002046FFF7A5FF10BDA06802082DE9F04FFC
:1050800000F124058BB000F164072B4653F8042F80
:1050900012BA9F421A60F9D183680293C3680393DE
:1050A000036904934369059383690693C36907936E
:1050B000036A0893436A0993DDE908B8DDE9061C31
:1050C000DDE904E9DDE90246594B0193019B55F8FE
:1050D00004AF53F8042B01934FEAF12383EAB11391
:1050E000524483EA7163134401EA0C0A2BEA010279
:1050F00082EA0A02134486EA0E024344224006EA88
:105100000E0882EA08024FEA743888EAB40888EA8E
:10511000B4589844AF424B444244F146D84678D103
:1051200010250195019D0F3D05F00F050A3550F83A
:1051300025A0019D023D05F00F050A3550F8259088
:10514000019D05F00F08073D05F00F0500EB8808ED
:105150000A35D8F8287050F825503D442F464FEABC
:10516000BA4585EAFA1585EADA054FEAF94A8AEA84
:10517000794A8AEA992A3D4455444FEAF329C8F806
:10518000285003EA010A89EAB3192CEA030889EADC
:10519000736988EA0A08C844254FDDF8049057F877
:1051A0002970B844A84408EB0B054FEA723984EA29
:1051B000060889EAB20908EA020804EA060A89EA46
:1051C000B25988EA0A08C844A84405EB0E09019DB3
:1051D0000135402D0195B646E34621D1029D454457
:1051E0008560039D1544049AC56022440261059AB6
:1051F00032444261069A4A448261079A1A44089BE3
:10520000C2610B440362099B634443620BB0BDE877
:10521000F08FE346B6468C4626461946144655E7B7
:105220008C462646194614464B4642467AE700BF4E
:10523000C86802082DE9F84315468946D100D0E92F
:105240001A325B1842EB5572C0E91A32044600F17B
:1052500028074FF000080DB9BDE8F88394F87000F6
:10526000C0F14006F6B2AE4288BFEEB249463246C1
:1052700038440DF02EF994F870303344DBB2402BF3
:1052800084F87030A5EB0605B144E4D12046FFF761
:10529000F5FE84F87080DEE7F8B500F1280590F897
:1052A000703017468022EA5490F87020372B04465D
:1052B0000E4602F101002FD8C2F137020021284426
:1052C0000CF0C7FFA36E19BAE36E1A06180A42EA79
:1052D000136200F47F401B02024303F47F03134375
:1052E000C4E918312046FFF7C9FE231D04F124014B
:1052F00053F8042F12BA8B421A62F9D12368204660
:105300009B689847B8420246294628BF3A4630462D
:10531000BDE8F8400DF0DDB8C2F13F02002128449D
:105320000CF097FF2046FFF7A9FE382200212846FF
:10533000C6E713B513463622044600920A4600F12A
:10534000280100F06AFED4E91A3213F5007342F125
:1053500000022046C4E91A3202B0BDE81040FFF74F
:105360008DBE2DE9F04106461D4656F8283B8AB011
:105370000F46904602A99B692022044698475C2369
:10538000314600933A464346204600F046FED4E9B3
:105390001A2312F5007243F10003C4E91A232046D0
:1053A000FFF76CFE23685E699B68984702A9024676
:1053B0002046B0472368109A9B69294620469847A3
:1053C000202102A8FFF785FA0AB0BDE8F08140204D
:1053D00070478020704710B50446D8210830FFF789
:1053E00078FA236820461B69BDE810401847000082
:1053F00070B50C4D034600F1080405F140062A463D
:1054000003CAB24220606160154604F10804F6D177
:10541000002000210022C3E93201C3E9340183F8EE
:10542000D82070BD786C020810B5064B0446D82110
:1054300040F8083BFFF74DFA204600F0EDFD20460E
:1054400010BD00BFD069020810B50446FFF7ECFF9D
:105450002046E021F0F75DFA204610BD10B5044665
:1054600000F0D4FD034B23602046FFF7C1FF204628
:1054700010BD00BFD06902082DE9F04FA1B000F1C6
:10548000C00300F1400104930B4653F8082F5C68F9
:1054900012BA24BAC3E90042049A9A42F5D1836849
:1054A0000E93C3680F930369109343691193836943
:1054B0001293C3691393036A1493436A1593836A1F
:1054C0001693C36A1793036B1893436B1993836BFB
:1054D0001A93C36B1B93036C1C93436C1D931D4663
:1054E0001C9E1A9B0B931B9B0C93189B0793199B59
:1054F0000893149B0D93159B1E93129B0993139B6A
:105500000A93109B0593DDE916AB119B0693DFF818
:105510003C830E9BDDF83C9001934FEA9A324FEAB0
:105520009A4747EA8B3742EA8B427A404FEA9B34EC
:105530004FEA9B434FEACA5743EA8A3347EA5B275D
:1055400044EA8A44D8E900EC5C407A404FEACB5305
:1055500051F8087F43EA5A235C404B681EEB07076B
:105560004CEB030C0B9B23EA0A0E0C9BD21923EA8B
:105570000B07079B44EB0C04DDF820C00AEA030389
:105580000BEA0C0C8EEA030387EA0C07D31844EBF2
:1055900007049B1945EB0404059A099DDDF828C012
:1055A000DDF804E082EA0507069A0A9D82EA05060C
:1055B000019A099D1740059A1540069A06EA0906C0
:1055C00002EA0C025640019A6F404FEA19754FEA01
:1055D000127C45EA02154FEA897242EA9E024FEABE
:1055E0008E7E4EEA990E55404CEA091C019A8CEACF
:1055F0000E0C4FEA496E4EEAD21E520642EAD9120A
:105600008CEA020212EB030C0D9A85EA0E0544EBBC
:1056100005059B181E9A44EB02041CEB070202923C
:1056200045EB06020392099A0D920A9A1E92049A79
:105630008A42DDE90B6508F1080840F04C81102230
:105640000492049AA2F10F0101F00F01093100EB5D
:10565000C10250F83110D2F804E0049A023A02F084
:105660000F02093200EBC20550F832200D92049A65
:10567000D5F804C0D61F02F00F0706F00F0600EBA6
:10568000C7070936BA6C00EBC60550F836606D687E
:10569000B618FA6C45EB02024FEA5E051E924FEA1D
:1056A000510845EAC1720D0A1F9248EACE7845EAD0
:1056B0000E624FEA1E2588EA020845EA01651F9A34
:1056C000C90941EA4E61554088EA01011E9A7118E4
:1056D00085EADE1542EB05050D9A4FEADC484FEAF4
:1056E000CC0646EA52764FEAD24E48EA4238D20019
:1056F00042EA5C724EEA4C3E8EEA020E0D9A920924
:1057000042EA8C628EEA020288EA060888EA9C185D
:105710008E1845EB0802C7E91262A50BA70C47EAF1
:10572000833745EA83457D40990B4FEA934CE70563
:105730004CEA843C47EA532741EA844185EA070E54
:1057400081EA0C01049F414D4FEAC35C4CEA542CA2
:1057500081EA0C0105EBC70C55F83750DCF80470F2
:1057600049194EEB0705079F27EA0308089F27EA18
:10577000040C03EA0A0788EA070704EA0B0E8CEA1E
:105780000E0CC91945EB0C05891942EB05060B9A5D
:10579000029DDDF808C08A180C994FEA1577039D21
:1057A00041EB0601029E47EA05172D0F45EA061553
:1057B000039EDDF80CE0B60746EA9C064FEA8C7CB7
:1057C0004CEA9E0C87EA0C077540DDF808C0764667
:1057D000760646EADC164FEA4C6C4CEADE1C87EA99
:1057E0000C077540DDF814C0019E86EA0C08069E81
:1057F00089EA060E029E08EA0608039E0EEA060ED5
:10580000019E06EA0C06DDF818C088EA060609EAD9
:105810000C0CBE198EEA0C0C099F45EB0C05DDF84B
:1058200028C0D71941EB0C0C921941EB0501049DDE
:1058300001350495059D0995069D0A95079D0B95D3
:10584000089D0C95049D502D59D101E0F86902087E
:105850000E9DAA180F9D45EB0101C0E90221029996
:10586000109A039D5218119941EB0501C0E90421DA
:105870000199129A069D5218139941EB0901C0E94A
:1058800006210599149A5218159941EB0501C0E9B2
:105890000821169AD719179A42EB0C01189AD318B7
:1058A000199A42EB0404C0E90C341A9B1B9A13EBBF
:1058B0000A0342EB0B02C0E90A71C0E90E32079AF3
:1058C0001C9B08999B181D9A42EB0102C0E91032FB
:1058D00021B0BDE8F08F079A0B92089A0C92CDE99F
:1058E00007AB9A46059B0993069B0A93019BCDE95A
:1058F0000539029BDDF80C900193A3460DE6019D4E
:10590000CDE90559029DDDF80C900195CDE907AB75
:10591000CDE902219A46A3463B46644691E600BF84
:105920002DE9F8430446D0E932601546EB009B1997
:105930004FEA5272424189464FF0000128BF0121CF
:10594000C4E9323231B1D4E93432013342F10002D8
:10595000C4E9343204F148074FF000080DB9BDE83E
:10596000F88394F8D800C0F18006F6B2AE4288BF42
:10597000EEB24946324638440CF0ABFD94F8D830CC
:105980003344DBB2802B84F8D830A5EB0605B14454
:10599000E4D12046FFF770FD84F8D880DEE7F8B543
:1059A00000F1480590F8D83017468022EA5490F864
:1059B000D8206F2B04460E4602F1010032D8C2F106
:1059C0006F02002128440CF044FCD4F8D030D4F805
:1059D000D4201BBA12BAC4E92E23D4F8C830D4F8A4
:1059E000CC201BBA12BAC4E930232046FFF744FD8D
:1059F000234604F1400053F8082F596812BA09BA37
:105A00009842C3E91012F6D1236820469B68984754
:105A1000B8420246294628BF3A463046BDE8F8401B
:105A20000CF057BDC2F17F02002128440CF011FC9C
:105A30002046FFF721FD702200212846C3E713B559
:105A400013463622044600920A4600F1480100F04F
:105A5000E4FAD4E9323213F5806342F100022046C1
:105A6000C4E9323202B0BDE81040FFF705BD2DE9B0
:105A7000F04106461D4656F8483B92B00F46904608
:105A800002A99B694022044698475C233146009353
:105A90003A464346204600F0C0FAD4E9322312F5D4
:105AA000806243F10003C4E932232046FFF7E4FC9F
:105AB00023685E699B68984702A902462046B04762
:105AC0002368189A9B69294620469847402102A8D6
:105AD000FEF7FFFE12B0BDE8F081F8B50F46B3EB5C
:105AE000870F054611461C464FEA870609D21A461B
:105AF0000CF0EFFC321B28190021BDE8F8400CF037
:105B0000A8BB3246BDE8F8400CF0E3BCF0B5002578
:105B100007462C46AB4204F0010000D1F0BD51F81D
:105B20002540261A52F8250064EB0404361A47F87B
:105B3000256064F100040135ECE72DE9F04700240D
:105B40001D68A446264696420BD140F8224000EB41
:105B5000820901264FF0000A089CA6420CD3BDE83A
:105B6000F08751F82670E7FB054C40F82640644664
:105B700001364FF0000CE6E7002453F8267000EBE6
:105B8000860EA446944503D149F826400136E3E742
:105B9000DEF8005051F82C802D194AF10004E8FB82
:105BA00007544EF8045B0CF1010CEBE7F8B5044622
:105BB000FFF7ACFF1D46002316464042043C1A4640
:105BC00005B9F8BD56F8041B54F8047F0140C91903
:105BD00042EB0207C918216047F10003013DEFE7DE
:105BE000FFF7ABBFFFF7E2BF2DE9F041CC69132609
:105BF000E30F24F00044A3FB0636CC6101EB8207DF
:105C00008C464FF0260E674549D1072A0CD83C46F2
:105C100025680132ED18D2B246F10003082A44F893
:105C2000045B4FF00006F3D12622A3FB023402FBF3
:105C30000644CA691325D60F22F00042E6FB05345C
:105C4000CA610A1FA44601F11C05164656F8044F06
:105C5000E4184CF10003B54234604FF0000CF5D16C
:105C600016461327634656F8044FE41943F100071C
:105C7000B54234624FF00003F5D1CB6BDC1723F053
:105C80000043CB63043852F8041F136A4B4023408F
:105C90004B40954240F8043FF5D1BDE8F081DCF877
:105CA0000050EC18DCF8205046F10003E5FB0E43F1
:105CB0004CF8044B0026A6E7F0B589B06D460346C4
:105CC00000F120070146002613202C4651F8042B32
:105CD000121846F100008F4245F8042B4FF00006E1
:105CE000F4D1079AD61722F00042191FF043079209
:105CF0001C3351F8045F54F8042B6A4032406A4068
:105D00008B420A60F5D109B0F0BD0023D1F800C084
:105D10002DE9F04702F12006074615461C4655F8C6
:105D200004EBEEFB0C34B54247F8043B23464FF03E
:105D30000004F4D140F8203F01F11C0851F804EFB1
:105D4000A0F11C0C1746002557F8049BDCF8003026
:105D5000A246E9FB0E3A5B194AF10005B7424CF83E
:105D6000043BF1D1884540F8045FE7D1BDE8F087F6
:105D700010B590B004466846FFF7C7FF0822694691
:105D80002046FFF731FF10B010BD0A46FFF7F0BF05
:105D90002DE9F04F93B002AF0023D2F800C00D46BA
:105DA00001F120080E461C46394656F804EBEEFB7E
:105DB0000C34464547F8043B23464FF00004F4D129
:105DC0000A930AAF02F11C09019452F8043FA7F1AB
:105DD0001C0E1C46AC460026DEF800305CF804AB16
:105DE000DDF804B0EAFB043B9B194BF10006C44507
:105DF0004EF8043BF0D1914547F8046FE5D10822F5
:105E0000FFF7F2FE13B0BDE8F08FF0B4002401F10B
:105E1000200C0546264651F8043B52F8047BDB195A
:105E200046EB06071B1947F10004614545F8043BA2
:105E3000F1D1F0BCFFF740BFF0B5002301F120071E
:105E4000054651F8044B52F8046B03F00103E41AC1
:105E500063EB0303A41B63F10003B94245F8044B51
:105E6000EFD1014603F0130251F8043B04469B1A9C
:105E700044F8203B62EB02020B6802F001029B1A1D
:105E800041F8043B62EB0202A142F5D123F000434A
:105E9000C361F0BD404230B5A1F1040065EB0505DA
:105EA000043A1C3150F8044F52F8043F63402B4031
:105EB000634088420360F5D130BD70B588B00446B8
:105EC00068460E46FFF761FF092569466846013DB1
:105ED000FFF75BFF15F0FF05F7D132466946204614
:105EE000FFF746FF17260A2569466846013DFFF77A
:105EF0004CFF15F0FF05F7D16A4621462046013ECA
:105F0000FFF736FF16F0FF06EDD121466846FFF792
:105F10003CFF6A4621462046FFF72AFF08256946CE
:105F20006846FFF732FF013D6A4621462046FFF7EB
:105F30001FFF15F0FF05F2D16846FEF728FD08B0F7
:105F400070BD38B504460D46FFF7B7FF2146204621
:105F5000FFF71BFF21462046FFF717FF2A46214681
:105F60002046FFF705FF21462046FFF70EFF21469A
:105F70002046FFF70AFF2A4621462046FFF7F8FE93
:105F800021462046FFF701FF2A4621462046BDE86C
:105F90003840FFF7EDBE000030B5044689B00D462D
:105FA000FFF78BFF21462046FFF7EFFE2A462146EA
:105FB0002046FFF7DDFE21462046FFF7E6FE21469C
:105FC0006846FFF7E2FE2022694628460CF017F9E2
:105FD00028B96846FEF7DBFC012009B030BD0A4A4B
:105FE00021462046FFF7D4FE21466846FFF7CDFE46
:105FF0002022694628460CF002F90028E9D06846BC
:10600000FEF7C5FC0020E8E7B86C0208014B03600E
:10601000704700BFE06C020870472DE9F8431D4649
:1060200003689DF82090DB6804460E46904698472A
:10603000236807461B6920469847AF420ED32A467D
:10604000414630460CF045FA74197A1B4946204601
:106050000CF0FFF8B44217D1BDE8F88323682A4654
:10606000414620465B699847236820469B689847CD
:10607000236802469B6905463146204698472368B7
:1060800020461B699847DFE716F8013B89EA0303BE
:1060900006F8013CDEE70000224BF0B50B443C243F
:1060A000B3FBF4F104FB1133B1FBF4F204FB121166
:1060B000017118214371B2FBF1F301FB1322C2708D
:1060C0009BB2002240F26D164FF6936512F0030466
:1060D00013BF37464FF4B77701210021BB421AD2D4
:1060E000114D027001216A5C4CB9022907D10132BD
:1060F000D2B29A420BD89A1A93B203211F229A4223
:1061000005D80131C9B29A1A0C2993B2EBD10133E7
:1061100041708370F0BD691A0B4401329BB2D2B258
:10612000D4E700BF80BC92C7076D0208704738B53E
:106130000446002508462171A5710AF03DFE6571EF
:106140002060204638BD10B5044600680AF03CFEC9
:10615000204610BD002343717047407970470068A6
:10616000704700008E2912D8702903D8032908D857
:1061700001207047074B7139C9B2CB4003F00100D1
:106180007047643904298CBF00200120704700202B
:10619000704700BFBD91FE20882914D8702906D809
:1061A00003290BD8012994BF002001207047074B19
:1061B0007139C9B2CB4003F001007047A1F1670308
:1061C0005842584170470020704700BF1901A00095
:1061D0002DE9F84F04460E4690461D46FFF7C2FFD4
:1061E000C8B18E2E98BF2D4B94F805909CBF9F5D33
:1061F0002B4B227994BF33F816B0002709EB070325
:1062000003F1010388BFBB46934206DB0123A37160
:106210000020BDE8F88F0223F9E700212846EAF7BD
:106220003FFF0021B0F1000A284618BF4FF0010AD5
:10623000EAF736FF08B105F100455846EAF73AFD9E
:106240002946EAF78FFDEAF78FFF314605462046DB
:10625000FFF7A2FF40B1BAF1000F05D0FA00012309
:1062600093405A1E2A409D1A236809F10102627167
:1062700003F8098063792268591C6171D6540022A1
:1062800001326379D1B28F423B4402D2D8B26071FD
:10629000BFE721689B1ACD542D0AF1E7326E020840
:1062A000146D020808B513460A467421FFF790FFE3
:1062B00008BD704710B550210446EFF72AFB204671
:1062C00010BD000038B5074B04460D4640F80C3BA6
:1062D000442200210BF0BDFF0023A560237120465E
:1062E00038BD00BFCC6E020810B50446007958B91D
:1062F00001B1A160A16839B104F10C0000F092FE77
:10630000B0FA80F04009207110BD38B50379044619
:1063100000F10C053BB98168284601F069FDB0FA2F
:1063200080F0400938BD00230371284600F0BCFE10
:106330000028F4D1A168284601F05AFD0028EED1CA
:10634000A168284600F06EFE0028E8D101232371E1
:10635000E5E738B50D46044611461A462B4600F0CF
:1063600052F9204638BD00B5C3B06A460C3000F083
:106370001DFEB0FA80F0400943B05DF804FB08B59B
:106380000C3001F067FEB0FA80F0400908BD07B597
:1063900003688DF807105B6801220DF1070198472B
:1063A00003B05DF804FB1346027D10B54AB90469D9
:1063B0000A46816904F10C0000F0E9FF20EAE07070
:1063C00010BD0020FCE773B504460069257D0DBBB8
:1063D000A1690C3000F0DEFD06462069A1698DF848
:1063E000075001230DF107020C3001F06AF9002873
:1063F0002069A169C8BF9DF807504FF000033246DD
:1064000000F10C00D8BF4FF0FF3501F0BEF928466F
:1064100002B070BD4FF0FF35F9E738B5037D044693
:1064200063B90069A1690C3000F0B6FD054620692A
:10643000A1690C3000F0AEFD281A38BD0020FCE741
:10644000037D2BB90369816903F10C0001F093BB53
:106450007047000010B500224FF47A74C0E901249F
:10646000054C0460C0E906220161027580F8202015
:1064700080F81F2110BD00BFDC6E0208F8B504468D
:106480000E4615461AB1012A17D00120F8BD012782
:1064900038200AF091FC0146A06160B120693246C3
:1064A0003B460C3001F0CFFD024648B1A0690AF02E
:1064B0008BFC0023A3610020E8E740F20317E7E725
:1064C000012D05D12069A16902230C3001F05DF98D
:1064D00000232375D9E770B504462C200E460AF038
:1064E0006BFC0146A06150B1206932460C3000F0CF
:1064F0001CFD30B1A0690AF067FC0023A3610020F5
:1065000070BD012525753046EAF772FE28440AF071
:1065100053FC3146E0610BF0D4FF2846F0E7134608
:10652000027D10B43AB904690A46816904F10C008D
:1065300010BC01F0C6B8002010BC704707B501229E
:106540000DF10701FFF7EBFF0028CCBF9DF8070016
:106550004FF0FF3003B05DF804FB816938B50446A5
:1065600079B10069257D0C3065B100F006FDA069A8
:106570000AF02AFCE0690025A56108B10AF024FCB4
:10658000E56138BD01F030FBA0690AF01DFCA56192
:10659000F7E7FFF7E2BF70B58369C2B005460E4664
:1065A00014460BB1FFF7D9FF28696A4631460C3013
:1065B00000F0FCFCE0B99DF80030112B05D122461B
:1065C00031462846FFF75AFF03E031462846FFF7D9
:1065D00082FF044670B12F2130460BF085FE203536
:1065E00000B1461CFF22314628460BF06AFE02E04D
:1065F000023003D00024204642B070BD012CF9D1F6
:10660000DDE7FFF7C8BF70B504460D4616461946CC
:10661000FFF720FF324629462046FFF7F2FF2046CB
:1066200070BD8069003818BF0120704703681A6A7E
:10663000C36AD31A1944B1FBF2F302FB1311036BC3
:106640008B4210B50AD94C09C06B01F01F0150F8FC
:10665000243001228A40134340F82430002010BD2A
:106660000368013304D04068431C584258417047C6
:106670000120704710B50B6804689C4209D040683F
:106680004968884205D08C4203D0181A18BF0120EF
:1066900010BD0020FCE72DE9F74FDDE90C470E9D0A
:1066A00083468846924699460DB9002064E0DBF89F
:1066B0000000BAF1000F1ED0DAF800304B451AD1B5
:1066C000DAF80410A14216D886690E44A64212D9FF
:1066D000361BAE42DAF8083028BF2E46611A38461B
:1066E000324619440BF0F5FEAD1B37443444DCD080
:1066F000DBF80000E0E7D8F8002043694A4517D1ED
:10670000D8F80410A14213D8CE18A64210D9361BCF
:10671000AE42D8F8083028BF2E46611A32463846B5
:1067200019440BF0D6FE37443444AE1B3546BBE764
:106730004168B4FBF3F203FB12428C467AB9AB42D8
:106740000DD8B5FBF3F603FB1656AD1B00953B4683
:1067500022464946E04778B92F442C44E6E7A21A7E
:10676000C8F80090C8F804200093D8F808304946CB
:106770006646B04700289AD003B0BDE8F08F1FB539
:10678000069C0092CDE9013400220B4600F1140171
:10679000FFF781FF04B010BD2DE9F04786B0054634
:1067A0000F46144600F11409D6184FF0010A0DF1F6
:1067B0001708A64203D1002006B0BDE8F087009478
:1067C000CDE9018A3B46002249462846FFF763FF90
:1067D00001340028F0D10E980122414601F078FCE6
:1067E000E7E72DE9F04F8BB0136804930026536858
:1067F000059307460C46B0460DF1100A06AD4FF062
:10680000100B5AF82690CDF800B02B4600224946CE
:106810003846FFF7B4FF70B110F1340F06D146B11E
:10682000B8F1000F0CBF6FF0330000200BB0BDE8D3
:10683000F08F0126E5E7B8F1000F04D0E269069B6E
:106840009B1A002BEBDB079B23F00043132BE6D9AD
:106850003A68D2699342E2D84FF0FF3303A810227E
:106860002946039301F034FC079B03A823F000435F
:106870000090103B102249463846FFF78DFF002854
:10688000CAD1039B002BCAD10AAA86F0010302EBEE
:10689000830304F11C0C53F8183CA3601023E3603D
:1068A00095E80F00C4F804904FF001088CE80F0041
:1068B000B5E7F7B5044604300E461546FFF7D0FE9F
:1068C00010B1002003B0F0BD009001236A462946B4
:1068D00020460193FFF785FF0028F3D105F1240737
:1068E0003846FFF7BDFE0028EBD131463846FFF7AA
:1068F000C1FE38B13A4629462046FFF772FF00280C
:10690000EED0DFE70120DDE72DE9F04F87B0DDE9CC
:10691000104506468B46174625444FF001090DF1F8
:10692000170AA3EB0408AC4201D1012011E008EBE7
:1069300004030093CDE901A93B46002259463046A5
:10694000FFF7A9FE28B914F8013B9DF817209A42D9
:10695000E9D007B0BDE8F08F03689B6A10B5044624
:1069600013B9C0690AF030FA2368DB6A13B9A06A68
:106970000AF02AFA23681B6B23B9E06BBDE81040CC
:106980000AF022BA10BDF8B5C6690D68083EB542D6
:106990000F4613D3B5FBF6F0013807F0BBFF841C9C
:1069A000A5EB8404B4FBF6F4204607F0B3FFA5EB97
:1069B000800504FB16553D602046F8BD0020FCE72D
:1069C0002DE9F04F89B00646DDF84C8005920F4660
:1069D0004BB94FF0FF32C8F80020149A0020136022
:1069E00009B0BDE8F08F0468013B07A92046079372
:1069F000FFF7C9FF12A905462046FFF7C4FF4FF075
:106A0000040A81460DF1140BA945059B03D3C8F870
:106A10000030129BE1E7A5EB0904B4FA84F495FA7F
:106A2000A5F2B2FA82F2C4F11F04944228BF1446C0
:106A3000A2000092CDE901BA002239463046FFF7A4
:106A40002AFE0028CCD10123A340ED1ADCE72DE972
:106A5000F04F89B006461298DDF850A00F469046D8
:106A60009946E8B10138059005A93068FFF78BFF1A
:106A70000DF1180B0446139B49465046984778B9C8
:106A800074B104F00105C5F102029200CDE901B232
:106A900000904B46424639463046FFF7FCFD10B1A8
:106AA00009B0BDE8F08F06992DB9139B5046984761
:106AB0000028F5D1012008AB03EB8000023D50F81F
:106AC000089C2C44D7E704300844104470472DE953
:106AD000F34106460C46154601F124074FF0100815
:106AE000216AE26821F0004302F10C00043B984265
:106AF00015D80C23009361682B1D3046FFF73FFE2D
:106B0000034688B9E668EA79A97968792E60FFF7C3
:106B1000DAFFA26906440244E660A26104E00029AB
:106B200006DB2A606FF00103184602B0BDE8F08171
:106B30003A4621463046FFF754FE03460028F3D17B
:106B4000A369C4F80C801433A361C9E730B50446C7
:106B500093B004300D46FFF783FD10B1002013B051
:106B600030BD0190012301AA07A920460293FFF737
:106B700038FE0028F3D110A8FFF772FD0028EDD1F0
:106B800010AA07A92046FFF72CFE0028E7D103AA88
:106B900007A92046FFF79BFF10B1831CEBD0DEE76F
:106BA0009DF91030002BF2DB0822294605A80BF0D6
:106BB00026FB0028EBD10120D1E72DE9F84305465B
:106BC00004300F4614461E46FFF74AFD10B1002060
:106BD000BDE8F88301235062936202F1240806F1B4
:106BE00008094046FFF73CFD0028F0D14246214607
:106BF0002846FFF7F6FD0028EAD13246214628460E
:106C0000FFF765FF10B1831CEBD0E1E7337903F0A8
:106C10007003202BF1D139464846FFF72BFD0028A1
:106C2000EBD10120D4E700002DE9F04F87B01F68B9
:106C3000049340F62203536043689360DFF82C917D
:106C40008368039105461446D360494638460BF0E5
:106C500061FB07EB00088346494640460BF00EFBFC
:106C60000128064608EB000A05D117F80B302E2B39
:106C70000AD15746E9E7022806D102463C49404678
:106C80000BF0BDFA0028F4D057464FF0010B4946EF
:106C900050460BF03FFB8244494650460BF0EEFA5B
:106CA000024690B102280CD10590314950460BF0B4
:106CB000A6FA059A28B9BBF1010B04D10AF1020723
:106CC000C3E70BF1010B9244E1E798F800000028BC
:106CD00041D0049BC3F800802379222B43D104F1D7
:106CE000080A039952462846FFF77BFD98BB05F139
:106CF000140B039922462846FFF7E9FE58BB237977
:106D000003F07F03112B01D0222BF2D1E379B342A0
:106D1000EFD12368627904331344A279CDE9008668
:106D20001344039A594652682846FFF7EDFD0028A0
:106D300011DBDED095F84130002B86D194F9043078
:106D4000002B82DA51462846FFF700FF002805D0C5
:106D500001DB6FF0010007B0BDE8F08F237903F08D
:106D60007F03237171E76FF01300F4E7006F0208EF
:106D7000026F0208C368184710B50C468269A06804
:106D8000FF210BF066FA4FF0FF33236010BD38B5DA
:106D90008B6A016004460D46CBB1C361EB6A13B345
:106DA000A36204F120012846FFF7E6FF4FF0FF330E
:106DB000636123681A6BEAB1E26300204FF0FF338E
:106DC000C4E90133C4E90300A4F8400038BD4869B0
:106DD00009F0F2FFE0610028E0D12046FFF7BCFD9A
:106DE0006FF00B00F2E7A86909F0E6FFA062002847
:106DF000D7D1F2E7586AC00809F0DEFFE063002847
:106E0000DBD1EAE7F7B50C4609684B1C0546164688
:106E100002D1002003B0F0BD006883690093D4E97B
:106E200001238768B8470028F4D12B6826B9286861
:106E30002146FFF7A1FFECE79B690193A36800934C
:106E4000D4E9002331462846FFF75EFD0028E1DB48
:106E5000EDD16FF03300DDE72DE9F74FDDE90C48A8
:106E60000E9E81460F4693469A46002E38D13046F4
:106E700006E05A4639464846FFF7C4FF002850D07E
:106E800003B0BDE8F08FB4FBF2F302FB13431BBB6E
:106E9000964221D3B6FBF2F502FB1565761B0096F0
:106EA000836822469C4651464346E0470028E7D186
:106EB000BBF1000F02D1B044344434E0CDE9008688
:106EC0002346524659464846FFF71EFD0028D7DBA9
:106ED000F1D16FF03300D3E7E31AC7F800A07B606D
:106EE0003B68D9F8000053458269CCD17B68A34246
:106EF000C9D89D18A542C6D92D1BE01AB542BB685A
:106F000028BF35462A46184441460BF0E2FAD9F824
:106F100000309A692C44B4FBF2F302FB1343002BBC
:106F2000A7D0A844751B2E469FE730B543684B6039
:106F300087B0836801928B6002AA01AB05460C46BC
:106F4000FFF772FEA0B99DF80C30222B12D104AAD3
:106F500021462846FFF745FC50B963682361A368C2
:106F600063610E23A3611023E3602B6923602C610E
:106F700007B030BD6FF01300FAE7036900F11002AB
:106F80001BB18B4203D11B681360002070471A4667
:106F90001B68F5E7086A7047CB6948699B0303D50E
:106FA0000B6A984238BF18467047000070B594B01D
:106FB0001546039103AB05AA09A90646FFF734FE5F
:106FC0000446C0B901464FF4847228460BF041F9DB
:106FD0009DF818302B70112B04BF089B6B60311D7E
:106FE00007A8FFF747FB05F10803044630B90C4931
:106FF00018460BF066FA204614B070BD059A9DF84D
:1070000019109DF81B00009004320A449DF81A10D4
:1070100030460A440A99FFF7B2FB0446EBE700BF8B
:10702000006F020830B599B00546FFF7B0FE044680
:1070300058BB2B6868631B6AAB63C5E90B00029001
:10704000012302AA0DA928460393FFF7CAFB0446B1
:1070500000BB202300930E9905AB10222846FFF7B2
:107060008EFB0446B0B9069B6B60079B0D49AB6075
:1070700008220BA80BF0C3F8044648B90A9B1A0C67
:10708000012A0BD19BB2012B08D8204619B030BD84
:107090006FF033042846FFF75FFCF6E76FF0150446
:1070A000F8E700BF056F020808B5FFF755FC0020A0
:1070B00008BD2DE9F043064697B004300F469046D0
:1070C000FFF7CEFA20B10024204617B0BDE8F083C8
:1070D00001230590069305994046B84704460028C9
:1070E000F2D106994046B84704460028ECD105AADB
:1070F0000BA93046FFF775FB04460028E4D14FF09A
:107100000C09139B0E9D23F0004305F10C02043B78
:107110009A4223D9149B059305A8159B0693FFF764
:107120009FFA0028D7D0F56806F11409002DCAD0BF
:10713000EB69DA033CD4EB699B030DD5CDE901780B
:107140002B6A00936B6A05F12C0249463046FFF723
:107150007EFC04460028B7D12D68E7E70C99CDF8EE
:10716000009008AB2A463046FFF709FB044600288A
:10717000AAD19DF823209DF822109DF82100FFF749
:10718000A2FC9DF8203003F070032844102B0E90D1
:10719000B7D10A9B00932246CDE90178099B06F1FD
:1071A00014013046FFF753FC04460028A9D08BE7B2
:1071B000CDE901786B6900932B6905F12C024946F2
:1071C0003046FFF744FC04460028B4D07CE70000BA
:1071D000F8B504460D460126236BD4E90D219A42E9
:1071E0001DD1002949D0E06A22680344106A526A1E
:1071F0008A4294BF22632163B3FBF0F7002100FBB6
:1072000017336163D208E06BE3620BF022F81C498C
:1072100022462046FFF74DFF0028DDD024E001394B
:10722000501CA1635709E16B606351F8277002F0AD
:107230001F0006FA00F03842CFD1E36A13442268F7
:10724000126AB3FBF2F002FB10332B60266B0125B0
:10725000636BB3420FD05A0903F01F0051F822208C
:1072600005FA00F0104000D1F8BD01336363A36B51
:10727000013BA363ECE70020F6E76FF01B00F3E7A8
:107280002D66010873B50C4604310646FFF7A0FFD2
:107290000546F0B904F108013046FFF799FF0546AD
:1072A000B8B9042300930246616804F11C03304618
:1072B000FFF765FA10B110F1340F0DD1E369013316
:1072C000E36114224FF0FF33C4E90823A3621023C3
:1072D000E360284602B070BD0546FAE72DE9F04F9D
:1072E000044689B00E4600F1140B07A92046FFF7AB
:1072F0006FFF054658B9DDF81C9020684946FFF736
:1073000039FD054600283BD010F1340FEDD028465A
:1073100009B0BDE8F08F0DF11B07CDE90087CDF86E
:1073200008A0736A059A59462046FFF7B4F970B968
:10733000CDE9017ACDF800804B465A4604F1200190
:107340002046FFF789FD20B110F1340FCDD005465E
:10735000DDE708F10108B36A4345DCD82368A16A78
:107360009A69706B0BF0B5F8236AF362636A206860
:10737000336304F12001FFF7FFFCC6F82490C6E751
:1073800006F12C03804605934FF0010AE3E72DE94F
:10739000F04F8FB0CDE90623CB6903F00302012A39
:1073A00005460C4600F01F815E031AD4E6693205DB
:1073B00020D4276A079BDF4200F1188116F40036BB
:1073C0001ED005F11403DDF81CA0099304F12C086C
:1073D000E369BAF1000F25D123F40023079AE36192
:1073E00004E000F006F902460028DFD010460FB096
:1073F000BDE8F08F6269216A8A4288BF2262D8E7BD
:1074000063699F42DDD92362236A9F42D9D90DAABD
:107410000123214628468DF83460FFF7B8FF021E8D
:10742000F2DAE3E79B0324D52B68A26ADB699A4270
:1074300040F098802B681B6AAB6305F1140304933A
:10744000D4E90832CDE90B230DA92846FFF7C0FE89
:10745000024608BB0D9B286805931946FFF78AFC76
:10746000024618B312F1340F16D14FF0FF332B62DE
:10747000EAE7236A002BDDD004F128020292013BE7
:1074800004F1240201920093D4E9042341462846E2
:10749000FFF796FA024620B1E36943F40023E36163
:1074A000A4E728684146FFF767FCC3E70C9F2E68F6
:1074B0000890002F4FD0013F0CA930460C97FFF7E2
:1074C00062FA0C9FF369089A01379F420C9768D1C2
:1074D000461C96FAA6F6B6FA86F606F1010B914618
:1074E0000BAF4FEA890308930423CDE901734FEAF8
:1074F000890300934146DDE904232846FFF7ACFCED
:107500000B9B02460028ADD14E4550D109F101092F
:10751000CB45E6D84FEA8B071DE00022CDE9016B91
:107520000B9B0499CDF800902846FFF7B4F802466B
:107530000028B1D1DDE90423CDE9016BCDF800903D
:1075400041462846FFF788FC024600288AD109F107
:1075500001094F45E1D8059BC4E90937E36943F4C4
:107560000033E3612B68DE69A36AF61A564528BF2B
:107570005646069B02960193A36A0093099A636A92
:1075800041462846FFF768FC0246E8B110F1340F87
:1075900082D121462846FFF7A1FE02460028E8D006
:1075A0007AE791464FF0010B0DF12B06D1E704214C
:1075B000CDE901710899009128460499FFF76BF80D
:1075C00002460028A2D067E7236A33442362A36AF5
:1075D0003344A362069B334406932B681B6AAB6358
:1075E000AAEB060AF4E66FF00802FFE66FF01A0253
:1075F000FCE6CB695A032DE9F04144BF23F4802314
:10760000CB61CB6944BF4FF0FF32CA629B0390B09D
:1076100005460C4603D4002010B0BDE8F0810F6A87
:107620002C22002102A805F114060AF012FE23699B
:10763000069396E80700636907930123CDE90937AC
:1076400010AB03E907004FF0FF38C5F81480226A39
:1076500063699A4211D304F12C0832464146284608
:10766000FFF7D0FB08B310F1340FD5D121462846DF
:10767000FFF734FE0028F0D0CEE701230DF107021A
:1076800002A9284600F01DF80028C5DB01230DF1F2
:10769000070221462846FFF77AFE0028BCDB6B690B
:1076A0000133D4D0CDF83480CFE7636A2361236AF5
:1076B0006361E36923F4003343F48033C4E907379B
:1076C000A9E72DE9F04F1D46CB69904603F0030270
:1076D000022A87B007460C4654D09A0305D4236A81
:1076E0006669B34208D3002003E0FFF782FF002859
:1076F000F5D007B0BDE8F08FF61AAE4228BF2E468F
:1077000004F12803B14604F12C0A059304F1240B7B
:10771000B9F1000F01D13046EBE7E3695B0304D513
:107720003B68A26ADB699A4210D1059BCDE901B39F
:10773000236A0093D4E9042351463846FFF740F901
:107740000028D6D1E36943F48023E3613A68A36A51
:10775000D5690093ED1A4D4528BF4D46CDE9018509
:107760000022636A51463846FEF795FF0028C0D1D3
:10777000236A2B442362A36A2B44A362A844A9EB87
:107780000509C5E76FF00800B3E770B50D4614466C
:107790001E46FFF72EFF70B92B6A36B1012E01D1BC
:1077A0001C4402E0022E07D01C46002CA6BF2C620F
:1077B00020466FF0150070BD6B69F1E7F0B501264A
:1077C00080F84060A7B004460430FEF749FF054644
:1077D000002879D101462C2205A80AF03AFD4FF085
:1077E00000432822294610A80D930AF032FD1A966C
:1077F00023681B6A9D4202D36FF0330020E019A872
:10780000FEF72EFF00285FD119AA10A92046FEF727
:10781000E8FFA8B90D9B002B34DB01AB1BAA0EA916
:107820002046FFF7CAF900280ADB0BD1199B0E93FB
:107830001A9B0F9300231A4605A9204600F046F82C
:1078400027B0F0BD039A0E99049B0F988A4201D18C
:10785000984217D0904201D1994213D00E92E8E796
:107860009DF97030002B0DDA1DA92046FFF76EF947
:107870000028E5DB1BD01BAA10A9204600F03DFA2A
:107880000028DDD11BAA10A92046FFF720F9002807
:10789000E6D0831CD4D110AF0FCF05AE0FC60FCFEB
:1078A0000FC697E80700013586E80700A0E79DF8B6
:1078B000703003F07F038DF870301BAA034610A9C7
:1078C000204600F03FF9DBE70020B9E72DE9F04F53
:1078D0009DB00D460993CB6905920133CB610B1D19
:1078E0000646079309984B6889680693C5E9011312
:1078F00002EB001413469C4212D1069B0C9300230A
:107900000B91089369683068FFF734FA044678B140
:1079100014F1340F00F0DF8020461DB0BDE8F08F79
:10792000D8682A6A02445868121A2A621033E2E7B9
:1079300005F11C084FF0FF33102241460DA8102717
:107940000D9300F0C5FBCDE90187009406F1200AF4
:1079500022466B6851463046FFF77EFA04460028FF
:10796000D6D18346B84629E0099B9B4580F28D809D
:10797000059A4FEA0B1302EB0B19D358434540F01D
:107980008480D9E902120DA800F0A2FBD9F80C30CE
:107990000293D9F80830CDE9007300226B68514694
:1079A0003046FFF759FA04460028B1D1D9F804301F
:1079B0009844D9F80C300BF1010B1F442B6A23F0CB
:1079C0000043043BBB42CFD80DF13408CDE9007829
:1079D000042302936B68002251463046FFF73CFABD
:1079E0000446002894D14FF0FF3702467761514694
:1079F0003046FFF707FA0446002889D1306803694A
:107A000098470446002883D12B6A119711AF00973D
:107A100023F0004302466968043B3046FEF7BCFE93
:107A2000044600287FF478AF119A0D9B9A4252D1F8
:107A3000089B2BB343463A460BA93046FFF7BDF8E7
:107A40000028FFF66AAF5ED06B680F93AB681093A7
:107A5000424623463946304600F074F800287FF449
:107A60005CAF311D0BA8FEF705FE18B96B6873609B
:107A7000AB68B3603046FFF7A1FE00287FF44DAF3E
:107A80003269002A53D1104647E74FF001090699A1
:107A9000CDF8009011AB42463046FEF770FE04462A
:107AA00000287FF439AF4A4611A90DA800F010FB59
:107AB00011ABCDE90073CDF8089022466B685146B2
:107AC0003046FFF7C9F9044600287FF421AF08F1DA
:107AD0000108013772E74FF0FF33336201240023BE
:107AE00011A90BA8CDE91134FEF7C4FD10B96FF050
:107AF000330012E707993046FFF76AFB0894002825
:107B00003FF400AF09E73A460BA93046FEF7D1FE35
:107B10000028FFF602AFB3D06B681A93AB681B93D3
:107B200000231A4639463046FFF7D0FEA5E70799ED
:107B3000101DFEF79FFD18B96B685360AB6893602A
:107B400012689EE770B5154688B055F8044BD27997
:107B500000940C26002BCDE90523079234440CBF7A
:107B6000012302236A46CDE9016503960494FFF7D9
:107B7000ADFE08B070BD70B592B006460D46FFF779
:107B800038FD044658BBEB6903F41023B3F5803F7E
:107B900025D12A1D1046FEF763FD00BB07A930461C
:107BA000FEF71FFEF0B90C23EA68089900933046EF
:107BB00004ABCDE9044406940392FEF7E0FD88B9D6
:107BC0002B6905936B69069303AA234607A93046E0
:107BD000FFF7B8FF30B9EB6923F48033EB6120463F
:107BE00012B070BD0446FAE770B505460C46FFF7C3
:107BF000C2FFEB68064605F10C021BB1A3420DD192
:107C000023681360A3690BB11B682BB92B685B6BEE
:107C100013B9606B09F0D8F8304670BD1A461B687E
:107C2000EBE72DE9F043804695B00E46174699469E
:107C300001F12405FA79B9797879346AFEF743FFBE
:107C4000D8F80030DB692044984215D8043C47F846
:107C5000044B00230C21CDE90A37CDE90C14CDE902
:107C60000E3910920994022309AA31464046FFF7C3
:107C70002DFE15B0BDE8F083002C36DB35460FCD68
:107C800009AC0FC40FCD0FC495E8070084E80700C6
:107C900031464046FFF7F6FA0028EAD1129B73629C
:107CA000139BB362336A3A46043B42F8043B0392A7
:107CB0000C22CDE90130CDE90423FB790893CDE90D
:107CC0000609022301AA31464046FFF7FFFD0028BE
:107CD000CFD1119B43F00043119373681293B368A3
:107CE00013930246034609A9C0E72A463146404697
:107CF000FEF777FD00289DD0BBE72DE9F04714463D
:107D00000D46D279A1798CB080466079FEF7DBFE12
:107D10002B6A143023F0004383421DD101AA291D90
:107D20004046FEF7C6FD061E12DB099A002A13DA4A
:107D30002B6A63F00043134009936B6A0A93AB6AA2
:107D40000B9300231A4601A94046FFF7BFFD0646E4
:107D500030460CB0BDE8F0872368E279A1796079FC
:107D60000193FEF7B0FE0023CDE903330290012317
:107D700001AA29464046FFF7A9FD06460028E7D19B
:107D8000D8F80C7005F1040A4FF0FF39CFB9D8F8D4
:107D900010700435002FDBD02946381DFEF76AFC31
:107DA00068B9FB682268934209D9E279A1796079C0
:107DB000FEF789FE1B1AFB60BB691B1ABB613F689B
:107DC000E8E75146381DFEF755FC28B9FB682268E4
:107DD000934203D1C7E901993F68D7E7FCD9E2791B
:107DE000A1796079FEF76FFE1B1AFB60F4E70000D3
:107DF000F0B5A5B00546FEF7CAFF0446002877D1C6
:107E00002B685A6A0146D208E86B0AF022FA2A68FF
:107E1000EC62D2E908320EA9C5E90D439A4294BF3B
:107E20002A632B632846FFF72DFA044600285CD10D
:107E300019A92846FFF726FA0446002855D103461B
:107E4000024619A92846FFF741FD044600284CD1F7
:107E5000294B1A9E1B9A6E601027CDE905732B687B
:107E6000AA60D969099125491B6A08680A9349687B
:107E700001974FF001130B930CAB03C33423CDE9EF
:107E80000762CDE91762169306AE2023CDE903639E
:107E9000029301AA01230EA92846FFF717FD20B17E
:107EA00010F1340F02D004461FE001242023CDE955
:107EB0000236049301AA01230EA928460197FFF771
:107EC00005FD20B110F1340FEDD1002CEBD00022D4
:107ED0000123CDE901230EA901AA2846FEF781FC62
:107EE000044610B92B681B6AAB632846FEF734FDC5
:107EF000204625B0F0BD00BF2E140008056F020813
:107F00002DE9F0471F4692B003F00303012BDDF883
:107F10006880019206460C4611D101AB03AA07A95D
:107F20003046FEF781FE0546B0B99DF81030222B91
:107F300000F08680B90534D56FF0100508E090F8A0
:107F40004030002BE9D1FFF739FC05460028E4D08A
:107F5000284612B0BDE8F087821CF9D1DDF804A0F4
:107F60002F2150460AF07DF981460028F0D1FB050B
:107F7000EED540F611038DF812005046ADF81030E2
:107F8000E9F736F94FF0FF33CDE905398DF81300E5
:107F9000534603AA07A93046FFF743FE05460028CB
:107FA000D6D1089B6360099BA360039BE360059B9C
:107FB00023610022069BC4F8188078056361E7619D
:107FC000226210D44FF0FF33E362B8F1000F02D009
:107FD000D8F800306BBB3268536B73B1F26842B3B0
:107FE0006FF00B05B4E713B147F48037E7614FF04A
:107FF000FF320023C4E90423E4E7E36903F0030349
:10800000012B0AD1506908F0D7FE60630028E7D041
:10801000F36823600025F4609AE7906908F0CCFECD
:1080200060630028DCD0306804F12C01FEF7A4FE68
:10803000EEE76363E36903F00303012BE8D0F2E7A3
:108040006FF0140584E713B500240094FFF758FF80
:1080500002B010BD10B590F840309CB004460191BC
:1080600043B101AB02AA06A92046FEF7DDFD30B1FF
:108070001CB010BDFFF7A2FB0028F2D0F8E79DF876
:108080000C30222B1CD002AA06A92046FFF735FE91
:108090000028EDD19DF80C30222BE9D106AA12A9B7
:1080A0002046FEF706FC0028E2DB1A9B0F931B9B81
:1080B000109300231A4606A92046FFF707FCD7E7CE
:1080C00004AA11A92046FEF78CFB0028DBD0CFE7DD
:1080D00070B50D4D0A44914200D170BD066811F88B
:1080E000013B83EA060404F00F0455F8244084EAB7
:1080F000161484EA131303F00F0355F8233083EAB0
:1081000014130360E7E700BF106F0208F0B5CFB0AB
:1081100006460C466D4602F12007106851682B4652
:1081200003C30832BA421D46F7D19DF8003023F050
:1081300007038DF800309DF81F3003F03F0343F034
:108140004003214608A88DF81F3001F095F844A897
:1081500000F033FF44AA08A93AA800F03BFF44A965
:1081600008AA084602F0D4F944A9084601F01AFF0B
:1081700044AA3AA908A801F086F912A800F01DFF48
:108180001CA800F00EFF08A926A801F05DF830A891
:1081900000F013FF0024FE25EB1027461DF80340D6
:1081A00005F007031C4104F0010467403A4626A984
:1081B00012A800F099FF3A4630A91CA800F094FFDD
:1081C00030AA26A93AA802F0A3F91CAA12A944A829
:1081D00002F09EF912A908461CAA00F0FBFE30AA84
:1081E00026A91CA800F0F6FE12AA3AA930A801F0B0
:1081F0004AF91CA944AA084601F045F944A93AA83D
:1082000001F0F3FC12A944A801F0EFFC1CAA30A96C
:1082100026A800F0DFFE1CAA104630A902F078F96B
:108220003AAA44A912A801F02EF944A93AAA08468C
:1082300002F06EF91CA9084601F0D7FC44A930A849
:1082400001F0D0FB26A9084601F0CFFC3AA9084668
:1082500030AA00F0BFFE1CAA08A930A801F013F94B
:108260003AAA44A91CA801F00EF9013D94D2224675
:1082700026A912A800F038FF224630A91CA800F059
:1082800033FF1CA9084601F08DFE12A91CAA08465E
:1082900001F0F9F812A9304602F06BF94FB0F0BDC9
:1082A00030B50C46A9B0054610460A46202100F01C
:1082B00011FE237823F007032370E37F03F03F03CD
:1082C00043F04003E3772146684602F0C4FB694669
:1082D000284602F0A0FB29B030BD10B5A8B0044676
:1082E000684602F0B8FB6946204602F094FB28B0CD
:1082F00010BD00002DE9F04FADF53D7D03460B901C
:108300000C4608330CAD00F14806186859682A4637
:1083100003C20833B3421546F7D11CA8214604F125
:10832000800504464B780A780F798E781B0443EA5F
:108330000263CA7942EA07624F7943EA062342EAB6
:108340000742CE788F79083142EA072233438D42C3
:10835000C4E9002304F10804E4D104461026D4E95A
:108360001C19CB0C4FEAD9424FEAC90ECF004EEA96
:10837000517E47EA597743EA493342EA4132890953
:10838000A04641EA89617B4082EA0E024B40D8E96F
:108390001217D8E900E8D4E9025C11EB0E0147EBB3
:1083A000080782EA99125B1842EB070E4FEA15297B
:1083B0006A0842EACC7249EA0C6982EA09014FEA8A
:1083C0005C074FEA1C28EA0947EAC57748EA0568CE
:1083D00042EA4C624A4087EA08079B1887EADC11A8
:1083E00006F101064EEB01010834502EC4E91E319E
:1083F000B5D11A9B03931B9B0493149B0593159B68
:108400000693189B0793199B0893169B0993179B38
:108410000A930C9B01930D9B0293DDE90E89DDE924
:1084200010ECDDE912320149009101E0506F0208C1
:1084300005994FEA913A06994AEA814A4FEA913BF7
:1084400005994BEA814B8D0C069945EA81358C0CD8
:10845000059944EA81348BEA040B069CE40544EA5E
:1084600051248AEA050ACD05069945EA5125009965
:108470008AEA050A8BEA040BD1E90057D0E90064C7
:108480000799AD19099E47EB04044E400A9F0899CD
:108490004F4005990E4006990F4007994E400899A4
:1084A0001AEB050587EA010703994BEB0404AD19A4
:1084B00044EB07046D18049941EB04045B19039322
:1084C00042EB04030493019B01991E0F029B46EAB1
:1084D00003161A0F019B42EA0312029B9B0743EA11
:1084E00091038F0702995A4047EA9107019B7E400A
:1084F0004F0647EAD3175B0643EAD113734001994D
:108500005B1982EA070244EB020241EA080402997D
:1085100041EA0905019901EA0807029904EA0E04F3
:1085200001EA09063C4305EA0C0513EB040A45EA97
:10853000060542EB050B009A009BD5689B680799DE
:10854000D0E902421B1945EB02025B180899099C0D
:1085500041EB0202059981EA040506990A9C4C4008
:1085600003990D4004990C4009994D400A994C40DB
:1085700003995B1942EB04028C0B049944EA814491
:108580008E0B039946EA81468F0C049947EA81379E
:108590008D0C039945EA813504996E40CD05039908
:1085A0007C4045EA5125CF05049947EA51277C4094
:1085B0001C1985EA060542EB05051EEB040307932B
:1085C0004CEB050308934FEA1B724FEA8B7343EAA7
:1085D0009A034FEA1A7642EA0A124FEA8A7747EA82
:1085E0009B0746EA0B165A404FEA4A637E4043EA2D
:1085F000DB134FEA4B67029947EADA1773401C19FD
:1086000082EA070245EB0202019B41EA0B05019950
:1086100043EA0A0301EA0A07029903EA080301EAA6
:108620000B063B4305EA090514EB030C45EA060576
:1086300042EB050E009A009B55691B690999D0E928
:1086400004421B1945EB02025B180A99039C41EB9B
:108650000202059981EA04050699049C4C40079999
:108660000D4008990C4005994D4006994C400799DA
:108670005B1942EB04028C0B089944EA81448E0B8F
:10868000079946EA81468F0C089947EA81378D0C95
:10869000079945EA813508996E40CD0507997C40D8
:1086A00045EA5125CF05089947EA51277C401C1916
:1086B00085EA060542EB050518EB04030A934FEA29
:1086C0001E724FEA8E7343EA9C034FEA1C7642EA1D
:1086D0000C124FEA8C7747EA9E0746EA0E1682EAAA
:1086E00003024FEA4C6386EA070643EADE13019968
:1086F00083EA06034FEA4E6749EB050947EADC17B0
:108700001C194AEA0C0382EA070203EA01030299F0
:1087100045EB02020AEA0C074BEA0E050BEA0E06CD
:108720000D403B43E31845EA060542EB0508099373
:10873000009A009B9B69D5690599D0E906421B19EF
:1087400045EB02025B180699079C41EB0202039974
:1087500081EA04050499089C4C400A990D4003994C
:108760004D40049904EA09044C400A995B1942EB14
:1087700004028F0C8C0B47EA893744EA89444FEA9C
:1087800099364FEA99457C40CF0545EA813547EA5D
:10879000592746EA81466E407C404FEAC9551C196C
:1087A00045EA5125019B099985EA060542EB050535
:1087B0001B190593029B43EB05030693099B4FEAA4
:1087C00018721E0F42EA03124FEA887343EA9103BC
:1087D0008F0747EA980746EA08165A404B067E403C
:1087E00043EAD8134FEA486747EAD11773401C1988
:1087F0004CEA010682EA070245EB02024EEA080350
:1088000006EA0A060CEA01050EEA0807354303EA00
:108810000B03611943EA070342EB0303009A029337
:10882000009B556A1B6A0191D0E9084203991B1904
:1088300045EB02025B1804990A9C41EB020207997E
:1088400081EA0405089981EA090405990D40069911
:108850000C4007994D4008994C4005995B1942EB33
:1088600004028C0B069944EA81448E0B059946EA72
:1088700081468F0C069947EA81378D0C059945EAA8
:10888000813506996E40CD0505997C4045EA512514
:10889000CF05069947EA51277C401C1985EA060551
:1088A00042EB05051AEB040303934BEB050304931A
:1088B000019B01991E0F029B46EA03161A0F019BAA
:1088C00042EA0312029B9B0743EA91038F07029936
:1088D0005A4047EA9107019B7E404F0647EAD3176B
:1088E0005B0643EAD113734009991B19019C41EAC5
:1088F0000406029982EA070245EB020248EA0104F3
:10890000019D09990D40029906EA0C0608EA010743
:108910003543009904EA0E045B1944EA070442EB6C
:108920000402D0E90A67D1E90A450799A41945EB81
:10893000070564180899059E41EB05050A9981EA27
:108940000607069989EA010603990F4004990E402B
:108950000A994F40039986EA0906E41945EB060592
:108960008E0B049946EA814A8E0B03998F0C46EAD6
:108970008146049947EA813B8F0C039947EA813786
:1089800004997E40CF0503998AEA0B0B47EA512AE6
:10899000CF05049947EA51278BEA0707E41986EACD
:1089A0000A0645EB0605170F1CEB04014FEA827619
:1089B000079146EA93064EEB05014FEA137C47EA1E
:1089C00003174FEA837E08914EEA920E0199774091
:1089D0004CEA021C5E068CEA0E0C46EAD2164FEAFE
:1089E000426E8CEA06064EEAD31E41EA030C029957
:1089F000341987EA0E0745EB070741EA0205099992
:108A00000CEA010C019901EA030602994CEA0606F8
:108A100001EA020E05EA0805009945EA0E0514EB85
:108A2000060E47EB050CD0E90C67D1E90C450A9915
:108A3000A41945EB0705039E6418059981EA06070A
:108A40000699049E81EA0606079907EA0107089934
:108A500006EA0106059987EA0107069986EA0106F2
:108A6000079949EB0505E41945EB06058E0B0899B6
:108A700046EA814A8E0B079946EA81464FEA9149B8
:108A8000089949EA81398F0C079947EA8137089993
:108A90008AEA090A4FEAC15907997E4049EA5129F1
:108AA000CF05089947EA51278AEA07070999E41987
:108AB00086EA090645EB06054FEA1C7709194FEAD5
:108AC0008C76099146EA9E0648EB050147EA0E17A7
:108AD0004FEA1E784FEA8E7949EA9C09774048EAC6
:108AE0000C184FEA4E660A9188EA090801994FEA84
:108AF0004C6946EADC1688EA060649EADE1943EACA
:108B00000E08341908EA010887EA0907029945EBBB
:108B1000070703EA0E0642EA0C050D4002EA0C09BB
:108B2000009948EA060614EB060845EA090547EBF2
:108B30000509D0E90E67D1E90E450599A41945EB61
:108B4000070564180699079E41EB0505039981EA1C
:108B500006070499089E4E4009990F400A990E4055
:108B600003994F4004994E4009994FEA913A0A9966
:108B7000E41945EB06054AEA814A8E0B099946EA53
:108B800081464FEA914B0A994BEA813B8F0C099938
:108B900047EA81370A998AEA0B0A4FEAC15B0999C9
:108BA0007E404BEA512BCF050A9947EA51278AEAC2
:108BB0000707E41986EA0B0645EB060501994FEA1B
:108BC00019774FEA897646EA98064FEA187A47EA13
:108BD00008174FEA887B09194BEA990B87EA0607C1
:108BE0004AEA091A4FEA48668AEA0B0A05914FEAEF
:108BF000496B029946EAD9168AEA06064BEAD81B5F
:108C000041EB050187EA0B0734194EEA080A45EBE8
:108C100007070AEA030A4CEA09050EEA08061540A6
:108C20000CEA090B4AEA0606069145EA0B05A1196A
:108C3000019147EB05010291009940310091009CA0
:108C40001B49A14200F140007FF4F2ABCDE91232A2
:108C5000079B1893089B1993099B16930A9B1793DC
:108C6000059B1493069B03990B9A1593CDE910EC81
:108C7000019B1A91CDE90E8904990C93029B0D93E7
:108C80001B910CAB02F1400552F8081FD3E90040DC
:108C90005668091940EB0600AA42C2E9001003F128
:108CA0000803F1D100200DF53D7DBDE8F08F00BF38
:108CB000D07102080000000030B5034600282ED015
:108CC00000240025C3E9004517A5D5E90045C3E9FF
:108CD000024517A5D5E90045C3E9044516A5D5E920
:108CE0000045C3E9064516A5D5E90045C3E9084591
:108CF00015A5D5E90045C3E90A4515A5D5E90045FF
:108D0000C3E90C4514A5D5E90045C3E90E4514A5F2
:108D1000D5E90045C3E910450020986430BD012025
:108D2000FCE700BFAFF3008008C9BCF367E6096A3F
:108D30003BA7CA8485AE67BB2BF894FE72F36E3CEA
:108D4000F1361D5F3AF54FA5D182E6AD7F520E5147
:108D50001F6C3E2B8C68059B6BBD41FBABD9831F01
:108D600079217E1319CDE05B2DE9F8430D461646B7
:108D70000446002847D0002945D0836C802B42D878
:108D800000F14C0716B93046BDE8F883A36C93B9DF
:108D90007F2E10D929462046FFF7ACFA0028F3D1E0
:108DA000D4E9003213F5806342F10002C4E90032D5
:108DB0008035803EE6E7C3F18008B04528BFB04665
:108DC00003F14B02224405EB08094D4516D14344FB
:108DD000802BA3640ED139462046FFF78BFA00287A
:108DE000D2D1D4E9003213F5806342F10002C4E924
:108DF0000032A0644D46A6EB0806C3E715F8011B38
:108E000002F8011FE1E70120BEE7F8B50D46044670
:108E100000285DD000295BD0836C7F2B58D8D0E927
:108E200000670822E3FB02675A1C03448021702A72
:108E3000C0E90067826483F84C100AD90022A36C51
:108E40007F2B39D904F14C012046FFF753FA002358
:108E5000A3640022A36C772B34D93B0E84F8C43072
:108E60003B0C84F8C53036BA3B0A04F14C0184F857
:108E7000C63084F8C770C4F8C8602046FFF73AFAD5
:108E8000294604F14002E37B0B70E3894B70E368F1
:108E90001B0A8B70E368CB70E37A0B7163894B71AB
:108EA000A3681B0A08348B712368CB71944201F1CB
:108EB0000801E8D10020F8BD591C2344A16483F8BF
:108EC0004C20BCE7591C2344A16483F84C20C1E723
:108ED0000120F0E730B5B5B0054668461446FFF707
:108EE000EBFE48B90A4668462946FFF73DFF18B928
:108EF00021466846FFF789FF35B030BD2DE9F041C6
:108F0000FCB00446DDF8088248A81F460D46164608
:108F1000FFF7D2FE202208EB020148A8FFF724FF4A
:108F20003246294648A8FFF71FFF10A948A8FFF7B7
:108F30006CFF10A801F010FE10A920A801F08BFD15
:108F400020A9204601F067FD48A8FFF7B5FE21469D
:108F5000202248A8FFF708FF3946202248A8FFF73B
:108F600003FF3246294648A8FFF7FEFE694648A897
:108F7000FFF74BFF684601F0EFFD10AB4246694634
:108F800004F1200002F02AFE7CB0BDE8F081837875
:108F9000417802781B0443EA012343EA02000021DE
:108FA00070470023C0E90033C0E90233C0E904334D
:108FB000C0E90633C0E90833704700230122C0E945
:108FC0000023C0E90233C0E90433C0E90633C0E935
:108FD000083370472DE9F04753684E688D68CC68B8
:108FE0000F69D1F824A01E4493681D44D3681C4423
:108FF000136907EB030C4F69536907EB030E8F6985
:10900000936907EB0308CF69D36907EB0309136A78
:109010000F6A09681F44536A126853440A44C0E93E
:109020000026C0E90254C0E904CEC0E90689C0E9BF
:109030000873BDE8F0872DE9F74F83688D68CC6829
:109040004E685D40C36852425C4004EA02030193EB
:1090500004690B69634003EA020E44694B6963408B
:1090600003EA020884698B69634003EA0209C46960
:10907000CB69634003EA020A046A0B6AD0E900C7BD
:10908000634003EA020B446A4B6A09687E4063400E
:109090008CEA010116401540134011408268019C82
:1090A0005540C268856054400269C46082EA0E027D
:1090B0000261426981EA0C0182EA0802774001609C
:1090C00047604261826982EA09028261C26982EA7A
:1090D0000A02C261026A82EA0B020262426A5340D9
:1090E000436203B0BDE8F08F2DE9F04F8BB00B6801
:1090F000019304684B68019D029384EA050A8B681A
:109100004468029D039384EA0509CB688468039D43
:10911000049384EA05080B69C468049D059384EAF6
:10912000050E4B690469059D06938B69079384EAD4
:10913000050CCB69069D446908930B6A099384EA80
:1091400005074B6A8469079DDDF824B084EA0506AB
:10915000C469089D6540046A84EA0B04D0F824B011
:1091600052428BEA030B0AEA020A09EA020908EAF8
:1091700002080EEA020E0CEA020C174016401540D7
:1091800014400BEA0202D0F800B08BEA0A0BC0F8D8
:1091900000B0D0F804B08BEA090BC0F804B0D0F8E6
:1091A00008B08BEA080BC0F808B0D0F80CB08BEA16
:1091B0000E0BC0F80CB0D0F810B08BEA0C0BC0F856
:1091C00010B0D0F814B08BEA070BC0F814B0D0F888
:1091D00018B08BEA060BC0F818B0D0F81CB08BEAB8
:1091E000050BC0F81CB0D0F820B08BEA040BC0F817
:1091F00020B0D0F824B08BEA020BC0F824B001985C
:1092000080EA0A000860029880EA09004860039832
:1092100080EA08008860049880EA0E00C86005981B
:1092200080EA0C0008610698474007984F61464065
:1092300008988E6145400998CD61444053400C62C6
:109240004B620BB0BDE8F08F2DE9F043D1E90098F7
:10925000D1E902E3D1E90476D1E90654D1E9082144
:10926000C0E90098C0E902E3C0E90476C0E9065409
:10927000C0E90821BDE8F0832DE9F04F0446084617
:109280008DB050F8042B05920D46FFF780FE8B0140
:1092900043EA90630B938301E81D0293FFF777FE87
:1092A0004FEA4118430148EAD06805F10A000693E5
:1092B000FFF76DFE4FEAC10BC3004BEA507B05F18F
:1092C0000D000393FFF763FE83004FEA810A4AEA29
:1092D000907A079305F114002B690193FFF757FE6D
:1092E000CF01C30147EA506705F117000893FFF764
:1092F0004EFE4FEA4119430149EAD06905F11A00CF
:109300000493FFF744FE0E01030146EA107605F1CF
:109310001D000993FFF73BFE810021F07E4121F003
:10932000030101F18075059A680E4FF0130CA0FB44
:109330000C0C831805F07E4505932CBF01200020FE
:109340004B1B0A93029B069D13F180720B9B4FEA05
:10935000526143F1000341EAC311491948EB6368C4
:10936000029B069102F07E429B1A0B93039B079986
:1093700013F180734BF1000B5A0E42EACB125218D4
:109380000292039A03F07E434AEB6B61D31A039374
:10939000019B13F180732CBF012500255A0E42EA70
:1093A000C512089D5219019D03F07E4347F1000E3E
:1093B000EB1A0793049B099F13F1807549F100098B
:1093C0006B0E43EAC913DB1946EB6969049E05F08D
:1093D0007E45751B0495059D15F1007C40F1000B41
:1093E000069810F10077029848F1000810F1007615
:1093F00041F10001019112F1007505994EF1000E45
:109400000CF07C4A13F1007049F100094FEA9C6CA2
:10941000B1EB0A0A0B99C4F800A04CEA8B1C1CEBB8
:10942000010C0699C4F804C007F07C4CB1EB0C0C9D
:10943000BF0E0399C4F808C047EA88177F1802993D
:10944000E76006F07C47CF1B01992761B60E46EA1C
:1094500081160799761805F07C41521AA261AD0E6B
:10946000049A666145EA8E15AD1800F07C429B1A9D
:109470002362800E0A9BE56140EA8910C018606291
:109480000DB0BDE8F08F2DE9F04F8246D1E9000321
:10949000A5B0D2E9005808938B680193CB68099373
:1094A0000B6902934B690A93D1E906930B93D1E9B7
:1094B00008630C9393680393D36805931369069329
:1094C00053690D9393690F93D3691693136A189395
:1094D000536A1993039B019C4FF0130B0BFB03FC86
:1094E000059B0BFB03F7069B0BFB03F317930D9BED
:1094F0000BFB03F310930F9B0BFB03F30E93169BD5
:109500000BFB03F30793189BDDF81CE00BFB03F246
:10951000199B0BFB03F30493089B04995B001193C5
:10952000099B5B0012930A9B5B0013930B9B5B00F0
:1095300014930C9B5B001593119B83FB0131C0FBC3
:109540000531C4FB0231129CC4FB0E31029CDDF8D4
:1095500038E0C4FB0E31139CDDF840E0C4FB0E3153
:10956000179CC9FB0431149CC4FB0731159C0BFBF1
:1095700008FEC6FB0C31C4FB0E31CDE91A31089B45
:10958000019C049985FB033EC0FB083EC1FB043EE1
:10959000099C0299C2FB043E079CC4FB013E0E9944
:1095A0000A9CC1FB043E10990B9CC1FB093E179914
:1095B000C1FB043E0C99049CC7FB063ECCFB013E5C
:1095C000CDE91C3E119B039988FB033CC0FB013C89
:1095D0000199C5FB013C1299C4FB013C0299139C03
:1095E000C2FB013C0799C1FB043C0E99C1FB093C3D
:1095F0001099149CC1FB043C1799049CC1FB063CC8
:109600001599C7FB013CCDE91E3C0899039B83FBE0
:1096100001370599C0FB01370199C8FB013709994A
:10962000C5FB01370299C4FB01370A990B9CC2FBA9
:1096300001370799C1FB09370E99C1FB043710990F
:109640000C9CC1FB06371799C1FB0437179311997E
:10965000059B209783FB01730699019CC0FB017356
:109660000399C1FB04731299049CC8FB017302990E
:10967000C5FB01731399C4FB01730799149CC2FBCA
:109680000973C1FB04730E99159CC1FB06731099F5
:10969000C1FB04730699089C109781FB047C0D990B
:1096A000019CC0FB017C0599C1FB047C0399099CCA
:1096B000C1FB047C02990C9CC8FB017C0A99C5FB88
:1096C000017C0499C1FB097C0B99C2FB017C0799C1
:1096D000C1FB067C0E99C1FB047C0D99119C0E9771
:1096E00081FB047E0F99019CC0FB017E0699C1FBA2
:1096F000047E0599129CC1FB047EDDE90241C1FB99
:10970000047E1399049CC8FB017E1499C5FB097E55
:10971000C4FB017E0799159CC2FB067EC1FB047E3B
:109720000F99089CCDF884E0079781FB047E169979
:10973000019CC0FB017E0D99C1FB047E0699099C2A
:10974000C1FB047E0599029CC1FB047E03990A9C1F
:10975000C1FB047E0B99019CC8FB097EC5FB017E01
:109760000499C1FB067E0C99C2FB017E1199169AE1
:10977000CDE9227E82FB01271899C0FB01270F99B2
:10978000C1FB04270D99129CC1FB04270699029C7A
:10979000C1FB04270599139CC1FB04270399C1FB56
:1097A00009271499049CC8FB01271599C5FB0627B6
:1097B000C4FB012711920899189A82FB0124199978
:1097C000C0FB012416990198C1FB00241046099999
:1097D0000F9AC2FB01040D9A0299C2FB01040A9977
:1097E000069AC2FB0104059A0B99C2FB0904039A6D
:1097F000C2FB01040C9A1A99C8FB0604C5FB0204BB
:109800001A9A0E9D12F100761B9ACDE9080442F1D6
:109810000000B40E1C9A44EA8014A4181D9A06F0A5
:109820007C4642EBA062891B0A911B9961EB000107
:109830000B91109911F1007143F10006880E40EA76
:1098400086104019109D01F07C414CEBA66C691A02
:1098500063EB060314F180761E9D42F100024FEA8D
:10986000566E4EEAC21E1EEB050504951F9D06F0BE
:109870007E4645EB6262A41B0C9410F18074079D38
:109880004CF1000C660E46EACC1675190595219D23
:1098900004F07E4445EB6C6C001B0D900498179C03
:1098A000089D10F10070019042F10002800E40EA24
:1098B0008210001906902098229C40EBA262059825
:1098C00010F1007002904CF1000C800E40EA8C10F8
:1098D0000019239C44EBAC6C069C14F18074039437
:1098E00042F10002640E44EAC214641843EB62635E
:1098F00010F18079119A4CF1000C4FEA596141EA5C
:10990000CC11891847EB6C6C14F1007743F100031C
:1099100011F100784CF1000C4FEA9862079342EA8B
:109920008C12099B521943EBAC6C12F1807E4CF106
:10993000000C4FEA5E650A9B45EACC15A5FB0B655A
:10994000F6184FEA6C6C0B9B0BFB0C5545EB0305B3
:1099500016F1007C0C9B45F100050CF07C4B4FEAA6
:109960009C6C4CEA851CB6EB0B061CEB0305019BBB
:10997000CAF8045003F07C45049BCAF800605D1BE4
:10998000039BCAF8085003F07E45069B5D1B079BAE
:10999000CAF80C5007F07C45BF0E47EA83170D9BB1
:1099A000641BFF18029BCAF81040059CCAF814708B
:1099B00009F07E4908F07C480EF07E4E03F07C43AF
:1099C000E31AB0EB0900B1EB0801B2EB0E02CAF8E2
:1099D0001830CAF81C00CAF82010CAF8242025B094
:1099E000BDE8F08F2DE9F04F6C4B0A68CC684D68EC
:1099F0008BB082FB0382039284FB034204924A6988
:109A000082FB03E20592CA6982FB032601924A6A3D
:109A1000069682FB039219F1807C42F100024FEA24
:109A20005C664FF0130B46EAC216A6FB0B6A521691
:109A30000BFB02AA16EB08020292039A85FB03575E
:109A40000CF07E4C4AEB020AB9EB0C0215F1807661
:109A5000079247F100078A684FEA566C4CEAC71C28
:109A600006F07E467F16C2FB03C7AA1B0892049A23
:109A7000CDF80CC014F1807542F10006B9460A69B0
:109A80006F0E47EAC61705F07E457616C2FB0376D1
:109A9000621B0992059A04971EF1807842F1000436
:109AA0004FEA58658A69096A45EAC4156416C2FB1B
:109AB0000354019A059508F07E48BEEB080812F1A0
:109AC000807E069A4FEA5E6542F1000245EAC215C1
:109AD0005216C1FB0352019B0EF07E4EB3EB0E0EED
:109AE000029B13F1007C039B4AF1000A13F10077FB
:109AF00049F100030193049BAB4613F10075059BEC
:109B000046F1000613F1007144F100041BF10073EB
:109B100042F100020692029A0CF07C49B2EB09096C
:109B20004FEA9C6C089AC0F800904CEA8A1C1CEB27
:109B3000020C039AC0F804C007F07C4CB2EB0C0C8A
:109B4000019AC0F808C0BF0E47EA8217099ABF18E9
:109B5000C760049A05F07C47AD0E45EA8615D71B11
:109B600015EB0805059A456101F07C45890E41EA2F
:109B70008411551B11EB0E01069AC16103F07C4163
:109B80009B0E43EA8213079A0761BBEB01019B1806
:109B90008561016243620BB0BDE8F08F42DB0100DA
:109BA0004B682DE9F041C3F1000E8B68CF680E6958
:109BB0004D698C69C3F1000CCB69C3F100080B6AD5
:109BC0005A424B6A09687F4276426D4264425B4268
:109BD0004942C0E9001EC0E902C7C0E90465C0E906
:109BE0000648C0E90823BDE8F0812DE9F04F0A4698
:109BF0008246D2E9024097B04FF0260C0690D2E997
:109C000004B00190D2E906E00390106A526A08920B
:109C100062000592069A039E0490520000924FEA59
:109C20004B020C92019A52000292039A0CFB06F727
:109C30005200049E0992D1E90013132202FB06F898
:109C4000089E079302FB0EF0019A5D000CFB06F6DE
:109C50000CFB02F385FB062CC1FB012C4FEA4109EA
:109C600061464FEA440CCCFB0821DDF800C0CCFB78
:109C700007214FEA4B0CCCFB00219446019AC2FB12
:109C800003C1CDE90AC1079B009984FB06C2C9FB49
:109C900003C2C1FB08C20299CBFB07C2C1FB00C2D1
:109CA000CDF834C0009983FB053CC9FB043CC1FBE3
:109CB000063C4FEA4B01C8FB013C0299C1FB073C43
:109CC0001946CEFB001CCDE90E1C069984FB05301D
:109CD000C9FB01300299CBFB0630C1FB08301946A5
:109CE000CEFB0710CDE91010009985FB0103C9FBDD
:109CF0000B030299C4FB04034FEA4E0CC1FB06039D
:109D00000399C8FB0C03C1FB0703019907908BFB68
:109D10000540C9FB0140DDE90571C1FB0740099918
:109D2000CEFB0640C1FB08400299129485FB014C12
:109D3000C9FB0E4C0699CBFB074C009FC1FB074C9F
:109D40000999C1FB064C0499C1FB084C0399069480
:109D50008EFB0547DDF81480C9FB01470199C1FB63
:109D600008470099CBFB01470499C1FB0647CDE9A1
:109D700013470999029C85FB01780499C9FB017876
:109D80000599CEFB01780099C1FB04780899059CE0
:109D9000CBFB0B78C1FB06780499099781FB05651D
:109DA0000899CDF85480C9FB01650399C1FB04658E
:109DB00000990C9CCEFB01650199C1FB04650A99D1
:109DC000089611F100770B99129CAE464FEA976600
:109DD00041F100050D9946EA851676180A9907F0B3
:109DE0007C4742EBA562B1EB070B0B9961EB0501D8
:109DF0000A91079911F1007143F100078D0E45EAB0
:109E000087152D19079C01F07C4140EBA760611A72
:109E100063EB070316F180770E9C42F100024FEAD4
:109E2000576848EAC21818EB040403940F9C07F023
:109E30007E4744EB6262F41B15F1807640F100002E
:109E40000794770E069C47EAC0173C1906F07E4639
:109E50004CEB606CA81B04940B900398109C159D10
:109E600010F10070009042F10002800E40EA821072
:109E7000001905901198139C40EBA262049810F110
:109E8000007001904CF1000C800E40EA8C1000191B
:109E9000149C44EBAC6C059C14F18074029442F168
:109EA0000002640E44EAC214641843EB626310F1CA
:109EB0008079099A4CF1000C4FEA596141EACC11C2
:109EC000891845EB6C6C14F1007743F1000311F134
:109ED0000078089D06934CF1000C4FEA986242EA24
:109EE0008C1252194EEBAC6C12F1807E4CF1000CCE
:109EF0004FEA5E65132345EACC15A5FB03654FEADF
:109F00006C6C03FB0C550A9B16EB0B0645EB03052B
:109F100016F1007C079B45F100050CF07C4B4FEAE5
:109F20009C6C4CEA851CB6EB0B061CEB0305009BF6
:109F3000CAF8045003F07C45039BCAF800605D1B1F
:109F4000029BCAF8085003F07E45059B5D1B069BEB
:109F5000CAF80C5007F07C45BF0E47EA83170B9BED
:109F6000641BFF18019BCAF81040049CCAF81470C7
:109F700009F07E4908F07C480EF07E4E03F07C43E9
:109F8000E31AB0EB0900B1EB0801B2EB0E02CAF81C
:109F90001830CAF81C00CAF82010CAF8242017B0DC
:109FA000BDE8F08F30B5A9B0044668460D46FFF70E
:109FB0001CFE69460AA8FFF718FE0AA90846FFF723
:109FC00014FE0AAA29461046FFF75DFA0AAA694656
:109FD0006846FFF758FA694614A8FFF706FE0AA973
:109FE000084614AAFFF74FFA0AA914A8FFF7FDFDC7
:109FF000042514A90846FFF7F8FD013DF9D10AAA86
:10A00000104614A9FFF73FFA0AA914A8FFF7EDFDBF
:10A01000092514A90846FFF7E8FD013DF9D114A967
:10A0200008460AAAFFF72FFA14A91EA8FFF7DDFDBC
:10A0300013251EA90846FFF7D8FD013DF9D114AA42
:10A0400010461EA9FFF71FFA14A90846FFF7CDFD19
:10A05000092514A90846FFF7C8FD013DF9D10AAA50
:10A06000104614A9FFF70FFA0AA914A8FFF7BDFDBF
:10A07000312514A90846FFF7B8FD013DF9D114A90F
:10A0800008460AAAFFF7FFF914A91EA8FFF7ADFDBD
:10A0900063251EA90846FFF7A8FD013DF9D114AAC2
:10A0A00010461EA9FFF7EFF914A90846FFF79DFD1A
:10A0B000312514A90846FFF798FD013DF9D10AAAF8
:10A0C000104614A9FFF7DFF90AA90846FFF78DFD2E
:10A0D00004250AA90846FFF788FD013DF9D16A4623
:10A0E0000AA92046FFF7CFF929B030BD2DE9F04F7E
:10A0F00097B00A6902924A690392D1E906A2D1E9AE
:10A10000026705920A6A06924A6A089272000792EA
:10A110007A000992029ADDF814C0019052000A9266
:10A12000039A52000492059A262000FB0CF8520074
:10A13000DDF818C00B92D1E90053132202FB0CF991
:10A14000DDF820C002FB0AF4039A00FB0CFB4FEA87
:10A15000430E50438EFB0B2CC5FB052C6900654656
:10A160004FEA460CCCFB09254FEA470CCCFB0825EF
:10A17000DDF828C0CCFB04259446039AC2FB00C539
:10A1800086FB0B20CDF838C0C1FB03204FEA470CFB
:10A19000CCFB0920DDF808C0CCFB08209446049ACB
:10A1A000C2FB04C083FB0E32CDF83CC0C1FB0632BB
:10A1B0004FEA470CCCFB0B32DDF828C00C90C9FBF2
:10A1C0000C32DDF810C00298CCFB08329C46CAFB6A
:10A1D00004C2CDF840C0029C86FB0E3CC1FB073C8C
:10A1E000C4FB0B3C049CC4FB093C1C46CAFB084C4A
:10A1F00011947C008EFB0434C1FB00340498C6FB30
:10A200000634C0FB0B344FEA4A00C9FB0034059802
:10A210001E46C0FB08640298129680FB0E630398EA
:10A22000C1FB00630798C7FB00630B98CAFB0B6375
:10A23000C0FB096304980D931396079B8EFB00687F
:10A240000298C1FB0A68C0FB03687800C7FB00687E
:10A250000B984746C0FB0B670698C0FB096705983B
:10A2600014968AFB0E68C1FB00680398DDF8249001
:10A27000C0FB03680298C0FB09680698C0FB0B6826
:10A2800015960B988EFB00960698C1FB0096CAFBAC
:10A2900003960998049BC0FB03960298109BC0FB91
:10A2A00000960898C0FB0B960698CDF8089080FBA6
:10A2B0000EE90898C1FB00E949460598DDF81C90B5
:10A2C000C0FB09E10998DDF82890CAFB00E103987A
:10A2D000DDF84CA0C0FB09E10E98F14610EB000E32
:10A2E0000F986D4110EB000B0C984041DB18039365
:10A2F000119B5241DB184CEB0C0CCDF81CC0DDF867
:10A3000048C006931CEB0C0C0D9B64411AEB0A0A27
:10A310005B410493149BDB180593159B7F41DB186D
:10A320000B93029B0A9748EB0808DB1876410C93C5
:10A330000D9619EB09060E9649411EF1007645F17E
:10A3400000070F91B10E41EA871111EB0B0106F0E6
:10A350007C4640EBA760BEEB060B65EB0705089556
:10A360001CF1007544F10006AF0E049BDDF80CE013
:10A3700047EA861717EB0A0705F07C4543EBA6630F
:10A38000BCEB050564EB060611F1807440F100009A
:10A390004FEA546C4CEAC01C1CEB0E0C04F07E44DB
:10A3A00042EB6062091B099117F18071059CCDF8A1
:10A3B00010C043F10003480E40EAC3100019059095
:10A3C0000A9801F07E4140EB636C791A0A91049976
:10A3D00011F10071029142F100028B0E069943EADD
:10A3E00082135B180799069341EBA26205990B9BB8
:10A3F00011F100714CF1000C880E039140EA8C10B1
:10A400000699C01848EBAC6C11F1807A42F1000358
:10A410004FEA5A6444EAC314641946EB636310F1CB
:10A4200080790C9A0D9D4CF1000C4FEA596141EA7C
:10A43000CC11891845EB6C6C14F1007743F10003E3
:10A4400011F100780E9D07934CF1000C4FEA9862D1
:10A4500042EA8C1252190F9D45EBAC6C12F1807ED2
:10A460004CF1000C4FEA5E65132345EACC15A5FBC1
:10A4700003654FEA6C6C03FB0C55089B16EB0B064F
:10A4800045EB030516F1007C019B0CF07C4B45F17C
:10A490000005B6EB0B061E604FEA9C6C099B4CEA6C
:10A4A000851C1CEB0305019B5D60029B03F07C4552
:10A4B000049B5D1B019B9D60069B0AF07E4AB3EBEB
:10A4C0000A05019BDD6007F07C45641B1C61079B4E
:10A4D000059CBF0E47EA83170A9BFF18019B5F612B
:10A4E000039B03F07C43E31A09F07E49019C08F0CA
:10A4F0007C480EF07E4EB0EB0900B1EB0801B2EBE8
:10A500000E02A361E0612162626217B0BDE8F08FC4
:10A510002DE9F04753684E688D68CC680F69F61ACC
:10A520009368ED1AD368A4EB030A13694C6AA7EB8E
:10A53000030C4F695369A7EB030E8F699369A7EB6F
:10A540000308CF69D369A7EB0309136A0F6A096887
:10A55000FF1A536A1268E31A8A1AC0E90026C0E992
:10A56000025AC0E904CEC0E90689C0E90873BDE813
:10A57000F0870B462DE9F047D3E90892D1E9008E28
:10A580004FF0130AD3E90476D3E906540AFB02F329
:10A59000D1E902C103F1807308EB63630EEBA3639F
:10A5A0000CEB636301EBA36307EB636306EBA3634D
:10A5B00005EB636304EBA36309EB636302EBA36343
:10A5C0005B160AFB03880EEBA86E0CEB6E6C01EBBE
:10A5D000AC6107EB616706EBA76605EB666504EB0C
:10A5E000A56428F07C4809EB646929F07C4302EB00
:10A5F000A9624FEA28292EF07E4E80F801904FEA9A
:10A60000284980F802904FEA8E0980F8008049EAD4
:10A61000186880F803804FEAAE182CF07C4C80F864
:10A6200004804FEAAE3880F805804FEACC0848EA4B
:10A630009E5E80F806E04FEA6C1E21F07E4180F8B5
:10A6400007E04FEA6C3E80F808E04FEA411E4EEA10
:10A650005C5C80F809C04FEAE10C80F80AC04FEA60
:10A66000E12C80F80BC04FEA871C4CEAD141017302
:10A67000C7F3970126F07E464173C7F38F2181739C
:10A68000311225F07C45417431148174690041EA2E
:10A690001661C174E91124F07E440175C7F3874740
:10A6A000E913C77306744175E10041EAD55181751C
:10A6B0006111C17561130176190141EA5451417666
:10A6C000191122F07E4281761913C176910141EA77
:10A6D0001353037793104377931292148377C277BF
:10A6E000BDE8F08700B589B001466846FFF741FF35
:10A6F0009DF8000000F0010009B05DF804FB70B5A2
:10A7000004460D461646FEF796FC324605F1280132
:10A7100004F12800FEF78FFC324605F1500104F1E8
:10A720005000BDE87040FEF786BC00002DE9F04700
:10A730000646D4B29EB0D70F06F1280A04EAE272A8
:10A740008846A4EB420406F15009FEF736FC504659
:10A75000E4B2FEF732FC4FF47075484605FB08F58D
:10A76000FEF71FFCDFF8D88084F00102B2FA82F213
:10A7700008EB050130465209FFF7C1FF84F00202E1
:10A7800005F17801B2FA82F2414430465209FFF7EE
:10A79000B6FF84F0030205F1F001B2FA82F24144FF
:10A7A00030465209FFF7ABFF84F0040205F5B4719F
:10A7B000B2FA82F2414430465209FFF7A0FF84F01A
:10A7C000050205F5F071B2FA82F2414430465209B1
:10A7D000FFF795FF84F0060205F51671B2FA82F2D2
:10A7E000414430465209FFF78AFF84F0070205F51D
:10A7F0003471B2FA82F2414430465209FFF77FFFCA
:10A8000084F0080205F55271B2FA82F2520941440D
:10A810003046FFF774FF51466846FEF715FD314696
:10A820000AA8FEF711FD494614A8FFF7B9F93A4600
:10A8300069463046FFF763FF1EB0BDE8F08700BFF2
:10A84000D07102082DE9F043054601F128088BB0CC
:10A8500005F128060C4617460A464146FEF7BAFBA4
:10A8600022464146304605F15008FFF751FE3A4670
:10A8700029464046FEF707FE05F1780907F1280250
:10A8800031463046FEF7FFFD04F1780207F1500132
:10A890004846FEF7F8FD04F1500211466846FEF7FF
:10A8A00099FB324641462846FFF732FE3246414682
:10A8B0003046FEF78FFB4A4669464046FEF78AFB64
:10A8C0004A4669464846FFF723FE0BB0BDE8F083D1
:10A8D000F8B501F178070C4605463A4604F15006F2
:10A8E000FEF7D1FD324604F1280105F12800FEF7FC
:10A8F000CAFD3A46314605F15000BDE8F840FEF782
:10A90000C2BD2DE9F0410C4601F1780805464246EA
:10A9100004F1280604F15007FEF7B5FD3A4631462A
:10A9200005F12800FEF7AFFD4246394605F150001B
:10A93000FEF7A9FD3246214605F17800BDE8F04159
:10A94000FEF7A1BD2DE9F04304460E468BB004F19D
:10A95000500506F12809FFF748F904F1780849463F
:10A960002846FFF742F904F1280706F15001404656
:10A97000FFF7BCFB4A4631463846FEF72BFB39460B
:10A980006846FFF732F9224629463846FEF722FB91
:10A99000224629462846FFF7BBFD3A46694620462F
:10A9A000FFF7B6FD2A4641464046FFF7B1FD0BB022
:10A9B000BDE8F08310B50446FEF7F3FA04F1280071
:10A9C000FEF7FBFA04F15000FEF7F7FA04F1780005
:10A9D000BDE81040FEF7E5BA38B504460D46FEF76F
:10A9E00033FC05F1280104F12800FEF72DFC05F1E8
:10A9F000500104F15000BDE83840FEF725BC10B509
:10AA00009EB004466846FFF7E7FF69462046FFF719
:10AA100099FF1EB010BD30B59FB004460D46684684
:10AA20005031FFF7BFFA6A4629460AA8FEF72BFD08
:10AA30006A4605F1280114A8FEF725FD14A9204651
:10AA4000FFF797FD0AA8FFF74DFEE37F83EAC013E7
:10AA5000E3771FB030BDF0B5F5B06A464D1E044631
:10AA60001F311346164615F8010F00F00F078D42EF
:10AA70004FEA10101F70587003F10203F3D1002544
:10AA8000294692F900300B44DBB203F1080141F38F
:10AA90000311C8B20135A3EB00133F2D02F8013BAF
:10AAA000EFD196F83F30184486F83F002046FFF774
:10AAB00081FF0125725769102EA8FFF737FE2EAAD5
:10AAC00021464CA8FFF7BEFE02354CA92046FFF7F1
:10AAD00018FF412DEED121464CA8FFF790FF4CA95D
:10AAE00010A8FFF7F5FE10A94CA8FFF72BFF4CA903
:10AAF00010A8FFF7EDFE10A94CA8FFF723FF4CA903
:10AB000010A8FFF7E5FE10A94CA8FFF71BFF4CA902
:10AB10002046FFF7F6FE0025725769102EA8FFF7B2
:10AB200005FE2EAA21464CA8FFF78CFE02354CA943
:10AB30002046FFF7E6FE402DEED175B0F0BD8378DC
:10AB4000417802781B0443EA012343EA0200002112
:10AB500070470068002170472DE9F04F9DB0834693
:10AB6000FFF7EDFFC0F314030BF102000B93FFF7A7
:10AB7000F0FFC0F354130BF105000C93FFF7DFFF58
:10AB8000C0F394030BF107000D93FFF7E2FFC0F34E
:10AB9000D4130BF10A000993FFF7DBFFC0F3141382
:10ABA0000BF10D000A93FFF7CAFFC0F354030BF13A
:10ABB0000F000E93FFF7CDFFC0F394130BF11200BB
:10ABC0000893FFF7BCFFC0F3D4030BF11500079304
:10ABD000FFF7B5FFC0F314030BF117000F93FFF756
:10ABE000B8FFC0F354130BF11A000593FFF7A7FF4A
:10ABF000C0F394030BF11C000693FFF7AAFFC0F308
:10AC0000D4160BF11F00FFF7A4FFC0F314170BF1CC
:10AC10002200FFF794FFC0F354080BF12400FFF764
:10AC200098FFC0F394190BF12700FFF788FFC0F3DA
:10AC3000D40A0BF12A00FFF782FFC0F314030BF1D3
:10AC40002C000393FFF785FFC0F354130BF12F0083
:10AC50001093FFF774FFC0F394030BF131000193DD
:10AC6000FFF777FFC0F3D4130BF134000293FFF723
:10AC700070FFC0F314140BF13700FFF760FFC0F34F
:10AC800054030BF13900FFF764FFC0F394120BF18A
:10AC90003C00FFF75EFFDFF848E3C00840EA417080
:10ACA000CD08A0FB0EC11CEB060C0EFB051141F1FB
:10ACB00000011191CB498E46A0FB0161F6190EFBF4
:10ACC0000511C94F129641F100011391A0FB0761D4
:10ACD00016EB0806DFF814831496C0F1000608FB93
:10ACE000056E07FB0511A0FB088741F1000118EB79
:10ACF0000909CDF854904EEB0709CDF85890DFF8CC
:10AD0000F092A0FB09E709FB05771EEB0A0ACDF8D4
:10AD10005CA047F1000ACDF860A0DFF8D8A2039F3D
:10AD2000DFF8BCE20AFB0566A0FB0A05C019039028
:10AD300046EB050004900698119DA2FB0E7A3F1881
:10AD4000A848A2FB00694AF1000A16EB0C06DFF8DE
:10AD500098C2129845EB0909A2FB0C582818139DBC
:10AD60000690A24845EB0808149DA2FB000E40196E
:10AD7000AEEB020E4EEB010E9D49159DA2FB01C1EB
:10AD80001CEB05051195169D45EB010112919949A2
:10AD9000944DA2FB01C1891A179A1CEB020213926F
:10ADA000189A41EB020214928D4AA3FB021C059AE9
:10ADB0008918A3FB05254CF1000CD2194AEB0507B5
:10ADC000DFF824A2A3FB0AA51AEB060A49EB050546
:10ADD000864E1595069DA3FB069619EB0505A6EB79
:10ADE000030646EB0806DFF80882A3FB088918EB88
:10ADF00000084EEB090016907E48A3FB00E0C01A45
:10AE0000119B1EEB03030593129BDFF8D4E140EB8B
:10AE1000030306930F9BA4FB0E0EC018714BA4FBFB
:10AE200003934EF1000E19EB0101DFF8BC914CEBDE
:10AE3000030CA4FB09399B1847EB09070F976B4FCD
:10AE4000A4FB077917EB0A07DDF854A0A9EB040966
:10AE500049EB0A09DFF898A1A4FB0A2A5219654DAB
:10AE6000119246EB0A0AA4FB05652D1B16EB08049C
:10AE70001294169C5A4A45EB04041594029C079EB2
:10AE8000DDF80880A4FB0245A419564E029AA8FBDF
:10AE9000068645F1000518EB00004EEB0606DFF8CC
:10AEA0004881DDF808E0AEFB08E81EEB010E4CEB34
:10AEB000080C4E49DDF80880A8FB0118C9180F9B43
:10AEC000A8EB020848EB0308494BA2FB0323D71960
:10AED00049EB0309474A029BA3FB02230F92029A04
:10AEE0009B1A07930F9A119BD218079B029243EB70
:10AEF0000A0ACDF81CA03A4ADDF804A0AAFB02A376
:10AF0000089A1AEB020A43F100030893019A354BA1
:10AF1000A2FB0323121945EB0305334C019B0F924F
:10AF2000A3FB0423121846EB03063048019B019C47
:10AF3000A3FB000310EB0E00DFF8B4E0A3EB040367
:10AF400043EB0C0CA4FB0E3E5B1848EB0E01A04635
:10AF5000284CA8FB048E019C18EB0707AEEB040EEF
:10AF6000DDF8208011974EEB09091AF580170F9C28
:10AF700048F100084FEA575E4EEAC82E1EEB040E59
:10AF80004FEA575745F100057F050195BAEB0705D4
:10AF90000F95089D65EB080512F5801446F1000732
:10AFA0001695650D45EAC725640D2D184FEA4454E2
:10AFB0004CF1000C101B179066EB070613F5801080
:10AFC00041F100041896420D119E42EAC422400D40
:10AFD00092194FEA405049EB64571E1A0CE000BF2B
:10AFE000132C0A00182D070067FB090053C6F0FF59
:10AFF000D11502008390F5FF61EB040119910299CC
:10B00000119611F580100799029E41F10004430D3D
:10B01000129943EAC4235B184FEA505015990893DC
:10B020004FEA405041EB6451361A0296079E139B3B
:10B0300066EB04061296059E16F58010069E46F1F4
:10B040000004460D46EAC42616EB030A149E109B24
:10B0500046EB64560796400D059E4005361A059648
:10B06000069E66EB04060696039E16F58014049E63
:10B070004FEA545046F1000840EAC820C0184FEA91
:10B080005454039B4FEA68564FEA445446F1000675
:10B090001B1B1093049B63EB08031393019B1EF58A
:10B0A000801443F100094FEA5458179B48EAC92815
:10B0B00018EB03031493189B4FEA545443F1000315
:10B0C00064051593BEEB04031793019B63EB090919
:10B0D00015F580144CF10008119B4FEA545E4EEABE
:10B0E000C82E1EEB030311934FEA5454199B4FEAE9
:10B0F000445443EB68532D1B19956CEB080512F56E
:10B10000801418931A95029B47F100054FEA545C8E
:10B110004CEAC52C1CEB03030193129B4FEA5454D9
:10B1200043EB655364050493131B1293089B67EB71
:10B1300005051B9513F5801541F10004059B069F3D
:10B140006A0D42EAC422D31802934FEA5555089B70
:10B15000D14A4FEA455547EB64575D1B61EB04014B
:10B160000691079903951AF5801341F10004109D8B
:10B170000597590D41EAC42149194FEA5353139DCC
:10B18000079F4FEA435345EB6455BAEB0303DFF8DF
:10B190000CA367EB0404A0FB027EA0FB0A8C02FB5D
:10B1A00006EE0E9A0AFB06CCDDF83CA0BF184EF165
:10B1B000000E18EB0A08CDF83880DDF858804CEB0B
:10B1C000080CCDF83CC0DFF8D8C2E246A0FB0C8CDE
:10B1D0000AFB06CCDDF85CA018EB0A084CEB090C66
:10B1E000DFF8C092CDF84CC0C0F1000CCDF8408023
:10B1F00009FB06C8A0FB099AD044DDF850A019EB62
:10B200000A0ADDF8549048EB0908CDF85080DFF8C1
:10B2100098824246A0FB089802FB0688199A19EB0F
:10B2200002091A9A48EB0208A04A02FB06CCA0FBCE
:10B230000206119A821818980792B4444CEB000C3D
:10B24000954ACDF820C0DDF828C0A1FB026016EBBE
:10B250000C0C02FB050040F100000A908F480246EA
:10B26000A1FB006002FB0500F21940EB0E00DFF8C5
:10B2700030E211920E9A1590A1FB0E60B2180E9258
:10B28000884E0F9A0EFB050040EB020237464842FB
:10B29000A1FB077E06FB05067644DDF840E00F9231
:10B2A000139A17EB0E0E46EB02027F4E10923246B7
:10B2B000A1FB067602FB0566149A17EB0A0A46EB19
:10B2C00002027A4E139206FB0500734A734FA1FBEC
:10B2D0000615284411EB09051495A3FB025602FB41
:10B2E0000466099A40EB08001690AD18A3FB07010D
:10B2F000DFF8AC81119A46F1000610EB0C00DDF886
:10B3000028C007FB041141EB0C0CA3FB0871BA1811
:10B310001192159A08FB041141EB02026149159242
:10B320005F420E9A01FB0479A3FB0118C844DDF8C3
:10B330003C90891848EB0909CDF83890DFF86891FE
:10B340004A46A3FB099819EB0E09DDF840E002FB21
:10B35000048848EB0E0ECDF83CE0DFF850E1029A8D
:10B36000DFF83C810EFB0477A3FB0E34274413EB7C
:10B370000A04139B099447EB03030A93464B059C6D
:10B38000DDF814A0A2FB037E03FB04EE0D9B434AF1
:10B39000FF18029BA3FB02434EF1000E02FB0A338F
:10B3A000641943EB06030D93029B029EA3FB085313
:10B3B0002A1808FB0A3343EB0C0A029B05981092EB
:10B3C000DFF8E0C0029ADDF854805B420CFB0035E8
:10B3D000A2FB0C0C119AAC44334D80184CEB080CBA
:10B3E0002A46A6FB0585059E02FB06550E9E029A7F
:10B3F00018EB010145EB0608059E2C4D05FB0633B5
:10B40000A2FB052512EB09060F9A05962B4443EB88
:10B410000203039E0E93204BA6FB0392069E03FBA2
:10B4200006220C9E19EB060942F100030C931B4AFD
:10B43000039EA6FB0235069EDB1902FB0655184F3C
:10B44000039E45EB0E053A46A6FB07E7069E02FB68
:10B4500006770D9A1EEB040647EB02040D94039C3D
:10B46000039F0F96DDF818E0109A66420D4C04FB1E
:10B470000E6EA7FB0447A418774447EB0A02DFF8D7
:10B4800028E0039FDDF818A010927246A7FB0EE794
:10B4900002FB0A770CE000BF132C0A00182D0700EE
:10B4A00067FB090053C6F0FFD11502008390F5FF3A
:10B4B0001EEB000ECDF844E047EB0C0ECDF84CE04F
:10B4C000DFF824C3DDF80CE00CFB0A66AEFB0C07CA
:10B4D00042183E4446EB080102920391C34A019987
:10B4E000049EC348C34FA1FB021C02FB06CC019E75
:10B4F0000B9AA6FB00E8049E891800FB06880C9AAC
:10B50000019E4CF1000C1EEB090EDDF8109048EB8B
:10B510000208A6FB0726D21807FB0966DDF804908F
:10B52000049F46EB0506B44DC9F1000905FB0793DE
:10B53000019FA7FB057018440F9BFF180D9B40EB64
:10B5400003030693019DAD4BDDF810A01846A5FB43
:10B5500003351B1900FB0A555446DFF88CA21098DE
:10B560000AFB0499019CA4FB0AA44C44DDF8449016
:10B5700045EB000513981AEB090944EB0004049409
:10B5800011F58014CDF804904CF1000A4FEA54599B
:10B5900049EACA29640D19EB0E0E4FEA445448EBF0
:10B5A0006A58B1EB04096CEB0A0C12F58014CDF863
:10B5B00030C04FEA545146F1000C0698CDF82C905B
:10B5C00041EACC21640DC9194FEA445440EB6C5058
:10B5D000B2EB040966EB0C0613F58012019F0D9681
:10B5E0004FEA525445F10006DDF810C0CDF818902E
:10B5F00044EAC624520DE4194FEA42524CEB665C11
:10B60000B3EB020965EB06060F96029ECDF810908B
:10B6100016F58013039E149F46F100055A0D059EF2
:10B6200042EAC52292190E9E4FEA535346EB6559E2
:10B63000029E5B05F61A0596039E66EB05060E96BE
:10B64000099E16F580130A9E46F100055E0D46EA36
:10B65000C526F6190196169E46EB655602965B0DB9
:10B66000099E5B05F61A09960A9E129FDDF81CA03A
:10B6700066EB05060A96079E16F58015089E4FEAAA
:10B68000555346F1000643EAC623DB194FEA5555E8
:10B690001B9F03934FEA455547EB6657BAEB0505E9
:10B6A0000795089D069B65EB06061EF5801548F17B
:10B6B000000A08966E0D46EACA26F61806960D9EF2
:10B6C000049B4FEA555546EB6A566D050D96BEEB49
:10B6D000050668EB0A0811F5801540F1000E10967A
:10B6E0006E0D46EACE26F3180F9E04934FEA555589
:10B6F00046EB6E566D050F964E1B119660EB0E06CF
:10B7000014F580114CF10005059B1296480D0E9E14
:10B7100040EAC520C3184FEA515146EB655649052A
:10B720000E96661A13966CEB050612F5801149F118
:10B7300000040593480D099B149640EAC4200A9E14
:10B74000C3184FEA515146EB645649050A96561AFA
:10B750001593169669EB04061796019E079BDDF874
:10B760004090254C16F58012029E4FEA525146F148
:10B77000000041EAC021089ECB1846EB605619969E
:10B78000520D019E18935205B61A039B0196029E14
:10B7900066EB000613F580114FEA51524FEA515102
:10B7A0004FEA415147F1000002965E1A0F4B1A967C
:10B7B00042EAC02267EB00064FEA605E1B96A2FBDE
:10B7C000036703FB0E770B9B09490A48F6180C9B8D
:10B7D00047EB0307A2FB01C31CEB090C01FB0E3373
:10B7E000069943EB08030BE08390F5FF132C0A0046
:10B7F000182D070067FB090053C6F0FFD1150200A2
:10B80000A2FB0059DDF8348003936D1800FB0E99FC
:10B81000C2F1000A04FB0EA149EB0809A2FB04488F
:10B8200088441199E74B6418129948EB0108A2FB70
:10B83000030103FB0E11049BC0180F9B41EB030196
:10B84000E14B03FB0EAAA2FB03E25244DDF84CA03D
:10B85000149B1EEB0A0E4FEA565A42EB03024AEAC9
:10B86000C72A039B1AEB0C0AC6F3140643EB675373
:10B8700009964FEA5A5646EAC326761949EB6353AE
:10B88000750D45EAC3252D1948EB63536C0D44EA49
:10B89000C324241841EB6351600D40EAC12010EB32
:10B8A0000E0042EB6153C4F3140C059ACDF820C08E
:10B8B000440DDDF838C044EAC324A4184CEB6353AC
:10B8C000C0F3140CCDF81CC0600D169ADDF85CC0F6
:10B8D00040EAC32080184CEB6353159AC4F3140C50
:10B8E000410DCDF818C041EAC321DDF828C0891800
:10B8F0004CEB6353019AC0F3140C480DCDF814C0FF
:10B9000040EAC320DDF808C080184CEB6353189A56
:10B91000C1F3140C410DCDF810C041EAC321DDF88C
:10B9200064C089184CEB63534A0DC0F3140C1A9889
:10B93000CDF80CC042EAC322DDF86CC012184CEB03
:10B940006353C1F3140CCDF808C0510DC2F3140CAD
:10B950009E4ACDF804C041EAC321A1FB024C5B150D
:10B9600002FB03CC099AA418994AA1FB02E002FB4E
:10B970000300984ACAF314074CF1000C1EEB070EA3
:10B98000A1FB027802FB0388934AC1F10009C6F3C8
:10B99000140602FB039AC5F3140540F10000BF1919
:10B9A000A1FB022648F1000852190992854A4AEB88
:10B9B000060AA1FB026502FB0355089AB618824AE3
:10B9C00002FB0399A1FB0213079A45F100058918B0
:10B9D00049EB03034FEA545949EACC2919EB0E0904
:10B9E00040EB6C504FEA595C4CEAC02C1CEB070C46
:10B9F000099A48EB60504FEA5C5E4EEAC02E1EEB9F
:10BA0000020E4AEB60504FEA5E5242EAC02296199B
:10BA100045EB6055720D42EAC522521843EB65535F
:10BA200006990598550D45EAC3256D184FEA6353ED
:10BA300043F10003690D41EAC32109184FEA63533A
:10BA4000049843F100034FEA515A4AEAC32A1AEB19
:10BA5000000A4FEA635343F100034FEA5A504FEA9A
:10BA6000635840EAC320039BC018C9F3140748F188
:10BA700000034FEA5059DDF8088049EAC32919EB61
:10BA800008094FEA635343F100034FEA595848EA63
:10BA9000C328019BC4F3140418EB0308C9F314036F
:10BAA0004FEA14298BF801904FEA47198BF80040B0
:10BAB00049EA14448BF80240FC08CCF3140C8BF8D0
:10BAC0000340FC0A8BF804404FEA8C0444EAD74454
:10BAD0008BF80540CEF3140E4FEA9C148BF8064009
:10BAE0004FEACE1444EA9C348BF807404FEA5E04D8
:10BAF000C6F314068BF808404FEA5E248BF8094021
:10BB0000340144EA5E448BF80A403409C2F314025B
:10BB10008BF80B40340B8BF80C40941844EA165405
:10BB2000C5F314058BF80D40D4098BF80E40AC0119
:10BB300044EAD2328BF80F20AA08C1F314018BF823
:10BB40001020AA0A8BF81120CA0042EA9542CAF3D3
:10BB5000140A8BF812204A09C0F314008BF8132042
:10BB60004FEA1A228BF81620420142EA1A428BF859
:10BB70001720C2088BF81820C20A8BF819209A00E7
:10BB800042EAD0424FEAC81949EA93398BF81A20A1
:10BB90009A094FEA5803490B8BF81D304FEA582396
:10BBA0004FEA58488BF814108BF815A08BF81B201F
:10BBB0008BF81C908BF81E308BF81F801DB0BDE8F1
:10BBC000F08F00BFD11502008390F5FF132C0A00FF
:10BBD000182D070067FB090053C6F0FF2DE9F04F51
:10BBE000B9B09146019008469B460D46FEF7A7FF67
:10BBF000C0F31408A81CFEF7ACFFC0F35416681D70
:10BC0000FEF79DFFC0F39404E81DFEF7A2FFC0F30A
:10BC1000D41305F10A000293FEF79BFFC0F314133F
:10BC200005F10D000393FEF78AFFC0F3540305F1FD
:10BC30000F000493FEF78DFFC0F3941305F112007B
:10BC40000593FEF77CFFC0F3D40305F115000693BE
:10BC5000FEF775FFC0F3140305F117000793FEF715
:10BC600078FFC0F3541305F11A000893FEF767FF3D
:10BC7000C0F3940305F11C000993FEF76AFFCB099A
:10BC80004FEAD01A48464AEA416A1393FEF757FF33
:10BC9000C0F3140709F10200FEF75BFFC0F354156F
:10BCA00009F10500FEF74BFFC0F3940309F107000B
:10BCB0000A93FEF74EFFC0F3D41309F10A000B9369
:10BCC000FEF747FFC0F3141309F10D000C93FEF7C4
:10BCD00036FFC0F3540309F10F000D93FEF739FF4F
:10BCE000C0F3941309F112000E93FEF728FFC0F37E
:10BCF000D40309F115000F93FEF721FFC0F31403DD
:10BD000009F117001093FEF724FFC0F3541309F153
:10BD10001A001193FEF713FFC0F3940309F11C00FE
:10BD20001293FEF716FFCB094FEAD019584649EA9D
:10BD300041691493FEF703FF15900BF10200FEF723
:10BD400008FF18900BF10500FEF7F9FE17900BF1B4
:10BD50000700FEF7FEFE19900BF10A00FEF7F9FE50
:10BD60001A900BF10D00FEF7EAFE1B900BF10F008D
:10BD7000FEF7EFFE1C900BF11200FEF7E0FE1D90A7
:10BD80000BF11500FEF7DBFE1E900BF11700FEF71E
:10BD9000E0FE1F900BF11A00FEF7D1FE20900BF190
:10BDA0001C00FEF7D6FE159A8C468646C2F3140296
:10BDB000A8FB07108B18159340F100031693189BEE
:10BDC000A8FB0512C3F354135B18A6FB071042F13E
:10BDD00000025B18239342EB00032493179BC3F3E9
:10BDE00094010A9BA8FB03238818A6FB051243F1C4
:10BDF0000003401843EB0203A4FB0721821843EB26
:10BE000001031893199B1792C3F3D4110B9BA8FB42
:10BE1000032388180A9AA6FB021243F10003401874
:10BE200043EB0203A4FB0512401843EB0203029A02
:10BE3000A2FB0721821843EB0103259226930C9A5B
:10BE40001A9BA8FB0212C3F314135B180B99A6FBF1
:10BE5000010142F100021B1842EB01020A99A4FB06
:10BE600001011B1842EB01020299A1FB05011B18FD
:10BE700042EB01020399A1FB071013EB010B42EB0C
:10BE8000000319930D9A1B9BA8FB0212C3F35403E2
:10BE90005B180C99A6FB010142F100021B1842EB52
:10BEA00001020B99A4FB01011B1842EB010202994C
:10BEB0000A98A1FB00011B1842EB01020399A1FBA8
:10BEC00005011B1842EB01020499A1FB07105B1846
:10BED000279342EB000328930E9A1C9BA8FB0212A7
:10BEE000C3F394135B180D99A6FB010142F1000204
:10BEF0001B1842EB01020C99A4FB01011B1842EB39
:10BF000001020B980299A1FB00011B1842EB0102F0
:10BF10000A980399A1FB00011B1842EB0102049946
:10BF2000A1FB05011B1842EB01020599A1FB0710BB
:10BF30005B181A9342EB00031B930F9A1D9BA8FBFF
:10BF40000212C3F3D4035B180E99A6FB010142F160
:10BF500000021B1842EB01020D99A4FB01011B1802
:10BF600042EB01020C980299A1FB00011B1842EB65
:10BF700001020B980399A1FB00011B1842EB01027F
:10BF80000A980499A1FB00011B1842EB01020599D4
:10BF9000A1FB05011B1842EB01020699A1FB07104A
:10BFA0005B18299342EB00032A93109B1E99A8FB70
:10BFB0000332C1F314015B180F99A6FB010142F192
:10BFC00000021B1842EB01020E99A4FB01011B1891
:10BFD00042EB01020D980299A1FB00011B1842EBF4
:10BFE00001020C980399A1FB00011B1842EB01020E
:10BFF0000B980499A1FB00011B1842EB01020A985F
:10C000000599A1FB00011B1842EB01020699A1FB57
:10C0100005011B1842EB01020799A1FB07105B18F1
:10C020001C9342EB00031D93119A1F9BA8FB021265
:10C03000C3F354135B181099A6FB010142F10002EF
:10C040001B1842EB01020F99A4FB01011B1842EBE4
:10C0500001020E980299A1FB00011B1842EB01029C
:10C060000D980399A1FB00011B1842EB01020C98EB
:10C070000499A1FB00011B1842EB01020B980599E2
:10C08000A1FB00011B1842EB01020A980699A1FBD3
:10C0900000011B1842EB01020799A1FB05011B18C7
:10C0A00042EB01020899A1FB07105B182B9342EBAE
:10C0B00000032C93129A209BA8FB0212C3F3940353
:10C0C0005B181199A6FB010142F100021B1842EB1B
:10C0D00001021099A4FB01011B1842EB01020F9809
:10C0E0000299A1FB00011B1842EB01020E98039973
:10C0F000A1FB00011B1842EB01020D980499A1FB62
:10C1000000011B1842EB01020C980599A1FB0001EC
:10C110001B1842EB01020B980699A1FB00011B18AA
:10C1200042EB01020A980799A1FB00011B1842EBA0
:10C1300001020899A1FB05011B1842EB01020999B4
:10C14000A1FB07105B181E93149942EB00034FEA02
:10C15000DE1E1F934EEA4C6EA8FB092308FB013339
:10C1600012EB0E0E43EBDC12129BA6FB03311EEB0F
:10C17000030342EB01021199A4FB01011B1842EBDE
:10C18000010210980299A1FB00011B1842EB010269
:10C190000F980399A1FB00011B1842EB01020E98B6
:10C1A0000499A1FB00011B1842EB01020D980599AF
:10C1B000A1FB00011B1842EB010206990C98DDF867
:10C1C0004CC0A1FB00011B1842EB01020B98079920
:10C1D000A1FB00011B1842EB01020A980899A1FB80
:10C1E00000011B1842EB01020999A1FB05011B1874
:10C1F00042EB0102AAFB07011B1807FB0C1141EBE4
:10C20000020C14992D93A6FB093206FB0122129908
:10C21000139EA4FB01011B1842EB01021198029925
:10C22000A1FB00011B1842EB010210980399A1FB2E
:10C2300000011B1842EB01020F980499A1FB0001B9
:10C240001B1842EB01020E980599A1FB00011B1877
:10C2500042EB01020D980699A1FB00011B1842EB6D
:10C2600001020C980799A1FB00011B1842EB010287
:10C270000B980899A1FB00011B1842EB0102DDE9B4
:10C280000910A1FB00011B1842EB0102AAFB0501EA
:10C2900005FB06111B18209341EB0203149921930F
:10C2A000A4FB093204FB0122029912980A9DA1FB0A
:10C2B00000011B1842EB010211980399A1FB000138
:10C2C0001B1842EB010210980499A1FB00011B18F6
:10C2D00042EB01020F980599A1FB00011B1842EBEC
:10C2E00001020E980699A1FB00011B1842EB010206
:10C2F0000D980799A1FB00011B1842EB01020C9855
:10C300000899A1FB00011B1842EB01020B98099947
:10C31000A1FB00011B1842EB01020A99AAFB0101D3
:10C3200005FB06111B182E9341EB02032F93029B72
:10C3300014990298A3FB093200FB01220399129879
:10C34000A1FB00011B1842EB010211980499A1FB0B
:10C3500000011B1842EB010210980599A1FB000196
:10C360001B1842EB01020F980699A1FB00011B1854
:10C3700042EB01020E980799A1FB00011B1842EB4A
:10C38000010208990D980B9DA1FB00011B1842EBBF
:10C3900001020C980999A1FB00011B1842EB010254
:10C3A0000B99AAFB010105FB06111B18029341EB37
:10C3B00002030A93039B149903980C9DA3FB093273
:10C3C00000FB012204991298A1FB00011B1842EB0B
:10C3D000010211980599A1FB00011B1842EB010213
:10C3E00010980699A1FB00011B1842EB01020F985F
:10C3F0000799A1FB00011B1842EB01020E98089956
:10C40000A1FB00011B1842EB01020D980999A1FB49
:10C4100000011B1842EB01020C99AAFB010105FB6C
:10C4200006111B18309341EB02033193049B1499BE
:10C430000498A3FB093200FB012205991298A1FB85
:10C4400000011B1842EB0102069911980D9DA1FBFA
:10C4500000011B1842EB010210980799A1FB000193
:10C460001B1842EB01020F980899A1FB00011B1851
:10C4700042EB01020E980999A1FB00011B1842EB47
:10C4800001020D99AAFB010105FB06111B1803937C
:10C4900041EB02030493059B149905980E9DA3FBA1
:10C4A000093200FB012206991298A1FB00011B181A
:10C4B00042EB010211980799A1FB00011B1842EB06
:10C4C000010210980899A1FB00011B1842EB010220
:10C4D0000F980999A1FB00011B1842EB01020E996C
:10C4E000AAFB010105FB06111B18329341EB020365
:10C4F0003393069B14990698A3FB093200FB012293
:10C5000007991298A1FB00011B1842EB0102089940
:10C5100011980F9DA1FB00011B1842EB010210981E
:10C520000999A1FB00011B1842EB01020F99AAFB1C
:10C53000010105FB06111B18059341EB020306934D
:10C54000079B149A0798109DA3FB091300FB023365
:10C55000089A1298A2FB0002091843EB02031198F3
:10C56000099AA2FB0002091843EB0203109AAAFBE6
:10C570000202091805FB062242EB03033593089BD0
:10C58000089834911499A3FB092300FB01330999FE
:10C590001298A1FB0001121843EB010334461199D4
:10C5A0002046119CAAFB0116521804FB006646EBBC
:10C5B0000306099B099CA3FB0901149BDDE9127585
:10C5C00004FB0311129BAAFB0343001907FB05336D
:10C5D00041EB030336903793149B16980AFB03F341
:10C5E000AAFB097E09FB053303EB0E012291159985
:10C5F000239D11F5801140F100004C0D44EAC02448
:10C6000064190794249C4FEA515144EB6059159CDE
:10C610004905611A23911699259C61EB0001169139
:10C620001799189811F5801140F10005480D40EA5E
:10C63000C5200019269C4FEA515144EB6558179CC0
:10C640004905611A17911899279C61EB050118910A
:10C6500019991BF5801541F1000A690D41EACA21BB
:10C660000919289C4FEA555544EB6A546D05089406
:10C67000BBEB05042494199C64EB0A0419941A9CDE
:10C6800014F580151B9C4FEA555B44F1000A299C68
:10C690004BEACA2B1BEB040409942A9C44EB6A5412
:10C6A0000B946D0D1A9C6D05641B1A941B9C64EB16
:10C6B0000A041B941C9C14F580151D9C4FEA555AC6
:10C6C00044F1000B2B9C4AEACB2A1AEB04040C948D
:10C6D0002C9C44EB6B540D946D0D1C9C6D05641BE0
:10C6E0001C941D9C64EB0B041D941E9C14F580157A
:10C6F0001F9C4FEA555A44F1000B2D9C4AEACB2A65
:10C700001AEB04040E944FEA55551E9C4FEA45550A
:10C710004CEB6B5C641B1E941F9C64EB0B041F941E
:10C72000209C14F58015219C4FEA555A44F1000BCA
:10C730002E9C4AEACB2A1AEB04040F942F9C44EB5C
:10C740006B5410946D0D209C6D05641B2094219CEE
:10C7500064EB0B042194029C14F580150A9C4FEAAB
:10C76000555A44F1000B309C4AEACB2A1AEB0404D8
:10C770001194319C44EB6B5412946D0D029C6D0529
:10C78000641B02940A9C64EB0B042594039C14F52F
:10C790008015049C4FEA555A44F1000B329C4AEA3A
:10C7A000CB2A1AEB04040A94339C44EB6B54139485
:10C7B0006D0D039C6D05641B0394049C64EB0B04DA
:10C7C0002694059C14F58015069C4FEA555A44F1B1
:10C7D000000B349C4AEACB2A1AEB04040494359CDF
:10C7E00044EB6B5414946D0D059C6D05641B05940E
:10C7F000069C64EB0B0412F5801546F1000B0694C1
:10C800004FEA555A369C4AEACB2A1AEB040A4FEAF9
:10C810005555379C4FEA455544EB6B54521B1594C4
:10C8200066EB0B06279217F580124FEA525B4FEA30
:10C8300052524FEA425243EB0E03BF1A229A179C00
:10C840004BEAC32B4FEA635E62EB03032293079B21
:10C8500013F5801349F100055A0D42EAC522121959
:10C860001792189A42EB655218925B0D079A5B0576
:10C87000D31A289369EB0503299310F5801348F127
:10C880000004249D5A0D42EAC422521924924FEA10
:10C890005353199A4FEA435342EB6452C31A199205
:10C8A0002A93089A68EB04032B9311F5801342F145
:10C8B00000001A9C5A0D42EAC02212191A924FEA3D
:10C8C00053531B9A4FEA435342EB6052CB1A2C93BB
:10C8D000089B1B9263EB00032D93099B0B9A1C98FA
:10C8E00013F5801342F100015A0D42EAC1221218D9
:10C8F0001C921D9A42EB61521D925B0D099A5B05D9
:10C90000D31A2E930B9B0D9A1E9863EB01032F9362
:10C910000C9B13F5801342F100015A0D42EAC1222B
:10C9200012180B921F9A209842EB61521E925B0DD7
:10C930000C9A5B05D31A0C930D9B63EB01030D93CB
:10C940000E9B13F580124CF10003510D41EAC321F7
:10C9500011EB00092199029841EB63510891520DA6
:10C960000E9952058A1A6CEB030C0F9B099213F572
:10C970008012109B4FEA525143F1000341EAC32158
:10C9800009180E912599039841EB63511F91520D9F
:10C990000F9952058A1A0F92109A62EB03031093B3
:10C9A000119B13F58012129B4FEA525143F1000381
:10C9B00041EAC321091820912699059841EB63515A
:10C9C0002191520D119952058A1A1192129A62EB15
:10C9D000030312930A9B139A13F5801342F100028A
:10C9E000590D41EAC221091802910699279841EB95
:10C9F000625105915B0D0A995B05CB1A2593139B38
:10CA000063EB02031393049B13F58011149B4FEA0D
:10CA1000515243F1000342EAC3221218039246EB3B
:10CA200063520692490D049A099E4905521A0492CE
:10CA3000149A62EB0303159A07931AF5801342F1D7
:10CA400000015C0D229A44EAC124E4194FEA5353D1
:10CA500042EB61585B05159ABAEB030362EB0101E7
:10CA6000D34AABFB0250AF1902FB0E00D14E40EB94
:10CA70000C000A90DDF820C0ABFB065015EB09094D
:10CA800006FB0E0040EB0C0ADFF82CC30F9EABFB3D
:10CA90000C50AD190F95109D0E9A0CFB0E0040EB3B
:10CAA00005001090C548CBF1000500FB0E5CABFB08
:10CAB0000060B6181F9A0E96604440EB0202DFF841
:10CAC00000C31492119AABFB0C60B2181192129A27
:10CAD000BC4E0CFB0E0040EB02021292209A06FBA9
:10CAE0000E55ABFB060682180892219ADFF8C8B2F1
:10CAF000354445EB02020992AD4A1E9DA4FB026E2D
:10CB000002FB08EE0B9AB6184EEB050EA94D0F9AD4
:10CB1000A4FB050C05FB08CC0A9DC0194CEB050CC9
:10CB2000A4FB0B7517EB09070BFB08550A97A34FDE
:10CB3000DDF840B045EB0A0A654207FB0859CDF81D
:10CB40002CA0A4FB077ACA44DFF87492BF184AEB02
:10CB50000B0A4A46A4FB09B902FB08990E9A1BEB83
:10CB6000020B149A49EB0209CDF83890DFF8549281
:10CB7000119A09FB0855A4FB0948A2180F92129AB2
:10CB80008C4C454445EB02021092894ADDF8348012
:10CB9000A3FB025902FB01990C9AAD1849EB080955
:10CBA0002246A3FB0448A419834E02FB018848EBEC
:10CBB0000E083246A3FB06E61EEB000E02FB0166E2
:10CBC00046EB0C067D480D965E4200FB016CCDF8ED
:10CBD00030E00A9AA3FB000EE644DDF82CC0801872
:10CBE0004EEB0C02DFF8D8C111926246A3FB0CECAD
:10CBF00002FB01CC7246D7194CEB0A0CDFF8C4A13A
:10CC0000039A0AFB0166A3FB0A3113EB0B0E0E9B82
:10CC1000CDF828E00E4446EB03030B93644BDDF89C
:10CC200018E0DFF894B1A2FB036A03FB0EAA1C9B79
:10CC3000DDF874E05F4AF618039B4AEB0E0ADDF854
:10CC400018E0A3FB021302FB0E334D1943EB090955
:10CC5000039BA3FB0B130A190BFB0E3343EB080ECC
:10CC6000039B0E92CDF848E0039ADDF818E0534993
:10CC70005B4201FB0E34A2FB01180C9ADDF834E094
:10CC80008918A0444E4A039C48EB0E08DDF818E0D2
:10CC9000A4FB02B402FB0E44119A1BEB000B44EB05
:10CCA000020E4848069C039A00FB0433A2FB0020B6
:10CCB000D219034443EB0C070C973D4B049F079894
:10CCC0000692A7FB037203FB00222E9B0498394CAB
:10CCD000FF182F9BDDF81CC042EB0302A0FB0430C1
:10CCE0009B1904FB0C00049EDFF8CCC00D9340EBB5
:10CCF0000A00DDF81CA00E9BA6FB0C6475190CFB4A
:10CD00000A4444EB0909049C2C4E1195654206FB2C
:10CD10000A5CCDF85090A146A4FB0646E418129B8D
:10CD2000DFF89CA0664446EB0306079BA9FB0A9C20
:10CD30000AFB03CC19EB01034CEB0808CDF8488043
:10CD40002049DDF81C800E9301FB0855DDF81080AA
:10CD5000174BA8FB011C11EB0B08654445EB0E0EAD
:10CD6000CDF810E0DDF808E0CDF80C80DDF8148097
:10CD7000104DDDF814B0DFF840C0AEFB031E03FB1E
:10CD800008EE1A9BDDF86C80C9184EEB080EDDF832
:10CD900008800D9BA8FB058918EB0708029F05FB7F
:10CDA0000B9949EB0209A7FB0C27D2180CE000BF36
:10CDB000132C0A00182D070067FB090053C6F0FF6B
:10CDC000D11502008390F5FF0CFB0B77DDF808B05E
:10CDD000029D059B47EB0007DF48CBF1000B00FBF2
:10CDE00003B3A5FB00C01844119B1CEB030C149B60
:10CDF00040EB030307935046A5FB0A35DDF814A06A
:10CE00001B1900FB0A5545EB0605D44E06FB0ABB71
:10CE1000DDF808A00E98AAFB0664361812985C4448
:10CE200044EB0004029411F580144EF1000B4FEA1C
:10CE3000545A4AEACB2A640D1AEB08084FEA4454C4
:10CE400049EB6B59091B0D916EEB0B010E9112F51D
:10CE5000801147F100044FEA515E0798DDF80CB0ED
:10CE60004EEAC42E490D1EEB0C0C4FEA415140EB2B
:10CE70006450511A059167EB0401079113F5801175
:10CE800045F100044A0D029F42EAC422490D92195D
:10CE90004FEA415147EB645E591A119165EB040169
:10CEA00012910399069D0C9F0F9E11F58013049912
:10CEB00041F10004590D41EAC4215B0D49194FEAC3
:10CEC000435347EB6457BBEB030BCDF80CB0DDF8D5
:10CED00010B06BEB040BCDF810B0DDF828B01BF5EB
:10CEE0008014DDF82CB04FEA54534BF1000543EAAF
:10CEF000C523DDF840B09B194BEB655BCDF830B036
:10CF0000640DDDF828B0259E6405BBEB040BCDF85D
:10CF100028B0DDF82CB06BEB050BCDF82CB0DDF8AC
:10CF200020B01BF58015DDF824B04FEA55544BF1C5
:10CF3000000A44EACA24A4190294DDF84CB0059C06
:10CF40004BEB6A566D0DDDF820B06D05BBEB050BA4
:10CF5000CDF83CB0DDF824B06BEB0A0B18F580156A
:10CF6000CDF824B04FEA555A49F1000B4AEACB2AD2
:10CF70001AEB040ACDF840A0DDF81CA0119C4FEA82
:10CF800055554AEB6B5A6D05CDF84CA0B8EB050A28
:10CF900069EB0B0B1CF5801540F100094FEA555861
:10CFA00048EAC92818EB0408CDF84480DDF8488029
:10CFB000039C4FEA555548EB69586D05CDF84880FC
:10CFC000BCEB0508CDF8508060EB090812F5801025
:10CFD0004EF1000C450DCDF8548045EACC25DDF826
:10CFE00010802D194FEA505048EB6C584005CDF891
:10CFF0001880B2EB00080395CDF868806EEB0C0842
:10D0000011F5801547F100000A9CCDF86C806A0D7F
:10D01000DDF82C8042EAC0226D0D12194FEA455509
:10D0200048EB6058491B059167EB000108910C998A
:10D030000F9CCDF81C8013F5801741F10000790D8D
:10D04000DDF82480049241EAC0217F0D09194FEADE
:10D05000475748EB6055DB1B0C9F414A029C67EB2E
:10D0600000002C9FDDF83890A4FB02C81CEB070CD5
:10D070002D9F3C4C02FB068848EB0708029FA7FB4C
:10D08000047E04FB06EE0D9C3F194EEB090ECDF815
:10D0900028E0DDF80890DFF8D0E07446A9FB0E9E8A
:10D0A00019EB0A0904FB06EE029CDFF8ACA0CDF8F0
:10D0B0002C904EEB0B0ECDF830E0C4F1000E0AFBC5
:10D0C00006E9A4FB0AABD944DDF840B01AEB0B0B20
:10D0D000DDF84CA049EB0A09CDF83490DDF808A042
:10D0E000DFF888904C46AAFB09A904FB0699149C1A
:10D0F0001AEB040A159C49EB0409184C04FB06EED4
:10D100002646029CA4FB0646B644119EA419129E14
:10D1100002944EEB06060996A1FB026402FB05444D
:10D12000249AB618199A44EB02020E4C0E9222462B
:10D13000A1FB044E14EB0C0402FB05EE4EEB080EB3
:10D14000DFF82480CDF83CE0A1FB08EC1EEB0707DC
:10D1500010970A9F0CE000BF53C6F0FF8390F5FFC5
:10D16000132C0A00182D070067FB0900D1150200D7
:10D17000DFF850E308FB05CC4CEB07070A974F425A
:10D180000EFB057CA1FB0EE8C444DDF82C801EEBF1
:10D190000808DDF830E04CEB0E0EDFF82CC3CDF8BC
:10D1A0002CE06246A1FB0CEC1EEB0B0BDDF834E02F
:10D1B00002FB05CC4CEB0E0CCDF830C0DFF80CC3F5
:10D1C000C34A0CFB0577A1FB0C152F4411EB0A0594
:10D1D0000D9547EB0905A3FB027C02FB00CC2A9AC4
:10D1E000BC4911952B9DDFF8F092DFF8D8A2BF184B
:10D1F0004CEB050CA3FB015EAD190E9E01FB00EE8E
:10D200004EEB060EA3FB096132190E920F9A09FB31
:10D21000001141EB02025C420AFB00460F92A3FBA5
:10D220000A19109AB1440A9E891849EB0602A64EC3
:10D2300010923246A3FB06A61AEB0808DFF88CA270
:10D24000914602FB00660B9A0AFB0044A3FB0A30DE
:10D2500046EB020613EB0B030A930C9B9C4ADFF888
:10D2600074B2044444EB03030B93049BA3FB024AF4
:10D27000079B02FB03AA179B079AE418189B4AEB2B
:10D28000030A049BA3FB0B300BFB0200DB1940EBF2
:10D290000C07049A90488346A2FB00C0079A1CEB37
:10D2A00005050BFB02000C95049A40EB0E05129548
:10D2B0008448079DC2F1000C00FB05CEA2FB0005CF
:10D2C0000E9A80180F9A754445EB0205CE464A46E1
:10D2D000DDF81090A9FB0EEBDDF81C9002FB09BBFA
:10D2E000109A1EEB010E4BEB02097849DDF81CB0D9
:10D2F000049A01FB0BCCA2FB01218C4412EB080128
:10D300004CEB0606724A0E96059E0791A6FB02C1DB
:10D31000089EDFF8C081DDF820B002FB0611289ED0
:10D32000299A1CEB060C059E41EB0201A6FB082680
:10D3300008FB0B66121946EB0A04059EDFF898A15C
:10D340000F92A6FB0A860AFB0B6618EB03031093E9
:10D3500046EB07031393059B059E0C9A5F42594BBE
:10D3600003FB0B78A6FB03369B18129ADFF858B123
:10D370000C934644DDF8148046EB0206089AA8FB9D
:10D380000BA80BFB02881AEB000248EB050514956D
:10D390004E48089D129200FB0577059D4C4AA5FB5F
:10D3A00000052F4410EB0E05049547EB0905059584
:10D3B000039D484FA5FB0209069D02FB0599239A90
:10D3C000169D801849EB0509039DDDF818E0DDF88E
:10D3D00018800F9AA5FB07A51AEB0C0A07FB0E5540
:10D3E000DFF8F4C0DDF80CE045EB0105AEFB0C1EE8
:10D3F0000CFB08EEDDF80C8089184EEB040EC8F12A
:10D40000000C304CDDF8188004FB08C2DDF80C80FD
:10D410005B46A8FB0484DDF840B01444139A18EB73
:10D420000B0844EB0204039A9B46A2FB0327069BCE
:10D430000BFB03770C9BD21847EB0607069B234E8A
:10D4400006FB03CC039BA3FB06636344DDF848C0E3
:10D4500016EB0C0C149E43EB060310F58016039399
:10D4600049F1000B730D43EACB23760D13EB0A034E
:10D470004FEA465645EB6B55B0EB060A69EB0B09D4
:10D4800011F580104EF10006CDF820904FEA50596A
:10D4900049EAC629400D19EB08084FEA405044EB11
:10D4A0006654B1EB00096EEB060E12F5801147F1E0
:10D4B00000004E0DCDF83CE046EAC026DDF80CE059
:10D4C0000CE000BF53C6F0FFD11502008390F5FFBA
:10D4D000132C0A00182D070067FB0900CDF83090C7
:10D4E000490D16EB0C064FEA41514EEB6059B2EB79
:10D4F000010ECDF840E067EB000ECDF848E0DDF816
:10D5000010E0079FCDF818A01EF58012DDF814E09A
:10D510004FEA52504EF1000140EAC120DDF838E0F8
:10D52000C0194EEB615A520DDDF810E00390520520
:10D53000BEEB020ECDF81CE0DDF814E06EEB010E40
:10D54000CDF814E0DDF828E00D981EF58012DDF826
:10D550002CE04FEA52514EF1000741EAC721DDF8B5
:10D5600044E009184EEB675ECDF810E0520DDDF88F
:10D5700028E01A985205BEEB020ECDF828E0DDF83F
:10D580002CE06EEB070ECDF82CE0DDF808E01EF580
:10D590008017DDF824E04FEA57524EF1000C42EAC2
:10D5A000CC221218DDF86CE002984FEA57574FEA88
:10D5B00047574EEB6C5EC01B0290099860EB0C0065
:10D5C00013F5801745F1000B09904FEA575C0C9852
:10D5D0004CEACB2C1CEB00000C904FEA57570F98ED
:10D5E0004FEA475740EB6B50DB1B65EB0B0B0E9381
:10D5F00018F5801344F100070D905D0D109845EA71
:10D60000C7252818129D0F904FEA535345EB6755D5
:10D610005B051095B8EB0305119564EB070516F54E
:10D620008013079812954FEA535449F10005DDF82D
:10D63000148044EAC52420184FEA535348EB655838
:10D640005B05CDF81480B6EB03080790CDF84C804D
:10D65000039B0A98DDF82C8069EB050513F5801310
:10D6600014954FEA53544AF1000544EAC5242018A2
:10D6700015904FEA5353039848EB65585B05CDF876
:10D680002C80B0EB03086AEB05051695049DCDF8D8
:10D690000C8011F5801345F10004580D029D40EAFD
:10D6A000C4204019099D02904FEA535345EB64553D
:10D6B0005B051795CD1A1895049D65EB040512F5C9
:10D6C00080114FEA51534FEA51514FEA41514EF107
:10D6D00000000495551AE44AE449199543EAC02329
:10D6E0004FEA6058A3FB026702FB0877069AE04CFA
:10D6F0006EEB0005B618089ADE481A9547EB02074C
:10D700000E9DDDF834E0A3FB01C201FB08220C9959
:10D710001CEB050CA3FB005942EB0B0200FB089924
:10D720006D18C3F1000A04FB08A149EB0E09A3FB25
:10D73000044E8E441199DFF840B306926418129992
:10D740000F9A4EEB010EA3FB0B018018109A0BFBF6
:10D75000081141EB0201C94A02FB08AAA3FB02839C
:10D760005344DDF84CA0149A18EB0A084FEA565AB5
:10D7700043EB02034AEAC72A069A1AEB0C0AC6F3DD
:10D7800014060A9642EB67524FEA5A5646EAC226F8
:10D79000761949EB6252750D45EAC2252D194EEBFB
:10D7A00062526C0D44EAC2242018C5F3140541EB03
:10D7B00062510995450D45EAC12515EB080543EB76
:10D7C0006152C0F3140C079BCDF820C06C0DDDF83E
:10D7D00014C044EAC224E4184CEB6252039B600D6F
:10D7E000C5F3140B40EAC220169DC01845EB6252E7
:10D7F000159BC4F31405410D079541EAC2210B9D09
:10D80000C91845EB6252189BC0F31405480D0695E4
:10D8100040EAC220049DC01845EB6252029BC1F34E
:10D820001405410D059541EAC221179DC91845EB24
:10D8300062524B0DC0F314051998049543EAC223B4
:10D840001A9D1B1845EB6252C1F314050395580D40
:10D85000C3F31405844B029540EAC220A0FB034C9D
:10D86000521503FB02CC0A9BE418804BCAF3140741
:10D87000A0FB03E14CF1000C03FB02111EEB070EB1
:10D8800041F100030A937B4B0999A0FB037903FB49
:10D890000299774B4542C6F31406BF1903FB025A9F
:10D8A000A0FB033649F100095B1873494AEB060AED
:10D8B000A0FB016801FB0288089976186F4901FBFB
:10D8C0000255A0FB010248F1000810EB0B0045EBEC
:10D8D0000205620D0A9942EACC2212EB0E0241EBDC
:10D8E0006C514FEA525C4CEAC12C1CEB070C49EB23
:10D8F00061514FEA5C5747EAC127FF184AEB615173
:10D900007B0D43EAC1239B1948EB61515E0D46EA4A
:10D91000C126361845EB6151700D079DDDF8148066
:10D92000DDF81090DDF80CA040EAC12040194FEA64
:10D93000615141F10001450D4FEA615E45EAC125A3
:10D9400006996D184EF100014FEA555E4EEAC12E60
:10D950001EEB08084FEA615141F100014FEA585EA1
:10D960004EEAC12E1EEB09094FEA615141F1000157
:10D970004FEA595E4EEAC12E1EEB0A0A4FEA615188
:10D98000C9F3140E41F100014FEA5A5949EAC1297D
:10D99000029919EB01090199C4F314040C70DDF824
:10D9A00004B0C2F31402210A8BF80110510141EABC
:10D9B00014418BF80210D108CCF3140C8BF803102F
:10D9C000D10A8BF804104FEA8C0141EAD242C7F326
:10D9D00014078BF805204FEA9C128BF80620FA01F9
:10D9E00042EA9C328BF807207A08C3F314038BF8C1
:10D9F00008207A0A8BF809201A0142EA57428BF86C
:10DA00000A201A09C6F314068BF80B201A0B8BF8A0
:10DA10000C20B21942EA1353C0F314008BF80D30F6
:10DA2000F3098BF80E30830143EAD6338BF80F30BD
:10DA30008308C5F314058BF81030830A8BF8113076
:10DA4000EB0043EA9043C8F314088BF812306B09DB
:10DA50008BF813304FEA18238BF816304FEA4E1329
:10DA600043EA18430CE000BF132C0A00182D0700EE
:10DA700053C6F0FF67FB0900D11502008390F5FF44
:10DA80008BF817304FEADE03CAF3140A8BF818300C
:10DA90004FEADE238BF819304FEA8A0343EADE436C
:10DAA0008BF81A304FEA9A138BF81B304FEAC91ED5
:10DAB0004FEA59036D0B4EEA9A3E8BF81D304FEA40
:10DAC00059234FEA59498BF814508BF815808BF87D
:10DAD0001CE08BF81E308BF81F9039B0BDE8F08F3A
:10DAE000B0F85431B0F85021981A00F03F00704758
:10DAF000B0F85431B0F850219BB293421ABFD0F81D
:10DB00004831985C4FF0FF30704790F85231B0F8D0
:10DB10005601C0B2834227BFC3F13F03C018C01AE9
:10DB200000F1FF30704707B503688DF807105B6898
:10DB300001220DF10701984703B05DF804FB13B50E
:10DB40000DF107010446E8F7EFFF90B9B4F8C030D3
:10DB5000B4F8BC20013303F03F03934209D0B4F87A
:10DB6000C020D4F8B4109DF8070092B28854A4F8ED
:10DB7000C03002B010BD0000B0F8C220D0F8C41010
:10DB800011FA82F202F03F0210B5A0F8C220B0F8FC
:10DB9000C210B0F8BE2089B28A421BD0B0F8C24091
:10DBA000B0F8C210A4B24032121B544289B204F041
:10DBB0003F0402F03F02C1F1400158BF62428A4275
:10DBC00028BF0A46C0F8C4200349E8F7E9FF4FF030
:10DBD000FF3010BD0020FCE779DB010803682DE968
:10DBE000F0479B68044688461646984701232374ED
:10DBF000D4F83831B4F8529101338246C9F1400962
:10DC000004F1940708D194F85C312BB1002384F817
:10DC10005C313846E8F7E6FF236820469B68984762
:10DC20000028F9D035464D4523D8554521D8B4F8BC
:10DC30005221D4F84C015319402B10442FD82A46B6
:10DC4000414604F046FCA946B4F852311D4405F0A3
:10DC50003F05A4F852513846E8F7F2FE30B91749AB
:10DC6000C4F858914A463846E8F79AFF3046BDE86E
:10DC7000F087D145236828BFD1464A4641465B68B4
:10DC800020469847236820469B689847A5EB0905DE
:10DC9000C844B4F852918246C9F14009C3E7C2F1C1
:10DCA00040094A46414604F014FCD4F84C01A5EB67
:10DCB000090208EB090104F00CFCC5E779DB010857
:10DCC000C0F83C31009BC0F84031914208BF4FF092
:10DCD000FF3100F11103C0E94D21C0F8483100F1D6
:10DCE00051020023A0F85431C0E95323A0F8563163
:10DCF00070470000F7B54FF47A7317460022C0E969
:10DD000001231C4B03604FF0FF33C0F838311A4B2E
:10DD10001A4E04469C42B0680D4605D1F368C4F81B
:10DD20003831C4F834010AE01549E8F7E7FA8542CA
:10DD300015D1F368C4F83831B368C4F83431012F11
:10DD40004FF0FF3308BFC4F8383100932046D4E9C0
:10DD50004D214FF0FF33FFF7B3FF03B0F0BD09498A
:10DD60002846E8F7DCFA0649C4F838012846E8F7FF
:10DD7000D6FAD6E7ECE902081C3D0020F44602087A
:10DD800020450208E4440208037C70B504460D46B1
:10DD9000A3B1E3F727FB0646B4F85221B4F8563195
:10DDA0009BB29A420AD0002DF8D0E3F71BFB801BF0
:10DDB0008542F1D8B4F85631A4F8523170BD10B58F
:10DDC0004FF47A710446FFF7DFFF04F19400E8F79F
:10DDD000C1FDB4F85031A4F8543110BD0021FFF753
:10DDE000D3BF0000CBB2192B08D80E4A52F823300B
:10DDF00001F4E0611943C0F83811704701F0C00226
:10DE0000C02A0CD1C82B0AD8074B01F03F0201F4FD
:10DE1000E06153F82220034B53F82230EAE74FF039
:10DE2000FF31E8E7F4460208D0460208CBB2192BCE
:10DE300008D80E4A52F8233001F4E0611943C0F8C3
:10DE40003411704701F0C002C02A0CD1C82B0AD887
:10DE5000074B01F03F0201F4E06153F82220034B2D
:10DE600053F82230EAE74FF0FF31E8E7F4460208C2
:10DE7000D0460208D0F83831013310B504460ED12F
:10DE80000368DB68984794F85C3143B9012384F850
:10DE90005C3104F19400BDE81040E8F7B3BE10BD5A
:10DEA00002F00703023BDBB2042B73B50546C0F852
:10DEB000601180F85D219CBF1548C45C02F03003FE
:10DEC00088BF0024302B1BD101344FF4C063073CC2
:10DED000022C1CD8C2F3C002520300920D4A05F175
:10DEE000940652F824203046E8F72AFD2846FFF72A
:10DEF000C1FF0949304602B0BDE87040E8F730BEC6
:10DF000012F020031CBF01344FF48063DFE7FEE70B
:10DF1000DCE90208D0E902083FDB010810B504463D
:10DF2000FFF7A8FFB4F85421B4F8503192B29A42E6
:10DF30001FBFD4F84821D05C013303F03F0314BF66
:10DF4000A4F850314FF0FF3010BD000008B506496D
:10DF500006480022FFF7CEFEBDE808400449054808
:10DF60000022FFF7C7BE00BF00440040803E0020F3
:10DF7000008000401C3D002070B505460C46084658
:10DF800049B1E3F735F92B680246214628465B681C
:10DF9000BDE87040184770BD08B5FFF7EDFF08BD3C
:10DFA00003681B681847000008B50249FFF7E4FF43
:10DFB00008BD00BF10EA020838B50546FFF7DCFFD0
:10DFC00004462846FFF7F0FF204438BDFFF7F4BFB2
:10DFD00070B50D46144630B1461E012E05D81146C7
:10DFE0002846E8F73FFD204670BD03685B68984708
:10DFF000F9E70EB403B503AA52F8041B019204F02A
:10E00000C5F802B05DF804EB03B0704730B58BB0D3
:10E010000023012A0C468DF8243098BF0A2209A952
:10E020002546B4FBF2F404FB125303F0FF03092B63
:10E0300094BF30333733DBB2AA4201F8013DEFD948
:10E04000FFF79AFF0BB030BD2DE9F04107460E46B1
:10E0500014462AB90368BDE8F0411B68C9B21847E5
:10E060000A2A05D1002905DBBDE8F041FFF7CEBF44
:10E07000D2B2F9E72D21FFF793FF22460546714200
:10E080003846FFF7C3FF2844BDE8F08138B50546A0
:10E09000FFF7DAFF04462846FFF786FF204438BD25
:10E0A00010B5044600F008FCE060236820465B6978
:10E0B0009847002808DA00F0FFFBE368C01AA3685D
:10E0C0009842F2D34FF0FF3010BDF8B507460D4629
:10E0D0008E180C46B44201D1601BF8BD3846FFF7DC
:10E0E000DFFF031EF8DB04F8013BF3E72DE9F04105
:10E0F0000746884616461D4673B100243846FFF78A
:10E10000CFFF031E05DB434503D033550134A54241
:10E11000F4D12046BDE8F0811C46FAE711480368B7
:10E120001A0912F00C0F10B519D10F4902F00F02A5
:10E1300051F822209AB141680C4C03F00F030029DA
:10E1400054F823300CD0C4BF01F1FF314160516954
:10E1500001EA030023EA010343EA0043936110BD8F
:10E160009362FCE75C0100200800002018480208C8
:10E170002DE9FF41364D19282B680E4614461FD84D
:10E18000344A52F8207043B9B420E7F7BEFB324955
:10E190008046E7F721FBC5F80080781C1DD02F4B87
:10E1A0001A68511C01D0BA4217D1B6F5803F14D27B
:10E1B0000EBB286888B104B0BDE8F041E7F7BEB8EF
:10E1C00000F0C002C02A0BD03BB9B420E7F79DFB9A
:10E1D00021490446E7F700FB2C6004B0BDE8F0815C
:10E1E000C828F1D81E4A00F03F0052F82010194A02
:10E1F00052F82170C7E776001F6034B374434FF4C0
:10E200007A72B4FBF2F4012138465C60E7F7D0FF84
:10E21000286802223146E7F77DFA00230193114B6B
:10E220000093114B03932868104B02936946E7F75C
:10E230001BFB029B1BB169460322084698472868CE
:10E2400004B0BDE8F041E7F766B94FF0FF34DAE714
:10E25000E43F0020F4460208004401405C01002035
:10E26000D04602081DE10108C95E0008A95E000849
:10E27000192838B523D81B4B53F820305A1C1DD011
:10E28000194D2A689A4219D1184C2068B0B129B3A7
:10E29000E7F766FA2868431C05D00021E7F788FFF6
:10E2A0004FF0FF332B60256835B12846E7F79AF920
:10E2B000B4212846E7F72DFB0023236038BD00F08A
:10E2C000C003C02BFAD1C828F8D8094B00F03F0092
:10E2D00053F82020034B53F82230CFE7BDE83840F5
:10E2E000E7F72CB8F44602085C010020E43F002068
:10E2F000D0460208C3B2192B16D8144A52F823305C
:10E3000000F4E06003431A0912F00C0F1DD110490C
:10E3100002F00F0251F82200B8B103F00F030121FF
:10E32000994089B2E7F7D8BD00F0C002C02A0CD1ED
:10E33000C82B0AD8074B00F03F0200F4E06053F806
:10E340002220024B53F82230DCE77047F4460208E3
:10E3500008000020D0460208F0B5C3B2192B85B0E2
:10E360000F46154628D8214A52F8233000F4E064BD
:10E370001C43C4F30310E7F7DBFA0646D0B1022DC5
:10E380002ED0032D2FD0002D0CBF4FF404154FF4C9
:10E39000881539466846E7F734FA04F00F0401217E
:10E3A000A14030462B466A4689B2E7F70FFE684621
:10E3B000E6F7BBFF05B0F0BD00F0C002C02A0CD1EB
:10E3C000C82B0AD80A4B00F03F0200F4E06453F86F
:10E3D0002220064B53F82230CAE74FF0FF34C8E73B
:10E3E0004FF44415D5E74FF40415D2E7F44602087C
:10E3F000D046020808B102F09DBD704710B5044632
:10E4000028B102F0C5FD90FBF4F303FB1404204691
:10E4100010BD884210B5044603DA081AFFF7EEFF74
:10E420000444204610BD7047F0B503468BB0084643
:10E4300061B3911E222935D80A2A06D1002B04DAAD
:10E440005B42012701AD29460DE00027FAE7B3FB47
:10E45000F2F602FB1633092BDCB21BD83033DBB2E9
:10E4600001F8013B3346002BF1D1A94210D00346FD
:10E4700017B12D2203F8012B5C1E0A46AA420CD8C4
:10E480004A1B8D4288BF0022002199540BB0F0BD79
:10E490001E46E3E704F15703E1E712F8016D04F8C3
:10E4A000016FEBE70020F1E708B50320E3F7C8FBB5
:10E4B000BDE8084000F02CBA08B5AFF30080EBF7D8
:10E4C000D3FBEBF7A1FC00F009FAFAE7C1B2082987
:10E4D00010B5024611D8194850F8211002F4E06333
:10E4E0000B43C9B2192912D8154850F8210003F47A
:10E4F000E0631843431C10D010BD00F0C003C02BD4
:10E500000BD1C82909D80D4802F03F01E4E703F018
:10E51000C004C02C01D1C82908D9A2F1C903022B1B
:10E5200094BF02F638704FF0FF30E5E703F03F018B
:10E5300050F82100024951F82000D8E7D0460208DF
:10E54000F44602080D488546E7F70AFF0C480D49D6
:10E550000D4A002302E0D458C4500433C4188C423E
:10E56000F9D30A4A0A4C002301E013600432A242A4
:10E57000FBD303F07FFFFFF79FFFFEE700000120C2
:10E580000000002050030020D8EE020850030020B5
:10E5900054420020FEE791420FD008D9891A012386
:10E5A0008B40984208D30130C8400138704720B1F1
:10E5B0000130521A9040F8E700207047431E1F2B8D
:10E5C0000ED80C280DDC06280DDD08280DDD0A28E4
:10E5D000CCBF0C230A23064A1060064A136070471A
:10E5E000FEE70C23F7E70623F5E70823F3E700BF70
:10E5F000680100206401002010B5FFF767FF431C8D
:10E600000AD0064C2168E7F749FA054B21681A68D9
:10E61000BDE81040FFF7BFBF002010BD640100201F
:10E6200068010020C3B2192B2DE9F0410D462AD80C
:10E630002C4A52F8233000F4E0641C43621C4ED094
:10E64000294EC4F3031704F00F0856F8273023FAB5
:10E6500008F3DB0710D525492046E7F79AFD18B3E4
:10E660002046E7F7CBF956F82730012202FA08F2E4
:10E6700023EA020346F82730052D1FD8DFE805F00E
:10E680001F2B2527292D00F0C002C02A27D1C82B17
:10E6900025D8174B00F03F0200F4E06453F8222025
:10E6A000104B53F82230C8E712492046E7F771FDB6
:10E6B0000028D8D02046E7F7EDFAD4E7FEE700219E
:10E6C0002046BDE8F041E7F773BD1021F8E72021AF
:10E6D000F6E70321F4E70121F2E70921F0E7BDE8BD
:10E6E000F08100BFF4460208E83F002040460208DF
:10E6F000D04602085C450208C3B2192B1BD8174A42
:10E7000052F8233000F4E0601843431C25D003097D
:10E7100013F00C0F04BF124A03F00F0300F00F00B8
:10E7200008BF52F823300F4A18BF002352F82020A8
:10E7300091B19A61704700F0C002C02A0DD1C82B78
:10E740000BD8094B00F03F0200F4E06053F82220A0
:10E75000024B53F82230D7E79A627047F44602081A
:10E760000800002018480208D0460208C3B2192B3E
:10E770001BD8194A52F8233000F4E0601843431CB8
:10E7800024D0030913F00C0F22D103F00F03134A16
:10E7900000F00F0052F82320114B126953F820307B
:10E7A00093430CBF01200020704700F0C002C02A34
:10E7B0000CD1C82B0AD80B4B00F03F0200F4E060EC
:10E7C00053F82220044B53F82230D7E7002070473B
:10E7D00000231B69FFDE00BFF4460208080000208A
:10E7E00018480208D04602082DE9F843C3B2192B95
:10E7F0000C46154610D82D4A52F8233000F4E0603C
:10E800001843000903F00F03012610F00C0F06FA5D
:10E8100003F612D0002715E000F0C002C02A2BD169
:10E82000C82B29D8224B00F03F0200F4E06053F8D7
:10E8300022201E4B53F82230E2E71E4B00F00F005F
:10E8400053F82070002C18BF344600F037F880468B
:10E850003B693340A34212D03B693340A34217D1F6
:10E8600000F02CF881463B693340A34217D000F0FA
:10E8700025F8A0EB090009E04FF40046CAE700F0D4
:10E880001DF8A0EB0800A842E2D90020BDE8F883FB
:10E8900000F014F8A0EB0800A842DDD9F5E700F07D
:10E8A0000DF8A0EB0800A842DDD9EEE7F446020817
:10E8B000D046020808000020E7F73EBAE7F718BA8A
:10E8C00038B5044648B1E7F737FA0546FFF7ABFD20
:10E8D000E7F732FA431BA342F8D338BD08B5084B1B
:10E8E0002BB10848FFF7FCF808B1AFF30080064BE6
:10E8F0002BB10648FFF7F4F808B1AFF3008008BD6C
:10E9000000000000803E0020000000001C3D0020B0
:10E91000E7F7B8BA430803F05533C01A830803F089
:10E92000333300F03330184400EB101000F00F3098
:10E9300000EB002000EB0040000E70472DE9F0478F
:10E94000089D0C46002B4ED194468C458646B2FA63
:10E9500082F262D94AB1C2F12003914020FA03F356
:10E960000CFA02FC194300FA02FE4FEA1C471FFA98
:10E970008CF6B1FBF7F44FEA1E4307FB141143EA90
:10E98000014304FB06F199420AD91CEB030304F18D
:10E99000FF3080F01281994240F20F81023C6344C3
:10E9A000591A1FFA8EF3B1FBF7F007FB101143EA77
:10E9B000014300FB06F69E420AD91CEB030300F15B
:10E9C000FF3180F0FC809E4240F2F98063440238BF
:10E9D0009B1B40EA044000211DB1D3400022C5E941
:10E9E0000032BDE8F0878B4205D90DB1C5E90001C1
:10E9F00000210846F5E7B3FA83F1002946D1A34286
:10EA000002D39042C0F0F080861A64EB0303012029
:10EA1000002DE6D0C5E90063E3E7002A40F09080CE
:10EA2000A1EB0C044FEA1C481FFA8CF70121B4FB40
:10EA3000F8F64FEA1E4308FB164443EA044307FB7B
:10EA400006F0984208D91CEB030306F1FF3402D20A
:10EA5000984200F2CD8026461C1A1FFA8EF3B4FBB2
:10EA6000F8F008FB104443EA044300FB07F79F4219
:10EA700008D91CEB030300F1FF3402D29F4200F2DD
:10EA8000B0802046DB1B40EA0640A5E7C1F1200626
:10EA90008B4022FA06F71F4320FA06FC04FA01F322
:10EAA00043EA0C03F44000FA01F8380C4FEA13492A
:10EAB000B4FBF0FE1FFA87FC00FB1E4449EA044445
:10EAC0000EFB0CF9A14502FA01F20AD93C190EF12C
:10EAD000FF3A80F08480A14540F28180AEF1020EC1
:10EAE0003C44A4EB09041FFA83F9B4FBF0F300FBE8
:10EAF000134449EA044403FB0CFCA44507D93C1920
:10EB000003F1FF3067D2A44565D9023B3C4443EA98
:10EB10000E40A0FB0293A4EB0C049C42CE469C4604
:10EB200051D34ED055B1B8EB0E0364EB0C0404FA8C
:10EB300006F6CB401E43CC40C5E90064002150E7F7
:10EB4000C2F1200320FA03F10CFA02FC24FA03F3C9
:10EB500094400C434FEA1C4800FA02FE1FFA8CF75F
:10EB6000B3FBF8F008FB1031230C43EA014300FB30
:10EB700007F1994208D91CEB030300F1FF362CD2B0
:10EB800099422AD9023863445B1AA4B2B3FBF8F164
:10EB900008FB113344EA034401FB07F3A34208D9FD
:10EBA0001CEB040401F1FF3613D2A34211D9023940
:10EBB0006444E41A41EA004139E70446F0E60846B5
:10EBC00006E7C845AED2B9EB020E63EB070C01387D
:10EBD000A8E73146EDE7034699E73046D4E7D64645
:10EBE0007FE7634402384DE70646234608460FE7B1
:10EBF000023E634430E700BF08B502F0CFF80000E2
:10EC00002DE9F0411C46454B836701231646A0F8C9
:10EC10007C300D4668220021DDF81880074603F09D
:10EC200018FBF3B2192B28D83D4A52F8233006F4CA
:10EC3000E0661E43EBB2192BBE6632D8384A52F852
:10EC4000233005F4E0651D43E3B2192BFD663CD883
:10EC5000334A52F8233004F4E0641C435FFA88F22C
:10EC6000192A3C6745D82E4951F8222008F4E06360
:10EC700013437B673846BDE8F08106F0C002C02A26
:10EC80000CD1C82B0AD8274B06F03F0206F4E066E9
:10EC900053F82220224B53F82230CAE74FF0FF36B8
:10ECA000C8E705F0C002C02A0CD1C82B0AD81D4BFA
:10ECB00005F03F0205F4E06553F82220184B53F8A5
:10ECC0002230C0E74FF0FF35BEE704F0C002C02A93
:10ECD0000CD1C82B0AD8134B04F03F0204F4E064B3
:10ECE00053F822200E4B53F82230B6E74FF0FF3492
:10ECF000B4E708F0C003C02B0CD1C82A0AD8094BCE
:10ED000008F03F0253F82210054A08F4E06352F875
:10ED10002120ADE74FF0FF33ABE700BF00093D0016
:10ED2000F4460208D0460208002210B4054910BC7F
:10ED300080F85D200123816780F87C3080F87D2099
:10ED400000F078B800093D0017B46B4683E8060070
:10ED5000816F009A9142044605D1B0F87C10BDF84D
:10ED6000042091420ED000989B88A067A4F87C30C4
:10ED700094F87C3094F87D20A16F204603B010BC3D
:10ED800000F058B803B010BC7047704700F08CB961
:10ED900007B5002A8DF807100DF107014FF00103A8
:10EDA0000CBF0A46002200F0C1F99DF8070003B02D
:10EDB0005DF804FB07B51A230093062205230721FB
:10EDC0000248FFF71DFF03B05DF804FBF83F002089
:10EDD00030B591FAA1F391FAA1F1B3FA83F3C468C3
:10EDE0005B000325B1FA81F105FA03F3490024EA37
:10EDF00003038A401A43C26030BD0000094A03463B
:10EE0000106873B1084A934201D1E4F7ABBD074AD9
:10EE1000934201D1E4F796BD054A934201D1E4F74C
:10EE20007FBD7047400000200030014000380040A6
:10EE3000000001582DE9F04F0E4685B015461F46DB
:10EE40000446002838D0626E8E4BC06E9A4236D08F
:10EE50008D49E7F753FA8D498146A06EE7F74EFAE0
:10EE60008B498346206FE7F749FA8A498046606FED
:10EE7000E7F744FA8246B9F1000F1DD0BBF1000F4D
:10EE80001AD0B8F1000F17D059464846E7F75DFA97
:10EE9000514681464046E7F758FA014680464846C3
:10EEA000E7F753FA6066B9F1000F05D0B8F1000F2B
:10EEB00002D0002840F0A18005B0BDE8F08F0130FD
:10EEC000FAD1A36E0133F7D1236F0133F4D1636F0D
:10EED0000133F1D14FF40073606EA3614FF482737C
:10EEE00020606360FFF78AFFB6EB500F80F08C80E4
:10EEF000B6EB900F80F08A80B6EBD00F80F0888060
:10EF0000B6EB101F80F08680B6EB501F80F0848037
:10EF1000B6EB901F80F08280B6EBD01F2CBF302361
:10EF20003823E361002D7BD0022D7BD0013D18BF3B
:10EF300001256D000123C4E904530723E3624FF464
:10EF4000E0632268E360B7FA87F74E4B7F0900263B
:10EF5000FF019A42C4E90876A660A66266632CD0D7
:10EF60004949E06EE7F7B2F94849A06EE7F7AEF914
:10EF7000206F4749E7F7AAF92369B342236F4FEAA5
:10EF8000131114BF0122022211F00C0F04BF4248DA
:10EF900001F00F0103F00F0308BF50F821003F49B3
:10EFA00018BF3046022A51F8231018BF0122FFF77C
:10EFB0000FFF3849606FE7F789F92368384A9342B1
:10EFC00032D14FF0B0431A6E42F480521A661A6E74
:10EFD00002F480520192019A1A6C42F480521A642F
:10EFE0001A6C22F480521A642046E4F7EEFC226880
:10EFF000136843F0400313605EE7636F01333FF42F
:10F0000069AF4FF4802367E700238AE7082388E786
:10F01000102386E7182384E7202382E7282380E74C
:10F020002B4688E7002386E71E4A934213D14FF010
:10F03000B0439A6D42F480429A659A6D02F4804220
:10F040000292029A9A6B42F480429A639A6B22F47B
:10F0500080429A63C8E70B4A9342C5D14FF0B04350
:10F060005A6E42F001025A665A6E02F00102039291
:10F07000039A5A6C42F001025A645A6C22F001025F
:10F080005A64B1E70000015818440208D04302084E
:10F090007C430208284302080800002018480208A0
:10F0A000003001400038004010B5044698B1E4F744
:10F0B000FAFC23681A4A93420ED14FF0B0431A6CFF
:10F0C00042F480521A641A6C22F480521A641A6E46
:10F0D00022F480521A6610BD124A93420ED14FF0AC
:10F0E000B0439A6B42F480429A639A6B22F4804256
:10F0F0009A639A6D22F480429A65ECE70A4A934239
:10F10000E9D14FF0B0435A6C42F001025A645A6C94
:10F1100022F001025A645A6E22F001025A66DAE7BE
:10F120000030014000380040000001582DE9F04156
:10F130000D4616461C4633B30768E2F753F980467E
:10F14000BB689907FCD5D5B115F8013B3B73BB688B
:10F15000DA07FCD53B7B0EB106F8013BE2F742F93A
:10F16000A0EB0800B0F57A7F04F1FF3409D2002C3F
:10F17000E6D12046BB681B06FCD4BDE8F081FF2326
:10F18000E4E70120F6E70220F7E7D0F888301BB16A
:10F19000D0F88C3080301847704700000148FFF7E6
:10F1A000F4BF00BF7840002070B586B0002302ACE9
:10F1B00002930593C4E901338B6805460E4633B1CB
:10F1C000022220469847F3680593B368049394E8B5
:10F1D00003006A4605F1800382E8030093E8030018
:10F1E00084E8030092E8030083E80300049BD5F859
:10F1F0008820C5F88830059B04922046D5F88C20DD
:10F20000C5F88C300592E6F790F83220E2F7A2FDBF
:10F21000322006B0BDE87040E2F756BD10B5044696
:10F220003220E2F75FFDD4F888303BB104F1800171
:10F230000322084698470023C4E9223310BDD0F8C2
:10F240008800003818BF012070473220E2F73CBD2B
:10F250003220E2F747BD3220E2F77CBD08B532200C
:10F26000E2F766FD003818BF012008BD054BD3F852
:10F27000902021B122F40042C3F89020704742F45C
:10F280000042F9E700040058034BD3F8900080F4E3
:10F290000040C0F3C0307047000400584FF0B04346
:10F2A000D3F8942021B142F40042C3F8942070476F
:10F2B00022F40042F9E74FF0B043D3F89400C0F3D2
:10F2C000C0307047024B5869C0F34000704700BF20
:10F2D0000004005813B5094C4FF0FF3300931A4651
:10F2E00019462046FFF78CFC054B63660023C4E9F2
:10F2F0002033C4E9223302B010BD00BF78400020A3
:10F300000000015808B50248E6F70FF808BD00BF35
:10F31000F84000202DE9F84314461D4680468946F2
:10F3200000F04EF9224606460F462B462046294657
:10F33000E1F75CFB78B90022002340464946E1F73B
:10F3400023FBD8B10022002320462946E1F71CFB0D
:10F3500028B1264F002630463946BDE8F8832046BE
:10F36000294600F099F80028F5D0204629460022C9
:10F370000023E1F713FB0028EDD02CE0304639469E
:10F3800000F08AF8A0B10022002330463946E1F7A8
:10F39000FBFA0028DFD04046494600F07DF80028FF
:10F3A000D9D02046294600F077F80028D3D012E0C3
:10F3B0004046494600F070F80028E4D0204629462F
:10F3C00000F06AF80028DED032463B463046394627
:10F3D000E1F70CFB20B903F047F822230360BAE7FA
:10F3E00003F042F821230360B5E700BF0000F03FBF
:10F3F00070B50C46064600F08FFE214605462046B5
:10F40000E1F776FE58B900213046E1F73FFEA0B1A2
:10F4100000212046E1F73AFE18B14FF07E5528460C
:10F4200070BD204600F03EF80028F8D000212046AC
:10F43000E1F736FE0028F2D023E0284600F032F84B
:10F4400080B100212846E1F721FE0028E7D03046B0
:10F4500000F028F80028E2D0204600F023F8002829
:10F46000DDD00EE0304600F01DF80028E9D020463F
:10F4700000F018F80028E4D029462846E1F738FEC5
:10F4800020B902F0F1FF22230360C8E702F0ECFF8D
:10F4900021230360C3E700BF41F0004000F5801066
:10F4A000C00F704720F00040B0F1FF4FACBF00200C
:10F4B000012070472DE9F041C0F3C7557F3D162D5F
:10F4C000044620F0004724DC002D804614DB184F52
:10F4D0002F4138421AD01749E1F73CFB0021E1F7F0
:10F4E000FDFD98B1002C03DD4FF400032B4198443F
:10F4F00028EA0700BDE8F0810E49E1F72BFB002167
:10F50000E1F7ECFD10B1002C0EDB57B92046BDE849
:10F51000F081B7F1FF4FF9D30146E1F71BFBBDE8DE
:10F52000F0814FF07E50F2E74FF00040EFE700BF70
:10F53000FFFF7F00CAF249712DE9F041C0F3C755C2
:10F540007F3D162D044620F0004725DC002D804627
:10F5500014DB184F2F4138421BD01749E1F7FAFA54
:10F560000021E1F7BBFDA0B1002C03DA4FF400034A
:10F570002B41984428EA0700BDE8F0810E49E1F7E5
:10F58000E9FA0021E1F7AAFD18B1002C0CDB0020FC
:10F5900000E02046BDE8F081B7F1FF4FF9D3014606
:10F5A000E1F7D8FABDE8F08117B94FF00040F1E774
:10F5B0000248EFE7FFFF7F00CAF24971000080BFF9
:10F5C0002DE9F04F23F00047044657EA020093B0BC
:10F5D00092469B460D4610D12319824985F400229C
:10F5E00052419842914121D252465B4620462946DB
:10F5F000E0F7ACFD13B0BDE8F08F98467A4B0E46AD
:10F6000021F0004199420091A14614D906F14046EB
:10F6100006F5801656EA0906E6D15346DB1871490D
:10F620008BF4002252419E429141DDD36F4900206C
:10F6300013B0BDE8F08F14D09F42E7D8009B00F0D4
:10F64000B780002E15DB002A40F0A48067498F4266
:10F6500040F0CA83B8F1000FC0F2BF8420462946AB
:10F66000C8E7002CC0D18F42BED800F0F283009BC7
:10F67000E7E75F498F4200F2C6835E498F420DD9AA
:10F680003915A1F2FF31142940F38E84C1F1340100
:10F6900022FA01F000FA01F1914236D0002A45D158
:10F6A000B8F1804F3BD0029220462946049300F0E7
:10F6B0002FFD049BB9F1000F43D0DDF808C0F20F15
:10F6C000013A52EA0C0C00F08A80029C013C224371
:10F6D00014BF464D484D0024B7F1844FCDE906458F
:10F6E00040F28E80454B009A9F42424B40F2E883A5
:10F6F0009A4200F29484B8F1000FC0F29484002082
:10F7000013B0BDE8F04F01F059B900F00100C0F1AD
:10F7100002010291002A3FD1B8F1804FC4D12246A4
:10F720002B4620462946E0F7C7FE63E720462946D8
:10F73000029300F0EDFC029BB9F1000F4FD1CDF820
:10F7400008902A4A26F0404C944502D0009A002A9C
:10F75000B3D1B8F1000F05DA02460B460020234969
:10F76000E0F7D4FF002EBFF645AF009B03F1404AFF
:10F77000029B0AF5801A5AEA030A40F036840246D0
:10F780000B4610461946E0F7DFFC02460B46E0F751
:10F79000BDFF2FE70022029220462946049300F085
:10F7A000B7FC049BB9F1000FCBD0F20F013A8CE704
:10F7B000002A7FF42BAF009B03F1404303F5801335
:10F7C00023433FF433AF0B4B009A9A4240F2DF835E
:10F7D000B8F1000FC0F24984504659460AE7224664
:10F7E0002B46CEE70000F0FF0000F07F0000F03F66
:10F7F000FFFF3F43FFFFEF3F0000F0BF0000F0437B
:10F80000D74A3240002A40F02883D64B0022E0F746
:10F8100053FE6FF034040B461A15A2F2FF3215198D
:10F82000D14A0B95C3F3130343F07F54934244F43E
:10F83000401407DDCD4A934240F3E08301350B9538
:10F84000A4F5801400220023CDE90823CDE910237C
:10F85000C74B0022CDE904230025DDE9042321461E
:10F860008046E0F771FCA146DDE9042306460F4619
:10F8700040462146CDE90C89E0F768FC02460B467C
:10F880000020BB49E0F742FF0A460146CDE90E12CF
:10F890001346394602463046E0F70EFE0A46014658
:10F8A0004FF0000CCDE902121146CDE900016410C1
:10F8B000CDF800C0DDE9008944F0005404F50023D0
:10F8C0000020591904460D4602460B46404649465B
:10F8D000E0F7F2FD02460B4630463946E0F734FCCD
:10F8E000DDE9042306460F4620462946E0F72CFCB6
:10F8F00002460B46DDE90C01E0F726FC42464B468A
:10F90000E0F7DAFD02460B4630463946E0F71CFCCC
:10F91000DDE90E23E0F7D0FDDDE90245CDE9040184
:10F9200022462B4620462946E0F7C6FD7AA3D3E9B6
:10F93000002304460D46E0F7BFFD79A3D3E9002379
:10F94000E0F704FC22462B46E0F7B6FD76A3D3E9A8
:10F950000023E0F7FBFB22462B46E0F7ADFD74A346
:10F96000D3E90023E0F7F2FB22462B46E0F7A4FDA3
:10F9700071A3D3E90023E0F7E9FB22462B46E0F729
:10F980009BFD6FA3D3E90023E0F7E0FB2246064688
:10F990000F462B4620462946E0F78EFD02460B46D1
:10F9A00030463946E0F788FD424604460D464B4650
:10F9B000DDE90201E0F7CAFBDDE90423E0F77CFDA5
:10F9C00022462B46E0F7C2FB424604460D464B4614
:10F9D00040464946E0F770FD664B002206460F465A
:10F9E000E0F7B4FB22462B46CDE90C45E0F7AEFB31
:10F9F00000240D4622462B4640464946E0F75CFD72
:10FA00005C4B80468946002220462946E0F79CFB55
:10FA100032463B46E0F798FB02460B46DDE90C0117
:10FA2000E0F792FBDDE90223E0F746FD22460646B9
:10FA30000F462B46DDE90401E0F73EFD02460B468A
:10FA400030463946E0F782FB06460F4602460B4633
:10FA500040464946E0F77AFB00243BA3D3E9002364
:10FA600020460D46E0F728FD42464B468046894633
:10FA700020462946E0F768FB02460B4630463946E9
:10FA8000E0F762FB32A3D3E90023E0F715FD32A3D0
:10FA9000D3E9002306460F4620462946E0F70CFD31
:10FAA00002460B4630463946E0F750FBDDE91023AD
:10FAB000E0F74CFB06460B980F46E0F793FC324606
:10FAC00004460D463B4640464946CDE90289E0F7EB
:10FAD0003DFBDDE90823E0F739FB22462B46E0F742
:10FAE00035FB002022462B4680468946E0F72CFB5A
:10FAF000DDE90823E0F728FBDDE90223E0F724FB3A
:10FB000002460B4630463946E0F71EFBCDE90201BE
:10FB100032E000BFAFF30080EF4E454A287ECA3F77
:10FB200065DBC9934A86CD3F01411DA96074D13F71
:10FB30004D268F515555D53FFFAB6FDBB66DDB3F83
:10FB4000033333333333E33F000000E009C7EE3FB4
:10FB5000FD033ADC09C7EE3FF5015B14E02F3EBE22
:10FB60000000F07F000040438E98030079B60B0040
:10FB70000000F03F000008400023CDE900AB0093F7
:10FB8000DDE90067594632463B465046E0F7DCFA6D
:10FB900042464B46E0F790FC5B4604460D46524613
:10FBA000DDE90201E0F788FC02460B4620462946C3
:10FBB000E0F7CCFA324604460D463B4640464946FD
:10FBC000E0F77AFC0B46024606460F4620462946D9
:10FBD000E0F7BCFAB44B9942A046A94604460D464C
:10FBE0008B4640F3168101F13F4303F5E0030343E5
:10FBF00040F01F829AA3D3E9002340464946E0F72C
:10FC0000A5FA3246CDE900013B4620462946E0F7F9
:10FC10009BFA02460B46DDE90001E0F7DDFE002815
:10FC200040F007824FF400735B44C3F30A529F4CC9
:10FC3000A2F2FF32C3F31301144141F48011C2F167
:10FC4000140241FA02FA002004EA0301BBF1000F9A
:10FC500002460B4630463946B8BFCAF1000AE0F703
:10FC600073FA02460B4606460F4640464946E0F701
:10FC70006DFA4FEA0A5B0D4600247BA3D3E900230B
:10FC800020462946E0F718FC3246CDE900013B4604
:10FC900020462946E0F758FA02460B4640464946B8
:10FCA000E0F752FA72A3D3E90023E0F705FC72A350
:10FCB000D3E9002306460F4620462946E0F7FCFB21
:10FCC00002460B4630463946E0F740FADDE9008946
:10FCD00006460F4602460B4640464946E0F736FACE
:10FCE00042464B4604460D46E0F72EFA02460B46C6
:10FCF00030463946E0F728FA2246804689462B46A8
:10FD000020462946E0F7D8FB5DA3D3E90023064649
:10FD10000F46E0F7D1FB5CA3D3E90023E0F714FA28
:10FD200032463B46E0F7C8FB59A3D3E90023E0F78E
:10FD30000DFA32463B46E0F7BFFB57A3D3E9002359
:10FD4000E0F702FA32463B46E0F7B6FB54A3D3E9AC
:10FD50000023E0F7FBF932463B46E0F7ADFB0246F5
:10FD60000B4620462946E0F7EFF906460F460246C5
:10FD70000B4620462946E0F79FFB0022CDE9000113
:10FD80004FF0804330463946E0F7DEF902460B4635
:10FD9000DDE90001E0F7BAFC424606460F464B4655
:10FDA00020462946E0F788FB42464B46E0F7CEF96D
:10FDB00002460B4630463946E0F7C6F922462B4646
:10FDC000E0F7C2F902460B4600203949E0F7BCF9DA
:10FDD0000C465C44B4F5801FC0F235812146DDE954
:10FDE0000623E0F769FB05E4B8F1804F3FF497ACD8
:10FDF000304988457FF457AC2046294613B0BDE80A
:10FE0000F04F00F065BE002A00F03381022202921A
:10FE1000C2E4DFF8A4C021F00043634540F2D5807E
:10FE2000264B0B4403430AD132463B46E0F78CF99C
:10FE300042464B46E0F7C6FD00283FF4F3AEDDE94D
:10FE4000060100220023E0F7A9FD003818BF0120B9
:10FE500056E4002A7FF4C8ABB5E40024DCE400BF1C
:10FE6000FE822B654715973C00000000432EE63FBD
:10FE7000EF39FAFE422EE63F396CA80C615C20BED9
:10FE8000D0A4BE726937663EF16BD2C541BDBB3EA0
:10FE90002CDE25AF6A56113F93BDBE166CC1663F7E
:10FEA0003E5555555555C53FFFFF8F400000F0FFAB
:10FEB0000000F03F0000E03FFFCB904000346F3F78
:10FEC0009A42C0F0C480009A8D4B9A424FF00002D3
:10FED00000F2D7808A4BE0F737F97DA3D3E90023FE
:10FEE00004460D46E0F7E8FA7BA3D3E90023064673
:10FEF0000F4620462946E0F7DFFA824B80468946C6
:10FF0000002220462946E0F7D7FA02460B4674A1A4
:10FF1000D1E90001E0F718F922462B46E0F7CCFAC8
:10FF200002460B4600207849E0F70EF92246CDE95B
:10FF300000012B4620462946E0F7BEFA02460B4652
:10FF4000DDE90001E0F7B8FA67A3D3E90023E0F7A1
:10FF5000B3FA02460B4640464946E0F7F5F802463A
:10FF60000B4604460D4630463946E0F7EFF80020D0
:10FF700032463B4680468946E0F7E6F802460B46A5
:10FF800020462946E0F7E0F8CDE90201F4E5B8F1B2
:10FF9000000F4FF000004FF00001BFF62BAB5046B2
:10FFA0000BF10041FFF726BB002A7FF4BFABC1F184
:10FFB000140147FA01F000FA01F1B9426ED050493C
:10FFC0008F423FF447ABFFF76BBB4F4A934274D865
:10FFD000DDE90023934692464EE622462B464849E9
:10FFE0000020E0F793FBFFF705BB029B012B7FF49A
:10FFF00001AB01F100431946FFF7FCBA3CA3D3E97A
:020000040802F0
:100000000023CDE908233CA3D3E90023CDE9102345
:100010003E4B0022CDE904234FF480251DE4B8F1C6
:10002000000F7FF76CAB002013B0BDE8F04F00F07D
:10003000CBBCDDE9060100220023E0F7AFFC00386D
:1000400018BF0120F0E7524600F026FCC7E6DDE9C4
:10005000060100220023E0F7A1FC003818BF0120B0
:10006000B8F1000FBFF64CABDEE700200021FFF730
:10007000C1BAB8F1804F3FF452AB02220292FFF7AF
:1000800013BBDDE906010023E0F788FC003818BF48
:100090000120B8F1000FC7DCFFF732BB184A9742C6
:1000A0003FF4D8AAB8F1804F3FF439AB00F001001B
:1000B000C0F102020292FFF7F7BA1B15A3F2FE335A
:1000C0004FF4801242FA03F3AEE500BFAFF30080B5
:1000D000000000604715F73F44DF5DF80BAE543E6B
:1000E000555555555555D53FFE822B654715F73F5C
:1000F0000000004003B8E23F06D0CF43EBFD4C3E8A
:100100000000F03F0000D03F0000E03F0000F83F5B
:1001100021F00043194670472DE9F04F31F0004AB5
:1001200087B00C46804681460DD180F480094FEAA5
:10013000490919F5000F18D921464046E0F70AFD94
:1001400007B0BDE8F08F20F0004BBBF1FF4F0D462C
:1001500002D8BAF1FF4F0DD9B9F17E5FECD185F429
:1001600080056D0015F5000FE6D84FF07E5007B002
:10017000BDE8F08F00285F46C0F23081BAF1FF4F32
:1001800000F04081BAF17E5F00F07E81B1F1804FD6
:1001900000F0AA810026B5F17C5F40F05381B9F1EF
:1001A000000F404680F2A58100F072FBBBF1FF4FCB
:1001B00000F05D81BBF1000F00F05981BBF17E5F63
:1001C00000F04A814FEAD973013B56EA03020093DB
:1001D00000F09481BAF19A4F40F29881B04B9B4560
:1001E00040F2E482AF4B9B4500F2EC824FF07E512F
:1001F000E0F7AEFCAC498046E0F7B4FDAB49814680
:100200004046E0F7AFFD4FF07A5182464046E0F7B6
:10021000A9FD0146A648E0F79BFC4146E0F7A2FD98
:1002200001464FF07C50E0F793FC41468346404640
:10023000E0F798FD01465846E0F794FD9D49E0F748
:1002400091FD01465046E0F783FC01468046484652
:10025000E0F780FC20F47F6B2BF00F0B49465846EB
:10026000E0F776FC01464046E0F772FC25F47F6734
:10027000009B013E27F00F071E438046394620466B
:100280000CBF8D4E4FF07E56E0F762FC5946E0F70A
:1002900069FD214605464046E0F764FD01462846D3
:1002A000E0F758FC394605465846E0F75BFD014645
:1002B00004462846E0F74EFC0028074680460146E3
:1002C00020F0004240F33D82B2F1864F00F2CA8234
:1002D00000F0AA82B2F17C5F00F2CC824FF00008FD
:1002E000474621F47F6A2AF00F0A74495046E0F726
:1002F00039FD214681465046E0F72AFC0146284652
:10030000E0F726FC6E49E0F72DFD6E4904465046A5
:10031000E0F728FD01462046E0F71CFC04460146B4
:100320004846E0F717FC49460546E0F711FC014650
:100330002046E0F70DFC294681462846E0F712FDED
:1003400061490446E0F70EFD6049E0F701FC2146F3
:10035000E0F708FD5E49E0F7FDFB2146E0F702FD0E
:100360005C49E0F7F5FB2146E0F7FCFC5A49E0F771
:10037000F1FB2146E0F7F6FC01462846E0F7E8FBF2
:10038000044601462846E0F7EDFC4FF080418246E6
:100390002046E0F7DDFB01465046E0F797FD494671
:1003A00004462846E0F7DEFC4946E0F7D3FB014669
:1003B0002046E0F7CDFB2946E0F7CAFB01464FF0A7
:1003C0007E50E0F7C5FB03464344B3F5000FC0F28F
:1003D000F58118463146E0F7C5FCB1E6BAF1974F12
:1003E00019D2BAF17E5F1BD2B1F1804F7CD0B1F14E
:1003F0007C5F26D100F04CFABBF1FF4F3FF4A0AE7A
:100400000026D7E6BBF17E5F3FF4AFAE42D9002DA8
:100410003EDB204694E6BAF1FF4FF3D00226BAE65F
:100420004FEAEA52C2F196024AFA02F101FA02F2E6
:10043000524500F07381BAF17E5F25D0B4F1804F50
:1004400052D00026404600F023FABBF1FF4F03D004
:10045000BBF1000F7FF4B2AE002D04DA01464FF07D
:100460007E50E0F733FDB9F1000FBFF669AEABF196
:100470007E5B5BEA060B40F05E810146E0F768FBBD
:100480000146E0F723FD5BE6002D27DB404657E6FB
:10049000002055E6002DFBDA04F1004050E600BFD5
:1004A000F3FF7F3F0700803F00AAB83F70A5EC36FE
:1004B000ABAAAA3E3BAAB83F000080BF0072313F02
:1004C0001872313F8CBEBF354CBB31330EEADD357F
:1004D00055B38A38610B363BABAA2A3E41464FF0F2
:1004E0007E50E0F7F3FC2BE641464046E0F73AFC4D
:1004F00026E607B0BDE8F04F00F0D8BB41464046C5
:10050000E0F726FB0146E0F7E1FC19E619F0FF4FA2
:1005100040F04A814FF09741E0F724FC6FF017015B
:100520000746FA157F3A0A44AF490192C7F316030A
:100530008B4243F07E5707DDAC498B4240F34A8142
:1005400001320192A7F50007002305934FF07E5B6F
:1005500004934FF0000859463846E0F7F9FA594637
:1005600081463846E0F7F6FA01464FF07E50E0F754
:10057000ADFC014603904846E0F7F4FB7A1042F0E8
:10058000005202F58022424420F47F6828F00F08D0
:100590001146BA46074640460292E0F7E3FB0146A1
:1005A0004846E0F7D5FA029A814659461046E0F7E8
:1005B000CFFA01465046E0F7CBFA4146E0F7D2FBCE
:1005C00001464846E0F7C4FA039B1946E0F7CAFB28
:1005D000394683463846E0F7C5FB85498146E0F752
:1005E000C1FB8449E0F7B6FA4946E0F7BBFB824914
:1005F000E0F7B0FA4946E0F7B5FB8049E0F7AAFA20
:100600004946E0F7AFFB7E49E0F7A4FA4946E0F738
:10061000A9FB7C49E0F79EFA494682464846E0F746
:10062000A1FB01465046E0F79DFB41468146384616
:10063000E0F790FA5946E0F795FB4946E0F78AFA69
:10064000414682464046E0F78DFB6F490290E0F755
:1006500081FA5146E0F77EFA20F47F6929F00F090C
:1006600049464046E0F77EFB674980464846E0F74A
:100670006FFA0299E0F76CFA01465046E0F768FA23
:100680003946E0F76FFB494682465846E0F76AFB79
:1006900001465046E0F75EFA834601464046E0F7E1
:1006A00059FA20F47F6A2AF00F0A58495046E0F7B9
:1006B00059FB414681465046E0F74AFA0146584602
:1006C000E0F746FA5249E0F74DFB52498046504662
:1006D000E0F748FB01464046E0F73CFA0499E0F7B2
:1006E00039FA80460198E0F7E9FA414682464846E1
:1006F000E0F730FA059F3946E0F72CFA5146E0F76B
:1007000029FA20F47F6B2BF00F0B51465846E0F787
:100710001FFA3946E0F71CFA4946A1E5BAF17E5FB7
:100720003FF4B2AEB4F1804F3FF4DEAE01F0010110
:10073000C1F1020686E6012E7FF402AD00F1004011
:10074000FEE4354B9A4200F297807FF4C3AD214618
:10075000E0F7FEF92946E0F7B7FC002840F08C806E
:1007600086227E3A4FF40003134143442B49C3F3DE
:10077000C7527F3AC3F31607114147F40007C2F18D
:1007800017021741B8F1000F01EA0301B8BF7F4219
:100790002046E0F7DDF9014604462846E0F7DAF99D
:1007A0004FEAC75801469CE50021BAE6002D0BDB55
:1007B000002007B0BDE8F04F00F082B9394600F0E4
:1007C00009F907E6002DF3DD002007B0BDE8F04F82
:1007D00000F07AB9124B0593124B04934FF07F5BF4
:1007E0004FF40018B7E600BF71C41C00D6B35D001B
:1007F00042F1533E55326C3E05A38B3EABAAAA3E56
:10080000B76DDB3E9A99193F000040400038763FB3
:100810004F38763FA0C39D3600001643000080FF8E
:1008200000C0153FDCCFD13517492846E0F792F9D3
:10083000214681463846E0F78BF901464846E0F705
:100840004DFC78B907F50043DA1510497F3A11419C
:100850001940C3F31603C2F1170243F4000343FA2D
:1008600002F795E700213046E0F71AFC003818BF80
:100870000120AAE7D21574E700213046E0F710FC0A
:10088000003818BF012094E73CAA3833000080FFED
:1008900020F00040704700BF70B51646C1F30A5201
:1008A00004460D460B465ABB21F00043034326D0B5
:1008B0002D4B0022DFF700FE2C4B9E4204460D46D6
:1008C00043DBC1F30A520B46363A4CF250318E42AA
:1008D0001EDC164440F2FE72964219DC002E23DC28
:1008E00016F1350F28DB23F0FF4323F4E0033636FF
:1008F00043EA065120461E4B0022DFF7DDFD70BDA6
:1009000040F2FF7C6245E0D10246DFF71FFC70BD7C
:1009100011A3D3E90023ED0F1C4665F3DF742146D4
:100920001448DFF7C9FD70BD23F0FF4323F4E00353
:10093000204643EA065170BD05F0004343F0D271F2
:1009400041F4B7310C4841F01F0105A3D3E900235E
:10095000DFF7B2FD70BD00BF9C7500883CE4377EB8
:1009600059F3F8C21F6EA50100005043B03CFFFFD1
:100970000000903C9C75008859F3F8C2D0B506463B
:100980000F46144601F070FD0346394630461C60A0
:10099000D0BD00BF10B5044682B0104619460CB158
:1009A00003F10043CDE90023DDE90023DFF784FDF7
:1009B000222202B0BDE81040FFF7E0BF00224FF056
:1009C0008053FFF7E7BF00BF00224FF0E043FFF77F
:1009D000E1BF00BF10B50C4630F0004103461DD00A
:1009E000B1F1FF4F1BD210F0FF4F02461BD14FF069
:1009F0009841E0F7B7F9204A944203462CDBC0F354
:100A0000C75102464CF250308442A1F1190110DD69
:100A10001A49184661F31E00E0F7A4F910BD01461B
:100A2000E0F798F810BD4CF2503084424FEAD151B3
:100A3000EEDC2144FE29EBDC002911DC11F1160F5C
:100A400013DB01F1190022F0FF424FF04C5142EA52
:100A5000C050E0F787F910BD0949E0F783F910BDF0
:100A600022F0FF4242EAC15010BD0549184661F329
:100A70001E00E0F777F910BDB03CFFFFCAF24971E4
:100A80006042A20D38B505460C4601F0EDFC034668
:100A900028461C6038BD00BF08B540B101F10040D8
:100AA000E0F760F9BDE808402221FFF7EBBF0846F8
:100AB000E0F758F9BDE808402221FFF7E3BF00BF87
:100AC0004FF08051FFF7E8BF4FF0E041FFF7E4BF80
:100AD0002DE9F84F724F8F4304460D4600F0B28067
:100AE00000290B460646024655DD081500F09B809E
:100AF000C3F31303C107A0F2FF3743F4801303D4F9
:100B0000D10F01EB430352005B00002603EBD273CD
:100B10007F1052001624B4464FF400110CEB010074
:100B2000984203DC1B1A01EB000C0E445B00013CF5
:100B300003EBD2734FEA51014FEA4202EED1A046D5
:100B400020254FF000400AE039D0590001EBD27166
:100B5000013D0B464FEA42024FEA50003BD09C4514
:100B600008EB000EF0DABEF1000F0EEB00080CDB14
:100B7000E146A3EB0C01964588BF01F1FF31490026
:100B8000CC46A2EB0E020444E0E7B8F1000FEFDB25
:100B90000CF10109EDE721F0004707433DD00029A2
:100BA00073D1D10A153B52050029FAD0CD0218465F
:100BB00016460B4637D520244FF0FF313EE09645D0
:100BC00002D94FEA4C01C1E7BEF1000F0EEB00085D
:100BD00025DB0021D5E7114312D0DFF8C8A0DFF8EC
:100BE000C8B0DAE90001DBE90023DFF7ADFADAE9A2
:100BF000008902460B4640464946DFF7D9FE58BBFE
:100C00006508731003F17F53F20703F5001348BF23
:100C100045F0004503EB07512846BDE8F88FB8F1D1
:100C2000000FB5DAD5E700225B00DC02114602F1C5
:100C30000102F9D5C2F1200406FA02F2E640401A98
:100C4000334355E702460B46DFF736FC22462B4678
:100C5000DFF77CFABDE8F88FB4F1FF3FDAE9000175
:100C6000DBE9002318D0DFF771FADAE900890246E0
:100C70000B4640464946DFF791FE78B1A11C04F1CE
:100C8000020508BF01366D08BBE7DFF75DFA0246D3
:100C90000B46DFF73BFDC0E70136B2E70134AFE7B3
:100CA0000000F07F780100207001002020F0004259
:100CB000B2F1FF4F2DE9F041044654D2002A50D042
:100CC0000028034657DB14F0FF4F4FEAE05009D1EC
:100CD00014F400025BD15B001C02114602F1010218
:100CE000F9D5401AC3F3160242F40002C307A0F17B
:100CF0007F0558BF520000246D1052004FF0190EAE
:100D000021464FF0807C01EB0C039342DDBF03EBE7
:100D10000C016444D31A1346BEF1010E4FEA43029C
:100D20004FEA5C0CEFD1BBB11A4E1B4F30683968EB
:100D3000D6F80080DFF70CFF01464046E0F7BAF92D
:100D400050B1306839683668DFF704FF0146304635
:100D5000E0F7A6F9B8B10234601000F17C5000EB66
:100D6000C550BDE8F0810146DFF7FCFF2146DFF703
:100D7000F1FEBDE8F0810146DFF7EAFE0146E0F74B
:100D8000A5F8BDE8F081013424F00104E4E74FF058
:100D9000FF31A6E7840100208001002008B506206D
:100DA00001F0F0FA0120E5F7C1FF002100F084BF57
:100DB0000A22002101F062B8024B0146186800F0D7
:100DC0002DB800BF00030020024B0146186801F057
:100DD000B7BB00BF0003002070B50F4E0C46316852
:100DE000054611B901F01EFB30602146284601F08E
:100DF00019FB431C03D14FF0FF34204670BDC41CC7
:100E000024F00304A042F8D0211A284601F00AFB7E
:100E10000130F2D1EFE700BF084100202DE9F8438F
:100E2000CD1C25F0030508350C2D38BF0C25002DF1
:100E3000064601DBA94204D90C2333600020BDE83B
:100E4000F883DFF8D48000F069F8D8F800301C4649
:100E500044BB29463046FFF7BFFF431C044658D128
:100E6000D8F800402746002F43D1002C4BD02368F0
:100E70003946304604EB030901F0D4FA814542D1EA
:100E800021686D1A29463046FFF7A6FF01303AD097
:100E900023682B442360D8F800305A6862BBC8F836
:100EA00000700FE02268521B20D40B2A17D9611959
:100EB000A342256018BF5960636808BFC8F80010D6
:100EC00062514B60304600F02FF804F10B00231DF7
:100ED00020F00700C21A1CBF1B1AA350AFE76268BC
:100EE000A3420CBFC8F800205A60EBE723466468B1
:100EF000AEE73C467F68B6E71A465B68A342FBD183
:100F000000235360DEE70C233360304600F00CF81A
:100F100094E70560D6E700BF0C410020014801F0CE
:100F2000CEBA00BF50420020014801F0C9BA00BF4C
:100F30005042002038B5104B1D682B6B0446B3B9E6
:100F40001820FFF739FF0246286320B90B4B0C48E5
:100F5000462101F0D7FA0B490B4BC0E900130B4BAC
:100F600083600B23838100210120C2E904012B6BE4
:100F700000221C615A6138BD0003002013EA0208F8
:100F80002AEA02080E33CDAB34126DE6ECDE050022
:100F9000164B10B51C68236BB3B91820FFF70CFF74
:100FA0000246206320B9124B1248522101F0AAFADE
:100FB0001149124BC0E90013114B83600B2383814D
:100FC00000210120C2E90401216B0E480B694C6924
:100FD0000D4A584302FB0400A3FB0232013340EBED
:100FE0000200C1E9043020F0004010BD00030020E1
:100FF00013EA02082AEA02080E33CDAB34126DE67A
:10100000ECDE05002DF451582D7F954C024B0A461D
:101010000146186800F002B8000300202DE9F041F5
:10102000804615460C4621B9BDE8F0411146FFF750
:10103000F5BE2AB901F084FA00242046BDE8F0810B
:1010400002F0BEFA8542064602D8B5EB500FF4D83E
:1010500029464046FFF7E2FE07460028ECD0B5429D
:101060002A46214628BF324601F033FA214640463F
:1010700001F066FA3C46E0E72DE9F0410F46904664
:1010800002F068F904460D46B8F1000F11D0C7F31D
:101090000A53C3F16B03002B0BDD1B0503F17F55D6
:1010A000002405F5401522462B46DFF705FA0446D5
:1010B0000D4620462946BDE8F081000000000000F2
:1010C0002DE9F04F9DB082460E92002218920C46F8
:1010D0004FF000084FF000090A46179211782B29AB
:1010E0003BD02CD80D2926D8082926D800292FD066
:1010F00000220C92179D2A78302A7BD16A7802F060
:10110000DF02582A6CD102930C9B019318AB009319
:10111000884A19AB17A9504601F0C2FA10F00F0621
:1011200004463ED0062E1AD10E9B0BB101351D6030
:101130004046494640E02029DAD10132CDE72D2949
:10114000D6D101210C91511C17915278002AD1D18E
:101150000E9B002BECD01C60EAE70021F2E7189A06
:101160003AB135211AA802F0E7F91899504601F072
:10117000BBFD013E199A042E06D8DFE806F02003D5
:10118000292C2000DDE91A89E10548BF49F0004912
:1011900029F000431B0D1B051BB901F065F9222343
:1011A00003600E9B13B10E9A179B13600C9B002BD0
:1011B000BED0404609F100411DB0BDE8F08FDDE929
:1011C0001A8302F2334223F4801343EA0259DBE725
:1011D000DFF86491D8E76FF000494FF0FF38D3E7AC
:1011E000179B5A1C17925B78302BF9D0002BD8D064
:1011F000012300E000230027CDE905770493179B26
:101200000A930A2217980578A5F13003D9B2092963
:1012100024D94A49012201F042F800282DD00020AB
:101220002A46059D83460346652A01D0452A13D1E7
:101230001DB9049A02438BD00025179C621C17929B
:1012400062782B2A6DD02D2A71D04FF0000CA2F1BC
:101250003001092978D91794002696E005990829C4
:10126000DDBF069902FB0133069302FB0737059B9E
:101270000130013305931790C4E7179B5A1C17924E
:101280005A78059BABB383461D46A2F13003092B68
:1012900012D90123C8E7179B5A1C17925A780130BC
:1012A000302AF8D0A2F13103082B00F2EA84179B10
:1012B0000A93834600200546303A00F1010312D01C
:1012C0009B4400EB050C2B460A219C4513D12B189F
:1012D000082B05F10105054419DC06990A2303FBD7
:1012E000012306930023179A511C17915278184630
:1012F000CBE70598D4E7082B03F1010303DC069E36
:101300004E430696E1E7102BD8BF4F43DDE70F2B86
:10131000DCBF0A2303FB0727E4E74FF0000B0123A0
:1013200087E74FF0000CA21C1792A2788FE74FF0CE
:10133000010CF8E7C0EA02080000F07F036F020822
:10134000179A511C17915278302AF9D0A2F1310125
:10135000082981D8303A0792179A0D92179A561C8D
:1013600017965278A2F1300EBEF1090F38D90D99B7
:10137000761A082E44F61F6603DC07998E42A8BF32
:101380000E46BCF1000F00D07642002D4FD10499DB
:1013900008437FF406AF002B7FF4DAAE692A29D028
:1013A00026DC492A26D04E2A7FF4D2AE9C4917A8C3
:1013B00001F098FB00283FF4CBAE179B1B78282B3D
:1013C0002FD198491AAA17A801F0A0FB052828D107
:1013D0001B9BDDF8688043F0FF4949F4E009E0E633
:1013E000079E0A2101FB0621A1F130020792B5E711
:1013F0006E2AD9E78C4917A801F074FB00283FF446
:10140000A7AE179B8949013B17A8179301F06AFB08
:1014100010B9179B01331793DFF814924FF00008AF
:10142000BFE6844801F064F880468946B9E6A6EB39
:101430000B030F93059B0698002B08BF2B46102D1E
:1014400005932C46A8BF1024DEF7BCFF092D80466B
:10145000894614DCA6EB0B03002B3FF4A2AEA6EBEF
:101460000B0379DD162B45DC0F9B734901EBC301A0
:10147000D1E9000142464B46DFF71EF8D4E76E4B38
:1014800003EBC40353E91223DFF716F8804638460E
:101490008946DEF797FF02460B4640464946DEF78F
:1014A00055FE0F2D80468946D4DD2C1BA6EB0B0381
:1014B0001C44002C26DC00F0A380644214F00F02D0
:1014C0000AD05D4B03EBC20340464946D3E90023F3
:1014D000DFF71CF980468946241100F091801F2C0B
:1014E00040F3B28022234FF000084FF00009CAF801
:1014F000003056E6C5F12503A6EB0B02934219DA3C
:101500002C1B144414F00F030AD04B4901EBC30108
:1015100042464B46D1E90001DEF7CEFF80468946C0
:1015200034F00F046CD0B4F59A7F41DD2223CAF861
:10153000003071E7404CC5F10F0504EBC501424690
:101540004B46D1E90001DEF7B7FF0F9B5D1B04EBB3
:10155000C504D4E900238FE71633A6DB364BABEB8B
:10156000060203EBC203D3E9002340464946DFF7F6
:10157000CDF859E7002306932223DFF8B490CAF888
:1015800000304FF000081899504601F0ADFB069965
:10159000504601F0A9FB0599504601F0A5FB1099B2
:1015A000504601F0A1FB0799504601F09DFBF8E57C
:1015B0000023224F0493241140464946012C22DC8B
:1015C0000BB180468946049B1C49A9F1547901EB73
:1015D000C30142464B46D1E90001DEF76DFF144BD3
:1015E0000A460B4016498B4280469FD8A1F58011D0
:1015F0008B4286BFDFF84C904FF0FF3802F15479F0
:10160000002304934BE0E20704D5D7E90023DEF77B
:1016100053FF0123049A0132049264100837CDE786
:10162000A8EA0208ACEA02089FEA0208A2EA020855
:101630000000F07F12EA020880ED020858ED02086F
:101640000000A07CFFFFEF7F14F0100318BF6A2397
:10165000AB4F0493404649460023E20704D5D7E93F
:101660000023DEF729FF0123641007F10807F4D1F6
:101670000BB180468946049B43B1C9F30A52C2F1BB
:101680006B03002B494650DC6A230493002200239D
:1016900040464946DFF778F900287FF423AF069BE0
:1016A0000093059A0A992B46504601F085FB10904D
:1016B00000283FF43BAF0F9BABEB060B002BB4BFF6
:1016C0005B46002311930F9B23EAE37315930023DA
:1016D00007930593109B5046596801F0C5FA069090
:1016E00000283FF449AF109B1A69023203F10C0144
:1016F00092000C3000F0EDFE1AAB019319AB009391
:1017000042464B465046CDE90A8901F08DFE1890BD
:1017100000283FF431AF0121504601F0E7FB05906E
:101720000346D0B90023059326E71F2B0EDD342B8B
:10173000DEBF4FF0FF33C2F14B0293404FF0000881
:10174000CCBF4FF05C7903EA01099DE74FF0FF320F
:1017500002FA03F303EA080896E7199C1A9A002C88
:10176000ABBF119B159B159E119FACBFE7181E1BAD
:10177000049BE41A1444634B013C9C42C2F13602C0
:1017800080F2B2801B1B1F2BC2BFC4F17F4404F543
:101790007F0404F57B444FF00105C8BFE234A2EB9F
:1017A0000302DABF9D40002405FA04F407EB020BA4
:1017B000049B5F4516441E443B46A8BF5B46B342AC
:1017C000A8BF3346002BC2BFABEB030BF61AFF1AC0
:1017D000119B002B16DD05991A46504601F046FC78
:1017E000059000289ED00146189A504601F094FBBF
:1017F0000D9000283FF4C0AE1899504601F074FADD
:101800000D9B1893BBF1000F71DC0F9B002B08DDC3
:10181000159A0699504601F029FC069000283FF4DD
:10182000A9AE002E08DD06993246504601F078FC3C
:10183000069000283FF49EAE002F08DD05993A4639
:10184000504601F06DFC059000283FF495AE069AD5
:101850001899504601F0ECFC079000283FF48CAE3C
:10186000C3680D9300230599C36001F0C5FC0028EF
:101870004ADA0D9B53EA080340F0BC80C9F3130316
:10188000002B40F0B78029F000431B0D1B05B3F17E
:10189000D66F40F2AF80079B5B6923B9079B1B693A
:1018A000012B40F3A78007990122504601F038FC34
:1018B0000599079001F0A0FC002840F39B8029F0D7
:1018C0000043049A1B0D1B05002A79D0B3F1D66F93
:1018D0006DD8B3F15C7F45D84FF000084FF0000998
:1018E0002223CAF800304EE6002401255EE718994D
:1018F0005A46504601F014FC1890002885D13BE66A
:10190000D8EA020802FCFFFFCB4640F0A4800D9A03
:10191000C9F31303002A41D0974A934259D1049B3B
:1019200042467BB9B8F1FF3F40F08A80934B99451E
:101930003FF422AE924BDDF8108009EA030303F571
:10194000801920E68E4B09EA0303B3F1D46F17D94F
:1019500018F101011CD1894A91453FF40DAE03F500
:1019600080198046874B404649460022DEF7A4FD99
:10197000834B0B4080468946002B7FF404AEAFE7D3
:101980001E0DC6F16B064FF0FF31B1408845E6D021
:10199000002C5ED014EA0B0FE4D01EE0002B4AD1DD
:1019A000B8F1000F8BD064B314EA0B0F2BE0A3F552
:1019B00080136FEA13596FEA09594FF0FF38D1E7E6
:1019C000A3F580136FEA13596FEA09594FF0FF38F6
:1019D000D9E59CB114EA090F0CD0049A4046494657
:1019E000FFF74AFB02460B46DDE90A01DEF7AEFBD4
:1019F00080468946049B002BB4D1C4E515EA080F44
:101A0000EAE718EA050FF5D0049A40464946FFF781
:101A100033FB02460B46DDE90A01DEF795FB0022A7
:101A2000002304460D46DEF7AFFF00287FF454AFD5
:101A3000A046A946DEE7002CB6D115EA080FE2E77A
:101A400024B114EA090F3FF49EADC6E718EA050F6A
:101A5000F9E72A42A0E70599079801F03DFD002229
:101A60004FF0804304460D46DEF7A2FF00286DD0FC
:101A70000D9B002B78D1B8F1000F56D1C9F3130399
:101A8000002B59D1404B002220462946DEF786FF25
:101A9000002858D1204629463C4B0022DEF70CFD99
:101AA00004460D4605F1004308940993344B344A2B
:101AB0000BEA03031493364B0BEA02029A42DDE968
:101AC000086740F09F80ABF154794046494601F0E9
:101AD00041FCDDE90823DEF7EFFC42464B46DEF72A
:101AE00035FB0B4626492B4A19409142804655D971
:101AF0000B9A224B9A4203D10A9B01333FF43CAD2F
:101B0000DFF878904FF0FF381899504601F0ECF864
:101B10000699504601F0E8F80599504601F0E4F8BE
:101B20000799504601F0E0F8D4E5B8F1010F03D170
:101B3000B9F1000F3FF4D0AE174C134D0023CDE99F
:101B400008340024B2E7114D0024ABE70F4B2046C8
:101B500029460022DEF7B0FC0D9B04460D46002B03
:101B6000A0D0CDE90845A1E7074C0023CDE9083412
:101B700025461C469AE700BFFFFF0F00FFFFEF7FDF
:101B80000000F07F000050390000F03F0000E03F0F
:101B90000000E07FFFFF9F7C0000F0BF03F154795D
:101BA000049B4E46002BAFD129F00043149A1B0D25
:101BB0001B059A42A8D12046294602F02DFBDEF7EC
:101BC0004DFC0B46024629462046DEF7BDFAC9F316
:101BD00013060D9B46EA08061E4304460D464AD0EE
:101BE0002DA3D3E90023DEF7D9FE00287FF4CBAC88
:101BF0002BA3D3E9002320462946DEF7EDFE00287B
:101C000082D0C0E4049B13B3149BB3F1D46F1ED8ED
:101C100025A3D3E9002320462946DEF7C9FE90B16B
:101C200029462046DEF720FF012838BF0120DEF7D5
:101C3000C9FB0D9B04460D46D3B901F10043129038
:101C40001393DDE91267149A07F1D6639F1ADDE951
:101C50000A0101F07FFB02460B4630463946DEF7AB
:101C60002BFCDDE90A23DEF771FA8046894697E707
:101C7000CDE91245E5E70EA3D3E90023DEF78EFE9A
:101C8000BDE7652A3FF449AB452A3FF446AB012343
:101C9000FFF77DBBAFF300809535A094FFFFDF3FDA
:101CA00035E5AF350000E03F0000C0FFFFFFDF413A
:101CB0009535A094FFFFCF3F0A4601460248034BEB
:101CC0000068FFF7FDB900BF000300209401002069
:101CD0002DE9F843244D254B0A4601462868FFF7B5
:101CE000EFF902460B4606460F46DEF77FFE68B167
:101CF000002F1F4806DA00F001FC00F100442046E6
:101D0000BDE8F883BDE8F84300F0F8BB394630463B
:101D1000DEF7CAFE20F00048044616494046DFF7C9
:101D2000E7F9B0B913494046DFF7C4F988B927F09D
:101D30000049114B4FF0FF3230464946DEF756FE60
:101D400070B90D4B4FF0FF3230464946DEF730FE9A
:101D500030B914F0FF4FD2D1084B3B40002BCED00E
:101D60002B6822221A60CAE7000300209401002099
:101D700012EA0208FFFF7F7FFFFFEF7F0000F07F86
:101D8000242B2DE9F0478646904601D8012B06D139
:101D900000F06AFB162303600020BDE8F087364898
:101DA0000D462A4615F8014B065D16F00806F8D1D7
:101DB0002D2C24D12C780126951C2BBB302C30D017
:101DC0000A2306F1004C0CF1FF3C0022BCFBF3F9A6
:101DD000104603FB19CAA4F13007092F28D83C4646
:101DE000A34234DD571C07D081452DD301D1A24534
:101DF0002ADB00FB0340012215F8014BEBE72B2CFB
:101E000004BF2C78951CD8E7102BDAD1302CD8D110
:101E10002A7802F0DF02582AD3D16C7810230235D9
:101E2000CFE72B7803F0DF03582BF6D00823C8E761
:101E3000A4F14107192F01D8373CD1E7A4F161077C
:101E4000192F04D8573CCBE74FF0FF32D4E7531C8F
:101E500008D12223CEF800306046B8F1000F9CD0A4
:101E6000691E06E006B14042B8F1000F95D0002A85
:101E7000F6D1C8F8001090E701EB020813460A46B5
:101E8000014602480068FFF77BBF00BF0003002047
:101E9000002310B50446C0E90033C0E90433836071
:101EA00081814366C2818361194608225C3000F05B
:101EB000D0F90D4B63620D4BA3620D4BE3620D4BEA
:101EC00023630D4B24629C4206D003F168029442C6
:101ED00002D0D0339C4205D104F15800BDE8104037
:101EE00000F0ECBA10BD00BFBD200208DF200208E0
:101EF000172102083B21020810410020024A034931
:101F0000034800F069B800BF88010020CD3C0208FA
:101F10000403002041680C4B994210B5044601D0DF
:101F200001F0D4FEA168094B994202D0204601F08D
:101F3000CDFEE168064B994204D02046BDE8104032
:101F400001F0C4BE10BD00BF104100207841002048
:101F5000E041002010B50B4B0B4C0C4A1A60204698
:101F600000220421FFF794FF04F1680001220921F7
:101F7000FFF78EFF04F1D0000222BDE810401221CD
:101F8000FFF786BF4842002010410020FD1E0208D6
:101F9000014800F094BA00BF51420020014800F00F
:101FA0008FBA00BF5142002010B50446FFF7F0FF82
:101FB000236A1BB1BDE81040FFF7F0BF044B23625A
:101FC000044B1B68002BF5D1FFF7C4FFF2E700BFFD
:101FD000151F0208484200202DE9F84307468846AD
:101FE00014460026D4E90195B9F1010905D5246804
:101FF000002CF7D13046BDE8F883AB89012B07D917
:10200000B5F90E30013303D029463846C0470643A0
:102010006835E9E70CB430B5174B0C1E1D689DB050
:1020200008DA8B232B604FF0FF301DB0BDE8304045
:1020300002B070474FF40273ADF8143014BF04F1CE
:10204000FF332346049307934FF6FF7302900690E5
:10205000ADF81630209A21AB02A92846019301F071
:102060001FFB431CBCBF8B232B60002CDDD0029BCD
:1020700000221A70D9E700BF000300200EB400B59B
:102080009CB01DAB029006906FF00041094807918B
:102090000491094953F8042B05910068019302A9A2
:1020A00001F0FEFA029B00221A701CB05DF804EBEE
:1020B00003B07047000300200802FFFF10B50C4674
:1020C000B1F90E1000F088F90028ABBF636DA38949
:1020D0001B1823F48053ACBF6365A38110BD2DE9A9
:1020E000F0411F468B89DB0505460C46164605D593
:1020F000B1F90E100223002200F05CF9A389B4F9B3
:102100000E1023F48053A38132463B462846BDE897
:10211000F04100F097B910B50C46B1F90E1000F07F
:1021200049F9431CA38915BF606523F4805343F428
:102130008053A38118BFA38110BDB1F90E1000F028
:1021400029B9F0B5ADF5057D0E4604AF4FF4007129
:10215000039100933946134603AA054600F020F880
:10216000044680B10246039B3146284600F06AF9D6
:10217000BC42039003D02146284600F0E1F90398C1
:102180000DF5057DF0BD4FF0FF30F9E713460A4627
:10219000014602480068FFF7D4BF00BF00030020DB
:1021A00030B515469BB02C681A46D9B1002C19D011
:1021B0004FF4C16300910491ADF80C30214619DB56
:1021C0004FF6FF7302910591ADF80E3069461E9BE4
:1021D00001F066FA00280FDB009B286000221A70CD
:1021E00004980AE000214FF42273ADF80C300091FE
:1021F0000491E5E78B23036000201BB030BD10B5D0
:1022000001390244904201D1002005E0037811F821
:10221000014FA34201D0181B10BD0130F2E78842E4
:1022200010B501EB020402D98442234607D8431EAD
:10223000A14208D011F8012B03F8012FF8E702445E
:1022400001468A4200D110BD13F8014D02F8014D3C
:10225000F7E702440346934200D1704703F8011B9D
:10226000F9E7C9B20346184613F8012B12B18A42A6
:10227000F9D17047002918BF0020704770B5034698
:102280001E4613F8014B44B14A1E01E0A54204D09A
:1022900012F8015F002DF9D1F2E7301A70BD10B5C8
:1022A0006AB10139841810F8012B11F8013F9A42E4
:1022B00003D1A04201D0002AF5D1D01A10BD10469A
:1022C000FCE710B50139034632B111F8014F03F8AC
:1022D000014B013A002CF7D11A440021934200D15E
:1022E00010BD03F8011BF9E738B511F0FF040346F0
:1022F0000ED12146BDE83840FFF7B3BF431C054669
:1023000021461846FFF7ADFF0028F7D1284638BD13
:102310000025F5E770B503461E4613F8014B3CB1A6
:102320004A1E01E0A542F7D012F8015F002DF9D155
:10233000301A70BD1F2938B505460C4604D916233E
:1023400003604FF0FF3038BDC26B12B152F821303C
:102350004BB9284600F064F8224601462846BDE8FD
:10236000384000F04BB8012B0AD0591C03D116237A
:1023700003600120E7E7002142F824102046984737
:102380000020E0E7024B01461868FFF7D3BF00BF0B
:102390000003002038B5064D0023044608462B6094
:1023A000E4F7B6FC431C02D12B6803B1236038BDAF
:1023B0004C42002038B5074D04460846114600221D
:1023C0002A601A46E4F7AEFC431C02D12B6803B125
:1023D000236038BD4C42002038B5074D04460846FE
:1023E000114600222A601A46E4F79EFC431C02D1E3
:1023F0002B6803B1236038BD4C42002038B5074D2F
:1024000000230446084611462B60E4F791FC431C68
:1024100002D12B6803B1236038BD00BF4C420020BD
:10242000E4F78EBC38B5064D0023044608462B6001
:10243000E4F750FC431C02D12B6803B1236038BD84
:102440004C42002038B5074D04460846114600228C
:102450002A601A46FBF7BCFD431C02D12B6803B16E
:10246000236038BD4C420020014B1868704700BF04
:102470000003002070B50D4D0D4C641BA410002608
:10248000A64209D10B4D0C4C01F0FCFE641BA410BC
:102490000026A64205D170BD55F8043B9847013689
:1024A000EEE755F8043B98470136F2E784EE020860
:1024B00084EE020884EE0208BCEE02087047704702
:1024C0007047034611F8012B03F8012B002AF9D1BC
:1024D00070470A44914200F1FF3300D1704710B5B4
:1024E00011F8014B03F8014F9142F9D110BD0000E2
:1024F00001490020704700BF0000F87F0048704786
:102500000000C07F1FB514461A46094B1B680546DC
:10251000D86854B9074B1C46CDE9013400912B46CD
:10252000054901F0FBFBFEF739FC044BF4E700BF63
:102530000003002012EA020814EC020807EC02086B
:1025400038B50546002941D051F8043C0C1F002B3A
:10255000B8BFE418FEF7E2FC1D4A136833B96360A4
:1025600014602846BDE83840FEF7DEBCA34208D917
:10257000206821188B4201BF19685B680918216027
:10258000EDE71A465B680BB1A342FAD911685018FF
:10259000A0420BD120680144501883421160E0D161
:1025A00018685B68536008441060DAE702D90C23AE
:1025B0002B60D6E7206821188B4204BF19685B683E
:1025C000636004BF091821605460CAE738BD00BFCA
:1025D0000C4100200369B3EB611F2DE9F0434FEA82
:1025E000611204DC002303610023436130E000F149
:1025F000140411F01F0104EB830604EB82050CD1D7
:1026000000F110072946B14230D39B1A9B00EA1E05
:10261000964238BF0023234415E054F82270C1F1DC
:102620002008CF4005F1040EA1467645F44611D8A6
:102630009A1A9200043A0135AE4238BF0022A3181C
:10264000A75007B104331A1B9210A3420261CBD0EA
:10265000BDE8F083DCF800C00CFA08FC4CEA070780
:1026600049F8047B5EF8047BCF40DEE751F804CBE9
:1026700047F804CFC7E7A0F13003092B02D8203870
:10268000C0B27047A0F16103052B01D84738F7E7C6
:10269000A0F14103052B01D82738F1E7002070474E
:1026A0002DE9F04F85B08A4602930B680190904661
:1026B0009C1CA14614F8010B3028FAD0A9EB0303A7
:1026C000A3F1020BFFF7D7FF0546002868D1A04908
:1026D00001224846FFF7E3FD0746002867D199F835
:1026E00001002646FFF7C7FF002862D0234618786E
:1026F0003028994603F10103F9D0FFF7BCFFB0FA87
:1027000080F56D094FF0010B4A46164601323078CC
:10271000FFF7B1FF0028F8D18D4901223046FFF7BD
:10272000BEFD00283FD144B9741C22461646013232
:102730003078FFF7A0FF0028F8D1A41BA70033785A
:1027400003F0DF03502B3ED173782B2B33D02D2B8E
:1027500034D0711C00240878FFF78DFF431EDBB2D4
:10276000182B30D8A0F1100211F8010FFFF783FFEA
:1027700000F1FF3C5FFA8CFCBCF1180F4FF00A032C
:102780001ED904B152421744CAF80010EDB1BBF192
:10279000000F0CBF06250025284605B0BDE8F08FC8
:1027A00000252C46B0E7002CC7D12746C7E74E4688
:1027B0002F460125C3E70024B11CCCE70124FBE729
:1027C00003FB0200CEE73146DEE7A6EB0903013B3F
:1027D0002946072B0ADC019800F046FA044640B966
:1027E0005C4B0246E4215C48FFF78CFE01315B1034
:1027F000EFE700F1140A002355469B46B14537D355
:1028000045F804BBA5EB0A05AD102561584600F05C
:102810001DFB6D01D8F800602D1AB54254DDAD1BCB
:102820002946204600F0ABFE814678B16B1E591157
:1028300003F01F025AF821104FF0010909FA02F2C1
:102840000A4203D04B4536DC4FF0020929462046A8
:10285000FFF7C0FE2F44D8F80830BB4242DA019897
:10286000214600F041FA0E9A00231360A32593E756
:1028700016F8012D2E2A12D0202B04D145F804BBC6
:102880004FF0000B5B4630780393FFF7F4FE039B99
:1028900000F00F0098404BEA000B0433AEE7B1455F
:1028A000EAD82B49039301223046FFF7F8FC039B3B
:1028B0000028E1D1A2E7A91E204600F060FE002812
:1028C000C2D04FF00309C1E709DA751B2146019810
:1028D0002A4600F025FC7F1B044600F1140A4FF045
:1028E0000009B8E7D8F80450BD426FDDED1BAE42D9
:1028F00034DCD8F80C30022B22D0032B24D0012B4F
:1029000015D1AE4213D1012E0BD1029AD8F8043062
:10291000136001232361CAF800300E9B62251C60FE
:102920003AE7711E204600F02AFE0028EDD10198FA
:10293000214600F0D9F90E9A0023136050252BE7A9
:102940000F9B002BF3D1E0E70F9B002BDDD1EEE7CF
:10295000036F020843EC020854EC02086F1EB9F141
:10296000000F30D127B13946204600F008FE8146DD
:102970007A1101235AF8222007F01F07BB401342A7
:102980002946204618BF49F00209FFF723FED8F870
:102990000470761B0225B9F1000F47D0D8F80C302F
:1029A000022B15D0032B17D0012B09D119F0020FE0
:1029B00006D0DAF8003049EA030919F0010F0ED108
:1029C00045F0100532E04FF00109D1E70125E2E7BB
:1029D0000F9BC3F101030F930F9B002BF0D0D4F892
:1029E00010B004F114034FEA8B0A03EB8B014FF094
:1029F000000C184653F8042BB2F1FF3F1BD00132F4
:102A00000260022D04F114033CD1D8F80020013AF1
:102A1000B24209D17111012253F8213006F01F068C
:102A200002FA06F61E423AD145F020050E9B1C60C4
:102A3000029B1F60B0E6994243F804CCD9D8A36842
:102A40009B4517DB61680198013100F00DF9814663
:102A500018B91A4B02468421C5E62269023204F1F4
:102A60000C0192000C30FFF734FD2146019800F074
:102A70003BF94C4623695A1C04EB83032261012273
:102A80005A61BEE722695A450BDD01212046FFF756
:102A9000A1FDD8F808300137BB42FFF6E0AE0125B2
:102AA000C2E716F01F06FAD05344C6F1200653F8C9
:102AB000040C00F0CBF9B042E7DBF0E743EC02088E
:102AC000C2F10802920070B5C2F1200643680468A2
:102AD00003FA06F52C43D340046040F8043F8842D3
:102AE000F4D370BD30B50368013311F8014B14B94C
:102AF0000360012030BD13F8012BA2F14105192D0F
:102B000098BF2032A242F0D00020F3E72DE9F04F29
:102B10000B6801685E1102EB860613F01F0387B095
:102B200018BF04360025371F82469046019346F8A9
:102B3000045CB9463C460295AB464A784B1C03936D
:102B400042B3104605910492FFF795FD002851D13C
:102B5000049A0599202A18D8029B9B4513DD4C4501
:102B600006D2072D04DC2A4649462046FFF7A8FF77
:102B7000444552D90023A4F1040944F8043CCDF89B
:102B800008B04C461D460399D7E7292A57D1023190
:102B9000CAF80010BBF1000F51D04C4506D2072DEA
:102BA00004DC2A4649462046FFF78AFF444536D9C9
:102BB000A8F10402234653F8041B42F8041F9F4265
:102BC000F9D23B1B23F0030304330134033EB44228
:102BD00088BF04234344002243F8042B9F42FBD2C6
:102BE0003B681BB9474528D101233B60052007B04E
:102BF000BDE8F08F0135082D0BF1010B06DD4445D2
:102C0000C1D9002344F8043C0125043C226800F0AB
:102C10000F0040EA02102060B5E70825B3E7019BEA
:102C2000002BDDD0C3F120034FF0FF32DA4056F81D
:102C3000043C134046F8043CD2E7043FD0E70420AC
:102C4000D5E782B001B901A942B14BB113780B604D
:102C50001278101E18BF012002B070471046FBE723
:102C60006FF00100F8E7000070B5C66904460D4634
:102C700076B91020FEF7A0F80246E06120B9184BA3
:102C800018486B21FFF73EFCC0E901660660C6608C
:102C9000E669F36883B1E369DB6853F82500B8B9E6
:102CA000012101FA05F6721D9200204601F048F854
:102CB00060B1C0E901560EE021220421204601F056
:102CC0003FF8E369F060DB68002BE4D1002070BDC1
:102CD000026843F825200023C0E90333F7E700BF6B
:102CE00013EA0208D1EC020870B5C66905460C4625
:102CF00076B91020FEF760F80246E86120B9094B6A
:102D000009488F21FFF7FEFBC0E901660660C66037
:102D10003CB1EB696268DB6853F82210216043F82C
:102D2000224070BD13EA0208D1EC02082DE9F041FF
:102D30000D6907460C461E4601F1140C0020DCF814
:102D4000003099B202FB01611E0C0B0C02FB063332
:102D500089B2013001EB034185424CF8041B4FEA74
:102D60001346ECDC0EB3A368AB4219DC616838464D
:102D70000131FFF779FF804628B902460C4B0D4818
:102D8000BA21FFF7BFFB2269023204F10C01920065
:102D90000C30FFF79EFB21463846FFF7A5FF44465F
:102DA00004EB850301355E6125612046BDE8F081B5
:102DB00043EC0208D1EC02082DE9F8430C46154615
:102DC0001F4609220833064693FBF2F30021012235
:102DD0009A4209DB3046FFF747FF40B90246194BDC
:102DE0001948D321FFF78EFB52000131F0E7089B11
:102DF0004361092D4FF00103036116DD04F1090958
:102E0000C8462C4418F8013B0146303B0A223046A4
:102E1000FFF78CFFA045F5D1A5F108044C442D1B0C
:102E20006319BB4204DBBDE8F8830A340925F6E7E1
:102E300014F8013B0146303B0A223046FFF776FF8B
:102E4000EEE700BF43EC0208D1EC0208B0F5803F8A
:102E5000034636BF030400201020B3F1807F3CBF3F
:102E60001B020830B3F1805F3CBF1B010430B3F19B
:102E7000804F03D3002B0ADB013070479B0001D544
:102E8000023070475B0001D5033070472020704747
:102E90000368024613F007000BD0D90721D4980726
:102EA00049BF5B089B08012013605CBF13600220D0
:102EB000704799B209B91B0C1020D9B209B9083072
:102EC0001B0A190704BF1B090430990704BF9B089C
:102ED0000230D90703D45B0800F1010003D013606E
:102EE00070470020704720207047000010B50C4646
:102EF0000121FFF7B9FE024628B9054B054840F20B
:102F00004511FFF7FFFA01234461036110BD00BFC3
:102F100043EC0208D1EC02082DE9F04F14460A698F
:102F200023699A42A8BF23460F46A4BF0C461F46FA
:102F3000D4F810A0D7F81090A36861680AEB0906CE
:102F4000B34285B0B8BF0131FFF78EFE30B90246FB
:102F5000444B45484FF4B171FFF7D4FA00F1140522
:102F600005EB86082B460022434521D307F11401C7
:102F700004F1140202EB8A0201EB89030293131B92
:102F8000153B23F00303043304F11507BA4238BF9D
:102F900004230193029B03918B420CD8002E03DD86
:102FA00058F8043D002B5AD0066105B0BDE8F08FFB
:102FB00043F8042BD8E7B1F800A0BAF1000F23D0F2
:102FC00004F1140EA9464FF0000C5EF8047BD9F80A
:102FD00000301FFA87FB9BB20AFB0B336344D9F81E
:102FE00000C03F0C4FEA1C4C0AFB07C707EB134716
:102FF0009BB243EA0743724549F8043B4FEA174C3A
:10300000E3D8019B45F803C0039BB3F80290043159
:10301000B9F1000F21D02B6804F1140CAE464FF02B
:10302000000ABCF800B0BEF8027009FB0B775744E9
:103030009BB243EA07434EF8043B5CF8043B4FEA7B
:10304000134ABEF8003009FB0A3303EB174362450D
:103050004FEA134AE5D8019FEB5104359AE7013E48
:103060009CE700BF43EC0208D1EC02082DE9F843CD
:10307000154612F0030207460E4607D0254C013ACA
:10308000002354F82220FFF751FE0646AD103DD034
:10309000FC697CB91020FDF78FFE0246F86128B963
:1030A0001D4B1E4840F2B311FFF72CFAC0E9014452
:1030B0000460C460D7F81C80D8F808404CB940F2CE
:1030C00071213846FFF712FF0023C8F808000446B4
:1030D00003604FF00009EB070AD531462246384617
:1030E000FFF71AFF314680463846FFF7FDFD46469A
:1030F0006D100BD0206838B9224621463846FFF7BC
:103100000BFF2060C0F800900446E4E73046BDE8BD
:10311000F88300BF48ED020813EA0208D1EC020868
:103120002DE9F0470C464968236903EB6218A36850
:10313000074691464FEA621A08F10106B3420BDBDB
:103140003846FFF791FD054648B90246284B294805
:103150004FF4EF71FFF7D6F901315B00EEE7002382
:1031600000F1140100F110021846534533DB2069C9
:103170002AEAEA7A04F1140319F01F0901EB8A0123
:1031800003EB800C2BD0C9F1200E8A460022186870
:1031900000FA09F010434AF8040B53F8042B9C453D
:1031A00022FA0EF2F3D8ACEB0403153B23F0030331
:1031B000043304F11500844538BF0423CA500AB112
:1031C00008F10206013E38462E612146FFF78CFDCC
:1031D0002846BDE8F08742F8040F0133C5E70439FB
:1031E00053F8042B41F8042F9C45F9D8EAE700BFB7
:1031F00043EC0208D1EC02080A6903460069801A10
:1032000030B50ED11433143103EB820401EB82018B
:1032100054F8045D51F8042D954203D005D24FF0C7
:10322000FF3030BDA342F3D3FBE70120F9E70000F4
:103230002DE9F74F89460646114648461446FFF7E2
:10324000DBFF051E12D129463046FFF70DFD024671
:1032500028B93E4B40F237213D48FFF753F901238F
:10326000C0E90435104603B0BDE8F08FBCBF4B4643
:10327000A1463046D9F80410BABF1C4601250025E6
:10328000FFF7F2FC024618B9304B40F24521E3E764
:10329000D9F810702669C56009F1100309F1140509
:1032A00004F1140E00F1140B05EB87080EEB8606F3
:1032B0000193D9464FF0000C019B5EF8040B53F8C4
:1032C00004AF019381B21FFA8AF35B1A000C6344C6
:1032D000C0EB1A4000EB23409BB243EA0043764523
:1032E00049F8043B4FEA204CE6D8331B153B23F04A
:1032F000030315340433A64238BF04231D445B4442
:103300001E462C4644450ED308F10301491B21F00B
:103310000301033DA84538BF00210B4453F8041DA9
:1033200091B117619EE754F8041BE646080C1CFA9D
:1033300081FC714400EB2C4089B241EA004146F81F
:10334000041B4FEA204CDDE7013FE7E743EC0208AE
:10335000D1EC02080E4B0B40A3F15073002B08DC9C
:103360005B42B3F1A07F4FEA235204DA4FF400230B
:103370001341002208E0A2F114031E2BDABF4FF024
:103380000042DA400122002319461046704700BF70
:103390000000F07F0269F8B500F1140606EB820226
:1033A000204F52F8044C2046FFF750FD03460A2BED
:1033B000C0F12000A2F10405086013DCAE4238BF62
:1033C00052F8082CC3F10B0C28BF0022153324FA45
:1033D0000CFE04FA03F322FA0CF24EEA07011A4338
:1033E0001046F8BDAE4236BFA2F10805002252F8E1
:1033F000082C0B3B12D0C3F1200722FA07F19C40A6
:103400000C43B54244F07F518CBF55F8044C002466
:103410009A40FC4041F440112243E1E744EA0701AD
:10342000DEE700BF0000F03F2DE973430121089E55
:1034300090469946FFF718FC044630B90246244BE3
:10344000244840F20F31FFF75DF8C9F30A55C9F37C
:1034500013030DB143F480130193B8F1000324D09A
:1034600068460093FFF714FDDDE90012D8B1C0F102
:10347000200302FA03F30B43C24063610192019BF4
:10348000A361002B0CBF012202222261ADB1A5F283
:10349000334505443560C0F13500099B186020466E
:1034A00002B0BDE870836161E9E701A8FFF7F0FCB5
:1034B000019B636120300122E7E704EB8203A0F265
:1034C000324030601869FFF7C1FCC0EB4210E4E7FE
:1034D00043EC0208D1EC02082DE9F04F85B0CDE9AC
:1034E000001002A9FFF756FF8B4606460F460098CC
:1034F00003A9FFF74FFF019B89460D461969009B01
:103500001B69C91ADDE902329B1A03EB4113002B38
:10351000CDBF3A46C3EB03332A4602EB035BD8BF69
:1035200002EB0359044622464B4630465946DDF726
:10353000EDF805B0BDE8F08F013970B54911146997
:10354000013102F1140300EB810103EB8404051F38
:10355000A3420CD3A31A113B23F003031132A2425E
:1035600088BF002318440023884205D370BD53F858
:10357000046B45F8046FEBE740F8043BF4E700F117
:10358000140200694B11984210B511DB0ADD11F0ED
:103590001F0107D052F8234024FA01F000FA01F18C
:1035A0008C420BD102EB8303934203D8002010BD61
:1035B0000346F7E753F8041D0029F5D00120F6E78C
:1035C00051F8043C181F002BBCBF0B58C0187047A3
:1035D0000346084641B1FF2A04D98A221A604FF0F7
:1035E000FF3070470A70012070472DE9F0478E6860
:1035F0001F46BE420B6882460C4690462DD8B1F954
:103600000C2012F4906F26D06569096905EB450519
:10361000A3EB010905EBD5757B1C4B446D109D4256
:1036200038BF1D46530527D52946FDF7F7FB06464B
:1036300060B321694A46FEF74CFFA38923F49063E7
:1036400043F08003A381266165614E44A5EB090523
:103650002660A5603E46BE4200D93E4620683246FE
:103660004146FEF7DCFDA3689B1BA360236833443F
:1036700023600020BDE8F0872A46FDF7CFFC064610
:103680000028E0D121695046FEF75AFF0C23CAF802
:103690000030A38943F04003A3814FF0FF30E9E7F6
:1036A0002DE9F04F98468B891B069DB007460D46C5
:1036B000144610D50B6973B94021FDF7AFFB2860A4
:1036C000286130B90C233B604FF0FF301DB0BDE8DE
:1036D000F08F40236B610023099320238DF829305C
:1036E000CDF80C803023DFF89C818DF82A304FF024
:1036F000010923469A4613F8012B0AB1252AF9D16C
:10370000BAEB040B0BD05B46224629463846FFF73E
:103710006CFF013000F0A780099A5A4409929AF888
:103720000030002B00F09F8000234FF0FF32CDE9E6
:1037300005230AF1010A049307938DF853301A9375
:103740005446052214F8011B4E48DDF759FD049A32
:10375000D8B9D00644BF20238DF85330110744BF99
:103760002B238DF853309AF800302A2B15D0079A66
:10377000544600204FF00A0C214611F8013B303B23
:10378000092B4BD9B0B1079214E0A0EB080309FA5A
:1037900003F313430493A246D2E7039B191D1B684E
:1037A0000391002BBBBF5B4242F0020207930793D9
:1037B000B8BF049223782E2B0AD163782A2B32D1FA
:1037C000039B1A1D1B68039243EAE37302340593BB
:1037D000DFF8B4A0217803225046DDF711FD38B19F
:1037E000049BA0EB0A00402282401343013404935F
:1037F00014F8011B25488DF828100622DDF700FD7E
:10380000002836D0224B1BBB039B073323F0070352
:1038100008330393099B334409936AE70CFB023294
:103820000C460120A8E700230134059319464FF008
:103830000A0C204610F8012B303A092A03D9002B34
:10384000C6D00591C4E70CFB012104460123F0E733
:1038500003AB00932A460F4B04A93846AFF3008010
:10386000421C0646D6D1AB895B063FF52DAF0998C1
:103870002CE703AB00932A46064B04A9384600F018
:1038800079F8EDE748EE02084EEE020852EE020823
:1038900000000000EB3502082DE9F0471646984677
:1038A0008A680B69DDF820909342B8BF13463360F5
:1038B00091F8432007460C460AB101333360236870
:1038C000990642BF336802333360256815F0060558
:1038D00006D104F1190AE36832689B1AAB4226DC70
:1038E00094F843302268003B18BF012392062BD482
:1038F00004F1430241463846C84701301ED02368D0
:10390000226903F00603042B02BFE5683368ED1A51
:10391000A3680CBF25EAE57500259342C4BF9B1A36
:10392000ED1800261A34B5421AD1002008E0012310
:10393000524641463846C847013003D14FF0FF3068
:10394000BDE8F0870135C6E7E1185A1C302081F840
:103950004300224494F8451082F843100233C7E72D
:103960000123224641463846C8470130E6D0013699
:10397000D9E700002DE9FF470F7E0C9E782F914676
:1039800080460C469A4601F1430207D8622F0AD8B6
:10399000002F00F0DD80582F00F0C38004F14206B4
:1039A00084F842703AE0A7F16303152BF6D801A121
:1039B00051F823F00D3A0208213A02089D39020815
:1039C0009D3902089D3902089D390208213A0208F2
:1039D0009D3902089D3902089D3902089D39020867
:1039E000373B0208AF3A0208EF3A02089D39020855
:1039F0009D390208593B02089D390208AF3A020876
:103A00009D3902089D390208F73A020833681A1DE9
:103A10001B68326004F1420684F842300123A8E0BA
:103A200031682368081D30601E0601D50D6803E06B
:103A30005D06FBD5B1F900506168002D78DA2D20C4
:103A4000002984F84300A1602DDA5E486D420A2304
:103A50001646B5FBF3F103FB1157C75D06F8017D70
:103A60002F46BB420D46F4D9082B0BD12368DF0744
:103A700008D5236961689942DEBF302306F8013C0E
:103A800006F1FF36921B2261CDF800A04B4603AA37
:103A900021464046FFF700FF01306FD14FF0FF3065
:103AA00004B0BDE8F08723F004032360CDE721686C
:103AB0003368080653F8045B02D4490648BFADB228
:103AC0006F2F4048336014BF0A230823002184F875
:103AD00043106668A660002EBADB216821F004015D
:103AE0002160002DB4D1002EB2D11646BCE7236868
:103AF00043F0200323603448782784F84570236816
:103B000031681F0651F8045B02D45F0648BFADB2AE
:103B10003160D90744BF43F0200323601DB1102357
:103B2000D4E72848E9E7236823F020032360F6E779
:103B300024480A23CDE7336825686169181D306081
:103B40002E061B6801D5196002E06806FBD51980B6
:103B500000232361164697E733681A1D32601E68FA
:103B6000626800213046DDF74BFB08B1801B6060C6
:103B700063682361002384F8433085E72369324674
:103B800049464046D047013088D023689B0714D46B
:103B9000E068039B9842B8BF184681E7012332468C
:103BA00049464046D04701303FF478AF0135E368DD
:103BB00003995B1AAB42F1DCEAE7002504F1190630
:103BC000F5E700BF59EE02086AEE0208B1F90C20D1
:103BD000F8B5170705460C4656D44B68002B02DC97
:103BE0000B6C002B3DDDE66A002E3AD0002312F468
:103BF00080522F68216A2B6025D0626DA3895807F7
:103C000005D56368D21A636B0BB1236CD21A216A93
:103C1000E66A00232846B047411C24D00023636095
:103C200023692360A389DA0400D56065616B2F6086
:103C3000B9B104F14403994202D02846FEF780FC52
:103C4000002363630DE001232846B047461C02466B
:103C5000D4D12B68002BD1D01D2B01D0162B2AD10B
:103C60002F6000202EE02A68B4F90C3042B11D2AE2
:103C700001D0162A21D10023636023692360D5E790
:103C8000626022692260CEE70F69002FE9D09307B6
:103C90000E6808BF4B690F6018BF0023F61B8B60CE
:103CA000002EDEDD216AD4F828C033463A46284685
:103CB000E047002807DCB4F90C3043F04003A3814F
:103CC0004FF0FF30F8BD0744361AE9E738B50B6905
:103CD00005460C4613B90025284638BD18B1036ABD
:103CE0000BB9FEF761F9B4F90C30002BF3D0626E1A
:103CF000D00704D4990502D4A06DFEF7E0FB284656
:103D00002146FFF763FF636EDA070546E4D4A38913
:103D10009B05E1D4A06DFEF7D3FBDDE70EB403B540
:103D2000014603AB054853F8042B0068019300F0EB
:103D300043F802B05DF804EB03B0704700030020C5
:103D400070B5A1FB02543CB92946FDF767F8064659
:103D500028B90026304670BD0C220260F9E72A46D9
:103D60002146FEF776FAF5E79368013B002B10B485
:103D7000936007DA9469A34201DB0A2902D110BCDF
:103D800000F032B91368581C10601970084610BC56
:103D90007047F8B506460F461446D518AC4201D117
:103DA000002007E014F8011B3A463046FFF7DCFF1D
:103DB000431CF3D1F8BD00002DE9F04F0D469DB036
:103DC00014469846064618B1036A0BB9FEF7ECF89C
:103DD0006B6ED90705D4AB899A0502D4A86DFEF79E
:103DE0006EFBAB891B0701D52B699BB92946304671
:103DF00000F038F970B16B6EDC0704D54FF0FF307E
:103E00001DB0BDE8F08FAB899805F7D4A86DFEF71B
:103E100057FBF3E70023099320238DF82930CDF8D1
:103E20000C803023DFF8AC818DF82A304FF0010987
:103E300023469A4613F8012B0AB1252AF9D1BAEB89
:103E4000040B0BD05B46224629463046FFF7A1FF04
:103E5000013000F0A780099A5A4409929AF800307C
:103E6000002B00F09F8000234FF0FF32CDE90523A7
:103E70000AF1010A049307938DF853301A935446BC
:103E8000052214F8011B5348DDF7BAF9049AD8B992
:103E9000D10644BF20238DF85330130744BF2B2392
:103EA0008DF853309AF800302A2B15D0079A5446D3
:103EB00000204FF00A0C214611F8013B303B092B42
:103EC0004BD9B0B1079214E0A0EB080309FA03F351
:103ED00013430493A246D2E7039B191D1B68039169
:103EE000002BBBBF5B4242F0020207930793B8BFAF
:103EF000049223782E2B0AD163782A2B32D1039B8C
:103F00001A1D1B68039243EAE37302340593DFF83A
:103F1000C8A0217803225046DDF772F938B1049B1E
:103F2000A0EB0A004022824013430134049314F8AA
:103F3000011B2A488DF828100622DDF761F90028B8
:103F40003FD0274B1BBB039B073323F007030833EA
:103F50000393099B3B4409936AE70CFB02320C462E
:103F60000120A8E700230134059319464FF00A0CFD
:103F7000204610F8012B303A092A03D9002BC6D06D
:103F80000591C4E70CFB012104460123F0E703ABD4
:103F900000932A46134B04A93046AFF3008007462E
:103FA000781CD6D16B6ED90705D4AB899A0502D49B
:103FB000A86DFEF785FAAB895B063FF51FAF099840
:103FC0001EE703AB00932A46064B04A93046FFF7D1
:103FD000D1FCE4E748EE02084EEE020852EE020879
:103FE00000000000933D0208F8B50E461446054651
:103FF00018B1036A0BB9FDF7D7FFA369A360A389C2
:104000001A0701D5236943B92146284600F02AF84A
:1040100018B14FF0FF373846F8BD23682269981A67
:104020006369F6B28342374605DC21462846FFF72E
:104030004DFE0028EDD1A368013BA36023685A1C04
:1040400022601E706269431C9A4204D0A389DB0778
:10405000E1D50A2EDFD121462846FFF737FE00289A
:10406000D9D0D6E738B5294B054618680C4618B1A3
:10407000036A0BB9FDF798FFB4F90C30190722D485
:10408000DA0607D409222A6043F04003A3814FF0E7
:10409000FF3033E0580712D5616B41B104F144039E
:1040A000994202D02846FEF74BFA00236363A389A6
:1040B00023F02403A3810023636023692360A38981
:1040C00043F00803A38123694BB9A38903F4207348
:1040D000B3F5007F03D02146284600F03FF8B4F93D
:1040E0000C3013F001020AD00022A2606269524231
:1040F000A261226942B913F08000C5D138BD990789
:1041000058BF6269A260F4E70020F7E700030020CF
:1041100070B50C46B1F90E10002996B015461E4632
:104120000DDAA38913F0800F4FF0000114BF402374
:104130004FF48063002031602B6016B070BD6A467A
:1041400000F048F80028ECDB019901F47041A1F57A
:104150000053594259414FF48063EBE78B89F7B51F
:104160009D0706460C4607D504F1470323602361EB
:104170000123636103B0F0BD01AB6A46FFF7C8FFDE
:10418000009F054639463046FCF748FE48B9B4F969
:104190000C309A05EED423F0030343F00203A3810D
:1041A000E2E7A389206043F08003A381019BC4E977
:1041B00004075BB1B4F90E10304600F01DF828B1C9
:1041C000A38923F0030343F00103A381A3891D43C3
:1041D000A581CFE738B5074D0023044608461146B0
:1041E0002B60E2F798FD431C02D12B6803B12360DA
:1041F00038BD00BF4C42002038B5064D00230446B0
:1042000008462B60E2F78CFD431C02D12B6803B1FA
:10421000236038BD4C42002038B5002200230446FC
:104220000D46DCF7BBFB28B920462946BDE83840DF
:1042300000F00AB8204605F1004100F005F84042C0
:1042400061EB410138BD00BFD0B50C4B00220646E2
:104250000F46DCF731F9DCF707FC0446DCF7B2F86F
:10426000074B0022DCF728F902460B463046394658
:10427000DBF76AFFDCF7F8FB2146D0BD0000F03D1C
:104280000000F041F8B500BFF8BC08BC9E4670477E
:0C429000F8B500BFF8BC08BC9E467047A3
:1042A0000000000001000000020000000200000009
:1042B00000000000010000000000FFFF000080007F
:1042C00000000000080008000000000000000000DE
:1042D000E8030000FFFFFFFFFFFFFFFFFFFFFFFFFF
:1042E000FFFFFFFFFFFFFFFFFFFFFFFF00000000DA
:1042F000800100008001000012AD101B00000000D2
:1043000001010000010001000000010001000000A7
:104310005000B00018017801B0021803C80530063B
:10432000300C980C00000000040000000030014038
:10433000120500000401000000000158020D0000F9
:104340000900000000380040120300000F000000C8
:104350000030014012050000120000000030014052
:10436000120500001C00000000380040120500008B
:10437000FFFFFFFF00000000000000000100000040
:10438000003001401205000005000000003001402F
:10439000120500000501000000000158020D000098
:1043A000080000000038004012050000090000006D
:1043B00000380040120500001300000000300140EA
:1043C00012050000FFFFFFFF0000000000000000DA
:1043D0000500000000380040120300000600000045
:1043E00000300140120500000601000000000158E5
:1043F000020D00000B00000000300140120500001B
:10440000140000000030014012050000FFFFFFFF14
:104410000000000000000000070000000030014024
:10442000120500000701000000000158020D000005
:104430000A00000000380040120500000C000000D7
:10444000003001401205000015000000003001405E
:1044500012050000FFFFFFFF000000000000000049
:1044600000000000004400401207000006000000A9
:1044700000800040120800000B00000000380140DE
:10448000120700001400000000380140120700006D
:10449000FFFFFFFF0000000000000000010000001F
:1044A00000800040120800000101000000440040AC
:1044B000120700000C000000003801401207000045
:1044C0001300000000380140120700001C0000002B
:1044D0000080004012080000FFFFFFFF0000000006
:1044E00000000000030000000080004012080000EF
:1044F0000301000000440040120700000A00000011
:104500000038014012070000170000000038014089
:1045100012070000FFFFFFFF000000000000000086
:1045200002000000008000401208000002010000AC
:10453000004400401207000009000000003801405C
:1045400012070000160000000038014012070000AA
:10455000FFFFFFFF0000000000000000000000005F
:104560000000004012810000010000000000004037
:104570001201010002000000000000401281010051
:1045800003000000000000401201020005000000CE
:1045900000000040128100000600000000440140BD
:1045A000128E000007000000002C01401281100054
:1045B0000701000000480140128E000008000000C2
:1045C000002C01401281000009000000002C014075
:1045D000120101000A000000002C014012810100BC
:1045E0000B000000002C0140120102000F0000002F
:1045F0000000004012810000130000000000004095
:10460000120101001600000000440140128E10004B
:104610001700000000480140128E10001800000032
:10462000002C01401201110018010000004401405B
:10463000128E0000FFFFFFFF0000000000000000DE
:104640000A0000000074004003800000FFFFFFFF2D
:1046500000000000000000000A00000000240140EB
:10466000030003000B00000000240140038003004E
:104670000C00000000240140030004000D000000B5
:1046800000240140038004000E00000000240140CB
:10469000030005000F000000002401400380050016
:1046A000120000000024014003000200130000007B
:1046B0000024014003000100140000000024014018
:1046C00003800100FFFFFFFF00000000000000006A
:1046D0001100000012000000100000000A0000009D
:1046E0000F0000000D0000000E0000000B00000095
:1046F0000C000000000000000100000002000000AB
:104700000300000004000000050000000600000097
:104710000700000008000000090000000A00000077
:104720000B0000000C0000000D0000000E00000057
:104730000F00000012000000130000001400000031
:10474000150000001600000017000000180000000F
:104750001C0000002D0000003300000001000200DA
:104760000400060008000A000C00100020004000B1
:10477000800000010201040302040810040040004C
:1047800000040000001000B0002000B4004000B899
:104790000100000002000004040000080800000CF2
:1047A0001000001020000014400000188000001CC1
:1047B0000001002000020024000400280008002C52
:1047C0000010003000200034004000380080003C21
:1047D000000001400000024401000000020000004F
:1047E000040000000800000010000000200000008D
:1047F00040000000800000000001000000020000F6
:10480000000400000008000000100000002000006C
:1048100000400000008000000100000002000000D5
:10482000040000000800000010000000200000004C
:1048300040000000800000000001000000020000B5
:10484000000400000008000000100000002000002C
:104850000040000000800000A0860100400D030021
:10486000801A060000350C0040420F0080841E00B4
:1048700000093D0000127A000024F40000366E01A9
:104880000048E801006CDC020000000000000000AD
:104890000000000000000000000000000000000018
:1048A0000000000000000000010000000200000005
:1048B00003000000040000000100000003000000ED
:1048C00005000000010000000100000006000000DB
:1048D0000A000000200000000200000004000000A8
:1048E00008000000100000004000000080000000F0
:1048F000000100000002000076312E302E302D61C4
:104900006333626431370031372D4D61792D323098
:104910003236007265706561746572007B22726563
:104920006376223A25752C2273656E74223A2575BA
:104930002C22666C6F6F645F7478223A25752C2286
:104940006469726563745F7478223A25752C2266F7
:104950006C6F6F645F7278223A25752C22646972DD
:104960006563745F7278223A25752C2272656376CE
:104970005F6572726F7273223A25757D0025303241
:10498000643A253032643A25303264202D20256483
:104990002F25642F2564205500736C656570206198
:1049A0007474656D7074733D256C750A736B6970F2
:1049B0002070656E64696E673D256C752062726952
:1049C0006467653D256C750A77616B652072783D7B
:1049D000256C7520737570706F72743D257300754A
:1049E0006E6B6E6F776E005F6D61696E002F706128
:1049F000636B65745F6C6F670025733A25643A25B5
:104A000064002D6E6F6E652D007B226E6F6973657D
:104A10005F666C6F6F72223A25642C226C6173742E
:104A20005F72737369223A25642C226C6173745F20
:104A3000736E72223A252E32662C2274785F616979
:104A4000725F73656373223A25752C2272785F61F9
:104A500069725F73656373223A25757D007B2262FC
:104A60006174746572795F6D76223A25752C2275B2
:104A70007074696D655F73656373223A25752C22C6
:104A80006572726F7273223A25752C227175657585
:104A9000655F6C656E223A25757D006164763D2503
:104AA0006C752F256C752F256C75206361643D2511
:104AB0006C752F256C750A77206E3D257520753D28
:104AC000257520643D257520733D25752066643D60
:104AD000256C752064643D256C750A613D256C75F7
:104AE0002F256C7520633D257520643D257520704C
:104AF0003D257520793D25750025730A25730A2506
:104B0000730044003A205458204641494C212C203F
:104B10006C656E3D25642028747970653D25642C94
:104B200020726F7574653D25732C207061796C6FF0
:104B300061645F6C656E3D2564290A003A20525815
:104B40002C206C656E3D25642028747970653D25A8
:104B5000642C20726F7574653D25732C207061790B
:104B60006C6F61645F6C656E3D25642920534E5205
:104B70003D256420525353493D25642073636F7271
:104B8000653D256400205B25303258202D3E2025D0
:104B90003032585D0A003A2054582C206C656E3D26
:104BA00025642028747970653D25642C20726F750A
:104BB00074653D25732C207061796C6F61645F6C46
:104BC000656E3D25642900525332333220427269AA
:104BD000646765004C56534954414E4F53004F4B48
:104BE000202D206C6F6164656420256420726567E8
:104BF000696F6E73007365747065726D2000457225
:104C000072202D2062616420706172616D73004FAB
:104C10004B00457272202D20696E76616C696420AC
:104C2000706172616D7300457272202D2062616443
:104C3000207075626B6579006765742061636C0034
:104C400041434C3A00253032582000646973636F49
:104C50007665722E6E65696768626F727300457261
:104C600072202D20646973636F7665722E6E65699C
:104C70006768626F727320686173206E6F206F7057
:104C800074696F6E73004F4B202D20446973636FFE
:104C90007665722073656E740000000000000000ED
:104CA00000000000B9B20008D36D00085598000854
:104CB0008D980008E18A00080D82000839820008FA
:104CC0006D6F0008596D0008BD6F000859AD0008F0
:104CD0006FA300085F6D0008656D0008456D000852
:104CE0008D760008B18C00089B810008EF760008E3
:104CF00031760008716D0008D56D00085B6E000804
:104D0000B19500084D6D000815700008857E0008FB
:104D1000CF9100084F6D0008E97E0008516D000832
:104D200025AD0008536D0008556D0008796D000829
:104D3000896D0008996D00087D7100088D6E00086E
:104D4000C97000080B930008E16E0008096F0008A5
:104D5000A96D00086571000851990008BB70000832
:104D6000997B0008597000088D7D0008C57C0008FB
:104D7000316F000855830008F57000081F6E0008A9
:104D8000DD7000088F710008B56D000839710008EA
:104D9000E9800008258100080B6E0008F99A0008D8
:104DA000D19A000830FFFFFF000000008971000861
:104DB000816D0008916D0008A16D0008D570000894
:104DC00049930008016F0008296F0008AF6D0008C3
:104DD000757100089D990008C1700008957C000855
:104DE000B3700008D97D0008317D0008656F0008A8
:104DF000D983000831710008B96D00085D710008A1
:104E00001D81000843810008176E0008D76E000856
:104E1000536E0008ED700008B3710008239B000872
:104E2000F39A0008576D00085265706561746572E9
:104E30002049443A200020202D3E200000000000A0
:104E400000000000459B000800000000000000007A
:104E5000299B00080000000000000000A39B000840
:104E6000499B00084E6F7420617661696C61626CC9
:104E7000650054696E792052656C61790045525223
:104E80004F523A20726164696F20696E69742066BE
:104E900061696C65643A20000000000000000000B9
:104EA000A19F0008F9A00008DBA000080000000096
:104EB00000000000B99F0008BD9F0008C19F0008C6
:104EC000C39F0008C79F0008CB9F0008CF9F000822
:104ED000D39F0008000000000000000039A0000877
:104EE000C3A000082D1601082D2A0108732A010805
:104EF0007D2A0108710C0108913F01081513010872
:104F0000613F0108FF1101085F1D010885180108B4
:104F10002510010813100108F50B010821330108C1
:104F2000A132010891380108193B01082F3B010803
:104F30002F0601084D090108E73801080D32010864
:104F4000ED330108BD3401082519010835180108A1
:104F5000D5120108B10C0108B10E0108450E010877
:104F6000731001085F1001085D0E01088D0C010827
:104F700059120108211201084D0C01080D140108F5
:104F80009D100108670E0108D31101081D060108D4
:104F9000250601081D060108250601081D06010851
:104FA0002506010875090108E90F0108851A01089D
:104FB000651101086F0E0108E9070108650701087E
:104FC0001D300108E930010829070108810701089F
:104FD00021080108D90A0108150B0108000000008A
:104FE000000000003BA000080000000000000000DE
:104FF000BDF3000819F4000881F4000827A1000897
:1050000029F6000851F5000895F40008EDF40008B1
:10501000DF9F0008F5F30008C1F4000805F400085C
:105020000FA10008B37C0008BB7C0008EB9F0008C0
:10503000B3A10008D79F0008D3A00008B5F400086A
:10504000E59F0008E79F0008000000000000000046
:10505000397D0008659F00086D9F0008719F00085A
:1050600031A00008759F0008779F000809A000087C
:10507000B3A00008799F00089DA0000881A0000847
:1050800003A000087B9F00082DA000087F9F000858
:10509000839F0008879F00088D9F0008959F000848
:1050A000999F000867A000080100000000000000B0
:1050B00000000000000000000000000000000000F0
:1050C00002000000010000000000000000000000DD
:1050D00000000000000000000300000000000000CD
:1050E00001000000000000000000000000000000BF
:1050F00004000000000000000100000000000000AB
:10510000000000000000000000000000000000009F
:10511000000000000000000000000000000000008F
:105120001600000018000000FFFFFFFFFFFFFFFF59
:10513000FFFFFFFF00000000000000000000000073
:1051400049A300084BA300084DA300084FA3000883
:1051500051A3000853A3000855A3000865A3000845
:1051600075A300086BA300086FA300085DA30008E7
:1051700061A30008456D00087065E18FD9FABB7026
:10518000C1ED90DCA19907DE698C88B709EA146E3D
:10519000AFD93D9B830C7B60C4681193C79BBC391E
:1051A000945BA8064104BB618F8FD7A84A0AF6F525
:1051B0007033D6E8DDCD6471001EC77175B0918E75
:1051C000D206F9AE04EC136D6D5D4315BB26305469
:1051D00027F645B492E9350C1000000000000000ED
:1051E00000000000B9B2000849A300084BA3000862
:1051F0004DA300084FA3000851A3000853A30008C3
:1052000055A3000865A3000875A3000859AD000860
:105210006FA300085DA3000861A30008456D0008A6
:1052200001AD000815AD000805AD000829AD000866
:1052300019AD00081DAD000821AD000807AD00083C
:1052400009AD00084D6D00080BAD00080FAD00085A
:1052500011AD00084F6D000813AD0008516D000836
:1052600025AD0008536D0008556D0008303132330C
:10527000343536373839414243444546002F735F51
:10528000636F6E7461637473004F4B202D207265E1
:1052900070656174206973206E6F77204F464600F9
:1052A0004F4B202D20726570656174206973206EEC
:1052B0006F77204F4E00647574796379636C652055
:1052C000004552524F523A20647574796379636C89
:1052D00065206D75737420626520312D313030008A
:1052E0004F4B202D2025642E256425250061662046
:1052F00000696E742E74687265736820006167635C
:105300002E72657365742E696E74657276616C2099
:10531000004F4B202D20696E74657276616C20728F
:105320006F756E64656420746F202564006D756C04
:1053300074692E61636B732000616C6C6F772E72E1
:105340006561642E6F6E6C792000666C6F6F642EE1
:105350006164766572742E696E74657276616C2014
:10536000004572726F723A20696E74657276616C74
:105370002072616E676520697320332D31363820C5
:10538000686F757273004572726F723A20696E743D
:10539000657276616C2072616E6765206973202585
:1053A000642D323430206D696E75746573006775D5
:1053B0006573742E70617373776F726420007072FE
:1053C000762E6B657920004F4B2C207265626F6FD3
:1053D0007420746F206170706C7921204E65772085
:1053E0007075626B65793A20004572726F722C207D
:1053F000626164206B6579006E616D652000726585
:105400007065617420004F4B202D207265626F6FB4
:105410007420746F206170706C79004572726F72C5
:105420002C20696E76616C696420726164696F20FA
:10543000706172616D73006C617420006C6F6E201E
:1054400000727864656C617920004572726F722C0D
:105450002063616E6E6F74206265206E6567617493
:1054600069766500666C6F6F642E6D61782000450B
:1054700072726F722C206D617820363400666C6F0A
:105480006F642E6164766572742E626173652000AC
:105490004572726F723A2062617365206D75737424
:1054A000206265206265747765656E203020616ECC
:1054B00064203100666C6F6F642E72656C61792EAA
:1054C00070726F6220004572726F723A2070726F54
:1054D000626162696C697479206D757374206265AC
:1054E00020302D32353500666C6F6F642E64796E16
:1054F000616D69632E656E61626C65200045727234
:105500006F723A206578706563746564206F6E20F1
:105510006F72206F6666006469726563742E7478BA
:1055200064656C617920006F776E65722E696E66B6
:105530006F2000706174682E686173682E6D6F64EF
:105540006520004572726F722C206D757374206235
:105550006520302C312C206F722032006C6F6F7000
:105560002E64657465637420004572726F722C201E
:105570006D7573742062653A206F66662C206D69C4
:105580006E696D616C2C206D6F6465726174652C41
:10559000206F7220737472696374007478200066DF
:1055A00072657120006272696467652E656E616262
:1055B0006C656420006272696467652E64656C6165
:1055C0007920004572726F723A2064656C617920AF
:1055D0006D757374206265206265747765656E20F1
:1055E000302D3130303030206D7300627269646765
:1055F000652E736F75726365200072780062726940
:105600006467652E6261756420004572726F723A3C
:1056100020626175642072617465206D75737420F9
:105620006265206265747765656E20393630302D8D
:105630002564006164632E6D756C7469706C6965B6
:105640007220004F4B202D207573696E67206465B2
:105650006661756C7420626F617264206D756C7424
:1056600069706C696572004F4B202D206D756C74EC
:1056700069706C6965722073657420746F20252EC3
:105680003366004572726F723A20756E7375707072
:105690006F72746564206279207468697320626F28
:1056A00061726400756E6B6E6F776E20636F6E66ED
:1056B00069673A202573004572726F722C2062610F
:1056C00064206368617273006C6F675278006C6F5E
:1056D00067547800647574796379636C65003E2063
:1056E00025642E25642525006166003E2025730073
:1056F000696E742E746872657368003E20256400BC
:105700006167632E72657365742E696E7465727657
:10571000616C006D756C74692E61636B7300616CF4
:105720006C6F772E726561642E6F6E6C7900666C9B
:105730006F6F642E6164766572742E696E74657223
:1057400076616C00666C6F6F642E6164766572744E
:105750002E6261736500666C6F6F642E72656C619A
:10576000792E70726F62003E20257500666C6F6F37
:10577000642E64796E616D69632E656E61626C651D
:105780000067756573742E70617373776F72640050
:105790007072762E6B6579006E616D650072657052
:1057A000656174006C6174006C6F6E003E2025733F
:1057B0002C25732C25642C256400727864656C613B
:1057C0007900666C6F6F642E6D6178006469726534
:1057D00063742E747864656C6179006F776E65729E
:1057E0002E696E666F00706174682E686173682E32
:1057F0006D6F6465006C6F6F702E646574656374A3
:10580000003E206F6666003E206D696E696D616CBA
:10581000003E206D6F646572617465003E20737494
:1058200072696374007478006672657100707562E5
:105830006C69632E6B657900726F6C6500627269CA
:105840006467652E7479706500727332333200625A
:1058500072696467652E656E61626C656400627270
:10586000696467652E64656C61790062726964675A
:10587000652E736F75726365006272696467652E69
:105880006261756400626F6F746C6F616465722E23
:10589000766572004552524F523A20756E7375709C
:1058A000706F72746564006164632E6D756C7469E9
:1058B000706C696572003E20252E33660070777229
:1058C0006D67742E737570706F7274003E20756E04
:1058D000737570706F72746564007077726D677441
:1058E0002E736F75726365004552524F523A2050C5
:1058F0006F776572206D616E6167656D656E74208E
:105900006E6F7420737570706F7274656400707759
:10591000726D67742E626F6F74726561736F6E0063
:105920007077726D67742E626F6F746D76003F3F93
:105930003A20257300457272202D20736176652010
:105940006661696C6564002A006C6F616400736154
:10595000766500616C6C6F776600457272202D2051
:10596000756E6B6E6F776E20726567696F6E00641F
:10597000656E79660067657400202573202825739D
:10598000292025730020257320257300686F6D651D
:105990000020686F6D65206973206E6F7720257316
:1059A0000020686F6D65206973202573006465664B
:1059B00061756C74002064656661756C7420736336
:1059C0006F7065206973206E6F77203C6E756C6C0C
:1059D0003E002064656661756C742073636F70654A
:1059E000206973206E6F7720257300457272202D19
:1059F00020726567696F6E207461626C65206675E0
:105A00006C6C002064656661756C742073636F70E4
:105A10006520697320257300457272202D20756EF4
:105A20006B6E6F776E20706172656E740045727276
:105A3000202D20756E61626C6520746F2070757406
:105A4000004F4B202D2028666C6F6F6420616C6CBA
:105A50006F776564290072656D6F766500457272B7
:105A6000202D206E6F7420656D7074790045727200
:105A7000202D206E6F7420666F756E6400616C6CF3
:105A80006F7765640064656E6965640045727220B5
:105A90002D207573652027616C6C6F7765642720F6
:105AA0006F72202764656E696564270045727220F5
:105AB0002D203F3F00457272006E756C6C00706F58
:105AC0007765726F66660073687574646F776E00D1
:105AD000636C6B7265626F6F74006164766572747B
:105AE0002E7A65726F686F70004F4B202D207A659B
:105AF000726F686F70206164766572742073656E72
:105B00007400616476657274004F4B202D204164EF
:105B1000766572742073656E7400636C6F636B20BE
:105B200073796E63004F4B202D20636C6F636B2085
:105B30007365743A20253032643A25303264202D62
:105B40002025642F25642F25642055544300455299
:105B5000523A20636C6F636B2063616E6E6F7420CA
:105B6000676F206261636B77617264730073746145
:105B70007274206F7461004572726F7200636C6F93
:105B8000636B0074696D652000284552523A2063AA
:105B90006C6F636B2063616E6E6F7420676F206241
:105BA00061636B776172647329006E65696768620F
:105BB0006F722E72656D6F766520004552523A20E5
:105BC000626164207075626B65790074656D7072D6
:105BD0006164696F20004F4B202D2074656D70202B
:105BE000706172616D7320666F72202564206D692B
:105BF0006E73004572726F722C20696E76616C69EB
:105C00006420706172616D730070617373776F727D
:105C100064206E6F773A20257300636C6561722093
:105C200064656E73652E737461747300284F4B2026
:105C30002D2064656E7365207374617473207265C2
:105C40007365742900636C65617220706F7765728B
:105C50002E737461747300284F4B202D20706F7762
:105C600065722073746174732072657365742900A2
:105C7000636C65617220737461747300284F4B20EC
:105C80002D207374617473207265736574290046E6
:105C9000696C652073797374656D206572617365D5
:105CA0003A20257300257320284275696C643A20D8
:105CB0002573290073656E736F7220676574200009
:105CC00073656E736F722073657420006F6B006371
:105CD000616E27742066696E6420637573746F6DDE
:105CE000207661720073656E736F72206C697374D5
:105CF000006E6F20637573746F6D2076617200257E
:105D00006420766172730A0025733D25730A002EA4
:105D10002E2E206E6578743A256400706F77657258
:105D2000736176696E67206F6E00706F776572734E
:105D30006176696E67206F666600706F7765727353
:105D40006176696E67006C6F6720737461727400AE
:105D50002020206C6F6767696E67206F6E006C6F24
:105D6000672073746F70002020206C6F6767696E06
:105D700067206F6666006C6F6720657261736500EF
:105D80002020206C6F67206572617365640020209D
:105D900020454F460073746174732D7061636B65A9
:105DA00074730073746174732D726164696F00732E
:105DB000746174732D636F726500556E6B6E6F77CF
:105DC0006E20636F6D6D616E64002F636F6D5F7029
:105DD00072656673002F6E6F64655F7072656673BF
:105DE0000025732F25732E6964002F726567696F14
:105DF0006E7332005E002573257320460A00000092
:105E0000000000000000000021E4000843E4000856
:105E10001DE4000877E4000867E400086BE400086C
:105E200071E40008CBE00108EDE00108000000008B
:105E3000000000005FEC000895EC00089FEC0008F3
:105E400013EC0008A5EB000835EB000839EB00085F
:105E50003DEB000867EC0008BDEC000819EC0008F9
:105E600025642E253033640000000000000000008F
:105E7000BBF1000801F20008BDF10008EBF10008D9
:105E800075F0000811F2000831F30008FDF1000878
:105E90000000F0C0000020C1000048C1000070C137
:105EA00000008CC10000A0C1000000000000000044
:105EB00019F800082DF8000800000000000000009C
:105EC0002FFA000871FA00081DE40008D3FA000850
:105ED000ADF80008B5F80008CFF80008CBE00108DD
:105EE000EDE001080000000000000000A904010826
:105EF000BB050108AD0501089F05010891050108D2
:105F000051050108450501083F0501083504010850
:105F10003B0501083705010825050108C1040108F2
:105F20001B050108CD04010815050108C704010877
:105F3000AB040108C905010803050108F3040108C1
:105F4000EF0401085D040108F142010800000000AF
:105F5000000000002D060108710701082D16010838
:105F60002D2A0108732A01087D2A0108710C0108F5
:105F7000913F010815130108613F0108FF11010855
:105F80005F1D01088518010825100108131001087C
:105F9000F50B010821330108A132010891380108ED
:105FA000193B01082F3B01082F0601084D09010884
:105FB000E73801080D320108ED330108BD3401084E
:105FC0002519010835180108D5120108B10C01087E
:105FD000B10E0108450E0108731001085F10010899
:105FE0005D0E01088D0C01085912010821120108EB
:105FF0004D0C01080D1401089D100108670E0108E1
:10600000D31101081D060108250601081D06010817
:10601000250601081D060108250601087509010865
:10602000E90F0108851A0108651101086F0E0108C2
:10603000E9070108650701081D300108E93001087A
:10604000290701088107010821080108D90A010868
:10605000150B010800000000000000006D08010899
:10606000CB080108B9080108D9080108710801081E
:1060700051050108450501083F05010835040108DF
:106080003B0501083705010825050108C104010881
:106090001B050108CD04010815050108C704010806
:1060A000AB040108C905010803050108F304010850
:1060B000EF0401085D040108F14201080024F40026
:1060C000010000005358313236310000000000005A
:1060D00000000000110A0108610B01082D160108DB
:1060E0002D2A0108732A01087D2A0108710C010874
:1060F000913F010815130108613F0108FF110108D4
:106100005F1D0108851801082510010813100108FA
:10611000F50B010821330108A1320108913801086B
:10612000193B01082F3B0108450C01084D090108E6
:10613000E73801080D320108ED330108BD340108CC
:106140002519010835180108D5120108B10C0108FC
:10615000B10E0108450E0108731001085F10010817
:106160005D0E01088D0C0108591201082112010869
:106170004D0C01080D1401089D100108670E01085F
:10618000D31101080D300108153001080D30010848
:10619000153001080D300108153001087509010896
:1061A000E90F0108851A0108651101086F0E010841
:1061B000BD2F0108ED2F01081D300108E93001084D
:1061C0005F2C0108130A0108870A0108D90A01088F
:1061D000150B010822FB12001103210011062103F7
:1061E00022021406110B120B110E120E11141116AD
:1061F000220B13152111240D21142116221523150C
:106200004113411433145213611652165316631678
:10621000641674160000000000000000AD0E0108B6
:10622000EF1101082D1601082D2A0108732A010813
:106230007D2A0108710C0108913F0108151301081E
:10624000613F0108FF1101085F1D01088518010861
:106250002510010813100108FF3E01082133010831
:10626000A132010891380108193B01082F3B0108B0
:106270000B3F0108113F0108E73801080D32010802
:10628000ED330108BD34010825190108351801084E
:10629000D5120108B10C0108B10E0108450E010824
:1062A000731001085F1001085D0E01088D0C0108D4
:1062B00059120108211201084D0C01080D140108A2
:1062C0009D100108670E0108D31101080D30010867
:1062D000153001080D300108153001080D30010896
:1062E00015300108ED3E0108E90F0108851A010883
:1062F000651101086F0E0108BD2F0108ED2F01087F
:106300001D300108E93001085F2C0108212D3033D0
:106310003639000F060300122436480416283A4C7A
:10632000081A2C3E0C1E3042102234460113253729
:10633000490517293B4D091B2D3F0D1F31431123E3
:106340003547021426384A06182A3C4E0A1C2E40AD
:106350000E203244031527394B07192B3D4F0B1DD7
:106360002F410F2133450108AC0000000000000060
:10637000000000000000000000000000D33E010803
:10638000DF3E0108E53E0108ED3E0108DF3E010861
:10639000913F0108D93E0108613F0108DF3E010835
:1063A000DF3E0108F33E0108F93E0108DF3E010827
:1063B000FF3E0108FF3E0108FF3E0108ED3E0108D7
:1063C000ED3E0108053F01080B3F0108113F0108A0
:1063D000F33E0108F93E0108173F0108173F010885
:1063E000273F01082D3F01082D3F0108353F0108D7
:1063F000413F0108413F0108453F0108F93E0108BE
:10640000F93E0108DF3E01084B3F0108DF3E01086D
:10641000DF3E01084B3F0108513F0108553F01088D
:10642000573F0108553F0108593F0108553F0108F2
:10643000593F0108553F0108593F0108ED3E010849
:106440004B3F01085B3F0108DF3E010800000000F0
:1064500030211203120330210312213021300312A4
:106460004370340725165261526125163407437074
:106470000734704361521625162561527043073464
:106480003407437052612516251652614370340754
:106490007043073416256152615216250734704344
:1064A00000000000000000000000000000000000EC
:1064B00000000000000000000000000000000000DC
:1064C00000000000000000000000000000000000CC
:1064D00000000000000000000000000000000000BC
:1064E000000000000000000000000000E74201087A
:1064F000E7420108E9420108EB420108E7420108CE
:10650000ED420108F1420108000000000000000017
:1065100025430108454301081944010821430108A6
:1065200059430108B1450108D94701081D44010834
:10653000000000000000000000000000000000005B
:10654000194401080000000000000000B1450108E6
:10655000D94701081D440108000102040810204029
:10656000801B36001B362D6C775A4152096AD53094
:1065700036A538BF40A39E81F3D7FB7CE339829BCD
:106580002FFF87348E4344C4DEE9CB547B9432A67C
:10659000C2233DEE4C950B42FAC34E082EA166284D
:1065A000D924B2765BA2496D8BD12572F8F6648648
:1065B000689816D4A45CCC5D65B6926C704850FDAA
:1065C000EDB9DA5E154657A78D9D8490D8AB008C47
:1065D000BCD30AF7E45805B8B34506D02C1E8FCAC1
:1065E0003F0F02C1AFBD0301138A6B3A9111414FB6
:1065F00067DCEA97F2CFCEF0B4E67396AC7422E78C
:10660000AD3585E2F937E81C75DF6E47F11A711D6B
:1066100029C5896FB7620EAA18BE1BFC563E4BC631
:10662000D279209ADBC0FE78CD5AF41FDDA83388DA
:1066300007C731B11210592780EC5F60517FA9194B
:10664000B54A0D2DE57A9F93C99CEFA0E03B4DAE76
:106650002AF5B0C8EBBB3C83539961172B047EBA73
:1066600077D626E169146355210C7D637C777BF234
:106670006B6FC53001672BFED7AB76CA82C97DFA36
:106680005947F0ADD4A2AF9CA472C0B7FD93263693
:106690003FF7CC34A5E5F171D8311504C723C318F1
:1066A00096059A071280E2EB27B27509832C1A1B14
:1066B0006E5AA0523BD6B329E32F8453D100ED206C
:1066C000FCB15B6ACBBE394A4C58CFD0EFAAFB4332
:1066D0004D338545F9027F503C9FA851A3408F92CE
:1066E0009D38F5BCB6DA2110FFF3D2CD0C13EC5F68
:1066F000974417C4A77E3D645D197360814FDC2207
:106700002A908846EEB814DE5E0BDBE0323A0A4986
:1067100006245CC2D3AC629195E479E7C8376D8DED
:10672000D54EA96C56F4EA657AAE08BA78252E1CC7
:10673000A6B4C6E8DD741F4BBD8B8A703EB56648B3
:1067400003F60E613557B986C11D9EE1F8981169AF
:10675000D98E949B1E87E9CE5528DF8CA1890DBF69
:10676000E6426841992D0FB054BB160000000000AE
:106770000000000000000000000000000000000019
:106780000000000000000000000000000000000009
:10679000000000001B132C0AA3E59CEDA729630849
:1067A0005D210621EBFFFFFFFFFFFFFFFFFFFFFF64
:1067B000FFFFFFFF0F000000EDD3F55C1A631258D6
:1067C000D69CF7A2DEF9DE140000000000000000F5
:1067D0000000000000000010A3DDB7A5B38ADE6D45
:1067E000F5525177809FF0207DE3AB648E4EEA66D0
:1067F00065768BD70F5F87670100000000000000FF
:106800000000000000000000000000000000000088
:106810000000000000000000586666666666666656
:106820006666666666666666666666666666666608
:1068300066666666666666661AD5258F602D56C9D9
:10684000B2A7259560C72C695CDCD6FD31E2A4C0F7
:10685000FE536ECDD336692159F1B226949BD6EB07
:1068600056B183829A14E00030D1F3EEF2808E1993
:10687000E7FCDF56DCD90624A3785913CA4DEB7523
:10688000ABD841414D0A700098E879777940C78CC0
:1068900073FE6F2BEE6C035200000000000000003E
:1068A0003150010851500108B94F0108BD4F01088E
:1068B000C14F0108355201089952010819500108C9
:1068C0003353010863530108982F8A42914437716A
:1068D000CFFBC0B5A5DBB5E95BC25639F111F15963
:1068E000A4823F92D55E1CAB98AA07D8015B8312A5
:1068F000BE853124C37D0C55745DBE72FEB1DE8051
:10690000A706DC9B74F19BC1C1699BE48647BEEF7F
:10691000C69DC10FCCA10C246F2CE92DAA84744A0A
:10692000DCA9B05CDA88F97652513E986DC631A880
:10693000C82703B0C77F59BFF30BE0C64791A7D55F
:106940005163CA0667292914850AB72738211B2EE7
:10695000FC6D2C4D130D385354730A65BB0A6A76CF
:106960002EC9C281852C7292A1E8BFA24B661AA8DB
:10697000708B4BC2A3516CC719E892D1240699D6EB
:1069800085350EF470A06A1016C1A419086C371E64
:106990004C774827B5BCB034B30C1C394AAAD84E42
:1069A0004FCA9C5BF36F2E68EE828F746F63A5787D
:1069B0001478C8840802C78CFAFFBE90EB6C50A410
:1069C000F7A3F9BEF27871C60000000000000000D5
:1069D0002954010849540108CF530108D353010831
:1069E000F1530108215901089F590108D7530108A3
:1069F0003F5A01086F5A010822AE28D7982F8A42C1
:106A0000CD65EF23914437712F3B4DECCFFBC0B5E3
:106A1000BCDB8981A5DBB5E938B548F35BC25639E3
:106A200019D005B6F111F1599B4F19AFA4823F92CD
:106A300018816DDAD55E1CAB420203A398AA07D871
:106A4000BE6F7045015B83128CB2E44EBE8531246B
:106A5000E2B4FFD5C37D0C556F897BF2745DBE72C5
:106A6000B196163BFEB1DE803512C725A706DC9B2A
:106A7000942669CF74F19BC1D24AF19EC1699BE40F
:106A8000E3254F388647BEEFB5D58C8BC69DC10F29
:106A9000659CAC77CCA10C2475022B596F2CE92D89
:106AA00083E4A66EAA84744AD4FB41BDDCA9B05C21
:106AB000B5531183DA88F976ABDF66EE52513E9812
:106AC0001032B42D6DC631A83F21FB98C82703B002
:106AD000E40EEFBEC77F59BFC28FA83DF30BE0C6DF
:106AE00025A70A934791A7D56F8203E05163CA0691
:106AF000706E0E0A67292914FC2FD246850AB72723
:106B000026C9265C38211B2EED2AC45AFC6D2C4D5B
:106B1000DFB3959D130D3853DE63AF8B54730A6555
:106B2000A8B2773CBB0A6A76E6AEED472EC9C281B1
:106B30003B358214852C72926403F14CA1E8BFA20C
:106B4000013042BC4B661AA89197F8D0708B4BC2AB
:106B500030BE5406A3516CC71852EFD619E892D133
:106B600010A96555240699D62A20715785350EF44B
:106B7000B8D1BB3270A06A10C8D0D2B816C1A4195F
:106B800053AB4151086C371E99EB8EDF4C77482789
:106B9000A8489BE1B5BCB034635AC9C5B30C1C39D5
:106BA000CB8A41E34AAAD84E73E363774FCA9C5B12
:106BB000A3B8B2D6F36F2E68FCB2EF5DEE828F748D
:106BC000602F17436F63A57872ABF0A11478C88467
:106BD000EC39641A0802C78C281E6323FAFFBE90A2
:106BE000E9BD82DEEB6C50A41579C6B2F7A3F9BEFD
:106BF0002B5372E3F27871C69C6126EACE3E27CA17
:106C000007C2C021C7B886D11EEBE0CDD67DDAEA37
:106C100078D16EEE7F4F7DF5BA6F1772AA67F006D6
:106C2000A698C8A2C57D630AAE0DF9BE04983F11AF
:106C30001B471C13350B711B847D0423F577DB2860
:106C40009324C7407BABCA32BCBEC9150ABE9E3C6A
:106C50004C0D109CC4671D43B6423ECBBED4C54C00
:106C60002A7E65FC9C297F59ECFAD63AAB6FCB5F44
:106C70001758474A8C19446C08C9BCF367E6096A7F
:106C80003BA7CA8485AE67BB2BF894FE72F36E3CBB
:106C9000F1361D5F3AF54FA5D182E6AD7F520E5118
:106CA0001F6C3E2B8C68059B6BBD41FBABD9831FD2
:106CB00079217E1319CDE05BB0A00E4A271BEEC4EC
:106CC00078E42FAD0618432FA7D7FB3D99004D2B35
:106CD0000BDFC14F8024832B000000000000000068
:106CE00000000000000000000000000000000000A4
:106CF0000000000000000000000000000000000094
:106D000000000000000000001F1C1F1E1F1E1F1F90
:106D10001E1F1E000100010064006400000000004E
:106D20000000000000000000000000000000000063
:106D30000000000000000000000000000000000053
:106D40000000000000000000000000000000000043
:106D50000000000000000000000000000000000033
:106D60000000000000000000000000000000000023
:106D70000000000000000000000000000000000013
:106D80000000000000000000000000000000000003
:106D900000000000000000000000000000000000F3
:106DA00000000000000000000000000000000000E3
:106DB00000000000000000000000000000000000D3
:106DC00000000000000000000000000000000000C3
:106DD00000000000000000000000000001000100B1
:106DE00001000A0002000000000000000000000096
:106DF000000000000000E80300000A006400E8034F
:106E0000010000000100010000000000000001007E
:106E10000000000001000000E803E8030100010099
:106E200064000100000000000000000000000000FD
:106E3000010001010202000000000000000000004B
:106E40000000000000000000000000000000000042
:106E50000000000000000000000000000000000032
:106E60000000000000000000000000000000000022
:106E70000000000000000000000000000000000012
:106E80000000000000000000000000000000000002
:106E900000000000000004020102010000000000E8
:106EA00000000006000202020400010200000002CD
:106EB00000000200040402040603090000000000B0
:106EC000010000000000000000000000B3620108A3
:106ED000B562010800000000000000008F63010897
:106EE000A76301081DE40008416401081B64010850
:106EF0003D650108C7630108CBE00108EDE001082A
:106F00002F002E2E006C6974746C6566730000008F
:106F1000000000006410B71DC8206E3BAC30D926BD
:106F20009041DC76F4516B6B5861B24D3C71055069
:106F30002083B8ED44930FF0E8A3D6D68CB361CB91
:106F4000B0C2649BD4D2D38678E20AA01CF2BDBD45
:106F500022AE28D7982F8A42CD65EF23914437710E
:106F60002F3B4DECCFFBC0B5BCDB8981A5DBB5E980
:106F700038B548F35BC2563919D005B6F111F1594D
:106F80009B4F19AFA4823F9218816DDAD55E1CAB7E
:106F9000420203A398AA07D8BE6F7045015B831213
:106FA0008CB2E44EBE853124E2B4FFD5C37D0C55CE
:106FB0006F897BF2745DBE72B196163BFEB1DE80C6
:106FC0003512C725A706DC9B942669CF74F19BC1B7
:106FD000D24AF19EC1699BE4E3254F388647BEEF54
:106FE000B5D58C8BC69DC10F659CAC77CCA10C240C
:106FF00075022B596F2CE92D83E4A66EAA84744A7E
:10700000D4FB41BDDCA9B05CB5531183DA88F976B5
:10701000ABDF66EE52513E981032B42D6DC631A8EA
:107020003F21FB98C82703B0E40EEFBEC77F59BFCE
:10703000C28FA83DF30BE0C625A70A934791A7D5B9
:107040006F8203E05163CA06706E0E0A6729291425
:10705000FC2FD246850AB72726C9265C38211B2E6D
:10706000ED2AC45AFC6D2C4DDFB3959D130D38539A
:10707000DE63AF8B54730A65A8B2773CBB0A6A76AD
:10708000E6AEED472EC9C2813B358214852C729243
:107090006403F14CA1E8BFA2013042BC4B661AA8C0
:1070A0009197F8D0708B4BC230BE5406A3516CC779
:1070B0001852EFD619E892D110A96555240699D631
:1070C0002A20715785350EF4B8D1BB3270A06A10F2
:1070D000C8D0D2B816C1A41953AB4151086C371EA1
:1070E00099EB8EDF4C774827A8489BE1B5BCB034BC
:1070F000635AC9C5B30C1C39CB8A41E34AAAD84E9E
:1071000073E363774FCA9C5BA3B8B2D6F36F2E6864
:10711000FCB2EF5DEE828F74602F17436F63A5782A
:1071200072ABF0A11478C884EC39641A0802C78CD9
:10713000281E6323FAFFBE90E9BD82DEEB6C50A4EB
:107140001579C6B2F7A3F9BE2B5372E3F27871C674
:107150009C6126EACE3E27CA07C2C021C7B886D1A5
:107160001EEBE0CDD67DDAEA78D16EEE7F4F7DF56D
:10717000BA6F1772AA67F006A698C8A2C57D630AFF
:10718000AE0DF9BE04983F111B471C13350B711B44
:10719000847D0423F577DB289324C7407BABCA3278
:1071A000BCBEC9150ABE9E3C4C0D109CC4671D4355
:1071B000B6423ECBBED4C54C2A7E65FC9C297F5985
:1071C000ECFAD63AAB6FCB5F1758474A8C19446C30
:1071D000853B8C01BDF124FFF825C30160DC37003D
:1071E000B74C3EFFC3423D00324CA401E1A44CFF2A
:1071F0004C3DA3FF753E1F00519140FF76410E00AC
:10720000A273D6FF068A2E007CE6F4FF0A8A8F005E
:10721000341AC200B8F44C00818F2901BEF413FF68
:107220007BAA7AFF6281440079D5930056651EFFE0
:10723000A1679B008C5943FFEFE5BE01430BB500EE
:10724000C6F089FEEE45BCFFEA713CFF25FF39FF21
:1072500045B2B6FE80D0B300761A7DFE0307D6FF96
:10726000F1324DFF55CBC5FFD387FAFF193064FFCC
:10727000BBD5B4FE1158690053D19E01057362005D
:1072800004AE3CFEAB376EFFD9B511FF14BCAA00AB
:10729000929C66FE57D6AEFF727A9B01E92CAA003B
:1072A0007F08EF01D6ECEA00AF05DB00316A3DFF55
:1072B0000642D0FF026A6EFF51EA13FFD76BC0FF90
:1072C0004397EE00132A6CFFE5557101324487FFA6
:1072D000116A0900326701FF5001A80123981EFFBF
:1072E00010A8B9013859E8FF65D2FC0029FA470017
:1072F000CCAA4FFF0E2EEFFF504DEF00BDD64BFF37
:10730000118DF90026504CFFBE55750056E4AA00B9
:107310009CD8D001C3CFA4FF96424CFFAFE110FF31
:107320008D5062014CDBF200C6A272002EDA98008A
:107330009B2BF1FE9BA068FFB209FCFE646ED4009B
:107340000E05A700E9EFA3FF1C979D0165920AFFB8
:10735000FE9E46FE47F9E400581E3200443AA0FF64
:10736000BF186801814281FFC03255FF08B38AFF10
:1073700026FAC9007350A00083E671007D5893007F
:107380005A44C700FD4C9E001CFF760071FAFE00B7
:10739000424B2E00E6DA2B00E578BA0194442B002C
:1073A000887CEE01BB6BC5FF5435F6FF3374FEFFDE
:1073B00033BBA5000211AF004254A001F73A1E00F2
:1073C000234135FE45ECBF002D86F501A37BDD0092
:1073D000206E14FF3417A500BAD64700E9B060004C
:1073E000F2EF360139598A00530054FF88A0640037
:1073F0005C8E78FE687CBE00B5B13EFFFA29550070
:1074000098822A0160FCF60097973FFEEF853E00C8
:1074100020389C002DA7BDFF8E85B3018356D30075
:10742000BBB396FEFAAA0EFF447115FFDEBA3BFF0E
:107430004207F10145064800569C6CFE37A75900EB
:107440006D34DBFE0DB017FFC42C6AFFEF9547FFCC
:10745000A48C7DFF9FAD01003329E700913E210000
:107460008A6F5D01B953450090732E00619710FF3C
:1074700018E41A0031D9E200714BEAFEC1990CFF01
:10748000B63060FF0E0D1A0080C3F9FE45C13B0007
:10749000842551FE7D6A3C00D6F0A901A4E3420098
:1074A000D2A34E0025349700634D1A00EE9CD5FF01
:1074B000D5C0D101492E54001441290136CE4F00C8
:1074C000C98392FEAA6F18FFB12132FEAB26CBFF13
:1074D0004EF77400D1DD99008580B2013A2C190075
:1074E000C9273B01BD13FC0031E5D20175BB750016
:1074F000B5B3B8010072DB00305E9300F5293800A7
:107500007D0DCCFEF4AD77002CDD20FE54EA140096
:10751000F9A0C601EC7EEAFF8F3EDD008159D6FF5F
:10752000378B05FE4414BFFF0ECCB20123C3D90034
:107530002F33CE0126F6A500CE1B06FE9E57240053
:10754000D93492FF7D7BD7FF553C1FFFAB0D070061
:10755000DAF558FEFC233C0037D6A0FF85653800DD
:10756000E02013FE9340EA001A91A20172767D009A
:10757000F8FCFA00655EC4FFC68DE2FE332AB60051
:10758000870C09FE6DACD2FFC5ECC201F1419A0037
:10759000309C2FFF994337FFDAA522FE4AB4B3008F
:1075A000DA424701587A6300D4B5DBFF5C2AE7FF73
:1075B000EF009A00F54DB7FF5E51AA0112D5D80031
:1075C000AB5D4700345EF8001297A1FEC5D142FFC3
:1075D000AEF40FFEA230B700313DF0FEB65DC30041
:1075E000C7E40601C80511FF892DEDFF6C94040066
:1075F0005A4FEDFF273F4DFF3552CF018E1676FFD4
:1076000065E812015C1A430005C858FF21A88AFFEB
:1076100095E1480002D11BFF2CF5A801DCED11FF1C
:107620001ED369FE8DEEDD008050F5FE6FFE0E006C
:10763000DE5FBE01DF09F100924CD4FF6CCD68FF24
:107640003F7599009045300023E46F00C021C1FFD1
:1076500070D6BEFE7398970017665800334AF8003C
:10766000E2C78FFECCA265FFD061BD01F5681200B4
:10767000E6F61EFF179445006E5834FEE2B559FF3A
:10768000D02F5AFE72A150FF2174F800B39857FF13
:107690004590B10158EE1AFF3A207101014D4500A5
:1076A0003B7934FF98EE53003408C100E727E9FF27
:1076B000C7228A00DE44AD005B39F2FEDCD27FFFD8
:1076C000C007F6FE9723BB00C3ECA5006F5DCE009C
:1076D000D4F785019A85D1FF9BE70A00404E26002A
:1076E0007AF964011E1361FF3E5BF901F8854D00D4
:1076F000C53FA8FE740A5200B8EC71FED4CBC2FF9D
:107700003D64FCFE2405CAFF775B99FF814F1D0095
:107710006767ABFEEDD76FFFD8354500EFF0170078
:10772000C295DDFF26E1DE00E8FFB4FE765285FF5C
:1077300039D1B1018BE885009EB02EFEC2732E00B8
:1077400058F7E5011C67BF00DDDEAFFE95EB2C00AE
:1077500097E419FEDA6967008E55D2009581BEFF65
:10776000D5415EFE7586E0FF52C675009DDDDC00EA
:10777000A3652400C572250068ACA6FE0BB6000008
:107780005148BCFF61BC10FF45060A00C79391FF3A
:107790000809730141D6AFFFD9ADD100507FA600D3
:1077A000F7E504FEA7B77CFF5A1CCCFEAF3BF0FF09
:1077B0000B29F8016C2833FF90B1C3FE96FA7E00C6
:1077C0008A5B4101783CDEFFF5C1EF001DD6BDFFAD
:1077D00080021900509AA2004DDC6B01EACD4AFFED
:1077E00036A667FF74480900E45E2FFF1EC819FF24
:1077F00023D659FF3DB08CFF53E2A3FF4B82AC0070
:10780000802611005F8998FFD77C9F014F5D0000A3
:1078100094529DFEC382FBFF28CA4CFFFB7EE00012
:107820009D633EFECF07E1FF6044C3008CBA9DFF1D
:107830008313E7FF2A80FE0034DB3DFE66CB480061
:107840008D070BFFBAA4D5001F7A770085F291004F
:10785000D0FCE8FF5BD5B6FF8F04FAFEF9D74A00EB
:10786000A51E6F01AB09DF00E57B22015C821AFFD8
:107870004D9B2D01C38B1CFF3BE04E008811F70090
:107880006C7920004FFABDFF60E3FCFE26F13E005C
:107890003EAE7DFF9B6F5DFF0AE6CE0161C528FF0E
:1078A000003139FE41FA0D0012FB96FFDC6DD2FF6C
:1078B00005AEA6FE2C81BD00EB2393FF25F78DFFBF
:1078C000488D04FF676BFF00F75A0400352C2A002F
:1078D000021EF000043B3F00584E240071A7B40084
:1078E000BE47C1FFC79EA4FF3A08AC004D210C0063
:1078F000413F0300994D21FFACFE6601E4DD04FF2A
:10790000571EFE01922956FF8ACCEFFE6C8D11FFA7
:10791000BBF28700D2D07F00442D0EFE49603E00AE
:10792000513C18FFAA0624FF03F91A0023D56D0065
:10793000168136FF1523E1FFEA3D38FF3AD90600EC
:107940008F7C5800EC7E4200D126B7FF22EE06FF66
:10795000AE9166005F16D300C40F99FE2E54E8FF67
:1079600075229201E7FA4AFF1B8664015CBBC3FFE4
:10797000AAC67000781C2A00D14643001D511F0082
:107980001DA86401A9ADA0006B2375003E603BFFFC
:10799000510C450187EFBEFFDCFC1200A3DC3AFF6F
:1079A0008989BCFF53666D0060064C00EADED2FF99
:1079B000B9AECD013C9ED5FF0DF1D600AC818C0057
:1079C0005D68F200C09CFB002B751E00E1519E001B
:1079D0007FE8DA00E21CCB00E91B97FF752B05FF5F
:1079E000F20E2FFF2114060089FB2CFE1B1FF5FF52
:1079F000B7D67DFE28799500BA9ED5FF5908E300D9
:107A0000455800FECB87E100C9AECB009347B800D4
:107A1000127929FE5E054E00E0D6F0FE2405B40082
:107A2000FB87E701A38AD400D2F974FE5881BB001A
:107A3000130831FE3E0E90FF9F4CD300D633520008
:107A40006D75E4FE67DFCBFF4BFC0F019A47DCFF4F
:107A5000170D5B018DA860FFB5B68500FA333700BE
:107A6000EAEAD4FEAF3F9E0027F034019EBD24FF1A
:107A7000D528550120B4F7FF13661A01541861FF89
:107A80004515DE00948B7AFFDCD5EB01E8CBFF00D7
:107A900079399300E3079A00351693014801E10014
:107AA000528630FE533C9DFF9148A9002267EF00AB
:107AB000C6E92F00741304FFB86A09FFB7815300A9
:107AC00024B0E60122674800DBA28600F52A9E006A
:107AD000209560FEA52C9000CAEF48FED7960500C1
:107AE0002A42240184D7AF0056AE56FF1AC59CFF28
:107AF00031E887FE67B65200FD80B00199B27A0086
:107B0000F5FA0A00EC18B200896A8400281D2900E1
:107B1000321E98FF7C692600E6BF4B008F2BAA001F
:107B20002C8314FF2C0D17FFEDFF9B019F6D64FF4D
:107B300070B518FF68DC6C0037D38300630CD5FF89
:107B4000989791FFEE059F00619B0800216C510002
:107B5000010367003E6D22FFFA9BB4002047C3FF7C
:107B6000264691019F5FF50045E56501881CF00000
:107B70004FE019004E6E79FFF8A87C00BB80F7003B
:107B80000293EBFE4F0B8400463A0C01B508A3FFAD
:107B90004F8985FF25AA0BFF8DF355FFB0E7D7FF6F
:107BA000CC96A4FFEFD727FF2E579CFE08A358FFC3
:107BB000AC22E800422C66FF1B3629FEEC6357FF1F
:107BC000297BA90134722B00758628009B861A0038
:107BD000E7CF5BFE238426FF13667DFE24E385FF4B
:107BE000760371FF1D0D7C0098604A015892CEFF0C
:107BF000A7BFDCFEA21258FFB66417001F75340041
:107C0000512E6A010C0207004550C901D1F6AC00A3
:107C10000C308D01E0D3580074E29F007A6282003C
:107C200041ECEA01E1E209FFCFE27B0159D63B00DA
:107C3000708758015AF4CBFF310B2601816CBA00D2
:107C400059700F01652ECCFF7FCC2DFE4FFFDDFF5D
:107C5000334912FF7F2A65FFF115CA00A0E3070030
:107C60006932EC004F34C5FF68CAD001B40F100070
:107C700065C54EFF624DCB0029B9F10123C17C00DF
:107C8000239B17FFCF35C0000B7DA301F99EB9FFE1
:107C900004833000155D6FFF3D79E70145C824FF7F
:107CA000B930B9FF6FEE15FF273219FF63D7A3FF75
:107CB00057D41EFFA49305FF800623016CDF6EFFDF
:107CC000C24CB2004A65B400F32F3000AE192BFF4E
:107CD00052ADFD013672C0FF28375B00D76CB0FF94
:107CE0000B380700E0E94C00D162CAFEF2197D00B2
:107CF0002CC15DFECB08B10087B013007047D5FFE3
:107D0000CE3BB00104431A000E8FD5FE2A37D0FFB8
:107D10003C437800C115A30063A473000A147600E5
:107D20009CD4DEFEA007D9FF72F54C01753B7B00A9
:107D3000B0C256FED50FB0004ECECFFED5813B006F
:107D4000E9FB1601603798FFECFF0FFFC55954FFA0
:107D50005D958500AEA07100EA63A9FF9874580094
:107D600090A453FF5F1DC6FF222F0FFF637886FF8D
:107D700005ECC100F9F77EFF93BB1E0032E675FFEC
:107D80006CD9DBFFA351A6FF4819A9FE9B794FFFD1
:107D90001C9B59FE077E1100934121012FEAFD0033
:107DA0001A3312006953C7FFA3C4E60071F8A40098
:107DB000E2FEDA00BDD1CBFFA4F7DEFEFF23A50073
:107DC00004BCF3017FB3470025EDFEFF64BAF00069
:107DD000053947FE674849FFF41251FEE5D284FF9A
:107DE000EE06B4FF0BE5AEFFE3DDC00111311C0070
:107DF000A3D7C4FE097604FF33F0470071816DFFFD
:107E00004CF0E700BCB17F007D472C011AAFF300B6
:107E10005EA919FE1BE61D000F8B7701A8AABAFF09
:107E2000ACC54CFFFC4BBC00897CC400481660FF0D
:107E30002D97F901DC91640040C09FFF78EFE200CC
:107E400081B2920000C07D00EB8AEA00B79D9200EB
:107E500053C7C0FFB8AC48FF49E180004D06FAFFA8
:107E6000BA41430068F6CF00BC208AFFDA18F2005E
:107E7000438A51FEED8179FF14CF960129C710FF87
:107E8000061480009F760500B5108FFFDC260F00DA
:107E9000174093FE491A0D0057E43901CC7C80004D
:107EA0002B18DF00DB63C700164B14FF131B7E008B
:107EB0009D3ED7006E1DE600B3A7FF0136FCBE0055
:107EC000DDCCB6FEB39E41FF519D0300C2DA9F0098
:107ED000AADF0000E00B20FF26C56200A8A4250051
:107EE00017580701A4BA6E0060248600EAF2E50084
:107EF000FA791300F2FE70FF032F5E0109EF06FF0F
:107F0000518699FED6FDA8FF437CE000F55F4A004C
:107F10001C1E2CFE016DDCFFB2595900FC244C00E4
:107F200018C62EFF4C4D6F0086EA88FF275E1D00A5
:107F3000B948EAFF464487FFE76607FE4DE78C0035
:107F4000A72F3A01946176FF101BE101A6CE8FFFA7
:107F50006EB2D6FFB483A2008F8DE1010DDA4EFF21
:107F6000729921016268CC00AF727501A7CE4B00F7
:107F7000CAC453013A4043008A2F6F01C4F780FFFF
:107F800089E0E0FE9E70CF009A64FF0186256B00B9
:107F9000C6804FFF7FD19BFFA3FEB9FE3C0EF300CE
:107FA0001FDB70FE1DD94100C80D74FE7B3CC4FF71
:107FB000E03BB8FEF259C4007B104BFE9510CE009A
:107FC00045FE3001E774DFFFD1A04101C8506200D7
:107FD00025C2B8FE943F22008BF041FFD99084FF68
:107FE00038262DFEC778D2006CB1A6FFA0DE0400B3
:107FF000DC7E77FEA56BA0FF52DCF801F1AF8800B4
:10800000908D17FFA98A5400A0894EFFE27650FF99
:10801000341B84FF3F608BFF98FA2700BC9B0F0046
:10802000E83396FE280FE8FFF0E509FF89AF1BFF54
:108030004B496101DAD40B008705A2016BB9D50069
:1080400002F96BFF28F24600DBC81900199D0D00EC
:10805000435250FFC4F917FF911495003248920023
:108060005E4C940118FB41001FC01700B8D4C9FF33
:108070007BE9A201F7AD4800A257DBFE7E865900DE
:108080009F0B0CFEA6691D00491BE4017178B7FF28
:1080900042A36D01D48F0BFF9FE7A801FF805A0018
:1080A000390E3AFE59340AFFFD08A3010091D2FFB0
:1080B0000A8155012EB51B006788A0FE7EBCD1FF4A
:1080C00022236F00D7DB18FFD40BD6FE65057600A0
:1080D000E8C585FFDFA76DFFED5056FF468B5E00BC
:1080E0009EC1BF019B0F33FF0FBE73004E87CFFFB2
:1080F000F90A1B01B57DE9005FAC0DFEAAD5A1FF11
:1081000027EC8AFF5F5D57FFBE805F007D0FCE00CA
:10811000A6969F00E30F9EFFCE9E78FF2A8D8000DB
:1081200065B278019C6D8300DA0E2CFEF7A8CEFFB5
:10813000D4701C007011E4FF5A102501C5DE6C00DC
:10814000FECF53FF095AF3FFF3F4AC001A5873FF44
:10815000CD747A00BFE6C100B4640B01D92560FF7D
:108160009A4E9C00EBEA1FFFCEB2B2FF95C0FB0017
:10817000B6FA8700F61669007CC16DFF02D295FF42
:10818000A911AA0000606EFF75090801327B28FF63
:10819000C1BD630022E3A000305046FED333EC00A3
:1081A0002D7AF5FE2CAE0800AD25E9FF9E41AB000F
:1081B0007A45D7FF5A5002FF836A60FEE372870058
:1081C000CD3177FEB03E40FF523311FFF114F3FF83
:1081D000820D08FE80D9F3FFA21B01FE5A76F10042
:1081E000F6C6F6FF371076FFC89F9D00A311010069
:1081F0008C6B790055A176FF260095009C2FEE0030
:1082000009A6A6014B62B5FF324A1900420F2F00A2
:108210008BE19F004C038EFF0EEEB8000BCF35FFB5
:10822000B7C0BA01AB20AEFFBF4CDD01F7AADB003F
:1082300019AC32FED909E900CB7E44FFB75C3000AF
:108240007FA7B7014131FE00103F7F01FE15AAFF55
:108250003BE07FFE16303FFF1B4E82FE28C31D0011
:10826000FA8470FE23CB900068A9A800CFFD1EFF02
:10827000682826FE5EE45800CE1080FFD4377AFFCF
:10828000DF16EA00DFC57F00FDB5B5019166760017
:10829000EC9924FFD4D948FF142618FE8A3E3E00EC
:1082A000988C0400E6DC63FF0115D4FF94C9E70055
:1082B000F47B09FE00ABD200333A25FF01FF0EFF2D
:1082C000F4B791FE00F2A600164A840079D829007E
:1082D0005FC372FE851897FF9CE2E7FFF7054DFF2D
:1082E000F69473FEE15C51FFDE50F6FEAA7B59FF67
:1082F0004AC78D001D1408FF8A8846FF5D4B5C004D
:10830000DD9331FE347EE200E57C17002E09B500D6
:10831000CD40340183FE1C00979ED40083404E0064
:10832000CE19AB0000E68B00BFFD6EFE67F7A7001D
:10833000402828012AA5F1FF3B4BE4FE7CF3BDFF5A
:10834000C45CB2FF828C56FF8D59380193C605FF7D
:10835000CBF89EFE90A28D000BACE200822A15FFA6
:1083600001A78FFF902424FF3058A4FEA8AADC00A8
:108370006247D6005BD04F009F4CC901A62AD6FFAA
:1083800045FF00FF06807DFFBE018C009253DAFF9F
:10839000D7EE48017A7F3500BD74A5FF540842FF2F
:1083A000D603D0FFD56E8500C3A82C019EE74500FB
:1083B000A240C8FE5B3A6800B63ABBFEF9E488000A
:1083C000CB864CFE63DDE9004BFED6FE50459A009D
:1083D0004098F8FEEC88CAFF9D6999FE95AF14009D
:1083E000162313FF7C79E900BAFAC6FE84E58B00F8
:1083F0008950AEFFA57D440090CA94FEEBEFF800D3
:1084000087B87600655E11FF7A4846FE4582920085
:108410007FDEF801457F76FF1E52D7FEBC4A13FF70
:10842000E5A7C2FE751942FF41EA38FED5169C0049
:10843000973B5DFE2D1C1BFFBA7EA4FF2006EF00BC
:108440007F726301DB3402FF6360A6FE3EBE7EFFE7
:108450006CDEA8014BE2AE00E6E2C7003C75DAFF35
:10846000FCF81401D6BCCC001FC286FE7B45C0FFC1
:10847000A9AD24FE37625B00DF2A66FE8901660033
:108480009D5A1900EF7A40FFFC06E900073614FFF9
:108490005274AE00872536FF0FBA7D00E370AFFF40
:1084A00064B4E1FF2AEDF4FFF4ADE2FEF81221001E
:1084B000AB6396FF4AEB32FF755220FE6AA8ED00CF
:1084C000CF6DD001E409BA00873CA9FEB35C8F00F0
:1084D000F4AA68FFEB2D7CFF4663BA007589B700EC
:1084E000E01FD700280964001A105F0144D9570023
:1084F000089714FF1A643AFFB0A5CB013476460002
:108500000720FEFEF4FEF5FFA790C2FF7D7117FF66
:10851000B079B5008854D1008A061EFF59301C007E
:10852000219B0EFF19F09A008DCD6D0146733EFF21
:1085300014286BFE8A9AC7FF5EDFE2FF9DAB260020
:10854000A3B119FE2D7603FF0EDE1701D1BE51FF38
:10855000767BE8010DD565FF7B377BFE1BF6A5001A
:1085600032634CFF8CD620FF614143FF180C1C0086
:10857000AE564E0140F76000A08743004237F3FF3C
:1085800093CC60FF1A0621FF6233530199D5D0FFC7
:1085900002B836FF19DA0B003143F6FE129548FF98
:1085A0000D1948002A4FD6002A0426011B8B90FF84
:1085B00095BB170012A48400F554B8FE78C668FF76
:1085C0007EDA60003875EAFF0D1DD6FE442F0AFFE3
:1085D000A79A84FE9826C60042B259FFC82EABFF68
:1085E0000D6353FFD2BBFDFFAA2D2A018AD17C0067
:1085F000D6A28D000CE69C00662470FE0393430017
:1086000034D77BFFE9AB36FF62893E00F7DA27FFFC
:10861000E7DAEC00F7BF7F00C3925400A5B05CFF1F
:1086200013D45EFF114AE30058289901C69301FF55
:10863000CE43F5FEF003DAFF3D8DD5FF61B76A004A
:10864000C3E8EBFE5F569A00D130CDFE76D1F1FF44
:10865000F078DF01D51D9F00A37F93FF0DDA5D0049
:10866000551844FE461450FFBD058C015261FEFFB3
:108670006363BFFF845485FF6BDA74FF707A2E004A
:1086800069112000C2A03FFF44DE2701D8FD5C0035
:10869000B169CDFF95C9C3002AE10BFF28A2730081
:1086A00009075100A5DADB00B41600FE1D92FCFF9D
:1086B00092CFE101B48760001FA37000B10BDBFF14
:1086C000850CC1FE2B4E3200417179013BD906FF6A
:1086D0006E5E180170AC6F00070F600024557B00C0
:1086E000479615FFD049BC00C00BA701D5F5220065
:1086F00009E65C00A28E27FFD75A1B006261590071
:108700005E4FD3005A9DF0005FDC7E0166B0E20050
:10871000241EE0FE231F7F00E7E87301555382000B
:10872000D249F5FF2F8F72FF4441C5003B483EFF01
:10873000B785ADFE5D7976FF3BB151FFEA45ADFFF0
:10874000CD80B100DCF433001AF4D10149DE4DFFD5
:10875000A30860FE9695D3009EFECB01367F8B006A
:10876000A1E03B00046D16FFDE2A2DFFD09266FFCC
:10877000EC8EBB0032CDF5FF0A4A59FE304F8E0019
:10878000DE4C82FF1EA63F00EC0C0DFF31B8F4005A
:10879000BB716600DA65FD009939B6FE20962A00A5
:1087A00019C69201EDF138008C4405005BA4ACFFC2
:1087B0004E91BAFE4334CD00DBCF81016D731100C1
:1087C000368F3A0115F878FFB3FF1E00C1EC42FF67
:1087D00001FF07FFFDC030FF1345D90103D600FF9D
:1087E00040659201DF7D23FFEB49B3FFF9A7E2006B
:1087F000E1AF0A0161A23A006A70AB0154AC05FF17
:10880000858CB2FF86F58E00615A7DFFBACBB9FF29
:10881000DF4D17FFC05C6A000FC673FFD998F800E0
:10882000ABB278FFE4863500B036C101FAFB350003
:10883000D50A640122C76A00971FF4FEACE057FF17
:108840000EED17FFFD551AFF7F2774FFAC6864001B
:10885000FB0E46FFD4D08AFFFDD3FA00B031A5004D
:108860000F4C7BFF25DAA0FF5C8710010A7E72FFA8
:108870004605E0FFF7F98D0044143C01F1D2BDFF3D
:10888000C3D9BB0197037100975CAE00E73EB2FF0E
:10889000DBB7E100171721FFCDB5500039B8F8FF5D
:1088A00043B401FF5A7B5DFF2700A2FF60F834FF4D
:1088B00054428C00227FE4FFC28A0701A66EBC00EE
:1088C00015119B019ABEC6FFD6503BFF12078F00C1
:1088D000481DE201C7D9F900E8A1470195BEC900CA
:1088E000D9AF5FFE719343FF8A8FC7FF7FCC010032
:1088F0001DB65301CEE69BFFBACC3C000A7D55FF66
:10890000E86019FFFF59F7FFD5FEAF01E8C151003C
:108910001C2B9CFE0C4508009318F80012C6310071
:10892000863C230076F612FF3158FEFEE415BAFFAE
:10893000B6417001DB1601FF167E34FFBD3531FFF5
:1089400070198F00267F37FFE265A3FED0853DFFBB
:108950008945AE01BE7691FF3C62DBFFD90DF5FF84
:10896000FA880A0054FEE200C91F7D01F033FBFFC4
:108970001F8382FF028A32FFD7D7B101DF0CEEFFDF
:10898000FC9538FF7C5B44FF487EAAFE77FF6400BD
:108990008287E8FF0E4FB200FA83C5008AC6D00076
:1089A00079D88BFE771224FF1DC17A00102A2DFF83
:1089B000D5F0EB01E6BEA9FFC623E4FE6EAD48008C
:1089C000D6DDF1FF38948700C0754EFE8D5DCFFF78
:1089D0008F419500151262FF5F2CF4016ABF4D00B4
:1089E000FE5508FED66EB0FF49AD13FEA0C4C7FF0A
:1089F000ED5A9000C1AC71FFC89B88FEE45ADD00BF
:108A000089314A01A4DDD7FFD1BD05FF69EC37FFED
:108A10002A1F8101C1FFEC002ED93C008A58BBFF00
:108A2000E252ECFF514597FF8EBE10010D86080003
:108A30007F7A30FF51409C00ABF38B00ED23F600B2
:108A40007A8FC1FED47A92005F29FF0157844D00CE
:108A500004D41F00111F4E00272DADFE188ED9FF24
:108A60005F0906FFE3530600623B82FE3E1E2100C3
:108A70000873D301A26180FF07B817FE741CA8FF1A
:108A8000F88A97FF62F4F000BA76820072F8EBFF82
:108A900069ADC801A07C47FF5E24A401AF4192FFED
:108AA000EEF1AAFECAC6C500E4478AFE2DF66DFFA8
:108AB000C2349E0085BBB00053FC9AFE59BDDDFF59
:108AC000AA49FC00943A7D00244433FE2A45B1FFB4
:108AD000A84C56FF2664CCFF26352300AF13610057
:108AE000E1EEFDFF51518700D21BFFFEEB496B0009
:108AF00008CF7300527F8800546315FECF1388009F
:108B000064A4650050D04DFF84CFEDFF0F030FFF2D
:108B100021A66E009C5F55FF25B96F01966A23FF61
:108B2000A6974C00725787FF9FC240000C7A1FFF28
:108B3000E80765FEAD7762009A47DCFEBF3935FF76
:108B4000A8E8A0FFE02063FFDA9CA5009799A300A6
:108B5000D90D9401C5715900951CA1FECF171E00B7
:108B60006984E3FF36E65EFF85ADCCFF5CB79DFF11
:108B70005890FCFE66215A009F610300B5DA9BFF06
:108B8000F07277006AD635FFA5BE7301985BE1FFEE
:108B9000586A2CFFD03D710097347C00BF1B9CFFAE
:108BA0006E36EC010E1EA6FF277FCF01E5C71C0025
:108BB000BCE4BCFE649DEB00F6DAB7016B16C1FFA6
:108BC000CEA05F004CEF9300CFA1750033A602FF4B
:108BD00034750AFE4938E3FF98C1E100845E88FFDE
:108BE00065BFD100206BE5FFC62BB40164D27600CF
:108BF000724399FF17581AFF599A5C01DC788CFF71
:108C00009072CFFFFC73FAFF22CE48008A857FFF67
:108C100008B27C01574B61000FE55CFEF04383FF17
:108C2000767BE3FE927868FF91D5FF0181BB46FF1A
:108C3000DB7736000113AD002D969401F853480000
:108C4000CBE9A9018E6B3800F7F926012DF250FF10
:108C50001EE967006052460017C96F0051271EFFCA
:108C6000A1B74EFFC2EA21FF44E38CFED8CE7400C8
:108C7000461BEBFF68904F00A4E65DFED6879C0084
:108C80009ABBF2FEBC1483FF246DAE009F70F1000E
:108C9000056E950124A5DA00A61D1301B22E490028
:108CA0005D2B20FEF8BDED00669B8D00C95DC3FF06
:108CB000F18BFDFF0F6F62FF6C41A3FE9B4FBEFF68
:108CC00049AEC1FEF62830FF6B580BFECA6155FF56
:108CD000FDCC12FF71F242006EA0C2FED012BA00AB
:108CE00051153C00BC68A7FF7CA661FED2858E00B2
:108CF00038F289FE296F82006F973A016FD58DFF98
:108D0000B7ACF1FF2606C4FFB9077BFF2E0BF600B8
:108D1000F56977010F02A1FF08CE2DFF12CA4AFFA5
:108D2000537C7301D48D9D005308D1FE8B0FE8FF57
:108D3000AC36ADFE32F78400D6BDD50090B86900E0
:108D4000DFFEF800FF93F0FF17BC48000733360042
:108D5000BC19B4FEDCB400FF53A01400A3BDF3FFA4
:108D60003AD1C2FF57493C006A183100F5F9DC00DE
:108D700016ADA700760BC3FF137EED006E9F25FF97
:108D80003B522F00B4BB5600BC94D001642585FF34
:108D90000770C10081BC9CFF546A81FF85E1CA0055
:108DA0000EEC6FFF28146500ACAC31FE33364AFF81
:108DB000FBB9B8FF5D9BE0FFB4F9E001E6B29200B9
:108DC000483936FEB23EB80077CD4800B9EFFDFF16
:108DD0003D0FDA00C44338FFEA20AB012EDBE4008C
:108DE000D06CEAFF143FE8FFA535C70185E405FF15
:108DF00034CD6B004AEE8CFF969CDBFEEFACB2FFED
:108E0000FBBDDFFE208ED3FFDA0F8A01F1C45000D4
:108E10001C2462FE16EAC7003DEDDCFFF639250092
:108E20008E118EFF9D3E1A002BEE5FFE03D906FFCA
:108E3000D519F00127DCAEFF9ACD30FE130DC0FF2F
:108E4000F42236FE8C109B00F0B505FE9BC13C0061
:108E5000A68004FF249138FF96F0DB007833910060
:108E600052992A018CEC92006B5CF801BD0A030058
:108E70003F88F200D327180013CAA101AD1BBAFF27
:108E8000D2CCEFFE29D1A2FFB6FE9FFFAC74340016
:108E9000C367DEFECD453B0035162901DA30C2003E
:108EA00050D2F200D2BCCF00BBA1A1FED81101006C
:108EB00088E17100FAB83F00DF1E62FE4DA8A200F3
:108EC0003B35AF0013C90AFF8BE0C20093C19AFF84
:108ED000D4BD0CFE01C8AEFF328571015EB35A00ED
:108EE000ADB687005EB171002B59D7FF88FC6AFFD1
:108EF0007B8653FE05F542FF52312701DC02E0007C
:108F00006181B1004D3B59003D1D9B01CBABDCFFA6
:108F10005C4E8B009121B5FFA9188D013796B300E7
:108F20008B3C50FFDA27610002936BFF3CF848004E
:108F3000ADE62F010653B6FF1069A2FE89D451FF9A
:108F4000B4B8860127DEA4FFDD69FB01EF707D0068
:108F50003F0761003F68E3FF943A0C005A3CE0FF92
:108F600054D4FC004FD7A800F8DDC7017379010085
:108F700024AC780020A2BBFF396B31FF932A150087
:108F80006AC62B01394A57007ECB51FF8187C30047
:108F90008C1FB100DD8BC20003DED7008344E700E5
:108FA000B156B2FE7C97B400B87C260146A31100EE
:108FB000F9FBB5012A37E300E2A12C0017EC6E00A3
:108FC00033958E015D05EC00DAB76AFE43184D005B
:108FD00028F5D1FFDE799900A5391E00537D3C00AC
:108FE00046265201E506BC006DDE9DFF37763FFF49
:108FF000CD97BA00E32195FFFEB0F601E3B1E3009F
:10900000226AA3FEB02B4F006A5F4E01B9F17AFFCE
:10901000B90E3D002401CA000DB2A2FFF70B840077
:10902000A1E65C014101B9FFD432A5018D9240FF58
:109030009EF2DA0015A47D00D58B7A0143475700D4
:10904000CB9EB201975C2B00986F05FF2703EFFFC3
:10905000D9FFFAFFB03F47FF4AF54D01FAAE12FFC4
:109060002231E3FFF62EFBFF9A2330017D9D3DFF69
:109070006A244EFF61EC990088BB78FF7186ABFFD4
:1090800013D5D9FED85ED1FFFC053D005E03CA00B2
:10909000031AB7FF40BF2BFF1E171500818D4DFF30
:1090A00066780701C24C8C00BCAF34FF11519400AC
:1090B000E8563701E130AC00862A2AFFEE322F0055
:1090C000A912FE00149357FF0EC3EFFF45F71700D8
:1090D000EEE580FFB1317000A862FBFF7947F80030
:1090E000F30891FEF6E399FFDBA9B1FEFB8BA5FF28
:1090F0000CA3B9FFA428ABFF999F1BFEF36D5BFF88
:10910000DE18700112D6E7006B9DB5FEC39300FF19
:10911000C26368FF598CBEFFB1427EFE6AB942004D
:1091200031DA1F00FCAE9E00BC4FE601EE29E000E4
:10913000D4EA0801880BB500A67553FF44C35E004E
:109140002E84C900F0985800A43945FEA0E02AFFFB
:109150003BD743FF77C38DFF24B479FECF2F08FFA1
:10916000AED2DF0065C544FFFF528D01FA89E900E8
:10917000615685011050450084839F00745D640032
:109180002D8D8B0098AC9DFF5A2B5B0047992E00CC
:10919000271070FFD98861FFDCC619FEB135310098
:1091A000DE5886FF800F3C00CFC0A9FFC074D1FFFE
:1091B0006A4ED301C8D5B7FF070C7AFEDECB3CFF61
:1091C000216EC7FEFB6A7500E4E10401783A07FFEF
:1091D000DDC154FE70851B00BDC8C9FF8B8796009A
:1091E000EA37B0FF3D324100986CA9FFDC5501FF22
:1091F0007087E300A21ABA00CF60B9FEF4886B0052
:109200005D993201C66197006E0B56FF8F75AEFFF8
:1092100073D4C80005CAB700EDA40AFEB9EF3E003A
:10922000EC7812FE627B63FFA8C9C2FE2EEAD6006C
:10923000BF8531FF63A97700BEBB230173152DFFE6
:10924000F983480070067BFFD631B5FEA6E92200FF
:109250005CC566FEFDE4CDFF033BC9012A622E001A
:10926000DB2523FFA9C326005E7CC1019C2BDF0008
:109270005F4885FE78CEBF007AC5EFFFB1BB4FFFD8
:10928000FE2E0201FAA7BE0054811300CB71A6FF87
:10929000F91FBDFE489DCAFFD04749FFCF184800BF
:1092A0000A101201D2514CFF58D0C0FF7EF36BFF61
:1092B000EE8D78FFC779EAFF890C3BFF24DC7BFF4A
:1092C00094B33CFEF00C1D0042006101241E26FFF9
:1092D00073015DFF6067E7FFC59E3B01C0A4F0001E
:1092E000CACA39FF18AE3000594D9B012A4CD7002D
:1092F000F497E90017305100EF7F34FEE38225FF39
:10930000F8745D017C847600ADFEC00106EB53FF6E
:109310006EAFE701FB1CB60081F95DFE54B880001A
:109320004CB53E00AF80BA00643588FE6D1DE2008A
:10933000DDE93A0114634A000016A000860D15000D
:10934000093437FF11598C00AF223B0054A577FF39
:10935000E0E2EAFF0748A6FF7B73FF0112D6F600A2
:10936000FA074701D9DCB900D4234CFF267DAF00B2
:10937000BD61D20072EE2CFF29BCA9FE2DBA9A0065
:10938000515C160084A0C10079D062FF0D512CFF02
:10939000CB9C5200473A15FFD072BFFE3226930095
:1093A0009AD8C300651912003CFAD7FFE984EBFF95
:1093B00067AF8E01100E5C008D1F6EFEEEF12DFF6B
:1093C00099D9EF0161A82FFFF95510011CAF3EFF9D
:1093D00039FE3600DEE77E00A62D75FE12BD60FF69
:1093E000E44C3200C8F45E00C6987801442245FF80
:1093F0000C41A0FE65135A00A7C578FF4436B9FF9B
:1094000029DABC0071A830005869BD011A5220FF4A
:10941000B95DA401E4F0EDFF42B63500ABC55CFFD9
:109420006B09E901C77890FF4E310AFF6DAA69FF09
:109430005A041FFF1CF471FF4A3A0B003EDCF6FF92
:10944000799AC8FE90D2B2FF7E3981012BFA0EFFC5
:10945000656F1C012F56F1FF3D4696FF354905FF0C
:109460001E1A9E00D11A56008AED4A00A45FBC0065
:109470008E3C1DFEA274F8FFBBAFA0009712100037
:10948000D16F41FECB8627FF586C31FF831A47FF0F
:10949000DD1BD7FE68695DFF1FEC1FFE8700D3FF51
:1094A0008F7F6E01D449E500E943A7FEC301D0FFD9
:1094B0008411DDFF33D95A0043EB32FFDFD28F0036
:1094C000B3358201E96AC600D9ADDCFF70E518FF4B
:1094D000AF9A5DFE47CBF6FF304285FF0388E6FF7B
:1094E00017DD71FEEB6FD500AA785FFEFBDD020091
:1094F0002D829EFE695ED9FFF234B4FED5442DFF65
:1095000068261C00F49E4C00A1C860FFCF350DFFFB
:10951000BB439400AA36F80077A2B2FF53140B00A5
:109520002A2AC001929FA3FFB7E86F004DE515FFFF
:1095300047358F001B4C2200F6882FFFDB27B6FF34
:109540005CE0C901138E0EFF45B6F1FFA376F5006E
:10955000096D6A01AAB5F7FF4E2FEEFF54D2B0FF96
:10956000D56B8B0027260B004815960048824500D6
:10957000CD4D9BFE8E851500476FACFEE22A3BFF6A
:10958000B300D7012180F100EAFC0D01B84F0800BB
:109590006E1E49FFF68DBD00AACFDA014A9A45FF3B
:1095A0008AF631FF9B2064007D4A69FF5A553DFFD2
:1095B00023E5B1FF3E7DC1FF9956BC014978D40037
:1095C000D17BF6FE87D126FF973A2C015C45D6FF6A
:1095D0000E0C58FFFC99A6FFFDCF70FF3C4E53FFC9
:1095E000E37C6E00B460FCFF357521FEA4DC52FF05
:1095F00029011BFF26A4A6FFA463A9FE3D9046FFF8
:10960000C0A612006BFA4200C541320001B312FF3E
:10961000FF6801FF2B9923FF506FA8006EAFA800D1
:1096200029692DFFDB0ECDFFA4E98CFE2B0176000E
:10963000E943C300B2529FFF8A577AFFD4EE5AFF24
:1096400090237CFE198CA400FBD72CFE85466BFF73
:1096500065E350FE5CA93700D72A310072B455FF8C
:1096600021E81B01ACD519003EB07BFE208518FF18
:10967000E1BF3E005D469900B52A680116BFE0FFD4
:10968000C8C88CFFF9EA250095398D00C338D0FF92
:10969000FE8246FF20ADF0FF1DDCC7006E6473FF45
:1096A00084E5F900E4E9DFFF25D8D1FEB2B1D1FFAE
:1096B000B72DA5FEE06172008961A8FFE1DEAC0074
:1096C000A50D3101D2EBCCFFFC041CFE46A0970097
:1096D000E8BE34FE53F85DFF3ED74D01AFAFB3FF98
:1096E000A03242007930D0003FA9D1FF00D2C8009B
:1096F000E0BB2C0149A2520009B08FFF134CC1FFFF
:109700001D3BA701182B9A001CBEBE008DBC81001A
:10971000E8EBCBFFEA006DFF36419F003C58E8FFC5
:1097200079FD96FEFCE983FFC66E2901534D47FF84
:10973000C8163BFE6AFDF2FF150CCFFFED42BD00DF
:109740005AC6CA01E1AC7F003516CA0038E684006B
:109750000156B7006DBE2A00F344AE016DE49A00D5
:10976000C8B17A0123A0B7FFB13055FF5ADAA9FF7B
:10977000F8984E00CAFE6E0006342B008E6241FF40
:109780003F911600466A5D00E88A6B016EB33DFFAB
:10979000D381DA01F2D15C00235AD901B68F6AFF76
:1097A0007465D9FF72FADDFFADCC06003C96A300CC
:1097B00049AC2CFFEF6E50FFED4C99FEA18CF900E7
:1097C00095E8E500851F28FFAEA477007133D60029
:1097D00081E402FE4022F3006BE3F4FFAE6AC8FFAF
:1097E0005499460132231000FA4AD8FEECBD42FFDC
:1097F00099F90D00E6B204FFDD29EE0076E379FF6A
:109800005E578CFEFE775C0049EFF6FE75578000D0
:1098100013D391FFB12EFC00E55BF6014580F7FF05
:10982000CA4D3601080B09FF9960A600D9D6ADFFD5
:1098300086C0020100CF0000BDAE6B018C866400C3
:109840009EC1F301B666AB00EB9A33008E057BFF39
:109850003CA85901D90E5CFF13D60501D3A7FE0021
:109860002C06CAFE7812ECFF0F71B8FFB8DF8B0030
:1098700028B177FEB67B5AFFB0A5B000F74DC20005
:109880001BEA7800E700D6FF3B271E007D6391FFAF
:10989000964444018DDEF800997BD2FF6E7F98FFDD
:1098A000E521D60187DDC500896102000C8FCCFF60
:1098B0005129BC00734F82FF5E03840098AFBBFF49
:1098C0007C8D0AFF7EC0B3FF0B67C60095062D0096
:1098D000DB55BB01E612B2FF48B6980003C6B8FFDD
:1098E0008070E00161A1E600FE6326FF3A9FC5009B
:1098F0009742DB003B458FFFB970F90077882FFF57
:109900007B828400A8475FFF71B02801E8B9AD00F1
:10991000CF5D7501449D6CFF660593FE31612100AA
:1099200059416FFEF71EA3FF7CD9DD0166FAD8000E
:10993000C6AE4BFE39371200E305EC01E5D5AD00AC
:10994000C96DDA0131E9EF001E379E0119B26A00D4
:109950009B6FBC015E7E8C00D71FEE014DF01000A6
:10996000D5F219012647A800CDBA5DFE31D38CFF90
:10997000DB00B4FF8676A500A09386FF6EBA23FFB6
:10998000C6F32A00F392770086EBA30104F187FF68
:10999000C12EC1FE67B44FFFE104B8FEF27682002B
:1099A0009287B001EA6F1E004542D5FE29607B0018
:1099B000795E2AFFB2BFC3FF2E822A00755408FFCA
:1099C000E931D6FEEE7A6D0006475901ECD37B00F3
:1099D000F40D30FE77940E00721C56FF4BED19FF0C
:1099E00091E510FE816435FF869678FEA89D3200D1
:1099F000174868FFE0310E00FF7B16FF97B997FF0D
:109A0000AA50B80186B61400296465019921100096
:109A10004C9A6F0156CEEAFFC0A0A4FEA57B5DFF65
:109A200001D8A4FE4311AFFFA90B3BFF9E293DFFC8
:109A300049BC0EFFC30689FF16931DFF146703FF81
:109A4000F682E3FF7A288000E22F18FE232420000C
:109A500098BAB7FF45CA1400C385C300DE33F700C8
:109A6000A9AB5E01B700A0FF40CD12019C530FFFD0
:109A7000C53AF9FEFB596EFF320A58FE332BD80067
:109A800062F2C601F5977100ABECC201C51FC7FFBA
:109A9000E5512601293B1400FD68E600985D0EFFA4
:109AA000F6F292FED6A9F0FFF0666CFEA0A7EC00DD
:109AB0009ADABC0096E9CAFF1B13FA01024785FF38
:109AC000AF0C3F0191B7C600687873FF82FBF700C7
:109AD00011D4A7FF3E7B84FFF764BD009BDF980095
:109AE0008FC521009B3B2CFF965DF0017F0357FF44
:109AF0005F47CF01A75501FFBC9874FF0A171700F5
:109B000089C35D0136626100F000A8FF94BC7F004C
:109B1000866B97004CFDAB005A84C000921636004D
:109B2000E04236FEE6BAE5FF27B6C40094FB82FFAA
:109B300041836CFE8001A000A931A7FEC7FE94FFFF
:109B4000FB068300BBFE81FF55523E00B2173AFF71
:109B5000FE840500A4D5270086FC92FE253551FF22
:109B60009B865200CDA7EEFF5E2DB4FF8428A10096
:109B7000FE6F7001364BD900B3E6DD01EB5EBFFF2F
:109B800017F33001CA91CBFF27762AFF758DFD00B0
:109B9000FE00DE002BFB320036A9EA015044D00063
:109BA00094CBF3FE9107870006FE0000FCB97F000E
:109BB000620881FF262348FFD324DC01281A5900BC
:109BC000A840C5FE03DEEFFF0253D7FEB49F690035
:109BD0003A73C200BA746AFFE5F7DBFF8176C10011
:109BE000CAAEB701A6A14800C96B93FEED884A0032
:109BF000E9E66A01696FA80040E01E0101E5030083
:109C00006697AFFFC2EEE4FFFEFAD400BBED790029
:109C100043FB6001C51E0B00B75FCC00CD598A0025
:109C200040DD2501FFDF1EFFB230D3FFF1C85AFF30
:109C3000A7D160FF3982DD002E72C8FF3DB8420017
:109C400037B618FE6EB62100ABBEE8FF725E1F008D
:109C500012DD08002FE7FE00FF705300760FD7FFDC
:109C6000AD1928FEC0C11FFFEE1592FFABC176FFF4
:109C700065EA35FE83D4700059C06B0108D01B0023
:109C8000B5D90FFFE795E8008CEC7E009009C7FF7F
:109C90000C4FB5FE93B6CAFF136DB6FF31D4E10089
:109CA0004AA3CB00AFE994001A703300C1C109FF89
:109CB0000F87F90096E38200CC00DB0118F2CD009B
:109CC000EED075FF16F470001AE522002550BCFF97
:109CD000262DCEFEF05AE1FF1D032FFF2AE04C0097
:109CE000BAF3A70020840FFF05337D008B8718008F
:109CF00006F1DB00ACE585FFF6D63200E70BCFFFBF
:109D0000BF7E5301B4A3AAFFF5381801B2A4D3FF54
:109D10000310CA01623976FF8D8359FE2133180082
:109D2000F3955BFFFD340E0023A943FE311E58FF5F
:109D3000B31B24FFA58CB7003ABD9700581F000045
:109D40004BA942004265C7FF18D8C70179C41AFF62
:109D50000E4FCBFEF0E251FF5E1C0AFF53C1F0FF35
:109D6000CCC183FF5E0F5600DA289D0033C1D100BD
:109D700000F2B10066B9F7009E6D740026875B00A3
:109D8000DFAF9500DC4201FF563CE800196025FF7B
:109D9000E17AA201D7BBA8FF9E9D2E0038ABA2009E
:109DA000E8F065017A160900330915FF3519EEFF51
:109DB000D91EE8FE7DA994000DE8660094092500EF
:109DC000A5618D01E4832900DE0FF3FFFE1211006F
:109DD000063CED016A0371003B84BD005C701E000F
:109DE00069D0D5003054B3FFBB79E7FE1BD86DFFB7
:109DF000A2DD6BFE49EFC3FFFA1F39FF958759FFBC
:109E0000B917730103A39DFF1270FA001939BBFF44
:109E1000A160A4002F10F3000C8DFBFE43EAB8FFF5
:109E20002912A100AF0660FFA0AC34FE18B0B7FF46
:109E3000C6C155017C7989FF973272FFDCCB3CFFAC
:109E4000CFEF050100266BFF37EE5EFE46985E0001
:109E5000D5DC4D01781145FF55A4BEFFCBEA51007A
:109E6000263125FE3D907C00894E31FEA8F730005A
:109E70005FA4FC0069A98700FDE4860040A64B00B2
:109E8000514914FFCFD20A00EA6A96FF5E225AFFB8
:109E9000FE9F39FEDC8563008B93B4FE1817B90072
:109EA00029391EFFBD614C0041BBDFFFE0AC25FF3F
:109EB000223E5F01E790F0004D6A7EFE40985B0015
:109EC0001D629B00E2FB35FFEAD305FF90CBDEFF6E
:109ED000A4B0DDFE05E71800B37ACD00240186FFAB
:109EE0007D4697FE61E4FC00AC8117FE305AD1FF3D
:109EF00096E0520154861E00F1C42E006771EAFFFD
:109F00002E6579FE287CFAFF872DF2FE09F9A8FF5D
:109F10008C6C83FF8FA3AB0032ADC7FF58DE8EFF82
:109F2000C85F9E008EC0A3FF077587006F7C160078
:109F3000EC0C41FE442641FFE3AEFE00F4F52600A2
:109F4000F032D0FFA13FFA003CD1EF007A2313009A
:109F50000E21E6FE029F71006A147FFFE4CD6000CF
:109F600089D2AEFEB4D490FF59629A0122588B0078
:109F7000A7A27001416EC500F125A900423883FFF8
:109F80000AC953FE85FDBBFFB1702DFEC4FB000066
:109F9000C4FA97FFEEE8D6FF96D1CD001CF076000C
:109FA000474C5301EC635B002AFA8301601240FFC7
:109FB00076DE230071D6CBFF7A77B8FF42132400F8
:109FC000CC40F90092598B00863E870168E9650014
:109FD000BC541A0031F98100D0D64BFFCF824DFF1F
:109FE00073AFEB00AB0289FFAF91BA0137F587FF82
:109FF0009A56B501643AF6FF6DC73CFF52CC86FF16
:10A00000D731E6018CE5C0FFDEC1FBFF51880FFFB1
:10A01000B395A2FF17271DFF075F4BFEBF51DE0060
:10A02000F1515AFF6B31C9FFF4D39D00DE8C95FFCF
:10A0300041DB38FEBDF65AFFB23B9D0130DB3400F8
:10A040006222D7001C11BBFFAFA918005C4FA1FF13
:10A05000ECC8C201938FEA00E5E10701C5A80E0034
:10A06000EB333501FD78AE00C506A8FFCA75AB001D
:10A07000A315CE0072555AFF0F290AFFC2136300C1
:10A080004137D8FEA292740032CED4FF40921DFF19
:10A090009E9E830164A582FFAC1781FF7D3509FF79
:10A0A0000FC112011A310BFFB5AEC90187C90EFFEE
:10A0B00064139500DB624F002A638FFE600030FF5F
:10A0C000C5F953FE68954FFFEB6E88FE52802CFF5A
:10A0D000412924FE58D30A00BB79BB006286C70021
:10A0E000ABBCB3FED20BEEFF427B82FE34EA3D00F6
:10A0F000307117FE065678FF77B2F5005781C90018
:10A10000F28DD100CA7255009416A10067C33000C9
:10A110001931ABFF8A438200B6497AFE9418820057
:10A12000D3E59A00209B9E0054693D00B1C209FF0F
:10A13000A65956013653BB00F92875FF6D03D7FFAA
:10A1400035922C013F2FB300C2D803FE0E54880075
:10A1500088B10DFF48F3BAFF75117DFFD33AD3FFE5
:10A160005D4FDF005A58F5FF8BD16FFF46DE2F00A1
:10A170000AF64FFFC6D9B200E3E10B014E7EB3FFF2
:10A180003E2B7E00679423008108A5FEF5F0940025
:10A190003D338E0051D086000F8973FFD377ECFFDB
:10A1A0009FF5F8FF028688FFE68B3A01A0A4FE0027
:10A1B00072558DFF31A6B6FF9046540155B6070083
:10A1C0002E355D0009A6A1FF37A2B2FF2DB8BC0055
:10A1D000921C2CFEA95A310078B2F1010E7B7FFF50
:10A1E00007F1C701BD4232FFC68F65FEBDF387FF91
:10A1F0008D1818FE4B61570076FB9A01ED369C00D6
:10A20000AB92CFFF83C4F6FF8840710197E8390015
:10A21000F0DA7300313D1BFF40814901FCA91BFFAF
:10A2200028840A015AC9C1FFFC79F001BACE29007D
:10A230002BC661009164B700CCD850FEAC964100AB
:10A24000F9E5C4FE687B49FF4D6860FE82B40800F2
:10A25000687B3900DCCAE5FF66F9D300560EE8FFDB
:10A26000B64ED100EFE1A4006A0D20FF784911FF3E
:10A270008643E90053FEB500B7EC7001304083FF20
:10A28000F1D8F3FF41C1E200CEF164FE6486A6FF7F
:10A29000EDCAC500370D5100207C66FF28E4B100EF
:10A2A00076B51F01E7A086FF77BBCA00008E3CFF92
:10A2B0008026BDFFA6C99600CF781A0136B8AC003B
:10A2C0000CF2CCFE8542E60022261F01B870500039
:10A2D0002033A5FEBFF337003A4992FE9BA7CDFF7E
:10A2E000646898FFC5FECFFFAD13F700EE0ACA0001
:10A2F000EF97F2005E3B27FFF01D66FF0A5C9AFFB6
:10A30000E554DBFFA1815000D05ACC01F0DBAEFF59
:10A310009E66910135B24CFF346CA80153DE6B0090
:10A32000D3246D00763A3800081D1600EDA0C70052
:10A33000AAD19D0089472F008F562000C6F2020047
:10A34000D43088015CACBA00E697690160BFE500D3
:10A350008A50BFFEF0D882FF622B06FEA8C43100EF
:10A36000FD125B01904979003D9227013F6818FF7B
:10A37000B8A570FE7EEB620050D562FF7B3C57FFB4
:10A38000528CF501DF78ADFF0FC68601CE3CEF00A1
:10A39000E7EA5CFF21EE13FFA5718E01B07726007E
:10A3A000A02BA6FEEF5B69006B3DC20119044400BF
:10A3B0000F8B3300A4846AFF22742EFEA85FC500B1
:10A3C00089D41700489C3A00897045FE96699AFF27
:10A3D000ECC99D0017D49AFF8852E3FEE23BDDFFF3
:10A3E0005F95C000517634FF212BD7010E934BFFB0
:10A3F000599C79FE0E124F0093D08B0197DA3EFFE5
:10A400009C580801D2B862FF14AF7BFF6653E50089
:10A41000DC41740196FA04FF5C8EDCFF22F742FFF8
:10A42000CCE1B3FE975197004728ECFF8A3F3E00EE
:10A43000064FF0FFB7B9B50076321B003FE3C0000E
:10A440007B633A0132E09BFF11E1DFFEDCE04DFF70
:10A450000E2C7B018D80AF00F8D4C800963BB7FF6F
:10A4600093611D0096CCB500FD25470091557700FE
:10A470009AC8BA000280F9FF53187C000E578F006B
:10A48000A833F5017C97E7FFD0F0C5017CBEB90089
:10A49000303AF60014E9E8007D1262FF0DFE1FFF5E
:10A4A000F5B182FF6C8E2300AB7DF2FE8C0C22FF97
:10A4B000A5A1A200CECD6500F71922016491390053
:10A4C0002746390076CCCBFFF200A200A5F41E008F
:10A4D000C674E200806F99FF8C36B6013C7A0FFF9C
:10A4E0009B3A39013632C600ABD31DFF6B8AA7FFFA
:10A4F000AD6BC7FF6DA1C1005948F2FFCE7359FF84
:10A50000FAFE8EFEB1CA5EFF51593200076942FF62
:10A5100019FEFFFECB4017FF4FDE6CFF27F94B0003
:10A52000F17C3200EF988500DDF1690093976200BD
:10A53000D5A179FEF2318900E925F9FE2AB71B0081
:10A54000B877E6FFD920A3FFD0FBE401893E83FF63
:10A550004F4009FE5E307100118A32FEC1FF1600C5
:10A56000F712C5014337680010CD5FFF3025420068
:10A57000379C3F0140524AFFC83547FEEF437D00FC
:10A580001AE0DE00DF895DFF1EE0CAFF09DC8400FF
:10A59000C626EB01668D56003C2B5101881C1A0023
:10A5A000E92408FECFF29400A4A23F00332EE0FF7E
:10A5B00072304FFF09AFE200DE03C1FF2FA0E8FFBA
:10A5C000FF5D69FE0E2AE6001A8A5201D02BF400C4
:10A5D0001B2726FF62D07FFF4095B6FF05FAD1000A
:10A5E000BB3C1CFE3119DAFFA974CDFF771278004D
:10A5F0009C7493FF84356DFF0D0ACA006E53A7004B
:10A600009DDB89FF060382FF32A71EFF3C9F2FFFC1
:10A6100081809DFE5E03BD0003A6440053DFD7008A
:10A62000965AC2010FA84100E35333FFCDAB42FF5E
:10A6300036BB3C0198662DFF779AE100F0F7880061
:10A6400064C5B2FF8B47DFFFCC52100129CE2AFF31
:10A650009CC0DDFFD87BF4FFDADAB9FFBBBAEFFFAD
:10A66000FCACA0FFC334160090AEB5FEBB6473FF14
:10A67000D34EB0FF1B07C10093D568FF5AC90AFF2C
:10A68000507B42011621BA00010763FE1ECE0A006C
:10A69000E5EA0500351ED2008A08DCFE4737A70030
:10A6A00048E1560176BEBC00FEC16501ABF9ACFFC6
:10A6B0005E9EB7FE5D026CFFB05D4CFF49634FFFCD
:10A6C0004A4081FEF62E410063F17FFEF69766FF59
:10A6D0002C35D0FE3B66EA009AAFA4FF58F220006A
:10A6E0006F260100FFB6BEFF73B00FFEA93C8100CC
:10A6F0007AEDF1005A4C3F003E4A78FF7AC36E0073
:10A700007704B200DEF2D20082212EFE9C282900BE
:10A71000A792700131A36FFF79B0EB004CCF0EFF11
:10A720000319C60129EBD5005524D601315C6DFF14
:10A73000C8181EFEA8ECC30091277C01ECC395004D
:10A740005A24B8FF4355AAFF26231AFE837C44FFF0
:10A75000EF9B23FF36C9A400C41675FF310FCD004F
:10A7600018E01D017E7190007515B600CB9F8D001D
:10A77000DF874D00B0E6B0FFBEE5D7FF6325B5FF2C
:10A7800033158AFF19BD59FF3130A5FE982DF7000A
:10A79000AA6CDE0050CA05001B4567FECC1681FF7F
:10A7A000B4FC3EFED2015BFF926EFEFFDBA21C00FA
:10A7B000DFFCD5013B082100CE10F40081D330002E
:10A7C0006BA0D000703BD1006D4DD8FE2215B9FFB3
:10A7D000F66338FFB38B13FFB91D32FF54591300D2
:10A7E0004AFA62FFE12AC8FFC0D9CDFFD210A70004
:10A7F00063845F012BE63900FE0BCBFF63BC3FFF98
:10A8000077C1FBFE50693600E8B5BD01B74570FF62
:10A81000D0ABA5FF2F6DB4FF7B53A50092A234FFF0
:10A820009A0B04FF97E35AFF928961FE3DE929FFE5
:10A830005E2A37FF6CA4EC009844FE000A8C83FF6C
:10A840000A6A4FFEF39E890043B242FEB17BC6FF07
:10A850000F3E2200C5582AFF955FB1FF9800C6FF42
:10A8600095FE71FFE15AA3FF7DD9F7001211E000B8
:10A87000804278FEC01909FF32DDCD0031D4460098
:10A88000E9FFA40002D10900DD34DBFEACE0F4FFF7
:10A890005E38CE01F2B302FF1F5BA401E62E8AFFF1
:10A8A000BDE6DC00392F3DFF6F0B9D00B15B9800CA
:10A8B0001CE6620061577E00C65991FFA74F6B00EE
:10A8C000F94DA0011DE9E6FF961556FE3C0BC100AF
:10A8D000972524FEB996F3FFE4D45301AC97B40056
:10A8E000C9A99B00F43CEA008EEB040143DA3C006A
:10A8F000C0714B0174F3CFFF41AC9B00511E9CFF14
:10A90000504821FE12E76DFF8E6B15FE7D1A84FF05
:10A91000B0103BFF96C93A00CEA9C900D079E20039
:10A9200028AC0EFF963D5EFF38399CFF8D3C91FFB1
:10A930002D6C95FFEE919BFFD1551FFEC00CD200F0
:10A9400063625DFE98109700E1B9DC008DEB2CFF8F
:10A95000A0AC15FE471A1FFF0D405DFE1C38C60057
:10A96000B13EF801B608F100A66594FF4E5185FF8F
:10A9700081DED701BCA981FFE807610031703CFF8F
:10A98000D9E5FB00776C8A0027137BFE8331EB004F
:10A990008454910082E694FF194ABB0005F536FF06
:10A9A000B9DBF10112C2E4FFF1CA66006971CA00A5
:10A9B0009BEB4F001509B2FF9C01EF00C8943D00CE
:10A9C00073F7D2FF31DD87003ABD0801232E09005D
:10A9D000514105FF349EB9FF7D742EFF4A8C0DFF57
:10A9E000D25CACFE93174700D9E0FDFE736CB4FF58
:10A9F000913A30FEDBB118FF9CFF3C019A93F200C4
:10AA0000FD865700354BE50030C3DEFF1FAF32FF38
:10AA10009CD278FFD023DEFF12F8B301020A65FF53
:10AA20009DC2F8FF9ECC65FF68FEC5FF4F3E040047
:10AA3000B2AC65016092FBFF410A9C000289A5FF50
:10AA40007404E700F2D7010013231DFF2BA14F0070
:10AA50003B95F601FB42B000C82103FF506E8EFF0C
:10AA6000C3A11101E43842FF7B2F91FE8404A400AE
:10AA700043AEAC0019FD720057615701FADC540077
:10AA8000605BC8FF257D3B0013417600A134F1FFD8
:10AA9000EDAC06FFB0BFFFFF014182FEDFBEE60066
:10AAA00065FDE7FF92236D00FA1D4D013100130093
:10AAB0007B5A9B01165620FFDAD541006F5D7F005F
:10AAC0003C5DA9FF087FB60011BA0EFEFD89F6FFB6
:10AAD000D51930FE4CEE00FFF85C46FF63E08B00BA
:10AAE000B809FF0107A4D000CD83C60157D6C7001F
:10AAF00082D65F00DD95DE001726ABFEC56ED50061
:10AB00002B738CFED7B1760060344201759EED0048
:10AB10000E40B6FF2E3FAEFF9E5FBEFFE1CDB1FF00
:10AB20002B058EFFAC63D4FFF4BB93001D3399FF5C
:10AB3000E47418FE1E65CF0013F696FF86E7050045
:10AB40007D86E2014D416200EC8221FF056E3E00F0
:10AB5000456C7FFF07711600911453FEC2A1E7FFF9
:10AB600083B53C00D9D1B1FFE594D4FE0383B8008E
:10AB700075B1BB011C0E1FFFB0665000325497FF29
:10AB80007D1F36FF159D85FF13B38B01E0E81A008A
:10AB90002275AAFFA7FCABFF498DCEFE81FA2300E8
:10ABA000484FEC01DCE514FF29CAADFF634CEEFF12
:10ABB000C616E0FF6CC6C3FF248D6001EC9E3BFF10
:10ABC0006A6457006EE20200E3EADE009A5D77FFF6
:10ABD0004A70A4FF435B02FF159121FF66D689FFEF
:10ABE000AFE667FEA3F6A6005DF774FEA7E01CFFC4
:10ABF000DC023901ABCE54007BE411FF1B787700F7
:10AC0000770B9301B42FE1FF68C8B9FEA50272006B
:10AC10004D4ED4002D9AB1FF18C479FE529DB60056
:10AC20005A10BE010C93C5005FEF98FF0BEB470075
:10AC3000569277FFAC86D6003C83C400A1E1810028
:10AC40001F8278FE5FC8330069E7D2FF3A0994FF9C
:10AC50002BA8DDFF7CED8E00C6D332FE2EF56700FB
:10AC6000A4F854009846D0FFB475B100464FB9001F
:10AC7000F34A2000959CCF00C5C4A101F535EF0033
:10AC80000F5DF6FE8BF031FFC45824FFA2267B0037
:10AC900080C89D01AE4C67FFADA922FED801ABFF75
:10ACA0007233110088E4C2006E9638FE6AF69F0087
:10ACB00013B84FFF964DF0FF9B50A2000035A9FF3F
:10ACC0001D975600445E10005C076EFE627595FF8E
:10ACD000F94DE6FFFD0A8C00D67C5CFE2376EB0086
:10ACE000593039011635A600B8903DFFB3FFC200B8
:10ACF000D6F83DFE3B6EF600791551FEA603E40042
:10AD00006A401AFF45E886FFF2DC35FE2EDC55006E
:10AD10007195F7FF61B367FFBE7F0B0087D1B60067
:10AD20005F348101AA90CEFF7AC8CCFFA86492005C
:10AD30003C9095FE463C28007A34B1FFF6D365FF7F
:10AD4000AEED080007337800131FAD007EEF9CFFC7
:10AD50008FBDCB00C48058FFE985E2FF1E7DADFFAB
:10AD6000C96C32007B643BFFFEA30301DD94B5FF99
:10AD7000D68839FEDEB489FFCF5836FF1C21FBFF91
:10AD800043D63401D2D0640051AA5E009128350028
:10AD9000E06FE7FE231CF4FFE2C7C3FEEE11E600FE
:10ADA000D9D9A4FEA99DDD00DA2EA201C7CFA3FF49
:10ADB0006C73A2010E60BBFF763C4C00B89F9800FC
:10ADC000D1E747FE2AA4BAFFBA9933FEDDABB6FF3E
:10ADD000A28EAD00EB2FC100078B10015FA440FFD6
:10ADE00010DDA600DBC51000841D2CFF644575FF37
:10ADF0003CEB58FE2851AD0047BE3DFFBB589D00BF
:10AE0000E70B1700ED75A400E1A8DFFF9A7274FF4D
:10AE1000A398F2011820AA007D6271FEA8134C00CD
:10AE2000119DDCFE9B340500136FA1FF475AFCFF08
:10AE3000AD6EF0000AC679FFFDFFF0FF427BD20045
:10AE4000DDC2D7FE79A311FFE1076300BE31B60072
:10AE500073098501E81A8AFFD54484002C777AFFAC
:10AE6000B3623300955A6A004732E6FF0A9976FFCB
:10AE7000B1461900A557CD00378AEA00EE1E6100E1
:10AE8000719BCF0062997F00226BDBFE7572ACFF75
:10AE90004CB4FFFEF239B3FFDD22ACFE38A231FF25
:10AEA0005303FFFF71DDBDFFBC19E4FE105859FFCD
:10AEB000471CC6FE161195FFF379FEFF6BCA63FFB0
:10AEC00009CE0E01DC2F99006B8927016131C2FF89
:10AED0009533C5FEBA3A0BFF6B2BE801C8060EFF8F
:10AEE000B58541FEDDE4ABFF7B3EE701E3EAB3FF5E
:10AEF00022BDD4FEF4BBF900BE0D50018259010001
:10AF0000DF85AD0009DEC6FF427F4A00A7D85DFF9E
:10AF10009BA8C6014291000044662E01AC5A9A00DB
:10AF2000D8804BFFA02833009E111B017CF031001C
:10AF3000ECCAB0FF977CC0FF26C1BE005FB63D00E3
:10AF4000A3937CFFFFA533FF1C2811FED7604E00A2
:10AF50005691DAFE1F24CAFF560905006F29C8FF63
:10AF6000ED6C6100393E2C0075B80F012DF17400B5
:10AF70009801DCFF9DA5BC00FA0F83013C2C7DFFEE
:10AF800041DCFBFF4B32B800355A80FFE750C2FF6F
:10AF900088817F011512BBFF2D3AA1FF4793220044
:10AFA000AEF90BFE238D1D00EF44B1FF736E3A0026
:10AFB000EEBEB10157F5A6FFBE31F7FF9253B8FFC1
:10AFC000AD0E27FF92D768008EDF780095C89BFFF3
:10AFD000D4CF910110B5D900AD2057FFFF23B500A4
:10AFE00077DFA101C8DF5EFF4606BAFFC04355FF09
:10AFF00032A99800901A7BFF38F3B3FE14448800FE
:10B00000278CBCFEFDD005FFC87387012BACE5FF84
:10B010009C68BB0097FBA7003487170097994800EE
:10B0200093C56BFE949E05FFEE8FCE007E9989FF3F
:10B030005898C5FE0744A700FC9FA5FFEF4E36FFBA
:10B04000183F37FF26DE5E00EDB70CFFCECCD200F6
:10B050001327F6FE1E4AE700876C1D01B37300003C
:10B06000757674018406FCFF9181A10169438D000E
:10B070005225E2FFEEE2E4FFCCD681FEA27B64FF24
:10B08000B979EA002D6CE700420838FF8488800017
:10B09000ACE042FEAF9DBC00E6DFE2FEF2DB450025
:10B0A000B80E770152A23800727B1400A26755FFD8
:10B0B00031EF63FE9C87D7006FFFA7FE27C4D60041
:10B0C00090264F01F9A87D009B619CFF1734DBFFA0
:10B0D000961690002C95A5FF287FB700C44DE9FF78
:10B0E0007681D2FFAA87E6FFD677C600E9F0230073
:10B0F000FD3407FF756630FF15CC9AFFB388B1FFAA
:10B1000017020301958259FFFC119F01463C1A006A
:10B11000906B1100B4BE3CFF38B63BFF6E4736FF64
:10B12000C61281FF95E057FFDF1598FF8A16B6FF1C
:10B13000FA9CCD00EC2DD0FF4F94F2016546D10072
:10B14000674EAE006590ACFF9888ED01BFC28800E5
:10B1500071507D0198048D009B9635FFC474F500F5
:10B16000EF7249FE135211FF7C7DEAFF2834BF00C5
:10B170002AD29EFF9B84A500B2052A01405C28FFCD
:10B1800024554DFFB2E47600894260FE73E242002E
:10B190006EF045FE976F5000A7AEECFFE36C6BFFBF
:10B1A000BCF241FFB751FF0039CEB5FF2F22B5FFEA
:10B1B000D5F09E01474B5F009C2818FF66D25100D6
:10B1C000ABC7E4FF9A222900E3AF4B0015EFC300A1
:10B1D0008AE55F014CC03100757B5701E3E18200D5
:10B1E0007D3E3FFF02C6AB00FE240DFE91BACE00AD
:10B1F00094FFF4FF2300A6001E96DB015CE4D4005C
:10B200005CC63CFE3E85C8FFC9293B007DEE6DFF54
:10B21000B4A3EE018C7A5200091658FFC59D2FFF8A
:10B22000995E3900581EB60054A15500B2927C00B8
:10B23000A6A607FF15D0DF009CB6F2009B79B900E7
:10B24000539CAEFE9A1076FFBA53E801DF3A79FFBD
:10B250001D175800237D7FFFAA0595FEA40C82FFD1
:10B260009BC41D00A160880007231D01A225FB00CF
:10B27000032EF2FF00D9BC0039AEE201CEE9020094
:10B2800039BB88FE7BBD09FFC9757FFFBA24CC009E
:10B29000E719D800504E6900138681FF94CB440013
:10B2A0008D517DFEF8A5C8FFD69087009737A6FF81
:10B2B00026EB5B00152E9A00DFFE96FF2399B4FF64
:10B2C0007DB01D012B621EFFD87AE6FFE9A00C00BD
:10B2D00039B90CFEF07107FF050910FE1A5B6C000E
:10B2E0006DC6CB00089328008186E4FF7CBA28FF56
:10B2F000726284FEA684170063452C0009F2EEFFFB
:10B30000B8353B00848166FF3420F3FE93DFC8FF2D
:10B310007B53B3FE8790C9FF8D253801973CE3FF2F
:10B320005A499C01CBACBB0050972FFF5E89E7FFC9
:10B3300024BF3BFFE1D1B5FF4AD7D5FE0676B3FF68
:10B340009936C1013200E700689D48018CE39AFFFD
:10B35000B6E210FE60E15CFF7314AAFE06FA4E002E
:10B36000F84BADFF355906FF00B4760048AD01003B
:10B370004008CE01AE85DF00B93E85FFD60B6200E6
:10B38000C51FD000ABA7F4FF16E7B50196DAB900E8
:10B39000F7A96101A58BF7FF2F78950167F83300B6
:10B3A0003C451CFE19B3C4007C07DAFE3A6B510021
:10B3B000B8E99CFFFC4A240076BC43008D5F35FF52
:10B3C000DE5EA5FE2E3D3500CE3B73FF2FECFAFF6F
:10B3D0004A052001819AEEFF6A20E20079BB3DFF19
:10B3E00003A6F1FE43AAACFF1DD8B2FF17C9FC00AB
:10B3F000FD6EF300C87D39006DC060FF3473EE0050
:10B400002679F3FFC9382100C27682004B6019FF0C
:10B41000AA1EE6FE273FFD00242DFAFFFB01EF00E8
:10B42000A0D45C012DD1ED00F32157FEED54C9FFEE
:10B43000D4129DFED4637FFFD96210FE8BACEF0067
:10B44000A8C982FF8FC1A9FFEE97C101D768290063
:10B45000EF3DA5FE0203F20016CBB1FEB1CC160003
:10B460009581D5FE1F0B29FF009F79FEA01972FF61
:10B47000A250C8009D970B009A864E01D836FC005A
:10B480003067850069DCC500FDA84DFE35B31700A7
:10B490001879F001FF2E60FF6B3C87FE62CDF9FF4B
:10B4A0003FF977FF783BD3FF72B437FE5B55ED0071
:10B4B00095D44D013849310056C696005DD1A000A3
:10B4C00045CDB6FFF45A2B001424B0007A74DD0089
:10B4D00033A72701E7013FFF0DC5860003D122FFF7
:10B4E000873BCA00A7644E002FDF4C00B93C3E00EA
:10B4F000B2A67B01840CA1FF3DAE2B00C34590009A
:10B500007F2FBF01222C4E0039EA3401FF1628FF9D
:10B51000F65E920053E480003C4EE0FF0060D2FFF4
:10B5200099AFEC009F154900B473C4FE83E16A0033
:10B53000FFA786009F0870FF7844C2FFB0C4C6FF13
:10B540007630A8FF5DA9010070C866014A18FE00A8
:10B55000138D04FE8E3E3F0083B3BBFF4D9C9BFFCB
:10B560007756A400AAD092FFD0859AFF949B3AFF09
:10B57000A278E8FEFCD59B00F10D2A005E32830024
:10B58000B3AA70008C5397FF377754018C23EFFFD9
:10B59000992D4301ECAF2700369767FF9E2A41FFA4
:10B5A000C4EF87FE5635CB0095612FFED82311FFDF
:10B5B0004603460167245AFF281AAD00B8300D0033
:10B5C000A3DBD9FF510601FFDDAA6CFEE9D05D00C7
:10B5D00064C9F9FE562423FFD19A1E01E3C9FBFF7B
:10B5E00002BDA7FE643903000D802900C5644B002D
:10B5F00096CCEBFF91AE3B0078F895FF5537E10014
:10B6000072D235FEC7CC77000EF74A013FFB8100AE
:10B6100043689701878250004F5937FF75E69DFFB9
:10B6200019608F00D591050045F1780195F35FFF12
:10B63000722A1400834802009A3514FF493E6D00B7
:10B64000C4669800290CCCFF7A260B01FA0A9100F7
:10B65000CF7D9400F6F4DEFF2920550170D57E00E1
:10B66000A2F9560147C67FFF51091501622704FF61
:10B67000CC472D014B6F8900EA3BE70020305FFF8C
:10B68000CC1F72011DC4B5FF33F1A7FE5D6D8E00A6
:10B6900068902D00EB0CB5FF3470A4004CFECAFF7F
:10B6A000AE0EA2003DEB93FF2B40B9FEE97DD90021
:10B6B000F358A7FE4A3108009CCC42007CD67B00A0
:10B6C00026DD76019270EC007262B1009759C700D6
:10B6D00057C57000B995A1002C60A500F8B314FF00
:10B6E000BCDBD8FE283E0D00F38E8D00E5E3CEFFD7
:10B6F000ACCA23FF75B0E1FF526E26012AF50EFF9A
:10B700001453610031AB0A00F277780019E83D006C
:10B71000D4F093FF047338FF9111EFFECA11FBFFC1
:10B72000F912F5FF6375EF00B804B3FFF6ED33FFD0
:10B7300025EF89FFA670A6FF51BC21FFB9FA8EFF45
:10B7400036BBAD00D070C900F62BE40168B858FFD5
:10B75000D434C4FF33756CFFFE759B002E5B0FFF66
:10B76000570E90FF57E3CC00531A53019F4CE30050
:10B770009F1BD50118976C007590B3FE89D15200BC
:10B78000269F0A007385C900DFB69C016EC45DFF69
:10B79000393CE90005A769FF9AC5A4006022BAFFF9
:10B7A00093852501DC63BE0001A754FF1491AB0013
:10B7B000C2C5FBFE5F4E85FFFCF8F3FFE15D83FF32
:10B7C000BB86C4FFD899AA0014769EFE8C01760031
:10B7D000569E0F012DD329FF930164FE71744CFF17
:10B7E000D37F6C01670F3000C110660145335FFFE6
:10B7F0006B809D0089ABE9005A7C90016AA1B6007C
:10B80000AF4CEC01C88DACFFA33A6800E9B434FF3B
:10B81000F0FD0EFFA271FEFF26EF8AFE342EA60079
:10B82000F16521FE83BA9C006FD03EFF7C5EA0FFD5
:10B830001FACFE0070AE38FFBC631BFF438AFB00E9
:10B840007D3A80019C98AEFFB20CF7FFFC549E003D
:10B8500052C50EFEACC853FF25272E016ACFA700A4
:10B8600018BD220083B29000CED50400A1E2D20020
:10B87000483369FF612DBBFF4EB8DFFFB01DFB00F1
:10B880004FA056FF7425B200524DD50152548DFF82
:10B89000E265D401AF58C7FFF55EF701AC766DFFE6
:10B8A000A6B9BE0083B5780057FE5DFF86F049FF5C
:10B8B00020F58FFF8BA267FFB36212FED9CC700018
:10B8C00093DF78FF350AF300A68C96007D50C8FF01
:10B8D0000E6DDBFF5BDA01FFFCFC2FFE6D9C74FF3D
:10B8E00073317F01CC57D3FF94CAD9FF1A55F9FFA2
:10B8F0000EF586014C59A9FFF22DE6003B62ACFF24
:10B90000724984FE4E9B31FF9E7E540031AF2BFF67
:10B9100010B654FF9D67230068C16DFF43DD9A0098
:10B92000C9AC01FE08A25800A5011DFF7D9BE5FFE3
:10B930001E9ADC0167EF5C00DC016DFFCAC60100E6
:10B940005E028E0124362C00EBE29EFFAAFBD6FF9E
:10B95000B94D0900614AF200DBA395FFF02376FFA1
:10B96000DF7258FEC0C703006A2518FFC9A176FF21
:10B9700061596301E03A67FF65C793FEDE3C6300EF
:10B98000EA193B0134871B0066035BFEA8D8EB0075
:10B99000E5E88800683C81002EA8EE0027BF430040
:10B9A0004BA32F008F6162FF38D8A801A8E9FCFFE4
:10B9B000236F16FF5C542B001AC857015BFD9800DB
:10B9C000CA3846008E084D00500AAF01FCC74C0033
:10B9D000166E52FF8101C2000B803D01570E91FF90
:10B9E000FDDEBE010F48AE0055A356FE3A632CFFA4
:10B9F0002D18BCFE1ACD0F0013E5D2FEF843C3008C
:10BA00006347B8009AC725FF97F379FF26334BFFAA
:10BA1000C95582FE2C41FA003993F3FE922B3BFF6D
:10BA2000591C3500215418FFB33312FEBD46530094
:10BA30000B9CB301628677009E6F6F00779A49FF77
:10BA4000C83F8CFE2D0D0DFF9AC002FE51482A0002
:10BA50002EA0B9FE2C70060092D795011AB068008E
:10BA6000441C5701EC3299FFB380FAFECEC1BFFFF0
:10BA7000A65C89FE3528EF00D201CCFEA8AD2300DC
:10BA80008DF32D0124326DFF0FF2C2FFE39F7AFF89
:10BA9000B0AFCAFE4639480028DF3800D0A23AFFCE
:10BAA000B7625D000F6F0C001E084CFF847FF6FF2D
:10BAB0002DF2670045B50FFF0AD11E0003B37900D0
:10BAC000F1E8DA017BC758FF02D2CA01BC8251FFFC
:10BAD0005E65D00167242D004CC118015F1AF1FF8B
:10BAE000A5A2BB0024728C00CA4205FF2538930032
:10BAF000980BF3017F55E8FFFA87D401B9B17100C3
:10BB00005ADC4BFF45F89200326F32005C16500051
:10BB1000F42473FEA36452FF19C106017F3D240083
:10BB2000FD431EFE41ECAAFFA111D7FE3FAF8C00E2
:10BB3000377F04004F70E9006DA028008F5307FF86
:10BB4000411AEEFFD9A98CFF4E5EBDFF0093BEFFE8
:10BB50009347BAFE6A4D7FFFE99DE9018757EDFFE4
:10BB6000D00DEC019B6D24FFB464DA00B4A3120085
:10BB7000BE6E0901113F7BFFB388B4FFA57B7BFF3D
:10BB800090BC51FE47F06CFF19700BFFE3DA33FFF6
:10BB9000A732EAFF724F6CFF1F1373FFB7F0630009
:10BBA000E3578FFF48D9F8FF66A95F01819595009B
:10BBB000EE850C01E3CC2300D0731A016608EA007D
:10BBC00070588F0190F90E00F09EACFE6470770003
:10BBD000C28D99FE283853FF79B02E002A354CFFCC
:10BBE0009EBF9A005BD15C00AD0D10010548E2FFDD
:10BBF000CCFE950050B8CF0064097AFE7665ABFFA5
:10BC0000FCCB00FEA0CF36003848F901388C0DFF80
:10BC10000A406BFE5B6534FFE1B5F8018BFF8400E1
:10BC2000E6911100E93817007701F1FFD5A997FFD8
:10BC3000636309FEB90FBFFFAD676D01AE0DFBFF7A
:10BC4000B25807FE1B3B44FF0A2102FFF8613B008C
:10BC50001A1E9201B0930A005F79CF01BC581800F8
:10BC6000B95EFEFE7337C90018324600783506000B
:10BC70008E429200E4E2F9FF68C0DE01AD44DB00D1
:10BC8000A2B824FF8F6689FF9D0B17007D2D6200EF
:10BC9000EB5DE1FE3870A0FF4674F30199F937FFC0
:10BCA00081271101F150F400574515015EE449FF69
:10BCB0004E4241FFC2E3E7003D9257FFAD9B17FFA5
:10BCC0007074DBFED8260BFF83BA85005ED4BB0000
:10BCD000642F5B00CCFEAFFFDE12D7FEAD446CFFDD
:10BCE000E3E44FFF26DDD500A3E396FE1FBE12005E
:10BCF000A0B30B010A5A5EFFDCAE5800A3D3E5FFE8
:10BD0000C7883400825FDDFF8CBCE7FE8B7180FF4B
:10BD100075ABECFE31DC14FF3B14ABFFE46DBC00F3
:10BD200014E120FEC310AE00E3FE880187276900FE
:10BD3000964DCEFFD2EEE20037D484FEEF397C0080
:10BD4000AAC25DFFF910F7FF18973EFF0A970A0095
:10BD50004F8BB2FF78F2CA001ADBD5003E7D23FF7D
:10BD600090026CFFE62153FF512DD801E03E1100F7
:10BD7000D6D97D00629999FFB3B06AFE835D8AFFD0
:10BD80006D3E24FFB27920FF78FC4600DCF82500E8
:10BD9000CC58670180DCFBFFECE307016A31C6FF8A
:10BDA0003C386B006372EE00DCCC5E0149BB0100E5
:10BDB000599A22004ED9A5FF0EC3F9FF09E6FDFFEF
:10BDC000CD87F5001AFC07FF54CD1B0186027000D9
:10BDD000259E2000E75BEDFFBFAACCFF9807DE00A1
:10BDE0006DC03100C1A692FFE813B5FF698E34FF24
:10BDF00067101B01FDC8A500C3D904FF34BD90FF27
:10BE00007B9BA0FE578236FF4E783DFF0E382900FF
:10BE100019297DFF57A8F500D6A54600D4A906FF2D
:10BE2000DBD3C2FE485DA4FFC52167FF2B8E8D00CA
:10BE300083E1AC00F4691C004444E10088540DFF28
:10BE4000823928FE8B4D380054963500365F9D00B0
:10BE5000900DB1FE5F73BA00751776FFF4A6F1FF7F
:10BE60000BBA8700B26ACBFF61DA5D002BFD2D00B3
:10BE7000A49804008B76EF00600118FEEB99D3FFC5
:10BE8000A86E14FF32EFB0007229E800C1FA350045
:10BE9000FEA06FFE887A29FF616C4300D79817FFD8
:10BEA0008CD1D4002ABDA300CA2A32FF6A6ABDFF22
:10BEB000BE44D9FFE93A7500E5DCF301C50304008F
:10BEC000257836FE049C86FF243DABFEA58864FFE2
:10BED000D4E80E005AAE0A00D8C641FF0C03400059
:10BEE000747173FFF8670800E77D12FFA01CC5009E
:10BEF0001EB82301DF49F9FF7B142EFE873825FF8A
:10BF0000AD0DE50177A122FFF53D4900CD7D700023
:10BF100089688600D9F61EFFED8E8F00419F66FF6F
:10BF20006CA4BE00DB75ADFF222578FEC84550002D
:10BF30001F7CDAFE4A1BA0FFBA9AC7FF47C7FC0066
:10BF400068519F0111C82700D33DC0011AEE5B0064
:10BF500094D90C003B5BD5FF0B51B7FF81E67AFF0C
:10BF600072CB910177B442FF488AB400E0956A0031
:10BF7000775268FFD08C2B006209B6FFCD6586FF33
:10BF8000126526005FC5A6FFCBF193003ED091FF5E
:10BF900085F6FB0002A90E000DF7B8008E07FE0023
:10BFA00024C817FF58CDDF005B8134FF15BA1E008F
:10BFB0008FE4D201F7EAF8FFE6451FFEB0BA87FF2B
:10BFC000EECD34018B4F2B0011B0D9FE20F343008E
:10BFD000F26FE9002C2309FFE372510104470CFFC3
:10BFE0002669BF00077532FF514F10003F4441FFE3
:10BFF0009D246EFF4DF103FFE22DFB018E19CE0053
:10C00000787BD1011CFEEEFF05807EFF5BDED7FF53
:10C01000A20FBF0056F0490087B951FE2CF1A300D2
:10C02000D4DBD2FF70A29B00CF657600A84838FF12
:10C03000C405340048ACF2FF7E169DFF92603BFFC2
:10C04000A27998FE8C105F00C3FEC8FE5296A20033
:10C05000772B91FECCAC4EFFA6E09F006813EDFF5E
:10C06000F57ED0FFE23BD50075D9C5009848ED00BC
:10C07000DC1F17FE0E5AE7FFBCD440013C65F6FFFB
:10C080005518560001B16D00925320014BB6C00007
:10C0900077F1E000B9ED1BFFB8655201EB254DFFCC
:10C0A000FD861300E8F67A003C6AB300C30B0C006F
:10C0B0006D42EB017D713B003D28A400AF68F000AC
:10C0C000022FBBFF320C8D00C28BB5FF87FA6800D0
:10C0D000615CDEFFD995C9FFCBF176FF4F97430036
:10C0E0007A8EDAFF95F5EF008A2AC8FE502561FFA7
:10C0F0007C70A7FF248A57FF821D93FFF1574EFFE4
:10C10000CC611301B1D116FFF7E37FFE637753FFD4
:10C11000D419C60110B3B300914DACFE59990EFF6E
:10C12000DABDA7006BE93BFF2321F3FE2C7070FF03
:10C13000A17F4F01CCAF0A0028158AFE6874E40085
:10C14000C75F89FF85BEA8FF92A5EA01B7632700F4
:10C15000B7DC36FEFFDE8500A2DB79FE3FEF06008E
:10C16000E16636FFFB12F60004228101872483007A
:10C17000CE323B010F61B700ABD887FF65982BFF2C
:10C1800096FB5B0026915F0022CC26FEB28C53FF0B
:10C190001981F3FF4C9025006A241AFE7690ACFFBB
:10C1A00044BAE5FF6BA1D5FF2EA344FF95AAFD007D
:10C1B000BB110F00DAA0A5FFAB23F601600D130041
:10C1C000A5CB7500D66BC0FFF47BB101640368009A
:10C1D000B2F261FFFB4C82FFD34D2A01FA4F46FFBA
:10C1E0003FF450016965F6003D883A01EE5BD500E9
:10C1F0000E3B62FFA7544D0011842EFE39AFC5FFE0
:10C20000B93EB8004C40CF00ACAFD0FEAF4A2500DD
:10C210008A1BD3FE947DC2000A595100A8CB65FF4A
:10C220002BD5D101EBF536001E23E2FF097E460037
:10C23000E27D5EFE9C7514FF39F87001E63040FF28
:10C24000A45CA601E0D6E6FF24788F0037082BFF18
:10C25000FB01F5016A62A5004A6B6AFE350436FFF0
:10C260005AB2960103787BFFF405590172FA3DFF3B
:10C27000FE9952014D0F110039EE5A015FDFE600C1
:10C28000EC342FFE6794A4FF79CF24011210B9FF7C
:10C290004B144A00BB0B65002E3081FF16EFD2FF16
:10C2A0004DEC81FF6F4DCCFF3D4861FFC7D9FBFFCF
:10C2B0002AD7CC008591C9FF39E69201EB64C6000C
:10C2C000924923FE6CC614FFB64FD2FF5267880016
:10C2D000F66CB00022113CFF134A72FEA8AA4EFF72
:10C2E0009DEF14FF9529A8003A791C004FB386FFF3
:10C2F000E77987FFAED162FFF37ABE00ABA6CD002F
:10C30000D47430001D6C42FFA2DEB6010E7715001A
:10C31000D527F9FFFEDFE4FFB7A5C60085BE3000D4
:10C320007CD06DFF77AF55FF09D1790130ABBDFFF0
:10C33000C347860188DB33FFB65B8DFE319F480023
:10C340002376F5FF70BAE3FF3B891F00892CA30019
:10C3500072673CFE08D59600A20A71FFC2684800C9
:10C36000DC8374FFB24F5C00CBFAD5FE5DC1BDFF2C
:10C3700082FF22FED4BC9700881114FF146553FF7E
:10C38000D4CEA600E5EE49FF974A03FFA857D70091
:10C390009BBC85FFA6814900F04F85FFB2D351FFBA
:10C3A000CB48A3FEC1A8A5000EA4C7FE1EFFCC006B
:10C3B00041485B01A64A66FFC82A00FFC271E3FF3D
:10C3C0004217D000E5D864FF18EF1A000AE93EFFD3
:10C3D0007B0AB2011A24AEFF77DBC7012DA3BE0092
:10C3E00010A82A00A639C6FF1C1A1A007EA5E7006D
:10C3F000FB6C64FF3DE579FF3A768A004CCF110073
:10C400000D2270FE5910A80025D069FF23C9D7FF5F
:10C41000286A65FE06EF72002867E2FEF67F6EFF6F
:10C420003FA73A0084F08E00059E58FF81499EFF89
:10C430005E599200E6369200082DAD004FA901002A
:10C4400073BAF7005440830043E0FDFFCFBD4000C6
:10C450009A1C51012DB836FF57D4E0FF006049FF08
:10C460008121EB01344250FFFBAE9BFF04B325005A
:10C47000EAA45DFE5DAFFD00C64557FFE06A2E00F1
:10C48000631DD2003EBC72FF2CEA0800A9AFF7FF83
:10C49000176D89FFE5B62700C0A55EFEF565D900DA
:10C4A000BF586000C45E63FF6AEE0BFE357EF3008A
:10C4B0005E0165FF2E930200C97C7CFF8D0CDA00C3
:10C4C0000DA69D0130FBEDFF9BFA7CFF6A9492FF65
:10C4D000B60DCA001C3DA700D99808FEDC822DFFCE
:10C4E000C8E6FF01374157FF5DBF61FE72FB0E00DA
:10C4F00020695C011ACF8D0018CF0DFE153230FF78
:10C50000BA9474FFD32BE1002522A2FEA4D22AFF05
:10C51000441760FFB6D608FFF57589FF42C33200A5
:10C520004B0C53FE508CA40009A52401E46EE300DB
:10C53000F1115A011934D40006DF0CFF8BF33900D6
:10C540000C714B01F6B7BFFFD5BF45FFE60F8E005C
:10C5500001C3C4FF8AAB2FFF403F6A0110A9D6FF79
:10C56000CFAE3801584985FFB6858C00B10E19FF52
:10C5700093B835FF0AE3A1FF78D8F4FF494DE900ED
:10C580009DEE8B013B41E90046FBD80129B899FF9C
:10C5900020CB70009293FD0057656D012C5285FFF2
:10C5A000F49635FF5E98E8FF3B5D27FF5893DCFF6C
:10C5B0004E510D01202FFCFFA01372FF5D6B27FF72
:10C5C0007610D301B977D1FFE3DB7FFE5869ECFF2A
:10C5D000A26E17FF24A66EFF5BECDDFF42EA74003B
:10C5E0006F13F4FE0AE91A0020B706FE02BFF2003C
:10C5F000DA9C35FE293C46FFA8EC6F0079B97EFF36
:10C60000EE8ECFFF377E3400DC81D0FE50CCA4FF0D
:10C61000431790FEDA286CFF7FCAA400CB2103FFEA
:10C62000029E00002560BCFFC0314A006D0400007E
:10C630006FA70AFE5BDA87FFCB42ADFF96C2E2002E
:10C64000C9FD06FFAE667900CDBF6E0035C204009D
:10C6500051282DFE23668FFF0C6CC6FF101BE8FFD0
:10C66000FC47BA01B06E72008E037501714D8E00E9
:10C67000139CC5015C2FFC0035E816013612EB0057
:10C680002E23BDFFECD481000260D0FEC8EEC7FFB0
:10C690003BAFA4FF922BE700C2D934FF03DF0C00AD
:10C6A0008A36B2FE55EBCF00E8CF2200313432FF9C
:10C6B000A67159FF0A2DD8FF3EAD1C006FA5F600EC
:10C6C00076735BFF80543C00A790CB00570DF300BE
:10C6D000161EE401B17192FF81AAE6FEFC9981FF6A
:10C6E00091E12B0046E705FF7A697EFE56F694FF3E
:10C6F0006E259AFED1035B0044913E00E410A5FF35
:10C7000037DDF9FEB2D25B005392E2FE4592BA00E9
:10C710005DD268FE1019AD00E7BA2600BD7A8CFF25
:10C72000FB0D70FF696E5D00FB48AA00C017DFFFBC
:10C730001803CA01E15DE4009993C7FE6DAA1600D3
:10C74000F865F6FFB27C0CFFB2FE66FE37044100CE
:10C750007DD6B400B76093002D7517FE84BFF90035
:10C760008FB0CBFE88B736FF92EAB100926556FFD4
:10C770002C7B8F0121D19800C05A29FE530F7DFFD9
:10C78000D5AC5200D7A99000100D220020D164FF33
:10C790005412F901C511ECFFD9BAE60031A0B0FF7F
:10C7A0006F7661FFED68EB004F3B5CFE45F90BFFD8
:10C7B00023AC4A0113764400DE7CA5FFB44223FF7C
:10C7C00056AEF6002B4A6FFF7E9056FFE4EA5B0000
:10C7D000F2D518FE452CEBFFDCB4230008F807FF68
:10C7E000662F5CFFF0CD66FF71E6AB011FB9C9FF94
:10C7F000C2F646FF7A11BB008646C7FF950396FF37
:10C80000753F670041687BFFD4361301068D5800E1
:10C810005386F3FF88356700A91BB400B1311800B7
:10C820006F36A700C33DD7FF1F016C013C2A4600AD
:10C83000B903A2FFC29528FFF67F26FEBE7726FF2A
:10C840003D77080160A1DBFF2ACBDD01B1F2A4FF37
:10C85000F59F0A0074C40000055DCDFE807FB30023
:10C860007DEDF6FF95A2D9FF572514FE8CEEC00092
:10C870000909C1006101E2001D260A0000883FFF8E
:10C88000E548D2FE26865CFF4EDAD001682454FFCC
:10C890000C05C1FFF2AF3DFFBFA92E01B39393FF7B
:10C8A00071BE8BFE7DAC1F00034BFCFED7240F0036
:10C8B000C11B1801FF4595FF6E817600CB5DF90025
:10C8C0008A8940FE264606009974DE00A14A7B0054
:10C8D000C1634FFF763B5EFF3D0C2B0192B19D0083
:10C8E0002E93BF0010FF26000B331F013C3A62FF5E
:10C8F0006FC24D019A5BF4008C289001AD0AFB00D9
:10C90000CBD132FE6C824E00E4B45A00AE07FA007E
:10C910001FAE3C0029AB1E00746352FF76C18BFF33
:10C92000BBADC6FEDA6F3800B97BD800F99E340083
:10C9300034B45DFFC9095BFF382DA6FE849BCBFF95
:10C940003AE86E0034D359FFFD00A2010957B70041
:10C9500091882C015E7AF50055BCAB01935CC60052
:10C96000000868001E5FAE00DDE63401F7F7EBFF5C
:10C9700089AE35FF2315CCFF47E3D601E852C2004C
:10C980000B30E3FFAA49B8FFC6FBFCFE2C70220067
:10C99000836583FF48A8BB0084877DFF8A6861FFA9
:10C9A000EEB8A8FFF36854FF87D8E2FF8B90ED0044
:10C9B000BC89960150388CFF56A9A7FFC24E19FFBB
:10C9C000DC11B4FF110DC1007589D4FF8DE0970013
:10C9D00031F4AF00C163AFFF13639A01FF413EFF23
:10C9E0009CD237FFF2F403FFFA0E95009E58D9FF50
:10C9F0009DCF86FEFBE81C002E9CFBFFAB38B8FFEA
:10CA0000EF33EA008E8A83FF19FEF3010AC9C200E0
:10CA10003F614B00D2EFA200C0C81F0175D6F300E2
:10CA20001847DEFE3628E8FF4CB76FFE900E57FF22
:10CA3000D64F88FFD8C4D400841B8CFE8305FD002C
:10CA40007C6C13FF1CD74B004CDE37FEE9B63F0071
:10CA500044ABBFFE346FDEFF0A694DFF50AAEB0006
:10CA60008F1858FF2DE779009481E0013DF65400BE
:10CA7000FD2EDBFFEF4C2100319412FEE625450030
:10CA8000438616FE8E9B5E001F9DD3FED52A1EFF99
:10CA900004E4F7FEFCB00DFF27001FFEF1F4FFFFDA
:10CAA000AA2D0AFEFDDEF900DE728400FF2F06FFCC
:10CAB000B4A3B301545E97FF59D152FEE534A9FFE8
:10CAC000D5EC0001D638E4FF877797FF70C9C10025
:10CAD00053A035FE0697420012A21100E9615B00E7
:10CAE00083054E01B57835FF755F3FFFED75B900E1
:10CAF000BF7E88FF9077E900B73961012FC9BBFF7E
:10CB0000A7A577012D647E00156206FE91965FFF52
:10CB100078369800D16268008F6F1EFEB894F900D5
:10CB2000EBD82E00F8CA94FF395F1600F2E1A3009B
:10CB3000E9F7E8FF47AB13FF67F431FF54675DFF88
:10CB40004479F40152E00D00294F2BFFF9CEA7FFE5
:10CB5000D73415FEC02016FFF76F3C00654A26FF4C
:10CB6000165B54FE1D1C0DFFC6E7D7FEF49AC800E5
:10CB7000DF89ED00D3840E005F40CEFF113EF7FF4A
:10CB8000E98379015D174D00CDCC34FE51BD88009D
:10CB9000B4DB8A018F125E00CC2B8CFEBCAFDB00B5
:10CBA0006F628FFF973FA2FFD33247FE139235008B
:10CBB000922D53FEB252EEFF108554FFE2C65DFF88
:10CBC000C96114FF787623FF7232E7FFA2E59CFF6C
:10CBD000D31A0C00722773FFCED48600C5D9A0FFEC
:10CBE00074815EFEC7D7DBFF4BDFF901FD74B5FF33
:10CBF000E8D768FFE482F6FFB97556000E05080015
:10CC0000EF1D3D01ED5785FF7D9289FECCA8DF0029
:10CC10002EA8F5009A691600DCD4A1FF6B4518FF19
:10CC200089DAB5FFF154C6FF827AD3FF8D0899FFE8
:10CC3000BEB176006059B200FF1030FE7A6069FF25
:10CC40007536E8FF227E69FFCC43A600E8348AFFF0
:10CC5000D3930C00193607002C0FD7FE33EC2D00B0
:10CC6000BE4481016A93E1001C5D2DFEEC8D0FFF37
:10CC7000113DA100DC73C000EC9118FE6FA8A90063
:10CC8000E03A3FFF7FA4BC0052EA4B01E09E8600E1
:10CC9000D1446E01D9A6D90046E1A601BBC18FFFE0
:10CCA000100758FF0ACD8C0075C09C011138260072
:10CCB0001B7C6C01ABD737FF5FFDD4009B87A8FFBF
:10CCC000F6B299FE9A444A00E83D60FE69843B0052
:10CCD000214CC701BDB082FF096819FE4BC666FF33
:10CCE000E90170006CDC14FF72E646008CC285FF1F
:10CCF000399EA4FE920650FFA9C4610155B7820077
:10CD0000469EDE013BEDEAFF60191AFFE8AF61FFC6
:10CD10000B79F8FE5823C200DBB4FCFE4A08E3009E
:10CD2000C3E34901B86EA1FF31E9A40180352F00AA
:10CD3000520E79FFC1BE3A0030AE75FF8417200055
:10CD4000280A8601163319FFF00BB0FF6E399200E6
:10CD5000758FEF019D6576FF36544C00CDB812FFFC
:10CD60002F0448FF4E7055FFC13242015D1034FF61
:10CD7000086986000C6D48FF3A9CFB009023CC00AC
:10CD80002CA075FE326BC2000144A5FF6F6EA2009D
:10CD90009E5328FE4CD6EA003AD8CDFFAB6093FFF5
:10CDA00028E37201B0E3F10046F9B70188548BFF24
:10CDB0003C7AF7FE8F0975FFB1AE89FE49F78F0007
:10CDC000ECB97EFF3E19F7FF2D4038FFA1F40600B5
:10CDD0002239380169CA53008093D00006670AFFE0
:10CDE0004A8A41FF615064FFD6AE21FF32864AFF76
:10CDF0006E9782FE6F54AC0054C74BFEF83B70FF39
:10CE000008D8B20109B75F00EE1B08FEAACDDC000E
:10CE1000C3E58700624CEDFFE25B1A0152DB27FF9E
:10CE2000E1BEC701D9C879FF51B308FF8C41CE00DC
:10CE3000B2CF57FEFAFC2EFF68596E01FDBD9EFF72
:10CE400090D69EFFA0F536FF35B75C0115C8C2FF2E
:10CE500092217101D101FF00EB6A2BFFA734E8009A
:10CE60009DE5DD00331E1900FADD1B01419357FFDC
:10CE70004F7BC40041C4DFFF4C2C110155F144002D
:10CE8000CAB7F9FF41D4D4FF09219A01473B5000AA
:10CE9000AFC23BFF8D48090064A0F400E6D0380023
:10CEA0003B194BFE50C2C2001203C8FEA09F730084
:10CEB000848FF7016F5D39FF3AED0B0186DE87FF46
:10CEC0007AA36C017B2BBEFFFBBDCEFE50B648FFA4
:10CED000D0F6E001113C0900A1CF26008D6D5B006A
:10CEE000D80FD3FF884E6E0062A368FF155079FFFC
:10CEF000ADB2B7017F8F0400683C52FED6100DFF23
:10CF000060EE21019E94E6FF7F813EFF33FFD2FF5A
:10CF10003E8DECFE9D37E0FF7227F400C0BCFAFFA7
:10CF2000E44C3500625451FFADCB3DFE933237FFE8
:10CF3000CCEBBF0034C5F400582BD3FE1BBF7700E9
:10CF4000BCE79A004251A1005CC1A001FAE378005D
:10CF50007B37E200B811480085A80AFE16879CFFBF
:10CF6000291967FF30CA3A00BA9551FFBC86EF0015
:10CF7000EBB5BDFED98BBCFF4A3052002EDAE5007E
:10CF8000BDFDFB0032E50CFFD38DBF0180F419FF1E
:10CF9000A9E77AFE562FBDFF84B717FF25B296FF8B
:10CFA0003389FD00C84E1F0016693200823C000024
:10CFB00084A35BFE17E7BB00C04FEF009D66A4FF94
:10CFC000C052140118B567FFF009EA00017BA4FF05
:10CFD00085E900FFCAF2F2003CBAF500F110C7FF84
:10CFE000E0749EFEBF7D5BFFE056CF007925E7FF32
:10CFF000E309C6FF0F99EFFF79E8D9FE4B705200A5
:10D000005F0C39FE33D669FF94DC6101C7622400EE
:10D010009CD10CFE0AD43400D9B437FED4AAE8FF60
:10D02000D81454FF9DFA87009D637FFE01CE29002E
:10D030009524460136C4C9FF577400FEEBAB960039
:10D040001BA3EA00CA87B400D05F00FE7B9C5D0092
:10D05000B73E4B0089EBB600CCE1FFFFD68BD2FF89
:10D06000027308FF1D0C6F00349C0100FD15FBFFCF
:10D0700025A51FFE0C82D3006A1235FE2A639A0092
:10D080000ED93DFED80B5CFFC8C570FE9326C700C5
:10D0900024FC78FE6BA94D00017B9FFFCF4B6600FF
:10D0A000A3AFC4002C01F00078BAB0FE0D624CFFB3
:10D0B000ED7CF1FFE892BCFFC860E000CC1F2900C6
:10D0C000D0C80D0015E160FFAF9CC400F7D07E0012
:10D0D0003EB8F4FE02AB510055739E0036402DFF62
:10D0E000138A72008747CD00E32F9301DAE74200ED
:10D0F000FDD11C00F40FADFF060F76FE1096D0FF99
:10D10000B91632FF5670CFFF4B71D7013F922BFFFC
:10D1100004E113FEE3173EFF0EFFD6FE2D08CDFF00
:10D1200057C597FED252D7FFF5F8F7FF80F84600B3
:10D13000E1F757005A784600D5F55C000D85E2000E
:10D140002FB505015CA369FF061E85FEE8B23DFF11
:10D15000E69518FF12319E00E4643DFE74F3FBFF78
:10D160004D4B5C0151DB93FF4CA3FEFE8DD5F600C9
:10D17000E82598FE612C6400C9253201D4F43900F9
:10D18000AEABB7FFF94A7000A69C1E00DEDD61FF62
:10D19000F35D49FEFB6564FFD8D95DFFFE8ABBFFE6
:10D1A0008EBE34FF3BCBB1FFC85E340073729EFF6E
:10D1B000A59868017E63E2FF769DF4016BC81000BC
:10D1C000C15AE500790658009C205DFE7DF1D3FF31
:10D1D0000EED9DFFA59A15FFB8E016FFFA1898FF0F
:10D1E000714D1F00F7AB17FFEDB1CCFF348991FFF4
:10D1F000C2B67200E0EA95000A6F6701C9810400B7
:10D20000EE8E4E00340628FF6ED5A5FE3CCFFD0005
:10D210003ED74500606100FF312DCA00787916FFC6
:10D22000EB8B3001C62D22FFB6321B0183D25BFF90
:10D230002E368000AF7B69FFC68D4EFE43F4EFFFB4
:10D24000F53667FE4E26F2FF025CF9FEFBAE57FF95
:10D250008B3F9000186C1BFF22661201221698006B
:10D2600042E576FE328F630090A99501761E980004
:10D27000B2087901089F12005A65E6FF811D770008
:10D2800044240B01E8B7370017FF60FFA129C1FF55
:10D290003F8BDE000FB3F300FF640FFF52358700B2
:10D2A0008939950163F0AAFF16E6E4FE31B452FF16
:10D2B0003D522B006EF5D900C77D3D002EFD340098
:10D2C0008DC5DB00D39FC100377969FEB71481009B
:10D2D000A977AAFFCBB28BFF8728B6FFAC0DCAFF98
:10D2E00041B2940008CF2B007A357F014AA130006B
:10D2F000E3D680FE560BF3FF64560701F54486FF24
:10D300003D2B150198545EFFBE3CFAFEEF76E8FF18
:10D31000D6882501714C6BFF5D68640190CE17FFC4
:10D320006E969A01E467B900DA3132FE874D8BFFC1
:10D33000B9014E0000A194FF611DE9FFCF9495FF54
:10D34000A0A800005B80ABFF061C13FE0B6FF7006C
:10D3500027BB96FF8AE89500753E44FF3FD8BCFF87
:10D36000EBEA20FE1D39A0FF190CF101A93CBF001A
:10D3700020838DFFED9F7BFF5EC55EFE74FE03FF85
:10D380005CB361FE79615CFFAA700E001595F80030
:10D39000F8E3030050606D004BC04A010C5AE2FFF5
:10D3A000A16A4401D0727FFF722AFFFE4A1A4AFF27
:10D3B000F7B396FE798C3C009346C8FFD628A1FFB0
:10D3C000A1BCC9FF8D4187FFF273FC003E2FCA004C
:10D3D000B495FFFE8237ED00A511BAFF0AA9C2007D
:10D3E0009C6DDAFF708C7BFF6880DFFEB18E6CFF76
:10D3F0007925DBFF804D12FF6F6C17015BC04B007E
:10D40000AEF516FF04EC3EFF2B409901E3ADFE00A4
:10D41000ED7A84017F59BAFF8E5280FEFC54AE0033
:10D420005AB3B101F3D657FF673CA2FFD0820EFF7B
:10D430000B828B00CE81DBFF5ED99DFFEFE6E6FF1E
:10D4400074739FFEA46B5F0033DA0201D87DC6FFC0
:10D450008CCA80FE0B5F44FF37095DFEAE9906FF64
:10D46000CCAC600045A06E00D52631FE1B50D50027
:10D47000767D7200464643FF0F8E49FF837AB9FFDF
:10D48000F31432FE82ED2800D29F8C01C59741FF34
:10D4900054994200C37E5A0010EEEC0176BB66FF41
:10D4A000031885FFBB45E60038C55C01D5455EFF26
:10D4B000508AE501CE07E600DE6FE6015BE977FF03
:10D4C0000959070102620100944A85FF33F6B4FF4F
:10D4D000E4B170013ABD6CFFC2CBEDFE15D1C300C3
:10D4E000930A2301569DE2001FA38BFE38074BFFD2
:10D4F0003E5A7400B53CA9008AA2D4FE51A71F0071
:10D50000CD5A70FF2170E30053977501B1E049FFD8
:10D51000AE90D9FFE6CC4FFF164DE8FF724EEA0001
:10D52000E0397EFE09318D00F293A50168B68CFFCB
:10D53000A7840C017B447F00E1572701FB6C0800A6
:10D54000C6C18F017987CFFFAC164600324474FF05
:10D5500065AF28FFF869E900A6CB07006EC5DA00C1
:10D56000D7FE1AFEA8E2FD001F8F60000B6729009E
:10D57000B781CBFE64F74AFFD57E8400D2932C009E
:10D58000C7EA1B01942FB5009B5B9E013669AFFF74
:10D59000024E91FE669A5F0080CF7FFE347CECFFE6
:10D5A00082544700DDF3D30098AACF00DE6AC7009B
:10D5B000B7545EFE5CC838FF8AB673018E60920075
:10D5C0008588E4006112960037FB42008C660400F7
:10D5D000CA6797001E13F8FF33B8CF00CAC65900B8
:10D5E00037C5E1FEA95FF9FF424144FFBCEA7E0076
:10D5F000A6DF640170EFF4009017C2003A27B6006E
:10D60000F42C18FEAF44B3FF98769A01B0A28200C2
:10D61000D972CCFEAD7E4EFF21DE1EFF24025BFFE1
:10D62000028FF30009EBD70003AB970118D7F5FF82
:10D63000A82FA4FEF192CF004581B40044F37100FD
:10D64000903548FEFB2D0E00176EA80044444FFF96
:10D650006E465FFEAE5B90FF21CE5FFF892907FF1C
:10D6600013BB99FE23FF70FF0991B9FE329D25007F
:10D670000B7031016608BEFFEAF3A9013C551700A3
:10D680004A27BD007431EF00ADD5D2002EA16CFF4A
:10D690009F962500C478B9FF226206FF99C33EFF1A
:10D6A00061E647FF663D4C001AD4ECFFA461100010
:10D6B000C63B9200A317C40038183D00B562C100F4
:10D6C000FB93E5FF62BD18FF2E36CEFFEA52F6004F
:10D6D000B76726016D3ECC000AF0E000921675FF98
:10D6E0008E9A780045D42300D063760179FF03FF3A
:10D6F0004806C2007511C5FF7D0F17009A4F9900AB
:10D70000D65EC5FFB93793FF3EFE4EFE7F529900AD
:10D710006E663FFF6C52A1FF69BBD401508A27009F
:10D720003CFF5DFF480CBA00D2FB1F01BEA790FF73
:10D73000E42C13FE8043E800D6F96BFE889156FF77
:10D74000842EB000BDBBE3FFD0168C00D9D374008B
:10D750003251BAFE8BFA1F001E40C601879B64003F
:10D76000A0CE17FEBBA2D3FF10BC3F00FED03100FD
:10D770005554BF00F1C0F2FF997E9101EAA2A2FFC9
:10D78000E661D80140877E00BE94DF0134002BFFA4
:10D790001C27BD014088EE00AFC4B90062E2D5FF8E
:10D7A0007F9FF401E2AF3C00A0E98E01B4F3CFFF0C
:10D7B000459859011F6515009019A4FE8BBFD10033
:10D7C0005B1979002093050027BA7BFF3F73E6FFC2
:10D7D0005DA7C6FF8FD5DCFFB39C13FF19427A000B
:10D7E000D6A0D9FF022D3EFF6A4F92FE338963FF18
:10D7F0005764E7FFAF91E8FF65B801FFAE097D0010
:10D800005225A10124728DFF30DE8EFFF5BA9A00F9
:10D8100005AEDDFE3F729BFF8737A001501F8700DA
:10D820007EFAB301ECDA2D00141C9101109349002B
:10D83000F9BD840111BDC0FFDF8EC6FF48140FFF84
:10D84000FA35EDFE0F0B12001BD371FED56B38FFBE
:10D85000AE9392FF607E300017C16D0125A25E007D
:10D86000C79DF9FE1880BBFFCD31B2FE5DA42AFF33
:10D870002B77EB0158B7EDFFDAD201FF6BFE2A00E0
:10D88000E60A63FFA200E200DBED5B0081B2CB00A1
:10D89000D0325FFECED05FFFF7BF59FE6EEA4FFF7A
:10D8A000A53DF300147A70FFF6F6B9FE67047B001D
:10D8B000E963E601DB5BFCFFC7DE16FFB3F5E9FFBA
:10D8C000D3F1EA006FFAC0FF55548800653A32FF81
:10D8D00083AD9CFE772D33FF76E910FEF25AD60019
:10D8E0005E9FDB010303EAFF624C5CFE5036E600FC
:10D8F00005E4E7FE3518DFFF71387601148401FF77
:10D90000ABD2EC0038F19EFFBA7313FF08E5AE000E
:10D91000302C00017272A6FF0649E2FFCD59F400D7
:10D9200089E34B01F8AD38004A78F6FE77030BFF28
:10D930005178C6FF887A62FF92F1DD016DC24EFF19
:10D94000DFF14601D6C8A9FF61BE2FFF2F67AEFFEA
:10D95000635C48FE76E9B4FFC123E9FE1AE520FFC7
:10D96000DEFCC600CC2B47FFC754AC008666BE0069
:10D970006FEE61FEE628E600E3CD40FEC80CE10054
:10D98000A619DE00714533FF8F9F1800A7B84A0023
:10D990001DE074FE9ED0E900C1747EFFD40B85FFAC
:10D9A000163A8C01CC2433FFE81E2B00EB46B5FF62
:10D9B000403892FEA91254FFE2010DFFC832B0FFB9
:10D9C00034D5F5FEA8D16100BF473700224E9C0038
:10D9D000E8903A01B94ABD00BA8E95FE40457FFFF6
:10D9E000A1CB93FFB097BF0088E7CBFEA3B6890019
:10D9F000A17EFBFEE920420044CF42001E1C250010
:10DA00005D726001FE5CF7FF2CAB4500CA770BFF2F
:10DA1000BC763201FF5388FF47521A0046E30200EA
:10DA200020EB7901B5299A004786E5FECAFF24005C
:10DA3000299805009A3F49FF22B67C0079DD96FFC0
:10DA40001ACCD50129AC57005A9D92FF6D82140063
:10DA5000476BC8FFF366BD0001C391FE2E587500E9
:10DA600008CEE300BF6EFDFF6D8014FE865533FFC8
:10DA700089B17001D82216FF8310D0FF7995AA00D2
:10DA800072131701A6501FFF71F07A00E8B3FA0075
:10DA9000446EB4FED2AA7700DF6CA4FFCF4FE9FF3B
:10DAA0001BE5E2FED16251FF4F44070083B96400D9
:10DAB000AA1DA2FF11A26BFF39150B0164C8B5FFA7
:10DAC0007F41A601A586CC0068A7A80001A44F004D
:10DAD00092873B01463280FF66770DFEE3068700A2
:10DAE000A28EB3FFA064DE001BE0DB019E5DC3FFDE
:10DAF000EA8D890010187DFFEECE2FFF611162FFC5
:10DB0000746E0CFF60734D005BE3E8FFF8FE4FFF9F
:10DB10005CE506FE58C68B00CE4B8100FA4DCEFF69
:10DB20008DF47B018A45DC002097060183A716FF50
:10DB3000ED44A7FEC7BD9600A3AB8AFF33BC06FF2A
:10DB40005F1D89FE94E2B300B56BD0FF861F52FFC4
:10DB500097652DFF81CAE100E0489300308A97FF66
:10DB6000C340CEFEEDDA9E006A1D89FEFDBDE9FFD1
:10DB7000670F11FFC261FF00B22DA9FEC6E19B0035
:10DB8000273075FF876A73006126B500962F41FF25
:10DB90005382E5FEF62681005CEF9AFE5B637F0010
:10DBA000A16F21FFEED9F2FF83B9C3FFD5BF9EFF5E
:10DBB0002996DA0084A983005954FC01AB4680FF02
:10DBC000A3F8CBFE0132B4FF7C4C5501FB6F500033
:10DBD0006342EFFF9AEDB6FFDD7E85FE4ACC63FF20
:10DBE000419377FF6338A7FF4FF895FF749BE4FFDD
:10DBF000ED2B0EFE45890BFF16FAF1015B7A8FFFC4
:10DC0000CDF9F300D41A3CFF30B6B0013017BFFF96
:10DC1000CB7998FE2D4AD5FF3E5A12FEF5A3E6FFBA
:10DC2000B96A74FF53239F000C2102FF50223E006B
:10DC30001057AEFFAD655500CA2451FEA045CCFF7C
:10DC400040E1BB003ACE5E0056902F00E556F5004D
:10DC50003F91BE01250527006DFB1A008993EA005C
:10DC6000A27991FF9074CEFFC5E8B9FFB7BE8CFFD3
:10DC7000490CFEFF8B14F2FFAA5AEFFF6142BBFF73
:10DC8000F5B587FEDE883400F50533FECB2F4E0058
:10DC90009865D80049177D00FE602101EBD249FF4D
:10DCA0002BD1580107816D007A68E4FEAAF2CB00FF
:10DCB000F2CC87FFCA1CE9FF41067F009F90470016
:10DCC000648C5F004E960D00FB6B7601B63A7DFFCB
:10DCD00001266CFF8DBDD1FF089B7D0171A35BFF09
:10DCE000794FBEFF86EF6CFF4C2FF800A3E4EF00E6
:10DCF000116F0A0058954BFFD7EBEF00A79F18FF55
:10DD00002F976CFF6BD1BC00E9E763FE1CCA94FF40
:10DD1000AE238AFF6E1844FF0245B5006B665200C1
:10DD200066ED07005C24EDFFDDA2530137CA06FF54
:10DD300087EA87FF18FADE00415EA8FEF5F8D2FFF9
:10DD4000A76CC9FEFFA16F00CD08FE00880D74000E
:10DD500064B084FF2BD77EFFB18582FF9E4F940075
:10DD600043E025010CCE15FF3E226E01ED68AFFFAA
:10DD700050846FFF8EAE480054E5B4FE69B38C004A
:10DD800040F80FFFE98A1000F5437BFEDA79D4FFF3
:10DD90003F5FDA01D58589FF8FB652FF301C0B003B
:10DDA000F4728D01D1AF4CFF9DB596FFBAE503FF2C
:10DDB000A49D6F01E7BD8B0077CABEFFDA6A40FF02
:10DDC00044EB3FFE601AACFFBB2F0B01D712FBFFE9
:10DDD00051545900443A80005E7105015C81D0FFC6
:10DDE000610F53FE091CBC00EF09A4003CCD980054
:10DDF000C0A362FFB8123C00D9B68B006D3B78FF20
:10DE000004C0FB00A9D2F0FF25AC5CFE94D3F5FF63
:10DE1000B3413400FD0D7300B9AECE0172BC95FF65
:10DE2000ED5AAD002BC7C0FF586C710034234C0075
:10DE3000421994FFDD0407FF97F172FFBED1E8009D
:10DE40006232C7009796D5FF124A24013528070091
:10DE5000138741FF1AAC4500AEED5500635F290002
:10DE60000338100027A0B1FFC86ADAFEB94454FF96
:10DE70005BBA3DFE438F8DFF0DF4A6FF6372C600B3
:10DE8000C76EA3FFC112BA007CEFF6016E44160004
:10DE900002EB2E01D43C6B00692A69010EE6980062
:10DEA000070583008D689AFFD503060083E4A2FF6F
:10DEB000B3641C01E77B55FFCE0EDF01FD60E60079
:10DEC0002698950162897A00D6CD03FFE298B3FFC8
:10DED000068589009E458CFF71A29AFFB4F3ACFFC2
:10DEE0001BBD73FF8F2EDCFFD586E1FF7E1D450035
:10DEF000BC2B8901F24609005ACCFFFFE7AA930028
:10DF0000173813FE387D9DFF30B3DAFF4FB6FDFFA3
:10DF100026D4BF0129EB7C0060971C008794BE00CB
:10DF2000CDF927FE346088FFD42C88FF43D183FFCE
:10DF3000FC8217FFDB8014FFC68176006C650B0046
:10DF4000B20592013E0764FFB5EC5EFE1C1AA40008
:10DF50004C1670FF78664F00CAC0E501C8B0D70004
:10DF60002940F4FFCEB84E00A72D3F01A02300FFAB
:10DF70003B0C8EFFCC0990FFDB5EE5017A1B700045
:10DF8000BD696DFF40D04AFFFB7F370102E2C6004A
:10DF90002C4CD10097984DFFD2172E01C9AB45FFED
:10DFA0002CD3E700BE25E0FFF5C43EFFA9B5DEFF98
:10DFB00022D3110077F1C5FFE5239801154528FF0D
:10DFC000B2E2A10094B3C100DBC2FE0128CE33FF50
:10DFD000E75CFA014399AA001594F100AA4552FFA3
:10DFE0007912E7FF5C720300B83EE600E1C957FF13
:10DFF0009260A2FFB5F2DC00ADBBDD01E23EAAFFFC
:10E00000387ED901750DE3FFB32CEF009D8D9BFF8A
:10E0100090DD5300EBD1D0002A11A501FB51850002
:10E020007CF5C9FE61D318FF53D6A6009A2409FFD8
:10E03000F82F7F005ADB8CFFA1D926FED4933FFF37
:10E0400042549401CF030100E68659017F4E7AFFC6
:10E05000E09B01FF52884A00B29CD0FFBA1931FF01
:10E06000DE03D201E596BEFF55A234FF29548DFF91
:10E07000497B54FE5D11960077131C012016D7FFD3
:10E080001C17CCFF8EF134FFE4347D001D4CCF0013
:10E09000D7A7FAFEAFA4E60037CF69016DBBF5FF45
:10E0A000A12CDC01296580FFA7105E005DD66BFF07
:10E0B000764800FE503DEAFF79AF7D008BA9FB005A
:10E0C000612793FEFAC431FFA5B36EFEDF46BBFFA6
:10E0D000168E7D019AB38AFF76B02A010AAE9900A6
:10E0E0009C5C6600A80DA1FF8F102000FAC5B4FF4C
:10E0F000CBA32C0157202400A19914FF7BFC0F0017
:10E1000019E350003C588E001116C9019ACD4DFFFD
:10E11000273F2F00087A8D008017B6FECC2713FF0B
:10E1200004701DFF17248CFFD2EA74FE35323FFFC6
:10E1300079AB68FFA0DB5E0057520EFEE72A0500B0
:10E14000A58B7FFE564E2600823C42FECB1E2DFF45
:10E150002EC47A01F935A2FF888F67FED7D27200EC
:10E16000E707A0FEA9982AFF6F2DF6008E8387FF90
:10E170008347CCFF24E20B00001CF2FFE18AD5FFAD
:10E18000F72ED8FEF503B7006CFC4A01CE1A30FF1B
:10E19000CD36F6FFD3C624FF7923320034D8CAFF28
:10E1A000268B81FEF249940043E78DFF2A2FCC0095
:10E1B0004E74190104E1BFFF0693E4003A58B10020
:10E1C0007AA5E5FFFC53C9FFE0A76001B1B89EFF47
:10E1D000F269B301F8C6F0008542CB01FE242F009E
:10E1E0002D1873FF773EFE00C4E1BAFE7B8DAC00B4
:10E1F0001A5529FFE26FB700D5E79700043B07FFE8
:10E20000EE8A9400429321FF1FF68DFFD18D74FF9B
:10E2100068701F0058A1AC0053D7E6FE2F6F97001F
:10E220002D263401842DCC008A806DFEE97586FF91
:10E23000F3BEADFEF1ECF000527FECFE28DFA1FF53
:10E240006EB6E1FF7BAEEF0087F2910133D19A0009
:10E25000960373FED9A4FCFF379C4501545EFFFF73
:10E26000E8492D011413D4FF60C53BFE60FB21007B
:10E2700026C7490140ACF7FF757438FFE41112005E
:10E280003E8A6701F6E5A4FFF476C9FE56209FFF9B
:10E290006D22890155D3BA000AC1C1FE7AC2B1000C
:10E2A0007AEE66FFA2DAAB006CD9A1019EAA220029
:10E2B000B02F9B01B5E40BFF089C0000104B5D00E4
:10E2C000CE62FF013A9A23000CF3B8FE437542FF79
:10E2D000E6E57B00C92A6E0086E4B2FEBA6C76FFE2
:10E2E0003A139AFF52A93EFF728F7301EFC432FFB7
:10E2F000AD30C1FF930254FF968693FE5FE849005C
:10E300006DE334FEBF890A0028CC1EFE4C3461FF49
:10E31000A4EB7E00FE7CBC004AB61501791D23FFEC
:10E32000F11E07FE55DAD6FF075496FE511B75FF06
:10E33000A09F98FE4218DDFFE30A3C018D8766002E
:10E34000D0BD960175B35C00841688FF78C71C00A9
:10E3500015814FFEB6094100DAA3A900F693C6FF66
:10E360006B2690014EAFCDFFD605FAFE2F581DFF4C
:10E37000A42FCCFF2B3706FF8386CFFE7464D60014
:10E38000608C4B016ADC9000C3201C01AC5105FF7E
:10E39000C7B334FF2554CB00AA70AE000B045B005A
:10E3A00045F41B0175835C002198AFFF8C996BFFCE
:10E3B000FB872BFE578A04FFC6EA93FE799854FF29
:10E3C000CD659B019D091900486A11FE6C9900FFFB
:10E3D000BDE5BA00C108B0FFAE95D100EE821D00C8
:10E3E000E9D67E013DE2660039A30401C66F33FF22
:10E3F0002D4F4E0173D20AFFDA0919FF9E8BC6FF1B
:10E40000D352BBFE508553009D81E601F38586FF04
:10E41000288810004D6B4FFFB7555C01B1CCCA0086
:10E42000A34793FF9845BE00AC33BC01FAD2ACFFC2
:10E43000D3F2710159591AFF40426FFE74982A00B5
:10E44000A1271BFF3650FE006AD17301677C610073
:10E45000DDE662FF1FE70600B2C078FE0FD9CBFFF2
:10E460007C9E4F007091F7005CFA3001A3B5C1FFAC
:10E47000252F8EFE90BDA5FF2E92F000064B80004A
:10E48000299DC8FE5779D5000171EC00052DFA00D1
:10E49000900C52001F6CE700E1EF77FFA707BDFF6C
:10E4A000BBE484FF6EBD22005E2CCC01A234C5000B
:10E4B0004EBCF1FE39148D00F4922F01CE6433006E
:10E4C0007D6B94FE1BC34D0098FD5A01078F90FF92
:10E4D00033251F00227726FF07C5760099BCD3009D
:10E4E000971474FEF54134FFB4FD6E012FB1D100D5
:10E4F000A16311FF76DECA007DB3FC017B367EFF8F
:10E500009139BF0037BA79000AF38A00CDD3E5FF0D
:10E510007D9CF1FE949CB9FFE313BCFF7C2920FF96
:10E520001F22CEFE11395300CC1625FF2A6062004F
:10E530007766B80103BE1C006E52DAFFC8CCC0FF7C
:10E54000C991760075CC920084206201C0C2790026
:10E550006AA1F801ED587C0017D41A00CDAB5AFF20
:10E56000F830D8018D25E6FF7CCB00FE9EA81EFF6B
:10E57000D6F8150070BB07FF4B85EFFF4AE3F3FFAA
:10E58000FA934600D678A200A709B3FF169E1200A0
:10E59000DA4DD101616D51FFF421B3FF393439FFF8
:10E5A00041ACD2FFF947D1FF8EA9EE009EBD99FF85
:10E5B000AEFE67FE62210E008D4CE6FF718B34FFCC
:10E5C0000F3AD400A8D7C9FFF8CCD701DF44A0FF89
:10E5D000399AB7FE2FE779006AA6890051888A0028
:10E5E000A52B3300E78B3D00395F3BFE766219FFB8
:10E5F000973FEC015EBEFAFFA9B9720105FA3AFF36
:10E600004B696101D7DF86007163A301803E700012
:10E61000636A9300A3C30A0021CDB600D60EAEFFF5
:10E620008126E7FF35B6DF00622A9FFFF70D28003D
:10E63000BCD2B101061500FFFF3D94FE892D81FF7C
:10E64000591A74FE7E267200FB32F2FE798680FF34
:10E65000CCF9A7FEA5EBD700CAB1F300858D3E002B
:10E66000F082BE016EAFFF000014920125D279FF47
:10E67000072782008EFA54FF8DC8CF00095F68FF1C
:10E680000BF4AE0086E87E00A7017BFE10C195FF6B
:10E69000E8E9EF01D54670FFFC74A0FEF2DEDCFF76
:10E6A000CD55E30007B93A0076F73F01744DB1FF4D
:10E6B0003EF5C8FE3F1225FF6B35E8FE32DDD30084
:10E6C000A2DB07FE025E2B00B63EB6FEA04EC8FFE0
:10E6D000878CAA00EBB8E400AF358AFE503A4DFFB4
:10E6E00098C902013FC42200051EB800ABB09A00D1
:10E6F000793BCE0026632700AC504DFE0086970084
:10E70000BA21F1FE5EFDDFFF2C72FC006C7E39FF4A
:10E71000C9280DFF27E51BFF27EF1701977933FF66
:10E720009996F8000AEAAEFF76F604FEC8F52600D0
:10E7300045A1F20110B2960071388200AB1F69004A
:10E740001A586CFF312A6A00FBA94200455D95000A
:10E750001439FE00A4196F005ABC5AFFCC04C5003E
:10E7600028D53201D46084FF588AB4FEE4927CFF3D
:10E77000B8F6F700417556FFFD66D2FEFE7924001B
:10E78000897303FF3C18D80086121D003BE261002C
:10E79000B08E470007D1A100BD5433FE9BFA48005C
:10E7A000D554EBFF2DDEE000EE948FFFAA2A35FF53
:10E7B0004EA77500BA0028FF7DB167FF45E1420012
:10E7C000E30758014BAC0600A92DE301102446FFD6
:10E7D000320209FF8BC116008FB7E7FEDA4532001F
:10E7E000EC38A101D5832A008A912CFE88E528FF08
:10E7F000313F23FF3D91F5FF65C002FEE8A77100A0
:10E800009868260179B9DA00798BD3FE77F0230076
:10E8100041BDD9FEBBB3A2FFA0BBE6003EF80EFF90
:10E820003C4E6100FFF7A3FFE13B5BFF6B473AFF04
:10E83000F12F21013275EC00DBB13FFEF45AB30039
:10E8400023C2D7FFBD4332FF1787810068BD25FF74
:10E85000B939C200233EE7FFDCF86C000CE7B200D8
:10E860008F505B01835D65FF90270201FFFAB200C4
:10E870000511ECFE8B202E00CCBC26FEF57334FF78
:10E88000BF7149FEBF6C45FF1645F50117CBB200BD
:10E89000AA63AA0041F86F00256C99FF4025450046
:10E8A00000583EFE599490FFBF44E001F127350027
:10E8B00029CBEDFF917EC2FFDD2AFDFF1963970092
:10E8C00061FDDF014A7331FF06AF48FF3BB0CB006B
:10E8D0007CB7F901E4E46300810CCFFEA8C0C3FF5C
:10E8E000CCB010FE98EAAB004D2555FF217887FF8C
:10E8F0008EC2E3011FD63A00D5BB7DFFE82E3CFF58
:10E90000BE742AFE97B213FF333EEDFECCECC1007D
:10E91000C2E83C00AC229DFFBD10B8FE67035FFF5C
:10E920008DE924FE29190BFF15C3A60076F52D00ED
:10E9300043D595FF9F0C12FFBBA4E301A01905006E
:10E940000C4EC3012BC5E100308E29FEC49B3CFF59
:10E95000DFC7120191889C00FC75A9FE91E2EE00D0
:10E96000EF176B006DB5BCFFE67031FE49AAEDFFF5
:10E97000E7B7E3FF50DC1400C26B7F017FCD650079
:10E980002E34C501D2AB24FF58035AFF38978D00AF
:10E9900060BBFFFF2A4EC800FE464601F47DA8007A
:10E9A000CC448A017CD746006642C8FE1134E4009C
:10E9B00075DC8FFECBF87B003812AEFFBA97A4FF50
:10E9C00033E8D001A0E42BFFF91D190144BE3F003C
:10E9D000000000100000000000100000060007000A
:10E9E00008000000000000000000000027DB010814
:10E9F000DDDB01080BDB0108DDDD0108E1DA0108E0
:10EA00001DDF0108F1DA0108CBE00108EDE00108A3
:10EA10000D0A005245454E54206D616C6C6F6320A9
:10EA2000737563636565646564002F5F5F772F614D
:10EA3000726D2D6E6F6E652D656162692D67636302
:10EA40002D787061636B2F61726D2D6E6F6E652D09
:10EA5000656162692D6763632D787061636B2F62F6
:10EA600075696C642F6C696E75782D7836342F73E8
:10EA70006F75726365732F6E65776C69622D63794C
:10EA80006777696E2F6E65776C69622F6C69626358
:10EA90002F7374646C69622F72616E642E63006EF2
:10EAA0006600696E69747900616E000034000000D0
:10EAB000CEFBFFFFCB0300000100000000000000C0
:10EAC00035000000CEFBFFFFCB030000010000007B
:10EAD0000000000000000000BC89D897B2D29C3C26
:10EAE00033A7A8D523F649393DA7F444FD0FA53235
:10EAF0009D978CCF08BA5B25436FAC6428066811DC
:10EB000000202020202020202020282828282820FD
:10EB100020202020202020202020202020202020F5
:10EB2000208810101010101010101010101010105D
:10EB3000100404040404040404040410101010104D
:10EB40001010414141414141010101010101010117
:10EB50000101010101010101010101011010101069
:10EB600010104242424242420202020202020202E9
:10EB7000020202020202020202020202101010103D
:10EB80002000000000000000000000000000000065
:10EB90000000000000000000000000000000000075
:10EBA0000000000000000000000000000000000065
:10EBB0000000000000000000000000000000000055
:10EBC0000000000000000000000000000000000045
:10EBD0000000000000000000000000000000000035
:10EBE0000000000000000000000000000000000025
:10EBF0000000000000000000000000000000000015
:10EC000000504F534958002C2066756E6374696F2D
:10EC10006E3A2000617373657274696F6E202225ED
:10EC20007322206661696C65643A2066696C6520B0
:10EC3000222573222C206C696E652025642573259E
:10EC4000730A0042616C6C6F632073756363656562
:10EC5000646564002F5F5F772F61726D2D6E6F6E3C
:10EC6000652D656162692D6763632D787061636BE3
:10EC70002F61726D2D6E6F6E652D656162692D67F6
:10EC800063632D787061636B2F6275696C642F6CA0
:10EC9000696E75782D7836342F736F75726365736E
:10ECA0002F6E65776C69622D63796777696E2F6E59
:10ECB00065776C69622F6C6962632F7374646C6929
:10ECC000622F6764746F612D6765746865782E6361
:10ECD000002F5F5F772F61726D2D6E6F6E652D65F2
:10ECE0006162692D6763632D787061636B2F617258
:10ECF0006D2D6E6F6E652D656162692D6763632D85
:10ED0000787061636B2F6275696C642F6C696E75C6
:10ED1000782D7836342F736F75726365732F6E6537
:10ED2000776C69622D63796777696E2F6E65776C92
:10ED300069622F6C6962632F7374646C69622F6DF2
:10ED4000707265632E63000005000000190000006A
:10ED50007D000000000000000080E03779C34143DF
:10ED6000176E05B5B5B89346F5F93FE9034F384D31
:10ED7000321D30F94877825A3CBF737FDD4F1575DD
:10ED8000000000000000F03F0000000000002440F0
:10ED900000000000000059400000000000408F40CB
:10EDA000000000000088C34000000000006AF84036
:10EDB0000000000080842E4100000000D01263415A
:10EDC0000000000084D797410000000065CDCD41D0
:10EDD000000000205FA00242000000E876483742B1
:10EDE000000000A2941A6D42000040E59C30A2424F
:10EDF0000000901EC4BCD64200003426F56B0C43C4
:10EE00000080E03779C3414300A0D885573476436A
:10EE100000C84E676DC1AB43003D9160E458E143CB
:10EE2000408CB5781DAF154450EFE2D6E41A4B4440
:10EE300092D54D06CFF08044F64AE1C7022DB54485
:10EE4000B49DD9794378EA44232D302B2000686C97
:10EE50004C006566674546470030313233343536FD
:10EE60003738394142434445460030313233343536
:0CEE700036373839616263646566000063
:08EE7C006023FD7F010000008E
:10EE8400A9E40108C5120008756000086D9D00081A
:10EE9400B9A20008B9BD000891F80008EDFA00080D
:10EEA40065410108A5420108A14F01084DDF010891
:08EEB400B5ED0108D5F20108DB
:10EEBC00A11200084D610008E99D00089DF80008AA
:0CEECC00FDFA0008AD4F010805F3010835
:10EED8000100000010000000000000480004004885
:10EEE80000080048001C0048FFFFFFFF00300240F8
:10EEF800000000000000000000000000000000000A
:10EF080000000000000000000000000001000000F8
:10EF180000093D00000000000000000000000000A3
:10EF280000000000000000000000000000000000D9
:10EF380000000000000000000000000000000000C9
:10EF480000000000000000000000000000000000B9
:10EF580000000000000000000000000000000000A9
:10EF68000000000000000000000000000000000099
:10EF78000000000000000000000000000000000089
:10EF88000000000000000000000000000000000079
:10EF98000000000000000000000000000000000069
:10EFA8000000000000000000000000000000000059
:10EFB80000000000FFFFFFFFFFFFFFFFFFFFFFFF55
:10EFC800FFFFFFFF0003000000000000000000003A
:10EFD800000000000000000000000000584200206F
:10EFE8000001010100020101000402017800000093
:10EFF800504E020800000000DDF700084DF7000839
:10F00800C9F60008C3F60008000800000008000060
:10F018000008000010000000800000000000000050
:10F02800000000000000000000000000FFFFFFFFDC
:10F03800000000000A0000000A00000000000000B4
:10F0480059F3F8C21F6EA501000000000000F03F50
:10F058006042A20D0000803F000000000300000095
:10F0680010410020430000000000000000000000E4
:10F078000000000000000000000000000000000088
:10F088000000000043000000000000000000000035
:10F098000000000000000000000000000000000068
:10F0A8000000000043000000000000000000000015
:10F0B8000000000000000000000000000000000048
:10F0C80000000000430000000000000000000000F5
:10F0D8000000000000000000000000000000000028
:10F0E80000000000430000000000000000000000D5
:10F0F8000000000000000000000000000000000008
:10F1080000000000430000000000000000000000B4
:10F1180000000000000000000000000000000000E7
:10F128000000000043000000000000000000000094
:10F1380000000000000000000000000000000000C7
:10F1480000000000D1350208432C0208000000002E
:10F1580000EB0208036F020812EA020812EA02082A
:10F1680012EA020812EA020812EA020812EA02087F
:10F1780012EA020812EA020812EA0208FFFFFFFF79
:10F18800FFFFFFFFFFFFFFFFFFFF000001004153EC
:10F198004349490000000000000000000000000092
:10F1A80000000000000000000000000000004153C3
:10F1B8004349490000000000000000000000000072
:10F1C8000000000000000000000000000000000037
:10F1D80004030020000000001041002078410020B6
:10F1E800E0410020000000000000000000000000D6
:10F1F8000000000000000000000000000000000007
:10F2080000000000000000000000000000000000F6
:10F2180000000000000000000000000000000000E6
:040000050801E545C4
:00000001FF
