:020000040800F2
:1000000000000120C9140208191502081915020878
:100010001915020819150208191502080000000038
:100020000000000000000000000000001915020898
:10003000191502080000000019150208D36800080D
:1000400019150208191502081915020819150208D0
:1000500019150208191502081D6B0008236B00080A
:10006000296B00082F6B0008356B00081915020872
:1000700019150208191502081915020819150208A0
:100080001915020819150208191502081915020890
:1000900000000000191502083B6B00081915020842
:1000A0000D63000819150208216300082563000884
:1000B000396300084D630008CD250108D9250108E2
:1000C000E5250108F125010819150208191502088E
:1000D00019780008317800084D78000819150208D1
:1000E00019150208516B00081915020819150208A4
:1000F0001915020800000000000000001915020890
:10010000FD25010809260108212102081915020808
:1001100019150208191502081915020819150208FF
:1001200019150208191502081915020819150208EF
:08013000191502081915020857
:1001400081F0004102E000BF83F0004330B54FEA88
:1001500041044FEA430594EA050F08BF90EA020FF5
:100160001FBF54EA000C55EA020C7FEA645C7FEA88
:10017000655C00F0E2804FEA5454D4EB5555B8BFAB
:100180006D420CDD2C4480EA020281EA030382EA1C
:10019000000083EA010180EA020281EA0303362DAE
:1001A00088BF30BD11F0004F4FEA01314FF4801C81
:1001B0004CEA113102D0404261EB410113F0004F93
:1001C0004FEA03334CEA133302D0524263EB43034A
:1001D00094EA050F00F0A780A4F10104D5F1200EE8
:1001E0000DDB02FA0EFC22FA05F2801841F1000143
:1001F00003FA0EF2801843FA05F359410EE0A5F117
:1002000020050EF1200E012A03FA0EFC28BF4CF047
:10021000020C43FA05F3C01851EBE37101F00045FD
:1002200007D54FF0000EDCF1000C7EEB00006EEB0A
:100230000101B1F5801F1BD3B1F5001F0CD3490894
:100240005FEA30004FEA3C0C04F101044FEA4452EB
:1002500012F5800F80F09A80BCF1004F08BF5FEA72
:10026000500C50F1000041EB045141EA050130BD52
:100270005FEA4C0C404141EB0101013C28BFB1F564
:10028000801FE9D291F0000F04BF01460020B1FAAF
:1002900081F308BF2033A3F10B03B3F120020CDA82
:1002A0000C3208DD02F1140CC2F10C0201FA0CF060
:1002B00021FA02F10CE002F11402D8BFC2F1200CC5
:1002C00001FA02F120FA0CFCDCBF41EA0C0190407B
:1002D000E41AA2BF01EB0451294330BD6FEA0404C4
:1002E0001F3C1CDA0C340EDC04F11404C4F12002AF
:1002F00020FA04F001FA02F340EA030021FA04F3C1
:1003000045EA030130BDC4F10C04C4F1200220FA17
:1003100002F001FA04F340EA0300294630BD21FA55
:1003200004F0294630BD94F0000F83F4801306BF1B
:1003300081F480110134013D4EE77FEA645C18BF0F
:100340007FEA655C29D094EA050F08BF90EA020FA6
:1003500005D054EA000C04BF1946104630BD91EA9E
:10036000030F1EBF0021002030BD5FEA545C05D1A1
:100370004000494128BF41F0004130BD14F58004E0
:100380003CBF01F5801130BD01F0004545F0FE4154
:1003900041F470014FF0000030BD7FEA645C1ABF89
:1003A000194610467FEA655C1CBF0B46024650EAC0
:1003B000013406BF52EA033591EA030F41F40021EC
:1003C00030BD00BF90F0000F04BF0021704730B572
:1003D0004FF4806404F132044FF000054FF0000147
:1003E00050E700BF90F0000F04BF0021704730B508
:1003F0004FF4806404F1320410F0004548BF4042DD
:100400004FF000013EE700BF42004FEAE2014FEA31
:1004100031014FEA02701FBF12F07F4393F07F4F0C
:1004200081F06051704732F07F4208BF704793F00F
:100430007F4F04BF41F40021704730B54FF4607422
:1004400001F0004521F000411CE700BF50EA010225
:1004500008BF704730B54FF000050AE050EA0102CE
:1004600008BF704730B511F0004502D5404261EB3E
:1004700041014FF4806404F132045FEA915C3FF47F
:10048000D8AE4FF003025FEADC0C18BF03325FEA1C
:10049000DC0C18BF033202EBDC02C2F1200300FACD
:1004A00003FC20FA02F001FA03FE40EA0E0021FAF2
:1004B00002F11444BDE600BF70B54FF0FF0C4CF4E0
:1004C000E06C1CEA11541DBF1CEA135594EA0C0F92
:1004D00095EA0C0F00F0DEF82C4481EA030621EACD
:1004E0004C5123EA4C5350EA013518BF52EA033508
:1004F00041F4801143F4801338D0A0FB02CE4FF0BA
:100500000005E1FB02E506F00042E0FB03E54FF0E9
:100510000006E1FB03569CF0000F18BF4EF0010EE1
:10052000A4F1FF04B6F5007F64F5407404D25FEADD
:100530004E0E6D4146EB060642EAC62141EA555190
:100540004FEAC52040EA5E504FEACE2EB4F1FD0CD2
:1005500088BFBCF5E06F1ED8BEF1004F08BF5FEA50
:10056000500E50F1000041EB045170BD06F0004602
:1005700046EA010140EA020081EA0301B4EB5C04AF
:10058000C2BFD4EB0C0541EA045170BD41F48011A7
:100590004FF0000E013C00F3AB8014F1360FDEBFCC
:1005A000002001F0004170BDC4F10004203C35DAA8
:1005B0000C341BDC04F11404C4F1200500FA05F32B
:1005C00020FA04F001FA05F240EA020001F00042CC
:1005D00021F0004110EBD37021FA04F642EB060142
:1005E0005EEA430E08BF20EAD37070BDC4F10C046C
:1005F000C4F1200500FA04F320FA05F001FA04F230
:1006000040EA020001F0004110EBD37041F100011B
:100610005EEA430E08BF20EAD37070BDC4F1200526
:1006200000FA05F24EEA020E20FA04F301FA05F28E
:1006300043EA020321FA04F001F0004121FA04F236
:1006400020EA020000EBD3705EEA430E08BF20EA06
:10065000D37070BD94F0000F0FD101F00046400040
:1006600041EB010111F4801F08BF013CF7D041EAC2
:10067000060195F0000F18BF704703F000465200C6
:1006800043EB030313F4801F08BF013DF7D043EA97
:100690000603704794EA0C0F0CEA135518BF95EA4D
:1006A0000C0F0CD050EA410618BF52EA4306D1D1D4
:1006B00081EA030101F000414FF0000070BD50EAF3
:1006C000410606BF1046194652EA430619D094EA7D
:1006D0000C0F02D150EA013613D195EA0C0F05D167
:1006E00052EA03361CBF104619460AD181EA0301BB
:1006F00001F0004141F0FE4141F470014FF0000073
:1007000070BD41F0FE4141F4780170BD70B54FF00D
:10071000FF0C4CF4E06C1CEA11541DBF1CEA13558D
:1007200094EA0C0F95EA0C0F00F0A7F8A4EB05046F
:1007300081EA030E52EA03354FEA013100F0888066
:100740004FEA03334FF0805545EA131343EA12632F
:100750004FEA022245EA111545EA10654FEA0026E4
:100760000EF000419D4208BF964244F1FD0404F59D
:10077000407402D25B084FEA3202B61A65EB0305F9
:100780005B084FEA32024FF480104FF4002CB6EBB6
:10079000020E75EB030E22BFB61A754640EA0C0036
:1007A0005B084FEA3202B6EB020E75EB030E22BF76
:1007B000B61A754640EA5C005B084FEA3202B6EBB7
:1007C000020E75EB030E22BFB61A754640EA9C0076
:1007D0005B084FEA3202B6EB020E75EB030E22BF46
:1007E000B61A754640EADC0055EA060E18D04FEA04
:1007F000051545EA16754FEA06164FEAC30343EAA4
:1008000052734FEAC2025FEA1C1CC0D111F4801F70
:100810000BD141EA00014FF000004FF0004CB6E769
:1008200011F4801F04BF01430020B4F1FD0C88BF08
:10083000BCF5E06F3FF6AFAEB5EB030C04BFB6EB13
:10084000020C5FEA500C50F1000041EB045170BD06
:100850000EF0004E4EEA113114EB5C04C2BFD4EB33
:100860000C0541EA045170BD41F480114FF0000EB7
:10087000013C90E645EA060E8DE60CEA135594EA33
:100880000C0F08BF95EA0C0F3FF43BAF94EA0C0F36
:100890000AD150EA01347FF434AF95EA0C0F7FF4AB
:1008A00025AF104619462CE795EA0C0F06D152EAFF
:1008B00003353FF4FDAE1046194622E750EA4106E3
:1008C00018BF52EA43067FF4C5AE50EA41047FF4F4
:1008D0000DAF52EA43057FF4EBAE12E74FF0FF3C59
:1008E00006E000BF4FF0010C02E000BF4FF0010C2A
:1008F0004DF804CD4FEA410C7FEA6C5C4FEA430CA3
:1009000018BF7FEA6C5C1BD001B050EA410C0CBFF1
:1009100052EA430C91EA030F02BF90EA020F002053
:10092000704710F1000F91EA030F58BF994208BFBA
:1009300090422CBFD8176FEAE37040F00100704777
:100940004FEA410C7FEA6C5C02D150EA013C07D1CE
:100950004FEA430C7FEA6C5CD6D152EA033CD3D019
:100960005DF8040B704700BF8446104662468C4613
:100970001946634600E000BF01B5FFF7B7FF002846
:1009800048BF10F1000F01BD4DF808EDFFF7F4FF6F
:100990000CBF012000205DF808FB00BF4DF808EDFA
:1009A000FFF7EAFF34BF012000205DF808FB00BF1D
:1009B0004DF808EDFFF7E0FF94BF012000205DF83F
:1009C00008FB00BF4DF808EDFFF7CEFF94BF0120F4
:1009D00000205DF808FB00BF4DF808EDFFF7C4FFED
:1009E00034BF012000205DF808FB00BF4FEA410C36
:1009F0007FEA6C5C02D150EA013C0AD14FEA430C19
:100A00007FEA6C5C02D152EA033C02D14FF0000055
:100A100070474FF0010070474FEA410212F5001293
:100A200015D211D56FF47873B3EB625212D94FEA35
:100A3000C12343F0004343EA505311F0004F23FA1F
:100A400002F018BF404270474FF00000704750EA74
:100A5000013005D111F0004008BF6FF00040704731
:100A60004FF00000704700BF4A0011D212F500128B
:100A700011D20DD56FF47873B3EB62520ED44FEAF6
:100A8000C12343F0004343EA505323FA02F0704776
:100A90004FF00000704750EA013002D14FF0FF30B4
:100AA00070474FF0000070474FEA4102B2F1E04357
:100AB00024BFB3F5001CDCF1FE5C0DD901F0004C45
:100AC0004FEAC0024CEA5070B2F1004F40EB830095
:100AD00008BF20F00100704711F0804F21D113F1C1
:100AE0003872BCBF01F00040704741F480114FEAFA
:100AF0005252C2F11802C2F1200C10FA0CF320FA83
:100B000002F018BF40F001004FEAC1234FEAD3239F
:100B100003FA0CFC40EA0C0023FA02F34FEA430309
:100B2000CCE77FEA625307D150EA01331EBF4FF092
:100B3000FE4040F44000704701F0004040F0FE40AD
:100B400040F40000704700BF80F0004002E000BFAA
:100B500081F0004142001FBF5FEA410392EA030FA8
:100B60007FEA226C7FEA236C6AD04FEA1262D2EBF2
:100B70001363C1BFD218414048404140B8BF5B42F7
:100B8000192B88BF704710F0004F40F4000020F090
:100B90007F4018BF404211F0004F41F4000121F0A6
:100BA0007F4118BF494292EA030F3FD0A2F10102F0
:100BB00041FA03FC10EB0C00C3F1200301FA03F12E
:100BC00000F0004302D5494260EB4000B0F5000F51
:100BD00013D3B0F1807F06D340084FEA310102F110
:100BE0000102FE2A51D2B1F1004F40EBC25008BFC2
:100BF00020F0010040EA03007047490040EB00008C
:100C0000013A28BFB0F5000FEDD2B0FA80FCACF18C
:100C1000080CB2EB0C0200FA0CF0AABF00EBC250B9
:100C200052421843BCBFD0401843704792F0000FA7
:100C300081F4000106BF80F400000132013BB5E7FA
:100C40004FEA41037FEA226C18BF7FEA236C21D070
:100C500092EA030F04D092F0000F08BF08467047D5
:100C600090EA010F1CBF0020704712F07F4F04D1A3
:100C7000400028BF40F00040704712F100723CBFB6
:100C800000F50000704700F0004343F0FE4040F4E0
:100C9000000070477FEA226216BF08467FEA23639E
:100CA0000146420206BF5FEA412390EA010F40F489
:100CB000800070474FF0000304E000BF10F00043D5
:100CC00048BF40425FEA000C08BF704743F09643BC
:100CD00001464FF000001CE050EA010208BF7047D7
:100CE0004FF000030AE000BF50EA010208BF70475E
:100CF00011F0004302D5404261EB41015FEA010C73
:100D000002BF84460146002043F0B64308BFA3F16A
:100D10008053A3F50003BCFA8CF2083AA3EBC2534C
:100D200010DB01FA02FC634400FA02FCC2F120026B
:100D3000BCF1004F20FA02F243EB020008BF20F0A2
:100D40000100704702F1200201FA02FCC2F1200208
:100D500050EA4C0021FA02F243EB020008BF20EAFD
:100D6000DC7070474FF0FF0C1CEAD0521EBF1CEA2B
:100D7000D15392EA0C0F93EA0C0F6FD01A4480EA19
:100D8000010C400218BF5FEA41211ED04FF0006302
:100D900043EA501043EA5111A0FB01310CF000402E
:100DA000B1F5000F3EBF490041EAD3715B0040EA54
:100DB000010062F17F02FD2A1DD8B3F1004F40EB24
:100DC000C25008BF20F00100704790F0000F0CF0F7
:100DD000004C08BF49024CEA502040EA51207F3ABB
:100DE000C2BFD2F1FF0340EAC250704740F4000096
:100DF0004FF00003013A5DDC12F1190FDCBF00F087
:100E000000407047C2F10002410021FA02F1C2F134
:100E1000200200FA02FC5FEA310040F1000053EAD0
:100E20004C0308BF20EADC70704792F0000F00F01E
:100E3000004C02BF400010F4000F013AF9D040EA24
:100E40000C0093F0000F01F0004C02BF490011F4B8
:100E5000000F013BF9D041EA0C018FE70CEAD153B6
:100E600092EA0C0F18BF93EA0C0F0AD030F0004C36
:100E700018BF31F0004CD8D180EA010000F00040EA
:100E8000704790F0000F17BF90F0004F084691F0A8
:100E9000000F91F0004F14D092EA0C0F01D14202E2
:100EA0000FD193EA0C0F03D14B0218BF084608D1AB
:100EB00080EA010000F0004040F0FE4040F40000F5
:100EC000704740F0FE4040F4400070474FF0FF0C88
:100ED0001CEAD0521EBF1CEAD15392EA0C0F93EACF
:100EE0000C0F69D0A2EB030280EA010C49024FEA21
:100EF000402037D04FF0805343EA111143EA1013DA
:100F00000CF000408B4238BF5B0042F17D024FF491
:100F1000000C8B4224BF5B1A40EA0C00B3EB510F6C
:100F200024BFA3EB510340EA5C00B3EB910F24BF55
:100F3000A3EB910340EA9C00B3EBD10F24BFA3EBDA
:100F4000D10340EADC001B0118BF5FEA1C1CE0D1A2
:100F5000FD2A3FF650AF8B4240EBC25008BF20F055
:100F6000010070470CF0004C4CEA50207F32C2BFA9
:100F7000D2F1FF0340EAC250704740F400004FF046
:100F80000003013A37E792F0000F00F0004C02BF77
:100F9000400010F4000F013AF9D040EA0C0093F041
:100FA000000F01F0004C02BF490011F4000F013B9B
:100FB000F9D041EA0C0195E70CEAD15392EA0C0F03
:100FC00008D142027FF47DAF93EA0C0F7FF470AF3B
:100FD000084676E793EA0C0F04D14B023FF44CAF7E
:100FE00008466EE730F0004C18BF31F0004CCAD113
:100FF00030F000427FF45CAF31F000437FF43CAF4F
:101000005FE700BF4FF0FF3C06E000BF4FF0010C70
:1010100002E000BF4FF0010C4DF804CD4FEA400252
:101020004FEA41037FEA226C18BF7FEA236C11D09C
:1010300001B052EA530C18BF90EA010F58BFB2EB4F
:10104000030088BFC81738BF6FEAE17018BF40F0CF
:10105000010070477FEA226C02D15FEA402C05D183
:101060007FEA236CE4D15FEA412CE1D05DF8040B08
:10107000704700BF844608466146FFE70FB5FFF79B
:10108000C9FF002848BF10F1000F0FBD4DF808ED53
:10109000FFF7F4FF0CBF012000205DF808FB00BF44
:1010A0004DF808EDFFF7EAFF34BF012000205DF89E
:1010B00008FB00BF4DF808EDFFF7E0FF94BF0120EB
:1010C00000205DF808FB00BF4DF808EDFFF7D2FFE8
:1010D00094BF012000205DF808FB00BF4DF808ED2B
:1010E000FFF7C8FF34BF012000205DF808FB00BFF8
:1010F0004FEA40024FEA41037FEA226C02D15FEAE5
:10110000402C08D17FEA236C02D15FEA412C02D146
:101110004FF0000070474FF0010070474FEA400267
:10112000B2F1FE4F0FD34FF09E03B3EB12620DD915
:101130004FEA002343F0004310F0004F23FA02F07F
:1011400018BF404270474FF00000704712F1610F26
:1011500001D1420205D110F0004008BF6FF00040FD
:1011600070474FF00000704742000ED2B2F1FE4FC0
:101170000BD34FF09E03B3EB126209D44FEA002366
:1011800043F0004323FA02F070474FF0000070472D
:1011900012F1610F01D1420202D14FF0FF307047CE
:1011A0004FF00000704700BF7BB972B90029BEBF85
:1011B00000204FF0004106E008BF00281CBF6FF080
:1011C00000414FF0FF3000F057B8ADF1080C6DE969
:1011D00004CE002909DB002B1ADB20F071FBDDF8BF
:1011E00004E0DDE9022304B07047404261EB4101B5
:1011F000002B1BDB20F064FBDDF804E0DDE90223BB
:1012000004B0404261EB4101524263EB430370473B
:10121000524263EB430320F053FBDDF804E0DDE9C9
:10122000022304B0404261EB41017047524263EB3C
:10123000430320F045FBDDF804E0DDE9022304B0C0
:10124000524263EB4303704753B94AB9002908BFC0
:1012500000281CBF4FF0FF314FF0FF3000F00CB8FA
:10126000ADF1080C6DE904CE20F02AFBDDF804E0B6
:10127000DDE9022304B07047704700BF10F8012B6E
:1012800011F8013B012A28BF9A42F7D0D01A7047C3
:10129000034613F8012B002AFBD1181A01387047B6
:1012A00001F0FF01102A2BDB10F0070F08D010F817
:1012B000013B013A8B422DD010F0070F42B3F6D11B
:1012C000F0B441EA012141EA014122F007047FF034
:1012D00000070023F0E80256083C85EA010586EA8B
:1012E000010685FA47F5A3FA87F586FA47F6A5FAC7
:1012F00087F68EB9EED1F0BC01F0FF0102F00702D3
:1013000032B110F8013B013A83EA010313B1F8D17D
:101310000020704701387047002D06BF354603385E
:10132000073815F0010F07D1013015F4807F02BF97
:10133000013015F4C03F0130F0BC0138704700BFE8
:1013400010B5054C237833B9044B13B10448AFF3FF
:1013500000800123237010BD500300200000000016
:101360000876020808B5034B1BB103490348AFF3E5
:10137000008008BD00000000540300200876020829
:1013800000B59BB04822002108A824F02AF91822B1
:10139000002102A824F025F902F086F94FF0B042AE
:1013A0000120D2F8903023F01803C2F89030D2F820
:1013B000003423F4C06343F40073C2F80034D2F85D
:1013C000003403F4C0630193019B24230893812319
:1013D0000B930023CDE91003B02208A8CDE9122316
:1013E00002F08EFA00B1FEE74F23CDE90230CDE9DD
:1013F0000400CDE90600022102A802F01DFD00B1A3
:10140000FEE71BB05DF804FB7047000038B5104CD8
:10141000237805460BB9012038BD02F061FA227825
:101420004FF47A73B3FBF2F3B0FBF3F000F0C8FCB7
:1014300004460028EFD10F2DEDD8024629464FF083
:10144000FF3000F06BFC034B20461D60E4E700BF5B
:10145000000000200400002010B5032000F04CFC28
:1014600002F03EFA064B18600020FFF7CFFF04465B
:1014700018B9FFF7C9FF204610BD0124FBE700BFE4
:1014800040000020034A044B11681B780B44136092
:10149000704700BF6C03002000000020014B18685B
:1014A000704700BF6C0300208068C0F38000704765
:1014B000F7B5002301930446002800F0E980856D0C
:1014C00025B905F07DF8E56584F8545023689A68DD
:1014D000D00040F1A1809A68D10000F1B480A26DE3
:1014E00042F01002A265E26D42F00102E2650125C0
:1014F0001846FFF7D9FFA26D02F01002024340F038
:10150000C980A26D206922F4817242F00202A265B4
:101510009A68D2075DD4226BA67E94F82CC0003A5C
:1015200018BF01221703D4E902120A43217E42EABE
:101530008132617E42EAC13242EA4632002842EA02
:101540004C02B4BF20F000414FF400113A430A436B
:1015500094F82010012903D1002E76D142F4803274
:10156000616A21B1A66A01F4E07131430A43D96886
:10157000E66C21F4FE3121F4FF711143D96094F837
:101580003C206168012A01F0404C4CEA060609D172
:10159000D4E910273A433243A66C324342EA0C02A4
:1015A00042F001061F693E4A3A4032431A6121F077
:1015B0000042B2F1804F0CD0B1F1004F09D0394E4A
:1015C000D6F8082701F4701122F470120A43C6F805
:1015D00008275A69666BA16B22F0070232435A61F1
:1015E0005A6922F0700242EA01125A61002835D18C
:1015F0009A6A62F00F029A625B6903F007039E42E7
:101600003CD10023E365A36D23F0030343F0010302
:10161000A365284603B0F0BD9A68234922F0104222
:1016200022F0170242F080529A60204A1268B2FB00
:10163000F1F2013252000192019A002A3FF44BAFBD
:10164000019A013AF7E7002552E7A16D41F0200128
:10165000A165E16D41F00101E16581E7B0F5001F91
:10166000CAD19A6AE269013A92006FF00F0102F062
:101670001C0201FA02F2216E0A43BCE7A36D23F0BB
:10168000120343F01003A365E36D43F00103E36528
:101690000125BEE7A36D43F01003A365F8E700BF83
:1016A00002FCFF1F00200140400D0300400000200D
:1016B000F8B54569082D04460E460AD00368DB6874
:1016C000D80705D5A36D43F02003A3650120F8BD1D
:1016D0000425FFF7E3FE074623681A682A4220D054
:1016E000A26D42F40072A265DA6812F4406F14D160
:1016F000A27E92B91A6812070FD51846FFF7D4FEDA
:1017000020BB5A6822F00C025A60A26D22F480724B
:1017100022F0010242F00102A265227EFAB100200D
:10172000D5E7711CD9D0FFF7B9FEC01BB04201D874
:10173000002ED1D123681B682B40CDD1A26D84F837
:10174000543042F00402A2650320C0E7A26D42F0CB
:101750002002A265E26D42F00102E265DDE70C22A3
:101760001A60DCE70368186C70470000F7B50023C7
:10177000019390F85430012B044600F0C0800568B6
:101780000269012380F854302846FFF78DFE0028B7
:1017900040F0AF8048680B68022822F004027ED037
:1017A000B2F1004FC3F3110E35D1AA6A42EA0E021C
:1017B000AA628A68686902EA032222F07C4222F067
:1017C000FF0220EA03210A43002B6A611DDA4D4A19
:1017D0004D4DD2F80817AB4201F0E07043D10D0235
:1017E00013D4D2F8083723F0E073034343F4000323
:1017F000C2F80837454B1A68454BB2FBF3F20C238D
:1018000002FB03330193019B53BB0020002384F8A8
:10181000543003B0F0BD226E00F01F074FF00F0CE4
:101820000CFA07FC6FEA0C0622EA0C0CBEF1000F62
:1018300011D1C3F38462BA4042EA0C0222668008E6
:10184000E26901309042B4D8A86AC3F38362BA4017
:1018500006403243ACE793FAA3F2B2FA82F2EAE727
:10186000019B013BCEE72B4DAB420BD1C901CCD440
:10187000D2F8083723F0E073034343F08073C2F8D3
:101880000837C2E7244DAB42BFD14B02BDD4D2F8DA
:10189000083723F0E073034343F48003EFE7B2F12A
:1018A000004F01BFAA6AC3F311018A43AA62002B49
:1018B000ABDA154813498342D1F8082709D1D1F88A
:1018C000083702F0A07223F0E0731A43C1F808272A
:1018D0009BE71048834204D1D1F8083702F4400254
:1018E000F1E70D48834290D1D1F8083702F0C07279
:1018F000E9E7A26D42F02002A265184686E70220C1
:1019000087E700BF00200140001000B04000002029
:10191000400D0300004000B8002000B4806D704707
:10192000026838B504461046FFF7BEFD08B900202E
:1019300038BD9368990707D4936823F0004323F0D8
:10194000170343F010039360FFF7A8FD05462368D3
:101950009B685B07EBD5FFF7A1FD401B0228F6D97A
:1019600023689B685A07F2D5A36D43F01003A36563
:10197000E36D43F00103E3650120D9E773B500236C
:10198000026801939368DD07044602D5002002B087
:1019900070BD9168214B194209D0A36D43F010032B
:1019A000A365E36D43F00103E3650120EFE793686E
:1019B00023F0004323F0170343F001039360184B17
:1019C000D3F8083718021CD4637E012BDED0FFF752
:1019D00065FD144E054622681368DB07D6D493686C
:1019E000D9075FBF9368334043F001039360FFF76B
:1019F00055FD401B0228EED923681B68DA07EAD49C
:101A0000CBE7094B094A1B68B3FBF2F3013301939F
:101A1000019B002BD8D0019B013BF8E71700008009
:101A200000200140E8FFFF7F40000020400D030040
:101A300038B504460068FFF737FD054620BB94F82B
:101A40005430012B20D0012384F854302046FFF776
:101A500095FFB0B9A36D226823F4706323F00103EE
:101A600043F48073A3651C23E065136084F854007D
:101A7000936823F0004323F0170343F004039360BB
:101A800038BD84F85450FBE70220F9E738B5036805
:101A90009A680446900704D49A68D10703D40020BA
:101AA00038BD9B68FBE79A6802F00502012A19D14C
:101AB0009A6822F0004222F0170242F002029A6075
:101AC00003221A60FFF7EAFC054623689B68DB07E0
:101AD000E5D5FFF7E3FC401B0228F6D923689B6895
:101AE000DA07F2D5A36D43F01003A365E36D43F06D
:101AF0000103E3650120D3E770B5044600284BD00D
:101B0000836D43F002038365FFF70AFF054668B95A
:101B10002046FFF7BBFF054608B90123A3652268ED
:101B2000936823F0104323F01703936023685A68E7
:101B300022F4677222F003025A6040F29F321A6068
:101B4000D968164A0A40DA605A6922F007025A61D7
:101B500000269A6A9E621A6A02F0F0221A625A6A93
:101B600002F0F0225A62DA6A02F0F022DA621A69AE
:101B700022F040421A610A4AD2F8083723F0FE7375
:101B8000C2F80837204604F03BFDE6652666A665E8
:101B900084F85460284670BD0125FBE700023E83AF
:101BA0000020014010B590F85430012B044615D0A8
:101BB000012380F85430FFF7B3FE58B92046FFF7F1
:101BC00065FF38B9A36D23F4807323F0010343F05C
:101BD0000103A365002384F8543010BD0220FCE704
:101BE000F7B50023019390F85430012B04467FD0C1
:101BF000012380F85430FFF749FF23689A6812F0F8
:101C00000102054607D0A36D43F01003A36500232E
:101C100084F854302DE0A16D364F21F4817141F0EC
:101C20000201A165DE68D96826F4FF4626F07C062D
:101C300021F40041360421F00301360CD96008205C
:101C40009968394041F0004199609968002913DA98
:101C50000199013101910199B1F52E3FF5D3A36DA1
:101C600023F0120343F01003A365002384F85430DB
:101C70000125284603B0F0BDD3F8B410013801F0B7
:101C80007F010A44DCD199681A48014041F0010102
:101C90009960D3F8B41021F07F0141EAD202C3F871
:101CA000B4209A68024042F002029A60FFF7F6FB05
:101CB000074623689A68D20708D4DA683243DA60A4
:101CC000A36D23F0030343F001039FE7FFF7E6FB57
:101CD000C01B0228EDD923689B68D907E9D5A36DFD
:101CE00043F01003A365E36D43F00103E365BFE731
:101CF0000225BEE7E8FFFF7F0749CA6822F4E062D9
:101D00000302120403F4E063120C134343F0BF63B5
:101D100043F40033CB60704700ED00E0164B30B564
:101D2000DC68C4F30224C4F10703251D042B28BF7B
:101D30000423062D4FF0FF358CBF033C002405FA29
:101D400003F321EA0303A54022EA0502A340002889
:101D500043EA0203ACBF00F16040084A4FEA0313B4
:101D6000B8BF00F00F00DBB2AABF00F5614013540A
:101D700080F8003330BD00BF00ED00E014ED00E05E
:101D8000002807DB044A4109012300F01F008340BB
:101D900042F82130704700BF00E100E000280CDB72
:101DA0004309064900F01F0020330122824041F818
:101DB0002320BFF34F8FBFF36F8F704700E100E028
:101DC0000138B0F1807F0BD24FF0E023054A586113
:101DD000F02182F823100020072298611A617047D1
:101DE0000120704700ED00E00028A1BF4309403307
:101DF000054A52F82330A3BF00F01F0023FA00F079
:101E000000F001000020704700E100E0002808DB3E
:101E10004309044900F01F0001226033824041F869
:101E20002320704700E100E0704708B5FFF7FCFF92
:101E300008BD704710B5044608B9012010BD437FA6
:101E400003F0FF0213B90277FFF7F3FF0223637772
:101E50002379E3B92368134A5A619A6822F0180279
:101E60009A6062792368D2B94FF0FF321A619A689A
:101E7000616922F060020A439A609A68A16922F0BF
:101E800080020A439A60012363770020D6E7D4E9F1
:101E90000212204600F008F80028E2D0CDE72269BF
:101EA000E4E700BFB71DC104CB0710B50CD51F2355
:101EB000013B1CD321FA03F4E407F9D5102A12D010
:101EC00004D83AB1082A10D001200BE0182AFBD11F
:101ED000062BF9D800684161836823F01803134387
:101EE0008360002010BD072BF3E70F2BF1E7102ACA
:101EF000EAD0E9D8002AE7D1ECE710B5044640B1B2
:101F00000223037104F02EFB002020616071207118
:101F100010BD0120FCE710B504680122236801F020
:101F2000100102FA01F123EA01032360027100208B
:101F300010BD034640B190F82520022A06D00422A5
:101F4000C263002280F82420012070470268806C60
:101F5000116821F00E011160016821F480710160A7
:101F6000116821F001011160D3E9100202F01C0197
:101F700001228A404260D3E9132151605A6D32B187
:101F8000116821F480711160D3E91621516001229A
:101F9000002083F8252083F82400704708B590F8C6
:101FA0002530022B03D00423C363012008BD03683E
:101FB0001A6822F00E021A601A6822F001021A60F2
:101FC000826C136823F480731360D0E9101303F05C
:101FD0001C02012393404B60D0E913325A60436DD9
:101FE00033B11A6822F480721A60D0E916325A604E
:101FF000012380F82530002380F82430836B03B15F
:1020000098470020D2E790F8250070470A4A5369A4
:1020100043F4802330B55361EFF3108472B600238C
:10202000CD58C5500433B3F5807FF9D11369DB0374
:10203000FCD484F3108830BD00400058064B5A6928
:10204000002ABFBF054A9A6002F188329A60BABF7F
:102050005869C00F002070470040005823016745B1
:10206000044B5A6942F000425A615869C043C00F9C
:10207000704700BF0040005870B50546FFF70EFAE4
:10208000124E04463369D90313D43369DA0744BFC7
:10209000012232614CF2FA32134011D10B4E3069F9
:1020A00010F480200BD0FFF7F9F9001BA842F6D3FB
:1020B00004E0FFF7F3F9001BA842E3D3032070BD4F
:1020C000024A1361024A01205360F8E700400058B9
:1020D000700300202DE9F041184D98462B78012B14
:1020E00006460C46174626D001232B704FF47A7013
:1020F00000236B60FFF7C0FFA0B9012E16D1104A74
:10210000536943F0010353612760BFF36F8FC4F835
:1021100004804FF47A70FFF7AFFF094A536923EA4E
:102120000603536100232B70BDE8F0813946204639
:10213000FFF76CFFEDE70220F6E700BF7003002019
:1021400000400058054A536923F47E7343EAC000F7
:1021500040F4803040F00200506170470040005869
:102160002DE9F041234F3B78012B054688463FD0AF
:1021700001233B704FF47A7000237B60FFF77CFFF4
:10218000044688B92B68042B13D11B4A536943F4C6
:10219000803343F0040353614FF47A70FFF76CFF10
:1021A0000446154B1A681B6800233B702046BDE8A7
:1021B000F0814FF0FF33C8F800306E68D5E9013286
:1021C0001344B3420AD93046FFF7BCFF4FF47A708C
:1021D000FFF752FF50B1C8F800600446064A536941
:1021E00023F47E7323F002035361DAE70136E5E757
:1021F0000224DBE770030020004000582DE9F04F77
:10220000564C00234FF00F080A6832FA03F501D14B
:10221000BDE8F08F012505FA03F919EA020275D02D
:102220004E68032706F003054FEA430E07FA0EFC3B
:102230006F1E012F6FEA0C0C6AD8876807EA0C0A38
:10224000CF6807FA0EF747EA0A078760476827EA68
:102250000909C6F300179F4047EA09074760C768A6
:1022600007EA0C098F6807FA0EF747EA0907022DFB
:10227000C76059D0076805FA0EF507EA0C073D4319
:1022800016F4403F056041D023F0030707F1804773
:1022900007F5803703F0030CBD684FEA8C0C4FF054
:1022A000070E0EFA0CFEB0F1904F25EA0E0E51D03B
:1022B0002B4DA84250D005F58065A84214BF0725D4
:1022C000022505FA0CF545EA0E05BD602568D743E1
:1022D00016F4801F0CBF3D4015432560656816F459
:1022E000001F0CBF3D4015436560D4F8805016F4C4
:1022F000803F0CBF3D401543C4F88050D4F8845053
:10230000B60354BF3D401543C4F8845001337BE706
:10231000032DAFD0C76807EA0C098F6807FA0EF7DC
:1023200047EA0907C760A5E74FEAD30900EB890927
:1023300003F0070AD9F820704FEA8A0A08FA0AFB64
:1023400027EA0B0B0F6907FA0AF747EA0B07C9F8E8
:1023500020708FE70025B4E70125B2E70008005898
:1023600000040048044AD168014208B502D0D06098
:1023700004F0BEFB08BD00BF0008005803689A695E
:10238000910744BF00229A629A69D2075EBF9A6998
:1023900042F001029A61704730B5039D04682B43F7
:1023A00043EA0243064A6068C1F309010B4342EA6B
:1023B000555223F0004320EA02000343636030BD1E
:1023C000FF63FF0370B5426B1F4CA2420BB201F0DA
:1023D000010501F002041DD01C4EB2421AD01C4E61
:1023E000B24217D0002BACBF0023B8230DB143F08D
:1023F000F2030CB143F0F403102902D143F090032F
:1024000003E0202901D143F0200301680A68134347
:102410000B6070BD002BACBF0023B8230DB143F09F
:10242000F2030CB143F0F4031029E7D0202902D1C4
:1024300043F06003E9E7064CA242E6D0402908BF1A
:1024400043F04003E1E700BF893100088134000810
:102450006530000811F0010307D090F8413003F017
:102460002803282B14BFF22342238A0709D590F8AA
:10247000412002F02802282A0CBF43F0440343F015
:10248000F4030A0401680A6848BF43F0B80322EA6B
:1024900003030B60704703682DE9F0419C6914F059
:1024A000100405460F4616466CD010220024DA614F
:1024B000A0462B689A69920660D4B8F1000F2ED01E
:1024C00044F0040401202E68B36913F4807F03F400
:1024D000806203F4007357D04FF4807144F001041C
:1024E000F161002A51D1002B56D12846FFF746FF53
:1024F000736823F0FF7323F48B3323F4FF7323F00B
:10250000010373606B6C23436B64202385F84130B7
:10251000002385F8423085F84030012044E07A1CE1
:1025200005D19A699606FCD52022DA61C8E7FEF744
:10253000B5FF801BB84201D8002FBAD12B6859686B
:1025400095F8422098690004D2B20AD5480408D40C
:10255000202A06D05A6842F480425A60FEF79EFF55
:1025600006462B689B699906A3D4FEF797FF801B4C
:102570001928F6D920244FF001089AE7B8F1000F86
:102580009ED1D1E720469EE72AB14FF4806244F005
:102590000804F261A7E72BB14FF4007344F0020482
:1025A000F361A2E70028A0D1BDE8F0812DE9F04158
:1025B000DDF8188004460F4616461D4623689B69C1
:1025C00037EA03030CBF01230023B34201D00020EC
:1025D00025E0424629462046FFF75DFFF0B96B1C17
:1025E000ECD0FEF75BFFA0EB0800A84201D8002D5D
:1025F000E4D123689B6937EA03030CBF012300235E
:10260000B342DBD1636C43F020036364202384F87E
:102610004130002384F8423084F840300120BDE886
:10262000F081C36AAA2B02D10023C3627047C36A38
:10263000B3F52A4FFAD14FF00073F6E7704710B5A3
:10264000044600284ED090F8413003F0FF021BB939
:1026500080F84020FFF7F2FF242384F841302368FC
:102660001A6822F001021A60626822F070621A6130
:102670009A6822F400429A60D4E90221012906D125
:1026800042F400429A605A6822F4006207E042F481
:10269000044202299A60F6D15A6842F400625A60F4
:1026A0005A6842F0007242F400425A60DA6822F43A
:1026B0000042DA60D4E904210A43A16942EA012216
:1026C000DA60D4E907210A431A601A6842F001026D
:1026D0001A6000202023606484F84130206384F86D
:1026E000420010BD0120FCE7704710B5044698B1C8
:1026F0000268242380F84130136823F0010313603B
:10270000FFF7F2FF0020606484F8400084F8410085
:10271000206384F8420010BD0120FCE72DE9F0435E
:1027200085B01D460023039390F84130202B0446CA
:10273000174672D103689B6913F400436DD190F87A
:102740004020012A69D00122C1F3090680F8402007
:1027500046F00078242280F8412048F42058436451
:10276000E3682268012B06BF46F0007343F4005370
:1027700043465360FEF792FE814622689369926950
:10278000C3F34013C2F30012134316D023689A69AF
:10279000CDF8009012F010022B4624D120212046C3
:1027A000FFF704FFE8B922682023D36184F84130A1
:1027B00084F8400005B0BDE8F0836B1CDDD0FEF767
:1027C0006DFEA0EB0900A84201D8002DD5D1202331
:1027D00084F84130636C43F020036364002384F881
:1027E00040300120E6E7002220212046FFF7DEFEF0
:1027F0000028F6D123681022DA612022DA61039BD7
:1028000001330393039BBB42AAD384F84120636C3A
:1028100084F8400013436364E3E70220CAE7000042
:10282000F7B50446104694F84120089E202A65D149
:1028300094F84020012A61D0012284F8402021220E
:1028400084F84120102284F84220002262646385CB
:10285000E6622B4B6363638D60629BB2FF2B99BF73
:10286000638D2385FF232385228D94BFE56A4FF076
:1028700080756AB136F000731DD1236810F8017BB2
:102880009F62638D6062013B9BB26385531E23850B
:10289000236B112B16D1AA2E0FD12046FFF7C1FEB4
:1028A000638D9BB2FF2B00D8E56A1648009094F820
:1028B00028202B4615E00022EAE7B6F52A4FECD097
:1028C000002008E02046FFF7ACFE638D9BB2FF2B93
:1028D00000D8E56A0B4836F00073E7D100902B462C
:1028E000D2B220460025FFF757FD204684F840501D
:1028F0000121FFF767FD284603B0F0BD0220FBE78A
:102900002D2F00080020008037B50446069894F863
:102910004150202D44D194F84050012D40D0012544
:1029200084F84050222584F84150102584F8425004
:10293000002565646385E0621A4B6363638D6262A0
:102940009BB2FF2B9BBF638D2385FF23E26A88BF69
:102950002385236B88BF4FF08072122B04D1AA28E5
:1029600002D0B0F52A4F09D12046FFF75AFE638DF9
:102970009BB2FF2B00D8E26A0B4B00E000230093D0
:1029800020461346002594F82820FFF705FD204631
:1029900084F840500221FFF715FD284603B030BDF2
:1029A0000220FBE72D2F000800240080F8B51F4609
:1029B00090F8413003F02803282B04460E461546B4
:1029C00001D00120F8BD01B11AB94FF4007363645E
:1029D000F7E748F20101FFF73DFD90F84030012B89
:1029E00040D0012380F8403090F841302A2B14D198
:1029F0000221FFF72FFD03681A6810040DD51A682D
:102A0000E06B22F400421A6038B1174B8363FFF782
:102A1000C5FA10B1E06B836B9847292384F84130E5
:102A200020682023002284F842306264436823F443
:102A3000004343606585638D2385E7620B4B6363C9
:102A4000836981696662C90303D51B0744BF0823F4
:102A5000C361204684F8402048F20101FFF7B2FC30
:102A60000020AFE70220ADE789360008773500087F
:102A7000F8B51F4690F8413003F02803282B044690
:102A80000E46154601D00120F8BD01B11AB94FF428
:102A900000736364F7E748F20201FFF7DBFC90F88C
:102AA0004030012B3FD090F841300121292B80F894
:102AB000401013D1FFF7CEFC03681A6850040DD5FF
:102AC0001A68A06B22F480421A6038B1174B8363F6
:102AD000FFF764FA10B1A06B836B98472A2384F840
:102AE000413020682023002284F842306264436829
:102AF00023F4004343606585638D2385E7620C4BB7
:102B00006363836981696662C90303D41B0744BF99
:102B10000823C361204684F8402048F20201FFF7F1
:102B200051FC0020B0E70220AEE700BF8936000864
:102B30007735000808B590F84120202A0AD12822CC
:102B400080F84120044A42634FF40041FFF73AFC09
:102B5000002008BD0220FCE7773500080268436BBF
:102B60009169126803B1184770477047704738B5CC
:102B7000002580F8425090F84130212B4FF020037F
:102B800080F841300AD11123036345630121FFF727
:102B900061FC80F84050FFF7E8FF38BD1223036363
:102BA00045630221FFF756FC80F84050FFF7DEFF37
:102BB000F3E708B503681A68002180F84210510451
:102BC00015D51A6822F480421A6090F84130292BFA
:102BD00013D1282380F84130212303630121FFF71B
:102BE00039FC002380F840300FF0E6FC08BD1204E9
:102BF000EBD51A6822F40042E6E790F841302A2B20
:102C0000F4D1282380F84130222303630221FFF707
:102C100021FC002380F840300FF0BBFCE6E790F881
:102C2000412002F02802282AF8B5036834D19E69B1
:102C3000C2689D699968DF682D0C022AC6F30046B8
:102C400005F0FE051FD185EAD11515F00605C1F383
:102C500009020ED1816C01318164816C022907D196
:102C600008218564D96180F8405031460FF044FC5A
:102C7000F8BD4FF40041FFF7EDFB002380F8403032
:102C800007F0FE02F1E74FF40041FFF7E3FB0023FA
:102C900080F840302A46E8E70822DA61002380F80D
:102CA0004030E5E708B5164BC362202200230363DA
:102CB000436380F8412080F842304B0712D5036807
:102CC0005A6A436A1A70436A01334362038D4BB1F7
:102CD000013B0385438D013B9BB24385436C43F02D
:102CE0000403436448F20301FFF7B4FB03681022B6
:102CF000DA61002380F840300FF036FC08BD00BFD9
:102D00000000FFFF70477047704790F84120602A2D
:102D100008B54FF0000208D1202180F8411080F85A
:102D200040200263FFF7F0FF08BD026380F84020F7
:102D30000FF046FCF8E7000070B500223D4D90F81A
:102D4000413080F84220C5624285426C283B0A43EC
:102D5000022B044642642AD80321FFF77BFB282379
:102D600080F84130344BA06B6363236B002841D063
:102D7000112B01D0212B3DD123681A68510442BF89
:102D80001A6822F480421A60FFF73DF901282CD01E
:102D9000A06B2A4B8363002384F84030FFF7FEF8D2
:102DA000002845D0A06B836BBDE87040184748F2FF
:102DB0000301FFF74FFBFFF7E1FA90F84130602B7A
:102DC00011D0202380F8413003689A6995060AD50E
:102DD0009A69D00605D51022DA61626C42F00402CD
:102DE00062642022DA610023BDE72046BDE870401E
:102DF000FFF78BBFE06B0028F7D0122B01D0222BFE
:102E0000F3D123681A68120442BF1A6822F4004200
:102E10001A60FFF7F8F80128E7D0E06B074B8363EF
:102E2000002384F84030FFF7B9F808B1E06BBAE747
:102E300070BD00BF0000FFFF77350008893600082D
:102E400073B505682023EB6190F84130212B0446CF
:102E50000E4635D10121FFF7FDFA112323636B687C
:102E600023F0FF7323F48B3323F4FF7323F0010368
:102E70006B6000236363F206A3F58033E36205D53C
:102E80001023EB61636C43F00403636494F84130F6
:102E9000602B05D1730741BF6B6ADBB20193019BC5
:102EA0002046FFF76BFA636C94F84120602A00D04B
:102EB0007BB1616C204602B0BDE87040FFF73CBFBB
:102EC00090F84130222BCAD10221FFF7C3FA122316
:102ED000C4E794F84120212A12D1202284F841200D
:102EE000236394F8422084F84030402A84F842302A
:102EF00003D1FFF707FF02B070BDFFF736FEFAE718
:102F000094F84120222AF6D1202284F8412023631C
:102F100094F8422084F84030402A84F8423002D1AC
:102F2000FFF7F1FEE7E7FFF721FEE4E773B590F85E
:102F30004030012B04460D46164600F091800123D7
:102F4000CA0680F8403017D5F30615D5036810225D
:102F5000DA61436C43F004034364FFF70FFAAA06F7
:102F600005D5B30603D529462046FFF769FF0020A3
:102F700084F8400002B070BD680712D5710710D503
:102F800023685A6A636A1A70636A25F0040501337C
:102F90006362238D013B2385638D013B9BB2638577
:102FA000DDE76A060DD4AB0727D5B00725D5638DBD
:102FB0009BB2002BD3D0636A226813F8011B916285
:102FC000E6E7290606F0400337D5002BC7D0638D0E
:102FD00022689BB22BB3208D18BB5168638D9BB2C6
:102FE000FF2BC1F309010DD9FF2222854FF0807319
:102FF00000902046FFF7D0F9B1E72A06AFD5730657
:10300000E5D4ACE7628DE36A92B213F5803F228586
:10301000D2B202D0E36A0090EBE700904FF0007369
:10302000E7E75368980103D42046FFF7A0FD96E731
:1030300040212046FFF780FE91E7002B8FD0638D63
:103040009BB2002BF4D123685A68910187D4E26ABD
:1030500012F5803FE8D15A6842F480425A607EE718
:10306000022087E713B590F84030012B044600F0AA
:103070008580012380F84030CB0612D5D30610D5C9
:1030800003681022DA61436C43F004034364202197
:10309000FFF798F9FFF772F9002084F8400002B0BA
:1030A00010BD880708D5930706D52368226D9A625C
:1030B0004FF0FF332365EFE7080633D5530631D5CC
:1030C00010212046FFF77EF9638D9BB233B3638DE9
:1030D0009BB2FF2B18D90023FF22E16C22850093BD
:1030E0004FF0807389B2FFF757F9638D228D9B1AD9
:1030F0009BB2638594F841202368222A1A6832D152
:1031000042F400421A60C7E7628DE16C92B200237C
:1031100022850093D2B24FF00073E3E74021FFF71E
:103120000BFEB9E7480621D553061FD594F8411088
:10313000134A144B222918BF1346628D92B2FF2AFC
:1031400008D9FF22E16C228500934FF0807389B289
:103150002046C8E7628DE16C92B222850093D2B21C
:103160004FF00073F3E742F48042CBE7880693D533
:10317000930691D52046FFF763FE8DE702208EE788
:10318000002000800024008073B590F84030012BAF
:10319000044678D0012380F84030CB0612D5D606FD
:1031A00010D503681022DA61436C43F004034364D2
:1031B0002021FFF707F9FFF7E1F8002084F840002D
:1031C00002B070BD0D0641D550063FD525682B686D
:1031D00023F040032B60638D9BB25BB36968638D02
:1031E0009BB2FF2BC1F309011AD9FF2323854FF0AE
:1031F00080730022268D009294F828202046FFF745
:10320000CBF8638D9B1B9BB2638594F84130222BD6
:103210002B680CBF43F4004343F480432B60CCE79E
:10322000638D2385E36A13F5803F14BFE36A4FF093
:103230000073DEE76B689A0103D42046FFF797FC22
:10324000BBE740212046FFF777FDB6E74B0612D5D6
:10325000560610D5638D9BB2002BF2D123685A68B5
:103260009501AAD4E26A12F5803FE6D15A6842F489
:1032700080425A60A1E788069FD593069DD52046D7
:10328000FFF7DEFD99E702209AE7036899691A685B
:1032900010B4CC0508D5140606D5446C44F00104DE
:1032A00044644FF48074DC614C0508D5140606D5DF
:1032B000446C44F0080444644FF48064DC61890584
:1032C00008D5120606D5426C42F0020242644FF461
:1032D0000072DA61416C11F00B0F02D010BCFFF7E5
:1032E0002BBD10BC704700002DE9F8430568D5F8E8
:1032F0000090D0F82C8090F8417007F0F707202359
:10330000212F04460E46EB6164D148F20101FFF71C
:10331000A1F827636B6843F400436B606B6823F08C
:10332000FF7323F48B3323F4FF7323F001036B60EB
:103330002046FFF723F819F4804F50D02B6823F470
:1033400080432B60A36B1BB11B685B689BB26385DA
:1033500072070FD5636A6A6A1A70636A013363621F
:10336000238D2BB1013B2385638D013B9BB263858C
:1033700026F00406638D9BB21BB1636C43F004031B
:103380006364F30611D519F0100F0ED0638D9BB254
:10339000002B3ED194F84130282B29D1B8F1007F81
:1033A00026D131462046FFF77DFC002384F84230C9
:1033B000656C6363002D3BD0616C2046FFF7BCFC5D
:1033C00094F84130282B45D131462046BDE8F843DA
:1033D000FFF768BC222F9DD148F2020197E719F44C
:1033E000004FB5D02B6823F400432B60E36BAAE7B2
:1033F00094F841202368292A4FF01002DA61D4D1D1
:1034000018F5803FD1D02046FEF7B8FFFFF7D1FB7B
:10341000CBE723681022DA61636C43F00403636432
:1034200038F08073C1D1616C2046FFF785FCBCE7A2
:10343000E36A13F5803F0FD02046FFF7BAFB0F4B2E
:10344000E362202384F8413084F84050256320460D
:103450000FF08AF8BDE8F88394F8413084F84050C2
:10346000222B4FF0200384F841302046256302D1FF
:103470000FF08FF8EEE70FF09FF8EBE70000FFFF8B
:1034800070B590F84060C56A012E04460B4670D0B6
:10349000012680F840608E0607D5960605D5FFF711
:1034A00023FF002084F8400070BDD80659D5D1060E
:1034B00057D512F4404F50D0D4E90E10E0B921B1E5
:1034C000520402D50A6852680AB323681022DA61EE
:1034D000636C43F00403636494F8413035F0807208
:1034E000DBB2DED1213B092B30D8DFE803F02D34ED
:1034F0002F2F2F2F2F2F2D341604E0D50068406872
:103500000028DCD119B1500444BF0A68526894F80D
:103510004120282A07D1B5F1007F04D11946204661
:10352000FFF7C0FBBDE794F841202368292A4FF03C
:103530001002DA61B5D115F5803FB2D02046FEF712
:103540001DFFFFF736FBACE721232363616C2046A8
:10355000FFF7F2FBA5E72223F7E723681022DA61E1
:103560009FE719079DD513079BD52046FFF757FB0B
:1035700097E7022098E770B590F84060C56A012E81
:1035800004460B467ED0012680F840608E0607D5A3
:10359000960605D5FFF7A8FE002084F8400070BD10
:1035A000D90630D5D6062ED5628D92B2E2B994F8FE
:1035B0004120282A07D1B5F1007F04D119462046C1
:1035C000FFF770FBE8E794F841202368292A4FF0C1
:1035D0001002DA61E0D115F5803FDDD02046FEF71C
:1035E000CDFEFFF7E6FAD7E723681022DA61636CB5
:1035F00043F00403636435F08073CDD1616C2046E1
:10360000FFF79AFBC8E758071BD5510719D5638DFB
:103610009BB26BB123685A6A636A1A70636A01339A
:103620006362238D013B2385638D013B9BB26385E0
:10363000638D9BB2002BAFD115F5803FACD02046F7
:10364000CFE71E0705D5100703D52046FFF7E7FA99
:10365000A2E79907A0D593079ED5638D9BB26BB166
:10366000636A226813F8011B91626362638D013BF8
:103670009BB26385238D013B23858DE735F08073F5
:103680008AD1DCE702208AE7806A836B0BB10022D3
:103690009A63C36B0BB100229A63FFF736BB90F8B5
:1036A00041007047406C7047024A136843F48073CE
:1036B0001360704700040058024B186800F4C060A3
:1036C000704700BF00040058024A936823F4004387
:1036D0009360704700040058054A136843F00703DD
:1036E0001360044A136943F00403136130BF704749
:1036F0000004005800ED00E04FF0B0431868C0F33C
:10370000404070474FF0B0431868C0F34000704726
:103710004FF0B042536823F47F4343EA00235360E1
:1037200070474FF0B0431868C0F340607047000026
:103730007FB54FF0B0432C4AD3F80831C0F30310E3
:1037400003F00F0352F82040284A52F82330B4FB0C
:10375000F3F4FFF7B1FF264B054693E80700B5F5F4
:10376000007F04AB03E9070010D0224B9C4218D322
:1037700003F5B70303F67F539C4229D903F574136D
:1037800003F510639C4225D802230BE01A4B9C42A0
:1037900007D91A4B9C421BD903F5370303F5D853BD
:1037A000F0E7002304AA02EB830353F80C4C144DFA
:1037B0002B6823F0070323432B60FDF76FFE0646BB
:1037C0002B6803F007039C4206D1002004B070BDB3
:1037D0000123E7E70024EAE7FDF760FE801B0228EB
:1037E000EED90320F2E700BFE47B0208447C020824
:1037F00020760208C0CF6A00BFEA21013F9334025D
:10380000004000584FF0B04310B59A68D96812F0E4
:103810000C0205D00C2A4AD101F00303012B51D12F
:103820004FF0B0412B480B6813F0080306D00B682B
:1038300013F0080337D1D1F8941007E00C6824077F
:1038400056BFD1F894300968C3F3032350F82330EE
:10385000002A0CBF184600204FF0B0418A6802F0E1
:103860000C020C2A1ED1CA6802F00302022A2ED0D2
:10387000032A06D10B68184A13F4801F174B18BF90
:1038800013464FF0B042D068D168D268C0F306202A
:103890005843C1F302130133B0FBF3F0530F01336C
:1038A000B0FBF3F010BD0B68C3F30313CEE7042A9B
:1038B00005D0082A06D11B6813F4801305D00648EA
:1038C0000023C9E700231846C6E70448C4E7024BB3
:1038D000D7E700BFE47B02080024F4000048E801B9
:1038E00008B5FFF78FFF4FF0B043044A9B68C3F35E
:1038F000031352F82330B0FBF3F008BD447C0208F8
:103900002DE9F0410446002853D04FF0B0439D68A4
:10391000DE680368990605F00C0506F0030668D515
:10392000026A1DB10C2D46D1012E44D1002A40D08F
:103930004FF0B043A16A1A68120756BFD3F894300B
:103940001B681B0903F0F00399421FD90846FFF7D3
:10395000EFFE00282DD14FF0B042136843F008036A
:1039600013601368A16A23F0F0030B431360606ACD
:10397000FFF7CEFEFFF7B4FFAC4B1860AC4B1868F6
:10398000FDF744FD002834D0BDE8F0814FF0B0428F
:10399000136843F008031360136823F0F0030B432C
:1039A0001360606AFFF7B4FE0846FFF7C1FE002807
:1039B000E0D00120E8E74FF0B043002A54D01A6865
:1039C00042F001021A60FDF769FD0746FFF79AFE13
:1039D000002842D04FF0B042136843F00803136050
:1039E0001368A16A23F0F0030B431360606AFFF7CA
:1039F0008FFE2368DF0748D42368980700F1A18071
:103A000023681E0740F1FC80A3694FF0B046002BED
:103A100000F0E380D6F89430E16903F0100291429F
:103A200000F0C68003F00302022AC2D0D80740F19A
:103A3000B580D6F8943023F00103C6F89430FDF732
:103A40002DFD0746D6F89430990740F1A780FDF781
:103A500025FDC31B112BF5D904E0FDF71FFDC01B8D
:103A60000228B3D903208FE71A6822F001021A60F6
:103A7000FDF714FD0746FFF745FE0028B9D0FDF716
:103A80000DFDC01B0228F6D9ECE7082D626803D0B3
:103A90000C2D1AD1032E18D1002A8AD09907AFD540
:103AA00023694FF0B046002B67D0336843F480732E
:103AB0003360FDF7F3FC074633685A0555D4FDF72C
:103AC000EDFCC31B022BF7D9CCE74FF0B043A06845
:103AD000196821F480110143B2F5803F196010D1BB
:103AE0001A6842F480321A60FDF7D8FC0746FFF7E7
:103AF00003FE002880D1FDF7D1FCC01B6428F6D955
:103B0000B0E7B2F5041F04D11A6842F400121A603B
:103B1000E6E7196821F480311960196821F4001171
:103B20001960002AE0D1FDF7B9FC0746FFF7E4FD74
:103B300000283FF461AFFDF7B1FCC01B6428F5D944
:103B400090E7042D03D00C2DAAD1022EA8D1236911
:103B5000002B3FF42EAF4FF0B0426169536823F061
:103B6000FE4343EA016353604AE77368626923F0E6
:103B7000FE4343EA0263736042E7336823F48073D1
:103B80003360FDF78BFC074633685B057FF538AF84
:103B9000FDF784FCC31B022BF6D963E74FF0B0425C
:103BA000E169D2F8943023F010030B43C2F894304B
:103BB0004FF0B047D7F8943043F00103C7F8943082
:103BC000FDF76CFC0646D7F894309A0718D4FDF739
:103BD00065FC831B112BF6D944E7D6F8943023F00B
:103BE0000103C6F89430FDF759FC0746D6F8943027
:103BF0009B0705D5FDF752FCC31B112BF6D931E706
:103C00002368580754D50B4F3B68D90514D4FFF7E8
:103C10004BFDFDF743FC06463B68DA050CD4FDF787
:103C20003DFC831B022BF7D91CE700BF400000209E
:103C30000400002000040058E3684FF0B046002B59
:103C400058D023F08003052B02BFD6F8903043F004
:103C50000403C6F890304FF0B046FDF71FFCD6F8CD
:103C6000903043F001030746C6F8903041F288389F
:103C7000D6F890309B0705D4FDF710FCC31B4345D5
:103C8000F6D9EFE6E36823F00403812B1BD1FDF79F
:103C900005FCD6F8903043F08003C6F89030074614
:103CA0004FF0B04641F28838D6F89030180504D568
:103CB000E36A002B4AD1002066E6FDF7EFFBC01B4C
:103CC0004045F1D9CEE6FDF7E9FBD6F8903023F078
:103CD0008003C6F8903007464FF0B04641F288386E
:103CE000D6F890301905E3D5FDF7D8FBC01B404549
:103CF000F6D9B7E6FDF7D2FBD6F8903023F0800373
:103D00000746C6F8903041F28838D6F890301A0548
:103D100016D4FDF7C3FBD6F8903023F00103C6F8A4
:103D2000903007464FF0B04841F28836D8F89030CE
:103D30009B07BDD5FDF7B2FBC31BB342F6D991E695
:103D4000FDF7ACFBC01B4045DFD98BE60C2D4ED0F8
:103D5000022B4FF0B0431A6822F080721A6033D100
:103D6000FDF79CFB0546FFF7DCFC38BBD4E90C31C2
:103D70004FF0B0420B43D0682D4901400B43E16B3B
:103D80000B43216C0B43616C0B43A16B43EA012392
:103D9000D360136843F080731360D36843F080539B
:103DA000D360FDF77BFB0446FFF7BBFC002882D104
:103DB000FDF774FB001B0A28F6D953E6FDF76EFBEE
:103DC000401B0A28CFD94DE6FDF768FB0446FFF7F4
:103DD000A8FC30B94FF0B042164BD1680B40D3600D
:103DE00069E7FDF75BFB001B0A28F0D93AE6012BD7
:103DF0003FF4DFAD4FF0B043D868236B00F003020F
:103E00009A427FF4D6AD626B00F0700393427FF468
:103E1000D0ADA26B00F4FE43B3EB022F7FF4C9AD2B
:103E2000636C00F06040C01A18BF0120ACE500BF11
:103E30008C80C111FCFFFEEE2DE9F0410D460446D9
:103E400010B90120BDE8F081684E336803F0070324
:103E50008B4216D323689A0727D54FF0B047A26844
:103E6000BB6823F0F0031343BB60FDF717FB064666
:103E7000BB68DB0319D4FDF711FB831B022BF7D9B9
:103E800011E0336823F007030B433360FDF706FBB3
:103E90000746336803F00703AB42DBD0FDF7FEFAB9
:103EA000C01B0228F5D90320CCE72368580617D594
:103EB0004FF0B0476269D7F8083123F00F0343EAA7
:103EC0001213C7F80831FDF7E9FA0646D7F80831AA
:103ED000D90305D4FDF7E2FA831B022BF6D9E2E7FA
:103EE00023685A0713D54FF0B047E268BB6823F444
:103EF000E0631343BB60FDF7D1FA0646BB689B0342
:103F000005D4FDF7CBFA831B022BF7D9CBE7236847
:103F1000180714D54FF0B0472269BB6823F46053EB
:103F200043EAC203BB60FDF7B9FA0646BB68590312
:103F300005D4FDF7B3FA831B022BF7D9B3E7236847
:103F4000DA070FD4294C236803F00703AB4239D8B2
:103F5000FFF7C6FC264B1860264BBDE8F0411868F9
:103F6000FDF754BA6268022A1DD1FFF7C5FB00288D
:103F70003FF467AF4FF0B04641F28838B36823F0A2
:103F800003031343B360FDF789FA0746B368626819
:103F900003F00C03B3EB820FD4D0FDF77FFAC01B04
:103FA0004045F3D97FE7032A02D1FFF7BAFBDEE7EA
:103FB00012B9FFF7A7FBDAE74FF0B0431B685B05C8
:103FC000D8D43EE7236823F007032B432360FDF793
:103FD00065FA0646236803F00703AB42B8D0FDF745
:103FE0005DFA801B0228F5D95DE700BF004000584C
:103FF000400000200400002008B5FFF703FC4FF04C
:10400000B043054AD3F8083103F00F0352F82330C8
:10401000B0FBF3F008BD00BF447C020808B5FFF711
:104020005FFC4FF0B043044A9B68C3F3022352F88D
:104030002330D84008BD00BF247C020808B5FFF734
:104040004FFC4FF0B043044A9B68C3F3C22352F8BD
:104050002330D84008BD00BF247C020810B5D8B179
:10406000D1B14F234FF0B0420360936803F00C04CA
:10407000446003F0F004846003F4E06403F46053EC
:10408000C4600361D2F808311B01DBB24361034B0A
:104090001B6803F007030B6010BD00BF0040005811
:1040A0004FF0B0431868C0F3802070474FF0B04322
:1040B000D3F89000C0F3400070474FF0B043D3F8FE
:1040C0009400C0F3400070474FF0B0431868C0F34D
:1040D000C00070474FF0B04210B5D36803F003033F
:1040E000022B39D0032B10D0FFF7EEFF1B4C0146FB
:1040F00028BBFFF7E9FF012816BFD2F89410136818
:10410000C1F3032154F8213006E01368144A13F474
:10411000801F144B18BF13464FF0B042D068D168CF
:10412000D268C0F306204343C1F30211C2F34260D8
:1041300001310130B3FBF1F3B3FBF0F010BDFFF739
:10414000C3FF01280BBF1368D2F89430C3F30313E5
:10415000002354F82330DFE7014BDDE7E47B02085E
:104160000024F4000048E801B0F5807F10B500F0AD
:104170008F8123D8202800F0FA800AD8022800F086
:10418000D680102800F09481012800F0A78000203C
:1041900010BD402800F057818028F8D14FF0B0447E
:1041A000B24AD4F888301B0903F4406343F4402337
:1041B000934200F0A48002F5806253E1B0F5804F95
:1041C00000F0E58027D8B0F5806F00F08981B0F568
:1041D000006F00F0A281B0F5007FD8D14FF0B0435E
:1041E000A34AD3F888301B0C03F00C0343F440239C
:1041F000934200F0DC80B3F10C1F22D0043A9342CA
:1042000040F06781FFF759FF0128C0D14FF0B0435C
:10421000D3F8943022E0B0F5004F25D0B0F5803FC0
:10422000B5D14FF0B042D2F8903003F44073B3F5FB
:10423000007F0DD0B3F5407F00F08581B3F5807F1E
:10424000A5D1FFF733FF441E60426041C0039FE7E2
:10425000FFF733FF01289AD1D2F89430D80654BF23
:104260004FF4FA40FA2093E74FF0B042D2F888308A
:1042700003F04043B3F1804FEAD0B3F1004FE0D0F8
:1042800033B91368990182D5BDE81040FFF722BF0A
:1042900013689A077FF57BAFFFF716FF7549024653
:1042A00068B9FFF711FF4FF0B043012816BFD3F8EC
:1042B00094201B68C2F3032251F8220068E7FFF73D
:1042C00003FF4FF0B04301280BBF1B68D3F89430B5
:1042D000C3F30313002351F8230059E74FF0B04311
:1042E000654AD3F8883003F0030343F44033934224
:1042F0005DD0B3F1031FA4D0013A934203D1BDE8CE
:104300001040FFF77FBAFFF77DFA4FF0B0435B49EB
:104310009A689B68C2F30312C3F3C22351F82220A8
:10432000B0FBF2F0564A52F82330D84030E74FF055
:10433000B0444F4AD4F8883003F00C0343F44023D0
:10434000934234D0B3F10C1F3FF47BAF043A934255
:10435000D5D0FFF757FAA268A3684849C2F3031201
:10436000C3F3022351F82220B0FBF2F0DAE74FF05A
:10437000B044D4F8883003F44063B3F5006F16D02E
:10438000B3F5406F3FF45DAFB3F5806FE0E74FF0FA
:10439000B042D2F8883003F04053B3F1005F0DD043
:1043A000B3F1405FABD0B3F1805F7FF4F0AEFFF7C5
:1043B00077FE01287FF4EBAE3248E9E613689B01F3
:1043C0007FF5E5AED36803F00303022B39D0032B4E
:1043D00010D0FFF779FE274C014628BBFFF774FE8B
:1043E000012816BFD2F894101368C1F3032154F8C2
:1043F000213006E01368234A13F4801F224B18BFB4
:1044000013464FF0B042D068D168D268C0F306209E
:104410005843C1F302130133B0FBF3F0C2F344433A
:104420000133B0FBF3F0B3E6FFF74EFE01280BBFFC
:104430001368D2F89430C3F30313002354F82330E5
:10444000DFE7104BDDE74FF0B044104AD4F8883076
:104450001B0903F4407343F4403393423FF44FAFDE
:1044600002F580729342A2D073E700BF00040C00F3
:1044700008000C00E47B020802000300447C0208F0
:10448000247C02080024F4000048E8010001030035
:104490004FF0B0442D4AD4F888301B0903F4405340
:1044A00043F4401393423FF42AAF02F58052D9E718
:1044B0004FF0B043D3F8883003F44073B3F5007F76
:1044C0003FF475AFB3F5407F7FF4DEAE4BF680303E
:1044D0005EE6FFF797F94FF0B0439A689B683CE7B8
:1044E0004FF0B0441A4AD4F888301B0C03F0300364
:1044F00043F4401393423FF45AAFB3F1301F3FF4FB
:10450000A0AE103A93427FF424AFFFF7D6FD012806
:104510007FF43DAED4F89430A0E64FF0B0440D4A9D
:10452000D4F888301B0C03F0C00343F440039342DB
:104530003FF43DAFB3F1C01F3FF483AE403A934226
:104540007FF407AF5EE6044822E600BF00103000AB
:10455000200030008000C00040420F00704770B55E
:104560000446002866D0436A002B5FD14268B2F54A
:10457000827F00D0C3610023A36294F85D3003F012
:10458000FF0223B984F85C202046FFF7E7FF22688A
:10459000E068A668A169022384F85D30136823F0FF
:1045A00040031360B0F5E06F4FF000038ABF1D4673
:1045B0004FF48055B0F5706F18BFA362636806F4BE
:1045C000044603F482733343266906F0020633433C
:1045D000666906F00106334301F400763343E66969
:1045E00006F038063343266A06F080063343A66A8F
:1045F00006F4005633431360666B636A06F00806E0
:1046000003F0100300F470603343090C034301F01E
:1046100004010B432B435360D36923F40063D3613C
:1046200000200123206684F85D3070BD0023C0E9BE
:104630000433A0E70120F8E7704710B5044680B1C5
:104640000268022380F85D30136823F04003136092
:10465000FFF7F2FF0020206684F85C0084F85D001C
:1046600010BD0120FCE7022310B580F83D3003683F
:10467000196A41F211121142044608D1196A40F236
:104680004442114202BF1A6822F001021A60204619
:1046900002F01FFD002084F8480084F83C0084F8F4
:1046A0003E0084F83F0084F8400084F8410084F81C
:1046B000420084F8430084F8440084F8450084F8FC
:1046C000460084F8470084F83D0010BD90F83D3066
:1046D000012B17D102230C4A80F83D300368934226
:1046E00002D0B3F1804F07D19968084A0A40062AE0
:1046F00006D0B2F5803F03D01A6842F001021A607A
:104700000020704701207047002C01400700010085
:104710000368196A41F21112114208D1196A40F274
:104720004442114202BF1A6822F001021A600123BA
:1047300080F83D30002070470368DA6822F00102FB
:10474000DA60196A41F21112114208D1196A40F275
:104750004442114202BF1A6822F001021A6001238A
:1047600080F83D300020704790F83C20012A034635
:104770004FF0020009D01A6883F83D005161002013
:10478000012283F83D2083F83C0070477047704752
:10479000036870B5DD681E69B20704460DD5A90728
:1047A0000BD56FF002021A61012202779B699A070A
:1047B00074D001F072FE00232377730710D56807C9
:1047C0000ED523686FF004021A61022222779B69DA
:1047D00013F4407F204667D001F05FFE002323776B
:1047E00031070FD52A070DD523686FF008021A612B
:1047F00004222277DB699B0720465BD001F04DFE47
:1048000000232377F00610D5E9060ED523686FF054
:1048100010021A6108222277DB6913F4407F2046D8
:104820004ED001F03AFE00232377F20708D5EB07BC
:1048300006D523686FF001021A61204601F00AFED6
:10484000300608D5290606D523686FF080021A6164
:10485000204600F002FAF20508D52B0606D523689B
:104860006FF480721A61204600F0F8F9700608D5DE
:10487000690606D523686FF040021A612046FFF7EB
:1048800086FFB20622D5AB0620D523686FF0200242
:1048900020461A61BDE8704000F0DEB901F0FBFD72
:1048A0002046FFF773FF86E701F0F5FD2046FFF78E
:1048B0006DFF93E701F0EFFD2046FFF767FF9FE7ED
:1048C00001F0E9FD2046FFF761FFACE770BD000095
:1048D0001B4A0368904202D0B0F1804F08D14A6869
:1048E00023F070031343CA6823F44073134306E0B4
:1048F000144A9042F7D002F580629042F3D04A69A0
:1049000023F08003134303608B68C3620B688362E8
:104910000B4B984207D003F5C053984203D003F5E0
:104920008063984201D10B690363012343610369EA
:10493000DB0742BF036923F001030361704700BF37
:10494000002C01400044014010B5044650B390F8DB
:104950003D3003F0FF021BB980F83C2002F092FBCF
:104960000223206884F83D30211DFFF7B1FF0123A9
:1049700084F84830002084F83E3084F83F3084F8D2
:10498000403084F8413084F8423084F8433084F871
:10499000443084F8453084F8463084F8473084F851
:1049A0003D3010BD0120FCE7036A01F01F0110B586
:1049B00001248C4023EA04030362036A8A401A43F9
:1049C000026210BD082908B525D00AD8A9B104296A
:1049D00019D090F84330012B13D1022380F84330D3
:1049E0002CE00C291FD01029F3D190F84230012B74
:1049F00007D1022380F8423020E090F83E30012BAE
:104A000019D0012043E090F83F30012BF9D1022367
:104A100080F83F3012E090F84030012BF1D10223B2
:104A200080F840300AE090F84130012BE9D10223B0
:104A300080F8413002E0022380F83E300068012215
:104A4000FFF7B2FF124B984214D003F5C0539842BF
:104A50000BD003F58063984207D0B0F1804F0DD0A2
:104A6000036843F00103036010E0436C43F4004328
:104A70004364F5E7436C43F4004343648268054BA9
:104A80001340062B02D0B3F5803FE9D1002008BDCA
:104A9000002C014007000100FFF794BF082910B562
:104AA00003465AD010D809B3042946D093F843409E
:104AB00093F84720012CE0B2D2B26FD1012A3BD14A
:104AC000022283F8432065E00C2956D01029EDD14D
:104AD00090F8424093F84720012CE0B2D2B25DD169
:104AE000012A29D1022283F8422053E090F83E4067
:104AF00093F84420012CE0B2D2B24FD1012A1BD14D
:104B0000022283F83E2083F8442018680122FFF730
:104B10004BFF234B984202D0B0F1804F07D18268FF
:104B2000204B1340062B06D0B3F5803F03D003681B
:104B300043F001030360002010BD90F83F4093F85C
:104B40004520012CE0B2D2B228D1012AF4D10222B0
:104B500083F83F2083F84520D7E790F8404093F84A
:104B60004620012CE0B2D2B218D1012AE4D10222AF
:104B700083F8402083F84620C7E790F8414093F837
:104B80004720012CE0B2D2B208D1012AD4D10222AE
:104B900083F84120022283F84720B6E70120CBE7C3
:104BA000002C014007000100036A01F01F0110B54D
:104BB00004248C4023EA04030362036A8A401A43F4
:104BC000026210BD08B529B990F84430012B1DD000
:104BD000012039E0042907D190F84530012BF7D1A5
:104BE000022380F8453014E0082907D090F84730B8
:104BF000012BEDD1022380F847300AE090F84630CF
:104C0000012BE5D1022380F8463002E0022380F830
:104C1000443000680422FFF7C7FF436C43F40043AD
:104C200043640A4B984202D0B0F1804F07D18268AA
:104C3000074B1340062B06D0B3F5803F03D0036823
:104C400043F001030360002008BD00BF002C0140B9
:104C500007000100FFF7B6BF7047704770470000BC
:104C600010B5026852E8003F23F4907342E8003127
:104C700002680029F5D10F4C02F1080353E8003F08
:104C8000234002F1080C4CE800310029F4D1C36E36
:104C9000012B07D152E8003F23F0100342E8003116
:104CA0000029F7D12023C0F88C300023C366436766
:104CB00010BD00BFFEFFFFEF026852E8003F23F087
:104CC000800342E8003102680029F5D152E8003F34
:104CD00043F0400342E800310029F7D17047D0F893
:104CE0008820212A034611D1B0F8562092B20AB981
:104CF000FFF7E2BF026D016812F8010B88621A65C6
:104D0000B3F85620013A92B2A3F856207047D0F873
:104D10008820212A034613D1B0F8562092B20AB94E
:104D2000FFF7CABF1A6D006832F8021BC1F3080111
:104D300081621A65B3F85620013A92B2A3F8562060
:104D40007047D0F88830212B10B51BD1B0F86A20FD
:104D5000C2B1B0F85610036889B2A1B903F10802D4
:104D600052E8002F22F4000203F1080040E800217D
:104D70000029F3D153E8002F42F0400243E800211C
:104D80000029F7D110BDD96909060AD5016D11F8BE
:104D9000014B9C62B0F856300165013B9BB2A0F814
:104DA0005630013A92B2D3E7D0F88830212B10B5B3
:104DB0001BD1B0F86A20C2B1B0F85610036889B2AE
:104DC000A1B903F1080252E8002F22F4000203F116
:104DD000080040E800210029F3D153E8002F42F0F9
:104DE000400243E800210029F7D110BDD969090626
:104DF0000CD5016D31F8024BC4F308049C62B0F885
:104E000056300165013B9BB2A0F85630013A92B290
:104E1000D1E77047704738B50546C8B12423C0F8BC
:104E2000883003681A68002422F001021A601C60AE
:104E30005C609C60FFF7EEFFC5F8904085F8844009
:104E4000C5F888402046C5F88C40EC662C6738BD14
:104E50000120FCE7D0F88830202B10B544D1002980
:104E600044D0002A42D0A0F85620A0F85420426E28
:104E700001650023C0F89030B2F1005F4FF02103CC
:104E8000C0F888300268836819D1B3F5805F14D107
:104E90000469174B1749002C08BF0B46836702F1C2
:104EA000080353E8003F43F4000302F1080040E820
:104EB00000310029F3D1002010BD0D4BEEE7B3F512
:104EC000805F0FD104690C4B0C49002C08BF0B46C6
:104ED000836752E8003F43F0800342E80031002935
:104EE000F7D1E8E7044BF3E70220E5E70120E3E729
:104EF000434D0008A94D0008DF4C00080F4D000885
:104F000008B5806A0023A0F85E30A0F8563002F0A1
:104F10005FFC08BD704700000368D9691A682DE975
:104F2000F04140F60F0631429D68044610D18E06CE
:104F300040F1978002F0200605F080573E4300F0D4
:104F40009080436F002B00F08580BDE8F04118474A
:104F5000AB4EAC482E401040304300F08280CF076B
:104F600009D5D00507D501201862D4F8900040F08B
:104F70000100C4F890008F0709D5E80707D5022083
:104F80001862D4F8900040F00400C4F890004F0775
:104F900009D5E80707D504201862D4F8900040F03E
:104FA0000200C4F890000F070BD502F02000304338
:104FB00007D008201862D4F8900040F00800C4F828
:104FC00090000E050AD5500108D54FF40060186214
:104FD000D4F8903043F02003C4F89030D4F89030E7
:104FE000002B37D08B0609D502F0200205F0805542
:104FF0002A4303D0636F0BB1204698472668D4F844
:105000009020B36802F0280203F0400353EA02053F
:10501000204621D0FFF724FEB3685F0617D522682B
:1050200002F1080353E8003F23F04003083242E84E
:1050300000310029F3D1D4F8800040B1724B836372
:10504000FCF7ACFF30B1D4F88000836B7DE72046DD
:1050500002F0BEFBBDE8F08102F0BAFBC4F890504C
:10506000F8E7E06E012840F08980CE0640F18680A6
:10507000D00640F1838010221A629A6851064BD5FF
:10508000D4F8802011684A6892B2002AE2D0B4F8BD
:105090005C009042DED9A4F85E200A6892062FD404
:1050A00053E8002F22F4807243E800210029F7D151
:1050B00003F1080252E8002F22F0010203F1080078
:1050C00040E800210029F3D103F1080252E8002F43
:1050D00022F0400203F1080040E800210029F3D14A
:1050E0002022C4F88C20E16653E8002F22F0100241
:1050F00043E800210029F7D1D4F88000FCF719FF1C
:1051000002232367B4F85E30B4F85C10C91A89B280
:105110002046FFF7FFFE9DE7B4F85E20B4F85E007E
:10512000B4F85C1080B292B2002893D0891A89B288
:1051300000298FD053E8002F22F4907243E800201A
:105140000028F7D1314D03F1080252E8002F2A4020
:1051500003F1080646E800200028F4D12022C4F814
:105160008C206067E06653E8002F22F0100243E8CD
:1051700000200028F7D102232367C9E7CF0209D511
:105180006E0207D54FF4801220461A62BDE8F04146
:1051900002F068BB08060BD502F0800005F400059C
:1051A000284305D0A36F002B3FF454AF2046CCE634
:1051B0004F0611D556060FD553E8002F22F04002B6
:1051C00043E800210029F7D12023C4F88830A167E3
:1051D000204602F0F9FA3DE70D0206D5500004D54D
:1051E0002046BDE8F04100F032BECB017FF532AF82
:1051F000002ABFF62FAF2046BDE8F04100F026BEE2
:105200000100001020010004014F0008FEFFFFEF25
:10521000D0F88C20B0F86010222A08B5036855D168
:105220005B6A826D0B401370836D01338365B0F848
:105230005E30013B9BB2A0F85E30B0F85E309BB2AE
:10524000002B42D1026852E8003F23F4907342E8F9
:10525000003103680029F5D103F1080252E8002F5C
:1052600022F0010203F1080C4CE800210029F3D1DF
:105270002022C0F88C20184A41679342016705D16B
:10528000C26E012A0ED002F09BFA1EE05A6811028B
:10529000F6D553E8002F22F0806243E80021002970
:1052A000F7D1EDE70022C26653E8002F22F010028A
:1052B00043E800210029F7D1DA69B0F85C10D20682
:1052C00044BF10221A62FFF725FE08BD9A6942F01A
:1052D00008029A61F9E700BF00800040D0F88C20F6
:1052E000B0F86010222A08B5036852D15A6A1140FA
:1052F000826D22F8021B8265B0F85E20013A92B2FC
:10530000A0F85E20B0F85E2092B2002A40D153E8A7
:10531000002F22F4907243E800210029F7D103F115
:10532000080252E8002F22F0010203F1080C4CE8B9
:1053300000210029F3D12022C0F88C20174A4167B0
:105340009342016705D1C26E012A0ED002F038FAED
:105350001EE05A681102F6D553E8002F22F0806251
:1053600043E800210029F7D1EDE70022C26653E8A7
:10537000002F22F0100243E800210029F7D1DA695A
:10538000B0F85C10D20644BF10221A62FFF7C2FDCB
:1053900008BD9A6942F008029A61F9E7008000406E
:1053A0002DE9F84F0368B0F86060D3F81CB01F68AF
:1053B0009D68D0F88C20222A044640F0B980B0F8CD
:1053C000683043B1DFF87491DFF874A14FF0000842
:1053D0001BF0200F20D1B4F85E309BB2D3B1B4F8EB
:1053E00068209A4216D9226802F1080353E8003F68
:1053F00023F08053083242E8003122680029F2D1BC
:10540000504B636752E8003F43F0200342E800310D
:105410000029F7D1BDE8F88F2368A26D5B6A33409D
:105420001370A36D0133A365B4F85E30013B9BB2EA
:10543000A4F85E302368D3F81CB01BF0070F2ED001
:105440001BF0010F09D0F90507D501221A62D4F823
:10545000902042F00102C4F890201BF0020F09D006
:10546000EA0707D502221A62D4F8902042F004021B
:10547000C4F890201BF0040F09D0E80707D50422D8
:105480001A62D4F8903043F00203C4F89030D4F894
:10549000903023B1204602F09BF9C4F89080B4F814
:1054A0005E309BB2002B93D1226852E8003F23F478
:1054B000807342E8003123680029F5D103F1080226
:1054C00052E8002F02EA090203F1080040E8002137
:1054D0000029F3D120225345C4F88C20616721674D
:1054E0000AD05A68110207D553E8002F22F08062D3
:1054F00043E800210029F7D1E26E012A14D10022ED
:10550000E26653E8002F22F0100243E80021002950
:10551000F7D1DA69B4F85C10D20644BF10221A62DF
:105520002046FFF7F7FC53E7204602F049F94FE722
:105530009A6942F008029A616CE700BFFEFFFFEF34
:1055400000800040115200082DE9F84F0368B0F8C0
:105550006060D3F81CB01F689D68D0F88C20222AA8
:10556000044640F0B780B0F8683043B1DFF870917E
:10557000DFF870A14FF000081BF0200F20D1B4F825
:105580005E309BB2D3B1B4F868209A4216D9226833
:1055900002F1080353E8003F23F08053083242E849
:1055A000003122680029F2D14F4B636752E8003F77
:1055B00043F0200342E800310029F7D1BDE8F88F1D
:1055C0002368A26D596A314022F8021BA265B4F823
:1055D0005E20013A92B2A4F85E20D3F81CB01BF012
:1055E000070F2ED01BF0010F09D0F90507D50122B6
:1055F0001A62D4F8902042F00102C4F890201BF007
:10560000020F09D0EA0707D502221A62D4F89020C7
:1056100042F00402C4F890201BF0040F09D0E80700
:1056200007D504221A62D4F8903043F00203C4F87C
:105630009030D4F8903023B1204602F0C9F8C4F875
:105640009080B4F85E309BB2002B95D1226852E86E
:10565000003F23F4807342E8003123680029F5D12C
:1056600003F1080252E8002F02EA090203F10800E0
:1056700040E800210029F3D120225345C4F88C20B2
:10568000616721670AD05A68110207D553E8002FD5
:1056900022F0806243E800210029F7D1E26E012A5E
:1056A00014D10022E26653E8002F22F0100243E8F2
:1056B00000210029F7D1DA69B4F85C10D20644BFA2
:1056C00010221A622046FFF725FC55E7204602F01B
:1056D00077F851E79A6942F008029A616EE700BFD5
:1056E000FEFFFFEF00800040DD52000810B590F88B
:1056F0008430012B1ED0012380F884302423C0F88D
:105700008830026852E8003F23F00C0342E800347E
:105710000168002CF5D151E8002F42F0080241E861
:105720000023002BF7D12022C0F8882080F8843095
:10573000184610BD0220FCE710B590F88430012B0C
:105740001ED0012380F884302423C0F888300268FA
:1057500052E8003F23F00C0342E800340168002CBB
:10576000F5D151E8002F42F0040241E80023002B5C
:10577000F7D12022C0F8882080F88430184610BD68
:105780000220FCE7D0F88820D0F88C001043704746
:1057900038B5044603682169A2681D68C0690A43D8
:1057A00061690A437549024329400A431A605A68ED
:1057B000E16822F440520A435A60714AA169934257
:1057C0001CBF226A11439A6822F06E4222F43062B2
:1057D0000A439A60DA6A616A22F00F020A43DA62C7
:1057E000684A934217D14FF0B043674AD3F88830E4
:1057F00003F0030343F4403393425BD0B3F1031F40
:1058000021D0013A934274D0B0F5004F40F0B080FF
:10581000FEF714FC31E05D4A934231D14FF0B043C2
:105820005B49D3F8883003F00C0343F440228A42EA
:1058300040D005D8E3B1574B9A425AD0012062E0DC
:10584000B2F10C1FFAD1B0F5004F37D04FF4004041
:105850006368616A504A32F81120B0FBF2F000EB45
:105860005300B0FBF3F04FF6EF73A0F1100274E0B9
:10587000B0F5004F77D1FEF7D1FB002842D01DE0F4
:105880003F4A9342DAD14FF0B043D3F8883003F463
:105890004063B3F5006F3DD006D883B3B3F5806F96
:1058A000CCD1FDF7AFFF2CE0B3F5406FC6D14FF47C
:1058B000004030E0B0F5004F3848C9D16268616AF5
:1058C000354B33F81130B0FBF3F0530803EB4003D2
:1058D000B3FBF2F34FF6EF72A3F110019142ADD892
:1058E00023F00F02216892B2C3F342031343CB604B
:1058F00008E0B0F5004F3ED1FDF784FFBDE7FEF7AD
:105900008DFB40B900204FF00113A3660023C4E9CA
:105910001D3338BD214865681F4B626A05EB4501A0
:1059200033F81220B0FBF2F3994287D8B3EB053F6E
:1059300084D800231946FBF787FC090241EA10616D
:105940006B080002C0182A464FF0000341F1000125
:10595000FBF77AFC124BA0F540729A423FF66EAF0D
:105960002368D860CEE7FEF759FB0028CAD06FE75E
:10597000FEF764FBF9E7FDF745FFF6E7F369FFCFB4
:105980000080004000380140020003000044004055
:1059900008000C0004000C00E87A02080024F4005F
:1059A000FFFC0F00836A1A0710B506D50168846BE7
:1059B0004A6822F4004222434A60DC0706D50168A7
:1059C000C46A4A6822F4003222434A60990706D525
:1059D0000168046B4A6822F4803222434A605A0705
:1059E00006D50168446B4A6822F4802222434A604B
:1059F000DC0606D50168C46B8A6822F48052224313
:105A00008A60990606D50168046C8A6822F40052FF
:105A100022438A605A060FD50168446C4A6822F412
:105A200080122243B4F5801F4A6005D14A68846C15
:105A300022F4C00222434A601B0606D50268C16CEC
:105A4000536823F400230B43536010BD2DE9F84342
:105A5000DDF8209005460E46174698462A68D36919
:105A600036EA03030CBF01230023BB4201D0002010
:105A700029E0B9F1FF3FF2D0FBF710FDA0EB0800E1
:105A800048452C6802D8B9F1000F1ED154E8003FF8
:105A900023F4D07344E80032002AF7D104F108035C
:105AA00053E8003F23F0010304F1080141E800320C
:105AB000002AF3D12023C5F88830C5F88C300023A4
:105AC00085F884300320BDE8F88323685A07C5D5DC
:105AD000802EC3D0402EC1D0E3691B05BED54FF444
:105AE0000063236254E8003F23F4D07344E800329B
:105AF000002AF7D104F1080353E8003F23F0010323
:105B000004F1080141E80032002AF3D12023C5F84E
:105B10008830C5F88C30C5F89030D0E72DE9F743D0
:105B20009846D0F88830202B04460E46174643D1BD
:105B3000002943D0002A41D021230025C0F89050ED
:105B4000C0F88830FBF7AAFCA368A4F85470B3F53A
:105B5000805F8146A4F8567003D123690BB935469E
:105B60001E46B4F85620CDF8008092B24B4642B99A
:105B700040212046FFF76AFF48B92023C4F8883047
:105B800006E0002280212046FFF760FF18B10320C5
:105B900003B0BDE8F08322685EB935F8023BC3F379
:105BA00008039362B4F85620013A92B2A4F8562042
:105BB000D7E716F8013BF4E70220E9E70120E7E721
:105BC00073B504460026C0F89060FBF767FC2368B5
:105BD0001B681A07054619D423681B685B070AD59A
:105BE0006FF07E43009300222B464FF48001204645
:105BF000FFF72CFFB0B900202023C4F8883084F8C8
:105C00008400C4F88C30E06620670CE06FF07E43BF
:105C10000093324603464FF400112046FFF716FF6B
:105C20000028D9D0032002B070BD10B5044650B38F
:105C3000D0F888301BB980F88430FFF7EAF8226882
:105C40002423C4F88830136823F001031360A36A87
:105C500013B12046FFF7A6FE2046FFF799FD012865
:105C600011D023685A6822F490425A609A6822F050
:105C70002A029A601A6842F0010220461A60BDE8C2
:105C80001040FFF79DBF012010BD10B5044670B352
:105C9000D0F888301BB980F88430FFF7BAF8226852
:105CA0002423C4F88830136823F001031360A36A27
:105CB00013B12046FFF776FE2046FFF769FD012865
:105CC00015D023685A6822F490425A609A6822F0EC
:105CD00022029A609A6842F008029A601A6842F0BA
:105CE000010220461A60BDE81040FFF769BF01209D
:105CF00010BD000030B581658168A0F85C200023EC
:105D0000B1F5805FA0F85E20436731D10369002BB5
:105D100040F2FF1318BFFF23A0F860300023C0F843
:105D200090302223C0F88C30016801F1080353E859
:105D3000003F43F00103083141E800340368002CC0
:105D4000F2D1456E84680169B5F1005F35D1B0F8D4
:105D50006850954231D8B4F5805F29D1C1B1264A47
:105D6000426753E8002F42F4807243E8002121E0AB
:105D700029B90369002B14BF7F23FF23CCE7B1F1BE
:105D8000805FC9D10369002B14BF3F237F23C3E782
:105D90001A4A426703F1080252E8002F42F080528B
:105DA00003F1080040E800210029F3D1002030BDB4
:105DB000114A42670029D4D1ECE7B4F5805F16D1CF
:105DC00051B10F4A426753E8002F42F4907243E802
:105DD00000210029F7D1E9E70A4A426753E8002F7A
:105DE00042F0200243E800210029F7D1DEE7044A0F
:105DF00042670029F2D0E6E7A153000849550008A0
:105E000011520008DD520008D0F88C30202B30B43D
:105E100015D1B9B1B2B100230468C3660A4B9C42E4
:105E20000AD063681B0207D554E8003F43F0806343
:105E300044E80035002DF7D130BCFFF75BBF0220EE
:105E400030BC70470120FBE700800040704770477E
:105E500090F88430012B0FD0012380F88430016842
:105E600051E8002F42F0020241E80023002BF6D156
:105E700080F88430184670470220704790F88430CC
:105E8000012B0FD0012380F88430016851E8002FE6
:105E900022F0020241E80023002BF6D180F8843082
:105EA0001846704702207047836810B504462BB12E
:105EB0000322014698470023C4E9023310BD8368DA
:105EC00010B5044613B1032201469847204610BD81
:105ED00010B5044650F8103FDA6822F00102DA608B
:105EE000DA6822F00202DA60DA6822F00402DA608C
:105EF000DA6822F00802DA60DA6822F01002DA606A
:105F0000FEF706FC2269136823F0010313600123E6
:105F100084F84E3084F84F3084F8503084F8513093
:105F200084F8523084F8533084F8543084F8553073
:105F300084F8563084F8573010BD4B1E032B00D91F
:105F4000FEE78900081F70470139435C13F0100019
:105F500004D0022916D80C4A32F81100DB0712D5FA
:105F600003290FD8DFE801F00205080B40F001001B
:105F7000704740F01000704740F48070704740F464
:105F800080507047FEE77047087B020801390329FB
:105F900000D9FEE7014B585C704700BF047B020844
:105FA0000139032900D9FEE7014B585C704700BF57
:105FB000007B02082DE9F04104460E46FFF7BDFFC5
:105FC00004EB061808F16408054631462046FFF741
:105FD000DDFFD8F808302BB12369C2431A61DA68B3
:105FE0000243DA60771E04EB47039B880B2B49D8EA
:105FF000DFE803F051181818060618184A4A4A2A0A
:10600000E35DDE0604D5294604F11000FEF722FE0A
:10601000E35DD80736D5294604F11000BDE8F0410C
:10602000FEF73ABDE35DD90604D5294604F1100018
:10603000FEF7C8FDE35DDA0724D5294604F1100018
:10604000BDE8F041FEF7BEBC294604F11000FEF7A2
:1060500025FD31462046FFF7A3FF25690146064688
:106060002046FFF771FF2B6A1843D8F808302862E2
:1060700043B131462046FFF789FFC3432B61EB68EC
:106080001843E860BDE8F081294604F11000BDE83E
:10609000F041FEF703BD23691B68DB07F2D404F16E
:1060A0001000BDE8F041FEF711BB70B501250446B4
:1060B000861C294636F8023F23B129462046FFF7C1
:1060C00079FF00210135052DF4D1E36E3BB1236941
:1060D0006FF001021A61DA6842F00102DA6049B138
:1060E00023691B68DB0705D404F11000BDE870408C
:1060F000FEF7ECBA70BD01211030FEF735BB036925
:10610000186800F00100704710B502460C46FFF712
:10611000F6FF80B9CB68DB070ED5CB6823F001030F
:10612000CB601046FFF7E7FF6FF001032361E368E0
:1061300043F00103E36010BDBDE810401046FFF7D7
:10614000DABF00000B4B98420BD0B0F1804F0AD061
:1061500003F5C053984208D003F58063984206D0F7
:10616000FEE700207047012070470220704703209F
:10617000704700BF002C0140024670B5044652F83B
:10618000100FFFF7DFFF0546104600F00DFF094A2C
:10619000002342F8253004F16406E36004F1B405FD
:1061A000B54204D0103D2846FFF789FEF8E72046A7
:1061B00070BD00BF8803002070B504460846FFF795
:1061C000C1FF256905B1FEE7204B216104F10C02F6
:1061D00043F8202004F110060E23C4E91735304699
:1061E000C4E90C55C4E90E55C4E9105584F82C5087
:1061F000A56484F84C5084F84D50E46000F0A8FE8B
:1062000004F16400FFF750FE04F17400FFF74CFE48
:1062100004F18400FFF748FE04F19400FFF744FE08
:1062200004F1A400FFF740FEC4E900554FF6FF73E8
:10623000C4E906538023C4E90855A5606561A362DB
:106240003046BDE87040FEF77FBB00BF88030020EA
:1062500010B588B018220446002102A81FF0C1F929
:10626000002301A902A80193FDF7F8FE206900F0C0
:1062700041FF012802D002280FD0FEE7059CFDF760
:10628000CDFEB4F5C06F05D00BD824F48074B4F5FE
:10629000806F00D1400008B010BD069CFDF7CEFE17
:1062A000EFE7B4F5E06FF4E7012A38B505460C4690
:1062B0000BD0022A16D004B1013C29692846CC62D1
:1062C000EC61BDE83840FFF71FBFFFF7C1FF084B87
:1062D000B0FBF3F044432A69230C93620133B4FB0F
:1062E000F3F4E8E7FFF7B4FFB0FBF4F4F3E700BF23
:1062F00040420F0010B500F110042046FEF71CFAD2
:106300002046BDE81040FEF7AEB90000034B186808
:1063100010B10430FEF73CBA704700BF880300207C
:10632000FFF7F4BF034B586810B10430FEF730BAE2
:10633000704700BF88030020034B986810B10430F9
:10634000FEF726BA704700BF88030020034BD868C9
:1063500010B10430FEF71CBA704700BF880300205C
:106360000022C0E90022C0E902227047F8B50446C5
:106370000E4600F1640500F1B40728461035FFF71A
:10638000EFFFBD42F9D10023204623613146FFF7DC
:1063900013FF2046F8BD38B50023C0E90033C0E93B
:1063A00002338B6804460D462BB102229847EB68F6
:1063B000E360AB68A360204638BD30B587B002AD5E
:1063C00004462846FFF7E7FF95E803006B4683E89D
:1063D000030094E8030085E8030093E80300049BAE
:1063E000A268A360059B049284E80300E268E3606E
:1063F00028460592FFF763FD07B030BD38B5044667
:106400000D46E36E64301BB1BDE83840FFF7D5BFE1
:10641000FFF7D3FFAB683BB123696FF001021A614C
:10642000DA6842F00102DA6038BD826810B50AB954
:106430001BF0A4FBBDE81040C368184708B500B9BD
:10644000FEE700F083FD0068C36E13B16430FFF710
:10645000ECFF08BDFFF7F2BF10B500B9FEE7037F00
:10646000013B072B10D8DFE803F004140F100F0FC7
:106470000F12012400F06AFD2401006864342044F6
:1064800083680BB1FFF7D1FF10BD0324F2E70424AA
:10649000F0E70224EEE7FFF7DFBFFFF7DDBF1DF0F7
:1064A00053BE1DF051BE1DF057BE4FF0B04382B039
:1064B000DA6C0243DA64DB6C03400193019B02B0A7
:1064C0007047000008B5032818D8DFE800F002087C
:1064D0000D120120FFF7E9FF4FF0904008BD0220A8
:1064E000FFF7E3FF0648F9E70420FFF7DEFF054862
:1064F000F4E78020FFF7D9FF0348EFE70020EDE73E
:106500000004004800080048001C004808B506497F
:1065100000F0E4FCC0F3C430112800D9FEE7034BBF
:1065200053F8200008BD00BFF07902081C7B020868
:10653000A0F580500138022800D9FEE7014B53F83E
:1065400020007047107B020808B5054900F0C6FC22
:10655000C0F3C430012800D0FEE7002008BD00BF12
:10656000D87902080268094B9A420DD14FF0B04326
:106570009A6B42F000529A639A6B22F000529A632F
:106580009A6D22F000529A65704700BF0074004077
:1065900010B50A4986B0044600F07EFC019050B167
:1065A0002046FFF7D1FF014628B901A8FBF7B3FC4D
:1065B00001A8FBF7A2FC06B010BD00BFD879020805
:1065C0004FF0B04382B01A6E42F400721A661A6E2F
:1065D00002F400720192019AD3F8882042F04052EE
:1065E000C3F88820044B1868C30403D4034902B0DD
:1065F00000F03ABC02B0704718000020F0790208A1
:106600004FF0B0431A6C42F400721A641A6C22F410
:1066100000721A641A6C42F400721A641A6C22F442
:1066200000721A641A6E22F400721A667047000033
:10663000F0B59FB0054664220E4605A800211EF065
:10664000D0FF0023EA04CDE902330493ADF8023011
:10665000019340F1AC8041F203039D4200F2A78018
:106660005D4B05932846FFF763FF07270446082E76
:1066700000F0AE800A2E00F0AD80062E0CBF18236D
:1066800000234FF00042CDE906230023CDE9083274
:106690000422CDE90E330A92ADF82C3001228DF898
:1066A0002E308DF834308DF840308DF850301893FE
:1066B0001B9319938DF86830484B0C9205A84FF442
:1066C0008052CDE9112713971D60FAF7F1FE0028DB
:1066D00079D1012C029435D0414B9C4232D0414BB0
:1066E0009C422FD0404B9C422CD0404B9C4229D006
:1066F0003F4B9C4226D03F4B9C4223D03E4B9C427A
:1067000020D03E4B9C421DD03D4B9C421AD03D4B6D
:106710009C4217D003F104239C4213D03A4A24F040
:10672000004393420ED0394A93420BD0384A9342E9
:1067300008D0384A944205D0374A944202D0374AAA
:10674000934240D1012302A905A8CDE90337FBF705
:106750000DF8002837D105A8FBF742FA002832D1FE
:1067600005A8FBF765F970BB0A2105A8FAF7A0FF99
:1067700048BB05A8FBF7D2F8830505D505A8FAF7AD
:10678000F1FF80B2ADF8020005A8FBF70BFAD0B913
:1067900005A8FBF7B1F9B0B9214AD2F8083723F0C0
:1067A000E073C2F80837BDF8020080B20CE01D4962
:1067B000284600F071FB01A905902846FFF7A6FEC8
:1067C000059B044613B900201FB0F0BD03274EE718
:1067D000102356E7082354E7002401401800002046
:1067E00002000004040000080800000C1000001063
:1067F00020000014400000188000001C0001002050
:1068000000020024000400280010003000200034A2
:10681000004000380080003C0000014000000244BD
:1068200000200140F0790208F8B51449144E0746DB
:1068300000F032FBFFF786FC56F82030044673B9AF
:10684000B420FFF72CFE0D490546384600F024FB26
:1068500001462846FFF78AFD56F824301D6056F899
:1068600024301C6844B12046FFF786FC2046B42142
:10687000BDE8F840FFF717BEF8BD00BF6478020816
:106880008803002037B5FAF709FE4FF0E0250446EB
:10689000AB690093FAF702FEAB6901936969844220
:1068A00001F101014FF47A7308D0019A8A1A5A4310
:1068B000B2FBF1F203FB002003B030BD009A8A1A4C
:1068C0005A43B2FBF1F203FB0420F5E7FAF7E6BD09
:1068D000704708B5FAF7D6FDFBF7A7FAFFF7F8FF00
:1068E00008BD10B594B048220021044602A81EF04D
:1068F00078FEFCF7D9FE4FF0B0439A6D42F4806207
:106900009A659A6D02F480620192019A032C11D863
:10691000DFE804F00219283DD3F8942042F0010288
:10692000C3F89420D3F894309C0703D4082302932F
:1069300001230893029B002B3AD002A8FCF7E0FF4A
:10694000002835D0FEE71A6842F480721A601B688E
:106950005905EFD4022302934FF480724023CDE90E
:106960000623E7E7D3F8902042F00102C3F8902015
:10697000D3F890209407DDD4D3F8902022F01802A9
:10698000C3F890200423029381230593D2E71A6869
:1069900042F400121A601A6842F480321A601B68CE
:1069A00099035EBF01224FF40413CDE90223C1E72E
:1069B00014B010BD70474FF0B04382B01A6D42F46E
:1069C00000221A651A6D02F400220192019A9A6C53
:1069D00042F480529A649B6C03F480530093009BB2
:1069E00002B070470C4BD3F8FC20D2015EBFD3F845
:1069F000FC2042F08072C3F8FC20084B00225A6051
:106A00001A6842F001021A6000BF00BF00BF586858
:106A1000B0FA80F04009704700ED00E0001000E09F
:106A200008B5FFF7C8FFFFF7DDFFFAF715FDFFF721
:106A3000C1FFFAF7A5FCBDE808400148FBF7FAB929
:106A40001C000020012A02D1016000207047022AA8
:106A500005D0032AF9D0002AF7D10260F5E70B68C8
:106A60000360F2E7036818470023C0E90033C0E978
:106A70000233704770B50024012904F101032CD1C1
:106A8000184DE4B2142161436E18F3683BB1043130
:106A900029440322084698470023C6E903331423F8
:106AA00063430022E8560F4B93F90010814201D155
:106AB000D968A9B90132102A03F11403F4D10A4AA2
:106AC0000A49D2F8803051F8241023EA0103BDE8C6
:106AD0007040C2F88030FBF761B949081C46CBE72B
:106AE00070BD00BF9803002000080058647B0208B6
:106AF0000023012803F101020AD11422DBB253431F
:106B0000054A181D1044816829B11A4413691847B1
:106B100040081346EDE77047980300200120FBF77B
:106B200021BC0220FBF71EBC0420FBF71BBC082085
:106B3000FBF718BC1020FBF715BC38B50524202541
:106B4000A8B2FBF70FFC013C4FEA4505F8D138BD70
:106B500038B506244FF48065A8B2FBF703FC013C6E
:106B60004FEA4505F8D138BD2DE9F04116468CB005
:106B70000A460024012A04F1010543D1E4B262006F
:106B8000CDE90713C168DFF88480032393400B40ED
:106B9000D34003F0030303AD099307A902230A932B
:106BA000FBF72CFB1423314628465C43FFF7F3FB2D
:106BB00095E8030008EB040301AA043382E803000C
:106BC00093E8030085E8030092E80300271D83E8AB
:106BD00003004744059BBA68BB60069B05922846A4
:106BE000FA68FB600692FFF76AF918F904000022C0
:106BF0000621FBF793F818F90400FBF7C1F80CB075
:106C0000BDE8F08152082C46B4E700BF980300208D
:106C1000344A104608B5062300F8043BFFF724FF6A
:106C2000072302F118001375FFF71EFF082302F176
:106C30002C0082F82830FFF717FF092302F14000EB
:106C400082F83C30FFF710FF0A2302F1540082F86B
:106C500050301621FFF708FF02F1680082F8641037
:106C6000FFF702FF02F17C0082F87810FFF7FCFECC
:106C700002F1900082F88C10FFF7F6FE02F1A400FA
:106C800082F8A010FFF7F0FE02F1B80082F8B4100D
:106C90002921FFF7E9FE02F1CC0082F8C810FFF7C6
:106CA000E3FE02F1E00082F8DC10FFF7DDFE02F106
:106CB000F40082F8F010FFF7D7FE02F5847082F836
:106CC0000411FFF7D1FE02F58E7082F81811FFF75C
:106CD000CBFEBDE8084002F5987082F82C11FFF752
:106CE000C3BE00BF9803002038B5054CA4F5A075BD
:106CF000143C201DFFF7E3F8AC42F9D138BD00BFCA
:106D0000D804002030B591FAA1F391FAA1F1B3FAB9
:106D100083F3C4685B000325B1FA81F105FA03F33C
:106D2000490024EA03038A401A43C26030BD431C71
:106D300004D00C3151F80C3C5A1C01D10020704792
:106D4000834201F10C01F5D101207047F8B5471CD1
:106D500006460D4600D1FEE700F00F02414BC0F39E
:106D6000031053F82240FFF7ADFB94FAA4F3B3FAF3
:106D700083F3876803225B0002FA03F394FAA4F218
:106D8000B2FA82F227EA03075200032393403B43FF
:106D900005F007018360032903D8DFE801F05F03F2
:106DA0002C61FEE7012394FAA4F2B2FA82F206689B
:106DB0005200032707FA02F226EA020694FAA4F226
:106DC000B2FA82F252009340013933430129036041
:106DD00005D843682A074CBF2343A3434360C5F348
:106DE0000112012A02D0022A18BF00222146BDE862
:106DF000F840FFF787BFC5F306227F2A01D102239F
:106E0000D1E7360716D5230A93FAA3F6B6FA86F623
:106E1000476A93FAA3F3B6004FF00F0CB3FA83F36B
:106E20000CFA06F69B0027EA060602FA03F3334340
:106E30004362E4E794FAA4F3B3FA83F3066A9B008F
:106E40000F2707FA03F326EA030694FAA4F3B3FA2A
:106E500083F39B009A4032430262D0E70023A2E70B
:106E60000323A0E7A47B0208431C06D1704783429A
:106E700002D18968FFF76ABF0C310B685A1CF6D142
:106E8000FEE70B685A1C01D100207047834201D1F4
:106E9000486870470C31F4E7431C01D0FFF7F1BF9D
:106EA000002070474B6813B94FF0FF3070478342A2
:106EB00001D1086870470C31F4E708B1FFF7F2BF61
:106EC0004FF0FF30704703460868421C00D17047FE
:106ED000984201D1886870470C31F5E7431C01D016
:106EE000FFF7F1BF704703468B42084604D01BB141
:106EF00000290CBF18460020704700004FF0B04337
:106F00001A6842F061021A604FF4E0229A6061222E
:106F10001A60064ADA6000229A6140F23F321A6231
:106F2000034B4FF000629A60704700BF00010422DB
:106F300000ED00E04FF0B04382B01A6E02431A66D3
:106F40001B6E03400193019B02B0704704387047E9
:106F50000368124A934282B004D14FF4006002B039
:106F6000FFF7E8BFB3F1804F0CD14FF0B0439A6DFB
:106F700042F001029A659B6D03F001030193019BAE
:106F800002B07047064A934202D14FF40030E6E760
:106F9000044A9342F4D14FF48020E0E7002C0140F2
:106FA00000440140004801400368134A934206D15F
:106FB0004FF0B042136E23F4006313667047B3F1D1
:106FC000804F06D14FF0B042936D23F001039365DB
:106FD00070470A4A934205D14FF0B042136E23F432
:106FE0000033EAE7064A9342E8D14FF0B042136E0D
:106FF00023F48023E1E700BF002C0140004401405E
:1070000000480140431C10D00C4B984210D007D8C8
:10701000B0F1804F0ED0A3F5C05398420CD0FEE7DC
:10702000074B9842FBD11D2070476FF00D00704751
:107030001C2070471B2070471820704700440140F7
:1070400000480140431C10D00C4B984210D007D888
:10705000B0F1804F0ED0A3F5C05398420CD0FEE79C
:10706000074B9842FBD11D2070476FF00D00704711
:107070001C2070471B2070471A20704700440140B5
:107080000048014038B50446FFF762FF2068FFF76B
:10709000B9FFD4E91312FAF741FE2068FFF7B2FFF7
:1070A000FAF76EFE22681046FFF7CCFF0546104641
:1070B000FFF7A8FF85420BD02846D4E91312FAF750
:1070C0002DFE2068FFF7BEFFBDE83840FAF758BE36
:1070D00038BD10B5FFF768FF04460068FFF792FF60
:1070E000FAF75CFE2068FFF7ADFFBDE81040FAF745
:1070F00055BE0000431C10D00A4B98420BD003D859
:10710000B0F1804F0BD0FEE7074B984203D003F558
:1071100080639842F7D10220704700207047012019
:10712000704700BF002C0140004401404FF0B042C6
:10713000D2F8883023F440630343C2F888307047A4
:107140002DE9F04F89B0CDE901230446129BD0F818
:10715000A00003938B46B449FFF79EFEB3498246D5
:10716000D4F8A400FFF798FEB1490646D4F8A80069
:10717000FFF792FEAF490746D4F8AC00FFF78CFE4C
:10718000AA498046D4F8A000FFF786FEA6498146AA
:10719000D4F8A400FFF780FE0546BAF1000F03D132
:1071A000B9F1000F00F03A81D4F8A430013303D0D4
:1071B00016B9002D00F03281D4F8A830013302D086
:1071C000002F00F02B81D4F8AC30013303D0B8F19C
:1071D000000F00F0238131465046FFF784FE206007
:1071E00020B929464846FFF77EFE206039462068D0
:1071F000FFF779FE41462060FFF775FE206000280A
:1072000000F00C818C4B984240F0A1804FF0B043CD
:107210001A6C42F480421A641A6C22F480421A6496
:107220001A6E42F480421A661B6E03F48043059383
:10723000059B2423A4F8B030BAF1000F00F0BA8007
:107240007949D4F8A000FFF70FFE26B17749D4F8AA
:10725000A400FFF709FE4FF00009002F00F0BC80EA
:107260007349D4F8A800FFF7FFFD4FF4807AB8F116
:10727000000F06D06F49D4F8AC004AF4007AFFF74B
:10728000F3FD94F8B1206D4B94F9B000C4F83C9034
:10729000271D43F822702368C4E9013B019BE3608A
:1072A000039B2361029B63610C230022C4E9063A1D
:1072B0000823E362226262620121FAF72FFDD4F80B
:1072C00000805F4B984538D1BBF5165F384600F219
:1072D0008580FEF7BDFD3846002E00F09380FEF756
:1072E000A4FC002800F09A800220FFF7FAFA4FF081
:1072F000B043D3F890309B0700F1A6804FF0B04325
:1073000022681B68590500F1D58022684C4B9A42CF
:1073100002D10020FFF70AFF16B9002D00F0BB8054
:107320003846FEF782FC002878D02268444B9A4207
:1073300003D14FF48060FFF7F9FE16B9002D00F07D
:10734000B380384609B0BDE8F04FFEF76EBC3D4B48
:10735000984215D14FF0B0439A6B42F400329A63D1
:107360009A6B22F400329A639A6D42F400329A6565
:107370009B6D03F400330693069B40F2251359E7F7
:107380002F4B98427FF458AF4FF0B043DA6B42F086
:107390000102DA63DA6B22F00102DA63DA6D42F09D
:1073A0000102DA65DB6D03F001030793079B40F2EE
:1073B00026233FE7B9F1000F3FF44DAF1B49D4F846
:1073C000A000FFF751FD25B11749D4F8A400FFF73D
:1073D0004BFD4FF4004940E7BA4648E7FEF74EFD43
:1073E0003846AEB1FEF721FCC0B14FF0B0431A6889
:1073F0002368500589D5434562D14FF40060FFF7FB
:1074000095FE5AE0002D7FF46AAFFEF73EFC68E778
:107410003DB9FEF73AFC00287FF470AF09B0BDE833
:10742000F08FFEF702FCF6E71C780208C877020826
:10743000B07702089877020800380140D80400208D
:1074400000800040004400402268234B9A4203D150
:107450004FF44060FFF76AFE3846002EE1D1002D60
:10746000DFD1FEF712FC0028D8D04FF0B0432268DD
:107470001B685B057FF549AF174B9A42BDD0384674
:10748000FEF703FC0028C9D02268134B9A4202D1B0
:107490000020FFF74BFE3846FEF7F7FB0028BDD073
:1074A00022680D4B9A4212D0384609B0BDE8F04F21
:1074B000FEF7EBBB084B9A429FD00EB9002DDED0F1
:1074C0003846FEF7B2FB00287FF41FAFA6E74FF463
:1074D0008060FFF72BFEE7E70080004010B4019CBE
:1074E00018B1019410BCFFF72BBE10BC7047000010
:1074F00010B590F8B120012A044620D0022A2DD0E0
:107500006AB94FF0B043196C41F480411964196CA9
:1075100021F480411964196E21F480411966174BDA
:1075200053F82200FDF777FC154B94F8B12093F83F
:10753000B110914204BF032283F8B12010BD4FF077
:10754000B043996B41F400319963996B21F4003198
:107550009963996D21F400319965E0E74FF0B043EC
:10756000D96B41F00101D963D96B21F00101D963D5
:10757000D96D21F00101D965D1E700BFD804002001
:1075800044000020094B13B55C6909492046FFF708
:1075900083FC48B107480023C0F8A0401A46009376
:1075A0004FF41651FFF7CCFD02B010BD7C7A0208F3
:1075B0001C7802084400002008B5074B90F8B12061
:1075C00053F82200FEF7DEF800F02200A0F12203BB
:1075D0005842584108BD00BFD804002008B5074BE9
:1075E00090F8B12053F82200FEF7CCF800F021000B
:1075F000A0F121035842584108BD00BFD804002023
:107600002DE9F0472B4C06460D46F9F747FF94F855
:10761000B130022B074613D894F8B120264B53F80B
:107620002240A4F104084046FFF7D8FFD0BB4FF436
:107630007A73AAB231462046FEF770FA40B908E0E4
:107640001E4B1F49D3F814804046FFF725FC18BB9A
:1076500000252846BDE8F0875AF8233043B994F84E
:10766000B1300133DBB2022B84F8B130F4D90CE035
:1076700049464046FFF710FC94F8B1205AF82230F2
:107680001B688342EBD1022AC6D9FFF77BFF94F82F
:10769000B130022BC0D9DBE7DFF81CA0DFF8209067
:1076A0000023E0E7F9F7FAFEC01BB0F57A7FBAD302
:1076B000CEE700BF44000020D80400207C7A0208F6
:1076C0001C78020870B50E46054610B94FF0FF3021
:1076D00070BDFFF771FF04460028F7D1294601224B
:1076E00011F8B23F337095F8B100034B53F8200006
:1076F000FEF78AFB2046EBE7D804002038B50D469C
:107700000446C0B1FFF758FFA8B994F9B000C4F817
:107710009850FAF743FB94F8B100074B04F1B2011B
:1077200053F820000122FEF76FFB94F9B000BDE88A
:107730003840FAF725BB38BDD804002038B51546C7
:107740000446C8B1C0F89C1090F9B000FAF726FBC7
:10775000D4F8B830B4F8C21094F8B10013FA81F13B
:10776000064BAAB253F82000FDF774FB94F9B00061
:10777000BDE83840FAF704BB38BD00BFD80400208C
:1077800050B1D0F8A430013306D190F8B120034BAA
:1077900053F82200FDF7AABF704700BFD8040020AD
:1077A00050B1D0F8A430013306D190F8B120034B8A
:1077B00053F82200FDF7C0BF704700BFD804002077
:1077C000D0F8943004381847D0F898300438184767
:1077D00010B5044650F80439DA69D1070CD50122F6
:1077E0001A62FFF7E9FEB0B904F1AE0120460122AA
:1077F000BDE81040FEF708BBDA69920701D5022206
:10780000EEE7DA69510701D50422E9E7DA691207E0
:10781000E7D50822E4E710BD08B52420FAF7F6FA08
:10782000024B1868BDE80840FDF776BBD80400207D
:1078300008B52520FAF7EAFA034B586818B1BDE8F5
:107840000840FDF769BB08BDD804002008B5262014
:10785000FAF7DCFA024B9868BDE80840FDF75CBB1C
:10786000D8040020012200F1AE01FEF7CDBA0000DD
:107870000A490346086810B50344EFF308829342AF
:1078800005D9074B0C221A604FF0FF3010BD054A96
:10789000054C121B9342F4D20B60F7E70C01002059
:1078A0001443002000000120000400004FF0FF30CE
:1078B00070474FF400534B60002070470120704721
:1078C0000020704700207047FEE70000024B1622A0
:1078D0001A604FF0FF3070471443002001207047BA
:1078E0000048704780EE3600704770477047704719
:1078F000704700230B7070477047D0F8F80070474E
:1079000090F8C602003818BF0120704790F8C502F1
:10791000003818BF0120704790F87101704790F847
:1079200072314FF47A605843704790F86B0170479A
:1079300000487047847C020800487047847C020835
:1079400000487047937C020800487047937C020807
:10795000004870479F7C0208004870479F7C0208DF
:1079600080F8F010704780F8201070477030704732
:10797000603870470388DA4392B28A4226BFC9183A
:1079800089B24FF6FF7101807047704702460023AD
:10799000F0B5D0F8745F02F53D761846A027AB42EB
:1079A00000DBF0BD07FB03F491F800C0345DA44593
:1079B00001BF00F6581402EB840401306360013308
:1079C000EDE700F5DE501022002108301DF009BE61
:1079D000A0F1D000FFF7F5BF38B500F5805504469B
:1079E000B5F83C32A5F8EC3600211C2200F5DC503D
:1079F000A5F8F216104404F5DB541DF0F2FD143422
:107A00000123C5F8984B85F89C3C38BDA0F1D00007
:107A1000FFF7E2BF02F6581200EB82025368002B18
:107A200010DBD0F8742F93420CDAA02202FB030083
:107A300000F2563300F2763053F8042B41F8042B51
:107A40008342F9D170472DE9F041054605F5005410
:107A500088464FF4FA6117461E4603F0A4FE9DF8CF
:107A60001830079984F861354EF660235943C4F8FD
:107A70005005C4F85885C4F85C7584F8606501F554
:107A8000FA61284603F08FFEC4F85405BDE8F08182
:107A9000A0F1D000FFF7D7BF10B590F8461104460B
:107AA00021B1044B594303F07EFE0146C4F8E810AF
:107AB00010BD00BFC0D40100A0F1D000FFF7ECBFA3
:107AC00010B590F84711044621B1044B594303F017
:107AD0006AFE0146C4F8EC1010BD00BF80EE36000F
:107AE000A0F1D000FFF7ECBF7FB50A4A0346084675
:107AF00051690491D96B0391996B0291596B019172
:107B00001B6B0093D2E9032303491DF07FFC07B0F0
:107B10005DF804FB30370020A87C0208A0F1D000FB
:107B2000FFF7E2BF10B5406E104C036886B01B68CB
:107B30009847014604A810F03DFF9DF810309DF8CD
:107B400013200B4903F5FA6303939DF81130029358
:107B50009DF8123001939DF81530009320469DF852
:107B600014301DF053FC204606B010BDE404002084
:107B7000097D020870B5D0F848510C46284600210E
:107B80001646F9F797FAD8B921460E48F8F7E0FFFC
:107B9000014628461AF022FCF8F736FC0A4B002270
:107BA000F8F7D2FA044630460D46F8F70BFC0246C9
:107BB0000B4620462946F8F77FFCF8F72DFF70BDED
:107BC0000020FCE79A99593F0000F03F02F6581256
:107BD00000EB820238B55468002C054616DBD0F85D
:107BE000742F944212DAA022544304F216309DF806
:107BF00014200499284405F020F82C4484F8150337
:107C0000686E03681B689847C4F87C03002038BD81
:107C10002DE9F04307468DB08846914641F6B045C0
:107C20007C1941464A4620461DF0B1FC0146A0B9E8
:107C30002C2201A81DF0D5FC01A804F073F801AEB8
:107C400023460BAA344603CC94421860596026465A
:107C500003F10803F6D122781A702C3542F248530A
:107C60009D42DDD10DB0BDE8F083A0F1D000FFF75B
:107C7000CFBF084603F012BCA0F1D000FFF7F9BF58
:107C8000014810F0E4BF00BF40390020A0F1D0004F
:107C9000FFF7F6BFD0F8D41000F59150002218304D
:107CA00008F0E0BCA0F1D000FFF7F4BFF0B5064645
:107CB0009FB00F4672B600F5DE5418340FCC0FADEE
:107CC0000FC50FCC0FC50FCC0FC594E8070085E892
:107CD000070062B6154896F8C442154B9DF865102A
:107CE0009DF864200A92002C18BF0346CDE90B13BF
:107CF0000DF166030993189B0893179B0793169B36
:107D00000693159B0593149B0493109B0393139B5D
:107D10000293129B0193119B0093064A0F9BA02193
:107D200038461DF03FFB1FB0F0BD00BF698F020851
:107D3000D78F0208257D0208A0F1D000FFF7B6BF5B
:107D40001FB5034603F580530A4A0392D3F8D42B98
:107D50000292D3F8D02B0192D3F8CC2B0092D3F817
:107D6000C83B054A0846A0211DF01CFB05B05DF884
:107D700004FB00BFD17D02088B7D0208A0F1D0007A
:107D8000FFF7DEBF07B5D0F8D43000930A46044BA6
:107D900004490193684608F02DF903B05DF804FB2F
:107DA0001A230308D97D0208A0F1D000FFF7EABF2B
:107DB0000249D0F8D40010F084BF00BFDF7D020874
:107DC000A0F1D000F4E700BFD0F8D41000F678702E
:107DD00007F040BFA0F1D000F6E710B4044600F56C
:107DE000E3500C3039B1024604F59150012310BC28
:107DF000183008F005BA10BC10221DF0F2BBA0F13B
:107E0000D000FFF7EABF036810B55C6A50F8042C95
:107E1000516A8C4201D8036010BD40F80429F5E78F
:107E2000F0B54C1E04EBD474641091424FEA810506
:107E30000CDD50F824105E6A4F6AB74206D94151F2
:107E4000611E01EBD17521466C10EEE74351F0BD88
:107E5000F0B5541E04EBD4740E4665106FF0404C20
:107E6000A94215DBD4070ED4023A02EBD272B1EB71
:107E7000620F08D14C1C620000EBC40454F8044C9F
:107E800040F82140511E3246BDE8F040FFF7C8BF20
:107E90004C1C640004EB0C0E50F82E7050F824E0DB
:107EA0007F6ADEF824E0BE4588BF04F1FF3450F855
:107EB000247040F821702146D2E7F0B5541E04EB3F
:107EC000D4740E4665106FF0404CA94215DBD40700
:107ED0000ED4023A02EBD272B1EB620F08D14C1C05
:107EE000620000EBC40454F8044C40F82140511ED9
:107EF0003246BDE8F040FFF793BF4C1C640004EB32
:107F00000C0E50F82E7050F824E07F6ADEF824E062
:107F1000BE4588BF04F1FF3450F8247040F821704A
:107F20002146D2E7036810B55C6A50F8042C516A08
:107F30008C4201D8036010BD40F80429F5E7F0B584
:107F4000541E04EBD47466106FF0404C0C46B442DF
:107F500025DBD5070ED4023A02EBD272B4EB620FE6
:107F600008D1621C550000EBC20252F8042C40F804
:107F700024206C1E621E02EBD2725210A1424FEA04
:107F8000840521DA50F822405E6A676AB7421BD244
:107F90004451541E04EBD47514466A10EEE7651C78
:107FA0006D0005EB0C0E50F82E7050F825E07F6A3E
:107FB000DEF824E0BE4538BF05F1FF3550F82570E6
:107FC00040F824702C46C2E74351F0BD036810B559
:107FD0005C6A50F8042C516A8C4201D3036010BDD6
:107FE00040F80429F5E7F0B5541E04EBD47466108C
:107FF0006FF0404C0C46B44227DBD5070ED4023A52
:1080000002EBD272B4EB620F08D1621C550000EB98
:10801000C20252F8042C40F824206C1E621E02EBAF
:10802000D2725210A1424FEA840524DA50F822405D
:1080300093F9286094F92870B7421CDD4451541E0E
:1080400004EBD47514466A10ECE7651C6D0005EB73
:108050000C0E50F82E7050F825E097F928709EF914
:1080600028E0BE45C8BF05F1FF3550F8257040F83F
:1080700024702C46BFE74351F0BD10B5036850F89B
:10808000042C93F9284092F928108C4201DC0360FB
:1080900010BD40F80429F2E7F0B5541E04EBD47487
:1080A00066106FF0404C0C46B44227DBD5070ED467
:1080B000023A02EBD272B4EB620F08D1621C550097
:1080C00000EBC20252F8042C40F824206C1E621E01
:1080D00002EBD2725210A1424FEA840524DA50F822
:1080E000224093F9286094F92870B7421CDA445171
:1080F000541E04EBD47514466A10ECE7651C6D0041
:1081000005EB0C0E50F82E7050F825E097F928700A
:108110009EF928E0BE45B8BF05F1FF3550F825703F
:1081200040F824702C46BFE74351F0BD10B50368FA
:1081300050F8042C93F9284092F928108C4201DB66
:10814000036010BD40F80429F2E78842134604D0CA
:108150000A1A0146981A1DF02ABA70478842F8B5E3
:1081600004460D4602D00430854200D1F8BD0646D3
:10817000236856F8047B93F9283097F928209A420F
:1081800007DA014632462046FFF7DFFF2760304618
:10819000EAE7FFF7CBFFFAE78842F8B504460D4659
:1081A00002D00430854200D1F8BD0646236856F857
:1081B000047B93F9283097F928209A4207DD01467D
:1081C00032462046FFF7C1FF27603046EAE7FFF757
:1081D00054FFFAE78842F8B504460D4602D0043051
:1081E000854200D1F8BD0646236856F8047B5B6AD9
:1081F0007A6A9A4207D2014632462046FFF7A5FF27
:1082000027603046ECE7FFF7E1FEFAE78842F8B571
:1082100004460D4602D00430854200D1F8BD064622
:10822000236856F8047B5B6A7A6A9A4207D901464A
:1082300032462046FFF789FF27603046ECE7FFF71C
:1082400071FEFAE78842F8B504460D4602D00430C4
:10825000854200D1F8BD0646236856F8047B5B6A68
:108260007A6A9A4207D9014632462046FFF76DFFE7
:1082700027603046ECE7FFF7C6FDFAE78B889A09DE
:1082800003F03F0370B502FB033304464A88806D58
:1082900052FA83F1036802319B6898470546F8F764
:1082A00009FDD4F84C11F8F75DFDF8F75DFF00EB20
:1082B0008000421C0021A06E04F090FDD4F84C21F7
:1082C000034629462046BDE8704003F00FBF00F08A
:1082D0000300023801288CBF00200120704780F085
:1082E0000200C0F3400070478B889A0903F03F03F7
:1082F00010B502FB033304464A88806D52FA83F1BD
:10830000036802319B689847F8F7D4FCD4F86011F1
:10831000F8F728FDF8F728FF00EB8000421C002149
:10832000A06EBDE8104004F059BD2DE9F84F044699
:108330000D461746994600F10408291B40291CDD0B
:108340004FEAA10ADFB9AAF10206761054F82630E6
:10835000524631462046FFF77BFD5EB1013EF5E710
:1083600055F8043D22682A602A1B921000212046FD
:10837000FFF76EFD2B1B042BF2DCBDE8F88FC91054
:10838000D4F804A054F82100DAF824B0D0F824E09E
:1083900055F804CC2368DCF82420F34546462AD956
:1083A000964521D9206044F821302B462268D2F826
:1083B00024E031460868426A72450E4601F1040124
:1083C000F8D8191F0B4651F80429D2F824C0E64505
:1083D000F8D89E4217D3013F29464B463A463046CD
:1083E000FFF7A3FF3546A8E7934506D9C4F800C0B8
:1083F00045F8043CD9E7934502D9C4E900A3D4E782
:108400009645CFD9F2E746F8042B1860CEE72DE960
:10841000F84F04460D461746994600F10408291BFB
:10842000402919DD8E10CFB9B11E491054F8213002
:1084300032462046FFF783FD59B10139F6E755F87A
:10844000043D22682A602A1B921000212046FFF773
:1084500076FD2B1B042BF2DCBDE8F88FC910D4F895
:1084600004A054F82100DAF824B0D0F824E055F83C
:1084700004CC2368DCF82420F34546462AD29645EE
:1084800021D2206044F821302B462268D2F824E023
:1084900031460868426A72450E4601F10401F8D37C
:1084A000191F0B4651F80429D2F824C0E645F8D329
:1084B0009E4217D3013F29464B463A463046FFF7C6
:1084C000A6FF3546ABE7934506D2C4F800C045F891
:1084D000043CD9E7934502D2C4E900A3D4E796450A
:1084E000CFD2F2E746F8042B1860CEE72DE9F84F1B
:1084F00004460D461746994600F10408291B4029F9
:1085000019DD8E10CFB9B11E491054F82130324612
:108510002046FFF768FD59B10139F6E755F8043DEB
:1085200022682A602A1B921000212046FFF75BFD7B
:108530002B1B042BF2DCBDE8F88FC910D4F804A083
:1085400054F821009AF928B090F928E055F804CCA5
:1085500023689CF92820F34546462BDD964522DD0D
:10856000206044F821302B46226892F928C0324618
:10857000116891F928006045164602F10402F7DC03
:108580001A1F134652F8040990F928E0E645F8DB73
:108590009E4217D3013F29464B463A463046FFF7E5
:1085A000A5FF3546AAE7934506DDC4F800C045F8A7
:1085B000043CD8E7934502DDC4E900A3D3E7964520
:1085C000CEDDF2E746F8040B1960CDE72DE9F84F50
:1085D00004460D461746994600F10408291B402918
:1085E00019DD8E10CFB9B11E491054F82130324632
:1085F0002046FFF751FD59B10139F6E755F8043D22
:1086000022682A602A1B921000212046FFF744FDB1
:108610002B1B042BF2DCBDE8F88FC910D4F804A0A2
:1086200054F821009AF928B090F928E055F804CCC4
:1086300023689CF92820F34546462BDA964522DA32
:10864000206044F821302B46226892F928C0324637
:10865000116891F928006045164602F10402F7DB23
:108660001A1F134652F8040990F928E0E645F8DC91
:108670009E4217D3013F29464B463A463046FFF704
:10868000A5FF3546AAE7934506DAC4F800C045F8C9
:10869000043CD8E7934502DAC4E900A3D3E7964542
:1086A000CEDAF2E746F8040B1960CDE72DE9F84F72
:1086B00004460D461746994600F10408291B402937
:1086C0001CDD4FEAA10ADFB9AAF10206761054F8C0
:1086D0002630524631462046FFF7EFFB5EB1013EA1
:1086E000F5E755F8043D22682A602A1B9210002104
:1086F0002046FFF7E2FB2B1B042BF2DCBDE8F88FD2
:10870000C910D4F804A054F82100DAF824B0D0F845
:1087100024E055F804CC2368DCF82420F3454646D1
:108720002AD9964521D9206044F821302B46226869
:10873000D2F824E031460868426A72450E4601F1DB
:108740000401F8D8191F0B4651F80429D2F824C0A7
:10875000E645F8D89E4217D3013F29464B463A4694
:108760003046FFF7A3FF3546A8E7934506D9C4F87E
:1087700000C045F8043CD9E7934502D9C4E900A3F9
:10878000D4E79645CFD9F2E746F8042B1860CEE738
:108790002DE9F04F00F5E55300F51552BBB08146C9
:1087A0000F46103308320025596A31B13AA901EB5E
:1087B0008501013541F8C83C2DB22C339342F3D1E9
:1087C00008AE06EB8508B0454FEA850414D0A21028
:1087D000B2FA82F2C2F11F024FF00003520041468A
:1087E0003046FFF763FF402C23DD18A93046FFF722
:1087F00029FD18ACA04517D1DFF88CB03C464FF0EE
:1088000000084FF00A0A454502DDE31B852B15DD04
:10881000BC4204D120461D491DF01BF8063400233C
:1088200023703BB0BDE8F08F2046FFF7ECFA04342C
:10883000E0E741463046FFF705FDDDE756F8281032
:10884000B8F1000F01D004F801AB042205A8039190
:1088500004F0D6FAD9F8640003681B6898470399B6
:108860004B6A91F928200092C31A05AA594620465E
:108870001CF0CCFD23461C4613F8012B002AFAD12C
:1088800008F10108BFE700BFEB7D0208F47D020894
:10889000A0F1D000FFF77CBF036810B51B68044649
:1088A00098476368834228BF581C606010BD4068C9
:1088B00003681B6F1847406803685B6F1847000028
:1088C0002DE9F0430346806DDFF85880D3E9049525
:1088D000036885B01B6A0E46984704464046FFF77A
:1088E000E6FF07464046FFF7E6FF80463846F8F7C2
:1088F00015FC07B240464FF47A73B5FBF3F5B9FBAC
:10890000F3F303950293F7F77FFD24B2CDE900015D
:108910003B460549224630461CF078FD05B0BDE8CF
:10892000F08300BF30370020FB7D0208A0F1D000AB
:10893000FFF7C6BF0000000038B50C2018F000FE9D
:1089400008250024C32018F019FE013D0444F9D184
:108950002046F7F737FD0EA3D3E90023F7F7ACFD68
:108960000D4B0022F7F7A8FD0C4B0022F7F7A4FDF2
:1089700000224FF07F53F7F79FFD094B0022F7F7D6
:108980009BFDF8F771F880B238BD00BFAFF30080EF
:10899000AE47E17A14AEFB3F0000144000408F4028
:1089A0000000303F2DE9F341C66D476DB0F860809F
:1089B0000D480C46FFF7C0FF336805461B6830467C
:1089C00098473B6806465B69384698470749CDE9B2
:1089D00000802A4620464FF47A73B6FBF3F31CF06E
:1089E00015FD02B0BDE8F081103900204F7E02086D
:1089F000A0F1D000FFF7D6BFD0E9003213448B427C
:108A000009D9438901339BB243810089984234BF1D
:108A10000020012070470123016043811846704700
:108A20002DE9F84F00F5E555103500F5155A0746C4
:108A30000C46914698462E460AF1080A4FF0FF3B35
:108A40002022314620461CF0A2FD30B3736A5B45FC
:108A500038BF354606F12C0638BF9B465645EFD148
:108A60002B4604F12002206861681E4603C60834C4
:108A700094423346F7D1786EC5F8209003681B689E
:108A800098474FF0814168624046F8F76BF9F8F774
:108A900045FB85F82800BDE8F88F3546E0E7F0B5DE
:108AA0001F468B888DB005460C4616463BBB0A78A0
:108AB000092302F00302D340DB0703D5CB880BB9AF
:108AC0000B89E3B19DF84C201299684604F035FB00
:108AD0009DF801309BB19DF8003003F00F03022B8D
:108AE0000DD194F90201F8F7E9F84FF07A51F8F74F
:108AF00039F93A46034631462846FFF791FF0DB053
:108B0000F0BD0000F0B591F84A3003F0F002802A81
:108B10008BB005460C4621D14B88052B1CD990F80B
:108B20004531CBB9504E4FF47A72D6E90401002397
:108B3000F8F78AFBB168014405F5E3501C30FFF7F4
:108B40005BFF48B1618894F84B30E26C092903F06F
:108B500004034ED8002B53D10BB0F0BD902AFBD1AB
:108B60004A88052AF8D903F00F03022BF4D1252AED
:108B7000F2D900F58056D6F8943C002B6FD0D6F889
:108B8000981C02F004FE002869D1E36CD6F8942CFE
:108B90009A42E1D16A4604F1500304F1700C174681
:108BA00018685968164603C6083363453246F7D13C
:108BB000202205F1700138461CF0E9FC0028CBD0DA
:108BC00094F90201284EF8F779F84FF07A51F8F746
:108BD000C9F84FF47A7204460023D6E90401F8F785
:108BE00033FBB2682346024439462846FFF718FF94
:108BF000B2E7216D002BAFD0D5F898318B42ABD3C3
:108C0000922194F84A308DF8001094F802118DF8F2
:108C10000110CDF8022003F0010305F170020DF1FF
:108C2000060105F1900052F8044B41F8044B8242D2
:108C3000F9D1002B0CBF26220E226946284603F0EC
:108C400057FC0446002887D02B6801461B6D284638
:108C5000984721468200284603F0AEFF7CE70023B8
:108C6000C6F8943C78E700BF103700202DE9F843A0
:108C70000546C06D036805F580541B689847D4F815
:108C8000683C06460BB9C4F8680C43F6972743F6D0
:108C900098284FF01409D4F8683CF21ABA4201D867
:108CA000BDE8F8834344C4F8683C94F8643C01335D
:108CB00003F0030384F8643C09FB0353142203F517
:108CC000E050002110441CF08CFCE4E741F6BC327B
:108CD00070B5831800250446855004F5805600F5CC
:108CE000E0505D609D605022294614301CF079FCF4
:108CF00086F8645CE06D03681B689847C6F8680CEA
:108D000070BD10B5044672B6FFF7E0FF62B6E26EC2
:108D10000023C4E91033C2F81035C2F80C3510BD79
:108D2000A0F1D000FFF7EDBF10B5044600F5DE500E
:108D30003C22002118301CF054FC04F5E05003499B
:108D4000BDE810401222023007F0D8BE8D7E020826
:108D50000D4A002310B5C2E90433D360C26EA0F8F7
:108D60006030C0E90E33C0E90C33C0E9103304466B
:108D7000C2F81035C2F80C3572B6FFF7A7FF2046CF
:108D8000FFF7D2FF62B610BD30370020A0F1D0004F
:108D9000FFF7DEBF08B572B6FFF7C6FF62B608BDC3
:108DA000A0F1D000FFF7F6BF10B5044672B6FFF78A
:108DB0005DFF04F58053142293F8643C02FB0340EA
:108DC00000F5E05001211830FEF7D4FD62B610BD69
:108DD00010B5044672B6FFF749FF04F5805314221C
:108DE00093F8643C02FB034000F5E050012116308B
:108DF000FEF7C0FD62B610BD08B503460878FFF760
:108E00006EFA48B118461AB1BDE80840FFF7E0BF56
:108E1000BDE80840FFF7C8BF08BD10B5044672B6EC
:108E2000FFF724FF04F58053142293F8643C02FBFF
:108E3000034000F5E05001211A30FEF79BFD62B6B9
:108E400010BD38B504460D4672B6FFF70FFF04F5A6
:108E50008053142293F8643C02FB034441F61C4205
:108E6000A3582B44A35062B638BDFFF7EABF38B50C
:108E700004460D4672B6FFF7F9FE04F5805314223E
:108E800093F8643C02FB034404F5E15423682B444B
:108E9000236062B638BDFFF7EABF00002DE9F0415C
:108EA00006460D4690461F4672B600F580542A4984
:108EB000D4F8E43B0133C4F8E43B2846F8F7DEF984
:108EC00090B9D4F8E83B0133C4F8E83B06F5E0502C
:108ED00084F8008C84F8017C12222946023007F0C5
:108EE0000DFE62B6BDE8F0811C492846F8F7C6F9C8
:108EF00028B9D4F8EC3B0133C4F8EC3BE6E7184959
:108F00002846F8F7BBF928B9D4F8F03B0133C4F888
:108F1000F03BDBE713492846F8F7B0F928B9D4F855
:108F2000F43B0133C4F8F43BD0E70F492846F8F787
:108F3000A5F928B9D4F8F83B0133C4F8F83BC5E7E4
:108F40000A492846F8F79AF90028BFD1D4F8FC3B23
:108F50000133C4F8FC3BB9E7927E0208A17E020807
:108F600018900208A77E0208B27E0208BF7E02089F
:108F700010B5002200F5E6501346143040F22621C9
:108F800050F822400CB101339BB20B328A42F7D128
:108F9000184610BD2DE9F0470C4606461422002164
:108FA00020461CF01EFB72B63046FFF75FFE06F54A
:108FB000E05506F5E3571635063704F1020A04F1C9
:108FC000040904F1060829885046FEF7D3FC698895
:108FD0004846FEF7CFFCA9884046FEF7CBFCD5F803
:108FE0000620A3681344A360D5F80A20E36814356B
:108FF0001344BD42E360E6D162B63046FFF7B8FFE6
:109000006288A38820809B1823D117282FD80B288B
:109010002FD803282FD8182B94BF00230123D4E97D
:1090200002210A4444F61F618A426374E38824D80B
:109030005F2B22D8B2F5FA5F21D21F2B1FD8B2F5D1
:10904000FA6F1ED2072B94BF002301232374BDE8BF
:10905000F0876421172801FB02F2B2FBF3F2D3B2CE
:1090600005D8452B03D80B2803D8312BD0E7032391
:10907000D5E70223D3E70123D1E70323E6E7022361
:10908000E4E70123E2E7000070B5044696B00D4620
:1090900011A9C66EFFF77EFF94F821220F9294F873
:1090A00020220E929DF855200D929DF854200C928E
:1090B000149A0B92139A0A92D6F80C250992D6F8B4
:1090C00010250892BDF84A200792BDF84620069266
:1090D000BDF848200592BDF844200492626C0392CA
:1090E000226C029204F58053A021D3F8C42B019284
:1090F000D3F8C02B0092D3F8BC3B034A28461CF09F
:1091000051F916B070BD00BFC97E0208A0F1D000B1
:10911000FFF7BABF70B58CB00D4607A9C66E0446FE
:10912000FFF738FF099B04930A9B0393BDF8223095
:109130000293D4E90C3213440193D6F80C25D6F8E7
:10914000103513440093044ABDF82030A02128466E
:109150001CF028F90CB070BD277F0208A0F1D000E8
:10916000FFF7D8BF70B590F8C8328CB004460D46F2
:1091700013B190F8CC3233B9124928460CB0BDE88F
:1091800070401CF066BB07A9C66EFFF703FF099B82
:1091900004930A9B0393BDF822300293D4E90C3266
:1091A00013440193D6F80C25D6F8103513440093D8
:1091B000054ABDF82030A02128461CF0F3F80CB079
:1091C00070BD00BF867F0208897F0208A0F1D00031
:1091D000FFF7C8BF2DE9F04F95B08B460FA9804629
:1091E000FFF7D8FE4F4ABDF840605369D5685D1956
:1091F0001FBF64225343B3FBF5F3DDB2BDF83E302D
:10920000F6181FBF64225343B3FBF6F3DEB272B607
:1092100008F58053D3F8E43B0B9362B698F8459178
:109220009DF84CC09DF84D0098F8C412B9F1000F9C
:109230000CBF64243C246FF0090303FB0C44092D8C
:109240006FF0040303FB004453D931B1143C002CEC
:1092500056DB4F2C03DD344F0CE0173C50D45FFA43
:1092600084FEBEF13B0F4ED8304F314BBEF1270F7D
:1092700098BF1F462F4A304BB9F1000F18BF1A464E
:10928000BCF1020F0A9240D842D02C4A2C4BBCF1C0
:10929000010F0CBF9146994602283CD83ED0274A80
:1092A000274B01280CBF92469A462648224B00299C
:1092B00018BF034698F86811D8F840010D930C9137
:1092C00007F036FC0D9B07930B9B0C990990CDE999
:1092D00005630A9B0891CDE90043CDE9039A1A4A38
:1092E00002953B46A02158461CF05CF815B0BDE83D
:1092F000F08F022D88BF083C0029A8D1033CA6E7C7
:109300000B4F0024B6E7114FB4E7DFF84490C3E7F2
:10931000DFF84090C0E7DFF838A0C6E7DFF834A0F8
:10932000C3E700BF30370020FD7F02080B80020832
:1093300007800208CA950208D78F02081880020821
:1093400015800208698F02081C800208028002084A
:1093500010800208E78F0208A0F1D000FFF73ABFA3
:109360002DE9F047089E9DF82480994633780546FC
:109370008A461746BBB305F598713046F7F77EFF6E
:1093800000285DD103260022514605F53C7003F00C
:10939000C9FFD0F884304B45044659D2C0F88490B8
:1093A000686E03681B68984794F82030C4F88800FA
:1093B00023F00303334384F820303A4604F1620378
:1093C00007F1200152F8040B43F8040B8A42F9D14B
:1093D0008EB141F28831284602F0E5F905F5805357
:1093E000C3F8AC0C07E0202200F53C7003F080FFCE
:1093F00004460028BFD0B8F1000F02D0FF2384F844
:109400002130686EFFF748FA05F580560023B061F9
:10941000B38394F8203003F00303DA1E5342534120
:10942000B37794F82030F377A86E036804221B68A2
:1094300005F581519847022386F824300D2008E075
:10944000304605F5A871F7F719FF064600289AD0AF
:109450000020BDE8F0870000F7B51E4F0446164611
:10946000D7E904011D464FF47A720023F7F7ECFEAA
:10947000B968014404F5E4500830FFF7BDFA30B391
:109480002A7804F58057294602F03F0287F8102118
:1094900011F8013B9B09013304F586505A4387F8C4
:1094A000113110301CF0DDF9BE61606E03681B687D
:1094B00098470023F86104F591500093AC220123F2
:1094C00004F58151183007F075F80830C0B203B0C8
:1094D000F0BD00BF10370020F8B51E4F04461646F9
:1094E000D7E904011D464FF47A720023F7F7ACFE6A
:1094F000B968014404F5E4500830FFF77DFA40B341
:109500002A7804F58057294602F03F0287F8102197
:1095100011F8013B9B09013304F586505A4387F843
:10952000113110301CF09DF9BE61606E03681B683C
:10953000984704F581550849F86104F5D07304F1A2
:10954000FC0228461BF062FF2846F7F7A1FE083010
:10955000C0B2F8BD103700202A820208F8B51C4EB0
:1095600005461746D6E904011C464FF47A720023DB
:10957000F7F76AFEB168014405F5E4500830FFF7DB
:109580003BFA18B3227805F58056214602F03F02D7
:1095900086F8102111F8013B9B09013305F586502F
:1095A0005A4386F8113110301CF05BF9B761686ED0
:1095B00003681B6898470123F06186F8203095F80E
:1095C000453113B1812386F820300920F8BD00BF52
:1095D0001037002010B588B004466A46022100F614
:1095E000787004F0CDFB6A46034604F17001204612
:1095F00002F0ECFD08B010BD10B5D1F8D41004464F
:1096000001230FF048FB204610BD000070B5CAB022
:1096100004460D4616460146134A02A8FFF7ECFF22
:1096200002A80FF0A0FCE0B123682046DB69984750
:10963000014602A817F058FC28780C490C4AC0F3E0
:109640008303FEF744FE002818BF0A46698802A873
:10965000CDE900210749324617F073FC02A80FF04C
:109660003AFC4AB070BD00BFDF7D02088880020866
:10967000702703088A80020890F8F0300BB1FFF7DA
:10968000C5BF70472DE9F04FCFB005460C461646D2
:1096900001462D4A06A89946FFF7AEFF06A80FF02F
:1096A00062FC002847D02B68284FDB692846984782
:1096B000014606A817F018FC2078254BC0F3830A52
:1096C000FEF705FE002818BF1F46A86DB4F802B0CB
:1096D00003689B6B98478046A86D03685B6B98474F
:1096E0001C4905464846F7F73DFBF7F717FD049080
:1096F0002846F7F713FD03904046F7F70FFD534652
:10970000CDE901B032461449009706A817F019FCBC
:10971000227840F20713C2F38302D340DB070DD552
:1097200094F84A3094F84B200C4906A817F009FC2D
:1097300006A80FF0D0FB4FB0BDE8F08F084906A88F
:1097400017F0FFFBF4E700BFDF7D02087027030876
:109750008880020800007A44C28002080B81020857
:109760001923030870B5CAB005460C4616460146D3
:109770001D4A02A8FFF740FF02A80FF0F4FB60B3F8
:109780002B682846DB699847014602A817F0ACFB16
:1097900020781649164AC0F38303FEF798FD002887
:1097A00018BF0A46618802A8CDE900213246114956
:1097B00017F0C7FB227840F20713C2F38302D340AD
:1097C000DB070CD594F84A3094F84B200A4902A8DC
:1097D00017F0B7FB02A80FF07EFB4AB070BD074937
:1097E00002A817F0AEFBF5E7DF7D020888800208CB
:1097F000702703081C8102080B8102081923030843
:109800002DE9F8438C88A309013390465FFA83F968
:1098100004F03F0401F10A05002600F170073CB98D
:1098200018F80900B0428CBF00200120BDE8F88381
:109830004A46394628461BF0AAFE08B90136F6B258
:10984000013CE4B24D44EAE72DE9F8430B780446C5
:1098500018460F46FEF743FD88B191F80421C3F383
:10986000830392B994F84551A5B1042B0BD104F5AB
:109870008054D4F8C43B0133C4F8C43B03E094F8EB
:109880004531002B53D0002052E094F87721002A74
:10989000E8D1F8E7B88894F8702100F03F008242E0
:1098A000E3D904F58056D6F8B82B002ADDD0042B76
:1098B00009D094F81A12002948D194F82032FF2BCD
:1098C00035D00D463DE0D4F81C5200B10138F6F712
:1098D00089FD804689462846F6F796FD4B46424666
:1098E00018F00EFDF7F7E0F842F210728046002102
:1098F000A06E03F073FA294905464046F7F732FA9D
:10990000F7F732FC854208D3D6F8C43B0133C6F8DA
:10991000C43B2046FFF781FAB5E73878FEF7DFFC55
:10992000054638B9D6F8C03B0133C6F8C03B012024
:10993000BDE8F88394F81A1241B994F82032FF2B4D
:10994000F0D003BB2046FFF768FA0BE0012911D0E5
:10995000134A144B022908BF1A4639462046FFF71E
:109960004FFF48B1002D8ED0D6F8C43B0133C6F866
:10997000C43B88E70C4AF0E794F82032FF2BE0D193
:10998000002DCFD1D3E7A06E4FF48072002103F0F9
:1099900025FA94F820329842F2D3D3E700401C46CF
:1099A0001001002014010020180100202DE9F041D1
:1099B0000B78B8B004461846FEF791FC0E460746F1
:1099C00078B3C3F38303052B2BD14B88032B28D902
:1099D000444A1023012102A803F08CFA96F84A2089
:1099E0009DF808309A421CD172B604F58055D5F81E
:1099F000D83B0133C5F8D83B62B694F8C43283B182
:109A00007388384806F14B02013B09A903F027FB94
:109A1000061E0BDC72B6D5F8DC3B0133C5F8DC3B27
:109A200062B60027384638B0BDE8F081042E06DC67
:109A300000232D491A462046FFF730FAF2E79DF839
:109A400028309B0803D0002328491A46F3E706F183
:109A5000E0026A44606EDDF8248002F8BC3C0368D2
:109A60001B68984703AA0346711F00920DF1290055
:109A7000424607F08DF90646606E03681B689847FA
:109A8000049A22B39DF8212032B3B8F1000F25D0FB
:109A9000174A904205D900F5283303F54073434532
:109AA0001CD3362E1CD972B6D5F8E03B114985F887
:109AB000006C0133C5F8E03B04F5E0509DF8203020
:109AC00085F8013C1222023007F018F8A8E70A498D
:109AD0009DF820303246AEE70849F9E70849F7E734
:109AE0000849F5E7F0830208A17E020818900208F1
:109AF000FFE00B5E4D810208A77E0208B27E0208DD
:109B0000BF7E0208927E0208F8B50B78044618461C
:109B10000E46FEF7E4FB50B1C3F38303042B01BFF1
:109B200004F58052D2F8BC3B0133C2F8BC3B31464D
:109B30002046FFF73BFF054620B12046FFF76DF9B1
:109B40002846F8BD337813F0030204F580570BD193
:109B500004F5915001223146183006F077FBC7F822
:109B6000B80BEDE72846FAE7012AFBD1C3F38303DC
:109B7000053B012B03D897F8C836DB07F2D404F570
:109B8000B6500430EBE730B585B004464FF490632F
:109B9000806EADF804300368042204F580551B681C
:109BA0000DF106019847DDF80630C5F8943C4EF6F5
:109BB0006021204601F0F7FD01A9C5F8980C0A22A2
:109BC00000252046CDF80A5002F092FC014618B15B
:109BD0002A46204602F0F0FF05B030BD2DE9F347DC
:109BE000044640201E461546DDF82C900F46FCF733
:109BF00056FC2021804606F08FFE9C4B2360336884
:109C0000E665C4E915850025C4E904551B6865604F
:109C100030469847012384F82C30954B2365954BAB
:109C200023600A9BA3660C9BA4F86050C4E9060558
:109C3000C4E90955C4E91055C4E912552562E36623
:109C4000C4F8649004F1700002F07BF88A4B236042
:109C500004F53D7803F59273C4F8D03004F53C76F2
:109C6000454604F6747A2846A03502F05BF855455F
:109C7000F9D14FF44862002140461BF0B2FCC4F811
:109C8000847FC4F8906F04F1D00304F5805604F586
:109C9000915004F588570025C4F8803F1437774B5E
:109CA000C4F8883F183004F1F80AC4F8745F3946E4
:109CB000C4F8789FC4F87CAFC4F88C0FC6F834524F
:109CC00006F0ECF904F5B7503946083006F0E6F92D
:109CD00004F5E5577823C6F87C5CC6F8803CC6F8E6
:109CE000885C0423B422103704F51555C6F8843C6B
:109CF000C6F88C2CC6F8903CB8460835404608F1AA
:109D00002C0802F00FF84545F8D1B42128460EF092
:109D10009CFECDF8009004F51650636D584A5146EC
:109D20003430002507F0FAFA002204F5E55100234B
:109D3000C4E93823C4F8D850C1E9002304F500531E
:109D400086F8A85C2046C4E93A55C6F8AC5CC3F86E
:109D50005455C3F8505584F8F05086F89C5CFEF7D3
:109D6000B5FF2046FEF7E0FF2046FDF72AFE294614
:109D700040F6980238461BF034FC29464FF4FC723A
:109D800050461BF02EFC04F5327003F007FA4FF03A
:109D90007E53C4F8F8304FF07C530027C4F84C31A0
:109DA000384BC4F8603104F1FC003749C4F84871FD
:109DB000202206F0A3FE00230022C4E94823C4E9C0
:109DC0004A2304F598703149102206F097FE304A74
:109DD000C4F81C22FF22A4F820224FF4C052A4F899
:109DE000E8222C4BC4F8403140F20112A4F8C422FE
:109DF0004FF4A163284AA4F86831C4F86C211623F3
:109E00004FF4A07284F84431A4F8702101234FF478
:109E1000FA714FF4E132C4E95D12A4F8463184F8D6
:109E2000C63284F8733184F87C3104F27D101B490A
:109E300084F88D51102206F061FE022304F5E350F0
:109E400084F88E51C4F8905184F89431C4F89C7110
:109E50001022C6F8945CC6F8985C29460C301BF0BA
:109E6000C0FB204602B0BDE8F08700BF1C87020897
:109E700080EE3600C487020838820208B03600201F
:109E8000E43D00209A99993E55810208428F0208CC
:109E90002DB29D3E8D67594400007A4262810208CE
:109EA0002DE9F04385B0054608469DF83090884678
:109EB00014461E4606F05CFD074640B14B4632464E
:109EC0002146284605B0BDE8F04302F026BB2146F6
:109ED000404606F099FDCDF80090ADF80C003346F1
:109EE00003AA21462846ADF80E7002F043FB05B0E8
:109EF000BDE8F083F0B51F4600F580530D46D3F85A
:109F0000B81B87B00446164689B10B887BB100F5B3
:109F10009150012302AA183006F072F900280FDCD4
:109F20003B4632462946204602F0F7FA0FE03B4610
:109F300032462946204607B0BDE8F04002F0EDBAAF
:109F4000009733462A4602A92046FFF7A9FF07B02B
:109F5000F0BD2DE9F0430E460978C1F3830185B0C9
:109F6000072904461F469046DDE90C3058D10025EC
:109F700004F5805919681D54FF2089F810011879DB
:109F8000451E1E2D30D93078FEF7A9F90433019013
:109F9000009320460B463946FFF7E2F905460028B4
:109FA0003ED03078FEF79BF904F580531833002833
:109FB00045D0CDE902350123019333790093424620
:109FC00006F10A033946204602F0A6F9014638B3E5
:109FD000B3889B090133DBB24FF49672204605B07B
:109FE000BDE8F043FFF786BF01280AD13078FEF7BD
:109FF0006EF9A8B10A46053339462046FFF72CFA18
:10A00000CCE702280AD13078FEF761F940B10A4660
:10A01000053339462046FFF75FFABFE7032802D031
:10A0200005B0BDE8F0833078FEF751F90028F7D08D
:10A030000A46053339462046FFF790FAAEE799F90C
:10A040001021002ACDE900353A4643464FF0010180
:10A05000204602DA02F074F9B8E702F071F999F8D3
:10A06000112199F9103101460028D9D0013A03F0A5
:10A070003F0343EA82134FF496720C9204F5865222
:10A08000DBB21032204605B0BDE8F04302F0A3BABF
:10A0900073B50D4604461646FFF79CFA014668B1B3
:10A0A00076B194F819020130C0B20A4604F5E351C2
:10A0B00000902B460C312046FFF7F2FE02B070BD37
:10A0C0002A46204602B0BDE8704002F075BDA0F1FE
:10A0D000D000FFF7DDBF00002DE9F04700F5805705
:10A0E0001E4697F89C3C8AB00546884614464BBBF2
:10A0F000144612F8013B202BFAD02046F7F7C8F897
:10A10000042808D9A3787C2B05D123883380A37831
:10A11000B370033403367B49082220461BF037FA1C
:10A120008146002840F0A3800834202120461BF0FF
:10A1300060FA00286ED1744930460AB0BDE8F04795
:10A140001BF087BB104606F0E8FCF8B9234698469A
:10A15000994613F8012B202AF9D0A8EB04044F46A6
:10A1600019F8010B05F0AEFF0028F8D13B780BB1D0
:10A1700038704F46B94617F8013BDBB9631E062B12
:10A180001BD9002333700AB0BDE8F08707F5DD6105
:10A190004FF4966207F50E701BF063FBB7F842228E
:10A1A0005A490023304687F89C3C0AB0BDE8F04786
:10A1B0001BF02CB9462BDDD1E0E798F80030002BDE
:10A1C000DFD005EB840404F58054D4F8947B002F91
:10A1D000D7D005F591504146183006F067F805F5DF
:10A1E000B7553A880835074660B103884146284686
:10A1F00006F08CF80028C4D037B13B790371C4F85D
:10A20000980BBEE70346F1E799F80030463B18BFCC
:10A210000123F3E7824622460AF8019BAAEB0403D6
:10A22000402BA8BF402303EBD3734FEA630841469A
:10A2300002A802F01DFEC0B1504619F081FFC0B265
:10A240000090434602AA05F1700105F53C7003F049
:10A25000B9F840B141F28831284601F0A4FA2C49FE
:10A26000C7F8AC0C68E72B4966E72B4964E7B8F1FF
:10A27000000F29D129492046F7F700F8074618BBF7
:10A2800027492848DFF8A090DFF89880DFF89CA0E5
:10A2900016F044FE05F53D74D5F8743F9F42BFF6B5
:10A2A00070AF94F8202062B14946404616F049FE4E
:10A2B00021464046202202F0BDFD5146404616F0A0
:10A2C00040FE0137A034E7E71949122220461BF06F
:10A2D0005EF960B9113414F8013F202BFBD00BB1AB
:10A2E000144929E72846FFF74EFC134924E7334673
:10A2F0002246414605F678700AB0BDE8F04704F002
:10A30000FDBF00BF838102088C8102086C810208B6
:10A310009D810208A0810208B5810208C681020859
:10A32000CE810208483F0020D38102081923030888
:10A33000D9810208EC81020814820208406D08B538
:10A3400003685B6998470028D4BF0020012008BD3E
:10A3500000F58050D0F8C83B0133C0F8C83B7047C7
:10A3600000F58050D0F8CC3B0133C0F8CC3B7047AF
:10A3700000F58050D0F8D03B0133C0F8D03B704797
:10A38000054B1B79012B01BF00F58050D0F8D43B61
:10A390000133C0F8D43B7047103900202DE9F04F4D
:10A3A0000D4600F58051DBB08A611A78012A044617
:10A3B00062D1BF48BF4DFEF7BFFAADF8A000606D97
:10A3C00003685B699847ADF8A200A06D03681B6A3B
:10A3D0009847ADF8A4002846FEF769FAF6F79EFE06
:10A3E000EB682A932B69ADF8A6004FF47A72D4E992
:10A3F00038012B934FF47A762369B3FBF6F32C9351
:10A400000023F6F721FF236B2E93636B2F93A36B2F
:10A410003093E36B2D9031932846B4F86030ADF85B
:10A42000C830FEF748FA4FF08141F6F79BFCF6F78B
:10A4300075FEE36EADF8CA00D3F80C25D3F81035DD
:10A44000ADF8CE306369B3FBF6F304F58054349372
:10A450006B69ADF8CC20359328AA1C3436AD134671
:10A4600003CBAB42206061601A4604F10804F6D1C8
:10A470003C205BB0BDE8F08F032A2ED100F51556C5
:10A48000083630465F780EF0F3FA8948FEF754FA42
:10A49000F6F710FC8849F6F719FD0121024630460F
:10A4A0000EF09CFB95F82010844811F003011CBFAE
:10A4B000FF43F9B2324600F015FF30460EF0DBFAEA
:10A4C000054630460EF0D9FA014604F580502A467A
:10A4D0001C301BF0C6F9281DCBE7052A2BD195F8B7
:10A4E000202002F00302032A40F053815A789B781F
:10A4F0001A4340F04E8100F53D75042341F21806E1
:10A50000D4F8741F8A421846B3DAAD2BB1D895F847
:10A51000201069B199192F6867506018A988818047
:10A52000991D54FA81F195F8200088550733DBB264
:10A530000132A035E4E7062A40F017815D78002D4E
:10A5400040F0278193F806809A78B3F8037004925C
:10A55000B8F1200F5A7900F5155100F5E55328BFE1
:10A560004FF0200810330831586A30B15AA800EB78
:10A570008500013540F8C83C2DB22C338B42F3D115
:10A58000002A45D128AE06EB8509B1454FEA850A78
:10A5900016D04FEAAA02B2FA82F2C2F11F024FF0BD
:10A5A0000003520049463046FDF7BFFEBAF1400FA6
:10A5B00029DD304638A9FDF729FE38AEB1451DD159
:10A5C00008F1050A07AB4FF0000B5FFA8AFA03EBBC
:10A5D0000806D946049B4B4502DDBD4200F3A2802C
:10A5E00004F580535A469D83A3F81E9007A904F5ED
:10A5F00081501BF036F90BF108003AE73046FDF7C1
:10A6000091FC0436DAE749463046FDF7FFFDD7E70F
:10A61000012A27D128AE06EB8509B1454FEA850A04
:10A62000CED04FEAAA02B2FA82F2C2F11F024FF074
:10A630000003520049463046FDF7E9FEBAF1400FEB
:10A640000BDD304638A9FDF7C5FD38AEB145B7D0B2
:10A650003046FDF7BBFC0436F8E749463046FDF7C7
:10A66000B9FDADE7022A30D128AE06EB8509B14528
:10A670004FEA850AA4D04FEAAA02B2FA82F2C2F1E6
:10A680001F024FF00003520049463046FDF72EFFEF
:10A69000BAF1400F14DD304638A9FDF77DFD38AE24
:10A6A000B1458DD03046FDF7E8FC0436F8E700BF31
:10A6B000103900203037002000007A44B0360020E6
:10A6C00049463046FDF768FD7AE7032A7FF478AF04
:10A6D00028AE06EB8509B1454FEA850A3FF470AF15
:10A6E0004FEAAA02B2FA82F2C2F11F024FF000034F
:10A6F000520049463046FDF769FFBAF1400F0CDDC4
:10A70000304638A9FDF72AFD38AEB1453FF458AFC1
:10A710003046FDF70BFD0436F7E749463046FDF7B6
:10A720001DFD4DE70BEB0A03822B05933FF758AF56
:10A73000606E28AB026853F827B012689047DBF8C8
:10A7400024205946831A4246A6EB080003931BF0C7
:10A7500088F8039B3360059B9BF82820327109F130
:10A760000109564401379B4634E7072A11D100F509
:10A77000805500F5D0731C35074A0849009300F155
:10A78000FC0328461AF042FE2846F6F781FD043005
:10A790006FE600206DE600BF847C02082782020875
:10A7A0002DE9F04F03F6581300EB8303B3B05F6855
:10A7B0000E46002F3C990491DDE93D9B0446C0F212
:10A7C000EE80D0F8743F9F4280F2E980A0257D435F
:10A7D00000F53C7305F1040805939844002A5FD105
:10A7E0004719D9F800A0D7F87833534580F0D780BF
:10A7F000ABF104030093524609F104034146FFF70D
:10A80000CDFD8146002800F0CA80C7F878A3606EAD
:10A8100003681B689847C7F87C033078FDF75FFD35
:10A8200004F580531833E0B1CDE9023901230193D7
:10A83000337900934146049A06F10A03204601F059
:10A840006BFD0146002800F0AA80B3889B09013304
:10A85000DBB24FF49672204633B0BDE8F04FFFF7FD
:10A8600049BBCDE900390121049B4246204601F055
:10A8700067FD0146002800F0928097F81533FF2B02
:10A88000E3D04FF4967005F126023C9004F53C703D
:10A8900010440246204633B0BDE8F04F01F09BBEA5
:10A8A000022A7CD1BBF1050F79D9431993F81423FF
:10A8B00002F00302032A72D199F80420D9F800A00B
:10A8C0009108072A07916AD8D3F878230592524550
:10A8D00065D8C3F878A3406E069302681268904763
:10A8E000069B0799C3F87C03002309F80B3009F194
:10A8F000050B01BB5846F6F7CBFC2023CDE90083BE
:10A900004A46431D042108A802F00CFB0899204682
:10A9100001F041FD014670B1A02303FB074393F80A
:10A920001533FF2B3ED1B3889B090133DBB2C8221C
:10A930002046FFF7DFFA059B53453ED100238DF8F3
:10A9400025300DF12500F6F7A3FC814638B3606E83
:10A95000FDF7A2FF042350458DF8243009F10503CB
:10A9600008BF0AF10100019308AB0890009302218F
:10A97000049B4246204601F0E3FC014678B1A02347
:10A9800003FB074797F81533FF2B1ED1B3889B09AC
:10A990000133DBB24FF416722046FFF7ABFA33B047
:10A9A000BDE8F08FC82005F12602009004F53C7048
:10A9B0000244204601F00FFEBDE70DF125035A4683
:10A9C00051462046FFF788FBBBE74FF4167005F1B0
:10A9D0002602009004F53C7010440246204601F027
:10A9E000FAFDDCE72DE9F0411F4690F87631012BA6
:10A9F00004460D46164604D100F51650343006F0D4
:10AA00007CFC94F8F0303BB13B4632462946204668
:10AA1000BDE8F041FEF736BEBDE8F08170B590F8B4
:10AA2000763104460D46164623B900F516503430EB
:10AA300006F063FC94F8F03033B1324629462046E4
:10AA4000BDE87040FEF78EBE70BD70B504460D4681
:10AA500001F0AEFA2946C4F8D45004F6787004F533
:10AA6000915505F077FA1835D4F8D41004F1700236
:10AA700004F53C7002F0B2FBD4F8D4100022284652
:10AA800005F034FB38B904F58053B3F8423213B9FA
:10AA9000284605F061FE284605F0E3FC014630B18A
:10AAA00004F5E35201230C32284605F0A9FB94F883
:10AAB000733123B104F51650343006F064FB94F87A
:10AAC000693194F86821D4F86C11D4F8400100F091
:10AAD000CBFC94F9440100F0E1FC23682046D3F854
:10AAE000AC30984723682046D3F8B030BDE87040BA
:10AAF0001847000010B5C8B0D0F8D4100E4A684608
:10AB000000230EF0C8F868460EF02DFA60B10B4C29
:10AB100068460EF024F920B168460EF0B1F9011E26
:10AB200004DA68460EF0D7F948B010BDC9B2204625
:10AB300016F0DEF9ECE700BFDF7D0208483F002099
:10AB4000A0F1D000FFF7D6BF37B5044600F5165088
:10AB5000343006F042FB204601F02CFAD4F8EC1019
:10AB6000002961D0204600F012FE00285CD020466B
:10AB7000FEF730FD024600286AD123682046D3F84C
:10AB8000B030984723682046D3F8AC30984704F596
:10AB90000055D5F8501581B1204600F0F8FD60B1A0
:10ABA0000023C5F8503595F8602595F86135D5F83E
:10ABB0005C15D5F8580500F057FCD5F8541581B14F
:10ABC000204600F0E4FD60B10023C5F8543594F848
:10ABD000693194F86821D4F86C11D4F8400100F080
:10ABE00043FC04F58055D5F8AC1C69B1204600F053
:10ABF000CEFD48B1D4F8D410002204F53C7002F028
:10AC00002FFC0023C5F8AC3C16F018FED4E938310F
:10AC1000D4F8D820C4F8D800821A9B1841F100015A
:10AC2000C4E9383103B030BDD4F8E8100029AED003
:10AC3000204600F0ACFD0028A9D02046FEF7CAFC53
:10AC4000014600289ED00022204601F0B5FF99E77A
:10AC500094F819320133DBB204F5E35100930C315F
:10AC600000232046FFF71CF987E700F51650343023
:10AC700006F0E2B910B500F516543434204606F05B
:10AC8000DBF938B1204606F095FA2046BDE81040C1
:10AC900006F079BA10BDA0F1D000EBE738B500F5A9
:10ACA0001654343420460D4606F0C6F9A84209D0A1
:10ACB00020461DB1BDE8384006F065BABDE8384011
:10ACC00006F078BA38BDA0F1D000E7E738B50C46F9
:10ACD0008D18AC4200D138BD4FF48071002016F0C1
:10ACE00040FB04F8010BF4E716F0A8BD37B50B786C
:10ACF000C3F383030446032B084604F2044511D131
:10AD0000D1F84A20002355F8041F914206D103F5DB
:10AD10008173002244F8232003B030BD0133402B5F
:10AD2000F1D1F9E7694602F01AF804340822214605
:10AD300068461AF02CFC10B920606060ECE708341B
:10AD4000AC42F3D1E8E7F7B50A78C2F38303032BEB
:10AD500004460E4600F2044529D1D1F84A102B468C
:10AD600000F2045053F8045F8D420CD102F003024C
:10AD7000023A012A2CD9D4F810350133C4F8103521
:10AD8000012003B0F0BD8342ECD1D4F8083503F5BF
:10AD90008172013344F822105A4202F03F0203F05C
:10ADA0003F0358BF5342C4F808350020E9E769461D
:10ADB000304601F0D4FF271D0822394668461AF0B4
:10ADC000E6FB58B9337803F00303023B012BD1E7CC
:10ADD000D4F80C350133C4F80C35D1E70837AF424D
:10ADE000EAD1D4F804246B4603CB04EBC2025060D2
:10ADF0009160D4F8043401335A4202F07F0203F028
:10AE00007F0358BF5342C4F80434CEE730B5164C24
:10AE1000164B204685B0002540F8043B4FF4806275
:10AE200000211AF0DEFB29464FF4807204F58160A0
:10AE3000C4F804541AF0D5FB0420C4F80855C4F82B
:10AE40001055C4F80C55FBF72AFB094A0260094A61
:10AE50000192094A00920346084A094902940948A6
:10AE6000FEF7BCFE05B030BD9831002044840208D6
:10AE70002C840208103700202001002030370020E9
:10AE800010390020B0050020044A054B1360054826
:10AE900003F59273C2F8D0300DF0E3BDB005002089
:10AEA00038820208F82A002070B506229AB04FF4C2
:10AEB000E131384815F09CFF4FF47A7016F0C2FC6F
:10AEC000354B0022012113201A7116F06DFB012170
:10AED000132016F0D3FB0221C12016F065FB16F0FB
:10AEE000ADFC2E4B186000F069FA00B9FEE72C4C5F
:10AEF00000F0B2FA16F026FA204606F093FC294B31
:10AF0000294A2A49189418A8199305F04BF800BB50
:10AF1000684600F0C9FA2448254D602269461AF0B7
:10AF2000A0FC0A2405F1700695F87030013BDBB2F5
:10AF3000FD2B09D9684600F0B7FA60226946304611
:10AF40001AF08FFC013CEFD1174A184918A805F0F8
:10AF500051F818490F4815F0C7FF202212490D4833
:10AF600001F068FF0B4815F0C7FF134B134800248E
:10AF70001C7000F054F90A490D48FFF766FD0C48B3
:10AF8000FFF7FEF90A4822464FF47A51FFF780F89E
:10AF90001AB070BD483F002010390020080500207D
:10AFA000403900201A23030820060020D97D02081A
:10AFB000B0050020108402080C050020B0360020E7
:10AFC0002DE9F0434D484E4E4C4FA9B0F6F760F9CD
:10AFD0004FF000090446304615F02AFD68B19F2C59
:10AFE0000DD0A046304615F041FFC5B20A2D29D13B
:10AFF000304615F01DFD0028F4D19F2C30D13F4B79
:10B000000D2283F89F209F243C4D013C2B5D0D2B8E
:10B0100028D10A213A4815F06BFF00216B463948C8
:10B0200029552A46FFF758F89DF800303BB13649BC
:10B03000334815F059FF3248694615F06FFF002379
:10B040002B700FE001342946304607F8085007F806
:10B05000049015F04DFF0D2DBDD19F2CD4D1CEE71E
:10B06000002CD1D1274C2046FFF76EFD16F0E6FBF1
:10B07000264BD3E9042599699861411A521845F184
:10B080000005C3E9042594F88D31214D43B32046D2
:10B09000FFF7EBFDD8B92046FFF750F9E0B928706B
:10B0A0001C4E1D4D33682A684FF47A7101FB023142
:10B0B000204600F06CFBE8B12046FFF749F916F096
:10B0C000BDFB052330602B6029B0BDE8F0832B78F1
:10B0D000012B07D1012303E02B78022B06D1022399
:10B0E0002B70F1E72046FFF743F9F3E72046FFF71F
:10B0F00037F9F4E72B680533E5E700BF0C050020BE
:10B10000483F0020B00500201E84020810370020B0
:10B1100004050020080500201C010020004870479D
:10B120000000C07F0020704700207047704700205B
:10B13000704770470020704700207047002070471C
:10B14000002070470020704700207047004870477B
:10B150004C84020800207047004870474C84020865
:10B1600040680368DB681847B0F9180070477047FB
:10B170000020704700797047BFF34F8F0549064B99
:10B18000CA6802F4E0621343CB60BFF34F8F00BF85
:10B19000FDE700BF00ED00E00400FA050020704765
:10B1A000406808B50368D3F88430984710F0140F4E
:10B1B00014BF0120002008BD10B54FF47A72044678
:10B1C0000023D0E90401F6F73FF8A368184410BD46
:10B1D0007047002070470020704700207047002013
:10B1E0007047002070470000004870475A840208EA
:10B1F0007047F8B507460C468E18B44200D1F8BD2A
:10B2000078680368D3F8A43098474FF480710546F6
:10B21000002016F0A6F8454004F8015BEDE710B5F4
:10B22000044620300FF03EFC84F8580010BD08B5ED
:10B23000002303710121132016F0B6F90121132018
:10B2400016F01CFABDE808400221C12016F0ACB986
:10B250000121132016F012BA0021132016F00EBAA5
:10B2600008B5F8F731FA72B6BDE80840F8F734BA15
:10B2700010B54FF4DE710446FBF715F9204610BDFA
:10B280004068002108F03CBF10B5044616F0D6FA1D
:10B29000D4E90431A269A061821A9B1841F100012E
:10B2A000C4E9043110BD10B500220023C0E9042315
:10B2B0008160044616F0C2FAA06110BD036810B5A3
:10B2C000DB6B0446984720B92046BDE8104006F0E5
:10B2D000BBB910BD10B44468134694F8602110BC8B
:10B2E00006F0CAB970B590F8586086B01446E6B159
:10B2F0000F4B03930125049305930023CDE90035FB
:10B3000003AA04AB05A920300FF0DAFD039A294601
:10B3100020460DF055FC049A294620460DF057FCB6
:10B32000059A294620460DF060FC304606B070BDF7
:10B330000000C07F30B5012185B0044609F0E2FF6E
:10B340000122002120460AF002F87F238DF80F30F9
:10B3500000220123CDE9003289210DF10F02D4F83A
:10B360005C0107F05CFCD4F85C31186803680521C7
:10B37000DB69984716F062FA0546D4F85C31186824
:10B38000D96A02681269904720B116F057FA401B3B
:10B39000322806D9D4F85411204608F086FF05B0AB
:10B3A00030BDD4F85C31186803685B6D9847E4E7FA
:10B3B00008B54068FFF7BEFF08BD000030B51D4866
:10B3C00087B0002106F0EEFC1B4A1C491C480BF01C
:10B3D00038F81C4B049310221623CDE902321221B7
:10B3E00005230024CDE90031174A18491448059473
:10B3F000082307F053FE054658B11549154815F0C6
:10B4000073FD14480A22294615F0E8FD204607B0CE
:10B4100030BD01221146012409480AF0A3FE009420
:10B4200041F2210341F60F52214605480AF044FF3C
:10B43000ECE700BF90390020A086020800870208D0
:10B44000543700209A99D93F00007A428D675944B9
:10B450006C840208483F002002486FF000410BF066
:10B4600072BA00BF54370020F8B50B4C17460E4691
:10B47000014620461D4608F04BF8394620460AF0A2
:10B48000C1FA314620460AF057FA294620460022E2
:10B49000BDE8F8400AF0D5BA54370020014601480B
:10B4A00007F053BD5437002013B5054B0093694690
:10B4B000044B0193044600F050FC204602B010BD3E
:10B4C000908402085437002073B51F4E1F4B336021
:10B4D0004820FAF7E4FF1E4C054607F0A5FE294672
:10B4E000204607F047FE1B4B23601B4B1B4A1A608C
:10B4F000C3E9014600251A4CC3E90355194B2360E3
:10B50000194BA36000220023C4E90423656016F0F0
:10B5100095F9A061154C002200232046C4E90223BE
:10B52000C4E90423C4E90623114B40F8203B114B26
:10B530004FF001326946CDE900230FF039FD84F860
:10B54000585002B070BD00BF1039002018860208A4
:10B55000543700209C84020830370020A48502085C
:10B560001037002004860208EF934466B0360020AE
:10B570008086020805040076704770477047704760
:10B5800070477047004870471A230308002070472F
:10B59000002070474FF07E507047C82070474FF42E
:10B5A0007A60704770B50F481646F5F7D1FAF4F790
:10B5B0002BFF02460B4600200B4916F0A1FE0B4B59
:10B5C0000022F4F7C1FD044630460D46F4F7FAFEBA
:10B5D00002460B4620462946F4F76EFFF5F71CFAA3
:10B5E00070BD00BF9A99593F000024400000F03F11
:10B5F000002370B50446C0E90C33C0E90E33C0E93E
:10B600001033A0F86030C06D03681B68984723684A
:10B6100020629B6B20469847236820651B6A204662
:10B6200098470646206DF5F745FB4FF07E510546DD
:10B630003046F5F78FFA01464FF07E50F5F746FC9D
:10B6400001462846F5F78EFBF5F78EFDA064E06D08
:10B6500003681B689847E064A06D03681B689847FF
:10B66000A06D0368DB6A984784F82C0070BD2DE953
:10B67000F0410446C06D03681B689847E56C236879
:10B68000451B1B6A0646204698474FF07E51F5F74A
:10B6900061FA01464FF07E50F5F718FC2368074623
:10B6A0009B6B2046984780462846F5F703FB3946B2
:10B6B000F5F758FBF5F758FD054670B14046F5F72C
:10B6C000F9FA3946F5F74EFBF5F74EFDA36CE66443
:10B6D0001D44A84294BFA064A564BDE8F081F8B5FC
:10B6E0001E46002381F8043113780B7017469A091F
:10B6F0000D4601D00020F8BD03F003020923D3401A
:10B7000013F0010319BFB7F80130EB800B81CB8038
:10B710001BBFB7F803302B81012105217C5CAC8075
:10B72000A209032AE6D004F03F0402FB0444E2B27B
:10B73000402ADFD801315418B442DBDC394405F12A
:10B740000A001AF08EF8321B92B2B82A6A80D1D859
:10B75000391905F14A001AF084F80120CBE710B539
:10B760000446406D03681B68984730B9B4F86030F0
:10B7700043F00103A4F8603010BD002383804380B0
:10B78000A0F80231F8E7406D03685B681847C06DA8
:10B79000036810B51B680C469847001B0028D4BFEF
:10B7A0000020012010BDC06D036810B51B680C4659
:10B7B0009847204410BD03682DE9F0411B680546F9
:10B7C0000E469847044630B9686D036831465B6899
:10B7D000BDE8F0411847012812D06F6D3B6820F09A
:10B7E0007F412846D3F80880FFF7DDFF220E013A9B
:10B7F000034631463846C446D2B2BDE8F041604700
:10B80000BDE8F0812DE9F0410446806D0368C2B0C7
:10B810005B68FF2202A99847061E77DD2368A06DAA
:10B820005F6803689B6B98470546A06D03685B6B78
:10B8300098472946024602AB20460096B847606DFD
:10B8400003681B689847054600285FD001463346C9
:10B8500002AA2046FFF743FF002852D0A06D0368DC
:10B860009B6B98474FF08141F5F77CFAF5F756FC52
:10B8700085F80201A76D3B683846D3F80C809B6BB6
:10B880009847324601463846C0470746A06D0368D0
:10B8900031469B68984763690344636123680146A6
:10B8A0005B6906462046984723682846D3F80880F7
:10B8B00001F0C9F93B46024629462046C0472B788D
:10B8C0009B0726D4A36B0133A363236839465B6AC5
:10B8D000324620469847312801461DDD666DB0F599
:10B8E000FA4F3368A8BF4FF4FA4120465F6AFFF76A
:10B8F0005AFF294602463B46304642B0BDE8F04179
:10B900001847606D036829465B68984742B0BDE8F8
:10B91000F081E36B0133E3632946204642B0BDE882
:10B92000F041FFF748BFF0B5456D04462B68C06D88
:10B930001E690368C1B01B68984701462846B04796
:10B9400060B32046FFF793FEA06D0368FF219B685C
:10B950009847A36CB3EB500F4FEA500520D22368F1
:10B9600020461B6A98470646A06C281AF5F7A2F9EC
:10B970004FF07E5105463046F5F7ECF801464FF0A2
:10B980007E50F5F7A3FA01462846F5F79FFAF5F73A
:10B99000EBFB01462046FFF706FFA06141B0F0BD7A
:10B9A000A1692046FFF7F3FE0028F7D0A06D0368D9
:10B9B0001B6B9847F0B1236C01332364E36923B90F
:10B9C000E06D03681B689847E061E06D03681B68E1
:10B9D0009847E369C51A23682046DB6A9847854281
:10B9E00043D9B4F8603043F00203A4F86030636CCC
:10B9F00001336364656DE06D0023E3612B68DE68ED
:10BA000003681B68984701462846B04760600028D5
:10BA1000C4D003788DF80030092203F0030322FA22
:10BA200003F3DB0741BFC388ADF801300389ADF8EC
:10BA3000033054BF0123052382880DF803205D1CC9
:10BA4000027900F10A010DEB050001F0E7F86668E4
:10BA5000728805445319FF2B0CDD606D0368314675
:10BA60005B6898470023636098E7236820469B6AD9
:10BA700098478EE706F14A010DEB050019F0F1FE3B
:10BA8000A06D768803682E4431469B68984705462A
:10BA9000E06D03681B689847E060A06D036832465C
:10BAA0001B6969469847064678B965682368284641
:10BAB0001F6901F0C8F8294602462046B847616868
:10BAC0002046FFF760FE666068E705EB45056908FC
:10BAD0002046FFF768FEA06060E7F8B5416A0446BB
:10BAE000FFF755FE78B1A56D2B685E6A2368204686
:10BAF0001B6B984701462846B0474FF4FA61204631
:10BB0000FFF751FE6062A06D0368DB699847A06D86
:10BB10000368DB6A984794F82C30834217D084F886
:10BB20002C00B0B9E06D03681B6898472062E06D97
:10BB300003681B689847236AC01AB0F5FA5F82BF92
:10BB4000B4F8603043F00403A4F8603001E0002B47
:10BB5000EDD06368002B69D0A06D03685B699847DE
:10BB6000002800F09D80E06D03681B689847E56839
:10BB70002369471B3B442361236839469B6906467A
:10BB8000204698472046FFF772FDA36C9F427CD960
:10BB90000023A364236820461B6A98470646A06CCE
:10BBA000C0F16400F5F786F84FF07E510546304647
:10BBB000F4F7D0FF01464FF07E50F5F787F90146C4
:10BBC0002846F5F783F9F5F7CFFA01462046FFF747
:10BBD000EAFDA061A06D03689B69984761688A8847
:10BBE0004888930902F03F0203FB0222D2B2236885
:10BBF0000232DB6802442046984761680B789B0755
:10BC000055BF236B636B0133013354BF23636363FD
:10BC10002046FFF7B8FD00236360236820465B6B76
:10BC2000984701462046FFF7BEFDA06223682046E4
:10BC30005B6B9847002811DDA16A2046FFF7A7FD3E
:10BC400060B1A06D03689B6A9847236820465B6BD0
:10BC5000984701462046FFF7A6FDA062656DE06D9E
:10BC60002B689E6A03681B68984701462846B047C0
:10BC7000014610B12046FFF79EFD2046FFF7C2FDAA
:10BC80002046BDE8F840FFF74EBE1D44AD1B632DB6
:10BC9000A5647FF67FAFE06D03681B68984798E75F
:10BCA000A1682046FFF773FDA0B1A06D03689B69F2
:10BCB000984761688A884888930902F03F0203FB2D
:10BCC0000222D2B22368023202441B6920469847FE
:10BCD00061689DE7F8BD2DE9F047064608790C46F6
:10BCE0001746984600F08AFF756D88B16388B82BB7
:10BCF0000ED82B6841463046D3F80890FFF753FD25
:10BD00003A46034621462846CC46BDE8F047604700
:10BD10002B68214628465B68BDE8F0471847036852
:10BD2000DB69184710B520220446002119F059FCA0
:10BD3000204610BD10B404460846214610BC0BF046
:10BD400043BD10B50446FFF7EDFF4022002104F18A
:10BD5000200019F046FC204610BD30B50D4689B0D4
:10BD60000446FFF7DFFF2B6869461B682846202240
:10BD7000984720466A4604F120010FF03BFA20461E
:10BD800009B030BDF0B5B1B00146044668460FF0C9
:10BD90004EFA9DF80030013BDBB2FD2B30D81B4B37
:10BDA00020AA03F14007164618685968154603C5CE
:10BDB0000833BB422A46F7D1154B08AA03F1200CE1
:10BDC000174618685968154603C5083363452A465F
:10BDD000F7D12246394610A80FF042F9324669469B
:10BDE00018A80FF03DF9202218A910A819F0CFFBD0
:10BDF00030B910AB13F8012B2AB901302028F9D142
:10BE0000002031B0F0BD0120FBE700BF58870208D9
:10BE10009987020838B50C4605460146202220467F
:10BE2000FFF77DFF20280AD1402205F1200120469E
:10BE3000FFF775FFA0F140035842584138BD00207C
:10BE4000FCE738B50B680C465B68014605462022C6
:10BE50002046984720280BD1236840225B6805F1D3
:10BE6000200120469847A0F140035842584138BD70
:10BE70000020FCE73F2A70B51ED95F2A00F120039D
:10BE800000F1600407D853F8042B41F8042BA342B7
:10BE9000F9D1402070BD1A460D4652F8046B45F8A2
:10BEA000046BA242F9D1403150F8042B41F8042B25
:10BEB0009842F9D16020EDE70020EBE7602A30B42A
:10BEC0000B4613D10A4603F1400400F1200152F859
:10BED000045B41F8045BA242F9D1603352F8041BC1
:10BEE00040F8041B9A42F9D130BC7047402AFBD17C
:10BEF00000F120010A4603F1400453F8045B42F8C4
:10BF0000045BA342F9D130BC0FF091B913B50446DC
:10BF1000084611461A4604F12003009323460FF009
:10BF200095FF02B010BD0B46114600F120021846E5
:10BF30000FF096B80020704770470120704701202D
:10BF400070477047704700207047704770477047D0
:10BF50000020704700207047002070470020704785
:10BF60000020704770B5846D2368054608469E68BA
:10BF700000F069FE01462046B04705220446002134
:10BF8000A86E00F02BFF34235C436423B4FBF3F46E
:10BF9000604370BD08B504220121806E00F01EFFD1
:10BFA0007823584308BD80F00200C0F3400070477A
:10BFB000FFF71EBBFFF791BD08B50B781846FFF7DA
:10BFC000F2FF60B1888810F03F0008D0C3F383030C
:10BFD00040F60830D84000F0010080F0010008BDB4
:10BFE0007FB503689B6C05460C46984770B1207876
:10BFF000FFF7D9FF50B12046694600F0B0FE00249B
:10C00000686D03685B699847844201DB04B070BDCA
:10C01000686D03682146DB699847064608B9013414
:10C02000EEE701462846FFF7C7FF0028F7D002A930
:10C03000304600F094FE08220DEB0201684619F02C
:10C04000A6FA0028EBD196F80331FF2B09D1686DD1
:10C05000036821461B6A984701462846FFF793FB71
:10C06000CEE70133DBB2012B86F80331D7D0EEE700
:10C0700070B50446C06E03681B680E4698470546B7
:10C0800040B1236820469B6C984718B13146204642
:10C09000FFF7A6FF236820465B6C2A463146984787
:10C0A000284670BD024630B50846B1B14F2915D9B2
:10C0B000B1F5CA7F14D28B080A480B4C02F16F010C
:10C0C0008F3211F8015F68408A4204FB00F0F8D11A
:10C0D0000133B0FBF3F203FB120030BD1423EBE796
:10C0E0006423E9E7C59D1C8193010001F8B51C4656
:10C0F0000368DB6C05460E461746984748B1002199
:10C100003846F4F7D7FF20B931462846FFF7CAFF73
:10C1100004442046F8BDF8B58B8803F03F04013C89
:10C12000E4B223F03F031C438C80A40901340D4684
:10C13000E4B201F10A060027AB8803F03F0313FBCA
:10C1400004F3BB4200DCF8BD3046264422463146AB
:10C15000274419F086FBEFE7F8B50A788B88064686
:10C1600010460C46FFF71FFF08B90020F8BDFF2A54
:10C17000FBD003F03F079B090133DBB207FB03331E
:10C18000402B07F10105F0DC336830461B6C984703
:10C190000028EAD0A28892090132D2B207FB0240FD
:10C1A00006F170010A3019F05CFBA38823F03F030D
:10C1B0001D433368A5801B6D214630469847A388F0
:10C1C00003F03F03013340EA0360CFE72DE9F0437A
:10C1D000202B93B080460E4617461D4603D8FFF726
:10C1E000BEFA044620B90024204613B0BDE8F0830F
:10C1F0000346102203F84A2B06F12009324652F872
:10C20000041B43F8041B4A45F9D1D8F864000368BD
:10C210001B6898472A46C4F86A008046394604F1EC
:10C22000AE0019F01EFB05F1640363800DF1040CF0
:10C23000334618685968624603C208334B45944632
:10C24000F7D12A4639460AA8CDF8248019F009FB0F
:10C2500005F1240301AA04F16E013046FFF756FEF2
:10C26000C2E72DE9F04FAFB099469DF8E0A0DDF8A8
:10C27000EC804FEA9A130AF03F0403FB044408F1F0
:10C2800005032344A62B06468B46174604D90025F2
:10C2900028462FB0BDE8F08FFFF761FA0546002869
:10C2A000F5D0202303709BF8003080F84A3096F8D0
:10C2B000703080F84B30494622460DF101008DF870
:10C2C00000A004F1020919F0CCFA04F1B9030DEB56
:10C2D00009006B44B8F1000F12D09DF8E42003F878
:10C2E000B82C3A99424619F0BCFA08EB09036A46A1
:10C2F00005F14C01384600F08EFE02306880C7E739
:10C30000FF2203F8B82CB36E1A6801461668184667
:10C310000422B047A31DEAE77FB509788DF8141011
:10C320000B9903910A9902919DF8241001919DF8AF
:10C330002010009105A9FFF794FF07B05DF804FBFA
:10C340002DE9F8430229DDF8249007460D46904672
:10C350001E4603D809F11103B82B03D90024204647
:10C36000BDE8F883FFF7FBF904460028F6D0AD00DE
:10C37000057098F8003080F84A3097F8703080F8EF
:10C380004B3000F14C01089A4B46304600F043FE1A
:10C3900002306080E3E710B50C46FFF7E0F928B102
:10C3A0000C2303700423C0F84A40438010BD38B505
:10C3B0000D461446FFF7D3F950B12823240103702A
:10C3C00044F00304052380F84A40C0F84B504380F2
:10C3D00038BD2DE9F0470B78FF2B04460E469046FA
:10C3E00048D00368D1F84A909B6D984706F10A0A35
:10C3F0000546DDB949462046FFF7CDFF0746002830
:10C4000038D0327906F10A010A3000F016FC3B7888
:10C41000B88023F0030343F002033B702A464346EF
:10C4200039462046BDE8F047FFF755BC2368314642
:10C430005B6D2046984700F5967080442A46494631
:10C440002046FFF7B4FF074688B1327951460A30DB
:10C4500000F0F3FB3B78B88023F0030343F00203C2
:10C460003B700022434639462046FFF734FC013D2D
:10C47000EDB2BEE7BDE8F08770B591F84A6006F00E
:10C480000F03032BC2B005460C462ED14B88042B5C
:10C490002BD9684600F0A9FB237822798DF800306B
:10C4A00004F10A010DF10A0000F0C7FB6288ADF843
:10C4B0000400013A92B204F14B010DF14A00ADF8CB
:10C4C000022019F0CEF969462846FFF7D1FD60B980
:10C4D00069462846FFF71FFE36094FF4967206FBA1
:10C4E000022269462846FFF774FF002042B070BD63
:10C4F000B82A70B50E46154603D8FFF730F9044642
:10C5000010B90024204670BD2C2300F84A3B2A466F
:10C51000314619F0A6F96580F4E72DE9F0410D7870
:10C520001746C5F38302092A06460C4620D0013B74
:10C53000DAB2022A1CD825F0030545F001050D707A
:10C54000C06E9B018B8003681B6898472378C3F3F8
:10C550008303082B0AD0042B14BF012203223B467D
:10C5600021463046BDE8F041FFF7B5BB0222F6E7B1
:10C57000BDE8F0812DE9F0411F460B789DF8185079
:10C580000646C3F3830009280C4622D0013DE8B2D9
:10C5900002281ED823F003030B701388F06ECB80A3
:10C5A00053880B810368AD011B688D809847227802
:10C5B000C2F38302082A0AD0042A14BF01220322EC
:10C5C0003B4621463046BDE8F041FFF784BB0222DE
:10C5D000F6E7BDE8F0812DE9F0410C46069F25788D
:10C5E00025F0030545F002052570C5F38305092DE7
:10C5F00006461146984618D160884A301A462044AB
:10C6000019F02FF96388434463800023A380052534
:10C61000F06E036821461B6898473B462A46214630
:10C620003046BDE8F041FFF756BB1A4604F10A0058
:10C6300000F003FB2578A080C5F38305A5F108036E
:10C640005D425D41E4E700002DE9F04F0A7802F019
:10C650000303023B012BF3B005460C4662D8C2F33C
:10C660008303092B8E8853D13F2E1AD891F852E0BC
:10C670004F88D1F84A20D1F84E300EF0030C093F14
:10C6800006FA0CF6FFB21FFA86F847450BD80A34B3
:10C6900005680397CDE900E401F153060296AC6EFC
:10C6A000A047002031E05336012200F1700102FA68
:10C6B0000CF2A01918F06BFF0028F2D12B6821466C
:10C6C0001B6C284698470028EBD021462846FFF7E8
:10C6D000CFFC0028E5D194F90201F4F7EFFA4FF00E
:10C6E0007A51F4F73FFB4FF08141F4F73BFBF4F74D
:10C6F00015FDA3885A1C2344A28098722B682146FA
:10C700005B6D2846984740F0C06073B0BDE8F08F7D
:10C710000B2B06F03F0639D191F94A30002B2FDB65
:10C72000002E40D11046FFF73EFC00287FD1237831
:10C73000C3F383020F2AB4D801A151F822F000BF3D
:10C7400077C8000877C8000877C8000841C8000803
:10C7500077CA0008FBC90008FBC9000883C90008A4
:10C7600077C80008A3C6000847CB0008A3C6000886
:10C77000A3C60008A3C60008A3C6000821CB000872
:10C78000002E8ED10368DB6F98478AE7002EC9D050
:10C79000032B08D14B88032B05D90368D1F84A2015
:10C7A000D3F88C309847A28892090132D2B205F1B1
:10C7B000700104F10A0018F0EAFE00287FF471AF5E
:10C7C0002B6821461B6C2846984700283FF469AF28
:10C7D0002378C3F383030A2B2146284604D173B080
:10C7E000BDE8F04FFFF748BE032B0FD1FFF740FC29
:10C7F000064600287FF455AF21462846FFF78BFCFC
:10C80000324621462846FFF7E4FD4AE7FFF730FCB1
:10C8100000287FF446AF21462846FFF77CFC2B68B2
:10C8200021465B6D2846984740F080706DE72B6885
:10C830002146DB6B2846984700283FF478AF30E765
:10C840006388D4F84A60032B7FF62BAF2146284635
:10C85000FFF70EFC00287FF424AF2B683246D3F894
:10C860008C302146284698472146284673B0BDE8BB
:10C87000F04FFFF771BC94F84B308DF81C30638893
:10C8800094F84A60042B7FF60CAF21462846FFF748
:10C89000EFFB074600287FF404AF95F87030B342F1
:10C8A0005ED12B6807A9DB6D2846984704F14C0937
:10C8B00006460DF13C080DF1C00AB74250DA2B686C
:10C8C0003A461B6E41462846984763884A46023BD3
:10C8D0005146404600F0C3FB031E50DD2278296814
:10C8E000C2F38302082A40D19AF800904FEA9912C5
:10C8F00009F03F0602FB0666B21C9B1A56445244DE
:10C90000DBB203920493737803F00F03CDE9019334
:10C910000DF1C1060096D1F86CA043463A46214677
:10C920002846D047D0B12078FFF73DFBB0B10023B7
:10C93000CDE9023301932379009307A904F10A0397
:10C9400042462846FFF78DFC014638B14FF4FA7392
:10C95000009332464B462846FFF73DFEFF232370E7
:10C9600021462846FFF7F8FBCFE6CDE901A3CDF835
:10C9700000804E6E3B4621462846B047EEE7013721
:10C980009BE7638894F84A60232B7FF68AAE2146A2
:10C990002846FFF76DFB00287FF483AE95F87030D2
:10C9A000B3427FF461AF04F14B0607AA04F16B07B1
:10C9B00030687168134603C30836BE421A46F7D181
:10C9C00007AA0FA905F17000FFF7ADFA638830AF31
:10C9D000213B324639460FA800F041FB00287FF783
:10C9E00043AF2B68CDE900700FAA5E6F214607ABFD
:10C9F0002846B047FF23237036E794F84A308DF875
:10CA00001C306388032B7FF64CAE21462846FFF787
:10CA10002FFB064600287FF444AE2B680FAAD3F8FC
:10CA2000847007A904232846B84704F14B0A8046BE
:10CA30000DF13D090DF1C00B464591DA638848467A
:10CA4000013B5246594600F00AFB002809F1210932
:10CA50000FDD2B682278CDE900B006EB4616D3F83F
:10CA600088700FAB3344C2F3830221462846B8478F
:10CA700076E70136E0E70FA8FFF754F90FAE04F1AF
:10CA80004A0304F16A0718685968324603C208333A
:10CA9000BB421646F7D16388D4F86A90632B7FF6C1
:10CAA00000AE20220FA905F1700018F070FD0028DB
:10CAB0003FF4F7AD21462846FFF7DAFA00287FF465
:10CAC000F0AD0FAF0FCF30AE0FC6B4F8028097E8CD
:10CAD0000F00A8F16408B8F1200FA8BF4FF020089C
:10CAE00004F1AE0A86E80F004246514639A8CDF857
:10CAF000E09018F0B6FE08F1240330AA04F16E01AC
:10CB00000FA8FFF717F900283FF4CBAD2B68CDE94C
:10CB100000A80FAA1E6F21464B462846B0471FE7C4
:10CB200003F00303023B012B3FF6BBAD2146284631
:10CB3000FFF79EFA00287FF4B4AD2B682146D3F8A6
:10CB40008030284620E66288022A7FF6AAAD94F853
:10CB50004A3003F00F03032B7FF4A3AD042A7FF6C2
:10CB6000A0AD30A800F041F8237822798DF8C030CC
:10CB700004F10A010DF1CA0000F05FF86288ADF817
:10CB8000C400013A92B204F14B010DF58570ADF885
:10CB9000C22018F066FE30A92846FFF769FA00287F
:10CBA0007FF47FAD2B68DDF80A21D3F88C3030A9F3
:10CBB0002846984775E500BF2DE9F0410D7825F02E
:10CBC000030545F002050D700646C06E036800259A
:10CBD00017460C468D801B6898473B462A462146DF
:10CBE0003046BDE8F041FFF776B80022027082803F
:10CBF000428080F8032180F80421704700F03F0351
:10CC00008009032800F1010206D013FB02F040283E
:10CC1000CCBF0020012070470020704710B5930959
:10CC200002F03F0403FB0444402C04DC224618F0CD
:10CC300018FE204610BD0024FBE710B51446FFF790
:10CC4000EDFF204610BD83889A0903F03F0302FBE5
:10CC5000033342880078DBB2023310F00300134440
:10CC600005D0C21E50425041800018447047042035
:10CC7000FBE770B503780B70092203F0030322FA77
:10CC800003F3DB0741BFC388A1F801300389A1F892
:10CC9000033054BF012305238288CA545E1C0D460D
:10CCA0000446027900F10A01A819FFF7B7FF3044E2
:10CCB000C6B2628804F14A0155FA80F018F0D1FD3D
:10CCC0006388F018C0B270BD2DE9F843002380F8E6
:10CCD000033180F804310B780370164603F0030229
:10CCE0000923D34013F001031DBFB1F80130C38005
:10CCF000B1F8033003810BBF4FF001094FF0050974
:10CD0000C380038111F80950858004462846FFF747
:10CD100075FF8846074618B900273846BDE8F883EE
:10CD2000AB0905F03F0503FB055509F10109EDB21B
:10CD30002A46494404F10A0018F093FD09EB050363
:10CD4000DBB2B342E8D2F21A92B2B82A6280E3D8D8
:10CD500008EB030104F14A0018F083FDDDE730B56C
:10CD60000446A1B002A80D460AF00AFE237801226B
:10CD7000C3F383030DF1070102A88DF807300AF011
:10CD8000E7FE9DF80730092B04D10222211D02A8DD
:10CD90000AF0DEFE628804F14A0102A80AF0D8FE19
:10CDA00008220DEB020029460AF004FF02A80AF04F
:10CDB000CDFD21B030BDA0F14103052B02D837389D
:10CDC000C0B27047A0F16103052B01D85738F7E7CF
:10CDD0003038C0B20A2828BF0020704737B5036832
:10CDE000144604220D461B680DEB0201984701987A
:10CDF000621BB0FBF2F302FB1300284403B030BD0A
:10CE0000F0B50B4D03468E18B14203F1020303D176
:10CE1000002300F81230F0BD11F8014B270904F08F
:10CE20000F04EF5D2C5D03F8027C03F8014CEBE787
:10CE3000548802082DE9F041DFF8308005460C46A1
:10CE40008F18BC4201D1BDE8F08114F8016B3309A1
:10CE500006F00F0618F80310284614F049F818F8E1
:10CE60000610284614F044F8EBE700BF5488020887
:10CE7000F8B5064610460D461446F4F709FAB0EB2D
:10CE8000450F17D1224631468B1BAB4202F10202FD
:10CE900001DB0120F8BD12F8020C12F8017CFFF74B
:10CEA0008AFF04463846FFF786FF40EA041001F87F
:10CEB000010BE9E70020EDE7F0B504460020074646
:10CEC00025780DB1904208DB214614F8012B1AB1E8
:10CED0009A42F9D100230B70F0BD41F8204025465D
:10CEE0002E782C4601351EB19E42F9D127702C4672
:10CEF0000130E5E7F0B59FB01F4616460446684688
:10CF00000D460AF03DFD3A46314668460AF020FEDD
:10CF10002A46214668460AF04DFE68460AF016FD8C
:10CF20001FB0F0BDF0B59FB01F46164604466846D8
:10CF30000D460AF025FD3A46314668460AF008FEDD
:10CF4000DDE9241268460AF003FE2A4621466846B7
:10CF50000AF030FE68460AF0F9FC1FB0F0BD2DE97A
:10CF6000F041B0B0064601A815460C461F4609F030
:10CF7000D1FE3146102201A809F07CFE2E46A6EB18
:10CF80000508B84506DB01A809F05AFE404630B056
:10CF9000BDE8F0813246214601A80AF0ABF8103412
:10CFA0001036ECE72DE9F043B5B0064605A81C465F
:10CFB0000F46154609F0AEFE3146102205A809F0CD
:10CFC00059FE07EB04092E190F2CA9EB0405A6EB5B
:10CFD000040819DC002C0FDD1022002101A818F034
:10CFE00000FB2246414601A818F03BFC294601AA55
:10CFF00005A809F06BFF103505A809F021FEED1B0F
:10D00000284635B0BDE8F0834246294605A809F018
:10D010005DFF103CD8E7F0B58F1CA1B00E46394635
:10D020000546FFF7BFFF044602A80AF0A9FC2946FF
:10D0300002A820220AF00BFE2246394602A80AF076
:10D0400087FD0223009320223346294602A80AF0D6
:10D0500016FE02A80AF07AFCA01C21B0F0BD2DE952
:10D06000F043022BA3B005460F4616461C4603DCD0
:10D07000002023B0BDE8F08304A80AF081FC06F18B
:10D0800002082022294604A8023C0AF0E0FD4FF0E5
:10D0900002092246414604A80AF05AFD20222946E8
:10D0A00003AB04A8CDF800900AF0E9FD04A80AF04B
:10D0B0004DFC4A46314603A818F069FA0028D7D13A
:10D0C0002346424639462846FFF749FFD1E7037811
:10D0D0000B70427862B343F010030B708368C1F8A1
:10D0E0000130C368C1F805300923028A32B10A78D9
:10D0F00042F020020A70028ACA520233428A32B1D6
:10D100000A7842F040020A70428ACA5202334268E8
:10D1100062B1127852B10A7862F07F020A704268F6
:10D12000013A12F8010F08B1202B03D1D8B2704791
:10D130000123DAE7C8540133F3E738B500238370DD
:10D1400004460878E362C4E909336370C30641BF4B
:10D15000D1F801306362D1F80530A3624CBF0923D6
:10D160000123850642BFCD5AA5850233450642BF3D
:10D17000CD5AE58502339A4220700DDB000609D5B1
:10D18000D51A07D02A461944A01C18F06AFB621968
:10D190000023937001236370204638BD10B5202210
:10D1A0000021044618F01DFA4FF4E1634FF4967223
:10D1B000C4E90223054B4FF4FA71C4E904134FF498
:10D1C0006163A3610123237710BD00BF1E00F4013A
:10D1D00001480BF039BC00BF183900202DE9F0439D
:10D1E00007460024ADF5037D08463960C7F8844C36
:10D1F0003E4990460BF059FD00284DD03AA83B4AD5
:10D20000396823460BF047FD3AA80BF0ACFE002826
:10D2100042D04FF0A00912A8FEF784FDA022002101
:10D2200012A818F0DEF9202202A93AA80BF019FE84
:10D23000202804462DD101221AA93AA80BF011FE8C
:10D240000128054625D1042235A93AA80BF009FE8C
:10D2500004281ED1022201A93AA80BF002FE0228DE
:10D2600017D12A460DF169013AA80BF0FAFD012801
:10D270000FD140220DF16A013AA80BF0F2FD4028CF
:10D2800007D122460DF1AA013AA80BF0EAFD2028A9
:10D2900006D03AA80BF01FFE0DF5037DBDE8F08324
:10D2A00002AD0FCD0AAC0FC495E80F0084E80F0063
:10D2B0000AAE0FCE12AD0FC594E80F0085E80F003F
:10D2C000404602AA0DF1AA01FEF72DFED7F8840C04
:10D2D0001328DEDC431C09FB0070C7F8843CA02245
:10D2E00012A9043018F0BDFA95E700BF658802085E
:10D2F0002DE9F843D0F8849C0E461746041D0025FE
:10D30000A94504DC4FF000084046BDE8F8832146FB
:10D310003A46304618F03BF9A046A0340028F3D036
:10D320000135EDE72DE9F74FD0F8848C05460C4622
:10D33000914600F6E436071D4FF0000A4FF0FF3B20
:10D34000D04525DCB8F1140F07D008F10103C5F86A
:10D35000843CA02303FB08552E1DA022002130464B
:10D3600018F03FF9234686F82090344603F1200553
:10D3700018685968224603C20833AB421446F7D1F5
:10D38000FF2386F821303346184603B0BDE8F08FFE
:10D39000202239462046019718F0F9F83B4600282C
:10D3A000F2D097F8203003F00303032B05D0D7F811
:10D3B00088305B453CBF3E469B460AF1010AA037D8
:10D3C000BEE700002DE9F04188B015469DF8388091
:10D3D00018F0030F04460F461A461FD12946FFF7DF
:10D3E00087FFE8B1D4F8845C1C4A6B1EC4F8843C07
:10D3F000231DC31A581150432A1AA0214A43A03AA8
:10D4000003F1A40104338542D8BF00222144E0186F
:10D4100018F0CDF8012008B0BDE8F0811F2B01DC29
:10D420000020F8E76A462B4605F1200E944618685E
:10D430005968164603C6083373453246F7D161462C
:10D4400000222046FFF76EFF2A4680F8208000F178
:10D4500062013846FEF767FDDCE700BFCDCCCCCCDF
:10D460002DE9F0430C46CBB0016006463149204619
:10D4700017460BF026FC02A82E4A012321460BF08A
:10D480000AFC02A80BF06FFDE0B10025ADF80450D6
:10D4900006F16604D6F8843CAB4210DD14F8423C39
:10D4A00013B90135A034F5E7A4F162086FB941461C
:10D4B000202202A80BF019FC202880460AD002A8DE
:10D4C0000BF009FD4BB0BDE8F0834046B84700289B
:10D4D000EDD1E6E70122A4F1420102A80BF005FC20
:10D4E00001288146EBD1042204F12A0102A80BF0A5
:10D4F000FCFB0428E3D1022201A902A80BF0F5FBF2
:10D500000228DCD14A46A4F1410102A80BF0EDFB50
:10D510000128D4D14022A4F1400102A80BF0E5FB80
:10D520004028CCD14246214602A80BF0DEFB202841
:10D53000B7D0C4E76588020810B5421E0A2400204F
:10D5400012F8013F303BD9B2092900D910BD04FBC4
:10D550000030F5E738B50C4617490546F3F78EFE5F
:10D5600028B316492846F3F789FE00B31449284624
:10D57000F3F784FED8B113492846F3F77FFEB0B124
:10D5800011492846F3F77AFE70B110492846F3F79F
:10D5900075FE48B10E492846F3F770FE20B10D49DB
:10D5A0002846F3F76BFE20B92070012038BD01201A
:10D5B000FAE70020FAE700BFCA950208FC8A0208D1
:10D5C0008D8E02082A900208D78F02080D89020862
:10D5D00071880208819502082DE9F041FEB036AD50
:10D5E0000446002328460BF056FB28460BF0BBFCF4
:10D5F000002800F094836168042228460BF031FC77
:10D6000061682022043128460BF02BFC042204A977
:10D6100028460BF026FC61680822283128460BF0CA
:10D6200020FC61680822303128460BF01AFC616842
:10D630001022383128460BF014FC6168042248316E
:10D6400028460BF00EFC616801224C3128460BF095
:10D6500008FC616801224D3128460BF002FC61682C
:10D6600001224E3128460BF0FCFB012204A928467A
:10D670000BF0F7FB61680422503128460BF0F1FBF8
:10D6800061680422543128460BF0EBFB61681022DC
:10D69000583128460BF0E5FB6168042268312846C2
:10D6A0000BF0DFFB042204A928460BF0DAFB6168CB
:10D6B0000122703128460BF0D4FB616801227131E0
:10D6C00028460BF0CEFB61680122723128460BF030
:10D6D000C8FB61680122733128460BF0C2FB616808
:10D6E0000422743128460BF0BCFB616801227A31B8
:10D6F00028460BF0B6FB6168012201F22111284691
:10D700000BF0AFFB6168012201F5917128460BF027
:10D71000A8FB012204A928460BF0A3FB61680122A3
:10D72000783128460BF09DFB616801224F31284675
:10D730000BF097FB61680122793128460BF091FBD1
:10D74000616801227B3128460BF08BFB6168022265
:10D750007C3128460BF085FB616801227E3128462A
:10D760000BF07FFB61680422803128460BF079FBC7
:10D7700061680122843128460BF073FB6168102236
:10D78000853128460BF06DFB6168012295312846F2
:10D790000BF067FB032204A928460BF062FB6168CB
:10D7A0000122963128460BF05CFB61680422983117
:10D7B00028460BF056FB616801229C3128460BF08D
:10D7C00050FB61680422A03128460BF04AFB6168D7
:10D7D0000422A43128460BF044FB61687822A8316A
:10D7E00028460BF03EFB6168012201F59071284646
:10D7F0000BF037FB63680422D3F82481CDF80C804A
:10D8000003A928460BF02DFB6368042804BF039A84
:10D81000C3F824210DF1020193F828318DF802306C
:10D82000012228460BF01DFB012802BF63689DF80A
:10D83000022083F828216368012293F829318DF8AA
:10D8400003300DF1030128460BF00BFB012802BF4A
:10D8500063689DF8032083F829211C2200210DEB29
:10D860000200069117F0BDFE202206A928460BF003
:10D87000F8FA20280DD1626806AB02F595720EAF5A
:10D880001E4603CEBE4210605160334602F10802CC
:10D89000F6D100213C2217A8169117F0A2FE4022D3
:10D8A00016A928460BF0DDFA402826AE0CD1626896
:10D8B00016AB02F5A5721F4603CFB7421060516048
:10D8C0003B4602F10802F6D100213C2227A8316034
:10D8D00017F087FE4022314628460BF0C2FA402856
:10D8E0000BD1636803F5C573324603CAAA421860B8
:10D8F0005960164603F10803F6D163680222B3F8B3
:10D90000CA31ADF80A300DF10A0128460BF0A9FA28
:10D910006368022804BFBDF80A20A3F8CA2101A940
:10D9200093F8CC318DF80430012228460BF099FA97
:10D93000012802BF63689DF8042083F8CC21636846
:10D94000012293F8CD318DF805300DF105012846FF
:10D950000BF087FA012802BF63689DF8052083F861
:10D96000CD216368012293F8CE318DF806300DF198
:10D97000060128460BF075FA012802BF63689DF87E
:10D98000062083F8CE21666806F5E8760FCE0EAF46
:10D990000FC796E80F0087E80F0020220EA928463F
:10D9A0000BF05FFA2028D4F804C008D10EAE0FCED9
:10D9B0000CF5E8770FC796E80F0087E80F009CF892
:10D9C000F0318DF8073001220DF1070128460BF0E8
:10D9D00048FA012802BF63689DF8072083F8F02108
:10D9E0006368012293F8F1318DF8083002A92846C6
:10D9F0000BF037FA012802BF63689DF8082083F80E
:10DA0000F1216368012293F87F308DF809300DF120
:10DA1000090128460BF025FA012802BF63689DF82A
:10DA2000092083F87F206668376D00213846F3F7B8
:10DA300037FB002840F07681BB493846F3F74EFBB0
:10DA400000B1B94F3765776D00213846F3F728FBF1
:10DA5000002840F077814FF080413846F3F73EFBD5
:10DA600008B14FF080477765B76E00213846F3F76D
:10DA700017FB002840F068814FF080413846F3F7EB
:10DA80002DFB08B14FF08047B76637680021384654
:10DA9000F3F706FB002840F05981A4493846F3F714
:10DAA0001DFB00B1A14F3760B76CA1493846F3F7B1
:10DAB000F7FA002840F04C819E493846F3F70EFBF8
:10DAC00000B19C4FB764776F9B493846F3F7E8FA8B
:10DAD000002840F03F8199493846F3F7FFFA00B13A
:10DAE000964F96F8703077670C2B28BF0C23052BC8
:10DAF00038BF052386F87030626892F87130082BC1
:10DB000028BF0823052B38BF052382F871306268CF
:10DB100092F94C301E2BA8BF1E236FF008018B42D8
:10DB2000B8BF0B4682F84C30626892F87330012B14
:10DB300028BF012382F873306768D7F8A4600021FA
:10DB40003046F3F7ADFA002840F006817C493046B4
:10DB5000F3F7C4FA00B17A4E97F82131C7F8A46000
:10DB6000022B28BF022387F82131626892F87B30AC
:10DB7000012B28BF012382F87B306368B3F87C2037
:10DB800042F210718A4228BF0A46A3F87C2093F81B
:10DB90007E20012A28BF012283F87E20626892F845
:10DBA0007F30012B28BF012382F87F306268D2F8D2
:10DBB0008030B3F5E13F28BF4FF4E133B3F5165F92
:10DBC00038BF4FF41653C2F8803092F884300E2BD1
:10DBD00028BF0E2382F884306368B3F8CA211AB9CB
:10DBE00041F26802A3F8CA2193F89520012A28BFC0
:10DBF000012283F89520626892F8CC31012B28BF6E
:10DC0000012382F8CC31626892F89630012B28BF4C
:10DC1000012382F89630626892F89C30022B28BF6C
:10DC2000022382F89C30626892F82031012B28BFD1
:10DC3000012382F820316668D6F824710021384625
:10DC4000F3F742FA28B14FF07E513846F3F732FA33
:10DC500008B9C6F8248196F82931012B28BF012381
:10DC600086F82931626892F8CD31012B28BF012353
:10DC700082F8CD31626892F8CE31012B28BF0123A2
:10DC800082F8CE31626892F8D031012B28BF01238F
:10DC900082F8D031626892F8D131012B28BF01237C
:10DCA00082F8D131626892F8D231012B28BF01236A
:10DCB00082F8D231626892F8D331012B28BF012358
:10DCC00082F8D331626892F8D431012B28BF012346
:10DCD00082F8D431626892F8EC310A2B28BF0A230B
:10DCE00082F8EC31626892F8F031012B28BF0123F1
:10DCF00082F8F031636893F8F12112B9182283F8A1
:10DD0000F121626892F8F131A82B28BFA823012BDA
:10DD100038BF012382F8F13128460BF0DCF87EB0E1
:10DD2000BDE8F08100278DE60000A0410000104111
:10DD30000000164300401C459A99F9400000FA4340
:10DD40000000204100278EE600279DE60027AAE676
:10DD5000024FB7E6024FC4E60026FDE60000164378
:10DD60009A99F940426892F84E305B003B2BDCBF39
:10DD7000002382F84E30806803681B681847000053
:10DD80002DE9F0431446426892F89C3087B0151D87
:10DD900063B98DF804108DF805300295214601A86D
:10DDA0000593FFF794F907B0BDE8F083012B1FD16D
:10DDB0000269D2E90289D2E904678DF804108DF86E
:10DDC000053040460EA3D3E9002349460295F2F7F9
:10DDD00073FBF2F721FE0AA3D3E90023039039462F
:10DDE0003046F2F769FBF2F717FE00230490D5E7FF
:10DDF000D2E90A89D2E90C6701238DF80410DEE725
:10DE00000000000080842E412DE9F047171DA8B0C6
:10DE1000044689461546A4490A2238461E4617F08C
:10DE2000B6FB00284AD105F10E0016F086F9F2F78C
:10DE30003BFE4FF07E510546F3F732F920B99B497E
:10DE40002846F3F74BF930B19949304628B0BDE880
:10DE5000F04717F0FEBC294694486768F3F736F898
:10DE60004FF07E51F2F774FE38602046FFF77AFFDC
:10DE700063684FF07E511868F2F76CFE01468B48DC
:10DE8000F3F724F80546F3F749F90446F2F716FFCD
:10DE900001462846F2F75CFE8649F2F763FF4FF031
:10DEA0007C51F2F757FEF3F739F9834903462246CE
:10DEB000304628B0BDE8F04717F0A8BA7F490322E2
:10DEC000384617F064FB50B9E81D16F036F9F2F742
:10DED000EBFD656828602046FFF744FFADE3784915
:10DEE0000B22384617F053FB38B905F10F0016F036
:10DEF00027F9636883F87900EDE772491322384601
:10DF000017F045FBC0B905F1170016F019F9002804
:10DF10006368B8BF0330801083F87A002046FFF7AB
:10DF200021FF6368684993F87A209200304628B050
:10DF3000BDE8F04717F06ABA64490B22384617F07B
:10DF400026FB38B905F10F0016F0FAF8636883F87C
:10DF50007300C0E75E491022384617F018FB60B91D
:10DF60005C49022205F1140017F011FB6368B0FA56
:10DF700080F0400983F87200ADE757491622384611
:10DF800017F005FB90B905F11A00FFF7D5FA431E0B
:10DF9000012B01D9A82801DD504956E7636883F8B1
:10DFA0004F00A0680368DB69984794E74C4910224A
:10DFB000384617F0ECFAA8B905F11400FFF7BCFADF
:10DFC000431E3A2B01D9F02802DD46493C22ADE739
:10DFD000636800EBD070401083F84E00A0680368BF
:10DFE0009B69E1E740490F22384617F0D0FA38B96B
:10DFF0006068102205F11301583002F07FFD6AE7D6
:10E000003A490822384617F0C2FA38BB05F10C022B
:10E0100040216846FEF72CFFF0B16846FDF7B2FEDE
:10E02000D0B110A8FDF78DFE40220DEB020069462D
:10E03000FDF744FFA068036810A91B6E98472C49A0
:10E04000304617F006FC202210A906F12100FEF749
:10E05000D7FE28B0BDE8F0872649F6E62649052216
:10E06000384617F094FA00284CD1244905F10802EB
:10E0700012F8013F2BB96068202205F10901043034
:10E08000BBE73A2B09D8292BF2D92A3BDBB221FA7C
:10E0900003F3DB07ECD51A49D7E63F2BFBD05B3BFC
:10E0A000022BE5D8F7E700BFE58802080000C84268
:10E0B000F0880208000020410F8902081C8902082C
:10E0C000208902082C890208408902085C8902081C
:10E0D00068890208CA9502087989020890890208AD
:10E0E0007F890208B5890208DD890208ED890208E6
:10E0F000F6890208188A0208278A0208050001002A
:10E10000CA8D0208A4490722384617F040FAC0B960
:10E11000A249032205F10B0017F039FA6368B0FA3F
:10E1200080F0400983F84D002046FFF71BFE63682E
:10E130009B4A93F84D109B4B00290CBF1146194682
:10E1400083E699490F22384617F021FAD0B91335E2
:10E1500096490222284617F01AFAD8B194490422A7
:10E16000284617F014FAB0FA80F04009636883F883
:10E17000CC012046FFF7F6FD63688E4A93F8CC1178
:10E180008D4BD9E78D490A22384617F000FA18B9A5
:10E190000E35DDE70120E9E789490622384617F008
:10E1A000F6F98046002857D104F11C0305F10A0155
:10E1B00018461D4617F04DFB2C23042210A92846B3
:10E1C000FEF77AFE071E45DD1098414616F048FF1F
:10E1D000012F82463ED01198414616F041FF022F92
:10E1E000814637D0129815F0ABFF032F054604D0B7
:10E1F000139815F0A5FF5FFA80F872495046F2F7C0
:10E2000063FF38B370495046F2F754FF10B3EDB2D4
:10E210006B1F072B1ED8A8F10503032B1AD86B49D7
:10E220004846F2F751FFA8B169494846F2F742FF64
:10E2300080B1636883F87050636883F871806368A5
:10E24000A068C3F848A0C3F8749003681B68984797
:10E250006049FAE56049F8E560490422384617F05C
:10E2600096F938B905F10800676815F066FFC7E947
:10E270000A0130E65A490422384617F088F938B9BD
:10E2800005F10800676815F058FFC7E90C0122E6A0
:10E2900054490822384617F07AF978B905F10C008C
:10E2A00015F04BFFF2F700FC00210546F2F70CFFDA
:10E2B00010B163681D650EE64B49C6E54B4908225F
:10E2C000384617F064F970B905F10C0015F035FF08
:10E2D000F2F7EAFB00210546F2F7F6FE0028EBD044
:10E2E00063685D65F7E542490A22384617F04FF941
:10E2F00060B905F10E0015F023FFC0B2402803D825
:10E30000636883F87800E6E53A499EE53A491222C7
:10E31000384617F03CF9B0B905F1160015F00DFFBD
:10E32000F2F7C2FB00210546F2F7CEFE48B14FF0EE
:10E330007E512846F2F7BEFE18B16368C3F8245137
:10E34000C9E52E4981E52E491122384617F01FF9FB
:10E3500078B905F1150015F0F3FE6B7D303B092B04
:10E3600005D8FF2803D8636883F82801B3E5254959
:10E370006BE525491522384617F009F9002847D1E1
:10E38000616805F1190001F22911FFF7E3F800288F
:10E390007FF4A1AD1D4958E52D8A0208D78F0208E8
:10E3A0009088020879880208358A0208CA9502080E
:10E3B000698F0208C5880208A6880208458A0208F3
:10E3C000BF9302080000164300401C450000E040D7
:10E3D0000000FA43508A0208658A0208818A02080E
:10E3E000868A02088B8A0208948A0208268C020810
:10E3F000AE8A0208B98A0208C78A0208DA8A0208C5
:10E40000FE8A0208108B0208318B0208478B020833
:10E41000A5491122384617F0BAF828B1A3490B22B2
:10E42000384617F0B4F850B92B796168662B0CBFE9
:10E4300005F1150005F10F0001F2CD11A5E79C498A
:10E440001322384617F0A3F828B19A490D2238460E
:10E4500017F09DF850B92B796168662B0CBF05F158
:10E46000170005F1110001F5E7718EE792490D22C1
:10E47000384617F08CF828B190490622384617F034
:10E4800086F850B9AB7A6168652B0CBF05F11100B5
:10E4900005F10A0001F5E87177E789490F2238464E
:10E4A00017F075F828B9616805F1130001F2D11170
:10E4B0006BE784491022384617F069F828B961687B
:10E4C00005F1140001F5E9715FE77F491122384633
:10E4D00017F05DF810BB616805F1150701F2D31163
:10E4E0003846FFF737F800287FF4F5AC6B7D303BFA
:10E4F000092B11D8384615F023FEC0B20A2809D8D6
:10E50000636883F8EC016368003818BF012083F862
:10E51000D301E0E46D4998E46D4996E46D490D221C
:10E52000384617F034F828B9616805F1110001F593
:10E53000EA712AE768490F22384617F028F878B9B7
:10E5400005F1130015F0F9FDF2F7AEFA00210546CA
:10E55000F2F7BAFD00283FF4AFAE63689D66BAE4F7
:10E560005E490B22384617F012F898B963680E35E9
:10E57000A83315F8011F21B16268A8329A1A762AC9
:10E5800002D900221A70A6E47C2908BF0A2103F8E8
:10E59000011BEEE752490F22384616F0F8FF60B92A
:10E5A00005F1130015F0CCFDC0B2022803D8636852
:10E5B00083F821018FE44B4947E44B490C2238464C
:10E5C00016F0E5FF18BB103548490322284616F01F
:10E5D000DEFFA0B146490722284616F0D8FF68B1F1
:10E5E00044490822284616F0D2FF60B1424906226B
:10E5F000284616F0CCFF40B1404926E4012063686C
:10E6000083F8220167E40220F9E70320F7E73C4999
:10E610000322384616F0BBFF88B9E81D15F090FDBF
:10E62000636883F84C002046FFF79CFBD4E9012087
:10E63000036892F94C10DB6A9847324905E4B9F156
:10E64000000F11D130490522384616F0A0FF58B905
:10E6500005F1090015F071FDF2F726FA6568A86466
:10E660002046FFF77FFBF3E528490F22384616F0D6
:10E670008EFF00284ED12649022205F1130016F024
:10E6800086FF6368B0FA80F0400983F87B00D4E924
:10E69000013093F87B1003680039D3F8883018BF35
:10E6A0000121984717E400BF618B0208678B0208BD
:10E6B000738B0208798B0208878B0208958B0208FE
:10E6C0009C8B0208AC8B0208BD8B0208CF8B020822
:10E6D000F28B0208118C02081F8C02082F8C020892
:10E6E0003B8C02084B8C0208648C0208D78F02080E
:10E6F000DD8F0208E78F0208F28F0208718C020892
:10E70000A38C02089D810208A78C0208AD8C020828
:10E71000CA9502084A490D22384616F038FF78B9E2
:10E7200005F11100FEF708FF42F21073984204D879
:10E730006368A3F87C00FFF7CEBB4249FFF785BBB7
:10E7400041490E22384616F022FF68B93F4902229D
:10E7500005F1120016F01BFF6368B0FA80F0400963
:10E7600083F87E00FFF7B7BB39490A22384616F016
:10E770000EFF68B93749022205F10E0016F007FFB7
:10E780006368B0FA80F0400983F87F00FFF7A3BB0D
:10E7900031490C22384616F0FAFEB0B905F11000E6
:10E7A00015F0CEFC2D4BA0F516529A4208D863689E
:10E7B000C3F88000A0680368D3F88C30FFF7F4BB7F
:10E7C00027494FF4E132FFF7B1BB26490F22384603
:10E7D00016F0DDFE78BB05F1130015F0AEFCF2F784
:10E7E00063F963680146C3F8A400E06803689B68A6
:10E7F0009847C8B12046FFF7B5FA6368D3F8A4403C
:10E8000000212046F2F742FC10B11749FFF71DBB6B
:10E810002046F1F7F9FD0B4614490246304628B070
:10E82000BDE8F04716F0F2BD636811490022C3F855
:10E83000A420FFF70ABB0F493A46FFF777BB00BF9A
:10E84000BD8C0208CB8C0208F38C0208028D0208F2
:10E85000058D0208CA950208108D0208809C0100EF
:10E860001D8D0208468D0208568D02087A8D020819
:10E87000968D0208B78D02082DE9F041151D96B05E
:10E8800006460F4690469E49092228461C4616F029
:10E890007EFE28BB73684FF07E511868F2F75AF974
:10E8A00001469848F2F712FB0646F2F737FC054698
:10E8B000F2F704FA01463046F2F74AF99249F2F7C4
:10E8C00051FA4FF07C51F2F745F9F2F727FC8F49E6
:10E8D00003462A46204616B0BDE8F04116F096BD24
:10E8E0008B490222284616F052FE30B97368186828
:10E8F00002F01EF90246874909E087490A222846A4
:10E9000016F045FE48B9736893F87920834920468C
:10E9100016B0BDE8F04116F079BD814912222846B3
:10E9200016F035FE20B9736893F87A209200EDE76F
:10E930007C490A22284616F02AFE18B9736893F813
:10E940007320E3E778490F22284616F020FE28B905
:10E95000736893F87210754A754B53E17549152227
:10E96000284616F014FE18B9736893F84F20CDE7C7
:10E9700071491122284616F00AFE18B97368D3F8B7
:10E980002401B5E76D491022284616F000FE20B993
:10E9900073686B4993F82821B9E76A49142228461D
:10E9A00016F0F5FD18B9736893F82911D3E7664995
:10E9B0001022284616F0EBFD28B164490A222846A9
:10E9C00016F0E5FD18B9736893F8CD11C3E76049F7
:10E9D0001222284616F0DBFD28B15E490C2228469B
:10E9E00016F0D5FD18B9736893F8CE11B3E7BFB927
:10E9F00059490B22284616F0CAFD38B9B068036899
:10EA00005B6C214616B0BDE8F041184753490B2214
:10EA1000284616F0BCFD18B9B06803685B6DF0E7D6
:10EA20004F490E22284616F0B2FD18B9736893F8C4
:10EA3000D11190E74B490F22284616F0A8FD18B9CE
:10EA4000736893F8D21186E747491022284616F0DA
:10EA50009EFD58B97368364993F8D301334A93F849
:10EA6000EC31002818BF0A46404933E740490C22E0
:10EA7000284616F08CFD18B9736893F8D4116AE72C
:10EA80003C490C22284616F082FD20B13A4928461E
:10EA9000F2F7F4FB18B9736893F8D0115BE73749C4
:10EAA0000A22284616F073FD18B9B06803689B6CFB
:10EAB000A7E733490F22284616F069FD28B13149EE
:10EAC0000F22284616F063FD18B9B0680368DB6CA6
:10EAD00097E74FB92C490B22284616F058FD18B974
:10EAE000B06803681B6D8CE728490F22284616F092
:10EAF0004EFD00284CD1736893F84E20520005E774
:10EB0000E78D02080000C84200002041F18D020894
:10EB1000FB8D0208FE8D0208038E02080E8E02088D
:10EB2000138E0208268E0208318E0208D78F020843
:10EB3000CA950208418E0208578E0208698E0208A3
:10EB40007A8E02087F8E0208948E02089A8E02083E
:10EB5000A58E0208AB8E020810940208B88E020837
:10EB6000C48E0208D38E0208E38E0208F48E0208D7
:10EB7000FC8E0208098F0208168F02083B940208D7
:10EB80001C8F02082C8F020864940208478E02082A
:10EB90009A490E22284616F0FAFC10B972685832CB
:10EBA000A9E6DFB996490722284616F0F0FCA8B975
:10EBB000B0680368DB6D9847402206A9FDF75AF953
:10EBC0001C36024606A93046FEF71AF98D49324630
:10EBD000204616F01BFC16B0BDE8F0818A490422DD
:10EBE000284616F0D4FC10B97268043283E68749CF
:10EBF0000622284616F0CBFC40B97368844A93F885
:10EC00004D10844B002918BF1A4674E682490E2223
:10EC1000284616F0BCFC28B180490922284616F087
:10EC2000B6FC18B9736893F8CC1194E67C490322BA
:10EC3000284616F0ACFC28B97368D3E90A01F1F74D
:10EC400033FF55E677490322284616F0A0FC18B991
:10EC50007368D3E90C01F2E773490522284616F0E0
:10EC600096FCE8B97368986C01F062FF014602A84F
:10EC700016F0EFFD7368586F01F0D0FF014606A84B
:10EC800016F0E7FD7368694993F87120019293F8D3
:10EC90007030009302AA06AB204616F0B7FB9AE745
:10ECA00063490722284616F072FC10B97368186D84
:10ECB0001EE660490722284616F069FC10B9736801
:10ECC000586D15E65C490922284616F060FC18B913
:10ECD000736893F8782019E658490E22284616F0F2
:10ECE00056FC10B97368986E02E655490A22284608
:10ECF00016F04DFC90B922463E2302F8023B202339
:10ED000063707168A73111F8013F0BB9137062E7A6
:10ED10000A2B08BF7C2302F8013BF4E749490E2285
:10ED2000284616F034FC18B9736893F82121EDE5F4
:10ED300045490B22284616F02AFC98B9736893F8C7
:10ED4000223133B94149204616B0BDE8F04116F0F2
:10ED500080BD012B01D13E49F5E7022B0CBF3D4997
:10ED60003D49F0E73D490222284616F010FC40B923
:10ED700098F8063013F0DF0F03D1736893F94C2035
:10ED8000C4E537490422284616F001FC10B973681F
:10ED9000986CADE533490A22284616F0F8FB78B99D
:10EDA0003149204616F055FDB0680368DB6D984781
:10EDB00020220146A01C16B0BDE8F041FEF720B8A5
:10EDC0002A490422284616F0E2FB20B9B0680368FD
:10EDD000DB6898478EE526490B22284616F0D7FBBC
:10EDE00008B9244A87E524490E22284616F0CFFBAD
:10EDF000002843D1736893F87B10ACE53C8F020880
:10EE00004B8F0208FE8D0208538F0208588F0208AC
:10EE1000CA950208D78F02085F8F02086E8F02081A
:10EE2000788F02087C8F020818960208808F0208EB
:10EE30008E8F0208A78F0208968F0208A08F020803
:10EE4000AF8F0208BA8F0208C98F0208D58F020857
:10EE5000DB8F0208E58F0208F08F0208F98F0208A5
:10EE6000FC8F020801900208218402080C9002081D
:10EE7000119002081D9002082390020837490C22C5
:10EE8000284616F084FB18B97368B3F87C203DE57A
:10EE900033490D22284616F07AFB28B97368314AA7
:10EEA00093F87E10304BADE630490922284616F023
:10EEB0006EFB18B9736893F87F104CE52C490B2250
:10EEC000284616F064FB18B97368D3F880201DE556
:10EED00028490E22284616F05AFB08B9264932E77F
:10EEE00026490E22284616F052FBB0B9F068036896
:10EEF000DB68984700210546F2F7C8F808B12049B9
:10EF000021E72846F1F780FA0B461E4902462046C3
:10EF100016B0BDE8F04116F079BA1B490E2228461A
:10EF200016F035FB08B919490DE719490D22284695
:10EF300016F02DFB08B9174905E717491122284695
:10EF400016F025FB0028F6D014490D22284616F0AD
:10EF50001EFB0028EFD012492A46D8E4329002085E
:10EF60003F900208E18D0208DB8D02084D900208F7
:10EF70005790020863900208729002088590020878
:10EF8000968D0208949002089B900208AA900208AD
:10EF9000B8900208C6900208EC900208FE900208A1
:10EFA0000C910208F0B5002387B013700446154693
:10EFB00008462023042202A9FDF77EFF0128074608
:10EFC00006D002280BD198490398F2F757F948B9AF
:10EFD0006069A022294601F0D3FA07B0F0BD0128EC
:10EFE00040F37D81039E91493046F2F747F920B9FD
:10EFF000A06803689B6F9847EFE78D493046F2F7AA
:10F000003DF9C0B9D4E9000603681B689847C6F803
:10F01000A0002046FEF7A6FEA0680368DB6F9847B5
:10F02000844A8549002808BF1146284607B0BDE834
:10F03000F04016F00EBC022F63DD80493046F2F737
:10F040001DF960B90499606901F0AEF928B103793E
:10F0500023F0010303717849E7E77949E5E7794946
:10F060003046F2F70BF948B90499606901F09CF950
:10F070000028F2D0037943F00103EBE772493046F0
:10F08000F2F7FCF838BB0499606901F08DF9064687
:10F090000028E2D04188606901F0C4F93379721D1B
:10F0A00070B1018861B1694913F0010F684B18BF55
:10F0B0000B4600936749431D284616F0A7F98CE7D5
:10F0C000634913F0010F2846604B08BF0B466249A5
:10F0D00016F09CF981E761493046F2F7CFF808BB9A
:10F0E0000499606901F060F906460028B5D0014630
:10F0F000606901F0B2F95A49721D284616F086F986
:10F100006BE740F0EC8055493046F2F7B7F800283D
:10F1100047D1606901F09EF910B1421D5149ECE7F9
:10F12000514AFBE751493046F2F7A8F8002848D188
:10F13000049F4F493846F2F7A1F80646606976B950
:10F14000314601F094F9A06803683146D3F8803065
:10F150009847A0680368DB6F9847464965E73946DA
:10F1600001F022F9064638B90023049960691A466D
:10F1700001F0CCF8064690B1002333716069314646
:10F1800001F075F9A06803683146D3F880309847DC
:10F19000A0680368DB6F98473749721DADE73749B0
:10F1A00043E732493046F2F769F8002840F097808B
:10F1B000606901F056F910B1421D31499DE72C4AB2
:10F1C000FBE730493046F2F759F8B8B9032F6069C8
:10F1D00005D0059901F0E8F818B92B4925E700F2A8
:10F1E0008C40028804996069002301F08FF808B907
:10F1F00026491AE700232649037116E725493046B8
:10F20000F2F73CF800284BD10499606901F04EF800
:10F21000014638B1606901F02EF900287FF41BAF78
:10F220001D4902E71D4900E7279102082C910208B9
:10F2300031910208139102089D810208369102085B
:10F240003D91020852910208589102081A230308BE
:10F25000702703085C910208689102086F91020808
:10F260007491020884910208259102089091020885
:10F27000AE91020898910208B5910208CE91020859
:10F28000E691020820920208FB91020810920208FF
:10F290002492020839920208409202085092020811
:10F2A00010493046F1F7EAFFC8B9049E0E493046CE
:10F2B000F1F7E4FF38B10D493046F1F7DFFF08B14F
:10F2C0000B49B2E60120009060690123A022294683
:10F2D00001F070F900287FF480AE0649A5E60649E2
:10F2E000A3E600BF2D9502084D8102086092020836
:10F2F00067920208F47D0208879202082DE9F04F18
:10F3000014468DB00546884608228C4920461E4684
:10F3100016F03DF928B18A490822204616F037F93F
:10F3200030B9E86803681B6A0DB0BDE8F04F1847B4
:10F3300084490622204616F02AF918B9E8680368BD
:10F34000DB69F1E780490922204616F020F928B947
:10F3500028687E4903685B689847EFE77C490E227E
:10F36000204616F014F980B9A27B12F0DF020CD10E
:10F37000A868036840F2DC515B69984775493046DC
:10F380000DB0BDE8F04F16F064BA7349062220466E
:10F3900016F0FDF840B9A868036840F2DC515B69DB
:10F3A000012298476D49EAE76D490A22204616F086
:10F3B000EEF830BB286803681B68984780451ED963
:10F3C000286803685B6808F10101984728680368AA
:10F3D0001B689847014604A809F0ECFA9DF8103024
:10F3E0009DF813205F4903F5FA6302939DF81130ED
:10F3F00001939DF8123000939DF8143053E05A4960
:10F40000BDE75A490922204616F0C1F850B9E8680C
:10F410006968036832469B6B04319847002845D1E0
:10F420005349ACE753490922204616F0B0F890B989
:10F43000EC682368DF6BA86803685B6898476B68B3
:10F44000019603F5A5710246009103F595734A49AB
:10F450002046B847E2E749490A22204616F097F8C5
:10F4600018B9EC6823681F6CE5E74549052220467A
:10F4700016F08DF8E8B9286803681B6898470146BC
:10F4800004A809F097FA9DF810309DF813203D4923
:10F4900003F5FA6302939DF8113001939DF8123041
:10F4A00000939DF81430304615F0B0FF0DB0BDE864
:10F4B000F08F35490522204616F069F880B9601DA5
:10F4C000FEF73AF80446286803681B6898478442A8
:10F4D00004D92868036821465B6876E72B494EE724
:10F4E0002B490922204616F052F838B9A86803685B
:10F4F0001B6B31460DB0BDE8F04F1847254910226F
:10F50000204616F044F800284AD110342046F1F77E
:10F51000BFFE402828BF402047102246394604A895
:10F52000FDF7A6FC38B1A86803683A465B6B04A9EE
:10F530009847194923E7194921E700BF9992020822
:10F54000A2920208AE920208AB920208EF934466C0
:10F55000B5920208C4920208DD920208E492020801
:10F56000F5920208009302082993020848930208C2
:10F570005293020858930208D17D02086293020850
:10F580006D9302081093020873930208799302089E
:10F59000E28102089A9302089D810208AB93020857
:10F5A0009C490A22204615F0F2FF074600286BD13D
:10F5B00005F11C0304F10A0118461C4616F049F92E
:10F5C0002C23052204A92046FDF776FCB0F10008A3
:10F5D00058DD0498002115F043FDB8F1010F834672
:10F5E00046D00598002115F03BFDB8F1020F814689
:10F5F00043D0069814F0A4FDB8F1030F5FFA80FA27
:10F600003ED0079814F09CFDB8F1040FC4B203D0AB
:10F61000089814F095FD07467F495846F1F754FDC8
:10F6200080B37E495846F1F745FD58B3AAF105036A
:10F63000072B27D8631F032B24D879494846F1F7B5
:10F6400043FDF8B177494846F1F734FDD0B1002FBA
:10F6500018DDA8680368CDE900474A465C6F594643
:10F660005346A04770493A46304615F0CFFE1DE795
:10F670000024A2464FF00009CEE70024A246CBE7C3
:10F680000024C9E769497AE669490922204615F04C
:10F690007EFF90B96868102204F10901383001F04A
:10F6A0002DFA2846FEF75EFB6A686249383230461A
:10F6B0000DB0BDE8F04F15F0A9BE5F4911222046FC
:10F6C00015F065FF28B9A86803689B6E98475B49E9
:10F6D00055E65B491022204615F059FF28B9A86865
:10F6E0000368DB6E9847574949E65749112220467F
:10F6F00015F04DFF28B9A86803681B6F9847534958
:10F700003DE653490B22204615F041FF28B9A86871
:10F7100003685B6E98474F4931E64F4914222046F3
:10F7200015F035FF60B96B6893F8D02132B193F8CA
:10F73000D4311BB1A86803689B6DDAE647491EE621
:10F7400047490622204615F022FF002840F09C8001
:10F75000A71D44490722384615F019FF68B96968A2
:10F7600001F5E87104F10D00FDF7F4FE18B128462B
:10F77000FEF7F8FADDE63C4901E63C490922384645
:10F7800015F005FF28B9696804F10F0001F2D111E5
:10F79000EAE737490A22384615F0F9FE28B96968C0
:10F7A00004F1100001F5E971DEE732490B22384619
:10F7B00015F0EDFE08BB696804F1110701F2D311E1
:10F7C0003846FDF7C7FE0028D1D1637C303B092BBA
:10F7D00011D8384614F0B4FCC0B20A2809D86B68B6
:10F7E00083F8EC016B68003818BF012083F8D3015F
:10F7F000BDE72149C3E52149C1E521490722384632
:10F8000015F0C5FE18B9696801F5EA71AAE71D4946
:10F81000B5E500BFBB9302080000164300401C453D
:10F820000000E0400000FA43C6930208E393020898
:10F83000E3890208F99302080A9402081C9402085A
:10F8400035940208469402085E94020870940208F7
:10F850008994020895940208A8940208867F0208F9
:10F86000958B02083F8B0208478B0208A28B020887
:10F87000B28B0208C38B0208CF8B0208F28B0208FE
:10F88000178C0208BD9402089D490422204615F0F9
:10F890007EFE40B933462246414628460DB0BDE8BB
:10F8A000F04FFEF7E9BF97490422204615F06FFE9E
:10F8B00040B933462246414628460DB0BDE8F04FD8
:10F8C000FEF7A2BAB8F1000F0FD18F492046F1F729
:10F8D000D5FC50B9A86803681B6998478B4A8C4BC4
:10F8E0008C49002818BF1A46E1E68B4903222046BE
:10F8F00015F04DFE88B9A86803685B689847044610
:10F90000A86803689B6898478449034622463046A6
:10F910000DB0BDE8F04F15F079BD814905222046B4
:10F9200015F035FE28B9E86803681B699847014659
:10F9300025E57C490B22204615F029FE0746F8B93B
:10F9400004F10B082C6923682046DB6898470546BC
:10F95000BD420FDD236839461B6920469847414662
:10F96000F1F78CFC40B9236839465B69204698471B
:10F97000024618B96C4902E50137E9E76B4996E69A
:10F980006B490B22204615F002FEF8B905F11C0365
:10F9900004F10B0118461C4615F05BFF20230222E0
:10F9A00004A92046FDF788FA00280ADD01280499F9
:10F9B00008D0059A286903689B69984720B15D497A
:10F9C000DDE45D49584AF5E75C49D8E45C490B221F
:10F9D000204615F0DCFD0746002842D1286903685F
:10F9E000DB68984780462046F1F752FC0B2804D983
:10F9F00004F10C00FDF7A0FD0746474501DB514926
:10FA0000BDE45149DFF844914246304615F0FEFC12
:10FA10003046F1F73DFC3418A31B852B05DDB845B6
:10FA20001BDD4B493A46204642E6286903683946C1
:10FA30001B69984782462869036839465B6998477D
:10FA4000524603464946204615F0E0FC2046F1F7B1
:10FA50001FFC0137B8450444DED1002304F8013C03
:10FA600024E53C490822204615F091FD28B9237A67
:10FA700013F0DF0F01D1384981E4384906222046CE
:10FA800015F085FD38B93246214628460DB0BDE84F
:10FA9000F04FFFF787BA32490E22204615F077FD66
:10FAA00038B96B68012283F895202846FEF75AF989
:10FAB00085E72C490F22204615F069FD18B96B68BF
:10FAC00083F89500F1E728490B22204615F05FFDE9
:10FAD00038B96B6893F895300BB124494FE4244949
:10FAE0004DE424490922204615F051FD002845D156
:10FAF000A868036801211B6A98471F493FE400BFBB
:10FB0000FF9402080B950208E995020890920208FA
:10FB10009D810208D39402086E900208E9940208BD
:10FB2000B18D0208F894020894920208FE8D020832
:10FB300004950208158002081A230308109502088C
:10FB40002695020832950208409502084995020858
:10FB5000509502085C950208659502084B910208D1
:10FB60008A95020899950208A9950208CA95020883
:10FB7000D78F0208B5950208BF9502082B490822C5
:10FB8000204615F004FD014630B9A86803681B6AD9
:10FB900098472749FFF7F3BB26490922204615F06D
:10FBA000F6FC30B9A86803685B6A98472249FFF7FA
:10FBB000E6BBB8F1000F36D120490322204615F0EC
:10FBC000E6FC30B9A86803689B6A98471C49FFF7B0
:10FBD000D6BB1C490D22204615F0D9FC38B9637BF1
:10FBE00013F0DF0F03D1A86803681B6C81E416498A
:10FBF0000B22204615F0CBFC38B9E37A13F0DF0F67
:10FC000003D1A8680368DB6B73E410490A2220461D
:10FC100015F0BDFC38B9A37A13F0DF0F03D1A86843
:10FC200003689B6B65E40A49FFF7A9BBCD95020801
:10FC3000D6950208E5950208EF950208E77D0208CF
:10FC4000FD95020804960208129602081E96020804
:10FC50002996020830B50D46CBB0BD49044628466A
:10FC600009F02FF802A8BA4A0123294609F013F82F
:10FC700002A809F078F9002800F068810023616883
:10FC8000042202A8CDE9003309F02FF86168202290
:10FC9000043102A809F029F80422694602A809F0F3
:10FCA00024F86168082228310DEB020009F01DF8E4
:10FCB0006168082230310DEB020009F016F8616826
:10FCC0001022383102A809F010F861680422483186
:10FCD00002A809F00AF8616801224C3102A809F073
:10FCE00004F8616801224D3102A808F0FEFF616846
:10FCF00001224E3102A808F0F8FF0122694602A84D
:10FD000008F0F3FF61680422503102A808F0EDFF0B
:10FD100061680422543102A808F0E7FF61681022EC
:10FD2000583102A808F0E1FF61680422683102A896
:10FD300008F0DBFF0422694602A808F0D6FF6168DC
:10FD40000122703102A808F0D0FF616801227131F0
:10FD500002A808F0CAFF61680122723102A808F007
:10FD6000C4FF61680122733102A808F0BEFF616818
:10FD70000422743102A808F0B8FF616801227A31C8
:10FD800002A808F0B2FF6168012201F2211102A865
:10FD900008F0ABFF6168012201F5917102A808F03B
:10FDA000A4FF0122694602A808F09FFF61680122B2
:10FDB000783102A808F099FF616801224F3102A84A
:10FDC00008F093FF61680122793102A808F08DFFE5
:10FDD000616801227B3102A808F087FF6168022276
:10FDE0007C3102A808F081FF616801227E3102A8FF
:10FDF00008F07BFF61680422803102A808F075FFDB
:10FE000061680122843102A808F06FFF6168102246
:10FE1000853102A808F069FF61680122953102A8C6
:10FE200008F063FF0322694602A808F05EFF6168DC
:10FE30000122963102A808F058FF61680422983127
:10FE400002A808F052FF616801229C3102A808F064
:10FE50004CFF61680422A03102A808F046FF6168E7
:10FE60000422A43102A808F040FF61687822A8317A
:10FE700002A808F03AFF6168012201F5907102A81A
:10FE800008F033FF6168042201F5927102A808F0BE
:10FE90002CFF6168012201F5947102A808F025FF8A
:10FEA0006168012201F2291102A808F01EFF6168B1
:10FEB000202201F5957102A808F017FF6168402221
:10FEC00001F5A57102A808F010FF6168402201F554
:10FED000C57102A808F009FF6168022201F5E57109
:10FEE00002A808F002FF6168012201F5E67102A88C
:10FEF00008F0FBFE6168012201F2CD1102A808F0B2
:10FF0000F4FE6168012201F5E77102A808F0EDFE38
:10FF10006168202201F5E87102A808F0E6FE616838
:10FF2000012201F5F87102A808F0DFFE61680122E4
:10FF300001F2F11102A808F0D8FE616801227F31B8
:10FF400002A808F0D2FE02A808F0C5FF4BB030BDF1
:10FF50003996020838B50C4605461049204608F087
:10FF6000A4FE30B1214628460C4ABDE83840FDF7D2
:10FF700033BB0B49204608F098FE70B12146284655
:10FF8000074AFDF729FB21462846FFF763FE204676
:10FF90000349BDE8384008F094BE38BD39960208E0
:10FFA0004496020870B50546D2B00B461646104975
:10FFB0004268684615F02AFA2868694608F075FE16
:10FFC000044690B1296800236A460AA808F063FE37
:10FFD0000AA808F0C8FF044638B10AA93046FBF762
:10FFE00019FF04460AA808F076FF204652B070BDFB
:10FFF0005096020830B50446D3B00B4615460F495B
:020000040801F1
:100000004268684615F002FA2068694608F059FE11
:10001000216801236A460AA808F03DFE0AA808F0F4
:10002000A2FF044630B10AA92846FBF70AFF0AA836
:1000300008F051FF204653B030BD00BF5096020873
:1000400000207047836910B544695A1CA24208D247
:1000500004698261E154026983690021D15401205D
:1000600010BD0020FCE7F8B505460F4616460024F3
:10007000B44201D12046F8BD2B68395D1B68284683
:1000800098470028F6D00134F2E7002070474FF07F
:10009000FF3070474FF0FF307047704710B50023B6
:1000A0000122C0E9012304460160C0F88C3480F8C5
:1000B0009034034900F2914015F0CBFB204610BD6F
:1000C00025910208A0F12303DBB2162B04D8064ABF
:1000D00042FA03F3DB0704D5402894BF0020012037
:1000E00070470120704700BFFC1B80FFF0B5434BF9
:1000F0000D46002A14BF16461E46E9B00446314696
:10010000284608F0D2FD18B90026304669B0F0BD87
:1001100032460023294620A808F0BDFD20A808F09B
:1001200022FF06460028EFD000230127C4E901730F
:100130000322694620A808F094FE032803D020A8D3
:1001400008F0C9FEE1E7022204F1080120A808F046
:1001500088FE02280246F2D1A11D20A808F081FEE7
:1001600002280546EBD13A4604F5926120A808F032
:1001700078FE0128E3D12A46211D20A808F071FE4F
:100180000228DCD1242765891F2DD8D87D4305F1AD
:100190000C010222214420A808F063FE0228024636
:1001A000CDD105F10E01214420A808F05AFE022805
:1001B000C5D105F111011F22214420A808F051FEEC
:1001C0001F28BCD105F110010122214420A808F00C
:1001D00048FE0128B3D1802269460DEB020008F0E9
:1001E00040FE8028ABD12544A288AB899A429CBFAF
:1001F0000133A380638901336381C4E75996020800
:1002000070B50C464979242988B00546164606D1B2
:100210002188006808B0BDE8704000F0CDBB2329FC
:1002200004F1050207D133462868218800F029FC33
:10023000012008B070BD232311460DF101008DF897
:10024000003015F006FB33466A46EDE72DE9F04F26
:10025000054691B00F46904600F10C064FF000099C
:100260006B894B4505DC4FF0000A504611B0BDE8E4
:10027000F08F347918EA0404B24608D104236A46A0
:1002800031462846FFF7BCFF83465C4503DB09F196
:1002900001092436E4E739460DEB041000F0B4FB05
:1002A000FB888342E1D00134EFE700002DE9F04103
:1002B0000D46064614492846F0F7E0FF18B906F245
:1002C0008C40BDE8F0812B78B6F80A80232B08BF5C
:1002D000013506F112070024444501DB0020F0E758
:1002E00017F8013C232B3946284618BF07F1FF3188
:1002F000F0F7C4FF243720B9242303FB04600C303B
:10030000DFE70134E8E700BF259102082DE9F84353
:100310008846054617461E46013911F8019FB9F176
:10032000000F0AD141462846FFF7C0FF044668B1D6
:100330000388BB4235D0478005E04846FFF7C2FE40
:1003400004460028E9D12046BDE8F8836889C6B193
:10035000431C6B812423434303F10C042B440122EF
:100360002C441A742423584305EB00091130A9F8D2
:100370000C601F224146284400F0C0FBA9F80E7013
:10038000E1E71F28DFD8431C6B812423434303F19B
:100390000C042B4401221A74AE88B3182C44AB8091
:1003A000E0E74C46CFE700002DE9F0470D46044654
:1003B0001B492846F0F762FF20B904F28C4420461E
:1003C000BDE8F0872B78B4F80AA0232B4FF0000784
:1003D00008BF013504F10C06B846BA4501DC4446B5
:1003E000EDE77379232B14BF06F1050906F1060921
:1003F000494628463446F0F741FF0028DFD028461A
:10040000F0F746FF49460246284615F0C0F8002896
:100410000CBF3446444601372436A046DDE700BF12
:1004200025910208F0B541B144890023242500F14B
:100430000C06A34204DB002001E000F28C40F0BD7A
:1004400005FB03F2B75A8F4202D10C321044F6E793
:100450000133EEE7C188FFF7E5BF01B10988C1802C
:100460007047018909B1FFF7DDBF0846704701B148
:10047000098801817047F8B50B8863B14189002272
:1004800000F10E042425914207DC002400F10C0247
:100490002426A14208DC00201DE005FB02F6A65B35
:1004A0009E42F8D00132EEE706FB04F5575B9F420F
:1004B00001D00134EDE74B1E9BB21A1B05F1300150
:1004C00072430C35438101449C42C8BF002228443A
:1004D00015F06DF80120F8BD2DE9F8430546884672
:1004E00014461E46002747451DDB21796379208885
:1004F00011F0010F04F10502E9881AD0232B194FDE
:10050000194B08BFA21D884218BF3B461749304609
:1005100010F017FD05F10C074FF000096B894B45F2
:1005200011DCBDE8F8832021304610F0E1FC0137F2
:10053000D9E7232B0B4F0C4B08BFA21D884218BFD5
:100540003B460B49E3E77A8823889A4206D1334633
:100550003A4608F101012846FFF7BEFF09F10109FB
:100560002437DBE71A2303086396020845250308AE
:10057000659602080B4600F28C420021FFF7ACBFE3
:1005800010B588B091B172B100234FF47A74CDE9FF
:100590000512CDE902340B70054C019401A90793B3
:1005A000FFF7E8FF079A104608B010BD0A46FAE7C1
:1005B000789602082DE9F74F98469DF830A090F8FC
:1005C0009034009207460D4608EA0303BAF1000F83
:1005D00002D01BB92C4607E0002BFBD12C462A2366
:1005E00004F8023B2C236B7007F112064FF0000950
:1005F0004FF02C0B7A894A4509DCAC4288BF04F1E4
:10060000FF340023601B237003B0BDE8F08F16F8A1
:10061000022C314608EA0202BAF1000F04D02AB9CE
:1006200009F101092436E5E7002AF9D116F8012C71
:10063000232A18BF06F1FF3108460191F0F728FE82
:100640000246601B009B0199104402309842E7DA91
:100650002046019215F005F9019A144404F801BBF3
:10066000DEE70000F0B53B4B0D46002A14BF1646EE
:100670001E46E9B031460446284608F022FB3246C1
:100680000123294620A808F006FB20A808F06BFCEF
:10069000064670B180220021684614F0A2FF0322B2
:1006A000694620A808F021FB032805D020A808F0FF
:1006B00012FC304669B0F0BD022204F1080120A806
:1006C00008F013FB02280246F0D1A11D20A808F073
:1006D0000CFB02280546E9D1012204F5926120A80D
:1006E00008F003FB0128E1D12A46211D20A808F0CB
:1006F000FCFA0228DAD104F1100500276389BB4215
:10070000D4DD0222291F20A808F0EFFA02280246B1
:10071000CCD1A91E20A808F0E8FA0228C6D11F22D1
:10072000691C20A808F0E1FA1F28BFD10122294640
:1007300020A808F0DAFA0128B8D1802269460DEB2A
:10074000020008F0D2FA802805F12405AED1013765
:10075000D4E700BF5996020800207047806A7047AE
:1007600040697047836953F8210070476FF0604318
:10077000994270B534BF8E004FF0FF3604463046C4
:100780000D46F5F78EFE20602846F5F78AFE60607C
:100790003046F5F786FE0023C4E9020523612046B2
:1007A00070BD4B1C30B5024605690DD000231846BC
:1007B000AB4200DB30BD946854F82340641A002C2F
:1007C000D8BF01300133F3E72846F3E71830FFF7CD
:1007D000E8BF70B5024604694FF0FF330020FF25E3
:1007E00084420ADC002B26DB1168013C51F823000F
:1007F0001461116999420EDC70BD966856F820604C
:10080000761A002E05DC5668365CAE423CBF0346C5
:1008100035460130E4E7990014680431655844F81E
:1008200023505468E5186D78E5549468615844F88D
:1008300023100133DDE70020DEE71830FFF7C9BFE2
:100840002C30FFF7C6BF02698A4230B5034618DD77
:100850000068013A50F821001A611A698A4200DCE6
:1008600030BD8A001C680432A55844F821505C68E9
:1008700065186D7865549C68A25844F821200131B0
:10088000EBE70020ECE708B500210430FFF7DBFFC1
:1008900020B1002380F8043180F8033108BD1830FE
:1008A000FFF7D1BF30B5D0E90354AC420CD0056896
:1008B00045F8241041680A550269816841F82230E0
:1008C00001320261012030BD0020FCE700231A46FE
:1008D0000430FFF7E7BF70B5044618300D46FFF748
:1008E000E1FF30B92368294620465B68BDE87040C7
:1008F000184770BD70B51346044600222C300D46D3
:10090000FFF7D0FF30B92368294620465B68BDE871
:100910007040184770BD00002DE9F0410646134BAA
:1009200046F8043B04460D463046FFF71FFF2946B4
:1009300004F11800FFF71AFF294604F12C00FFF715
:1009400015FF0027AF4202DB2046BDE8F0814FF4DF
:100950008370F5F7A4FD8046FCF747F900231A469B
:1009600041463046FFF79EFF0137EBE7A4960208A9
:10097000431E0F3013F8012F1AB98342FAD1012018
:10098000704700207047F0B5D0F820510F2D044675
:1009900011DCAB1C20F8151000EB031302F110075B
:1009A000106851681E4603C60832BA423346F7D172
:1009B0000135C4F82051F0BD2DE9F0470646002569
:1009C0008E46284606F12008D6F82011A94201DDFE
:1009D000984201DBBDE8F08736F81510714511D15A
:1009E00008EB051C00F1010902EB00140CF1100AE0
:1009F000674603CF574520606160BC4604F1080498
:100A0000F6D148460135DFE730B5A3B0054604A866
:100A10000C4606F0B5FF10220DEB0200294607F048
:100A200016F923780122C3F383030DF10D0104A805
:100A30008DF80D3007F08CF8628804F14A0104A8A3
:100A400007F086F802231022009329460DF10E03C9
:100A50000DEB020007F013F9BDF80E3053B9012376
:100A6000ADF80E3004A8BDF80E4006F06FFF20462A
:100A700023B030BD4FF6FF729342F3D14FF6FE73B1
:100A8000EEE72DE9F0419846D0F820319EB00546BA
:100A90000E4617460024A34218DC684606F070FF95
:100AA0003846F0F7F5FB39460246684607F050F83D
:100AB00041466846102207F07DF8284642463146F6
:100AC000FFF761FF684606F041FF12E035F8142099
:100AD000B24211D1023405EB0414424604F1100372
:100AE000254603CD9D42106051602C4602F108025C
:100AF000F6D11EB0BDE8F0810134CCE701390244E3
:100B0000131A012B02D800230370704711F8013F1C
:100B1000002BF8D000F8013BF2E7013810F8013F54
:100B20000BB901207047202BF8D00020704700003F
:100B300070B500210646F0F7A9FA374C054640B1DA
:100B4000302323702E22A37000236270E37032489A
:100B500070BDC6F3C7537F3B1E2B99B257DC13F110
:100B6000170F54DBC6F31602162B42F4000216DDF3
:100B7000173902FA01F0002E40DB0A22214610F05C
:100B8000FBFB237822460134002BFAD12E2313706D
:100B9000EDB93021931C517000221A70D7E7002B59
:100BA00008DBC1F11700013142FA00F08A4022F05F
:100BB0007F45E0E7DB43002E42FA03F54FF03003B8
:100BC00020DA63702D222E232270A3700334E11DDE
:100BD00023460A2045432A16303203F8012B8B4264
:100BE00025F07F45F6D106342278302A234603D1FA
:100BF00014F8012D2E2AF7D10133CDE72D2304F867
:100C0000013BBAE723702E2363700234DFE7302301
:100C10002370002363709AE72C39002037B52049F0
:100C20000546F0F79FF8002104462846F0F74CFAF5
:100C300070B34FF07C512046EFF78CFFF0F76EFA5F
:100C40004FF47A7290FBF2F302FB13000028154C6C
:100C5000154AB8BF404210210090204614F0A2FB74
:100C60002046F0F715FB0021431E2044002B03DD36
:100C700010F8012C302A0ED00A48F0F709FB013891
:100C8000235C2E2B04BF00232354064803B030BD41
:100C90004FF03F41CFE700F8011D013BE6E700BF01
:100CA00000007A441C390020D0960208F0B50023D9
:100CB0000446E2188B4201D30120F0BD12F8010B6B
:100CC00001330028F8D00506F4D500F0E002C02A70
:100CD0001CD110F01F00F0D00122D6188E4213D87C
:100CE000E71817F8015B05F0C00CBCF1800F03F1A9
:100CF000010309D105F03F059E4245EA8010F0D17D
:100D0000012A13D17F2816D80020D6E700F0F00280
:100D1000E02A03D100F00F000222DEE700F0F80223
:100D2000F02AF1D100F007000322D6E7022A10D101
:100D3000B0F5006FE8D3B0F5881FE5D2A0F55842B2
:100D4000B2F5006FE0D3A0F57D42D03A1F2A05D856
:100D5000DAE7A0F58032B2F5801FD5D24FF6FE72E9
:100D60008243A6D1D0E70000084B98420AD99942A5
:100D70000AD901F5283101F5407188428CBF002065
:100D8000012070470020704701207047FFE00B5E94
:100D90002DE9F04F1546C9B01022074689460DEBE4
:100DA00002000021DDF848B19A464FF0000814F027
:100DB00018FCCDF808907A1E4446A14508F10108B8
:100DC00003D012F80830002BF6D1214638460394A0
:100DD000FFF76CFF51468DF81D0006462846FFF7C9
:100DE000C3FF002205468DF81E0013464FF6FF7123
:100DF000C845C0F0BA800AB1ADF81A300DF120082C
:100E00004FF480720021404614F0EBFB00221346A1
:100E1000914694461046A04240F0B2800AB1ADF827
:100E20001230B9F1000F01D0ADF810C0002C00F065
:100E3000F5800DF1200A00274FF000084FF000095F
:100E40001AF8010B18B3EFF7BDFACDE900012046FF
:100E5000EFF7B8FA02460B46DDE90001EFF756FC62
:100E600002460B46CDE9002311F016FA6EA3D3E932
:100E70000023EFF74BFCDDE90023EFF71DFB0246F3
:100E80000B4640464946EFF75FF9804689460137F1
:100E9000B7F5807FD4D1664B002240464946EFF734
:100EA00091FD002840F0B880624B00224046494640
:100EB000EFF702FB00224FF07F53EFF7FDFAEFF759
:100EC000D3FDC0B28DF81C00642706B9413F05B9B7
:100ED0000F3FBDF81A3003B1233FACB3BDF810C0CB
:100EE000BDF81210BDF81420BDF81630642606FBBC
:100EF0000CF5B5FBF4F5312D06FB01F106FB02F212
:100F000006FB03F3B1FBF4F104D8BDF818606645A5
:100F100038BF193F2D2988BF0F3FA24206D3B2FB2D
:100F2000F4F20B2A34BF19222D22BF1AA34206D392
:100F3000B3FBF4F3062B34BF19232D23FF1A4828E3
:100F400002D94A2D98BF193FBBF1000F07D002AC60
:100F50000FCCABE80F0094E803008BE8030027EA0E
:100F6000E770C0B249B0BDE8F08F17F8080020B1B3
:100F70008B421EBF01339BB2012208F1010837E703
:100F800017F8011B18F801E0BEF1FF0F18BF0EF1B2
:100F9000010EA1F1200A18BF08F801E0BAF15E0FB6
:100FA00000F1010E0BD80CF1010C20291FFA8CFC6A
:100FB00002D101339BB201224FF0010909E0A1F1F6
:100FC000090ABAF1010F01D90D2904D101339BB2ED
:100FD000012270461FE71F2901D97F2905D1BDF8DD
:100FE00014100131ADF81410F3E7BDF818A0EF2983
:100FF0000AF1010AADF818A0EBD102308442E8D919
:101000003978BF29E5D17978BD29E2D1BDF816102C
:101010000131ADF81610DCE7642053E7204637278E
:1010200053E700BFAFF30080EF39FAFE422EE63FF0
:1010300000002040000059400079704730B500247E
:1010400001442246FF25814202D142EA042030BDFC
:1010500010F8013B1A44B2FBF5F3C3EB0323D31A98
:10106000DAB22344B3FBF5F4234403F0FF04EAE7C8
:1010700010B5084611461C46FFF7E0FF031B584217
:10108000584110BD0379F7B504460D4633B9806861
:1010900003685B6803B0BDE8F04018470A78C2F304
:1010A0008303032B00F5836642D1D1F84A103346FF
:1010B00000F5A36053F8046FB14214D102F00302AB
:1010C000023A012A94BFD4F82035D4F82435A06818
:1010D00095BF01330133C4F82035C4F824350368C3
:1010E00029465B68D6E79842E4D1D4F81C3504EB76
:1010F00083020133C2F81C145A4202F03F0203F08B
:101100003F0358BF5342C4F81C35A668012385F835
:10111000043133685F6A10F091FB2369B3F87C20D7
:10112000294602443B46304603B0BDE8F04018472C
:1011300069462846FBF713FE04F1180708223946D2
:10114000684614F024FA28B92B7803F00303023B15
:10115000012BB7E70837B742F0D1D4F818246B4613
:1011600003CB04EBC2029061D161D4F8183401338F
:101170005A4202F07F0203F07F0358BF5342C4F883
:101180001834C2E7704710B504460221D0F828058C
:101190000FF0D0FDD4F8280501210FF0EFFD2369F1
:1011A000D4F82805D3F8801006220FF021FE012381
:1011B000237110BD10B50446D0F828050FF0A7FD27
:1011C0000023237110BDFFF75DBF10B540F23461FD
:1011D0000446F5F768F9204610BD03792DE9F04182
:1011E000044633B10026D4F8280503681B699847E4
:1011F00008B9BDE8F081D4F8280503685B69984711
:10120000B4F83236012BC0B217D843B9C028EAD19E
:101210005A1C2344A4F8322683F82C05E3E73E2821
:10122000F6D0C02815BF00230123A4F83236A4F855
:10123000323608BF84F82C05D5E75A1C92B22344F5
:10124000032AA4F8322683F82C05CCD9B4F82E55FD
:101250006DBAADB2B5F5807F02D9A4F83266C2E7A7
:10126000AB1D9A42BFD1621904F5A66892F83015F9
:1012700092F83135204643EA01232A464146FFF7DA
:10128000F7FE0028E9D0A06803681B689847074666
:101290000028E2D0EAB24146FBF716FD28B12368E8
:1012A000DB69394620469847D7E7A0680368394686
:1012B0005B68F8E730B5C3B00546084601A9FBF7FF
:1012C000D8FC4FF47B530446ADF800308DF8030092
:1012D0000023014601A88DF80230FFF7AFFE0DEBA9
:1012E0000403020A5871D5F828051A710368A21D73
:1012F0005B686946984743B030BD38B5037904460A
:101300000D4653B149B11430F9F71DFD28B92946EE
:101310002046BDE83840FFF7CDBF38BD70B58360CB
:10132000049B04460025C0E90331104B4361164677
:10133000057129464FF48062183014F052F9C4F850
:1013400018544FF48072294604F21C4014F049F9F5
:10135000074BC4F81C55C4F82455C4F82055236025
:10136000C4F82865A4F83256204670BD44840208AB
:10137000E0960208024A137843F010031370704796
:101380003C39002038B5044640680A490368D3F860
:10139000B0309847084BA06800251D7003681B6B90
:1013A0009847012801D1FFF7E5FFA561A5832562D4
:1013B00038BD00BF751301083C390020838B418381
:1013C0003F2B82BF0023838303627047034B18784F
:1013D00000F0EF00431E5842584170473C3900204E
:1013E0002DE9F041174E347814F0100405460F46ED
:1013F000904616D0406803680121DB6E9847041EB2
:101400000DDD686844450368A8BF44461B6B22464F
:101410003946984790B16B6901336B610024002312
:1014200033703378012B06D0686803689B6998474E
:1014300008B9012333702046BDE8F081EB68013321
:10144000EB60ECE73C390020406808B50368DB6FCF
:1014500098474FF47A73B0FBF3F008BD10B504461B
:10146000406803689B6A9847A06803689B6998472F
:10147000014B00221A7010BD3C39002040680368FF
:10148000D3F89C301847000070B5094E3378DB065E
:1014900004460CD40368DB6B9847054638B92368CB
:1014A00020461B6C984735702583A583256270BD47
:1014B0003C39002010B5174B1A78838B012A04465B
:1014C00017D13F2B17D80368DB6B984780B9236887
:1014D00020469B6C9847EFF721FEB4F918300D3386
:1014E000984205DCA38B0133A383236A0344236260
:1014F00010BD3F2BFCD9236A002BF9D0B8BF3F3376
:1015000043F38F136FF077029342B8BF13462383E0
:101510000023ECE73C39002006490B78024613F023
:10152000100005D000230B701369013313610120F3
:10153000704700BF3C3900200739234B2DE9F041AB
:1015400053F821800446014640461546EFF7C6FD94
:10155000C0BB2846EEF746FF1C4B0022EEF7ACFF5F
:1015600002460B4600201A49EEF7EEFD06460F46EE
:1015700020464146EFF7ECFAEEF746FF154B002206
:10158000EFF7C4F802460B4630463946EEF794FFB3
:101590000F4B002204460D46EFF700FA60B100221F
:1015A000002320462946EFF717FA40B12046294686
:1015B000EFF77AFABDE8F081054D0024F6E7002444
:1015C0000025F3E70020F5E7009702080000703FD0
:1015D0000000F03F00002440406808B503681B6924
:1015E0009847024B00221A7008BD00BF3C3900200A
:1015F000F8B50446806803685B690D46164698474F
:101600006068036832465F6A29460023B84720B9FC
:10161000064B03221A700120F8BD2046FFF7DCFFBD
:10162000A06803689B6998470020F5E73C390020D3
:10163000406808B503689B69984710B9014B0122BF
:101640001A7008BD3C39002038B5B0F91A3005468B
:1016500073B10368DB6C9847064B044600222846AA
:101660001A70FFF7E5FF14F10F0018BF012038BD15
:101670001846FCE73C3900200846114606291A4660
:1016800001DDFFF759BF00207047002070470000C0
:10169000F0B51D4F1D4CD7F8E03585B00022009203
:1016A0001B4A04EA832303EBC12307CA01AD85E883
:1016B0000700D7F8E02504EA822203F1FF6602F171
:1016C000FF6106F5F02601F5F021B14218D802F1CC
:1016D0000062013AB24213D3A3F50043DB0A02933E
:1016E000F0F7ACFC69462846F0F73AFD0446F0F7FF
:1016F000B7FC002C14BF6FF00400002005B0F0BD53
:101700006FF01500FAE700BF0070FF1F00FCFF0339
:101710002C7602082DE9F047204E214FD6F8E045FF
:1017200007EA842404F1FF6404F5F02414441D4600
:1017300004EBC124F0F782FC804678B9089B23F0C3
:10174000070303EB04096FF0784AA1450AD1F0F7CB
:1017500087FC40EA080010F0FF0001D06FF00400A1
:10176000BDE8F087D6F8E03507EA832303F1FF628E
:1017700002F5F022A24202D85344A34204D2F0F769
:101780006FFC6FF01500EBE72146F5E8022301201E
:10179000F0F7A0FC08348046D7E700BF0070FF1FB9
:1017A00000FCFF0338B518461546049A8BB182B188
:1017B000094B0A4CD3F8E03504EA83242C4404F1A5
:1017C000FF6404F5F02404EBC12114F04AF8002072
:1017D00038BD6FF01500FBE70070FF1F00FCFF0332
:1017E00010B5034B0360044607F006FA204610BD0F
:1017F0002097020810B50446FFF7F2FF204650215B
:10180000F4F751FE204610BD10B50449044607F018
:10181000FBF9034B2360204610BD00BF24010020CC
:101820002097020813B500238DF807309DF8073084
:10183000044603F0FF014BB1204607F008FA0021EF
:10184000204602B0BDE8104007F0F0B907F0EEF90D
:101850000028F1D002B010BD0148FFF7D5BF00BF8E
:101860004039002008B50248FFF7BAFF08BD00BFA5
:1018700040390020028BC08A101A7047C28A018B3F
:10188000914288BF0169034683BF885C0132DA82D6
:101890004FF0FF307047028BC38A9A4286BF0269BD
:1018A000D05C4FF0FF307047806DD0F8DC302BB14A
:1018B00000234384D0F8E030D4301847704700004C
:1018C00070B54FF47A730E460021C0E90113034648
:1018D00015462B4A43F8C42B0446C0F8C4109C227A
:1018E000C3E90111C0E93411C0E93611C0F8E010B4
:1018F000283013F076FEF3B21A2B19D8214A52F889
:10190000233006F4E0661E43EBB21A2BC4F8846061
:1019100022D81C4A52F8233005F4E0651D43002309
:10192000C4F88850E36123842361A382204670BDFC
:1019300006F0C002C02A0CD1C72B0AD8124B06F001
:101940003F0206F4E06653F822200E4B53F8223093
:10195000D9E74FF0FF36D7E705F0C002C02A0CD117
:10196000C72B0AD8084B05F03F0205F4E06553F891
:101970002220044B53F82230D0E74FF0FF35CEE75A
:10198000309702087C7A02085C7A020838B504466F
:10199000283000F081FCE06918B112F0DDFB002373
:1019A000E36120690025258410B112F0D5FB256183
:1019B000A58238BD38B50546074B45F8D43B0446EB
:1019C000FFF7E4FF2846F4F77AFA04F1C400F4F7CD
:1019D00076FA204638BD00BF3097020801239940AF
:1019E00080F82430002381764384704738B5838A99
:1019F0008B4205460C4609D2202938BF20240069B5
:101A0000214612F0CBFC10B12861AC8238BDFEE754
:101A100073B5846D866ED4F8CC300546E3B1E28AA6
:101A2000238B9A4218D331462046FFF7DFFF206907
:101A3000324605F1740113F014FF0023E382D4F859
:101A4000CC30268301960BB910F098F8D4F8D0303A
:101A500001A904F1C400984702B070BDB1F5806FD0
:101A600070B505460C4610D8038C99420AD9202936
:101A70000E4638BF2026C069314612F08FFC18B1DF
:101A8000E8612E84204670BDFEE70024FAE713B516
:101A900090F824308DF8071004467BB1418C013159
:101AA000FFF7DCFF40B1638CE2699DF80710D15469
:101AB000638C01336384012002B010BD01220DF15B
:101AC0000701283000F038FCB0FA80F04009F3E755
:101AD00070B590F8243004460E46154693B1418CFB
:101AE0001144FFF7BBFF10B90025284670BD638C79
:101AF000E0692A461844314613F0B3FE638C2B4448
:101B00006384F2E792B2283000F016FC0028EBD193
:101B1000EBE70346006918B19A8A002113F061BD12
:101B200070470346C06918B11A8C002113F059BDE3
:101B3000704738B50446C9B9AA23A36594F8BE30E6
:101B4000012B16D1638CE269A17E04F1280000F01C
:101B500074FC042828BF042045B22046FFF7E1FFAB
:101B60000023638484F82430E8B238BD4FF42A435C
:101B7000E3E70425F8E72DE9F04790F8BEA09DF8CB
:101B800020509DF82490BAF1010F04460F461646E6
:101B9000984637D111467F00FFF728FFFFB2CDB13D
:101BA000032D28BF0325013D0023EDB284F824A0B6
:101BB000A7766384ED00236828FA05F11B68C9B293
:101BC0002046083D984715F1080FF4D10021204622
:101BD000FFF7AFFFB9F1000F11D1AA23A365226966
:101BE0003346394604F1280000F0C0FB002818BF36
:101BF00000260023E38226833046BDE8F0874FF4B9
:101C00002A43EBE70026F7E707B50193002300938B
:101C1000FFF7B1FF03B05DF804FB0123FFF7F4BF4A
:101C20000121FFF786BF38B504460025C58205832C
:101C3000FFF76FFF65842046FFF773FF38BD000094
:101C4000F8B50446D0F884000FF0E8FB00210FF04F
:101C5000ABFCD4F88420130913F00C0645D103F033
:101C60000F03254D254F55F8231002F00F0257F8AA
:101C700022300A6993433DD0D4F888000FF0CEFBA0
:101C800001210FF091FCD4F888001D4B010911F0DF
:101C90000C0F1B682CD100F00F021A4C57F8227061
:101CA000B3FBF4F3184A0A2401F00F01634314262E
:101CB00055F821C0CCF82870D2F804E05468A4EBA1
:101CC0000E04A342FADCCCF81870D2F804C05468B1
:101CD000A4EB0C04A342FADC013EE9D10FF09EFB19
:101CE0003146BDE8F8400FF05FBC00231B69FFDE02
:101CF000B662FCE7F8BD00BF08000020A47B020824
:101D00004000002040420F00001000E02DE9F041AB
:101D100004460026C68206831F460D469046FFF7FE
:101D2000F8FE6684A6762046FFF7FBFED4F8DC308A
:101D3000C4F8804033B104F1D40103220846984727
:101D4000C4E93766002384F824306B0084F825301A
:101D50006B1E5D425D4184F8BE50204684F8BF8012
:101D600084F8C07004F12805FFF76AFF94F8252075
:101D70000949284600F0DCF994F8BE304BB92846F2
:101D8000064900F0B2FB28460549BDE8F04100F0E5
:101D9000A5BBBDE8F08100BFA0860100A91801081D
:101DA000111A01080A4600230121FFF7AFBF000006
:101DB00002480822C021FFF783BD00BF90390020F0
:101DC0000148FFF7F7BD00BF903900204FF0B04346
:101DD00082B09A6D02439A659B6D03400193019B0B
:101DE00002B070472DE9F04F874B53F83120824203
:101DF0009FB00F4607D103EBC102D2F80480B8F1BF
:101E0000000F40F0FD801C228049814C43F83700D0
:101E10007A4301EB5003B3FBF0F0A318A2589D7E68
:101E200001EB5204B4FBF2FADC8A0594059E1C8A8D
:101E30001A8B0E92344414940E9E9C89CDF83CA0CB
:101E40003444EA1C4243323CA41A24EAE474059E5A
:101E50000694DC89A41BA4F582740244A21A22EA27
:101E6000E272079200FB05F208925A68B1FBF2F2A7
:101E700015929A68B1FBF2F21692089A02EB4002B0
:101E80003232129242420492129A00261021821893
:101E900010910B964FF0FF3834070E9D1C94059C53
:101EA000F1B22C441391129911946FF00105AAEB31
:101EB0000404511A05FB024418940D914FF00009D7
:101EC000149C0D9DAC4200F28A801C9C49EA0404DB
:101ED0001B940024CDE902444B4C04EBC7041D9431
:101EE000069C029DAC4270D8079CAC426DD3109CFE
:101EF000139DAC4269D00B9C0134072C0B947FD806
:101F00005C8A039D17941B9C2C431A94089C141BF9
:101F10000094119C14440C94189C0A94002401947D
:101F2000089D009C2C44179DA5423DD2009C323C4C
:101F3000B0EB940F38D21A9D019C2C430C9D199440
:101F4000A2EB0A042C440A9D099596464FF0000C1A
:101F5000169D0AEB040B5D451AD8159D5D4517D3F8
:101F6000B3F814B0F34513D8704511D2DDF824B09E
:101F70000F9D1BEA240B38BFA346AB4508D2199D21
:101F80004CEA05081D9DC5F80480139DCDE90FB5E9
:101F9000099DDDF810B00CF5807C5D44BCF5803FF8
:101FA0000C4409958E44D3D1019C049D01340194C5
:101FB000009C0C4400940A9C2C440A940C9C0C44F5
:101FC0000C94019CB4F5807FAAD1029C0C4402942D
:101FD000039C04F58034B4F5801F039480D10D9CDC
:101FE00009F580190C44B9F1807F0D947FF468AF36
:101FF00004990136091A102E049102447FF44CAF63
:1020000040461FB0BDE8F08F803A002000CA9A3BDE
:102010005497020808B52C4B984216D14020F2F78D
:10202000A3F8002846D14FF0B0432849D3F88830B0
:102030001B0903F4407343F440328A4238D001F55F
:1020400080718A423BD0B3B3FEE7214B984215D151
:102050008020F2F789F868BB4FF0B0431D49D3F8F0
:1020600088301B0903F4406343F440228A421FD0A6
:1020700001F580618A4222D0EBB1FEE7164B98420F
:102080001FD14FF48070F2F76FF898B94FF0B0435A
:102090001249D3F888301B0903F4405343F440122B
:1020A0008A4205D001F580518A4208D01BB1FEE773
:1020B0000B4B186808BDBDE80840F1F7AFBF0948F1
:1020C000F8E70020F6E700BF0054004000010300DD
:1020D0000058004000040C00005C0040001030007C
:1020E000400000200024F40008B50E4B994212D99C
:1020F0000D4B994207D80068FFF78CFF0121BDE81E
:102100000840FFF76FBE094B994209D80068FFF7F6
:1021100081FF0221F3E70068FFF77CFF0021EEE773
:10212000002008BDA0860100801A060040420F0072
:10213000F8B50F4615460446002800F09F80504928
:10214000C06DF4F7A9FE4F490646206EF4F7A4FED1
:102150000146002E00F09280002800F08F8030466B
:10216000F4F7C1FE2060002800F08880464B9842BA
:1021700004F1040650D14FF40010FFF727FE4FF092
:10218000B0439A6B02439A639A6B22F400129A63EB
:1021900041F61E73A4F864303C4B1E603949206E32
:1021A000F4F762FE3649E06DF4F75EFE2368636083
:1021B00039462046FFF798FF0123C4E902050025B0
:1021C000C4E9043594F8973094F96400A5615B1B69
:1021D00018BF0123DB04236294F8983084F845503B
:1021E0005B1B18BF01235B0463622A460221EFF7E1
:1021F00095FD94F96400EFF7C3FD94F965002A4654
:102200000221EFF78BFD94F96500EFF7B9FD304639
:10221000F0F715FA70B3FEE71D4B984213D14FF457
:102220008000FFF7D3FD4FF0B0439A6B02439A63EF
:102230009A6B22F480029A6342F22013A4F864306D
:10224000124B5E60AAE7134B9842A7D14FF40000EF
:10225000FFF7BCFD4FF0B0439A6B02439A639A6B51
:1022600022F400029A6343F23013A4F86430074B5F
:102270009E6093E70223A06684F89530F8BD00BF06
:10228000787902082479020800540040743A00204A
:1022900000580040005C004010B5044690F964000E
:1022A000EFF77CFD94F96500EFF778FD201DF0F75E
:1022B0001CFA206E0321F4F749FDE06D0321F4F7C9
:1022C00045FD2368194A93420ED14FF0B0439A6BF3
:1022D00042F400129A639A6B22F400129A639A6D88
:1022E00022F400129A6510BD114A93420DD14FF0AD
:1022F000B0439A6B42F480029A639A6B22F4800294
:102300009A639A6D22F48002ECE70A4A9342EAD17A
:102310004FF0B0439A6B42F400029A639A6B22F436
:1023200000029A639A6D22F40002DBE70054004039
:1023300000580040005C0040202A30B514D800232B
:102340009CB2A24207D890F894301344DBB280F8D4
:102350009430002030BD90F89440CD5C1C4404447F
:10236000013384F87450EBE70120F3E72DE9F347DC
:1023700005460F4690469946EFF790F80024D5F8A9
:1023800030A006460435CDF800A04B4642463946FB
:102390002846F0F7B9FA022806D1EFF77FF8841B38
:1023A000642CF0D906201FE008BBEFF777F806464B
:1023B0002846F1F774F9202809D0632C07D8EFF7E5
:1023C0006DF8841B2846F1F76DF90028F0D02846F7
:1023D000F1F768F9632C0CD882060AD443070AD4B3
:1023E000003818BF0120800002B0BDE8F08704204B
:1023F000FAE70520F8E70320F6E710B56423044662
:102400000430F0F78BF902280AD0032801D068B90C
:1024100010BD94F84530202B0CBF02200520F7E7B3
:1024200094F84530202B18BF0620F1E794F845308A
:10243000202B0CBF02200420EAE72DE9F3470446D5
:102440000E4691461F46EFF729F880463FB9012214
:102450003146204602B0BDE8F047FFF7CEBFD4F8C2
:1024600030A000250434CDF800A03B464A46314652
:102470002046F0F7D5F9022807D1EFF70FF8A0EBC7
:102480000805642DEFD906201FE008BBEFF706F81A
:1024900006462046F1F703F9202809D0632D07D816
:1024A000EEF7FCFF851B2046F1F7FCF80028F0D082
:1024B0002046F1F7F7F8632D0CD882060AD44307BB
:1024C0000AD4003818BF0120800002B0BDE8F087B0
:1024D0000420FAE70520F8E70320F6E720B119B158
:1024E000C1660430F0F726BB704720B119B101670F
:1024F0000430F0F71FBB704770B590F89130012B96
:1025000004460E46A0F1040509D1436E3BB1836E2B
:1025100028469847022384F8913000236366012EF1
:102520004FF0000312D1E26E84F891301AB184F8B2
:1025300090302846904794F8902004F1700120468E
:102540004FF00073BDE87040F0F730BA01226366C7
:1025500084F89120616E7431294420464FF08073D5
:10256000BDE87040F0F784BA10B590F89130012BB7
:10257000044604D1436E13B1836E04389847022396
:1025800084F89130002363662046BDE81040F0F7E0
:10259000D1BA436E1F2BDEBF436E0133436690F802
:1025A0009130012BDAB206D1416E70314FF0807359
:1025B0000144F0F75DBA7047002380F8903070470F
:1025C00090F892300BB9F0F7B5BA7047014B186824
:1025D000F0F7C4BA743A0020014B1868F0F755BE02
:1025E000743A0020014B5868F0F7B8BA743A0020EA
:1025F000014B5868F0F749BE743A0020014B9868C7
:10260000F0F7ACBA743A0020014B9868F0F73DBE81
:10261000743A00202DE9F041104D2F4604468C46B7
:1026200090469E46061D0FCF0FC697E80700069BF3
:1026300086E807001C35A362079BE3620FCD04F117
:102640003006C4E9088E0FC62B683360002363642C
:102650002046C4F800C0BDE8F08100BF387602080B
:1026600010B50446006803685B6C98472068216ACF
:10267000036882689B6898472068216A036802693A
:10268000DB68BDE810401847006803689B6C18477A
:102690002DE9F0410D461946037C0446407CADF51A
:1026A000007DDE08082B5FFA85FC06EBD006638907
:1026B000879FD0B295BF40EA0C004CEA122C8DF8EF
:1026C00000008DF8010092BF0DF101008DF800C0EF
:1026D0000DF10200AB423E443A462CD113F0C1F852
:1026E000206803685B6B98472068216A0368C268AA
:1026F000DB689847206803683246D3F8388069461B
:1027000040ABC0472068216A03680269DB689847CC
:1027100020680368DB6B98472389AB4207D1217C93
:10272000869840AB3A4603EBD10113F09AF80DF5C9
:10273000007DBDE8F081A18912F053FFD0E72DE9BB
:10274000F04FADF5017D04468C9F9DF834A21646EE
:10275000D5199946002B55D0684613F082F88A990E
:102760003A460DEB060013F07CF820680368BAF1D6
:10277000000F05D0E26A013254D1DB69322198475B
:10278000206803685B6B98472068216A0368C26809
:10279000DB689847206803680DF58078D3F838B077
:1027A0002A4643466946D8472068216A0368026979
:1027B000DB68984720680368DB6B9847BAF1000F25
:1027C00007D0E26A20680132036845D1DB69012144
:1027D0009847656935B1002F5CD0E37C18F8030099
:1027E000A8470546B9F1000F07D1A37C8B9806EBEB
:1027F000D3013A46414413F034F828460DF5017DE3
:10280000BDE8F08F837C68464FEAD30805EBD3051B
:1028100013F027F8A18908EB07020DEB060012F070
:10282000E0FEA2E75B6A984780462068E16A036899
:102830001B6998470028A3D0206803685B6D984700
:10284000206803685B6A9847E369A0EB0800984238
:10285000EBD36FF43075D0E71B6A012198472068ED
:1028600003685B6A984705462068E16A03681B694C
:1028700098470028ADD0206803685B6D98472068B2
:1028800003685B6A9847E369401B9842ECD36FF496
:102890003075A7E73D46A5E7F0B51E46037987B03A
:1028A00005460F463BB9CDE900620A460189FFF7AC
:1028B000EFFE07B0F0BD90F9114090F811C0002C68
:1028C000B8BF0734E410013C64B204ABE000194621
:1028D000002C12DA2C7CE408601E40B2B0F1FF3FFD
:1028E00015D10123CDE9022300230196009304EBC7
:1028F000DC022846FFF723FFDBE7B5F808E0013CE0
:102900004EFA00FE03F801EB64B20838E0E74FEA44
:10291000C00E27FA0EFE03F801EB0138DDE7F0B533
:1029200089B000238DF81730037904460A465BB955
:10293000012101910DF1170100910189FFF7A8FE16
:102940009DF8170009B0F0BD90F91130467C002BBE
:10295000B8BF0733DB10013B5BB206A8DD000146C0
:10296000002B13DA257CED086B1E5BB25F1C15D1C2
:102970000123CDE902330DF11703019300230093E6
:1029800005EBD6022046FFF7DAFED9E72789013B9F
:102990002F4100F8017B5BB2083DE1E7DF0022FA3E
:1029A00007F700F8017B013BDFE7F0B516461A4652
:1029B000037987B005460F4643B9CDE900320A4690
:1029C00033464189FFF764FE07B0F0BD90F911402E
:1029D00090F811C0002CB8BF0734E410013C64B279
:1029E00004ABE0001946002C12DA2C7CE408601ECF
:1029F00040B2B0F1FF3F15D10123CDE902230022FF
:102A0000CDE90062284604EBDC02FFF798FEDBE725
:102A1000B5F80AE0013C4EFA00FE03F801EB64B29F
:102A20000838E0E74FEAC00E27FA0EFE03F801EB84
:102A30000138DDE7F0B5037989B004460D468DF81D
:102A4000172053B90122CDE900320A460DF11703D0
:102A50004189FFF71DFE09B0F0BD90F91130467CA9
:102A6000002BB8BF0733DB10013B5BB206A8DA00CE
:102A70000146002B13DA227CD208531E5BB25F1C86
:102A800015D10020012301900DF117000090CDE930
:102A9000023302EBD6022046FFF751FEDBE76789DF
:102AA000013B174100F8017B5BB2083AE1E7DF0028
:102AB00025FA07F700F8017B013BDFE72DE9F04736
:102AC0009DF820A09DF828709DF82C901C4643EAA4
:102AD0000A03072B05460E46904642D8544540D37C
:102AE000FFF71DFF631CFF22DBB2CAF1080A02FADE
:102AF00003F342FA0AF21343DB43DBB280EA080233
:102B0000134205D1B9F1000F02D10020BDE8F087D2
:102B100020EA030403EA08031C43E4B222463146D8
:102B20002846FFF787FF286803689B6A98479DF847
:102B300024804FF47A73814603FB08F82868036801
:102B40009B6A9847A0EB0903434502D36FF00F003F
:102B5000DCE731462846FFF7E2FE60400742EDD150
:102B6000D3E76FF00A00D1E77FB59DF824600396A4
:102B7000089E9DF82850CDE90136002300930446B5
:102B8000FFF7DDFD38B935B1A36923B1204604B0A4
:102B9000BDE87040184704B070BDF0B590F9114021
:102BA00090F811C0002CB8BF0734E41087B0013C86
:102BB00064B205AD0F46E6002946002C0DDA9DF8FB
:102BC000344002949DF83040CDE9003413464FEA7A
:102BD000DC02FFF7C9FF07B0F0BD47FA06FE013C73
:102BE00005F801EB64B2083EE7E77FB59DF8246085
:102BF0000396089E02960026CDE9003601239DF833
:102C000028500446FFF79BFD38B935B1A36923B1BD
:102C1000204604B0BDE87040184704B070BDF0B560
:102C200090F9114090F811C0002CB8BF0734E4109F
:102C300087B0013C64B205AD0F46E6002946002C82
:102C40000DDA9DF8344002949DF83040CDE900340F
:102C500013464FEADC02FFF7C8FF07B0F0BD47FAA2
:102C600006FE013C05F801EB64B2083EE7E770B5EB
:102C700086B000238DF8133090F91130427C002B80
:102C8000B8BF0733DB10013B04465BB205A8DD008B
:102C90000146002B16DA0123CDE902330DF11303AF
:102CA000019300230093D2082046FFF748FD054614
:102CB00028B963691BB19DF813009847E080284646
:102CC00006B070BDE689013B2E4100F8016B5BB296
:102CD000083DDEE770B50B46054601F114043030BF
:102CE00053F8046B40F8046BA342F9D16A640E1FD9
:102CF00001F11004286856F8041F036882689B6875
:102D00009847A642F6D170BD406C18B970478B4207
:102D100004D018300378002BF9D118467047F8B565
:102D20000546FFF7F1FF88B1041D05F12C0605F1FA
:102D3000400756F8041F002904DB2868226803684E
:102D4000DB689847BE4204F10404F2D1F8BD0000EC
:102D50000648074B074A1B68B3FBF2F310B54468FB
:102D60004B434268121B9342FBDC10BD001000E095
:102D70004000002040420F00CBB21A2B09D80F4A66
:102D800052F8233001F4E0601843431C18BF084692
:102D9000704701F0C002C02A0CD1C72B0AD8084BDB
:102DA00001F03F0201F4E06053F82220034B53F896
:102DB0002230E9E74FF0FF30704700BF7C7A02080D
:102DC0005C7A0208704790F8282008B512B10368B1
:102DD0001B6B9847BDE80840F3F704BEC0690EF0CE
:102DE00065BFC0690EF094BFF8B507460C465D1E7E
:102DF0008E18B44200D1F8BD14F8011BF869002206
:102E00000EF088FF05F8010FF3E70EF0B4BA4B1C83
:102E1000084603D00021C0B20EF0D2B97047084670
:102E200011461A46431C02D0C0B20EF049B9704791
:102E3000C0690EF06CBFD0E90812C0690EF046BF41
:102E4000084611461A46431C01D00EF08FBC0020E4
:102E500070470EF0F5BC0EF0F1BC08460EF0F2BC67
:102E60004B1C084601D00EF0EDB970471FB508465F
:102E700011461A46431C13D00024CDE90044CDE985
:102E8000024421B1074B0393074B0091029369461B
:102E90000EF00AFA029B1BB16946032208469847C6
:102EA00004B010BD656A0008456A00084B1C08465E
:102EB00001D00EF01DBC002070470846431C11468F
:102EC00001D00EF0DBBB70470846431C114601D011
:102ED0000EF06ABB704710B52C210446F3F7E3FAF5
:102EE000204610BD90F8282012B103681B6C1847CB
:102EF0007047000070B586B004AD85E80C0004236F
:102F00000322CDE90132012200230E460092194628
:102F1000044603F07DFE95E80300064B236004F1B0
:102F20002003E66183E803000023204684F828306C
:102F300006B070BDB09702080368D3F8DC301847BC
:102F40000368D3F8E030184770472DE9F04385B0A7
:102F50000F464FF0000801230DF10F0240F6E70184
:102F600006468DF80F8002F0B4FA0446002855D1C9
:102F700033683046D3F8D830984704218146FFF7AC
:102F8000C3FE032105464846FFF7BEFE28B165B9DA
:102F90000E2F47DD6FF00C0440E017F1090FF9DB4D
:102FA000002DF7D007F1090303E00E2FFBB20EDD71
:102FB0000933DBB21F2BEDD80125072322460095EC
:102FC0000421304602F066FA042304460DE0113372
:102FD000DBB21F2BDED801222346009204213046AB
:102FE00002F058FA45460446032386F85831ACB936
:102FF0002946304601F0E7FA044678B90422F9B2CE
:10300000304602F0FCFA044640B901230DF10F02EC
:1030100040F6E701304602F055FA0446204605B076
:10302000BDE8F08307F11103DBB21F2BB2D80122F8
:10303000234600920421304602F02CFA0323044672
:10304000D3E7000010B502F098FA044605480FF0E7
:10305000C4F804480FF0B5F810B102480FF0B7F803
:10306000204610BD4041002010B5044603480FF033
:10307000B1F82368BDE81040184700BF4041002068
:1030800001480FF08DB800BF4041002010B54FF44B
:10309000DE710446F3F707FA204610BDF0B587B09D
:1030A00004469DF844E09DF830509DF834609DF949
:1030B0003870BDF83CC0CDF814E0DDF840E0CDF844
:1030C00010E0CDE9027CCDE9005600F030F9014670
:1030D00028B9204607B0BDE8F04003F08FBA07B02A
:1030E000F0BD012A02D1016000207047022A05D0FC
:1030F000032AF9D0002AF7D10260F5E70B680360D4
:10310000F2E700001FB50023CDE90013084B03933D
:103110000848094B029369460FF008F8029B1BB15F
:10312000694603220846984705B05DF804FB00BFD6
:103130006930010840410020E3300108F0B587B054
:1031400004469DF93450BDF838609DF840700497EE
:10315000CDE901560F9F0C9D0397009500F021F9D2
:10316000014628B9204607B0BDE8F04003F046BA52
:1031700007B0F0BD10B5044600F088F9014B23609C
:10318000204610BD189802087047000008B5A1F14C
:103190001B030846032B16D8DFE803F00A020611CA
:1031A0000B480FF051F808BD09480FF019F8FAE77D
:1031B00007480FF02BF880F00100C0B2F3E7044895
:1031C0000FF03BF8F7E7BDE808400EF091BA00BFFA
:1031D000404100200846A0F11B03032B114601D9F2
:1031E0000EF0E2B9704710B52C210446F3F75BF9F5
:1031F000204610BD08461D28114604D81B2810D8AB
:1032000009D00EF03BBA1E28FBD1B2FA82F1054874
:1032100049090FF005B8B2FA82F1024849090EF0E7
:10322000E7BF70474041002037B504462C20F3F734
:1032300036F90A4B0A4905460CCBFFF75BFE094BF2
:103240002B601C221E23CDE9003229461D231B22A0
:103250002046FFF7DFF9204603B030BD8099020811
:1032600040410020209902084AB116290B466FF010
:103270000800A8BF16238342B8BF03461370093164
:10328000C9B21F298CBF6FF00C00002070470000EE
:1032900010B5012986B006D002292BD0C9B16FF034
:1032A000130006B010BD002203680592194A04926B
:1032B0004FF0080C0A22CDE9022C4FF0120E072223
:1032C000CDE9002E1449D3F8F040144A0923A04751
:1032D000E7E7104A0368039210240A22CDE901248B
:1032E0000F4A04910092D3F8F4400E4A0E4B0A495B
:1032F000A047D6E7002302680393064B02930A21F6
:103300000123CDE900310449D2F8FC400622A04750
:10331000C7E700BFCDCCCC3F0000D9430000FA4244
:1033200033331C439A9999400000A04070472DE91F
:10333000F34198469DF8343001930C9B00930E4660
:103340001746BDF82C309DF824209DF820109DF9DB
:103350002850044601F0FEFA00BB23684146D3F82A
:10336000E83020469847C8B923683946D3F8E43096
:103370002046984790B923683146DB6B2046984732
:1033800060B90121204601F01EF938B923685B6D50
:103390002946204602B0BDE8F041184702B0BDE81A
:1033A000F081F0B585B00E469DF838700297114651
:1033B0000D9F01971A46BDF8303000930A9B9DF986
:1033C0002C50044601F01CFB90B923683146DB6B9E
:1033D0002046984760B90121204601F0F4F838B939
:1033E00023685B6D2946204605B0BDE8F0401847CC
:1033F00005B0F0BD70B50E461D4611469DF814305F
:10340000049A044601F070FB88B923683146DB6BEF
:103410002046984758B90121204601F0D4F830B928
:103420002368294620465B6DBDE87040184770BD93
:1034300073B50E4611461A469DF824300193089B39
:1034400000939DF818309DF91C50044601F062FB72
:1034500090B923683146DB6B2046984760B901215B
:10346000204601F0B0F838B923685B6D2946204644
:1034700002B0BDE87040184702B070BD10B54FF4FF
:10348000DE710446F3F70FF8204610BD10B5044670
:1034900000F068FC034B2360034BC4F84C3120461A
:1034A00010BD00BF989902088899020870B50C46B3
:1034B0000546144920461646EDF706FEF0B11249BE
:1034C0002046EDF7F7FDC8B12EB121462846BDE8EC
:1034D000704003F0F7B8D5F854112046EDF738FBEB
:1034E0000A4920F00040EDF7EFFD0028EDD021461D
:1034F000284600F0DAFE0028E7D070BD6FF00B0020
:10350000FBE700BF00001643000070440000A0412C
:103510000022FFF7CBBF0000036873B59B6D164612
:10352000002205460C46984790B99EB10B4B04F11A
:10353000090203EB420113F8123091F9014003F044
:103540000F021B09002100912846214603F066F86E
:1035500002B070BD04220723F4E700BF989A020866
:103560000122FFF7D9BF000030B5074B05460FCB4E
:1035700085B06C4684E80F002B682146D3F8A03054
:103580002846984705B030BD6876020813B5036831
:1035900000220092DC6940F2722202236FF07F4128
:1035A000A04702B010BD000030B5074B05460FCB59
:1035B00085B06C4684E80F002B682146D3F8943020
:1035C0002846984705B030BD6876020882B02DE9DC
:1035D000F041012906A880E80C000B9C9DF82660AC
:1035E0009DF8277009D0022975D000294BD06FF0C3
:1035F0001300BDE8F04102B070479DF8188042F218
:10360000107000FA08F0EDF755FB51490546079890
:10361000EDF7A8FB01462846EDF758FCEDF7A4FDB1
:10362000A8F10503DBB2012B9DF8283005468BBFBE
:1036300008210021112019200BBB4FEA880304EB5D
:103640004707002EC8EB47020CBF1426002601EBEB
:103650008201DBB2314409B25A1E0029A8BF5218B8
:1036600092FBF3F3BDF824209DF820109BB20832A2
:1036700001FB032300EB830068438008B9E7A8F14E
:1036800002039B00DBE7F800EDF718FB0546304628
:10369000EDF714FB01462846EDF75CFA0546BDF848
:1036A0002400EDF70BFB01462846EDF753FA0546DB
:1036B000E000EDF7FFFA01462846EDF74BFA254901
:1036C00004460698EDF702FC01462046EDF7FEFBA6
:1036D000EDF74AFD8DE79DF81930032B34D8DFE86C
:1036E00003F002282D300623634304330522B3FB85
:1036F000F2F39CB23022B4FBF2F303EB830000EB55
:10370000800002FB13444000A4B280B214B1023422
:10371000204480B29DF82430C3EBC30203EBC20304
:1037200000EB43000C4B80B25843EDF7C3FA0B4952
:10373000CCE704EB4404C4F34F04DBE76400A4B219
:10374000D8E704EB4404FAE76FF0090051E700BF43
:103750000000204100007A4400127A001D24F44346
:1037600008B50846EDF7A6FA0249EDF7AFFBEDF70D
:10377000FBFC08BD00007A41036889B2D3F8EC3045
:1037800018470368D3F8DC301847D0F85C0170475D
:1037900000F00E03062B0BD0082B0CD00A2B0CD0FC
:1037A0000138C0B2FD288CBF6FF0010000207047C7
:1037B0006FF430707047024870470248704700BF8E
:1037C0003EFDFFFF3DFDFFFF704700002DE9F04289
:1037D0008AB004460F4601F0FFFE05AE00230DF14E
:1037E0001C090128C9E90133054607930593B380F5
:1037F0003DD194F86131042B35D80433DBB28DF818
:10380000243094F860318DF81C30D4F86831089376
:10381000B4F86631ADF8143094F86331003B18BF4A
:1038200001238DF8173094F86431591E4B424B41F7
:103830008DF8163094F86231003B18BF01238DF8E3
:103840001830039796E80300099B0190ADF8081023
:103850000093216899E80C008E6F20462946B047F6
:103860000AB0BDE8F082072B08BF0823C7E730BBCA
:10387000D4F87001EDF71EFA01462148EDF726FB5A
:103880000790D4F87401EDF715FA94F87B3108909D
:1038900013F0FB0F11D0022B03D09A1F5342534158
:1038A0005B00B4F88021ADF8142094F87C218DF8E9
:1038B00016208DF817300025C3E70123F1E7032810
:1038C0000ED1B4F89C315BBAADF81C3094F8A3313A
:1038D0008DF81E3094F89E318DF814300225B0E733
:1038E000022809D1D4F87001EDF7E4F90146044843
:1038F000EDF7ECFA0790DEE76FF01300B0E700BFDA
:1039000000007A4910B50C4659B101F065FE012856
:1039100002D0032803D038B92070002010BD022047
:10392000FAE76FF00200F9E76FF01300F6E708B569
:10393000D0F85C010221FFF7F2F94FF0FF3008BD2B
:1039400037B50D46044690F85811D0F85C01FFF7E2
:10395000E6F95DB90123CDE900330023D4F85C0119
:103960001A46D121FFF75BF903B030BD2946204646
:1039700001F014FE0028EDD0F6E707B500238AB267
:103980000093114601F0DCFD03B05DF804FB1FB5A8
:103990000023ADF80C300123CDE9003303AA022344
:1039A0001221D0F85C01FFF7F8F8BDF80C0040BA1E
:1039B00080B205B05DF804FB2DE9F041002486B02B
:1039C000FF270226CDE90274CDE9004605462346CD
:1039D000224640F6E201D0F85C01FFF76FF8CDE92E
:1039E0000274CDE900462346224640F6E501D5F8AB
:1039F0005C01FFF763F86FF07F41284601F0E5FCBA
:103A0000D5F85C31186803680A21DB6998472746B6
:103A1000264601230DF1170240F6190128468DF8BC
:103A2000176001F056FD9DF8170000F00100A0405E
:103A300001343843082CC7B2EBD12B6802244FF075
:103A4000FF081B6928469847CDE901480396009670
:103A5000D5F85C010023012240F6E201FFF72EF8C1
:103A6000CDE90286CDE900640023D5F85C0101228E
:103A700040F6E501FFF722F8384606B0BDE8F081D0
:103A800090F83410022938B5044605D0032911D026
:103A90006FF01805284638BDD0F85C01FFF73FF9F4
:103AA000D4F89811204601F090FC0546002384F8D4
:103AB0003430EFE790F85811D0F85C01FFF72FF998
:103AC0000021204601F06BFC05460028E2D1D4F825
:103AD0005C311868D96A0268126990470028E5D0FD
:103AE000D4F85C31186803685B6D9847EFE7D0F84D
:103AF0005C3110B50446186803681B699847C1B269
:103B00002046BDE8104002F03BBF10B54FF4DE7117
:103B10000446F2F7C8FC204610BD036810B5D3F880
:103B2000EC3044F2FF310446984728B92368204618
:103B30001B69BDE81040184710BD000010B50446D1
:103B400001F04AFD01280ED123682046D3F88430C5
:103B50009847C3050AD410F0800F14BF6FF00E0011
:103B60004FF0FF3010BD6FF01300FBE70048F9E79E
:103B700042FDFFFFF7B505460E4601F02DFD012879
:103B800033D12B6828461B699847044650BBD5F8AB
:103B90005C010221FFF7C3F8B168284602F0C0FEBD
:103BA000F1680746284602F0BBFE0094234682B225
:103BB000B9B2284601F0C4FC044698B92B6844F217
:103BC000FF31D3F8EC3028469847044650B9736863
:103BD0000193F3780093B37872783178284601F036
:103BE0000BFC0446204603B0F0BD6FF01304F9E768
:103BF00010B5044601F0F0FC012812D1204601F076
:103C000023FE10F4004FC0F3072018BFA0F580700A
:103C1000ECF7E8FB044B0022ECF74EFCECF744FF1A
:103C200010BD0248FCE700BF0000D03F0000A0C16B
:103C30002DE9F3411D4603681B6904460F461646ED
:103C40009847002846D16DB92368002EDB6F14BF5A
:103C50003146FF21204698474FF47A7300EB8000ED
:103C6000B0FBF3F52846EDF725F82D49EDF77AF886
:103C70002C49EDF72BF9EDF777FA23680022009233
:103C8000D3F81C800146022340F272222046C0472E
:103C900000BBD4F85C31186803685B6A98478046BB
:103CA000D4F85C311868596A026812699047A0B16B
:103CB0000025236820461B69984718B16FF43073BC
:103CC000984207D12368D5B123682046DB6A98471C
:103CD0006FF0050002B0BDE8F081D4F85C311868DF
:103CE00003685B6D9847D4F85C31186803685B6AB9
:103CF0009847A0EB08008542D2D20125D9E7D3F836
:103D0000843020469847236B1842DDD123681B6B13
:103D100032463946204602B0BDE8F041184700BFA0
:103D200000007A4400007A41036810B5D3F894305B
:103D30000446984730B110BDD4F85C311868036868
:103D40005B6D9847D4F85C311868596A026812694B
:103D500090470028F0D023682046D3F89830BDE87B
:103D60001040184738B504460D4602F0B5FD002254
:103D7000C4F85421C4F86821C4F8842140F20162D7
:103D8000A4F89C212B4A2C4B1269236003200023AA
:103D90000121C4F89F21294AC4F84C31C4E95C339D
:103DA000C4E96933C4E96C3384F8503184F85801AC
:103DB000C4F8603184F86431A4F8663184F86C1179
:103DC000C4F87831A4F87C3184F87E31A4F88031CD
:103DD000C4F8883184F88C31C4F8903184F8943177
:103DE000C4F8983184F89E0184F8A331A4F8AC316A
:103DF000C4F8B8316260FF22A26084F8493184F8C7
:103E00004A3102220423C4E90423E160102308217B
:103E1000C4E9061320204023C4E90803C4F85C5118
:103E20004FF480738025C4E90A534FF40073236371
:103E3000204638BD68760208E09A02080024743FE4
:103E400010B5032ABDF8084011D8092980F89C2133
:103E500010D85A1E032A80F89D110ED8B4F5007FA1
:103E600080F89E310CD2A0F8AC41002010BD6FF05C
:103E70000900FBE76FF00700F8E76FF00A00F5E7CD
:103E80006FF06900F2E7D0F85C3170B5044618684D
:103E900002680D469668996A8268B047D4F85C312A
:103EA0001868996A0268D668C268B047D4F85C316D
:103EB000186803680121DB699847D4F85C311868F9
:103EC000996A0268D6680269B047F5B1D4F85C31E6
:103ED000186803685B6A98470646236820461B6992
:103EE0009847054688B1D4F85C31186803685B6A66
:103EF0009847801BB0F57A7F08D2D4F85C311868F7
:103F000003680A21DB699847E7E70025284670BD6A
:103F1000036810B5D3F8843004469847430410D59D
:103F2000D4F8B811204601F00F0101F06DF950B935
:103F300023682046D3F8EC30BDE8104044F2FF314E
:103F400018476FF0040010BD2DE9F047984603684C
:103F50001B6904460F4616469847002841D194F83D
:103F60006131042B3FD9072E5BD994F86331012BC3
:103F700039D1FD2E58D823683146DB6F204698474B
:103F800023680546D3F824903246434639462046F6
:103F9000C84730BB20464FF47A7305EB8505B5FB67
:103FA000F3F501F019FBD4F85C3106461868036894
:103FB0005B6A984705350746D4F85C311868036892
:103FC0005B6D9847D4F85C31186803685B6A984762
:103FD000C01B854209D2236820469B6A98476FF030
:103FE0000400BDE8F087FF2EC4E7D4F85C31186800
:103FF000596A0268126990470028DDD0032E2368B1
:1040000009D1D3F8843020469847C30703D420460B
:10401000FFF77EFFD0E7236820469B6ABDE8F047A4
:1040200018476FF01D00DCE76FF00300D9E72DE9BA
:10403000F0411E46036886B01B6905468846174650
:104040009847044600283CD16FF07F439845394695
:10405000284618BF46F4007602F062FC314604465A
:10406000284602F05DFC002382B2A1B200932846EC
:1040700001F066FA044620BB02460146284601F0DC
:10408000C2FB0446E8B92B6844F2FF31D3F8EC30A8
:10409000284698470446A0B9284601F09DFA012811
:1040A00013D195F89431019395F86431009395F804
:1040B000903195F86321B5F86611284601F028FB88
:1040C0000446204606B0BDE8F081A8B9FF2304935A
:1040D00095F87E31039395F87D31CDE9014395F84C
:1040E0007C31009395F87B3195F87821B5F88011F3
:1040F000284601F033FBE3E74FF0FF34E1E700002F
:104100001FB571B101F0A0FBC0B2ECF76BF90F4B1A
:10411000002201F10041ECF7CFF9ECF7C5FC04B047
:1041200010BD0123CDE900338DF80F100DF10F0202
:104130001521D0F85C01FEF730FD9DF80F00ECF77B
:10414000B9FD4FF03F41ECF70DFEE8E70000E03F1E
:104150000121FFF7D5BF30B585B00546144601F003
:104160003BFA012808D195F86431012B04D11CB920
:10417000D5F8900105B030BD0023ADF80C30012317
:10418000CDE9003303AAD5F85C0102231321FEF721
:1041900004FD14B19DF80D3023709DF80C00E9E783
:1041A0002DE9F3410546D0F85C010F461646FEF7AF
:1041B0005EFD2B680446D3F88430284698476FF498
:1041C00030739C4208D110F4007F18BF6FF00504D3
:1041D000204602B0BDE8F081002CF9D143062CD472
:1041E00000F03000202814BF4FF000086FF00608E0
:1041F00000230DF10702012128468DF80730FFF753
:10420000AAFF16B1B04228BF3046C2B29DF80730AF
:104210003946284601F080F904460028D8D12B6899
:1042200044F2FF31D3F8EC3028469847B8F1000F3C
:104230000CBF04466FF00604CAE76FF00608D7E724
:104240000022FFF788BF73B5054608464FF07E5140
:104250001646ECF77DFC4FF07A51ECF783FD0EF03B
:1042600067F9ECF781FF4FF07E51C4B23046ECF7AE
:1042700071FC4FF07A51ECF775FD0EF017F9ECF781
:1042800073FFE107C3B25CBF04F1FF34E4B2DA07A5
:104290005CBF0133DBB201A928468DF804408DF8DC
:1042A000053001F08BF902B070BD73B500230546EF
:1042B0000846ADF804300C46ECF730FFA0F2863328
:1042C0001A2B21D9A0F25F33072B28D9A0F20B3388
:1042D000082B27D9A0F5EB73282B26D9A0F5D77387
:1042E0000A2B25D94FF081412046ECF733FC4FF0E3
:1042F000814106462046ECF72BFC32460146284613
:10430000FFF7A1FF02B070BDE122E92301A9284611
:104310008DF804208DF8053001F050F9F2E7D7222E
:10432000DB23F3E7C122C523F0E775228123EDE704
:104330006B226F23EAE7000037B500238DF80730C2
:104340000DF10702012340F68901044601F0C1F88E
:10435000E8B9204601F040F901289DF8075018D12E
:104360000D49D4F86801ECF7F3FB0C4920F000404C
:10437000ECF7A0FE68B105F0FB0501230DF1070283
:1043800040F6890120468DF8075001F09BF803B0F4
:1043900030BD45F00405F0E70000FA436F12833AA0
:1043A0002DE9F0410229C8B005460E46174606D051
:1043B000032921D06FF0180048B0BDE8F08190F8D3
:1043C0006431012B03D1D3680BB1C0F89031D7E928
:1043D000012339682846FFF72AFE0028ECD13B6804
:1043E000013304BF6FF07F433B603B68C5F89831F1
:1043F00085F834600020DFE75368FF2B00F2DD8092
:1044000001F0EAF80128044615D195F8943101939A
:1044100095F8643100933B7995F86321B5F86611FE
:10442000284601F075F90028C6D100230093012227
:1044300040F2012139E0A8B93B79049395F87E3127
:10444000039395F87D31CDE9010395F87C31009314
:1044500095F87B3195F87821B5F88011284601F060
:104460007DF9E0E7022818D1D5F870317968642B1E
:104470004FEAC1039BB241F6705243F20F700093B2
:10448000C9B240F2E14308BF134640F62F1208BFFD
:104490000246284601F08BF9C5E7032840F09080DA
:1044A000002344F2010200931146284601F048F827
:1044B000002881D102460146284601F0A4F90028CF
:1044C0007FF47AAF032C19D003463A79396828462D
:1044D00001F00EF800287FF46FAF2B6844F2FF3133
:1044E000D3F8EC302846984700287FF465AF28467B
:1044F000FFF722FF00283FF47BAF5DE7284600F07E
:10450000D3FD00287FF458AF044695F89E31C3F1DF
:104510000403A3424CDC0024FB22214609A8089492
:1045200011F05FF805F5DA73C5E96C44C5F8B841D8
:104530000DF11C08029305F5D873CDE900832846D8
:10454000D7E9001208AB079400F030FB00287FF495
:1045500033AF03469DF81C2008A9284600F0C8FF89
:1045600000287FF429AF01238DF81830079B8DF8C0
:104570001930D5F8B4318DF81A3006AA032340F269
:104580008531284600F09EFF00287FF415AF95F88E
:10459000B471102F28BF10270446A7429DD9E1B25D
:1045A000284600F031FE00287FF406AF0134F4E71E
:1045B000284600F00FFE0134A7E76FF00300FBE68A
:1045C0004FF0FF30F8E637B500230D468DF8073081
:1045D0000DF10702012340F6D801044600F079FFEF
:1045E00070B99DF807306DB143F01E038DF80730A8
:1045F0000DF10702012340F6D801204600F062FFCA
:1046000003B030BD23F01E0343F00803EEE737B5D7
:1046100090F86431012B044602D0002003B030BD75
:1046200000F0DAFF01280546F7D100238DF80630A7
:104630000DF10602034640F60211204600F042FF4B
:104640000028EBD18DF807002B460DF1070240F64C
:104650004411204600F03DFF0028DFD19DF80730CF
:1046600043F002038DF807300DF107022B4640F6A8
:104670004411204600F026FFD0E7036810B51B69FF
:104680000446984760B92046FFF7C1FF40B9236848
:104690002046D3F8EC30BDE8104044F2FF31184713
:1046A00010BD37B500230D468DF807300DF1070218
:1046B000012340F23671044600F00BFF88B99DF8E3
:1046C0000730012D0CBF03F0FB0343F004038DF80A
:1046D00007300DF10702012340F23671204600F049
:1046E000F1FE03B030BDF0B585B0044600F074FFB4
:1046F0000246002878D1D4F87031D4F85C010392D6
:10470000FF26B3F5966F029609D102210423CDE965
:10471000003140F6B801FEF7D1F905B0F0BDB3F5B0
:10472000167F4FF002054FF00303CDE900354FF03F
:1047300004032ED1182240F2D161FEF7BFF9002800
:10474000EBD1CDE90260CDE900550423D4F85C013A
:104750001A4640F69B01FEF7B1F90028DDD1CDE9FC
:10476000026004270195009702463B46D4F85C019D
:1047700040F6B801FEF7A2F90028CED1CDE90260DB
:10478000CDE9007506235022D4F85C0140F2AC61FB
:10479000C1E7082240F2D161FEF790F90028BCD1B0
:1047A000CDE90260CDE9005502460423D4F85C014E
:1047B00040F69B01FEF782F90028AED1CDE90260F8
:1047C000042701950097D4F85C013B46102240F67F
:1047D000B801FEF773F900289FD1CDE90260CDE959
:1047E000007506230246CFE7002096E7F0B50546A0
:1047F00085B00F460A24002601212846FFF743FB17
:10480000D5F85C0110224FF448716B46CDE9006683
:10481000CDE90266FEF740F806226946384610F0F8
:1048200006FF10B9012005B0F0BDD5F85C3118685D
:1048300003680A21DB69013C984714F0FF04DBD1CF
:104840002046F0E72DE9F0410446D0F85C010D4622
:1048500017461E46FDF704FFD4F85C311868596A04
:104860000268D2F808804268C047D4F85C31186802
:10487000D96A0268D2F808804268C047D4F85C312F
:1048800031484FF401621A820122DA74D4F85C31A3
:104890004FF440011A712D4A5A61C3E90201D4F85C
:1048A0004C112046FFF7A2FF40B9D4F85C01FDF798
:1048B000EBFE6FF001052846BDE8F08194F8493120
:1048C00063B13146204601F012FF0546B0B9002F12
:1048D00034D12046BDE8F04101F0A9BD00212846B1
:1048E000ECF7FCFB0028ECD0294641F28832204648
:1048F00001F0C6FD05460028E3D0DCE7236820462A
:104900001B699847204600F0C1FF114B9D42D2D150
:104910008306D0D5002384F8493141F28832002142
:10492000204601F0ADFD05460028C4D131462046A1
:1049300001F0DDFE05460028C9D0BCE72046BDE8F1
:10494000F04101F071BD00BF1D000D00913701085D
:104950003DFDFFFFF7B51D46264BC0F86831062325
:1049600080F8503100231646C0F88831224A80F87A
:104970006431FF230F46C0F86021C0F890319DF8E4
:1049800024200899A0F8665101230446FFF75AFF36
:1049900070BB02463946204601F053F840BB442222
:1049A0003146204601F07AF810BB236829461B6E79
:1049B00020469847E0B91149204601F08FF8B8B970
:1049C0000121204601F01AFE90B90123009341F61F
:1049D0000F5241F221030221204601F06DFC38B94B
:1049E00023681B6D0146204603B0BDE8F040184720
:1049F00003B0F0BD0000FA4309030001000070425B
:104A00002DE9FF4117461E4645F255324CF6CC4380
:104A1000C0E95C23324BC0F884311A23BDF828501A
:104A200080F8793140F209638846A0F87A319DF820
:104A300030200B99A0F8805100230446FFF702FFB5
:104A4000002849D1236841461B6C2046984700281E
:104A500042D1236839465B6C2046984700283BD1F9
:104A60003146204601F018FA002835D11D4920466C
:104A700001F034F880BB236829461B6E2046984716
:104A800050BB4AF61253ADF80C3023680222DB6D9E
:104A900003A920469847F8B9236801469B6C204635
:104AA0009847C8B923680146DB6C2046984798B9F7
:104AB000FF21204601F002FE70B90125009541F268
:104AC000210341F60F520221204601F0F5FB18B9EF
:104AD0002946204601F092FD04B0BDE8F08100BFF8
:104AE00033331C430000704238B50D4611461A4658
:104AF00002230446FFF7A6FE58B9236829461B6C1B
:104B00002046984728B920460121BDE8384001F0E9
:104B100075BD38BD70B586B00D46164680F8A33118
:104B20009DF82C200A9903230446FFF78BFE88BBCF
:104B30001C49204600F0D2FF60BB0121204601F055
:104B40005DFD38BBCDE90300CDE9010000900346CF
:104B500002460146204600F001FED8B90B2384F836
:104B60007A31236884F87901C4F874011B6C0E490A
:104B70002046984770B9032E0ED8092D84F89C6101
:104B80000DD8032384F89E314FF4807384F89D512F
:104B9000A4F8AC3106B070BD6FF00900FAE76FF011
:104BA0000700F7E7000070420000FA3E2DE9F04FE1
:104BB00083469146ADF5297D1C460020FF224845DD
:104BC00040F0CA80B04810230026037047F25B57BC
:104BD0004FF6FF734A462146C0E90173C66001F0F3
:104BE00015FFC0F3072304F8093004EB09034FF461
:104BF0001772587009F102033146E65409AD11A845
:104C00000593109610F0EDFCA0482E60032101F0F2
:104C100058FF09F10203DA00063210AB21469B4827
:104C2000009501F053FFFF223146204610F0D9FCD9
:104C30009BF89C71032F2ED0954B0CAA03F1080C06
:104C400018685968164603C6083363453246F7D1DB
:104C5000186899889B79B371022F98BF8D4B30608B
:104C6000B18098BF13F807C02B6802934FF0000380
:104C700088BF4FF0000C1A4618460DF130084FF06F
:104C8000010A029999427BD109920732D208214642
:104C900010A810F0E6FD099B0293002293B202983F
:104CA0005B438342114602F10102F7D38BB25B00F2
:104CB0009BB204939BF89E31BDF90850C1F34E029C
:104CC0000692C3EBC30203EBC20300215B009BB25D
:104CD0008A460A46002D74DC9BF89E216A4F8DF8A7
:104CE00028906FF0710101FB023309939BF8A33107
:104CF0009BF89C219BF89D119B0043EAC20343EA69
:104D0000D10343F002038DF82930BBF8AC311A0906
:104D10001B0142EA41128DF82B3008238DF82A201E
:104D20003B702F22FF23C7E901230026FE60354692
:104D30009BF89E11B14200F2AF80059B9BF89C212D
:104D4000DB0006339BB2032A00F27B81DFE812F01E
:104D50006D017501A001A2010B5C53401D0145EAE4
:104D600013132354130983EA521383EAD20303F083
:104D7000010383EAD2135200D2B21A4301301EE774
:104D800018F80010B9B110AFDE084FEAD20EBE5DC0
:104D900014F80E10DF43D54307F0070705F00705A9
:104DA0003E41F6070AFA05F546BF2943C9B2A943B1
:104DB00004F80E1001320130844508BF0020013391
:104DC0005FE7302D28464FEAD306A8BF3020039076
:104DD000D843A75D4FF0010C00F007000CFA00F07B
:104DE00027EA000703EB0C00A755C710C043E65D98
:104DF00000F007000CFA00F026EA0006E6554FF036
:104E0000000C9F1CFE434FF0010E06F007060EFA41
:104E100006F60DF140084FEAD20EF81018F80EE031
:104E200007906FEA020808F00708205C4EFA08FEB7
:104E30001EF0010F14BF3043B0434FEAE70618BF1E
:104E4000C0B2A05504980244029892B290420BD886
:104E5000069A0498524492B290429FBF013189B29F
:104E60000A468A4688BF9246039E0CF1010C0FFA4F
:104E70008CF0864207F10107C4DC30460230303D39
:104E800018442DB283B225E7983A0020AC3A0020AE
:104E900080760208D79B02089DF82B300139891BC8
:104EA00023F00C0343EA810304220AA938468DF853
:104EB0002B3001F0ABFD0DF130084FF00009C8F8C0
:104EC00000908DF82C0002217448CDF83490ADF894
:104ED000389001F0F6FD28220DEB020143466F48A1
:104EE000CDF8009001F0F2FD28220DEB02014346BF
:104EF0006A48CDF8009001F0E9FDEA08EB43A15CB7
:104F00004FF0010E03F007030EFA03F321EA030347
:104F1000A35405EB0E03DA10DB43A15C03F0070397
:104F20000EFA03F321EA0303A3545D4B029305F148
:104F3000020C05F12A00029B13F8011B02934FEAB1
:104F4000D1094FEADC0A18F8099014F80A30C9436D
:104F50006FEA0C0201F0070102F0070249FA01F9B9
:104F600019F0010F0EFA02F218BF13430CF1010CF5
:104F700014BFDBB29343604504F80A30DBD105F17E
:104F80007203DFF82091029305F14A0C0DF1300A0B
:104F900019F8011F6FEA0C024FF0010E02F0070230
:104FA0000EFA02F24FEAD10E4FEADC081AF80EE0D0
:104FB00014F80830C94301F007014EFA01FE1EF053
:104FC000010F1ABF1343DBB2934304F80830029B6E
:104FD0000CF1010C6345DBD100214FF001090BEB13
:104FE000D10C4FEAD0089CF89FC114F808306FEA42
:104FF000010EC2430EF0070E02F007024CFA0EFC3F
:105000001CF0010F09FA02F218BF134301F101016C
:1050100014BFDBB29343202904F8083000F10100EB
:10502000DDD17235ADB2013682E606225343043338
:105030000522B3FBF2F39BB203E003EB4303C3F39C
:105040004F03302003F12F02B2FBF0F20A44B4996F
:105050000A60B3FBF0F101EB810202EB820200FB7C
:10506000113352009BB292B213B102331A4492B27E
:105070009BF89E11722313FB0123B39A1360B29A1B
:105080000733DB08002013600DF5297DBDE8F08FA4
:105090005B00D0E703EB4303CDE700BFAC3A002051
:1050A000DA9B0208019C020870B5464A8AB00346A2
:1050B00005AC02F1100610685168254603C5083298
:1050C000B2422C46F7D110683F4A28601068928897
:1050D000ADF810203D4A029249F28E52ADF80420FC
:1050E00093F8A3210390002A93F89D210AA800EBCE
:1050F00042020CBF3421082132F8142CB2FBF1F229
:105100000621632AA3F8A421A3F8A6112AD037D830
:105110003C2A53D022D81E2A19D8092A1BD92C4937
:1051200021FA02F2D20716D5B3F8AC210AA901EB95
:105130009211B2F5C07F11F81C1CA3F8A81102F05F
:105140003F01A3F8AA1106D200200AB070BD232A9D
:10515000EAD02F2AE8D06FF06900F6E73E2A2DD07A
:10516000562AF8D1B3F8AC210AA901EBD21102F00A
:105170007F0211F8201CA3F8A811A3F8AA21E3E7E5
:10518000B2F5C37F13D00ED8B92A01D0C62AE2D116
:10519000B3F8AC210AA901EB1221D2B211F8241CF8
:1051A000A3F8A811E9E740F293118A42D3D14FF452
:1051B0008472A3F8A821B3F8AC21DEE73822A3F863
:1051C000A621B1E790760208D09B020841444748E7
:1051D0000004405010B5B0F8A631B0F8AA11B0F8EC
:1051E000A441024603F001005B0818B1B2F8A8011F
:1051F00043409BB2994214BF81EA030008468442AF
:10520000F0D3A2F8A63110BDD0F8B4312DE9F341A6
:1052100004460E46002B66D0FFF7DCFFB4F8A4313D
:10522000471EBAB23FB2B7EB530FA8BFD21A03F072
:10523000010594F8A331A8BF17B20135002B56D051
:10524000AD004FF480584FF09841D4F85401EBF77B
:1052500089FD4FF07451EBF785FDEBF785FFD4F82E
:10526000B82194F89E316D0208FB07559A42A0EBD5
:10527000050004D29B1ADB0758BF00F5807006EBCF
:10528000460700BA7F00042301900DEB030207F2EA
:105290008A31204600F016F930BB6EB394F89E3187
:1052A000B3422BD8D4F8B051312D29D8ADB2002358
:1052B0008DF800306A46022307F5627120468DF8AA
:1052C000015000F0FFF878B9D4F8B0315B1BC4F896
:1052D000B031D4F8B431013BC4F8B431D4F8B831AA
:1052E0000133C4F8B831002002B0BDE8F0811A23C0
:1052F0005D434FF4D048A6E77325D8E77225D6E77B
:105300003225D4E730B5044685B0D0F85C010D46AF
:105310000121FDF704FD0023CDE900330DF10F025B
:10532000D4F85C01AD00012384218DF80F50FDF706
:1053300076FCD4F85C310546186803680121DB6906
:105340009847284605B030BD0121FFF7DBBF7FB588
:1053500004460D461646D0F85C010121FDF7DFFC3E
:1053600046B10023CDE900331A46D4F85C01194652
:10537000FDF755FC0123CDE9003303AAD4F85C0105
:105380008DF80C508021FDF74AFC04B070BD90F8F8
:105390004A110122FFF7DBBF0122FFF7D8BF1FB57B
:1053A0000B0C8DF80C300B0A8DF80D300123CDE974
:1053B00000338DF80E10032303AA8321D0F85C017B
:1053C000FDF72DFC05B05DF804FB1FB50B0C8DF847
:1053D0000C300B0A8DF80D3000220123CDE900328C
:1053E0008DF80E10032303AA8221D0F85C01FDF78B
:1053F00016FC05B05DF804FB2DE9F04385B090F88C
:1054000060919DF8308006460D981C4617460D4663
:10541000EBF750FC1E49EBF759FDEBF7A5FEFF2D0E
:1054200008BF0225FF2F04BF09F10D095FFA89F7B4
:10543000FF2C08BF0A248DF80A400124CDE900445E
:10544000030CB8F1FF0F8DF80C304FEA102308BFA2
:105450004FF000088DF80D308DF80E000723D6F8B8
:105460005C018DF8085002AA88218DF809708DF82A
:105470000B80FDF7D4FB40B9CDE90044034602465A
:10548000C521D6F85C01FDF7CAFB05B0BDE8F08385
:1054900000007A411FB58DF80D309DF818308DF859
:1054A0000F300123CDE900338DF80C108DF80E205C
:1054B000042303AA9521D0F85C01FDF7B0FB05B0E9
:1054C0005DF804FB08B5D0F85C01FDF76EFA00202A
:1054D00008BD10B5044610461A460346D4F85C01D0
:1054E000FDF7DAF9D4F85C01BDE81040FDF7BFBB69
:1054F00010B586B00E248DF815300123CDE90133A7
:1055000000920B46022205A9D0F85C018DF81440E8
:10551000FDF76BFB06B010BD10B586B01E248DF8EC
:1055200015300123CDE9013300920B46022205A973
:10553000D0F85C018DF81440FDF716FB06B010BDE5
:105540001FB55BBAADF80C30BDF818305BBAADF8DA
:105550000E300123CDE9003349BA082352BAADF821
:105560000810ADF80A2019460DEB0302D0F85C01D3
:10557000FDF755FB05B05DF804FB1FB50123CDE930
:10558000003349BA0223ADF80C1003AA1946D0F82B
:105590005C01FDF744FB05B05DF804FB1FB501237A
:1055A000CDE9003309BA0391042303AA8621D0F878
:1055B0005C01FDF734FB05B05DF804FB07B5012382
:1055C000CDE900330A4602239821D0F85C01FDF7AB
:1055D00026FB03B05DF804FB1FB5FF238DF80F30E9
:1055E0000123CDE900330DF10F021121D0F85C0148
:1055F000FDF7D3FA9DF80F0005B05DF804FB30B558
:10560000012385B0CDE9003304460D468DF80C101A
:105610008DF80D20D0F85C01022303AA8E21FDF73E
:10562000FEFA08B984F88C5105B030BD2DE9F0437D
:105630001E4685B090F86C319DF83040054688468E
:105640001746A3B190F860014FF0010909FA00F084
:10565000EBF730FBD5F86811EBF738FC4FF08341DE
:10566000EBF732FD0028044618BF4C46E4B2012394
:1056700085F86241CDE9003303AAD5F85C018DF8C5
:105680000C8004238B218DF80D708DF80E608DF841
:105690000F40FDF7C4FA05B0BDE8F08330B585B022
:1056A0000D0C089C8DF80C30230C8DF80D30012367
:1056B000CDE9003308238DF808508DF80A100D0A43
:1056C0008DF80B2064BA0DEB03028B21D0F85C013E
:1056D0008DF80950ADF80E40FDF7A1FA05B030BDC8
:1056E0001FB50B0C8DF80C300B0A8DF80D30012313
:1056F000CDE900338DF80E108DF80F20042303AA96
:105700008B21D0F85C01FDF78AFA05B05DF804FB47
:105710002DE9FF419DF82C800C4641460646174670
:105720001D46FEF7BEFFB0B99DF828308DF80A304F
:105730000123CDE9003364BAD6F85C01ADF8084026
:10574000062302AA8C218DF80B508DF80C708DF871
:105750000D80FDF764FA04B0BDE8F0817FB58DF8E7
:1057600013309DF828308DF80E208DF814309DF8F8
:1057700020208DF80F200123CDE900339DF824204F
:105780008DF810209DF82C208DF8112049BA9DF835
:105790003020ADF80C108DF81220092303AA8C21BB
:1057A000D0F85C01FDF73BFA07B05DF804FB30B5BB
:1057B00085B00546BDF820008DF808108DF80A2048
:1057C000110A8DF80C301A0A030A8DF80D300123E6
:1057D000CDE900338DF809108DF80B208DF80E00FF
:1057E00002AAD5F85C018C21FDF719FA044638B9F4
:1057F000D5F85C0106230DF10902F021FDF7D5F87B
:10580000204605B030BD1FB50123CDE900338DF82A
:105810000C108DF80D20022303AA8F21D0F85C0113
:10582000FDF7FDF905B05DF804FB1FB50123CDE9D7
:1058300000338DF80C1003AA9621D0F85C01FDF717
:10584000EEF905B05DF804FB1FB50F4B1A889B7885
:105850008DF80E300123CDE90033ADF80C20032381
:1058600003AA1421D0F85C01FDF797F99DF80D30DB
:105870009DF80C209DF80E001B0243EA02431843DA
:1058800005B05DF804FB00BFA47602081FB5002335
:10589000ADF80C300123CDE9003303AA0223172110
:1058A000D0F85C01FDF779F9BDF80C0040BA80B280
:1058B00005B05DF804FB1FB50023ADF80C300123E3
:1058C000CDE9003303AA02230721D0F85C01FDF7DC
:1058D000A6F905B05DF804FBD0F85C312DE9F04184
:1058E0001D682A6804465769926D0E462846596A13
:1058F0009047D4F85C311B68014632462846BC46C6
:105900005B69BDE8F0416047D0F85C3170B51C6858
:10591000596A226820469569926D90472B46014648
:105920002046BDE8704018470368D3F8DC301847BC
:105930000368D3F8E030184773B505460E46FFF705
:105940004BFE0128044656D100213046EBF7BCFB44
:1059500000283BD029493046EBF7ACFB002835D076
:105960004FF07C513046EBF7FDF92549EBF7F2F8A3
:10597000EBF7FAFBC3B2142B21D8022B26D9033B39
:10598000112B23D8DFE803F02F2209220A22222933
:10599000222222222B222222222D082495F8623153
:1059A00085F85041C5F86861009395F8613195F824
:1059B000601122462846FFF739FE02B070BD7D2BEC
:1059C00013D006D81F2B12D03E2B12D06FF0070039
:1059D000F3E7FA2BFAD10624E0E70924DEE70224F4
:1059E000DCE70A24DAE70024D8E70524D6E7032415
:1059F000D4E70424D2E76FF01300DEE70000FF4392
:105A00000AD7233C37B504460D46FFF7E5FD0128CC
:105A100011D16B1F072B11D894F8623184F86051B3
:105A2000009394F8613194F8502129462046FFF7FD
:105A3000FDFD03B030BD6FF01300FAE76FF0080012
:105A4000F7E773B505460C461646FFF7C5FD012876
:105A50001ED1231FDBB2042B1DD8BEB1062C11D8DA
:105A6000042C08BF002495F8623185F86141009349
:105A700095F8502195F8601123462846FFF7D6FD8A
:105A800002B070BD082C06D10724ECE71C46EAE7FB
:105A90006FF01300F4E76FF00900F1E773B5064605
:105AA0000D461446FFF798FD012814D125F00F0389
:105AB00043EA141304F00F0444EA05118DF804308E
:105AC0008DF80510022301AA4FF4E8613046FFF774
:105AD000F9FC02B070BD6FF01300FAE737B50C4661
:105AE000054600212046EBF7EFFAB0B10C492046FD
:105AF000EBF7E0FA88B10B492046EBF7E7F9EBF753
:105B000033FB01238DF807000DF1070240F6E70192
:105B10002846FFF7D7FC03B030BD6FF01000FAE75E
:105B200000000C430000204030B587B005460C460D
:105B3000FFF752FD012811D195F89431A1B2A5F8D3
:105B40006611019395F86431009395F8903195F8BA
:105B500063212846FFF7DCFD07B030BD58BB95F840
:105B60007C31A1B299420A46A8BF1A461F2AA5F85D
:105B700080111ADC172A1ADC0F2A1ADC003A18BF27
:105B800001229200FF2085F87821049095F87E018B
:105B9000039095F87D0102900020CDE90030284661
:105BA00095F87B31FFF7DAFDD6E70722EAE7062210
:105BB000E8E70522E6E74FF0FF30CDE737B50446CA
:105BC0000D46FFF709FD68BB00212846EBF768FA90
:105BD00060B916492846EBF777FA20B114492846F0
:105BE000EBF768FA18B96FF0650019E00F4D11492D
:105BF0002846EBF7B7F84FF09841EBF7B3F80E49AA
:105C0000EBF764F9EBF7B0FAC4F87401009094F87C
:105C1000793194F87A21D4F870112046FFF73EFDCF
:105C200003B030BD6FF01300FAE700BF9A99193F37
:105C30000000484300007A440024F44B37B5044682
:105C40000D46FFF7C9FC002839D0032805D00228EB
:105C500010D06FF0130003B030BD25492846EBF794
:105C600033FA20B123492846EBF724FA38BB6FF00A
:105C70006400F0E720492846EBF726FA0028F6D022
:105C80001E492846EBF716FA0028F0D01C49284692
:105C9000EBF768F801461B48EBF718F9EBF764FAE5
:105CA00016220146C4F870012046FFF719FD0028AE
:105CB000D1D1204603B0BDE83040FEF714BD1049F5
:105CC0002846EBF74FF801460E48EBF7FFF8EBF7E5
:105CD0004BFAD4F87431C4F870010093014694F87B
:105CE000793194F87A212046FFF7D8FCDFE700BF2E
:105CF00023DBF93E355EFA3ECDCCCC3D9A99193F77
:105D000000007A440024744EF0B589B003AC84E8F6
:105D10000E0003689DF83860D3F8CC30049F0DF175
:105D20001F01054698470446002851D1032E9DF8CF
:105D30001F3002D0B3420FD13346E3B92B68039929
:105D40001B6C284698470446002841D12B683946E9
:105D50005B6C284698470CE02B6828461B699847DF
:105D600038B92B683146D3F8C83028469847002800
:105D7000E2D004462CE0012B17D12B689DF80C10C3
:105D8000D3F8E83028469847044608BB2B683946C4
:105D9000D3F8E430284698470446C8B902469DF82F
:105DA00014102846FFF74DFEE3E7022B10D14FF405
:105DB000807300939DF80D209DF80C100323284656
:105DC000FEF73EF80028D4D19DF80E3085F8A331B7
:105DD000204609B0F0BD000030B585B004AC04E940
:105DE0000E009DF82030029C032B07D1036808A900
:105DF000D3F8CC30984718B105B030BD4FF0FF3024
:105E00009DF82030CBB9019D1F492846EBF75CF97E
:105E100068B31E492846EBF74DF940B31A492046AE
:105E2000EBF752F930B31A492046EBF743F9002853
:105E300014BF00206FF06500DEE7012BDCD19DF878
:105E40000430053B072B18D800212046EBF73CF91E
:105E5000B0B110492046EBF72DF988B19DF80C3010
:105E6000043B042B94BF00206FF00900C4E76FF0DF
:105E70006400C1E76FF06500BEE76FF00800BBE7A4
:105E80006FF00700B8E700BF9A99193F00009643EA
:105E9000000048430000FF4337B505460C46FFF7B6
:105EA0009BFB002840F02B819849C5F8844120468F
:105EB000EAF74EFE964920F00040EBF7FBF8002889
:105EC00040F0F58093492046EAF742FE904920F0E1
:105ED0000040EBF7EFF8002840F0EB808E492046B9
:105EE000EAF736FE8A4920F00040EBF7E3F8002895
:105EF00040F0E18089492046EAF72AFE844920F0F3
:105F00000040EBF7D7F8002840F0D78084492046BE
:105F1000EAF71EFE7E4920F00040EBF7CBF80028A0
:105F200040F0CD807F492046EAF712FE784920F004
:105F30000040EBF7BFF8002840F0C3807A492046C4
:105F4000EAF706FE724920F00040EBF7B3F80028AC
:105F500040F0B98075492046EAF7FAFD6C4920F017
:105F60000040EBF7A7F8002840F0AF8070492046CA
:105F7000EAF7EEFD664920F00040EBF79BF80028B9
:105F800040F0A5806B492046EAF7E2FD604920F029
:105F90000040EBF78FF8002840F09B8066492046D0
:105FA000EAF7D6FD5A4920F00040EBF783F80028C5
:105FB00040F0918061492046EAF7CAFD544920F03B
:105FC0000040EBF777F8002840F087805C492046D6
:105FD000EAF7BEFD4E4920F00040EBF76BF80028D1
:105FE0007DD158492046EAF7B3FD494920F00040E9
:105FF000EBF760F8002874D153492046EAF7A8FD72
:10600000434920F00040EBF755F800286BD14F4989
:106010002046EAF79DFD3E4920F00040EBF74AF8A4
:10602000002862D14A492046EAF792FD384920F01B
:106030000040EBF73FF8002859D146492046EAF7DF
:1060400087FD334920F00040EBF734F8002850D1A9
:1060500041492046EAF77CFD2D4920F00040EBF74E
:1060600029F8002847D13D492046EAF771FD284923
:1060700020F00040EBF71EF800283ED138492046BA
:10608000EAF766FD224920F00040EBF713F8C8B3A9
:106090000923D5F8742185F87931009295F87A2191
:1060A000D5F870112846FFF7F9FA03B030BD1F2369
:1060B000EFE71723EDE70F23EBE71E23E9E71623AE
:1060C000E7E70E23E5E71D23E3E71523E1E70D23CB
:1060D000DFE71C23DDE71423DBE70C23D9E71B23D1
:1060E000D7E71323D5E70B23D3E71A23D1E71223EE
:1060F000CFE70A23CDE71923CBE71123C9E76FF0D8
:106100001300D2E76FF06700CFE700BF9A9999407C
:106110006F12833A9A99B9409A99E94033331B41F7
:1061200033333B419A99694100009C413333BB4171
:106130006666EA4100001C429A993B4266666A42E2
:1061400066669C429A99BB429A99EA4233331C4351
:1061500033333B43CD4C6A4300009C43CDCCBA4320
:106160000080E94337B500290CBF942396231546D8
:106170008DF803300DF10302012340F6AC01044613
:10618000FFF7A0F970B96DB1074B1A889B78ADF88D
:1061900004208DF8063001AA032340F29F212046F7
:1061A000FFF790F903B030BD2A9C020837B50546C9
:1061B0000C46FFF711FA08B103281CD1042C1DD896
:1061C000DFE804F00403131517000824D5F8743130
:1061D00085F87A41009395F87931D5F87011224607
:1061E0002846FFF75BFA03B030BD0924EEE70A2426
:1061F000ECE70B24EAE76FF01300F4E76FF06900B7
:10620000F1E770B586B005460E461446FFF7E4F98F
:10621000002838D1082C4CD8E4B2234632464FF43B
:10622000D8612846FFF74EF928BBB5F88011E40085
:10623000E4B2A1420A46A8BF22461F2A85F87C4143
:106240001BDC172A1BDC0F2A1BDC003A18BF0122BB
:106250009200FF2085F87821049095F87E01039044
:1062600095F87D0102900020CDE90040284695F880
:106270007B31FFF773FA06B070BD0722E9E706220B
:10628000E7E70522E5E7012809D1012C11D831788B
:106290004422284606B0BDE87040FFF7FFBB032844
:1062A00004D1042C05D13368C5F89F316FF0130079
:1062B000E1E76FF06800DEE72DE9F04188B00446C1
:1062C0009DF838800D4617461E46FFF785F90028D1
:1062D00045D1012D08D0022D3AD0002D3DD06FF4CC
:1062E0002F7008B0BDE8F0814FEA88085FFA88F5A2
:1062F000FF2384F87B51049394F87E31039394F840
:106300007D3102930023019394F87C31009394F83B
:106310007821B4F880112B462046FFF71FFA002899
:10632000DFD17FBA022307AA40F2BC612046ADF854
:106330001C70FFF7C7F80028D3D176BA022307AA4A
:1063400040F2BE612046ADF81C60FFF7BBF8C8E71D
:10635000B8F1000F18BF0625CAE70125C8E70128D4
:1063600012D12A1E94F8943118BF012284F86321B7
:10637000019394F86431009394F89031B4F8661165
:106380002046FFF7C5F9ACE74FF0FF30A9E770B53D
:1063900088B004460D461646FFF71EF9002840D186
:1063A000B5B9FF2384F87D51049394F87E310195AB
:1063B000CDE9025394F87C31009394F87B3194F842
:1063C0007821B4F880112046FFF7C8F908B070BDF5
:1063D000012384F87D3107AA4FF4D7612046FFF7E7
:1063E00078F80028F2D19DF81C308DF81D60C6F3B6
:1063F000002223F0010313438DF81C3007AA022367
:106400004FF4D7612046FFF75DF80028DED1FF2367
:10641000049394F87E31039394F87D31CDE9010320
:10642000C8E76FF01300D1E70021FFF7FEB90121A3
:10643000FFF7FBB9003940F2FF1218BF0121FFF747
:10644000A6BFD0F85C01FCF745BC37B504460D4645
:10645000FFF7C2F8012810D184F89451019594F8FF
:106460006431009394F8903194F86321B4F8661184
:106470002046FFF74DF903B030BD6FF01300FAE787
:10648000F0B590F8493185B006460D46174613B170
:106490004F4805B0F0BD03681B6998473046FFF7C9
:1064A000F5F9830602D53046FFF705FA494925F08C
:1064B0000040EAF7FFFD044630B10121304605B047
:1064C000BDE8F040FDF7DFBC43492846EAF740FB52
:1064D000404920F00040EAF7EDFD002869D13F492E
:1064E0002846EAF735FB3B4920F00040EAF7E2FD99
:1064F000002860D13A492846EAF72AFB354920F0BE
:106500000040EAF7D7FD002857D136492846EAF778
:106510001FFB304920F00040EAF7CCFD00284ED1A7
:1065200031492846EAF714FB2A4920F00040EAF7EF
:10653000C1FD002845D12D492846EAF709FB254928
:1065400020F00040EAF7B6FD00283CD12849284653
:10655000EAF7FEFA1F4920F00040EAF7ABFDA0BBC6
:1065600024492846EAF7F4FA1A4920F00040EAF7ED
:10657000A1FD00288CD0072338468DF80C30EAF7AF
:1065800099FB1D49EAF7A2FCEAF7EEFD030C8DF832
:106590000D300123C6F88871CDE9003340BAADF85B
:1065A0000E000423D6F85C0103AA9721FCF737FB01
:1065B0006FE72346E0E70123DEE70223DCE703235E
:1065C000DAE70423D8E70523D6E70623D4E700BF9C
:1065D00041FDFFFF6F12833ACDCCCC3F9A99D93F52
:1065E0006666E63FCDCC0C409A991940CDCC2C4044
:1065F000000040403333534000007A411FB501236F
:10660000CDE900338DF80F100DF10F029D21D0F868
:106610005C01FCF704FB05B05DF804FB2DE9FF41CC
:106620001F4600230D4616468DF80F300DF10F0260
:10663000012340F6E7010446FEF74BFFC8B94FF0CF
:1066400001089DF82820CDF800803B4631462046C1
:10665000FEF720FF68B90422E9B22046FEF7CFFF1B
:1066600038B943460DF10F0240F6E7012046FEF728
:1066700029FF04B0BDE8F08170B586B004460D4630
:106680001646FEF7A9FFB0B9CDE9035694F87D315F
:10669000CDE9010394F87C31009394F87B3194F8B0
:1066A0007821B4F880112046FFF758F808B984F82B
:1066B0007E5106B070BD6FF01300FAE70A46012163
:1066C000FFF7DABF10B504460846C4F854114FF07E
:1066D0009841EAF747FB4FF07451EAF743FBEAF7BA
:1066E00043FD01462046BDE81040FEF757BFF0B518
:1066F000002285B00C4611460546FFF784F80028B5
:106700006CD10126CDE900663346D5F85C018DF8E1
:10671000084002AA8A21FCF782FA00285ED195F887
:106720004A31CDE90066002B0CBF202330238DF8C1
:106730000830D5F85C01334602AA9321FCF76FFAC2
:1067400000284BD103228DF8082095F86021ADF880
:106750000C00CDE900660D328DF809200A22ADF853
:106760000A208DF80E000723D5F85C0102AA8821C3
:10677000FCF755FA074688BB2B6844F2FF31D3F883
:10678000EC3028469847009704463B463A4639463F
:106790002846FEF7D5FE204300B2F8B9CDE90060E7
:1067A0007F238DF80830D5F85C01334602AA892191
:1067B000FCF735FA90B9D5F85C3118680368052103
:1067C000DB699847D5F85C311868D96A02681269A4
:1067D000904728B9D5F85C01FCF749FA05B0F0BD3F
:1067E000D5F85C31186803685B6D9847EAE76FF08D
:1067F000180070476FF0180070476FF0180070476E
:10680000036800215B6918476FF0180070476FF04C
:10681000180070476FF0180070476FF0180070474D
:106820006FF0180070476FF0180070476FF0180095
:10683000704784B004A800E90E006FF0180004B09F
:106840007047002070470000004870470000C8C132
:1068500082B08DE80C00002002B070470020704725
:106860006FF0180070476FF01800704700207047F5
:106870007047704770476FF01800704730B585B0AB
:106880000025CDE902558DF808300368CDE90012E6
:10689000D3F8D0306A4603210446984720B92368CC
:1068A0002046D3F8D430984705B030BD1FB50293C9
:1068B000069B03930368CDE90012D3F8D0306A46F3
:1068C00002210446984720B923682046D3F8D430E3
:1068D000984704B010BD000038B5104B03604FF06E
:1068E0007E5300250446436001238360C0F8445171
:1068F00080F84851294628220C300EF072FE65635C
:106900004FF48072294604F138000EF06AFE84F8D4
:106910004051C4E94E55204638BD00BF389C02089E
:10692000002330B51A4601250C3005FA03F40C4259
:1069300004D050F823401F2C18BF22430133202BD2
:10694000F3D1104630BDF7B506460C46A9B101AFEC
:10695000002533683046D3F8A43098470135EDB2AE
:10696000042D07F8010BF4D1019B1BBA002BB8BF13
:106970005B4293FBF4F204FB1234204603B0F0BDFB
:1069800038B590F8483104469BB9D0F8382141EA2F
:106990004201D0F84421C0F838111140D0F83C2110
:1069A000914205D1012280F8482180F83530C38614
:1069B00038BD90F8362094F835300244012592F81D
:1069C00038009D40B9B12843C0B2591CC9B208294A
:1069D00082F8380084F83510EAD100F0FFF894F816
:1069E0003630E218013382F8380084F8363000235C
:1069F00084F83530DCE720EA0500E6E7082202707B
:106A00000022C0E90122C260028270472DE9F843EA
:106A1000002684684FEAC20805460F463246B04554
:106A200010D1EB6884EA03006B7C13B1297800F085
:106A3000D5F82A784FF0FF33C2F12002D340184036
:106A4000BDE8F88373070CD12B7CB85C02F1010917
:106A500013B1082100F0C2F82B78083B984044405D
:106A60004A462B78013B24FA03F313F0010F18BFB9
:106A70006B684FEA440418BF5C400136CFE7000062
:106A80000148FFF7BBBF00BF983A002070B5002552
:106A90004FF48076044605804560057232462946EB
:106AA0000C300EF09EFD3246294604F586700EF03D
:106AB00098FD8422294604F503700EF092FD2046CD
:106AC00070BD002303704170704700002DE9F74F3F
:106AD000019200296CD0002B6AD000229646154600
:106AE000019CA54212D1690708D04178032904BF4F
:106AF000110C03F8011B110A19705A700C9B0BB191
:106B0000C3F800E0002003B0BDE8F08FEC0890F877
:106B1000018011F804C0284C284EEF4307F0070706
:106B2000B8F1020F4CFA07FC08BFA2460CF0010CAA
:106B3000047818BFB246CCF101064FEA940B6FEA15
:106B400004094FEA860609F00309F6B206EBC90606
:106B50005AF82B904FF0020A29FA06F61AFB04C4E1
:106B60000CBF4FF010094FF04009B4FBF9FC09FBD2
:106B70001C4406F00F06047007FB08F705F0070435
:106B8000BE40072C42EA06020CD1B8F1030F04BF45
:106B9000140C03F8014B1C46160A04F8026B5A70D9
:106BA00023460022447874441FFA84FE013597E797
:106BB0004FF0FF30A7E700BF149D0208249D020894
:106BC00008B50448FFF762FF034B00221A705A70A1
:106BD00008BD00BFB03A0020AC3A00200023F0B559
:106BE0000446012518464E1EDAB2914200D8F0BD87
:106BF00005FA03F22240DA40F71ABA401043013393
:106C0000F2E77047704770470846704770470000CA
:106C100010B5C0E90223029B0361039B4361049BFF
:106C20008361044B044C1A68C0E9004102B9186042
:106C300010BD00BF403D00206C9D02081020704731
:106C400010B5064B0446B02140F80C3B00F0CFFADB
:106C5000204600F085F8204610BD00BFD49D0208F4
:106C600010B50446FFF7ECFF2046BC21EFF71BFCF4
:106C7000204610BD102AF8B54AD100F10C0301F1ED
:106C8000100251F8044B43F8044B9142F9D100F142
:106C9000180400F1B80601250423042B04F10407AD
:106CA00022D12A462146384600F084FA237914F886
:106CB0000C2CE1795340237114F80B2C6379534069
:106CC000637114F80A2CA3795340A37114F8093C9A
:106CD00001355940EDB200230133B742E171DBB217
:106CE0003C46DAD10120F8BD14F80C1C22784A4049
:106CF000227114F80B1C62784A40627114F80A1C65
:106D0000A2784A40A271E17814F8092C5140E3E7D7
:106D10000020E8E710B5044600F014F8044B2360A7
:106D20000A23237104F10C03A360204610BD00BFA9
:106D3000D49D020810207047017980680131090153
:106D400000F055BA10B5044600F04AFA034B236030
:106D500000232371A360204610BD00BFFC9D0208E4
:106D600010B5034B0360044600F040FA204610BD06
:106D7000FC9D0208184B0A789A5C02704A799A5C6A
:106D800042708A7A9A5C8270CA7B9A5CC2700A7975
:106D90009A5C02714A7A9A5C42718A7B9A5C82712F
:106DA000CA789A5CC2710A7A9A5C02724A7B9A5CCF
:106DB00042728A789A5C8272CA799A5CC2720A7B41
:106DC0009A5C02734A789A5C42738A799A5C8273FD
:106DD000CA7A9B5CC37370472F9F0208184B0A78CE
:106DE0009A5C02704A7B9A5C42708A7A9A5C8270E2
:106DF000CA799A5CC2700A799A5C02714A789A5C84
:106E000042718A7B9A5C8271CA7A9A5CC2710A7AF0
:106E10009A5C02724A799A5C42728A789A5C8272AF
:106E2000CA7B9A5CC2720A7B9A5C02734A7A9A5C49
:106E300042738A799A5C8273CA789B5CC373704789
:106E40002F9E0208F0B50E7891F801C08D78CF78AA
:106E5000F40904EB44044FEADC1104EBC40401EB35
:106E6000410184EA46048CEA050E01EBC101E4B25B
:106E700087EA0E0E81EA4C01C9B2EB0984EA0E0ED4
:106E800081EA0E0EFA0903EB430303EBC30302EBA3
:106E9000420280F800E086EA050E83EA450387EAAD
:106EA0000E0E86EA0C0602EBC202DBB282EA470251
:106EB00081EA0E0177407540D2B259406C407B4068
:106EC0005340624041708370C270F0BD2DE9F041C3
:106ED000846888B0531E0D46671E0F326E4613F845
:106EE000011F17F801CF934281EA0C0106F8011B3C
:106EF000F5D1077910343E46A046012E1BD87B1EE3
:106F0000002FDBB24FEA031308BF00231C4469467D
:106F100004A8FFF72FFF013D631E0F3413F8011F74
:106F200010F8012BA34282EA010205F8012FF5D1E6
:106F300008B0BDE8F08104A86946FFF71BFF0146D1
:106F40006846FFF77FFF05A901A8FFF77BFF06A9A9
:106F500002A8FFF777FF03A807A9FFF773FF08F15F
:106F6000FF336A4608F10F00117813F801CF81EA68
:106F70000C01834202F8011BF6D1013E08F1100812
:106F8000F6B2BAE72DE9F04F91F800B04E78CF781D
:106F90008D784FEADB1303EB430303EBC30387B0A6
:106FA00083EA4B03DBB20193F309FA0903EB4303D2
:106FB00003EBC30302EB420283EA460302EBC20285
:106FC00082EA4702DBB20293B409D3B2484A039380
:106FD0004FEA971C145D12F80CC084EA8604E3B2F1
:106FE0008CEA870C04935FFA8CF34FEA5B1CAC09C4
:106FF00012F80CA005934FEA561C4FEA9B1912F8A1
:107000000C80145D12F80990019B4FEA551C84EA2C
:10701000850412F80CE04FEA571CE4B212F80CC0D9
:1070200086EA05027A405A40029B88EAC6085A401E
:107030005FFA88F88AEACB0A8EEAC50E62405FFAE8
:107040008EFE5FFA8AFA8CEAC70C89EA8B0988EA15
:1070500002025FFA8CFC8AEA09098EEA0202E90957
:107060005FFA89F98CEA020289EA020201EB410126
:10707000027001EBC1018BEA05027A4081EA450109
:10708000C9B25340049A4B405340059A53408AEA90
:10709000030388EA03038EEA03038CEA03038BEA03
:1070A000060643707740039B039A79405940019B41
:1070B00075406B405340049A5340059A4C405340EE
:1070C00088EA04048AEA030A8EEA040488EA0A08C1
:1070D0008CEA04048EEA080E89EA04098CEA0E0C94
:1070E00080F8029080F803C007B0BDE8F08F00BFC1
:1070F000279E02082DE9F0438468077989B00D4680
:1071000004EB07146946531E661E0F32894613F8B6
:10711000010F16F801CF934280EA0C0001F8010B31
:10712000F5D1494604A8FFF759FE3E46A046012E78
:10713000A8F1100819D87B1E6FF00F02DBB2002FE8
:1071400002FB03F308BF00231C44A21804AB013D5B
:1071500012F8010B13F8011BA24281EA000105F8A5
:10716000011FF5D109B0BDE8F08304AA434608F138
:107170001000117813F801CB81EA0C01834202F868
:10718000011BF6D104A94846FFF7FCFE05A901A89A
:10719000FFF7F8FE06A902A8FFF7F4FE07A903A867
:1071A000FFF7F0FE013E494604A8FFF717FEF6B2CE
:1071B000BDE7000030B5084B4C78084D1C5DAA5C5B
:1071C000544004708A789A5C4270CA789A5C8270E3
:1071D0000A789B5CC37030BD2F9F02081C9E02087A
:1071E000014B0360704700BF38A00208704701449C
:1071F0000023884200D1704700F8013BF9E730B521
:1072000002440023904204D1C3F58070C0F30020F3
:1072100030BD10F8014B11F8015B6C402343F1E7DE
:107220002DE9F0419CB0164F164B4FF0090805466A
:10723000082603A8CDF8008010220C4601F05EF964
:107240003B46424613A903A8009601F057F933467E
:1072500003AA2146204601F0E7F833463A46214684
:10726000284601F04DF933463A462946284601F0B2
:1072700047F9642103A8FFF7BAFF1CB0BDE8F0810D
:107280007CA0020858A0020838B5144605464023E1
:1072900020460A46102101F0AEF80023236421465F
:1072A0002846BDE83840FFF7BBBF2021FFF79FBF4E
:1072B0002DE9F0410D46A0B000F12008044605F18B
:1072C000200602464146684601F044FA2A46314605
:1072D00010A801F03FFA10AA6946684601F0D6F9F5
:1072E0002246414608A801F01EFA2A46314610A857
:1072F00001F019FA08A904F1600610AA084601F085
:10730000C5F905F16002314610A801F0BFF910A9D6
:1073100004F140070846224A01F0C8F905F140028D
:10732000394618A801F0B2F918AA1146104601F022
:10733000FAF96A4608A9304601F00CFA10AA18A911
:10734000384601F007FA18A910AA084601F0EBF92F
:1073500008A96A46084601F0E6F93A463146204651
:1073600001F094F908AA18A9404601F08FF918AA6B
:107370003946384601F08AF908AA3146304601F00C
:1073800085F96846FFF791FF08A8FFF78EFF10A860
:10739000FFF78BFF18A8FFF788FF20B0BDE8F0814A
:1073A0001CA102082DE9F041064690B001F1400809
:1073B0000D464246014606F14007684601F066F96F
:1073C0003A46294608A801F061F920220DEB020196
:1073D0006846FFF714FF424606F12001044668465E
:1073E00001F054F93A4605F1200108A801F04EF9E0
:1073F00020220DEB02016846FFF701FF04406846BA
:10740000FFF753FF08A8FFF750FFE4B2204610B083
:10741000BDE8F0812DE9F041044600F120060A465E
:10742000202388B00821304600F0E5FFE36B334DA0
:10743000DF0F04F1400823F00043E363424605F107
:10744000200C2B4603CB6345106051601D4602F1B2
:107450000802F6D104F1600532463146284601F0B3
:1074600015F942462946204601F074F9244A294676
:10747000284601F01BF942462946284601F053F9F7
:107480002946684601F0EBF96A462146284601F094
:10749000FDF86846FFF709FF236E2A4604F17C01D8
:1074A00052F8040F8A4243EA0003F9D15BB91FB1D5
:1074B000002008B0BDE8F0812022394620460EF0B9
:1074C00090F80120F5E72946204601F0F3F900285D
:1074D000EED0236803F00103BB4209D02022002133
:1074E00028460EF07EF822462946204601F032F961
:1074F00032462146284601F0C9F8E2E7BCA002085E
:107500003CA102088021FFF772BE00002DE9F04F78
:10751000C5B0054602911446002180220193012640
:107520000EF05FF8FF232E622E6400934FF0000AE6
:1075300004F12008029B53F82A70019B37400BB9D5
:10754000002F7BD005F120092A46494604A801F006
:1075500001F92246414614A801F0FCF804A90846A6
:1075600014AA01F093F82A4649460CA801F0DBF86A
:107570002246414614A801F0D6F80CA9084614AAE0
:1075800001F084F805F16003194604F1600214A8C3
:10759000039301F07BF814A908466E4A05F1400BED
:1075A00001F084F804F1400259461CA801F06EF87D
:1075B0001CAA1146104601F0B6F804AA0CA93CA872
:1075C00001F0C8F814AA1CA934A801F0C3F81CA93A
:1075D000084614AA01F0A7F80CA904AA084601F06D
:1075E000A2F8019B34AA3CA9002B00F09F8024A89C
:1075F00001F04CF80CAA1CA92CA801F047F834A9FA
:1076000008461CAA01F042F83CA908460CAA01F061
:107610003DF824AA2946384601F0CAF82CAA494662
:10762000384601F0C5F834AA5946384601F0C0F88A
:107630003CAA05F16001384601F0BAF822464146FD
:1076400004A801F087F804AA1146104601F01EF8BC
:10765000224641460CA801F066F80CAA04F1600726
:107660001146104601F012F83A46394614A801F0C6
:107670000DF814A904F140090846364A01F016F83D
:107680004A4649461CA801F001F81CAA11461046BA
:1076900001F049F804AA0CA9384601F05BF814AAD5
:1076A0001CA9484601F056F81CA9084614AA01F086
:1076B0003AF80CA9084604AA01F035F84A463946BA
:1076C000204600F0E3FF0CAA1CA9404600F0DEFFB4
:1076D0001CAA4946484600F0D9FF0CAA394638464C
:1076E00000F0D4FFB6F1004F04BF0AF101035FFAC6
:1076F00083FA009B03F1FF3314BF7600012613F0D9
:10770000FF0300937FF416AF24A8FFF7FBFE04A845
:10771000FFF7CBFD0CA8FFF7C8FD14A8FFF7C5FDC8
:107720001CA8FFF7C2FD45B0BDE8F08F284600F069
:10773000ADFF0CAA1CA9484600F0A8FF1CAA34A95A
:10774000584600F0A3FF0CAA3CA905F1600000F028
:107750009DFF73E71CA10208F0B5174D944606463D
:107760000F460FCDA1B06C460FC495E80F00134D26
:1077700084E80F000FCD08AC0FC495E80F00104D42
:1077800084E80F000FCD10AC0FC495E80F000D4D2D
:1077900084E80F000FCD18AC0FC495E80F0084E803
:1077A0000F0063466A4639463046FFF7AFFE68462B
:1077B000FFF7A8FE21B0F0BDFCA00208DCA0020883
:1077C000BCA002089CA00208F0B5ADF5397D0D46BD
:1077D000044680A816461F4600F0CEFA29466846A1
:1077E000FFF718FE98B900246846FFF78BFE20A823
:1077F000FFF788FE40A8FFF785FE60A8FFF782FE2E
:1078000080A800F09FFA20460DF5397DF0BD214695
:1078100020A8FFF7FFFD0028E5D080A800F076FA49
:107820002146202280A800F009FD2022294680A8B8
:1078300000F004FD3A46314680A800F0FFFC00222B
:1078400092A980A800F039FD2023E218082178A829
:1078500000F0D1FD002278A940A8FFF77DFF60AAC3
:1078600092A958A8FFF710FD00236A4658A960A8FE
:10787000FFF74CFE60A920A8FFF71AFD20A940A839
:10788000FFF790FD0446AFE705494FF40052A0F81A
:1078900080200022C0E92121A0F89C20704700BF71
:1078A00080EE360010B540210446FFF7A0FC4021D1
:1078B0006018FFF79CFC204610BD00000148FFF750
:1078C000E3BF00BF443D00200148FFF7EBBF00BF0E
:1078D000443D002020207047402070470E4A0F4B47
:1078E0000F49DFF840C0C0E902230F4BC0E9041381
:1078F0000E4BC0E906C30E4B036203F17453A3F5AC
:107900002303A3F692434362002380F870300022E1
:107910000023C0E91A23704767E6096A85AE67BB92
:1079200072F36E3C7F520E513AF54FA58C68059B61
:10793000ABD9831F10B5044670210830FFF757FC00
:10794000236820461B69BDE81040184710B5064B58
:107950000446702140F8083BFFF749FC204600F040
:10796000E9FF204610BD00BF64A1020810B504461F
:10797000FFF7ECFF20467821EEF795FD204610BD7D
:1079800010B5044600F0D0FF024B23602046FFF7FD
:10799000A5FF10BD64A102082DE9F04F00F12405F8
:1079A0008BB000F164072B4653F8042F12BA9F42A4
:1079B0001A60F9D183680293C3680393036904933F
:1079C0004369059383690693C3690793036A089320
:1079D000436A0993DDE908B8DDE9061CDDE904E93D
:1079E000DDE90246594B0193019B55F804AF53F86A
:1079F000042B01934FEAF12383EAB113524483EA43
:107A00007163134401EA0C0A2BEA010282EA0A02BA
:107A1000134486EA0E024344224006EA0E0882EA34
:107A200008024FEA743888EAB40888EAB4589844DF
:107A3000AF424B444244F146D84678D110250195D7
:107A4000019D0F3D05F00F050A3550F825A0019D59
:107A5000023D05F00F050A3550F82590019D05F00F
:107A60000F08073D05F00F0500EB88080A35D8F828
:107A7000287050F825503D442F464FEABA4585EA14
:107A8000FA1585EADA054FEAF94A8AEA794A8AEA72
:107A9000992A3D4455444FEAF329C8F8285003EA8F
:107AA000010A89EAB3192CEA030889EA736988EAAA
:107AB0000A08C844254FDDF8049057F82970B844E7
:107AC000A84408EB0B054FEA723984EA060889EAF4
:107AD000B20908EA020804EA060A89EAB25988EA01
:107AE0000A08C844A84405EB0E09019D0135402D44
:107AF0000195B646E34621D1029D45448560039D2C
:107B00001544049AC56022440261059A32444261D8
:107B1000069A4A448261079A1A44089BC2610B4440
:107B20000362099B634443620BB0BDE8F08FE346F8
:107B3000B6468C4626461946144655E78C462646D8
:107B4000194614464B4642467AE700BF8CA102080C
:107B50002DE9F84315468946D100D0E91A325B1861
:107B600042EB5572C0E91A32044600F128074FF083
:107B700000080DB9BDE8F88394F87000C0F1400624
:107B8000F6B2AE4288BFEEB24946324638440DF0F6
:107B900068FE94F870303344DBB2402B84F87030C8
:107BA000A5EB0605B144E4D12046FFF7F5FE84F8C5
:107BB0007080DEE7F8B500F1280590F870301746C0
:107BC0008022EA5490F87020372B04460E4602F1CA
:107BD00001002FD8C2F13702002128440DF001FD29
:107BE000A36E19BAE36E1A06180A42EA136200F489
:107BF0007F401B02024303F47F031343C4E918319F
:107C00002046FFF7C9FE231D04F1240153F8042F79
:107C100012BA8B421A62F9D1236820469B689847B2
:107C2000B8420246294628BF3A463046BDE8F840E9
:107C30000DF017BEC2F13F02002128440DF0D1FC27
:107C40002046FFF7A9FE382200212846C6E713B5D3
:107C500013463622044600920A4600F1280100F03D
:107C60006AFED4E91A3213F5007342F1000220468D
:107C7000C4E91A3202B0BDE81040FFF78DBE2DE90D
:107C8000F04106461D4656F8283B8AB00F469046FE
:107C900002A99B692022044698475C233146009341
:107CA0003A464346204600F046FED4E91A2312F530
:107CB000007243F10003C4E91A232046FFF76CFE6B
:107CC00023685E699B68984702A902462046B04730
:107CD0002368109A9B69294620469847202102A8CC
:107CE000FFF785FA0AB0BDE8F08140207047802098
:107CF000704710B50446D8210830FFF778FA23689A
:107D000020461B69BDE810401847000070B50C4DB7
:107D1000034600F1080405F140062A4603CAB242B0
:107D200020606160154604F10804F6D100200021AE
:107D30000022C3E93201C3E9340183F8D82070BDC1
:107D400040A5020810B5064B0446D82140F8083B70
:107D5000FFF74DFA204600F0EDFD204610BD00BFB4
:107D600094A2020810B50446FFF7ECFF2046E0217C
:107D7000EEF799FB204610BD10B5044600F0D4FD87
:107D8000034B23602046FFF7C1FF204610BD00BF14
:107D900094A202082DE9F04FA1B000F1C00300F158
:107DA000400104930B4653F8082F5C6812BA24BABA
:107DB000C3E90042049A9A42F5D183680E93C368DE
:107DC0000F93036910934369119383691293C369F5
:107DD0001393036A1493436A1593836A1693C36AD1
:107DE0001793036B1893436B1993836B1A93C36BAD
:107DF0001B93036C1C93436C1D931D461C9E1A9B86
:107E00000B931B9B0C93189B0793199B0893149B34
:107E10000D93159B1E93129B0993139B0A93109B22
:107E20000593DDE916AB119B0693DFF83C830E9BAF
:107E3000DDF83C9001934FEA9A324FEA9A4747EABD
:107E40008B3742EA8B427A404FEA9B344FEA9B439E
:107E50004FEACA5743EA8A3347EA5B2744EA8A442F
:107E6000D8E900EC5C407A404FEACB5351F8087FE8
:107E700043EA5A235C404B681EEB07074CEB030CAC
:107E80000B9B23EA0A0E0C9BD21923EA0B07079BD4
:107E900044EB0C04DDF820C00AEA03030BEA0C0CE7
:107EA0008EEA030387EA0C07D31844EB07049B19F7
:107EB00045EB0404059A099DDDF828C0DDF804E0CF
:107EC00082EA0507069A0A9D82EA0506019A099D3B
:107ED0001740059A1540069A06EA090602EA0C02BE
:107EE0005640019A6F404FEA19754FEA127C45EAF5
:107EF00002154FEA897242EA9E024FEA8E7E4EEAEE
:107F0000990E55404CEA091C019A8CEA0E0C4FEA76
:107F1000496E4EEAD21E520642EAD9128CEA020299
:107F200012EB030C0D9A85EA0E0544EB05059B1830
:107F30001E9A44EB02041CEB0702029245EB060278
:107F40000392099A0D920A9A1E92049A8A42DDE9D6
:107F50000B6508F1080840F04C8110220492049A45
:107F6000A2F10F0101F00F01093100EBC10250F83D
:107F70003110D2F804E0049A023A02F00F020932FA
:107F800000EBC20550F832200D92049AD5F804C0D7
:107F9000D61F02F00F0706F00F0600EBC7070936E1
:107FA000BA6C00EBC60550F836606D68B618FA6C0E
:107FB00045EB02024FEA5E051E924FEA510845EA80
:107FC000C1720D0A1F9248EACE7845EA0E624FEA66
:107FD0001E2588EA020845EA01651F9AC90941EA97
:107FE0004E61554088EA01011E9A711885EADE1536
:107FF00042EB05050D9A4FEADC484FEACC0646EA0B
:1080000052764FEAD24E48EA4238D20042EA5C72D7
:108010004EEA4C3E8EEA020E0D9A920942EA8C62BA
:108020008EEA020288EA060888EA9C188E1845EB58
:108030000802C7E91262A50BA70C47EA833745EA95
:1080400083457D40990B4FEA934CE7054CEA843C0D
:1080500047EA532741EA844185EA070E81EA0C0189
:10806000049F414D4FEAC35C4CEA542C81EA0C0159
:1080700005EBC70C55F83750DCF8047049194EEB86
:108080000705079F27EA0308089F27EA040C03EA6D
:108090000A0788EA070704EA0B0E8CEA0E0CC919D6
:1080A00045EB0C05891942EB05060B9A029DDDF89C
:1080B00008C08A180C994FEA1577039D41EB060119
:1080C000029E47EA05172D0F45EA0615039EDDF8C7
:1080D0000CE0B60746EA9C064FEA8C7C4CEA9E0C04
:1080E00087EA0C077540DDF808C07646760646EA52
:1080F000DC164FEA4C6C4CEADE1C87EA0C07754034
:10810000DDF814C0019E86EA0C08069E89EA060E78
:10811000029E08EA0608039E0EEA060E019E06EA83
:108120000C06DDF818C088EA060609EA0C0CBE1930
:108130008EEA0C0C099F45EB0C05DDF828C0D71919
:1081400041EB0C0C921941EB0501049D013504959E
:10815000059D0995069D0A95079D0B95089D0C9513
:10816000049D502D59D101E0C0A202080E9DAA180D
:108170000F9D45EB0101C0E902210299109A039D70
:108180005218119941EB0501C0E904210199129A95
:10819000069D5218139941EB0901C0E90621059982
:1081A000149A5218159941EB0501C0E90821169A55
:1081B000D719179A42EB0C01189AD318199A42EB67
:1081C0000404C0E90C341A9B1B9A13EB0A0342EB1C
:1081D0000B02C0E90A71C0E90E32079A1C9B08998C
:1081E0009B181D9A42EB0102C0E9103221B0BDE894
:1081F000F08F079A0B92089A0C92CDE907AB9A463A
:10820000059B0993069B0A93019BCDE90539029BC7
:10821000DDF80C900193A3460DE6019DCDE90559CB
:10822000029DDDF80C900195CDE907ABCDE9022167
:108230009A46A3463B46644691E600BF2DE9F843C3
:108240000446D0E932601546EB009B194FEA5272A2
:10825000424189464FF0000128BF0121C4E9323272
:1082600031B1D4E93432013342F10002C4E934328D
:1082700004F148074FF000080DB9BDE8F88394F801
:10828000D800C0F18006F6B2AE4288BFEEB24946D1
:10829000324638440DF0E5FA94F8D8303344DBB276
:1082A000802B84F8D830A5EB0605B144E4D12046F4
:1082B000FFF770FD84F8D880DEE7F8B500F14805D7
:1082C00090F8D83017468022EA5490F8D8206F2BC7
:1082D00004460E4602F1010032D8C2F16F020021BD
:1082E00028440DF07EF9D4F8D030D4F8D4201BBA4D
:1082F00012BAC4E92E23D4F8C830D4F8CC201BBA63
:1083000012BAC4E930232046FFF744FD234604F1A6
:10831000400053F8082F596812BA09BA9842C3E9C5
:108320001012F6D1236820469B689847B84202464F
:10833000294628BF3A463046BDE8F8400DF091BACC
:10834000C2F17F02002128440DF04BF92046FFF7CF
:1083500021FD702200212846C3E713B513463622BB
:10836000044600920A4600F1480100F0E4FAD4E91C
:10837000323213F5806342F100022046C4E9323202
:1083800002B0BDE81040FFF705BD2DE9F0410646FB
:108390001D4656F8483B92B00F46904602A99B698D
:1083A0004022044698475C23314600933A464346B0
:1083B000204600F0C0FAD4E9322312F5806243F17E
:1083C0000003C4E932232046FFF7E4FC23685E691A
:1083D0009B68984702A902462046B0472368189A2E
:1083E0009B69294620469847402102A8FEF7FFFED8
:1083F00012B0BDE8F081F8B50F46B3EB870F054624
:1084000011461C464FEA870609D21A460DF029FA92
:10841000321B28190021BDE8F8400DF0E2B83246C1
:10842000BDE8F8400DF01DBAF0B5002507462C4612
:10843000AB4204F0010000D1F0BD51F82540261AEE
:1084400052F8250064EB0404361A47F8256064F1FD
:1084500000040135ECE72DE9F04700241D68A4462F
:10846000264696420BD140F8224000EB82090126B5
:108470004FF0000A089CA6420CD3BDE8F08751F8E3
:108480002670E7FB054C40F82640644601364FF065
:10849000000CE6E7002453F8267000EB860EA44695
:1084A000944503D149F826400136E3E7DEF8005051
:1084B00051F82C802D194AF10004E8FB07544EF8BE
:1084C000045B0CF1010CEBE7F8B50446FFF7ACFFD9
:1084D0001D46002316464042043C1A4605B9F8BD25
:1084E00056F8041B54F8047F0140C91942EB0207F7
:1084F000C918216047F10003013DEFE7FFF7ABBF6B
:10850000FFF7E2BF2DE9F041CC691326E30F24F019
:108510000044A3FB0636CC6101EB82078C464FF08A
:10852000260E674549D1072A0CD83C4625680132FA
:10853000ED18D2B246F10003082A44F8045B4FF06C
:108540000006F3D12622A3FB023402FB0644CA69CB
:108550001325D60F22F00042E6FB0534CA610A1F3C
:10856000A44601F11C05164656F8044FE4184CF1D8
:108570000003B54234604FF0000CF5D116461327C6
:10858000634656F8044FE41943F10007B5423462DC
:108590004FF00003F5D1CB6BDC1723F00043CB6326
:1085A000043852F8041F136A4B4023404B40954255
:1085B00040F8043FF5D1BDE8F081DCF80050EC183C
:1085C000DCF8205046F10003E5FB0E434CF8044B69
:1085D0000026A6E7F0B589B06D46034600F12007F6
:1085E0000146002613202C4651F8042B121846F1A0
:1085F00000008F4245F8042B4FF00006F4D1079A93
:10860000D61722F00042191FF04307921C3351F88D
:10861000045F54F8042B6A4032406A408B420A607F
:10862000F5D109B0F0BD0023D1F800C02DE9F04725
:1086300002F12006074615461C4655F804EBEEFBF2
:108640000C34B54247F8043B23464FF00004F4D104
:1086500040F8203F01F11C0851F804EFA0F11C0C78
:108660001746002557F8049BDCF80030A246E9FBCA
:108670000E3A5B194AF10005B7424CF8043BF1D1C0
:10868000884540F8045FE7D1BDE8F08710B590B0A9
:1086900004466846FFF7C7FF082269462046FFF7F1
:1086A00031FF10B010BD0A46FFF7F0BF2DE9F04FC3
:1086B00093B002AF0023D2F800C00D4601F12008AC
:1086C0000E461C46394656F804EBEEFB0C34464584
:1086D00047F8043B23464FF00004F4D10A930AAF55
:1086E00002F11C09019452F8043FA7F11C0E1C462C
:1086F000AC460026DEF800305CF804ABDDF804B0D0
:10870000EAFB043B9B194BF10006C4454EF8043BC1
:10871000F0D1914547F8046FE5D10822FFF7F2FE4A
:1087200013B0BDE8F08FF0B4002401F1200C054631
:10873000264651F8043B52F8047BDB1946EB06074A
:108740001B1947F10004614545F8043BF1D1F0BC29
:10875000FFF740BFF0B5002301F12007054651F8AF
:10876000044B52F8046B03F00103E41A63EB0303B8
:10877000A41B63F10003B94245F8044BEFD1014655
:1087800003F0130251F8043B04469B1A44F8203BC3
:1087900062EB02020B6802F001029B1A41F8043BF3
:1087A00062EB0202A142F5D123F00043C361F0BDA8
:1087B000404230B5A1F1040065EB0505043A1C31D7
:1087C00050F8044F52F8043F63402B406340884206
:1087D0000360F5D130BD70B588B0044668460E46DA
:1087E000FFF761FF092569466846013DFFF75BFF1A
:1087F00015F0FF05F7D1324669462046FFF746FFE0
:1088000017260A2569466846013DFFF74CFF15F01B
:10881000FF05F7D16A4621462046013EFFF736FFA5
:1088200016F0FF06EDD121466846FFF73CFF6A4689
:1088300021462046FFF72AFF082569466846FFF7CC
:1088400032FF013D6A4621462046FFF71FFF15F023
:10885000FF05F2D16846FEF728FD08B070BD38B5B7
:1088600004460D46FFF7B7FF21462046FFF71BFFE2
:1088700021462046FFF717FF2A4621462046FFF7EC
:1088800005FF21462046FFF70EFF21462046FFF751
:108890000AFF2A4621462046FFF7F8FE21462046D9
:1088A000FFF701FF2A4621462046BDE83840FFF782
:1088B000EDBE000030B5044689B00D46FFF78BFFD2
:1088C00021462046FFF7EFFE2A4621462046FFF7C5
:1088D000DDFE21462046FFF7E6FE21466846FFF70B
:1088E000E2FE2022694628460CF051FE28B968466F
:1088F000FEF7DBFC012009B030BD0A4A21462046C4
:10890000FFF7D4FE21466846FFF7CDFE20226946D8
:1089100028460CF03CFE0028E9D06846FEF7C5FC6E
:108920000020E8E780A50208014B0360704700BF04
:10893000A8A5020870472DE9F8431D4603689DF875
:108940002090DB6804460E46904698472368074609
:108950001B6920469847AF420ED32A46414630460F
:108960000CF07FFF74197A1B494620460CF039FE43
:10897000B44217D1BDE8F88323682A464146204611
:108980005B699847236820469B689847236802469E
:108990009B690546314620469847236820461B6957
:1089A0009847DFE716F8013B89EA030306F8013C24
:1089B000DEE70000224BF0B50B443C24B3FBF4F19E
:1089C00004FB1133B1FBF4F204FB12110171182105
:1089D0004371B2FBF1F301FB1322C2709BB2002280
:1089E00040F26D164FF6936512F0030413BF37463D
:1089F0004FF4B77701210021BB421AD2114D02700A
:108A000001216A5C4CB9022907D10132D2B29A42E3
:108A10000BD89A1A93B203211F229A4205D801312A
:108A2000C9B29A1A0C2993B2EBD101334170837009
:108A3000F0BD691A0B4401329BB2D2B2D4E700BF39
:108A400080BC92C7CFA50208704738B50446002500
:108A500008462171A5710BF077FB657120602046F7
:108A600038BD10B5044600680BF076FB204610BDFB
:108A700000234371704740797047006870470000D9
:108A80008E2912D8702903D8032908D801207047ED
:108A9000074B7139C9B2CB4003F00100704764390C
:108AA00004298CBF0020012070470020704700BFC0
:108AB000BD91FE20882914D8702906D803290BD827
:108AC000012994BF002001207047074B7139C9B2BA
:108AD000CB4003F001007047A1F1670358425841B1
:108AE00070470020704700BF1901A0002DE9F84F22
:108AF00004460E4690461D46FFF7C2FFC8B18E2EB3
:108B000098BF2D4B94F805909CBF9F5D2B4B22790D
:108B100094BF33F816B0002709EB070303F10103F4
:108B200088BFBB46934206DB0123A3710020BDE84A
:108B3000F88F0223F9E700212846E8F7B1FA00216F
:108B4000B0F1000A284618BF4FF0010AE8F7A8FA6A
:108B500008B105F100455846E8F7ACF82946E8F7B2
:108B600001F9E8F701FB314605462046FFF7A2FF71
:108B700040B1BAF1000F05D0FA00012393405A1E0C
:108B80002A409D1A236809F10102627103F80980E5
:108B900063792268591C6171D654002201326379CD
:108BA000D1B28F423B4402D2D8B26071BFE7216894
:108BB0009B1ACD542D0AF1E7FAA60208DCA502089B
:108BC00008B513460A466721FFF790FF08BD08B5B0
:108BD00013460A466821FFF789FF08BD08B513460A
:108BE0000A467421FFF782FF08BD08B513460A46FE
:108BF0007321FFF77BFF08BD704710B55021044675
:108C0000EDF751FC204610BD38B5074B04460D4624
:108C100040F80C3B442200210CF0E3FC0023A5604B
:108C20002371204638BD00BF94A7020810B5044642
:108C3000007958B901B1A160A16839B104F10C0003
:108C400000F092FEB0FA80F04009207110BD38B5F6
:108C50000379044600F10C053BB98168284601F010
:108C600069FDB0FA80F0400938BD00230371284641
:108C700000F0BCFE0028F4D1A168284601F05AFD9E
:108C80000028EED1A168284600F06EFE0028E8D149
:108C900001232371E5E738B50D46044611461A460F
:108CA0002B4600F052F9204638BD00B5C3B06A46E5
:108CB0000C3000F01DFEB0FA80F0400943B05DF8C2
:108CC00004FB08B50C3001F067FEB0FA80F04009F3
:108CD00008BD07B503688DF807105B6801220DF128
:108CE0000701984703B05DF804FB1346027D10B5F9
:108CF0004AB904690A46816904F10C0000F0E9FFF1
:108D000020EAE07010BD0020FCE773B5044600695E
:108D1000257D0DBBA1690C3000F0DEFD0646206903
:108D2000A1698DF8075001230DF107020C3001F005
:108D30006AF900282069A169C8BF9DF807504FF063
:108D40000003324600F10C00D8BF4FF0FF3501F0B0
:108D5000BEF9284602B070BD4FF0FF35F9E738B5CF
:108D6000037D044663B90069A1690C3000F0B6FDCB
:108D700005462069A1690C3000F0AEFD281A38BD07
:108D80000020FCE7037D2BB90369816903F10C0026
:108D900001F093BB7047000010B500224FF47A74C5
:108DA000C0E90124054C0460C0E906220161027596
:108DB00080F8202080F81F2110BD00BFA4A7020862
:108DC000F8B504460E4615461AB1012A17D00120FF
:108DD000F8BD012738200BF0B7F90146A06160B15A
:108DE000206932463B460C3001F0CFFD024648B1C7
:108DF000A0690BF0B1F90023A3610020E8E740F27D
:108E00000317E7E7012D05D12069A16902230C3082
:108E100001F05DF900232375D9E770B504462C20D5
:108E20000E460BF091F90146A06150B1206932461F
:108E30000C3000F01CFD30B1A0690BF08DF900235F
:108E4000A361002070BD012525753046E8F720FAA2
:108E500028440BF079F93146E0610CF0FAFC284621
:108E6000F0E71346027D10B43AB904690A468169F5
:108E700004F10C0010BC01F0C6B8002010BC704713
:108E800007B501220DF10701FFF7EBFF0028CCBF6A
:108E90009DF807004FF0FF3003B05DF804FB8169D7
:108EA00038B5044679B10069257D0C3065B100F014
:108EB00006FDA0690BF050F9E0690025A56108B135
:108EC0000BF04AF9E56138BD01F030FBA0690BF009
:108ED00043F9A561F7E7FFF7E2BF70B58369C2B058
:108EE00005460E4614460BB1FFF7D9FF28696A46BE
:108EF00031460C3000F0FCFCE0B99DF80030112B3D
:108F000005D1224631462846FFF75AFF03E0314695
:108F10002846FFF782FF044670B12F2130460CF03F
:108F2000ABFB203500B1461CFF22314628460CF031
:108F300090FB02E0023003D00024204642B070BD16
:108F4000012CF9D1DDE7FFF7C8BF70B504460D4627
:108F500016461946FFF720FF324629462046FFF7FE
:108F6000F2FF204670BD8069003818BF01207047AD
:108F700003681A6AC36AD31A1944B1FBF2F302FBFD
:108F80001311036B8B4210B50AD94C09C06B01F069
:108F90001F0150F8243001228A40134340F8243046
:108FA000002010BD0368013304D04068431C5842C0
:108FB000584170470120704710B50B6804689C4207
:108FC00009D040684968884205D08C4203D0181AFD
:108FD00018BF012010BD0020FCE72DE9F74FDDE9A7
:108FE0000C470E9D83468846924699460DB900204F
:108FF00064E0DBF80000BAF1000F1ED0DAF80030B0
:109000004B451AD1DAF80410A14216D886690E44ED
:10901000A64212D9361BAE42DAF8083028BF2E46D7
:10902000611A3846324619440CF01BFCAD1B37441C
:109030003444DCD0DBF80000E0E7D8F800204369D6
:109040004A4517D1D8F80410A14213D8CE18A64229
:1090500010D9361BAE42D8F8083028BF2E46611A08
:109060003246384619440CF0FCFB37443444AE1BFE
:109070003546BBE74168B4FBF3F203FB12428C4672
:109080007AB9AB420DD8B5FBF3F603FB1656AD1B10
:1090900000953B4622464946E04778B92F442C4488
:1090A000E6E7A21AC8F80090C8F804200093D8F8A0
:1090B000083049466646B04700289AD003B0BDE85C
:1090C000F08F1FB5069C0092CDE9013400220B46BB
:1090D00000F11401FFF781FF04B010BD2DE9F04746
:1090E00086B005460F46144600F11409D6184FF015
:1090F000010A0DF11708A64203D1002006B0BDE811
:10910000F0870094CDE9018A3B4600224946284673
:10911000FFF763FF01340028F0D10E980122414689
:1091200001F078FCE7E72DE9F04F8BB0136804936A
:1091300000265368059307460C46B0460DF1100A09
:1091400006AD4FF0100B5AF82690CDF800B02B4624
:10915000002249463846FFF7B4FF70B110F1340FD2
:1091600006D146B1B8F1000F0CBF6FF033000020FC
:109170000BB0BDE8F08F0126E5E7B8F1000F04D091
:10918000E269069B9B1A002BEBDB079B23F0004355
:10919000132BE6D93A68D2699342E2D84FF0FF33F5
:1091A00003A810222946039301F034FC079B03A86F
:1091B00023F000430090103B102249463846FFF749
:1091C0008DFF0028CAD1039B002BCAD10AAA86F0C2
:1091D000010302EB830304F11C0C53F8183CA36059
:1091E0001023E36095E80F00C4F804904FF00108E5
:1091F0008CE80F00B5E7F7B5044604300E46154677
:10920000FFF7D0FE10B1002003B0F0BD00900123A5
:109210006A46294620460193FFF785FF0028F3D1CF
:1092200005F124073846FFF7BDFE0028EBD1314693
:109230003846FFF7C1FE38B13A4629462046FFF7C7
:1092400072FF0028EED0DFE70120DDE72DE9F04FC7
:1092500087B0DDE9104506468B46174625444FF09A
:1092600001090DF1170AA3EB0408AC4201D101205A
:1092700011E008EB04030093CDE901A93B4600226D
:1092800059463046FFF7A9FE28B914F8013B9DF86E
:1092900017209A42E9D007B0BDE8F08F03689B6AB7
:1092A00010B5044613B9C0690AF056FF2368DB6A9B
:1092B00013B9A06A0AF050FF23681B6B23B9E06B57
:1092C000BDE810400AF048BF10BDF8B5C6690D688A
:1092D000083EB5420F4613D3B5FBF6F0013808F04F
:1092E000DBFA841CA5EB8404B4FBF6F4204608F0FA
:1092F000D3FAA5EB800504FB16553D602046F8BD6A
:109300000020FCE72DE9F04F89B00646DDF84C80DF
:1093100005920F464BB94FF0FF32C8F80020149A5F
:109320000020136009B0BDE8F08F0468013B07A975
:1093300020460793FFF7C9FF12A905462046FFF70D
:10934000C4FF4FF0040A81460DF1140BA945059B9B
:1093500003D3C8F80030129BE1E7A5EB0904B4FA87
:1093600084F495FAA5F2B2FA82F2C4F11F04944291
:1093700028BF1446A2000092CDE901BA0022394666
:109380003046FFF72AFE0028CCD10123A340ED1A76
:10939000DCE72DE9F04F89B006461298DDF850A0C1
:1093A0000F4690469946E8B10138059005A9306806
:1093B000FFF78BFF0DF1180B0446139B49465046EF
:1093C000984778B974B104F00105C5F10202920022
:1093D000CDE901B200904B46424639463046FFF790
:1093E000FCFD10B109B0BDE8F08F06992DB9139BB3
:1093F000504698470028F5D1012008AB03EB8000C8
:10940000023D50F8089C2C44D7E70430084410442F
:1094100070472DE9F34106460C46154601F1240735
:109420004FF01008216AE26821F0004302F10C00BD
:10943000043B984215D80C23009361682B1D3046DD
:10944000FFF73FFE034688B9E668EA79A9796879AB
:109450002E60FFF7DAFFA26906440244E660A261CB
:1094600004E0002906DB2A606FF00103184602B011
:10947000BDE8F0813A4621463046FFF754FE0346E8
:109480000028F3D1A369C4F80C801433A361C9E7A1
:1094900030B5044693B004300D46FFF783FD10B19C
:1094A000002013B030BD0190012301AA07A9204676
:1094B0000293FFF738FE0028F3D110A8FFF772FDE2
:1094C0000028EDD110AA07A92046FFF72CFE00289E
:1094D000E7D103AA07A92046FFF79BFF10B1831C21
:1094E000EBD0DEE79DF91030002BF2DB0822294695
:1094F00005A80CF04CF80028EBD10120D1E72DE9AC
:10950000F843054604300F4614461E46FFF74AFD51
:1095100010B10020BDE8F88301235062936202F18C
:10952000240806F108094046FFF73CFD0028F0D169
:10953000424621462846FFF7F6FD0028EAD132468A
:1095400021462846FFF765FF10B1831CEBD0E1E709
:10955000337903F07003202BF1D139464846FFF7E9
:109560002BFD0028EBD10120D4E700002DE9F04FBE
:1095700087B01F68049340F62203536043689360EA
:10958000DFF82C918368039105461446D360494661
:1095900038460CF087F807EB0008834649464046FA
:1095A0000CF034F80128064608EB000A05D117F83C
:1095B0000B302E2B0AD15746E9E7022806D1024686
:1095C0003C4940460BF0E3FF0028F4D057464FF0EB
:1095D000010B494650460CF065F882444946504616
:1095E0000CF014F8024690B102280CD105903149D4
:1095F00050460BF0CCFF059A28B9BBF1010B04D102
:109600000AF10207C3E70BF1010B9244E1E798F876
:109610000000002841D0049BC3F800802379222B4E
:1096200043D104F1080A039952462846FFF77BFD0F
:1096300098BB05F1140B039922462846FFF7E9FE73
:1096400058BB237903F07F03112B01D0222BF2D1D9
:10965000E379B342EFD12368627904331344A279EA
:10966000CDE900861344039A594652682846FFF70D
:10967000EDFD002811DBDED095F84130002B86D1BE
:1096800094F90430002B82DA51462846FFF700FF98
:10969000002805D001DB6FF0010007B0BDE8F08FB6
:1096A000237903F07F03237171E76FF01300F4E770
:1096B000C8A70208CAA70208C368184710B50C4615
:1096C0008269A068FF210BF08CFF4FF0FF3323600D
:1096D00010BD38B58B6A016004460D46CBB1C3613D
:1096E000EB6A13B3A36204F120012846FFF7E6FFFB
:1096F0004FF0FF33636123681A6BEAB1E263002025
:109700004FF0FF33C4E90133C4E90300A4F840007B
:1097100038BD48690AF018FDE0610028E0D1204614
:10972000FFF7BCFD6FF00B00F2E7A8690AF00CFD33
:10973000A0620028D7D1F2E7586AC0080AF004FDF9
:10974000E0630028DBD1EAE7F7B50C4609684B1C5B
:109750000546164602D1002003B0F0BD00688369BB
:109760000093D4E901238768B8470028F4D12B6817
:1097700026B928682146FFF7A1FFECE79B69019312
:10978000A3680093D4E9002331462846FFF75EFD25
:109790000028E1DBEDD16FF03300DDE72DE9F74F75
:1097A000DDE90C480E9E81460F4693469A46002EF0
:1097B00038D1304606E05A4639464846FFF7C4FFDE
:1097C000002850D003B0BDE8F08FB4FBF2F302FBE9
:1097D00013431BBB964221D3B6FBF2F502FB156582
:1097E000761B0096836822469C4651464346E047D6
:1097F0000028E7D1BBF1000F02D1B044344434E07B
:10980000CDE900862346524659464846FFF71EFDDD
:109810000028D7DBF1D16FF03300D3E7E31AC7F8A4
:1098200000A07B603B68D9F8000053458269CCD129
:109830007B68A342C9D89D18A542C6D92D1BE01A42
:10984000B542BB6828BF35462A46184441460CF04D
:1098500008F8D9F800309A692C44B4FBF2F302FB03
:109860001343002BA7D0A844751B2E469FE730B5A5
:1098700043684B6087B0836801928B6002AA01AB9A
:1098800005460C46FFF772FEA0B99DF80C30222B5E
:1098900012D104AA21462846FFF745FC50B9636857
:1098A0002361A36863610E23A3611023E3602B6926
:1098B00023602C6107B030BD6FF01300FAE7036935
:1098C00000F110021BB18B4203D11B681360002012
:1098D00070471A461B68F5E7086A7047CB69486904
:1098E0009B0303D50B6A984238BF184670470000A7
:1098F00070B594B01546039103AB05AA09A90646B5
:10990000FFF734FE0446C0B901464FF4847228467E
:109910000BF067FE9DF818302B70112B04BF089BCD
:109920006B60311D07A8FFF747FB05F108030446EC
:1099300030B90C4918460BF08CFF204614B070BDAE
:10994000059A9DF819109DF81B00009004320A44F6
:109950009DF81A1030460A440A99FFF7B2FB0446F4
:10996000EBE700BFC8A7020830B599B00546FFF77E
:10997000B0FE044658BB2B6868631B6AAB63C5E93D
:109980000B000290012302AA0DA928460393FFF7BA
:10999000CAFB044600BB202300930E9905AB10229E
:1099A0002846FFF78EFB0446B0B9069B6B60079B09
:1099B0000D49AB6008220BA80BF0E9FD044648B93D
:1099C0000A9B1A0C012A0BD19BB2012B08D8204606
:1099D00019B030BD6FF033042846FFF75FFCF6E79F
:1099E0006FF01504F8E700BFCDA7020808B5FFF730
:1099F00055FC002008BD2DE9F043064697B0043021
:109A00000F469046FFF7CEFA20B10024204617B04B
:109A1000BDE8F08301230590069305994046B847B9
:109A200004460028F2D106994046B847044600286B
:109A3000ECD105AA0BA93046FFF775FB04460028B8
:109A4000E4D14FF00C09139B0E9D23F0004305F168
:109A50000C02043B9A4223D9149B059305A8159B3D
:109A60000693FFF79FFA0028D7D0F56806F114098E
:109A7000002DCAD0EB69DA033CD4EB699B030DD50A
:109A8000CDE901782B6A00936B6A05F12C024946F7
:109A90003046FFF77EFC04460028B7D12D68E7E783
:109AA0000C99CDF8009008AB2A463046FFF709FB29
:109AB00004460028AAD19DF823209DF822109DF885
:109AC0002100FFF7A2FC9DF8203003F0700328442A
:109AD000102B0E90B7D10A9B00932246CDE9017856
:109AE000099B06F114013046FFF753FC0446002899
:109AF000A9D08BE7CDE901786B6900932B6905F15B
:109B00002C0249463046FFF744FC04460028B4D0F6
:109B10007CE70000F8B504460D460126236BD4E926
:109B20000D219A421DD1002949D0E06A22680344E0
:109B3000106A526A8A4294BF22632163B3FBF0F732
:109B4000002100FB17336163D208E06BE3620BF086
:109B500048FD1C4922462046FFF74DFF0028DDD076
:109B600024E00139501CA1635709E16B606351F88F
:109B7000277002F01F0006FA00F03842CFD1E36AE6
:109B800013442268126AB3FBF2F002FB10332B601D
:109B9000266B0125636BB3420FD05A0903F01F00F7
:109BA00051F8222005FA00F0104000D1F8BD013331
:109BB0006363A36B013BA363ECE70020F6E76FF060
:109BC0001B00F3E7718F010873B50C46043106469C
:109BD000FFF7A0FF0546F0B904F108013046FFF792
:109BE00099FF0546B8B9042300930246616804F161
:109BF0001C033046FFF765FA10B110F1340F0DD198
:109C0000E3690133E36114224FF0FF33C4E9082311
:109C1000A3621023E360284602B070BD0546FAE750
:109C20002DE9F04F044689B00E4600F1140B07A948
:109C30002046FFF76FFF054658B9DDF81C902068F5
:109C40004946FFF739FD054600283BD010F1340F97
:109C5000EDD0284609B0BDE8F08F0DF11B07CDE926
:109C60000087CDF808A0736A059A59462046FFF789
:109C7000B4F970B9CDE9017ACDF800804B465A4667
:109C800004F120012046FFF789FD20B110F1340FC7
:109C9000CDD00546DDE708F10108B36A4345DCD8BD
:109CA0002368A16A9A69706B0BF0DBFD236AF3628B
:109CB000636A2068336304F12001FFF7FFFCC6F8F4
:109CC0002490C6E706F12C03804605934FF0010A65
:109CD000E3E72DE9F04F8FB0CDE90623CB6903F020
:109CE0000302012A05460C4600F01F815E031AD4C8
:109CF000E669320520D4276A079BDF4200F118810C
:109D000016F400361ED005F11403DDF81CA00993EB
:109D100004F12C08E369BAF1000F25D123F40023E4
:109D2000079AE36104E000F006F902460028DFD05C
:109D300010460FB0BDE8F08F6269216A8A4288BF81
:109D40002262D8E763699F42DDD92362236A9F427A
:109D5000D9D90DAA0123214628468DF83460FFF792
:109D6000B8FF021EF2DAE3E79B0324D52B68A26A50
:109D7000DB699A4240F098802B681B6AAB6305F15F
:109D800014030493D4E90832CDE90B230DA9284626
:109D9000FFF7C0FE024608BB0D9B286805931946D5
:109DA000FFF78AFC024618B312F1340F16D14FF0B8
:109DB000FF332B62EAE7236A002BDDD004F128028F
:109DC0000292013B04F1240201920093D4E904239E
:109DD00041462846FFF796FA024620B1E36943F46C
:109DE0000023E361A4E728684146FFF767FCC3E767
:109DF0000C9F2E680890002F4FD0013F0CA93046D1
:109E00000C97FFF762FA0C9FF369089A01379F429B
:109E10000C9768D1461C96FAA6F6B6FA86F606F1B5
:109E2000010B91460BAF4FEA890308930423CDE958
:109E300001734FEA890300934146DDE90423284674
:109E4000FFF7ACFC0B9B02460028ADD14E4550D12C
:109E500009F10109CB45E6D84FEA8B071DE0002246
:109E6000CDE9016B0B9B0499CDF800902846FFF7D4
:109E7000B4F802460028B1D1DDE90423CDE9016B35
:109E8000CDF8009041462846FFF788FC024600289E
:109E90008AD109F101094F45E1D8059BC4E9093789
:109EA000E36943F40033E3612B68DE69A36AF61AC1
:109EB000564528BF5646069B02960193A36A009317
:109EC000099A636A41462846FFF768FC0246E8B1F2
:109ED00010F1340F82D121462846FFF7A1FE024639
:109EE0000028E8D07AE791464FF0010B0DF12B06E0
:109EF000D1E70421CDE90171089900912846049920
:109F0000FFF76BF802460028A2D067E7236A3344C4
:109F10002362A36A3344A362069B334406932B68EF
:109F20001B6AAB63AAEB060AF4E66FF00802FFE6D1
:109F30006FF01A02FCE6CB695A032DE9F04144BFE9
:109F400023F48023CB61CB6944BF4FF0FF32CA6258
:109F50009B0390B005460C4603D4002010B0BDE82A
:109F6000F0810F6A2C22002102A805F114060BF0E3
:109F700038FB2369069396E807006369079301237A
:109F8000CDE9093710AB03E907004FF0FF38C5F8FA
:109F90001480226A63699A4211D304F12C08324674
:109FA00041462846FFF7D0FB08B310F1340FD5D156
:109FB00021462846FFF734FE0028F0D0CEE70123E3
:109FC0000DF1070202A9284600F01DF80028C5DBA4
:109FD00001230DF1070221462846FFF77AFE0028EB
:109FE000BCDB6B690133D4D0CDF83480CFE7636A32
:109FF0002361236A6361E36923F4003343F480330C
:10A00000C4E90737A9E72DE9F04F1D46CB69904613
:10A0100003F00302022A87B007460C4654D09A0385
:10A0200005D4236A6669B34208D3002003E0FFF732
:10A0300082FF0028F5D007B0BDE8F08FF61AAE42D7
:10A0400028BF2E4604F12803B14604F12C0A0593DB
:10A0500004F1240BB9F1000F01D13046EBE7E369BD
:10A060005B0304D53B68A26ADB699A4210D1059B69
:10A07000CDE901B3236A0093D4E90423514638465D
:10A08000FFF740F90028D6D1E36943F48023E36168
:10A090003A68A36AD5690093ED1A4D4528BF4D462D
:10A0A000CDE901850022636A51463846FEF795FFE7
:10A0B0000028C0D1236A2B442362A36A2B44A362E5
:10A0C000A844A9EB0509C5E76FF00800B3E770B530
:10A0D0000D4614461E46FFF72EFF70B92B6A36B1A7
:10A0E000012E01D11C4402E0022E07D01C46002C98
:10A0F000A6BF2C6220466FF0150070BD6B69F1E7BA
:10A10000F0B5012680F84060A7B004460430FEF7A1
:10A1100049FF0546002879D101462C2205A80BF0FD
:10A1200060FA4FF000432822294610A80D930BF047
:10A1300058FA1A9623681B6A9D4202D36FF03300C7
:10A1400020E019A8FEF72EFF00285FD119AA10A958
:10A150002046FEF7E8FFA8B90D9B002B34DB01ABCE
:10A160001BAA0EA92046FFF7CAF900280ADB0BD16B
:10A17000199B0E931A9B0F9300231A4605A920469C
:10A1800000F046F827B0F0BD039A0E99049B0F9893
:10A190008A4201D1984217D0904201D1994213D0FE
:10A1A0000E92E8E79DF97030002B0DDA1DA92046CC
:10A1B000FFF76EF90028E5DB1BD01BAA10A920468B
:10A1C00000F03DFA0028DDD11BAA10A92046FFF7B8
:10A1D00020F90028E6D0831CD4D110AF0FCF05AEF4
:10A1E0000FC60FCF0FC697E80700013586E80700B6
:10A1F000A0E79DF8703003F07F038DF870301BAA44
:10A20000034610A9204600F03FF9DBE70020B9E73C
:10A210002DE9F04F9DB00D460993CB6905920133AE
:10A22000CB610B1D0646079309984B688968069316
:10A23000C5E9011302EB001413469C4212D1069BA0
:10A240000C9300230B91089369683068FFF734FA88
:10A25000044678B114F1340F00F0DF8020461DB0C1
:10A26000BDE8F08FD8682A6A02445868121A2A6238
:10A270001033E2E705F11C084FF0FF33102241468E
:10A280000DA810270D9300F0C5FBCDE901870094C0
:10A2900006F1200A22466B6851463046FFF77EFAE7
:10A2A00004460028D6D18346B84629E0099B9B4541
:10A2B00080F28D80059A4FEA0B1302EB0B19D358ED
:10A2C000434540F08480D9E902120DA800F0A2FBBA
:10A2D000D9F80C300293D9F80830CDE90073002288
:10A2E0006B6851463046FFF759FA04460028B1D151
:10A2F000D9F804309844D9F80C300BF1010B1F4405
:10A300002B6A23F00043043BBB42CFD80DF1340845
:10A31000CDE90078042302936B6800225146304651
:10A32000FFF73CFA0446002894D14FF0FF3702466D
:10A33000776151463046FFF707FA0446002889D175
:10A340003068036998470446002883D12B6A119727
:10A3500011AF009723F0004302466968043B304682
:10A36000FEF7BCFE044600287FF478AF119A0D9BDF
:10A370009A4252D1089B2BB343463A460BA930462A
:10A38000FFF7BDF80028FFF66AAF5ED06B680F9349
:10A39000AB681093424623463946304600F074F8C5
:10A3A00000287FF45CAF311D0BA8FEF705FE18B93D
:10A3B0006B687360AB68B3603046FFF7A1FE00289E
:10A3C0007FF44DAF3269002A53D1104647E74FF072
:10A3D00001090699CDF8009011AB42463046FEF7D0
:10A3E00070FE044600287FF439AF4A4611A90DA833
:10A3F00000F010FB11ABCDE90073CDF808902246B8
:10A400006B6851463046FFF7C9F9044600287FF4CF
:10A4100021AF08F10108013772E74FF0FF333362D3
:10A420000124002311A90BA8CDE91134FEF7C4FDC6
:10A4300010B96FF0330012E707993046FFF76AFB57
:10A44000089400283FF400AF09E73A460BA93046CC
:10A45000FEF7D1FE0028FFF602AFB3D06B681A9367
:10A46000AB681B9300231A4639463046FFF7D0FEEF
:10A47000A5E70799101DFEF79FFD18B96B6853609B
:10A48000AB68936012689EE770B5154688B055F8C2
:10A49000044BD27900940C26002BCDE905230792BA
:10A4A00034440CBF012302236A46CDE901650396BB
:10A4B0000494FFF7ADFE08B070BD70B592B00646CB
:10A4C0000D46FFF738FD044658BBEB6903F4102333
:10A4D000B3F5803F25D12A1D1046FEF763FD00BB72
:10A4E00007A93046FEF71FFEF0B90C23EA68089969
:10A4F0000093304604ABCDE9044406940392FEF782
:10A50000E0FD88B92B6905936B69069303AA23467E
:10A5100007A93046FFF7B8FF30B9EB6923F4803361
:10A52000EB61204612B070BD0446FAE770B50546EF
:10A530000C46FFF7C2FFEB68064605F10C021BB1A3
:10A54000A3420DD123681360A3690BB11B682BB91B
:10A550002B685B6B13B9606B09F0FEFD304670BD74
:10A560001A461B68EBE72DE9F043804695B00E468E
:10A570001746994601F12405FA79B9797879346A50
:10A58000FEF743FFD8F80030DB692044984215D825
:10A59000043C47F8044B00230C21CDE90A37CDE9F0
:10A5A0000C14CDE90E3910920994022309AA314600
:10A5B0004046FFF72DFE15B0BDE8F083002C36DBDA
:10A5C00035460FCD09AC0FC40FCD0FC495E8070079
:10A5D00084E8070031464046FFF7F6FA0028EAD142
:10A5E000129B7362139BB362336A3A46043B42F890
:10A5F000043B03920C22CDE90130CDE90423FB7921
:10A600000893CDE90609022301AA31464046FFF727
:10A61000FFFD0028CFD1119B43F0004311937368D5
:10A620001293B36813930246034609A9C0E72A466A
:10A6300031464046FEF777FD00289DD0BBE72DE967
:10A64000F04714460D46D279A1798CB080466079E6
:10A65000FEF7DBFE2B6A143023F0004383421DD14A
:10A6600001AA291D4046FEF7C6FD061E12DB099A07
:10A67000002A13DA2B6A63F00043134009936B6AD4
:10A680000A93AB6A0B9300231A4601A94046FFF7D1
:10A69000BFFD064630460CB0BDE8F0872368E2797E
:10A6A000A17960790193FEF7B0FE0023CDE9033371
:10A6B0000290012301AA29464046FFF7A9FD06465C
:10A6C0000028E7D1D8F80C7005F1040A4FF0FF39E3
:10A6D000CFB9D8F810700435002FDBD02946381DCB
:10A6E000FEF76AFC68B9FB682268934209D9E279EF
:10A6F000A1796079FEF789FE1B1AFB60BB691B1A02
:10A70000BB613F68E8E75146381DFEF755FC28B9A4
:10A71000FB682268934203D1C7E901993F68D7E7F4
:10A72000FCD9E279A1796079FEF76FFE1B1AFB6014
:10A73000F4E70000F0B5A5B00546FEF7CAFF0446F1
:10A74000002877D12B685A6A0146D208E86B0AF0D4
:10A7500048FF2A68EC62D2E908320EA9C5E90D4328
:10A760009A4294BF2A632B632846FFF72DFA0446CA
:10A7700000285CD119A92846FFF726FA04460028CC
:10A7800055D10346024619A92846FFF741FD044664
:10A7900000284CD1294B1A9E1B9A6E601027CDE9D8
:10A7A00005732B68AA60D969099125491B6A086855
:10A7B0000A93496801974FF001130B930CAB03C345
:10A7C0003423CDE90762CDE91762169306AE202344
:10A7D000CDE90363029301AA01230EA92846FFF7DE
:10A7E00017FD20B110F1340F02D004461FE0012400
:10A7F0002023CDE90236049301AA01230EA928469D
:10A800000197FFF705FD20B110F1340FEDD1002CB9
:10A81000EBD000220123CDE901230EA901AA28468D
:10A82000FEF781FC044610B92B681B6AAB6328460F
:10A83000FEF734FD204625B0F0BD00BF2E14000801
:10A84000CDA702082DE9F0471F4692B003F003039D
:10A85000012BDDF86880019206460C4611D101AB50
:10A8600003AA07A93046FEF781FE0546B0B99DF858
:10A870001030222B00F08680B90534D56FF010051A
:10A8800008E090F84030002BE9D1FFF739FC05468D
:10A890000028E4D0284612B0BDE8F087821CF9D128
:10A8A000DDF804A02F2150460AF0A3FE81460028BF
:10A8B000F0D1FB05EED540F611038DF8120050469D
:10A8C000ADF81030E6F7E4FC4FF0FF33CDE9053981
:10A8D0008DF81300534603AA07A93046FFF743FE3D
:10A8E00005460028D6D1089B6360099BA360039BA3
:10A8F000E360059B23610022069BC4F8188078055D
:10A900006361E761226210D44FF0FF33E362B8F174
:10A91000000F02D0D8F800306BBB3268536B73B1B4
:10A92000F26842B36FF00B05B4E713B147F4803718
:10A93000E7614FF0FF320023C4E90423E4E7E36951
:10A9400003F00303012B0AD1506909F0FDFB60639A
:10A950000028E7D0F36823600025F4609AE7906947
:10A9600009F0F2FB60630028DCD0306804F12C01B0
:10A97000FEF7A4FEEEE76363E36903F00303012B34
:10A98000E8D0F2E76FF0140584E713B500240094D3
:10A99000FFF758FF02B010BD10B590F840309CB0E2
:10A9A0000446019143B101AB02AA06A92046FEF775
:10A9B000DDFD30B11CB010BDFFF7A2FB0028F2D0C6
:10A9C000F8E79DF80C30222B1CD002AA06A92046DD
:10A9D000FFF735FE0028EDD19DF80C30222BE9D190
:10A9E00006AA12A92046FEF706FC0028E2DB1A9B05
:10A9F0000F931B9B109300231A4606A92046FFF7CE
:10AA000007FCD7E704AA11A92046FEF78CFB002813
:10AA1000DBD0CFE770B50D4D0A44914200D170BD37
:10AA2000066811F8013B83EA060404F00F0455F8A8
:10AA3000244084EA161484EA131303F00F0355F834
:10AA4000233083EA14130360E7E700BFD8A70208A6
:10AA50000430704702460346064842F8040B086873
:10AA600058608888897990809171002283F82C2021
:10AA70001846704720A8020837B5036801AA1D6967
:10AA8000D02101230446A8479DF80430582B07D055
:10AA9000602B05D00023184684F82B3003B030BD5E
:10AAA0000120F9E7036810B51B680446984794F83D
:10AAB0002C30184010BD10B544790C7081790479A0
:10AAC000890041EA4411C47921431170427A017A24
:10AAD000920042EA4112817A0A431A7010BD13B5FE
:10AAE0000DF107030DF106020DF10501FFF7E3FF7C
:10AAF00003689DF80520DB680446F2219847236827
:10AB00009DF80620DB68F4212046984723689DF8CD
:10AB10000720DB68F521204602B0BDE81040184749
:10AB200003460868586088888A799A72188118469E
:10AB3000FFF7D5BF024670B552F80B3B05461C69BE
:10AB400088210623A0472A46044652F8113B8E214D
:10AB50001E6928461223B0472A46044052F8233B78
:10AB6000A1211E6928460123B0472A46E4B252F8C3
:10AB7000243B04401E69E12107232846B0472040BA
:10AB800070BDC379012B73B505460C4601D1FFF7A3
:10AB9000A6FF2B686A461E69F72108232846B0479E
:10ABA000221F6B461C3413F8011B42F8041FA242FB
:10ABB000F9D102B070BD000070B51D46B0F80B3081
:10ABC000C3EB21145B000646C3EBE103B0F90D10A3
:10ABD00064434B43B6F90F1020134843801300EB36
:10ABE000E320106000EB800080300012E5F7FAFBF4
:10ABF0000C4B0022E5F78AFD02460B466DB10A4B6D
:10AC00000022E5F759FC094B0022E5F77FFD084BD0
:10AC10000022E5F79BFA02460B4610461946E5F777
:10AC200043FF70BD00005940000022400000144066
:10AC30000000404038B590F8284090F8275004F0C4
:10AC40000F0343EA05131B05C3EB813390F829106A
:10AC50002409A2F5963244EA011402FB143303F5E9
:10AC60008043D91390F8263090F92A405343DB12E1
:10AC70006243921203F5004353439B12B0F9242020
:10AC800003F50013534303F500539B134B43DA13AF
:10AC900090F823105243D2114A43A3EB221020EA2A
:10ACA000E070B0F1C85FA8BF4FF0C8500013E5F7DF
:10ACB00089FB034B0022E5F7FFFBE5F7F5FE38BD06
:10ACC0000000503F000000002DE9F843B2F5FA34CF
:10ACD00006464FEAE27040F1FF30A4FB04C71D4670
:10ACE00004FB00F307EB4307B6F913304FEAE37EAA
:10ACF00003FB00F204FB0E22A3FB043E724412038A
:10AD00004FEA033E42EA1352B6F915304FEAE379AF
:10AD100003FB07F80CFB0988A3FB0C39C8441B0A8A
:10AD200043EA086313EB0E03B6F8119042EB2822B6
:10AD300002F50042A3FB093809FB02884FEAE873D9
:10AD40004FEA680253EA68084FF0000E00F09E8058
:10AD5000B6F91B804FEAE87908FB07F70CFB097787
:10AD6000A8FB0C8C6744B6F919C04FEAEC790CFBD0
:10AD700000F004FB0900ACFB04C42044400440EA9A
:10AD8000DC304FEA4C4C1CEB080CC1F5801147EB52
:10AD9000000701F00044B6F917001EEB0C0E44EA60
:10ADA0005104C90707EBC007B1EB0E0040F635416F
:10ADB00064EB0704A0FB010701FB0471E6F7F4F95B
:10ADC000B6F921204F13430B43EAC14302FB07FCB2
:10ADD0004FEAE27E03FB0ECCA2FB032EF444574362
:10ADE00003FB0C77A2FB03233B44520E42EAC3123F
:10ADF000121841EB6367B6F91F3004464FEAE37C53
:10AE000059430CFB0011A3FB04342144DB0C43EA3F
:10AE10004133D21847EBE143B6F91D00120A42EA6A
:10AE2000036202EB0010E5F7CDFA214B0022E5F7B3
:10AE300043FB013DE5F738FE052D07D8DFE805F0B7
:10AE4000030812181A201B49E6F740F8BDE8F883FA
:10AE5000E5F7DAFA0EA3D3E90023E5F757FCE5F7A7
:10AE600023FEF3E7E5F7D0FA0BA3D3E90023F4E7D9
:10AE70001149E9E7E5F7C8FA09A3D3E90023ECE7AC
:10AE8000E5F7C2FA08A3D3E90023E6E70B48DDE7BC
:10AE900057ECC921C074AA409C086EF6CFBCF8409C
:10AEA00096B321D150AA6040F531E2ACBEEEBA4073
:10AEB0000000703F0000C8420050C3470000C07F40
:10AEC0002DE9F0438BB00F4602A9054690461E4679
:10AED000FFF757FE38B91A4B3360C8F800303B60B3
:10AEE0000BB0BDE8F083039C029B069807992401F0
:10AEF00044EA0334049B44EA2314DDE9082343EACB
:10AF00000229059B000140EA033040EA21119DF827
:10AF1000483001AA2846FFF74FFEC8F80000DDF8C8
:10AF200004809DF84C30424621462846FFF7CCFE6F
:10AF30004246386049462846FFF77CFE3060CFE73E
:10AF40000000C07F7FB50025467A45720446FFF7B2
:10AF5000C6FD0123CDE9005303AB1A46194620462E
:10AF6000FFF7AEFF667204B070BD38B50546FFF757
:10AF700083FD044658B12846FFF7DCFD6B7A044692
:10AF800013B12846FFF7DEFF2846FFF7A8FD85F836
:10AF90002C40204638BD2D30704710B40C68C0F8E6
:10AFA0002D404C68C0F8314010BCFFF7B9BD00001F
:10AFB00038B504460D46FFF74DFD2346044A43F8D5
:10AFC0002D2B2A68C4F82D206A685A60204638BDA7
:10AFD0003CA8020870B50A4C0E4690F83410204682
:10AFE0001546F6F7FBFC31462046F6F750FD29469C
:10AFF0002046F6F74CFD2046F6F712FE012070BD04
:10B00000903900202DE9F04104460F4690F83410A5
:10B0100012481D461646F6F7E1FC39460F480F4F19
:10B02000F6F735FD0D48F6F7FBFD94F834100B48A4
:10B030002A46F6F7F2FD00243846F6F71BFC04F129
:10B040000108E4B220B9631B58425841BDE8F081C1
:10B050003846F6F713FC30554446EDE790390020AA
:10B06000F0B5CFB006460C466D4602F120071068D9
:10B0700051682B4603C30832BA421D46F7D19DF8EA
:10B08000003023F007038DF800309DF81F3003F0E7
:10B090003F0343F04003214608A88DF81F3001F01C
:10B0A00093F844A800F031FF44AA08A93AA800F098
:10B0B00039FF44A908AA084602F0D2F944A9084673
:10B0C00001F018FF44AA3AA908A801F084F912A8CF
:10B0D00000F01BFF1CA800F00CFF08A926A801F037
:10B0E0005BF830A800F011FF0024FE25EB10274686
:10B0F0001DF8034005F007031C4104F001046740FC
:10B100003A4626A912A800F097FF3A4630A91CA893
:10B1100000F092FF30AA26A93AA802F0A1F91CAAD1
:10B1200012A944A802F09CF912A908461CAA00F032
:10B13000F9FE30AA26A91CA800F0F4FE12AA3AA92A
:10B1400030A801F048F91CA944AA084601F043F9C7
:10B1500044A93AA801F0F1FC12A944A801F0EDFCC1
:10B160001CAA30A926A800F0DDFE1CAA104630A9B2
:10B1700002F076F93AAA44A912A801F02CF944A9E0
:10B180003AAA084602F06CF91CA9084601F0D5FC61
:10B1900044A930A801F0CEFB26A9084601F0CDFC59
:10B1A0003AA9084630AA00F0BDFE1CAA08A930A89A
:10B1B00001F011F93AAA44A91CA801F00CF9013DCB
:10B1C00094D2224626A912A800F036FF224630A9C2
:10B1D0001CA800F031FF1CA9084601F08BFE12A943
:10B1E0001CAA084601F0F7F812A9304602F069F9E6
:10B1F0004FB0F0BD30B50C46A9B0054610460A4622
:10B20000202100F00FFE237823F007032370E37F53
:10B2100003F03F0343F04003E3772146684602F022
:10B22000C2FB6946284602F09EFB29B030BD10B52E
:10B23000A8B00446684602F0B6FB6946204602F014
:10B2400092FB28B010BD00002DE9F04FADF53D7D1B
:10B2500003460B900C4608330CAD00F14806186805
:10B2600059682A4603C20833B3421546F7D11CA8D1
:10B27000214604F1800504464B780A780F798E78D0
:10B280001B0443EA0263CA7942EA07624F7943EA40
:10B29000062342EA0742CE788F79083142EA072234
:10B2A00033438D42C4E9002304F10804E4D1044689
:10B2B0001026D4E91C19CB0C4FEAD9424FEAC90E2B
:10B2C000CF004EEA517E47EA597743EA493342EAD2
:10B2D00041328909A04641EA89617B4082EA0E0237
:10B2E0004B40D8E91217D8E900E8D4E9025C11EB29
:10B2F0000E0147EB080782EA99125B1842EB070E32
:10B300004FEA15296A0842EACC7249EA0C6982EAD6
:10B3100009014FEA5C074FEA1C28EA0947EAC577AA
:10B3200048EA056842EA4C624A4087EA08079B18E7
:10B3300087EADC1106F101064EEB01010834502EBC
:10B34000C4E91E31B5D11A9B03931B9B0493149B34
:10B350000593159B0693189B0793199B0893169BBF
:10B360000993179B0A930C9B01930D9B0293DDE9B4
:10B370000E89DDE910ECDDE912320149009101E0AE
:10B3800058A8020805994FEA913A06994AEA814A73
:10B390004FEA913B05994BEA814B8D0C069945EAA2
:10B3A00081358C0C059944EA81348BEA040B069CA8
:10B3B000E40544EA51248AEA050ACD05069945EADE
:10B3C000512500998AEA050A8BEA040BD1E9005756
:10B3D000D0E900640799AD19099E47EB04044E407B
:10B3E0000A9F08994F4005990E4006990F4007990A
:10B3F0004E4008991AEB050587EA010703994BEBC4
:10B400000404AD1944EB07046D18049941EB0404DE
:10B410005B19039342EB04030493019B01991E0FF4
:10B42000029B46EA03161A0F019B42EA0312029B93
:10B430009B0743EA91038F0702995A4047EA910715
:10B44000019B7E404F0647EAD3175B0643EAD113C0
:10B45000734001995B1982EA070244EB020241EA58
:10B460000804029941EA0905019901EA08070299CD
:10B4700004EA0E0401EA09063C4305EA0C0513EB55
:10B48000040A45EA060542EB050B009A009BD568C5
:10B490009B680799D0E902421B1945EB02025B1831
:10B4A0000899099C41EB0202059981EA0405069975
:10B4B0000A9C4C4003990D4004990C4009994D4059
:10B4C0000A994C4003995B1942EB04028C0B0499D6
:10B4D00044EA81448E0B039946EA81468F0C049915
:10B4E00047EA81378D0C039945EA813504996E400E
:10B4F000CD0503997C4045EA5125CF05049947EADB
:10B5000051277C401C1985EA060542EB05051EEB18
:10B51000040307934CEB050308934FEA1B724FEAB1
:10B520008B7343EA9A034FEA1A7642EA0A124FEA09
:10B530008A7747EA9B0746EA0B165A404FEA4A6366
:10B540007E4043EADB134FEA4B67029947EADA177A
:10B5500073401C1982EA070245EB0202019B41EA93
:10B560000B05019943EA0A0301EA0A07029903EA73
:10B57000080301EA0B063B4305EA090514EB030C3B
:10B5800045EA060542EB050E009A009B55691B69CA
:10B590000999D0E904421B1945EB02025B180A998C
:10B5A000039C41EB0202059981EA04050699049C7B
:10B5B0004C4007990D4008990C4005994D4006995B
:10B5C0004C4007995B1942EB04028C0B089944EA42
:10B5D00081448E0B079946EA81468F0C089947EA09
:10B5E00081378D0C079945EA813508996E40CD0564
:10B5F00007997C4045EA5125CF05089947EA51272C
:10B600007C401C1985EA060542EB050518EB04038E
:10B610000A934FEA1E724FEA8E7343EA9C034FEA85
:10B620001C7642EA0C124FEA8C7747EA9E0746EAFC
:10B630000E1682EA03024FEA4C6386EA070643EAE3
:10B64000DE13019983EA06034FEA4E6749EB0509C9
:10B6500047EADC171C194AEA0C0382EA070203EAEC
:10B660000103029945EB02020AEA0C074BEA0E05B8
:10B670000BEA0E060D403B43E31845EA060542EB94
:10B6800005080993009A009B9B69D5690599D0E943
:10B6900006421B1945EB02025B180699079C41EB19
:10B6A0000202039981EA04050499089C4C400A9916
:10B6B0000D4003994D40049904EA09044C400A994D
:10B6C0005B1942EB04028F0C8C0B47EA893744EA82
:10B6D00089444FEA99364FEA99457C40CF0545EABF
:10B6E000813547EA592746EA81466E407C404FEA59
:10B6F000C9551C1945EA5125019B099985EA06059A
:10B7000042EB05051B190593029B43EB05030693CA
:10B71000099B4FEA18721E0F42EA03124FEA887320
:10B7200043EA91038F0747EA980746EA08165A400A
:10B730004B067E4043EAD8134FEA486747EAD117E1
:10B7400073401C194CEA010682EA070245EB02022B
:10B750004EEA080306EA0A060CEA01050EEA0807A3
:10B76000354303EA0B03611943EA070342EB030382
:10B77000009A0293009B556A1B6A0191D0E9084226
:10B7800003991B1945EB02025B1804990A9C41EBD3
:10B790000202079981EA0405089981EA09040599DA
:10B7A0000D4006990C4007994D4008994C40059969
:10B7B0005B1942EB04028C0B069944EA81448E0B20
:10B7C000059946EA81468F0C069947EA81378D0C28
:10B7D000059945EA813506996E40CD0505997C406D
:10B7E00045EA5125CF05069947EA51277C401C19A7
:10B7F00085EA060542EB05051AEB040303934BEBC0
:10B8000005030493019B01991E0F029B46EA031650
:10B810001A0F019B42EA0312029B9B0743EA910322
:10B820008F0702995A4047EA9107019B7E404F06D5
:10B8300047EAD3175B0643EAD113734009991B19F2
:10B84000019C41EA0406029982EA070245EB0202E2
:10B8500048EA0104019D09990D40029906EA0C0687
:10B8600008EA01073543009904EA0E045B1944EA2B
:10B87000070442EB0402D0E90A67D1E90A450799B7
:10B88000A41945EB070564180899059E41EB0505C9
:10B890000A9981EA0607069989EA010603990F4089
:10B8A00004990E400A994F40039986EA0906E41963
:10B8B00045EB06058E0B049946EA814A8E0B0399E7
:10B8C0008F0C46EA8146049947EA813B8F0C039925
:10B8D00047EA813704997E40CF0503998AEA0B0B2A
:10B8E00047EA512ACF05049947EA51278BEA07070F
:10B8F000E41986EA0A0645EB0605170F1CEB04015E
:10B900004FEA8276079146EA93064EEB05014FEA2D
:10B91000137C47EA03174FEA837E08914EEA920EA2
:10B92000019977404CEA021C5E068CEA0E0C46EA4E
:10B93000D2164FEA426E8CEA06064EEAD31E41EA60
:10B94000030C0299341987EA0E0745EB070741EA11
:10B95000020509990CEA010C019901EA0306029912
:10B960004CEA060601EA020E05EA0805009945EAD6
:10B970000E0514EB060E47EB050CD0E90C67D1E978
:10B980000C450A99A41945EB0705039E641805990F
:10B9900081EA06070699049E81EA0606079907EAE6
:10B9A0000107089906EA0106059987EA0107069941
:10B9B00086EA0106079949EB0505E41945EB0605FA
:10B9C0008E0B089946EA814A8E0B079946EA814612
:10B9D0004FEA9149089949EA81398F0C079947EA5A
:10B9E000813708998AEA090A4FEAC15907997E40C6
:10B9F00049EA5129CF05089947EA51278AEA0707FA
:10BA00000999E41986EA090645EB06054FEA1C7711
:10BA100009194FEA8C76099146EA9E0648EB050122
:10BA200047EA0E174FEA1E784FEA8E7949EA9C09D9
:10BA3000774048EA0C184FEA4E660A9188EA0908EE
:10BA400001994FEA4C6946EADC1688EA060649EA9B
:10BA5000DE1943EA0E08341908EA010887EA0907E3
:10BA6000029945EB070703EA0E0642EA0C050D4072
:10BA700002EA0C09009948EA060614EB060845EAB2
:10BA8000090547EB0509D0E90E67D1E90E4505998F
:10BA9000A41945EB070564180699079E41EB0505B7
:10BAA000039981EA06070499089E4E4009990F40C0
:10BAB0000A990E4003994F4004994E4009994FEA64
:10BAC000913A0A99E41945EB06054AEA814A8E0B38
:10BAD000099946EA81464FEA914B0A994BEA813B24
:10BAE0008F0C099947EA81370A998AEA0B0A4FEACB
:10BAF000C15B09997E404BEA512BCF050A9947EA71
:10BB000051278AEA0707E41986EA0B0645EB060582
:10BB100001994FEA19774FEA897646EA98064FEA83
:10BB2000187A47EA08174FEA887B09194BEA990BFC
:10BB300087EA06074AEA091A4FEA48668AEA0B0AC0
:10BB400005914FEA496B029946EAD9168AEA060638
:10BB50004BEAD81B41EB050187EA0B0734194EEA83
:10BB6000080A45EB07070AEA030A4CEA09050EEA48
:10BB7000080615400CEA090B4AEA0606069145EA52
:10BB80000B05A119019147EB050102910099403184
:10BB90000091009C1B49A14200F140007FF4F2ABF0
:10BBA000CDE91232079B1893089B1993099B1693B2
:10BBB0000A9B1793059B1493069B03990B9A159365
:10BBC000CDE910EC019B1A91CDE90E8904990C93F3
:10BBD000029B0D931B910CAB02F1400552F8081F1C
:10BBE000D3E900405668091940EB0600AA42C2E9B1
:10BBF000001003F10803F1D100200DF53D7DBDE8F3
:10BC0000F08F00BFD8AA020830B5034600282ED016
:10BC100000240025C3E9004517A5D5E90045C3E97F
:10BC2000024517A5D5E90045C3E9044516A5D5E9A0
:10BC30000045C3E9064516A5D5E90045C3E9084511
:10BC400015A5D5E90045C3E90A4515A5D5E900457F
:10BC5000C3E90C4514A5D5E90045C3E90E4514A573
:10BC6000D5E90045C3E910450020986430BD0120A6
:10BC7000FCE700BFAFF3008008C9BCF367E6096AC0
:10BC80003BA7CA8485AE67BB2BF894FE72F36E3C6B
:10BC9000F1361D5F3AF54FA5D182E6AD7F520E51C8
:10BCA0001F6C3E2B8C68059B6BBD41FBABD9831F82
:10BCB00079217E1319CDE05B2DE9F8430D46164638
:10BCC0000446002847D0002945D0836C802B42D8F9
:10BCD00000F14C0716B93046BDE8F883A36C93B960
:10BCE0007F2E10D929462046FFF7AEFA0028F3D15F
:10BCF000D4E9003213F5806342F10002C4E9003256
:10BD00008035803EE6E7C3F18008B04528BFB046E5
:10BD100003F14B02224405EB08094D4516D143447B
:10BD2000802BA3640ED139462046FFF78DFA0028F8
:10BD3000D2D1D4E9003213F5806342F10002C4E9A4
:10BD40000032A0644D46A6EB0806C3E715F8011BB8
:10BD500002F8011FE1E70120BEE7F8B50D460446F1
:10BD600000285DD000295BD0836C7F2B58D8D0E9A8
:10BD700000670822E3FB02675A1C03448021702AF3
:10BD8000C0E90067826483F84C100AD90022A36CD2
:10BD90007F2B39D904F14C012046FFF755FA0023D7
:10BDA000A3640022A36C772B34D93B0E84F8C430F3
:10BDB0003B0C84F8C53036BA3B0A04F14C0184F8D8
:10BDC000C63084F8C770C4F8C8602046FFF73CFA54
:10BDD000294604F14002E37B0B70E3894B70E36872
:10BDE0001B0A8B70E368CB70E37A0B7163894B712C
:10BDF000A3681B0A08348B712368CB71944201F14C
:10BE00000801E8D10020F8BD591C2344A16483F83F
:10BE10004C20BCE7591C2344A16483F84C20C1E7A3
:10BE20000120F0E730B5B5B0054668461446FFF787
:10BE3000EBFE48B90A4668462946FFF73DFF18B9A8
:10BE400021466846FFF789FF35B030BD2DE9F04146
:10BE5000FCB00446DDF8088248A81F460D46164689
:10BE6000FFF7D2FE202208EB020148A8FFF724FFCB
:10BE70003246294648A8FFF71FFF10A948A8FFF738
:10BE80006CFF10A801F010FE10A920A801F08BFD96
:10BE900020A9204601F067FD48A8FFF7B5FE21461E
:10BEA000202248A8FFF708FF3946202248A8FFF7BC
:10BEB00003FF3246294648A8FFF7FEFE694648A818
:10BEC000FFF74BFF684601F0EFFD10AB42466946B5
:10BED00004F1200002F02AFE7CB0BDE8F0818378F6
:10BEE000417802781B0443EA012343EA020000215F
:10BEF00070470023C0E90033C0E90233C0E90433CE
:10BF0000C0E90633C0E90833704700230122C0E9C5
:10BF10000023C0E90233C0E90433C0E90633C0E9B5
:10BF2000083370472DE9F04753684E688D68CC6838
:10BF30000F69D1F824A01E4493681D44D3681C44A3
:10BF4000136907EB030C4F69536907EB030E8F6905
:10BF5000936907EB0308CF69D36907EB0309136AF9
:10BF60000F6A09681F44536A126853440A44C0E9BF
:10BF70000026C0E90254C0E904CEC0E90689C0E940
:10BF80000873BDE8F0872DE9F74F83688D68CC68AA
:10BF90004E685D40C36852425C4004EA020301936C
:10BFA00004690B69634003EA020E44694B6963400C
:10BFB00003EA020884698B69634003EA0209C469E1
:10BFC000CB69634003EA020A046A0B6AD0E900C73E
:10BFD000634003EA020B446A4B6A09687E4063408F
:10BFE0008CEA010116401540134011408268019C03
:10BFF0005540C268856054400269C46082EA0E02FE
:10C000000261426981EA0C0182EA0802774001601C
:10C0100047604261826982EA09028261C26982EAFA
:10C020000A02C261026A82EA0B020262426A534059
:10C03000436203B0BDE8F08F2DE9F04F8BB00B6881
:10C04000019304684B68019D029384EA050A8B689A
:10C050004468029D039384EA0509CB688468039DC4
:10C06000049384EA05080B69C468049D059384EA77
:10C07000050E4B690469059D06938B69079384EA55
:10C08000050CCB69069D446908930B6A099384EA01
:10C0900005074B6A8469079DDDF824B084EA05062C
:10C0A000C469089D6540046A84EA0B04D0F824B092
:10C0B00052428BEA030B0AEA020A09EA020908EA79
:10C0C00002080EEA020E0CEA020C17401640154058
:10C0D00014400BEA0202D0F800B08BEA0A0BC0F859
:10C0E00000B0D0F804B08BEA090BC0F804B0D0F867
:10C0F00008B08BEA080BC0F808B0D0F80CB08BEA97
:10C100000E0BC0F80CB0D0F810B08BEA0C0BC0F8D6
:10C1100010B0D0F814B08BEA070BC0F814B0D0F808
:10C1200018B08BEA060BC0F818B0D0F81CB08BEA38
:10C13000050BC0F81CB0D0F820B08BEA040BC0F897
:10C1400020B0D0F824B08BEA020BC0F824B00198DC
:10C1500080EA0A000860029880EA090048600398B3
:10C1600080EA08008860049880EA0E00C86005989C
:10C1700080EA0C0008610698474007984F614640E6
:10C1800008988E6145400998CD61444053400C6247
:10C190004B620BB0BDE8F08F2DE9F043D1E9009878
:10C1A000D1E902E3D1E90476D1E90654D1E90821C5
:10C1B000C0E90098C0E902E3C0E90476C0E906548A
:10C1C000C0E90821BDE8F0832DE9F04F0446084698
:10C1D0008DB050F8042B05920D46FFF780FE8B01C1
:10C1E00043EA90630B938301E81D0293FFF777FE08
:10C1F0004FEA4118430148EAD06805F10A00069366
:10C20000FFF76DFE4FEAC10BC3004BEA507B05F10F
:10C210000D000393FFF763FE83004FEA810A4AEAA9
:10C22000907A079305F114002B690193FFF757FEED
:10C23000CF01C30147EA506705F117000893FFF7E4
:10C240004EFE4FEA4119430149EAD06905F11A004F
:10C250000493FFF744FE0E01030146EA107605F150
:10C260001D000993FFF73BFE810021F07E4121F084
:10C27000030101F18075059A680E4FF0130CA0FBC5
:10C280000C0C831805F07E4505932CBF012000207F
:10C290004B1B0A93029B069D13F180720B9B4FEA86
:10C2A000526143F1000341EAC311491948EB636845
:10C2B000029B069102F07E429B1A0B93039B079907
:10C2C00013F180734BF1000B5A0E42EACB12521855
:10C2D0000292039A03F07E434AEB6B61D31A0393F5
:10C2E000019B13F180732CBF012500255A0E42EAF1
:10C2F000C512089D5219019D03F07E4347F1000EBF
:10C30000EB1A0793049B099F13F1807549F100090B
:10C310006B0E43EAC913DB1946EB6969049E05F00D
:10C320007E45751B0495059D15F1007C40F1000BC1
:10C33000069810F10077029848F1000810F1007695
:10C3400041F10001019112F1007505994EF1000EC5
:10C350000CF07C4A13F1007049F100094FEA9C6C23
:10C36000B1EB0A0A0B99C4F800A04CEA8B1C1CEB39
:10C37000010C0699C4F804C007F07C4CB1EB0C0C1E
:10C38000BF0E0399C4F808C047EA88177F180299BE
:10C39000E76006F07C47CF1B01992761B60E46EA9D
:10C3A00081160799761805F07C41521AA261AD0EEC
:10C3B000049A666145EA8E15AD1800F07C429B1A1E
:10C3C0002362800E0A9BE56140EA8910C018606212
:10C3D0000DB0BDE8F08F2DE9F04F8246D1E90003A2
:10C3E000A5B0D2E9005808938B680193CB680993F4
:10C3F0000B6902934B690A93D1E906930B93D1E938
:10C4000008630C9393680393D368059313690693A9
:10C4100053690D9393690F93D3691693136A189315
:10C42000536A1993039B019C4FF0130B0BFB03FC06
:10C43000059B0BFB03F7069B0BFB03F317930D9B6D
:10C440000BFB03F310930F9B0BFB03F30E93169B55
:10C450000BFB03F30793189BDDF81CE00BFB03F2C7
:10C46000199B0BFB03F30493089B04995B00119346
:10C47000099B5B0012930A9B5B0013930B9B5B0071
:10C4800014930C9B5B001593119B83FB0131C0FB44
:10C490000531C4FB0231129CC4FB0E31029CDDF855
:10C4A00038E0C4FB0E31139CDDF840E0C4FB0E31D4
:10C4B000179CC9FB0431149CC4FB0731159C0BFB72
:10C4C00008FEC6FB0C31C4FB0E31CDE91A31089BC6
:10C4D000019C049985FB033EC0FB083EC1FB043E62
:10C4E000099C0299C2FB043E079CC4FB013E0E99C5
:10C4F0000A9CC1FB043E10990B9CC1FB093E179995
:10C50000C1FB043E0C99049CC7FB063ECCFB013EDC
:10C51000CDE91C3E119B039988FB033CC0FB013C09
:10C520000199C5FB013C1299C4FB013C0299139C83
:10C53000C2FB013C0799C1FB043C0E99C1FB093CBD
:10C540001099149CC1FB043C1799049CC1FB063C48
:10C550001599C7FB013CCDE91E3C0899039B83FB61
:10C5600001370599C0FB01370199C8FB01370999CB
:10C57000C5FB01370299C4FB01370A990B9CC2FB2A
:10C5800001370799C1FB09370E99C1FB0437109990
:10C590000C9CC1FB06371799C1FB043717931199FF
:10C5A000059B209783FB01730699019CC0FB0173D7
:10C5B0000399C1FB04731299049CC8FB017302998F
:10C5C000C5FB01731399C4FB01730799149CC2FB4B
:10C5D0000973C1FB04730E99159CC1FB0673109976
:10C5E000C1FB04730699089C109781FB047C0D998C
:10C5F000019CC0FB017C0599C1FB047C0399099C4B
:10C60000C1FB047C02990C9CC8FB017C0A99C5FB08
:10C61000017C0499C1FB097C0B99C2FB017C079941
:10C62000C1FB067C0E99C1FB047C0D99119C0E97F1
:10C6300081FB047E0F99019CC0FB017E0699C1FB22
:10C64000047E0599129CC1FB047EDDE90241C1FB19
:10C65000047E1399049CC8FB017E1499C5FB097ED6
:10C66000C4FB017E0799159CC2FB067EC1FB047EBC
:10C670000F99089CCDF884E0079781FB047E1699FA
:10C68000019CC0FB017E0D99C1FB047E0699099CAB
:10C69000C1FB047E0599029CC1FB047E03990A9CA0
:10C6A000C1FB047E0B99019CC8FB097EC5FB017E82
:10C6B0000499C1FB067E0C99C2FB017E1199169A62
:10C6C000CDE9227E82FB01271899C0FB01270F9933
:10C6D000C1FB04270D99129CC1FB04270699029CFB
:10C6E000C1FB04270599139CC1FB04270399C1FBD7
:10C6F00009271499049CC8FB01271599C5FB062737
:10C70000C4FB012711920899189A82FB01241999F8
:10C71000C0FB012416990198C1FB00241046099919
:10C720000F9AC2FB01040D9A0299C2FB01040A99F7
:10C73000069AC2FB0104059A0B99C2FB0904039AED
:10C74000C2FB01040C9A1A99C8FB0604C5FB02043B
:10C750001A9A0E9D12F100761B9ACDE9080442F157
:10C760000000B40E1C9A44EA8014A4181D9A06F026
:10C770007C4642EBA062891B0A911B9961EB000188
:10C780000B91109911F1007143F10006880E40EAF7
:10C7900086104019109D01F07C414CEBA66C691A83
:10C7A00063EB060314F180761E9D42F100024FEA0E
:10C7B000566E4EEAC21E1EEB050504951F9D06F03F
:10C7C0007E4645EB6262A41B0C9410F18074079DB9
:10C7D0004CF1000C660E46EACC1675190595219DA4
:10C7E00004F07E4445EB6C6C001B0D900498179C84
:10C7F000089D10F10070019042F10002800E40EAA5
:10C800008210001906902098229C40EBA2620598A5
:10C8100010F1007002904CF1000C800E40EA8C1078
:10C820000019239C44EBAC6C069C14F180740394B7
:10C8300042F10002640E44EAC214641843EB6263DE
:10C8400010F18079119A4CF1000C4FEA596141EADC
:10C85000CC11891847EB6C6C14F1007743F100039D
:10C8600011F100784CF1000C4FEA9862079342EA0C
:10C870008C12099B521943EBAC6C12F1807E4CF187
:10C88000000C4FEA5E650A9B45EACC15A5FB0B65DB
:10C89000F6184FEA6C6C0B9B0BFB0C5545EB030534
:10C8A00016F1007C0C9B45F100050CF07C4B4FEA27
:10C8B0009C6C4CEA851CB6EB0B061CEB0305019B3C
:10C8C000CAF8045003F07C45049BCAF800605D1B65
:10C8D000039BCAF8085003F07E45069B5D1B079B2F
:10C8E000CAF80C5007F07C45BF0E47EA83170D9B32
:10C8F000641BFF18029BCAF81040059CCAF814700C
:10C9000009F07E4908F07C480EF07E4E03F07C432F
:10C91000E31AB0EB0900B1EB0801B2EB0E02CAF862
:10C920001830CAF81C00CAF82010CAF8242025B014
:10C93000BDE8F08F2DE9F04F6C4B0A68CC684D686C
:10C940008BB082FB0382039284FB034204924A6908
:10C9500082FB03E20592CA6982FB032601924A6ABE
:10C96000069682FB039219F1807C42F100024FEAA5
:10C970005C664FF0130B46EAC216A6FB0B6A521612
:10C980000BFB02AA16EB08020292039A85FB0357DF
:10C990000CF07E4C4AEB020AB9EB0C0215F18076E2
:10C9A000079247F100078A684FEA566C4CEAC71CA9
:10C9B00006F07E467F16C2FB03C7AA1B0892049AA4
:10C9C000CDF80CC014F1807542F10006B9460A6931
:10C9D0006F0E47EAC61705F07E457616C2FB037652
:10C9E000621B0992059A04971EF1807842F10004B7
:10C9F0004FEA58658A69096A45EAC4156416C2FB9C
:10CA00000354019A059508F07E48BEEB080812F120
:10CA1000807E069A4FEA5E6542F1000245EAC21541
:10CA20005216C1FB0352019B0EF07E4EB3EB0E0E6D
:10CA3000029B13F1007C039B4AF1000A13F100777B
:10CA400049F100030193049BAB4613F10075059B6C
:10CA500046F1000613F1007144F100041BF100736C
:10CA600042F100020692029A0CF07C49B2EB0909ED
:10CA70004FEA9C6C089AC0F800904CEA8A1C1CEBA8
:10CA8000020C039AC0F804C007F07C4CB2EB0C0C0B
:10CA9000019AC0F808C0BF0E47EA8217099ABF186A
:10CAA000C760049A05F07C47AD0E45EA8615D71B92
:10CAB00015EB0805059A456101F07C45890E41EAB0
:10CAC0008411551B11EB0E01069AC16103F07C41E4
:10CAD0009B0E43EA8213079A0761BBEB01019B1887
:10CAE0008561016243620BB0BDE8F08F42DB01005B
:10CAF0004B682DE9F041C3F1000E8B68CF680E69D9
:10CB00004D698C69C3F1000CCB69C3F100080B6A55
:10CB10005A424B6A09687F4276426D4264425B42E8
:10CB20004942C0E9001EC0E902C7C0E90465C0E986
:10CB30000648C0E90823BDE8F0812DE9F04F0A4618
:10CB40008246D2E9024097B04FF0260C0690D2E917
:10CB500004B00190D2E906E00390106A526A08928C
:10CB600062000592069A039E0490520000924FEADA
:10CB70004B020C92019A52000292039A0CFB06F7A8
:10CB80005200049E0992D1E90013132202FB06F819
:10CB9000089E079302FB0EF0019A5D000CFB06F65F
:10CBA0000CFB02F385FB062CC1FB012C4FEA41096B
:10CBB00061464FEA440CCCFB0821DDF800C0CCFBF9
:10CBC00007214FEA4B0CCCFB00219446019AC2FB93
:10CBD00003C1CDE90AC1079B009984FB06C2C9FBCA
:10CBE00003C2C1FB08C20299CBFB07C2C1FB00C252
:10CBF000CDF834C0009983FB053CC9FB043CC1FB64
:10CC0000063C4FEA4B01C8FB013C0299C1FB073CC3
:10CC10001946CEFB001CCDE90E1C069984FB05309D
:10CC2000C9FB01300299CBFB0630C1FB0830194625
:10CC3000CEFB0710CDE91010009985FB0103C9FB5D
:10CC40000B030299C4FB04034FEA4E0CC1FB06031D
:10CC50000399C8FB0C03C1FB0703019907908BFBE9
:10CC60000540C9FB0140DDE90571C1FB0740099999
:10CC7000CEFB0640C1FB08400299129485FB014C93
:10CC8000C9FB0E4C0699CBFB074C009FC1FB074C20
:10CC90000999C1FB064C0499C1FB084C0399069401
:10CCA0008EFB0547DDF81480C9FB01470199C1FBE4
:10CCB00008470099CBFB01470499C1FB0647CDE922
:10CCC00013470999029C85FB01780499C9FB0178F7
:10CCD0000599CEFB01780099C1FB04780899059C61
:10CCE000CBFB0B78C1FB06780499099781FB05659E
:10CCF0000899CDF85480C9FB01650399C1FB04650F
:10CD000000990C9CCEFB01650199C1FB04650A9951
:10CD1000089611F100770B99129CAE464FEA976680
:10CD200041F100050D9946EA851676180A9907F033
:10CD30007C4742EBA562B1EB070B0B9961EB050158
:10CD40000A91079911F1007143F100078D0E45EA30
:10CD500087152D19079C01F07C4140EBA760611AF3
:10CD600063EB070316F180770E9C42F100024FEA55
:10CD7000576848EAC21818EB040403940F9C07F0A4
:10CD80007E4744EB6262F41B15F1807640F10000AF
:10CD90000794770E069C47EAC0173C1906F07E46BA
:10CDA0004CEB606CA81B04940B900398109C159D91
:10CDB00010F10070009042F10002800E40EA8210F3
:10CDC000001905901198139C40EBA262049810F191
:10CDD000007001904CF1000C800E40EA8C1000199C
:10CDE000149C44EBAC6C059C14F18074029442F1E9
:10CDF0000002640E44EAC214641843EB626310F14B
:10CE00008079099A4CF1000C4FEA596141EACC1142
:10CE1000891845EB6C6C14F1007743F1000311F1B4
:10CE20000078089D06934CF1000C4FEA986242EAA4
:10CE30008C1252194EEBAC6C12F1807E4CF1000C4E
:10CE40004FEA5E65132345EACC15A5FB03654FEA5F
:10CE50006C6C03FB0C550A9B16EB0B0645EB0305AC
:10CE600016F1007C079B45F100050CF07C4B4FEA66
:10CE70009C6C4CEA851CB6EB0B061CEB0305009B77
:10CE8000CAF8045003F07C45039BCAF800605D1BA0
:10CE9000029BCAF8085003F07E45059B5D1B069B6C
:10CEA000CAF80C5007F07C45BF0E47EA83170B9B6E
:10CEB000641BFF18019BCAF81040049CCAF8147048
:10CEC00009F07E4908F07C480EF07E4E03F07C436A
:10CED000E31AB0EB0900B1EB0801B2EB0E02CAF89D
:10CEE0001830CAF81C00CAF82010CAF8242017B05D
:10CEF000BDE8F08F30B5A9B0044668460D46FFF78F
:10CF00001CFE69460AA8FFF718FE0AA90846FFF7A3
:10CF100014FE0AAA29461046FFF75DFA0AAA6946D6
:10CF20006846FFF758FA694614A8FFF706FE0AA9F3
:10CF3000084614AAFFF74FFA0AA914A8FFF7FDFD47
:10CF4000042514A90846FFF7F8FD013DF9D10AAA06
:10CF5000104614A9FFF73FFA0AA914A8FFF7EDFD40
:10CF6000092514A90846FFF7E8FD013DF9D114A9E8
:10CF700008460AAAFFF72FFA14A91EA8FFF7DDFD3D
:10CF800013251EA90846FFF7D8FD013DF9D114AAC3
:10CF900010461EA9FFF71FFA14A90846FFF7CDFD9A
:10CFA000092514A90846FFF7C8FD013DF9D10AAAD1
:10CFB000104614A9FFF70FFA0AA914A8FFF7BDFD40
:10CFC000312514A90846FFF7B8FD013DF9D114A990
:10CFD00008460AAAFFF7FFF914A91EA8FFF7ADFD3E
:10CFE00063251EA90846FFF7A8FD013DF9D114AA43
:10CFF00010461EA9FFF7EFF914A90846FFF79DFD9B
:10D00000312514A90846FFF798FD013DF9D10AAA78
:10D01000104614A9FFF7DFF90AA90846FFF78DFDAE
:10D0200004250AA90846FFF788FD013DF9D16A46A3
:10D030000AA92046FFF7CFF929B030BD2DE9F04FFE
:10D0400097B00A6902924A690392D1E906A2D1E92E
:10D05000026705920A6A06924A6A0892720007926B
:10D060007A000992029ADDF814C0019052000A92E7
:10D07000039A52000492059A262000FB0CF85200F5
:10D08000DDF818C00B92D1E90053132202FB0CF912
:10D09000DDF820C002FB0AF4039A00FB0CFB4FEA08
:10D0A000430E50438EFB0B2CC5FB052C69006546D7
:10D0B0004FEA460CCCFB09254FEA470CCCFB082570
:10D0C000DDF828C0CCFB04259446039AC2FB00C5BA
:10D0D00086FB0B20CDF838C0C1FB03204FEA470C7C
:10D0E000CCFB0920DDF808C0CCFB08209446049A4C
:10D0F000C2FB04C083FB0E32CDF83CC0C1FB06323C
:10D100004FEA470CCCFB0B32DDF828C00C90C9FB72
:10D110000C32DDF810C00298CCFB08329C46CAFBEA
:10D1200004C2CDF840C0029C86FB0E3CC1FB073C0C
:10D13000C4FB0B3C049CC4FB093C1C46CAFB084CCA
:10D1400011947C008EFB0434C1FB00340498C6FBB0
:10D150000634C0FB0B344FEA4A00C9FB0034059883
:10D160001E46C0FB08640298129680FB0E6303986B
:10D17000C1FB00630798C7FB00630B98CAFB0B63F6
:10D18000C0FB096304980D931396079B8EFB006800
:10D190000298C1FB0A68C0FB03687800C7FB0068FF
:10D1A0000B984746C0FB0B670698C0FB09670598BC
:10D1B00014968AFB0E68C1FB00680398DDF8249082
:10D1C000C0FB03680298C0FB09680698C0FB0B68A7
:10D1D00015960B988EFB00960698C1FB0096CAFB2D
:10D1E00003960998049BC0FB03960298109BC0FB12
:10D1F00000960898C0FB0B960698CDF8089080FB27
:10D200000EE90898C1FB00E949460598DDF81C9035
:10D21000C0FB09E10998DDF82890CAFB00E10398FA
:10D22000DDF84CA0C0FB09E10E98F14610EB000EB2
:10D230000F986D4110EB000B0C984041DB180393E5
:10D24000119B5241DB184CEB0C0CCDF81CC0DDF8E7
:10D2500048C006931CEB0C0C0D9B64411AEB0A0AA8
:10D260005B410493149BDB180593159B7F41DB18EE
:10D270000B93029B0A9748EB0808DB1876410C9346
:10D280000D9619EB09060E9649411EF1007645F1FF
:10D2900000070F91B10E41EA871111EB0B0106F067
:10D2A0007C4640EBA760BEEB060B65EB07050895D7
:10D2B0001CF1007544F10006AF0E049BDDF80CE094
:10D2C00047EA861717EB0A0705F07C4543EBA66390
:10D2D000BCEB050564EB060611F1807440F100001B
:10D2E0004FEA546C4CEAC01C1CEB0E0C04F07E445C
:10D2F00042EB6062091B099117F18071059CCDF822
:10D3000010C043F10003480E40EAC3100019059015
:10D310000A9801F07E4140EB636C791A0A910499F6
:10D3200011F10071029142F100028B0E069943EA5D
:10D3300082135B180799069341EBA26205990B9B38
:10D3400011F100714CF1000C880E039140EA8C1031
:10D350000699C01848EBAC6C11F1807A42F10003D9
:10D360004FEA5A6444EAC314641946EB636310F14C
:10D3700080790C9A0D9D4CF1000C4FEA596141EAFD
:10D38000CC11891845EB6C6C14F1007743F1000364
:10D3900011F100780E9D07934CF1000C4FEA986252
:10D3A00042EA8C1252190F9D45EBAC6C12F1807E53
:10D3B0004CF1000C4FEA5E65132345EACC15A5FB42
:10D3C00003654FEA6C6C03FB0C55089B16EB0B06D0
:10D3D00045EB030516F1007C019B0CF07C4B45F1FD
:10D3E0000005B6EB0B061E604FEA9C6C099B4CEAED
:10D3F000851C1CEB0305019B5D60029B03F07C45D3
:10D40000049B5D1B019B9D60069B0AF07E4AB3EB6B
:10D410000A05019BDD6007F07C45641B1C61079BCE
:10D42000059CBF0E47EA83170A9BFF18019B5F61AB
:10D43000039B03F07C43E31A09F07E49019C08F04A
:10D440007C480EF07E4EB0EB0900B1EB0801B2EB68
:10D450000E02A361E0612162626217B0BDE8F08F45
:10D460002DE9F04753684E688D68CC680F69F61A4D
:10D470009368ED1AD368A4EB030A13694C6AA7EB0F
:10D48000030C4F695369A7EB030E8F699369A7EBF0
:10D490000308CF69D369A7EB0309136A0F6A096808
:10D4A000FF1A536A1268E31A8A1AC0E90026C0E913
:10D4B000025AC0E904CEC0E90689C0E90873BDE894
:10D4C000F0870B462DE9F047D3E90892D1E9008EA9
:10D4D0004FF0130AD3E90476D3E906540AFB02F3AA
:10D4E000D1E902C103F1807308EB63630EEBA36320
:10D4F0000CEB636301EBA36307EB636306EBA363CE
:10D5000005EB636304EBA36309EB636302EBA363C3
:10D510005B160AFB03880EEBA86E0CEB6E6C01EB3E
:10D52000AC6107EB616706EBA76605EB666504EB8C
:10D53000A56428F07C4809EB646929F07C4302EB80
:10D54000A9624FEA28292EF07E4E80F801904FEA1A
:10D55000284980F802904FEA8E0980F8008049EA55
:10D56000186880F803804FEAAE182CF07C4C80F8E5
:10D5700004804FEAAE3880F805804FEACC0848EACC
:10D580009E5E80F806E04FEA6C1E21F07E4180F836
:10D5900007E04FEA6C3E80F808E04FEA411E4EEA91
:10D5A0005C5C80F809C04FEAE10C80F80AC04FEAE1
:10D5B000E12C80F80BC04FEA871C4CEAD141017383
:10D5C000C7F3970126F07E464173C7F38F2181731D
:10D5D000311225F07C45417431148174690041EAAF
:10D5E0001661C174E91124F07E440175C7F38747C1
:10D5F000E913C77306744175E10041EAD55181759D
:10D600006111C17561130176190141EA54514176E6
:10D61000191122F07E4281761913C176910141EAF7
:10D620001353037793104377931292148377C2773F
:10D63000BDE8F08700B589B001466846FFF741FFB5
:10D640009DF8000000F0010009B05DF804FB70B522
:10D6500004460D461646FEF796FC324605F12801B3
:10D6600004F12800FEF78FFC324605F1500104F169
:10D670005000BDE87040FEF786BC00002DE9F04781
:10D680000646D4B29EB0D70F06F1280A04EAE27229
:10D690008846A4EB420406F15009FEF736FC5046DA
:10D6A000E4B2FEF732FC4FF47075484605FB08F50E
:10D6B000FEF71FFCDFF8D88084F00102B2FA82F294
:10D6C00008EB050130465209FFF7C1FF84F0020262
:10D6D00005F17801B2FA82F2414430465209FFF76F
:10D6E000B6FF84F0030205F1F001B2FA82F2414480
:10D6F00030465209FFF7ABFF84F0040205F5B47120
:10D70000B2FA82F2414430465209FFF7A0FF84F09A
:10D71000050205F5F071B2FA82F241443046520931
:10D72000FFF795FF84F0060205F51671B2FA82F252
:10D73000414430465209FFF78AFF84F0070205F59D
:10D740003471B2FA82F2414430465209FFF77FFF4A
:10D7500084F0080205F55271B2FA82F2520941448E
:10D760003046FFF774FF51466846FEF715FD314617
:10D770000AA8FEF711FD494614A8FFF7B9F93A4681
:10D7800069463046FFF763FF1EB0BDE8F08700BF73
:10D79000D8AA02082DE9F043054601F128088BB00C
:10D7A00005F128060C4617460A464146FEF7BAFB25
:10D7B00022464146304605F15008FFF751FE3A46F1
:10D7C00029464046FEF707FE05F1780907F12802D1
:10D7D00031463046FEF7FFFD04F1780207F15001B3
:10D7E0004846FEF7F8FD04F1500211466846FEF780
:10D7F00099FB324641462846FFF732FE3246414603
:10D800003046FEF78FFB4A4669464046FEF78AFBE4
:10D810004A4669464846FFF723FE0BB0BDE8F08351
:10D82000F8B501F178070C4605463A4604F1500672
:10D83000FEF7D1FD324604F1280105F12800FEF77C
:10D84000CAFD3A46314605F15000BDE8F840FEF702
:10D85000C2BD2DE9F0410C4601F17808054642466B
:10D8600004F1280604F15007FEF7B5FD3A463146AB
:10D8700005F12800FEF7AFFD4246394605F150009C
:10D88000FEF7A9FD3246214605F17800BDE8F041DA
:10D89000FEF7A1BD2DE9F04304460E468BB004F11E
:10D8A000500506F12809FFF748F904F178084946C0
:10D8B0002846FFF742F904F1280706F150014046D7
:10D8C000FFF7BCFB4A4631463846FEF72BFB39468C
:10D8D0006846FFF732F9224629463846FEF722FB12
:10D8E000224629462846FFF7BBFD3A4669462046B0
:10D8F000FFF7B6FD2A4641464046FFF7B1FD0BB0A3
:10D90000BDE8F08310B50446FEF7F3FA04F12800F1
:10D91000FEF7FBFA04F15000FEF7F7FA04F1780085
:10D92000BDE81040FEF7E5BA38B504460D46FEF7EF
:10D9300033FC05F1280104F12800FEF72DFC05F168
:10D94000500104F15000BDE83840FEF725BC10B589
:10D950009EB004466846FFF7E7FF69462046FFF79A
:10D9600099FF1EB010BD30B59FB004460D46684605
:10D970005031FFF7BFFA6A4629460AA8FEF72BFD89
:10D980006A4605F1280114A8FEF725FD14A92046D2
:10D99000FFF797FD0AA8FFF74DFEE37F83EAC01368
:10D9A000E3771FB030BDF0B5F5B06A464D1E0446B2
:10D9B0001F311346164615F8010F00F00F078D4270
:10D9C0004FEA10101F70587003F10203F3D10025C5
:10D9D000294692F900300B44DBB203F1080141F310
:10D9E0000311C8B20135A3EB00133F2D02F8013B30
:10D9F000EFD196F83F30184486F83F002046FFF7F5
:10DA000081FF0125725769102EA8FFF737FE2EAA55
:10DA100021464CA8FFF7BEFE02354CA92046FFF771
:10DA200018FF412DEED121464CA8FFF790FF4CA9DD
:10DA300010A8FFF7F5FE10A94CA8FFF72BFF4CA983
:10DA400010A8FFF7EDFE10A94CA8FFF723FF4CA983
:10DA500010A8FFF7E5FE10A94CA8FFF71BFF4CA983
:10DA60002046FFF7F6FE0025725769102EA8FFF733
:10DA700005FE2EAA21464CA8FFF78CFE02354CA9C4
:10DA80002046FFF7E6FE402DEED175B0F0BD83785D
:10DA9000417802781B0443EA012343EA0200002193
:10DAA00070470068002170472DE9F04F9DB0834614
:10DAB000FFF7EDFFC0F314030BF102000B93FFF728
:10DAC000F0FFC0F354130BF105000C93FFF7DFFFD9
:10DAD000C0F394030BF107000D93FFF7E2FFC0F3CF
:10DAE000D4130BF10A000993FFF7DBFFC0F3141303
:10DAF0000BF10D000A93FFF7CAFFC0F354030BF1BB
:10DB00000F000E93FFF7CDFFC0F394130BF112003B
:10DB10000893FFF7BCFFC0F3D4030BF11500079384
:10DB2000FFF7B5FFC0F314030BF117000F93FFF7D6
:10DB3000B8FFC0F354130BF11A000593FFF7A7FFCA
:10DB4000C0F394030BF11C000693FFF7AAFFC0F388
:10DB5000D4160BF11F00FFF7A4FFC0F314170BF14D
:10DB60002200FFF794FFC0F354080BF12400FFF7E5
:10DB700098FFC0F394190BF12700FFF788FFC0F35B
:10DB8000D40A0BF12A00FFF782FFC0F314030BF154
:10DB90002C000393FFF785FFC0F354130BF12F0004
:10DBA0001093FFF774FFC0F394030BF1310001935E
:10DBB000FFF777FFC0F3D4130BF134000293FFF7A4
:10DBC00070FFC0F314140BF13700FFF760FFC0F3D0
:10DBD00054030BF13900FFF764FFC0F394120BF10B
:10DBE0003C00FFF75EFFDFF848E3C00840EA417001
:10DBF000CD08A0FB0EC11CEB060C0EFB051141F17C
:10DC000000011191CB498E46A0FB0161F6190EFB74
:10DC10000511C94F129641F100011391A0FB076154
:10DC200016EB0806DFF814831496C0F1000608FB13
:10DC3000056E07FB0511A0FB088741F1000118EBF9
:10DC40000909CDF854904EEB0709CDF85890DFF84C
:10DC5000F092A0FB09E709FB05771EEB0A0ACDF855
:10DC60005CA047F1000ACDF860A0DFF8D8A2039FBE
:10DC7000DFF8BCE20AFB0566A0FB0A05C0190390A9
:10DC800046EB050004900698119DA2FB0E7A3F1802
:10DC9000A848A2FB00694AF1000A16EB0C06DFF85F
:10DCA00098C2129845EB0909A2FB0C582818139D3D
:10DCB0000690A24845EB0808149DA2FB000E4019EF
:10DCC000AEEB020E4EEB010E9D49159DA2FB01C16C
:10DCD0001CEB05051195169D45EB01011291994923
:10DCE000944DA2FB01C1891A179A1CEB02021392F0
:10DCF000189A41EB020214928D4AA3FB021C059A6A
:10DD00008918A3FB05254CF1000CD2194AEB050735
:10DD1000DFF824A2A3FB0AA51AEB060A49EB0505C6
:10DD2000864E1595069DA3FB069619EB0505A6EBF9
:10DD3000030646EB0806DFF80882A3FB088918EB08
:10DD400000084EEB090016907E48A3FB00E0C01AC5
:10DD5000119B1EEB03030593129BDFF8D4E140EB0C
:10DD6000030306930F9BA4FB0E0EC018714BA4FB7C
:10DD700003934EF1000E19EB0101DFF8BC914CEB5F
:10DD8000030CA4FB09399B1847EB09070F976B4F4E
:10DD9000A4FB077917EB0A07DDF854A0A9EB0409E7
:10DDA00049EB0A09DFF898A1A4FB0A2A5219654D2C
:10DDB000119246EB0A0AA4FB05652D1B16EB08041D
:10DDC0001294169C5A4A45EB04041594029C079E33
:10DDD000DDF80880A4FB0245A419564E029AA8FB60
:10DDE000068645F1000518EB00004EEB0606DFF84D
:10DDF0004881DDF808E0AEFB08E81EEB010E4CEBB5
:10DE0000080C4E49DDF80880A8FB0118C9180F9BC3
:10DE1000A8EB020848EB0308494BA2FB0323D719E0
:10DE200049EB0309474A029BA3FB02230F92029A84
:10DE30009B1A07930F9A119BD218079B029243EBF0
:10DE40000A0ACDF81CA03A4ADDF804A0AAFB02A3F6
:10DE5000089A1AEB020A43F100030893019A354B22
:10DE6000A2FB0323121945EB0305334C019B0F92D0
:10DE7000A3FB0423121846EB03063048019B019CC8
:10DE8000A3FB000310EB0E00DFF8B4E0A3EB0403E8
:10DE900043EB0C0CA4FB0E3E5B1848EB0E01A046B6
:10DEA000284CA8FB048E019C18EB0707AEEB040E70
:10DEB000DDF8208011974EEB09091AF580170F9CA9
:10DEC00048F100084FEA575E4EEAC82E1EEB040EDA
:10DED0004FEA575745F100057F050195BAEB070555
:10DEE0000F95089D65EB080512F5801446F10007B3
:10DEF0001695650D45EAC725640D2D184FEA445463
:10DF00004CF1000C101B179066EB070613F5801000
:10DF100041F100041896420D119E42EAC422400DC0
:10DF200092194FEA405049EB64571E1A0CE000BFAB
:10DF3000132C0A00182D070067FB090053C6F0FFD9
:10DF4000D11502008390F5FF61EB0401199102994C
:10DF5000119611F580100799029E41F10004430DBE
:10DF6000129943EAC4235B184FEA5050159908935D
:10DF70004FEA405041EB6451361A0296079E139BBC
:10DF800066EB04061296059E16F58010069E46F175
:10DF90000004460D46EAC42616EB030A149E109BA5
:10DFA00046EB64560796400D059E4005361A0596C9
:10DFB000069E66EB04060696039E16F58014049EE4
:10DFC0004FEA545046F1000840EAC820C0184FEA12
:10DFD0005454039B4FEA68564FEA445446F10006F6
:10DFE0001B1B1093049B63EB08031393019B1EF50B
:10DFF000801443F100094FEA5458179B48EAC92896
:10E0000018EB03031493189B4FEA545443F1000395
:10E0100064051593BEEB04031793019B63EB090999
:10E0200015F580144CF10008119B4FEA545E4EEA3E
:10E03000C82E1EEB030311934FEA5454199B4FEA69
:10E04000445443EB68532D1B19956CEB080512F5EE
:10E05000801418931A95029B47F100054FEA545C0F
:10E060004CEAC52C1CEB03030193129B4FEA54545A
:10E0700043EB655364050493131B1293089B67EBF2
:10E0800005051B9513F5801541F10004059B069FBE
:10E090006A0D42EAC422D31802934FEA5555089BF1
:10E0A000D14A4FEA455547EB64575D1B61EB0401CC
:10E0B0000691079903951AF5801341F10004109D0C
:10E0C0000597590D41EAC42149194FEA5353139D4D
:10E0D000079F4FEA435345EB6455BAEB0303DFF860
:10E0E0000CA367EB0404A0FB027EA0FB0A8C02FBDE
:10E0F00006EE0E9A0AFB06CCDDF83CA0BF184EF1E6
:10E10000000E18EB0A08CDF83880DDF858804CEB8B
:10E11000080CCDF83CC0DFF8D8C2E246A0FB0C8C5E
:10E120000AFB06CCDDF85CA018EB0A084CEB090CE6
:10E13000DFF8C092CDF84CC0C0F1000CCDF84080A3
:10E1400009FB06C8A0FB099AD044DDF850A019EBE2
:10E150000A0ADDF8549048EB0908CDF85080DFF842
:10E1600098824246A0FB089802FB0688199A19EB90
:10E1700002091A9A48EB0208A04A02FB06CCA0FB4F
:10E180000206119A821818980792B4444CEB000CBE
:10E19000954ACDF820C0DDF828C0A1FB026016EB3F
:10E1A0000C0C02FB050040F100000A908F4802466B
:10E1B000A1FB006002FB0500F21940EB0E00DFF846
:10E1C00030E211920E9A1590A1FB0E60B2180E92D9
:10E1D000884E0F9A0EFB050040EB0202374648427C
:10E1E000A1FB077E06FB05067644DDF840E00F92B2
:10E1F000139A17EB0E0E46EB02027F4E1092324638
:10E20000A1FB067602FB0566149A17EB0A0A46EB99
:10E2100002027A4E139206FB0500734A734FA1FB6C
:10E220000615284411EB09051495A3FB025602FBC1
:10E230000466099A40EB08001690AD18A3FB07018D
:10E24000DFF8AC81119A46F1000610EB0C00DDF806
:10E2500028C007FB041141EB0C0CA3FB0871BA1892
:10E260001192159A08FB041141EB020261491592C3
:10E270005F420E9A01FB0479A3FB0118C844DDF844
:10E280003C90891848EB0909CDF83890DFF868917F
:10E290004A46A3FB099819EB0E09DDF840E002FBA2
:10E2A000048848EB0E0ECDF83CE0DFF850E1029A0E
:10E2B000DFF83C810EFB0477A3FB0E34274413EBFD
:10E2C0000A04139B099447EB03030A93464B059CEE
:10E2D000DDF814A0A2FB037E03FB04EE0D9B434A72
:10E2E000FF18029BA3FB02434EF1000E02FB0A3310
:10E2F000641943EB06030D93029B029EA3FB085394
:10E300002A1808FB0A3343EB0C0A029B059810926B
:10E31000DFF8E0C0029ADDF854805B420CFB003568
:10E32000A2FB0C0C119AAC44334D80184CEB080C3A
:10E330002A46A6FB0585059E02FB06550E9E029AFF
:10E3400018EB010145EB0608059E2C4D05FB063335
:10E35000A2FB052512EB09060F9A05962B4443EB09
:10E360000203039E0E93204BA6FB0392069E03FB23
:10E3700006220C9E19EB060942F100030C931B4A7E
:10E38000039EA6FB0235069EDB1902FB0655184FBD
:10E39000039E45EB0E053A46A6FB07E7069E02FBE9
:10E3A00006770D9A1EEB040647EB02040D94039CBE
:10E3B000039F0F96DDF818E0109A66420D4C04FB9F
:10E3C0000E6EA7FB0447A418774447EB0A02DFF858
:10E3D00028E0039FDDF818A010927246A7FB0EE715
:10E3E00002FB0A770CE000BF132C0A00182D07006F
:10E3F00067FB090053C6F0FFD11502008390F5FFBB
:10E400001EEB000ECDF844E047EB0C0ECDF84CE0CF
:10E41000DFF824C3DDF80CE00CFB0A66AEFB0C074A
:10E4200042183E4446EB080102920391C34A019907
:10E43000049EC348C34FA1FB021C02FB06CC019EF5
:10E440000B9AA6FB00E8049E891800FB06880C9A2C
:10E45000019E4CF1000C1EEB090EDDF8109048EB0C
:10E460000208A6FB0726D21807FB0966DDF8049010
:10E47000049F46EB0506B44DC9F1000905FB07935F
:10E48000019FA7FB057018440F9BFF180D9B40EBE5
:10E4900003030693019DAD4BDDF810A01846A5FBC4
:10E4A00003351B1900FB0A555446DFF88CA210985F
:10E4B0000AFB0499019CA4FB0AA44C44DDF8449097
:10E4C00045EB000513981AEB090944EB000404948A
:10E4D00011F58014CDF804904CF1000A4FEA54591C
:10E4E00049EACA29640D19EB0E0E4FEA445448EB71
:10E4F0006A58B1EB04096CEB0A0C12F58014CDF8E4
:10E5000030C04FEA545146F1000C0698CDF82C90DB
:10E5100041EACC21640DC9194FEA445440EB6C50D8
:10E52000B2EB040966EB0C0613F58012019F0D9601
:10E530004FEA525445F10006DDF810C0CDF81890AE
:10E5400044EAC624520DE4194FEA42524CEB665C91
:10E55000B3EB020965EB06060F96029ECDF810900C
:10E5600016F58013039E149F46F100055A0D059E73
:10E5700042EAC52292190E9E4FEA535346EB655963
:10E58000029E5B05F61A0596039E66EB05060E963F
:10E59000099E16F580130A9E46F100055E0D46EAB7
:10E5A000C526F6190196169E46EB655602965B0D3A
:10E5B000099E5B05F61A09960A9E129FDDF81CA0BB
:10E5C00066EB05060A96079E16F58015089E4FEA2B
:10E5D000555346F1000643EAC623DB194FEA555569
:10E5E0001B9F03934FEA455547EB6657BAEB05056A
:10E5F0000795089D069B65EB06061EF5801548F1FC
:10E60000000A08966E0D46EACA26F61806960D9E72
:10E61000049B4FEA555546EB6A566D050D96BEEBC9
:10E62000050668EB0A0811F5801540F1000E1096FA
:10E630006E0D46EACE26F3180F9E04934FEA555509
:10E6400046EB6E566D050F964E1B119660EB0E064F
:10E6500014F580114CF10005059B1296480D0E9E95
:10E6600040EAC520C3184FEA515146EB65564905AB
:10E670000E96661A13966CEB050612F5801149F199
:10E6800000040593480D099B149640EAC4200A9E95
:10E69000C3184FEA515146EB645649050A96561A7B
:10E6A0001593169669EB04061796019E079BDDF8F5
:10E6B0004090254C16F58012029E4FEA525146F1C9
:10E6C000000041EAC021089ECB1846EB605619961F
:10E6D000520D019E18935205B61A039B0196029E95
:10E6E00066EB000613F580114FEA51524FEA515183
:10E6F0004FEA415147F1000002965E1A0F4B1A96FD
:10E7000042EAC02267EB00064FEA605E1B96A2FB5E
:10E71000036703FB0E770B9B09490A48F6180C9B0D
:10E7200047EB0307A2FB01C31CEB090C01FB0E33F3
:10E73000069943EB08030BE08390F5FF132C0A00C6
:10E74000182D070067FB090053C6F0FFD115020022
:10E75000A2FB0059DDF8348003936D1800FB0E997D
:10E76000C2F1000A04FB0EA149EB0809A2FB044810
:10E7700088441199E74B6418129948EB0108A2FBF1
:10E78000030103FB0E11049BC0180F9B41EB030117
:10E79000E14B03FB0EAAA2FB03E25244DDF84CA0BE
:10E7A000149B1EEB0A0E4FEA565A42EB03024AEA4A
:10E7B000C72A039B1AEB0C0AC6F3140643EB6753F4
:10E7C00009964FEA5A5646EAC326761949EB63532F
:10E7D000750D45EAC3252D1948EB63536C0D44EACA
:10E7E000C324241841EB6351600D40EAC12010EBB3
:10E7F0000E0042EB6153C4F3140C059ACDF820C00F
:10E80000440DDDF838C044EAC324A4184CEB63532C
:10E81000C0F3140CCDF81CC0600D169ADDF85CC076
:10E8200040EAC32080184CEB6353159AC4F3140CD0
:10E83000410DCDF818C041EAC321DDF828C0891880
:10E840004CEB6353019AC0F3140C480DCDF814C07F
:10E8500040EAC320DDF808C080184CEB6353189AD7
:10E86000C1F3140C410DCDF810C041EAC321DDF80D
:10E8700064C089184CEB63534A0DC0F3140C1A980A
:10E88000CDF80CC042EAC322DDF86CC012184CEB84
:10E890006353C1F3140CCDF808C0510DC2F3140C2E
:10E8A0009E4ACDF804C041EAC321A1FB024C5B158E
:10E8B00002FB03CC099AA418994AA1FB02E002FBCF
:10E8C0000300984ACAF314074CF1000C1EEB070E24
:10E8D000A1FB027802FB0388934AC1F10009C6F349
:10E8E000140602FB039AC5F3140540F10000BF199A
:10E8F000A1FB022648F1000852190992854A4AEB09
:10E90000060AA1FB026502FB0355089AB618824A63
:10E9100002FB0399A1FB0213079A45F10005891830
:10E9200049EB03034FEA545949EACC2919EB0E0984
:10E9300040EB6C504FEA595C4CEAC02C1CEB070CC6
:10E94000099A48EB60504FEA5C5E4EEAC02E1EEB1F
:10E95000020E4AEB60504FEA5E5242EAC02296191C
:10E9600045EB6055720D42EAC522521843EB6553E0
:10E9700006990598550D45EAC3256D184FEA63536E
:10E9800043F10003690D41EAC32109184FEA6353BB
:10E99000049843F100034FEA515A4AEAC32A1AEB9A
:10E9A000000A4FEA635343F100034FEA5A504FEA1B
:10E9B000635840EAC320039BC018C9F3140748F109
:10E9C00000034FEA5059DDF8088049EAC32919EBE2
:10E9D00008094FEA635343F100034FEA595848EAE4
:10E9E000C328019BC4F3140418EB0308C9F31403F0
:10E9F0004FEA14298BF801904FEA47198BF8004031
:10EA000049EA14448BF80240FC08CCF3140C8BF850
:10EA10000340FC0A8BF804404FEA8C0444EAD744D4
:10EA20008BF80540CEF3140E4FEA9C148BF8064089
:10EA30004FEACE1444EA9C348BF807404FEA5E0458
:10EA4000C6F314068BF808404FEA5E248BF80940A1
:10EA5000340144EA5E448BF80A403409C2F31402DC
:10EA60008BF80B40340B8BF80C40941844EA165486
:10EA7000C5F314058BF80D40D4098BF80E40AC019A
:10EA800044EAD2328BF80F20AA08C1F314018BF8A4
:10EA90001020AA0A8BF81120CA0042EA9542CAF354
:10EAA000140A8BF812204A09C0F314008BF81320C3
:10EAB0004FEA1A228BF81620420142EA1A428BF8DA
:10EAC0001720C2088BF81820C20A8BF819209A0068
:10EAD00042EAD0424FEAC81949EA93398BF81A2022
:10EAE0009A094FEA5803490B8BF81D304FEA582317
:10EAF0004FEA58488BF814108BF815A08BF81B20A0
:10EB00008BF81C908BF81E308BF81F801DB0BDE871
:10EB1000F08F00BFD11502008390F5FF132C0A007F
:10EB2000182D070067FB090053C6F0FF2DE9F04FD1
:10EB3000B9B09146019008469B460D46FEF7A7FFE7
:10EB4000C0F31408A81CFEF7ACFFC0F35416681DF0
:10EB5000FEF79DFFC0F39404E81DFEF7A2FFC0F38B
:10EB6000D41305F10A000293FEF79BFFC0F31413C0
:10EB700005F10D000393FEF78AFFC0F3540305F17E
:10EB80000F000493FEF78DFFC0F3941305F11200FC
:10EB90000593FEF77CFFC0F3D40305F1150006933F
:10EBA000FEF775FFC0F3140305F117000793FEF796
:10EBB00078FFC0F3541305F11A000893FEF767FFBE
:10EBC000C0F3940305F11C000993FEF76AFFCB091B
:10EBD0004FEAD01A48464AEA416A1393FEF757FFB4
:10EBE000C0F3140709F10200FEF75BFFC0F35415F0
:10EBF00009F10500FEF74BFFC0F3940309F107008C
:10EC00000A93FEF74EFFC0F3D41309F10A000B93E9
:10EC1000FEF747FFC0F3141309F10D000C93FEF744
:10EC200036FFC0F3540309F10F000D93FEF739FFCF
:10EC3000C0F3941309F112000E93FEF728FFC0F3FE
:10EC4000D40309F115000F93FEF721FFC0F314035D
:10EC500009F117001093FEF724FFC0F3541309F1D4
:10EC60001A001193FEF713FFC0F3940309F11C007F
:10EC70001293FEF716FFCB094FEAD019584649EA1E
:10EC800041691493FEF703FF15900BF10200FEF7A4
:10EC900008FF18900BF10500FEF7F9FE17900BF135
:10ECA0000700FEF7FEFE19900BF10A00FEF7F9FED1
:10ECB0001A900BF10D00FEF7EAFE1B900BF10F000E
:10ECC000FEF7EFFE1C900BF11200FEF7E0FE1D9028
:10ECD0000BF11500FEF7DBFE1E900BF11700FEF79F
:10ECE000E0FE1F900BF11A00FEF7D1FE20900BF111
:10ECF0001C00FEF7D6FE159A8C468646C2F3140217
:10ED0000A8FB07108B18159340F100031693189B6E
:10ED1000A8FB0512C3F354135B18A6FB071042F1BE
:10ED200000025B18239342EB00032493179BC3F369
:10ED300094010A9BA8FB03238818A6FB051243F144
:10ED40000003401843EB0203A4FB0721821843EBA6
:10ED500001031893199B1792C3F3D4110B9BA8FBC3
:10ED6000032388180A9AA6FB021243F100034018F5
:10ED700043EB0203A4FB0512401843EB0203029A83
:10ED8000A2FB0721821843EB0103259226930C9ADC
:10ED90001A9BA8FB0212C3F314135B180B99A6FB72
:10EDA000010142F100021B1842EB01020A99A4FB87
:10EDB00001011B1842EB01020299A1FB05011B187E
:10EDC00042EB01020399A1FB071013EB010B42EB8D
:10EDD000000319930D9A1B9BA8FB0212C3F3540363
:10EDE0005B180C99A6FB010142F100021B1842EBD3
:10EDF00001020B99A4FB01011B1842EB01020299CD
:10EE00000A98A1FB00011B1842EB01020399A1FB28
:10EE100005011B1842EB01020499A1FB07105B18C6
:10EE2000279342EB000328930E9A1C9BA8FB021227
:10EE3000C3F394135B180D99A6FB010142F1000284
:10EE40001B1842EB01020C99A4FB01011B1842EBB9
:10EE500001020B980299A1FB00011B1842EB010271
:10EE60000A980399A1FB00011B1842EB01020499C7
:10EE7000A1FB05011B1842EB01020599A1FB07103C
:10EE80005B181A9342EB00031B930F9A1D9BA8FB80
:10EE90000212C3F3D4035B180E99A6FB010142F1E1
:10EEA00000021B1842EB01020D99A4FB01011B1883
:10EEB00042EB01020C980299A1FB00011B1842EBE6
:10EEC00001020B980399A1FB00011B1842EB010200
:10EED0000A980499A1FB00011B1842EB0102059955
:10EEE000A1FB05011B1842EB01020699A1FB0710CB
:10EEF0005B18299342EB00032A93109B1E99A8FBF1
:10EF00000332C1F314015B180F99A6FB010142F112
:10EF100000021B1842EB01020E99A4FB01011B1811
:10EF200042EB01020D980299A1FB00011B1842EB74
:10EF300001020C980399A1FB00011B1842EB01028E
:10EF40000B980499A1FB00011B1842EB01020A98DF
:10EF50000599A1FB00011B1842EB01020699A1FBD8
:10EF600005011B1842EB01020799A1FB07105B1872
:10EF70001C9342EB00031D93119A1F9BA8FB0212E6
:10EF8000C3F354135B181099A6FB010142F1000270
:10EF90001B1842EB01020F99A4FB01011B1842EB65
:10EFA00001020E980299A1FB00011B1842EB01021D
:10EFB0000D980399A1FB00011B1842EB01020C986C
:10EFC0000499A1FB00011B1842EB01020B98059963
:10EFD000A1FB00011B1842EB01020A980699A1FB54
:10EFE00000011B1842EB01020799A1FB05011B1848
:10EFF00042EB01020899A1FB07105B182B9342EB2F
:10F0000000032C93129A209BA8FB0212C3F39403D3
:10F010005B181199A6FB010142F100021B1842EB9B
:10F0200001021099A4FB01011B1842EB01020F9889
:10F030000299A1FB00011B1842EB01020E980399F3
:10F04000A1FB00011B1842EB01020D980499A1FBE2
:10F0500000011B1842EB01020C980599A1FB00016D
:10F060001B1842EB01020B980699A1FB00011B182B
:10F0700042EB01020A980799A1FB00011B1842EB21
:10F0800001020899A1FB05011B1842EB0102099935
:10F09000A1FB07105B181E93149942EB00034FEA83
:10F0A000DE1E1F934EEA4C6EA8FB092308FB0133BA
:10F0B00012EB0E0E43EBDC12129BA6FB03311EEB90
:10F0C000030342EB01021199A4FB01011B1842EB5F
:10F0D000010210980299A1FB00011B1842EB0102EA
:10F0E0000F980399A1FB00011B1842EB01020E9837
:10F0F0000499A1FB00011B1842EB01020D98059930
:10F10000A1FB00011B1842EB010206990C98DDF8E7
:10F110004CC0A1FB00011B1842EB01020B980799A0
:10F12000A1FB00011B1842EB01020A980899A1FB00
:10F1300000011B1842EB01020999A1FB05011B18F4
:10F1400042EB0102AAFB07011B1807FB0C1141EB64
:10F15000020C14992D93A6FB093206FB0122129989
:10F16000139EA4FB01011B1842EB010211980299A6
:10F17000A1FB00011B1842EB010210980399A1FBAF
:10F1800000011B1842EB01020F980499A1FB00013A
:10F190001B1842EB01020E980599A1FB00011B18F8
:10F1A00042EB01020D980699A1FB00011B1842EBEE
:10F1B00001020C980799A1FB00011B1842EB010208
:10F1C0000B980899A1FB00011B1842EB0102DDE935
:10F1D0000910A1FB00011B1842EB0102AAFB05016B
:10F1E00005FB06111B18209341EB02031499219390
:10F1F000A4FB093204FB0122029912980A9DA1FB8B
:10F2000000011B1842EB010211980399A1FB0001B8
:10F210001B1842EB010210980499A1FB00011B1876
:10F2200042EB01020F980599A1FB00011B1842EB6C
:10F2300001020E980699A1FB00011B1842EB010286
:10F240000D980799A1FB00011B1842EB01020C98D5
:10F250000899A1FB00011B1842EB01020B980999C8
:10F26000A1FB00011B1842EB01020A99AAFB010154
:10F2700005FB06111B182E9341EB02032F93029BF3
:10F2800014990298A3FB093200FB012203991298FA
:10F29000A1FB00011B1842EB010211980499A1FB8C
:10F2A00000011B1842EB010210980599A1FB000117
:10F2B0001B1842EB01020F980699A1FB00011B18D5
:10F2C00042EB01020E980799A1FB00011B1842EBCB
:10F2D000010208990D980B9DA1FB00011B1842EB40
:10F2E00001020C980999A1FB00011B1842EB0102D5
:10F2F0000B99AAFB010105FB06111B18029341EBB8
:10F3000002030A93039B149903980C9DA3FB0932F3
:10F3100000FB012204991298A1FB00011B1842EB8B
:10F32000010211980599A1FB00011B1842EB010293
:10F3300010980699A1FB00011B1842EB01020F98DF
:10F340000799A1FB00011B1842EB01020E980899D6
:10F35000A1FB00011B1842EB01020D980999A1FBCA
:10F3600000011B1842EB01020C99AAFB010105FBED
:10F3700006111B18309341EB02033193049B14993F
:10F380000498A3FB093200FB012205991298A1FB06
:10F3900000011B1842EB0102069911980D9DA1FB7B
:10F3A00000011B1842EB010210980799A1FB000114
:10F3B0001B1842EB01020F980899A1FB00011B18D2
:10F3C00042EB01020E980999A1FB00011B1842EBC8
:10F3D00001020D99AAFB010105FB06111B180393FD
:10F3E00041EB02030493059B149905980E9DA3FB22
:10F3F000093200FB012206991298A1FB00011B189B
:10F4000042EB010211980799A1FB00011B1842EB86
:10F41000010210980899A1FB00011B1842EB0102A0
:10F420000F980999A1FB00011B1842EB01020E99EC
:10F43000AAFB010105FB06111B18329341EB0203E5
:10F440003393069B14990698A3FB093200FB012213
:10F4500007991298A1FB00011B1842EB01020899C1
:10F4600011980F9DA1FB00011B1842EB010210989F
:10F470000999A1FB00011B1842EB01020F99AAFB9D
:10F48000010105FB06111B18059341EB02030693CE
:10F49000079B149A0798109DA3FB091300FB0233E6
:10F4A000089A1298A2FB0002091843EB0203119874
:10F4B000099AA2FB0002091843EB0203109AAAFB67
:10F4C0000202091805FB062242EB03033593089B51
:10F4D000089834911499A3FB092300FB013309997F
:10F4E0001298A1FB0001121843EB01033446119955
:10F4F0002046119CAAFB0116521804FB006646EB3D
:10F500000306099B099CA3FB0901149BDDE9127505
:10F5100004FB0311129BAAFB0343001907FB0533ED
:10F5200041EB030336903793149B16980AFB03F3C1
:10F53000AAFB097E09FB053303EB0E012291159905
:10F54000239D11F5801140F100004C0D44EAC024C8
:10F5500064190794249C4FEA515144EB6059159C5F
:10F560004905611A23911699259C61EB00011691BA
:10F570001799189811F5801140F10005480D40EADF
:10F58000C5200019269C4FEA515144EB6558179C41
:10F590004905611A17911899279C61EB050118918B
:10F5A00019991BF5801541F1000A690D41EACA213C
:10F5B0000919289C4FEA555544EB6A546D05089487
:10F5C000BBEB05042494199C64EB0A0419941A9C5F
:10F5D00014F580151B9C4FEA555B44F1000A299CE9
:10F5E0004BEACA2B1BEB040409942A9C44EB6A5493
:10F5F0000B946D0D1A9C6D05641B1A941B9C64EB97
:10F600000A041B941C9C14F580151D9C4FEA555A46
:10F6100044F1000B2B9C4AEACB2A1AEB04040C940D
:10F620002C9C44EB6B540D946D0D1C9C6D05641B60
:10F630001C941D9C64EB0B041D941E9C14F58015FA
:10F640001F9C4FEA555A44F1000B2D9C4AEACB2AE5
:10F650001AEB04040E944FEA55551E9C4FEA45558B
:10F660004CEB6B5C641B1E941F9C64EB0B041F949F
:10F67000209C14F58015219C4FEA555A44F1000B4B
:10F680002E9C4AEACB2A1AEB04040F942F9C44EBDD
:10F690006B5410946D0D209C6D05641B2094219C6F
:10F6A00064EB0B042194029C14F580150A9C4FEA2C
:10F6B000555A44F1000B309C4AEACB2A1AEB040459
:10F6C0001194319C44EB6B5412946D0D029C6D05AA
:10F6D000641B02940A9C64EB0B042594039C14F5B0
:10F6E0008015049C4FEA555A44F1000B329C4AEABB
:10F6F000CB2A1AEB04040A94339C44EB6B54139406
:10F700006D0D039C6D05641B0394049C64EB0B045A
:10F710002694059C14F58015069C4FEA555A44F131
:10F72000000B349C4AEACB2A1AEB04040494359C5F
:10F7300044EB6B5414946D0D059C6D05641B05948E
:10F74000069C64EB0B0412F5801546F1000B069441
:10F750004FEA555A369C4AEACB2A1AEB040A4FEA7A
:10F760005555379C4FEA455544EB6B54521B159445
:10F7700066EB0B06279217F580124FEA525B4FEAB1
:10F7800052524FEA425243EB0E03BF1A229A179C81
:10F790004BEAC32B4FEA635E62EB03032293079BA2
:10F7A00013F5801349F100055A0D42EAC5221219DA
:10F7B0001792189A42EB655218925B0D079A5B05F7
:10F7C000D31A289369EB0503299310F5801348F1A8
:10F7D0000004249D5A0D42EAC422521924924FEA91
:10F7E0005353199A4FEA435342EB6452C31A199286
:10F7F0002A93089A68EB04032B9311F5801342F1C6
:10F8000000001A9C5A0D42EAC02212191A924FEABD
:10F8100053531B9A4FEA435342EB6052CB1A2C933B
:10F82000089B1B9263EB00032D93099B0B9A1C987A
:10F8300013F5801342F100015A0D42EAC122121859
:10F840001C921D9A42EB61521D925B0D099A5B0559
:10F85000D31A2E930B9B0D9A1E9863EB01032F93E3
:10F860000C9B13F5801342F100015A0D42EAC122AC
:10F8700012180B921F9A209842EB61521E925B0D58
:10F880000C9A5B05D31A0C930D9B63EB01030D934C
:10F890000E9B13F580124CF10003510D41EAC32178
:10F8A00011EB00092199029841EB63510891520D27
:10F8B0000E9952058A1A6CEB030C0F9B099213F5F3
:10F8C0008012109B4FEA525143F1000341EAC321D9
:10F8D00009180E912599039841EB63511F91520D20
:10F8E0000F9952058A1A0F92109A62EB0303109334
:10F8F000119B13F58012129B4FEA525143F1000302
:10F9000041EAC321091820912699059841EB6351DA
:10F910002191520D119952058A1A1192129A62EB95
:10F92000030312930A9B139A13F5801342F100020A
:10F93000590D41EAC221091802910699279841EB15
:10F94000625105915B0D0A995B05CB1A2593139BB8
:10F9500063EB02031393049B13F58011149B4FEA8E
:10F96000515243F1000342EAC3221218039246EBBC
:10F9700063520692490D049A099E4905521A04924F
:10F98000149A62EB0303159A07931AF5801342F158
:10F9900000015C0D229A44EAC124E4194FEA535352
:10F9A00042EB61585B05159ABAEB030362EB010168
:10F9B000D34AABFB0250AF1902FB0E00D14E40EB15
:10F9C0000C000A90DDF820C0ABFB065015EB0909CE
:10F9D00006FB0E0040EB0C0ADFF82CC30F9EABFBBE
:10F9E0000C50AD190F95109D0E9A0CFB0E0040EBBC
:10F9F00005001090C548CBF1000500FB0E5CABFB89
:10FA00000060B6181F9A0E96604440EB0202DFF8C1
:10FA100000C31492119AABFB0C60B2181192129AA7
:10FA2000BC4E0CFB0E0040EB02021292209A06FB29
:10FA30000E55ABFB060682180892219ADFF8C8B271
:10FA4000354445EB02020992AD4A1E9DA4FB026EAD
:10FA500002FB08EE0B9AB6184EEB050EA94D0F9A55
:10FA6000A4FB050C05FB08CC0A9DC0194CEB050C4A
:10FA7000A4FB0B7517EB09070BFB08550A97A34F5F
:10FA8000DDF840B045EB0A0A654207FB0859CDF89E
:10FA90002CA0A4FB077ACA44DFF87492BF184AEB83
:10FAA0000B0A4A46A4FB09B902FB08990E9A1BEB04
:10FAB000020B149A49EB0209CDF83890DFF8549202
:10FAC000119A09FB0855A4FB0948A2180F92129A33
:10FAD0008C4C454445EB02021092894ADDF8348093
:10FAE000A3FB025902FB01990C9AAD1849EB0809D6
:10FAF0002246A3FB0448A419834E02FB018848EB6D
:10FB00000E083246A3FB06E61EEB000E02FB016662
:10FB100046EB0C067D480D965E4200FB016CCDF86D
:10FB200030E00A9AA3FB000EE644DDF82CC08018F2
:10FB30004EEB0C02DFF8D8C111926246A3FB0CEC2D
:10FB400002FB01CC7246D7194CEB0A0CDFF8C4A1BA
:10FB5000039A0AFB0166A3FB0A3113EB0B0E0E9B03
:10FB6000CDF828E00E4446EB03030B93644BDDF81D
:10FB700018E0DFF894B1A2FB036A03FB0EAA1C9BFA
:10FB8000DDF874E05F4AF618039B4AEB0E0ADDF8D5
:10FB900018E0A3FB021302FB0E334D1943EB0909D6
:10FBA000039BA3FB0B130A190BFB0E3343EB080E4D
:10FBB000039B0E92CDF848E0039ADDF818E0534914
:10FBC0005B4201FB0E34A2FB01180C9ADDF834E015
:10FBD0008918A0444E4A039C48EB0E08DDF818E053
:10FBE000A4FB02B402FB0E44119A1BEB000B44EB86
:10FBF000020E4848069C039A00FB0433A2FB002037
:10FC0000D219034443EB0C070C973D4B049F079814
:10FC10000692A7FB037203FB00222E9B0498394C2B
:10FC2000FF182F9BDDF81CC042EB0302A0FB043041
:10FC30009B1904FB0C00049EDFF8CCC00D9340EB35
:10FC40000A00DDF81CA00E9BA6FB0C6475190CFBCA
:10FC50000A4444EB0909049C2C4E1195654206FBAD
:10FC60000A5CCDF85090A146A4FB0646E418129B0E
:10FC7000DFF89CA0664446EB0306079BA9FB0A9CA1
:10FC80000AFB03CC19EB01034CEB0808CDF84880C4
:10FC90002049DDF81C800E9301FB0855DDF810802B
:10FCA000174BA8FB011C11EB0B08654445EB0E0E2E
:10FCB000CDF810E0DDF808E0CDF80C80DDF8148018
:10FCC000104DDDF814B0DFF840C0AEFB031E03FB9F
:10FCD00008EE1A9BDDF86C80C9184EEB080EDDF8B3
:10FCE00008800D9BA8FB058918EB0708029F05FB00
:10FCF0000B9949EB0209A7FB0C27D2180CE000BFB7
:10FD0000132C0A00182D070067FB090053C6F0FFEB
:10FD1000D11502008390F5FF0CFB0B77DDF808B0DE
:10FD2000029D059B47EB0007DF48CBF1000B00FB72
:10FD300003B3A5FB00C01844119B1CEB030C149BE0
:10FD400040EB030307935046A5FB0A35DDF814A0EA
:10FD50001B1900FB0A5545EB0605D44E06FB0ABBF2
:10FD6000DDF808A00E98AAFB0664361812985C44C9
:10FD700044EB0004029411F580144EF1000B4FEA9D
:10FD8000545A4AEACB2A640D1AEB08084FEA445445
:10FD900049EB6B59091B0D916EEB0B010E9112F59E
:10FDA000801147F100044FEA515E0798DDF80CB06E
:10FDB0004EEAC42E490D1EEB0C0C4FEA415140EBAC
:10FDC0006450511A059167EB0401079113F58011F6
:10FDD00045F100044A0D029F42EAC422490D9219DE
:10FDE0004FEA415147EB645E591A119165EB0401EA
:10FDF00012910399069D0C9F0F9E11F58013049993
:10FE000041F10004590D41EAC4215B0D49194FEA43
:10FE1000435347EB6457BBEB030BCDF80CB0DDF855
:10FE200010B06BEB040BCDF810B0DDF828B01BF56B
:10FE30008014DDF82CB04FEA54534BF1000543EA2F
:10FE4000C523DDF840B09B194BEB655BCDF830B0B6
:10FE5000640DDDF828B0259E6405BBEB040BCDF8DE
:10FE600028B0DDF82CB06BEB050BCDF82CB0DDF82D
:10FE700020B01BF58015DDF824B04FEA55544BF146
:10FE8000000A44EACA24A4190294DDF84CB0059C87
:10FE90004BEB6A566D0DDDF820B06D05BBEB050B25
:10FEA000CDF83CB0DDF824B06BEB0A0B18F58015EB
:10FEB000CDF824B04FEA555A49F1000B4AEACB2A53
:10FEC0001AEB040ACDF840A0DDF81CA0119C4FEA03
:10FED00055554AEB6B5A6D05CDF84CA0B8EB050AA9
:10FEE00069EB0B0B1CF5801540F100094FEA5558E2
:10FEF00048EAC92818EB0408CDF84480DDF84880AA
:10FF0000039C4FEA555548EB69586D05CDF848807C
:10FF1000BCEB0508CDF8508060EB090812F58010A5
:10FF20004EF1000C450DCDF8548045EACC25DDF8A6
:10FF300010802D194FEA505048EB6C584005CDF811
:10FF40001880B2EB00080395CDF868806EEB0C08C2
:10FF500011F5801547F100000A9CCDF86C806A0D00
:10FF6000DDF82C8042EAC0226D0D12194FEA45558A
:10FF700048EB6058491B059167EB000108910C990B
:10FF80000F9CCDF81C8013F5801741F10000790D0E
:10FF9000DDF82480049241EAC0217F0D09194FEA5F
:10FFA000475748EB6055DB1B0C9F414A029C67EBAF
:10FFB00000002C9FDDF83890A4FB02C81CEB070C56
:10FFC0002D9F3C4C02FB068848EB0708029FA7FBCD
:10FFD000047E04FB06EE0D9C3F194EEB090ECDF896
:10FFE00028E0DDF80890DFF8D0E07446A9FB0E9E0B
:10FFF00019EB0A0904FB06EE029CDFF8ACA0CDF871
:020000040802F0
:100000002C904EEB0B0ECDF830E0C4F1000E0AFB45
:1000100006E9A4FB0AABD944DDF840B01AEB0B0BA0
:10002000DDF84CA049EB0A09CDF83490DDF808A0C2
:10003000DFF888904C46AAFB09A904FB0699149C9A
:100040001AEB040A159C49EB0409184C04FB06EE54
:100050002646029CA4FB0646B644119EA419129E95
:1000600002944EEB06060996A1FB026402FB0544CE
:10007000249AB618199A44EB02020E4C0E922246AC
:10008000A1FB044E14EB0C0402FB05EE4EEB080E34
:10009000DFF82480CDF83CE0A1FB08EC1EEB07075D
:1000A00010970A9F0CE000BF53C6F0FF8390F5FF46
:1000B000132C0A00182D070067FB0900D115020058
:1000C000DFF850E308FB05CC4CEB07070A974F42DB
:1000D0000EFB057CA1FB0EE8C444DDF82C801EEB72
:1000E0000808DDF830E04CEB0E0EDFF82CC3CDF83D
:1000F0002CE06246A1FB0CEC1EEB0B0BDDF834E0B0
:1001000002FB05CC4CEB0E0CCDF830C0DFF80CC375
:10011000C34A0CFB0577A1FB0C152F4411EB0A0514
:100120000D9547EB0905A3FB027C02FB00CC2A9A44
:10013000BC4911952B9DDFF8F092DFF8D8A2BF18CB
:100140004CEB050CA3FB015EAD190E9E01FB00EE0E
:100150004EEB060EA3FB096132190E920F9A09FBB2
:10016000001141EB02025C420AFB00460F92A3FB26
:100170000A19109AB1440A9E891849EB0602A64E44
:1001800010923246A3FB06A61AEB0808DFF88CA2F1
:10019000914602FB00660B9A0AFB0044A3FB0A305F
:1001A00046EB020613EB0B030A930C9B9C4ADFF809
:1001B00074B2044444EB03030B93049BA3FB024A75
:1001C000079B02FB03AA179B079AE418189B4AEBAC
:1001D000030A049BA3FB0B300BFB0200DB1940EB73
:1001E0000C07049A90488346A2FB00C0079A1CEBB8
:1001F00005050BFB02000C95049A40EB0E051295C9
:100200008448079DC2F1000C00FB05CEA2FB00054F
:100210000E9A80180F9A754445EB0205CE464A4661
:10022000DDF81090A9FB0EEBDDF81C9002FB09BB7A
:10023000109A1EEB010E4BEB02097849DDF81CB059
:10024000049A01FB0BCCA2FB01218C4412EB0801A8
:100250004CEB0606724A0E96059E0791A6FB02C15C
:10026000089EDFF8C081DDF820B002FB0611289E51
:10027000299A1CEB060C059E41EB0201A6FB082601
:1002800008FB0B66121946EB0A04059EDFF898A1DD
:100290000F92A6FB0A860AFB0B6618EB030310936A
:1002A00046EB07031393059B059E0C9A5F42594B3F
:1002B00003FB0B78A6FB03369B18129ADFF858B1A4
:1002C0000C934644DDF8148046EB0206089AA8FB1E
:1002D0000BA80BFB02881AEB000248EB05051495EE
:1002E0004E48089D129200FB0577059D4C4AA5FBE0
:1002F00000052F4410EB0E05049547EB0905059505
:10030000039D484FA5FB0209069D02FB0599239A10
:10031000169D801849EB0509039DDDF818E0DDF80E
:1003200018800F9AA5FB07A51AEB0C0A07FB0E55C0
:10033000DFF8F4C0DDF80CE045EB0105AEFB0C1E68
:100340000CFB08EEDDF80C8089184EEB040EC8F1AA
:10035000000C304CDDF8188004FB08C2DDF80C807E
:100360005B46A8FB0484DDF840B01444139A18EBF4
:100370000B0844EB0204039A9B46A2FB0327069B4F
:100380000BFB03770C9BD21847EB0607069B234E0B
:1003900006FB03CC039BA3FB06636344DDF848C064
:1003A00016EB0C0C149E43EB060310F5801603931A
:1003B00049F1000B730D43EACB23760D13EB0A03CF
:1003C0004FEA465645EB6B55B0EB060A69EB0B0955
:1003D00011F580104EF10006CDF820904FEA5059EB
:1003E00049EAC629400D19EB08084FEA405044EB92
:1003F0006654B1EB00096EEB060E12F5801147F161
:1004000000004E0DCDF83CE046EAC026DDF80CE0D9
:100410000CE000BF53C6F0FFD11502008390F5FF3A
:10042000132C0A00182D070067FB0900CDF8309047
:10043000490D16EB0C064FEA41514EEB6059B2EBF9
:10044000010ECDF840E067EB000ECDF848E0DDF896
:1004500010E0079FCDF818A01EF58012DDF814E01B
:100460004FEA52504EF1000140EAC120DDF838E079
:10047000C0194EEB615A520DDDF810E003905205A1
:10048000BEEB020ECDF81CE0DDF814E06EEB010EC1
:10049000CDF814E0DDF828E00D981EF58012DDF8A7
:1004A0002CE04FEA52514EF1000741EAC721DDF836
:1004B00044E009184EEB675ECDF810E0520DDDF810
:1004C00028E01A985205BEEB020ECDF828E0DDF8C0
:1004D0002CE06EEB070ECDF82CE0DDF808E01EF501
:1004E0008017DDF824E04FEA57524EF1000C42EA43
:1004F000CC221218DDF86CE002984FEA57574FEA09
:1005000047574EEB6C5EC01B0290099860EB0C00E5
:1005100013F5801745F1000B09904FEA575C0C98D2
:100520004CEACB2C1CEB00000C904FEA57570F986D
:100530004FEA475740EB6B50DB1B65EB0B0B0E9301
:1005400018F5801344F100070D905D0D109845EAF1
:10055000C7252818129D0F904FEA535345EB675556
:100560005B051095B8EB0305119564EB070516F5CF
:100570008013079812954FEA535449F10005DDF8AE
:10058000148044EAC52420184FEA535348EB6558B9
:100590005B05CDF81480B6EB03080790CDF84C80CE
:1005A000039B0A98DDF82C8069EB050513F5801391
:1005B00014954FEA53544AF1000544EAC524201823
:1005C00015904FEA5353039848EB65585B05CDF8F7
:1005D0002C80B0EB03086AEB05051695049DCDF859
:1005E0000C8011F5801345F10004580D029D40EA7E
:1005F000C4204019099D02904FEA535345EB6455BE
:100600005B051795CD1A1895049D65EB040512F549
:1006100080114FEA51534FEA51514FEA41514EF187
:1006200000000495551AE44AE449199543EAC023A9
:100630004FEA6058A3FB026702FB0877069AE04C7A
:100640006EEB0005B618089ADE481A9547EB0207CC
:100650000E9DDDF834E0A3FB01C201FB08220C99DA
:100660001CEB050CA3FB005942EB0B0200FB0899A5
:100670006D18C3F1000A04FB08A149EB0E09A3FBA6
:10068000044E8E441199DFF840B306926418129913
:100690000F9A4EEB010EA3FB0B018018109A0BFB77
:1006A000081141EB0201C94A02FB08AAA3FB02831D
:1006B0005344DDF84CA0149A18EB0A084FEA565A36
:1006C00043EB02034AEAC72A069A1AEB0C0AC6F35E
:1006D00014060A9642EB67524FEA5A5646EAC22679
:1006E000761949EB6252750D45EAC2252D194EEB7C
:1006F00062526C0D44EAC2242018C5F3140541EB84
:1007000062510995450D45EAC12515EB080543EBF6
:100710006152C0F3140C079BCDF820C06C0DDDF8BE
:1007200014C044EAC224E4184CEB6252039B600DEF
:10073000C5F3140B40EAC220169DC01845EB625267
:10074000159BC4F31405410D079541EAC2210B9D89
:10075000C91845EB6252189BC0F31405480D069565
:1007600040EAC220049DC01845EB6252029BC1F3CF
:100770001405410D059541EAC221179DC91845EBA5
:1007800062524B0DC0F314051998049543EAC22335
:100790001A9D1B1845EB6252C1F314050395580DC1
:1007A000C3F31405844B029540EAC220A0FB034C1E
:1007B000521503FB02CC0A9BE418804BCAF31407C2
:1007C000A0FB03E14CF1000C03FB02111EEB070E32
:1007D00041F100030A937B4B0999A0FB037903FBCA
:1007E0000299774B4542C6F31406BF1903FB025A20
:1007F000A0FB033649F100095B1873494AEB060A6E
:10080000A0FB016801FB0288089976186F4901FB7B
:100810000255A0FB010248F1000810EB0B0045EB6C
:100820000205620D0A9942EACC2212EB0E0241EB5C
:100830006C514FEA525C4CEAC12C1CEB070C49EBA3
:1008400061514FEA5C5747EAC127FF184AEB6151F3
:100850007B0D43EAC1239B1948EB61515E0D46EACB
:10086000C126361845EB6151700D079DDDF81480E7
:10087000DDF81090DDF80CA040EAC12040194FEAE5
:10088000615141F10001450D4FEA615E45EAC12524
:1008900006996D184EF100014FEA555E4EEAC12EE1
:1008A0001EEB08084FEA615141F100014FEA585E22
:1008B0004EEAC12E1EEB09094FEA615141F10001D8
:1008C0004FEA595E4EEAC12E1EEB0A0A4FEA615109
:1008D000C9F3140E41F100014FEA5A5949EAC129FE
:1008E000029919EB01090199C4F314040C70DDF8A5
:1008F00004B0C2F31402210A8BF80110510141EA3D
:1009000014418BF80210D108CCF3140C8BF80310AF
:10091000D10A8BF804104FEA8C0141EAD242C7F3A6
:1009200014078BF805204FEA9C128BF80620FA0179
:1009300042EA9C328BF807207A08C3F314038BF841
:1009400008207A0A8BF809201A0142EA57428BF8EC
:100950000A201A09C6F314068BF80B201A0B8BF821
:100960000C20B21942EA1353C0F314008BF80D3077
:10097000F3098BF80E30830143EAD6338BF80F303E
:100980008308C5F314058BF81030830A8BF81130F7
:10099000EB0043EA9043C8F314088BF812306B095C
:1009A0008BF813304FEA18238BF816304FEA4E13AA
:1009B00043EA18430CE000BF132C0A00182D07006F
:1009C00053C6F0FF67FB0900D11502008390F5FFC5
:1009D0008BF817304FEADE03CAF3140A8BF818308D
:1009E0004FEADE238BF819304FEA8A0343EADE43ED
:1009F0008BF81A304FEA9A138BF81B304FEAC91E56
:100A00004FEA59036D0B4EEA9A3E8BF81D304FEAC0
:100A100059234FEA59498BF814508BF815808BF8FD
:100A20001CE08BF81E308BF81F9039B0BDE8F08FBA
:100A3000B0F85431B0F85021981A00F03F007047D8
:100A4000B0F85431B0F850219BB293421ABFD0F89D
:100A50004831985C4FF0FF30704790F85231B0F851
:100A60005601C0B2834227BFC3F13F03C018C01A6A
:100A700000F1FF30704707B503688DF807105B6819
:100A800001220DF10701984703B05DF804FB13B58F
:100A90000DF107010446E6F715FE90B9B4F8C03031
:100AA000B4F8BC20013303F03F03934209D0B4F8FB
:100AB000C020D4F8B4109DF8070092B28854A4F86E
:100AC000C03002B010BD0000B0F8C220D0F8C41091
:100AD00011FA82F202F03F0210B5A0F8C220B0F87D
:100AE000C210B0F8BE2089B28A421BD0B0F8C24012
:100AF000B0F8C210A4B24032121B544289B204F0C2
:100B00003F0402F03F02C1F1400158BF62428A42F5
:100B100028BF0A46C0F8C4200349E6F70FFE4FF08D
:100B2000FF3010BD0020FCE7C90A020803682DE968
:100B3000F0479B680446884616469847012323746D
:100B4000D4F83831B4F8529101338246C9F14009E2
:100B500004F1940708D194F85C312BB1002384F898
:100B60005C313846E6F70CFE236820469B689847C0
:100B70000028F9D035464D4523D8554521D8B4F83D
:100B80005221D4F84C015319402B10442FD82A4637
:100B9000414604F066FEA946B4F852311D4405F002
:100BA0003F05A4F852513846E6F718FD30B9174909
:100BB000C4F858914A463846E6F7C0FD3046BDE8CD
:100BC000F087D145236828BFD1464A4641465B6835
:100BD00020469847236820469B689847A5EB09055F
:100BE000C844B4F852918246C9F14009C3E7C2F142
:100BF00040094A46414604F034FED4F84C01A5EBC6
:100C0000090208EB090104F02CFEC5E7C90A020835
:100C1000C0F83C31009BC0F84031914208BF4FF012
:100C2000FF3100F11103C0E94D21C0F8483100F156
:100C300051020023A0F85431C0E95323A0F85631E3
:100C400070470000F7B54FF47A7317460022C0E9E9
:100C500001231C4B03604FF0FF33C0F838311A4BAF
:100C60001A4E04469C4270690D4605D1B369C4F81A
:100C70003831C4F834010AE01549E6F70DF9854228
:100C800015D1B369C4F838317369C4F83431012F10
:100C90004FF0FF3308BFC4F8383100932046D4E941
:100CA0004D214FF0FF33FFF7B3FF03B0F0BD09490B
:100CB0002846E6F702F90649C4F838012846E6F75F
:100CC000FCF8D6E7F4220308483F00207C7A0208AB
:100CD0001C780208C8770208037C70B504460D46EC
:100CE000A3B1E0F7DBFB0646B4F85221B4F8563165
:100CF0009BB29A420AD0002DF8D0E0F7CFFB801BC0
:100D00008542F1D8B4F85631A4F8523170BD10B50F
:100D10004FF47A710446FFF7DFFF04F19400E6F721
:100D2000E7FBB4F85031A4F8543110BD0021FFF7AF
:100D3000D3BF0000CBB21A2B08D80E4A52F823308A
:100D400001F4E0611943C0F83811704701F0C002A6
:100D5000C02A0CD1C72B0AD8074B01F03F0201F47F
:100D6000E06153F82220034B53F82230EAE74FF0BA
:100D7000FF31E8E77C7A02085C7A0208CBB21A2BD2
:100D800008D80E4A52F8233001F4E0611943C0F844
:100D90003411704701F0C002C02A0CD1C72B0AD809
:100DA000074B01F03F0201F4E06153F82220034BAE
:100DB00053F82230EAE74FF0FF31E8E77C7A020887
:100DC0005C7A0208D0F83831013310B504460ED1F0
:100DD0000368DB68984794F85C3143B9012384F8D1
:100DE0005C3104F19400BDE81040E6F7D9BC10BDB9
:100DF00002F00703023BDBB2042B73B50546C0F8D3
:100E0000601180F85D219CBF1548C45C02F030037E
:100E100088BF0024302B1BD101344FF4C063073C42
:100E2000022C1CD8C2F3C002520300920D4A05F1F5
:100E3000940652F824203046E6F750FB2846FFF788
:100E4000C1FF0949304602B0BDE87040E6F756BC24
:100E500012F020031CBF01344FF48063DFE7FEE78C
:100E6000E4220308D82203088F0A020810B50446BA
:100E7000FFF7A8FFB4F85421B4F8503192B29A4267
:100E80001FBFD4F84821D05C013303F03F0314BFE7
:100E9000A4F850314FF0FF3010BD000008B50649EE
:100EA00006480022FFF7CEFEBDE808400449054889
:100EB0000022FFF7C7BE00BF00380140483F0020B6
:100EC00000440040E43D002070B505460C4608464D
:100ED00049B1E0F7DDF92B680246214628465B68F8
:100EE000BDE87040184770BD08B5FFF7EDFF08BDBD
:100EF00003681B681847000008B50249FFF7E4FFC4
:100F000008BD00BF1823030838B50546FFF7DCFF0E
:100F100004462846FFF7F0FF204438BDFFF7F4BF32
:100F200070B50D46144630B1461E012E05D8114647
:100F30002846E6F765FB204670BD03685B68984766
:100F4000F9E70EB403B503AA52F8041B019204F0AA
:100F5000E5FA02B05DF804EB03B0704730B58BB032
:100F60000023012A0C468DF8243098BF0A2209A9D3
:100F70002546B4FBF2F404FB125303F0FF03092BE4
:100F800094BF30333733DBB2AA4201F8013DEFD9C9
:100F9000FFF79AFF0BB030BD2DE9F04107460E4632
:100FA00014462AB90368BDE8F0411B68C9B2184766
:100FB0000A2A05D1002905DBBDE8F041FFF7CEBFC5
:100FC000D2B2F9E72D21FFF793FF22460546714281
:100FD0003846FFF7C3FF2844BDE8F08138B5054621
:100FE000FFF7DAFF04462846FFF786FF204438BDA6
:100FF00010B5044600F022FCE060236820465B69DF
:101000009847002808DA00F019FCE368C01AA368C2
:101010009842F2D34FF0FF3010BDF8B507460D46A9
:101020008E180C46B44201D1601BF8BD3846FFF75C
:10103000DFFF031EF8DB04F8013BF3E72DE9F04185
:101040000746884616461D4673B100243846FFF70A
:10105000CFFF031E05DB434503D033550134A542C2
:10106000F4D12046BDE8F0811C46FAE71148036838
:101070001A0912F00C0F10B519D10F4902F00F0226
:1010800051F822209AB141680C4C03F00F0300295B
:1010900054F823300CD0C4BF01F1FF3141605169D5
:1010A00001EA030023EA010343EA0043936110BD10
:1010B0009362FCE75C01002008000020A47B02088A
:1010C0002DE9FF41364D1A282B680E4614461FD8CD
:1010D000344A52F8207043B9B420E5F7E0F93249B8
:1010E0008046E5F743F9C5F80080781C1DD02F4BEA
:1010F0001A68511C01D0BA4217D1B6F5803F14D2FC
:101100000EBB286888B104B0BDE8F041E4F7E0BE4A
:1011100000F0C002C02A0BD03BB9B420E5F7BFF9FC
:1011200021490446E5F722F92C6004B0BDE8F081BE
:10113000C728F1D81E4A00F03F0052F82010194A83
:1011400052F82170C7E776001F6034B374434FF440
:101150007A72B4FBF2F4012138465C60E5F7F6FDE3
:10116000286802223146E5F79FF800230193114BCE
:101170000093114B03932868104B02936946E5F7DF
:101180003DF9029B1BB1694603220846984728682F
:1011900004B0BDE8F041E4F788BF4FF0FF34DAE770
:1011A000AC4000207C7A0208004401405C01002031
:1011B0005C7A02086D100208656A0008456A00083A
:1011C0001A2838B523D81B4B53F820305A1C1DD091
:1011D000194D2A689A4219D1184C2068B0B129B328
:1011E000E5F788F82868431C05D00021E5F7AEFD37
:1011F0004FF0FF332B60256835B12846E4F7BCFF7C
:10120000B4212846E5F74FF90023236038BD00F0EC
:10121000C003C02BFAD1C728F8D8094B00F03F0013
:1012200053F82020034B53F82230CFE7BDE8384075
:10123000E4F74EBE7C7A02085C010020AC4000203E
:101240005C7A0208C3B21A2B16D8144A52F823301B
:1012500000F4E06003431A0912F00C0F1DD110498D
:1012600002F00F0251F82200B8B103F00F03012180
:10127000994089B2E5F7FEBB00F0C002C02A0CD14C
:10128000C72B0AD8074B00F03F0200F4E06053F888
:101290002220024B53F82230DCE770477C7A0208A8
:1012A000080000205C7A0208F0B5C3B21A2B85B0A2
:1012B0000F46154628D8214A52F8233000F4E0643E
:1012C0001C43C4F30310E5F7FDF80646D0B1022D28
:1012D0002ED0032D2FD0002D0CBF4FF404154FF44A
:1012E000881539466846E5F756F804F00F040121E1
:1012F000A14030462B466A4689B2E5F735FC684680
:10130000E4F7DDFD05B0F0BD00F0C002C02A0CD14D
:10131000C72B0AD80A4B00F03F0200F4E06453F8F0
:101320002220064B53F82230CAE74FF0FF34C8E7BB
:101330004FF44415D5E74FF40415D2E77C7A020840
:101340005C7A020808B102F0BDBF704710B50446D0
:1013500028B102F0E5FF90FBF4F303FB14042046F0
:1013600010BD884210B5044603DA081AFFF7EEFFF5
:101370000444204610BD7047F0B503468BB00846C4
:1013800061B3911E222935D80A2A06D1002B04DA2E
:101390005B42012701AD29460DE00027FAE7B3FBC8
:1013A000F2F602FB1633092BDCB21BD83033DBB26A
:1013B00001F8013B3346002BF1D1A94210D003467E
:1013C00017B12D2203F8012B5C1E0A46AA420CD845
:1013D0004A1B8D4288BF0022002199540BB0F0BDFA
:1013E0001E46E3E704F15703E1E712F8016D04F844
:1013F000016FEBE70020F1E708B50320E0F77CFC84
:10140000BDE8084000F046BA08B5AFF30080E9F740
:101410004BFDE9F7D5FD00F023FAFAE70309024690
:1014200013F00C0010B50DD1074BD1B253F8044B9B
:101430008C4203D102F4E062104310BD01301B283E
:10144000F4D1FAE71B20F8E77C7A020810F0F80FD5
:1014500010B5024618D11A48D1B250F8211002F442
:10146000E0630B43C9B21A2919D903F0C004C02C98
:1014700001D1C7291CD9A2F1C803022B94BF02F6DF
:1014800039704FF0FF3012E000F0C003C02BF2D1F2
:10149000C3B2C72BEFD80A4802F03F01DDE7094885
:1014A00050F8210003F4E0631843431CE3D010BD5F
:1014B00003F03F0150F82100024951F82000F1E704
:1014C0005C7A02087C7A02080D488546E5F716FD2D
:1014D0000C480D490D4A002302E0D458C45004338F
:1014E000C4188C42F9D30A4A0A4C002301E0136065
:1014F0000432A242FBD304F085F9FFF785FFFEE733
:10150000000001200000002050030020E027030815
:10151000500300201C430020FEE791420FD008D961
:10152000891A01238B40984208D30130C840013802
:10153000704720B10130521A9040F8E70020704700
:10154000431E1F2B0ED80C280DDC06280DDD0828A5
:101550000DDD0A28CCBF0C230A23064A1060064A78
:1015600013607047FEE70C23F7E70623F5E708232F
:10157000F3E700BF680100206401002010B5FFF709
:1015800065FF431C0AD0064C2168E5F751F8054B6E
:1015900021681A68BDE81040FFF7BFBF002010BDEA
:1015A0006401002068010020C3B21A2B2DE9F0412C
:1015B0000D462AD82C4A52F8233000F4E0641C432C
:1015C000621C4ED0294EC4F3031704F00F0856F8DE
:1015D000273023FA08F3DB0710D525492046E5F725
:1015E000A6FB18B32046E4F7D3FF56F827300122B4
:1015F00002FA08F223EA020346F82730052D1FD825
:10160000DFE805F01F2B2527292D00F0C002C02A96
:1016100027D1C72B25D8174B00F03F0200F4E06418
:1016200053F82220104B53F82230C8E712492046C5
:10163000E5F77DFB0028D8D02046E5F7F5F8D4E79C
:10164000FEE700212046BDE8F041E5F77FBB102111
:10165000F8E72021F6E70321F4E70121F2E7092169
:10166000F0E7BDE8F08100BF7C7A0208B0400020BE
:10167000D87902085C7A020864780208C3B21A2B8F
:101680001BD8174A52F8233000F4E0601843431C7B
:1016900025D0030913F00C0F04BF124A03F00F0307
:1016A00000F00F0008BF52F823300F4A18BF002384
:1016B00052F8202091B19A61704700F0C002C02A10
:1016C0000DD1C72B0BD8094B00F03F0200F4E060AE
:1016D00053F82220024B53F82230D7E79A62704722
:1016E0007C7A020808000020A47B02085C7A0208C9
:1016F000C3B21A2B1BD8194A52F8233000F4E06009
:101700001843431C24D0030913F00C0F22D103F01B
:101710000F03134A00F00F0052F82320114B1269F7
:1017200053F8203093430CBF01200020704700F095
:10173000C002C02A0CD1C72B0AD80B4B00F03F02C5
:1017400000F4E06053F82220044B53F82230D7E72E
:101750000020704700231B69FFDE00BF7C7A02086F
:1017600008000020A47B02085C7A02082DE9F843F7
:10177000C3B21A2B0C46154610D82D4A52F8233006
:1017800000F4E0601843000903F00F03012610F095
:101790000C0F06FA03F612D0002715E000F0C00285
:1017A000C02A2BD1C72B29D8224B00F03F0200F4CE
:1017B000E06053F822201E4B53F82230E2E71E4B24
:1017C00000F00F0053F82070002C18BF344600F0D2
:1017D00037F880463B693340A34212D03B6933401F
:1017E000A34217D100F02CF881463B693340A34255
:1017F00017D000F025F8A0EB090009E04FF40046EF
:10180000CAE700F01DF8A0EB0800A842E2D90020CA
:10181000BDE8F88300F014F8A0EB0800A842DDD979
:10182000F5E700F00DF8A0EB0800A842DDD9EEE7DF
:101830007C7A02085C7A020808000020E5F746B8C6
:10184000E5F720B838B5044648B1E5F73FF8054656
:10185000FFF791FDE5F73AF8431BA342F8D338BDF3
:1018600008B5084B2BB10848FFF7E2F808B1AFF311
:101870000080064B2BB10648FFF7DAF808B1AFF34A
:10188000008008BD00000000483F0020000000006C
:10189000E43D0020E5F7C4B8430803F05533C01A0F
:1018A000830803F0333300F03330184400EB10109A
:1018B00000F00F3000EB002000EB0040000E7047FE
:1018C0002DE9F047089D0C46002B4ED194468C45DF
:1018D0008646B2FA82F262D94AB1C2F1200391403F
:1018E00020FA03F30CFA02FC194300FA02FE4FEA55
:1018F0001C471FFA8CF6B1FBF7F44FEA1E4307FBB7
:10190000141143EA014304FB06F199420AD91CEB86
:10191000030304F1FF3080F01281994240F20F81FD
:10192000023C6344591A1FFA8EF3B1FBF7F007FB30
:10193000101143EA014300FB06F69E420AD91CEB54
:10194000030300F1FF3180F0FC809E4240F2F980F9
:10195000634402389B1B40EA044000211DB1D34080
:101960000022C5E90032BDE8F0878B4205D90DB1F0
:10197000C5E9000100210846F5E7B3FA83F1002923
:1019800046D1A34202D39042C0F0F080861A64EBA5
:1019900003030120002DE6D0C5E90063E3E7002A38
:1019A00040F09080A1EB0C044FEA1C481FFA8CF722
:1019B0000121B4FBF8F64FEA1E4308FB164443EA44
:1019C000044307FB06F0984208D91CEB030306F119
:1019D000FF3402D2984200F2CD8026461C1A1FFA2C
:1019E0008EF3B4FBF8F008FB104443EA044300FB19
:1019F00007F79F4208D91CEB030300F1FF3402D222
:101A00009F4200F2B0802046DB1B40EA0640A5E77B
:101A1000C1F120068B4022FA06F71F4320FA06FC8C
:101A200004FA01F343EA0C03F44000FA01F8380C1D
:101A30004FEA1349B4FBF0FE1FFA87FC00FB1E447B
:101A400049EA04440EFB0CF9A14502FA01F20AD955
:101A50003C190EF1FF3A80F08480A14540F281806C
:101A6000AEF1020E3C44A4EB09041FFA83F9B4FB67
:101A7000F0F300FB134449EA044403FB0CFCA445C7
:101A800007D93C1903F1FF3067D2A44565D9023B61
:101A90003C4443EA0E40A0FB0293A4EB0C049C429E
:101AA000CE469C4651D34ED055B1B8EB0E0364EBF5
:101AB0000C0404FA06F6CB401E43CC40C5E9006492
:101AC000002150E7C2F1200320FA03F10CFA02FCD6
:101AD00024FA03F394400C434FEA1C4800FA02FE38
:101AE0001FFA8CF7B3FBF8F008FB1031230C43EA24
:101AF000014300FB07F1994208D91CEB030300F1F5
:101B0000FF362CD299422AD9023863445B1AA4B218
:101B1000B3FBF8F108FB113344EA034401FB07F37C
:101B2000A34208D91CEB040401F1FF3613D2A342EF
:101B300011D902396444E41A41EA004139E7044604
:101B4000F0E6084606E7C845AED2B9EB020E63EBF5
:101B5000070C0138A8E73146EDE7034699E7304620
:101B6000D4E7D6467FE7634402384DE7064623466E
:101B700008460FE7023E634430E700BF08B502F0B5
:101B8000D5FA00002DE9F0411C46454B836701233F
:101B90001646A0F87C300D4668220021DDF818803A
:101BA000074603F01EFDF3B21A2B28D83D4A52F81F
:101BB000233006F4E0661E43EBB21A2BBE6632D821
:101BC000384A52F8233005F4E0651D43E3B21A2B7E
:101BD000FD663CD8334A52F8233004F4E0641C43D9
:101BE0005FFA88F21A2A3C6745D82E4951F822201C
:101BF00008F4E06313437B673846BDE8F08106F0E4
:101C0000C002C02A0CD1C72B0AD8274B06F03F02CE
:101C100006F4E06653F82220224B53F82230CAE73C
:101C20004FF0FF36C8E705F0C002C02A0CD1C72B21
:101C30000AD81D4B05F03F0205F4E06553F8222059
:101C4000184B53F82230C0E74FF0FF35BEE704F0E1
:101C5000C002C02A0CD1C72B0AD8134B04F03F0294
:101C600004F4E06453F822200E4B53F82230B6E718
:101C70004FF0FF34B4E708F0C003C02B0CD1C72AE3
:101C80000AD8094B08F03F0253F82210054A08F41D
:101C9000E06352F82120ADE74FF0FF33ABE700BF20
:101CA00000093D007C7A02085C7A0208002210B428
:101CB000054910BC80F85D200123816780F87C30E5
:101CC00080F87D2000F078B800093D0017B46B461D
:101CD00083E80600816F009A9142044605D1B0F86E
:101CE0007C10BDF8042091420ED000989B88A0671C
:101CF000A4F87C3094F87C3094F87D20A16F2046C5
:101D000003B010BC00F058B803B010BC7047704767
:101D100000F08CB907B5002A8DF807100DF1070106
:101D20004FF001030CBF0A46002200F0C1F99DF8F4
:101D3000070003B05DF804FB07B51B230093C22224
:101D4000C123C5210248FFF71DFF03B05DF804FB66
:101D5000C040002030B591FAA1F391FAA1F1B3FA95
:101D600083F3C4685B000325B1FA81F105FA03F33C
:101D7000490024EA03038A401A43C26030BD0000D0
:101D8000094A0346106873B1084A934201D1E2F749
:101D900055B9074A934201D1E2F740B9054A934247
:101DA00001D1E2F729B9704740000020003001401E
:101DB00000380040000001582DE9F04F0E4685B074
:101DC00015461F460446002838D0626E8E4BC06E02
:101DD0009A4236D08D49E5F75FF88D498146A06E6D
:101DE000E5F75AF88B498346206FE5F755F88A499D
:101DF0008046606FE5F750F88246B9F1000F1DD0BC
:101E0000BBF1000F1AD0B8F1000F17D05946484661
:101E1000E5F769F8514681464046E5F764F8014622
:101E200080464846E5F75FF86066B9F1000F05D0D7
:101E3000B8F1000F02D0002840F0A18005B0BDE845
:101E4000F08F0130FAD1A36E0133F7D1236F013344
:101E5000F4D1636F0133F1D14FF40073606EA3616D
:101E60004FF4827320606360FFF78AFFB6EB500F78
:101E700080F08C80B6EB900F80F08A80B6EBD00FAC
:101E800080F08880B6EB101F80F08680B6EB501F84
:101E900080F08480B6EB901F80F08280B6EBD01F7C
:101EA0002CBF30233823E361002D7BD0022D7BD063
:101EB000013D18BF01256D000123C4E90453072328
:101EC000E3624FF4E0632268E360B7FA87F74E4BB2
:101ED0007F090026FF019A42C4E90876A660A6623F
:101EE00066632CD04949E06EE4F7BEFF4849A06E16
:101EF000E4F7BAFF206F4749E4F7B6FF2369B3421E
:101F0000236F4FEA131114BF0122022211F00C0FAC
:101F100004BF424801F00F0103F00F0308BF50F85F
:101F200021003F4918BF3046022A51F8231018BF3C
:101F30000122FFF70FFF3849606FE4F795FF236830
:101F4000384A934232D14FF0B0431A6E42F4805275
:101F50001A661A6E02F480520192019A1A6C42F4C7
:101F600080521A641A6C22F480521A642046E2F7F6
:101F7000F6FA2268136843F0400313605EE7636F6C
:101F800001333FF469AF4FF4802367E700238AE70A
:101F9000082388E7102386E7182384E7202382E7B5
:101FA000282380E72B4688E7002386E71E4A9342D2
:101FB00013D14FF0B0439A6D42F480429A659A6D06
:101FC00002F480420292029A9A6B42F480429A632F
:101FD0009A6B22F480429A63C8E70B4A9342C5D1B8
:101FE0004FF0B0435A6E42F001025A665A6E02F048
:101FF00001020392039A5A6C42F001025A645A6C2D
:1020000022F001025A64B1E7000001585C7702082F
:102010002C770208E4760208A8760208080000205F
:10202000A47B0208003001400038004010B504468F
:1020300098B1E2F702FB23681A4A93420ED14FF09F
:10204000B0431A6C42F480521A641A6C22F4805223
:102050001A641A6E22F480521A6610BD124A934214
:102060000ED14FF0B0439A6B42F480429A639A6B60
:1020700022F480429A639A6D22F480429A65ECE7DA
:102080000A4A9342E9D14FF0B0435A6C42F0010240
:102090005A645A6C22F001025A645A6E22F001020C
:1020A0005A66DAE70030014000380040000001586D
:1020B0002DE9F0410D4616461C4633B30768DFF79D
:1020C000EDF98046BB689907FCD5D5B115F8013B01
:1020D0003B73BB68DA07FCD53B7B0EB106F8013BCE
:1020E000DFF7DCF9A0EB0800B0F57A7F04F1FF34EC
:1020F00009D2002CE6D12046BB681B06FCD4BDE803
:10210000F081FF23E4E70120F6E70220F7E7D0F8AB
:1021100088301BB1D0F88C308030184770470000F1
:102120000148FFF7F4BF00BF4041002070B586B002
:10213000002302AC02930593C4E901338B68054682
:102140000E4633B1022220469847F3680593B368E0
:10215000049394E803006A4605F1800382E80300D3
:1021600093E8030084E8030092E8030083E8030097
:10217000049BD5F88820C5F88830059B049220463A
:10218000D5F88C20C5F88C300592E3F798FE322004
:10219000DFF73CFE322006B0BDE87040DFF7F0BD4F
:1021A00010B504463220DFF7F9FDD4F888303BB192
:1021B00004F180010322084698470023C4E9223332
:1021C00010BDD0F88800003818BF012070473220B9
:1021D000DFF7D6BD3220DFF7E1BD3220DFF716BED4
:1021E00008B53220DFF700FE003818BF012008BD17
:1021F000054BD3F8902021B122F40042C3F890207F
:10220000704742F40042F9E700040058034BD3F84A
:10221000900080F40040C0F3C030704700040058C4
:102220004FF0B043D3F8942021B142F40042C3F8F8
:102230009420704722F40042F9E74FF0B043D3F8FE
:102240009400C0F3C0307047024B5869C0F340009F
:10225000704700BF0004005813B5094C4FF0FF331E
:1022600000931A4619462046FFF78CFC054B63661F
:102270000023C4E92033C4E9223302B010BD00BFFB
:10228000404100200000015808B50248E3F717FE5E
:1022900008BD00BFC0410020F8B504460D4600F05F
:1022A0008BF9224606460F462B4620462946DEF786
:1022B0009DFB98B90022002320462946DEF78CFBBF
:1022C00060B90022002320462946DEF75DFB40B1BD
:1022D00003F092FA084F2223036000263046394665
:1022E000F8BD03F089FA034621221A600348BDE8CD
:1022F000F84000F0CDB800BF0000F0FF1C23030839
:102300002DE9F84314461D468046894600F020FB1F
:10231000224606460F462B4620462946DEF766FB38
:1023200078B90022002340464946DEF72DFBD8B19C
:102330000022002320462946DEF726FB28B1264F3F
:10234000002630463946BDE8F8832046294600F08D
:1023500099F80028F5D02046294600220023DEF710
:102360001DFB0028EDD02CE03046394600F08AF8FD
:10237000A0B10022002330463946DEF705FB0028D5
:10238000DFD04046494600F07DF80028D9D02046ED
:10239000294600F077F80028D3D012E0404649469D
:1023A00000F070F80028E4D02046294600F06AF8D2
:1023B0000028DED032463B4630463946DEF716FB73
:1023C00020B903F019FA22230360BAE703F014FAE4
:1023D00021230360B5E700BF0000F03F70B50C4655
:1023E000064601F061F8214605462046DEF780FEEC
:1023F00058B900213046DEF749FEA0B10021204641
:10240000DEF744FE18B14FF07E55284670BD2046D9
:1024100000F044F80028F8D000212046DEF740FE06
:102420000028F2D023E0284600F038F880B10021DF
:102430002846DEF72BFE0028E7D0304600F02EF8C5
:102440000028E2D0204600F029F80028DDD00EE078
:10245000304600F023F80028E9D0204600F01EF8AE
:102460000028E4D029462846DEF742FE20B903F0D2
:10247000C3F922230360C8E703F0BEF921230360F8
:10248000C3E700BF41F0004000F58010C00F704767
:1024900001490020704700BF0000F87F20F0004095
:1024A000B0F1FF4FACBF0020012070472DE9F04193
:1024B000C0F3C7557F3D162D044620F0004724DCAD
:1024C000002D804614DB184F2F4138421AD017498F
:1024D000DEF740FB0021DEF701FE98B1002C03DDA2
:1024E0004FF400032B41984428EA0700BDE8F0812F
:1024F0000E49DEF72FFB0021DEF7F0FD10B1002CB6
:102500000EDB57B92046BDE8F081B7F1FF4FF9D394
:102510000146DEF71FFBBDE8F0814FF07E50F2E789
:102520004FF00040EFE700BFFFFF7F00CAF24971A4
:102530002DE9F041C0F3C7557F3D162D044620F02C
:10254000004725DC002D804614DB184F2F41384210
:102550001BD01749DEF7FEFA0021DEF7BFFDA0B160
:10256000002C03DA4FF400032B41984428EA0700BB
:10257000BDE8F0810E49DEF7EDFA0021DEF7AEFD91
:1025800018B1002C0CDB002000E02046BDE8F081F3
:10259000B7F1FF4FF9D30146DEF7DCFABDE8F08171
:1025A00017B94FF00040F1E70248EFE7FFFF7F0067
:1025B000CAF24971000080BF2DE9F04FB1F5801FCC
:1025C00087B002460B460D4680F2828021F000441F
:1025D000044300F020810029C0F26081D64B002224
:1025E000DDF76AFF0D460B46D4498D4202466FF077
:1025F000350072DC2C15C5F3130505F51521A4F281
:10260000FF3401F66471044401F4801104EB1154A9
:1026100081F07F5181F4401141EA050310461946CB
:102620000022C74BDDF790FDAB1CC3F31303022B55
:1026300082468B4658DC00220023DEF7A5F90028ED
:1026400040F0F280A8A3D3E9002350465946DDF7B5
:1026500033FF02460B460020BA49DDF775FD5246AE
:1026600006460F465B4650465946DDF725FF0246B3
:102670000B4630463946DDF71FFF06460F46002C55
:1026800000F003812046DDF7ADFE99A3D3E90023D6
:1026900080468946DDF710FF97A3D3E9002304465F
:1026A0000D4640464946DDF707FF02460B463046D9
:1026B0003946DDF749FD52465B46DDF745FD0246EA
:1026C0000B4620462946DDF73FFD07B0BDE8F08FF9
:1026D0009A498D424FF000008CDD10461946DDF717
:1026E00035FD07B0BDE8F08F00224FF08043DDF7E5
:1026F0002DFD02460B4650465946DEF707F80646C2
:1027000020460F46DDF76EFE3246CDE904013B461A
:1027100030463946CDE90267DDF7CEFE02460B466C
:10272000CDE90023DDF7C8FE75A3D3E900230646F3
:102730000F46DDF7C1FE74A3D3E90023DDF706FDE4
:1027400032463B46DDF7B8FE71A3D3E90023DDF73F
:10275000FDFC32463B46DDF7AFFE6FA3D3E9002315
:10276000DDF7F4FCDDE90023DDF7A6FE6CA3D3E979
:102770000023CDE9000130463946DDF79DFE6AA30E
:10278000D3E90023DDF7E2FC32463B46DDF794FE59
:1027900067A3D3E90023DDF7D9FC32463B46DDF7DA
:1027A0008BFEA5F5C22802460B46C5F5D725DDE907
:1027B0000001DDF7CBFCA8F27A48513545EA08055F
:1027C000002D06460F464BDD5E4B00225046594613
:1027D000DDF772FE52465B46DDF76EFE80468946A7
:1027E0003046394642464B46DDF7B0FCDDE9022370
:1027F000DDF762FE06460F46002C56D102460B4618
:1028000040464946DDF7A0FC02460B465046594675
:10281000DDF79AFC65E7002200234B490020DDF735
:1028200075FF07B0BDE8F08F002C57D02046DDF7CC
:10283000D9FD2FA3D3E9002306460F46DDF73CFE62
:102840002DA3D3E9002304460D4630463946DDF773
:1028500033FE02460B4620462946DDF777FC40E76B
:1028600002460B4650465946DDF76EFCDDE9022371
:10287000DDF722FE06460F463CB1DDE904891CA3C4
:10288000D3E900234046494604E732463B465046DA
:102890005946DDF759FC07B0BDE8F08FDDF754FC71
:1028A00000220023DDF732FF1BE711A3D3E9002349
:1028B000DDE90401DDF700FE0FA3D3E900230446A0
:1028C0000D46DDE90401DDF7F7FD32463B46DDF755
:1028D0003DFC02460B4640464946EAE60020002100
:1028E000FFE600BFAFF30080555555555555D53F10
:1028F0000000E0FE422EE63F763C7935EF39EA3DB6
:1029000044523EDF12F1C23FDE03CB966446C73F1E
:10291000599322942449D23F935555555555E53F37
:102920009FC678D0099AC33FAF788E1DC571CC3F42
:1029300004FA97999999D93F00005043FFFFEF7F20
:102940000000F03F0000E03F000050C30000000026
:102950002DE9F04F23F00047044657EA020093B0F8
:1029600092469B460D4610D12319824985F40022D8
:1029700052419842914121D252465B462046294617
:10298000DDF7E4FB13B0BDE8F08F98467A4B0E46B6
:1029900021F0004199420091A14614D906F1404628
:1029A00006F5801656EA0906E6D15346DB1871494A
:1029B0008BF4002252419E429141DDD36F490020A9
:1029C00013B0BDE8F08F14D09F42E7D8009B00F011
:1029D000B780002E15DB002A40F0A48067498F42A3
:1029E00040F0CA83B8F1000FC0F2BF8420462946E8
:1029F000C8E7002CC0D18F42BED800F0F283009B04
:102A0000E7E75F498F4200F2C6835E498F420DD9E6
:102A10003915A1F2FF31142940F38E84C1F134013C
:102A200022FA01F000FA01F1914236D0002A45D194
:102A3000B8F1804F3BD0029220462946049300F023
:102A40002FFD049BB9F1000F43D0DDF808C0F20F51
:102A5000013A52EA0C0C00F08A80029C013C2243AD
:102A600014BF464D484D0024B7F1844FCDE90645CB
:102A700040F28E80454B009A9F42424B40F2E883E1
:102A80009A4200F29484B8F1000FC0F294840020BE
:102A900013B0BDE8F04F01F059B900F00100C0F1EA
:102AA00002010291002A3FD1B8F1804FC4D12246E1
:102AB0002B4620462946DDF7FFFC63E720462946E2
:102AC000029300F0EDFC029BB9F1000F4FD1CDF85D
:102AD00008902A4A26F0404C944502D0009A002AD9
:102AE000B3D1B8F1000F05DA02460B4600202349A6
:102AF000DDF70CFE002EBFF645AF009B03F1404A08
:102B0000029B0AF5801A5AEA030A40F0368402460C
:102B10000B4610461946DDF717FB02460B46DDF75C
:102B2000F5FD2FE70022029220462946049300F08B
:102B3000B7FC049BB9F1000FCBD0F20F013A8CE740
:102B4000002A7FF42BAF009B03F1404303F5801371
:102B500023433FF433AF0B4B009A9A4240F2DF839A
:102B6000B8F1000FC0F24984504659460AE72246A0
:102B70002B46CEE70000F0FF0000F07F0000F03FA2
:102B8000FFFF3F43FFFFEF3F0000F0BF0000F043B7
:102B9000D74A3240002A40F02883D64B0022DDF786
:102BA0008BFC6FF034040B461A15A2F2FF32151994
:102BB000D14A0B95C3F3130343F07F54934244F47B
:102BC000401407DDCD4A934240F3E08301350B9575
:102BD000A4F5801400220023CDE90823CDE91023B9
:102BE000C74B0022CDE904230025DDE9042321465B
:102BF0008046DDF7A9FAA146DDE9042306460F4623
:102C000040462146CDE90C89DDF7A0FA02460B4685
:102C10000020BB49DDF77AFD0A460146CDE90E12D8
:102C20001346394602463046DDF746FC0A46014661
:102C30004FF0000CCDE902121146CDE900016410FD
:102C4000CDF800C0DDE9008944F0005404F500230C
:102C50000020591904460D4602460B464046494697
:102C6000DDF72AFC02460B4630463946DDF76CFAA2
:102C7000DDE9042306460F4620462946DDF764FABF
:102C800002460B46DDE90C01DDF75EFA42464B4693
:102C9000DDF712FC02460B4630463946DDF754FAA2
:102CA000DDE90E23DDF708FCDDE90245CDE904018D
:102CB00022462B4620462946DDF7FEFB7AA3D3E9C0
:102CC000002304460D46DDF7F7FB79A3D3E9002383
:102CD000DDF73CFA22462B46DDF7EEFB76A3D3E97F
:102CE0000023DDF733FA22462B46DDF7E5FB74A31C
:102CF000D3E90023DDF72AFA22462B46DDF7DCFB79
:102D000071A3D3E90023DDF721FA22462B46DDF734
:102D1000D3FB6FA3D3E90023DDF718FA224606465A
:102D20000F462B4620462946DDF7C6FB02460B46DA
:102D300030463946DDF7C0FB424604460D464B4659
:102D4000DDE90201DDF702FADDE90423DDF7B4FB7A
:102D500022462B46DDF7FAF9424604460D464B461D
:102D600040464946DDF7A8FB664B002206460F4663
:102D7000DDF7ECF922462B46CDE90C45DDF7E6F907
:102D800000240D4622462B4640464946DDF794FB7B
:102D90005C4B80468946002220462946DDF7D4F95F
:102DA00032463B46DDF7D0F902460B46DDE90C0121
:102DB000DDF7CAF9DDE90223DDF77EFB2246064690
:102DC0000F462B46DDE90401DDF776FB02460B4694
:102DD00030463946DDF7BAF906460F4602460B463D
:102DE00040464946DDF7B2F900243BA3D3E900236E
:102DF00020460D46DDF760FB42464B46804689463D
:102E000020462946DDF7A0F902460B4630463946F2
:102E1000DDF79AF932A3D3E90023DDF74DFB32A3A6
:102E2000D3E9002306460F4620462946DDF744FB3A
:102E300002460B4630463946DDF788F9DDE91023B6
:102E4000DDF784F906460B980F46DDF7CBFA3246DC
:102E500004460D463B4640464946CDE90289DDF72A
:102E600075F9DDE90823DDF771F922462B46DDF718
:102E70006DF9002022462B4680468946DDF764F92D
:102E8000DDE90823DDF760F9DDE90223DDF75CF910
:102E900002460B4630463946DDF756F9CDE90201C8
:102EA00032E000BFAFF30080EF4E454A287ECA3FB4
:102EB00065DBC9934A86CD3F01411DA96074D13FAE
:102EC0004D268F515555D53FFFAB6FDBB66DDB3FC0
:102ED000033333333333E33F000000E009C7EE3FF1
:102EE000FD033ADC09C7EE3FF5015B14E02F3EBE5F
:102EF0000000F07F000040438E98030079B60B007D
:102F00000000F03F000008400023CDE900AB009333
:102F1000DDE90067594632463B465046DDF714F975
:102F200042464B46DDF7C8FA5B4604460D4652461C
:102F3000DDE90201DDF7C0FA02460B4620462946CC
:102F4000DDF704F9324604460D463B464046494605
:102F5000DDF7B2FA0B46024606460F4620462946E2
:102F6000DDF7F4F8B44B9942A046A94604460D4655
:102F70008B4640F3168101F13F4303F5E003034321
:102F800040F01F829AA3D3E9002340464946DDF76B
:102F9000DDF83246CDE900013B4620462946DDF703
:102FA000D3F802460B46DDE90001DDF715FD0028E8
:102FB00040F007824FF400735B44C3F30A529F4C06
:102FC000A2F2FF32C3F31301144141F48011C2F1A4
:102FD000140241FA02FA002004EA0301BBF1000FD7
:102FE00002460B4630463946B8BFCAF1000ADDF743
:102FF000ABF802460B4606460F4640464946DDF70B
:10300000A5F84FEA0A5B0D4600247BA3D3E9002311
:1030100020462946DDF750FA3246CDE900013B460D
:1030200020462946DDF790F802460B4640464946C1
:10303000DDF78AF872A3D3E90023DDF73DFA72A326
:10304000D3E9002306460F4620462946DDF734FA29
:1030500002460B4630463946DDF778F8DDE900894F
:1030600006460F4602460B4640464946DDF76EF8D7
:1030700042464B4604460D46DDF766F802460B46CF
:1030800030463946DDF760F82246804689462B46B1
:1030900020462946DDF710FA5DA3D3E90023064652
:1030A0000F46DDF709FA5CA3D3E90023DDF74CF8FE
:1030B00032463B46DDF700FA59A3D3E90023DDF79A
:1030C00045F832463B46DDF7F7F957A3D3E900232D
:1030D000DDF73AF832463B46DDF7EEF954A3D3E983
:1030E0000023DDF733F832463B46DDF7E5F90246CB
:1030F0000B4620462946DDF727F806460F460246CE
:103100000B4620462946DDF7D7F90022CDE900011C
:103110004FF0804330463946DDF716F802460B463D
:10312000DDE90001DDF7F2FA424606460F464B465E
:1031300020462946DDF7C0F942464B46DDF706F842
:1031400002460B4630463946DCF7FEFF22462B4648
:10315000DCF7FAFF02460B4600203949DCF7F4FFA2
:103160000C465C44B4F5801FC0F235812146DDE990
:103170000623DDF7A1F905E4B8F1804F3FF497ACE1
:10318000304988457FF457AC2046294613B0BDE846
:10319000F04F00F065BE002A00F033810222029257
:1031A000C2E4DFF8A4C021F00043634540F2D580BB
:1031B000264B0B4403430AD132463B46DCF7C4FF9F
:1031C00042464B46DDF7FEFB00283FF4F3AEDDE957
:1031D000060100220023DDF7E1FB003818BF0120C3
:1031E00056E4002A7FF4C8ABB5E40024DCE400BF59
:1031F000FE822B654715973C00000000432EE63FFA
:10320000EF39FAFE422EE63F396CA80C615C20BE15
:10321000D0A4BE726937663EF16BD2C541BDBB3EDC
:103220002CDE25AF6A56113F93BDBE166CC1663FBA
:103230003E5555555555C53FFFFF8F400000F0FFE7
:103240000000F03F0000E03FFFCB904000346F3FB4
:103250009A42C0F0C480009A8D4B9A424FF000020F
:1032600000F2D7808A4BDCF76FFF7DA3D3E9002300
:1032700004460D46DDF720F97BA3D3E9002306467B
:103280000F4620462946DDF717F9824B80468946CE
:10329000002220462946DDF70FF902460B4674A1AD
:1032A000D1E90001DCF750FF22462B46DDF704F997
:1032B00002460B4600207849DCF746FF2246CDE95E
:1032C00000012B4620462946DDF7F6F802460B465C
:1032D000DDE90001DDF7F0F867A3D3E90023DDF7AE
:1032E000EBF802460B4640464946DCF72DFF024606
:1032F0000B4604460D4630463946DCF727FF0020D2
:1033000032463B4680468946DCF71EFF02460B46A6
:1033100020462946DCF718FFCDE90201F4E5B8F1B3
:10332000000F4FF000004FF00001BFF62BAB5046EE
:103330000BF10041FFF726BB002A7FF4BFABC1F1C0
:10334000140147FA01F000FA01F1B9426ED0504978
:103350008F423FF447ABFFF76BBB4F4A934274D8A1
:10336000DDE90023934692464EE622462B46484925
:103370000020DDF7CBF9FFF705BB029B012B7FF4A3
:1033800001AB01F100431946FFF7FCBA3CA3D3E9B6
:103390000023CDE908233CA3D3E90023CDE9102382
:1033A0003E4B0022CDE904234FF480251DE4B8F103
:1033B000000F7FF76CAB002013B0BDE8F04F00F0BA
:1033C000CBBCDDE9060100220023DDF7E7FA003877
:1033D00018BF0120F0E7524600F026FCC7E6DDE901
:1033E000060100220023DDF7D9FA003818BF0120BA
:1033F000B8F1000FBFF64CABDEE700200021FFF76D
:10340000C1BAB8F1804F3FF452AB02220292FFF7EB
:1034100013BBDDE906010023DDF7C0FA003818BF51
:103420000120B8F1000FC7DCFFF732BB184A974202
:103430003FF4D8AAB8F1804F3FF439AB00F0010057
:10344000C0F102020292FFF7F7BA1B15A3F2FE3396
:103450004FF4801242FA03F3AEE500BFAFF30080F1
:10346000000000604715F73F44DF5DF80BAE543EA7
:10347000555555555555D53FFE822B654715F73F98
:103480000000004003B8E23F06D0CF43EBFD4C3EC6
:103490000000F03F0000D03F0000E03F0000F83F98
:1034A00021F00043194670472DE9F04F31F0004AF2
:1034B00087B00C46804681460DD180F480094FEAE2
:1034C000490919F5000F18D921464046DDF742FB9E
:1034D00007B0BDE8F08F20F0004BBBF1FF4F0D4669
:1034E00002D8BAF1FF4F0DD9B9F17E5FECD185F466
:1034F00080056D0015F5000FE6D84FF07E5007B03F
:10350000BDE8F08F00285F46C0F23081BAF1FF4F6E
:1035100000F04081BAF17E5F00F07E81B1F1804F12
:1035200000F0AA810026B5F17C5F40F05381B9F12B
:10353000000F404680F2A58100F072FBBBF1FF4F07
:1035400000F05D81BBF1000F00F05981BBF17E5F9F
:1035500000F04A814FEAD973013B56EA0302009317
:1035600000F09481BAF19A4F40F29881B04B9B459C
:1035700040F2E482AF4B9B4500F2EC824FF07E516B
:10358000DDF7E6FAAC498046DDF7ECFBAB49814656
:103590004046DDF7E7FB4FF07A5182464046DDF7C3
:1035A000E1FB0146A648DDF7D3FA4146DDF7DAFB39
:1035B00001464FF07C50DDF7CBFA4146834640464A
:1035C000DDF7D0FB01465846DDF7CCFB9D49DDF722
:1035D000C9FB01465046DDF7BBFA01468046484626
:1035E000DDF7B8FA20F47F6B2BF00F0B49465846F5
:1035F000DDF7AEFA01464046DDF7AAFA25F47F670B
:10360000009B013E27F00F071E43804639462046A7
:103610000CBF8D4E4FF07E56DDF79AFA5946DDF716
:10362000A1FB214605464046DDF79CFB01462846A6
:10363000DDF790FA394605465846DDF793FB01461B
:1036400004462846DDF786FA0028074680460146EC
:1036500020F0004240F33D82B2F1864F00F2CA8270
:1036600000F0AA82B2F17C5F00F2CC824FF0000839
:10367000474621F47F6A2AF00F0A74495046DDF765
:1036800071FB214681465046DDF762FA0146284625
:10369000DDF75EFA6E49DDF765FB6E49044650467C
:1036A000DDF760FB01462046DDF754FA044601468B
:1036B0004846DDF74FFA49460546DDF749FA014627
:1036C0002046DDF745FA294681462846DDF74AFBC4
:1036D00061490446DDF746FB6049DDF739FA2146CA
:1036E000DDF740FB5E49DDF735FA2146DDF73AFBB1
:1036F0005C49DDF72DFA2146DDF734FB5A49DDF749
:1037000029FA2146DDF72EFB01462846DDF720FA8F
:10371000044601462846DDF725FB4FF080418246EE
:103720002046DDF715FA01465046DDF7CFFB494646
:1037300004462846DDF716FB4946DDF70BFA01463D
:103740002046DDF705FA2946DDF702FA01464FF07B
:103750007E50DDF7FDF903464344B3F5000FC0F298
:10376000F58118463146DDF7FDFAB1E6BAF1974F1B
:1037700019D2BAF17E5F1BD2B1F1804F7CD0B1F18A
:103780007C5F26D100F04CFABBF1FF4F3FF4A0AEB6
:103790000026D7E6BBF17E5F3FF4AFAE42D9002DE5
:1037A0003EDB204694E6BAF1FF4FF3D00226BAE69C
:1037B0004FEAEA52C2F196024AFA02F101FA02F223
:1037C000524500F07381BAF17E5F25D0B4F1804F8D
:1037D00052D00026404600F023FABBF1FF4F03D041
:1037E000BBF1000F7FF4B2AE002D04DA01464FF0BA
:1037F0007E50DDF76BFBB9F1000FBFF669AEABF1A0
:103800007E5B5BEA060B40F05E810146DDF7A0F9C6
:103810000146DDF75BFB5BE6002D27DB404657E604
:10382000002055E6002DFBDA04F1004050E600BF11
:10383000F3FF7F3F0700803F00AAB83F70A5EC363A
:10384000ABAAAA3E3BAAB83F000080BF0072313F3E
:103850001872313F8CBEBF354CBB31330EEADD35BB
:1038600055B38A38610B363BABAA2A3E41464FF02E
:103870007E50DDF72BFB2BE641464046DDF772FA22
:1038800026E607B0BDE8F04F00F0D8BB4146404601
:10389000DDF75EF90146DDF719FB19E619F0FF4F78
:1038A00040F04A814FF09741DDF75CFA6FF0170165
:1038B0000746FA157F3A0A44AF490192C7F3160347
:1038C0008B4243F07E5707DDAC498B4240F34A817F
:1038D00001320192A7F50007002305934FF07E5BAC
:1038E00004934FF0000859463846DDF731F9594640
:1038F00081463846DDF72EF901464FF07E50DDF760
:10390000E5FA014603904846DDF72CFA7A1042F0BA
:10391000005202F58022424420F47F6828F00F080C
:103920001146BA46074640460292DDF71BFA0146A9
:103930004846DDF70DF9029A814659461046DDF7F3
:1039400007F901465046DDF703F94146DDF70AFA6B
:1039500001464846DDF7FCF8039B1946DDF702FAFD
:10396000394683463846DDF7FDF985498146DDF75E
:10397000F9F98449DDF7EEF84946DDF7F3F98249B4
:10398000DDF7E8F84946DDF7EDF98049DDF7E2F8C3
:103990004946DDF7E7F97E49DDF7DCF84946DDF712
:1039A000E1F97C49DDF7D6F8494682464846DDF71D
:1039B000D9F901465046DDF7D5F9414681463846EA
:1039C000DDF7C8F85946DDF7CDF94946DDF7C2F80D
:1039D000414682464046DDF7C5F96F490290DDF762
:1039E000B9F85146DDF7B6F820F47F6929F00F09E0
:1039F00049464046DDF7B6F9674980464846DDF757
:103A0000A7F80299DDF7A4F801465046DDF7A0F8C3
:103A10003946DDF7A7F9494682465846DDF7A2F94F
:103A200001465046DDF796F8834601464046DDF7ED
:103A300091F820F47F6A2AF00F0A58495046DDF7C2
:103A400091F9414681465046DDF782F801465846D5
:103A5000DDF77EF85249DDF785F952498046504638
:103A6000DDF780F901464046DDF774F80499DDF78B
:103A700071F880460198DDF721F9414682464846B3
:103A8000DDF768F8059F3946DDF764F85146DDF744
:103A900061F820F47F6B2BF00F0B51465846DDF791
:103AA00057F83946DDF754F84946A1E5BAF17E5F8B
:103AB0003FF4B2AEB4F1804F3FF4DEAE01F001014D
:103AC000C1F1020686E6012E7FF402AD00F100404E
:103AD000FEE4354B9A4200F297807FF4C3AD214655
:103AE000DDF736F82946DDF7EFFA002840F08C8044
:103AF00086227E3A4FF40003134143442B49C3F31B
:103B0000C7527F3AC3F31607114147F40007C2F1C9
:103B100017021741B8F1000F01EA0301B8BF7F4255
:103B20002046DDF715F8014604462846DDF712F871
:103B30004FEAC75801469CE50021BAE6002D0BDB91
:103B4000002007B0BDE8F04F00F082B9394600F020
:103B500009F907E6002DF3DD002007B0BDE8F04FBE
:103B600000F07AB9124B0593124B04934FF07F5B30
:103B70004FF40018B7E600BF71C41C00D6B35D0057
:103B800042F1533E55326C3E05A38B3EABAAAA3E92
:103B9000B76DDB3E9A99193F000040400038763FF0
:103BA0004F38763FA0C39D3600001643000080FFCB
:103BB00000C0153FDCCFD13517492846DCF7CAFFD6
:103BC000214681463846DCF7C3FF01464846DDF70B
:103BD00085FA78B907F50043DA1510497F3A1141A3
:103BE0001940C3F31603C2F1170243F4000343FA6A
:103BF00002F795E700213046DDF752FA003818BF8A
:103C00000120AAE7D21574E700213046DDF748FA13
:103C1000003818BF012094E73CAA3833000080FF29
:103C200020F00040704700BF70B51646C1F30A523D
:103C300004460D460B465ABB21F00043034326D0F1
:103C40002D4B0022DCF738FC2C4B9E4204460D46DF
:103C500043DBC1F30A520B46363A4CF250318E42E6
:103C60001EDC164440F2FE72964219DC002E23DC64
:103C700016F1350F28DB23F0FF4323F4E00336363B
:103C800043EA065120461E4B0022DCF715FC70BDAE
:103C900040F2FF7C6245E0D10246DCF757FA70BD86
:103CA00011A3D3E90023ED0F1C4665F3DF74214611
:103CB0001448DCF701FC70BD23F0FF4323F4E0035C
:103CC000204643EA065170BD05F0004343F0D2712F
:103CD00041F4B7310C4841F01F0105A3D3E900239B
:103CE000DCF7EAFB70BD00BF9C7500883CE4377EC2
:103CF00059F3F8C21F6EA50100005043B03CFFFF0E
:103D00000000903C9C75008859F3F8C2D0B5064677
:103D10000F46144601F070FD0346394630461C60DC
:103D2000D0BD00BF10B5044682B0104619460CB194
:103D300003F10043CDE90023DDE90023DCF7BCFB00
:103D4000222202B0BDE81040FFF7E0BF00224FF092
:103D50008053FFF7E7BF00BF00224FF0E043FFF7BB
:103D6000E1BF00BF10B50C4630F0004103461DD046
:103D7000B1F1FF4F1BD210F0FF4F02461BD14FF0A5
:103D80009841DCF7EFFF204A944203462CDBC0F356
:103D9000C75102464CF250308442A1F1190110DDA6
:103DA0001A49184661F31E00DCF7DCFF10BD01461E
:103DB000DCF7D0FE10BD4CF2503084424FEAD151B6
:103DC000EEDC2144FE29EBDC002911DC11F1160F99
:103DD00013DB01F1190022F0FF424FF04C5142EA8F
:103DE000C050DCF7BFFF10BD0949DCF7BBFF10BDB9
:103DF00022F0FF4242EAC15010BD0549184661F366
:103E00001E00DCF7AFFF10BDB03CFFFFCAF24971E6
:103E10006042A20D38B505460C4601F0EDFC0346A4
:103E200028461C6038BD00BF08B540B101F1004014
:103E3000DCF798FFBDE808402221FFF7EBBF0846FA
:103E4000DCF790FFBDE808402221FFF7E3BF00BF89
:103E50004FF08051FFF7E8BF4FF0E041FFF7E4BFBC
:103E60002DE9F84F724F8F4304460D4600F0B280A3
:103E700000290B460646024655DD081500F09B80DA
:103E8000C3F31303C107A0F2FF3743F4801303D435
:103E9000D10F01EB430352005B00002603EBD2730A
:103EA0007F1052001624B4464FF400110CEB0100B1
:103EB000984203DC1B1A01EB000C0E445B00013C32
:103EC00003EBD2734FEA51014FEA4202EED1A04612
:103ED00020254FF000400AE039D0590001EBD271A3
:103EE000013D0B464FEA42024FEA50003BD09C4551
:103EF00008EB000EF0DABEF1000F0EEB00080CDB51
:103F0000E146A3EB0C01964588BF01F1FF31490062
:103F1000CC46A2EB0E020444E0E7B8F1000FEFDB61
:103F20000CF10109EDE721F0004707433DD00029DE
:103F300073D1D10A153B52050029FAD0CD0218469B
:103F400016460B4637D520244FF0FF313EE096450C
:103F500002D94FEA4C01C1E7BEF1000F0EEB000899
:103F600025DB0021D5E7114312D0DFF8C8A0DFF828
:103F7000C8B0DAE90001DBE90023DCF7E5F8DAE9AB
:103F8000008902460B4640464946DCF711FD58BB06
:103F90006508731003F17F53F20703F5001348BF60
:103FA00045F0004503EB07512846BDE8F88FB8F10E
:103FB000000FB5DAD5E700225B00DC02114602F102
:103FC0000102F9D5C2F1200406FA02F2E640401AD5
:103FD000334355E702460B46DCF76EFA22462B4682
:103FE000DCF7B4F8BDE8F88FB4F1FF3FDAE900017F
:103FF000DBE9002318D0DCF7A9F8DAE900890246EA
:104000000B4640464946DCF7C9FC78B1A11C04F1D7
:10401000020508BF01366D08BBE7DCF795F80246DC
:104020000B46DCF773FBC0E70136B2E70134AFE7BC
:104030000000F07F780100207001002020F0004295
:10404000B2F1FF4F2DE9F041044654D2002A50D07E
:104050000028034657DB14F0FF4F4FEAE05009D128
:1040600014F400025BD15B001C02114602F1010254
:10407000F9D5401AC3F3160242F40002C307A0F1B7
:104080007F0558BF520000246D1052004FF0190EEA
:1040900021464FF0807C01EB0C039342DDBF03EB24
:1040A0000C016444D31A1346BEF1010E4FEA4302D9
:1040B0004FEA5C0CEFD1BBB11A4E1B4F3068396828
:1040C000D6F80080DCF744FD01464046DCF7F2FFFD
:1040D00050B1306839683668DCF73CFD014630463F
:1040E000DCF7DEFFB8B10234601000F17C5000EB69
:1040F000C550BDE8F0810146DCF734FE2146DCF70F
:1041000029FDBDE8F0810146DCF722FD0146DCF720
:10411000DDFEBDE8F081013424F00104E4E74FF056
:10412000FF31A6E7840100208001002008B50620A9
:1041300001F0F0FA0120E3F7C7FB002100F084BF93
:104140000A22002101F062B8024B0146186800F013
:104150002DB800BF00030020024B0146186801F093
:10416000B1BB00BF0003002070B50F4E0C46316894
:10417000054611B901F01EFB30602146284601F0CA
:1041800019FB431C03D14FF0FF34204670BDC41C03
:1041900024F00304A042F8D0211A284601F00AFBBB
:1041A0000130F2D1EFE700BFD04100202DE9F84304
:1041B000CD1C25F0030508350C2D38BF0C25002D2E
:1041C000064601DBA94204D90C2333600020BDE878
:1041D000F883DFF8D48000F069F8D8F800301C4686
:1041E00044BB29463046FFF7BFFF431C044658D165
:1041F000D8F800402746002F43D1002C4BD023682D
:104200003946304604EB030901F0D4FA814542D126
:1042100021686D1A29463046FFF7A6FF01303AD0D3
:1042200023682B442360D8F800305A6862BBC8F872
:1042300000700FE02268521B20D40B2A17D9611995
:10424000A342256018BF5960636808BFC8F8001012
:1042500062514B60304600F02FF804F10B00231D33
:1042600020F00700C21A1CBF1B1AA350AFE76268F8
:10427000A3420CBFC8F800205A60EBE723466468ED
:10428000AEE73C467F68B6E71A465B68A342FBD1BF
:1042900000235360DEE70C233360304600F00CF857
:1042A00094E70560D6E700BFD4410020014801F043
:1042B000CEBA00BF18430020014801F0C9BA00BFC0
:1042C0001843002038B5104B1D682B6B0446B3B95A
:1042D0001820FFF739FF0246286320B90B4B0C4822
:1042E000462101F0D1FA0B490B4BC0E900130B4BEF
:1042F00083600B23838100210120C2E904012B6B21
:1043000000221C615A6138BD000300201D230308F0
:10431000342303080E33CDAB34126DE6ECDE05001A
:10432000164B10B51C68236BB3B91820FFF70CFFB0
:104330000246206320B9124B1248522101F0A4FA20
:104340001149124BC0E90013114B83600B23838189
:1043500000210120C2E90401216B0E480B694C6960
:104360000D4A584302FB0400A3FB0232013340EB29
:104370000200C1E9043020F0004010BD000300201D
:104380001D230308342303080E33CDAB34126DE62E
:10439000ECDE05002DF451582D7F954C024B0A465A
:1043A0000146186800F002B8000300202DE9F04132
:1043B000804615460C4621B9BDE8F0411146FFF78D
:1043C000F5BE2AB901F07EFA00242046BDE8F0814E
:1043D00002F0B8FA8542064602D8B5EB500FF4D881
:1043E00029464046FFF7E2FE07460028ECD0B542DA
:1043F0002A46214628BF324601F033FA214640467C
:1044000001F060FA3C46E0E72DE9F0410F469046A6
:1044100002F062F904460D46B8F1000F11D0C7F35F
:104420000A53C3F16B03002B0BDD1B0503F17F5512
:10443000002405F5401522462B46DCF73DF80446DE
:104440000D4620462946BDE8F0810000000000002E
:104450002DE9F04F9DB082460E92002218920C4634
:104460004FF000084FF000090A46179211782B29E7
:104470003BD02CD80D2926D8082926D800292FD0A2
:1044800000220C92179D2A78302A7BD16A7802F09C
:10449000DF02582A6CD102930C9B019318AB009356
:1044A000884A19AB17A9504601F0BCFA10F00F0664
:1044B00004463ED0062E1AD10E9B0BB101351D606D
:1044C0004046494640E02029DAD10132CDE72D2986
:1044D000D6D101210C91511C17915278002AD1D1CB
:1044E0000E9B002BECD01C60EAE70021F2E7189A43
:1044F0003AB135211AA802F0E1F91899504601F0B5
:10450000B5FD013E199A042E06D8DFE806F0200317
:10451000292C2000DDE91A89E10548BF49F000494E
:1045200029F000431B0D1B051BB901F065F922237F
:1045300003600E9B13B10E9A179B13600C9B002B0C
:10454000BED0404609F100411DB0BDE8F08FDDE965
:104550001A8302F2334223F4801343EA0259DBE761
:10456000DFF86491D8E76FF000494FF0FF38D3E7E8
:10457000179B5A1C17925B78302BF9D0002BD8D0A0
:10458000012300E000230027CDE905770493179B62
:104590000A930A2217980578A5F13003D9B20929A0
:1045A00024D94A49012201F042F800282DD00020E8
:1045B0002A46059D83460346652A01D0452A13D124
:1045C0001DB9049A02438BD00025179C621C1792D8
:1045D00062782B2A6DD02D2A71D04FF0000CA2F1F9
:1045E0003001092978D91794002696E00599082901
:1045F000DDBF069902FB0133069302FB0737059BDB
:104600000130013305931790C4E7179B5A1C17928A
:104610005A78059BABB383461D46A2F13003092BA4
:1046200012D90123C8E7179B5A1C17925A780130F8
:10463000302AF8D0A2F13103082B00F2EA84179B4C
:104640000A93834600200546303A00F1010312D058
:104650009B4400EB050C2B460A219C4513D12B18DB
:10466000082B05F10105054419DC06990A2303FB13
:10467000012306930023179A511C1791527818466C
:10468000CBE70598D4E7082B03F1010303DC069E72
:104690004E430696E1E7102BD8BF4F43DDE70F2BC3
:1046A000DCBF0A2303FB0727E4E74FF0000B0123DD
:1046B00087E74FF0000CA21C1792A2788FE74FF00B
:1046C000010CF8E7CC2303080000F07FCBA7020819
:1046D000179A511C17915278302AF9D0A2F1310162
:1046E000082981D8303A0792179A0D92179A561CCA
:1046F00017965278A2F1300EBEF1090F38D90D99F4
:10470000761A082E44F61F6603DC07998E42A8BF6E
:104710000E46BCF1000F00D07642002D4FD1049917
:1047200008437FF406AF002B7FF4DAAE692A29D064
:1047300026DC492A26D04E2A7FF4D2AE9C4917A8FF
:1047400001F092FB00283FF4CBAE179B1B78282B7F
:104750002FD198491AAA17A801F09AFB052828D149
:104760001B9BDDF8688043F0FF4949F4E009E0E66F
:10477000079E0A2101FB0621A1F130020792B5E74D
:104780006E2AD9E78C4917A801F06EFB00283FF488
:10479000A7AE179B8949013B17A8179301F064FB4B
:1047A00010B9179B01331793DFF814924FF00008EC
:1047B000BFE68448FDF76CFE80468946B9E6A6EB65
:1047C0000B030F93059B0698002B08BF2B46102D5B
:1047D00005932C46A8BF1024DBF7F4FD092D804675
:1047E000894614DCA6EB0B03002B3FF4A2AEA6EB2C
:1047F0000B0379DD162B45DC0F9B734901EBC301DD
:10480000D1E9000142464B46DBF756FED4E76E4B3A
:1048100003EBC40353E91223DBF74EFE8046384610
:104820008946DBF7CFFD02460B4640464946DBF79B
:104830008DFC0F2D80468946D4DD2C1BA6EB0B0387
:104840001C44002C26DC00F0A380644214F00F020C
:104850000AD05D4B03EBC20340464946D3E900232F
:10486000DBF754FF80468946241100F091801F2C0D
:1048700040F3B28022234FF000084FF00009CAF83D
:10488000003056E6C5F12503A6EB0B02934219DA78
:104890002C1B144414F00F030AD04B4901EBC30145
:1048A00042464B46D1E90001DBF706FE80468946C9
:1048B00034F00F046CD0B4F59A7F41DD2223CAF89E
:1048C000003071E7404CC5F10F0504EBC5014246CD
:1048D0004B46D1E90001DBF7EFFD0F9B5D1B04EBBD
:1048E000C504D4E900238FE71633A6DB364BABEBC8
:1048F000060203EBC203D3E9002340464946DBF737
:1049000005FF59E7002306932223DFF8B490CAF885
:1049100000304FF000081899504601F0A7FB0699A7
:10492000504601F0A3FB0599504601F09FFB1099FA
:10493000504601F09BFB0799504601F097FBF8E5C4
:104940000023224F0493241140464946012C22DCC7
:104950000BB180468946049B1C49A9F1547901EBAF
:10496000C30142464B46D1E90001DBF7A5FD144BDC
:104970000A460B4016498B4280469FD8A1F580110C
:104980008B4286BFDFF84C904FF0FF3802F154792C
:10499000002304934BE0E20704D5D7E90023DBF7BB
:1049A0008BFD0123049A0132049264100837CDE78D
:1049B000B2230308B8230308A9230308AC23030880
:1049C0000000F07F1A2303088826030860260308E6
:1049D0000000A07CFFFFEF7F14F0100318BF6A23D4
:1049E000AB4F0493404649460023E20704D5D7E97C
:1049F0000023DBF761FD0123641007F10807F4D100
:104A00000BB180468946049B43B1C9F30A52C2F1F7
:104A10006B03002B494650DC6A23049300220023D9
:104A200040464946DBF7B0FF00287FF423AF069BE2
:104A30000093059A0A992B46504601F07FFB10908F
:104A400000283FF43BAF0F9BABEB060B002BB4BF32
:104A50005B46002311930F9B23EAE3731593002316
:104A600007930593109B5046596801F0BFFA0690D2
:104A700000283FF449AF109B1A69023203F10C0180
:104A800092000C3000F0EDFE1AAB019319AB0093CD
:104A900042464B465046CDE90A8901F087FE189000
:104AA00000283FF431AF0121504601F0E1FB0590B1
:104AB0000346D0B90023059326E71F2B0EDD342BC8
:104AC000DEBF4FF0FF33C2F14B0293404FF00008BE
:104AD000CCBF4FF05C7903EA01099DE74FF0FF324C
:104AE00002FA03F303EA080896E7199C1A9A002CC5
:104AF000ABBF119B159B159E119FACBFE7181E1BEA
:104B0000049BE41A1444634B013C9C42C2F13602FC
:104B100080F2B2801B1B1F2BC2BFC4F17F4404F57F
:104B20007F0404F57B444FF00105C8BFE234A2EBDB
:104B30000302DABF9D40002405FA04F407EB020BE0
:104B4000049B5F4516441E443B46A8BF5B46B342E8
:104B5000A8BF3346002BC2BFABEB030BF61AFF1AFC
:104B6000119B002B16DD05991A46504601F040FCBA
:104B7000059000289ED00146189A504601F08EFB01
:104B80000D9000283FF4C0AE1899504601F06EFA1F
:104B90000D9B1893BBF1000F71DC0F9B002B08DD00
:104BA000159A0699504601F023FC069000283FF420
:104BB000A9AE002E08DD06993246504601F072FC7F
:104BC000069000283FF49EAE002F08DD05993A4676
:104BD000504601F067FC059000283FF495AE069A18
:104BE0001899504601F0E6FC079000283FF48CAE7F
:104BF000C3680D9300230599C36001F0BFFC002832
:104C00004ADA0D9B53EA080340F0BC80C9F3130352
:104C1000002B40F0B78029F000431B0D1B05B3F1BA
:104C2000D66F40F2AF80079B5B6923B9079B1B6976
:104C3000012B40F3A78007990122504601F032FC76
:104C40000599079001F09AFC002840F39B8029F019
:104C50000043049A1B0D1B05002A79D0B3F1D66FCF
:104C60006DD8B3F15C7F45D84FF000084FF00009D4
:104C70002223CAF800304EE6002401255EE7189989
:104C80005A46504601F00EFC1890002885D13BE6AC
:104C9000E023030802FCFFFFCB4640F0A4800D9AFE
:104CA000C9F31303002A41D0974A934259D1049B78
:104CB00042467BB9B8F1FF3F40F08A80934B99455B
:104CC0003FF422AE924BDDF8108009EA030303F5AE
:104CD000801920E68E4B09EA0303B3F1D46F17D98C
:104CE00018F101011CD1894A91453FF40DAE03F53D
:104CF00080198046874B404649460022DBF7DCFBA3
:104D0000834B0B4080468946002B7FF404AEAFE70F
:104D10001E0DC6F16B064FF0FF31B1408845E6D05D
:104D2000002C5ED014EA0B0FE4D01EE0002B4AD119
:104D3000B8F1000F8BD064B314EA0B0F2BE0A3F58E
:104D400080136FEA13596FEA09594FF0FF38D1E722
:104D5000A3F580136FEA13596FEA09594FF0FF3832
:104D6000D9E59CB114EA090F0CD0049A4046494693
:104D7000FFF74AFB02460B46DDE90A01DBF7E6F9DD
:104D800080468946049B002BB4D1C4E515EA080F80
:104D9000EAE718EA050FF5D0049A40464946FFF7BE
:104DA00033FB02460B46DDE90A01DBF7CDF90022B1
:104DB000002304460D46DBF7E7FD00287FF454AFDF
:104DC000A046A946DEE7002CB6D115EA080FE2E7B7
:104DD00024B114EA090F3FF49EADC6E718EA050FA7
:104DE000F9E72A42A0E70599079801F037FD00226C
:104DF0004FF0804304460D46DBF7DAFD00286DD006
:104E00000D9B002B78D1B8F1000F56D1C9F31303D5
:104E1000002B59D1404B002220462946DBF7BEFD2E
:104E2000002858D1204629463C4B0022DBF744FBA2
:104E300004460D4605F1004308940993344B344A67
:104E40000BEA03031493364B0BEA02029A42DDE9A4
:104E5000086740F09F80ABF154794046494601F025
:104E60003BFCDDE90823DBF727FB42464B46DBF73B
:104E70006DF90B4626492B4A19409142804655D977
:104E80000B9A224B9A4203D10A9B01333FF43CAD6B
:104E9000DFF878904FF0FF381899504601F0E6F8A7
:104EA0000699504601F0E2F80599504601F0DEF807
:104EB0000799504601F0DAF8D4E5B8F1010F03D1B3
:104EC000B9F1000F3FF4D0AE174C134D0023CDE9DC
:104ED00008340024B2E7114D0024ABE70F4B204605
:104EE00029460022DBF7E8FA0D9B04460D46002B0D
:104EF000A0D0CDE90845A1E7074C0023CDE908344F
:104F000025461C469AE700BFFFFF0F00FFFFEF7F1B
:104F10000000F07F000050390000F03F0000E03F4B
:104F20000000E07FFFFF9F7C0000F0BF03F1547999
:104F3000049B4E46002BAFD129F00043149A1B0D61
:104F40001B059A42A8D12046294602F027FBDBF731
:104F500085FA0B46024629462046DBF7F5F8C9F3E9
:104F600013060D9B46EA08061E4304460D464AD02A
:104F70002DA3D3E90023DBF711FD00287FF4CBAC90
:104F80002BA3D3E9002320462946DBF725FD002883
:104F900082D0C0E4049B13B3149BB3F1D46F1ED82A
:104FA00025A3D3E9002320462946DBF701FD90B174
:104FB00029462046DBF758FD012838BF0120DBF7E2
:104FC00001FA0D9B04460D46D3B901F1004312903E
:104FD0001393DDE91267149A07F1D6639F1ADDE98E
:104FE0000A0101F079FB02460B4630463946DBF7F1
:104FF00063FADDE90A23DBF7A9F88046894697E7DB
:10500000CDE91245E5E70EA3D3E90023DBF7C6FCA3
:10501000BDE7652A3FF449AB452A3FF446AB01237F
:10502000FFF77DBBAFF300809535A094FFFFDF3F16
:1050300035E5AF350000E03F0000C0FFFFFFDF4176
:105040009535A094FFFFCF3F0A4601460248034B27
:105050000068FFF7FDB900BF0003002094010020A5
:105060002DE9F843244D254B0A4601462868FFF7F1
:10507000EFF902460B4606460F46DBF7B7FC68B170
:10508000002F1F4806DA00F0FBFB00F10044204629
:10509000BDE8F883BDE8F84300F0F2BB394630467E
:1050A000DBF702FD20F00048044616494046DCF7D5
:1050B0001FF8B0B913494046DBF7FCFF88B927F069
:1050C0000049114B4FF0FF3230464946DBF78EFC6A
:1050D00070B90D4B4FF0FF3230464946DBF768FCA4
:1050E00030B914F0FF4FD2D1084B3B40002BCED04B
:1050F0002B6822221A60CAE70003002094010020D6
:105100001A230308FFFF7F7FFFFFEF7F0000F07F80
:10511000242B2DE9F0478646904601D8012B06D175
:1051200000F06AFB162303600020BDE8F0873648D4
:105130000D462A4615F8014B065D16F00806F8D113
:105140002D2C24D12C780126951C2BBB302C30D053
:105150000A2306F1004C0CF1FF3C0022BCFBF3F9E2
:10516000104603FB19CAA4F13007092F28D83C4682
:10517000A34234DD571C07D081452DD301D1A24570
:105180002ADB00FB0340012215F8014BEBE72B2C37
:1051900004BF2C78951CD8E7102BDAD1302CD8D14D
:1051A0002A7802F0DF02582AD3D16C781023023516
:1051B000CFE72B7803F0DF03582BF6D00823C8E79E
:1051C000A4F14107192F01D8373CD1E7A4F16107B9
:1051D000192F04D8573CCBE74FF0FF32D4E7531CCC
:1051E00008D12223CEF800306046B8F1000F9CD0E1
:1051F000691E06E006B14042B8F1000F95D0002AC2
:10520000F6D1C8F8001090E70924030813460A46AF
:10521000014602480068FFF77BBF00BF0003002083
:10522000002310B50446C0E90033C0E904338360AD
:1052300081814366C2818361194608225C3000F097
:10524000D0F90D4B63620D4BA3620D4BE3620D4B26
:1052500023630D4B24629C4206D003F16802944202
:1052600002D0D0339C4205D104F15800BDE8104073
:1052700000F0ECBA10BD00BF4D5402086F54020894
:10528000A7540208CB540208D8410020024A03491F
:10529000034800F069B800BF88010020517002087F
:1052A0000403002041680C4B994210B5044601D01C
:1052B00001F0CEFEA168094B994202D0204601F0D0
:1052C000C7FEE168064B994204D02046BDE8104075
:1052D00001F0BEBE10BD00BFD841002040420020FA
:1052E000A842002010B50B4B0B4C0C4A1A6020460C
:1052F00000220421FFF794FF04F168000122092134
:10530000FFF78EFF04F1D0000222BDE81040122109
:10531000FFF786BF10430020D84100208D520208BD
:10532000014800F094BA00BF19430020014800F082
:105330008FBA00BF1943002010B50446FFF7F0FFF5
:10534000236A1BB1BDE81040FFF7F0BF044B236296
:10535000044B1B68002BF5D1FFF7C4FFF2E700BF39
:10536000A5520208104300202DE9F843074688465D
:1053700014460026D4E90195B9F1010905D5246840
:10538000002CF7D13046BDE8F883AB89012B07D953
:10539000B5F90E30013303D029463846C0470643DD
:1053A0006835E9E70CB430B5174B0C1E1D689DB08D
:1053B00008DA8B232B604FF0FF301DB0BDE8304082
:1053C00002B070474FF40273ADF8143014BF04F10B
:1053D000FF332346049307934FF6FF730290069022
:1053E000ADF81630209A21AB02A92846019301F0AE
:1053F00019FB431CBCBF8B232B60002CDDD0029B10
:1054000000221A70D9E700BF000300200EB400B5D7
:105410009CB01DAB029006906FF0004109480791C7
:105420000491094953F8042B05910068019302A9DE
:1054300001F0F8FA029B00221A701CB05DF804EB30
:1054400003B07047000300200802FFFF10B50C46B0
:10545000B1F90E1000F088F90028ABBF636DA38985
:105460001B1823F48053ACBF6365A38110BD2DE9E5
:10547000F0411F468B89DB0505460C46164605D5CF
:10548000B1F90E100223002200F05CF9A389B4F9EF
:105490000E1023F48053A38132463B462846BDE8D4
:1054A000F04100F097B910B50C46B1F90E1000F0BC
:1054B00049F9431CA38915BF606523F4805343F465
:1054C0008053A38118BFA38110BDB1F90E1000F065
:1054D00029B9F0B5ADF5057D0E4604AF4FF4007166
:1054E000039100933946134603AA054600F020F8BD
:1054F000044680B10246039B3146284600F06AF913
:10550000BC42039003D02146284600F0DBF9039803
:105510000DF5057DF0BD4FF0FF30F9E713460A4663
:10552000014602480068FFF7D4BF00BF0003002017
:1055300030B515469BB02C681A46D9B1002C19D04D
:105540004FF4C16300910491ADF80C30214619DB92
:105550004FF6FF7302910591ADF80E3069461E9B20
:1055600001F060FA00280FDB009B286000221A700F
:1055700004980AE000214FF42273ADF80C3000913A
:105580000491E5E78B23036000201BB030BD10B50C
:1055900001390244904201D1002005E0037811F85E
:1055A000014FA34201D0181B10BD0130F2E7884221
:1055B00010B501EB020402D98442234607D8431EEA
:1055C000A14208D011F8012B03F8012FF8E702449B
:1055D00001468A4200D110BD13F8014D02F8014D79
:1055E000F7E702440346934200D1704703F8011BDA
:1055F000F9E7C9B20346184613F8012B12B18A42E3
:10560000F9D17047002918BF0020704770B50346D4
:105610001E4613F8014B44B14A1E01E0A54204D0D6
:1056200012F8015F002DF9D1F2E7301A70BD10B504
:105630006AB10139841810F8012B11F8013F9A4220
:1056400003D1A04201D0002AF5D1D01A10BD1046D6
:10565000FCE710B50139034632B111F8014F03F8E8
:10566000014B013A002CF7D11A440021934200D19A
:1056700010BD03F8011BF9E738B511F0FF0403462C
:105680000ED12146BDE83840FFF7B3BF431C0546A5
:1056900021461846FFF7ADFF0028F7D1284638BD50
:1056A0000025F5E770B503461E4613F8014B3CB1E3
:1056B0004A1E01E0A542F7D012F8015F002DF9D192
:1056C000301A70BD1F2938B505460C4604D916237B
:1056D00003604FF0FF3038BDC26B12B152F8213079
:1056E0004BB9284600F064F8224601462846BDE83A
:1056F000384000F04BB8012B0AD0591C03D11623B7
:1057000003600120E7E7002142F824102046984773
:105710000020E0E7024B01461868FFF7D3BF00BF47
:105720000003002038B5064D0023044608462B60D0
:10573000E2F7BCF8431C02D12B6803B1236038BDEB
:105740001443002038B5074D044608461146002290
:105750002A601A46E2F7B4F8431C02D12B6803B161
:10576000236038BD1443002038B5074D0446084671
:10577000114600222A601A46E2F7A4F8431C02D11F
:105780002B6803B1236038BD1443002038B5074DA2
:1057900000230446084611462B60E2F797F8431CA5
:1057A00002D12B6803B1236038BD00BF1443002031
:1057B000E2F794B838B5064D0023044608462B603E
:1057C000E2F756F8431C02D12B6803B1236038BDC1
:1057D0001443002038B5074D044608461146002200
:1057E0002A601A46FBF79CFB431C02D12B6803B1CD
:1057F000236038BD14430020014B1868704700BF78
:105800000003002070B50D4D0D4C641BA410002644
:10581000A64209D10B4D0C4C01F0F6FE641BA410FE
:105820000026A64205D170BD55F8043B98470136C5
:10583000EEE755F8043B98470136F2E78C2703085A
:105840008C2703088C270308C42703087047704778
:105850007047034611F8012B03F8012B002AF9D1F8
:1058600070470A44914200F1FF3300D1704710B5F0
:1058700011F8014B03F8014F9142F9D110BD00001E
:10588000004870470000C07F1FB514461A46094BF8
:105890001B680546D86854B9074B1C46CDE901344E
:1058A00000912B46054901F0FBFBFEF73FFC044B42
:1058B000F4E700BF000300201A2303081C25030897
:1058C0000F25030838B50546002941D051F8043C9E
:1058D0000C1F002BB8BFE418FEF7E8FC1D4A136844
:1058E00033B9636014602846BDE83840FEF7E4BC75
:1058F000A34208D9206821188B4201BF19685B6850
:1059000009182160EDE71A465B680BB1A342FAD98A
:1059100011685018A0420BD12068014450188342EE
:105920001160E0D118685B68536008441060DAE7E2
:1059300002D90C232B60D6E7206821188B4204BFC4
:1059400019685B68636004BF091821605460CAE786
:1059500038BD00BFD44100200369B3EB611F2DE9BE
:10596000F0434FEA611204DC00230361002343612A
:1059700030E000F1140411F01F0104EB830604EB86
:1059800082050CD100F110072946B14230D39B1A91
:105990009B00EA1E964238BF0023234415E054F8CA
:1059A0002270C1F12008CF4005F1040EA1467645D2
:1059B000F44611D89A1A9200043A0135AE4238BF23
:1059C0000022A318A75007B104331A1B9210A34258
:1059D0000261CBD0BDE8F083DCF800C00CFA08FC13
:1059E0004CEA070749F8047B5EF8047BCF40DEE70A
:1059F00051F804CB47F804CFC7E7A0F13003092BD7
:105A000002D82038C0B27047A0F16103052B01D83D
:105A10004738F7E7A0F14103052B01D82738F1E714
:105A2000002070472DE9F04F85B08A4602930B683D
:105A3000019090469C1CA14614F8010B3028FAD026
:105A4000A9EB0303A3F1020BFFF7D7FF05460028DC
:105A500068D1A04901224846FFF7E9FD0746002822
:105A600067D199F801002646FFF7C7FF002862D0EA
:105A7000234618783028994603F10103F9D0FFF73F
:105A8000BCFFB0FA80F56D094FF0010B4A4616468F
:105A900001323078FFF7B1FF0028F8D18D4901229B
:105AA0003046FFF7C4FD00283FD144B9741C22469C
:105AB000164601323078FFF7A0FF0028F8D1A41B6A
:105AC000A700337803F0DF03502B3ED173782B2BE4
:105AD00033D02D2B34D0711C00240878FFF78DFFB4
:105AE000431EDBB2182B30D8A0F1100211F8010FC1
:105AF000FFF783FF00F1FF3C5FFA8CFCBCF1180F4D
:105B00004FF00A031ED904B152421744CAF80010DC
:105B1000EDB1BBF1000F0CBF06250025284605B0EE
:105B2000BDE8F08F00252C46B0E7002CC7D12746F2
:105B3000C7E74E462F460125C3E70024B11CCCE73A
:105B40000124FBE703FB0200CEE73146DEE7A6EBCC
:105B50000903013B2946072B0ADC019800F046FAAD
:105B6000044640B95C4B0246E4215C48FFF78CFEDA
:105B700001315B10EFE700F1140A002355469B4604
:105B8000B14537D345F804BBA5EB0A05AD10256137
:105B9000584600F01DFB6D01D8F800602D1AB54283
:105BA00054DDAD1B2946204600F0ABFE814678B19E
:105BB0006B1E591103F01F025AF821104FF0010912
:105BC00009FA02F20A4203D04B4536DC4FF00209D3
:105BD00029462046FFF7C0FE2F44D8F80830BB42C4
:105BE00042DA0198214600F041FA0E9A0023136030
:105BF000A32593E716F8012D2E2A12D0202B04D1CD
:105C000045F804BB4FF0000B5B4630780393FFF779
:105C1000F4FE039B00F00F0098404BEA000B0433A6
:105C2000AEE7B145EAD82B49039301223046FFF78E
:105C3000FEFC039B0028E1D1A2E7A91E204600F04C
:105C400060FE0028C2D04FF00309C1E709DA751BD6
:105C5000214601982A4600F025FC7F1B044600F1EE
:105C6000140A4FF00009B8E7D8F80450BD426FDDC0
:105C7000ED1BAE4234DCD8F80C30022B22D0032BC3
:105C800024D0012B15D1AE4213D1012E0BD1029A93
:105C9000D8F80430136001232361CAF800300E9B4A
:105CA00062251C603AE7711E204600F02AFE00289B
:105CB000EDD10198214600F0D9F90E9A0023136026
:105CC00050252BE70F9B002BF3D1E0E70F9B002B18
:105CD000DDD1EEE7CBA702084B2503085C250308BE
:105CE0006F1EB9F1000F30D127B13946204600F0C0
:105CF00008FE81467A1101235AF8222007F01F0777
:105D0000BB4013422946204618BF49F00209FFF75D
:105D100023FED8F80470761B0225B9F1000F47D096
:105D2000D8F80C30022B15D0032B17D0012B09D13A
:105D300019F0020F06D0DAF8003049EA030919F029
:105D4000010F0ED145F0100532E04FF00109D1E707
:105D50000125E2E70F9BC3F101030F930F9B002B7B
:105D6000F0D0D4F810B004F114034FEA8B0A03EB1F
:105D70008B014FF0000C184653F8042BB2F1FF3F93
:105D80001BD001320260022D04F114033CD1D8F87B
:105D90000020013AB24209D17111012253F8213099
:105DA00006F01F0602FA06F61E423AD145F020051B
:105DB0000E9B1C60029B1F60B0E6994243F804CC26
:105DC000D9D8A3689B4517DB61680198013100F0C1
:105DD0000DF9814618B91A4B02468421C5E622699D
:105DE000023204F10C0192000C30FFF73AFD21461B
:105DF000019800F03BF94C4623695A1C04EB8303DD
:105E0000226101225A61BEE722695A450BDD012158
:105E10002046FFF7A1FDD8F808300137BB42FFF656
:105E2000E0AE0125C2E716F01F06FAD05344C6F1D2
:105E3000200653F8040C00F0CBF9B042E7DBF0E7A2
:105E40004B250308C2F10802920070B5C2F120068A
:105E50004368046803FA06F52C43D340046040F815
:105E6000043F8842F4D370BD30B50368013311F8A4
:105E7000014B14B90360012030BD13F8012BA2F1CE
:105E80004105192D98BF2032A242F0D00020F3E73F
:105E90002DE9F04F0B6801685E1102EB860613F0E6
:105EA0001F0387B018BF04360025371F824690466F
:105EB000019346F8045CB9463C460295AB464A78E5
:105EC0004B1C039342B3104605910492FFF795FDD6
:105ED000002851D1049A0599202A18D8029B9B4585
:105EE00013DD4C4506D2072D04DC2A4649462046E0
:105EF000FFF7A8FF444552D90023A4F1040944F850
:105F0000043CCDF808B04C461D460399D7E7292A32
:105F100057D10231CAF80010BBF1000F51D04C45E7
:105F200006D2072D04DC2A4649462046FFF78AFFA1
:105F3000444536D9A8F10402234653F8041B42F81D
:105F4000041F9F42F9D23B1B23F0030304330134A7
:105F5000033EB44288BF04234344002243F8042B89
:105F60009F42FBD23B681BB9474528D101233B60C8
:105F7000052007B0BDE8F08F0135082D0BF1010BAE
:105F800006DD4445C1D9002344F8043C0125043C06
:105F9000226800F00F0040EA02102060B5E70825F3
:105FA000B3E7019B002BDDD0C3F120034FF0FF329C
:105FB000DA4056F8043C134046F8043CD2E7043F6C
:105FC000D0E70420D5E782B001B901A942B14BB1B5
:105FD00013780B601278101E18BF012002B07047B2
:105FE0001046FBE76FF00100F8E7000070B5C669E6
:105FF00004460D4676B91020FEF7A6F80246E06189
:1060000020B9184B18486B21FFF73EFCC0E9016628
:106010000660C660E669F36883B1E369DB6853F83C
:106020002500B8B9012101FA05F6721D920020463B
:1060300001F048F860B1C0E901560EE021220421C8
:10604000204601F03FF8E369F060DB68002BE4D103
:10605000002070BD026843F825200023C0E9033307
:10606000F7E700BF1D230308D925030870B5C669EB
:1060700005460C4676B91020FEF766F80246E86140
:1060800020B9094B09488F21FFF7FEFBC0E90166E3
:106090000660C6603CB1EB696268DB6853F82210A9
:1060A000216043F8224070BD1D230308D925030851
:1060B0002DE9F0410D6907460C461E4601F1140C0E
:1060C0000020DCF8003099B202FB01611E0C0B0CC1
:1060D00002FB063389B2013001EB034185424CF8E3
:1060E000041B4FEA1346ECDC0EB3A368AB4219DC89
:1060F000616838460131FFF779FF804628B90246CA
:106100000C4B0D48BA21FFF7BFFB2269023204F1A4
:106110000C0192000C30FFF7A4FB21463846FFF734
:10612000A5FF444604EB850301355E6125612046E9
:10613000BDE8F0814B250308D92503082DE9F84374
:106140000C4615461F4609220833064693FBF2F318
:10615000002101229A4209DB3046FFF747FF40B990
:106160000246194B1948D321FFF78EFB520001312B
:10617000F0E7089B4361092D4FF00103036116DD31
:1061800004F10909C8462C4418F8013B0146303B8C
:106190000A223046FFF78CFFA045F5D1A5F108048F
:1061A0004C442D1B6319BB4204DBBDE8F8830A3461
:1061B0000925F6E714F8013B0146303B0A22304638
:1061C000FFF776FFEEE700BF4B250308D92503084C
:1061D000B0F5803F034636BF030400201020B3F122
:1061E000807F3CBF1B020830B3F1805F3CBF1B01C6
:1061F0000430B3F1804F03D3002B0ADB013070472A
:106200009B0001D5023070475B0001D50330704719
:10621000202070470368024613F007000BD0D9070F
:1062200021D4980749BF5B089B08012013605CBF1D
:1062300013600220704799B209B91B0C1020D9B223
:1062400009B908301B0A190704BF1B090430990754
:1062500004BF9B080230D90703D45B0800F101009A
:1062600003D0136070470020704720207047000063
:1062700010B50C460121FFF7B9FE024628B9054BBF
:10628000054840F24511FFF7FFFA0123446103611D
:1062900010BD00BF4B250308D92503082DE9F04F99
:1062A00014460A6923699A42A8BF23460F46A4BF31
:1062B0000C461F46D4F810A0D7F81090A368616868
:1062C0000AEB0906B34285B0B8BF0131FFF78EFE75
:1062D00030B90246444B45484FF4B171FFF7D4FA48
:1062E00000F1140505EB86082B460022434521D317
:1062F00007F1140104F1140202EB8A0201EB890395
:106300000293131B153B23F00303043304F1150719
:10631000BA4238BF04230193029B03918B420CD8ED
:10632000002E03DD58F8043D002B5AD0066105B05D
:10633000BDE8F08F43F8042BD8E7B1F800A0BAF11C
:10634000000F23D004F1140EA9464FF0000C5EF8A4
:10635000047BD9F800301FFA87FB9BB20AFB0B3392
:106360006344D9F800C03F0C4FEA1C4C0AFB07C736
:1063700007EB13479BB243EA0743724549F8043BD6
:106380004FEA174CE3D8019B45F803C0039BB3F8D1
:1063900002900431B9F1000F21D02B6804F1140CE4
:1063A000AE464FF0000ABCF800B0BEF8027009FB20
:1063B0000B7757449BB243EA07434EF8043B5CF823
:1063C000043B4FEA134ABEF8003009FB0A3303EBE3
:1063D000174362454FEA134AE5D8019FEB51043554
:1063E0009AE7013E9CE700BF4B250308D925030827
:1063F0002DE9F843154612F0030207460E4607D072
:10640000254C013A002354F82220FFF751FE06469E
:10641000AD103DD0FC697CB91020FDF795FE024619
:10642000F86128B91D4B1E4840F2B311FFF72CFA52
:10643000C0E901440460C460D7F81C80D8F8084063
:106440004CB940F271213846FFF712FF0023C8F81B
:106450000800044603604FF00009EB070AD53146F7
:1064600022463846FFF71AFF314680463846FFF786
:10647000FDFD46466D100BD0206838B922462146F6
:106480003846FFF70BFF2060C0F800900446E4E7B1
:106490003046BDE8F88300BF502603081D230308DB
:1064A000D92503082DE9F0470C464968236903EB19
:1064B0006218A368074691464FEA621A08F101067E
:1064C000B3420BDB3846FFF791FD054648B902465B
:1064D000284B29484FF4EF71FFF7D6F901315B00E3
:1064E000EEE7002300F1140100F1100218465345B5
:1064F00033DB20692AEAEA7A04F1140319F01F0950
:1065000001EB8A0103EB800C2BD0C9F1200E8A46E7
:106510000022186800FA09F010434AF8040B53F8F7
:10652000042B9C4522FA0EF2F3D8ACEB0403153B86
:1065300023F00303043304F11500844538BF04231A
:10654000CA500AB108F10206013E38462E612146C2
:10655000FFF78CFD2846BDE8F08742F8040F0133B1
:10656000C5E7043953F8042B41F8042F9C45F9D8AA
:10657000EAE700BF4B250308D92503080A6903464B
:106580000069801A30B50ED11433143103EB820444
:1065900001EB820154F8045D51F8042D954203D0BB
:1065A00005D24FF0FF3030BDA342F3D3FBE701200B
:1065B000F9E700002DE9F74F89460646114648469F
:1065C0001446FFF7DBFF051E12D129463046FFF7C0
:1065D0000DFD024628B93E4B40F237213D48FFF7FA
:1065E00053F90123C0E90435104603B0BDE8F08F2C
:1065F000BCBF4B46A1463046D9F80410BABF1C4672
:1066000001250025FFF7F2FC024618B9304B40F295
:106610004521E3E7D9F810702669C56009F1100338
:1066200009F1140504F1140E00F1140B05EB8708B1
:106630000EEB86060193D9464FF0000C019B5EF8E5
:10664000040B53F804AF019381B21FFA8AF35B1A6B
:10665000000C6344C0EB1A4000EB23409BB243EABA
:106660000043764549F8043B4FEA204CE6D8331BFB
:10667000153B23F0030315340433A64238BF04232B
:106680001D445B441E462C4644450ED308F10301CD
:10669000491B21F00301033DA84538BF00210B44ED
:1066A00053F8041D91B117619EE754F8041BE646A8
:1066B000080C1CFA81FC714400EB2C4089B241EAC1
:1066C000004146F8041B4FEA204CDDE7013FE7E7B5
:1066D0004B250308D92503080E4B0B40A3F150733B
:1066E000002B08DC5B42B3F1A07F4FEA235204DAAF
:1066F0004FF400231341002208E0A2F114031E2BE3
:10670000DABF4FF00042DA4001220023194610465A
:10671000704700BF0000F07F0269F8B500F1140671
:1067200006EB8202204F52F8044C2046FFF750FD42
:1067300003460A2BC0F12000A2F10405086013DC17
:10674000AE4238BF52F8082CC3F10B0C28BF002210
:10675000153324FA0CFE04FA03F322FA0CF24EEA83
:1067600007011A431046F8BDAE4236BFA2F1080534
:10677000002252F8082C0B3B12D0C3F1200722FA5A
:1067800007F19C400C43B54244F07F518CBF55F853
:10679000044C00249A40FC4041F440112243E1E7BC
:1067A00044EA0701DEE700BF0000F03F2DE9734334
:1067B0000121089E90469946FFF718FC044630B91F
:1067C0000246244B244840F20F31FFF75DF8C9F32D
:1067D0000A55C9F313030DB143F480130193B8F1C3
:1067E000000324D068460093FFF714FDDDE9001292
:1067F000D8B1C0F1200302FA03F30B43C240636136
:106800000192019BA361002B0CBF01220222226195
:10681000ADB1A5F2334505443560C0F13500099BA3
:106820001860204602B0BDE870836161E9E701A805
:10683000FFF7F0FC019B636120300122E7E704EBE6
:106840008203A0F2324030601869FFF7C1FCC0EB50
:106850004210E4E74B250308D92503082DE9F04F42
:1068600085B0CDE9001002A9FFF756FF8B4606461A
:106870000F46009803A9FFF74FFF019B89460D467D
:106880001969009B1B69C91ADDE902329B1A03EBE7
:106890004113002BCDBF3A46C3EB03332A4602EB2C
:1068A000035BD8BF02EB0359044622464B463046F1
:1068B0005946D9F72BFF05B0BDE8F08F013970B507
:1068C00049111469013102F1140300EB810103EB5A
:1068D0008404051FA3420CD3A31A113B23F0030326
:1068E0001132A24288BF002318440023884205D3F6
:1068F00070BD53F8046B45F8046FEBE740F8043BB8
:10690000F4E700F1140200694B11984210B511DB55
:106910000ADD11F01F0107D052F8234024FA01F0DC
:1069200000FA01F18C420BD102EB8303934203D8AE
:10693000002010BD0346F7E753F8041D0029F5D0E9
:106940000120F6E751F8043C181F002BBCBF0B5880
:10695000C01870470346084641B1FF2A04D98A226D
:106960001A604FF0FF3070470A70012070472DE920
:10697000F0478E681F46BE420B6882460C46904622
:106980002DD8B1F90C2012F4906F26D065690969F1
:1069900005EB4505A3EB010905EBD5757B1C4B44C5
:1069A0006D109D4238BF1D46530527D52946FDF77A
:1069B000FDFB064660B321694A46FEF752FFA389F4
:1069C00023F4906343F08003A381266165614E4404
:1069D000A5EB09052660A5603E46BE4200D93E46AD
:1069E000206832464146FEF7E2FDA3689B1BA36088
:1069F0002368334423600020BDE8F0872A46FDF772
:106A0000D5FC06460028E0D121695046FEF75AFF22
:106A10000C23CAF80030A38943F04003A3814FF050
:106A2000FF30E9E72DE9F04F98468B891B069DB0B2
:106A300007460D46144610D50B6973B94021FDF782
:106A4000B5FB2860286130B90C233B604FF0FF3064
:106A50001DB0BDE8F08F40236B6100230993202314
:106A60008DF82930CDF80C803023DFF89C818DF82B
:106A70002A304FF0010923469A4613F8012B0AB138
:106A8000252AF9D1BAEB040B0BD05B4622462946E6
:106A90003846FFF76CFF013000F0A780099A5A448E
:106AA00009929AF80030002B00F09F8000234FF0ED
:106AB000FF32CDE905230AF1010A049307938DF80B
:106AC00053301A935446052214F8011B4E48DAF746
:106AD000E7FB049AD8B9D00644BF20238DF8533081
:106AE000110744BF2B238DF853309AF800302A2B1E
:106AF00015D0079A544600204FF00A0C214611F891
:106B0000013B303B092B4BD9B0B1079214E0A0EB0D
:106B1000080309FA03F313430493A246D2E7039B45
:106B2000191D1B680391002BBBBF5B4242F00202A0
:106B300007930793B8BF049223782E2B0AD163786A
:106B40002A2B32D1039B1A1D1B68039243EAE3737D
:106B500002340593DFF8B4A0217803225046DAF717
:106B60009FFB38B1049BA0EB0A00402282401343F4
:106B70000134049314F8011B25488DF828100622CF
:106B8000DAF78EFB002836D0224B1BBB039B073362
:106B900023F0070308330393099B334409936AE7FF
:106BA0000CFB02320C460120A8E7002301340593B8
:106BB00019464FF00A0C204610F8012B303A092AEA
:106BC00003D9002BC6D00591C4E70CFB0121044674
:106BD0000123F0E703AB00932A460F4B04A9384684
:106BE000AFF30080421C0646D6D1AB895B063FF569
:106BF0002DAF09982CE703AB00932A46064B04A956
:106C0000384600F079F8EDE75027030856270308C7
:106C10005A270308000000006F6902082DE9F047B9
:106C2000164698468A680B69DDF820909342B8BFF3
:106C30001346336091F8432007460C460AB10133EE
:106C400033602368990642BF336802333360256896
:106C500015F0060506D104F1190AE36832689B1A9B
:106C6000AB4226DC94F843302268003B18BF012376
:106C700092062BD404F1430241463846C8470130FE
:106C80001ED02368226903F00603042B02BFE568C7
:106C90003368ED1AA3680CBF25EAE5750025934219
:106CA000C4BF9B1AED1800261A34B5421AD1002031
:106CB00008E00123524641463846C847013003D117
:106CC0004FF0FF30BDE8F0870135C6E7E1185A1CE8
:106CD000302081F84300224494F8451082F8431094
:106CE0000233C7E70123224641463846C8470130F0
:106CF000E6D00136D9E700002DE9FF470F7E0C9E54
:106D0000782F914680460C469A4601F1430207D8F7
:106D1000622F0AD8002F00F0DD80582F00F0C380CA
:106D200004F1420684F842703AE0A7F16303152BA0
:106D3000F6D801A151F823F0916D0208A56D020863
:106D4000216D0208216D0208216D0208216D0208E3
:106D5000A56D0208216D0208216D0208216D02084F
:106D6000216D0208BB6E0208336E0208736E0208C2
:106D7000216D0208216D0208DD6E0208216D0208F6
:106D8000336E0208216D0208216D02087B6E020835
:106D900033681A1D1B68326004F1420684F84230E1
:106DA0000123A8E031682368081D30601E0601D564
:106DB0000D6803E05D06FBD5B1F900506168002D58
:106DC00078DA2D20002984F84300A1602DDA5E488E
:106DD0006D420A231646B5FBF3F103FB1157C75D5D
:106DE00006F8017D2F46BB420D46F4D9082B0BD186
:106DF0002368DF0708D5236961689942DEBF302325
:106E000006F8013C06F1FF36921B2261CDF800A086
:106E10004B4603AA21464046FFF700FF01306FD1E1
:106E20004FF0FF3004B0BDE8F08723F00403236087
:106E3000CDE721683368080653F8045B02D449069D
:106E400048BFADB26F2F4048336014BF0A230823F8
:106E5000002184F843106668A660002EBADB216822
:106E600021F004012160002DB4D1002EB2D11646CC
:106E7000BCE7236843F0200323603448782784F874
:106E80004570236831681F0651F8045B02D45F0621
:106E900048BFADB23160D90744BF43F0200323603F
:106EA0001DB11023D4E72848E9E7236823F0200325
:106EB0002360F6E724480A23CDE733682568616933
:106EC000181D30602E061B6801D5196002E06806A7
:106ED000FBD5198000232361164697E733681A1DF6
:106EE00032601E68626800213046DAF7D9F908B1CD
:106EF000801B606063682361002384F8433085E76A
:106F00002369324649464046D047013088D023683D
:106F10009B0714D4E068039B9842B8BF184681E7EA
:106F20000123324649464046D04701303FF478AF0E
:106F30000135E36803995B1AAB42F1DCEAE700250F
:106F400004F11906F5E700BF61270308722703085B
:106F5000B1F90C20F8B5170705460C4656D44B6816
:106F6000002B02DC0B6C002B3DDDE66A002E3AD0D4
:106F7000002312F480522F68216A2B6025D0626DA5
:106F8000A389580705D56368D21A636B0BB1236CCC
:106F9000D21A216AE66A00232846B047411C24D051
:106FA0000023636023692360A389DA0400D5606548
:106FB000616B2F60B9B104F14403994202D02846B5
:106FC000FEF780FC002363630DE001232846B047F1
:106FD000461C0246D4D12B68002BD1D01D2B01D0EA
:106FE000162B2AD12F6000202EE02A68B4F90C302D
:106FF00042B11D2A01D0162A21D1002363602369E2
:107000002360D5E7626022692260CEE70F69002F16
:10701000E9D093070E6808BF4B690F6018BF0023C3
:10702000F61B8B60002EDEDD216AD4F828C03346C3
:107030003A462846E047002807DCB4F90C3043F014
:107040004003A3814FF0FF30F8BD0744361AE9E74B
:1070500038B50B6905460C4613B90025284638BDDE
:1070600018B1036A0BB9FEF767F9B4F90C30002BBD
:10707000F3D0626ED00704D4990502D4A06DFEF758
:10708000E6FB28462146FFF763FF636EDA070546F5
:10709000E4D4A3899B05E1D4A06DFEF7D9FBDDE71D
:1070A0000EB403B5014603AB054853F8042B006842
:1070B000019300F043F802B05DF804EB03B07047B1
:1070C0000003002070B5A1FB02543CB92946FDF72E
:1070D0006DF8064628B90026304670BD0C220260C5
:1070E000F9E72A462146FEF77CFAF5E79368013B6B
:1070F000002B10B4936007DA9469A34201DB0A29DC
:1071000002D110BC00F032B91368581C106019701D
:10711000084610BC7047F8B506460F461446D51809
:10712000AC4201D1002007E014F8011B3A4630467A
:10713000FFF7DCFF431CF3D1F8BD00002DE9F04F51
:107140000D469DB014469846064618B1036A0BB921
:10715000FEF7F2F86B6ED90705D4AB899A0502D415
:10716000A86DFEF774FBAB891B0701D52B699BB992
:107170002946304600F038F970B16B6EDC0704D553
:107180004FF0FF301DB0BDE8F08FAB899805F7D404
:10719000A86DFEF75DFBF3E70023099320238DF82C
:1071A0002930CDF80C803023DFF8AC818DF82A30FF
:1071B0004FF0010923469A4613F8012B0AB1252AFC
:1071C000F9D1BAEB040B0BD05B4622462946304678
:1071D000FFF7A1FF013000F0A780099A5A440992F5
:1071E0009AF80030002B00F09F8000234FF0FF3210
:1071F000CDE905230AF1010A049307938DF8533072
:107200001A935446052214F8011B5348DAF748F83C
:10721000049AD8B9D10644BF20238DF85330130700
:1072200044BF2B238DF853309AF800302A2B15D009
:10723000079A544600204FF00A0C214611F8013BF2
:10724000303B092B4BD9B0B1079214E0A0EB0803F7
:1072500009FA03F313430493A246D2E7039B191DD3
:107260001B680391002BBBBF5B4242F002020793F5
:107270000793B8BF049223782E2B0AD163782A2B68
:1072800032D1039B1A1D1B68039243EAE373023455
:107290000593DFF8C8A0217803225046DAF700F8FA
:1072A00038B1049BA0EB0A00402282401343013412
:1072B000049314F8011B2A488DF828100622D9F7E8
:1072C000EFFF00283FD0274B1BBB039B073323F066
:1072D000070308330393099B3B4409936AE70CFBBC
:1072E00002320C460120A8E7002301340593194619
:1072F0004FF00A0C204610F8012B303A092A03D926
:10730000002BC6D00591C4E70CFB012104460123E4
:10731000F0E703AB00932A46134B04A93046AFF3C2
:1073200000800746781CD6D16B6ED90705D4AB898F
:107330009A0502D4A86DFEF78BFAAB895B063FF580
:107340001FAF09981EE703AB00932A46064B04A91A
:107350003046FFF7D1FCE4E750270308562703081F
:107360005A2703080000000017710208F8B50E46FE
:107370001446054618B1036A0BB9FDF7DDFFA36992
:10738000A360A3891A0701D5236943B9214628467A
:1073900000F02AF818B14FF0FF373846F8BD2368DF
:1073A0002269981A6369F6B28342374605DC2146A2
:1073B0002846FFF74DFE0028EDD1A368013BA360EE
:1073C00023685A1C22601E706269431C9A4204D0D2
:1073D000A389DB07E1D50A2EDFD121462846FFF736
:1073E00037FE0028D9D0D6E738B5294B05461868AE
:1073F0000C4618B1036A0BB9FDF79EFFB4F90C30C7
:10740000190722D4DA0607D409222A6043F0400380
:10741000A3814FF0FF3033E0580712D5616B41B1C3
:1074200004F14403994202D02846FEF74BFA0023A8
:107430006363A38923F02403A3810023636023698A
:107440002360A38943F00803A38123694BB9A3896F
:1074500003F42073B3F5007F03D02146284600F0E3
:107460003FF8B4F90C3013F001020AD00022A260F8
:1074700062695242A261226942B913F08000C5D10B
:1074800038BD990758BF6269A260F4E70020F7E7AA
:107490000003002070B50C46B1F90E10002996B01B
:1074A00015461E460DDAA38913F0800F4FF0000138
:1074B00014BF40234FF48063002031602B6016B06E
:1074C00070BD6A4600F048F80028ECDB019901F431
:1074D0007041A1F50053594259414FF48063EBE7E5
:1074E0008B89F7B59D0706460C4607D504F147037F
:1074F000236023610123636103B0F0BD01AB6A46E1
:10750000FFF7C8FF009F054639463046FCF74EFEA0
:1075100048B9B4F90C309A05EED423F0030343F0D4
:107520000203A381E2E7A389206043F08003A381E3
:10753000019BC4E904075BB1B4F90E10304600F0BA
:107540001DF828B1A38923F0030343F00103A381AD
:10755000A3891D43A581CFE738B5074D0023044615
:10756000084611462B60E0F7A4F9431C02D12B68B2
:1075700003B1236038BD00BF1443002038B5064D69
:107580000023044608462B60E0F798F9431C02D11B
:107590002B6803B1236038BD1443002038B50022A6
:1075A000002304460D46D9F7F9F928B920462946A3
:1075B000BDE8384000F00AB8204605F1004100F06F
:1075C00005F8404261EB410138BD00BFD0B50C4B1E
:1075D000002206460F46D8F76FFFD9F745FA044652
:1075E000D8F7F0FE074B0022D8F766FF02460B469D
:1075F00030463946D8F7A8FDD9F736FA2146D0BD2E
:107600000000F03D0000F041F8B500BFF8BC08BC38
:107610009E467047F8B500BFF8BC08BC9E46704750
:107620000000000001000000020000000200000055
:1076300000000000010000000000FFFF00008000CB
:10764000000000000800080000000000000000002A
:10765000E8030000FFFFFFFFFFFFFFFFFFFFFFFF4B
:10766000FFFFFFFFFFFFFFFFFFFFFFFF0000000026
:10767000800100008001000012AD101B000000001E
:1076800001010000010001000000010001000000F4
:107690005000B00018017801B0021803C805300688
:1076A000300C980C0000000004000000000001589D
:1076B000020D000009000000003800401203000025
:1076C0000F0000000030014012050000190000000A
:1076D0000038004012050000FFFFFFFF000000001F
:1076E000000000000500000000000158020D00002D
:1076F00009000000003800401205000013000000DF
:1077000000300140120500001A000000003800405F
:10771000120500001D0000000038004012050000A6
:10772000FFFFFFFF00000000000000000600000057
:1077300000000158020D000014000000003001405C
:10774000120500001E000000003800401205000075
:10775000FFFFFFFF00000000000000000700000026
:1077600000000158020D00000A000000003800402F
:10777000120500001F000000003800401205000044
:10778000210000000038004012030000FFFFFFFF4F
:10779000000000000000000014000000003801405C
:1077A00012070000FFFFFFFF0000000000000000C4
:1077B000130000000038014012070000FFFFFFFF28
:1077C00000000000000000000300000000800040F6
:1077D00012080000030100000044004012070000EE
:1077E0000A000000003801401207000017000000E6
:1077F00000380140120700001A000000008000401D
:107800001208000020000000008000401208000064
:10781000FFFFFFFF0000000000000000020000006A
:1078200000800040120800000201000000440040F7
:107830001207000009000000003801401207000094
:10784000160000000038014012070000210000006F
:107850000080004012080000FFFFFFFF0000000052
:107860000000000000000000000000401281000045
:10787000020000000000004012810100030000002F
:10788000000000401201020009000000002C01402D
:10789000120101000A000000002C014012810100C9
:1078A0000F000000000000401281000013000000E3
:1078B00000000040120101001600000000440140D9
:1078C000128E10001700000000480140128E1000B8
:1078D00019000000002C0140128111001901000064
:1078E00000480140128E00001A0000000000004015
:1078F000128101001D000000002C014012811000C7
:107900001E000000002C0140120111001F000000A9
:10791000002C014012811100FFFFFFFF000000005A
:107920000000000009000000005400400A040000AC
:1079300016000000005400400A0400001A00000075
:10794000005C00400A0400001D000000005C0040D4
:107950000A0400001F000000005800400A04000054
:1079600020000000005C00400A040000FFFFFFFF51
:1079700000000000000000000A0000000054004069
:107980000A0400000F000000005800400A04000034
:1079900014000000005C00400A0400001700000012
:1079A000005400400A040000190000000054004088
:1079B0000A0400001E000000005C00400A040000F1
:1079C00021000000005C00400A040000FFFFFFFFF0
:1079D00000000000000000000A00000000740040E9
:1079E00003800000FFFFFFFF000000000000000018
:1079F0000A00000000240140030003000D00000005
:107A000000240140038004000E0000000024014017
:107A1000030005000F000000002401400380050062
:107A200013000000002401400300010014000000C6
:107A300000240140038001001D00000000240140DB
:107A4000030000001E00000000240140038000002D
:107A5000FFFFFFFF00000000000000000700000023
:107A60000B0000000D0000001100000012000000DB
:107A70000E0000000F0000001000000000000000D9
:107A800002000000030000002100000020000000B0
:107A900016000000170000000F0000001F0000008B
:107AA000090000001A0000001D000000190000007D
:107AB0001E0000000A0000000E0000000D00000083
:107AC0001300000014000000150000000400000076
:107AD00005000000100000002F0000002E00000034
:107AE000070000000600000001000200040006007C
:107AF00008000A000C001000200040008000000177
:107B00000201040302040810040040000004000005
:107B1000001000B0002000B4004000B801000000D8
:107B200002000004040000080800000C100000100F
:107B300020000014400000188000001C00010020FC
:107B400000020024000400280008002C001000306F
:107B500000200034004000380080003C000001405C
:107B600000000244010000000200000004000000C8
:107B7000080000001000000020000000400000008D
:107B8000800000000001000000020000000400006E
:107B9000000800000010000000200000004000006D
:107BA000008000000100000002000000040000004E
:107BB000080000001000000020000000400000004D
:107BC000800000000001000000020000000400002E
:107BD000000800000010000000200000004000002D
:107BE00000800000A0860100400D0300801A0600FE
:107BF00000350C0040420F0080841E0000093D004B
:107C000000127A000024F40000366E010048E801FA
:107C1000006CDC020000000000000000000000001A
:107C20000000000000000000000000000000000054
:107C3000000000000100000002000000030000003E
:107C40000400000001000000030000000500000027
:107C50000100000001000000060000000A00000012
:107C600020000000020000000400000008000000E6
:107C70001000000040000000800000000001000033
:107C80000002000076312E302E332D33373234355A
:107C900037350030322D4A756E2D32303236007253
:107CA00065706561746572007B2272656376223A45
:107CB00025752C2273656E74223A25752C22666C0C
:107CC0006F6F645F7478223A25752C22646972653F
:107CD00063745F7478223A25752C22666C6F6F642A
:107CE0005F7278223A25752C226469726563745F2D
:107CF0007278223A25752C22726563765F657272FE
:107D00006F7273223A25757D00253032643A253032
:107D100032643A25303264202D2025642F25642FCB
:107D200025642055007365656E3D256C75206F6B6D
:107D30003D256C752064726F703D256C75207370E5
:107D4000616D3D256C75206661696C3D256C750A19
:107D5000733D256C7520743D256C7520653D256C43
:107D60007520753D256C7520746D3D256C750A6C0C
:107D70006173743D25732073633D257520656E3DE9
:107D80002575206D6F64653D257300736C656570A6
:107D900020617474656D7074733D256C750A736B26
:107DA00069702070656E64696E673D256C75206230
:107DB00072696467653D256C750A77616B65207231
:107DC000783D256C7520737570706F72743D2573E6
:107DD00000756E6B6E6F776E005F6D61696E002F60
:107DE0007061636B65745F6C6F670025733A25641F
:107DF0003A2564002D6E6F6E652D007B226E6F69D3
:107E000073655F666C6F6F72223A25642C226C6119
:107E100073745F72737369223A25642C226C6173E8
:107E2000745F736E72223A252E32662C2274785F4C
:107E30006169725F73656373223A25752C227278CB
:107E40005F6169725F73656373223A25757D007B9C
:107E500022626174746572795F6D76223A25752CA1
:107E600022757074696D655F73656373223A257559
:107E70002C226572726F7273223A25752C227175ED
:107E80006575655F6C656E223A25757D006E6F6E57
:107E900065006C6F775F636F6E666964656E6365BE
:107EA0000073686F727400656D7074795F746578C3
:107EB0007400696E76616C69645F7574663800740D
:107EC000696D657374616D70006164763D256C75D4
:107ED0002F256C752F256C75206361643D256C75AD
:107EE0002F256C750A77206E3D257520753D25750B
:107EF00020643D257520733D25752066643D256C05
:107F0000752064643D256C750A613D256C752F25CF
:107F10006C7520633D257520643D257520703D25D9
:107F20007520793D2575007B226865617264223A6F
:107F300025752C22647570223A256C752C22667783
:107F400064223A256C752C22737570223A25752CA3
:107F500022726F757465223A7B22686974223A3006
:107F60002C226D697373223A307D2C226169722252
:107F70003A7B227478223A256C752C227278223A48
:107F8000256C757D7D005B5D005B7B226576656E93
:107F900074223A2244454E53455F53544154532270
:107FA0002C226865617264223A25752C22647570F2
:107FB0006C6963617465223A256C752C22666F7258
:107FC00077617264223A256C752C22737570707219
:107FD000657373696F6E223A25752C2274785F6120
:107FE00069725F6D73223A256C752C2272785F611D
:107FF00069725F6D73223A256C757D5D00676F6FE6
:108000006400666169720062616400706F6F720083
:1080100068696768006F6B006C6F77006865616CFA
:1080200074683D25732073636F72653D25752072FA
:1080300065706561743D25732072786572723D25A7
:10804000752525206169723D25732064656E73690D
:1080500074793D2573206475703D257525250A7357
:1080600070616D5F64726F703D256C752073706117
:108070006D5F6D6F64653D25732073663D257520CA
:10808000667265713D25730044003A2054582046BD
:1080900041494C212C206C656E3D25642028747963
:1080A00070653D25642C20726F7574653D25732CB9
:1080B000207061796C6F61645F6C656E3D25642929
:1080C0000A003A2052582C206C656E3D2564202809
:1080D000747970653D25642C20726F7574653D253B
:1080E000732C207061796C6F61645F6C656E3D25E7
:1080F000642920534E523D256420525353493D2557
:10810000642073636F72653D256400205B25303207
:1081100058202D3E20253032585D0A003A20545810
:108120002C206C656E3D25642028747970653D2592
:10813000642C20726F7574653D25732C20706179F5
:108140006C6F61645F6C656E3D25642900616C6CC9
:108150006F7765640052533233322042726964672C
:1081600065004C56534954414E4F53004F4B202D00
:10817000206C6F6164656420256420726567696F97
:108180006E73007365747065726D200045727220A5
:108190002D2062616420706172616D73004F4B002D
:1081A000457272202D20696E76616C696420706161
:1081B00072616D7300457272202D206261642070BF
:1081C00075626B6579006765742061636C0041437B
:1081D0004C3A00253032582000646973636F76652D
:1081E000722E6E65696768626F72730045727220E5
:1081F0002D20646973636F7665722E6E656967689A
:10820000626F727320686173206E6F206F70746983
:108210006F6E73004F4B202D20446973636F76653A
:10822000722073656E740025730A25730A25730026
:10823000000000000000000049C600088B7900081B
:10824000E5A900081DAA0008799600086B8E0008B1
:10825000978E0008257B0008FB780008757B0008D6
:1082600095BF00089FB50008197900081F7900081C
:10827000E1780008099B000849980008F98D00087A
:10828000017900080D7900087D820008E982000864
:108290002B7900088D790008157A0008A1A700083D
:1082A000E9780008CD7B00089F8A0008539F0008EA
:1082B000EB780008058B0008ED78000861BF000826
:1082C000EF780008F178000831790008417900085A
:1082D00051790008C97D0008477A0008817C0008B0
:1082E00091A00008997A0008C17A00086179000815
:1082F000B17D0008F5AA0008737C0008918700088A
:10830000117C0008A5890008C1880008E97A0008E6
:10831000899000081591000865910008AD7C00085F
:10832000D5910008417D0008D9790008957C0008A6
:10833000DB7D00086D790008857D0008518D0008FF
:10834000038D0008958D0008C37900089DAC0008D6
:1083500075AC000830FFFFFF00000000D57D00086D
:108360003979000849790008597900088D7C00089E
:10837000CFA00008B97A0008E17A00086779000800
:10838000C17D000841AB0008797C00089188000895
:108390006B7C0008F18900082D8900081D7B00080E
:1083A0000D910008397D0008599300087D7D000873
:1083B0005D910008CD91000871790008A97D000841
:1083C0008D8D0008218D0008A18D0008D17900084D
:1083D000917A00080D7A0008A57C0008FF7D00084E
:1083E000F3780008C7AC000897AC0008F9780008DB
:1083F0008B3387E9C5CDEA6AC9E5EDBAA115CD721F
:10840000000000000000000000000000000000006C
:1084100052657065617465722049443A20002020DD
:108420002D3E20000000000000000000E9AC000824
:108430000000000000000000CDAC000800000000BB
:108440000000000047AD0008EDAC00084E6F74203E
:10845000617661696C61626C650053656565642075
:1084600057696F204535206D696E69004552524F3E
:10847000523A20726164696F20696E697420666186
:10848000696C65643A2000000000000000000000F4
:10849000F3B100080000000000000000F1B1000886
:1084A00071B20008493F0108495301088F53010880
:1084B000995301088D350108AD680108313C010868
:1084C0007D6801081B3B01087B460108A1410108AA
:1084D000413901082F390108113501083D5C0108B7
:1084E000BD5B0108AD610108356401084B640108FA
:1084F0004B2F01086932010803620108295B01085A
:10850000095D0108D95D0108414201085141010896
:10851000F13B0108CD350108CD370108613701086D
:108520008F3901087B39010879370108A93501081D
:10853000753B01083D3B010869350108293D0108EB
:10854000B939010883370108EF3A0108392F0108CA
:10855000412F0108392F0108412F0108392F010847
:10856000412F01089132010805390108A143010892
:10857000813A01088B370108053101088130010873
:1085800039590108055A0108453001089D30010894
:108590003D310108F53301083134010800000000C5
:1085A0000000000085130108E113010849140108C7
:1085B000D5B20008F1150108191501085D1401086C
:1085C000B514010869B10008BD1301088914010838
:1085D000CD130108BDB20008AF880008B7880008B5
:1085E000A1B10008B1B3000861B1000881B2000870
:1085F0007D1401086FB1000871B10008000000008F
:1086000000000000B9B10008A7B2000889B2000854
:108610000000000000000000398900081DB10008BA
:1086200025B1000829B10008E9B1000859B20008D5
:1086300051B2000879B1000861B200082DB10008FC
:108640002FB1000833B1000875B1000835B100083A
:108650009DB1000839B100083DB1000841B10008E2
:1086600045B1000849B100084DB1000855B10008F6
:1086700059B100082FB200080000000000000000FF
:108680001FB20008E5B20008D1B10008D3B100085C
:10869000D7B10008DBB10008DFB10008E3B1000882
:1086A00001000000000000000000000000000000C9
:1086B00000000000000000000200000001000000B7
:1086C00000000000000000000000000000000000AA
:1086D0000400000000000000010000000000000095
:1086E000000000000000000000000000000000008A
:1086F000000000000000000000000000000000007A
:108700001400000015000000FFFFFFFFFFFFFFFF48
:10871000FFFFFFFF0000000000000000000000005D
:1087200079B500087BB500087DB500087FB5000865
:1087300081B5000883B5000885B5000895B5000827
:10874000A5B500089BB500089FB500088DB50008C9
:1087500091B50008E17800087065E18FD9FABB7027
:10876000C1ED90DCA19907DE698C88B709EA146E27
:10877000AFD93D9B830C7B60C4681193C79BBC3908
:10878000945BA8064104BB618F8FD7A84A0AF6F50F
:108790007033D6E8DDCD6471001EC77175B0918E5F
:1087A000D206F9AE04EC136D6D5D4315BB26305453
:1087B00027F645B492E9350C1000000000000000D7
:1087C0000000000049C6000879B500087BB5000824
:1087D0007DB500087FB5000881B5000883B50008A5
:1087E00085B5000895B50008A5B5000895BF000837
:1087F0009FB500088DB5000891B50008E178000824
:1088000035BF000851BF000839BF00083BBF000852
:108810003FBF000865BF000855BF000859BF0008EA
:108820005DBF000843BF000845BF0008E9780008A5
:1088300047BF00084BBF00084DBF0008EB78000899
:108840004FBF0008ED78000861BF0008EF7800080E
:10885000F178000830313233343536373839414217
:1088600043444546002F735F636F6E746163747396
:108870000064697361626C65004F4B202D20726546
:1088800070656174206973206E6F77204F464600D3
:108890004F4B202D20726570656174206973206EC6
:1088A0006F77204F4E004F4B202D206D616C666F0F
:1088B000726D656420636861742064726F702069F2
:1088C00073204F4E004F4B202D206D616C666F72F0
:1088D0006D656420636861742064726F70206973D1
:1088E000204F464600647574796379636C65200097
:1088F0004552524F523A20647574796379636C65BE
:10890000206D75737420626520312D313030004F39
:108910004B202D2025642E2564252500616620002E
:10892000696E742E74687265736820006167632EC7
:1089300072657365742E696E74657276616C200061
:108940004F4B202D20696E74657276616C20726FBA
:10895000756E64656420746F202564006D756C7499
:10896000692E61636B732000616C6C6F772E72658A
:1089700061642E6F6E6C792000666C6F6F642E617F
:1089800064766572742E696E74657276616C20000F
:108990004572726F723A20696E74657276616C20EE
:1089A00072616E676520697320332D313638206817
:1089B0006F757273004572726F723A20696E7465DA
:1089C0007276616C2072616E676520697320256420
:1089D0002D323430206D696E75746573006775656E
:1089E00073742E70617373776F7264200070727687
:1089F0002E6B657920004F4B2C207265626F6F746F
:108A000020746F206170706C7921204E6577207022
:108A100075626B65793A20004572726F722C206224
:108A20006164206B6579006E616D65200072657010
:108A300065617420006D616C666F726D65642E6493
:108A4000726F7020006D616C666F726D65642000DE
:108A50004F4B202D207265626F6F7420746F206100
:108A600070706C79004572726F722C20696E76613D
:108A70006C696420726164696F20706172616D73EA
:108A8000006C617420006C6F6E2000727864656CFD
:108A9000617920004572726F722C2063616E6E6F77
:108AA00074206265206E6567617469766500666C26
:108AB0006F6F642E6D617820004572726F722C208A
:108AC0006D617820363400666C6F6F642E61647659
:108AD0006572742E6261736520004572726F723A1E
:108AE0002062617365206D75737420626520626514
:108AF000747765656E203020616E64203100666C8D
:108B00006F6F642E72656C61792E70726F622000D7
:108B10004572726F723A2070726F626162696C693D
:108B20007479206D75737420626520302D3235356F
:108B300000666C6F6F642E64796E616D69632E657B
:108B40006E61626C6520004572726F723A206578C2
:108B5000706563746564206F6E206F72206F666647
:108B600000666C6F6F642E6E6F64652E64656C6159
:108B7000792000666C6F6F642E6475702E7375704B
:108B80007072657373200061746C61732E656E6121
:108B9000626C65200061746C6173200061746C61AB
:108BA000732E706F736974696F6E200061746C61ED
:108BB000732E6E65696768626F7273200061746CF2
:108BC00061732E7061746873616D706C652000450F
:108BD00072726F723A2073616D706C65207065728D
:108BE00063656E74206D75737420626520302D315D
:108BF00030004572726F723A2065787065637465F3
:108C000064206F6E2F6F6666206F7220302D3130BA
:108C10000061746C61732E6578706F7274200064EB
:108C200069726563742E747864656C617920006F75
:108C3000776E65722E696E666F2000706174682EA3
:108C4000686173682E6D6F646520004572726F7283
:108C50002C206D75737420626520302C312C206FB0
:108C6000722032006C6F6F702E64657465637420BF
:108C7000004572726F722C206D7573742062653AB4
:108C8000206F66662C206D696E696D616C2C206D9D
:108C90006F6465726174652C206F722073747269E1
:108CA00063740074782000667265712000627269D6
:108CB0006467652E656E61626C656420006272692E
:108CC0006467652E64656C617920004572726F720D
:108CD0003A2064656C6179206D757374206265203B
:108CE0006265747765656E20302D3130303030200C
:108CF0006D73006272696467652E736F7572636568
:108D000020007278006272696467652E72662000C6
:108D10006272696467652E626175642000457272D3
:108D20006F723A20626175642072617465206D759E
:108D30007374206265206265747765656E203936CC
:108D400030302D2564006164632E6D756C7469701C
:108D50006C69657220004F4B202D207573696E671A
:108D60002064656661756C7420626F617264206D49
:108D7000756C7469706C696572004F4B202D206DA5
:108D8000756C7469706C6965722073657420746F9A
:108D900020252E3366004572726F723A20756E730D
:108DA0007570706F7274656420627920746869737D
:108DB00020626F61726400756E6B6E6F776E2063F8
:108DC0006F6E6669673A202573004572726F722C68
:108DD00020626164206368617273006C6F6752780F
:108DE000006C6F67547800647574796379636C659F
:108DF000003E2025642E25642525006166003E2066
:108E0000257300696E742E746872657368003E2065
:108E10002564006167632E72657365742E696E74D4
:108E2000657276616C006D756C74692E61636B732D
:108E300000616C6C6F772E726561642E6F6E6C7959
:108E400000666C6F6F642E6164766572742E696E55
:108E500074657276616C00666C6F6F642E61647607
:108E60006572742E6261736500666C6F6F642E723A
:108E7000656C61792E70726F62003E202575006608
:108E80006C6F6F642E64796E616D69632E656E61BF
:108E9000626C6500666C6F6F642E6E6F64652E6425
:108EA000656C617900666C6F6F642E6475702E73EB
:108EB000757070726573730061746C61732E737476
:108EC0006174730061746C61732E706F736974697F
:108ED0006F6E0061746C61732E6E65696768626F96
:108EE00072730061746C61732E7061746873616D6C
:108EF000706C65003E2025732C25750061746C61D3
:108F0000732E6578706F72740061746C61732E6576
:108F10006E61626C650061746C617300726570658E
:108F2000617465722E6865616C7468007265706545
:108F3000617465722E7374617475730067756573FF
:108F4000742E70617373776F7264007072762E6B1B
:108F50006579006E616D6500726570656174006DA4
:108F6000616C666F726D65642E64726F70006D6106
:108F70006C666F726D6564006C6174006C6F6E007E
:108F80003E2025732C25732C25642C2564007278D3
:108F900064656C617900666C6F6F642E6D6178003A
:108FA0006469726563742E747864656C6179006FAE
:108FB000776E65722E696E666F00706174682E68D8
:108FC0006173682E6D6F6465006C6F6F702E6465E1
:108FD00074656374003E206F6666003E206D696EA6
:108FE000696D616C003E206D6F646572617465002F
:108FF0003E207374726963740074780066726571E0
:10900000007075626C69632E6B657900726F6C65B8
:10901000006272696467652E7479706500727332DC
:109020003332006272696467652E656E61626C65D9
:1090300064006272696467652E64656C61790062C0
:1090400072696467652E736F757263650062726919
:109050006467652E7266006272696467652E62617C
:10906000756400626F6F746C6F616465722E7665F3
:1090700072004552524F523A20756E737570706F80
:1090800072746564006164632E6D756C7469706CD4
:10909000696572003E20252E3366007077726D6719
:1090A000742E737570706F7274003E20756E7375D8
:1090B00070706F72746564007077726D67742E7370
:1090C0006F75726365004552524F523A20506F7768
:1090D0006572206D616E6167656D656E74206E6F7F
:1090E0007420737570706F72746564007077726D40
:1090F00067742E626F6F74726561736F6E00707744
:10910000726D67742E626F6F746D76003F3F3A2008
:10911000257300457272202D20736176652066618B
:10912000696C6564002A0074726565006C6F616427
:10913000007361766500616C6C6F776600457272D2
:10914000202D20756E6B6E6F776E20726567696F6C
:109150006E0064656E796600676574002025732073
:109160002825732920257300202573202573006886
:109170006F6D650020686F6D65206973206E6F7775
:109180002025730020686F6D6520697320257300AA
:1091900064656661756C74002064656661756C74E5
:1091A0002073636F7065206973206E6F77203C6E4B
:1091B000756C6C3E002064656661756C7420736329
:1091C0006F7065206973206E6F772025730045727C
:1091D00072202D20726567696F6E207461626C6504
:1091E0002066756C6C002064656661756C74207314
:1091F000636F706520697320257300457272202D9E
:1092000020756E6B6E6F776E20706172656E740084
:10921000457272202D20756E61626C6520746F201E
:10922000707574004F4B202D2028666C6F6F642082
:10923000616C6C6F776564290072656D6F7665008F
:10924000457272202D206E6F7420656D70747900E8
:10925000457272202D206E6F7420666F756E6400EB
:1092600064656E69656400457272202D20757365B2
:109270002027616C6C6F77656427206F72202764EC
:10928000656E6965642700457272202D203F3F009E
:10929000457272006E756C6C00706F7765726F66E8
:1092A000660073687574646F776E00636C6B7265CB
:1092B000626F6F74006164766572742E7A65726F86
:1092C000686F70004F4B202D207A65726F686F7049
:1092D000206164766572742073656E7400616476D3
:1092E000657274004F4B202D2041647665727420A6
:1092F00073656E7400636C6F636B2073796E6300CB
:109300004F4B202D20636C6F636B207365743A2084
:10931000253032643A25303264202D2025642F25F3
:10932000642F256420555443004552523A20636C03
:109330006F636B2063616E6E6F7420676F20626174
:10934000636B7761726473007374617274206F74FD
:1093500061004572726F72006F74612E636865639D
:109360006B006F74612E75706461746500636C6F5F
:10937000636B0074696D652000284552523A206382
:109380006C6F636B2063616E6E6F7420676F206219
:1093900061636B776172647329006E6569676862E7
:1093A0006F722E72656D6F766520004552523A20BD
:1093B000626164207075626B65790074656D7072AE
:1093C0006164696F20004F4B202D2074656D702003
:1093D000706172616D7320666F72202564206D6903
:1093E0006E73004572726F722C20696E76616C69C3
:1093F0006420706172616D730070617373776F7256
:1094000064206E6F773A20257300636C656172206B
:1094100064656E73652E737461747300284F4B20FE
:109420002D2064656E73652073746174732072659A
:109430007365742900636C656172207370616D2EB1
:10944000737461747300284F4B202D207370616D0D
:109450002073746174732072657365742900636C82
:1094600065617220706F7765722E7374617473001A
:10947000284F4B202D20706F7765722073746174B4
:10948000732072657365742900636C656172207363
:109490007461747300284F4B202D207374617473B2
:1094A00020726573657429006F62736572766572E8
:1094B000206578706F7274206A736F6E00556E6BE2
:1094C0006E6F776E2061746C617320636F6D6D6178
:1094D0006E640046696C652073797374656D2065F0
:1094E000726173653A2025730025732028427569DF
:1094F0006C643A202573290073656E736F72206760
:109500006574200073656E736F722073657420003C
:1095100063616E27742066696E6420637573746F6F
:109520006D207661720073656E736F72206C697363
:1095300074006E6F20637573746F6D2076617200B6
:10954000256420766172730A0025733D25730A0035
:109550002E2E2E206E6578743A2564007265676938
:109560006F6E646200457272202D204475746368CA
:1095700020726567696F6E206461746162617365F2
:109580002064697361626C656400706F77657273E3
:109590006176696E67206F6E00706F7765727361B8
:1095A00076696E67206F666600706F7765727361AB
:1095B00076696E67006C6F67207374617274002047
:1095C00020206C6F6767696E67206F6E006C6F6735
:1095D0002073746F70002020206C6F6767696E675E
:1095E000206F6666006C6F6720657261736500208E
:1095F00020206C6F672065726173656400202020F5
:10960000454F460073746174732D7061636B6574AC
:10961000730073746174732D726164696F00737485
:109620006174732D636F726500556E6B6E6F776E2C
:1096300020636F6D6D616E64002F636F6D5F70727C
:10964000656673002F6E6F64655F70726566730088
:1096500025732F25732E6964002F726567696F6EFD
:109660007332005E002573257320460A0000000057
:10967000000000000000000045000108670001082C
:10968000410001089B0001088B0001088F000108C0
:10969000950001081B1002083D10020800000000A0
:1096A0000000000087080108CD080108D70801085C
:1096B0003B080108CD0701085D07010861070108A3
:1096C000650701089F080108F5080108410801081D
:1096D00025642E25303364000000000000000000E7
:1096E00085110108CB11010887110108B511010886
:1096F00039100108DB110108FB120108C71101082C
:109700000000F0C0000020C1000048C1000070C18E
:1097100000008CC10000A0C100000000000000009B
:10972000E1170108F5170108000000000000000023
:109730008F1A0108D11A010841000108271C0108ED
:10974000751801087D180108971801081B100208F8
:109750003D100208A086010080380100C0D401003D
:1097600000007A0DFA005C12A00F800214000000C5
:10977000801A060000E20400005307000000840382
:10978000640014055802FA006400000040420F0013
:1097900000350C00804F12000000C2013200F401BD
:1097A00004013C0064000000000000000000000014
:1097B000C52D0108D72E0108C92E0108BB2E0108AE
:1097C000AD2E01086D2E0108612E01085B2E0108E7
:1097D000512D0108572E0108532E0108412E010872
:1097E000DD2D0108372E0108E92D0108312E010871
:1097F000E32D0108C72D0108E52E01081F2E0108E1
:109800000F2E01080B2E0108792D01080D6C01089F
:109810000000000000000000492F01088D30010801
:10982000493F0108495301088F5301089953010822
:109830008D350108AD680108313C01087D680108DB
:109840001B3B01087B460108A14101084139010881
:109850002F390108113501083D5C0108BD5B010885
:10986000AD610108356401084B6401084B2F010804
:109870006932010803620108295B0108095D0108DA
:10988000D95D01084142010851410108F13B01083D
:10989000CD350108CD370108613701088F3901083E
:1098A0007B39010879370108A9350108753B0108A2
:1098B0003D3B010869350108293D0108B939010816
:1098C00083370108EF3A0108392F0108412F0108B9
:1098D000392F0108412F0108392F0108412F0108B4
:1098E0009132010805390108A1430108813A0108B4
:1098F0008B37010805310108813001083959010809
:10990000055A0108453001089D3001083D31010824
:10991000F5330108313401080000000000000000A8
:1099200089310108E7310108D5310108F531010815
:109930008D3101086D2E0108612E01085B2E010892
:10994000512D0108572E0108532E0108412E010800
:10995000DD2D0108372E0108E92D0108312E0108FF
:10996000E32D0108C72D0108E52E01081F2E01086F
:109970000F2E01080B2E0108792D01080D6C01082E
:109980000024F40001000000535831323631000049
:1099900000000000000000002D3301087D340108A4
:1099A000493F0108495301088F53010899530108A1
:1099B0008D350108AD680108313C01087D6801085A
:1099C0001B3B01087B460108A14101084139010800
:1099D0002F390108113501083D5C0108BD5B010804
:1099E000AD610108356401084B6401086135010867
:1099F0006932010803620108295B0108095D010859
:109A0000D95D01084142010851410108F13B0108BB
:109A1000CD350108CD370108613701088F390108BC
:109A20007B39010879370108A9350108753B010820
:109A30003D3B010869350108293D0108B939010894
:109A400083370108EF3A0108295901083159010803
:109A500029590108315901082959010831590108CA
:109A60009132010805390108A1430108813A010832
:109A70008B370108D95801080959010839590108DB
:109A8000055A01087B5501082F330108A33301084B
:109A9000F53301083134010822FB120011032100C3
:109AA0001106210322021406110B120B110E120EC5
:109AB00011141116220B13152111240D2114211636
:109AC00022152315411341143314521361165216F3
:109AD00053166316641674160000000000000000A0
:109AE000C93701080B3B0108493F010849530108E8
:109AF0008F530108995301088D350108AD6801089D
:109B0000313C01087D6801081B3B01087B460108C8
:109B1000A1410108413901082F3901081B680108DA
:109B20003D5C0108BD5B0108AD61010835640108B9
:109B30004B640108276801082D68010803620108C9
:109B4000295B0108095D0108D95D0108414201084E
:109B500051410108F13B0108CD350108CD3701081D
:109B6000613701088F3901087B390108793701080D
:109B7000A9350108753B01083D3B0108693501081D
:109B8000293D0108B939010883370108EF3A010876
:109B90002959010831590108295901083159010889
:109BA00029590108315901080968010805390108D6
:109BB000A1430108813A01088B370108D9580108EF
:109BC0000959010839590108055A01087B5501084E
:109BD000212D30333639000F060300122436480495
:109BE00016283A4C081A2C3E0C1E304210223446DD
:109BF00001132537490517293B4D091B2D3F0D1F23
:109C0000314311233547021426384A06182A3C4EA0
:109C10000A1C2E400E203244031527394B07192BFE
:109C20003D4F0B1D2F410F2133450108AC000000B3
:109C30000000000000000000000000000000000024
:109C4000EF670108FB67010801680108096801085E
:109C5000FB670108AD680108F56701087D68010828
:109C6000FB670108FB6701080F6801081568010818
:109C7000FB6701081B6801081B6801081B680108D5
:109C800009680108096801082168010827680108B6
:109C90002D6801080F68010815680108336801087C
:109CA00033680108436801084968010849680108E8
:109CB000516801085D6801085D6801086168010874
:109CC0001568010815680108FB6701086768010845
:109CD000FB670108FB670108676801086D680108F8
:109CE00071680108736801087168010875680108E6
:109CF00071680108756801087168010875680108D4
:109D0000096801086768010877680108FB670108AE
:109D10000000000030211203120330210312213011
:109D20002130031243703407251652615261251603
:109D3000340743700734704361521625162561526B
:109D4000704307343407437052612516251652615B
:109D5000437034077043073416256152615216254B
:109D60000734704300000000000000000000000005
:109D700000000000000000000000000000000000E3
:109D800000000000000000000000000000000000D3
:109D900000000000000000000000000000000000C3
:109DA00000000000000000000000000000000000B3
:109DB000036C0108036C0108056C0108076C0108BD
:109DC000036C0108096C01080D6C0108000000001B
:109DD00000000000416C0108616C0108356D01084C
:109DE0003D6C0108756C0108CD6E0108F570010825
:109DF000396D0108000000000000000000000000B4
:109E000000000000356D01080000000000000000A7
:109E1000CD6E0108F5700108396D010800010204DA
:109E200008102040801B36001B362D6C775A41529B
:109E3000096AD53036A538BF40A39E81F3D7FB7C95
:109E4000E339829B2FFF87348E4344C4DEE9CB5431
:109E50007B9432A6C2233DEE4C950B42FAC34E08CA
:109E60002EA16628D924B2765BA2496D8BD12572CA
:109E7000F8F66486689816D4A45CCC5D65B6926CDE
:109E8000704850FDEDB9DA5E154657A78D9D849058
:109E9000D8AB008CBCD30AF7E45805B8B34506D05C
:109EA0002C1E8FCA3F0F02C1AFBD0301138A6B3A4C
:109EB0009111414F67DCEA97F2CFCEF0B4E673968A
:109EC000AC7422E7AD3585E2F937E81C75DF6E47E3
:109ED000F11A711D29C5896FB7620EAA18BE1BFC45
:109EE000563E4BC6D279209ADBC0FE78CD5AF41F7D
:109EF000DDA8338807C731B11210592780EC5F60A5
:109F0000517FA919B54A0D2DE57A9F93C99CEFA001
:109F1000E03B4DAE2AF5B0C8EBBB3C8353996117CB
:109F20002B047EBA77D626E169146355210C7D6334
:109F30007C777BF26B6FC53001672BFED7AB76CA9F
:109F400082C97DFA5947F0ADD4A2AF9CA472C0B7C4
:109F5000FD9326363FF7CC34A5E5F171D8311504D1
:109F6000C723C31896059A071280E2EB27B275093A
:109F7000832C1A1B6E5AA0523BD6B329E32F84536D
:109F8000D100ED20FCB15B6ACBBE394A4C58CFD032
:109F9000EFAAFB434D338545F9027F503C9FA85102
:109FA000A3408F929D38F5BCB6DA2110FFF3D2CDD5
:109FB0000C13EC5F974417C4A77E3D645D19736072
:109FC000814FDC222A908846EEB814DE5E0BDBE07F
:109FD000323A0A4906245CC2D3AC629195E479E72F
:109FE000C8376D8DD54EA96C56F4EA657AAE08BABD
:109FF00078252E1CA6B4C6E8DD741F4BBD8B8A7075
:10A000003EB5664803F60E613557B986C11D9EE11F
:10A01000F8981169D98E949B1E87E9CE5528DF8C5C
:10A02000A1890DBFE6426841992D0FB054BB1600BF
:10A030000000000000000000000000000000000020
:10A040000000000000000000000000000000000010
:10A0500000000000000000001B132C0AA3E59CED8B
:10A06000A72963085D210621EBFFFFFFFFFFFFFF2C
:10A07000FFFFFFFFFFFFFFFF0F000000EDD3F55CC8
:10A080001A631258D69CF7A2DEF9DE140000000015
:10A09000000000000000000000000010A3DDB7A5D4
:10A0A000B38ADE6DF5525177809FF0207DE3AB647B
:10A0B0008E4EEA6665768BD70F5F876701000000DA
:10A0C0000000000000000000000000000000000090
:10A0D00000000000000000000000000058666666F6
:10A0E0006666666666666666666666666666666610
:10A0F0006666666666666666666666661AD5258FF5
:10A10000602D56C9B2A7259560C72C695CDCD6FDC9
:10A1100031E2A4C0FE536ECDD336692159F1B22687
:10A12000949BD6EB56B183829A14E00030D1F3EEC3
:10A13000F2808E19E7FCDF56DCD90624A378591388
:10A14000CA4DEB75ABD841414D0A700098E879775C
:10A150007940C78C73FE6F2BEE6C03520000000039
:10A16000000000004D7901086D790108D5780108DB
:10A17000D9780108DD780108517B0108B57B010819
:10A18000357901084F7C01087F7C0108982F8A42AD
:10A1900091443771CFFBC0B5A5DBB5E95BC2563939
:10A1A000F111F159A4823F92D55E1CAB98AA07D851
:10A1B000015B8312BE853124C37D0C55745DBE7274
:10A1C000FEB1DE80A706DC9B74F19BC1C1699BE4F4
:10A1D0008647BEEFC69DC10FCCA10C246F2CE92D84
:10A1E000AA84744ADCA9B05CDA88F97652513E98A8
:10A1F0006DC631A8C82703B0C77F59BFF30BE0C6AF
:10A200004791A7D55163CA0667292914850AB7273C
:10A2100038211B2EFC6D2C4D130D385354730A65D9
:10A22000BB0A6A762EC9C281852C7292A1E8BFA2B0
:10A230004B661AA8708B4BC2A3516CC719E892D118
:10A24000240699D685350EF470A06A1016C1A4199B
:10A25000086C371E4C774827B5BCB034B30C1C399A
:10A260004AAAD84E4FCA9C5BF36F2E68EE828F7459
:10A270006F63A5781478C8840802C78CFAFFBE9073
:10A28000EB6C50A4F7A3F9BEF27871C60000000091
:10A2900000000000457D0108657D0108EB7C010898
:10A2A000EF7C01080D7D01083D820108BB82010899
:10A2B000F37C01085B8301088B8301080000000028
:10A2C00022AE28D7982F8A42CD65EF23914437716B
:10A2D0002F3B4DECCFFBC0B5BCDB8981A5DBB5E9DD
:10A2E00038B548F35BC2563919D005B6F111F159AA
:10A2F0009B4F19AFA4823F9218816DDAD55E1CABDB
:10A30000420203A398AA07D8BE6F7045015B83126F
:10A310008CB2E44EBE853124E2B4FFD5C37D0C552A
:10A320006F897BF2745DBE72B196163BFEB1DE8022
:10A330003512C725A706DC9B942669CF74F19BC113
:10A34000D24AF19EC1699BE4E3254F388647BEEFB0
:10A35000B5D58C8BC69DC10F659CAC77CCA10C2468
:10A3600075022B596F2CE92D83E4A66EAA84744ADA
:10A37000D4FB41BDDCA9B05CB5531183DA88F97612
:10A38000ABDF66EE52513E981032B42D6DC631A847
:10A390003F21FB98C82703B0E40EEFBEC77F59BF2B
:10A3A000C28FA83DF30BE0C625A70A934791A7D516
:10A3B0006F8203E05163CA06706E0E0A6729291482
:10A3C000FC2FD246850AB72726C9265C38211B2ECA
:10A3D000ED2AC45AFC6D2C4DDFB3959D130D3853F7
:10A3E000DE63AF8B54730A65A8B2773CBB0A6A760A
:10A3F000E6AEED472EC9C2813B358214852C7292A0
:10A400006403F14CA1E8BFA2013042BC4B661AA81C
:10A410009197F8D0708B4BC230BE5406A3516CC7D5
:10A420001852EFD619E892D110A96555240699D68D
:10A430002A20715785350EF4B8D1BB3270A06A104E
:10A44000C8D0D2B816C1A41953AB4151086C371EFD
:10A4500099EB8EDF4C774827A8489BE1B5BCB03418
:10A46000635AC9C5B30C1C39CB8A41E34AAAD84EFA
:10A4700073E363774FCA9C5BA3B8B2D6F36F2E68C1
:10A48000FCB2EF5DEE828F74602F17436F63A57887
:10A4900072ABF0A11478C884EC39641A0802C78C36
:10A4A000281E6323FAFFBE90E9BD82DEEB6C50A448
:10A4B0001579C6B2F7A3F9BE2B5372E3F27871C6D1
:10A4C0009C6126EACE3E27CA07C2C021C7B886D102
:10A4D0001EEBE0CDD67DDAEA78D16EEE7F4F7DF5CA
:10A4E000BA6F1772AA67F006A698C8A2C57D630A5C
:10A4F000AE0DF9BE04983F111B471C13350B711BA1
:10A50000847D0423F577DB289324C7407BABCA32D4
:10A51000BCBEC9150ABE9E3C4C0D109CC4671D43B1
:10A52000B6423ECBBED4C54C2A7E65FC9C297F59E1
:10A53000ECFAD63AAB6FCB5F1758474A8C19446C8C
:10A5400008C9BCF367E6096A3BA7CA8485AE67BB46
:10A550002BF894FE72F36E3CF1361D5F3AF54FA571
:10A56000D182E6AD7F520E511F6C3E2B8C68059B4D
:10A570006BBD41FBABD9831F79217E1319CDE05B05
:10A58000B0A00E4A271BEEC478E42FAD0618432F67
:10A59000A7D7FB3D99004D2B0BDFC14F8024832BA8
:10A5A00000000000000000000000000000000000AB
:10A5B000000000000000000000000000000000009B
:10A5C000000000000000000000000000000000008B
:10A5D0001F1C1F1E1F1E1F1F1E1F1E00010001002B
:10A5E00064006400000000000000000000000000A3
:10A5F000000000000000000000000000000000005B
:10A60000000000000000000000000000000000004A
:10A61000000000000000000000000000000000003A
:10A62000000000000000000000000000000000002A
:10A63000000000000000000000000000000000001A
:10A64000000000000000000000000000000000000A
:10A6500000000000000000000000000000000000FA
:10A6600000000000000000000000000000000000EA
:10A6700000000000000000000000000000000000DA
:10A6800000000000000000000000000000000000CA
:10A6900000000000000000000000000000000000BA
:10A6A000000000000100010001000A00020000009B
:10A6B0000000000000000000000000000000E803AF
:10A6C00000000A006400E80301000000010001002E
:10A6D0000000000000000100000000000100000078
:10A6E000E803E8030100010064000100000000002D
:10A6F0000000000000000000010001010202000053
:10A700000000000000000000000000000000000049
:10A710000000000000000000000000000000000039
:10A720000000000000000000000000000000000029
:10A730000000000000000000000000000000000019
:10A740000000000000000000000000000000000009
:10A7500000000000000000000000000000000402F3
:10A7600001020100000000000000000600020202D9
:10A7700004000102000000020000020004040204C0
:10A7800006030900000000000100000000000000B6
:10A7900000000000F98B0108FB8B0108000000009D
:10A7A00000000000D38C0108EB8C01084100010877
:10A7B000858D01085F8D0108818E01080B8D0108D0
:10A7C0001B1002083D1002082F002E2E006C697429
:10A7D000746C656673000000000000006410B71D13
:10A7E000C8206E3BAC30D9269041DC76F4516B6BBF
:10A7F0005861B24D3C7105502083B8ED44930FF081
:10A80000E8A3D6D68CB361CBB0C2649BD4D2D38636
:10A8100078E20AA01CF2BDBD0000000000000000AC
:10A820006BAF010821AB010851AA0108000000002C
:10A830000000000000000000000000006BAF0108F5
:10A8400021AB010897AF0108D5AF010805B0010899
:10A850009BAF01080000000022AE28D7982F8A4243
:10A86000CD65EF23914437712F3B4DECCFFBC0B545
:10A87000BCDB8981A5DBB5E938B548F35BC2563945
:10A8800019D005B6F111F1599B4F19AFA4823F922F
:10A8900018816DDAD55E1CAB420203A398AA07D8D3
:10A8A000BE6F7045015B83128CB2E44EBE853124CD
:10A8B000E2B4FFD5C37D0C556F897BF2745DBE7227
:10A8C000B196163BFEB1DE803512C725A706DC9B8C
:10A8D000942669CF74F19BC1D24AF19EC1699BE471
:10A8E000E3254F388647BEEFB5D58C8BC69DC10F8B
:10A8F000659CAC77CCA10C2475022B596F2CE92DEB
:10A9000083E4A66EAA84744AD4FB41BDDCA9B05C82
:10A91000B5531183DA88F976ABDF66EE52513E9873
:10A920001032B42D6DC631A83F21FB98C82703B063
:10A93000E40EEFBEC77F59BFC28FA83DF30BE0C640
:10A9400025A70A934791A7D56F8203E05163CA06F2
:10A95000706E0E0A67292914FC2FD246850AB72784
:10A9600026C9265C38211B2EED2AC45AFC6D2C4DBD
:10A97000DFB3959D130D3853DE63AF8B54730A65B7
:10A98000A8B2773CBB0A6A76E6AEED472EC9C28113
:10A990003B358214852C72926403F14CA1E8BFA26E
:10A9A000013042BC4B661AA89197F8D0708B4BC20D
:10A9B00030BE5406A3516CC71852EFD619E892D195
:10A9C00010A96555240699D62A20715785350EF4AD
:10A9D000B8D1BB3270A06A10C8D0D2B816C1A419C1
:10A9E00053AB4151086C371E99EB8EDF4C774827EB
:10A9F000A8489BE1B5BCB034635AC9C5B30C1C3937
:10AA0000CB8A41E34AAAD84E73E363774FCA9C5B73
:10AA1000A3B8B2D6F36F2E68FCB2EF5DEE828F74EE
:10AA2000602F17436F63A57872ABF0A11478C884C8
:10AA3000EC39641A0802C78C281E6323FAFFBE9003
:10AA4000E9BD82DEEB6C50A41579C6B2F7A3F9BE5E
:10AA50002B5372E3F27871C69C6126EACE3E27CA78
:10AA600007C2C021C7B886D11EEBE0CDD67DDAEA99
:10AA700078D16EEE7F4F7DF5BA6F1772AA67F00638
:10AA8000A698C8A2C57D630AAE0DF9BE04983F1111
:10AA90001B471C13350B711B847D0423F577DB28C2
:10AAA0009324C7407BABCA32BCBEC9150ABE9E3CCC
:10AAB0004C0D109CC4671D43B6423ECBBED4C54C62
:10AAC0002A7E65FC9C297F59ECFAD63AAB6FCB5FA6
:10AAD0001758474A8C19446C853B8C01BDF124FF03
:10AAE000F825C30160DC3700B74C3EFFC3423D0090
:10AAF000324CA401E1A44CFF4C3DA3FF753E1F0066
:10AB0000519140FF76410E00A273D6FF068A2E00B7
:10AB10007CE6F4FF0A8A8F00341AC200B8F44C00B5
:10AB2000818F2901BEF413FF7BAA7AFF6281440062
:10AB300079D5930056651EFFA1679B008C5943FF92
:10AB4000EFE5BE01430BB500C6F089FEEE45BCFF44
:10AB5000EA713CFF25FF39FF45B2B6FE80D0B30055
:10AB6000761A7DFE0307D6FFF1324DFF55CBC5FFA8
:10AB7000D387FAFF193064FFBBD5B4FE11586900C2
:10AB800053D19E010573620004AE3CFEAB376EFFED
:10AB9000D9B511FF14BCAA00929C66FE57D6AEFF31
:10ABA000727A9B01E92CAA007F08EF01D6ECEA003B
:10ABB000AF05DB00316A3DFF0642D0FF026A6EFF3F
:10ABC00051EA13FFD76BC0FF4397EE00132A6CFFC7
:10ABD000E5557101324487FF116A0900326701FFB0
:10ABE0005001A80123981EFF10A8B9013859E8FFA9
:10ABF00065D2FC0029FA4700CCAA4FFF0E2EEFFFCA
:10AC0000504DEF00BDD64BFF118DF90026504CFF83
:10AC1000BE55750056E4AA009CD8D001C3CFA4FF4E
:10AC200096424CFFAFE110FF8D5062014CDBF20009
:10AC3000C6A272002EDA98009B2BF1FE9BA068FF43
:10AC4000B209FCFE646ED4000E05A700E9EFA3FF75
:10AC50001C979D0165920AFFFE9E46FE47F9E4009F
:10AC6000581E3200443AA0FFBF186801814281FF9C
:10AC7000C03255FF08B38AFF26FAC9007350A000FE
:10AC800083E671007D5893005A44C700FD4C9E0036
:10AC90001CFF760071FAFE00424B2E00E6DA2B0014
:10ACA000E578BA0194442B00887CEE01BB6BC5FFAC
:10ACB0005435F6FF3374FEFF33BBA5000211AF001D
:10ACC0004254A001F73A1E00234135FE45ECBF0077
:10ACD0002D86F501A37BDD00206E14FF3417A5003F
:10ACE000BAD64700E9B06000F2EF360139598A0060
:10ACF000530054FF88A064005C8E78FE687CBE0020
:10AD0000B5B13EFFFA29550098822A0160FCF60091
:10AD100097973FFEEF853E0020389C002DA7BDFF92
:10AD20008E85B3018356D300BBB396FEFAAA0EFFFD
:10AD3000447115FFDEBA3BFF4207F10145064800AA
:10AD4000569C6CFE37A759006D34DBFE0DB017FF23
:10AD5000C42C6AFFEF9547FFA48C7DFF9FAD0100D7
:10AD60003329E700913E21008A6F5D01B953450008
:10AD700090732E00619710FF18E41A0031D9E20099
:10AD8000714BEAFEC1990CFFB63060FF0E0D1A0040
:10AD900080C3F9FE45C13B00842551FE7D6A3C001D
:10ADA000D6F0A901A4E34200D2A34E0025349700B7
:10ADB000634D1A00EE9CD5FFD5C0D101492E540039
:10ADC0001441290136CE4F00C98392FEAA6F18FFA5
:10ADD000B12132FEAB26CBFF4EF77400D1DD9900D6
:10ADE0008580B2013A2C1900C9273B01BD13FC0034
:10ADF00031E5D20175BB7500B5B3B8010072DB0057
:10AE0000305E9300F52938007D0DCCFEF4AD77005F
:10AE10002CDD20FE54EA1400F9A0C601EC7EEAFF06
:10AE20008F3EDD008159D6FF378B05FE4414BFFFEE
:10AE30000ECCB20123C3D9002F33CE0126F6A500D4
:10AE4000CE1B06FE9E572400D93492FF7D7BD7FF90
:10AE5000553C1FFFAB0D0700DAF558FEFC233C0004
:10AE600037D6A0FF85653800E02013FE9340EA0046
:10AE70001A91A20172767D00F8FCFA00655EC4FFAB
:10AE8000C68DE2FE332AB600870C09FE6DACD2FFF8
:10AE9000C5ECC201F1419A00309C2FFF994337FF66
:10AEA000DAA522FE4AB4B300DA424701587A6300B9
:10AEB000D4B5DBFF5C2AE7FFEF009A00F54DB7FF42
:10AEC0005E51AA0112D5D800AB5D4700345EF80090
:10AED0001297A1FEC5D142FFAEF40FFEA230B7001B
:10AEE000313DF0FEB65DC300C7E40601C80511FFA1
:10AEF000892DEDFF6C9404005A4FEDFF273F4DFF65
:10AF00003552CF018E1676FF65E812015C1A4300B8
:10AF100005C858FF21A88AFF95E1480002D11BFF10
:10AF20002CF5A801DCED11FF1ED369FE8DEEDD00CE
:10AF30008050F5FE6FFE0E00DE5FBE01DF09F100FE
:10AF4000924CD4FF6CCD68FF3F759900904530005E
:10AF500023E46F00C021C1FF70D6BEFE7398970036
:10AF600017665800334AF800E2C78FFECCA265FF8F
:10AF7000D061BD01F5681200E6F61EFF179445008A
:10AF80006E5834FEE2B559FFD02F5AFE72A150FF21
:10AF90002174F800B39857FF4590B10158EE1AFF9D
:10AFA0003A207101014D45003B7934FF98EE530082
:10AFB0003408C100E727E9FFC7228A00DE44AD005C
:10AFC0005B39F2FEDCD27FFFC007F6FE9723BB00A1
:10AFD000C3ECA5006F5DCE00D4F785019A85D1FF43
:10AFE0009BE70A00404E26007AF964011E1361FFB8
:10AFF0003E5BF901F8854D00C53FA8FE740A52007A
:10B00000B8EC71FED4CBC2FF3D64FCFE2405CAFF40
:10B01000775B99FF814F1D006767ABFEEDD76FFF30
:10B02000D8354500EFF01700C295DDFF26E1DE00C0
:10B03000E8FFB4FE765285FF39D1B1018BE8850077
:10B040009EB02EFEC2732E0058F7E5011C67BF00AC
:10B05000DDDEAFFE95EB2C0097E419FEDA696700A0
:10B060008E55D2009581BEFFD5415EFE7586E0FF0C
:10B0700052C675009DDDDC00A3652400C572250065
:10B0800068ACA6FE0BB600005148BCFF61BC10FFC7
:10B0900045060A00C79391FF0809730141D6AFFF27
:10B0A000D9ADD100507FA600F7E504FEA7B77CFF1D
:10B0B0005A1CCCFEAF3BF0FF0B29F8016C2833FF84
:10B0C00090B1C3FE96FA7E008A5B4101783CDEFFB8
:10B0D000F5C1EF001DD6BDFF80021900509AA200F5
:10B0E0004DDC6B01EACD4AFF36A667FF74480900C4
:10B0F000E45E2FFF1EC819FF23D659FF3DB08CFF19
:10B1000053E2A3FF4B82AC00802611005F8998FFB9
:10B11000D77C9F014F5D000094529DFEC382FBFFD0
:10B1200028CA4CFFFB7EE0009D633EFECF07E1FF97
:10B130006044C3008CBA9DFF8313E7FF2A80FE00A2
:10B1400034DB3DFE66CB48008D070BFFBAA4D5006B
:10B150001F7A770085F29100D0FCE8FF5BD5B6FF3F
:10B160008F04FAFEF9D74A00A51E6F01AB09DF0074
:10B17000E57B22015C821AFF4D9B2D01C38B1CFFD6
:10B180003BE04E008811F7006C7920004FFABDFFBC
:10B1900060E3FCFE26F13E003EAE7DFF9B6F5DFF4F
:10B1A0000AE6CE0161C528FF003139FE41FA0D00E3
:10B1B00012FB96FFDC6DD2FF05AEA6FE2C81BD0012
:10B1C000EB2393FF25F78DFF488D04FF676BFF008E
:10B1D000F75A0400352C2A00021EF000043B3F0001
:10B1E000584E240071A7B400BE47C1FFC79EA4FFFC
:10B1F0003A08AC004D210C00413F0300994D21FF5E
:10B20000ACFE6601E4DD04FF571EFE01922956FFE5
:10B210008ACCEFFE6C8D11FFBBF28700D2D07F008D
:10B22000442D0EFE49603E00513C18FFAA0624FF43
:10B2300003F91A0023D56D00168136FF1523E1FFAF
:10B24000EA3D38FF3AD906008F7C5800EC7E420078
:10B25000D126B7FF22EE06FFAE9166005F16D3003F
:10B26000C40F99FE2E54E8FF75229201E7FA4AFFB7
:10B270001B8664015CBBC3FFAAC67000781C2A0051
:10B28000D14643001D511F001DA86401A9ADA000B7
:10B290006B2375003E603BFF510C450187EFBEFFFD
:10B2A000DCFC1200A3DC3AFF8989BCFF53666D0009
:10B2B00060064C00EADED2FFB9AECD013C9ED5FF60
:10B2C0000DF1D600AC818C005D68F200C09CFB00E3
:10B2D0002B751E00E1519E007FE8DA00E21CCB00D6
:10B2E000E91B97FF752B05FFF20E2FFF21140600B7
:10B2F00089FB2CFE1B1FF5FFB7D67DFE2879950034
:10B30000BA9ED5FF5908E300455800FECB87E100FF
:10B31000C9AECB009347B800127929FE5E054E00F6
:10B32000E0D6F0FE2405B400FB87E701A38AD40031
:10B33000D2F974FE5881BB00130831FE3E0E90FF17
:10B340009F4CD300D63352006D75E4FE67DFCBFF10
:10B350004BFC0F019A47DCFF170D5B018DA860FFC6
:10B36000B5B68500FA333700EAEAD4FEAF3F9E0057
:10B3700027F034019EBD24FFD528550120B4F7FFE6
:10B3800013661A01541861FF4515DE00948B7AFF8D
:10B39000DCD5EB01E8CBFF0079399300E3079A0095
:10B3A000351693014801E100528630FE533C9DFF63
:10B3B0009148A9002267EF00C6E92F00741304FF2B
:10B3C000B86A09FFB781530024B0E601226748003C
:10B3D000DBA28600F52A9E00209560FEA52C900039
:10B3E000CAEF48FED79605002A42240184D7AF0051
:10B3F00056AE56FF1AC59CFF31E887FE67B652006D
:10B40000FD80B00199B27A00F5FA0A00EC18B2009A
:10B41000896A8400281D2900321E98FF7C69260055
:10B42000E6BF4B008F2BAA002C8314FF2C0D17FFB7
:10B43000EDFF9B019F6D64FF70B518FF68DC6C0029
:10B4400037D38300630CD5FF989791FFEE059F00DB
:10B45000619B0800216C5100010367003E6D22FFD3
:10B46000FA9BB4002047C3FF264691019F5FF50079
:10B4700045E56501881CF0004FE019004E6E79FF2C
:10B48000F8A87C00BB80F7000293EBFE4F0B840012
:10B49000463A0C01B508A3FF4F8985FF25AA0BFF8B
:10B4A0008DF355FFB0E7D7FFCC96A4FFEFD727FF6A
:10B4B0002E579CFE08A358FFAC22E800422C66FFE2
:10B4C0001B3629FEEC6357FF297BA90134722B0040
:10B4D000758628009B861A00E7CF5BFE238426FF33
:10B4E00013667DFE24E385FF760371FF1D0D7C004E
:10B4F00098604A015892CEFFA7BFDCFEA21258FF07
:10B50000B66417001F753400512E6A010C02070043
:10B510004550C901D1F6AC000C308D01E0D3580084
:10B5200074E29F007A62820041ECEA01E1E209FFE5
:10B53000CFE27B0159D63B00708758015AF4CBFF0C
:10B54000310B2601816CBA0059700F01652ECCFFBA
:10B550007FCC2DFE4FFFDDFF334912FF7F2A65FFB1
:10B56000F115CA00A0E307006932EC004F34C5FFB3
:10B5700068CAD001B40F100065C54EFF624DCB0004
:10B5800029B9F10123C17C00239B17FFCF35C000EF
:10B590000B7DA301F99EB9FF04833000155D6FFF99
:10B5A0003D79E70145C824FFB930B9FF6FEE15FFBB
:10B5B000273219FF63D7A3FF57D41EFFA49305FFBB
:10B5C000800623016CDF6EFFC24CB2004A65B400F6
:10B5D000F32F3000AE192BFF52ADFD013672C0FFC4
:10B5E00028375B00D76CB0FF0B380700E0E94C0050
:10B5F000D162CAFEF2197D002CC15DFECB08B100FC
:10B6000087B013007047D5FFCE3BB00104431A004A
:10B610000E8FD5FE2A37D0FF3C437800C115A3001A
:10B6200063A473000A1476009CD4DEFEA007D9FF41
:10B6300072F54C01753B7B00B0C256FED50FB000D1
:10B640004ECECFFED5813B00E9FB1601603798FF57
:10B65000ECFF0FFFC55954FF5D958500AEA071004A
:10B66000EA63A9FF9874580090A453FF5F1DC6FFBA
:10B67000222F0FFF637886FF05ECC100F9F77EFFEC
:10B6800093BB1E0032E675FF6CD9DBFFA351A6FF0A
:10B690004819A9FE9B794FFF1C9B59FE077E11009C
:10B6A000934121012FEAFD001A3312006953C7FFAD
:10B6B000A3C4E60071F8A400E2FEDA00BDD1CBFF1E
:10B6C000A4F7DEFEFF23A50004BCF3017FB347000F
:10B6D00025EDFEFF64BAF000053947FE674849FFD3
:10B6E000F41251FEE5D284FFEE06B4FF0BE5AEFF87
:10B6F000E3DDC00111311C00A3D7C4FE097604FFAD
:10B7000033F0470071816DFF4CF0E700BCB17F0062
:10B710007D472C011AAFF3005EA919FE1BE61D0040
:10B720000F8B7701A8AABAFFACC54CFFFC4BBC003D
:10B73000897CC400481660FF2D97F901DC916400F4
:10B7400040C09FFF78EFE20081B2920000C07D0010
:10B75000EB8AEA00B79D920053C7C0FFB8AC48FF20
:10B7600049E180004D06FAFFBA41430068F6CF0078
:10B77000BC208AFFDA18F200438A51FEED8179FF7E
:10B7800014CF960129C710FF061480009F7605008C
:10B79000B5108FFFDC260F00174093FE491A0D00ED
:10B7A00057E43901CC7C80002B18DF00DB63C70035
:10B7B000164B14FF131B7E009D3ED7006E1DE60046
:10B7C000B3A7FF0136FCBE00DDCCB6FEB39E41FF41
:10B7D000519D0300C2DA9F00AADF0000E00B20FFAA
:10B7E00026C56200A8A4250017580701A4BA6E0058
:10B7F00060248600EAF2E500FA791300F2FE70FF99
:10B80000032F5E0109EF06FF518699FED6FDA8FFC2
:10B81000437CE000F55F4A001C1E2CFE016DDCFF3E
:10B82000B2595900FC244C0018C62EFF4C4D6F0035
:10B8300086EA88FF275E1D00B948EAFF464487FF75
:10B84000E76607FE4DE78C00A72F3A01946176FF6B
:10B85000101BE101A6CE8FFF6EB2D6FFB483A2000B
:10B860008F8DE1010DDA4EFF729921016268CC00E3
:10B87000AF727501A7CE4B00CAC453013A404300D2
:10B880008A2F6F01C4F780FF89E0E0FE9E70CF0031
:10B890009A64FF0186256B00C6804FFF7FD19BFF16
:10B8A000A3FEB9FE3C0EF3001FDB70FE1DD9410064
:10B8B000C80D74FE7B3CC4FFE03BB8FEF259C400E7
:10B8C0007B104BFE9510CE0045FE3001E774DFFF84
:10B8D000D1A04101C850620025C2B8FE943F2200A9
:10B8E0008BF041FFD99084FF38262DFEC778D20017
:10B8F0006CB1A6FFA0DE0400DC7E77FEA56BA0FF86
:10B9000052DCF801F1AF8800908D17FFA98A54002E
:10B91000A0894EFFE27650FF341B84FF3F608BFF0F
:10B9200098FA2700BC9B0F00E83396FE280FE8FF2B
:10B93000F0E509FF89AF1BFF4B496101DAD40B0029
:10B940008705A2016BB9D50002F96BFF28F246000A
:10B95000DBC81900199D0D00435250FFC4F917FFB1
:10B9600091149500324892005E4C940118FB4100FE
:10B970001FC01700B8D4C9FF7BE9A201F7AD48008A
:10B98000A257DBFE7E8659009F0B0CFEA6691D00A8
:10B99000491BE4017178B7FF42A36D01D48F0BFFFF
:10B9A0009FE7A801FF805A00390E3AFE59340AFF7A
:10B9B000FD08A3010091D2FF0A8155012EB51B009D
:10B9C0006788A0FE7EBCD1FF22236F00D7DB18FF63
:10B9D000D40BD6FE65057600E8C585FFDFA76DFFB1
:10B9E000ED5056FF468B5E009EC1BF019B0F33FF9B
:10B9F0000FBE73004E87CFFFF90A1B01B57DE9002A
:10BA00005FAC0DFEAAD5A1FF27EC8AFF5F5D57FF53
:10BA1000BE805F007D0FCE00A6969F00E30F9EFFC5
:10BA2000CE9E78FF2A8D800065B278019C6D8300E0
:10BA3000DA0E2CFEF7A8CEFFD4701C007011E4FFC4
:10BA40005A102501C5DE6C00FECF53FF095AF3FFE3
:10BA5000F3F4AC001A5873FFCD747A00BFE6C1004E
:10BA6000B4640B01D92560FF9A4E9C00EBEA1FFFDE
:10BA7000CEB2B2FF95C0FB00B6FA8700F616690099
:10BA80007CC16DFF02D295FFA911AA0000606EFF74
:10BA900075090801327B28FFC1BD630022E3A000C5
:10BAA000305046FED333EC002D7AF5FE2CAE080064
:10BAB000AD25E9FF9E41AB007A45D7FF5A5002FF02
:10BAC000836A60FEE3728700CD3177FEB03E40FFAF
:10BAD000523311FFF114F3FF820D08FE80D9F3FFFA
:10BAE000A21B01FE5A76F100F6C6F6FF371076FF6C
:10BAF000C89F9D00A31101008C6B790055A176FFB2
:10BB0000260095009C2FEE0009A6A6014B62B5FF0A
:10BB1000324A1900420F2F008BE19F004C038EFF29
:10BB20000EEEB8000BCF35FFB7C0BA01AB20AEFFA9
:10BB3000BF4CDD01F7AADB0019AC32FED909E900E0
:10BB4000CB7E44FFB75C30007FA7B7014131FE00D8
:10BB5000103F7F01FE15AAFF3BE07FFE16303FFF3E
:10BB60001B4E82FE28C31D00FA8470FE23CB90007A
:10BB700068A9A800CFFD1EFF682826FE5EE45800D5
:10BB8000CE1080FFD4377AFFDF16EA00DFC57F00D2
:10BB9000FDB5B50191667600EC9924FFD4D948FF34
:10BBA000142618FE8A3E3E00988C0400E6DC63FFF3
:10BBB0000115D4FF94C9E700F47B09FE00ABD20065
:10BBC000333A25FF01FF0EFFF4B791FE00F2A60005
:10BBD000164A840079D829005FC372FE851897FF42
:10BBE0009CE2E7FFF7054DFFF69473FEE15C51FF21
:10BBF000DE50F6FEAA7B59FF4AC78D001D1408FFD0
:10BC00008A8846FF5D4B5C00DD9331FE347EE200A6
:10BC1000E57C17002E09B500CD40340183FE1C00E1
:10BC2000979ED40083404E00CE19AB0000E68B00F7
:10BC3000BFFD6EFE67F7A700402828012AA5F1FF87
:10BC40003B4BE4FE7CF3BDFFC45CB2FF828C56FF2D
:10BC50008D59380193C605FFCBF89EFE90A28D004A
:10BC60000BACE200822A15FF01A78FFF902424FF6E
:10BC70003058A4FEA8AADC006247D6005BD04F0073
:10BC80009F4CC901A62AD6FF45FF00FF06807DFF15
:10BC9000BE018C009253DAFFD7EE48017A7F35005F
:10BCA000BD74A5FF540842FFD603D0FFD56E8500B2
:10BCB000C3A82C019EE74500A240C8FE5B3A68007D
:10BCC000B63ABBFEF9E48800CB864CFE63DDE900A2
:10BCD0004BFED6FE50459A004098F8FEEC88CAFF0D
:10BCE0009D6999FE95AF1400162313FF7C79E90036
:10BCF000BAFAC6FE84E58B008950AEFFA57D4400EC
:10BD000090CA94FEEBEFF80087B87600655E11FFED
:10BD10007A4846FE458292007FDEF801457F76FF35
:10BD20001E52D7FEBC4A13FFE5A7C2FE751942FF9B
:10BD300041EA38FED5169C00973B5DFE2D1C1BFF8B
:10BD4000BA7EA4FF2006EF007F726301DB3402FF9E
:10BD50006360A6FE3EBE7EFF6CDEA8014BE2AE0035
:10BD6000E6E2C7003C75DAFFFCF81401D6BCCC0053
:10BD70001FC286FE7B45C0FFA9AD24FE37625B0073
:10BD8000DF2A66FE890166009D5A1900EF7A40FF9E
:10BD9000FC06E900073614FF5274AE00872536FF13
:10BDA0000FBA7D00E370AFFF64B4E1FF2AEDF4FF4A
:10BDB000F4ADE2FEF8122100AB6396FF4AEB32FFCE
:10BDC000755220FE6AA8ED00CF6DD001E409BA00DB
:10BDD000873CA9FEB35C8F00F4AA68FFEB2D7CFFC3
:10BDE0004663BA007589B700E01FD70028096400D0
:10BDF0001A105F0144D95700089714FF1A643AFFDC
:10BE0000B0A5CB01347646000720FEFEF4FEF5FF18
:10BE1000A790C2FF7D7117FFB079B5008854D1009B
:10BE20008A061EFF59301C00219B0EFF19F09A0054
:10BE30008DCD6D0146733EFF14286BFE8A9AC7FFB5
:10BE40005EDFE2FF9DAB2600A3B119FE2D7603FF56
:10BE50000EDE1701D1BE51FF767BE8010DD565FFDF
:10BE60007B377BFE1BF6A50032634CFF8CD620FF90
:10BE7000614143FF180C1C00AE564E0140F76000B4
:10BE8000A08743004237F3FF93CC60FF1A0621FFDF
:10BE90006233530199D5D0FF02B836FF19DA0B008F
:10BEA0003143F6FE129548FF0D1948002A4FD6007F
:10BEB0002A0426011B8B90FF95BB170012A4840057
:10BEC000F554B8FE78C668FF7EDA60003875EAFF80
:10BED0000D1DD6FE442F0AFFA79A84FE9826C600A1
:10BEE00042B259FFC82EABFF0D6353FFD2BBFDFF1B
:10BEF000AA2D2A018AD17C00D6A28D000CE69C00D6
:10BF0000662470FE0393430034D77BFFE9AB36FF12
:10BF100062893E00F7DA27FFE7DAEC00F7BF7F001F
:10BF2000C3925400A5B05CFF13D45EFF114AE30036
:10BF300058289901C69301FFCE43F5FEF003DAFFBE
:10BF40003D8DD5FF61B76A00C3E8EBFE5F569A00EE
:10BF5000D130CDFE76D1F1FFF078DF01D51D9F0005
:10BF6000A37F93FF0DDA5D00551844FE461450FF81
:10BF7000BD058C015261FEFF6363BFFF845485FFE2
:10BF80006BDA74FF707A2E0069112000C2A03FFFA7
:10BF900044DE2701D8FD5C00B169CDFF95C9C3001F
:10BFA0002AE10BFF28A2730009075100A5DADB0084
:10BFB000B41600FE1D92FCFF92CFE101B487600031
:10BFC0001FA37000B10BDBFF850CC1FE2B4E3200AE
:10BFD000417179013BD906FF6E5E180170AC6F00AC
:10BFE000070F600024557B00479615FFD049BC0021
:10BFF000C00BA701D5F5220009E65C00A28E27FF41
:10C00000D75A1B00626159005E4FD3005A9DF00061
:10C010005FDC7E0166B0E200241EE0FE231F7F008D
:10C02000E7E8730155538200D249F5FF2F8F72FF65
:10C030004441C5003B483EFFB785ADFE5D7976FFC4
:10C040003BB151FFEA45ADFFCD80B100DCF43300D8
:10C050001AF4D10149DE4DFFA30860FE9695D30086
:10C060009EFECB01367F8B00A1E03B00046D16FFE6
:10C07000DE2A2DFFD09266FFEC8EBB0032CDF5FF9D
:10C080000A4A59FE304F8E00DE4C82FF1EA63F004A
:10C09000EC0C0DFF31B8F400BB716600DA65FD00F1
:10C0A0009939B6FE20962A0019C69201EDF13800A2
:10C0B0008C4405005BA4ACFF4E91BAFE4334CD0026
:10C0C000DBCF81016D731100368F3A0115F878FFCF
:10C0D000B3FF1E00C1EC42FF01FF07FFFDC030FFB0
:10C0E0001345D90103D600FF40659201DF7D23FF90
:10C0F000EB49B3FFF9A7E200E1AF0A0161A23A0000
:10C100006A70AB0154AC05FF858CB2FF86F58E00DA
:10C11000615A7DFFBACBB9FFDF4D17FFC05C6A00E3
:10C120000FC673FFD998F800ABB278FFE4863500EC
:10C13000B036C101FAFB3500D50A640122C76A0096
:10C14000971FF4FEACE057FF0EED17FFFD551AFFE9
:10C150007F2774FFAC686400FB0E46FFD4D08AFFD3
:10C16000FDD3FA00B031A5000F4C7BFF25DAA0FF0C
:10C170005C8710010A7E72FF4605E0FFF7F98D002B
:10C1800044143C01F1D2BDFFC3D9BB019703710038
:10C19000975CAE00E73EB2FFDBB7E100171721FF67
:10C1A000CDB5500039B8F8FF43B401FF5A7B5DFFAD
:10C1B0002700A2FF60F834FF54428C00227FE4FF86
:10C1C000C28A0701A66EBC0015119B019ABEC6FF6C
:10C1D000D6503BFF12078F00481DE201C7D9F90076
:10C1E000E8A1470195BEC900D9AF5FFE719343FF37
:10C1F0008A8FC7FF7FCC01001DB65301CEE69BFF9F
:10C20000BACC3C000A7D55FFE86019FFFF59F7FFE3
:10C21000D5FEAF01E8C151001C2B9CFE0C45080067
:10C220009318F80012C63100863C230076F612FF00
:10C230003158FEFEE415BAFFB6417001DB1601FF6E
:10C24000167E34FFBD3531FF70198F00267F37FF12
:10C25000E265A3FED0853DFF8945AE01BE7691FF24
:10C260003C62DBFFD90DF5FFFA880A0054FEE200BC
:10C27000C91F7D01F033FBFF1F8382FF028A32FF5B
:10C28000D7D7B101DF0CEEFFFC9538FF7C5B44FF94
:10C29000487EAAFE77FF64008287E8FF0E4FB20057
:10C2A000FA83C5008AC6D00079D88BFE771224FFA6
:10C2B0001DC17A00102A2DFFD5F0EB01E6BEA9FFC3
:10C2C000C623E4FE6EAD4800D6DDF1FF389487004A
:10C2D000C0754EFE8D5DCFFF8F419500151262FF38
:10C2E0005F2CF4016ABF4D00FE5508FED66EB0FF0C
:10C2F00049AD13FEA0C4C7FFED5A9000C1AC71FF59
:10C30000C89B88FEE45ADD0089314A01A4DDD7FFCD
:10C31000D1BD05FF69EC37FF2A1F8101C1FFEC0089
:10C320002ED93C008A58BBFFE252ECFF514597FFE3
:10C330008EBE10010D8608007F7A30FF51409C00B0
:10C34000ABF38B00ED23F6007A8FC1FED47A920016
:10C350005F29FF0157844D0004D41F00111F4E00B8
:10C36000272DADFE188ED9FF5F0906FFE3530600A7
:10C37000623B82FE3E1E21000873D301A26180FF52
:10C3800007B817FE741CA8FFF88A97FF62F4F00044
:10C39000BA76820072F8EBFF69ADC801A07C47FF56
:10C3A0005E24A401AF4192FFEEF1AAFECAC6C50009
:10C3B000E4478AFE2DF66DFFC2349E0085BBB000B7
:10C3C00053FC9AFE59BDDDFFAA49FC00943A7D005A
:10C3D000244433FE2A45B1FFA84C56FF2664CCFF07
:10C3E00026352300AF136100E1EEFDFF51518700B8
:10C3F000D21BFFFEEB496B0008CF7300527F880011
:10C40000546315FECF13880064A4650050D04DFF1F
:10C4100084CFEDFF0F030FFF21A66E009C5F55FF39
:10C4200025B96F01966A23FFA6974C00725787FFC4
:10C430009FC240000C7A1FFFE80765FEAD776200DF
:10C440009A47DCFEBF3935FFA8E8A0FFE02063FF74
:10C45000DA9CA5009799A300D90D9401C5715900E4
:10C46000951CA1FECF171E006984E3FF36E65EFF30
:10C4700085ADCCFF5CB79DFF5890FCFE66215A004D
:10C480009F610300B5DA9BFFF07277006AD635FF33
:10C49000A5BE7301985BE1FF586A2CFFD03D710087
:10C4A00097347C00BF1B9CFF6E36EC010E1EA6FF6E
:10C4B000277FCF01E5C71C00BCE4BCFE649DEB00F8
:10C4C000F6DAB7016B16C1FFCEA05F004CEF930008
:10C4D000CFA1750033A602FF34750AFE4938E3FF89
:10C4E00098C1E100845E88FF65BFD100206BE5FF45
:10C4F000C62BB40164D27600724399FF17581AFF15
:10C50000599A5C01DC788CFF9072CFFFFC73FAFFC4
:10C5100022CE48008A857FFF08B27C01574B61001C
:10C520000FE55CFEF04383FF767BE3FE927868FFC5
:10C5300091D5FF0181BB46FFDB7736000113AD00CB
:10C540002D969401F8534800CBE9A9018E6B380071
:10C55000F7F926012DF250FF1EE9670060524600F0
:10C5600017C96F0051271EFFA1B74EFFC2EA21FF76
:10C5700044E38CFED8CE7400461BEBFF68904F005E
:10C58000A4E65DFED6879C009ABBF2FEBC1483FF36
:10C59000246DAE009F70F100056E950124A5DA00B0
:10C5A000A61D1301B22E49005D2B20FEF8BDED0043
:10C5B000669B8D00C95DC3FFF18BFDFF0F6F62FFAE
:10C5C0006C41A3FE9B4FBEFF49AEC1FEF62830FF73
:10C5D0006B580BFECA6155FFFDCC12FF71F2420091
:10C5E0006EA0C2FED012BA0051153C00BC68A7FF75
:10C5F0007CA661FED2858E0038F289FE296F82000A
:10C600006F973A016FD58DFFB7ACF1FF2606C4FFD7
:10C61000B9077BFF2E0BF600F56977010F02A1FF2A
:10C6200008CE2DFF12CA4AFF537C7301D48D9D00A2
:10C630005308D1FE8B0FE8FFAC36ADFE32F7840015
:10C64000D6BDD50090B86900DFFEF800FF93F0FF7B
:10C6500017BC480007333600BC19B4FEDCB400FF39
:10C6600053A01400A3BDF3FF3AD1C2FF57493C00C9
:10C670006A183100F5F9DC0016ADA700760BC3FF90
:10C68000137EED006E9F25FF3B522F00B4BB56007A
:10C69000BC94D001642585FF0770C10081BC9CFF5C
:10C6A000546A81FF85E1CA000EEC6FFF2814650013
:10C6B000ACAC31FE33364AFFFBB9B8FF5D9BE0FFFF
:10C6C000B4F9E001E6B29200483936FEB23EB80055
:10C6D00077CD4800B9EFFDFF3D0FDA00C44338FFC6
:10C6E000EA20AB012EDBE400D06CEAFF143FE8FF48
:10C6F000A535C70185E405FF34CD6B004AEE8CFFFC
:10C70000969CDBFEEFACB2FFFBBDDFFE208ED3FFBD
:10C71000DA0F8A01F1C450001C2462FE16EAC70039
:10C720003DEDDCFFF63925008E118EFF9D3E1A008F
:10C730002BEE5FFE03D906FFD519F00127DCAEFF13
:10C740009ACD30FE130DC0FFF42236FE8C109B00F4
:10C75000F0B505FE9BC13C00A68004FF249138FF84
:10C7600096F0DB007833910052992A018CEC92000C
:10C770006B5CF801BD0A03003F88F200D327180064
:10C7800013CAA101AD1BBAFFD2CCEFFE29D1A2FF83
:10C79000B6FE9FFFAC743400C367DEFECD453B00A0
:10C7A00035162901DA30C20050D2F200D2BCCF00D7
:10C7B000BBA1A1FED811010088E17100FAB83F00C9
:10C7C000DF1E62FE4DA8A2003B35AF0013C90AFF71
:10C7D0008BE0C20093C19AFFD4BD0CFE01C8AEFF2E
:10C7E000328571015EB35A00ADB687005EB171004B
:10C7F0002B59D7FF88FC6AFF7B8653FE05F542FF65
:10C8000052312701DC02E0006181B1004D3B59004B
:10C810003D1D9B01CBABDCFF5C4E8B009121B5FF36
:10C82000A9188D013796B3008B3C50FFDA276100C1
:10C8300002936BFF3CF84800ADE62F010653B6FFAC
:10C840001069A2FE89D451FFB4B8860127DEA4FF87
:10C85000DD69FB01EF707D003F0761003F68E3FF8A
:10C86000943A0C005A3CE0FF54D4FC004FD7A80087
:10C87000F8DDC7017379010024AC780020A2BBFF6A
:10C88000396B31FF932A15006AC62B01394A5700CC
:10C890007ECB51FF8187C3008C1FB100DD8BC200AE
:10C8A00003DED7008344E700B156B2FE7C97B400A4
:10C8B000B87C260146A31100F9FBB5012A37E30035
:10C8C000E2A12C0017EC6E0033958E015D05EC00A3
:10C8D000DAB76AFE43184D0028F5D1FFDE799900DA
:10C8E000A5391E00537D3C0046265201E506BC00DA
:10C8F0006DDE9DFF37763FFFCD97BA00E32195FFB0
:10C90000FEB0F601E3B1E300226AA3FEB02B4F00B4
:10C910006A5F4E01B9F17AFFB90E3D002401CA00E9
:10C920000DB2A2FFF70B8400A1E65C014101B9FF43
:10C93000D432A5018D9240FF9EF2DA0015A47D004D
:10C94000D58B7A0143475700CB9EB201975C2B00F1
:10C95000986F05FF2703EFFFD9FFFAFFB03F47FFAE
:10C960004AF54D01FAAE12FF2231E3FFF62EFBFF2E
:10C970009A2330017D9D3DFF6A244EFF61EC9900B2
:10C9800088BB78FF7186ABFF13D5D9FED85ED1FF87
:10C99000FC053D005E03CA00031AB7FF40BF2BFF32
:10C9A0001E171500818D4DFF66780701C24C8C0063
:10C9B000BCAF34FF11519400E8563701E130AC00B0
:10C9C000862A2AFFEE322F00A912FE00149357FF89
:10C9D0000EC3EFFF45F71700EEE580FFB1317000A1
:10C9E000A862FBFF7947F800F30891FEF6E399FF90
:10C9F000DBA9B1FEFB8BA5FF0CA3B9FFA428ABFFFD
:10CA0000999F1BFEF36D5BFFDE18700112D6E700E5
:10CA10006B9DB5FEC39300FFC26368FF598CBEFFD8
:10CA2000B1427EFE6AB9420031DA1F00FCAE9E00C0
:10CA3000BC4FE601EE29E000D4EA0801880BB500FE
:10CA4000A67553FF44C35E002E84C900F0985800B9
:10CA5000A43945FEA0E02AFF3BD743FF77C38DFFF3
:10CA600024B479FECF2F08FFAED2DF0065C544FFA6
:10CA7000FF528D01FA89E900615685011050450089
:10CA800084839F00745D64002D8D8B0098AC9DFFA6
:10CA90005A2B5B0047992E00271070FFD98861FF41
:10CAA000DCC619FEB1353100DE5886FF800F3C0030
:10CAB000CFC0A9FFC074D1FF6A4ED301C8D5B7FF5C
:10CAC000070C7AFEDECB3CFF216EC7FEFB6A7500C9
:10CAD000E4E10401783A07FFDDC154FE70851B00D4
:10CAE000BDC8C9FF8B879600EA37B0FF3D324100D1
:10CAF000986CA9FFDC5501FF7087E300A21ABA0009
:10CB0000CF60B9FEF4886B005D993201C661970071
:10CB10006E0B56FF8F75AEFF73D4C80005CAB70001
:10CB2000EDA40AFEB9EF3E00EC7812FE627B63FFD3
:10CB3000A8C9C2FE2EEAD600BF8531FF63A97700DF
:10CB4000BEBB230173152DFFF983480070067BFFE0
:10CB5000D631B5FEA6E922005CC566FEFDE4CDFF38
:10CB6000033BC9012A622E00DB2523FFA9C326004F
:10CB70005E7CC1019C2BDF005F4885FE78CEBF0044
:10CB80007AC5EFFFB1BB4FFFFE2E0201FAA7BE0030
:10CB900054811300CB71A6FFF91FBDFE489DCAFF4B
:10CBA000D04749FFCF1848000A101201D2514CFF5C
:10CBB00058D0C0FF7EF36BFFEE8D78FFC779EAFF98
:10CBC000890C3BFF24DC7BFF94B33CFEF00C1D0082
:10CBD00042006101241E26FF73015DFF6067E7FFCD
:10CBE000C59E3B01C0A4F000CACA39FF18AE300090
:10CBF000594D9B012A4CD700F497E900173051009A
:10CC0000EF7F34FEE38225FFF8745D017C847600BB
:10CC1000ADFEC00106EB53FF6EAFE701FB1CB60093
:10CC200081F95DFE54B880004CB53E00AF80BA007B
:10CC3000643588FE6D1DE200DDE93A0114634A00A7
:10CC40000016A000860D1500093437FF11598C001D
:10CC5000AF223B0054A577FFE0E2EAFF0748A6FFBA
:10CC60007B73FF0112D6F600FA074701D9DCB90041
:10CC7000D4234CFF267DAF00BD61D20072EE2CFFA5
:10CC800029BCA9FE2DBA9A00515C160084A0C100EF
:10CC900079D062FF0D512CFFCB9C5200473A15FF13
:10CCA000D072BFFE322693009AD8C30065191200D5
:10CCB0003CFAD7FFE984EBFF67AF8E01100E5C00F2
:10CCC0008D1F6EFEEEF12DFF99D9EF0161A82FFFA8
:10CCD000F95510011CAF3EFF39FE3600DEE77E003D
:10CCE000A62D75FE12BD60FFE44C3200C8F45E0054
:10CCF000C6987801442245FF0C41A0FE65135A00F6
:10CD0000A7C578FF4436B9FF29DABC0071A8300006
:10CD10005869BD011A5220FFB95DA401E4F0EDFF8E
:10CD200042B63500ABC55CFF6B09E901C77890FFDF
:10CD30004E310AFF6DAA69FF5A041FFF1CF471FFF0
:10CD40004A3A0B003EDCF6FF799AC8FE90D2B2FF59
:10CD50007E3981012BFA0EFF656F1C012F56F1FF02
:10CD60003D4696FF354905FF1E1A9E00D11A560012
:10CD70008AED4A00A45FBC008E3C1DFEA274F8FF41
:10CD8000BBAFA00097121000D16F41FECB8627FFEA
:10CD9000586C31FF831A47FFDD1BD7FE68695DFFC2
:10CDA0001FEC1FFE8700D3FF8F7F6E01D449E50083
:10CDB000E943A7FEC301D0FF8411DDFF33D95A0038
:10CDC00043EB32FFDFD28F00B3358201E96AC60040
:10CDD000D9ADDCFF70E518FFAF9A5DFE47CBF6FFDB
:10CDE000304285FF0388E6FF17DD71FEEB6FD5004B
:10CDF000AA785FFEFBDD02002D829EFE695ED9FFF0
:10CE0000F234B4FED5442DFF68261C00F49E4C007D
:10CE1000A1C860FFCF350DFFBB439400AA36F800D0
:10CE200077A2B2FF53140B002A2AC001929FA3FFDE
:10CE3000B7E86F004DE515FF47358F001B4C22000A
:10CE4000F6882FFFDB27B6FF5CE0C901138E0EFFCB
:10CE500045B6F1FFA376F500096D6A01AAB5F7FFA3
:10CE60004E2FEEFF54D2B0FFD56B8B0027260B0060
:10CE70004815960048824500CD4D9BFE8E851500D5
:10CE8000476FACFEE22A3BFFB300D7012180F100DF
:10CE9000EAFC0D01B84F08006E1E49FFF68DBD007B
:10CEA000AACFDA014A9A45FF8AF631FF9B20640037
:10CEB0007D4A69FF5A553DFF23E5B1FF3E7DC1FF25
:10CEC0009956BC014978D400D17BF6FE87D126FF64
:10CED000973A2C015C45D6FF0E0C58FFFC99A6FF33
:10CEE000FDCF70FF3C4E53FFE37C6E00B460FCFF4F
:10CEF000357521FEA4DC52FF29011BFF26A4A6FFE5
:10CF0000A463A9FE3D9046FFC0A612006BFA420042
:10CF1000C541320001B312FFFF6801FF2B9923FFC7
:10CF2000506FA8006EAFA80029692DFFDB0ECDFF62
:10CF3000A4E98CFE2B017600E943C300B2529FFFA7
:10CF40008A577AFFD4EE5AFF90237CFE198CA400F6
:10CF5000FBD72CFE85466BFF65E350FE5CA93700CE
:10CF6000D72A310072B455FF21E81B01ACD5190056
:10CF70003EB07BFE208518FFE1BF3E005D46990074
:10CF8000B52A680116BFE0FFC8C88CFFF9EA250082
:10CF900095398D00C338D0FFFE8246FF20ADF0FFEB
:10CFA0001DDCC7006E6473FF84E5F900E4E9DFFF70
:10CFB00025D8D1FEB2B1D1FFB72DA5FEE061720038
:10CFC0008961A8FFE1DEAC00A50D3101D2EBCCFFF9
:10CFD000FC041CFE46A09700E8BE34FE53F85DFF3B
:10CFE0003ED74D01AFAFB3FFA03242007930D00041
:10CFF0003FA9D1FF00D2C800E0BB2C0149A25200DA
:10D0000009B08FFF134CC1FF1D3BA701182B9A00DD
:10D010001CBEBE008DBC8100E8EBCBFFEA006DFFBB
:10D0200036419F003C58E8FF79FD96FEFCE983FFFE
:10D03000C66E2901534D47FFC8163BFE6AFDF2FF3D
:10D04000150CCFFFED42BD005AC6CA01E1AC7F000E
:10D050003516CA0038E684000156B7006DBE2A00B6
:10D06000F344AE016DE49A00C8B17A0123A0B7FF82
:10D07000B13055FF5ADAA9FFF8984E00CAFE6E008B
:10D0800006342B008E6241FF3F911600466A5D0018
:10D09000E88A6B016EB33DFFD381DA01F2D15C0007
:10D0A000235AD901B68F6AFF7465D9FF72FADDFF82
:10D0B000ADCC06003C96A30049AC2CFFEF6E50FFB0
:10D0C000ED4C99FEA18CF90095E8E500851F28FF3D
:10D0D000AEA477007133D60081E402FE4022F30053
:10D0E0006BE3F4FFAE6AC8FF549946013223100087
:10D0F000FA4AD8FEECBD42FF99F90D00E6B204FFF2
:10D10000DD29EE0076E379FF5E578CFEFE775C004A
:10D1100049EFF6FE7557800013D391FFB12EFC0046
:10D12000E55BF6014580F7FFCA4D3601080B09FFA4
:10D130009960A600D9D6ADFF86C0020100CF0000DD
:10D14000BDAE6B018C8664009EC1F301B666AB0078
:10D15000EB9A33008E057BFF3CA85901D90E5CFF8A
:10D1600013D60501D3A7FE002C06CAFE7812ECFFE9
:10D170000F71B8FFB8DF8B0028B177FEB67B5AFF7E
:10D18000B0A5B000F74DC2001BEA7800E700D6FF5B
:10D190003B271E007D6391FF964444018DDEF8001D
:10D1A000997BD2FF6E7F98FFE521D60187DDC50010
:10D1B000896102000C8FCCFF5129BC00734F82FFA4
:10D1C0005E03840098AFBBFF7C8D0AFF7EC0B3FF77
:10D1D0000B67C60095062D00DB55BB01E612B2FFBA
:10D1E00048B6980003C6B8FF8070E00161A1E60070
:10D1F000FE6326FF3A9FC5009742DB003B458FFF49
:10D20000B970F90077882FFF7B828400A8475FFF01
:10D2100071B02801E8B9AD00CF5D7501449D6CFF88
:10D22000660593FE3161210059416FFEF71EA3FF91
:10D230007CD9DD0166FAD800C6AE4BFE3937120044
:10D24000E305EC01E5D5AD00C96DDA0131E9EF0088
:10D250001E379E0119B26A009B6FBC015E7E8C0076
:10D26000D71FEE014DF01000D5F219012647A80096
:10D27000CDBA5DFE31D38CFFDB00B4FF8676A5000E
:10D28000A09386FF6EBA23FFC6F32A00F3927700BD
:10D2900086EBA30104F187FFC12EC1FE67B44FFFE7
:10D2A000E104B8FEF27682009287B001EA6F1E00B8
:10D2B0004542D5FE29607B00795E2AFFB2BFC3FFDD
:10D2C0002E822A00755408FFE931D6FEEE7A6D00F1
:10D2D00006475901ECD37B00F40D30FE77940E0025
:10D2E000721C56FF4BED19FF91E510FE816435FF6E
:10D2F000869678FEA89D3200174868FFE0310E0040
:10D30000FF7B16FF97B997FFAA50B80186B61400A5
:10D3100029646501992110004C9A6F0156CEEAFFED
:10D32000C0A0A4FEA57B5DFF01D8A4FE4311AFFF02
:10D33000A90B3BFF9E293DFF49BC0EFFC30689FF99
:10D3400016931DFF146703FFF682E3FF7A2880001F
:10D35000E22F18FE2324200098BAB7FF45CA140014
:10D36000C385C300DE33F700A9AB5E01B700A0FFA1
:10D3700040CD12019C530FFFC53AF9FEFB596EFFD9
:10D38000320A58FE332BD80062F2C601F5977100BD
:10D39000ABECC201C51FC7FFE5512601293B1400B4
:10D3A000FD68E600985D0EFFF6F292FED6A9F0FF4A
:10D3B000F0666CFEA0A7EC009ADABC0096E9CAFF02
:10D3C0001B13FA01024785FFAF0C3F0191B7C6005E
:10D3D000687873FF82FBF70011D4A7FF3E7B84FFC0
:10D3E000F764BD009BDF98008FC521009B3B2CFF9D
:10D3F000965DF0017F0357FF5F47CF01A75501FFFF
:10D40000BC9874FF0A17170089C35D01366261007A
:10D41000F000A8FF94BC7F00866B97004CFDAB002A
:10D420005A84C00092163600E04236FEE6BAE5FFA6
:10D4300027B6C40094FB82FF41836CFE8001A000EC
:10D44000A931A7FEC7FE94FFFB068300BBFE81FF48
:10D4500055523E00B2173AFFFE840500A4D52700BE
:10D4600086FC92FE253551FF9B865200CDA7EEFF2C
:10D470005E2DB4FF8428A100FE6F7001364BD900E9
:10D48000B3E6DD01EB5EBFFF17F33001CA91CBFFBE
:10D4900027762AFF758DFD00FE00DE002BFB320093
:10D4A00036A9EA015044D00094CBF3FE91078700DF
:10D4B00006FE0000FCB97F00620881FF262348FFBA
:10D4C000D324DC01281A5900A840C5FE03DEEFFF73
:10D4D0000253D7FEB49F69003A73C200BA746AFF60
:10D4E000E5F7DBFF8176C100CAAEB701A6A148000F
:10D4F000C96B93FEED884A00E9E66A01696FA800EE
:10D5000040E01E0101E503006697AFFFC2EEE4FFB5
:10D51000FEFAD400BBED790043FB6001C51E0B0091
:10D52000B75FCC00CD598A0040DD2501FFDF1EFF2B
:10D53000B230D3FFF1C85AFFA7D160FF3982DD00B6
:10D540002E72C8FF3DB8420037B618FE6EB62100F5
:10D55000ABBEE8FF725E1F0012DD08002FE7FE0081
:10D56000FF705300760FD7FFAD1928FEC0C11FFF13
:10D57000EE1592FFABC176FF65EA35FE83D47000ED
:10D5800059C06B0108D01B00B5D90FFFE795E80023
:10D590008CEC7E009009C7FF0C4FB5FE93B6CAFF16
:10D5A000136DB6FF31D4E1004AA3CB00AFE994007C
:10D5B0001A703300C1C109FF0F87F90096E382009A
:10D5C000CC00DB0118F2CD00EED075FF16F4700030
:10D5D0001AE522002550BCFF262DCEFEF05AE1FFB1
:10D5E0001D032FFF2AE04C00BAF3A70020840FFF91
:10D5F00005337D008B87180006F1DB00ACE585FF65
:10D60000F6D63200E70BCFFFBF7E5301B4A3AAFFCB
:10D61000F5381801B2A4D3FF0310CA01623976FFAE
:10D620008D8359FE21331800F3955BFFFD340E0006
:10D6300023A943FE311E58FFB31B24FFA58CB7005E
:10D640003ABD9700581F00004BA942004265C7FF32
:10D6500018D8C70179C41AFF0E4FCBFEF0E251FF74
:10D660005E1C0AFF53C1F0FFCCC183FF5E0F560062
:10D67000DA289D0033C1D10000F2B10066B9F7008D
:10D680009E6D740026875B00DFAF9500DC4201FFD2
:10D69000563CE800196025FFE17AA201D7BBA8FF3C
:10D6A0009E9D2E0038ABA200E8F065017A160900B5
:10D6B000330915FF3519EEFFD91EE8FE7DA9940048
:10D6C0000DE8660094092500A5618D01E483290019
:10D6D000DE0FF3FFFE121100063CED016A0371003C
:10D6E0003B84BD005C701E0069D0D5003054B3FF90
:10D6F000BB79E7FE1BD86DFFA2DD6BFE49EFC3FFD0
:10D70000FA1F39FF958759FFB917730103A39DFFCE
:10D710001270FA001939BBFFA160A4002F10F300AA
:10D720000C8DFBFE43EAB8FF2912A100AF0660FF93
:10D73000A0AC34FE18B0B7FFC6C155017C7989FF93
:10D74000973272FFDCCB3CFFCFEF050100266BFF69
:10D7500037EE5EFE46985E00D5DC4D01781145FF40
:10D7600055A4BEFFCBEA5100263125FE3D907C003A
:10D77000894E31FEA8F730005FA4FC0069A987003C
:10D78000FDE4860040A64B00514914FFCFD20A00A9
:10D79000EA6A96FF5E225AFFFE9F39FEDC8563002F
:10D7A0008B93B4FE1817B90029391EFFBD614C00D8
:10D7B00041BBDFFFE0AC25FF223E5F01E790F000B8
:10D7C0004D6A7EFE40985B001D629B00E2FB35FFC8
:10D7D000EAD305FF90CBDEFFA4B0DDFE05E718001D
:10D7E000B37ACD00240186FF7D4697FE61E4FC00FC
:10D7F000AC8117FE305AD1FF96E0520154861E00CC
:10D80000F1C42E006771EAFF2E6579FE287CFAFFCD
:10D81000872DF2FE09F9A8FF8C6C83FF8FA3AB0064
:10D8200032ADC7FF58DE8EFFC85F9E008EC0A3FFDB
:10D83000077587006F7C1600EC0C41FE442641FF03
:10D84000E3AEFE00F4F52600F032D0FFA13FFA006F
:10D850003CD1EF007A2313000E21E6FE029F7100F7
:10D860006A147FFFE4CD600089D2AEFEB4D490FF8D
:10D8700059629A0122588B00A7A27001416EC5001F
:10D88000F125A900423883FF0AC953FE85FDBBFF7D
:10D89000B1702DFEC4FB0000C4FA97FFEEE8D6FF7E
:10D8A00096D1CD001CF07600474C5301EC635B0031
:10D8B0002AFA8301601240FF76DE230071D6CBFF87
:10D8C0007A77B8FF42132400CC40F90092598B00BC
:10D8D000863E870168E96500BC541A0031F9810071
:10D8E000D0D64BFFCF824DFF73AFEB00AB0289FF69
:10D8F000AF91BA0137F587FF9A56B501643AF6FF42
:10D900006DC73CFF52CC86FFD731E6018CE5C0FFE6
:10D91000DEC1FBFF51880FFFB395A2FF17271DFF44
:10D92000075F4BFEBF51DE00F1515AFF6B31C9FF5B
:10D93000F4D39D00DE8C95FF41DB38FEBDF65AFF27
:10D94000B23B9D0130DB34006222D7001C11BBFFCB
:10D95000AFA918005C4FA1FFECC8C201938FEA0089
:10D96000E5E10701C5A80E00EB333501FD78AE00F7
:10D97000C506A8FFCA75AB00A315CE0072555AFFA5
:10D980000F290AFFC21363004137D8FEA292740028
:10D9900032CED4FF40921DFF9E9E830164A582FF7C
:10D9A000AC1781FF7D3509FF0FC112011A310BFF42
:10D9B000B5AEC90187C90EFF64139500DB624F0045
:10D9C0002A638FFE600030FFC5F953FE68954FFF54
:10D9D000EB6E88FE52802CFF412924FE58D30A00AA
:10D9E000BB79BB006286C700ABBCB3FED20BEEFFB7
:10D9F000427B82FE34EA3D00307117FE065678FF06
:10DA000077B2F5005781C900F28DD100CA72550076
:10DA10009416A10067C330001931ABFF8A4382001E
:10DA2000B6497AFE94188200D3E59A00209B9E00A6
:10DA300054693D00B1C209FFA65956013653BB00D7
:10DA4000F92875FF6D03D7FF35922C013F2FB300E6
:10DA5000C2D803FE0E54880088B10DFF48F3BAFF08
:10DA600075117DFFD33AD3FF5D4FDF005A58F5FFA4
:10DA70008BD16FFF46DE2F000AF64FFFC6D9B200EA
:10DA8000E3E10B014E7EB3FF3E2B7E006794230043
:10DA90008108A5FEF5F094003D338E0051D086003C
:10DAA0000F8973FFD377ECFF9FF5F8FF028688FF9D
:10DAB000E68B3A01A0A4FE0072558DFF31A6B6FF99
:10DAC0009046540155B607002E355D0009A6A1FF0A
:10DAD00037A2B2FF2DB8BC00921C2CFEA95A31000F
:10DAE00078B2F1010E7B7FFF07F1C701BD4232FF23
:10DAF000C68F65FEBDF387FF8D1818FE4B6157007A
:10DB000076FB9A01ED369C00AB92CFFF83C4F6FF03
:10DB10008840710197E83900F0DA7300313D1BFF4E
:10DB200040814901FCA91BFF28840A015AC9C1FF91
:10DB3000FC79F001BACE29002BC661009164B700D0
:10DB4000CCD850FEAC964100F9E5C4FE687B49FF95
:10DB50004D6860FE82B40800687B3900DCCAE5FFCE
:10DB600066F9D300560EE8FFB64ED100EFE1A400EF
:10DB70006A0D20FF784911FF8643E90053FEB50086
:10DB8000B7EC7001304083FFF1D8F3FF41C1E200F0
:10DB9000CEF164FE6486A6FFEDCAC500370D5100C4
:10DBA000207C66FF28E4B10076B51F01E7A086FF60
:10DBB00077BBCA00008E3CFF8026BDFFA6C9960039
:10DBC000CF781A0136B8AC000CF2CCFE8542E600E4
:10DBD00022261F01B87050002033A5FEBFF3370086
:10DBE0003A4992FE9BA7CDFF646898FFC5FECFFF20
:10DBF000AD13F700EE0ACA00EF97F2005E3B27FF75
:10DC0000F01D66FF0A5C9AFFE554DBFFA18150001E
:10DC1000D05ACC01F0DBAEFF9E66910135B24CFFCD
:10DC2000346CA80153DE6B00D3246D00763A3800C3
:10DC3000081D1600EDA0C700AAD19D0089472F003E
:10DC40008F562000C6F20200D43088015CACBA00C6
:10DC5000E697690160BFE5008A50BFFEF0D882FFF9
:10DC6000622B06FEA8C43100FD125B0190497900C9
:10DC70003D9227013F6818FFB8A570FE7EEB620059
:10DC800050D562FF7B3C57FF528CF501DF78ADFF2A
:10DC90000FC68601CE3CEF00E7EA5CFF21EE13FFE2
:10DCA000A5718E01B0772600A02BA6FEEF5B690060
:10DCB0006B3DC201190444000F8B3300A4846AFF3A
:10DCC00022742EFEA85FC50089D41700489C3A0034
:10DCD000897045FE96699AFFECC99D0017D49AFF9A
:10DCE0008852E3FEE23BDDFF5F95C000517634FFD2
:10DCF000212BD7010E934BFF599C79FE0E124F003A
:10DD000093D08B0197DA3EFF9C580801D2B862FF8E
:10DD100014AF7BFF6653E500DC41740196FA04FF03
:10DD20005C8EDCFF22F742FFCCE1B3FE97519700F7
:10DD30004728ECFF8A3F3E00064FF0FFB7B9B50019
:10DD400076321B003FE3C0007B633A0132E09BFF69
:10DD500011E1DFFEDCE04DFF0E2C7B018D80AF007A
:10DD6000F8D4C800963BB7FF93611D0096CCB50070
:10DD7000FD254700915577009AC8BA000280F9FF47
:10DD800053187C000E578F00A833F5017C97E7FFEE
:10DD9000D0F0C5017CBEB900303AF60014E9E800C5
:10DDA0007D1262FF0DFE1FFFF5B182FF6C8E230016
:10DDB000AB7DF2FE8C0C22FFA5A1A200CECD6500AA
:10DDC000F7192201649139002746390076CCCBFF40
:10DDD000F200A200A5F41E00C674E200806F99FF55
:10DDE0008C36B6013C7A0FFF9B3A39013632C600B9
:10DDF000ABD31DFF6B8AA7FFAD6BC7FF6DA1C10041
:10DE00005948F2FFCE7359FFFAFE8EFEB1CA5EFF8B
:10DE100051593200076942FF19FEFFFECB4017FF40
:10DE20004FDE6CFF27F94B00F17C3200EF98850044
:10DE3000DDF1690093976200D5A179FEF231890086
:10DE4000E925F9FE2AB71B00B877E6FFD920A3FF22
:10DE5000D0FBE401893E83FF4F4009FE5E30710034
:10DE6000118A32FEC1FF1600F712C5014337680060
:10DE700010CD5FFF30254200379C3F0140524AFFE2
:10DE8000C83547FEEF437D001AE0DE00DF895DFF05
:10DE90001EE0CAFF09DC8400C626EB01668D560031
:10DEA0003C2B5101881C1A00E92408FECFF2940093
:10DEB000A4A23F00332EE0FF72304FFF09AFE20013
:10DEC000DE03C1FF2FA0E8FFFF5D69FE0E2AE6001A
:10DED0001A8A5201D02BF4001B2726FF62D07FFF45
:10DEE0004095B6FF05FAD100BB3C1CFE3119DAFFA4
:10DEF000A974CDFF771278009C7493FF84356DFF71
:10DF00000D0ACA006E53A7009DDB89FF060382FF3E
:10DF100032A71EFF3C9F2FFF81809DFE5E03BD0048
:10DF200003A6440053DFD700965AC2010FA8410050
:10DF3000E35333FFCDAB42FF36BB3C0198662DFF68
:10DF4000779AE100F0F7880064C5B2FF8B47DFFFE6
:10DF5000CC52100129CE2AFF9CC0DDFFD87BF4FFF4
:10DF6000DADAB9FFBBBAEFFFFCACA0FFC33416008E
:10DF700090AEB5FEBB6473FFD34EB0FF1B07C1006C
:10DF800093D568FF5AC90AFF507B42011621BA0097
:10DF9000010763FE1ECE0A00E5EA0500351ED20029
:10DFA0008A08DCFE4737A70048E1560176BEBC0070
:10DFB000FEC16501ABF9ACFF5E9EB7FE5D026CFF72
:10DFC000B05D4CFF49634FFF4A4081FEF62E410091
:10DFD00063F17FFEF69766FF2C35D0FE3B66EA00C4
:10DFE0009AAFA4FF58F220006F260100FFB6BEFFD3
:10DFF00073B00FFEA93C81007AEDF1005A4C3F004E
:10E000003E4A78FF7AC36E007704B200DEF2D20097
:10E0100082212EFE9C282900A792700131A36FFF58
:10E0200079B0EB004CCF0EFF0319C60129EBD500E8
:10E030005524D601315C6DFFC8181EFEA8ECC30044
:10E0400091277C01ECC395005A24B8FF4355AAFFE1
:10E0500026231AFE837C44FFEF9B23FF36C9A400CE
:10E06000C41675FF310FCD0018E01D017E719000C0
:10E070007515B600CB9F8D00DF874D00B0E6B0FF71
:10E08000BEE5D7FF6325B5FF33158AFF19BD59FFDC
:10E090003130A5FE982DF700AA6CDE0050CA0500AD
:10E0A0001B4567FECC1681FFB4FC3EFED2015BFF30
:10E0B000926EFEFFDBA21C00DFFCD5013B082100B5
:10E0C000CE10F40081D330006BA0D000703BD100A3
:10E0D0006D4DD8FE2215B9FFF66338FFB38B13FFE1
:10E0E000B91D32FF545913004AFA62FFE12AC8FFF2
:10E0F000C0D9CDFFD210A70063845F012BE63900A1
:10E10000FE0BCBFF63BC3FFF77C1FBFE50693600BF
:10E11000E8B5BD01B74570FFD0ABA5FF2F6DB4FFCB
:10E120007B53A50092A234FF9A0B04FF97E35AFF9A
:10E13000928961FE3DE929FF5E2A37FF6CA4EC005D
:10E140009844FE000A8C83FF0A6A4FFEF39E890002
:10E1500043B242FEB17BC6FF0F3E2200C5582AFFE4
:10E16000955FB1FF9800C6FF95FE71FFE15AA3FFCE
:10E170007DD9F7001211E000804278FEC01909FF36
:10E1800032DDCD0031D44600E9FFA40002D1090000
:10E19000DD34DBFEACE0F4FF5E38CE01F2B302FF0B
:10E1A0001F5BA401E62E8AFFBDE6DC00392F3DFF90
:10E1B0006F0B9D00B15B98001CE6620061577E000A
:10E1C000C65991FFA74F6B00F94DA0011DE9E6FF6D
:10E1D000961556FE3C0BC100972524FEB996F3FF19
:10E1E000E4D45301AC97B400C9A99B00F43CEA0005
:10E1F0008EEB040143DA3C00C0714B0174F3CFFF96
:10E2000041AC9B00511E9CFF504821FE12E76DFF60
:10E210008E6B15FE7D1A84FFB0103BFF96C93A0045
:10E22000CEA9C900D079E20028AC0EFF963D5EFF72
:10E2300038399CFF8D3C91FF2D6C95FFEE919BFF33
:10E24000D1551FFEC00CD20063625DFE981097008E
:10E25000E1B9DC008DEB2CFFA0AC15FE471A1FFFC7
:10E260000D405DFE1C38C600B13EF801B608F10055
:10E27000A66594FF4E5185FF81DED701BCA981FFC1
:10E28000E807610031703CFFD9E5FB00776C8A003C
:10E2900027137BFE8331EB008454910082E694FFC8
:10E2A000194ABB0005F536FFB9DBF10112C2E4FFE4
:10E2B000F1CA66006971CA009BEB4F001509B2FFF5
:10E2C0009C01EF00C8943D0073F7D2FF31DD870059
:10E2D0003ABD0801232E0900514105FF349EB9FFC4
:10E2E0007D742EFF4A8C0DFFD25CACFE9317470065
:10E2F000D9E0FDFE736CB4FF913A30FEDBB118FF3C
:10E300009CFF3C019A93F200FD865700354BE500D7
:10E3100030C3DEFF1FAF32FF9CD278FFD023DEFF79
:10E3200012F8B301020A65FF9DC2F8FF9ECC65FF9B
:10E3300068FEC5FF4F3E0400B2AC65016092FBFF72
:10E34000410A9C000289A5FF7404E700F2D701008E
:10E3500013231DFF2BA14F003B95F601FB42B0009C
:10E36000C82103FF506E8EFFC3A11101E43842FFA4
:10E370007B2F91FE8404A40043AEAC0019FD720013
:10E3800057615701FADC5400605BC8FF257D3B00F4
:10E3900013417600A134F1FFEDAC06FFB0BFFFFFE3
:10E3A000014182FEDFBEE60065FDE7FF92236D00BE
:10E3B000FA1D4D01310013007B5A9B01165620FFB8
:10E3C000DAD541006F5D7F003C5DA9FF087FB60094
:10E3D00011BA0EFEFD89F6FFD51930FE4CEE00FF96
:10E3E000F85C46FF63E08B00B809FF0107A4D0008A
:10E3F000CD83C60157D6C70082D65F00DD95DE000B
:10E400001726ABFEC56ED5002B738CFED7B17600F8
:10E4100060344201759EED000E40B6FF2E3FAEFF08
:10E420009E5FBEFFE1CDB1FF2B058EFFAC63D4FF35
:10E43000F4BB93001D3399FFE47418FE1E65CF00F2
:10E4400013F696FF86E705007D86E2014D416200E6
:10E45000EC8221FF056E3E00456C7FFF07711600C0
:10E46000911453FEC2A1E7FF83B53C00D9D1B1FF9F
:10E47000E594D4FE0383B80075B1BB011C0E1FFFE9
:10E48000B0665000325497FF7D1F36FF159D85FF03
:10E4900013B38B01E0E81A002275AAFFA7FCABFFBB
:10E4A000498DCEFE81FA2300484FEC01DCE514FFD4
:10E4B00029CAADFF634CEEFFC616E0FF6CC6C3FF72
:10E4C000248D6001EC9E3BFF6A6457006EE20200FF
:10E4D000E3EADE009A5D77FF4A70A4FF435B02FF28
:10E4E000159121FF66D689FFAFE667FEA3F6A60069
:10E4F0005DF774FEA7E01CFFDC023901ABCE5400CF
:10E500007BE411FF1B787700770B9301B42FE1FFB9
:10E5100068C8B9FEA50272004D4ED4002D9AB1FF15
:10E5200018C479FE529DB6005A10BE010C93C50066
:10E530005FEF98FF0BEB4700569277FFAC86D60053
:10E540003C83C400A1E181001F8278FE5FC83300D4
:10E5500069E7D2FF3A0994FF2BA8DDFF7CED8E001E
:10E56000C6D332FE2EF56700A4F854009846D0FFBB
:10E57000B475B100464FB900F34A2000959CCF0016
:10E58000C5C4A101F535EF000F5DF6FE8BF031FF3C
:10E59000C45824FFA2267B0080C89D01AE4C67FFB3
:10E5A000ADA922FED801ABFF7233110088E4C2008E
:10E5B0006E9638FE6AF69F0013B84FFF964DF0FF37
:10E5C0009B50A2000035A9FF1D975600445E100025
:10E5D0005C076EFE627595FFF94DE6FFFD0A8C0043
:10E5E000D67C5CFE2376EB00593039011635A60047
:10E5F000B8903DFFB3FFC200D6F83DFE3B6EF6007B
:10E60000791551FEA603E4006A401AFF45E886FF2B
:10E61000F2DC35FE2EDC55007195F7FF61B367FF24
:10E62000BE7F0B0087D1B6005F348101AA90CEFF78
:10E630007AC8CCFFA86492003C9095FE463C280026
:10E640007A34B1FFF6D365FFAEED080007337800EA
:10E65000131FAD007EEF9CFF8FBDCB00C48058FF21
:10E66000E985E2FF1E7DADFFC96C32007B643BFF94
:10E67000FEA30301DD94B5FFD68839FEDEB489FF21
:10E68000CF5836FF1C21FBFF43D63401D2D06400A3
:10E6900051AA5E0091283500E06FE7FE231CF4FFCD
:10E6A000E2C7C3FEEE11E600D9D9A4FEA99DDD00A4
:10E6B000DA2EA201C7CFA3FF6C73A2010E60BBFFCD
:10E6C000763C4C00B89F9800D1E747FE2AA4BAFFD9
:10E6D000BA9933FEDDABB6FFA28EAD00EB2FC100C1
:10E6E000078B10015FA440FF10DDA600DBC5100002
:10E6F000841D2CFF644575FF3CEB58FE2851AD008E
:10E7000047BE3DFFBB589D00E70B1700ED75A40009
:10E71000E1A8DFFF9A7274FFA398F2011820AA0003
:10E720007D6271FEA8134C00119DDCFE9B34050038
:10E73000136FA1FF475AFCFFAD6EF0000AC679FFC8
:10E74000FDFFF0FF427BD200DDC2D7FE79A311FFAF
:10E75000E1076300BE31B60073098501E81A8AFF3C
:10E76000D54484002C777AFFB3623300955A6A004F
:10E770004732E6FF0A9976FFB1461900A557CD004A
:10E78000378AEA00EE1E6100719BCF0062997F001C
:10E79000226BDBFE7572ACFF4CB4FFFEF239B3FFA7
:10E7A000DD22ACFE38A231FF5303FFFF71DDBDFF58
:10E7B000BC19E4FE105859FF471CC6FE161195FF00
:10E7C000F379FEFF6BCA63FF09CE0E01DC2F9900BF
:10E7D0006B8927016131C2FF9533C5FEBA3A0BFF41
:10E7E0006B2BE801C8060EFFB58541FEDDE4ABFFEB
:10E7F0007B3EE701E3EAB3FF22BDD4FEF4BBF900A0
:10E80000BE0D500182590100DF85AD0009DEC6FF53
:10E81000427F4A00A7D85DFF9BA8C6014291000035
:10E8200044662E01AC5A9A00D8804BFFA0283300D2
:10E830009E111B017CF03100ECCAB0FF977CC0FF39
:10E8400026C1BE005FB63D00A3937CFFFFA533FF4A
:10E850001C2811FED7604E005691DAFE1F24CAFF15
:10E86000560905006F29C8FFED6C6100393E2C0088
:10E8700075B80F012DF174009801DCFF9DA5BC0057
:10E88000FA0F83013C2C7DFF41DCFBFF4B32B800CB
:10E89000355A80FFE750C2FF88817F011512BBFF08
:10E8A0002D3AA1FF47932200AEF90BFE238D1D00E8
:10E8B000EF44B1FF736E3A00EEBEB10157F5A6FF0B
:10E8C000BE31F7FF9253B8FFAD0E27FF92D7680015
:10E8D0008EDF780095C89BFFD4CF910110B5D90089
:10E8E000AD2057FFFF23B50077DFA101C8DF5EFF32
:10E8F0004606BAFFC04355FF32A99800901A7BFF25
:10E9000038F3B3FE14448800278CBCFEFDD005FF0D
:10E91000C87387012BACE5FF9C68BB0097FBA70081
:10E92000348717009799480093C56BFE949E05FFA6
:10E93000EE8FCE007E9989FF5898C5FE0744A70048
:10E94000FC9FA5FFEF4E36FF183F37FF26DE5E0027
:10E95000EDB70CFFCECCD2001327F6FE1E4AE7001F
:10E96000876C1D01B3730000757674018406FCFF8B
:10E970009181A10169438D005225E2FFEEE2E4FF9F
:10E98000CCD681FEA27B64FFB979EA002D6CE7004A
:10E99000420838FF84888000ACE042FEAF9DBC0096
:10E9A000E6DFE2FEF2DB4500B80E770152A2380046
:10E9B000727B1400A26755FF31EF63FE9C87D7007E
:10E9C0006FFFA7FE27C4D60090264F01F9A87D004F
:10E9D0009B619CFF1734DBFF961690002C95A5FFDA
:10E9E000287FB700C44DE9FF7681D2FFAA87E6FFF2
:10E9F000D677C600E9F02300FD3407FF756630FFC7
:10EA000015CC9AFFB388B1FF17020301958259FF15
:10EA1000FC119F01463C1A00906B1100B4BE3CFFF4
:10EA200038B63BFF6E4736FFC61281FF95E057FFB1
:10EA3000DF1598FF8A16B6FFFA9CCD00EC2DD0FFAB
:10EA40004F94F2016546D100674EAE006590ACFF71
:10EA50009888ED01BFC2880071507D0198048D0037
:10EA60009B9635FFC474F500EF7249FE135211FFF7
:10EA70007C7DEAFF2834BF002AD29EFF9B84A5003C
:10EA8000B2052A01405C28FF24554DFFB2E4760010
:10EA9000894260FE73E242006EF045FE976F5000BF
:10EAA000A7AEECFFE36C6BFFBCF241FFB751FF0078
:10EAB00039CEB5FF2F22B5FFD5F09E01474B5F0041
:10EAC0009C2818FF66D25100ABC7E4FF9A222900A8
:10EAD000E3AF4B0015EFC3008AE55F014CC0310086
:10EAE000757B5701E3E182007D3E3FFF02C6AB002C
:10EAF000FE240DFE91BACE0094FFF4FF2300A60081
:10EB00001E96DB015CE4D4005CC63CFE3E85C8FF7B
:10EB1000C9293B007DEE6DFFB4A3EE018C7A520053
:10EB2000091658FFC59D2FFF995E3900581EB60083
:10EB300054A15500B2927C00A6A607FF15D0DF00B5
:10EB40009CB6F2009B79B900539CAEFE9A1076FFFA
:10EB5000BA53E801DF3A79FF1D175800237D7FFF84
:10EB6000AA0595FEA40C82FF9BC41D00A16088002D
:10EB700007231D01A225FB00032EF2FF00D9BC00D4
:10EB800039AEE201CEE9020039BB88FE7BBD09FF48
:10EB9000C9757FFFBA24CC00E719D800504E690030
:10EBA000138681FF94CB44008D517DFEF8A5C8FFEC
:10EBB000D69087009737A6FF26EB5B00152E9A00AC
:10EBC000DFFE96FF2399B4FF7DB01D012B621EFF6F
:10EBD000D87AE6FFE9A00C0039B90CFEF07107FF06
:10EBE000050910FE1A5B6C006DC6CB000893280067
:10EBF0008186E4FF7CBA28FF726284FEA684170037
:10EC000063452C0009F2EEFFB8353B00848166FFB6
:10EC10003420F3FE93DFC8FF7B53B3FE8790C9FF18
:10EC20008D253801973CE3FF5A499C01CBACBB00D2
:10EC300050972FFF5E89E7FF24BF3BFFE1D1B5FF6F
:10EC40004AD7D5FE0676B3FF9936C1013200E700F8
:10EC5000689D48018CE39AFFB6E210FE60E15CFF1C
:10EC60007314AAFE06FA4E00F84BADFF355906FFA5
:10EC700000B4760048AD01004008CE01AE85DF004B
:10EC8000B93E85FFD60B6200C51FD000ABA7F4FFCD
:10EC900016E7B50196DAB900F7A96101A58BF7FF70
:10ECA0002F78950167F833003C451CFE19B3C4006A
:10ECB0007C07DAFE3A6B5100B8E99CFFFC4A24005D
:10ECC00076BC43008D5F35FFDE5EA5FE2E3D350030
:10ECD000CE3B73FF2FECFAFF4A052001819AEEFF2D
:10ECE0006A20E20079BB3DFF03A6F1FE43AAACFF18
:10ECF0001DD8B2FF17C9FC00FD6EF300C87D3900B6
:10ED00006DC060FF3473EE002679F3FFC93821002F
:10ED1000C27682004B6019FFAA1EE6FE273FFD0067
:10ED2000242DFAFFFB01EF00A0D45C012DD1ED00F2
:10ED3000F32157FEED54C9FFD4129DFED4637FFF2B
:10ED4000D96210FE8BACEF00A8C982FF8FC1A9FF6A
:10ED5000EE97C101D7682900EF3DA5FE0203F2003E
:10ED600016CBB1FEB1CC16009581D5FE1F0B29FF45
:10ED7000009F79FEA01972FFA250C8009D970B005A
:10ED80009A864E01D836FC003067850069DCC500E4
:10ED9000FDA84DFE35B317001879F001FF2E60FF76
:10EDA0006B3C87FE62CDF9FF3FF977FF783BD3FFDD
:10EDB00072B437FE5B55ED0095D44D0138493100F2
:10EDC00056C696005DD1A00045CDB6FFF45A2B0083
:10EDD0001424B0007A74DD0033A72701E7013FFF58
:10EDE0000DC5860003D122FF873BCA00A7644E00F1
:10EDF0002FDF4C00B93C3E00B2A67B01840CA1FF82
:10EE00003DAE2B00C34590007F2FBF01222C4E004A
:10EE100039EA3401FF1628FFF65E920053E48000C1
:10EE20003C4EE0FF0060D2FF99AFEC009F15490017
:10EE3000B473C4FE83E16A00FFA786009F0870FFD9
:10EE40007844C2FFB0C4C6FF7630A8FF5DA90100B8
:10EE500070C866014A18FE00138D04FE8E3E3F0006
:10EE600083B3BBFF4D9C9BFF7756A400AAD092FFB3
:10EE7000D0859AFF949B3AFFA278E8FEFCD59B00D0
:10EE8000F10D2A005E328300B3AA70008C5397FF05
:10EE9000377754018C23EFFF992D4301ECAF270006
:10EEA000369767FF9E2A41FFC4EF87FE5635CB0099
:10EEB00095612FFED82311FF4603460167245AFFB0
:10EEC000281AAD00B8300D00A3DBD9FF510601FFB1
:10EED000DDAA6CFEE9D05D0064C9F9FE562423FF6B
:10EEE000D19A1E01E3C9FBFF02BDA7FE64390300EE
:10EEF0000D802900C5644B0096CCEBFF91AE3B0022
:10EF000078F895FF5537E10072D235FEC7CC77000F
:10EF10000EF74A013FFB810043689701878250004A
:10EF20004F5937FF75E69DFF19608F00D591050099
:10EF300045F1780195F35FFF722A140083480200BF
:10EF40009A3514FF493E6D00C4669800290CCCFF29
:10EF50007A260B01FA0A9100CF7D9400F6F4DEFFC9
:10EF60002920550170D57E00A2F9560147C67FFFC2
:10EF700051091501622704FFCC472D014B6F890011
:10EF8000EA3BE70020305FFFCC1F72011DC4B5FFD4
:10EF900033F1A7FE5D6D8E0068902D00EB0CB5FF80
:10EFA0003470A4004CFECAFFAE0EA2003DEB93FFEE
:10EFB0002B40B9FEE97DD900F358A7FE4A3108007D
:10EFC0009CCC42007CD67B0026DD76019270EC0062
:10EFD0007262B1009759C70057C57000B995A1007A
:10EFE0002C60A500F8B314FFBCDBD8FE283E0D0052
:10EFF000F38E8D00E5E3CEFFACCA23FF75B0E1FFD1
:10F00000526E26012AF50EFF1453610031AB0A003F
:10F01000F277780019E83D00D4F093FF047338FFCD
:10F020009111EFFECA11FBFFF912F5FF6375EF00B6
:10F03000B804B3FFF6ED33FF25EF89FFA670A6FFF6
:10F0400051BC21FFB9FA8EFF36BBAD00D070C900AC
:10F05000F62BE40168B858FFD434C4FF33756CFF55
:10F06000FE759B002E5B0FFF570E90FF57E3CC0001
:10F07000531A53019F4CE3009F1BD50118976C0056
:10F080007590B3FE89D15200269F0A007385C9008E
:10F09000DFB69C016EC45DFF393CE90005A769FF3E
:10F0A0009AC5A4006022BAFF93852501DC63BE00E7
:10F0B00001A754FF1491AB00C2C5FBFE5F4E85FF54
:10F0C000FCF8F3FFE15D83FFBB86C4FFD899AA007B
:10F0D00014769EFE8C017600569E0F012DD329FFDB
:10F0E000930164FE71744CFFD37F6C01670F300095
:10F0F000C110660145335FFF6B809D0089ABE9005D
:10F100005A7C90016AA1B600AF4CEC01C88DACFFEF
:10F11000A33A6800E9B434FFF0FD0EFFA271FEFFD0
:10F1200026EF8AFE342EA600F16521FE83BA9C00EC
:10F130006FD03EFF7C5EA0FF1FACFE0070AE38FFBC
:10F14000BC631BFF438AFB007D3A80019C98AEFFA5
:10F15000B20CF7FFFC549E0052C50EFEACC853FF24
:10F1600025272E016ACFA70018BD220083B2900088
:10F17000CED50400A1E2D200483369FF612DBBFF68
:10F180004EB8DFFFB01DFB004FA056FF7425B20044
:10F19000524DD50152548DFFE265D401AF58C7FFDF
:10F1A000F55EF701AC766DFFA6B9BE0083B57800B9
:10F1B00057FE5DFF86F049FF20F58FFF8BA267FFAA
:10F1C000B36212FED9CC700093DF78FF350AF300EA
:10F1D000A68C96007D50C8FF0E6DDBFF5BDA01FF49
:10F1E000FCFC2FFE6D9C74FF73317F01CC57D3FF65
:10F1F00094CAD9FF1A55F9FF0EF586014C59A9FF9B
:10F20000F22DE6003B62ACFF724984FE4E9B31FF5B
:10F210009E7E540031AF2BFF10B654FF9D67230034
:10F2200068C16DFF43DD9A00C9AC01FE08A2580019
:10F23000A5011DFF7D9BE5FF1E9ADC0167EF5C00C9
:10F24000DC016DFFCAC601005E028E0124362C006F
:10F25000EBE29EFFAAFBD6FFB94D0900614AF2001E
:10F26000DBA395FFF02376FFDF7258FEC0C70300D3
:10F270006A2518FFC9A176FF61596301E03A67FF6B
:10F2800065C793FEDE3C6300EA193B0134871B002F
:10F2900066035BFEA8D8EB00E5E88800683C8100C7
:10F2A0002EA8EE0027BF43004BA32F008F6162FF03
:10F2B00038D8A801A8E9FCFF236F16FF5C542B0087
:10F2C0001AC857015BFD9800CA3846008E084D00E9
:10F2D000500AAF01FCC74C00166E52FF8101C200FC
:10F2E0000B803D01570E91FFFDDEBE010F48AE00C1
:10F2F00055A356FE3A632CFF2D18BCFE1ACD0F0005
:10F3000013E5D2FEF843C3006347B8009AC725FF50
:10F3100097F379FF26334BFFC95582FE2C41FA0043
:10F320003993F3FE922B3BFF591C3500215418FFF3
:10F33000B33312FEBD4653000B9CB30162867700C7
:10F340009E6F6F00779A49FFC83F8CFE2D0D0DFF11
:10F350009AC002FE51482A002EA0B9FE2C70060069
:10F3600092D795011AB06800441C5701EC3299FFFE
:10F37000B380FAFECEC1BFFFA65C89FE3528EF0040
:10F38000D201CCFEA8AD23008DF32D0124326DFFF8
:10F390000FF2C2FFE39F7AFFB0AFCAFE46394800C2
:10F3A00028DF3800D0A23AFFB7625D000F6F0C0073
:10F3B0001E084CFF847FF6FF2DF2670045B50FFF56
:10F3C0000AD11E0003B37900F1E8DA017BC758FFC8
:10F3D00002D2CA01BC8251FF5E65D00167242D00B4
:10F3E0004CC118015F1AF1FFA5A2BB0024728C006A
:10F3F000CA4205FF25389300980BF3017F55E8FFBB
:10F40000FA87D401B9B171005ADC4BFF45F892007C
:10F41000326F32005C165000F42473FEA36452FF76
:10F4200019C106017F3D2400FD431EFE41ECAAFFE9
:10F43000A111D7FE3FAF8C00377F04004F70E90069
:10F440006DA028008F5307FF411AEEFFD9A98CFF4A
:10F450004E5EBDFF0093BEFF9347BAFE6A4D7FFF2D
:10F46000E99DE9018757EDFFD00DEC019B6D24FF6D
:10F47000B464DA00B4A31200BE6E0901113F7BFF31
:10F48000B388B4FFA57B7BFF90BC51FE47F06CFFB7
:10F4900019700BFFE3DA33FFA732EAFF724F6CFFFC
:10F4A0001F1373FFB7F06300E3578FFF48D9F8FFCE
:10F4B00066A95F0181959500EE850C01E3CC2300E0
:10F4C000D0731A016608EA0070588F0190F90E0097
:10F4D000F09EACFE64707700C28D99FE283853FF11
:10F4E00079B02E002A354CFF9EBF9A005BD15C009C
:10F4F000AD0D10010548E2FFCCFE950050B8CF00DD
:10F5000064097AFE7665ABFFFCCB00FEA0CF360027
:10F510003848F901388C0DFF0A406BFE5B6534FFFB
:10F52000E1B5F8018BFF8400E6911100E93817007E
:10F530007701F1FFD5A997FF636309FEB90FBFFFFC
:10F54000AD676D01AE0DFBFFB25807FE1B3B44FFDC
:10F550000A2102FFF8613B001A1E9201B0930A00D3
:10F560005F79CF01BC581800B95EFEFE7337C90041
:10F5700018324600783506008E429200E4E2F9FF28
:10F5800068C0DE01AD44DB00A2B824FF8F6689FFAE
:10F590009D0B17007D2D6200EB5DE1FE3870A0FF32
:10F5A0004674F30199F937FF81271101F150F400F6
:10F5B000574515015EE449FF4E4241FFC2E3E700B3
:10F5C0003D9257FFAD9B17FF7074DBFED8260BFFF3
:10F5D00083BA85005ED4BB00642F5B00CCFEAFFF16
:10F5E000DE12D7FEAD446CFFE3E44FFF26DDD5000D
:10F5F000A3E396FE1FBE1200A0B30B010A5A5EFFE2
:10F60000DCAE5800A3D3E5FFC7883400825FDDFF7E
:10F610008CBCE7FE8B7180FF75ABECFE31DC14FF18
:10F620003B14ABFFE46DBC0014E120FEC310AE0040
:10F63000E3FE880187276900964DCEFFD2EEE200F7
:10F6400037D484FEEF397C00AAC25DFFF910F7FFC2
:10F6500018973EFF0A970A004F8BB2FF78F2CA0054
:10F660001ADBD5003E7D23FF90026CFFE62153FF9D
:10F67000512DD801E03E1100D6D97D00629999FF45
:10F68000B3B06AFE835D8AFF6D3E24FFB27920FF2E
:10F6900078FC4600DCF82500CC58670180DCFBFFD5
:10F6A000ECE307016A31C6FF3C386B006372EE0081
:10F6B000DCCC5E0149BB0100599A22004ED9A5FF5E
:10F6C0000EC3F9FF09E6FDFFCD87F5001AFC07FF21
:10F6D00054CD1B0186027000259E2000E75BEDFFE4
:10F6E000BFAACCFF9807DE006DC03100C1A692FF13
:10F6F000E813B5FF698E34FF67101B01FDC8A50034
:10F70000C3D904FF34BD90FF7B9BA0FE578236FF18
:10F710004E783DFF0E38290019297DFF57A8F500C6
:10F72000D6A54600D4A906FFDBD3C2FE485DA4FFE0
:10F73000C52167FF2B8E8D0083E1AC00F4691C00AE
:10F740004444E10088540DFF823928FE8B4D380077
:10F7500054963500365F9D00900DB1FE5F73BA0080
:10F76000751776FFF4A6F1FF0BBA8700B26ACBFFDC
:10F7700061DA5D002BFD2D00A49804008B76EF006C
:10F78000600118FEEB99D3FFA86E14FF32EFB000B2
:10F790007229E800C1FA3500FEA06FFE887A29FFC1
:10F7A000616C4300D79817FF8CD1D4002ABDA30009
:10F7B000CA2A32FF6A6ABDFFBE44D9FFE93A750022
:10F7C000E5DCF301C5030400257836FE049C86FFC2
:10F7D000243DABFEA58864FFD4E80E005AAE0A00B3
:10F7E000D8C641FF0C034000747173FFF86708002E
:10F7F000E77D12FFA01CC5001EB82301DF49F9FFF9
:10F800007B142EFE873825FFAD0DE50177A122FF81
:10F81000F53D4900CD7D700089688600D9F61EFF50
:10F82000ED8E8F00419F66FF6CA4BE00DB75ADFFBF
:10F83000222578FEC84550001F7CDAFE4A1BA0FF37
:10F84000BA9AC7FF47C7FC0068519F0111C827003B
:10F85000D33DC0011AEE5B0094D90C003B5BD5FF91
:10F860000B51B7FF81E67AFF72CB910177B442FF6B
:10F87000488AB400E0956A00775268FFD08C2B006C
:10F880006209B6FFCD6586FF126526005FC5A6FF3B
:10F89000CBF193003ED091FF85F6FB0002A90E004C
:10F8A0000DF7B8008E07FE0024C817FF58CDDF0003
:10F8B0005B8134FF15BA1E008FE4D201F7EAF8FF2E
:10F8C000E6451FFEB0BA87FFEECD34018B4F2B000B
:10F8D00011B0D9FE20F34300F26FE9002C2309FF99
:10F8E000E372510104470CFF2669BF00077532FF20
:10F8F000514F10003F4441FF9D246EFF4DF103FF27
:10F90000E22DFB018E19CE00787BD1011CFEEEFFAB
:10F9100005807EFF5BDED7FFA20FBF0056F04900D7
:10F9200087B951FE2CF1A300D4DBD2FF70A29B005B
:10F93000CF657600A84838FFC405340048ACF2FF14
:10F940007E169DFF92603BFFA27998FE8C105F00AF
:10F95000C3FEC8FE5296A200772B91FECCAC4EFFA0
:10F96000A6E09F006813EDFFF57ED0FFE23BD500D7
:10F9700075D9C5009848ED00DC1F17FE0E5AE7FF49
:10F98000BCD440013C65F6FF5518560001B16D002E
:10F99000925320014BB6C00077F1E000B9ED1BFF98
:10F9A000B8655201EB254DFFFD861300E8F67A009D
:10F9B0003C6AB300C30B0C006D42EB017D713B0050
:10F9C0003D28A400AF68F000022FBBFF320C8D0071
:10F9D000C28BB5FF87FA6800615CDEFFD995C9FF6D
:10F9E000CBF176FF4F9743007A8EDAFF95F5EF0063
:10F9F0008A2AC8FE502561FF7C70A7FF248A57FF22
:10FA0000821D93FFF1574EFFCC611301B1D116FF58
:10FA1000F7E37FFE637753FFD419C60110B3B30039
:10FA2000914DACFE59990EFFDABDA7006BE93BFF83
:10FA30002321F3FE2C7070FFA17F4F01CCAF0A0091
:10FA400028158AFE6874E400C75F89FF85BEA8FF99
:10FA500092A5EA01B7632700B7DC36FEFFDE85001A
:10FA6000A2DB79FE3FEF0600E16636FFFB12F600EF
:10FA70000422810187248300CE323B010F61B7004D
:10FA8000ABD887FF65982BFF96FB5B0026915F0044
:10FA900022CC26FEB28C53FF1981F3FF4C90250037
:10FAA0006A241AFE7690ACFF44BAE5FF6BA1D5FF3D
:10FAB0002EA344FF95AAFD00BB110F00DAA0A5FFFD
:10FAC000AB23F601600D1300A5CB7500D66BC0FF0C
:10FAD000F47BB10164036800B2F261FFFB4C82FF6A
:10FAE000D34D2A01FA4F46FF3FF450016965F600F5
:10FAF0003D883A01EE5BD5000E3B62FFA7544D00F6
:10FB000011842EFE39AFC5FFB93EB8004C40CF007E
:10FB1000ACAFD0FEAF4A25008A1BD3FE947DC20055
:10FB20000A595100A8CB65FF2BD5D101EBF5360062
:10FB30001E23E2FF097E4600E27D5EFE9C7514FFF7
:10FB400039F87001E63040FFA45CA601E0D6E6FF7C
:10FB500024788F0037082BFFFB01F5016A62A500AE
:10FB60004A6B6AFE350436FF5AB2960103787BFF72
:10FB7000F405590172FA3DFFFE9952014D0F110033
:10FB800039EE5A015FDFE600EC342FFE6794A4FFE4
:10FB900079CF24011210B9FF4B144A00BB0B65004A
:10FBA0002E3081FF16EFD2FF4DEC81FF6F4DCCFF61
:10FBB0003D4861FFC7D9FBFF2AD7CC008591C9FF1B
:10FBC00039E69201EB64C600924923FE6CC614FF2D
:10FBD000B64FD2FF52678800F66CB00022113CFF8E
:10FBE000134A72FEA8AA4EFF9DEF14FF9529A800A4
:10FBF0003A791C004FB386FFE77987FFAED162FFE9
:10FC0000F37ABE00ABA6CD00D47430001D6C42FF69
:10FC1000A2DEB6010E771500D527F9FFFEDFE4FF5F
:10FC2000B7A5C60085BE30007CD06DFF77AF55FF0D
:10FC300009D1790130ABBDFFC347860188DB33FFB3
:10FC4000B65B8DFE319F48002376F5FF70BAE3FF67
:10FC50003B891F00892CA30072673CFE08D59600E3
:10FC6000A20A71FFC2684800DC8374FFB24F5C00D7
:10FC7000CBFAD5FE5DC1BDFF82FF22FED4BC97004A
:10FC8000881114FF146553FFD4CEA600E5EE49FF9A
:10FC9000974A03FFA857D7009BBC85FFA681490060
:10FCA000F04F85FFB2D351FFCB48A3FEC1A8A500FA
:10FCB0000EA4C7FE1EFFCC0041485B01A64A66FFAA
:10FCC000C82A00FFC271E3FF4217D000E5D864FFE5
:10FCD00018EF1A000AE93EFF7B0AB2011A24AEFFB0
:10FCE00077DBC7012DA3BE0010A82A00A639C6FFE6
:10FCF0001C1A1A007EA5E700FB6C64FF3DE579FF46
:10FD00003A768A004CCF11000D2270FE5910A800DF
:10FD100025D069FF23C9D7FF286A65FE06EF720068
:10FD20002867E2FEF67F6EFF3FA73A0084F08E0060
:10FD3000059E58FF81499EFF5E599200E63692006B
:10FD4000082DAD004FA9010073BAF700544083009D
:10FD500043E0FDFFCFBD40009A1C51012DB836FF96
:10FD600057D4E0FF006049FF8121EB01344250FF8E
:10FD7000FBAE9BFF04B32500EAA45DFE5DAFFD0072
:10FD8000C64557FFE06A2E00631DD2003EBC72FFDD
:10FD90002CEA0800A9AFF7FF176D89FFE5B6270029
:10FDA000C0A55EFEF565D900BF586000C45E63FF64
:10FDB0006AEE0BFE357EF3005E0165FF2E930200B6
:10FDC000C97C7CFF8D0CDA000DA69D0130FBEDFF98
:10FDD0009BFA7CFF6A9492FFB60DCA001C3DA700F7
:10FDE000D99808FEDC822DFFC8E6FF01374157FF96
:10FDF0005DBF61FE72FB0E0020695C011ACF8D00B1
:10FE000018CF0DFE153230FFBA9474FFD32BE100EA
:10FE10002522A2FEA4D22AFF441760FFB6D608FF0F
:10FE2000F57589FF42C332004B0C53FE508CA40081
:10FE300009A52401E46EE300F1115A011934D4003C
:10FE400006DF0CFF8BF339000C714B01F6B7BFFFD7
:10FE5000D5BF45FFE60F8E0001C3C4FF8AAB2FFF5D
:10FE6000403F6A0110A9D6FFCFAE3801584985FF3F
:10FE7000B6858C00B10E19FF93B835FF0AE3A1FFD8
:10FE800078D8F4FF494DE9009DEE8B013B41E90034
:10FE900046FBD80129B899FF20CB70009293FD0052
:10FEA00057656D012C5285FFF49635FF5E98E8FF8B
:10FEB0003B5D27FF5893DCFF4E510D01202FFCFFC7
:10FEC000A01372FF5D6B27FF7610D301B977D1FFC6
:10FED000E3DB7FFE5869ECFFA26E17FF24A66EFFDE
:10FEE0005BECDDFF42EA74006F13F4FE0AE91A00CE
:10FEF00020B706FE02BFF200DA9C35FE293C46FF21
:10FF0000A8EC6F0079B97EFFEE8ECFFF377E34000C
:10FF1000DC81D0FE50CCA4FF431790FEDA286CFFA2
:10FF20007FCAA400CB2103FF029E00002560BCFF16
:10FF3000C0314A006D0400006FA70AFE5BDA87FF3C
:10FF4000CB42ADFF96C2E200C9FD06FFAE66790066
:10FF5000CDBF6E0035C2040051282DFE23668FFFF1
:10FF60000C6CC6FF101BE8FFFC47BA01B06E7200B4
:10FF70008E037501714D8E00139CC5015C2FFC0032
:10FF800035E816013612EB002E23BDFFECD48100BC
:10FF90000260D0FEC8EEC7FF3BAFA4FF922BE70084
:10FFA000C2D934FF03DF0C008A36B2FE55EBCF0016
:10FFB000E8CF2200313432FFA67159FF0A2DD8FF55
:10FFC0003EAD1C006FA5F60076735BFF80543C00CD
:10FFD000A790CB00570DF300161EE401B17192FFFC
:10FFE00081AAE6FEFC9981FF91E12B0046E705FF1F
:10FFF0007A697EFE56F694FF6E259AFED1035B0069
:020000040803EF
:1000000044913E00E410A5FF37DDF9FEB2D25B005B
:100010005392E2FE4592BA005DD268FE1019AD001F
:10002000E7BA2600BD7A8CFFFB0D70FF696E5D009C
:10003000FB48AA00C017DFFF1803CA01E15DE40016
:100040009993C7FE6DAA1600F865F6FFB27C0CFF07
:10005000B2FE66FE370441007DD6B400B76093005F
:100060002D7517FE84BFF9008FB0CBFE88B736FF21
:1000700092EAB100926556FF2C7B8F0121D1980046
:10008000C05A29FE530F7DFFD5AC5200D7A990006E
:10009000100D220020D164FF5412F901C511ECFFAC
:1000A000D9BAE60031A0B0FF6F7661FFED68EB00D2
:1000B0004F3B5CFE45F90BFF23AC4A01137644002D
:1000C000DE7CA5FFB44223FF56AEF6002B4A6FFF3D
:1000D0007E9056FFE4EA5B00F2D518FE452CEBFF5C
:1000E000DCB4230008F807FF662F5CFFF0CD66FF45
:1000F00071E6AB011FB9C9FFC2F646FF7A11BB001A
:100100008646C7FF950396FF753F670041687BFFF2
:10011000D4361301068D58005386F3FF88356700E7
:10012000A91BB400B13118006F36A700C33DD7FF3B
:100130001F016C013C2A4600B903A2FFC29528FFAB
:10014000F67F26FEBE7726FF3D77080160A1DBFF24
:100150002ACBDD01B1F2A4FFF59F0A0074C40000B0
:10016000055DCDFE807FB3007DEDF6FF95A2D9FF42
:10017000572514FE8CEEC0000909C1006101E200A0
:100180001D260A0000883FFFE548D2FE26865CFF58
:100190004EDAD001682454FF0C05C1FFF2AF3DFFD9
:1001A000BFA92E01B39393FF71BE8BFE7DAC1F00E0
:1001B000034BFCFED7240F00C11B1801FF4595FF20
:1001C0006E817600CB5DF9008A8940FE26460600E6
:1001D0009974DE00A14A7B00C1634FFF763B5EFF4E
:1001E0003D0C2B0192B19D002E93BF0010FF260005
:1001F0000B331F013C3A62FF6FC24D019A5BF40062
:100200008C289001AD0AFB00CBD132FE6C824E00EF
:10021000E4B45A00AE07FA001FAE3C0029AB1E0042
:10022000746352FF76C18BFFBBADC6FEDA6F380038
:10023000B97BD800F99E340034B45DFFC9095BFF77
:10024000382DA6FE849BCBFF3AE86E0034D359FFCD
:10025000FD00A2010957B70091882C015E7AF500D4
:1002600055BCAB01935CC600000868001E5FAE0081
:10027000DDE63401F7F7EBFF89AE35FF2315CCFF40
:1002800047E3D601E852C2000B30E3FFAA49B8FFAA
:10029000C6FBFCFE2C702200836583FF48A8BB00D0
:1002A00084877DFF8A6861FFEEB8A8FFF36854FF7A
:1002B00087D8E2FF8B90ED00BC89960150388CFF07
:1002C00056A9A7FFC24E19FFDC11B4FF110DC100E2
:1002D0007589D4FF8DE0970031F4AF00C163AFFFA3
:1002E00013639A01FF413EFF9CD237FFF2F403FFF4
:1002F000FA0E95009E58D9FF9DCF86FEFBE81C00A4
:100300002E9CFBFFAB38B8FFEF33EA008E8A83FFE9
:1003100019FEF3010AC9C2003F614B00D2EFA200EF
:10032000C0C81F0175D6F3001847DEFE3628E8FF67
:100330004CB76FFE900E57FFD64F88FFD8C4D4003D
:10034000841B8CFE8305FD007C6C13FF1CD74B00C7
:100350004CDE37FEE9B63F0044ABBFFE346FDEFF34
:100360000A694DFF50AAEB008F1858FF2DE779005E
:100370009481E0013DF65400FD2EDBFFEF4C21009F
:10038000319412FEE6254500438616FE8E9B5E00E4
:100390001F9DD3FED52A1EFF04E4F7FEFCB00DFF1F
:1003A00027001FFEF1F4FFFFAA2D0AFEFDDEF90073
:1003B000DE728400FF2F06FFB4A3B301545E97FFE3
:1003C00059D152FEE534A9FFD5EC0001D638E4FF3F
:1003D000877797FF70C9C10053A035FE069742008A
:1003E00012A21100E9615B0083054E01B57835FF6B
:1003F000755F3FFFED75B900BF7E88FF9077E9001C
:10040000B73961012FC9BBFFA7A577012D647E0015
:10041000156206FE91965FFF78369800D1626800FB
:100420008F6F1EFEB894F900EBD82E00F8CA94FF27
:10043000395F1600F2E1A300E9F7E8FF47AB13FFCD
:1004400067F431FF54675DFF4479F40152E00D0019
:10045000294F2BFFF9CEA7FFD73415FEC02016FF7A
:10046000F76F3C00654A26FF165B54FE1D1C0DFF0E
:10047000C6E7D7FEF49AC800DF89ED00D3840E00EA
:100480005F40CEFF113EF7FFE98379015D174D0014
:10049000CDCC34FE51BD8800B4DB8A018F125E00E2
:1004A000CC2B8CFEBCAFDB006F628FFF973FA2FFAF
:1004B000D33247FE13923500922D53FEB252EEFF17
:1004C000108554FFE2C65DFFC96114FF787623FFF3
:1004D0007232E7FFA2E59CFFD31A0C00722773FF6C
:1004E000CED48600C5D9A0FF74815EFEC7D7DBFFDE
:1004F0004BDFF901FD74B5FFE8D768FFE482F6FF32
:10050000B97556000E050800EF1D3D01ED5785FF3A
:100510007D9289FECCA8DF002EA8F5009A6916000E
:10052000DCD4A1FF6B4518FF89DAB5FFF154C6FF93
:10053000827AD3FF8D0899FFBEB176006059B20070
:10054000FF1030FE7A6069FF7536E8FF227E69FF92
:10055000CC43A600E8348AFFD3930C001936070079
:100560002C0FD7FE33EC2D00BE4481016A93E100CD
:100570001C5D2DFEEC8D0FFF113DA100DC73C00052
:10058000EC9118FE6FA8A900E03A3FFF7FA4BC00E1
:1005900052EA4B01E09E8600D1446E01D9A6D900F3
:1005A00046E1A601BBC18FFF100758FF0ACD8C00A2
:1005B00075C09C01113826001B7C6C01ABD737FF3E
:1005C0005FFDD4009B87A8FFF6B299FE9A444A00CB
:1005D000E83D60FE69843B00214CC701BDB082FF4D
:1005E000096819FE4BC666FFE90170006CDC14FF58
:1005F00072E646008CC285FF399EA4FE920650FF2B
:10060000A9C4610155B78200469EDE013BEDEAFFB9
:1006100060191AFFE8AF61FF0B79F8FE5823C2009A
:10062000DBB4FCFE4A08E300C3E34901B86EA1FF56
:1006300031E9A40180352F00520E79FFC1BE3A0086
:1006400030AE75FF84172000280A8601163319FF83
:10065000F00BB0FF6E399200758FEF019D6576FF4C
:1006600036544C00CDB812FF2F0448FF4E7055FF92
:10067000C13242015D1034FF086986000C6D48FFED
:100680003A9CFB009023CC002CA075FE326BC2007C
:100690000144A5FF6F6EA2009E5328FE4CD6EA00CF
:1006A0003AD8CDFFAB6093FF28E37201B0E3F100CD
:1006B00046F9B70188548BFF3C7AF7FE8F0975FF26
:1006C000B1AE89FE49F78F00ECB97EFF3E19F7FF06
:1006D0002D4038FFA1F406002239380169CA5300C1
:1006E0008093D00006670AFF4A8A41FF615064FF89
:1006F000D6AE21FF32864AFF6E9782FE6F54AC0061
:1007000054C74BFEF83B70FF08D8B20109B75F0031
:10071000EE1B08FEAACDDC00C3E58700624CEDFFAE
:10072000E25B1A0152DB27FFE1BEC701D9C879FF9E
:1007300051B308FF8C41CE00B2CF57FEFAFC2EFF1A
:1007400068596E01FDBD9EFF90D69EFFA0F536FF55
:1007500035B75C0115C8C2FF92217101D101FF00BC
:10076000EB6A2BFFA734E8009DE5DD00331E19007E
:10077000FADD1B01419357FF4F7BC40041C4DFFFEB
:100780004C2C110155F14400CAB7F9FF41D4D4FFF4
:1007900009219A01473B5000AFC23BFF8D48090039
:1007A00064A0F400E6D038003B194BFE50C2C200F2
:1007B0001203C8FEA09F7300848FF7016F5D39FF9D
:1007C0003AED0B0186DE87FF7AA36C017B2BBEFF1F
:1007D000FBBDCEFE50B648FFD0F6E001113C09004B
:1007E000A1CF26008D6D5B00D80FD3FF884E6E0021
:1007F00062A368FF155079FFADB2B7017F8F040087
:10080000683C52FED6100DFF60EE21019E94E6FF7B
:100810007F813EFF33FFD2FF3E8DECFE9D37E0FF30
:100820007227F400C0BCFAFFE44C3500625451FF5B
:10083000ADCB3DFE933237FFCCEBBF0034C5F400A7
:10084000582BD3FE1BBF7700BCE79A004251A10092
:100850005CC1A001FAE378007B37E200B8114800E0
:1008600085A80AFE16879CFF291967FF30CA3A003F
:10087000BA9551FFBC86EF00EBB5BDFED98BBCFF2E
:100880004A3052002EDAE500BDFDFB0032E50CFFD8
:10089000D38DBF0180F419FFA9E77AFE562FBDFF63
:1008A00084B717FF25B296FF3389FD00C84E1F009D
:1008B00016693200823C000084A35BFE17E7BB0090
:1008C000C04FEF009D66A4FFC052140118B567FF2A
:1008D000F009EA00017BA4FF85E900FFCAF2F200FB
:1008E0003CBAF500F110C7FFE0749EFEBF7D5BFFD0
:1008F000E056CF007925E7FFE309C6FF0F99EFFF28
:1009000079E8D9FE4B7052005F0C39FE33D669FF8F
:1009100094DC6101C76224009CD10CFE0AD434002F
:10092000D9B437FED4AAE8FFD81454FF9DFA870043
:100930009D637FFE01CE29009524460136C4C9FF80
:10094000577400FEEBAB96001BA3EA00CA87B40005
:10095000D05F00FE7B9C5D00B73E4B0089EBB6008C
:10096000CCE1FFFFD68BD2FF027308FF1D0C6F0096
:10097000349C0100FD15FBFF25A51FFE0C82D30052
:100980006A1235FE2A639A000ED93DFED80B5CFF31
:10099000C8C570FE9326C70024FC78FE6BA94D00E5
:1009A000017B9FFFCF4B6600A3AFC4002C01F0007A
:1009B00078BAB0FE0D624CFFED7CF1FFE892BCFF0F
:1009C000C860E000CC1F2900D0C80D0015E160FF11
:1009D000AF9CC400F7D07E003EB8F4FE02AB5100DD
:1009E00055739E0036402DFF138A72008747CD0055
:1009F000E32F9301DAE74200FDD11C00F40FADFFB5
:100A0000060F76FE1096D0FFB91632FF5670CFFF54
:100A10004B71D7013F922BFF04E113FEE3173EFF1A
:100A20000EFFD6FE2D08CDFF57C597FED252D7FF39
:100A3000F5F8F7FF80F84600E1F757005A784600CE
:100A4000D5F55C000D85E2002FB505015CA369FFBB
:100A5000061E85FEE8B23DFFE69518FF12319E00A6
:100A6000E4643DFE74F3FBFF4D4B5C0151DB93FFEF
:100A70004CA3FEFE8DD5F600E82598FE612C64009F
:100A8000C9253201D4F43900AEABB7FFF94A700082
:100A9000A69C1E00DEDD61FFF35D49FEFB6564FF81
:100AA000D8D95DFFFE8ABBFF8EBE34FF3BCBB1FFC2
:100AB000C85E340073729EFFA59868017E63E2FFF2
:100AC000769DF4016BC81000C15AE5007906580004
:100AD0009C205DFE7DF1D3FF0EED9DFFA59A15FFD5
:100AE000B8E016FFFA1898FF714D1F00F7AB17FF1B
:100AF000EDB1CCFF348991FFC2B67200E0EA9500F7
:100B00000A6F6701C9810400EE8E4E00340628FF8B
:100B10006ED5A5FE3CCFFD003ED74500606100FFCD
:100B2000312DCA00787916FFEB8B3001C62D22FFDC
:100B3000B6321B0183D25BFF2E368000AF7B69FF8C
:100B4000C68D4EFE43F4EFFFF53667FE4E26F2FFEC
:100B5000025CF9FEFBAE57FF8B3F9000186C1BFF49
:100B6000226612012216980042E576FE328F63005B
:100B700090A99501761E9800B2087901089F12008D
:100B80005A65E6FF811D770044240B01E8B7370062
:100B900017FF60FFA129C1FF3F8BDE000FB3F300F9
:100BA000FF640FFF523587008939950163F0AAFF72
:100BB00016E6E4FE31B452FF3D522B006EF5D9002B
:100BC000C77D3D002EFD34008DC5DB00D39FC100E5
:100BD000377969FEB7148100A977AAFFCBB28BFFE2
:100BE0008728B6FFAC0DCAFF41B2940008CF2B0096
:100BF0007A357F014AA13000E3D680FE560BF3FF21
:100C000064560701F54486FF3D2B150198545EFF9D
:100C1000BE3CFAFEEF76E8FFD6882501714C6BFFEB
:100C20005D68640190CE17FF6E969A01E467B90083
:100C3000DA3132FE874D8BFFB9014E0000A194FFDF
:100C4000611DE9FFCF9495FFA0A800005B80ABFF7A
:100C5000061C13FE0B6FF70027BB96FF8AE8950072
:100C6000753E44FF3FD8BCFFEBEA20FE1D39A0FFD4
:100C7000190CF101A93CBF0020838DFFED9F7BFF84
:100C80005EC55EFE74FE03FF5CB361FE79615CFFCE
:100C9000AA700E001595F800F8E3030050606D008F
:100CA0004BC04A010C5AE2FFA16A4401D0727FFF97
:100CB000722AFFFE4A1A4AFFF7B396FE798C3C006F
:100CC0009346C8FFD628A1FFA1BCC9FF8D4187FF6D
:100CD000F273FC003E2FCA00B495FFFE8237ED0090
:100CE000A511BAFF0AA9C2009C6DDAFF708C7BFFC8
:100CF0006880DFFEB18E6CFF7925DBFF804D12FF2F
:100D00006F6C17015BC04B00AEF516FF04EC3EFFA5
:100D10002B409901E3ADFE00ED7A84017F59BAFFC3
:100D20008E5280FEFC54AE005AB3B101F3D657FF89
:100D3000673CA2FFD0820EFF0B828B00CE81DBFFCF
:100D40005ED99DFFEFE6E6FF74739FFEA46B5F0024
:100D500033DA0201D87DC6FF8CCA80FE0B5F44FFE8
:100D600037095DFEAE9906FFCCAC600045A06E0071
:100D7000D52631FE1B50D500767D7200464643FFD6
:100D80000F8E49FF837AB9FFF31432FE82ED2800FB
:100D9000D29F8C01C59741FF54994200C37E5A00EF
:100DA00010EEEC0176BB66FF031885FFBB45E6003D
:100DB00038C55C01D5455EFF508AE501CE07E600E7
:100DC000DE6FE6015BE977FF095907010262010066
:100DD000944A85FF33F6B4FFE4B170013ABD6CFF6D
:100DE000C2CBEDFE15D1C300930A2301569DE2004C
:100DF0001FA38BFE38074BFF3E5A7400B53CA90079
:100E00008AA2D4FE51A71F00CD5A70FF2170E300C3
:100E100053977501B1E049FFAE90D9FFE6CC4FFF83
:100E2000164DE8FF724EEA00E0397EFE09318D0072
:100E3000F293A50168B68CFFA7840C017B447F0068
:100E4000E1572701FB6C0800C6C18F017987CFFFEE
:100E5000AC164600324474FF65AF28FFF869E9001C
:100E6000A6CB07006EC5DA00D7FE1AFEA8E2FD0089
:100E70001F8F60000B672900B781CBFE64F74AFF24
:100E8000D57E8400D2932C00C7EA1B01942FB500B5
:100E90009B5B9E013669AFFF024E91FE669A5F0032
:100EA00080CF7FFE347CECFF82544700DDF3D3001B
:100EB00098AACF00DE6AC700B7545EFE5CC838FF50
:100EC0008AB673018E6092008588E40061129600F4
:100ED00037FB42008C660400CA6797001E13F8FFB8
:100EE00033B8CF00CAC6590037C5E1FEA95FF9FF84
:100EF000424144FFBCEA7E00A6DF640170EFF400CB
:100F00009017C2003A27B600F42C18FEAF44B3FF86
:100F100098769A01B0A28200D972CCFEAD7E4EFFC7
:100F200021DE1EFF24025BFF028FF30009EBD700D6
:100F300003AB970118D7F5FFA82FA4FEF192CF00BD
:100F40004581B40044F37100903548FEFB2D0E003E
:100F5000176EA80044444FFF6E465FFEAE5B90FFE5
:100F600021CE5FFF892907FF13BB99FE23FF70FF86
:100F70000991B9FE329D25000B7031016608BEFF54
:100F8000EAF3A9013C5517004A27BD007431EF0070
:100F9000ADD5D2002EA16CFF9F962500C478B9FF75
:100FA000226206FF99C33EFF61E647FF663D4C00A3
:100FB0001AD4ECFFA4611000C63B9200A317C40032
:100FC00038183D00B562C100FB93E5FF62BD18FF14
:100FD0002E36CEFFEA52F600B76726016D3ECC00F2
:100FE0000AF0E000921675FF8E9A780045D423002F
:100FF000D063760179FF03FF4806C2007511C5FF73
:101000007D0F17009A4F9900D65EC5FFB93793FF41
:101010003EFE4EFE7F5299006E663FFF6C52A1FF6E
:1010200069BBD401508A27003CFF5DFF480CBA0021
:10103000D2FB1F01BEA790FFE42C13FE8043E80003
:10104000D6F96BFE889156FF842EB000BDBBE3FF3E
:10105000D0168C00D9D374003251BAFE8BFA1F001F
:101060001E40C601879B6400A0CE17FEBBA2D3FF23
:1010700010BC3F00FED031005554BF00F1C0F2FF5C
:10108000997E9101EAA2A2FFE661D80140877E0025
:10109000BE94DF0134002BFF1C27BD014088EE0009
:1010A000AFC4B90062E2D5FF7F9FF401E2AF3C001C
:1010B000A0E98E01B4F3CFFF459859011F651500D3
:1010C0009019A4FE8BBFD1005B1979002093050015
:1010D00027BA7BFF3F73E6FF5DA7C6FF8FD5DCFF16
:1010E000B39C13FF19427A00D6A0D9FF022D3EFF10
:1010F0006A4F92FE338963FF5764E7FFAF91E8FFC1
:1011000065B801FFAE097D005225A10124728DFF53
:1011100030DE8EFFF5BA9A0005AEDDFE3F729BFF12
:101120008737A001501F87007EFAB301ECDA2D004B
:10113000141C910110934900F9BD840111BDC0FF39
:10114000DF8EC6FF48140FFFFA35EDFE0F0B1200BD
:101150001BD371FED56B38FFAE9392FF607E3000DB
:1011600017C16D0125A25E00C79DF9FE1880BBFF67
:10117000CD31B2FE5DA42AFF2B77EB0158B7EDFF0E
:10118000DAD201FF6BFE2A00E60A63FFA200E2004A
:10119000DBED5B0081B2CB00D0325FFECED05FFFD3
:1011A000F7BF59FE6EEA4FFFA53DF300147A70FFBA
:1011B000F6F6B9FE67047B00E963E601DB5BFCFF42
:1011C000C7DE16FFB3F5E9FFD3F1EA006FFAC0FFFF
:1011D00055548800653A32FF83AD9CFE772D33FF6E
:1011E00076E910FEF25AD6005E9FDB010303EAFFA8
:1011F000624C5CFE5036E60005E4E7FE3518DFFF82
:1012000071387601148401FFABD2EC0038F19EFFF7
:10121000BA7313FF08E5AE00302C00017272A6FF0E
:101220000649E2FFCD59F40089E34B01F8AD3800DF
:101230004A78F6FE77030BFF5178C6FF887A62FF83
:1012400092F1DD016DC24EFFDFF14601D6C8A9FF64
:1012500061BE2FFF2F67AEFF635C48FE76E9B4FFE7
:10126000C123E9FE1AE520FFDEFCC600CC2B47FFB8
:10127000C754AC008666BE006FEE61FEE628E6004D
:10128000E3CD40FEC80CE100A619DE00714533FF36
:101290008F9F1800A7B84A001DE074FE9ED0E90099
:1012A000C1747EFFD40B85FF163A8C01CC2433FF2A
:1012B000E81E2B00EB46B5FF403892FEA91254FF02
:1012C000E2010DFFC832B0FF34D5F5FEA8D16100B0
:1012D000BF473700224E9C00E8903A01B94ABD0052
:1012E000BA8E95FE40457FFFA1CB93FFB097BF001C
:1012F00088E7CBFEA3B68900A17EFBFEE920420071
:1013000044CF42001E1C25005D726001FE5CF7FFA9
:101310002CAB4500CA770BFFBC763201FF5388FF28
:1013200047521A0046E3020020EB7901B5299A00E2
:101330004786E5FECAFF2400299805009A3F49FF29
:1013400022B67C0079DD96FF1ACCD50129AC570076
:101350005A9D92FF6D821400476BC8FFF366BD0073
:1013600001C391FE2E58750008CEE300BF6EFDFF4D
:101370006D8014FE865533FF89B17001D82216FFA7
:101380008310D0FF7995AA0072131701A6501FFF92
:1013900071F07A00E8B3FA00446EB4FED2AA770086
:1013A000DF6CA4FFCF4FE9FF1BE5E2FED16251FFE6
:1013B0004F44070083B96400AA1DA2FF11A26BFF6E
:1013C00039150B0164C8B5FF7F41A601A586CC0085
:1013D00068A7A80001A44F0092873B01463280FF16
:1013E00066770DFEE3068700A28EB3FFA064DE00E1
:1013F0001BE0DB019E5DC3FFEA8D890010187DFFB5
:10140000EECE2FFF611162FF746E0CFF60734D0012
:101410005BE3E8FFF8FE4FFF5CE506FE58C68B0075
:10142000CE4B8100FA4DCEFF8DF47B018A45DC0066
:101430002097060183A716FFED44A7FEC7BD9600BF
:10144000A3AB8AFF33BC06FF5F1D89FE94E2B300A5
:10145000B56BD0FF861F52FF97652DFF81CAE10053
:10146000E0489300308A97FFC340CEFEEDDA9E003D
:101470006A1D89FEFDBDE9FF670F11FFC261FF0014
:10148000B22DA9FEC6E19B00273075FF876A730065
:101490006126B500962F41FF5382E5FEF6268100B6
:1014A0005CEF9AFE5B637F00A16F21FFEED9F2FF34
:1014B00083B9C3FFD5BF9EFF2996DA0084A98300B4
:1014C0005954FC01AB4680FFA3F8CBFE0132B4FFB8
:1014D0007C4C5501FB6F50006342EFFF9AEDB6FF65
:1014E000DD7E85FE4ACC63FF419377FF6338A7FF1B
:1014F0004FF895FF749BE4FFED2B0EFE45890BFF23
:1015000016FAF1015B7A8FFFCDF9F300D41A3CFF94
:1015100030B6B0013017BFFFCB7998FE2D4AD5FF0A
:101520003E5A12FEF5A3E6FFB96A74FF53239F00EB
:101530000C2102FF50223E001057AEFFAD65550052
:10154000CA2451FEA045CCFF40E1BB003ACE5E006C
:1015500056902F00E556F5003F91BE012505270066
:101560006DFB1A008993EA00A27991FF9074CEFF77
:10157000C5E8B9FFB7BE8CFF490CFEFF8B14F2FF24
:10158000AA5AEFFF6142BBFFF5B587FEDE88340043
:10159000F50533FECB2F4E009865D80049177D0026
:1015A000FE602101EBD249FF2BD1580107816D006C
:1015B0007A68E4FEAAF2CB00F2CC87FFCA1CE9FFEE
:1015C00041067F009F904700648C5F004E960D009F
:1015D000FB6B7601B63A7DFF01266CFF8DBDD1FF16
:1015E000089B7D0171A35BFF794FBEFF86EF6CFF07
:1015F0004C2FF800A3E4EF00116F0A0058954BFF41
:10160000D7EBEF00A79F18FF2F976CFF6BD1BC00A3
:10161000E9E763FE1CCA94FFAE238AFF6E1844FFFD
:101620000245B5006B66520066ED07005C24EDFFD5
:10163000DDA2530137CA06FF87EA87FF18FADE00EA
:10164000415EA8FEF5F8D2FFA76CC9FEFFA16F00AE
:10165000CD08FE00880D740064B084FF2BD77EFF98
:10166000B18582FF9E4F940043E025010CCE15FF0B
:101670003E226E01ED68AFFF50846FFF8EAE4800D2
:1016800054E5B4FE69B38C0040F80FFFE98A1000FE
:10169000F5437BFEDA79D4FF3F5FDA01D58589FF18
:1016A0008FB652FF301C0B00F4728D01D1AF4CFF8E
:1016B0009DB596FFBAE503FFA49D6F01E7BD8B00C2
:1016C00077CABEFFDA6A40FF44EB3FFE601AACFF08
:1016D000BB2F0B01D712FBFF51545900443A800035
:1016E0005E7105015C81D0FF610F53FE091CBC00D7
:1016F000EF09A4003CCD9800C0A362FFB8123C00E3
:10170000D9B68B006D3B78FF04C0FB00A9D2F0FF77
:1017100025AC5CFE94D3F5FFB3413400FD0D73009E
:10172000B9AECE0172BC95FFED5AAD002BC7C0FF1C
:10173000586C710034234C00421994FFDD0407FFFC
:1017400097F172FFBED1E8006232C7009796D5FFCD
:10175000124A240135280700138741FF1AAC4500BF
:10176000AEED5500635F29000338100027A0B1FFDC
:10177000C86ADAFEB94454FF5BBA3DFE438F8DFF61
:101780000DF4A6FF6372C600C76EA3FFC112BA00B4
:101790007CEFF6016E44160002EB2E01D43C6B0088
:1017A000692A69010EE69800070583008D689AFF93
:1017B000D503060083E4A2FFB3641C01E77B55FF59
:1017C000CE0EDF01FD60E6002698950162897A0061
:1017D000D6CD03FFE298B3FF068589009E458CFFB6
:1017E00071A29AFFB4F3ACFF1BBD73FF8F2EDCFF19
:1017F000D586E1FF7E1D4500BC2B8901F24609001C
:101800005ACCFFFFE7AA9300173813FE387D9DFFDF
:1018100030B3DAFF4FB6FDFF26D4BF0129EB7C00C1
:1018200060971C008794BE00CDF927FE346088FFC6
:10183000D42C88FF43D183FFFC8217FFDB8014FF89
:10184000C68176006C650B00B20592013E0764FF0D
:10185000B5EC5EFE1C1AA4004C1670FF78664F00B3
:10186000CAC0E501C8B0D7002940F4FFCEB84E0089
:10187000A72D3F01A02300FF3B0C8EFFCC0990FF5A
:10188000DB5EE5017A1B7000BD696DFF40D04AFF49
:10189000FB7F370102E2C6002C4CD10097984DFF28
:1018A000D2172E01C9AB45FF2CD3E700BE25E0FFC0
:1018B000F5C43EFFA9B5DEFF22D3110077F1C5FFC5
:1018C000E5239801154528FFB2E2A10094B3C100B9
:1018D000DBC2FE0128CE33FFE75CFA014399AA0080
:1018E0001594F100AA4552FF7912E7FF5C720300DC
:1018F000B83EE600E1C957FF9260A2FFB5F2DC00F6
:10190000ADBBDD01E23EAAFF387ED901750DE3FFD4
:10191000B32CEF009D8D9BFF90DD5300EBD1D000E9
:101920002A11A501FB5185007CF5C9FE61D318FF82
:1019300053D6A6009A2409FFF82F7F005ADB8CFFAC
:10194000A1D926FED4933FFF42549401CF03010056
:10195000E68659017F4E7AFFE09B01FF52884A00DC
:10196000B29CD0FFBA1931FFDE03D201E596BEFF6B
:1019700055A234FF29548DFF497B54FE5D1196001A
:1019800077131C012016D7FF1C17CCFF8EF134FFF4
:10199000E4347D001D4CCF00D7A7FAFEAFA4E600CB
:1019A00037CF69016DBBF5FFA12CDC01296580FFF4
:1019B000A7105E005DD66BFF764800FE503DEAFF43
:1019C00079AF7D008BA9FB00612793FEFAC431FF3C
:1019D000A5B36EFEDF46BBFF168E7D019AB38AFF6C
:1019E00076B02A010AAE99009C5C6600A80DA1FFA2
:1019F0008F102000FAC5B4FFCBA32C015720240080
:101A0000A19914FF7BFC0F0019E350003C588E0095
:101A10001116C9019ACD4DFF273F2F00087A8D007E
:101A20008017B6FECC2713FF04701DFF17248CFF10
:101A3000D2EA74FE35323FFF79AB68FFA0DB5E006F
:101A400057520EFEE72A0500A58B7FFE564E260054
:101A5000823C42FECB1E2DFF2EC47A01F935A2FF37
:101A6000888F67FED7D27200E707A0FEA9982AFFE9
:101A70006F2DF6008E8387FF8347CCFF24E20B0097
:101A8000001CF2FFE18AD5FFF72ED8FEF503B70060
:101A90006CFC4A01CE1A30FFCD36F6FFD3C624FFC8
:101AA0007923320034D8CAFF268B81FEF249940094
:101AB00043E78DFF2A2FCC004E74190104E1BFFFCC
:101AC0000693E4003A58B1007AA5E5FFFC53C9FF3C
:101AD000E0A76001B1B89EFFF269B301F8C6F0005B
:101AE0008542CB01FE242F002D1873FF773EFE00A8
:101AF000C4E1BAFE7B8DAC001A5529FFE26FB70036
:101B0000D5E79700043B07FFEE8A9400429321FF3C
:101B10001FF68DFFD18D74FF68701F0058A1AC00B7
:101B200053D7E6FE2F6F97002D263401842DCC006D
:101B30008A806DFEE97586FFF3BEADFEF1ECF00024
:101B4000527FECFE28DFA1FF6EB6E1FF7BAEEF0017
:101B500087F2910133D19A00960373FED9A4FCFF5A
:101B6000379C4501545EFFFFE8492D011413D4FF53
:101B700060C53BFE60FB210026C7490140ACF7FF72
:101B8000757438FFE41112003E8A6701F6E5A4FF80
:101B9000F476C9FE56209FFF6D22890155D3BA0005
:101BA0000AC1C1FE7AC2B1007AEE66FFA2DAAB00CA
:101BB0006CD9A1019EAA2200B02F9B01B5E40BFFB6
:101BC000089C0000104B5D00CE62FF013A9A230092
:101BD0000CF3B8FE437542FFE6E57B00C92A6E00B0
:101BE00086E4B2FEBA6C76FF3A139AFF52A93EFF22
:101BF000728F7301EFC432FFAD30C1FF930254FF07
:101C0000968693FE5FE849006DE334FEBF890A00C3
:101C100028CC1EFE4C3461FFA4EB7E00FE7CBC0091
:101C20004AB61501791D23FFF11E07FE55DAD6FFCE
:101C3000075496FE511B75FFA09F98FE4218DDFFCA
:101C4000E30A3C018D876600D0BD960175B35C0048
:101C5000841688FF78C71C0015814FFEB609410025
:101C6000DAA3A900F693C6FF6B2690014EAFCDFF15
:101C7000D605FAFE2F581DFFA42FCCFF2B3706FFE9
:101C80008386CFFE7464D600608C4B016ADC9000C2
:101C9000C3201C01AC5105FFC7B334FF2554CB0052
:101CA000AA70AE000B045B0045F41B0175835C0059
:101CB0002198AFFF8C996BFFFB872BFE578A04FF9F
:101CC000C6EA93FE799854FFCD659B019D091900E2
:101CD000486A11FE6C9900FFBDE5BA00C108B0FF6B
:101CE000AE95D100EE821D00E9D67E013DE2660090
:101CF00039A30401C66F33FF2D4F4E0173D20AFF83
:101D0000DA0919FF9E8BC6FFD352BBFE50855300E4
:101D10009D81E601F38586FF288810004D6B4FFFFB
:101D2000B7555C01B1CCCA00A34793FF9845BE00EC
:101D3000AC33BC01FAD2ACFFD3F2710159591AFF8E
:101D400040426FFE74982A00A1271BFF3650FE0008
:101D50006AD17301677C6100DDE662FF1FE7060060
:101D6000B2C078FE0FD9CBFF7C9E4F007091F70078
:101D70005CFA3001A3B5C1FF252F8EFE90BDA5FFF3
:101D80002E92F000064B8000299DC8FE5779D500A1
:101D90000171EC00052DFA00900C52001F6CE70059
:101DA000E1EF77FFA707BDFFBBE484FF6EBD220014
:101DB0005E2CCC01A234C5004EBCF1FE39148D005E
:101DC000F4922F01CE6433007D6B94FE1BC34D0053
:101DD00098FD5A01078F90FF33251F00227726FFB9
:101DE00007C5760099BCD300971474FEF54134FF03
:101DF000B4FD6E012FB1D100A16311FF76DECA00E0
:101E00007DB3FC017B367EFF9139BF0037BA790084
:101E10000AF38A00CDD3E5FF7D9CF1FE949CB9FFC7
:101E2000E313BCFF7C2920FF1F22CEFE1139530093
:101E3000CC1625FF2A6062007766B80103BE1C003D
:101E40006E52DAFFC8CCC0FFC991760075CC920003
:101E500084206201C0C279006AA1F801ED587C00BB
:101E600017D41A00CDAB5AFFF830D8018D25E6FF04
:101E70007CCB00FE9EA81EFFD6F8150070BB07FFA6
:101E80004B85EFFF4AE3F3FFFA934600D678A200B2
:101E9000A709B3FF169E1200DA4DD101616D51FF03
:101EA000F421B3FF393439FF41ACD2FFF947D1FFF8
:101EB0008EA9EE009EBD99FFAEFE67FE62210E0068
:101EC0008D4CE6FF718B34FF0F3AD400A8D7C9FFC1
:101ED000F8CCD701DF44A0FF399AB7FE2FE779008D
:101EE0006AA6890051888A00A52B3300E78B3D0044
:101EF000395F3BFE766219FF973FEC015EBEFAFF49
:101F0000A9B9720105FA3AFF4B696101D7DF860072
:101F10007163A301803E7000636A9300A3C30A004B
:101F200021CDB600D60EAEFF8126E7FF35B6DF0025
:101F3000622A9FFFF70D2800BCD2B101061500FFF1
:101F4000FF3D94FE892D81FF591A74FE7E26720092
:101F5000FB32F2FE798680FFCCF9A7FEA5EBD70015
:101F6000CAB1F300858D3E00F082BE016EAFFF0066
:101F70000014920125D279FF072782008EFA54FFC0
:101F80008DC8CF00095F68FF0BF4AE0086E87E00C5
:101F9000A7017BFE10C195FFE8E9EF01D54670FF70
:101FA000FC74A0FEF2DEDCFFCD55E30007B93A0079
:101FB00076F73F01744DB1FF3EF5C8FE3F1225FF95
:101FC0006B35E8FE32DDD300A2DB07FE025E2B009C
:101FD000B63EB6FEA04EC8FF878CAA00EBB8E40060
:101FE000AF358AFE503A4DFF98C902013FC4220026
:101FF000051EB800ABB09A00793BCE0026632700DF
:10200000AC504DFE00869700BA21F1FE5EFDDFFF69
:102010002C72FC006C7E39FFC9280DFF27E51BFFE1
:1020200027EF1701977933FF9996F8000AEAAEFF78
:1020300076F604FEC8F5260045A1F20110B296001E
:1020400071388200AB1F69001A586CFF312A6A0090
:10205000FBA94200455D95001439FE00A4196F00EC
:102060005ABC5AFFCC04C50028D53201D46084FF85
:10207000588AB4FEE4927CFFB8F6F700417556FF2B
:10208000FD66D2FEFE792400897303FF3C18D80058
:1020900086121D003BE26100B08E470007D1A1000F
:1020A000BD5433FE9BFA4800D554EBFF2DDEE00013
:1020B000EE948FFFAA2A35FF4EA77500BA0028FFBD
:1020C0007DB167FF45E14200E30758014BAC0600D4
:1020D000A92DE301102446FF320209FF8BC116002F
:1020E0008FB7E7FEDA453200EC38A101D5832A002C
:1020F0008A912CFE88E528FF313F23FF3D91F5FFB3
:1021000065C002FEE8A771009868260179B9DA0077
:10211000798BD3FE77F0230041BDD9FEBBB3A2FF7C
:10212000A0BBE6003EF80EFF3C4E6100FFF7A3FFA8
:10213000E13B5BFF6B473AFFF12F21013275EC0069
:10214000DBB13FFEF45AB30023C2D7FFBD4332FFD9
:102150001787810068BD25FFB939C200233EE7FF1C
:10216000DCF86C000CE7B2008F505B01835D65FF0B
:1021700090270201FFFAB2000511ECFE8B202E0021
:10218000CCBC26FEF57334FFBF7149FEBF6C45FF22
:102190001645F50117CBB200AA63AA0041F86F00FB
:1021A000256C99FF4025450000583EFE599490FF4C
:1021B000BF44E001F127350029CBEDFF917EC2FF3E
:1021C000DD2AFDFF1963970061FDDF014A7331FFCE
:1021D00006AF48FF3BB0CB007CB7F901E4E46300F5
:1021E000810CCFFEA8C0C3FFCCB010FE98EAAB00B4
:1021F0004D2555FF217887FF8EC2E3011FD63A0097
:10220000D5BB7DFFE82E3CFFBE742AFE97B213FFBC
:10221000333EEDFECCECC100C2E83C00AC229DFF99
:10222000BD10B8FE67035FFF8DE924FE29190BFF7F
:1022300015C3A60076F52D0043D595FF9F0C12FF20
:10224000BBA4E301A01905000C4EC3012BC5E1009E
:10225000308E29FEC49B3CFFDFC7120191889C0091
:10226000FC75A9FE91E2EE00EF176B006DB5BCFFA7
:10227000E67031FE49AAEDFFE7B7E3FF50DC14003A
:10228000C26B7F017FCD65002E34C501D2AB24FF28
:1022900058035AFF38978D0060BBFFFF2A4EC800D5
:1022A000FE464601F47DA800CC448A017CD7460056
:1022B0006642C8FE1134E40075DC8FFECBF87B006B
:1022C0003812AEFFBA97A4FF33E8D001A0E42BFF89
:1022D000F91D190144BE3F0000000010000000007D
:1022E00000100000060007000800000000000000C9
:1022F00000000000770A02082D0B02085B0A0208A2
:102300002D0D0208310A02086D0E0208410A02086A
:102310001B1002083D1002080D0A0000005245453E
:102320004E54206D616C6C6F6320737563636565DB
:10233000646564002F5F5F772F61726D2D6E6F6E25
:10234000652D656162692D6763632D787061636BCC
:102350002F61726D2D6E6F6E652D656162692D67DF
:1023600063632D787061636B2F6275696C642F6C89
:10237000696E75782D7836342F736F757263657357
:102380002F6E65776C69622D63796777696E2F6E42
:1023900065776C69622F6C6962632F7374646C6912
:1023A000622F72616E642E63006E6600696E6974DE
:1023B0007900616E0000000034000000CEFBFFFFDA
:1023C000CB03000001000000000000003500000009
:1023D000CEFBFFFFCB030000010000000000000067
:1023E000BC89D897B2D29C3C33A7A8D523F64939EB
:1023F0003DA7F444FD0FA5329D978CCF08BA5B250D
:10240000436FAC6428066811002020202020202083
:102410002020282828282820202020202020202094
:1024200020202020202020202088101010101010A4
:1024300010101010101010101004040404040404F0
:10244000040404101010101010104141414141418A
:10245000010101010101010101010101010101016C
:10246000010101011010101010104242424242427C
:10247000020202020202020202020202020202023C
:1024800002020202101010102000000000000000E4
:10249000000000000000000000000000000000003C
:1024A000000000000000000000000000000000002C
:1024B000000000000000000000000000000000001C
:1024C000000000000000000000000000000000000C
:1024D00000000000000000000000000000000000FC
:1024E00000000000000000000000000000000000EC
:1024F00000000000000000000000000000000000DC
:10250000000000000000000000504F534958002C0C
:102510002066756E6374696F6E3A2000617373652F
:102520007274696F6E2022257322206661696C6562
:10253000643A2066696C6520222573222C206C6920
:102540006E65202564257325730A0042616C6C6FEB
:102550006320737563636565646564002F5F5F77EF
:102560002F61726D2D6E6F6E652D656162692D67CD
:1025700063632D787061636B2F61726D2D6E6F6E6A
:10258000652D656162692D6763632D787061636B8A
:102590002F6275696C642F6C696E75782D7836348E
:1025A0002F736F75726365732F6E65776C69622D1B
:1025B00063796777696E2F6E65776C69622F6C69D6
:1025C00062632F7374646C69622F6764746F612D2A
:1025D0006765746865782E63002F5F5F772F61727F
:1025E0006D2D6E6F6E652D656162692D6763632D5C
:1025F000787061636B2F61726D2D6E6F6E652D65E6
:102600006162692D6763632D787061636B2F6275FA
:10261000696C642F6C696E75782D7836342F736F02
:1026200075726365732F6E65776C69622D63796768
:1026300077696E2F6E65776C69622F6C6962632FA4
:102640007374646C69622F6D707265632E63000031
:1026500005000000190000007D00000000000000DF
:102660000080E03779C34143176E05B5B5B893468E
:10267000F5F93FE9034F384D321D30F94877825A5A
:102680003CBF737FDD4F1575000000000000F03F78
:10269000000000000000244000000000000059403D
:1026A0000000000000408F40000000000088C34090
:1026B00000000000006AF8400000000080842E4105
:1026C00000000000D01263410000000084D7974151
:1026D0000000000065CDCD41000000205FA0024257
:1026E000000000E876483742000000A2941A6D42CC
:1026F000000040E59C30A2420000901EC4BCD642BF
:1027000000003426F56B0C430080E03779C3414369
:1027100000A0D8855734764300C84E676DC1AB43DF
:10272000003D9160E458E143408CB5781DAF1544FD
:1027300050EFE2D6E41A4B4492D54D06CFF08044D8
:10274000F64AE1C7022DB544B49DD9794378EA44ED
:10275000232D302B2000686C4C006566674546478A
:10276000003031323334353637383941424344450D
:10277000460030313233343536373839616263647C
:04278000656600008A
:08278400F8EAFC7F01000000EF
:10278C00F913020865130008116C00080DAE00085F
:10279C00C9B40008D1D1000859180108B11D0108AD
:1027AC00816A0108C16B0108BD7801089D0E020801
:0827BC00391D02085922020830
:1027C40041130008E96C000889AE00086518010887
:0C27D400C11D0108C97801088922020813
:1027E0000100000010000000000000480004004844
:1027F00000080048001C0048FFFFFFFF00300240B7
:1028000000000000000000000000000000000000C8
:1028100000000000000000000000000001000000B7
:1028200000093D0000000000000000000000000062
:102830000000000000000000000000000000000098
:102840000000000000000000000000000000000088
:102850000000000000000000000000000000000078
:102860000000000000000000000000000000000068
:102870000000000000000000000000000000000058
:102880000000000000000000000000000000000048
:102890000000000000000000000000000000000038
:1028A0000000000000000000000000000000000028
:1028B0000000000000000000000000000000000018
:1028C00000000000FFFFFFFFFFFFFFFFFFFFFFFF14
:1028D000FFFFFFFF000300000000000000000000F9
:1028E0000000000000000000000000002043002065
:1028F0000001010100020101000402017800000052
:102900003884020800000000A51701081517010807
:10291000911601088B16010800080000000800004D
:10292000000800001000000080000000000000000F
:10293000000000000000000000000000FFFFFFFF9B
:10294000000000000A0000000A0000000000000073
:1029500059F3F8C21F6EA501000000000000F03F0F
:102960006042A20D0000803F000000000300000054
:10297000D8410020430000000000000000000000DB
:102980000000000000000000000000000000000047
:1029900000000000430000000000000000000000F4
:1029A0000000000000000000000000000000000027
:1029B00000000000430000000000000000000000D4
:1029C0000000000000000000000000000000000007
:1029D00000000000430000000000000000000000B4
:1029E00000000000000000000000000000000000E7
:1029F0000000000043000000000000000000000094
:102A000000000000000000000000000000000000C6
:102A10000000000043000000000000000000000073
:102A200000000000000000000000000000000000A6
:102A30000000000043000000000000000000000053
:102A40000000000000000000000000000000000086
:102A50000000000055690208C75F0208000000007E
:102A600008240308CBA702081A2303081A23030823
:102A70001A2303081A2303081A2303081A23030836
:102A80001A2303081A2303081A230308FFFFFFFF72
:102A9000FFFFFFFFFFFFFFFFFFFF000001004153AB
:102AA0004349490000000000000000000000000051
:102AB0000000000000000000000000000000415382
:102AC0004349490000000000000000000000000031
:102AD00000000000000000000000000000000000F6
:102AE0000403002000000000D841002040420020E4
:102AF000A8420020000000000000000000000000CC
:102B000000000000000000000000000000000000C5
:102B100000000000000000000000000000000000B5
:102B200000000000000000000000000000000000A5
:04000005080214C910
:00000001FF
