:020000040800F2
:10000000000001202DD901087DD901087DD9010802
:100010007DD901087DD901087DD9010800000000C3
:100020000000000000000000000000007DD9010871
:100030007DD90108000000007DD90108FF5C00089F
:100040007DD901087DD901087DD901087DD9010834
:100050007DD901087DD90108415F0008475F00088C
:100060004D5F0008535F0008595F00087DD9010803
:100070007DD901087DD901087DD901087DD9010804
:100080007DD901087DD901087DD901087DD90108F4
:10009000000000007DD901085F5F00087DD90108DC
:1000A000395700087DD901084D57000851570008FD
:1000B0006557000879570008B5F00008C1F000083E
:1000C000CDF00008D9F000087DD901087DD90108DC
:1000D000A96B0008C16B0008DD6B00087DD9010821
:1000E0007DD90108755F00087DD901087DD9010817
:1000F0007DD9010800000000000000007DD9010842
:10010000E5F00008F1F0000831E501087DD90108AB
:100110007DD901087DD901087DD901087DD9010863
:100120007DD901087DD901087DD901087DD9010853
:080130007DD901087DD9010809
:1001400081F0004102E000BF83F0004330B54FEA88
:1001500041044FEA430594EA050F08BF90EA020FF5
:100160001FBF54EA000C55EA020C7FEA645C7FEA88
:10017000655C00F0E2804FEA5454D4EB5555B8BFAB
:100180006D420CDD2C4480EA020281EA030382EA1C
:10019000000083EA010180EA020281EA0303362DAE
:1001A00088BF30BD11F0004F4FEA01314FF4801C81
:1001B0004CEA113102D0404261EB410113F0004F93
:1001C0004FEA03334CEA133302D0524263EB43034A
:1001D00094EA050F00F0A780A4F10104D5F1200EE8
:1001E0000DDB02FA0EFC22FA05F2801841F1000143
:1001F00003FA0EF2801843FA05F359410EE0A5F117
:1002000020050EF1200E012A03FA0EFC28BF4CF047
:10021000020C43FA05F3C01851EBE37101F00045FD
:1002200007D54FF0000EDCF1000C7EEB00006EEB0A
:100230000101B1F5801F1BD3B1F5001F0CD3490894
:100240005FEA30004FEA3C0C04F101044FEA4452EB
:1002500012F5800F80F09A80BCF1004F08BF5FEA72
:10026000500C50F1000041EB045141EA050130BD52
:100270005FEA4C0C404141EB0101013C28BFB1F564
:10028000801FE9D291F0000F04BF01460020B1FAAF
:1002900081F308BF2033A3F10B03B3F120020CDA82
:1002A0000C3208DD02F1140CC2F10C0201FA0CF060
:1002B00021FA02F10CE002F11402D8BFC2F1200CC5
:1002C00001FA02F120FA0CFCDCBF41EA0C0190407B
:1002D000E41AA2BF01EB0451294330BD6FEA0404C4
:1002E0001F3C1CDA0C340EDC04F11404C4F12002AF
:1002F00020FA04F001FA02F340EA030021FA04F3C1
:1003000045EA030130BDC4F10C04C4F1200220FA17
:1003100002F001FA04F340EA0300294630BD21FA55
:1003200004F0294630BD94F0000F83F4801306BF1B
:1003300081F480110134013D4EE77FEA645C18BF0F
:100340007FEA655C29D094EA050F08BF90EA020FA6
:1003500005D054EA000C04BF1946104630BD91EA9E
:10036000030F1EBF0021002030BD5FEA545C05D1A1
:100370004000494128BF41F0004130BD14F58004E0
:100380003CBF01F5801130BD01F0004545F0FE4154
:1003900041F470014FF0000030BD7FEA645C1ABF89
:1003A000194610467FEA655C1CBF0B46024650EAC0
:1003B000013406BF52EA033591EA030F41F40021EC
:1003C00030BD00BF90F0000F04BF0021704730B572
:1003D0004FF4806404F132044FF000054FF0000147
:1003E00050E700BF90F0000F04BF0021704730B508
:1003F0004FF4806404F1320410F0004548BF4042DD
:100400004FF000013EE700BF42004FEAE2014FEA31
:1004100031014FEA02701FBF12F07F4393F07F4F0C
:1004200081F06051704732F07F4208BF704793F00F
:100430007F4F04BF41F40021704730B54FF4607422
:1004400001F0004521F000411CE700BF50EA010225
:1004500008BF704730B54FF000050AE050EA0102CE
:1004600008BF704730B511F0004502D5404261EB3E
:1004700041014FF4806404F132045FEA915C3FF47F
:10048000D8AE4FF003025FEADC0C18BF03325FEA1C
:10049000DC0C18BF033202EBDC02C2F1200300FACD
:1004A00003FC20FA02F001FA03FE40EA0E0021FAF2
:1004B00002F11444BDE600BF70B54FF0FF0C4CF4E0
:1004C000E06C1CEA11541DBF1CEA135594EA0C0F92
:1004D00095EA0C0F00F0DEF82C4481EA030621EACD
:1004E0004C5123EA4C5350EA013518BF52EA033508
:1004F00041F4801143F4801338D0A0FB02CE4FF0BA
:100500000005E1FB02E506F00042E0FB03E54FF0E9
:100510000006E1FB03569CF0000F18BF4EF0010EE1
:10052000A4F1FF04B6F5007F64F5407404D25FEADD
:100530004E0E6D4146EB060642EAC62141EA555190
:100540004FEAC52040EA5E504FEACE2EB4F1FD0CD2
:1005500088BFBCF5E06F1ED8BEF1004F08BF5FEA50
:10056000500E50F1000041EB045170BD06F0004602
:1005700046EA010140EA020081EA0301B4EB5C04AF
:10058000C2BFD4EB0C0541EA045170BD41F48011A7
:100590004FF0000E013C00F3AB8014F1360FDEBFCC
:1005A000002001F0004170BDC4F10004203C35DAA8
:1005B0000C341BDC04F11404C4F1200500FA05F32B
:1005C00020FA04F001FA05F240EA020001F00042CC
:1005D00021F0004110EBD37021FA04F642EB060142
:1005E0005EEA430E08BF20EAD37070BDC4F10C046C
:1005F000C4F1200500FA04F320FA05F001FA04F230
:1006000040EA020001F0004110EBD37041F100011B
:100610005EEA430E08BF20EAD37070BDC4F1200526
:1006200000FA05F24EEA020E20FA04F301FA05F28E
:1006300043EA020321FA04F001F0004121FA04F236
:1006400020EA020000EBD3705EEA430E08BF20EA06
:10065000D37070BD94F0000F0FD101F00046400040
:1006600041EB010111F4801F08BF013CF7D041EAC2
:10067000060195F0000F18BF704703F000465200C6
:1006800043EB030313F4801F08BF013DF7D043EA97
:100690000603704794EA0C0F0CEA135518BF95EA4D
:1006A0000C0F0CD050EA410618BF52EA4306D1D1D4
:1006B00081EA030101F000414FF0000070BD50EAF3
:1006C000410606BF1046194652EA430619D094EA7D
:1006D0000C0F02D150EA013613D195EA0C0F05D167
:1006E00052EA03361CBF104619460AD181EA0301BB
:1006F00001F0004141F0FE4141F470014FF0000073
:1007000070BD41F0FE4141F4780170BD70B54FF00D
:10071000FF0C4CF4E06C1CEA11541DBF1CEA13558D
:1007200094EA0C0F95EA0C0F00F0A7F8A4EB05046F
:1007300081EA030E52EA03354FEA013100F0888066
:100740004FEA03334FF0805545EA131343EA12632F
:100750004FEA022245EA111545EA10654FEA0026E4
:100760000EF000419D4208BF964244F1FD0404F59D
:10077000407402D25B084FEA3202B61A65EB0305F9
:100780005B084FEA32024FF480104FF4002CB6EBB6
:10079000020E75EB030E22BFB61A754640EA0C0036
:1007A0005B084FEA3202B6EB020E75EB030E22BF76
:1007B000B61A754640EA5C005B084FEA3202B6EBB7
:1007C000020E75EB030E22BFB61A754640EA9C0076
:1007D0005B084FEA3202B6EB020E75EB030E22BF46
:1007E000B61A754640EADC0055EA060E18D04FEA04
:1007F000051545EA16754FEA06164FEAC30343EAA4
:1008000052734FEAC2025FEA1C1CC0D111F4801F70
:100810000BD141EA00014FF000004FF0004CB6E769
:1008200011F4801F04BF01430020B4F1FD0C88BF08
:10083000BCF5E06F3FF6AFAEB5EB030C04BFB6EB13
:10084000020C5FEA500C50F1000041EB045170BD06
:100850000EF0004E4EEA113114EB5C04C2BFD4EB33
:100860000C0541EA045170BD41F480114FF0000EB7
:10087000013C90E645EA060E8DE60CEA135594EA33
:100880000C0F08BF95EA0C0F3FF43BAF94EA0C0F36
:100890000AD150EA01347FF434AF95EA0C0F7FF4AB
:1008A00025AF104619462CE795EA0C0F06D152EAFF
:1008B00003353FF4FDAE1046194622E750EA4106E3
:1008C00018BF52EA43067FF4C5AE50EA41047FF4F4
:1008D0000DAF52EA43057FF4EBAE12E74FF0FF3C59
:1008E00006E000BF4FF0010C02E000BF4FF0010C2A
:1008F0004DF804CD4FEA410C7FEA6C5C4FEA430CA3
:1009000018BF7FEA6C5C1BD001B050EA410C0CBFF1
:1009100052EA430C91EA030F02BF90EA020F002053
:10092000704710F1000F91EA030F58BF994208BFBA
:1009300090422CBFD8176FEAE37040F00100704777
:100940004FEA410C7FEA6C5C02D150EA013C07D1CE
:100950004FEA430C7FEA6C5CD6D152EA033CD3D019
:100960005DF8040B704700BF8446104662468C4613
:100970001946634600E000BF01B5FFF7B7FF002846
:1009800048BF10F1000F01BD4DF808EDFFF7F4FF6F
:100990000CBF012000205DF808FB00BF4DF808EDFA
:1009A000FFF7EAFF34BF012000205DF808FB00BF1D
:1009B0004DF808EDFFF7E0FF94BF012000205DF83F
:1009C00008FB00BF4DF808EDFFF7CEFF94BF0120F4
:1009D00000205DF808FB00BF4DF808EDFFF7C4FFED
:1009E00034BF012000205DF808FB00BF4FEA410C36
:1009F0007FEA6C5C02D150EA013C0AD14FEA430C19
:100A00007FEA6C5C02D152EA033C02D14FF0000055
:100A100070474FF0010070474FEA410212F5001293
:100A200015D211D56FF47873B3EB625212D94FEA35
:100A3000C12343F0004343EA505311F0004F23FA1F
:100A400002F018BF404270474FF00000704750EA74
:100A5000013005D111F0004008BF6FF00040704731
:100A60004FF00000704700BF4A0011D212F500128B
:100A700011D20DD56FF47873B3EB62520ED44FEAF6
:100A8000C12343F0004343EA505323FA02F0704776
:100A90004FF00000704750EA013002D14FF0FF30B4
:100AA00070474FF0000070474FEA4102B2F1E04357
:100AB00024BFB3F5001CDCF1FE5C0DD901F0004C45
:100AC0004FEAC0024CEA5070B2F1004F40EB830095
:100AD00008BF20F00100704711F0804F21D113F1C1
:100AE0003872BCBF01F00040704741F480114FEAFA
:100AF0005252C2F11802C2F1200C10FA0CF320FA83
:100B000002F018BF40F001004FEAC1234FEAD3239F
:100B100003FA0CFC40EA0C0023FA02F34FEA430309
:100B2000CCE77FEA625307D150EA01331EBF4FF092
:100B3000FE4040F44000704701F0004040F0FE40AD
:100B400040F40000704700BF80F0004002E000BFAA
:100B500081F0004142001FBF5FEA410392EA030FA8
:100B60007FEA226C7FEA236C6AD04FEA1262D2EBF2
:100B70001363C1BFD218414048404140B8BF5B42F7
:100B8000192B88BF704710F0004F40F4000020F090
:100B90007F4018BF404211F0004F41F4000121F0A6
:100BA0007F4118BF494292EA030F3FD0A2F10102F0
:100BB00041FA03FC10EB0C00C3F1200301FA03F12E
:100BC00000F0004302D5494260EB4000B0F5000F51
:100BD00013D3B0F1807F06D340084FEA310102F110
:100BE0000102FE2A51D2B1F1004F40EBC25008BFC2
:100BF00020F0010040EA03007047490040EB00008C
:100C0000013A28BFB0F5000FEDD2B0FA80FCACF18C
:100C1000080CB2EB0C0200FA0CF0AABF00EBC250B9
:100C200052421843BCBFD0401843704792F0000FA7
:100C300081F4000106BF80F400000132013BB5E7FA
:100C40004FEA41037FEA226C18BF7FEA236C21D070
:100C500092EA030F04D092F0000F08BF08467047D5
:100C600090EA010F1CBF0020704712F07F4F04D1A3
:100C7000400028BF40F00040704712F100723CBFB6
:100C800000F50000704700F0004343F0FE4040F4E0
:100C9000000070477FEA226216BF08467FEA23639E
:100CA0000146420206BF5FEA412390EA010F40F489
:100CB000800070474FF0000304E000BF10F00043D5
:100CC00048BF40425FEA000C08BF704743F09643BC
:100CD00001464FF000001CE050EA010208BF7047D7
:100CE0004FF000030AE000BF50EA010208BF70475E
:100CF00011F0004302D5404261EB41015FEA010C73
:100D000002BF84460146002043F0B64308BFA3F16A
:100D10008053A3F50003BCFA8CF2083AA3EBC2534C
:100D200010DB01FA02FC634400FA02FCC2F120026B
:100D3000BCF1004F20FA02F243EB020008BF20F0A2
:100D40000100704702F1200201FA02FCC2F1200208
:100D500050EA4C0021FA02F243EB020008BF20EAFD
:100D6000DC7070474FF0FF0C1CEAD0521EBF1CEA2B
:100D7000D15392EA0C0F93EA0C0F6FD01A4480EA19
:100D8000010C400218BF5FEA41211ED04FF0006302
:100D900043EA501043EA5111A0FB01310CF000402E
:100DA000B1F5000F3EBF490041EAD3715B0040EA54
:100DB000010062F17F02FD2A1DD8B3F1004F40EB24
:100DC000C25008BF20F00100704790F0000F0CF0F7
:100DD000004C08BF49024CEA502040EA51207F3ABB
:100DE000C2BFD2F1FF0340EAC250704740F4000096
:100DF0004FF00003013A5DDC12F1190FDCBF00F087
:100E000000407047C2F10002410021FA02F1C2F134
:100E1000200200FA02FC5FEA310040F1000053EAD0
:100E20004C0308BF20EADC70704792F0000F00F01E
:100E3000004C02BF400010F4000F013AF9D040EA24
:100E40000C0093F0000F01F0004C02BF490011F4B8
:100E5000000F013BF9D041EA0C018FE70CEAD153B6
:100E600092EA0C0F18BF93EA0C0F0AD030F0004C36
:100E700018BF31F0004CD8D180EA010000F00040EA
:100E8000704790F0000F17BF90F0004F084691F0A8
:100E9000000F91F0004F14D092EA0C0F01D14202E2
:100EA0000FD193EA0C0F03D14B0218BF084608D1AB
:100EB00080EA010000F0004040F0FE4040F40000F5
:100EC000704740F0FE4040F4400070474FF0FF0C88
:100ED0001CEAD0521EBF1CEAD15392EA0C0F93EACF
:100EE0000C0F69D0A2EB030280EA010C49024FEA21
:100EF000402037D04FF0805343EA111143EA1013DA
:100F00000CF000408B4238BF5B0042F17D024FF491
:100F1000000C8B4224BF5B1A40EA0C00B3EB510F6C
:100F200024BFA3EB510340EA5C00B3EB910F24BF55
:100F3000A3EB910340EA9C00B3EBD10F24BFA3EBDA
:100F4000D10340EADC001B0118BF5FEA1C1CE0D1A2
:100F5000FD2A3FF650AF8B4240EBC25008BF20F055
:100F6000010070470CF0004C4CEA50207F32C2BFA9
:100F7000D2F1FF0340EAC250704740F400004FF046
:100F80000003013A37E792F0000F00F0004C02BF77
:100F9000400010F4000F013AF9D040EA0C0093F041
:100FA000000F01F0004C02BF490011F4000F013B9B
:100FB000F9D041EA0C0195E70CEAD15392EA0C0F03
:100FC00008D142027FF47DAF93EA0C0F7FF470AF3B
:100FD000084676E793EA0C0F04D14B023FF44CAF7E
:100FE00008466EE730F0004C18BF31F0004CCAD113
:100FF00030F000427FF45CAF31F000437FF43CAF4F
:101000005FE700BF4FF0FF3C06E000BF4FF0010C70
:1010100002E000BF4FF0010C4DF804CD4FEA400252
:101020004FEA41037FEA226C18BF7FEA236C11D09C
:1010300001B052EA530C18BF90EA010F58BFB2EB4F
:10104000030088BFC81738BF6FEAE17018BF40F0CF
:10105000010070477FEA226C02D15FEA402C05D183
:101060007FEA236CE4D15FEA412CE1D05DF8040B08
:10107000704700BF844608466146FFE70FB5FFF79B
:10108000C9FF002848BF10F1000F0FBD4DF808ED53
:10109000FFF7F4FF0CBF012000205DF808FB00BF44
:1010A0004DF808EDFFF7EAFF34BF012000205DF89E
:1010B00008FB00BF4DF808EDFFF7E0FF94BF0120EB
:1010C00000205DF808FB00BF4DF808EDFFF7D2FFE8
:1010D00094BF012000205DF808FB00BF4DF808ED2B
:1010E000FFF7C8FF34BF012000205DF808FB00BFF8
:1010F0004FEA40024FEA41037FEA226C02D15FEAE5
:10110000402C08D17FEA236C02D15FEA412C02D146
:101110004FF0000070474FF0010070474FEA400267
:10112000B2F1FE4F0FD34FF09E03B3EB12620DD915
:101130004FEA002343F0004310F0004F23FA02F07F
:1011400018BF404270474FF00000704712F1610F26
:1011500001D1420205D110F0004008BF6FF00040FD
:1011600070474FF00000704742000ED2B2F1FE4FC0
:101170000BD34FF09E03B3EB126209D44FEA002366
:1011800043F0004323FA02F070474FF0000070472D
:1011900012F1610F01D1420202D14FF0FF307047CE
:1011A0004FF00000704700BF53B94AB9002908BF8B
:1011B00000281CBF4FF0FF314FF0FF3000F00CB89B
:1011C000ADF1080C6DE904CE1CF082FDDDF804E001
:1011D000DDE9022304B07047704700BF10F8012B0F
:1011E00011F8013B012A28BF9A42F7D0D01A704764
:1011F000034613F8012B002AFBD1181A0138704757
:1012000001F0FF01102A2BDB10F0070F08D010F8B7
:10121000013B013A8B422DD010F0070F42B3F6D1BB
:10122000F0B441EA012141EA014122F007047FF0D4
:1012300000070023F0E80256083C85EA010586EA2B
:10124000010685FA47F5A3FA87F586FA47F6A5FA67
:1012500087F68EB9EED1F0BC01F0FF0102F0070273
:1012600032B110F8013B013A83EA010313B1F8D11E
:101270000020704701387047002D06BF35460338FF
:10128000073815F0010F07D1013015F4807F02BF38
:10129000013015F4C03F0130F0BC0138704700BF89
:1012A00010B5054C237833B9044B13B10448AFF3A0
:1012B00000800123237010BDD80100200000000031
:1012C000241C020808B5034B1BB103490348AFF3C4
:1012D000008008BD00000000DC010020241C020882
:1012E00000B59BB04422002109A81FF0C8FC1822B9
:1012F000002102A81FF0C3FC144A136823F4C06342
:1013000043F400731360136803F4C0630193019BFB
:101310002023089301210023B02208A8CDE910134F
:10132000CDE9122301F080FF00B1FEE74F23CDE9A4
:101330000230CDE90400CDE90600022102A802F046
:101340000FFA00B1FEE71BB05DF804FB0004005883
:101350007047000038B5104C237805460BB90120C2
:1013600038BD01F051FF22784FF47A73B3FBF2F3EA
:10137000B0FBF3F000F0C8FC04460028EFD10F2DBD
:10138000EDD8024629464FF0FF3000F06BFC034BCE
:1013900020461D60E4E700BF00000020040000209C
:1013A00010B5032000F04CFC01F02EFF064B186036
:1013B0000020FFF7CFFF044618B9FFF7C9FF20460A
:1013C00010BD0124FBE700BF40000020034A044B8E
:1013D00011681B780B441360704700BFF4010020B4
:1013E00000000020014B1868704700BFF401002086
:1013F0008068C0F380007047F7B50023019304466E
:10140000002800F0E980856D25B904F0EFFAE56564
:1014100084F8545023689A68D00040F1A1809A68FB
:10142000D10000F1B480A26D42F01002A265E26D1D
:1014300042F00102E26501251846FFF7D9FFA26DCF
:1014400002F01002024340F0C980A26D206922F42C
:10145000817242F00202A2659A68D2075DD4226BC3
:10146000A67E94F82CC0003A18BF01221703D4E9D5
:1014700002120A43217E42EA8132617E42EAC1328F
:1014800042EA4632002842EA4C02B4BF20F0004152
:101490004FF400113A430A4394F82010012903D174
:1014A000002E76D142F48032616A21B1A66A01F43D
:1014B000E07131430A43D968E66C21F4FE3121F42E
:1014C000FF711143D96094F83C206168012A01F052
:1014D000404C4CEA060609D1D4E910273A4332437E
:1014E000A66C324342EA0C0242F001061F693E4AF2
:1014F0003A4032431A6121F00042B2F1804F0CD0E1
:10150000B1F1004F09D0394ED6F8082701F4701117
:1015100022F470120A43C6F808275A69666BA16B59
:1015200022F0070232435A615A6922F0700242EAFD
:1015300001125A61002835D19A6A62F00F029A624C
:101540005B6903F007039E423CD10023E365A36D72
:1015500023F0030343F00103A365284603B0F0BD65
:101560009A68234922F0104222F0170242F080527A
:101570009A60204A1268B2FBF1F2013252000192E5
:10158000019A002A3FF44BAF019A013AF7E7002590
:1015900052E7A16D41F02001A165E16D41F001012B
:1015A000E16581E7B0F5001FCAD19A6AE269013AA4
:1015B00092006FF00F0102F01C0201FA02F2216E9C
:1015C0000A43BCE7A36D23F0120343F01003A365A5
:1015D000E36D43F00103E3650125BEE7A36D43F02E
:1015E0001003A365F8E700BF02FCFF1F00200140C5
:1015F000400D030040000020F8B54569082D044661
:101600000E460AD00368DB68D80705D5A36D43F002
:101610002003A3650120F8BD0425FFF7E3FE07467C
:1016200023681A682A4220D0A26D42F40072A26593
:10163000DA6812F4406F14D1A27E92B91A681207C8
:101640000FD51846FFF7D4FE20BB5A6822F00C02D3
:101650005A60A26D22F4807222F0010242F001026F
:10166000A265227EFAB10020D5E7711CD9D0FFF720
:10167000B9FEC01BB04201D8002ED1D123681B682F
:101680002B40CDD1A26D84F8543042F00402A26503
:101690000320C0E7A26D42F02002A265E26D42F095
:1016A0000102E265DDE70C221A60DCE70368186CD2
:1016B00070470000F7B50023019390F85430012BD8
:1016C000044600F0C08005680269012380F85430A8
:1016D0002846FFF78DFE002840F0AF8048680B6871
:1016E000022822F004027ED0B2F1004FC3F3110EA3
:1016F00035D1AA6A42EA0E02AA628A68686902EAD9
:10170000032222F07C4222F0FF0220EA03210A4356
:10171000002B6A611DDA4D4A4D4DD2F80817AB42D5
:1017200001F0E07043D10D0213D4D2F8083723F052
:10173000E073034343F40003C2F80837454B1A68CB
:10174000454BB2FBF3F20C2302FB03330193019BE5
:1017500053BB0020002384F8543003B0F0BD226E48
:1017600000F01F074FF00F0C0CFA07FC6FEA0C0695
:1017700022EA0C0CBEF1000F11D1C3F38462BA400F
:1017800042EA0C0222668008E26901309042B4D835
:10179000A86AC3F38362BA4006403243ACE793FAC7
:1017A000A3F2B2FA82F2EAE7019B013BCEE72B4DAE
:1017B000AB420BD1C901CCD4D2F8083723F0E07387
:1017C000034343F08073C2F80837C2E7244DAB42AD
:1017D000BFD14B02BDD4D2F8083723F0E0730343E6
:1017E00043F48003EFE7B2F1004F01BFAA6AC3F3ED
:1017F00011018A43AA62002BABDA154813498342D0
:10180000D1F8082709D1D1F8083702F0A07223F0E7
:10181000E0731A43C1F808279BE71048834204D1BC
:10182000D1F8083702F44002F1E70D48834290D125
:10183000D1F8083702F0C072E9E7A26D42F0200249
:10184000A265184686E7022087E700BF0020014016
:10185000001000B040000020400D0300004000B820
:10186000002000B4806D7047026838B50446104609
:10187000FFF7BEFD08B9002038BD9368990707D46B
:10188000936823F0004323F0170343F010039360A1
:10189000FFF7A8FD054623689B685B07EBD5FFF7BC
:1018A000A1FD401B0228F6D923689B685A07F2D590
:1018B000A36D43F01003A365E36D43F00103E365FB
:1018C0000120D9E773B50023026801939368DD070F
:1018D000044602D5002002B070BD9168214B194228
:1018E00009D0A36D43F01003A365E36D43F001033A
:1018F000E3650120EFE7936823F0004323F017032B
:1019000043F001039360184BD3F8083718021CD436
:10191000637E012BDED0FFF765FD144E054622687D
:101920001368DB07D6D49368D9075FBF9368334049
:1019300043F001039360FFF755FD401B0228EED9E9
:1019400023681B68DA07EAD4CBE7094B094A1B680E
:10195000B3FBF2F301330193019B002BD8D0019B21
:10196000013BF8E71700008000200140E8FFFF7FFF
:1019700040000020400D030038B504460068FFF722
:1019800037FD054620BB94F85430012B20D00123AD
:1019900084F854302046FFF795FFB0B9A36D226854
:1019A00023F4706323F0010343F48073A3651C23C5
:1019B000E065136084F85400936823F0004323F03B
:1019C000170343F00403936038BD84F85450FBE7D9
:1019D0000220F9E738B503689A680446900704D4F2
:1019E0009A68D10703D4002038BD9B68FBE79A684A
:1019F00002F00502012A19D19A6822F0004222F071
:101A0000170242F002029A6003221A60FFF7EAFC12
:101A1000054623689B68DB07E5D5FFF7E3FC401B21
:101A20000228F6D923689B68DA07F2D5A36D43F044
:101A30001003A365E36D43F00103E3650120D3E7E1
:101A400070B5044600284BD0836D43F002038365D4
:101A5000FFF70AFF054668B92046FFF7BBFF0546BA
:101A600008B90123A3652268936823F0104323F08B
:101A70001703936023685A6822F4677222F0030206
:101A80005A6040F29F321A60D968164A0A40DA60FA
:101A90005A6922F007025A6100269A6A9E621A6AFF
:101AA00002F0F0221A625A6A02F0F0225A62DA6AEE
:101AB00002F0F022DA621A6922F040421A610A4A00
:101AC000D2F8083723F0FE73C2F80837204603F037
:101AD000ADFFE6652666A66584F85460284670BDAD
:101AE0000125FBE700023E830020014010B590F87D
:101AF0005430012B044615D0012380F85430FFF7F1
:101B0000B3FE58B92046FFF765FF38B9A36D23F43B
:101B1000807323F0010343F00103A365002384F8DD
:101B2000543010BD0220FCE7F7B50023019390F874
:101B30005430012B04467FD0012380F85430FFF746
:101B400049FF23689A6812F00102054607D0A36D89
:101B500043F01003A365002384F854302DE0A16DF9
:101B6000364F21F4817141F00201A165DE68D96828
:101B700026F4FF4626F07C0621F40041360421F0CD
:101B80000301360CD96008209968394041F00041C2
:101B900099609968002913DA01990131019101993D
:101BA000B1F52E3FF5D3A36D23F0120343F01003DC
:101BB000A365002384F854300125284603B0F0BD06
:101BC000D3F8B410013801F07F010A44DCD19968E0
:101BD0001A48014041F001019960D3F8B41021F096
:101BE0007F0141EAD202C3F8B4209A68024042F071
:101BF00002029A60FFF7F6FB074623689A68D2074D
:101C000008D4DA683243DA60A36D23F0030343F0AB
:101C100001039FE7FFF7E6FBC01B0228EDD923680D
:101C20009B68D907E9D5A36D43F01003A365E36D65
:101C300043F00103E365BFE70225BEE7E8FFFF7F4E
:101C40000749CA6822F4E0620302120403F4E06365
:101C5000120C134343F0BF6343F40033CB6070476F
:101C600000ED00E0164B30B5DC68C4F30224C4F18B
:101C70000703251D042B28BF0423062D4FF0FF3535
:101C80008CBF033C002405FA03F321EA0303A540BB
:101C900022EA0502A340002843EA0203ACBF00F198
:101CA0006040084A4FEA0313B8BF00F00F00DBB2F0
:101CB000AABF00F56140135480F8003330BD00BF67
:101CC00000ED00E014ED00E0002807DB044A4109C4
:101CD000012300F01F00834042F82130704700BF0D
:101CE00000E100E000280CDB4309064900F01F007A
:101CF00020330122824041F82320BFF34F8FBFF3EE
:101D00006F8F704700E100E00138B0F1807F0BD2A7
:101D10004FF0E023054A5861F02182F8231000209B
:101D2000072298611A6170470120704700ED00E0BA
:101D30000028A1BF43094033054A52F82330A3BF0E
:101D400000F01F0023FA00F000F0010000207047AF
:101D500000E100E0002808DB4309044900F01F000F
:101D600001226033824041F82320704700E100E007
:101D7000704708B5FFF7FCFF08BD704710B5044673
:101D800008B9012010BD437F03F0FF0213B90277A9
:101D9000FFF7F3FF022363772379E3B92368134A3C
:101DA0005A619A6822F018029A6062792368D2B95F
:101DB0004FF0FF321A619A68616922F060020A43AB
:101DC0009A609A68A16922F080020A439A6001230E
:101DD00063770020D6E7D4E90212204600F008F825
:101DE0000028E2D0CDE72269E4E700BFB71DC104B7
:101DF000CB0710B50CD51F23013B1CD321FA03F4EC
:101E0000E407F9D5102A12D004D83AB1082A10D024
:101E100001200BE0182AFBD1062BF9D8006841619C
:101E2000836823F0180313438360002010BD072B41
:101E3000F3E70F2BF1E7102AEAD0E9D8002AE7D11F
:101E4000ECE710B5044640B10223037103F0A0FD96
:101E5000002020616071207110BD0120FCE710B5E9
:101E600004680122236801F0100102FA01F123EA5B
:101E7000010323600271002010BD034640B190F8B9
:101E80002520022A06D00422C263002280F82420E2
:101E9000012070470268806C116821F00E0111600A
:101EA000016821F480710160116821F00101116065
:101EB000D3E9100202F01C0101228A404260D3E9FA
:101EC000132151605A6D32B1116821F48071116093
:101ED000D3E9162151600122002083F8252083F8E0
:101EE0002400704708B590F82530022B03D0042356
:101EF000C363012008BD03681A6822F00E021A604D
:101F00001A6822F001021A60826C136823F480734D
:101F10001360D0E9101303F01C02012393404B60BF
:101F2000D0E913325A60436D33B11A6822F48072DB
:101F30001A60D0E916325A60012380F82530002358
:101F400080F82430836B03B198470020D2E790F8E3
:101F5000250070470A4A536943F4802330B5536122
:101F6000EFF3108472B60023CD58C5500433B3F597
:101F7000807FF9D11369DB03FCD484F3108830BD72
:101F800000400058064B5A69002ABFBF054A9A60B4
:101F900002F188329A60BABF5869C00F00207047BA
:101FA0000040005823016745044B5A6942F0004243
:101FB0005A615869C043C00F704700BF00400058C5
:101FC00070B50546FFF70EFA124E04463369D90381
:101FD00013D43369DA0744BF012232614CF2FA327A
:101FE000134011D10B4E306910F480200BD0FFF755
:101FF000F9F9001BA842F6D304E0FFF7F3F9001B40
:10200000A842E3D3032070BD024A1361024A0120B3
:102010005360F8E700400058F80100202DE9F04136
:10202000184D98462B78012B06460C46174626D0AD
:1020300001232B704FF47A7000236B60FFF7C0FF11
:10204000A0B9012E16D1104A536943F00103536120
:102050002760BFF36F8FC4F804804FF47A70FFF7E6
:10206000AFFF094A536923EA0603536100232B702B
:10207000BDE8F08139462046FFF76CFFEDE702200E
:10208000F6E700BFF801002000400058054A5369F8
:1020900023F47E7343EAC00040F4803040F0020035
:1020A00050617047004000582DE9F041234F3B78C4
:1020B000012B054688463FD001233B704FF47A70D0
:1020C00000237B60FFF77CFF044688B92B68042B54
:1020D00013D11B4A536943F4803343F00403536123
:1020E0004FF47A70FFF76CFF0446154B1A681B68B3
:1020F00000233B702046BDE8F0814FF0FF33C8F865
:1021000000306E68D5E901321344B3420AD9304633
:10211000FFF7BCFF4FF47A70FFF752FF50B1C8F8D9
:1021200000600446064A536923F47E7323F00203D9
:102130005361DAE70136E5E70224DBE7F801002026
:10214000004000582DE9F04F564C00234FF00F0887
:102150000A6832FA03F501D1BDE8F08F012505FACE
:1021600003F919EA020275D04E68032706F0030549
:102170004FEA430E07FA0EFC6F1E012F6FEA0C0C9C
:102180006AD8876807EA0C0ACF6807FA0EF747EAA9
:102190000A078760476827EA0909C6F300179F40C6
:1021A00047EA09074760C76807EA0C098F6807FA1A
:1021B0000EF747EA0907022DC76059D0076805FAEC
:1021C0000EF507EA0C073D4316F4403F056041D089
:1021D00023F0030707F1804707F5803703F0030C6E
:1021E000BD684FEA8C0C4FF0070E0EFA0CFEB0F1F2
:1021F000904F25EA0E0E51D02B4DA84250D005F538
:102200008065A84214BF0725022505FA0CF545EAAA
:102210000E05BD602568D74316F4801F0CBF3D40F6
:1022200015432560656816F4001F0CBF3D4015433B
:102230006560D4F8805016F4803F0CBF3D401543D4
:10224000C4F88050D4F88450B60354BF3D401543C1
:10225000C4F8845001337BE7032DAFD0C76807EA89
:102260000C098F6807FA0EF747EA0907C760A5E768
:102270004FEAD30900EB890903F0070AD9F8207067
:102280004FEA8A0A08FA0AFB27EA0B0B0F6907FADA
:102290000AF747EA0B07C9F820708FE70025B4E773
:1022A0000125B2E70008005800040048044AD1683C
:1022B000014208B502D0D06003F02CFE08BD00BF7B
:1022C0000008005803689A69910744BF00229A6287
:1022D0009A69D2075EBF9A6942F001029A6170471B
:1022E00030B5039D04682B4343EA0243064A606805
:1022F000C1F309010B4342EA555223F0004320EA9F
:1023000002000343636030BDFF63FF0370B5426B9F
:102310001F4CA2420BB201F0010501F002041DD0D6
:102320001C4EB2421AD01C4EB24217D0002BACBF8A
:102330000023B8230DB143F0F2030CB143F0F403D2
:10234000102902D143F0900303E0202901D143F08A
:10235000200301680A6813430B6070BD002BACBFFB
:102360000023B8230DB143F0F2030CB143F0F403A2
:102370001029E7D0202902D143F06003E9E7064C99
:10238000A242E6D0402908BF43F04003E1E700BF86
:10239000B92A0008B12D00089529000811F00103A1
:1023A00007D090F8413003F02803282B14BFF22304
:1023B00042238A0709D590F8412002F02802282AF2
:1023C0000CBF43F0440343F0F4030A0401680A68B5
:1023D00048BF43F0B80322EA03030B60704770471D
:1023E00010B5044698B10268242380F84130136880
:1023F00023F001031360FFF7F2FF0020606484F80C
:10240000400084F84100206384F8420010BD0120A0
:10241000FCE70000F8B51F4690F8413003F02803B0
:10242000282B04460E46154601D00120F8BD01B107
:102430001AB94FF400736364F7E748F20101FFF73C
:10244000ADFF90F84030012B40D0012380F84030A0
:1024500090F841302A2B14D10221FFF79FFF036827
:102460001A6810040DD51A68E06B22F400421A6055
:1024700038B1174B8363FFF735FD10B1E06B836B09
:102480009847292384F8413020682023002284F8CB
:1024900042306264436823F4004343606585638D82
:1024A0002385E7620B4B6363836981696662C903B5
:1024B00003D51B0744BF0823C361204684F840208E
:1024C00048F20101FFF722FF0020AFE70220ADE74D
:1024D000B92F0008A72E0008F8B51F4690F8413024
:1024E00003F02803282B04460E46154601D0012090
:1024F000F8BD01B11AB94FF400736364F7E748F20D
:102500000201FFF74BFF90F84030012B3FD090F8CD
:1025100041300121292B80F8401013D1FFF73EFFF5
:1025200003681A6850040DD51A68A06B22F4804223
:102530001A6038B1174B8363FFF7D4FC10B1A06B5E
:10254000836B98472A2384F8413020682023002297
:1025500084F842306264436823F400434360658535
:10256000638D2385E7620C4B6363836981696662CF
:10257000C90303D41B0744BF0823C361204684F862
:10258000402048F20201FFF7C1FE0020B0E7022020
:10259000AEE700BFB92F0008A72E000808B590F8D5
:1025A0004120202A0AD1282280F84120044A42638F
:1025B0004FF40041FFF7AAFE002008BD0220FCE70F
:1025C000A72E00080268436B9169126803B118478F
:1025D00070477047704738B5002580F8425090F832
:1025E0004130212B4FF0200380F841300AD11123D4
:1025F000036345630121FFF7D1FE80F84050FFF7E8
:10260000E8FF38BD1223036345630221FFF7C6FECE
:1026100080F84050FFF7DEFFF3E708B503681A685B
:10262000002180F84210510415D51A6822F4804226
:102630001A6090F84130292B13D1282380F84130BB
:10264000212303630121FFF7A9FE002380F8403016
:102650000CF026FD08BD1204EBD51A6822F40042E6
:10266000E6E790F841302A2BF4D1282380F8413056
:10267000222303630221FFF791FE002380F84030FC
:102680000CF0FBFCE6E790F8412002F02802282A33
:10269000F8B5036834D19E69C2689D699968DF689E
:1026A0002D0C022AC6F3004605F0FE051FD185EA6F
:1026B000D11515F00605C1F309020ED1816C013167
:1026C0008164816C022907D108218564D96180F871
:1026D000405031460CF084FCF8BD4FF40041FFF748
:1026E0005DFE002380F8403007F0FE02F1E74FF472
:1026F0000041FFF753FE002380F840302A46E8E708
:102700000822DA61002380F84030E5E708B5164B6F
:10271000C362202200230363436380F8412080F8D2
:1027200042304B0712D503685A6A436A1A70436AEB
:1027300001334362038D4BB1013B0385438D013B64
:102740009BB24385436C43F00403436448F20301A6
:10275000FFF724FE03681022DA61002380F840307E
:102760000CF076FC08BD00BF0000FFFF704770470B
:10277000704790F84120602A08B54FF0000208D158
:10278000202180F8411080F840200263FFF7F0FF1D
:1027900008BD026380F840200CF086FCF8E70000DA
:1027A00070B500223D4D90F8413080F84220C5625E
:1027B0004285426C283B0A43022B044642642AD8D5
:1027C0000321FFF7EBFD282380F84130344BA06B49
:1027D0006363236B002841D0112B01D0212B3DD105
:1027E00023681A68510442BF1A6822F480421A60B2
:1027F000FFF7ADFB01282CD0A06B2A4B836300238D
:1028000084F84030FFF76EFB002845D0A06B836B47
:10281000BDE87040184748F20301FFF7BFFDFFF71E
:1028200051FD90F84130602B11D0202380F84130C9
:1028300003689A6995060AD59A69D00605D51022CB
:10284000DA61626C42F0040262642022DA610023E1
:10285000BDE72046BDE87040FFF78BBFE06B002866
:10286000F7D0122B01D0222BF3D123681A6812045F
:1028700042BF1A6822F400421A60FFF768FB012881
:10288000E7D0E06B074B8363002384F84030FFF709
:1028900029FB08B1E06BBAE770BD00BF0000FFFF85
:1028A000A72E0008B92F000873B505682023EB6137
:1028B00090F84130212B04460E4635D10121FFF717
:1028C0006DFD112323636B6823F0FF7323F48B33B7
:1028D00023F4FF7323F001036B6000236363F206AC
:1028E000A3F58033E36205D51023EB61636C43F0FD
:1028F0000403636494F84130602B05D1730741BF32
:102900006B6ADBB20193019B2046FFF7DBFC636C33
:1029100094F84120602A00D07BB1616C204602B05F
:10292000BDE87040FFF73CBF90F84130222BCAD180
:102930000221FFF733FD1223C4E794F84120212A36
:1029400012D1202284F84120236394F8422084F895
:102950004030402A84F8423003D1FFF707FF02B02D
:1029600070BDFFF736FEFAE794F84120222AF6D12F
:10297000202284F84120236394F8422084F84030D8
:10298000402A84F8423002D1FFF7F1FEE7E7FFF773
:1029900021FEE4E713B590F84030012B044600F027
:1029A0008580012380F84030CB0612D5D30610D5A0
:1029B00003681022DA61436C43F00403436420216E
:1029C000FFF7A4FCFFF77EFC002084F8400002B073
:1029D00010BD880708D5930706D52368226D9A6233
:1029E0004FF0FF332365EFE7080633D5530631D5A3
:1029F00010212046FFF78AFC638D9BB233B3638DB1
:102A00009BB2FF2B18D90023FF22E16C2285009393
:102A10004FF0807389B2FFF763FC638D228D9B1AA0
:102A20009BB2638594F841202368222A1A6832D128
:102A300042F400421A60C7E7628DE16C92B2002353
:102A400022850093D2B24FF00073E3E74021FFF7F5
:102A5000A7FEB9E7480621D553061FD594F84110C3
:102A6000134A144B222918BF1346628D92B2FF2AD3
:102A700008D9FF22E16C228500934FF0807389B260
:102A80002046C8E7628DE16C92B222850093D2B2F3
:102A90004FF00073F3E742F48042CBE7880693D50A
:102AA000930691D52046FFF7FFFE8DE702208EE7C3
:102AB000002000800024008073B590F84030012B86
:102AC000044678D0012380F84030CB0612D5D606D4
:102AD00010D503681022DA61436C43F004034364A9
:102AE0002021FFF713FCFFF7EDFB002084F84000E6
:102AF00002B070BD0D0641D550063FD525682B6844
:102B000023F040032B60638D9BB25BB36968638DD8
:102B10009BB2FF2BC1F309011AD9FF2323854FF084
:102B200080730022268D009294F828202046FFF71B
:102B3000D7FB638D9B1B9BB2638594F84130222B9E
:102B40002B680CBF43F4004343F480432B60CCE775
:102B5000638D2385E36A13F5803F14BFE36A4FF06A
:102B60000073DEE76B689A0103D42046FFF733FD5C
:102B7000BBE740212046FFF713FEB6E74B0612D510
:102B8000560610D5638D9BB2002BF2D123685A688C
:102B90009501AAD4E26A12F5803FE6D15A6842F460
:102BA00080425A60A1E788069FD593069DD52046AE
:102BB000FFF77AFE99E702209AE7036899691A6895
:102BC00010B4CC0508D5140606D5446C44F00104B5
:102BD00044644FF48074DC614C0508D5140606D5B6
:102BE000446C44F0080444644FF48064DC6189055B
:102BF00008D5120606D5426C42F0020242644FF438
:102C00000072DA61416C11F00B0F02D010BCFFF7BB
:102C1000C7BD10BC704700002DE9F8430568D5F822
:102C20000090D0F82C8090F8417007F0F70720232F
:102C3000212F04460E46EB6164D148F20101FFF7F3
:102C4000ADFB27636B6843F400436B606B6823F054
:102C5000FF7323F48B3323F4FF7323F001036B60C2
:102C60002046FFF72FFB19F4804F50D02B6823F438
:102C700080432B60A36B1BB11B685B689BB26385B1
:102C800072070FD5636A6A6A1A70636A01336362F6
:102C9000238D2BB1013B2385638D013B9BB2638563
:102CA00026F00406638D9BB21BB1636C43F00403F2
:102CB0006364F30611D519F0100F0ED0638D9BB22B
:102CC000002B3ED194F84130282B29D1B8F1007F58
:102CD00026D131462046FFF719FD002384F8423003
:102CE000656C6363002D3BD0616C2046FFF758FD97
:102CF00094F84130282B45D131462046BDE8F843B1
:102D0000FFF704BD222F9DD148F2020197E719F485
:102D1000004FB5D02B6823F400432B60E36BAAE788
:102D200094F841202368292A4FF01002DA61D4D1A7
:102D300018F5803FD1D02046FFF7C4FAFFF76DFCAD
:102D4000CBE723681022DA61636C43F00403636409
:102D500038F08073C1D1616C2046FFF721FDBCE7DC
:102D6000E36A13F5803F0FD02046FFF756FC0F4B68
:102D7000E362202384F8413084F8405025632046E4
:102D80000CF066F9BDE8F88394F8413084F84050BF
:102D9000222B4FF0200384F841302046256302D1D6
:102DA0000CF06BF9EEE70CF07BF9EBE70000FFFFAE
:102DB00070B590F84060C56A012E04460B4670D08D
:102DC000012680F840608E0607D5960605D5FFF7E8
:102DD00023FF002084F8400070BDD80659D5D106E5
:102DE00057D512F4404F50D0D4E90E10E0B921B1BC
:102DF000520402D50A6852680AB323681022DA61C5
:102E0000636C43F00403636494F8413035F08072DE
:102E1000DBB2DED1213B092B30D8DFE803F02D34C3
:102E20002F2F2F2F2F2F2D341604E0D50068406848
:102E30000028DCD119B1500444BF0A68526894F8E4
:102E40004120282A07D1B5F1007F04D11946204638
:102E5000FFF75CFCBDE794F841202368292A4FF076
:102E60001002DA61B5D115F5803FB2D02046FFF7E8
:102E700029FAFFF7D2FBACE721232363616C2046DC
:102E8000FFF78EFCA5E72223F7E723681022DA611B
:102E90009FE719079DD513079BD52046FFF7F3FB46
:102EA00097E7022098E770B590F84060C56A012E58
:102EB00004460B467ED0012680F840608E0607D57A
:102EC000960605D5FFF7A8FE002084F8400070BDE7
:102ED000D90630D5D6062ED5628D92B2E2B994F8D5
:102EE0004120282A07D1B5F1007F04D11946204698
:102EF000FFF70CFCE8E794F841202368292A4FF0FB
:102F00001002DA61E0D115F5803FDDD02046FFF7F1
:102F1000D9F9FFF782FBD7E723681022DA61636CE7
:102F200043F00403636435F08073CDD1616C2046B7
:102F3000FFF736FCC8E758071BD5510719D5638D35
:102F40009BB26BB123685A6A636A1A70636A013371
:102F50006362238D013B2385638D013B9BB26385B7
:102F6000638D9BB2002BAFD115F5803FACD02046CE
:102F7000CFE71E0705D5100703D52046FFF783FBD3
:102F8000A2E79907A0D593079ED5638D9BB26BB13D
:102F9000636A226813F8011B91626362638D013BCF
:102FA0009BB26385238D013B23858DE735F08073CC
:102FB0008AD1DCE702208AE7806A836B0BB10022AA
:102FC0009A63C36B0BB100229A63FFF7D2BB000078
:102FD000024A136843F4807313607047000400587A
:102FE000024B186800F4C060704700BF000400582E
:102FF000024A936823F4004393607047000400582A
:10300000054A136843F007031360044A136943F049
:103010000403136130BF70470004005800ED00E066
:103020004FF0B0431868C0F3404070474FF0B043D2
:103030001868C0F3400070474FF0B042536823F463
:103040007F4343EA0023536070474FF0B043186852
:10305000C0F34060704700007FB54FF0B0432C4A8A
:10306000D3F80831C0F3031003F00F0352F82040E7
:10307000284A52F82330B4FBF3F4FFF7B1FF264B94
:10308000054693E80700B5F5007F04AB03E90700A8
:1030900010D0224B9C4218D303F5B70303F67F539D
:1030A0009C4229D903F5741303F510639C4225D87B
:1030B00002230BE01A4B9C4207D91A4B9C421BD9A6
:1030C00003F5370303F5D853F0E7002304AA02EB16
:1030D000830353F80C4C144D2B6823F00703234350
:1030E0002B60FEF77FF906462B6803F007039C422E
:1030F00006D1002004B070BD0123E7E70024EAE711
:10310000FEF770F9801B0228EED90320F2E700BF1A
:1031100068230208C8230208401C0208C0CF6A00C6
:10312000BFEA21013F933402004000584FF0B04302
:1031300010B59A68D96812F00C0205D00C2A4AD151
:1031400001F00303012B51D14FF0B0412B480B6824
:1031500013F0080306D00B6813F0080337D1D1F839
:10316000941007E00C68240756BFD1F89430096822
:10317000C3F3032350F82330002A0CBF1846002065
:103180004FF0B0418A6802F00C020C2A1ED1CA68C6
:1031900002F00302022A2ED0032A06D10B68184A35
:1031A00013F4801F174B18BF13464FF0B042D0687E
:1031B000D168D268C0F306205843C1F3021301332B
:1031C000B0FBF3F0530F0133B0FBF3F010BD0B680D
:1031D000C3F30313CEE7042A05D0082A06D11B68DF
:1031E00013F4801305D006480023C9E700231846CE
:1031F000C6E70448C4E7024BD7E700BF68230208CC
:103200000024F4000048E80108B5FFF78FFF4FF0F5
:10321000B043044A9B68C3F3031352F82330B0FB56
:10322000F3F008BDC82302082DE9F0410446002848
:1032300053D04FF0B0439D68DE680368990605F0EF
:103240000C0506F0030668D5026A1DB10C2D46D1A7
:10325000012E44D1002A40D04FF0B043A16A1A6831
:10326000120756BFD3F894301B681B0903F0F00314
:1032700099421FD90846FFF7EFFE00282DD14FF0E5
:10328000B042136843F0080313601368A16A23F087
:10329000F0030B431360606AFFF7CEFEFFF7B4FF45
:1032A000AC4B1860AC4B1868FEF754F8002834D0CB
:1032B000BDE8F0814FF0B042136843F0080313609B
:1032C000136823F0F0030B431360606AFFF7B4FE4A
:1032D0000846FFF7C1FE0028E0D00120E8E74FF0E4
:1032E000B043002A54D01A6842F001021A60FEF777
:1032F00079F80746FFF79AFE002842D04FF0B04217
:10330000136843F0080313601368A16A23F0F00305
:103310000B431360606AFFF78FFE2368DF0748D412
:103320002368980700F1A18023681E0740F1FC8004
:10333000A3694FF0B046002B00F0E380D6F894303C
:10334000E16903F01002914200F0C68003F003022D
:10335000022AC2D0D80740F1B580D6F8943023F0C5
:103360000103C6F89430FEF73DF80746D6F89430CE
:10337000990740F1A780FEF735F8C31B112BF5D94B
:1033800004E0FEF72FF8C01B0228B3D903208FE713
:103390001A6822F001021A60FEF724F80746FFF7C8
:1033A00045FE0028B9D0FEF71DF8C01B0228F6D94B
:1033B000ECE7082D626803D00C2D1AD1032E18D12A
:1033C000002A8AD09907AFD523694FF0B046002B69
:1033D00067D0336843F480733360FEF703F8074621
:1033E00033685A0555D4FDF7FDFFC31B022BF7D9EF
:1033F000CCE74FF0B043A068196821F48011014375
:10340000B2F5803F196010D11A6842F480321A6018
:10341000FDF7E8FF0746FFF703FE002880D1FDF720
:10342000E1FFC01B6428F6D9B0E7B2F5041F04D150
:103430001A6842F400121A60E6E7196821F4803134
:103440001960196821F400111960002AE0D1FDF714
:10345000C9FF0746FFF7E4FD00283FF461AFFDF721
:10346000C1FFC01B6428F5D990E7042D03D00C2DB3
:10347000AAD1022EA8D12369002B3FF42EAF4FF022
:10348000B0426169536823F0FE4343EA016353602D
:103490004AE77368626923F0FE4343EA026373609C
:1034A00042E7336823F480733360FDF79BFF0746E0
:1034B00033685B057FF538AFFDF794FFC31B022B24
:1034C000F6D963E74FF0B042E169D2F8943023F0C7
:1034D00010030B43C2F894304FF0B047D7F8943044
:1034E00043F00103C7F89430FDF77CFF0646D7F898
:1034F00094309A0718D4FDF775FF831B112BF6D96A
:1035000044E7D6F8943023F00103C6F89430FDF771
:1035100069FF0746D6F894309B0705D5FDF762FF93
:10352000C31B112BF6D931E72368580754D50B4F2D
:103530003B68D90514D4FFF74BFDFDF753FF064652
:103540003B68DA050CD4FDF74DFF831B022BF7D93E
:103550001CE700BF400000200400002000040058C9
:10356000E3684FF0B046002B58D023F08003052BC2
:1035700002BFD6F8903043F00403C6F890304FF005
:10358000B046FDF72FFFD6F8903043F00103074611
:10359000C6F8903041F28838D6F890309B0705D4B1
:1035A000FDF720FFC31B4345F6D9EFE6E36823F0A0
:1035B0000403812B1BD1FDF715FFD6F8903043F0A3
:1035C0008003C6F8903007464FF0B04641F2883885
:1035D000D6F89030180504D5E36A002B4AD10020B4
:1035E00066E6FDF7FFFEC01B4045F1D9CEE6FDF7CC
:1035F000F9FED6F8903023F08003C6F890300746E5
:103600004FF0B04641F28838D6F890301905E3D52E
:10361000FDF7E8FEC01B4045F6D9B7E6FDF7E2FE30
:10362000D6F8903023F080030746C6F8903041F278
:103630008838D6F890301A0516D4FDF7D3FED6F8A0
:10364000903023F00103C6F8903007464FF0B048A1
:1036500041F28836D8F890309B07BDD5FDF7C2FE01
:10366000C31BB342F6D991E6FDF7BCFEC01B404533
:10367000DFD98BE60C2D4ED0022B4FF0B0431A68E9
:1036800022F080721A6033D1FDF7ACFE0546FFF7D9
:10369000DCFC38BBD4E90C314FF0B0420B43D068AE
:1036A0002D4901400B43E16B0B43216C0B43616CD3
:1036B0000B43A16B43EA0123D360136843F080738B
:1036C0001360D36843F08053D360FDF78BFE04464C
:1036D000FFF7BBFC002882D1FDF784FE001B0A28FF
:1036E000F6D953E6FDF77EFE401B0A28CFD94DE6FA
:1036F000FDF778FE0446FFF7A8FC30B94FF0B04262
:10370000164BD1680B40D36069E7FDF76BFE001BD9
:103710000A28F0D93AE6012B3FF4DFAD4FF0B04371
:10372000D868236B00F003029A427FF4D6AD626B37
:1037300000F0700393427FF4D0ADA26B00F4FE431F
:10374000B3EB022F7FF4C9AD636C00F06040C01A88
:1037500018BF0120ACE500BF8C80C111FCFFFEEE5C
:103760002DE9F0410D46044610B90120BDE8F08175
:10377000684E336803F007038B4216D323689A0719
:1037800027D54FF0B047A268BB6823F0F00313437E
:10379000BB60FDF727FE0646BB68DB0319D4FDF7C7
:1037A00021FE831B022BF7D911E0336823F00703B6
:1037B0000B433360FDF716FE0746336803F007033B
:1037C000AB42DBD0FDF70EFEC01B0228F5D903206B
:1037D000CCE72368580617D54FF0B0476269D7F891
:1037E000083123F00F0343EA1213C7F80831FDF73D
:1037F000F9FD0646D7F80831D90305D4FDF7F2FDE7
:10380000831B022BF6D9E2E723685A0713D54FF042
:10381000B047E268BB6823F4E0631343BB60FDF785
:10382000E1FD0646BB689B0305D4FDF7DBFD831B6A
:10383000022BF7D9CBE72368180714D54FF0B04710
:103840002269BB6823F4605343EAC203BB60FDF7FF
:10385000C9FD0646BB68590305D4FDF7C3FD831BAC
:10386000022BF7D9B3E72368DA070FD4294C236872
:1038700003F00703AB4239D8FFF7C6FC264B1860AC
:10388000264BBDE8F0411868FDF764BD6268022A66
:103890001DD1FFF7C5FB00283FF467AF4FF0B046DE
:1038A00041F28838B36823F003031343B360FDF794
:1038B00099FD0746B368626803F00C03B3EB820F0F
:1038C000D4D0FDF78FFDC01B4045F3D97FE7032A15
:1038D00002D1FFF7BAFBDEE712B9FFF7A7FBDAE781
:1038E0004FF0B0431B685B05D8D43EE7236823F054
:1038F00007032B432360FDF775FD0646236803F09D
:103900000703AB42B8D0FDF76DFD801B0228F5D947
:103910005DE700BF00400058400000200400002088
:1039200008B5FFF703FC4FF0B043054AD3F8083160
:1039300003F00F0352F82330B0FBF3F008BD00BFD3
:10394000C823020808B5FFF75FFC4FF0B043044AF4
:103950009B68C3F3022352F82330D84008BD00BF50
:10396000A823020808B5FFF74FFC4FF0B043044A04
:103970009B68C3F3C22352F82330D84008BD00BF70
:10398000A823020810B5D8B1D1B14F234FF0B042EF
:103990000360936803F00C04446003F0F004846057
:1039A00003F4E06403F46053C4600361D2F80831A7
:1039B0001B01DBB24361034B1B6803F007030B6081
:1039C00010BD00BF00400058704770B50446002885
:1039D00066D0436A002B5FD14268B2F5827F00D087
:1039E000C3610023A36294F85D3003F0FF0223B9A2
:1039F00084F85C202046FFF7E7FF2268E068A668AD
:103A0000A169022384F85D30136823F0400313603A
:103A1000B0F5E06F4FF000038ABF1D464FF48055AC
:103A2000B0F5706F18BFA362636806F4044603F430
:103A300082733343266906F002063343666906F053
:103A40000106334301F400763343E66906F0380695
:103A50003343266A06F080063343A66A06F400560E
:103A600033431360666B636A06F0080603F01003C5
:103A700000F470603343090C034301F004010B436D
:103A80002B435360D36923F40063D36100200123E7
:103A9000206684F85D3070BD0023C0E90433A0E7E0
:103AA0000120F8E7704710B5044680B10268022390
:103AB00080F85D30136823F040031360FFF7F2FFD6
:103AC0000020206684F85C0084F85D0010BD0120B1
:103AD000FCE7022310B580F83D300368196A41F213
:103AE00011121142044608D1196A40F244421142AF
:103AF00002BF1A6822F001021A60204602F0FBFCA5
:103B0000002084F8480084F83C0084F83E0084F8E3
:103B10003F0084F8400084F8410084F8420084F8B3
:103B2000430084F8440084F8450084F8460084F893
:103B3000470084F83D0010BD90F83D30012B17D1AF
:103B400002230C4A80F83D300368934202D0B3F15F
:103B5000804F07D19968084A0A40062A06D0B2F574
:103B6000803F03D01A6842F001021A6000207047BB
:103B700001207047002C0140070001000368196A0A
:103B800041F21112114208D1196A40F24442114225
:103B900002BF1A6822F001021A60012380F83D304A
:103BA000002070470368DA6822F00102DA60196ABF
:103BB00041F21112114208D1196A40F244421142F5
:103BC00002BF1A6822F001021A60012380F83D301A
:103BD0000020704790F83C20012A03464FF0020075
:103BE00009D01A6883F83D0051610020012283F852
:103BF0003D2083F83C00704770477047036870B5FC
:103C0000DD681E69B20704460DD5A9070BD56FF014
:103C100002021A61012202779B699A0774D001F0AF
:103C200052FE00232377730710D568070ED523684B
:103C30006FF004021A61022222779B6913F4407F1D
:103C4000204667D001F03FFE0023237731070FD5D0
:103C50002A070DD523686FF008021A610422227723
:103C6000DB699B0720465BD001F02DFE0023237704
:103C7000F00610D5E9060ED523686FF010021A6120
:103C800008222277DB6913F4407F20464ED001F0F2
:103C90001AFE00232377F20708D5EB0706D5236821
:103CA0006FF001021A61204601F0EAFD300608D5E6
:103CB000290606D523686FF080021A61204600F0BD
:103CC00002FAF20508D52B0606D523686FF4807238
:103CD0001A61204600F0F8F9700608D5690606D585
:103CE00023686FF040021A612046FFF786FFB20694
:103CF00022D5AB0620D523686FF0200220461A613A
:103D0000BDE8704000F0DEB901F0DBFD2046FFF7B2
:103D100073FF86E701F0D5FD2046FFF76DFF93E7BF
:103D200001F0CFFD2046FFF767FF9FE701F0C9FDD7
:103D30002046FFF761FFACE770BD00001B4A036837
:103D4000904202D0B0F1804F08D14A6823F070034E
:103D50001343CA6823F44073134306E0144A9042A5
:103D6000F7D002F580629042F3D04A6923F08003D5
:103D7000134303608B68C3620B6883620B4B9842EA
:103D800007D003F5C053984203D003F580639842EF
:103D900001D10B690363012343610369DB0742BF60
:103DA000036923F001030361704700BF002C014049
:103DB0000044014010B5044650B390F83D3003F084
:103DC000FF021BB980F83C2002F06EFB0223206842
:103DD00084F83D30211DFFF7B1FF012384F84830FE
:103DE000002084F83E3084F83F3084F8403084F876
:103DF000413084F8423084F8433084F8443084F809
:103E0000453084F8463084F8473084F83D3010BDA2
:103E10000120FCE7036A01F01F0110B501248C406A
:103E200023EA04030362036A8A401A43026210BD54
:103E3000082908B525D00AD8A9B1042919D090F8C5
:103E40004330012B13D1022380F843302CE00C299E
:103E50001FD01029F3D190F84230012B07D1022353
:103E600080F8423020E090F83E30012B19D001203C
:103E700043E090F83F30012BF9D1022380F83F3026
:103E800012E090F84030012BF1D1022380F840304D
:103E90000AE090F84130012BE9D1022380F841304B
:103EA00002E0022380F83E3000680122FFF7B2FFF3
:103EB000124B984214D003F5C05398420BD003F52F
:103EC0008063984207D0B0F1804F0DD0036843F073
:103ED0000103036010E0436C43F400434364F5E7DF
:103EE000436C43F4004343648268054B1340062B44
:103EF00002D0B3F5803FE9D1002008BD002C01407D
:103F000007000100FFF794BF082910B503465AD0F7
:103F100010D809B3042946D093F8434093F84720BA
:103F2000012CE0B2D2B26FD1012A3BD1022283F838
:103F3000432065E00C2956D01029EDD190F842407D
:103F400093F84720012CE0B2D2B25DD1012A29D1E9
:103F5000022283F8422053E090F83E4093F8442038
:103F6000012CE0B2D2B24FD1012A1BD1022283F838
:103F70003E2083F8442018680122FFF74BFF234BB3
:103F8000984202D0B0F1804F07D18268204B134095
:103F9000062B06D0B3F5803F03D0036843F001033E
:103FA0000360002010BD90F83F4093F84520012C9D
:103FB000E0B2D2B228D1012AF4D1022283F83F2004
:103FC00083F84520D7E790F8404093F84620012C2D
:103FD000E0B2D2B218D1012AE4D1022283F8402003
:103FE00083F84620C7E790F8414093F84720012C1A
:103FF000E0B2D2B208D1012AD4D1022283F8412002
:10400000022283F84720B6E70120CBE7002C0140CD
:1040100007000100036A01F01F0110B504248C4061
:1040200023EA04030362036A8A401A43026210BD52
:1040300008B529B990F84430012B1DD0012039E092
:10404000042907D190F84530012BF7D1022380F8DD
:10405000453014E0082907D090F84730012BEDD106
:10406000022380F847300AE090F84630012BE5D172
:10407000022380F8463002E0022380F844300068D2
:104080000422FFF7C7FF436C43F4004343640A4B29
:10409000984202D0B0F1804F07D18268074B13409D
:1040A000062B06D0B3F5803F03D0036843F001032D
:1040B0000360002008BD00BF002C01400700010084
:1040C000FFF7B6BF704770477047000010B5026831
:1040D00052E8003F23F4907342E80031026800295F
:1040E000F5D10F4C02F1080353E8003F234002F1E1
:1040F000080C4CE800310029F4D1C36E012B07D124
:1041000052E8003F23F0100342E800310029F7D1C4
:104110002023C0F88C300023C366436710BD00BF66
:10412000FEFFFFEF026852E8003F23F0800342E801
:10413000003102680029F5D152E8003F43F0400306
:1041400042E800310029F7D17047D0F88820212AB1
:10415000034611D1B0F8562092B20AB9FFF7E2BF78
:10416000026D016812F8010B88621A65B3F85620D7
:10417000013A92B2A3F856207047D0F88820212A3D
:10418000034613D1B0F8562092B20AB9FFF7CABF5E
:104190001A6D006832F8021BC1F3080181621A65CA
:1041A000B3F85620013A92B2A3F856207047D0F8DF
:1041B0008830212B10B51BD1B0F86A20C2B1B0F8FD
:1041C0005610036889B2A1B903F1080252E8002F22
:1041D00022F4000203F1080040E800210029F3D195
:1041E00053E8002F42F0400243E800210029F7D1B4
:1041F00010BDD96909060AD5016D11F8014B9C6201
:10420000B0F856300165013B9BB2A0F85630013A38
:1042100092B2D3E7D0F88830212B10B51BD1B0F87B
:104220006A20C2B1B0F85610036889B2A1B903F18F
:10423000080252E8002F22F4000203F1080040E8CF
:1042400000210029F3D153E8002F42F0400243E857
:1042500000210029F7D110BDD96909060CD5016DDF
:1042600031F8024BC4F308049C62B0F85630016583
:10427000013B9BB2A0F85630013A92B2D1E77047A9
:10428000D0F88830202B10B544D1002944D0002A22
:1042900042D0A0F85620A0F85420426E01650023B9
:1042A000C0F89030B2F1005F4FF02103C0F88830C1
:1042B0000268836819D1B3F5805F14D10469174B84
:1042C0001749002C08BF0B46836702F1080353E827
:1042D000003F43F4000302F1080040E800310029E8
:1042E000F3D1002010BD0D4BEEE7B3F5805F0FD189
:1042F00004690C4B0C49002C08BF0B46836752E83D
:10430000003F43F0800342E800310029F7D1E8E79D
:10431000044BF3E70220E5E70120E3E7AF410008A3
:10432000154200084B4100087B41000808B5806A2F
:104330000023A0F85E30A0F8563002F011FC08BD52
:10434000704700000368D9691A682DE9F04140F60A
:104350000F0631429D68044610D18E0640F19780C9
:1043600002F0200605F080573E4300F09080436F36
:10437000002B00F08580BDE8F0411847AB4EAC48FB
:104380002E401040304300F08280CF0709D5D00581
:1043900007D501201862D4F8900040F00100C4F85D
:1043A00090008F0709D5E80707D502201862D4F8D6
:1043B000900040F00400C4F890004F0709D5E807CA
:1043C00007D504201862D4F8900040F00200C4F829
:1043D00090000F070BD502F02000304307D00820D3
:1043E0001862D4F8900040F00800C4F890000E0560
:1043F0000AD5500108D54FF400601862D4F8903007
:1044000043F02003C4F89030D4F89030002B37D01C
:104410008B0609D502F0200205F080552A4303D00F
:10442000636F0BB1204698472668D4F89020B36894
:1044300002F0280203F0400353EA0205204621D08F
:10444000FFF744FEB3685F0617D5226802F1080340
:1044500053E8003F23F04003083242E800310029CE
:10446000F3D1D4F8800040B1724B8363FDF73AFD7D
:1044700030B1D4F88000836B7DE7204602F070FBFA
:10448000BDE8F08102F06CFBC4F89050F8E7E06EF4
:10449000012840F08980CE0640F18680D00640F1A8
:1044A000838010221A629A6851064BD5D4F8802076
:1044B00011684A6892B2002AE2D0B4F85C009042D7
:1044C000DED9A4F85E200A6892062FD453E8002FA4
:1044D00022F4807243E800210029F7D103F1080299
:1044E00052E8002F22F0010203F1080040E8002109
:1044F0000029F3D103F1080252E8002F22F0400214
:1045000003F1080040E800210029F3D12022C4F87B
:104510008C20E16653E8002F22F0100243E80021CE
:104520000029F7D1D4F88000FDF7A7FC0223236708
:10453000B4F85E30B4F85C10C91A89B22046FFF7AF
:10454000FFFE9DE7B4F85E20B4F85E00B4F85C109E
:1045500080B292B2002893D0891A89B200298FD0F4
:1045600053E8002F22F4907243E800200028F7D18E
:10457000314D03F1080252E8002F2A4003F10806EA
:1045800046E800200028F4D12022C4F88C2060677F
:10459000E06653E8002F22F0100243E800200028D4
:1045A000F7D102232367C9E7CF0209D56E0207D5E9
:1045B0004FF4801220461A62BDE8F04102F01ABBA7
:1045C00008060BD502F0800005F40005284305D04D
:1045D000A36F002B3FF454AF2046CCE64F0611D515
:1045E00056060FD553E8002F22F0400243E8002181
:1045F0000029F7D12023C4F88830A167204602F0B3
:10460000ABFA3DE70D0206D5500004D52046BDE8C3
:10461000F04100F032BECB017FF532AF002ABFF689
:104620002FAF2046BDE8F04100F026BE010000108B
:10463000200100042D430008FEFFFFEFD0F88C207E
:10464000B0F86010222A08B5036855D15B6A826D04
:104650000B401370836D01338365B0F85E30013B0E
:104660009BB2A0F85E30B0F85E309BB2002B42D116
:10467000026852E8003F23F4907342E80031036877
:104680000029F5D103F1080252E8002F22F00102BF
:1046900003F1080C4CE800210029F3D12022C0F8D6
:1046A0008C20184A41679342016705D1C26E012AE6
:1046B0000ED002F04DFA1EE05A681102F6D553E80A
:1046C000002F22F0806243E800210029F7D1EDE7B6
:1046D0000022C26653E8002F22F0100243E80021B6
:1046E0000029F7D1DA69B0F85C10D20644BF102275
:1046F0001A62FFF725FE08BD9A6942F008029A6126
:10470000F9E700BF00800040D0F88C20B0F86010BE
:10471000222A08B5036852D15A6A1140826D22F8E4
:10472000021B8265B0F85E20013A92B2A0F85E20CA
:10473000B0F85E2092B2002A40D153E8002F22F454
:10474000907243E800210029F7D103F1080252E8F2
:10475000002F22F0010203F1080C4CE8002100298F
:10476000F3D12022C0F88C20174A41679342016799
:1047700005D1C26E012A0ED002F0EAF91EE05A6895
:104780001102F6D553E8002F22F0806243E80021A1
:104790000029F7D1EDE70022C26653E8002F22F08E
:1047A000100243E800210029F7D1DA69B0F85C1063
:1047B000D20644BF10221A62FFF7C2FD08BD9A69F3
:1047C00042F008029A61F9E7008000402DE9F84FB5
:1047D0000368B0F86060D3F81CB01F689D68D0F81B
:1047E0008C20222A044640F0B980B0F8683043B1EA
:1047F000DFF87491DFF874A14FF000081BF0200F70
:1048000020D1B4F85E309BB2D3B1B4F868209A429C
:1048100016D9226802F1080353E8003F23F08053C1
:10482000083242E8003122680029F2D1504B636718
:1048300052E8003F43F0200342E800310029F7D15D
:10484000BDE8F88F2368A26D5B6A33401370A36DD7
:104850000133A365B4F85E30013B9BB2A4F85E302F
:104860002368D3F81CB01BF0070F2ED01BF0010FEC
:1048700009D0F90507D501221A62D4F8902042F038
:104880000102C4F890201BF0020F09D0EA0707D5F7
:1048900002221A62D4F8902042F00402C4F8902058
:1048A0001BF0040F09D0E80707D504221A62D4F8D8
:1048B000903043F00203C4F89030D4F8903023B124
:1048C000204602F04DF9C4F89080B4F85E309BB2F7
:1048D000002B93D1226852E8003F23F4807342E812
:1048E000003123680029F5D103F1080252E8002FB6
:1048F00002EA090203F1080040E800210029F3D18F
:1049000020225345C4F88C20616721670AD05A6879
:10491000110207D553E8002F22F0806243E80021FE
:104920000029F7D1E26E012A14D10022E26653E891
:10493000002F22F0100243E800210029F7D1DA69A4
:10494000B4F85C10D20644BF10221A622046FFF76A
:10495000F7FC53E7204602F0FBF84FE79A6942F074
:1049600008029A616CE700BFFEFFFFEF0080004085
:104970003D4600082DE9F84F0368B0F86060D3F8B1
:104980001CB01F689D68D0F88C20222A044640F095
:10499000B780B0F8683043B1DFF87091DFF870A1EC
:1049A0004FF000081BF0200F20D1B4F85E309BB20E
:1049B000D3B1B4F868209A4216D9226802F10803EC
:1049C00053E8003F23F08053083242E80031226868
:1049D0000029F2D14F4B636752E8003F43F02003B8
:1049E00042E800310029F7D1BDE8F88F2368A26DB5
:1049F000596A314022F8021BA265B4F85E20013AE0
:104A000092B2A4F85E20D3F81CB01BF0070F2ED092
:104A10001BF0010F09D0F90507D501221A62D4F85D
:104A2000902042F00102C4F890201BF0020F09D040
:104A3000EA0707D502221A62D4F8902042F0040255
:104A4000C4F890201BF0040F09D0E80707D5042212
:104A50001A62D4F8903043F00203C4F89030D4F8CE
:104A6000903023B1204602F07BF8C4F89080B4F86F
:104A70005E309BB2002B95D1226852E8003F23F4B0
:104A8000807342E8003123680029F5D103F1080260
:104A900052E8002F02EA090203F1080040E8002171
:104AA0000029F3D120225345C4F88C206167216787
:104AB0000AD05A68110207D553E8002F22F080620D
:104AC00043E800210029F7D1E26E012A14D1002227
:104AD000E26653E8002F22F0100243E8002100298B
:104AE000F7D1DA69B4F85C10D20644BF10221A621A
:104AF0002046FFF725FC55E7204602F029F851E74C
:104B00009A6942F008029A616EE700BFFEFFFFEF6C
:104B1000008000400947000810B590F88430012B50
:104B20001ED0012380F884302423C0F88830026826
:104B300052E8003F23F00C0342E800340168002CE7
:104B4000F5D151E8002F42F0080241E80023002B84
:104B5000F7D12022C0F8882080F88430184610BD94
:104B60000220FCE710B590F88430012B1ED0012301
:104B700080F884302423C0F88830026852E8003F6F
:104B800023F00C0342E800340168002CF5D151E811
:104B9000002F42F0040241E80023002BF7D120222D
:104BA000C0F8882080F88430184610BD0220FCE749
:104BB000D0F88820D0F88C001043704738B50446F0
:104BC00003682169A2681D68C0690A4361690A43D4
:104BD0007549024329400A431A605A68E16822F481
:104BE00040520A435A60714AA16993421CBF226A2B
:104BF00011439A6822F06E4222F430620A439A60AE
:104C0000DA6A616A22F00F020A43DA62684A934262
:104C100017D14FF0B043674AD3F8883003F003034D
:104C200043F4403393425BD0B3F1031F21D0013AE8
:104C3000934274D0B0F5004F40F0B080FEF792FE82
:104C400031E05D4A934231D14FF0B0435B49D3F834
:104C5000883003F00C0343F440228A4240D005D848
:104C6000E3B1574B9A425AD0012062E0B2F10C1FD7
:104C7000FAD1B0F5004F37D04FF400406368616A55
:104C8000504A32F81120B0FBF2F000EB5300B0FBB9
:104C9000F3F04FF6EF73A0F1100274E0B0F5004F9F
:104CA00077D1FEF74FFE002842D01DE03F4A9342E5
:104CB000DAD14FF0B043D3F8883003F44063B3F552
:104CC000006F3DD006D883B3B3F5806FCCD1FEF72B
:104CD0002DFA2CE0B3F5406FC6D14FF4004030E020
:104CE000B0F5004F3848C9D16268616A354B33F876
:104CF0001130B0FBF3F0530803EB4003B3FBF2F3C6
:104D00004FF6EF72A3F110019142ADD823F00F02DC
:104D1000216892B2C3F342031343CB6008E0B0F5BD
:104D2000004F3ED1FEF702FABDE7FEF70BFE40B999
:104D300000204FF00113A3660023C4E91D3338BDE2
:104D4000214865681F4B626A05EB450133F8122064
:104D5000B0FBF2F3994287D8B3EB053F84D8002328
:104D60001946FCF721FA090241EA10616B080002BA
:104D7000C0182A464FF0000341F10001FCF714FA75
:104D8000124BA0F540729A423FF66EAF2368D8608E
:104D9000CEE7FEF7D7FD0028CAD06FE7FEF7E2FDA9
:104DA000F9E7FEF7C3F9F6E7F369FFCF00800040AB
:104DB00000380140020003000044004008000C00DD
:104DC00004000C006C2202080024F400FFFC0F0019
:104DD000836A1A0710B506D50168846B4A6822F405
:104DE000004222434A60DC0706D50168C46A4A686B
:104DF00022F4003222434A60990706D50168046B09
:104E00004A6822F4803222434A605A0706D5016874
:104E1000446B4A6822F4802222434A60DC0606D5AD
:104E20000168C46B8A6822F4805222438A60990622
:104E300006D50168046C8A6822F4005222438A6015
:104E40005A060FD50168446C4A6822F48012224346
:104E5000B4F5801F4A6005D14A68846C22F4C00210
:104E600022434A601B0606D50268C16C536823F4CE
:104E700000230B43536010BD2DE9F843DDF820906B
:104E800005460E46174698462A68D36936EA030354
:104E90000CBF01230023BB4201D0002029E0B9F15F
:104EA000FF3FF2D0FCF79EFAA0EB080048452C68C3
:104EB00002D8B9F1000F1ED154E8003F23F4D0739B
:104EC00044E80032002AF7D104F1080353E8003F18
:104ED00023F0010304F1080141E80032002AF3D174
:104EE0002023C5F88830C5F88C30002385F884303D
:104EF0000320BDE8F88323685A07C5D5802EC3D0A8
:104F0000402EC1D0E3691B05BED54FF40063236278
:104F100054E8003F23F4D07344E80032002AF7D16C
:104F200004F1080353E8003F23F0010304F10801F2
:104F300041E80032002AF3D12023C5F88830C5F8B3
:104F40008C30C5F89030D0E72DE9F7439846D0F87B
:104F50008830202B04460E46174643D1002943D003
:104F6000002A41D021230025C0F89050C0F8883095
:104F7000FCF738FAA368A4F85470B3F5805F814653
:104F8000A4F8567003D123690BB935461E46B4F810
:104F90005620CDF8008092B24B4642B940212046BF
:104FA000FFF76AFF48B92023C4F8883006E00022E2
:104FB00080212046FFF760FF18B1032003B0BDE851
:104FC000F08322685EB935F8023BC3F308039362AD
:104FD000B4F85620013A92B2A4F85620D7E716F852
:104FE000013BF4E70220E9E70120E7E773B5044657
:104FF0000026C0F89060FCF7F5F923681B681A07D3
:10500000054619D423681B685B070AD56FF07E43F9
:10501000009300222B464FF480012046FFF72CFF1F
:10502000B0B900202023C4F8883084F88400C4F884
:105030008C30E06620670CE06FF07E4300933246D0
:1050400003464FF400112046FFF716FF0028D9D081
:10505000032002B070BD10B5044650B3D0F88830BC
:105060001BB980F88430FFF70AF922682423C4F8BA
:105070008830136823F001031360A36A13B120463C
:10508000FFF7A6FE2046FFF799FD012811D02368FF
:105090005A6822F490425A609A6822F02A029A6072
:1050A0001A6842F0010220461A60BDE81040FFF77E
:1050B0009DBF012010BD10B5044670B3D0F88830F4
:1050C0001BB980F88430FFF7DAF822682423C4F88B
:1050D0008830136823F001031360A36A13B12046DC
:1050E000FFF776FE2046FFF769FD012815D02368FB
:1050F0005A6822F490425A609A6822F022029A601A
:105100009A6842F008029A601A6842F0010220464A
:105110001A60BDE81040FFF769BF012010BD000014
:1051200030B581658168A0F85C200023B1F5805F0F
:10513000A0F85E20436731D10369002B40F2FF13D2
:1051400018BFFF23A0F860300023C0F8903022235E
:10515000C0F88C30016801F1080353E8003F43F0C8
:105160000103083141E800340368002CF2D1456E98
:1051700084680169B5F1005F35D1B0F86850954297
:1051800031D8B4F5805F29D1C1B1264A426753E8CE
:10519000002F42F4807243E8002121E029B903691D
:1051A000002B14BF7F23FF23CCE7B1F1805FC9D16F
:1051B0000369002B14BF3F237F23C3E71A4A4267CA
:1051C00003F1080252E8002F42F0805203F1080078
:1051D00040E800210029F3D1002030BD114A426788
:1051E0000029D4D1ECE7B4F5805F16D151B10F4A54
:1051F000426753E8002F42F4907243E800210029EF
:10520000F7D1E9E70A4A426753E8002F42F020024B
:1052100043E800210029F7D1DEE7044A426700296C
:10522000F2D0E6E7CD470008754900083D46000882
:1052300009470008D0F88C30202B30B415D1B9B113
:10524000B2B100230468C3660A4B9C420AD063686B
:105250001B0207D554E8003F43F0806344E8003563
:10526000002DF7D130BCFFF75BBF022030BC704788
:105270000120FBE7008000407047704790F88430C1
:10528000012B0FD0012380F88430016851E8002FF2
:1052900042F0020241E80023002BF6D180F884306E
:1052A000184670470220704790F88430012B0FD0C9
:1052B000012380F88430016851E8002F22F00202B7
:1052C00041E80023002BF6D180F88430184670475F
:1052D00002207047836810B504462BB103220146B3
:1052E00098470023C4E9023310BD836810B5044613
:1052F00013B1032201469847204610BD10B504465D
:1053000050F8103FDA6822F00102DA60DA6822F021
:105310000202DA60DA6822F00402DA60DA6822F067
:105320000802DA60DA6822F01002DA60FEF726FC82
:105330002269136823F001031360012384F84E30BF
:1053400084F84F3084F8503084F8513084F852306B
:1053500084F8533084F8543084F8553084F856304B
:1053600084F8573010BD4B1E032B00D9FEE789008F
:10537000081F70470139435C13F0100004D0022964
:1053800016D80C4A32F81100DB0712D503290FD8C2
:10539000DFE801F00205080B40F00100704740F023
:1053A0001000704740F48070704740F480507047A0
:1053B000FEE770478C2202080139032900D9FEE775
:1053C000014B585C704700BF88220208013903294D
:1053D00000D9FEE7014B585C704700BF84220208E9
:1053E0002DE9F04104460E46FFF7BDFF04EB061819
:1053F00008F16408054631462046FFF7DDFFD8F87E
:1054000008302BB12369C2431A61DA680243DA60BB
:10541000771E04EB47039B880B2B49D8DFE803F08A
:1054200051181818060618184A4A4A2AE35DDE067B
:1054300004D5294604F11000FEF742FEE35DD807CB
:1054400036D5294604F11000BDE8F041FEF75ABDFB
:10545000E35DD90604D5294604F11000FEF7E8FD06
:10546000E35DDA0724D5294604F11000BDE8F041D8
:10547000FEF7DEBC294604F11000FEF745FD31467B
:105480002046FFF7A3FF2569014606462046FFF7A1
:1054900071FF2B6A1843D8F80830286243B13146AF
:1054A0002046FFF789FFC3432B61EB681843E86090
:1054B000BDE8F081294604F11000BDE8F041FEF797
:1054C00023BD23691B68DB07F2D404F11000BDE89B
:1054D000F041FEF731BB70B501250446861C294614
:1054E00036F8023F23B129462046FFF779FF002115
:1054F0000135052DF4D1E36E3BB123696FF0010254
:105500001A61DA6842F00102DA6049B123691B6866
:10551000DB0705D404F11000BDE87040FEF70CBBBA
:1055200070BD01211030FEF755BB0369186800F00B
:105530000100704710B502460C46FFF7F6FF80B930
:10554000CB68DB070ED5CB6823F00103CB60104698
:10555000FFF7E7FF6FF001032361E36843F0010306
:10556000E36010BDBDE810401046FFF7DABF000051
:105570000B4B98420BD0B0F1804F0AD003F5C053CB
:10558000984208D003F58063984206D0FEE70020D9
:10559000704701207047022070470320704700BF0A
:1055A000002C0140024670B5044652F8100FFFF778
:1055B000DFFF0546104600F009FF094A002342F8C4
:1055C000253004F16406E36004F1B405B54204D06B
:1055D000103D2846FFF789FEF8E7204670BD00BF62
:1055E0001002002070B504460846FFF7C1FF256988
:1055F00005B1FEE7204B216104F10C0243F82020A5
:1056000004F110060E23C4E917353046C4E90C55E1
:10561000C4E90E55C4E9105584F82C50A56484F8EB
:105620004C5084F84D50E46000F0A4FE04F1640096
:10563000FFF750FE04F17400FFF74CFE04F1840004
:10564000FFF748FE04F19400FFF744FE04F1A400C4
:10565000FFF740FEC4E900554FF6FF73C4E9065357
:105660008023C4E90855A5606561A3623046BDE8A2
:105670007040FEF79FBB00BF1002002010B588B03D
:1056800018220446002102A81BF0F9FA002301A900
:1056900002A80193FEF776F9206900F03DFF01288A
:1056A00002D002280FD0FEE7059CFEF74BF9B4F5B7
:1056B000C06F05D00BD824F48074B4F5806F00D18E
:1056C000400008B010BD069CFEF74CF9EFE7B4F5BA
:1056D000E06FF4E7012A38B505460C460BD0022AE4
:1056E00016D004B1013C29692846CC62EC61BDE8C2
:1056F0003840FFF71FBFFFF7C1FF084BB0FBF3F0C7
:1057000044432A69230C93620133B4FBF3F4E8E7C2
:10571000FFF7B4FFB0FBF4F4F3E700BF40420F0023
:1057200010B500F110042046FEF73CFA2046BDE813
:105730001040FEF7CEB90000034B186810B10430DA
:10574000FEF75CBA704700BF10020020FFF7F4BFFD
:10575000034B586810B10430FEF750BA704700BFD1
:1057600010020020034B986810B10430FEF746BACF
:10577000704700BF10020020034BD86810B10430FE
:10578000FEF73CBA704700BF100200200022C0E9BB
:105790000022C0E902227047F8B504460E4600F127
:1057A000640500F1B40728461035FFF7EFFFBD424E
:1057B000F9D10023204623613146FFF713FF20462D
:1057C000F8BD38B50023C0E90033C0E902338B6867
:1057D00004460D462BB102229847EB68E360AB68A4
:1057E000A360204638BD30B587B002AD04462846D8
:1057F000FFF7E7FF95E803006B4683E8030094E8B2
:10580000030085E8030093E80300049BA268A360FB
:10581000059B049284E80300E268E3602846059251
:10582000FFF763FD07B030BD38B504460D46E36EA3
:1058300064301BB1BDE83840FFF7D5BFFFF7D3FF99
:10584000AB683BB123696FF001021A61DA6842F07C
:105850000102DA6038BD826810B50AB918F096FB0B
:10586000BDE81040C368184708B500B9FEE700F06E
:105870007FFD0068C36E13B16430FFF7ECFF08BD15
:10588000FFF7F2BF10B500B9FEE7037F013B072B1E
:1058900010D8DFE803F004140F100F0F0F120124CB
:1058A00000F066FD240100686434204483680BB175
:1058B000FFF7D1FF10BD0324F2E70424F0E7022430
:1058C000EEE7FFF7DFBFFFF7DDBF1AF043BE1AF0C8
:1058D00041BE1AF047BE4FF0B04382B0DA6C0243CB
:1058E000DA64DB6C03400193019B02B07047000057
:1058F00008B5032818D8DFE800F002080D120120CF
:10590000FFF7E9FF4FF0904008BD0220FFF7E3FFEB
:105910000648F9E70420FFF7DEFF0548F4E780209A
:10592000FFF7D9FF0348EFE70020EDE70004004848
:1059300000080048001C004808B5064900F0E0FCDB
:10594000C0F3C430112800D9FEE7034B53F8200000
:1059500008BD00BFF4200208A0220208A0F5805074
:105960000138022800D9FEE7014B53F820007047A8
:105970009422020808B5054900F0C2FCC0F3C43007
:10598000012800D0FEE7002008BD00BFDC2002088F
:105990000268094B9A420DD14FF0B0439A6B42F026
:1059A00000529A639A6B22F000529A639A6D22F029
:1059B00000529A65704700BF0074004010B50A4954
:1059C00086B0044600F07AFC019050B12046FFF703
:1059D000D1FF014628B901A8FCF741FA01A8FCF75C
:1059E00030FA06B010BD00BFDC2002084FF0B04313
:1059F00082B01A6E42F400721A661A6E02F40072D5
:105A00000192019AD3F8882042F04052C3F88820CE
:105A1000044B1868C30403D4034902B000F036BC39
:105A200002B0704718000020F42002084FF0B04385
:105A30001A6C42F400721A641A6C22F400721A642E
:105A40001A6C42F400721A641A6C22F400721A641E
:105A50001A6E22F400721A6670470000F0B59FB00B
:105A6000054664220E4605A800211BF008F9002314
:105A7000EA04CDE902330493ADF80230019340F11A
:105A8000AC8041F203039D4200F2A7805D4B059379
:105A90002846FFF763FF07270446082E00F0AE8074
:105AA0000A2E00F0AD80062E0CBF182300234FF005
:105AB0000042CDE906230023CDE908320422CDE9D6
:105AC0000E330A92ADF82C3001228DF82E308DF86D
:105AD00034308DF840308DF8503018931B93199363
:105AE0008DF86830484B0C9205A84FF48052CDE9F0
:105AF000112713971D60FBF77FFC002879D1012C3B
:105B0000029435D0414B9C4232D0414B9C422FD025
:105B1000404B9C422CD0404B9C4229D03F4B9C4256
:105B200026D03F4B9C4223D03E4B9C4220D03E4B44
:105B30009C421DD03D4B9C421AD03D4B9C4217D0FD
:105B400003F104239C4213D03A4A24F000439342C9
:105B50000ED0394A93420BD0384A934208D0384A83
:105B6000944205D0374A944202D0374A934240D1FA
:105B7000012302A905A8CDE90337FBF79BFD002807
:105B800037D105A8FBF7D0FF002832D105A8FBF7D5
:105B9000F3FE70BB0A2105A8FBF72EFD48BB05A844
:105BA000FBF760FE830505D505A8FBF77FFD80B2F6
:105BB000ADF8020005A8FBF799FFD0B905A8FBF7DF
:105BC0003FFFB0B9214AD2F8083723F0E073C2F89A
:105BD0000837BDF8020080B20CE01D49284600F0ED
:105BE0006DFB01A905902846FFF7A6FE059B04461C
:105BF00013B900201FB0F0BD03274EE7102356E76E
:105C0000082354E70024014018000020020000048B
:105C1000040000080800000C100000102000001410
:105C2000400000188000001C000100200002002439
:105C3000000400280010003000200034004000382C
:105C40000080003C000001400000024400200140B0
:105C5000F4200208F8B51449144E074600F02EFB54
:105C6000FFF786FC56F82030044673B9B420FFF7DE
:105C70002CFE0D490546384600F020FB014628461B
:105C8000FFF78AFD56F824301D6056F824301C6852
:105C900044B12046FFF786FC2046B421BDE8F84019
:105CA000FFF717BEF8BD00BFA41F020810020020B6
:105CB00037B5FBF797FB4FF0E0250446AB6900933F
:105CC000FBF790FBAB6901936969844201F1010123
:105CD0004FF47A7308D0019A8A1A5A43B2FBF1F250
:105CE00003FB002003B030BD009A8A1A5A43B2FB6E
:105CF000F1F203FB0420F5E7FBF774BB704708B52E
:105D0000FBF764FBFCF735F8FFF7F8FF08BD10B5AB
:105D100094B048220021044602A81AF0B0FFFDF713
:105D200057F94FF0B0439A6D42F480629A659A6DCC
:105D300002F480620192019A032C11D8DFE804F08A
:105D40000219283DD3F8942042F00102C3F89420B0
:105D5000D3F894309C0703D40823029301230893BB
:105D6000029B002B36D002A8FDF75EFA002831D046
:105D7000FEE71A6842F480721A601B685905EFD476
:105D8000022302934FF480724023CDE90623E7E714
:105D9000D3F8902042F00102C3F89020D3F890206D
:105DA0009407DDD4D3F8902022F01802C3F8902095
:105DB0000423029381230593D2E71A6842F48032C8
:105DC0001A601B6899035EBF01224FF48033CDE94E
:105DD0000223C5E714B010BD70474FF0B04382B046
:105DE0001A6D42F400221A651A6D02F40022019223
:105DF000019A9A6C42F480529A649B6C03F480532B
:105E00000093009B02B070470C4BD3F8FC20D201EA
:105E10005EBFD3F8FC2042F08072C3F8FC20084B30
:105E200000225A601A6842F001021A6000BF00BFE7
:105E300000BF5868B0FA80F04009704700ED00E0FC
:105E4000001000E008B5FFF7C8FFFFF7DDFFFBF724
:105E5000A7FAFFF7C1FFFBF743FABDE80840014886
:105E6000FBF78CBF1C000020012A02D1016000203A
:105E70007047022A05D0032AF9D0002AF7D1026020
:105E8000F5E70B680360F2E7036818470023C0E9F1
:105E90000033C0E90233704770B50024012904F1D2
:105EA00001032CD1184DE4B2142161436E18F3683C
:105EB0003BB1043129440322084698470023C6E930
:105EC0000333142363430022E8560F4B93F9001069
:105ED000814201D1D968A9B90132102A03F1140312
:105EE000F4D10A4A0A49D2F8803051F8241023EA42
:105EF0000103BDE87040C2F88030FBF7F3BE4908EB
:105F00001C46CBE770BD00BF2002002000080058EF
:105F1000E82202080023012803F101020AD1142219
:105F2000DBB25343054A181D1044816829B11A4455
:105F30001369184740081346EDE770472002002018
:105F40000120FCF7B3B90220FCF7B0B90420FCF73C
:105F5000ADB90820FCF7AAB91020FCF7A7B938B5ED
:105F600005242025A8B2FCF7A1F9013C4FEA45051C
:105F7000F8D138BD38B506244FF48065A8B2FCF7D7
:105F800095F9013C4FEA4505F8D138BD2DE9F041BE
:105F900016468CB00A460024012A04F1010543D1BB
:105FA000E4B26200CDE90713C168DFF884800323FF
:105FB00093400B40D34003F0030303AD099307A9BB
:105FC00002230A93FCF7BEF81423314628465C43AB
:105FD000FFF7F7FB95E8030008EB040301AA04337D
:105FE00082E8030093E8030085E8030092E80300D9
:105FF000271D83E803004744059BBA68BB60069BE6
:1060000005922846FA68FB600692FFF76EF918F9C8
:10601000040000220621FBF725FE18F90400FBF717
:1060200053FE0CB0BDE8F08152082C46B4E700BF27
:1060300020020020344A104608B5062300F8043B2D
:10604000FFF724FF072302F118001375FFF71EFF67
:10605000082302F12C0082F82830FFF717FF0923EC
:1060600002F1400082F83C30FFF710FF0A2302F1F2
:10607000540082F850301621FFF708FF02F1680043
:1060800082F86410FFF702FF02F17C0082F87810BA
:10609000FFF7FCFE02F1900082F88C10FFF7F6FE8D
:1060A00002F1A40082F8A010FFF7F0FE02F1B800A0
:1060B00082F8B4102921FFF7E9FE02F1CC0082F842
:1060C000C810FFF7E3FE02F1E00082F8DC10FFF7F2
:1060D000DDFE02F1F40082F8F010FFF7D7FE02F5C2
:1060E000847082F80411FFF7D1FE02F58E7082F8F9
:1060F0001811FFF7CBFEBDE8084002F5987082F852
:106100002C11FFF7C3BE00BF2002002038B5054C9C
:10611000A4F5A075143C201DFFF7E7F8AC42F9D1B7
:1061200038BD00BF6003002030B591FAA1F391FAA9
:10613000A1F1B3FA83F3C4685B000325B1FA81F1DE
:1061400005FA03F3490024EA03038A401A43C260B4
:1061500030BD431C04D00C3151F80C3C5A1C01D109
:1061600000207047834201F10C01F5D101207047F6
:10617000F8B5471C06460D4600D1FEE700F00F02B9
:10618000414BC0F3031053F82240FFF7B1FB94FAE0
:10619000A4F3B3FA83F3876803225B0002FA03F3E4
:1061A00094FAA4F2B2FA82F227EA03075200032318
:1061B00093403B4305F007018360032903D8DFE8E0
:1061C00001F05F032C61FEE7012394FAA4F2B2FA16
:1061D00082F206685200032707FA02F226EA020654
:1061E00094FAA4F2B2FA82F2520093400139334396
:1061F0000129036005D843682A074CBF2343A34302
:106200004360C5F30112012A02D0022A18BF0022FE
:106210002146BDE8F840FFF787BFC5F306227F2A75
:1062200001D10223D1E7360716D5230A93FAA3F644
:10623000B6FA86F6476A93FAA3F3B6004FF00F0C4E
:10624000B3FA83F30CFA06F69B0027EA060602FA75
:1062500003F333434362E4E794FAA4F3B3FA83F31A
:10626000066A9B000F2707FA03F326EA030694FA4F
:10627000A4F3B3FA83F39B009A4032430262D0E75F
:106280000023A2E70323A0E728230208431C06D12A
:106290007047834202D18968FFF76ABF0C310B68EF
:1062A0005A1CF6D1FEE70B685A1C01D1002070473A
:1062B000834201D1486870470C31F4E7431C01D098
:1062C000FFF7F1BF002070474B6813B94FF0FF3064
:1062D0007047834201D1086870470C31F4E708B178
:1062E000FFF7F2BF4FF0FF30704703460868421CCB
:1062F00000D17047984201D1886870470C31F5E7AA
:10630000431C01D0FFF7F1BF704703468B4208469C
:1063100004D01BB100290CBF1846002070470000B4
:106320004FF0B0431A6842F061021A604FF4E02265
:106330009A6061221A60064ADA6000229A6140F28D
:106340003F321A62034B4FF000629A60704700BF01
:106350000001042200ED00E04FF0B04382B01A6E5D
:1063600002431A661B6E03400193019B02B0704703
:10637000043870470368124A934282B004D14FF444
:10638000006002B0FFF7E8BFB3F1804F0CD14FF0CF
:10639000B0439A6D42F001029A659B6D03F00103D0
:1063A0000193019B02B07047064A934202D14FF419
:1063B0000030E6E7044A9342F4D14FF48020E0E74E
:1063C000002C014000440140004801400368134A8A
:1063D000934206D14FF0B042136E23F4006313666C
:1063E0007047B3F1804F06D14FF0B042936D23F068
:1063F0000103936570470A4A934205D14FF0B042BA
:10640000136E23F40033EAE7064A9342E8D14FF0D3
:10641000B042136E23F48023E1E700BF002C01405B
:106420000044014000480140431C10D00C4B9842EE
:1064300010D007D8B0F1804F0ED0A3F5C0539842CA
:106440000CD0FEE7074B9842FBD11D2070476FF040
:106450000D0070471C2070471B20704718207047A4
:106460000044014000480140431C10D00C4B9842AE
:1064700010D007D8B0F1804F0ED0A3F5C05398428A
:106480000CD0FEE7074B9842FBD11D2070476FF000
:106490000D0070471C2070471B2070471A20704762
:1064A000004401400048014038B50446FFF762FF50
:1064B0002068FFF7B9FFD4E91312FBF7D3FB20687C
:1064C000FFF7B2FFFBF700FC22681046FFF7CCFF96
:1064D00005461046FFF7A8FF85420BD02846D4E9B1
:1064E0001312FBF7BFFB2068FFF7BEFFBDE8384083
:1064F000FBF7EABB38BD10B5FFF768FF044600683C
:10650000FFF792FFFBF7EEFB2068FFF7ADFFBDE85A
:106510001040FBF7E7BB0000431C10D00A4B984229
:106520000BD003D8B0F1804F0BD0FEE7074B984259
:1065300003D003F580639842F7D102207047002012
:1065400070470120704700BF002C0140004401400B
:106550004FF0B042D2F8883023F440630343C2F8CE
:10656000883070472DE9F04F89B0CDE9012304460A
:10657000129BD0F8A00003938B46B449FFF79EFE10
:10658000B3498246D4F8A400FFF798FEB149064605
:10659000D4F8A800FFF792FEAF490746D4F8AC0044
:1065A000FFF78CFEAA498046D4F8A000FFF786FECC
:1065B000A6498146D4F8A400FFF780FE0546BAF14B
:1065C000000F03D1B9F1000F00F03A81D4F8A430E4
:1065D000013303D016B9002D00F03281D4F8A83071
:1065E000013302D0002F00F02B81D4F8AC300133FE
:1065F00003D0B8F1000F00F0238131465046FFF779
:1066000084FE206020B929464846FFF77EFE2060C0
:1066100039462068FFF779FE41462060FFF775FE96
:106620002060002800F00C818C4B984240F0A18043
:106630004FF0B0431A6C42F480421A641A6C22F490
:1066400080421A641A6E42F480421A661B6E03F48A
:1066500080430593059B2423A4F8B030BAF1000FC2
:1066600000F0BA807949D4F8A000FFF70FFE26B1F8
:106670007749D4F8A400FFF709FE4FF00009002F76
:1066800000F0BC807349D4F8A800FFF7FFFD4FF479
:10669000807AB8F1000F06D06F49D4F8AC004AF404
:1066A000007AFFF7F3FD94F8B1206D4B94F9B00038
:1066B000C4F83C90271D43F822702368C4E9013BCD
:1066C000019BE360039B2361029B63610C23002217
:1066D000C4E9063A0823E362226262620121FBF701
:1066E000C1FAD4F800805F4B984538D1BBF5165FEE
:1066F000384600F28580FEF7C1FD3846002E00F0D6
:106700009380FEF7A8FC002800F09A800220FFF793
:10671000FEFA4FF0B043D3F890309B0700F1A6800B
:106720004FF0B04322681B68590500F1D5802268FC
:106730004C4B9A4202D10020FFF70AFF16B9002DF8
:1067400000F0BB803846FEF786FC002878D022682F
:10675000444B9A4203D14FF48060FFF7F9FE16B91B
:10676000002D00F0B380384609B0BDE8F04FFEF7C9
:1067700072BC3D4B984215D14FF0B0439A6B42F436
:1067800000329A639A6B22F400329A639A6D42F453
:1067900000329A659B6D03F400330693069B40F22A
:1067A000251359E72F4B98427FF458AF4FF0B04371
:1067B000DA6B42F00102DA63DA6B22F00102DA638B
:1067C000DA6D42F00102DA65DB6D03F00103079335
:1067D000079B40F226233FE7B9F1000F3FF44DAF8E
:1067E0001B49D4F8A000FFF751FD25B11749D4F893
:1067F000A400FFF74BFD4FF4004940E7BA4648E7D5
:10680000FEF752FD3846AEB1FEF725FCC0B14FF0A1
:10681000B0431A682368500589D5434562D14FF4C7
:106820000060FFF795FE5AE0002D7FF46AAFFEF797
:1068300042FC68E73DB9FEF73EFC00287FF470AFEC
:1068400009B0BDE8F08FFEF706FCF6E7501F02081E
:10685000FC1E0208A81E0208601E02080038014043
:106860006003002000800040004400402268234B69
:106870009A4203D14FF44060FFF76AFE3846002E7B
:10688000E1D1002DDFD1FEF716FC0028D8D04FF063
:10689000B04322681B685B057FF549AF174B9A42EE
:1068A000BDD03846FEF707FC0028C9D02268134B3C
:1068B0009A4202D10020FFF74BFE3846FEF7FBFB61
:1068C0000028BDD022680D4B9A4212D0384609B03C
:1068D000BDE8F04FFEF7EFBB084B9A429FD00EB9D0
:1068E000002DDED03846FEF7B6FB00287FF41FAF40
:1068F000A6E74FF48060FFF72BFEE7E7008000403B
:1069000010B4019C18B1019410BCFFF72BBE10BC51
:1069100070470000094B13B59C6D09492046FFF7ED
:10692000CDFC48B107480023C0F8A0401A460093A8
:106930004FF41651FFF716FE02B010BDC021020839
:10694000501F02084400002008B5074B90F8B12002
:1069500053F82200FEF72CF900F02200A0F12203E8
:106960005842584108BD00BF6003002008B5074BDE
:1069700090F8B12053F82200FEF71AF900F0210038
:10698000A0F121035842584108BD00BF6003002018
:106990002DE9F0472B4C06460D46FAF723FD94F8F7
:1069A000B130022B074613D894F8B120264B53F888
:1069B0002240A4F104084046FFF7D8FFD0BB4FF4B3
:1069C0007A73AAB231462046FEF7BEFA40B908E013
:1069D0001E4B1F49D3F858804046FFF76FFC18BB89
:1069E00000252846BDE8F0875AF8233043B994F8CB
:1069F000B1300133DBB2022B84F8B130F4D90CE0B2
:106A000049464046FFF75AFC94F8B1205AF8223024
:106A10001B688342EBD1022AC6D9FFF77BFF94F8AB
:106A2000B130022BC0D9DBE7DFF81CA0DFF82090E3
:106A30000023E0E7FAF7D6FCC01BB0F57A7FBAD3A3
:106A4000CEE700BF4400002060030020C021020800
:106A5000501F020870B50E46054610B94FF0FF30C2
:106A600070BDFFF771FF04460028F7D129460122C7
:106A700011F8B23F337095F8B100034B53F8200082
:106A8000FEF7D8FB2046EBE76003002038B50D4643
:106A90000446C0B1FFF758FFA8B994F9B000C4F894
:106AA0009850FBF71FF994F8B100074B04F1B201BD
:106AB00053F820000122FEF7BDFB94F9B000BDE8B9
:106AC0003840FBF701B938BD6003002038B51546E2
:106AD0000446C8B1C0F89C1090F9B000FBF702F969
:106AE000D4F8B830B4F8C21094F8B10013FA81F1B8
:106AF000064BAAB253F82000FDF7C2FB94F9B00090
:106B0000BDE83840FBF7E0B838BD00BF60030020A7
:106B100050B1D0F8A430013306D190F8B120034B26
:106B200053F82200FDF7F8BF704700BF6003002054
:106B300050B1D0F8A430013306D190F8B120034B06
:106B400053F82200FEF70EB8704700BF6003002024
:106B5000D0F8943004381847D0F8983004381847E3
:106B600010B5044650F80439DA69D1070CD5012272
:106B70001A62FFF7E9FEB0B904F1AE012046012226
:106B8000BDE81040FEF756BBDA69920701D5022234
:106B9000EEE7DA69510701D50422E9E7DA6912075D
:106BA000E7D50822E4E710BD08B52420FBF7D2F8AA
:106BB000024B1868BDE80840FDF7C4BB6003002025
:106BC00008B52520FBF7C6F8034B586818B1BDE897
:106BD0000840FDF7B7BB08BD6003002008B52620BC
:106BE000FBF7B8F8024B9868BDE80840FDF7AABB70
:106BF00060030020012200F1AE01FEF71BBB000084
:106C00000A490346086810B50344EFF3088293422B
:106C100005D9074B0C221A604FF0FF3010BD054A12
:106C2000054C121B9342F4D20B60F7E70C010020D5
:106C30000879002000000120000400004FF0FF3020
:106C400070474FF400534B6000207047012070479D
:106C50000020704700207047FEE70000024B16221C
:106C60001A604FF0FF30704708790020012070470C
:106C7000054B1B688B4221BF036801330360002072
:106C800038BF6FF0330070476C03002070B50D46BD
:106C900004461646114628460EF027FD20460123DD
:106CA000324629460EF00BFD204670BD10B500247B
:106CB000C0E90142024A0160C160026110BD00BF2B
:106CC0001AB9020813B500240549019401AA0C3031
:106CD0000FF087FC10B9019802B010BD2046FBE709
:106CE000716C00080346406810B500B91868C468A4
:106CF000FFF7E8FFE369584348BF00F2FF30801216
:106D000010BD436803B90368DA68D2E90730584315
:106D100048BF00F2FF308012704710B50968044682
:106D200000230EF0CCFC204610BD10B511460446E1
:106D30001A4600230EF0C3FC204610BD00680EF07A
:106D4000D4BC084611460EF0D0BC10B50446D0E9BC
:106D500000031BB9BDE810400EF08DBC0EF08BFC9B
:106D600008B16068F6E710BD0A460C30014907F02B
:106D70007FB900BF082402080A460C30014907F019
:106D80009FB900BF0824020830B5CBB014461D4699
:106D90000A460023016802A80EF091FC02A80EF03A
:106DA0000FFE002800F0B2800422214602A80EF057
:106DB0006CFD2022211D02A80EF067FD0422694609
:106DC00002A80EF062FD082229460DEB02000EF02B
:106DD0005CFD08224E990DEB02000EF056FD0422D8
:106DE00004F1240102A80EF050FD012204F1280153
:106DF00002A80EF04AFD012204F1290102A80EF0BA
:106E000044FD012204F1460102A80EF03EFD0122DC
:106E100004F12B0102A80EF038FD042204F12C012C
:106E200002A80EF032FD012204F1300102A80EF09A
:106E30002CFD012204F1310102A80EF026FD0122F1
:106E400004F1320102A80EF020FD012204F1330109
:106E500002A80EF01AFD042204F1340102A80EF07B
:106E600014FD012204F13C0102A80EF00EFD0122E6
:106E700004F12A0102A80EF008FD012204F14701E5
:106E800002A80EF002FD0122694602A80EF0FDFCE8
:106E9000042204F1380102A80EF0F7FC012204F1EB
:106EA0003D0102A80EF0F1FC012204F13E0102A80E
:106EB0000EF0EBFC042204F1400102A80EF0E5FC08
:106EC000012204F1440102A80EF0DFFC012204F1CA
:106ED000480102A80EF0D9FC012204F1450102A8E4
:106EE0000EF0D3FC1F2204F1490102A80EF0CDFCE4
:106EF000102204F1680102A80EF0C7FC01226946C5
:106F000002A80EF0C2FC02A80EF012FD4BB030BD7C
:106F1000F0B50F464168ADF5097D01B90168424AF7
:106F200040A800230EF0CBFB40A80EF049FD00283E
:106F300076D012A804F0C9F9202202A940A80EF0C8
:106F4000A4FC2028024668D11AA940A80EF09DFC96
:106F5000202862D1012222A940A80EF096FC012827
:106F600002465AD10DF1890140A80EF08EFC01288D
:106F7000024652D10DF1070140A80EF086FC01280F
:106F800005464AD1042237A940A80EF07EFC042809
:106F9000044642D12A460DF18A0140A80EF075FC44
:106FA00001283AD1224633A940A80EF06EFC0428ED
:106FB000044632D1402223A940A80EF066FC4028A6
:106FC0002BD1224634A940A80EF05FFC042824D11E
:106FD000042235A940A80EF058FC042802461CD112
:106FE00036A940A80EF051FC042816D102AD0FCDF1
:106FF0000AAC0FC495E80F0084E80F000AAE0FCE6C
:1070000012AD0FC594E80F0085E80F003B6812A988
:107010001B683846984700288BD140A80EF088FCA2
:107020000DF5097DF0BD00BF0E24020870B50C46B9
:107030004168DAB001B90168184A12A800230EF0BD
:107040003EFB12A80EF0BCFCD8B100250422694614
:1070500012A80EF01AFC0428EEB20FD120220DF176
:10706000250112A80EF011FC2028024606D10DF1D0
:10707000050112A80EF009FC202804D012A80EF079
:1070800057FC5AB070BD236801AA9B683146204660
:1070900098470028F2D00135D8E700BF192402082C
:1070A00070B50D464168F6B01E4601B90168134A35
:1070B00000232EA80EF003FB2EA80EF081FC044640
:1070C00098B9204676B070BD072202A9284619F06B
:1070D000ACFD50B99DF80F4004A92246304619F086
:1070E0001EFF2EA80EF024FCEBE7B42201A92EA867
:1070F0000EF0CBFBB428E7D00024F2E724240208EA
:107100000120704710B5CCB0CDE900230C46604A91
:10711000016804A8FFF7BAFD04A80EF051FC00288E
:1071200000F0B48000230422214604A8CDE90233F4
:107130000EF0EFFA2022211D04A80EF0EAFA042234
:1071400002A904A80EF0E5FA0822694604A80EF088
:10715000E0FA08224EA904A80EF0DBFA042204F19A
:10716000240104A80EF0D5FA012204F1280104A894
:107170000EF0CFFA012204F1290104A80EF0C9FA99
:10718000012204F1460104A80EF0C3FA012204F121
:107190002B0104A80EF0BDFA042204F12C0104A86E
:1071A0000EF0B7FA012204F1300104A80EF0B1FA92
:1071B000012204F1310104A80EF0ABFA012204F11E
:1071C000320104A80EF0A5FA012204F1330104A84B
:1071D0000EF09FFA042204F1340104A80EF099FA8B
:1071E000012204F13C0104A80EF093FA012204F1FB
:1071F0002A0104A80EF08DFA012204F1470104A827
:107200000EF087FA012202A904A80EF082FA0422E5
:1072100004F1380104A80EF07CFA012204F13D01CA
:1072200004A80EF076FA012204F13E0104A80EF043
:1072300070FA042204F1400104A80EF06AFA012257
:1072400004F1440104A80EF064FA012204F148019B
:1072500004A80EF05EFA012204F1450104A80EF024
:1072600058FA1F2204F1490104A80EF052FA102224
:1072700004F168010DEB02000EF04BFA012202A9A5
:1072800004A80EF046FA04A80EF052FB4CB010BD54
:107290002F240208F7B504460D4600681649164625
:1072A0001F460EF016FA40B11349009733462A469E
:1072B0002046FFF769FD03B0F0BD104920680EF0CD
:1072C00008FA0028F7D033462A4620460B49009793
:1072D000FFF75AFDD7E90023CDE9002329462046D0
:1072E000D6E90023FFF70EFF0449206803B0BDE88C
:1072F000F0400EF0FAB900BF2F2402083A24020829
:10730000F0B50D464168F9B001B901683A4A30A8B4
:10731000FFF7BCFC30A80EF053FBB8B102A8002464
:1073200003F0D3FF8DF807402B6802AA5B68214663
:107330002846984738B1202202A930A80EF0E9F972
:107340002028024604D030A80EF0F2FA79B0F0BD41
:107350000AA930A80EF0DDF92028F4D1012212A9E3
:1073600030A80EF0D6F901280246ECD10DF1490102
:1073700030A80EF0CEF901280246E4D10DF1070144
:1073800030A80EF0C6F901280746DCD1042227A94F
:1073900030A80EF0BEF904280646D4D13A460DF1C5
:1073A0004A0130A80EF0B5F90128CCD1324623A904
:1073B00030A80EF0AEF90428C5D1402213A930A898
:1073C0000EF0A7F94028BED1042224A930A80EF05F
:1073D000A0F904280246B6D125A930A80EF099F9E3
:1073E00004280246AFD126A930A80EF092F904284D
:1073F000A9D1013498E700BF0E24020830B50D462C
:107400004168DBB001B90168174A12A8FFF73EFCDA
:1074100012A80EF0D5FA90B1002400942B6801AAAE
:10742000DB68E1B22846984730B10422694612A8C9
:107430000EF06FF9042804D012A80EF079FA5BB0B0
:1074400030BD20220DF1250112A80EF062F920288E
:107450000246F1D10DF1050112A80EF05AF92028CB
:1074600004F10104DAD0E7E71924020810B54168F5
:10747000F6B001B901680D4A2EA8FFF707FC2EA847
:107480000EF09EFA78B1B422002101A819F0F7FBA2
:107490001424B42201A92EA80EF03BF9013CF8D126
:1074A0002EA80EF045FA76B010BD00BF24240208C5
:1074B00010B50446406800B9206805490EF009F986
:1074C00020B92046BDE81040FFF7D0BF10BD00BF77
:1074D00024240208436803B90368DB681A6A024B74
:1074E0001A60FFF7E5BF00BF6C0300202DE9F04FE5
:1074F000F7B09A469DF80092A9F16403422B064624
:107500000C4604D90025284677B0BDE8F08FFFF778
:10751000CFFF716801B93168254A01232EA80EF00A
:10752000CEF82EA80EF04CFA05460028EAD000212D
:107530002EA80EF0C8F900274FF0FF3BB846B42242
:1075400001A92EA80EF0A1F9B42820D02068A288A5
:10755000A37902905146ADF80C2004A84A468DF854
:107560000E3019F0DCFCB0688DF80F9003681B68D2
:107570009847394601902EA80EF0A5F9B42201A92A
:107580002EA80EF0C6F82EA80EF0D2F9BBE70722FF
:1075900002A9204619F049FB38B1019B5B453CBF6D
:1075A00047469B4608F1B408C9E74746CEE700BF07
:1075B00024240208BFF34F8F0549064BCA6802F422
:1075C000E0621343CB60BFF34F8F00BFFDE700BF06
:1075D00000ED00E00400FA057047704770477047FF
:1075E00070470000004870471AB902080020704731
:1075F0000048704780EE36007047704770470020A3
:10760000704700F5A040D0F8A800704700207047F0
:1076100000F5A04090F8D200704700F5A04090F827
:10762000D300C04300F00100704700F5A04090F87F
:10763000EC0000F00100704700F5A04090F8F00069
:1076400070470020704700F5A04090F8EE00003829
:1076500018BF01207047000030B4044D0468029543
:10766000D4F8D040A44630BC604700BF462402088E
:1076700008B50846F9F71EFB4FF08341F9F772FB96
:107680000249F9F767FAF9F76FFD08BD0000FA4300
:1076900038B508461446F9F70DFB0B49F9F762FBBC
:1076A0000A49F9F757FA04F03F040546601CF9F758
:1076B00005FB01462846F9F755FB0549F9F74AFA53
:1076C000F9F752FD38BD00BF0000C04000007A430A
:1076D0000000FA4370472DE9F74F05469DF830004A
:1076E0009DF83C6000F0030B46FA0BFB06F10C071B
:1076F0005F4407F101098846B9F1AD0F0D99019179
:107700000E9941DC05F5A0444FF0890C84F869C25C
:1077100045F2752A4FF0000CC4F8713284F86AC241
:1077200084F86B6284F86C02C4F86D2205EB0A00E1
:10773000324619F0F4FB06EB0A005A460199284438
:1077400019F0EDFB98F90201F9F7B8FA4FF07A5108
:10775000F9F708FB4FF08141F9F704FBF9F7DEFC7C
:107760002F4445F26926B855D4F834010368DB6824
:10777000984748B1D4F8340103685B694A46A919AF
:1077800003B0BDE8F04F184703B0BDE8F08F00002C
:1077900000F5A04070B5D0F8DC500C46284600211A
:1077A0001646F9F787FCD8B921460E48F9F7D0F903
:1077B0000146284617F01AF8F8F726FE0A4B002271
:1077C000F8F7C2FC044630460D46F8F7FBFD0246CA
:1077D0000B4620462946F8F76FFEF9F71DF970BDF4
:1077E0000020FCE79A99593F0000F03F38B500F5BA
:1077F000A045812385F8693200F5A44304466A3325
:1078000001F1200251F8040B43F8040B9142F9D125
:10781000D5F83401036804F5A4415B69212269317C
:10782000984741F28831204603F090FAC5F8A80144
:1078300038BD2DE9F04100F5BB4604460D467836CB
:10784000002704223146284619F0EFF9804650B14E
:107850000137082F06F10C06F3D129462046BDE872
:10786000F04106F015BA04F5A046822386F8693285
:107870002B68C6F86A32E06D03681B6898470C23D2
:1078800003FB074745F6F45304F5A441FB58C01A1F
:10789000C6F86E02D6F83401036809225B696931C3
:1078A000984745F6F85347F8038045F6FC53F858D7
:1078B000BDE8F08116F0D6B92DE9F14F00F5A044EE
:1078C0009846D4F82031D2F8009005460E46174667
:1078D000002B50D000F5A2400422203019F0A5F969
:1078E0008246002847D1C4F820014F490222381DA2
:1078F00019F09BF945F26B2805EB080B60B985235D
:1079000084F8693284F86A02336845F80830B3882D
:10791000ABF8043008221DE03B7933BB7B791A01B8
:107920001BB13146284606F0ECF8852384F869320D
:10793000BB7984F86A32336845F80830B388ABF80D
:107940000430C4F87192FB7984F875323B7B84F87B
:1079500076320E22D4F8340103685B6905F5A44140
:10796000693101B0BDE8F04F1847862384F86932C9
:1079700084F86AA2C8E7B8F1040F51D9D4F82431C9
:1079800023B305F5A24004223146243019F04DF905
:10799000E0B98723C4F8240184F8693284F86A02C4
:1079A00045F26B233168E950EA1805F5A440B38825
:1079B0009380391DA8F10402713019F0B0FAD4F89F
:1079C0003401036808F104025B69C7E7D4F8283181
:1079D0004B4508D100238B22C4F8283184F8692252
:1079E00084F86A32DCE7D4F830314B4518D10023F3
:1079F0008C2205F5A440C4F8303184F8692284F85B
:107A00006A32A8F10402C4F86B92391D6F3019F084
:107A100086FAD4F83401036808F102025B699DE735
:107A200001B0BDE8F08F00BF622402082DE9F14FDC
:107A300090469DF83020DDF828A09DF82C90012A72
:107A400004460D469DF838000D991E4646D104287F
:107A500044D904F5A047D1F800C0D7F82C316345CC
:107A60003CD14FF0000BC7F82CB1304604F077FB47
:107A700080B3484604F073FB60B38D2387F8693206
:107A800087F86AB245F26B232968E150E21845F2A3
:107A9000722BAB88938051464A4687F8719204EB6B
:107AA0000B0004F06CFB2318054600F5A44073306E
:107AB00003F80B6032464146204404F060FBD7F8DF
:107AC000343119682A184D6904F5A4410A32693124
:107AD0001846A847002001B0BDE8F08FCDE90D1091
:107AE000CDE90B923346424629462046CDF828A0E0
:107AF00001B0BDE8F04F04F039BF06F01BBAA0F5A5
:107B0000A140A0F12000F8E706F0F9B8A0F5A140E7
:107B1000A0F12000F8E706F01FBAA0F5A140A0F1FF
:107B20002000F8E706F053BAA0F5A140A0F120002C
:107B3000F8E710B400F5A0409DF804400194D0F897
:107B4000A40010BCFFF7D2BC08B500F5A040D0F8E7
:107B5000A400FFF7A5FA08BD00F5A04090F8D330C7
:107B6000DB070CD50139C9B203290AD8064B5A5C88
:107B700090F8EC301A4214BF012000207047012019
:107B800070470020704700BF7A26020870B500F5E4
:107B9000A0450446D5F834010368DB68984768B10E
:107BA000D5F83401902385F86932036804F5A441BF
:107BB0005B69BDE8704001226931184770BD2DE94D
:107BC000F04700F5A0450446D5F83401089E1F464D
:107BD0000368DB6889469046984720B3A92E22DCCB
:107BE000882385F869324FF081414846F9F7BAF8A1
:107BF000F9F794FA85F86A024046F9F78FFA85F8A2
:107C00006B0204F5A440324639466C3019F087F90E
:107C1000D5F83401036804F5A441F21C5B69BDE8A2
:107C2000F04769311847BDE8F0874B88A92B70B53C
:107C300004460D4635D800F5A0468E2386F86932F5
:107C4000806D03689B6B98474FF08141F9F78AF884
:107C5000F9F764FA86F86A02A06D03685B6B9847CF
:107C6000F9F75CFA86F86B02AB8886F86C3204F59B
:107C7000A4406A8805F14A016D3019F050F9D6F830
:107C800034016D880368DB68984750B1D6F8340139
:107C9000036804F5A4412A1D5B69BDE870406931A1
:107CA000184770BD4B88A92B70B504460E4635D8D1
:107CB00000F5A045842385F86932806D03689B6BCD
:107CC00098474FF08141F9F74DF8F9F727FA85F811
:107CD0006A02A06D03685B6B9847F9F71FFAFF23F0
:107CE00085F86B0285F86C3204F5A440728806F1C1
:107CF0004A016D3019F013F9D5F83401768803681C
:107D0000DB68984750B1D5F83401036804F5A44105
:107D1000321D5B69BDE870406931184770BD70B5B0
:107D200000F5A04605462022D6F8A4000C46FFF731
:107D3000E7F9D6F834010368DB689847C8B18F23A8
:107D400086F8693205F5A44321466A3304F120021E
:107D500051F8040B43F8040B9142F9D1D6F83401E1
:107D6000036805F5A4415B69BDE8704021226931D3
:107D7000184770BD70B514461A78032A054655D1C8
:107D800005F5A04291F8410092F8D91002294FEA76
:107D900050003BD001293BD100F0010192F8DA609C
:107DA000022E37D141F0020192F8DB20022A37D1AE
:107DB00041F004015B7821EA030111F0010024D0B5
:107DC00005F5A645183528460DF07BFBC32015F0B8
:107DD000E9FD80B2F8F76EFF1549F9F777F8012150
:107DE000024628460DF014FC059E284646F8044B32
:107DF0000DF06AFB044628460DF068FB224601465A
:107E0000304619F08CF8201DC0B270BD0121C5E7C5
:107E10000021C3E7012E04BF00F002063143C3E78F
:107E2000012A04BF00F004000143C3E70020ECE78F
:107E300000007A444B6843608B688360CB68C36002
:107E40000B6903610B7D03758B698361CB69C3612A
:107E50001F3100F1200300F5907011F8012F03F895
:107E6000012B8342F9D170478B889A0903F03F03B5
:107E700010B502FB033304464A88806D52FA83F141
:107E8000036802319B689847F8F714FF0649F8F732
:107E900069FFF9F769F900EB8000421C0021A06E30
:107EA000BDE8104004F033BACDCC4C3E8B889A0923
:107EB00003F03F0310B502FB033304464A88806D8C
:107EC00052FA83F1036802319B689847F8F7F2FE93
:107ED0004FF07C51F8F746FFF9F746F900EB8000C8
:107EE000421C0021A06EBDE8104004F010BA00F55D
:107EF000A0400023C0E94B33C0E94933C0F820312A
:107F00007047000073B5094BD3E90445CDE900453E
:107F100000F5A04600F5A141D3E90223D6F8A4005C
:107F20002831FFF7EFF802B070BD00BF706E00207F
:107F300007B500F5A0400023D0F834018DF80430D7
:107F4000036801225B6901A9984703B05DF804FB4F
:107F500007B500F5A0400123D0F834018DF80430B6
:107F600003688DF805105B69022201A9984703B0E8
:107F70005DF804FB2DE9F04100F5A04500F5A443B0
:107F800085F86912064614466A3302F1200152F858
:107F9000040B43F8040B8A42F9D194F8403085F879
:107FA0008A3294F8413085F88B3294F8423085F863
:107FB0008C3206F5A54304F144020D3304F184002C
:107FC00052F8047B43F8047B8242F9D106F5A540C0
:107FD00020224D3006F0F5F9D4F88430C5F8ED32A2
:107FE000D4F88C30C5F8F132D4F89030C5F8F532B9
:107FF000D4F88830D5F83401C5F8F932036806F5AD
:10800000A4415B69BDE8F0419422693118472DE92C
:10801000F74F00F5A0490546D9F8340198460368A2
:10802000DB680E4692469847002870D0BAF1000FE0
:108030000AD032468A212846FFF79CFF0C9B002B72
:108040005FD103B0BDE8F08F802389F8693205F570
:10805000A44332466A3306F1200152F8040B43F878
:10806000040B8A42F9D1D9F83401036805F5A4411B
:108070005B692122693198470C9B3BB941F28831F9
:10808000284602F063FEC9F8A801DAE7404604F08A
:1080900066F80028F2D005F5BC44583405F5CA4B03
:1080A00027460BF1180B4FF0FF33072231463846B5
:1080B000019318F0BAFD002834D0BA6A019B9A42A5
:1080C00038BF3C4607F16C0738BF13465F45ECD11B
:1080D00033682360B388A380B379A37106F12001CC
:1080E00004F1080018F013FF686E03681B689847D6
:1080F0000C99A062424604F12C0004F04FF8E071A4
:108100000CE0404604F02BF80028C4D199E70C9B02
:1081100023B1404604F023F80028BCD1BAF1000F87
:108120008FD1ABE73C46D3E7F0B5059C581C0D4614
:1081300003F1210650F8047B45F8047BB042F9D1E5
:1081400093F8210081F8400093F8220081F8410063
:1081500093F8230081F8420001F1440503F1240063
:1081600003F1640650F8047B45F8047BB042F9D172
:1081700001F1200503F1840650F8047B45F8047BE7
:10818000B042F9D1D3F88400C1F884008F2C0CDD03
:10819000D3F88800C1F88C00D3F88C00C1F89000A7
:1081A000932CC4BFD3F890301360F0BD43781B2BE1
:1081B0009DBF0448184100F00100012080F001003B
:1081C000704700BFFFFEFDF72DE9F04700F5A0491D
:1081D0000546D9F820430F2C8846174645F2243629
:1081E00033DD06444FF000093046FFF7DFFF20B3D0
:1081F0004FF0AD0AA4EB09020AFB09F00AFB02F2F8
:1082000045F2243600F5A741AD3A4C45D8BF0022CF
:1082100030445131013C29440AFB04F4284418F04D
:1082200014FD2B1904F5A6449F5525343A464146C2
:108230002819BDE8F04718F072BE09F101094C4554
:1082400006F1AD06D0D1BDE8F087AD235C4303193C
:1082500004F5A64425349A55204418F060FED9F858
:1082600020330133C9F82033EDE72DE9F34700F55A
:10827000A046994696F89E31DDF82880022B0446E8
:108280008A46174660D9112386F8693292F90201AD
:10829000F8F714FD4FF07A51F8F764FD4FF0814183
:1082A000F8F760FDF8F73AFF002386F86A0286F8CF
:1082B0006B3286F86C3204255146204605F072FE7A
:1082C000621945F269216B1C5054387823448007A9
:1082D00054BF3879FF20585445F26B230021D15404
:1082E00045F26C23404642F80390F8F781FF05F110
:1082F000070909EB0003AC2B05F5A445074605F17A
:108300007005C8BFC9F1AC073A464146601918F07C
:1083100006FE04F5A441204607EB09026931FFF788
:1083200053FFD6F834010368DB68984748B1D6F8A4
:10833000340183238DF80430036801225B6901A9AD
:10834000984702B0BDE8F087082386F86932012516
:10835000B2E72DE9F7430B9DA32D064689469046CB
:108360001F4650D800F5A0441B2384F8693292F9C7
:108370000201F8F7A3FC4FF07A51F8F7F3FC4FF045
:108380008141F8F7EFFCF8F7C9FE002384F86A0290
:1083900084F86B3284F86C324946304605F002FEB0
:1083A00084F86D0298F800309B0758BF98F80430A5
:1083B00084F86F7248BFFF233F0A84F86E3284F856
:1083C000707284F871520DB306F5A4402A460A99DA
:1083D000723018F0A4FD05F1090206F5A4413046FB
:1083E0006931FFF7F1FED4F834010368DB68984780
:1083F00048B1D4F8340183238DF804300368012296
:108400005B6901A9984703B0BDE8F0830922E4E75E
:1084100070B5044604F5A0460846D6F82033002B74
:108420001CDD96F8245304F5A6412A46253118F0A0
:1084300076FDD6F82033AD215A1EC6F82023002B36
:1084400001FB02F204F5A64004F5A741D8BF0022C3
:108450005131243018F0F9FB284670BD0020FCE7AC
:108460002DE9F34700F5A0451E4695F89E31022BF5
:10847000DDE90C9804468A4617466CD9102385F826
:10848000693296F90201F8F719FC4FF07A51F8F7C2
:1084900069FC4FF08141F8F765FCF8F73FFE0023D7
:1084A00085F86A0285F86B3285F86C32042045F253
:1084B00069228318DAF800C044F803C0E118BAF85A
:1084C00004308B803178831D8907234454BF317970
:1084D000FF219954231845F270220A999F5445F2BE
:1084E0007122B9F1000F995000F10C0708DD00F579
:1084F000A44075300B994A46204418F010FD4F44B3
:108500004046F8F775FE3B18AC2B45F26929064644
:10851000C8BFC7F1AC0607EB09003246414620440C
:1085200018F0FDFC2046BA1904EB0901FFF74CFED8
:10853000D5F834010368DB68984748B1D5F83401B1
:1085400083238DF80430036801225B6901A99847F1
:1085500002B0BDE8F087072385F869320120A6E75D
:10856000F0B585B016461F4604460D4605F04BFB98
:108570000A9B03930022CDE9012200973346294646
:108580002046FFF76DFF05B0F0BDF0B585B016468B
:108590001F4604460D4605F036FB0A9B0393002355
:1085A000CDE9013300973346012229462046FFF7E3
:1085B00057FF05B0F0BDF0B5044685B016461F461E
:1085C0000D4605F020FB41F28831204602F0BEFB4B
:1085D00004F5A0430222C3F8A8010B9B03930423D4
:1085E00002930A9B2946CDE9007320463346FFF7E4
:1085F00037FF05B0F0BD0000F0B585B016461F4648
:1086000004460D4605F0FFFA0022064B0393CDE920
:1086100001220097334629462046FFF721FF05B087
:10862000F0BD00BF462402082DE9F043044685B0A2
:108630000846884615461E4605F06CFE04F5A0491E
:10864000074658B199F8EF300133DBB2324629467C
:10865000204605B0BDE8F04303F001BA2946404684
:1086600005F063FE99F8EF10ADF80C000131C9B2C6
:108670000091334603AA29462046ADF80E7003F058
:108680001BFA05B0BDE8F0832DE9FF4700F5A041D6
:108690006F4604469046994601F5887501F5907637
:1086A000BA46286869683B4603C30835B5421F4689
:1086B000F7D104F5A3452C35284605F02BFE4B4693
:1086C00000280CBF2946514642462046FFF7ACFF22
:1086D00004B0BDE8F08700002DE9F843044604200B
:1086E00017460D469846FDF7F0F8604B03600646C6
:1086F0004020FDF7EAF81021814605F0DFFD5C4BD4
:1087000023603368E665C4E915950025C4E904557E
:108710001B68656030469847012384F82C30554B20
:108720002365554B2360089BA4F86050C4E90605F7
:10873000C4E90955C4E91055C4E912552562E36638
:10874000C4E9198704F17000254602F0CDFD4B4BBA
:1087500045F8D03B04F5914630362846B83502F04E
:10876000B4FDB542F9D104F59A47783704F5A04530
:108770003E4678353046303602F0A7FDAE42F9D19C
:1087800004F58048002504F594402946C8F8B058FF
:108790004FF40272683018F072FA2946C8F8705C1B
:1087A000C8F8645AC8F8745C4FF44072384618F040
:1087B00066FA28222946304618F061FA304B2360C9
:1087C00004F5A04603F58873C6F8A030099BC6F8E7
:1087D000A4300A9BC6F8345104F5A640C6E94E35CC
:1087E000B42118300CF05AFE2046A6F84C51C6F8B9
:1087F000205386F89E51FFF77AFB04F5BC402946CA
:10880000C6F8545EC6F8A051C6F8A8514FF4D86215
:10881000583018F034FA04F5A340294610222C30C1
:1088200018F02DFA04F5A1432C332946184674227A
:1088300018F025FA4FF07E521249C6F8A82018F019
:1088400066FB114BC6F8D430104BC6F8CC304FF451
:10885000A163A6F8D030162386F8D83086F8E65003
:10886000C6F8E8502046BDE8F88300BF8826020815
:10887000A02A020880EE3600482B0208642C020869
:10888000942602086524020800007A428D67594444
:10889000F0B5054605F5A0449DB005F1700602F05F
:1088A00054FED4F8A4003146FEF75EFAE8B96846F3
:1088B00002F0EAF860226946304618F030FB0A27D9
:1088C00095F87030013BDBB2FD2B09D9684602F008
:1088D000DBF860226946304618F021FB013FEFD1FA
:1088E000D4F8A4003146FEF747FA0422314619A80D
:1088F00003F020FD05F5A14019A92C3018F007FB65
:10890000574BD4F8A40005F5A1412831A3F1080282
:10891000FEF7C0FCD4F8DC6000213046F8F7C0FB5D
:10892000002840F095804F493046F8F7D7FB00B15A
:108930004C4EC4F8DC60D4F8A86000213046F8F74B
:10894000AFFB002840F0868047493046F8F7C6FB69
:1089500000B1454EC4F8A860D4F8CC604349304615
:10896000F8F79EFB002877D141493046F8F7B6FB6F
:1089700000B13F4EC4F8CC60D4F8D4603D493046D5
:10898000F8F78EFB002869D13B493046F8F7A6FB83
:1089900000B1394E94F8D030C4F8D4600C2B28BF05
:1089A0000C23052B38BF052384F8D03094F8D13040
:1089B000D4F8A400082B28BF0823052B38BF0523B3
:1089C00084F8D13094F9D830162BA8BF16236FF055
:1089D00008029342B8BF134684F8D83094F8E630C2
:1089E000D4F8E820012B28BF012384F8E630234B7C
:1089F0009A4294BFC4F8E820C4F8E83005F5A146CF
:108A000005F5804200232036C4F848313146C2F8CB
:108A1000B038FEF77DFA284604F0F3F8184A1949F1
:108A2000284605F049FAD4F8A4003146FEF7FEFACC
:108A300094F8D13094F8D020D4F8D410D4F8CC00E5
:108A400002F002F894F9D80002F018F81DB0F0BD59
:108A500000266EE700267DE7044E8BE7054E99E77A
:108A6000806E00200000A04100001041000016436D
:108A700000401C459A99F9400000FA4380510100DA
:108A80006C24020885240208084B002218688842DA
:108A900002D85868884206D20132032A03F108033B
:108AA000F4D1002070470120704700BFB4270208AE
:108AB00000F5A0400B68C0F834111B680846184741
:108AC0002DE9F04F00F5A044C5B094F8BC71162F05
:108AD00005460E4647D1012907D8B4F8BC81B8F144
:108AE0003D0F40F04986012143E194F8BD3184F8FF
:108AF0009E310D2384F8693243F20B23A4F86A32C5
:108B000045F27122082384F86C321044D4F8E03026
:108B1000C4F86D320023AB50B9494360836018F04C
:108B2000F6F905F5A440B74928227D3005F049FC47
:108B300005F5A54014222530B34905F042FC94F810
:108B4000EE3084F8B932D4F8340194F8EF3084F878
:108B5000BA3203685B69522205F5A441693145B018
:108B6000BDE8F04F1847012F40F08280072940F2FE
:108B7000B08445F2BC1206440023B35484F84C314F
:108B8000052384F8693294F8D83084F86B321623C0
:108B900084F86C3200F5A44384F86A7200F1700224
:108BA0006D3300F1900152F8040B43F8040B8A4234
:108BB000F9D1964F90A3D3E90023D7E90401F7F741
:108BC0007BFCF7F729FF8CA3D3E900230646D7E9FE
:108BD0000201F7F771FCF7F71FFF94F8D23084F821
:108BE000953294F8E43084F8963294F8DA3094F8B8
:108BF000DB208749C4F88D029B0043EA021394F8F6
:108C0000D920D4F8CC00C4F89162134384F8973289
:108C100094F8D33084F89832F8F7A4F8F8F7A4FA67
:108C20007B49C4F89902D4F8D400F8F79BF8F8F718
:108C30009BFA05F5A14794F8D03084F8A1322C377F
:108C400094F8D13084F8A232C4F89D023846F8F77F
:108C5000CFFA0246064605F5A5403946233018F0FE
:108C60005EF9D4F83401036806F13A025B6973E7F0
:108C7000022F40F084800D2940F22B8400F5A3419F
:108C80000622433194F8BDB194F8BE91D4F8BFA147
:108C900004F0E1FF804600286AD0BBF1010F66D8DE
:108CA00005F5A34707F149073E444FF0000306F8D6
:108CB0000D3C06AE1CD1D5F864A0DAF80030504661
:108CC0001B689847DAF804309842024698BF5A1C4D
:108CD000CAF804204B46CDE900764146284604F008
:108CE00037FC002316930646002832D1032170E09A
:108CF00016ABCDE90073029601464B465246284614
:108D000004F0D5FB06460028F0D0169B0BB3E86DA7
:108D1000D4F8547E03681B6898470C2202FB07575F
:108D200045F6F45345F6F851F850D4F8543E1698E9
:108D300002FB03520133505045F6FC5142F80180CA
:108D40005A4202F0070203F0070358BF5342C4F827
:108D5000543E771E06237E4284F869327E41169B7C
:108D600084F86A62C4F86B32069B00F0CDBC012720
:108D70003946284645B0BDE8F04FFFF7E9B8032F64
:108D800022D194F8BD31002B7FF4ADAE94F8BE1122
:108D9000D4F8BF7116AA05F0CDF808B9022118E081
:108DA00005F5A3434333073E009305F5A143019620
:108DB0002C3316AA3946284604F040FC0028EDD092
:108DC0002846FFF7B5F884E03E2F58D1032904D890
:108DD00006212846FFF7BCF87BE094F8BE7194F8B2
:108DE000BD81384603F0BBF9A0B9FF2FF0D10324B1
:108DF0001AE000BFAFF300800000000080842E4125
:108E00008C24020898240208AF240208706E002007
:108E100000007A44FF2FEAD005F5A3413A463F31DE
:108E200006A803F0ACF9C41C2B1945F2BC1241464C
:108E300013F8029045F2BD12284613F802A0A31CB5
:108E4000B34216AA34BFF61A002605F073F80028BC
:108E5000A4D059EA0A23BBD0A32EB9DC04F5A3445D
:108E60003E342C44CDE9003402963B4606AA16A9AE
:108E7000284604F023FC00283FF438AFA0E7042F75
:108E80002AD194F84C310BB1042172E7042986BF32
:108E9000D4F8BD31C4F84031C4F8403102238DF814
:108EA000583000F58043D4F83401D3F8B038CDF809
:108EB0005930036805225B6916A99847284605F0D2
:108EC00099F8012384F84C310023C4F83C01C4F81C
:108ED000443145B0BDE8F08F082F43D101292DD88A
:108EE000B4F8BC81B8F13D0F40F046844FF03D0826
:108EF000192F40F0D583052E7FF6F5AD94F9BD31DD
:108F000094F8BD71002BFFF6EEADBB1DB3423FF6EA
:108F1000EAAD45F2BE14BA1C39192944B21A2846E2
:108F200002F061FD0146002800F035810023009326
:108F30002A193B46284602F0F0FD4CE04E1E1F2E3B
:108F400028BF1F2645F2AC0400F5A34132463D314F
:108F500020442E4417F0E3FF002333552846FEF744
:108F6000D1FF38E00E2F00F0C987052F10D1406ED9
:108F700009238DF8583003681B689847CDF85900CD
:108F8000D4F8340103685B693A4616A99847A0E70C
:108F9000062F26D1042910D8B4F8BC81B8F13D0FB2
:108FA00040F0EA83022E7FF69EAD94F8BE31022B8C
:108FB00000F2A58184F8EF30D0E7406ED4F8BD41CF
:108FC00003681B6898478442C0F09981686E036803
:108FD00021465B689847284645B0BDE8F04FFEF74C
:108FE000A7BF072F37D194F8E43000F5A1412C3109
:108FF00003BB03F07EFD0746002800F0CC80012E65
:1090000023D994F8BD31012B1FD116AA04F588731A
:10901000944604F5907418685968164603C60833D8
:10902000A3423246F7D100233A4661462846FFF76D
:10903000FBFAD0E7B348D0E90423CDE90023D0E917
:109040000223284603F06CFDD5E700223946284666
:1090500003F04AF8BFE70D2F15D120299CD900F560
:10906000A34120223D3104F0F6FD002800F01081DC
:10907000FF2380F8423041F28831284601F066FE35
:10908000C4F8A801A7E7092F38D1232984D900F50E
:10909000A34120223D3104F0DEFD0746686E0368DF
:1090A0001B68984705F5A348069008F13C0857B19E
:1090B0004346009606AA39462846FFF735F8069B30
:1090C000C7F88830D7E716A802F0FFF843462846CD
:1090D000009606AA16A9FFF727F8069B389328469C
:1090E0003B9704F00CFE00283FF400AE41F28831BB
:1090F000284601F02BFEC4F8A80161E6122F0BD818
:109100000E2F40F20481A7F10F03032B00F2FC8025
:10911000DFE803F01931539B1E2F3ED0152F40F28C
:10912000F980262F00F0B1812B2F00F09181B4F847
:10913000BC81B8F13D0F40F02A82022E3FF635AFD8
:109140004FF03D080BE200F5A3463D3631462022A4
:1091500004F081FD0146002800F09A80284604F0C2
:10916000DDFD002800F09480D4F8A40020223146D0
:10917000FDF7C6FF7FE700F5A3413D31202204F053
:109180006AFD0146002800F08380284604F0D0FAEA
:1091900000287FF420AF0321EBE500F5A341202256
:1091A0003D3104F058FD0246002871D003212846C5
:1091B00045B0BDE8F04FFEF7DDBE20292CD894F86D
:1091C000E43000F5A1412C31DBB903F092FC0646F6
:1091D0000028E0D0037843F00103037005F5A441B3
:1091E0000B2384F869326A3102F0F4FF31460746F6
:1091F000284601F09BFDD4F8340103687A1C5B69B2
:10920000AAE44048D0E90423CDE90023D0E90223B1
:10921000284603F085FCDAE700F5A3413D31202222
:1092200004F019FD014698B305F5A4426A322846B8
:1092300004F0A1FA024658B30B23D4F8340184F8A1
:109240006932036801325B6986E462294DD8B4F85B
:10925000BC81B8F13D0F1DD0B8F1340F40F0EC8265
:10926000212E00F2D181272F00F08E82322F3FF481
:109270003AAC1C2F40F0FF82202E7FF634AC05F56F
:10928000A3413D31284604F0A7FC00287FF4A3AE9B
:1092900002216EE502293FF688AE392F40F03F8269
:1092A000212E7FF620AC05F5A3413D312022284632
:1092B00004F0D1FC01460028EAD016AA019206AAC1
:1092C000A6F12103009205F5A342DBB25D322846E8
:1092D00004F0F7FA064600283FF408AD2846FEF7EA
:1092E00006FE069BC4F8303102E24A1E00F5A34197
:1092F000D2B23D3104F048FA00287FF46CAE06216A
:1093000037E500BF706E0020152F3FF60AAF092F1A
:1093100040F2DF80A7F10A030B2B00F21A81DFE88D
:1093200013F00C0024007100180118011801180135
:109330001801180118011801830005F5A4466936C3
:1093400031462846FFF764F8021E05DDD4F83401E3
:1093500003685B69314602E40A23D4F8340184F8D7
:109360006932036801225B69F4E70B2ED4F8BD1162
:10937000D4F8C17194F8C59194F8C68140D994F895
:10938000C76126B12846FFF77FFB0028B7D0C04A47
:10939000A1F51233A3F5F8739342B0D8A9F10503F0
:1093A000072BACD8A8F10503032BA8D8B94AA7F519
:1093B000DA53183B9342A2D884F8D09084F8D18035
:1093C0000846F7F777FCB449F7F780FDC4F8CC00FE
:1093D0003846F7F76FFCB049F7F778FD84F8EE6090
:1093E000C4F8D4002846FEF78DFD94F8D13094F8E7
:1093F000D020D4F8D410D4F8CC0001F025FBEAE555
:109400000026C4E794F8BD2102F10903DBB21F2B4B
:109410003FF675AF284684F8D820FEF773FD94F91F
:10942000D80001F02BFBD6E5D4F8BD01D4F8C1611A
:10943000F7F740FC9849F7F749FDC4F8DC003046DF
:10944000F7F738FC9449F7F741FDC4F8A80085E523
:109450009149D4F8DC00F7F785FCF7F785FE8E49D3
:109460000646D4F8A800F7F77DFCF7F77DFE172332
:10947000C4F86E02D4F8340184F86932C4F86A6220
:10948000036809225B69FFF767BB94F8BD3184F874
:10949000D330022E7FF662AD94F8BE3103F00302A2
:1094A00084F8D920032EC3F38102C3F3011384F897
:1094B000DA2084F8DB303FF451AD94F8BF3184F802
:1094C000E430042E3FF44AAD94F8C03184F8D23031
:1094D00044E5B4F8BC81B8F13D0F40F08880022E1D
:1094E0003FF663AD172F72D0182F7FF4FFAC402EDC
:1094F0007FF6F9AA05F5A3463D36304601F016FF82
:1095000000283FF4FCAE16A801F0EEFE314616A886
:10951000402201F0A7FFD4F8A40016A9FDF72CFC07
:10952000002800F0B18016A9602205F1700017F044
:10953000F6FC2846FEF7FCFC05F58043002205F505
:10954000A141D4F8A400C3F8B0282031FDF7E0FC15
:10955000BFE4B4F8BC81B8F13D0F3FF4EEAD132F7A
:1095600015D105F5A3404D4906223D3017F05DFBAE
:10957000002840F00181D4F8A83133B105F5A141AC
:10958000D4F8A4002031FDF7BBFEFEF713F8142F2A
:109590001BD10C23C3208DF8583014F003FA064673
:1095A000D4F8A400FDF79EFB0546D4F8A400FDF70F
:1095B000A8FBCDF85F00D4F83401ADF85960CDF8C0
:1095C0005B5003680B225B69DFE4172F0FD10E237A
:1095D00040220DF1590105F170008DF8583001F06D
:1095E0001DFFD4F83401036841225B69CDE4182FD4
:1095F0007FF47EAC402E3FF67DAFB8F1340F7FF4A0
:1096000072AA212E7FF66FAA05F5A34120223E31D2
:10961000284604F020FB064600283FF439AE4FF6FA
:109620000363ADF85830A86E0023ADF85A308DF8BA
:109630005C30036804221B680DF15D019847FF232D
:1096400096F8427086F8423006AB019305AB009362
:109650003146092316AA284604F090F986F842708C
:10966000064600283FF442AB2846FEF740FC06229F
:1096700084F86922721E5642059BC4F82C3156416B
:1096800084F86A62FFF76EBB0521FFF7A2BB00BF3B
:10969000B0DB2300C885070000007A44BE2402081E
:1096A0001A2F7FF4FAAD202E7FF61DAA05F5A341EF
:1096B00020223D31284604F0CEFA2E4445F2BC1358
:1096C0000022F254074600283FF4E2AD05F5A3421C
:1096D000014616AB5D32284604F07EF806460028A7
:1096E0003FF404AB2846FEF702FC3B68C4F8203187
:1096F000701E46424FF00602464184F8692284F803
:109700006A62C4F86B32169BD4F83401C4F86F3225
:1097100003685B690A2205F5A441693136E41B2F11
:109720002AD1202E7FF6DFA905F5A34120223D3165
:10973000284604F090FA074600283FF4A9AD16AB7E
:109740000093014606AB0122284604F078F906464C
:1097500000283FF4CBAA2846FEF7C9FB711E3B68E0
:10976000C4F824314E424FF006034E4184F869326A
:1097700084F86A62069BC4E7B8F1340F3FF470AD19
:10978000272F59D1232E3AD8042E7FF4ACA905F502
:10979000A646183630460BF094FEC32014F002F9AA
:1097A00080B2F7F787FABD49F7F790FB012102462F
:1097B00030460BF02DFF8B2384F86932002384F8A8
:1097C0006A3245F26B23296FE950EA18B5F8743014
:1097D000938030460BF078FE074630460BF076FE5D
:1097E000014605F5A4403A46713017F098FBD4F8CD
:1097F0003401036807F108025B69FFF7ADB905F5AD
:10980000A34140312022284604F025FA01460028D1
:109810003FF43EAD16AB0093032206AB284604F09E
:109820000EF9064600283FF461AA2846FEF75FFBC2
:10983000069BC4F828315BE7322F7FF41AAD212E46
:109840007FF651A905F5A3413D312022284604F0B9
:1098500002FA014600283FF41BAD16AA019206AA9F
:10986000A6F12103009205F5A342DBB25D32284642
:1098700004F084F82EE51D2F0AD1202E7FF633A99F
:1098800005F5A3413D31284604F083F9FFF7A3BB5A
:109890001F2F2BD1012E7FF626A994F8BD6116AAA1
:1098A0003146284604F046FB00283FF477AA1223ED
:1098B00005F5A44084F869320DF1790184F86A62F3
:1098C0006B3017F024FB05F5A5430DF159020B335E
:1098D0000DF1690152F8040B43F8040B8A42F9D1E7
:1098E000D4F83401036832225B6914E7202F31D1A8
:1098F000323E0F2E3FF6F7A805F5A3413A463E311A
:109900000DF1790094F8BD6104F04CFD10220021A6
:109910000DF1690017F0B3F905F5A3435E330DF1BE
:10992000590203F1100153F8040B42F8040B8B4267
:10993000F9D116AA3146284604F00EFB00283FF460
:109940002DAA05F5A141D4F8A4002031FDF756FD5C
:10995000FFF736BA212F22D1132384F8693200236E
:1099600084F86A32D4F834014FF40053C4F86B32EF
:10997000036805F5A4415B69062269319847D4F86C
:10998000A00108B116F0EEFD4FF4005016F0E2FD14
:109990000023C4F8A001C4F8A431FFF79ABA222F1B
:1099A00000F0EC81232F1ED1D4F8A021002A3FF42F
:1099B0006BAA05F5A441D4F8A4316A3105F1700011
:1099C00001F078FDD4F8A00116F0CCFD0023D4F806
:1099D0003401C4F8A031142384F8693203684122A9
:1099E0005B69FFF7B9B8242F00F0F081252F00F054
:1099F0005882282F09D11523D4F8340184F869320C
:109A0000036801225B69FFF7A7B8292F12D1032E43
:109A10007FF669A82E4445F2BC13002405F5A34047
:109A2000F4543A213D3017F041F900283FF467AC77
:109A3000047064E42A2F00F08781382F40F0908072
:109A4000012E7FF650A894F8BD314BBB182284F844
:109A5000692284F86A32C32013F0A4FF0746E86D38
:109A600003681B6898470646686D03685B699847FA
:109A7000A4F86B724FF47A73B6FBF3F6C4F86D6218
:109A8000B5F8603084F87302D4F83401A4F8713268
:109A900003680B225B69FFF75FB800BF00007A44E0
:109AA000012B37D1182284F8692284F86A32A86D14
:109AB000C14E03681B6A98478246706803681B6F33
:109AC00098478146706803685B6F98476B692F6998
:109AD000A4F86BA2804648464FF47A72B3FBF2F6C4
:109AE000B7FBF2F7F7F71AFB4FF0814184F86D02EC
:109AF0004046F7F737F9F7F711FB84F86E02D4F810
:109B00003401C4F86F72C4F8736203680E225B6993
:109B1000FFF722B8022B7FF4F2AB182284F86922F7
:109B200084F86A32D5E90E01D5E90C76A24BC4F867
:109B30007B025A69D3F810C0D4F83401DB68C4F84A
:109B40008322C4F86B32C4F86FC2C4F87372C4F8CD
:109B50007762C4F87F1203681E225B69FEF7FCBFC0
:109B6000332F1FD105F5A340944905223D3017F04E
:109B70005CF800287EF4B7AFD4F8340110B1036864
:109B80005B689847D4F8A400FDF7DFF838B12846A1
:109B9000FEF7CEF94FF47A7014F068F8F5E4052179
:109BA000FFF7E7B8362F00F060813F2F39D1002E44
:109BB0003EF499AF2F2E24D905F5A3443D34204619
:109BC000F7F716FB01381D283FF699AB05F5A140C4
:109BD0002146713017F09BF905F5A3435C3305F579
:109BE000A242103203F1100153F8040B42F8040BA7
:109BF0008B42F9D1FFF7B2B9102217F040F8FFF706
:109C0000EAB905F5A1401F220021713017F037F89D
:109C1000102205F5A2400021104417F030F8FFF79C
:109C20009DB9402F36D11C2384F8693294F8F13065
:109C300005F5A441693133B305F5A143713305F549
:109C4000A4426A3203F11C0053F8046B42F8046B1F
:109C50008342F9D1188810809B78937005F5A24350
:109C6000103305F5A545093503F1100253F8040B2F
:109C700045F8040B9342F9D1D4F83401036830223B
:109C80005B69FEF76CBFD4F83401036801225B699D
:109C9000FEF765BF372F41D03A2F0FD194F8BD3171
:109CA00084F8EC30022E7FF659A994F8BE31402B8F
:109CB00028BF402384F8F030FFF750B93B2F11D173
:109CC000192384F8693294F8EC3084F86A32D4F8B5
:109CD000340194F8F03084F86B32036803225B6936
:109CE000FEF73ABF3C2F7EF4FEAE1A2384F86932A9
:109CF000334BC4F86A32C4F86E32324BC4F8723255
:109D0000C4F87632D4F834012F4BC4F87A32C4F850
:109D10007E32036819225B69FEF71EBF012E7EF6B4
:109D2000E2AE94F9BD31002BBEF6DDAE05F5A341E0
:109D30003D31721E284601F07DFE014600283FF4A9
:109D40002AAA0022FFF783B9212E7EF6CCAE05F5B4
:109D5000A34805F5BC4605F5CA4708F13E08583644
:109D6000183707224146304616F05FFF002800F002
:109D7000A9806C36B742F4D1FFF78ABA012E7EF67D
:109D8000B2AED4F8A00100283FF47EA8D4F8A431E4
:109D9000013E9A19B2F5005F3FF6FDA905F5A34112
:109DA000184432463D3117F0BAF8D4F8A4313344A0
:109DB000C4F8A431FFF70FB9B06E0020C524020823
:109DC000689B060088420D00F0010E000A2E7EF608
:109DD0008AAE0A3EB22E3EF686AE94F8C531F6B291
:109DE00003F0030146FA01F8B8F1400F3FF787AAE4
:109DF00001228A40013A12EA06097FF480AAD4F8C7
:109E0000BDA1D4F8C1215146284601F001FE074604
:109E100000283FF4C0A905F5A34246320146334667
:109E20002846CDF8009001F078FEBB88A86D7988AF
:109E30001944036802319B6898472B680146D3F8A0
:109E4000C8305FFA88F2284698470623C4F86F02A4
:109E5000D4F8340184F8693284F86A92C4F86BA2A9
:109E600003680A225B69FEF777BE012E7EF63BAEE1
:109E700094F8BD1100297EF436AE05F5A340112EED
:109E800000F12C007FF6B8AE05F5A3433E3303F195
:109E9000100253F8041B40F8041B9342F9D1FFF75A
:109EA0009AB8042E7EF61FAED4F8BD3133B12A49DC
:109EB000A3F5C332A03A8A423FF621AAC4F8E030A3
:109EC000FFF74CB8162384F86932B36AC4F86A32D3
:109ED000F27984F86E2205F5A44006F12C016F306A
:109EE00002F04DF9D4F834311A68546905F5A441EB
:109EF000821D693118462346FEF731BE08297FF6D8
:109F00004BA8D4F8BD01154B154AD4F8C141034400
:109F100093423FF6F4A994423FF7F1A9114B9C42BA
:109F2000FFF6EDA9F6F75EFA09A3D3E90023F6F7E9
:109F3000EDFB0D4EC6E902012046F6F753FA04A3E5
:109F4000D3E90023F6F7E2FBC6E90401FFF706B800
:109F50000000000080842E419FBB0D00804A5D05FB
:109F60000095BA0A006B45F5706E002070B500F5DB
:109F7000A0440546D4F83401036805F5A3413C31FB
:109F80009B69AEB09847014628B128462EB0BDE87F
:109F90007040FEF795BD94F84C3113B3D4F83401FA
:109FA00003681B699847E0B9684601F08EF905F52A
:109FB000A2406A4629463C3004F01EF8064690B19D
:109FC000D4F84031229A9A420BD96A460321284696
:109FD000FDF7D0FF229BD4F84421934201D9C4F865
:109FE00044312EB070BD042384F86932D4F83401B2
:109FF000D4F84431C4F86A32036805F5A4415B69BA
:10A0000005226931984784F84C61EAE72DE9F04769
:10A0100045F24E16ADF5916D00EB0609044602AF10
:10A020004846F7F7E5F8DFF8C08205464FF0000A2A
:10A03000404612F0EDFF002848D04E2D10DC40467F
:10A0400013F0ACF9C1B20A2906D06B1CE218254402
:10A05000A95502F806A01D46404613F0D5F9E7E7DA
:10A060004F2D05D104F5A0430D2283F89D214F25E6
:10A07000013D254445F24E13EA5C0D2A2AD1002207
:10A08000EA549A490422484616F0CFFD04F5A0464A
:10A0900040BB04F5A245523595490422284616F0E6
:10A0A000C4FDE0B904F5A240563016F04EFAC6F8E9
:10A0B000E0002046FDF726FFD6F8E0208D498A48CB
:10A0C00013F0CBF9002386F84E3103E04F2DC9D0B1
:10A0D000002DCDD107F59067BD46BDE8F0878649D4
:10A0E0002A46ECE785494846F7F778F808BBD6F8E2
:10A0F000A400FCF72AFED0B104F17001D6F8A40048
:10A10000FCF73AFE204604F5A1442034FDF7FAFEA0
:10A11000D6F8A4002146FDF7F3F82146D6F8A400AE
:10A12000FDF76CF97649704813F084F9CAE7754970
:10A13000F9E775494846F7F751F838B9D6F8A40059
:10A14000FCF703FE0028F2D07049ECE770490222C8
:10A15000484616F06AFD8046002840F0EB8004F582
:10A16000A24551356B490922284616F05EFD88BB91
:10A1700004F5A2455935044667495B482A4613F061
:10A180006CF9D6F8A4102A463846FCF7C6FD74B31D
:10A19000D6F8A4104A68002A94D02B4607F5907090
:10A1A000FCF7C3FD002207F5907107F510700BF066
:10A1B00011FCDFF86891DFF83081DFF864A107F562
:10A1C00010700BF0FDFB002860D107F590700BF0CC
:10A1D000AFFB77E753490822284616F026FD20B941
:10A1E00004F5A24558350124C6E74446C4E738467D
:10A1F0000BF0E6FB98B12246394607F510700BF0DC
:10A20000E9FBDFF82491DFF8E080DFF820A107F513
:10A2100010700BF0D5FB60B938460BF089FB2B783A
:10A22000002BB5D042492846F6F7D8FF0028AFD01A
:10A2300048E707F510700BF0CAFBB0B107F51070D6
:10A240000BF0C3FB2A4603465146404613F005F97E
:10A25000394607F5587000220BF0BCFB07F5587122
:10A2600007F51070FDF7E6FDD1E707F510700BF06C
:10A27000ACFB044607F510700BF034FB234600904E
:10A280002A464946404613F0E8F8E1E707F5107022
:10A290000BF09DFBB8B107F510700BF096FB2A464A
:10A2A00003465146404613F0D8F807F5907107F57C
:10A2B000587000220BF08EFB07F5587107F51070EF
:10A2C000FDF7B8FD7BE707F510700BF07EFB044649
:10A2D00007F510700BF006FB234600902A4649460E
:10A2E000404613F0BAF8E0E73C750020CB240208A2
:10A2F000D0240208D5240208EA240208072502080F
:10A300000F2502082A2502084025020846250208D2
:10A31000552502085825020862250208C3250208AF
:10A32000AE2502081B2602088D25020877250208A3
:10A330002226020853490322484616F076FC80463E
:10A3400000285ED104F5A24909F152094E490922BB
:10A35000484616F06AFC0546002840D104F5A244A0
:10A360005A34D6F8A410224607F51070FCF7D5FC35
:10A370006DB1D6F8A41007F558704A682346FCF76B
:10A38000D4FC07F5587107F51070FDF753FD07F57C
:10A3900010700BF015FB00283FF494AE07F5107019
:10A3A0000BF0F1F9C31D23F00703E846ADEB030DF5
:10A3B00002AD82B20446294607F510700BF065FA2B
:10A3C00022463248294601F0CFFF31492F4813F089
:10A3D00017F807F510700BF0ABFAC54672E62D4979
:10A3E0000822484616F021FC20B904F5A24459344D
:10A3F0000125B6E72849254813F01CF886F84E8158
:10A4000068E626490322484616F00FFC80BB96F802
:10A4100051313BB104F5A245513521492846F6F7A3
:10A42000DDFE08B91F497EE617490922284616F0C5
:10A43000FCFBD6F8A48038B904F5A2455935294665
:10A440004046FCF77BFC0EE012490822284616F035
:10A45000ECFB0028F3D104F5A242D8F804105832DE
:10A460004046FCF76EFC08B10F495CE60F495AE61E
:10A470000F494846F6F7B2FE08B9FDF79BF80D49BB
:10A4800051E600BFE3250208582502083C7500206C
:10A4900019B902081B260208E7250208242602082B
:10A4A00022260208282602083E2602084B26020819
:10A4B000BE2402086126020838B5044604F5A0450A
:10A4C00003F0B0FD95F84D3120469BB1FFF79EFD9E
:10A4D000D5F8A81169B1204600F02CFC48B104F56C
:10A4E000A141D5F8A4002031FCF70AFF0023C5F8EC
:10A4F000A83138BDFFF73AFDEAE738B50C468D18AC
:10A50000AC4200D138BD4FF48071002013F0B5F992
:10A5100004F8010BF4E737B50B78C3F38303044663
:10A52000032B084604F2044511D1D1F84A20002338
:10A5300055F8041F914206D103F58173002244F8B7
:10A54000232003B030BD0133402BF1D1F9E7694638
:10A5500001F0B1FE043408222146684616F065FB7E
:10A5600010B920606060ECE70834AC42F3D1E8E752
:10A57000F7B50A78C2F38303032B04460E4600F2B4
:10A58000044529D1D1F84A102B4600F2045053F863
:10A59000045F8D420CD102F00302023A012A2CD949
:10A5A000D4F810350133C4F81035012003B0F0BDE4
:10A5B0008342ECD1D4F8083503F58172013344F8B5
:10A5C00022105A4202F03F0203F03F0358BF5342A9
:10A5D000C4F808350020E9E76946304601F06BFE13
:10A5E000271D08223946684616F01FFB58B93378F4
:10A5F00003F00303023B012BD1E7D4F80C35013300
:10A60000C4F80C35D1E70837AF42EAD1D4F80424B6
:10A610006B4603CB04EBC20250609160D4F8043463
:10A6200001335A4202F07F0203F07F0358BF5342C6
:10A63000C4F80434CEE7000038B5114C06224FF4BC
:10A64000E131204612F06CFE0E4B00251D7100F02A
:10A65000ABF900B9FEE700F0EFF913F0FFF80A4894
:10A6600004F0FEFA0948FCF735FF29460848FEF7D2
:10A670000FF908490648CC60BDE83840FEF718BA23
:10A680003C75002090700020B0700020586E0020B3
:10A69000700300209C6D002010B50848FFF70CFFE8
:10A6A00013F0E0FA064BD3E9042499699861411A42
:10A6B000521844F10004C3E9042410BD70030020C3
:10A6C000906E0020F0B5184E184F194D194985B0FD
:10A6D00032463846FCF7EAFA174B184A1A6000244B
:10A6E00028469C80164B40F8043B21464FF480627C
:10A6F00016F0C5FA21464FF4807205F58160C5F861
:10A70000044416F0BCFAC5F80845C5F81045C5F86C
:10A710000C450C4A0C490095CDE9017433460B48B1
:10A72000FDF7DAFF05B0F0BD906E0020586E0020F6
:10A7300088680020B07000209C6D0020EC2B02087F
:10A74000E027020810010020B06E002070030020F6
:10A75000064B074A1A6003F5A04302F5887203F519
:10A760004670C3F8A0200AF0A5BE00BF7003002009
:10A7700094260208004870470000C07F0020704700
:10A78000002070477047704770470020704770473F
:10A79000002070470020704700207047002070475D
:10A7A00000487047E82702080020704700487047BB
:10A7B000E827020840680368DB681847B0F918000A
:10A7C000704770470020704700230371704700797D
:10A7D00070470000BFF34F8F0549064BCA6802F46B
:10A7E000E0621343CB60BFF34F8F00BFFDE700BFB4
:10A7F00000ED00E00400FA0500207047406808B54D
:10A800000368D3F88430984710F0140F14BF012068
:10A81000002008BD406803681B6F18474068036844
:10A820005B6F184710B54FF47A7204460023D0E9E5
:10A830000401F6F7B9FCA368184410BD0020704766
:10A8400000207047704700207047002070470020AC
:10A850007047002070470020704700000048704794
:10A86000982402087047F8B507460C468E18B44283
:10A8700000D1F8BD78680368D3F8A43098474FF446
:10A8800080710546002012F0F8FF454004F8015B96
:10A89000EDE708B5F8F7ACFB72B6BDE80840F8F78D
:10A8A000AFBB08B5C32013F07DF880B208BD10B56A
:10A8B0004FF4DE710446FBF70CF8204610BD4068EB
:10A8C000002106F091B910B5044613F0CBF9D4E994
:10A8D0000431A269A061821A9B1841F10001C4E908
:10A8E000043110BD10B500220023C0E904238160AB
:10A8F000044613F0B7F9A06110BD036810B5DB6B17
:10A900000446984720B92046BDE8104004F0BAB884
:10A9100010BD10B44468134694F8602110BC04F0D4
:10A92000C9B830B5012185B0044607F05FFA0122AD
:10A930000021204607F07FFA7F238DF80F30002298
:10A940000123CDE9003289210DF10F02D4F85C0119
:10A9500004F0D9FED4F85C31186803680521DB697E
:10A96000984713F07FF90546D4F85C311868D96A26
:10A9700002681269904720B113F074F9401B322825
:10A9800006D9D4F85411204606F003FA05B030BDBC
:10A99000D4F85C31186803685B6D9847E4E708B544
:10A9A0004068FFF7BEFF08BD30B51B4A1B491C4875
:10A9B00087B008F0BAFA1B4B049310221623CDE996
:10A9C0000232122105230024CDE90031164A17492D
:10A9D00013480594082305F0D5F8054658B11449E5
:10A9E000144812F00DFD13480A22294612F082FD88
:10A9F000204607B030BD012211460124084808F066
:10AA000025F9009441F2210341F60F5221460448F2
:10AA100008F0C6F9ECE700BF242A0208842A0208DD
:10AA2000D46E00209A99D93F00007A428D6759442C
:10AA3000F62702083C75002002486FF0004108F03C
:10AA4000F6BC00BFD46E0020F8B50B4C17460E467E
:10AA5000014620461D4605F0CFFA3946204607F04C
:10AA600045FD3146204607F0DBFC29462046002202
:10AA7000BDE8F84007F059BDD46E002001460148FA
:10AA800004F0D7BFD46E002013B5054B0093694680
:10AA9000044B0193044600F033FC204602B010BD85
:10AAA0001C280208D46E002070B5184E184B336075
:10AAB0004820FAF70AFF174C054605F029F9294600
:10AAC000204605F0CBF8144B2360144B1449196051
:10AAD000C3E901460022134CC3E90322124B236051
:10AAE000124B6260A36000220023C4E9042313F028
:10AAF000B9F80F4B0F4AA06100210020C3E9020101
:10AB0000C3E90401C3E906011A6070BD907000201A
:10AB1000CC290208D46E002028280208B06E00203C
:10AB200030290208906E002090290208EF934466B5
:10AB3000706E0020A42902087047002070474FF073
:10AB40007E507047C82070474FF47A60704700000D
:10AB500070B50F481646F5F7FBFFF5F755FC0246B2
:10AB60000B4600200B4913F0D3FD0B4B0022F5F7E9
:10AB7000EBFA044630460D46F5F724FC02460B4638
:10AB800020462946F5F798FCF5F746FF70BD00BF53
:10AB90009A99593F000024400000F03F002370B50F
:10ABA0000446C0E90C33C0E90E33C0E91033A0F805
:10ABB0006030C06D03681B689847236820629B6BF8
:10ABC00020469847236820651B6A2046984706461A
:10ABD000206DF6F76FF84FF07E5105463046F5F7D9
:10ABE000B9FF01464FF07E50F6F770F9014628464E
:10ABF000F6F7B8F8F6F7B8FAA064E06D03681B68DA
:10AC00009847E064A06D03681B689847A06D0368CF
:10AC1000DB6A984784F82C0070BD2DE9F0410446AA
:10AC2000C06D03681B689847E56C2368451B1B6A69
:10AC30000646204698474FF07E51F5F78BFF0146B8
:10AC40004FF07E50F6F742F9236807469B6B20468B
:10AC5000984780462846F6F72DF83946F6F782F8E9
:10AC6000F6F782FA054670B14046F6F723F8394602
:10AC7000F6F778F8F6F778FAA36CE6641D44A84274
:10AC800094BFA064A564BDE8F081F8B51E461378B2
:10AC90000B7017469A090D4601D00020F8BD03F04D
:10ACA00003020923D34013F0010319BFB7F80130A1
:10ACB000EB800B81CB801BBFB7F803302B810121C8
:10ACC00005217C5CAC80A209032AE6D004F03F0495
:10ACD00002FB0444E2B2402ADFD801315418B442E6
:10ACE000DBDC394405F10A0016F019F9321B92B287
:10ACF000B82A6A80D1D8391905F14A0016F00FF93F
:10AD00000120CBE710B50446406D03681B689847E7
:10AD100030B9B4F8603043F00103A4F8603010BDDE
:10AD200000238380438080F80231F8E7406D036898
:10AD30005B681847C06D036810B51B680C469847E0
:10AD4000001B0028D4BF0020012010BDC06D036887
:10AD500010B51B680C469847204410BD03682DE9C8
:10AD6000F0411B6805460E469847044630B9686DA9
:10AD7000036831465B68BDE8F0411847012812D0EE
:10AD80006F6D3B6820F07F412846D3F80880FFF7BD
:10AD9000DDFF220E013A034631463846C446D2B2A0
:10ADA000BDE8F0416047BDE8F0812DE9F04104467F
:10ADB000806D0368C2B05B68FF2202A99847061E37
:10ADC00077DD2368A06D5F6803689B6B9847054635
:10ADD000A06D03685B6B98472946024602AB20468C
:10ADE0000096B847606D03681B68984705460028C1
:10ADF0005FD00146334602AA2046FFF746FF0028EF
:10AE000052D0A06D03689B6B98474FF08141F5F7D6
:10AE1000A9FFF6F783F985F80201A76D3B6838466C
:10AE2000D3F80C809B6B9847324601463846C047A2
:10AE30000746A06D036831469B68984763690344E1
:10AE40006361236801465B6906462046984723688C
:10AE50002846D3F8088001F0A7F93B460246294668
:10AE60002046C0472B789B0726D4A36B0133A363EE
:10AE7000236839465B6A32462046984731280146A6
:10AE80001DDD666DB0F5FA4F3368A8BF4FF4FA4187
:10AE900020465F6AFFF75AFF294602463B46304686
:10AEA00042B0BDE8F0411847606D036829465B6811
:10AEB000984742B0BDE8F081E36B0133E363294674
:10AEC000204642B0BDE8F041FFF748BFF0B5456D00
:10AED00004462B68C06D1E690368C1B01B689847A3
:10AEE00001462846B04760B32046FFF796FEA06DA6
:10AEF0000368FF219B689847A36CB3EB500F4FEAA0
:10AF0000500520D2236820461B6A98470646A06C4D
:10AF1000281AF5F7CFFE4FF07E5105463046F5F77B
:10AF200019FE01464FF07E50F5F7D0FF0146284646
:10AF3000F5F7CCFFF6F718F901462046FFF706FFB4
:10AF4000A06141B0F0BDA1692046FFF7F3FE0028E3
:10AF5000F7D0A06D03681B6B9847F0B1236C0133E9
:10AF60002364E36923B9E06D03681B689847E061D7
:10AF7000E06D03681B689847E369C51A236820469B
:10AF8000DB6A9847854243D9B4F8603043F0020346
:10AF9000A4F86030636C01336364656DE06D002379
:10AFA000E3612B68DE6803681B6898470146284602
:10AFB000B04760600028C4D003788DF800300922C3
:10AFC00003F0030322FA03F3DB0741BFC388ADF8A4
:10AFD00001300389ADF8033054BF01230523828873
:10AFE0000DF803205D1C027900F10A010DEB05004C
:10AFF00001F0C5F86668728805445319FF2B0CDD13
:10B00000606D036831465B6898470023636098E78A
:10B01000236820469B6A98478EE706F14A010DEBAC
:10B02000050015F07CFFA06D768803682E4431463C
:10B030009B6898470546E06D03681B689847E06089
:10B04000A06D036832461B6969469847064678B981
:10B050006568236828461F6901F0A6F8294602465C
:10B060002046B84761682046FFF760FE666068E7E3
:10B0700005EB450569082046FFF768FEA06060E71C
:10B08000F8B5416A0446FFF755FE78B1A56D2B6807
:10B090005E6A236820461B6B984701462846B047E6
:10B0A0004FF4FA612046FFF751FE6062A06D03681D
:10B0B000DB699847A06D0368DB6A984794F82C30E9
:10B0C000834217D084F82C00B0B9E06D03681B6888
:10B0D00098472062E06D03681B689847236AC01A8E
:10B0E000B0F5FA5F82BFB4F8603043F00403A4F80F
:10B0F000603001E0002BEDD06368002B69D0A06DBB
:10B1000003685B699847002800F09D80E06D036844
:10B110001B689847E5682369471B3B442361236804
:10B1200039469B690646204698472046FFF775FD3D
:10B13000A36C9F427CD90023A364236820461B6A2A
:10B1400098470646A06CC0F16400F5F7B3FD4FF0D8
:10B150007E5105463046F5F7FDFC01464FF07E5026
:10B16000F5F7B4FE01462846F5F7B0FEF5F7FCFF0B
:10B1700001462046FFF7EAFDA061A06D03689B69C8
:10B18000984761688A884888930902F03F0203FB68
:10B190000222D2B223680232DB680244204698477A
:10B1A00061680B789B0755BF236B636B01330133D9
:10B1B00054BF236363632046FFF7B8FD0023636039
:10B1C000236820465B6B984701462046FFF7BEFD8B
:10B1D000A062236820465B6B9847002811DDA16AB6
:10B1E0002046FFF7A7FD60B1A06D03689B6A9847F2
:10B1F000236820465B6B984701462046FFF7A6FD73
:10B20000A062656DE06D2B689E6A03681B689847B5
:10B2100001462846B047014610B12046FFF79EFD83
:10B220002046FFF7C2FD2046BDE8F840FFF74EBEBE
:10B230001D44AD1B632DA5647FF67FAFE06D0368F1
:10B240001B68984798E7A1682046FFF773FDA0B1F7
:10B25000A06D03689B69984761688A88488893094C
:10B2600002F03F0203FB0222D2B223680232024400
:10B270001B692046984761689DE7F8BD2DE9F047B6
:10B28000064608790C461746984600F068FF756D2B
:10B2900088B16388B82B0ED82B6841463046D3F866
:10B2A0000890FFF753FD3A46034621462846CC4610
:10B2B000BDE8F04760472B68214628465B68BDE83B
:10B2C000F04718470368DB69184710B52022044689
:10B2D000002115F0D4FC204610BD10B404460846E9
:10B2E000214610BC08F0E4BF10B50446FFF7EDFF9F
:10B2F0004022002104F1200015F0C1FC204610BDC1
:10B3000030B50D4689B00446FFF7DFFF2B6869466C
:10B310001B6828462022984720466A4604F12001EF
:10B320000CF056FA204609B030BD0000F0B5B1B0BF
:10B330000146044668460CF068FA9DF80030013B6F
:10B34000DBB2FD2B30D81B4B20AA03F14007164679
:10B3500018685968154603C50833BB422A46F7D119
:10B36000154B08AA03F1200C1746186859681546B2
:10B3700003C5083363452A46F7D12246394610A84B
:10B380000CF05CF93246694618A80CF057F92022F7
:10B3900018A910A815F049FC30B910AB13F8012B0F
:10B3A0002AB901302028F9D1002031B0F0BD0120A8
:10B3B000FBE700BFDC2A02081D2B020838B50C464B
:10B3C0000546014620222046FFF77CFF20280AD1AF
:10B3D000402205F120012046FFF774FFA0F1400351
:10B3E0005842584138BD0020FCE738B50B680C4680
:10B3F0005B680146054620222046984720280BD14D
:10B40000236840225B6805F1200120469847A0F19F
:10B4100040035842584138BD0020FCE73F2A70B530
:10B420001ED95F2A00F1200300F1600407D853F809
:10B43000042B41F8042BA342F9D1402070BD1A46D9
:10B440000D4652F8046B45F8046BA242F9D1403125
:10B4500050F8042B41F8042B9842F9D16020EDE715
:10B460000020EBE7602A30B40B4613D10A4603F103
:10B47000400400F1200152F8045B41F8045BA24251
:10B48000F9D1603352F8041B40F8041B9A42F9D1F9
:10B4900030BC7047402AFBD100F120010A4603F17D
:10B4A000400453F8045B42F8045BA342F9D130BC7A
:10B4B0000CF0ABB913B50446084611461A4604F120
:10B4C0002003009323460CF0B1FF02B010BD0B46E1
:10B4D000114600F1200218460CF0B0B80020704769
:10B4E000704770477047002070477047704770473B
:10B4F0007047704700207047002070470020704759
:10B50000002070470020704770B5846D23680546A1
:10B5100008469E6800F048FE01462046B0470522D6
:10B5200004460021A86E00F0F2FE34235C4364233D
:10B53000B4FBF3F4604370BD08B504220121806EB2
:10B5400000F0E5FE7823584308BDFFF727BBFFF75F
:10B5500097BD70B50446C06E03681B680E469847D9
:10B560002368054602465B6C2046314698472846CC
:10B5700070BDF8B58B8803F03F04013CE4B223F0C2
:10B580003F031C438C80A40901340D46E4B201F151
:10B590000A060027AB8803F03F0313FB04F3BB420A
:10B5A00000DCF8BD3046264422463146274415F0DB
:10B5B000B6FCEFE7F8B50A788B88920706460C468A
:10B5C00001D50020F8BD03F03F079B090133DBB232
:10B5D00007FB0333402B07F10105F2DC03681B6C0A
:10B5E00098470028EDD0A28892090132D2B207FB19
:10B5F000024006F170010A3015F091FCA38823F097
:10B600003F031D433368A5809B6C21463046984715
:10B61000A38803F03F03013340EA0360D2E72DE93A
:10B62000F043202B93B080460E4617461D4603D8A4
:10B63000FFF768FB044620B90024204613B0BDE89C
:10B64000F0830346102203F84A2B06F12009324604
:10B6500052F8041B43F8041B4A45F9D1D8F864009A
:10B6600003681B6898472A46C4F86A008046394632
:10B6700004F1AE0015F053FC05F1640363800DF195
:10B68000040C334618685968624603C208334B45B8
:10B690009446F7D12A4639460AA8CDF8248015F0F9
:10B6A0003EFC05F1240301AA04F16E013046FFF7C8
:10B6B00001FFC2E72DE9F04FAFB099469DF8E0A039
:10B6C000DDF8EC804FEA9A130AF03F0403FB0444D0
:10B6D00008F105032344A62B06468B46174604D9DA
:10B6E000002528462FB0BDE8F08FFFF70BFB05467D
:10B6F0000028F5D0202303709BF8003080F84A30F2
:10B7000096F8703080F84B30494622460DF1010022
:10B710008DF800A004F1020915F001FC04F1B90351
:10B720000DEB09006B44B8F1000F12D09DF8E42036
:10B7300003F8B82C3A99424615F0F1FB08EB0903DF
:10B740006A4605F14C01384600F0BDFE02306880C3
:10B75000C7E7FF2203F8B82CB36E1A6801461668D3
:10B7600018460422B047A31DEAE77FB509788DF893
:10B7700014100B9903910A9902919DF824100191DC
:10B780009DF82010009105A9FFF794FF07B05DF820
:10B7900004FB2DE9F8430229DDF8249007460D4605
:10B7A00090461E4603D809F11103B82B03D9002493
:10B7B0002046BDE8F883FFF7A5FA04460028F6D036
:10B7C000AD00057098F8003080F84A3097F8703076
:10B7D00080F84B3000F14C01089A4B46304600F09F
:10B7E00072FE02306080E3E7F8B50729089F15462E
:10B7F0001E4603D107F13003B82B02D9002420469E
:10B80000F8BDFFF77FFA04460028F7D01C23037029
:10B81000337880F84A302A4600F14B0305F12001C5
:10B8200052F8040B43F8040B8A42F9D1079A0698A0
:10B830003B4604F16B0100F046FE21306080DEE7FC
:10B840002DE9F0411F464B1F012BDDF818800E46F5
:10B85000154607D808F11003B82B03D8FFF752FAA2
:10B86000044618B900242046BDE8F081B6000670F1
:10B8700028463A4610F8013B84F84A3004F14B015F
:10B88000434600F020FE01306080ECE710B50C4626
:10B89000FFF738FA28B10C2303700423C0F84A409C
:10B8A000438010BD38B50D461446FFF72BFA50B152
:10B8B00028232401037044F00304052380F84A4040
:10B8C000C0F84B50438038BD2DE9F0470B78FF2B73
:10B8D00004460E46904648D00368D1F84A901B6D46
:10B8E000984706F10A0A0546DDB949462046FFF7A2
:10B8F000CDFF0746002838D0327906F10A010A3018
:10B9000000F04CFC3B78B88023F0030343F00203C3
:10B910003B702A46434639462046BDE8F047FFF7CC
:10B92000ADBC23683146DB6C2046984700F5967025
:10B9300080442A4649462046FFF7B4FF074688B1AF
:10B94000327951460A3000F029FC3B78B88023F068
:10B95000030343F002033B7000224346394620466E
:10B96000FFF78CFC013DEDB2BEE7BDE8F08770B596
:10B9700091F84A6006F00F03032BC2B005460C464F
:10B980002ED14B88042B2BD901A800F0E3FB2378A0
:10B9900022798DF8043004F10A010DF10E0000F057
:10B9A000FDFB6288ADF80800013A92B204F14B0148
:10B9B0000DF14E00ADF8062015F0B1FA01A92846A8
:10B9C000FFF7C7FD60B901A92846FFF7D2FD360988
:10B9D0004FF4967206FB022201A92846FFF774FF76
:10B9E000002042B070BDB82A70B50E46154603D887
:10B9F000FFF788F9044610B90024204670BD3C23A7
:10BA000000F84A3B2A46314615F089FA6580F4E78A
:10BA100070B50E4615461C46FFF774F948B124234D
:10BA200003700923C0F84A60C0F84E5080F85240B5
:10BA3000438070BDB82A70B50E46154603D8FFF78F
:10BA400061F9044610B90024204670BD2C2300F88B
:10BA50004A3B2A46314615F062FA6580F4E72DE943
:10BA6000F0410D781746C5F38302092A06460C46B5
:10BA700020D0013BDAB2022A1CD825F0030545F09C
:10BA800001050D70C06E9B018B8003681B68984791
:10BA90002378C3F38303082B0AD0042B14BF01229D
:10BAA00003223B4621463046BDE8F041FFF7E6BBA6
:10BAB0000222F6E7BDE8F0812DE9F0411F460B7840
:10BAC0009DF818500646C3F3830009280C4622D07F
:10BAD000013DE8B202281ED823F003030B7013883F
:10BAE000F06ECB8053880B810368AD011B688D809D
:10BAF00098472278C2F38302082A0AD0042A14BF86
:10BB0000012203223B4621463046BDE8F041FFF7C3
:10BB1000B5BB0222F6E7BDE8F0812DE9F0410C4605
:10BB2000069F257825F0030545F002052570C5F32D
:10BB30008305092D06461146984618D160884A307B
:10BB40001A46204415F0EBF96388434463800023D0
:10BB5000A3800525F06E036821461B6898473B4685
:10BB60002A4621463046BDE8F041FFF787BB1A461A
:10BB700004F10A0000F012FB2578A080C5F38305CC
:10BB8000A5F108035D425D41E4E700002DE9F04FB7
:10BB90000A7802F00303023B012BF1B005460C4684
:10BBA00064D8C2F38303092B8E8853D13F2E1AD851
:10BBB00091F852E04F88D1F84A20D1F84E300EF07B
:10BBC000030C093F06FA0CF6FFB21FFA86F8474548
:10BBD0000BD80A3405680397CDE900E401F1530658
:10BBE00002962C6EA047002031E05336012200F16E
:10BBF000700102FA0CF2A01915F017F80028F2D122
:10BC00002B6821461B6C284698470028EBD021461C
:10BC10002846FFF79EFC0028E5D194F90201F5F7CC
:10BC20004DF84FF07A51F5F79DF84FF08141F5F757
:10BC300099F8F5F773FAA3885A1C2344A2809872E6
:10BC40002B682146DB6C2846984740F0C06071B0F5
:10BC5000BDE8F08F0B2B06F03F063DD191F94A303D
:10BC6000002B33DB002E44D1930706D42B682146EA
:10BC7000DB6B284698470028B5D12378C3F38302AD
:10BC80000F2AB0D801A151F822F000BFB1BD0008C1
:10BC9000B1BD0008B1BD00087BBD0008ABBF000806
:10BCA00031BF000831BF0008B9BE0008B1BD0008AF
:10BCB000E7BB000879C00008E7BB0008E7BB000845
:10BCC000E7BB0008E7BB000855C00008002E8AD17A
:10BCD00003685B6F984786E7002EC5D0032B08D119
:10BCE0004B88032B05D90368D1F84A20D3F8843058
:10BCF0009847A28892090132D2B205F1700104F18D
:10BD00000A0014F092FF00287FF46DAF2B682146E3
:10BD10001B6C2846984700283FF465AF2378C3F38F
:10BD200083030A2B2146284604D171B0BDE8F04FA9
:10BD3000FFF71DBE032B0FD1FFF70BFC06460028B3
:10BD40007FF451AF21462846FFF713FC32462146C7
:10BD50002846FFF7B9FD46E7FFF7FBFB00287FF415
:10BD600042AF21462846FFF704FC2B682146DB6CD6
:10BD70002846984740F0807069E76388D4F84A60A5
:10BD8000032B7FF630AF21462846FFF7E2FB002861
:10BD90007FF429AF2B683246D3F8843021462846F9
:10BDA00098472146284671B0BDE8F04FFFF702BC26
:10BDB00094F84B308DF81830638894F84A60042B5F
:10BDC0007FF611AF21462846FFF7C3FB81460028C6
:10BDD0007FF409AF95F87030B3425CD12B6806A9A7
:10BDE0005B6D2846984704F14C0806460EAF0DF1EE
:10BDF000BC0AB1454FDA2B684A469B6D3946284646
:10BE0000984763884246023B5146384600F07FFB24
:10BE1000031E4EDD22782968C2F38302082A3FD12F
:10BE20009AF800804FEA981208F03F0602FB066677
:10BE3000B21C9B1A56445244DBB2039204937378AB
:10BE400003F00F03CDE901830DF1BD060096D1F893
:10BE500064A03B464A4621462846D047C8B12378CD
:10BE600013F0020315D1CDE9023301932379009336
:10BE700006A904F10A033A462846FFF71BFC0146CF
:10BE800038B14FF4FA730093324643462846FFF721
:10BE900044FEFF23237021462846FFF78BFBD6E69E
:10BEA000CDE901A30097CE6D4B4621462846B04709
:10BEB000EFE709F101099CE7638894F84A60232BB6
:10BEC0007FF691AE21462846FFF743FB00287FF41A
:10BED0008AAE95F87030B3427FF463AF04F14B063D
:10BEE00006AA04F16B0730687168134603C308366D
:10BEF000BE421A46F7D106AA0EA905F17000FFF757
:10BF0000E6FA63882FAF213B324639460EA800F08F
:10BF1000FEFA00287FF745AF2B68CDE900700EAA26
:10BF2000DE6E214606AB2846B047FF23237038E774
:10BF300094F84A308DF818306388032B7FF653AE9F
:10BF400021462846FFF705FB064600287FF44BAE46
:10BF50002B680EAADF6F06A904232846B84704F110
:10BF60004B0A80460DF139090DF1BC0B464592DABA
:10BF700063884846013B5246594600F0C8FA0028FB
:10BF800009F121090FDD2B682278CDE900B006EB1D
:10BF90004616D3F880700EAB3344C2F383022146B9
:10BFA0002846B84777E70136E0E70EA8FFF78DF996
:10BFB0000EAE04F14A0304F16A0718685968324664
:10BFC00003C20833BB421646F7D16388D4F86A909F
:10BFD000632B7FF608AE20220EA905F1700014F045
:10BFE00024FE00283FF4FFAD21462846FFF7B1FAB2
:10BFF00000287FF4F8AD0EAF0FCF2FAE0FC6B4F808
:10C00000028097E80F00A8F16408B8F1200FA8BFDC
:10C010004FF0200804F1AE0A86E80F004246514670
:10C0200038A8CDF8DC9014F07AFF08F124032FAA89
:10C0300004F16E010EA8FFF750F900283FF4D3ADCC
:10C040002B68CDE900A80EAA9E6E21464B462846D5
:10C05000B04720E703F00303023B012B3FF6C3ADDB
:10C0600021462846FFF775FA00287FF4BCAD2B68FF
:10C0700021469B6F28462DE66288022A7FF6B3ADE3
:10C0800094F84A3003F00F03032B7FF4ACAD042A7D
:10C090007FF6A9AD2FA800F05DF8237822798DF8FE
:10C0A000BC3004F10A010DF1C60000F077F8628897
:10C0B000ADF8C000013A92B204F14B010DF5837066
:10C0C000ADF8BE2014F02BFF2FA92846FFF741FA48
:10C0D00000287FF488AD2B68DDF80621D3F8843082
:10C0E0002FA9284698477EE52DE9F0410D7825F0E7
:10C0F000030545F002050D700646C06E0368002575
:10C1000017460C468D801B6898473B462A462146B9
:10C110003046BDE8F041FFF7B1B82DE9F0410D78A8
:10C1200025F0030545F003050D701F461388CB80ED
:10C130000646C06E53880B81036800250C468D802F
:10C140001B6898473B462A4621463046BDE8F041E9
:10C15000FFF794B80022027082804280704700F09E
:10C160003F038009032800F1010206D013FB02F00F
:10C170004028CCBF0020012070470020704710B538
:10C18000930902F03F0403FB0444402C04DC2246E4
:10C1900014F0C5FE204610BD0024FBE710B5144680
:10C1A000FFF7EDFF204610BD83889A0903F03F0397
:10C1B00002FB033342880078DBB2023310F0030045
:10C1C000134405D0C21E50425041800018447047AD
:10C1D0000420FBE770B503780B70092203F003031A
:10C1E00022FA03F3DB0741BFC388A1F801300389BA
:10C1F000A1F8033054BF012305238288CA545E1C72
:10C200000D460446027900F10A01A819FFF7B7FFAD
:10C210003044C6B2628804F14A0155FA80F014F045
:10C220007EFE6388F018C0B270BD2DE9F8430B782C
:10C230000370164603F003020923D34013F00103F1
:10C240001DBFB1F80130C380B1F8033003810BBFCB
:10C250004FF001094FF00509C380038111F809402F
:10C26000848005462046FFF77AFF8846074618B9BE
:10C2700000273846BDE8F883A30904F03F0403FB18
:10C28000044409F10109E4B22246494405F10A00D7
:10C2900014F045FE09EB0403DBB2B342E8D2F21A14
:10C2A00092B2B82A6A80E3D808EB030105F14A008C
:10C2B00014F035FEDDE730B50446A1B002A80D4606
:10C2C00008F0D2F823780122C3F383030DF10701AC
:10C2D00002A88DF8073008F0AFF99DF80730092B58
:10C2E00004D10222211D02A808F0A6F9628804F1F7
:10C2F0004A0102A808F0A0F908220DEB0200294625
:10C3000008F0CCF902A808F095F821B030BD37B597
:10C310000368144604220D461B680DEB0201984782
:10C320000198621BB0FBF2F302FB1300284403B038
:10C3300030BD0000F0B50B4D03468E18B14203F13D
:10C34000020303D1002300F81230F0BD11F8014BB5
:10C35000270904F00F04EF5D2C5D03F8027C03F85D
:10C36000014CEBE7D02B02082DE9F041DFF83080DB
:10C3700005460C468F18BC4201D1BDE8F08114F887
:10C38000016B330906F00F0618F80310284611F068
:10C390003BF818F80610284611F036F8EBE700BF16
:10C3A000D02B0208F0B59FB01F46164604466846DB
:10C3B0000D4608F059F83A463146684608F03CF90F
:10C3C0002A462146684608F069F9684608F032F8BE
:10C3D0001FB0F0BDF0B59FB01F4616460446684634
:10C3E0000D4608F041F83A463146684608F024F90F
:10C3F000DDE92412684608F01FF92A4621466846FE
:10C4000008F04CF9684608F015F81FB0F0BD2DE9AA
:10C41000F041B0B0064601A815460C461F4607F08D
:10C42000EDF93146102201A807F098F92E46A6EB47
:10C430000508B84506DB01A807F076F9404630B09C
:10C44000BDE8F0813246214601A807F0C7FB103451
:10C450001036ECE72DE9F043B5B0064605A81C46BA
:10C460000F46154607F0CAF93146102205A807F015
:10C4700075F907EB04092E190F2CA9EB0405A6EB9F
:10C48000040819DC002C0FDD1022002101A814F093
:10C49000F6FB2246414601A814F041FD294601AAB7
:10C4A00005A807F087FA103505A807F03DF9ED1B40
:10C4B000284635B0BDE8F0834246294605A807F076
:10C4C00079FA103CD8E7F0B58F1CA1B00E4639467A
:10C4D0000546FFF7BFFF044602A807F0C5FF29463F
:10C4E00002A8202208F027F92246394602A808F0BF
:10C4F000A3F80223009320223346294602A808F01D
:10C5000032F902A807F096FFA01C21B0F0BD2DE97A
:10C51000F043022BA3B005460F4616461C4603DC2B
:10C52000002023B0BDE8F08304A807F09DFF06F1CA
:10C5300002082022294604A8023C08F0FCF84FF02B
:10C5400002092246414604A808F076F8202229462E
:10C5500003AB04A8CDF8009008F005F904A807F093
:10C5600069FF4A46314603A814F05FFB0028D7D183
:10C570002346424639462846FFF749FFD1E703786C
:10C580000B70427862B343F010030B708368C1F8FC
:10C590000130C368C1F805300923028A32B10A7834
:10C5A00042F020020A70028ACA520233428A32B131
:10C5B0000A7842F040020A70428ACA520233426844
:10C5C00062B1127852B10A7862F07F020A70426852
:10C5D000013A12F8010F08B1202B03D1D8B27047ED
:10C5E0000123DAE7C8540133F3E738B50023837039
:10C5F00004460878E362C4E909336370C30641BFA7
:10C60000D1F801306362D1F80530A3624CBF092331
:10C610000123850642BFCD5AA5850233450642BF98
:10C62000CD5AE58502339A4220700DDB000609D50C
:10C63000D51A07D02A461944A01C14F070FC6219C0
:10C640000023937001236370204638BD0079704742
:10C6500001238380704700230371704701207047D6
:10C66000002070472DE9F041254F04460D46022673
:10C670004FF00008E06803681B69984728B1E0683C
:10C6800003685B699847031E02DA0020BDE8F08169
:10C690006279012A07D0022A09D0AAB93C2BE9D134
:10C6A00001236371E6E7DBB2E3806671E2E7E288CB
:10C6B000A4F8088007EA032313439BB2002BE3800E
:10C6C0000CBF00230323ECE72289AB2A98BFA118F3
:10C6D00002F1010298BF0B74E38892B29A42228160
:10C6E000C8D3AC2B84BFAC23E380E28804F11001F3
:10C6F000284614F014FC0023E0886371C6E700BFED
:10C7000000FFFF00AC2A73B505460E4614464FF0F5
:10C71000000012D88DF80600E8688DF805203E2349
:10C720008DF80430036803225B6801A99847E86824
:10C73000036822465B683146984702B070BD00002E
:10C74000014808F0AABE00BF987000200120704781
:10C7500001207047704700207047002070477047E5
:10C76000704770477047002070470020704700F501
:10C770008043F0B50246D3F8B0580023184602F1C2
:10C78000D006B82741F2902C9D4201DD082800D147
:10C79000F0BD07FB03F491F800E0345DA64501BF4E
:10C7A00000EB0C0402EB8404013063600133EBE71F
:10C7B00002F594521032F0B500EB8202059D5468E8
:10C7C0009DF818609DF81C70DDF820C09DF824E0ED
:10C7D000002C19DB00F58042D2F8B028A24213DD0C
:10C7E00003680595CDE908CECDE90667B822D3F8F0
:10C7F000B0500B7902FB0404AC4601F10A0204F1CB
:10C80000D001BDE8F04060470020F0BD002BF0B53E
:10C8100022DD00F5944500F5984668352F36002056
:10C820002F780C78A74210D100F1010C00EB4010DA
:10C8300014182F4605F1200057F804EB44F804EBD8
:10C840008742F9D1387820706046B54203D09842CB
:10C8500005F14105E4DBF0BD0020FCE711461A4676
:10C860000123FFF7FCB800002DE9F047052A88B046
:10C87000DDE9104605460F46984657D1042E37D9B4
:10C8800023799B0834D1D4F80090A355406E0368F7
:10C890001B689847053402AA03460092711F4A4656
:10C8A000204601F00DFE8246686E03681B689847BB
:10C8B000039B03B39DF81D303BB3B9F1000F26D0A5
:10C8C000254B984205D900F5283606F540764E45A9
:10C8D0001DD3BAF1360F1CD9204601F045FF2B6855
:10C8E0000094D3F8D0403A464B4641462846A047EC
:10C8F00008B0BDE8F087194C2B682846D3F888307B
:10C90000984740B1FF233B70F2E7154CF4E7154C14
:10C91000F2E7154CF0E72B68CDE9004A3A46D3F828
:10C92000D44041464B462846A047E1E7062ADFD1DE
:10C93000022EDDD9A278033EB242D9D834F8033BA7
:10C940000168CDE91042D1F8D8403A464146A446A4
:10C9500008B0BDE8F0476047FFE00B5E152C020809
:10C96000082C0208202C02082A2C02082DE9F0418C
:10C970000D4604469DF81C2006999DF82080099FCD
:10C980009DF8286005F14400FFF708FC85F8420097
:10C99000606E03681B6898472368C5F88800D3F861
:10C9A000AC30294620469847B8F1030F10D1032E2A
:10C9B0000BD923683946D3F8A8302046984720B1D0
:10C9C00004F580440023C4F8643A0120BDE8F081F6
:10C9D000B8F1010FF9D1002EF7D023683A46D3F809
:10C9E000E080294633462046C047EEE780F002004B
:10C9F000C0F34000704737B5036801920D46D3F885
:10CA0000A83001A90446984730B104F580440023BA
:10CA1000C4F8643AFF232B7003B030BD036810B52F
:10CA20001B68044698476368834228BF581C6060AF
:10CA300010BD08B5202214F0F8F8B0FA80F04009D3
:10CA400008BD38B5044604F1980594F8433008460B
:10CA500033B922462946FEF73AFD012384F84330D4
:10CA6000284638BD02F59452103200EB820210B510
:10CA70005368002B0C4617DB00F58042D2F8B02833
:10CA80009A4211DDB82202FB030300F1700103F1A9
:10CA9000D000FFF7D6FF214600F1200350F8042B09
:10CAA00041F8042B9842F9D110BDF0B50C4685B081
:10CAB00000F170010546204616461F46FFF7C1FFEC
:10CAC0000023CDE90233CDE9007302462146334607
:10CAD0002846FEF74AFE014648B140F6B8330093B7
:10CAE00094F8423004F144022846FFF716F805B0E6
:10CAF000F0BD10B501238EB0CDE90131044600230D
:10CB000006A901A80593FFF73AFD06AA034604F11A
:10CB100070012046FEF783FD0EB010BD000000003E
:10CB200030B50D468FB0194640F201130446CDE9E9
:10CB30000135104610A3D3E90023F3F7BDFCF3F74A
:10CB40006BFF0DA3D3E900230390DDE91201F3F796
:10CB5000B3FCF3F761FF0023049006A901A8059335
:10CB6000FFF70DFD06AA034604F170012046FEF70B
:10CB700056FD0FB030BD00BF0000000080842E4184
:10CB8000F7B591F84230FF2B04460D4616460FD1FB
:10CB90001146FEF77BFE024628B32368D3F8E8600F
:10CBA0002946C8232046B44603B0BDE8F04060479C
:10CBB00003681B6D984710B3314601222046FEF7EB
:10CBC00071FE014688B94FF4FA7731462046FEF7E8
:10CBD0005DFE014638B1009795F8423005F14402F8
:10CBE0002046FEF79AFF03B0F0BDC823009395F8E6
:10CBF000423005F144022046FEF78FFFE3E7C827E5
:10CC0000E3E700F5804370B4D3F8B0280023194659
:10CC100000F5AC74B8259A4206DC69B1406E036831
:10CC200070BC5B680131184705FB03F60133A65958
:10CC3000B14238BF3146EEE770BC704770B500F5C1
:10CC400080460546D6F8B048632C08DC631CC6F85D
:10CC5000B038B82303FB0404D034204670BD036809
:10CC6000D3F89830984704460028F6D04FF0FF31AB
:10CC7000D6F8B0682A4600230C46B3420CDB002CE1
:10CC800017DBB82303FB04542B68D034D3F8A0304F
:10CC9000214628469847E0E792F81101C00705D4DD
:10CCA000D2F8580188423CBF01461C460133B832D5
:10CCB000E3E70024D1E7F8B50C4615460746B8224D
:10CCC000002120461E4613F0DAFF2A4602F1200C0E
:10CCD0002546106851682B4603C3083262451D463D
:10CCE000F7D1FF232022A01884F84230B11C01F0B4
:10CCF00059FB337803F00F0384F840303378786EB3
:10CD0000DB0641BF736AC4F88C30B36AC4F8903054
:10CD1000069BC4F8843003681B689847C4F88800F1
:10CD2000F8BD2DE9F04FBFB004460E469046489935
:10CD30009DF8242104A81F46FFF757FC9DF81130E9
:10CD4000002B51D09DF81230002B4DD004F58043BC
:10CD50004FF00009D3F8B0A804F1D003CA4534DC81
:10CD6000002596F800B004F5984A2BF0030343F031
:10CD700001030AF1780A337051463046FFF72AFA68
:10CD8000B146039009F80ABB002D69D19DF8101037
:10CD9000236801F00F01D3F890302046984748BB34
:10CDA00010A8FEF792FA04AB424610A9204600975D
:10CDB000FFF781FF2368CDF80090D3F8A4503379B2
:10CDC000012210A92046A8470EE0194640461D46FC
:10CDD000FFF72FFE05F1B80348B1B82303FB09495B
:10CDE000D9F85431BB42BCD33FB0BDE8F08F09F154
:10CDF0000109B3E723682046D3F89C30984720B157
:10CE0000B38803F03F038342CAD22046FFF716FFE0
:10CE10000546C8B910A8FEF758FA04AB424610A957
:10CE200020460097FFF747FF2368CDF80090D3F81E
:10CE3000A45033792046012210A9A8472368204630
:10CE4000D3F894309847CFE704AB014600974246A9
:10CE50002046FFF730FF0023C5F8943085F84330B3
:10CE60002368039A0092D3F8F4B041465346202237
:10CE70002046D84720220DF11201A81801F092FA9D
:10CE80009DF81030C5F8847003F00F0285F840203B
:10CE9000DB0648BF0D9B606E42BFC5F88C300E9B11
:10CEA000C5F8903003681B6898472368C5F8880068
:10CEB000CDF80090D3F8A47033790022294620469B
:10CEC000B84791E72DE9F74F00F5A0450027064642
:10CED0008A46914678354FF6FF73BB464FF0FF34D4
:10CEE0000422514628460193A84613F09EFE40B303
:10CEF000631CAA88019B02D1002A08BF3C469342CA
:10CF000088BFBB4607F1010788BF1346042F05F110
:10CF10000A05E5D1B9F1000F17D00A22B4F1FF3F9D
:10CF200008BF5C4645F2780302FB043306EB0308B6
:10CF30000022F250C8F80420A8F80820DAF80020EF
:10CF4000F250404603B0BDE8F08FC846F9E710B58F
:10CF500014460122FFF7B6FFB0B183884FF6FF7287
:10CF600093421CBF01338380637D33B9C3884FF67E
:10CF7000FF7293421CBF0133C38003894FF6FF72D7
:10CF800093421CBF0133038110BDF8B500F5A045E5
:10CF900000F5A1440E4678352034AB882F462BB1DE
:10CFA00004223146284613F040FE18B10A35A54246
:10CFB000F3D100273846F8BD08B5FFF7E6FF20B1EA
:10CFC0000089042894BF0020012008BD2DE9F04FFE
:10CFD0000446406E036889B01B68DDE9127A0D468D
:10CFE000164698470DF1080903461499CDF80090AC
:10CFF0003A46504601F064FA8046606E03681B684A
:10D000009847039BC3B19DF81DB0BBF1000F27D01B
:10D010004FB3214B984205D900F5283303F54073EF
:10D02000BB4220D3B8F1360F20D9504601F09CFB0B
:10D03000584609B0BDE8F08FDFF860A025B14A4638
:10D0400029462046FFF783FF23682046D3F888301F
:10D05000984770B10EB1FF2333704FF0000BE7E734
:10D06000DFF83CA0EAE7DFF83CA0E7E7DFF838A00C
:10D07000E4E7002DF1D029462046FFF79DFF002868
:10D08000EBD12368CDE900A83246D3F8C080294609
:10D090003B462046C047E0E7FFE00B5E152C020848
:10D0A000082C0208202C02082A2C02082DE9F04F37
:10D0B00003F59453103300EB83038DB0D3F804B021
:10D0C0000E46BBF1000F16990491DDE9177804466E
:10D0D00065DB00F58043D3F8B0385B455FDD4FF08A
:10D0E000B80909FB0BF909F1D005022A054440F003
:10D0F0000481B8F1050F52D93B79D7F800A000217F
:10D100009B0807F808104DD107F1050B5846F4F7B6
:10D110006FF820233A46CDE900530421431D06A8A9
:10D12000FFF758F9A8F10503CDE901B33246B54B35
:10D13000CDF800A029462046FFF748FF0746606E5D
:10D1400003681B689847A144C9F858014FB1236888
:10D15000CDF800B0D3F8B470324653462946204685
:10D16000B8473078FFF742FC002800F0C080042365
:10D17000039306AB0293032301933379049A00933C
:10D18000294606F10A032046FEF7EFFA024630B1BF
:10D1900023682946D3F8E8602046C823B0470DB07D
:10D1A000BDE8F08F012B35D1A8F105030537CDE996
:10D1B0000173CDF800A0944B32462946FFF706FFD5
:10D1C00040B123680097D3F8B870324653462946D9
:10D1D0002046B8473078FFF709FC0028DFD0002749
:10D1E000CDE9027701973379049A0093294606F135
:10D1F0000A032046FEF7B9FA02460028CFD023687A
:10D20000D3F8E8603B4629462046B4460DB0BDE859
:10D21000F04F6047022BC2D1B8F1080F1ED8182278
:10D220000DEB020013F02BFD2946204606AAFFF75E
:10D230008EFE29462046FFF7BFFE0028AFD12368A7
:10D24000724A17901692D3F8C07032465346294658
:10D250002046BC460DB0BDE8F04F604707F109031A
:10D260000593A8F10903029307F109033246294601
:10D27000CDE900A3664BFFF7A9FE059007F1090071
:10D28000F3F7B6FF20230193A14404F170030DF1DD
:10D29000180800933A4600F1090304214046FFF7BD
:10D2A00099F8D9F86431534538BFC9F864A1606E64
:10D2B00003681B689847B82303FB0B4B059BCBF80F
:10D2C000580163B1236807F10902053701920097FD
:10D2D000D3F8BC703246534629462046B8473078CA
:10D2E000FFF784FB18B10423CDE9028343E7069AD4
:10D2F00029462046FFF744FC51E7002A5AD1B8F1ED
:10D30000040F7FF64CAF3B4600F5984AA8F104089D
:10D31000076853F8042B5FFA88F10AF1780A009144
:10D32000CDF804A0D7F8DC702946B847034600289A
:10D330003FF435AF3078FFF759FBB0B1CDE902A328
:10D34000012301933379049A0093294606F10A03D5
:10D350002046FEF70AFA024600283FF420AF236871
:10D36000D3F8E8604FF496734DE7CDE900A30121AF
:10D37000049B2A462046FEF70CFA014600283FF49B
:10D380000EAF04EB090393F81231FF2B0BD009F514
:10D390008A724FF496701690224420460DB0BDE874
:10D3A000F04FFEF7BABB23680246D3F8E8604FF4AB
:10D3B000967328E7012A7FF4F2AEB8F1000F3FF42C
:10D3C000EEAE03683A46D3F8E0A029465FFA88F348
:10D3D000D0473078FFF70AFB00283FF4E0AEA144C5
:10D3E00099F81231FF2B3FF4DAAE2368D3F8E470DA
:10D3F000337906F10A0229462046BC460DB0BDE845
:10D40000F04F6047522C0208392C02083D2C0208CC
:10D410004B2C02082DE9F047ACB00746DDF8D0A050
:10D420005046884615461E46F3F7E2FEA0280446FD
:10D430003BD8032E01D99E2837D806F00303514666
:10D44000621C0DF10D0002958DF80C300DF10809EC
:10D4500013F065FD651D202307F1700ACDE900A3D7
:10D4600035982B464A460421FEF7B4FF032E0DD90A
:10D4700005F1B0030DEB0305002305F8A83C04F10A
:10D48000B003E51D0DEB030404F8A26C51464046C1
:10D49000FFF7D7FACDE90095034642460221384608
:10D4A000FEF777F92CB0BDE8F0870020FAE72DE908
:10D4B000F347DDE90B5901950A9D009504460E4698
:10D4C000FFF7A8FF054630B3A76D3B68D3F8088087
:10D4D000FEF76AFE01463846C04796F84230FF2BF9
:10D4E000074604F5804819D123682A46D3F8E8A0F6
:10D4F000314600232046D04723683946D3F8C4304C
:10D50000204698470146C9F800002046FDF71EFC5A
:10D51000C8F8640A012002B0BDE8F087002200923A
:10D52000294606F144022046FEF7F7FA236896F8EA
:10D530004220D3F8C8303946204698470146C9F8FA
:10D5400000002046FDF702FCC8F8640A0220E2E76A
:10D550002DE9F047ACB0DDE93498044648460D4665
:10D5600092461F46F3F744FEA028064603D9002042
:10D570002CB0BDE8F08707F00307421C494647F08E
:10D5800004070DF10D00CDF808A08DF80C7013F014
:10D59000C6FC04F170012846FFF753FA053602AACB
:10D5A00003460196009202212A462046FEF7F1F832
:10D5B00006460028DBD0A76D3B68D3F80890FEF73D
:10D5C000F3FD01463846C84795F84230FF2B074621
:10D5D00004F5804917D123683246D3F8E8A02946DC
:10D5E00000232046D04723683946D3F8C43020466C
:10D5F00098470146C8F800002046FDF7A7FBC9F888
:10D60000640A0120B4E700220092314605F1440289
:10D610002046FEF782FA236895F84220D3F8C830F6
:10D620003946204698470146C8F800002046FDF7D5
:10D630008DFBC9F8640A02209AE700002DE9F04149
:10D64000B4B016460022054602918DF80C201A4906
:10D65000DDF8EC801A460DF10D0013F025FA0DF1FE
:10D660000D00F3F7C5FD00EB0802A02A0DF10D0334
:10D67000C8BFC0F1A00803443A9904464246184680
:10D6800013F04DFC05340027444400F8087032467E
:10D69000009402AB05212846FEF7D2F8024638B1C5
:10D6A0002B682846D3F8EC4031463B46A047012082
:10D6B00034B0BDE8F08100BF572C02082DE9F041DD
:10D6C000ACB00546349CA52C0F4690461E4603D9A7
:10D6D00000202CB0BDE8F081BDF8C830ADF80830AE
:10D6E0008DF80A402CB1339922460DF10B0013F04E
:10D6F00016FC03340621009402AB3A462846FEF796
:10D700009FF801460028E3D0FF2E09D12B6802467E
:10D71000D3F8EC40394600232846A0470120D8E73B
:10D7200000230093424633462846FEF7F6F9F5E714
:10D73000F7B5036800F598467836D3F8F050202204
:10D7400033460446A847074610B9002003B0F0BD91
:10D750002046FDF7D7FA05460028F6D0FAB2314642
:10D76000FEF763FD0023204601AA29460193FEF738
:10D77000D4FC0120EAE71346026810B5D2F8F04065
:10D780002022A047C0B210BDF8B505460E46174688
:10D79000FDF7B8FA044610B900263046F8BD314608
:10D7A0003A46FEF742FD064688B12378C3F383026A
:10D7B000042A0CD143F001032370E86E036805F5D9
:10D7C00080455B6821469847C5F8744CE5E72146DB
:10D7D0002846FDF7ABFADFE72DE9F0430E468BB0A4
:10D7E0000446406E1F469046FFF718F996F8403001
:10D7F0000490032B44D1D6F8943005934046F3F7B8
:10D80000F7FC0F2828BF0F2005460246414606A810
:10D8100013F085FB083504F1700841463046FFF7E8
:10D8200010F904ABCDE900030295334642460721C7
:10D830002046FDF7D9FF0546F8B1D4F85880D8F84E
:10D840000030D3F80890FEF7AFFC01464046C847C9
:10D8500096F84230FF2B804620D123682A46D3F821
:10D86000E890314600232046C84723684146D3F854
:10D87000C43020469847386001200BB0BDE8F083E3
:10D880004046F3F7B5FC0F2828BF0F200546024697
:10D89000414605A813F043FB0435BCE70022009283
:10D8A000294606F144022046FEF737F9236896F828
:10D8B0004220D3F8C83041462046984738600220BD
:10D8C000DBE72DE9F043B3B00446406EDDF8EC80B1
:10D8D0000E4617461D46FFF7A1F83A9B04901860C4
:10D8E0002A46394605A804F1700713F018FB39469B
:10D8F0003046FFF7A6F8043504ABCDE900030295E6
:10D9000033463A4607212046FDF76EFF0546F0B143
:10D91000A76D3B68D3F80890FEF746FC01463846F1
:10D92000C84796F84230FF2B074613D123682A4692
:10D93000D3F8E890314600232046C847236839468B
:10D94000D3F8C43020469847C8F80000012033B00F
:10D95000BDE8F08300220092294606F144022046E9
:10D96000FEF7DBF8236896F84220D3F8C830394632
:10D9700020469847C8F800000220E8E72DE9F04368
:10D98000B1B0A82BDDF8E48004460E4617461D46CC
:10D9900003D9002031B0BDE8F083406EFFF73EF8B8
:10D9A000389B029018602A46394603A813F0B7FA4C
:10D9B00004F170013046FFF744F80435EDB202AAD5
:10D9C000034601950092002132462046FDF7E1FE14
:10D9D00005460028DDD0A76D3B68D3F80890FEF718
:10D9E000E3FB01463846C84796F84230FF2B07460E
:10D9F00011D123682A46D3F8E89031460023204607
:10DA0000C84723683946D3F8C43020469847C8F839
:10DA100000000120BEE700220092294606F14402E0
:10DA20002046FEF77AF8236896F84220D3F8C830EB
:10DA3000394620469847C8F800000220AAE72DE999
:10DA4000F04786B00446406EDDF838900E46154625
:10DA50001F46FEF7E3FF4FF0000802903860A06E0B
:10DA60008DF80C50CDF80D80036804221B680DF171
:10DA70001101984704F170013046FEF7E2FF0D22D4
:10DA8000019202AA03460092414632462046FDF723
:10DA900080FE0546F0B1A76D3B68D3F808A0FEF7FD
:10DAA00083FB01463846D04796F84230FF2B0746A5
:10DAB00013D123682A46D3F8E8A0314643462046CE
:10DAC000D04723683946D3F8C43020469847C9F870
:10DAD0000000012006B0BDE8F08706F144022946A7
:10DAE0002046CDF80080FEF718F8236896F842200B
:10DAF000D3F8C830394620469847C9F800000220BC
:10DB0000E8E72DE9F84300F59A4507460C469146AB
:10DB100078354FF000084FF0FF36AB6A33B121463D
:10DB20002846FEF786FF10B1464609E0464608F152
:10DB30000108B8F1100F05F13005EED1731C26D0A5
:10DB4000302303FB06760FCC06F59A4578350FC5D2
:10DB500094E80F0085E80F004FF47A7303FB09F196
:10DB600044F6A0533846F150FDF7F0F844F69853C8
:10DB70000022F050786E44F6A453F25003681B68FC
:10DB8000984744F69C53F0500120BDE8F8830020EC
:10DB9000FBE7F8B500F59A4504460F4678350026B0
:10DBA00020223946284613F040F878B9302303FB89
:10DBB000064344F6A052985044F69852985044F6C2
:10DBC000A452985044F69C529850F8BD0136102E3D
:10DBD00005F13005E4D1F8E770B500F59A4500F598
:10DBE000A0440E4678357834AB6A2BB120223146FA
:10DBF000284613F01AF820B13035A542F4D10020A0
:10DC000070BD0120FCE7F8B500F59A4405460F46C3
:10DC100078340026A36AC3B139462046FEF709FFCF
:10DC200098B1686E03681B689847302404FB06545B
:10DC300044F69C53E05044F6A0532846E158FDF7C3
:10DC400085F844F69853E050F8BD0136102E04F1E3
:10DC50003004DFD1F8E72DE9F84300F580430E46A4
:10DC6000D3F8B098174600F1D0040025A94504DC8C
:10DC70004FF000084046BDE8F88320463A4631465A
:10DC800012F0D3FFA046B8340028F3D00135EDE7F9
:10DC9000F8B500F59B4605460F462436002456F895
:10DCA000043C2BB304223946304612F0BEFFF8B9CB
:10DCB00030235C432E1944F6A453F050686E036879
:10DCC0001B68984744F69C53F05044F6A0532846EE
:10DCD000F158FDF73BF844F6985304F59A41783132
:10DCE000F050294428462022BDE8F840FFF7B3BF92
:10DCF0000134102C06F13006D1D10020F8BD38B522
:10DD00000D46FEF79BFF044638B1B822294613F0B2
:10DD100006F9002384F84330012038BD2DE9F0478F
:10DD200000F5804A0546DAF8B048894600F1D00887
:10DD30000027BC421CDD40464946FEF77AFE08F14A
:10DD4000B808064608B90137F3E7631ECAF8B038C9
:10DD5000B82303FB07F0E21B00F5C4715A43D0302F
:10DD6000B83A2944284412F070FF3046BDE8F087E5
:10DD70000026FAE703464138C0B2192814D9A3F1A6
:10DD80006102192A02D8473BD8B27047A3F130028A
:10DD9000092A01D80433F7E72B2B04D02F2B14BF0B
:10DDA000FF203F2070473E20704770B5054606466D
:10DDB0003078FFF7DFFF34463F2806F10106A4EB79
:10DDC000050301D89942F3D8980813F0030318BF4C
:10DDD00003F1FF3300EB4000184470BD2DE9F04122
:10DDE00004461746FFF7E1FF3E460546214606F189
:10DDF0000308A8EB0703013B9D4201F104040CD882
:10DE00000323B5FBF3F303EB4303EB1A012B30D0F1
:10DE1000022B3AD02846BDE8F08114F8040CFFF735
:10DE2000A9FF014614F8030CFFF7A4FF890041EA9B
:10DE3000101108F8031C14F8030CFFF79BFF0146B0
:10DE400014F8020CFFF796FF090141EA900108F867
:10DE5000021C14F8020CFFF78DFF014614F8010CA8
:10DE6000FFF788FF40EA811008F8010C464621467A
:10DE7000BDE70878FFF77EFF04464878FFF77AFF92
:10DE8000A40044EA10143470C4E70878FFF772FF66
:10DE900004464878FFF76EFFA40044EA101434707B
:10DEA0004878FFF767FF04468878FFF763FF24018F
:10DEB00044EA90047470ADE72DE9F84300F580481A
:10DEC0000746D8F8704C072C8946154603DD002517
:10DED0002846BDE8F88304EB841404F594466936BB
:10DEE000064420220021304612F0C9FE2846F3F7EE
:10DEF0007FF9324601462846FFF770FF2028034687
:10DF000001D01028E3D104F5944568353D4404F56B
:10DF100095443246012128460934FEF743FA20226F
:10DF20004946381900F03EFAD8F8703C0133C8F879
:10DF3000703CCDE7072908B5034610460AD801EB27
:10DF40008111194401F594414122683112F0E7FF33
:10DF5000012008BD0020FCE70729F8B50646154654
:10DF60001CD801EB811444F668272044412229463D
:10DF7000384412F0D4FF0A49102205F1110012F0C2
:10DF800054FEE11903466A1C70182BB910230121B5
:10DF9000FEF708FA0120F8BD2023F8E70020FAE791
:10DFA0009C70002070B500F59444693400254E1C27
:10DFB00020222146304612F038FE30B10135082DBE
:10DFC00004F14104F4D14FF0FF35284670BD08B587
:10DFD0000346104603F58042D2F8B0288A4207D99A
:10DFE000B82202FB0131D03112F099FF012008BDA7
:10DFF0000020FCE7002070470346104601F58042F0
:10E0000010B5D2F8B0281C68944209DA621C1A6074
:10E01000B82202FB0411D03112F081FF012010BDA3
:10E020000020FCE738B5044604F58045FDF78FFA7B
:10E03000D5F8641A59B12046FCF77CFE38B1236844
:10E040002046D3F8CC3098470023C5F8643AD5F879
:10E05000741C59B1236820461B689847D5F8741C76
:10E060002046FCF763FE0023C5F8743C38BD000071
:10E0700070B50546D2B00B46164610494268684650
:10E0800012F012FD2868694607F023FB044690B1A0
:10E09000296800236A460AA807F011FB0AA807F0BE
:10E0A0008FFC044638B10AA93046FDF787F90446CB
:10E0B0000AA807F03DFC204652B070BD5C2D020856
:10E0C00030B50446D3B00B4615460F494268684642
:10E0D00012F0EAFC2068694607F007FB216801237B
:10E0E0006A460AA807F0EBFA0AA807F069FC04469A
:10E0F00030B10AA92846FDF778F90AA807F018FCFC
:10E10000204653B030BD00BF5C2D02080020704790
:10E11000806A704740697047836953F821007047EF
:10E120006FF06043994270B534BF8E004FF0FF36F8
:10E13000044630460D46F7F7CAFB20602846F7F73D
:10E14000C6FB60603046F7F7C2FB0023C4E9020556
:10E150002361204670BD4B1C30B5024605690DD0C9
:10E1600000231846AB4200DB30BD946854F82340CE
:10E17000641A002CD8BF01300133F3E72846F3E7D7
:10E180001830FFF7E8BF70B5024604694FF0FF335F
:10E190000020FF2584420ADC002B26DB1168013CAD
:10E1A00051F823001461116999420EDC70BD966824
:10E1B00056F82060761A002E05DC5668365CAE42B2
:10E1C0003CBF034635460130E4E79900146804314A
:10E1D000655844F823505468E5186D78E554946800
:10E1E000615844F823100133DDE70020DEE71830E2
:10E1F000FFF7C9BF2C30FFF7C6BF02698A4230B5AE
:10E20000034618DD0068013A50F821001A611A69C6
:10E210008A4200DC30BD8A001C680432A55844F8EC
:10E2200021505C6865186D7865549C68A25844F864
:10E2300021200131EBE70020ECE700210430FFF75B
:10E24000DCBF1830FFF7D9BF30B5D0E90354AC427A
:10E250000CD0056845F8241041680A5502698168A8
:10E2600041F8223001320261012030BD0020FCE77C
:10E2700000231A460430FFF7E7BF70B50446183094
:10E280000D46FFF7E1FF30B92368294620465B6859
:10E29000BDE87040184770BD70B5134604460022B3
:10E2A0002C300D46FFF7D0FF30B9236829462046B1
:10E2B0005B68BDE87040184770BD00002DE9F04173
:10E2C0000646134B46F8043B04460D463046FFF71E
:10E2D00027FF294604F11800FFF722FF294604F121
:10E2E0002C00FFF71DFF0027AF4202DB2046BDE8F0
:10E2F000F0814FF48270F7F7E8FA8046FDF72AFFC5
:10E3000000231A4641463046FFF79EFF0137EBE7F0
:10E31000702D0208431E0F3013F8012F1AB98342E3
:10E32000FAD1012070470020704730B5A3B00546F0
:10E3300004A80C4606F098F810220DEB02002946BE
:10E3400006F0F9F923780122C3F383030DF10D01DF
:10E3500004A88DF80D3006F06FF9628804F14A01C7
:10E3600004A806F069F902231022009329460DF152
:10E370000E030DEB020006F0F6F9BDF80E3053B9AE
:10E380000123ADF80E3004A8BDF80E4006F052F897
:10E39000204623B030BD4FF6FF729342F3D14FF6C3
:10E3A000FE73EEE701390244131A012B02D8002351
:10E3B0000370704711F8013F002BF8D000F8013BC3
:10E3C000F2E70139012A02D8002112F058BC11F8F5
:10E3D000013F002BF8D000F8013B013AF2E7F0B51D
:10E3E00000230446E2188B4201D30120F0BD12F84D
:10E3F000010B01330028F8D00506F4D500F0E00247
:10E40000C02A1CD110F01F00F0D00122D6188E4275
:10E4100013D8E71817F8015B05F0C00CBCF1800FAA
:10E4200003F1010309D105F03F059E4245EA801042
:10E43000F0D1012A13D17F2816D80020D6E700F0AA
:10E44000F002E02A03D100F00F000222DEE700F024
:10E45000F802F02AF1D100F007000322D6E7022AE1
:10E4600010D1B0F5006FE8D3B0F5881FE5D2A0F564
:10E470005842B2F5006FE0D3A0F57D42D03A1F2A92
:10E4800005D8DAE7A0F58032B2F5801FD5D24FF675
:10E49000FE728243A6D1D0E7084B98420AD999422E
:10E4A0000AD901F5283101F5407188428CBF00205E
:10E4B000012070470020704701207047FFE00B5E8D
:10E4C0002DE9F04F1546C9B01022074689460DEBDD
:10E4D00002000021DDF848B19A464FF0000812F022
:10E4E000CEFBCDF808907A1E4446A14508F10108FC
:10E4F00003D012F80830002BF6D121463846039499
:10E50000FFF76DFF51468DF81D0006462846FFF7C0
:10E51000C3FF002205468DF81E0013464FF6FF711B
:10E52000C845C0F0BA800AB1ADF81A300DF1200824
:10E530004FF480720021404612F0A1FB00221346E6
:10E54000914694461046A04240F0B2800AB1ADF820
:10E550001230B9F1000F01D0ADF810C0002C00F05E
:10E56000F5800DF1200A00274FF000084FF0000958
:10E570001AF8010B18B3F1F725FFCDE90001204689
:10E58000F1F720FF02460B46DDE90001F2F7BEF885
:10E5900002460B46CDE9002310F086F86EA3D3E9BE
:10E5A0000023F2F7B3F8DDE90023F1F785FF024617
:10E5B0000B4640464946F1F7C7FD8046894601377C
:10E5C000B7F5807FD4D1664B002240464946F2F72A
:10E5D000F9F9002840F0B880624B002240464946D5
:10E5E000F1F76AFF00224FF07F53F1F765FFF2F772
:10E5F0003BFAC0B28DF81C00642706B9413F05B94B
:10E600000F3FBDF81A3003B1233FACB3BDF810C0C3
:10E61000BDF81210BDF81420BDF81630642606FBB4
:10E620000CF5B5FBF4F5312D06FB01F106FB02F20A
:10E6300006FB03F3B1FBF4F104D8BDF8186066459E
:10E6400038BF193F2D2988BF0F3FA24206D3B2FB26
:10E65000F4F20B2A34BF19222D22BF1AA34206D38B
:10E66000B3FBF4F3062B34BF19232D23FF1A4828DC
:10E6700002D94A2D98BF193FBBF1000F07D002AC59
:10E680000FCCABE80F0094E803008BE8030027EA07
:10E69000E770C0B249B0BDE8F08F17F8080020B1AC
:10E6A0008B421EBF01339BB2012208F1010837E7FC
:10E6B00017F8011B18F801E0BEF1FF0F18BF0EF1AB
:10E6C000010EA1F1200A18BF08F801E0BAF15E0FAF
:10E6D00000F1010E0BD80CF1010C20291FFA8CFC63
:10E6E00002D101339BB201224FF0010909E0A1F1EF
:10E6F000090ABAF1010F01D90D2904D101339BB2E6
:10E70000012270461FE71F2901D97F2905D1BDF8D5
:10E7100014100131ADF81410F3E7BDF818A0EF297B
:10E720000AF1010AADF818A0EBD102308442E8D911
:10E730003978BF29E5D17978BD29E2D1BDF8161025
:10E740000131ADF81610DCE7642053E72046372787
:10E7500053E700BFAFF30080EF39FAFE422EE63FE9
:10E76000000020400000594030B50346441E0021FF
:10E77000202514F8012F2AB983421A4612D8002303
:10E78000137030BD1F2A01D97F2A05D10029F0D18D
:10E7900003F8015B0121ECE703F8012B203A514219
:10E7A0005141E6E713F8011D2029E5D0E7E7000015
:10E7B000024A137843F0100313707047AC700020C6
:10E7C00038B5044640680A490368D3F8B030984722
:10E7D000084BA06800251D7003681B6B9847012833
:10E7E00001D1FFF7E5FFA561A583256238BD00BF14
:10E7F000B1E70008AC700020838B41833F2B82BFC0
:10E800000023838303627047034B187800F0EF0006
:10E81000431E584258417047AC7000202DE9F0412A
:10E82000174E347814F0100405460F46904616D063
:10E83000406803680121DB6E9847041E0DDD68689F
:10E8400044450368A8BF44461B6B22463946984797
:10E8500090B16B6901336B6100240023337033780E
:10E86000012B06D0686803689B69984708B90123A3
:10E8700033702046BDE8F081EB680133EB60ECE7D4
:10E88000AC700020406808B50368DB6F98474FF410
:10E890007A73B0FBF3F008BD10B504464068036816
:10E8A0009B6A9847A06803689B699847014B0022C0
:10E8B0001A7010BDAC70002040680368D3F89C301B
:10E8C0001847000070B5094E3378DB0604460CD4B7
:10E8D0000368DB6B9847054638B9236820461B6CF4
:10E8E000984735702583A583256270BDAC700020E4
:10E8F00010B5174B1A78838B012A044617D13F2B8A
:10E9000017D80368DB6B984780B9236820469B6C57
:10E910009847F2F703FCB4F918300D33984205DC40
:10E92000A38B0133A383236A0344236210BD3F2BCF
:10E93000FCD9236A002BF9D0B8BF3F3343F38F13C0
:10E940006FF077029342B8BF134623830023ECE7AE
:10E95000AC70002006490B78024613F0100005D079
:10E9600000230B701369013313610120704700BF4E
:10E97000AC7000200739234B2DE9F04153F821807A
:10E980000446014640461546F2F7A8FBC0BB2846A0
:10E99000F1F728FD1C4B0022F1F78EFD02460B46D5
:10E9A00000201A49F1F7D0FB06460F4620464146A3
:10E9B000F2F7CEF8F1F728FD154B0022F1F7A6FE8D
:10E9C00002460B4630463946F1F776FD0F4B0022E2
:10E9D00004460D46F1F7E2FF60B100220023204615
:10E9E0002946F1F7F9FF40B120462946F2F75CF8D5
:10E9F000BDE8F081054D0024F6E700240025F3E78B
:10EA00000020F5E79C2D02080000703F0000F03F59
:10EA100000002440406808B503681B699847024B12
:10EA200000221A7008BD00BFAC700020F8B5044683
:10EA3000806803685B690D461646984760680368FE
:10EA400032465F6A29460023B84720B9064B0322A5
:10EA50001A700120F8BD2046FFF7DCFFA0680368AC
:10EA60009B6998470020F5E7AC700020406808B526
:10EA700003689B69984710B9014B01221A7008BDC1
:10EA8000AC70002038B5B0F91A30054673B1036890
:10EA9000DB6C9847064B0446002228461A70FFF7A5
:10EAA000E5FF14F10F0018BF012038BD1846FCE740
:10EAB000AC7000200846114606291A4601DDFFF712
:10EAC00059BF00207047002070470000F0B51D4F6F
:10EAD0001D4CD7F8E03585B0002200921B4A04EAAD
:10EAE000832303EBC12307CA01AD85E80700D7F8EC
:10EAF000E02504EA822203F1FF6602F1FF6106F5D8
:10EB0000F02601F5F021B14218D802F10062013A75
:10EB1000B24213D3A3F50043DB0A0293F3F732FAB0
:10EB200069462846F3F7C0FA0446F3F73DFA002C8D
:10EB300014BF6FF00400002005B0F0BD6FF01500A9
:10EB4000FAE700BF0070FF1F00FCFF034C1C020827
:10EB50002DE9F047204E214FD6F8E04507EA8424FE
:10EB600004F1FF6404F5F02414441D4604EBC124B1
:10EB7000F3F708FA804678B9089B23F0070303EB04
:10EB800004096FF0784AA1450AD1F3F70DFA40EA7B
:10EB9000080010F0FF0001D06FF00400BDE8F0871E
:10EBA000D6F8E03507EA832303F1FF6202F5F0228D
:10EBB000A24202D85344A34204D2F3F7F5F96FF00E
:10EBC0001500EBE72146F5E802230120F3F726FACA
:10EBD00008348046D7E700BF0070FF1F00FCFF032A
:10EBE00038B518461546049A8BB182B1094B0A4CC8
:10EBF000D3F8E03504EA83242C4404F1FF6404F5DF
:10EC0000F02404EBC12112F08AF9002038BD6FF026
:10EC10001500FBE70070FF1F00FCFF0310B5034B5E
:10EC20000360044606F0FBFC204610BDBC2D020824
:10EC300010B50446FFF7F2FF20465021F6F749FED3
:10EC4000204610BD10B50449044606F0F1FC034B04
:10EC50002360204610BD00BF14010020BC2D020817
:10EC600013B500238DF807309DF80730044603F0F4
:10EC7000FF014BB1204606F0FEFC0021204602B009
:10EC8000BDE8104006F0E6BC06F0E4FC0028F1D038
:10EC900002B010BD0148FFF7D5BF00BFB070002023
:10ECA00008B50248FFF7BAFF08BD00BFB0700020EA
:10ECB000028BC08A101A7047C28A018B914288BFAA
:10ECC0000169034683BF885C0132DA824FF0FF306E
:10ECD0007047028BC38A9A4286BF0269D05C4FF0AC
:10ECE000FF30704770B54FF47A730E460021C0E9CB
:10ECF0000113034615462B4A43F8C42B0446C0F8BB
:10ED0000C4109C22C3E90111C0E93411C0E93611D5
:10ED1000C0F8E010283011F0B2FFF3B22A2B19D856
:10ED2000214A52F8233006F4E0661E43EBB22A2B48
:10ED3000C4F8846022D81C4A52F8233005F4E065F8
:10ED40001D430023C4F88850E36123842361A38218
:10ED5000204670BD06F0C002C02A0CD1CB2B0AD8C9
:10ED6000124B06F03F0206F4E06653F822200E4BE9
:10ED700053F82230D9E74FF0FF36D7E705F0C0024D
:10ED8000C02A0CD1CB2B0AD8084B05F03F0205F462
:10ED9000E06553F82220044B53F82230D0E74FF0BF
:10EDA000FF35CEE7CC2D0208C021020890210208D1
:10EDB00038B50446283000F0A9F8E06918B111F020
:10EDC000D1FB0023E36120690025258410B111F0F7
:10EDD000C9FB2561A58238BD38B50546074B45F806
:10EDE000D43B0446FFF7E4FF2846F6F77EFA04F129
:10EDF000C400F6F77AFA204638BD00BFCC2D0208D1
:10EE0000B1F5806F70B505460C4610D8038C994259
:10EE10000AD920290E4638BF2026C069314611F094
:10EE2000C3FC18B1E8612E84204670BDFEE70024C3
:10EE3000FAE713B590F824308DF8071004467BB13B
:10EE4000418C0131FFF7DCFF40B1638CE2699DF832
:10EE50000710D154638C01336384012002B010BDCC
:10EE600001220DF10701283000F0A0F8B0FA80F07F
:10EE70004009F3E770B590F8243004460E46154675
:10EE800093B1418C1144FFF7BBFF10B90025284610
:10EE900070BD638CE0692A461844314612F03FF891
:10EEA000638C2B446384F2E792B2283000F07EF842
:10EEB0000028EBD1EBE70346006918B19A8A0021DC
:10EEC00011F0DDBE70470346C06918B11A8C0021ED
:10EED00011F0D5BE704738B504460025C5820583BC
:10EEE000FFF7E9FF65842046FFF7EDFF38BD00001E
:10EEF00002480922C021FFF7F5BE00BF00710020C3
:10EF00000148FFF769BF00BF0071002010B504463B
:10EF100090F96400F2F7E6FE94F96500F2F7E2FE7C
:10EF2000201DF3F75DFA206E0321F7F721F9E06D5C
:10EF30000321F7F71DF92368194A93420ED14FF0C8
:10EF4000B0439A6B42F400129A639A6B22F4001257
:10EF50009A639A6D22F400129A6510BD114A934289
:10EF60000DD14FF0B0439A6B42F480029A639A6BD2
:10EF700022F480029A639A6D22F48002ECE70A4A36
:10EF80009342EAD14FF0B0439A6B42F400029A6385
:10EF90009A6B22F400029A639A6D22F40002DBE776
:10EFA0000054004000580040005C0040202A30B56A
:10EFB00014D800239CB2A24207D890F8943013448E
:10EFC000DBB280F89430002030BD90F89440CD5CE6
:10EFD0001C440444013384F87450EBE70120F3E748
:10EFE00070B590F89130012B04460E46A0F104054F
:10EFF00009D1436E3BB1836E28469847022384F8BB
:10F00000913000236366012E4FF0000312D1E26EAF
:10F0100084F891301AB184F890302846904794F8DB
:10F02000902004F1700120464FF00073BDE870405D
:10F03000F3F7F0B90122636684F89120616E7431B0
:10F04000294420464FF08073BDE87040F3F744BA7E
:10F0500010B590F89130012B044604D1436E13B1E2
:10F06000836E04389847022384F891300023636646
:10F070002046BDE81040F3F791BA436E1F2BDEBF68
:10F08000436E0133436690F89130012BDAB206D11A
:10F09000416E70314FF080730144F3F71DBA704731
:10F0A000002380F89030704790F892300BB9F3F756
:10F0B00075BA7047014B1868F3F784BAE471002001
:10F0C000014B1868F3F779BDE4710020014B5868D3
:10F0D000F3F778BAE4710020014B5868F3F76DBD7F
:10F0E000E4710020014B9868F3F76CBAE4710020DA
:10F0F000014B9868F3F761BDE47100202DE9F04100
:10F10000104D2F4604468C4690469E46061D0FCF56
:10F110000FC697E80700069B86E807001C35A36228
:10F12000079BE3620FCD04F13006C4E9088E0FC6D9
:10F130002B683360002363642046C4F800C0BDE838
:10F14000F08100BF581C020810B50446006803682F
:10F150005B6C98472068216A036882689B689847BF
:10F160002068216A03680269DB68BDE8104018471F
:10F17000006803689B6C18472DE9F0410D4619465D
:10F18000037C0446407CADF5007DDE08082B5FFA69
:10F1900085FC06EBD0066389879FD0B295BF40EA15
:10F1A0000C004CEA122C8DF800008DF8010092BF83
:10F1B0000DF101008DF800C00DF10200AB423E449C
:10F1C0003A462CD111F0ABFE206803685B6B984780
:10F1D0002068216A0368C268DB6898472068036872
:10F1E0003246D3F83880694640ABC0472068216A70
:10F1F00003680269DB68984720680368DB6B9847FF
:10F200002389AB4207D1217C869840AB3A4603EB79
:10F21000D10111F084FE0DF5007DBDE8F081A189DA
:10F2200011F02DFDD0E72DE9F04FADF5017D04463D
:10F230008C9F9DF834A21646D5199946002B55D0BF
:10F24000684611F06CFE8A993A460DEB060011F003
:10F2500066FE20680368BAF1000F05D0E26A013249
:10F2600054D1DB6932219847206803685B6B98476B
:10F270002068216A0368C268DB68984720680368D1
:10F280000DF58078D3F838B02A4643466946D8470A
:10F290002068216A03680269DB6898472068036870
:10F2A000DB6B9847BAF1000F07D0E26A20680132A1
:10F2B000036845D1DB6901219847656935B1002FA5
:10F2C0005CD0E37C18F80300A8470546B9F1000FAD
:10F2D00007D1A37C8B9806EBD3013A46414411F049
:10F2E0001EFE28460DF5017DBDE8F08F837C684643
:10F2F0004FEAD30805EBD30511F011FEA18908EB05
:10F3000007020DEB060011F0BAFCA2E75B6A984712
:10F3100080462068E16A03681B6998470028A3D0EB
:10F32000206803685B6D9847206803685B6A9847AC
:10F33000E369A0EB08009842EBD36FF43075D0E797
:10F340001B6A01219847206803685B6A9847054655
:10F350002068E16A03681B6998470028ADD02068DF
:10F3600003685B6D9847206803685B6A9847E369A8
:10F37000401B9842ECD36FF43075A7E73D46A5E7F4
:10F38000F0B51E46037987B005460F463BB9CDE977
:10F3900000620A460189FFF7EFFE07B0F0BD90F961
:10F3A000114090F811C0002CB8BF0734E410013CA4
:10F3B00064B204ABE0001946002C12DA2C7CE4089D
:10F3C000601E40B2B0F1FF3F15D10123CDE9022309
:10F3D00000230196009304EBDC022846FFF723FF8D
:10F3E000DBE7B5F808E0013C4EFA00FE03F801EB5C
:10F3F00064B20838E0E74FEAC00E27FA0EFE03F8C1
:10F4000001EB0138DDE7F0B589B000238DF8173046
:10F41000037904460A465BB9012101910DF11701F8
:10F4200000910189FFF7A8FE9DF8170009B0F0BD13
:10F4300090F91130467C002BB8BF0733DB10013B3D
:10F440005BB206A8DD000146002B13DA257CED082F
:10F450006B1E5BB25F1C15D10123CDE902330DF1A8
:10F46000170301930023009305EBD6022046FFF714
:10F47000DAFED9E72789013B2F4100F8017B5BB217
:10F48000083DE1E7DF0022FA07F700F8017B013BC6
:10F49000DFE7F0B516461A46037987B005460F46F2
:10F4A00043B9CDE900320A4633464189FFF764FE8D
:10F4B00007B0F0BD90F9114090F811C0002CB8BF12
:10F4C0000734E410013C64B204ABE0001946002CA0
:10F4D00012DA2C7CE408601E40B2B0F1FF3F15D177
:10F4E0000123CDE902230022CDE90062284604EB86
:10F4F000DC02FFF798FEDBE7B5F80AE0013C4EFAC4
:10F5000000FE03F801EB64B20838E0E74FEAC00EF2
:10F5100027FA0EFE03F801EB0138DDE7F0B50379B9
:10F5200089B004460D468DF8172053B90122CDE964
:10F5300000320A460DF117034189FFF71DFE09B09D
:10F54000F0BD90F91130467C002BB8BF0733DB10BB
:10F55000013B5BB206A8DA000146002B13DA227CDD
:10F56000D208531E5BB25F1C15D10020012301900D
:10F570000DF117000090CDE9023302EBD6022046D0
:10F58000FFF751FEDBE76789013B174100F8017B7C
:10F590005BB2083AE1E7DF0025FA07F700F8017BE4
:10F5A000013BDFE72DE9F0479DF820A09DF828708A
:10F5B0009DF82C901C4643EA0A03072B05460E468D
:10F5C000904642D8544540D3FFF71DFF631CFF22ED
:10F5D000DBB2CAF1080A02FA03F342FA0AF2134351
:10F5E000DB43DBB280EA0802134205D1B9F1000F18
:10F5F00002D10020BDE8F08720EA030403EA0803F3
:10F600001C43E4B2224631462846FFF787FF2868AC
:10F6100003689B6A98479DF824804FF47A7381466B
:10F6200003FB08F8286803689B6A9847A0EB090366
:10F63000434502D36FF00F00DCE731462846FFF761
:10F64000E2FE60400742EDD1D3E76FF00A00D1E758
:10F650007FB59DF824600396089E9DF82850CDE95B
:10F660000136002300930446FFF7DDFD38B935B1BC
:10F67000A36923B1204604B0BDE87040184704B028
:10F6800070BDF0B590F9114090F811C0002CB8BFD2
:10F690000734E41087B0013C64B205AD0F46E600C4
:10F6A0002946002C0DDA9DF8344002949DF8304034
:10F6B000CDE9003413464FEADC02FFF7C9FF07B07B
:10F6C000F0BD47FA06FE013C05F801EB64B2083EC6
:10F6D000E7E77FB59DF824600396089E0296002612
:10F6E000CDE9003601239DF828500446FFF79BFD25
:10F6F00038B935B1A36923B1204604B0BDE87040E4
:10F70000184704B070BDF0B590F9114090F811C0E1
:10F71000002CB8BF0734E41087B0013C64B205ADDB
:10F720000F46E6002946002C0DDA9DF8344002947D
:10F730009DF83040CDE9003413464FEADC02FFF774
:10F74000C8FF07B0F0BD47FA06FE013C05F801EB23
:10F7500064B2083EE7E770B586B000238DF8133039
:10F7600090F91130427C002BB8BF0733DB10013B0E
:10F7700004465BB205A8DD000146002B16DA012322
:10F78000CDE902330DF11303019300230093D20856
:10F790002046FFF748FD054628B963691BB19DF86F
:10F7A00013009847E080284606B070BDE689013B0B
:10F7B0002E4100F8016B5BB2083DDEE770B50B46E9
:10F7C000054601F11404303053F8046B40F8046B23
:10F7D000A342F9D16A640E1F01F11004286856F89B
:10F7E000041F036882689B689847A642F6D170BDE3
:10F7F000406C18B970478B4204D018300378002B46
:10F80000F9D118467047F8B50546FFF7F1FF88B102
:10F81000041D05F12C0605F1400756F8041F0029C8
:10F8200004DB286822680368DB689847BE4204F15D
:10F830000404F2D1F8BD00000648074B074A1B68D4
:10F84000B3FBF2F310B544684B434268121B93427A
:10F85000FBDC10BD001000E04000002040420F0023
:10F86000CBB22A2B09D80F4A52F8233001F4E060BA
:10F870001843431C18BF0846704701F0C002C02A55
:10F880000CD1CB2B0AD8084B01F03F0201F4E06009
:10F8900053F82220034B53F82230E9E74FF0FF30B2
:10F8A000704700BFC021020890210208704790F8FD
:10F8B000282008B512B103681B6B9847BDE80840C3
:10F8C000F6F7A2BAC0690EF0F9BBC0690EF028BC09
:10F8D000F8B507460C465D1E8E18B44200D1F8BD3F
:10F8E00014F8011BF86900220EF01CFC05F8010F4A
:10F8F000F3E70DF0CCBF4B1C084603D00021C0B28B
:10F900000DF0EABE7047084611461A46431C02D065
:10F91000C0B20DF061BE7047C0690EF000BCD0E906
:10F920000812C0690EF0DABB084611461A46431C9D
:10F9300001D00EF02FB9002070470EF095B90EF0EF
:10F9400091B908460EF092B94B1C084601D00DF053
:10F9500005BF70471FB5084611461A46431C13D011
:10F960000024CDE90044CDE9024421B1074B0393C3
:10F97000074B0091029369460DF022FF029B1BB1D9
:10F98000694603220846984704B010BD895E000806
:10F99000695E00084B1C084601D00EF0BDB800207F
:10F9A00070470846431C114601D00EF07BB87047E3
:10F9B0000846431C114601D00EF00AB8704710B536
:10F9C0002C210446F5F785FF204610BD90F828202D
:10F9D00012B103681B6C18477047000070B586B001
:10F9E00004AD85E80C0004230322CDE90132012295
:10F9F00000230E4600921946044603F07DFE95E86A
:10FA00000300064B236004F12003E66183E8030052
:10FA10000023204684F8283006B070BDF82D020877
:10FA20000368D3F8DC3018470368D3F8E030184790
:10FA300070472DE9F04385B00F464FF000080123D1
:10FA40000DF10F0240F6E70106468DF80F8002F037
:10FA5000B4FA0446002855D133683046D3F8D8307C
:10FA6000984704218146FFF7C3FE03210546484617
:10FA7000FFF7BEFE28B165B90E2F47DD6FF00C040D
:10FA800040E017F1090FF9DB002DF7D007F109036A
:10FA900003E00E2FFBB20EDD0933DBB21F2BEDD8D6
:10FAA00001250723224600950421304602F066FA1C
:10FAB000042304460DE01133DBB21F2BDED80122F4
:10FAC000234600920421304602F058FA4546044687
:10FAD000032386F85831ACB92946304601F0E7FADD
:10FAE000044678B90422F9B2304602F0FCFA044622
:10FAF00040B901230DF10F0240F6E701304602F054
:10FB000055FA0446204605B0BDE8F08307F111031D
:10FB1000DBB21F2BB2D801222346009204213046CB
:10FB200002F02CFA03230446D3E7000010B502F0DC
:10FB300098FA044605480EF058FD04480EF049FDB9
:10FB400010B102480EF04BFD204610BD3477002066
:10FB500010B5044603480EF045FD2368BDE810408B
:10FB6000184700BF3477002001480EF021BD00BFC8
:10FB70003477002010B54FF4DE710446F5F7A9FE86
:10FB8000204610BDF0B587B004469DF844E09DF8CE
:10FB900030509DF834609DF93870BDF83CC0CDF808
:10FBA00014E0DDF840E0CDF810E0CDE9027CCDE9CD
:10FBB000005600F030F9014628B9204607B0BDE8EC
:10FBC000F04003F08FBA07B0F0BD012A02D1016006
:10FBD00000207047022A05D0032AF9D0002AF7D165
:10FBE0000260F5E70B680360F2E700001FB5002331
:10FBF000CDE90013084B03930848094B029369466B
:10FC00000EF09CFC029B1BB16946032208469847F4
:10FC100005B05DF804FB00BF51FB000834770020FD
:10FC2000CBFB0008F0B587B004469DF93450BDF811
:10FC300038609DF840700497CDE901560F9F0C9DE8
:10FC40000397009500F021F9014628B9204607B036
:10FC5000BDE8F04003F046BA07B0F0BD10B5044669
:10FC600000F088F9014B2360204610BD602E020889
:10FC70007047000008B5A1F12B030846032B16D8E6
:10FC8000DFE803F00A0206110B480EF0E5FC08BDA0
:10FC900009480EF0ADFCFAE707480EF0BFFC80F013
:10FCA0000100C0B2F3E704480EF0CFFCF7E7BDE86F
:10FCB00008400DF031BF00BF347700200846A0F1A6
:10FCC0002B03032B114601D90DF082BE704710B5EE
:10FCD0002C210446F5F7FDFD204610BD08462D28D1
:10FCE000114604D82B2810D809D00DF0DBBE2E28E1
:10FCF000FBD1B2FA82F1054849090EF099BCB2FA7B
:10FD000082F1024849090EF07BBC7047347700202D
:10FD100037B504462C20F5F7D8FD0A4B0A490546AD
:10FD20000CCBFFF75BFE094B2B602C222E23CDE979
:10FD3000003229462D232B222046FFF7DFF92046EB
:10FD400003B030BDC82F020834770020682F0208A6
:10FD50004AB116290B466FF00800A8BF162383424C
:10FD6000B8BF034613700931C9B21F298CBF6FF0A9
:10FD70000C0000207047000010B5012986B006D0A5
:10FD800002292BD0C9B16FF0130006B010BD0022BC
:10FD900003680592194A04924FF0080C0A22CDE933
:10FDA000022C4FF0120E0722CDE9002E1449D3F891
:10FDB000F040144A0923A047E7E7104A036803927A
:10FDC00010240A22CDE901240F4A04910092D3F8AD
:10FDD000F4400E4A0E4B0A49A047D6E700230268BA
:10FDE0000393064B02930A210123CDE90031044914
:10FDF000D2F8FC400622A047C7E700BFCDCCCC3FDD
:10FE00000000D9430000FA4233331C439A999940C9
:10FE10000000A04070472DE9F34198469DF834302A
:10FE200001930C9B00930E461746BDF82C309DF8AD
:10FE300024209DF820109DF92850044601F0FEFA78
:10FE400000BB23684146D3F8E83020469847C8B93C
:10FE500023683946D3F8E4302046984790B92368A0
:10FE60003146DB6B2046984760B90121204601F0FE
:10FE70001EF938B923685B6D2946204602B0BDE8FB
:10FE8000F041184702B0BDE8F081F0B585B00E46EC
:10FE90009DF83870029711460D9F01971A46BDF8DC
:10FEA000303000930A9B9DF92C50044601F01CFB56
:10FEB00090B923683146DB6B2046984760B9012131
:10FEC000204601F0F4F838B923685B6D29462046D6
:10FED00005B0BDE8F040184705B0F0BD70B50E465E
:10FEE0001D4611469DF81430049A044601F070FB3B
:10FEF00088B923683146DB6B2046984758B9012101
:10FF0000204601F0D4F830B92368294620465B6DBD
:10FF1000BDE87040184770BD73B50E4611461A46CD
:10FF20009DF824300193089B00939DF818309DF9AB
:10FF30001C50044601F062FB90B923683146DB6B2C
:10FF40002046984760B90121204601F0B0F838B941
:10FF500023685B6D2946204602B0BDE87040184713
:10FF600002B070BD10B54FF4DE710446F5F7B1FC78
:10FF7000204610BD10B5044600F068FC034B23601A
:10FF8000034BC4F84C31204610BD00BFE02F0208DF
:10FF9000D02F020870B50C46054614492046164677
:10FFA000F1F792F8F0B112492046F1F783F8C8B1A1
:10FFB0002EB121462846BDE8704003F0F7B8D5F8C9
:10FFC00054112046F0F7C4FD0A4920F00040F1F733
:10FFD0007BF80028EDD02146284600F0DAFE002804
:10FFE000E7D070BD6FF00B00FBE700BF00001643C9
:10FFF000000070440000A0410022FFF7CBBF0000CA
:020000040801F1
:10000000036873B59B6D1646002205460C4698475B
:1000100090B99EB10B4B04F1090203EB420113F8B6
:10002000123091F9014003F00F021B0900210091E9
:100030002846214603F066F802B070BD042207236B
:10004000F4E700BFE03002080122FFF7D9BF00004B
:1000500030B5074B05460FCB85B06C4684E80F00E2
:100060002B682146D3F8A0302846984705B030BD0C
:10007000881C020813B5036800220092DC6940F274
:10008000722202236FF07F41A04702B010BD000032
:1000900030B5074B05460FCB85B06C4684E80F00A2
:1000A0002B682146D3F894302846984705B030BDD8
:1000B000881C020882B02DE9F041012906A880E8D9
:1000C0000C000B9C9DF826609DF8277009D0022932
:1000D00075D000294BD06FF01300BDE8F04102B09D
:1000E00070479DF8188042F2107000FA08F0F0F79F
:1000F000E1FD514905460798F0F734FE01462846D0
:10010000F0F7E4FEF1F730F8A8F10503DBB2012BBC
:100110009DF8283005468BBF0821002111201920A9
:100120000BBB4FEA880304EB4707002EC8EB4702DE
:100130000CBF1426002601EB8201DBB2314409B268
:100140005A1E0029A8BF521892FBF3F3BDF82420D1
:100150009DF820109BB2083201FB032300EB8300C3
:1001600068438008B9E7A8F102039B00DBE7F800C9
:10017000F0F7A4FD05463046F0F7A0FD01462846FD
:10018000F0F7E8FC0546BDF82400F0F797FD0146BE
:100190002846F0F7DFFC0546E000F0F78BFD01464E
:1001A0002846F0F7D7FC254904460698F0F78EFE5E
:1001B00001462046F0F78AFEF0F7D6FF8DE79DF85E
:1001C0001930032B34D8DFE803F002282D30062342
:1001D000634304330522B3FBF2F39CB23022B4FB39
:1001E000F2F303EB830000EB800002FB13444000BA
:1001F000A4B280B214B10234204480B29DF82430FD
:10020000C3EBC30203EBC20300EB43000C4B80B211
:100210005843F0F74FFD0B49CCE704EB4404C4F31B
:100220004F04DBE76400A4B2D8E704EB4404FAE728
:100230006FF0090051E700BF0000204100007A4440
:1002400000127A001D24F44308B50846F0F732FD89
:100250000249F0F73BFEF0F787FF08BD00007A4146
:10026000036889B2D3F8EC3018470368D3F8DC3060
:100270001847D0F85C01704700F00E03062B0BD036
:10028000082B0CD00A2B0CD00138C0B2FD288CBF33
:100290006FF00100002070476FF430707047024823
:1002A00070470248704700BF3EFDFFFF3DFDFFFF66
:1002B000704700002DE9F0428AB004460F4601F075
:1002C000FFFE05AE00230DF11C090128C9E9013329
:1002D000054607930593B3803DD194F86131042B13
:1002E00035D80433DBB28DF8243094F860318DF8C2
:1002F0001C30D4F868310893B4F86631ADF8143086
:1003000094F86331003B18BF01238DF8173094F83F
:100310006431591E4B424B418DF8163094F86231CE
:10032000003B18BF01238DF81830039796E80300AF
:10033000099B0190ADF808100093216899E80C0022
:100340008E6F20462946B0470AB0BDE8F082072BE1
:1003500008BF0823C7E730BBD4F87001F0F7AAFC48
:1003600001462148F0F7B2FD0790D4F87401F0F788
:10037000A1FC94F87B31089013F0FB0F11D0022BF5
:1003800003D09A1F534253415B00B4F88021ADF86B
:10039000142094F87C218DF816208DF81730002554
:1003A000C3E70123F1E703280ED1B4F89C315BBA0F
:1003B000ADF81C3094F8A3318DF81E3094F89E31BE
:1003C0008DF814300225B0E7022809D1D4F8700165
:1003D000F0F770FC01460448F0F778FD0790DEE77F
:1003E0006FF01300B0E700BF00007A4910B50C466B
:1003F00059B101F065FE012802D0032803D038B9B5
:100400002070002010BD0220FAE76FF00200F9E72B
:100410006FF01300F6E708B5D0F85C010221FFF792
:10042000F2F94FF0FF3008BD37B50D46044690F89D
:100430005811D0F85C01FFF7E6F95DB90123CDE969
:1004400000330023D4F85C011A46D121FFF75BF991
:1004500003B030BD2946204601F014FE0028EDD03F
:10046000F6E707B500238AB20093114601F0DCFDE0
:1004700003B05DF804FB1FB50023ADF80C30012379
:10048000CDE9003303AA02231221D0F85C01FFF763
:10049000F8F8BDF80C0040BA80B205B05DF804FB76
:1004A0002DE9F041002486B0FF270226CDE9027431
:1004B000CDE9004605462346224640F6E201D0F843
:1004C0005C01FFF76FF8CDE90274CDE900462346E1
:1004D000224640F6E501D5F85C01FFF763F86FF0BE
:1004E0007F41284601F0E5FCD5F85C3118680368C7
:1004F0000A21DB6998472746264601230DF117029A
:1005000040F6190128468DF8176001F056FD9DF858
:10051000170000F00100A04001343843082CC7B296
:10052000EBD12B6802244FF0FF081B69284698473F
:10053000CDE9014803960096D5F85C01002301221D
:1005400040F6E201FFF72EF8CDE90286CDE900641E
:100550000023D5F85C01012240F6E501FFF722F8FF
:10056000384606B0BDE8F08190F83410022938B55D
:10057000044605D0032911D06FF01805284638BD70
:10058000D0F85C01FFF73FF9D4F89811204601F04C
:1005900090FC0546002384F83430EFE790F85811BA
:1005A000D0F85C01FFF72FF90021204601F06BFC29
:1005B00005460028E2D1D4F85C311868D96A02688F
:1005C000126990470028E5D0D4F85C3118680368B8
:1005D0005B6D9847EFE7D0F85C3110B504461868BA
:1005E00003681B699847C1B22046BDE8104002F07D
:1005F0003BBF10B54FF4DE710446F5F76AF92046AB
:1006000010BD036810B5D3F8EC3044F2FF31044656
:10061000984728B9236820461B69BDE81040184751
:1006200010BD000010B5044601F04AFD01280ED1AE
:1006300023682046D3F884309847C3050AD410F0C5
:10064000800F14BF6FF00E004FF0FF3010BD6FF041
:100650001300FBE70048F9E742FDFFFFF7B5054649
:100660000E4601F02DFD012833D12B6828461B6969
:100670009847044650BBD5F85C010221FFF7C3F848
:10068000B168284602F0C0FEF1680746284602F02D
:10069000BBFE0094234682B2B9B2284601F0C4FCE6
:1006A000044698B92B6844F2FF31D3F8EC30284661
:1006B0009847044650B973680193F3780093B37870
:1006C00072783178284601F00BFC0446204603B0CE
:1006D000F0BD6FF01304F9E710B5044601F0F0FC2B
:1006E000012812D1204601F023FE10F4004FC0F380
:1006F000072018BFA0F58070EFF774FE044B0022AE
:10070000EFF7DAFEF0F7D0F910BD0248FCE700BFC2
:100710000000D03F0000A0C12DE9F3411D46036851
:100720001B6904460F4616469847002846D16DB906
:100730002368002EDB6F14BF3146FF212046984707
:100740004FF47A7300EB8000B0FBF3F52846F0F726
:10075000B1FA2D49F0F706FB2C49F0F7B7FBF0F79B
:1007600003FD236800220092D3F81C800146022377
:1007700040F272222046C04700BBD4F85C311868B2
:1007800003685B6A98478046D4F85C311868596AF8
:10079000026812699047A0B10025236820461B69B2
:1007A000984718B16FF43073984207D12368D5B1D8
:1007B00023682046DB6A98476FF0050002B0BDE869
:1007C000F081D4F85C31186803685B6D9847D4F801
:1007D0005C31186803685B6A9847A0EB08008542A3
:1007E000D2D20125D9E7D3F8843020469847236B2D
:1007F0001842DDD123681B6B32463946204602B0D1
:10080000BDE8F041184700BF00007A4400007A417B
:10081000036810B5D3F894300446984730B110BD42
:10082000D4F85C31186803685B6D9847D4F85C3184
:100830001868596A0268126990470028F0D0236846
:100840002046D3F89830BDE81040184738B5044624
:100850000D4602F0B5FD0022C4F85421C4F8682109
:10086000C4F8842140F20162A4F89C212B4A2C4B4D
:1008700012692360032000230121C4F89F21294A23
:10088000C4F84C31C4E95C33C4E96933C4E96C335E
:1008900084F8503184F85801C4F8603184F8643128
:1008A000A4F8663184F86C11C4F87831A4F87C316E
:1008B00084F87E31A4F88031C4F8883184F88C3112
:1008C000C4F8903184F89431C4F8983184F89E01CA
:1008D00084F8A331A4F8AC31C4F8B8316260FF22C7
:1008E000A26084F8493184F84A3102220423C4E921
:1008F0000423E16010230821C4E9061320204023CB
:10090000C4E90803C4F85C514FF480738025C4E93E
:100910000A534FF400732363204638BD881C020835
:10092000283102080024743F10B5032ABDF808409E
:1009300011D8092980F89C2110D85A1E032A80F862
:100940009D110ED8B4F5007F80F89E310CD2A0F82E
:10095000AC41002010BD6FF00900FBE76FF007000D
:10096000F8E76FF00A00F5E76FF06900F2E7D0F8FA
:100970005C3170B50446186802680D469668996A3D
:100980008268B047D4F85C311868996A0268D66802
:10099000C268B047D4F85C31186803680121DB698C
:1009A0009847D4F85C311868996A0268D668026979
:1009B000B047F5B1D4F85C31186803685B6A9847B2
:1009C0000646236820461B699847054688B1D4F837
:1009D0005C31186803685B6A9847801BB0F57A7FC2
:1009E00008D2D4F85C31186803680A21DB6998479B
:1009F000E7E70025284670BD036810B5D3F88430BA
:100A000004469847430410D5D4F8B811204601F0A5
:100A10000F0101F06DF950B923682046D3F8EC308E
:100A2000BDE8104044F2FF3118476FF0040010BDDC
:100A30002DE9F047984603681B6904460F461646A1
:100A40009847002841D194F86131042B3FD9072EF3
:100A50005BD994F86331012B39D1FD2E58D8236826
:100A60003146DB6F2046984723680546D3F824902B
:100A70003246434639462046C84730BB20464FF4ED
:100A80007A7305EB8505B5FBF3F501F019FBD4F896
:100A90005C310646186803685B6A98470535074667
:100AA000D4F85C31186803685B6D9847D4F85C3102
:100AB000186803685B6A9847C01B854209D223689F
:100AC00020469B6A98476FF00400BDE8F087FF2E30
:100AD000C4E7D4F85C311868596A02681269904713
:100AE0000028DDD0032E236809D1D3F884302046B6
:100AF0009847C30703D42046FFF77EFFD0E723685B
:100B000020469B6ABDE8F04718476FF01D00DCE700
:100B10006FF00300D9E72DE9F0411E46036886B067
:100B20001B690546884617469847044600283CD16D
:100B30006FF07F4398453946284618BF46F4007643
:100B400002F062FC31460446284602F05DFC0023B8
:100B500082B2A1B20093284601F066FA044620BB97
:100B600002460146284601F0C2FB0446E8B92B685C
:100B700044F2FF31D3F8EC30284698470446A0B938
:100B8000284601F09DFA012813D195F8943101937C
:100B900095F86431009395F8903195F86321B5F894
:100BA0006611284601F028FB0446204606B0BDE841
:100BB000F081A8B9FF23049395F87E31039395F84B
:100BC0007D31CDE9014395F87C31009395F87B3177
:100BD00095F87821B5F88011284601F033FBE3E75A
:100BE0004FF0FF34E1E700001FB571B101F0A0FB49
:100BF000C0B2EFF7F7FB0F4B002201F10041EFF716
:100C00005BFCEFF751FF04B010BD0123CDE90033C9
:100C10008DF80F100DF10F021521D0F85C01FEF7D1
:100C200030FD9DF80F00F0F745F84FF03F41F0F729
:100C300099F8E8E70000E03F0121FFF7D5BF30B5A4
:100C400085B00546144601F03BFA012808D195F815
:100C50006431012B04D11CB9D5F8900105B030BD29
:100C60000023ADF80C300123CDE9003303AAD5F8F9
:100C70005C0102231321FEF704FD14B19DF80D3031
:100C800023709DF80C00E9E72DE9F3410546D0F803
:100C90005C010F461646FEF75EFD2B680446D3F84E
:100CA0008430284698476FF430739C4208D110F482
:100CB000007F18BF6FF00504204602B0BDE8F08148
:100CC000002CF9D143062CD400F03000202814BFAA
:100CD0004FF000086FF0060800230DF10702012114
:100CE00028468DF80730FFF7AAFF16B1B04228BF9B
:100CF0003046C2B29DF807303946284601F080F9E7
:100D000004460028D8D12B6844F2FF31D3F8EC30E8
:100D100028469847B8F1000F0CBF04466FF0060450
:100D2000CAE76FF00608D7E70022FFF788BF73B560
:100D3000054608464FF07E511646EFF709FF4FF083
:100D40007A51F0F70FF80DF0FBFDF0F70DFA4FF0C8
:100D50007E51C4B23046EFF7FDFE4FF07A51F0F706
:100D600001F80DF0ABFDF0F7FFF9E107C3B25CBF8E
:100D700004F1FF34E4B2DA075CBF0133DBB201A94E
:100D800028468DF804408DF8053001F08BF902B04B
:100D900070BD73B5002305460846ADF804300C4617
:100DA000F0F7BCF9A0F286331A2B21D9A0F25F33F9
:100DB000072B28D9A0F20B33082B27D9A0F5EB730A
:100DC000282B26D9A0F5D7730A2B25D94FF08141BE
:100DD0002046EFF7BFFE4FF0814106462046EFF771
:100DE000B7FE324601462846FFF7A1FF02B070BDAC
:100DF000E122E92301A928468DF804208DF8053069
:100E000001F050F9F2E7D722DB23F3E7C122C52333
:100E1000F0E775228123EDE76B226F23EAE70000FC
:100E200037B500238DF807300DF10702012340F696
:100E30008901044601F0C1F8E8B9204601F040F903
:100E400001289DF8075018D10D49D4F86801EFF733
:100E50007FFE0C4920F00040F0F72CF968B105F056
:100E6000FB0501230DF1070240F6890120468DF8AC
:100E7000075001F09BF803B030BD45F00405F0E7E2
:100E80000000FA436F12833A2DE9F0410229C8B0FD
:100E900005460E46174606D0032921D06FF01800EC
:100EA00048B0BDE8F08190F86431012B03D1D368DC
:100EB0000BB1C0F89031D7E9012339682846FFF714
:100EC0002AFE0028ECD13B68013304BF6FF07F435A
:100ED0003B603B68C5F8983185F834600020DFE757
:100EE0005368FF2B00F2DD8001F0EAF80128044688
:100EF00015D195F89431019395F8643100933B79BD
:100F000095F86321B5F86611284601F075F90028B7
:100F1000C6D100230093012240F2012139E0A8B993
:100F20003B79049395F87E31039395F87D31CDE9B3
:100F3000010395F87C31009395F87B3195F8782181
:100F4000B5F88011284601F07DF9E0E7022818D1B4
:100F5000D5F870317968642B4FEAC1039BB241F632
:100F6000705243F20F700093C9B240F2E14308BFE0
:100F7000134640F62F1208BF0246284601F08BF9AF
:100F8000C5E7032840F09080002344F2010200935B
:100F90001146284601F048F8002881D10246014652
:100FA000284601F0A4F900287FF47AAF032C19D069
:100FB00003463A793968284601F00EF800287FF494
:100FC0006FAF2B6844F2FF31D3F8EC3028469847D6
:100FD00000287FF465AF2846FFF722FF00283FF482
:100FE0007BAF5DE7284600F0D3FD00287FF458AFC3
:100FF000044695F89E31C3F10403A3424CDC00245F
:10100000FB22214609A808940FF039FE05F5DA7392
:10101000C5E96C44C5F8B8410DF11C08029305F50B
:10102000D873CDE900832846D7E9001208AB0794AE
:1010300000F030FB00287FF433AF03469DF81C20FE
:1010400008A9284600F0C8FF00287FF429AF012333
:101050008DF81830079B8DF81930D5F8B4318DF81C
:101060001A3006AA032340F28531284600F09EFF7D
:1010700000287FF415AF95F8B471102F28BF102702
:101080000446A7429DD9E1B2284600F031FE00286F
:101090007FF406AF0134F4E7284600F00FFE013478
:1010A000A7E76FF00300FBE64FF0FF30F8E637B537
:1010B00000230D468DF807300DF10702012340F69D
:1010C000D801044600F079FF70B99DF807306DB182
:1010D00043F01E038DF807300DF10702012340F69F
:1010E000D801204600F062FF03B030BD23F01E039C
:1010F00043F00803EEE737B590F86431012B04465E
:1011000002D0002003B030BD00F0DAFF0128054610
:10111000F7D100238DF806300DF10602034640F6A4
:101120000211204600F042FF0028EBD18DF80700A5
:101130002B460DF1070240F64411204600F03DFF1A
:101140000028DFD19DF8073043F002038DF8073007
:101150000DF107022B4640F64411204600F026FF11
:10116000D0E7036810B51B690446984760B920466C
:10117000FFF7C1FF40B923682046D3F8EC30BDE843
:10118000104044F2FF31184710BD37B500230D461B
:101190008DF807300DF10702012340F23671044645
:1011A00000F00BFF88B99DF80730012D0CBF03F04C
:1011B000FB0343F004038DF807300DF10702012310
:1011C00040F23671204600F0F1FE03B030BDF0B5BC
:1011D00085B0044600F074FF0246002878D1D4F8A8
:1011E0007031D4F85C010392FF26B3F5966F029636
:1011F00009D102210423CDE9003140F6B801FEF700
:10120000D1F905B0F0BDB3F5167F4FF002054FF0F0
:101210000303CDE900354FF004032ED1182240F22C
:10122000D161FEF7BFF90028EBD1CDE90260CDE92D
:1012300000550423D4F85C011A4640F69B01FEF7E2
:10124000B1F90028DDD1CDE90260042701950097AE
:1012500002463B46D4F85C0140F6B801FEF7A2F91D
:101260000028CED1CDE90260CDE9007506235022D9
:10127000D4F85C0140F2AC61C1E7082240F2D161D0
:10128000FEF790F90028BCD1CDE90260CDE9005508
:1012900002460423D4F85C0140F69B01FEF782F974
:1012A0000028AED1CDE90260042701950097D4F85B
:1012B0005C013B46102240F6B801FEF773F90028A6
:1012C0009FD1CDE90260CDE9007506230246CFE744
:1012D000002096E7F0B5054685B00F460A240026A3
:1012E00001212846FFF743FBD5F85C0110224FF49B
:1012F00048716B46CDE90066CDE90266FEF740F81D
:101300000622694638460FF0EFFC10B9012005B0FF
:10131000F0BDD5F85C31186803680A21DB69013C2F
:10132000984714F0FF04DBD12046F0E72DE9F041A7
:101330000446D0F85C010D4617461E46FDF704FF33
:10134000D4F85C311868596A0268D2F8088042689B
:10135000C047D4F85C311868D96A0268D2F80880AE
:101360004268C047D4F85C3131484FF401621A82B8
:101370000122DA74D4F85C314FF440011A712D4A1D
:101380005A61C3E90201D4F84C112046FFF7A2FFCD
:1013900040B9D4F85C01FDF7EBFE6FF0010528467B
:1013A000BDE8F08194F8493163B13146204601F03F
:1013B00012FF0546B0B9002F34D12046BDE8F041F8
:1013C00001F0A9BD00212846EFF788FE0028ECD0E7
:1013D000294641F28832204601F0C6FD0546002824
:1013E000E3D0DCE7236820461B699847204600F0DD
:1013F000C1FF114B9D42D2D18306D0D5002384F882
:10140000493141F288320021204601F0ADFD054608
:101410000028C4D13146204601F0DDFE05460028F3
:10142000C9D0BCE72046BDE8F04101F071BD00BF66
:101430001D000D00790201083DFDFFFFF7B51D46B7
:10144000264BC0F86831062380F850310023164639
:10145000C0F88831224A80F86431FF230F46C0F873
:101460006021C0F890319DF824200899A0F86651B9
:1014700001230446FFF75AFF70BB02463946204657
:1014800001F053F840BB44223146204601F07AF87F
:1014900010BB236829461B6E20469847E0B91149C6
:1014A000204601F08FF8B8B90121204601F01AFE5C
:1014B00090B90123009341F60F5241F2210302211A
:1014C000204601F06DFC38B923681B6D01462046AB
:1014D00003B0BDE8F040184703B0F0BD0000FA4388
:1014E00009030001000070422DE9FF4117461E4626
:1014F00045F255324CF6CC43C0E95C23324BC0F880
:1015000084311A23BDF8285080F8793140F20963FC
:101510008846A0F87A319DF830200B99A0F88051C8
:1015200000230446FFF702FF002849D12368414603
:101530001B6C20469847002842D1236839465B6CD3
:101540002046984700283BD13146204601F018FA42
:10155000002835D11D49204601F034F880BB2368AE
:1015600029461B6E2046984750BB4AF61253ADF8E9
:101570000C3023680222DB6D03A920469847F8B996
:10158000236801469B6C20469847C8B923680146EA
:10159000DB6C2046984798B9FF21204601F002FEF7
:1015A00070B90125009541F2210341F60F52022145
:1015B000204601F0F5FB18B92946204601F092FDBE
:1015C00004B0BDE8F08100BF33331C43000070421B
:1015D00038B50D4611461A4602230446FFF7A6FE0B
:1015E00058B9236829461B6C2046984728B92046DD
:1015F0000121BDE8384001F075BD38BD70B586B039
:101600000D46164680F8A3319DF82C200A99032335
:101610000446FFF78BFE88BB1C49204600F0D2FF32
:1016200060BB0121204601F05DFD38BBCDE9030020
:10163000CDE901000090034602460146204600F035
:1016400001FED8B90B2384F87A31236884F8790134
:10165000C4F874011B6C0E492046984770B9032EDC
:101660000ED8092D84F89C610DD8032384F89E318F
:101670004FF4807384F89D51A4F8AC3106B070BD6E
:101680006FF00900FAE76FF00700F7E7000070421B
:101690000000FA3E2DE9F04F83469146ADF5297DD5
:1016A0001C460020FF22484540F0CA80B048102365
:1016B0000026037047F25B574FF6FF734A462146F8
:1016C000C0E90173C66001F015FFC0F3072304F8F9
:1016D000093004EB09034FF41772587009F1020343
:1016E0003146E65409AD11A8059310960FF0C7FADC
:1016F000A0482E60032101F058FF09F10203DA002F
:10170000063210AB21469B48009501F053FFFF22A3
:10171000314620460FF0B3FA9BF89C71032F2ED070
:10172000954B0CAA03F1080C18685968164603C6B5
:10173000083363453246F7D1186899889B79B371AD
:10174000022F98BF8D4B3060B18098BF13F807C04F
:101750002B6802934FF0000388BF4FF0000C1A462D
:1017600018460DF130084FF0010A029999427BD1D9
:1017700009920732D208214610A80FF0D0FB099B2E
:101780000293002293B202985B438342114602F116
:101790000102F7D38BB25B009BB204939BF89E319E
:1017A000BDF90850C1F34E020692C3EBC30203EB2E
:1017B000C20300215B009BB28A460A46002D74DCFE
:1017C0009BF89E216A4F8DF828906FF0710101FB04
:1017D000023309939BF8A3319BF89C219BF89D1140
:1017E0009B0043EAC20343EAD10343F002038DF8AE
:1017F0002930BBF8AC311A091B0142EA41128DF8BD
:101800002B3008238DF82A203B702F22FF23C7E9B5
:1018100001230026FE6035469BF89E11B14200F27E
:10182000AF80059B9BF89C21DB0006339BB2032A0B
:1018300000F27B81DFE812F06D017501A001A201C9
:101840000B5C53401D0145EA13132354130983EA2B
:10185000521383EAD20303F0010383EAD213520046
:10186000D2B21A4301301EE718F80010B9B110AF18
:10187000DE084FEAD20EBE5D14F80E10DF43D543EA
:1018800007F0070705F007053E41F6070AFA05F5D8
:1018900046BF2943C9B2A94304F80E1001320130F2
:1018A000844508BF002001335FE7302D28464FEA0A
:1018B000D306A8BF30200390D843A75D4FF0010C9A
:1018C00000F007000CFA00F027EA000703EB0C0019
:1018D000A755C710C043E65D00F007000CFA00F002
:1018E00026EA0006E6554FF0000C9F1CFE434FF021
:1018F000010E06F007060EFA06F60DF140084FEA53
:10190000D20EF81018F80EE007906FEA020808F0FF
:101910000708205C4EFA08FE1EF0010F14BF30438A
:10192000B0434FEAE70618BFC0B2A055049802447E
:10193000029892B290420BD8069A0498524492B2FE
:1019400090429FBF013189B20A468A4688BF9246BB
:10195000039E0CF1010C0FFA8CF0864207F101078F
:10196000C4DC30460230303D18442DB283B225E746
:10197000F071002004720020A01C02081F3202082F
:101980009DF82B300139891B23F00C0343EA8103B6
:1019900004220AA938468DF82B3001F0ABFD0DF179
:1019A00030084FF00009C8F800908DF82C00022193
:1019B0007448CDF83490ADF8389001F0F6FD282247
:1019C0000DEB020143466F48CDF8009001F0F2FDA7
:1019D00028220DEB020143466A48CDF8009001F041
:1019E000E9FDEA08EB43A15C4FF0010E03F00703A9
:1019F0000EFA03F321EA0303A35405EB0E03DA10F6
:101A0000DB43A15C03F007030EFA03F321EA0303AF
:101A1000A3545D4B029305F1020C05F12A00029BD1
:101A200013F8011B02934FEAD1094FEADC0A18F8B8
:101A3000099014F80A30C9436FEA0C0201F007015B
:101A400002F0070249FA01F919F0010F0EFA02F249
:101A500018BF13430CF1010C14BFDBB29343604574
:101A600004F80A30DBD105F17203DFF8209102930C
:101A700005F14A0C0DF1300A19F8011F6FEA0C024A
:101A80004FF0010E02F007020EFA02F24FEAD10EF9
:101A90004FEADC081AF80EE014F80830C94301F0E8
:101AA00007014EFA01FE1EF0010F1ABF1343DBB20D
:101AB000934304F80830029B0CF1010C6345DBD121
:101AC00000214FF001090BEBD10C4FEAD0089CF834
:101AD0009FC114F808306FEA010EC2430EF0070EE2
:101AE00002F007024CFA0EFC1CF0010F09FA02F298
:101AF00018BF134301F1010114BFDBB29343202946
:101B000004F8083000F10100DDD17235ADB20136C4
:101B100082E60622534304330522B3FBF2F39BB261
:101B200003E003EB4303C3F34F03302003F12F0221
:101B3000B2FBF0F20A44B4990A60B3FBF0F101EB96
:101B4000810202EB820200FB113352009BB292B27F
:101B500013B102331A4492B29BF89E11722313FB05
:101B60000123B39A1360B29A0733DB080020136095
:101B70000DF5297DBDE8F08F5B00D0E703EB430353
:101B8000CDE700BF04720020223202084932020869
:101B900070B5464A8AB0034605AC02F110061068DB
:101BA0005168254603C50832B2422C46F7D1106869
:101BB0003F4A286010689288ADF810203D4A029292
:101BC00049F28E52ADF8042093F8A3210390002A25
:101BD00093F89D210AA800EB42020CBF3421082192
:101BE00032F8142CB2FBF1F20621632AA3F8A421E7
:101BF000A3F8A6112AD037D83C2A53D022D81E2ABF
:101C000019D8092A1BD92C4921FA02F2D20716D574
:101C1000B3F8AC210AA901EB9211B2F5C07F11F81B
:101C20001C1CA3F8A81102F03F01A3F8AA1106D2C8
:101C300000200AB070BD232AEAD02F2AE8D06FF026
:101C40006900F6E73E2A2DD0562AF8D1B3F8AC2128
:101C50000AA901EBD21102F07F0211F8201CA3F8AF
:101C6000A811A3F8AA21E3E7B2F5C37F13D00ED8D9
:101C7000B92A01D0C62AE2D1B3F8AC210AA901EBF6
:101C80001221D2B211F8241CA3F8A811E9E740F2FE
:101C900093118A42D3D14FF48472A3F8A821B3F8E8
:101CA000AC21DEE73822A3F8A621B1E7B01C020878
:101CB00018320208414447480004405010B5B0F8BB
:101CC000A631B0F8AA11B0F8A441024603F0010011
:101CD0005B0818B1B2F8A80143409BB2994214BF07
:101CE00081EA030008468442F0D3A2F8A63110BD71
:101CF000D0F8B4312DE9F34104460E46002B66D0EE
:101D0000FFF7DCFFB4F8A431471EBAB23FB2B7EB1D
:101D1000530FA8BFD21A03F0010594F8A331A8BF4E
:101D200017B20135002B56D0AD004FF480584FF05C
:101D30009841D4F85401EFF715F84FF07451EFF7CC
:101D400011F8EFF711FAD4F8B82194F89E316D022A
:101D500008FB07559A42A0EB050004D29B1ADB074B
:101D600058BF00F5807006EB460700BA7F000423D9
:101D700001900DEB030207F28A31204600F016F9BC
:101D800030BB6EB394F89E31B3422BD8D4F8B05127
:101D9000312D29D8ADB200238DF800306A460223D8
:101DA00007F5627120468DF8015000F0FFF878B910
:101DB000D4F8B0315B1BC4F8B031D4F8B431013B76
:101DC000C4F8B431D4F8B8310133C4F8B8310020C4
:101DD00002B0BDE8F0811A235D434FF4D048A6E776
:101DE0007325D8E77225D6E73225D4E730B5044607
:101DF00085B0D0F85C010D460121FDF704FD0023FC
:101E0000CDE900330DF10F02D4F85C01AD000123E0
:101E100084218DF80F50FDF776FCD4F85C3105462F
:101E2000186803680121DB699847284605B030BD72
:101E30000121FFF7DBBF7FB504460D461646D0F8FB
:101E40005C010121FDF7DFFC46B10023CDE9003341
:101E50001A46D4F85C011946FDF755FC0123CDE97B
:101E6000003303AAD4F85C018DF80C508021FDF7F3
:101E70004AFC04B070BD90F84A110122FFF7DBBFA5
:101E80000122FFF7D8BF1FB50B0C8DF80C300B0AE1
:101E90008DF80D300123CDE900338DF80E100323AA
:101EA00003AA8321D0F85C01FDF72DFC05B05DF895
:101EB00004FB1FB50B0C8DF80C300B0A8DF80D30A0
:101EC00000220123CDE900328DF80E10032303AA6E
:101ED0008221D0F85C01FDF716FC05B05DF804FB2B
:101EE0002DE9F04385B090F860919DF8308006466A
:101EF0000D981C4617460D46EEF7DCFE1E49EEF720
:101F0000E5FFEFF731F9FF2D08BF0225FF2F04BFD2
:101F100009F10D095FFA89F7FF2C08BF0A248DF833
:101F20000A400124CDE90044030CB8F1FF0F8DF8FD
:101F30000C304FEA102308BF4FF000088DF80D3029
:101F40008DF80E000723D6F85C018DF8085002AA20
:101F500088218DF809708DF80B80FDF7D4FB40B90E
:101F6000CDE9004403460246C521D6F85C01FDF7E1
:101F7000CAFB05B0BDE8F08300007A411FB58DF8BB
:101F80000D309DF818308DF80F300123CDE9003366
:101F90008DF80C108DF80E20042303AA9521D0F89B
:101FA0005C01FDF7B0FB05B05DF804FB08B5D0F8A7
:101FB0005C01FDF76EFA002008BD10B5044610461E
:101FC0001A460346D4F85C01FDF7DAF9D4F85C014F
:101FD000BDE81040FDF7BFBB10B586B00E248DF8EC
:101FE00015300123CDE9013300920B46022205A9E9
:101FF000D0F85C018DF81440FDF76BFB06B010BD06
:1020000010B586B01E248DF815300123CDE90133BB
:1020100000920B46022205A9D0F85C018DF814400D
:10202000FDF716FB06B010BD1FB55BBAADF80C305E
:10203000BDF818305BBAADF80E300123CDE900339E
:1020400049BA082352BAADF80810ADF80A2019466B
:102050000DEB0302D0F85C01FDF755FB05B05DF810
:1020600004FB1FB50123CDE9003349BA0223ADF8C3
:102070000C1003AA1946D0F85C01FDF744FB05B02B
:102080005DF804FB1FB50123CDE9003309BA0391C4
:10209000042303AA8621D0F85C01FDF734FB05B0C8
:1020A0005DF804FB07B50123CDE900330A4602239E
:1020B0009821D0F85C01FDF726FB03B05DF804FB26
:1020C0001FB5FF238DF80F300123CDE900330DF14B
:1020D0000F021121D0F85C01FDF7D3FA9DF80F0033
:1020E00005B05DF804FB30B5012385B0CDE90033C0
:1020F00004460D468DF80C108DF80D20D0F85C01CB
:10210000022303AA8E21FDF7FEFA08B984F88C5148
:1021100005B030BD2DE9F0431E4685B090F86C3116
:102120009DF83040054688461746A3B190F86001F7
:102130004FF0010909FA00F0EEF7BCFDD5F868117F
:10214000EEF7C4FE4FF08341EEF7BEFF00280446D1
:1021500018BF4C46E4B2012385F86241CDE9003353
:1021600003AAD5F85C018DF80C8004238B218DF82F
:102170000D708DF80E608DF80F40FDF7C4FA05B0B4
:10218000BDE8F08330B585B00D0C089C8DF80C309F
:10219000230C8DF80D300123CDE9003308238DF891
:1021A00008508DF80A100D0A8DF80B2064BA0DEB5B
:1021B00003028B21D0F85C018DF80950ADF80E4078
:1021C000FDF7A1FA05B030BD1FB50B0C8DF80C3032
:1021D0000B0A8DF80D300123CDE900338DF80E1078
:1021E0008DF80F20042303AA8B21D0F85C01FDF7A2
:1021F0008AFA05B05DF804FB2DE9FF419DF82C80BB
:102200000C464146064617461D46FEF7BEFFB0B9CE
:102210009DF828308DF80A300123CDE9003364BAE7
:10222000D6F85C01ADF80840062302AA8C218DF88F
:102230000B508DF80C708DF80D80FDF764FA04B02A
:10224000BDE8F0817FB58DF813309DF828308DF80A
:102250000E208DF814309DF820208DF80F200123DA
:10226000CDE900339DF824208DF810209DF82C2016
:102270008DF8112049BA9DF83020ADF80C108DF87A
:102280001220092303AA8C21D0F85C01FDF73BFA48
:1022900007B05DF804FB30B585B00546BDF82000F9
:1022A0008DF808108DF80A20110A8DF80C301A0AE2
:1022B000030A8DF80D300123CDE900338DF80910A4
:1022C0008DF80B208DF80E0002AAD5F85C018C2148
:1022D000FDF719FA044638B9D5F85C0106230DF16B
:1022E0000902F021FDF7D5F8204605B030BD1FB535
:1022F0000123CDE900338DF80C108DF80D20022359
:1023000003AA8F21D0F85C01FDF7FDF905B05DF857
:1023100004FB1FB50123CDE900338DF80C1003AA8F
:102320009621D0F85C01FDF7EEF905B05DF804FBED
:102330001FB50F4B1A889B788DF80E300123CDE91D
:102340000033ADF80C20032303AA1421D0F85C015C
:10235000FDF797F99DF80D309DF80C209DF80E00C3
:102360001B0243EA0243184305B05DF804FB00BFBB
:10237000C41C02081FB50023ADF80C300123CDE9C1
:10238000003303AA02231721D0F85C01FDF779F985
:10239000BDF80C0040BA80B205B05DF804FB1FB573
:1023A0000023ADF80C300123CDE9003303AA02234A
:1023B0000721D0F85C01FDF7A6F905B05DF804FB34
:1023C000D0F85C312DE9F0411D682A680446576950
:1023D000926D0E462846596A9047D4F85C311B68C6
:1023E000014632462846BC465B69BDE8F04160477D
:1023F000D0F85C3170B51C68596A2268204695692E
:10240000926D90472B4601462046BDE87040184724
:102410000368D3F8DC3018470368D3F8E030184776
:1024200073B505460E46FFF74BFE0128044656D10C
:1024300000213046EEF748FE00283BD029493046BF
:10244000EEF738FE002835D04FF07C513046EEF7DD
:1024500089FC2549EEF77EFBEEF786FEC3B2142B0E
:1024600021D8022B26D9033B112B23D8DFE803F018
:102470002F2209220A222229222222222B22222250
:10248000222D082495F8623185F85041C5F868611D
:10249000009395F8613195F8601122462846FFF7C0
:1024A00039FE02B070BD7D2B13D006D81F2B12D081
:1024B0003E2B12D06FF00700F3E7FA2BFAD1062477
:1024C000E0E70924DEE70224DCE70A24DAE7002457
:1024D000D8E70524D6E70324D4E70424D2E76FF035
:1024E0001300DEE70000FF430AD7233C37B504465C
:1024F0000D46FFF7E5FD012811D16B1F072B11D801
:1025000094F8623184F86051009394F8613194F842
:10251000502129462046FFF7FDFD03B030BD6FF086
:102520001300FAE76FF00800F7E773B505460C46AD
:102530001646FFF7C5FD01281ED1231FDBB2042B71
:102540001DD8BEB1062C11D8042C08BF002495F864
:10255000623185F86141009395F8502195F860113A
:1025600023462846FFF7D6FD02B070BD082C06D1E1
:102570000724ECE71C46EAE76FF01300F4E76FF07E
:102580000900F1E773B506460D461446FFF798FDBE
:10259000012814D125F00F0343EA141304F00F04AB
:1025A00044EA05118DF804308DF80510022301AAC4
:1025B0004FF4E8613046FFF7F9FC02B070BD6FF0F0
:1025C0001300FAE737B50C46054600212046EEF722
:1025D0007BFDB0B10C492046EEF76CFD88B10B498C
:1025E0002046EEF773FCEEF7BFFD01238DF80700E0
:1025F0000DF1070240F6E7012846FFF7D7FC03B0CC
:1026000030BD6FF01000FAE700000C4300002040DE
:1026100030B587B005460C46FFF752FD012811D1B1
:1026200095F89431A1B2A5F86611019395F864313B
:10263000009395F8903195F863212846FFF7DCFD6B
:1026400007B030BD58BB95F87C31A1B299420A461B
:10265000A8BF1A461F2AA5F880111ADC172A1ADC0F
:102660000F2A1ADC003A18BF01229200FF2085F8D9
:102670007821049095F87E01039095F87D010290F1
:102680000020CDE90030284695F87B31FFF7DAFDD0
:10269000D6E70722EAE70622E8E70522E6E74FF059
:1026A000FF30CDE737B504460D46FFF709FD68BB9F
:1026B00000212846EEF7F4FC60B916492846EEF7EB
:1026C00003FD20B114492846EEF7F4FC18B96FF069
:1026D000650019E00F4D11492846EEF743FB4FF016
:1026E0009841EEF73FFB0E49EEF7F0FBEEF73CFDAD
:1026F000C4F87401009094F8793194F87A21D4F8F0
:1027000070112046FFF73EFD03B030BD6FF013009F
:10271000FAE700BF9A99193F0000484300007A4445
:102720000024F44B37B504460D46FFF7C9FC0028DA
:1027300039D0032805D0022810D06FF0130003B061
:1027400030BD25492846EEF7BFFC20B12349284675
:10275000EEF7B0FC38BB6FF06400F0E72049284684
:10276000EEF7B2FC0028F6D01E492846EEF7A2FC90
:102770000028F0D01C492846EEF7F4FA01461B4821
:10278000EEF7A4FBEEF7F0FC16220146C4F8700148
:102790002046FFF719FD0028D1D1204603B0BDE83F
:1027A0003040FEF714BD10492846EEF7DBFA01462B
:1027B0000E48EEF78BFBEEF7D7FCD4F87431C4F873
:1027C00070010093014694F8793194F87A212046FB
:1027D000FFF7D8FCDFE700BF23DBF93E355EFA3EAA
:1027E000CDCCCC3D9A99193F00007A440024744E18
:1027F000F0B589B003AC84E80E0003689DF838603A
:10280000D3F8CC30049F0DF11F01054698470446CC
:10281000002851D1032E9DF81F3002D0B3420FD1B2
:102820003346E3B92B6803991B6C28469847044646
:10283000002841D12B6839465B6C284698470CE04C
:102840002B6828461B69984738B92B683146D3F85E
:10285000C830284698470028E2D004462CE0012BD7
:1028600017D12B689DF80C10D3F8E830284698470C
:10287000044608BB2B683946D3F8E430284698470D
:102880000446C8B902469DF814102846FFF74DFECD
:10289000E3E7022B10D14FF4807300939DF80D20D5
:1028A0009DF80C1003232846FEF73EF80028D4D1EB
:1028B0009DF80E3085F8A331204609B0F0BD000028
:1028C00030B585B004AC04E90E009DF82030029CC0
:1028D000032B07D1036808A9D3F8CC30984718B167
:1028E00005B030BD4FF0FF309DF82030CBB9019DD1
:1028F0001F492846EEF7E8FB68B31E492846EEF765
:10290000D9FB40B31A492046EEF7DEFB30B31A4933
:102910002046EEF7CFFB002814BF00206FF06500C3
:10292000DEE7012BDCD19DF80430053B072B18D8DE
:1029300000212046EEF7C8FBB0B110492046EEF763
:10294000B9FB88B19DF80C30043B042B94BF0020E8
:102950006FF00900C4E76FF06400C1E76FF0650035
:10296000BEE76FF00800BBE76FF00700B8E700BFF5
:102970009A99193F00009643000048430000FF4326
:1029800037B505460C46FFF79BFB002840F02B812E
:102990009849C5F884412046EEF7DAF8964920F0C8
:1029A0000040EEF787FB002840F0F5809349204671
:1029B000EEF7CEF8904920F00040EEF77BFB0028C0
:1029C00040F0EB808E492046EEF7C2F88A4920F0AD
:1029D0000040EEF76FFB002840F0E1808949204677
:1029E000EEF7B6F8844920F00040EEF763FB0028CC
:1029F00040F0D78084492046EEF7AAF87E4920F0BF
:102A00000040EEF757FB002840F0CD807F4920467C
:102A1000EEF79EF8784920F00040EEF74BFB0028D7
:102A200040F0C3807A492046EEF792F8724920F0D0
:102A30000040EEF73FFB002840F0B9807549204682
:102A4000EEF786F86C4920F00040EEF733FB0028E3
:102A500040F0AF8070492046EEF77AF8664920F0E2
:102A60000040EEF727FB002840F0A5806B49204688
:102A7000EEF76EF8604920F00040EEF71BFB0028EF
:102A800040F09B8066492046EEF762F85A4920F0F4
:102A90000040EEF70FFB002840F09180614920468E
:102AA000EEF756F8544920F00040EEF703FB0028FB
:102AB00040F087805C492046EEF74AF84E4920F006
:102AC0000040EEF7F7FA00287DD158492046EEF78E
:102AD0003FF8494920F00040EEF7ECFA002874D1A5
:102AE00053492046EEF734F8434920F00040EEF712
:102AF000E1FA00286BD14F492046EEF729F83E490C
:102B000020F00040EEF7D6FA002862D14A4920466C
:102B1000EEF71EF8384920F00040EEF7CBFA002817
:102B200059D146492046EEF713F8334920F00040CA
:102B3000EEF7C0FA002850D141492046EEF708F8D8
:102B40002D4920F00040EEF7B5FA002847D13D4965
:102B50002046EDF7FDFF284920F00040EEF7AAFAE5
:102B600000283ED138492046EDF7F2FF224920F0F7
:102B70000040EEF79FFAC8B30923D5F8742185F811
:102B80007931009295F87A21D5F870112846FFF72F
:102B9000F9FA03B030BD1F23EFE71723EDE70F234A
:102BA000EBE71E23E9E71623E7E70E23E5E71D23FE
:102BB000E3E71523E1E70D23DFE71C23DDE714231B
:102BC000DBE70C23D9E71B23D7E71323D5E70B2338
:102BD000D3E71A23D1E71223CFE70A23CDE719233E
:102BE000CBE71123C9E76FF01300D2E76FF067005E
:102BF000CFE700BF9A9999406F12833A9A99B940EA
:102C00009A99E94033331B4133333B419A996941E7
:102C100000009C413333BB416666EA4100001C4220
:102C20009A993B4266666A4266669C429A99BB42A2
:102C30009A99EA4233331C4333333B43CD4C6A43C6
:102C400000009C43CDCCBA430080E94337B500294E
:102C50000CBF9423962315468DF803300DF1030223
:102C6000012340F6AC010446FFF7A0F970B96DB13D
:102C7000074B1A889B78ADF804208DF8063001AA1E
:102C8000032340F29F212046FFF790F903B030BDA7
:102C90007232020837B505460C46FFF711FA08B143
:102CA00003281CD1042C1DD8DFE804F004031315FD
:102CB00017000824D5F8743185F87A41009395F807
:102CC0007931D5F8701122462846FFF75BFA03B038
:102CD00030BD0924EEE70A24ECE70B24EAE76FF0A5
:102CE0001300F4E76FF06900F1E770B586B00546B0
:102CF0000E461446FFF7E4F9002838D1082C4CD8CA
:102D0000E4B2234632464FF4D8612846FFF74EF925
:102D100028BBB5F88011E400E4B2A1420A46A8BF7E
:102D200022461F2A85F87C411BDC172A1BDC0F2A50
:102D30001BDC003A18BF01229200FF2085F87821A1
:102D4000049095F87E01039095F87D010290002093
:102D5000CDE90040284695F87B31FFF773FA06B0BD
:102D600070BD0722E9E70622E7E70522E5E701282B
:102D700009D1012C11D831784422284606B0BDE88B
:102D80007040FFF7FFBB032804D1042C05D1336842
:102D9000C5F89F316FF01300E1E76FF06800DEE7E0
:102DA0002DE9F04188B004469DF838800D4617465D
:102DB0001E46FFF785F9002845D1012D08D0022DC8
:102DC0003AD0002D3DD06FF42F7008B0BDE8F081EF
:102DD0004FEA88085FFA88F5FF2384F87B51049353
:102DE00094F87E31039394F87D310293002301938C
:102DF00094F87C31009394F87821B4F880112B4634
:102E00002046FFF71FFA0028DFD17FBA022307AA66
:102E100040F2BC612046ADF81C70FFF7C7F80028EF
:102E2000D3D176BA022307AA40F2BE612046ADF89C
:102E30001C60FFF7BBF8C8E7B8F1000F18BF062504
:102E4000CAE70125C8E7012812D12A1E94F8943157
:102E500018BF012284F86321019394F86431009330
:102E600094F89031B4F866112046FFF7C5F9ACE745
:102E70004FF0FF30A9E770B588B004460D461646FE
:102E8000FFF71EF9002840D1B5B9FF2384F87D5122
:102E9000049394F87E310195CDE9025394F87C3186
:102EA000009394F87B3194F87821B4F8801120468F
:102EB000FFF7C8F908B070BD012384F87D3107AA77
:102EC0004FF4D7612046FFF778F80028F2D19DF83B
:102ED0001C308DF81D60C6F3002223F0010313435C
:102EE0008DF81C3007AA02234FF4D7612046FFF764
:102EF0005DF80028DED1FF23049394F87E3103931C
:102F000094F87D31CDE90103C8E76FF01300D1E7F4
:102F10000021FFF7FEB90121FFF7FBB9003940F2AC
:102F2000FF1218BF0121FFF7A6BFD0F85C01FCF724
:102F300045BC37B504460D46FFF7C2F8012810D14D
:102F400084F89451019594F86431009394F8903189
:102F500094F86321B4F866112046FFF74DF903B0E9
:102F600030BD6FF01300FAE7F0B590F8493185B045
:102F700006460D46174613B14F4805B0F0BD03682D
:102F80001B6998473046FFF7F5F9830602D53046AE
:102F9000FFF705FA494925F00040EEF78BF80446A3
:102FA00030B10121304605B0BDE8F040FDF7DFBC8F
:102FB00043492846EDF7CCFD404920F00040EEF7AC
:102FC00079F8002869D13F492846EDF7C1FD3B4912
:102FD00020F00040EEF76EF8002860D13A4928460C
:102FE000EDF7B6FD354920F00040EEF763F8002814
:102FF00057D136492846EDF7ABFD304920F0004067
:10300000EEF758F800284ED131492846EDF7A0FDDB
:103010002A4920F00040EEF74DF8002845D12D490F
:103020002846EDF795FD254920F00040EEF742F8DF
:1030300000283CD128492846EDF78AFD1F4920F099
:103040000040EEF737F8A0BB24492846EDF780FD95
:103050001A4920F00040EEF72DF800288CD0072305
:1030600038468DF80C30EDF725FE1D49EDF72EFFA3
:10307000EEF77AF8030C8DF80D300123C6F888714D
:10308000CDE9003340BAADF80E000423D6F85C0158
:1030900003AA9721FCF737FB6FE72346E0E70123FC
:1030A000DEE70223DCE70323DAE70423D8E705237E
:1030B000D6E70623D4E700BF41FDFFFF6F12833A36
:1030C000CDCCCC3F9A99D93F6666E63FCDCC0C403B
:1030D0009A991940CDCC2C400000404033335340E6
:1030E00000007A411FB50123CDE900338DF80F10A0
:1030F0000DF10F029D21D0F85C01FCF704FB05B037
:103100005DF804FB2DE9FF411F4600230D461646DE
:103110008DF80F300DF10F02012340F6E701044650
:10312000FEF74BFFC8B94FF001089DF82820CDF8F5
:1031300000803B4631462046FEF720FF68B9042256
:10314000E9B22046FEF7CFFF38B943460DF10F0232
:1031500040F6E7012046FEF729FF04B0BDE8F08104
:1031600070B586B004460D461646FEF7A9FFB0B905
:10317000CDE9035694F87D31CDE9010394F87C3113
:10318000009394F87B3194F87821B4F880112046AC
:10319000FFF758F808B984F87E5106B070BD6FF09B
:1031A0001300FAE70A460121FFF7DABF10B504461B
:1031B0000846C4F854114FF09841EDF7D3FD4FF095
:1031C0007451EDF7CFFDEDF7CFFF01462046BDE886
:1031D0001040FEF757BFF0B5002285B00C461146EF
:1031E0000546FFF784F800286CD10126CDE900667A
:1031F0003346D5F85C018DF8084002AA8A21FCF715
:1032000082FA00285ED195F84A31CDE90066002B9C
:103210000CBF202330238DF80830D5F85C013346ED
:1032200002AA9321FCF76FFA00284BD103228DF8F4
:10323000082095F86021ADF80C00CDE900660D324C
:103240008DF809200A22ADF80A208DF80E00072318
:10325000D5F85C0102AA8821FCF755FA074688BB1D
:103260002B6844F2FF31D3F8EC302846984700979A
:1032700004463B463A4639462846FEF7D5FE2043EB
:1032800000B2F8B9CDE900607F238DF80830D5F899
:103290005C01334602AA8921FCF735FA90B9D5F8CA
:1032A0005C31186803680521DB699847D5F85C3103
:1032B0001868D96A02681269904728B9D5F85C0184
:1032C000FCF749FA05B0F0BDD5F85C311868036821
:1032D0005B6D9847EAE76FF0180070476FF01800D1
:1032E00070476FF018007047036800215B6918474A
:1032F0006FF0180070476FF0180070476FF01800FB
:1033000070476FF0180070476FF0180070476FF04B
:10331000180070476FF01800704784B004A800E9E7
:103320000E006FF0180004B07047002070470000D6
:10333000004870470000C8C182B08DE80C00002032
:1033400002B07047002070476FF0180070476FF0B0
:1033500018007047002070477047704770476FF043
:103360001800704730B585B00025CDE902558DF8BD
:1033700008300368CDE90012D3F8D0306A46032143
:103380000446984720B923682046D3F8D43098479C
:1033900005B030BD1FB50293069B03930368CDE9CA
:1033A0000012D3F8D0306A4602210446984720B96B
:1033B00023682046D3F8D430984704B010BD0000ED
:1033C00038B5104B03604FF07E5300250446436030
:1033D00001238360C0F8445180F8485129462822CF
:1033E0000C300DF04CFC65634FF48072294604F1FB
:1033F00038000DF044FC84F84051C4E94E55204695
:1034000038BD00BF80320208002330B51A460125BE
:103410000C3005FA03F40C4204D050F823401F2C62
:1034200018BF22430133202BF3D1104630BDF7B52E
:1034300006460C46A9B101AF002533683046D3F8E3
:10344000A43098470135EDB2042D07F8010BF4D1F3
:10345000019B1BBA002BB8BF5B4293FBF4F204FB49
:103460001234204603B0F0BD38B590F84831044618
:103470009BB9D0F8382141EA4201D0F84421C0F884
:1034800038111140D0F83C21914205D1012280F839
:10349000482180F83530C38638BD90F8362094F83E
:1034A00035300244012592F838009D40B9B12843D7
:1034B000C0B2591CC9B2082982F8380084F8351006
:1034C000EAD100F0FFF894F83630E218013382F8C0
:1034D000380084F83630002384F83530DCE720EA01
:1034E0000500E6E7082202700022C0E90122C2605E
:1034F000028270472DE9F843002684684FEAC2082B
:1035000005460F463246B04510D1EB6884EA030009
:103510006B7C13B1297800F0D5F82A784FF0FF338F
:10352000C2F12002D3401840BDE8F88373070CD1E4
:103530002B7CB85C02F1010913B1082100F0C2F83C
:103540002B78083B984044404A462B78013B24FAAC
:1035500003F313F0010F18BF6B684FEA440418BF60
:103560005C400136CFE700000148FFF7BBBF00BF5A
:10357000F071002070B500254FF480760446058078
:1035800045600572324629460C300DF078FB324614
:10359000294604F586700DF072FB8422294604F555
:1035A00003700DF06CFB204670BD0023037041706A
:1035B000704700002DE9F74F019200296CD0002BD5
:1035C0006AD0002296461546019CA54212D1690791
:1035D00008D04178032904BF110C03F8011B110A1C
:1035E00019705A700C9B0BB1C3F800E0002003B0B7
:1035F000BDE8F08FEC0890F8018011F804C0284C69
:10360000284EEF4307F00707B8F1020F4CFA07FC0A
:1036100008BFA2460CF0010C047818BFB246CCF1EA
:1036200001064FEA940B6FEA04094FEA860609F097
:103630000309F6B206EBC9065AF82B904FF0020ABE
:1036400029FA06F61AFB04C40CBF4FF010094FF01C
:103650004009B4FBF9FC09FB1C4406F00F0604709A
:1036600007FB08F705F00704BE40072C42EA0602F4
:103670000CD1B8F1030F04BF140C03F8014B1C4626
:10368000160A04F8026B5A702346002244787444E8
:103690001FFA84FE013597E74FF0FF30A7E700BF20
:1036A0005C3302086C33020808B50448FFF762FF78
:1036B000034B00221A705A7008BD00BF0872002028
:1036C000047200200023F0B50446012518464E1E62
:1036D000DAB2914200D8F0BD05FA03F22240DA4096
:1036E000F71ABA4010430133F2E77047704770474A
:1036F000084670477047000010B5C0E90223029BDE
:103700000361039B4361049B8361044B044C1A686F
:10371000C0E9004102B9186010BD00BF98740020D4
:10372000B43302081020704710B5064B0446B02190
:1037300040F80C3B00F0CFFA204600F085F8204618
:1037400010BD00BF1C34020810B50446FFF7ECFFA3
:103750002046BC21F2F7BDF8204610BD102AF8B56E
:103760004AD100F10C0301F1100251F8044B43F867
:10377000044B9142F9D100F1180400F1B80601257B
:103780000423042B04F1040722D12A46214638469B
:1037900000F084FA237914F80C2CE179534023715A
:1037A00014F80B2C63795340637114F80A2CA37935
:1037B0005340A37114F8093C01355940EDB2002380
:1037C0000133B742E171DBB23C46DAD10120F8BDEA
:1037D00014F80C1C22784A40227114F80B1C6278F1
:1037E0004A40627114F80A1CA2784A40A271E1783A
:1037F00014F8092C5140E3E70020E8E710B504462F
:1038000000F014F8044B23600A23237104F10C0325
:10381000A360204610BD00BF1C3402081020704772
:10382000017980680131090100F055BA10B50446EC
:1038300000F04AFA034B236000232371A360204663
:1038400010BD00BF4434020810B5034B03600446AA
:1038500000F040FA204610BD44340208184B0A78A4
:103860009A5C02704A799A5C42708A7A9A5C827099
:10387000CA7B9A5CC2700A799A5C02714A7A9A5C35
:1038800042718A7B9A5C8271CA789A5CC2710A7AA8
:103890009A5C02724A7B9A5C42728A789A5C827263
:1038A000CA799A5CC2720A7B9A5C02734A789A5C03
:1038B00042738A799A5C8273CA7A9B5CC37370473D
:1038C00077350208184B0A789A5C02704A7B9A5C3A
:1038D00042708A7A9A5C8270CA799A5CC2700A795C
:1038E0009A5C02714A789A5C42718A7B9A5C827116
:1038F000CA7A9A5CC2710A7A9A5C02724A799A5CB4
:1039000042728A789A5C8272CA7B9A5CC2720A7B23
:103910009A5C02734A7A9A5C42738A799A5C8273DF
:10392000CA789B5CC373704777340208F0B50E7891
:1039300091F801C08D78CF78F40904EB44044FEA84
:10394000DC1104EBC40401EB410184EA46048CEA77
:10395000050E01EBC101E4B287EA0E0E81EA4C01CB
:10396000C9B2EB0984EA0E0E81EA0E0EFA0903EBE6
:10397000430303EBC30302EB420280F800E086EA54
:10398000050E83EA450387EA0E0E86EA0C0602EB73
:10399000C202DBB282EA470281EA0E01774075403B
:1039A000D2B259406C407B405340624041708370BA
:1039B000C270F0BD2DE9F041846888B0531E0D46F9
:1039C000671E0F326E4613F8011F17F801CF93429E
:1039D00081EA0C0106F8011BF5D1077910343E4647
:1039E000A046012E1BD87B1E002FDBB24FEA03132B
:1039F00008BF00231C44694604A8FFF72FFF013DC0
:103A0000631E0F3413F8011F10F8012BA34282EA42
:103A1000010205F8012FF5D108B0BDE8F08104A836
:103A20006946FFF71BFF01466846FFF77FFF05A9C0
:103A300001A8FFF77BFF06A902A8FFF777FF03A8FD
:103A400007A9FFF773FF08F1FF336A4608F10F007B
:103A5000117813F801CF81EA0C01834202F8011BAF
:103A6000F6D1013E08F11008F6B2BAE72DE9F04FA1
:103A700091F800B04E78CF788D784FEADB1303EBE6
:103A8000430303EBC30387B083EA4B03DBB2019329
:103A9000F309FA0903EB430303EBC30302EB42020E
:103AA00083EA460302EBC20282EA4702DBB20293D8
:103AB000B409D3B2484A03934FEA971C145D12F835
:103AC0000CC084EA8604E3B28CEA870C04935FFAA4
:103AD0008CF34FEA5B1CAC0912F80CA005934FEA7B
:103AE000561C4FEA9B1912F80C80145D12F80990CD
:103AF000019B4FEA551C84EA850412F80CE04FEA5A
:103B0000571CE4B212F80CC086EA05027A405A400B
:103B1000029B88EAC6085A405FFA88F88AEACB0A0C
:103B20008EEAC50E62405FFA8EFE5FFA8AFA8CEA70
:103B3000C70C89EA8B0988EA02025FFA8CFC8AEAE0
:103B400009098EEA0202E9095FFA89F98CEA0202A0
:103B500089EA020201EB4101027001EBC1018BEA2B
:103B600005027A4081EA4501C9B25340049A4B40AC
:103B70005340059A53408AEA030388EA03038EEA16
:103B800003038CEA03038BEA060643707740039B2A
:103B9000039A79405940019B75406B405340049A09
:103BA0005340059A4C40534088EA04048AEA030AC9
:103BB0008EEA040488EA0A088CEA04048EEA080EF5
:103BC00089EA04098CEA0E0C80F8029080F803C0A0
:103BD00007B0BDE8F08F00BF6F3402082DE9F04355
:103BE0008468077989B00D4604EB07146946531EB3
:103BF000661E0F32894613F8010F16F801CF934263
:103C000080EA0C0001F8010BF5D1494604A8FFF742
:103C100059FE3E46A046012EA8F1100819D87B1E79
:103C20006FF00F02DBB2002F02FB03F308BF00238B
:103C30001C44A21804AB013D12F8010B13F8011B40
:103C4000A24281EA000105F8011FF5D109B0BDE8E3
:103C5000F08304AA434608F11000117813F801CB51
:103C600081EA0C01834202F8011BF6D104A94846FF
:103C7000FFF7FCFE05A901A8FFF7F8FE06A902A8B8
:103C8000FFF7F4FE07A903A8FFF7F0FE013E49463F
:103C900004A8FFF717FEF6B2BDE7000030B5084BE9
:103CA0004C78084D1C5DAA5C544004708A789A5C7C
:103CB0004270CA789A5C82700A789B5CC37030BD8F
:103CC0007735020864340208014B0360704700BF77
:103CD00080360208704701440023884200D17047B3
:103CE00000F8013BF9E730B502440023904204D1CB
:103CF000C3F58070C0F3002030BD10F8014B11F8FF
:103D0000015B6C402343F1E72DE9F0419CB0164F75
:103D1000164B4FF009080546082603A8CDF8008089
:103D200010220C4601F05EF93B46424613A903A857
:103D3000009601F057F9334603AA2146204601F0C8
:103D4000E7F833463A462146284601F04DF9334616
:103D50003A462946284601F047F9642103A8FFF7AF
:103D6000BAFF1CB0BDE8F081C4360208A0360208D4
:103D700038B514460546402320460A46102101F076
:103D8000AEF80023236421462846BDE83840FFF7FB
:103D9000BBBF2021FFF79FBF2DE9F0410D46A0B02A
:103DA00000F12008044605F1200602464146684617
:103DB00001F044FA2A46314610A801F03FFA10AA51
:103DC0006946684601F0D6F92246414608A801F046
:103DD0001EFA2A46314610A801F019FA08A904F182
:103DE000600610AA084601F0C5F905F160023146E7
:103DF00010A801F0BFF910A904F140070846224AB3
:103E000001F0C8F905F14002394618A801F0B2F9ED
:103E100018AA1146104601F0FAF96A4608A9304678
:103E200001F00CFA10AA18A9384601F007FA18A9EF
:103E300010AA084601F0EBF908A96A46084601F005
:103E4000E6F93A463146204601F094F908AA18A945
:103E5000404601F08FF918AA3946384601F08AF930
:103E600008AA3146304601F085F96846FFF791FF10
:103E700008A8FFF78EFF10A8FFF78BFF18A8FFF721
:103E800088FF20B0BDE8F081643702082DE9F041D9
:103E9000064690B001F140080D464246014606F143
:103EA0004007684601F066F93A46294608A801F03D
:103EB00061F920220DEB02016846FFF714FF42462C
:103EC00006F120010446684601F054F93A4605F12E
:103ED000200108A801F04EF920220DEB02016846EE
:103EE000FFF701FF04406846FFF753FF08A8FFF7FC
:103EF00050FFE4B2204610B0BDE8F0812DE9F0415A
:103F0000044600F120060A46202388B008213046E6
:103F100000F0E5FFE36B334DDF0F04F1400823F0C1
:103F20000043E363424605F1200C2B4603CB634577
:103F3000106051601D4602F10802F6D104F16005DF
:103F400032463146284601F015F9424629462046B8
:103F500001F074F9244A2946284601F01BF942462B
:103F60002946284601F053F92946684601F0EBF945
:103F70006A462146284601F0FDF86846FFF709FF2A
:103F8000236E2A4604F17C0152F8040F8A4243EA68
:103F90000003F9D15BB91FB1002008B0BDE8F08182
:103FA0002022394620460CF06AFE0120F5E729461A
:103FB000204601F0F3F90028EED0236803F0010356
:103FC000BB4209D02022002128460CF058FE224690
:103FD0002946204601F032F932462146284601F0B2
:103FE000C9F8E2E704370208843702088021FFF7A6
:103FF00072BE00002DE9F04FC5B00546029114468F
:1040000000218022019301260CF039FEFF232E624D
:104010002E6400934FF0000A04F12008029B53F82D
:104020002A70019B37400BB9002F7BD005F1200986
:104030002A46494604A801F001F92246414614A83F
:1040400001F0FCF804A9084614AA01F093F82A46E6
:1040500049460CA801F0DBF82246414614A801F0BD
:10406000D6F80CA9084614AA01F084F805F16003FB
:10407000194604F1600214A8039301F07BF814A917
:1040800008466E4A05F1400B01F084F804F1400245
:1040900059461CA801F06EF81CAA1146104601F002
:1040A000B6F804AA0CA93CA801F0C8F814AA1CA9E7
:1040B00034A801F0C3F81CA9084614AA01F0A7F817
:1040C0000CA904AA084601F0A2F8019B34AA3CA955
:1040D000002B00F09F8024A801F04CF80CAA1CA92A
:1040E0002CA801F047F834A908461CAA01F042F8B0
:1040F0003CA908460CAA01F03DF824AA29463846F6
:1041000001F0CAF82CAA4946384601F0C5F834AA8D
:104110005946384601F0C0F83CAA05F1600138461E
:1041200001F0BAF82246414604A801F087F804AA33
:104130001146104601F01EF8224641460CA801F037
:1041400066F80CAA04F160071146104601F012F857
:104150003A46394614A801F00DF814A904F14009B3
:104160000846364A01F016F84A4649461CA801F0AE
:1041700001F81CAA1146104601F049F804AA0CA93E
:10418000384601F05BF814AA1CA9484601F056F81D
:104190001CA9084614AA01F03AF80CA9084604AA7A
:1041A00001F035F84A463946204600F0E3FF0CAAF4
:1041B0001CA9404600F0DEFF1CAA4946484600F014
:1041C000D9FF0CAA3946384600F0D4FFB6F1004FAB
:1041D00004BF0AF101035FFA83FA009B03F1FF3386
:1041E00014BF7600012613F0FF0300937FF416AF8F
:1041F00024A8FFF7FBFE04A8FFF7CBFD0CA8FFF7F0
:10420000C8FD14A8FFF7C5FD1CA8FFF7C2FD45B007
:10421000BDE8F08F284600F0ADFF0CAA1CA9484667
:1042200000F0A8FF1CAA34A9584600F0A3FF0CAA6E
:104230003CA905F1600000F09DFF73E764370208B8
:10424000F0B5174D944606460F460FCDA1B06C460B
:104250000FC495E80F00134D84E80F000FCD08AC94
:104260000FC495E80F00104D84E80F000FCD10AC7F
:104270000FC495E80F000D4D84E80F000FCD18AC6A
:104280000FC495E80F0084E80F0063466A4639467C
:104290003046FFF7AFFE6846FFF7A8FE21B0F0BD3D
:1042A000443702082437020804370208E4360208BB
:1042B000F0B5ADF5397D0D46044680A816461F467B
:1042C00000F0CEFA29466846FFF718FE98B9002498
:1042D0006846FFF78BFE20A8FFF788FE40A8FFF78F
:1042E00085FE60A8FFF782FE80A800F09FFA2046B6
:1042F0000DF5397DF0BD214620A8FFF7FFFD002810
:10430000E5D080A800F076FA2146202280A800F0AF
:1043100009FD2022294680A800F004FD3A463146D6
:1043200080A800F0FFFC002292A980A800F039FDCF
:104330002023E218082178A800F0D1FD002278A9F6
:1043400040A8FFF77DFF60AA92A958A8FFF710FDCB
:1043500000236A4658A960A8FFF74CFE60A920A870
:10436000FFF71AFD20A940A8FFF790FD0446AFE72C
:1043700005494FF40052A0F880200022C0E9212115
:10438000A0F89C20704700BF80EE360010B5402199
:104390000446FFF7A0FC40216018FFF79CFC204674
:1043A00010BD00000148FFF7E3BF00BF9C74002070
:1043B0000148FFF7EBBF00BF9C740020202070472E
:1043C000402070470E4A0F4B0F49DFF840C0C0E94C
:1043D00002230F4BC0E904130E4BC0E906C30E4B7A
:1043E000036203F17453A3F52303A3F692434362DC
:1043F000002380F8703000220023C0E91A237047A0
:1044000067E6096A85AE67BB72F36E3C7F520E5158
:104410003AF54FA58C68059BABD9831F10B50446B0
:1044200070210830FFF757FC236820461B69BDE860
:104430001040184710B5064B0446702140F8083B61
:10444000FFF749FC204600F0E9FF204610BD00BF01
:10445000AC37020810B50446FFF7ECFF2046782180
:10446000F1F737FA204610BD10B5044600F0D0FF32
:10447000024B23602046FFF7A5FF10BDAC370208B2
:104480002DE9F04F00F124058BB000F164072B46B5
:1044900053F8042F12BA9F421A60F9D1836802932D
:1044A000C36803930369049343690593836906937F
:1044B000C3690793036A0893436A0993DDE908B85F
:1044C000DDE9061CDDE904E9DDE90246594B01930B
:1044D000019B55F804AF53F8042B01934FEAF123E5
:1044E00083EAB113524483EA7163134401EA0C0A6C
:1044F0002BEA010282EA0A02134486EA0E024344CE
:10450000224006EA0E0882EA08024FEA743888EA76
:10451000B40888EAB4589844AF424B444244F14648
:10452000D84678D110250195019D0F3D05F00F0566
:104530000A3550F825A0019D023D05F00F050A350A
:1045400050F82590019D05F00F08073D05F00F0577
:1045500000EB88080A35D8F8287050F825503D44FB
:104560002F464FEABA4585EAFA1585EADA054FEA99
:10457000F94A8AEA794A8AEA992A3D4455444FEA37
:10458000F329C8F8285003EA010A89EAB3192CEA8A
:10459000030889EA736988EA0A08C844254FDDF8E8
:1045A000049057F82970B844A84408EB0B054FEA6B
:1045B000723984EA060889EAB20908EA020804EABC
:1045C000060A89EAB25988EA0A08C844A84405EBF1
:1045D0000E09019D0135402D0195B646E34621D1D6
:1045E000029D45448560039D1544049AC56022449C
:1045F0000261059A32444261069A4A448261079AEE
:104600001A44089BC2610B440362099B63444362E2
:104610000BB0BDE8F08FE346B6468C4626461946F9
:10462000144655E78C462646194614464B464246E4
:104630007AE700BFD43702082DE9F84315468946CA
:10464000D100D0E91A325B1842EB5572C0E91A3238
:10465000044600F128074FF000080DB9BDE8F883C3
:1046600094F87000C0F14006F6B2AE4288BFEEB2D8
:104670004946324638440CF052FC94F870303344CA
:10468000DBB2402B84F87030A5EB0605B144E4D1D1
:104690002046FFF7F5FE84F87080DEE7F8B500F1FC
:1046A000280590F8703017468022EA5490F8702060
:1046B000372B04460E4602F101002FD8C2F1370213
:1046C000002128440CF0DBFAA36E19BAE36E1A0637
:1046D000180A42EA136200F47F401B02024303F40B
:1046E0007F031343C4E918312046FFF7C9FE231D99
:1046F00004F1240153F8042F12BA8B421A62F9D143
:10470000236820469B689847B8420246294628BF3E
:104710003A463046BDE8F8400CF001BCC2F13F0219
:10472000002128440CF0ABFA2046FFF7A9FE3822FE
:1047300000212846C6E713B51346362204460092E8
:104740000A4600F1280100F06AFED4E91A3213F596
:10475000007342F100022046C4E91A3202B0BDE8FB
:104760001040FFF78DBE2DE9F04106461D4656F874
:10477000283B8AB00F46904602A99B692022044636
:1047800098475C23314600933A464346204600F062
:1047900046FED4E91A2312F5007243F10003C4E97E
:1047A0001A232046FFF76CFE23685E699B689847D2
:1047B00002A902462046B0472368109A9B69294601
:1047C00020469847202102A8FFF785FA0AB0BDE8E5
:1047D000F081402070478020704710B50446D821F2
:1047E0000830FFF778FA236820461B69BDE81040BF
:1047F0001847000070B50C4D034600F1080405F1A0
:1048000040062A4603CAB24220606160154604F1A0
:104810000804F6D1002000210022C3E93201C3E9D7
:10482000340183F8D82070BD883B020810B5064BD0
:104830000446D82140F8083BFFF74DFA204600F027
:10484000EDFD204610BD00BFDC38020810B504465F
:10485000FFF7ECFF2046E021F1F73BF8204610BDC2
:1048600010B5044600F0D4FD034B23602046FFF74B
:10487000C1FF204610BD00BFDC3802082DE9F04F13
:10488000A1B000F1C00300F1400104930B4653F8BE
:10489000082F5C6812BA24BAC3E90042049A9A420B
:1048A000F5D183680E93C3680F930369109343692E
:1048B000119383691293C3691393036A1493436A30
:1048C0001593836A1693C36A1793036B1893436B0C
:1048D0001993836B1A93C36B1B93036C1C93436CE8
:1048E0001D931D461C9E1A9B0B931B9B0C93189BA0
:1048F0000793199B0893149B0D93159B1E93129B72
:104900000993139B0A93109B0593DDE916AB119B4A
:104910000693DFF83C830E9BDDF83C9001934FEA51
:104920009A324FEA9A4747EA8B3742EA8B427A40FB
:104930004FEA9B344FEA9B434FEACA5743EA8A3314
:1049400047EA5B2744EA8A44D8E900EC5C407A40B5
:104950004FEACB5351F8087F43EA5A235C404B6837
:104960001EEB07074CEB030C0B9B23EA0A0E0C9B78
:10497000D21923EA0B07079B44EB0C04DDF820C097
:104980000AEA03030BEA0C0C8EEA030387EA0C071E
:10499000D31844EB07049B1945EB0404059A099DC1
:1049A000DDF828C0DDF804E082EA0507069A0A9DD2
:1049B00082EA0506019A099D1740059A1540069A54
:1049C00006EA090602EA0C025640019A6F404FEAD5
:1049D00019754FEA127C45EA02154FEA897242EADC
:1049E0009E024FEA8E7E4EEA990E55404CEA091C13
:1049F000019A8CEA0E0C4FEA496E4EEAD21E52061C
:104A000042EAD9128CEA020212EB030C0D9A85EAF3
:104A10000E0544EB05059B181E9A44EB02041CEBA3
:104A20000702029245EB06020392099A0D920A9A36
:104A30001E92049A8A42DDE90B6508F1080840F0ED
:104A40004C8110220492049AA2F10F0101F00F018F
:104A5000093100EBC10250F83110D2F804E0049A99
:104A6000023A02F00F02093200EBC20550F8322080
:104A70000D92049AD5F804C0D61F02F00F0706F075
:104A80000F0600EBC7070936BA6C00EBC60550F8F5
:104A900036606D68B618FA6C45EB02024FEA5E05A7
:104AA0001E924FEA510845EAC1720D0A1F9248EA68
:104AB000CE7845EA0E624FEA1E2588EA020845EAEA
:104AC00001651F9AC90941EA4E61554088EA010112
:104AD0001E9A711885EADE1542EB05050D9A4FEA1C
:104AE000DC484FEACC0646EA52764FEAD24E48EA14
:104AF0004238D20042EA5C724EEA4C3E8EEA020E26
:104B00000D9A920942EA8C628EEA020288EA06084D
:104B100088EA9C188E1845EB0802C7E91262A50BBB
:104B2000A70C47EA833745EA83457D40990B4FEA56
:104B3000934CE7054CEA843C47EA532741EA844119
:104B400085EA070E81EA0C01049F414D4FEAC35CE0
:104B50004CEA542C81EA0C0105EBC70C55F8375090
:104B6000DCF8047049194EEB0705079F27EA030894
:104B7000089F27EA040C03EA0A0788EA070704EA01
:104B80000B0E8CEA0E0CC91945EB0C05891942EB8A
:104B900005060B9A029DDDF808C08A180C994FEAA9
:104BA0001577039D41EB0601029E47EA05172D0F7D
:104BB00045EA0615039EDDF80CE0B60746EA9C06BA
:104BC0004FEA8C7C4CEA9E0C87EA0C077540DDF8B6
:104BD00008C07646760646EADC164FEA4C6C4CEA8C
:104BE000DE1C87EA0C077540DDF814C0019E86EADA
:104BF0000C08069E89EA060E029E08EA0608039E35
:104C00000EEA060E019E06EA0C06DDF818C088EAD8
:104C1000060609EA0C0CBE198EEA0C0C099F45EB3E
:104C20000C05DDF828C0D71941EB0C0C921941EBAB
:104C30000501049D01350495059D0995069D0A957C
:104C4000079D0B95089D0C95049D502D59D101E0B1
:104C5000083902080E9DAA180F9D45EB0101C0E915
:104C600002210299109A039D5218119941EB0501F6
:104C7000C0E904210199129A069D5218139941EB3B
:104C80000901C0E906210599149A5218159941EBBA
:104C90000501C0E90821169AD719179A42EB0C01B1
:104CA000189AD318199A42EB0404C0E90C341A9BE1
:104CB0001B9A13EB0A0342EB0B02C0E90A71C0E92D
:104CC0000E32079A1C9B08999B181D9A42EB010211
:104CD000C0E9103221B0BDE8F08F079A0B92089A14
:104CE0000C92CDE907AB9A46059B0993069B0A9364
:104CF000019BCDE90539029BDDF80C900193A34699
:104D00000DE6019DCDE90559029DDDF80C90019558
:104D1000CDE907ABCDE902219A46A3463B4664465E
:104D200091E600BF2DE9F8430446D0E9326015460C
:104D3000EB009B194FEA5272424189464FF0000145
:104D400028BF0121C4E9323231B1D4E93432013310
:104D500042F10002C4E9343204F148074FF0000880
:104D60000DB9BDE8F88394F8D800C0F18006F6B21A
:104D7000AE4288BFEEB24946324638440CF0CFF816
:104D800094F8D8303344DBB2802B84F8D830A5EBCC
:104D90000605B144E4D12046FFF770FD84F8D880C1
:104DA000DEE7F8B500F1480590F8D83017468022C4
:104DB000EA5490F8D8206F2B04460E4602F1010009
:104DC00032D8C2F16F02002128440BF058FFD4F80A
:104DD000D030D4F8D4201BBA12BAC4E92E23D4F8A8
:104DE000C830D4F8CC201BBA12BAC4E9302320460C
:104DF000FFF744FD234604F1400053F8082F59689B
:104E000012BA09BA9842C3E91012F6D123682046B3
:104E10009B689847B8420246294628BF3A46304622
:104E2000BDE8F8400CF07BB8C2F17F0200212844B5
:104E30000BF025FF2046FFF721FD702200212846B8
:104E4000C3E713B513463622044600920A4600F122
:104E5000480100F0E4FAD4E9323213F5806342F1FC
:104E600000022046C4E9323202B0BDE81040FFF72C
:104E700005BD2DE9F04106461D4656F8483B92B067
:104E80000F46904602A99B694022044698475C233E
:104E9000314600933A464346204600F0C0FAD4E932
:104EA000322312F5806243F10003C4E93223204625
:104EB000FFF7E4FC23685E699B68984702A90246F5
:104EC0002046B0472368189A9B6929462046984790
:104ED000402102A8FEF7FFFE12B0BDE8F081F8B550
:104EE0000F46B3EB870F054611461C464FEA87066F
:104EF00009D21A460CF013F8321B28190021BDE81C
:104F0000F8400BF0BCBE3246BDE8F8400CF007B8E4
:104F1000F0B5002507462C46AB4204F0010000D155
:104F2000F0BD51F82540261A52F8250064EB040420
:104F3000361A47F8256064F100040135ECE72DE9E5
:104F4000F04700241D68A446264696420BD140F83F
:104F5000224000EB820901264FF0000A089CA6427D
:104F60000CD3BDE8F08751F82670E7FB054C40F8FC
:104F70002640644601364FF0000CE6E7002453F863
:104F8000267000EB860EA446944503D149F82640CE
:104F90000136E3E7DEF8005051F82C802D194AF174
:104FA0000004E8FB07544EF8045B0CF1010CEBE73E
:104FB000F8B50446FFF7ACFF1D46002316464042F5
:104FC000043C1A4605B9F8BD56F8041B54F8047F92
:104FD0000140C91942EB0207C918216047F10003DB
:104FE000013DEFE7FFF7ABBFFFF7E2BF2DE9F0416F
:104FF000CC691326E30F24F00044A3FB0636CC61F2
:1050000001EB82078C464FF0260E674549D1072AEF
:105010000CD83C4625680132ED18D2B246F10003A7
:10502000082A44F8045B4FF00006F3D12622A3FBC4
:10503000023402FB0644CA691325D60F22F000424F
:10504000E6FB0534CA610A1FA44601F11C05164699
:1050500056F8044FE4184CF10003B54234604FF0A9
:10506000000CF5D116461327634656F8044FE41991
:1050700043F10007B54234624FF00003F5D1CB6B2A
:10508000DC1723F00043CB63043852F8041F136A83
:105090004B4023404B40954240F8043FF5D1BDE8DA
:1050A000F081DCF80050EC18DCF8205046F10003E9
:1050B000E5FB0E434CF8044B0026A6E7F0B589B09B
:1050C0006D46034600F120070146002613202C46BA
:1050D00051F8042B121846F100008F4245F8042BBA
:1050E0004FF00006F4D1079AD61722F00042191F9C
:1050F000F04307921C3351F8045F54F8042B6A40C4
:1051000032406A408B420A60F5D109B0F0BD0023FD
:10511000D1F800C02DE9F04702F1200607461546F8
:105120001C4655F804EBEEFB0C34B54247F8043B43
:1051300023464FF00004F4D140F8203F01F11C0851
:1051400051F804EFA0F11C0C1746002557F8049BFA
:10515000DCF80030A246E9FB0E3A5B194AF1000583
:10516000B7424CF8043BF1D1884540F8045FE7D1E1
:10517000BDE8F08710B590B004466846FFF7C7FF5A
:10518000082269462046FFF731FF10B010BD0A46DD
:10519000FFF7F0BF2DE9F04F93B002AF0023D2F834
:1051A00000C00D4601F120080E461C46394656F84F
:1051B00004EBEEFB0C34464547F8043B23464FF026
:1051C0000004F4D10A930AAF02F11C09019452F8C9
:1051D000043FA7F11C0E1C46AC460026DEF800304A
:1051E0005CF804ABDDF804B0EAFB043B9B194BF11F
:1051F0000006C4454EF8043BF0D1914547F8046FD2
:10520000E5D10822FFF7F2FE13B0BDE8F08FF0B44D
:10521000002401F1200C0546264651F8043B52F8C3
:10522000047BDB1946EB06071B1947F100046145B7
:1052300045F8043BF1D1F0BCFFF740BFF0B50023C7
:1052400001F12007054651F8044B52F8046B03F0B6
:105250000103E41A63EB0303A41B63F10003B942E7
:1052600045F8044BEFD1014603F0130251F8043B1B
:1052700004469B1A44F8203B62EB02020B6802F0E2
:1052800001029B1A41F8043B62EB0202A142F5D1F4
:1052900023F00043C361F0BD404230B5A1F10400EA
:1052A00065EB0505043A1C3150F8044F52F8043FF1
:1052B00063402B40634088420360F5D130BD70B538
:1052C00088B0044668460E46FFF761FF0925694627
:1052D0006846013DFFF75BFF15F0FF05F7D1324649
:1052E00069462046FFF746FF17260A2569466846A5
:1052F000013DFFF74CFF15F0FF05F7D16A46214647
:105300002046013EFFF736FF16F0FF06EDD121469D
:105310006846FFF73CFF6A4621462046FFF72AFF12
:10532000082569466846FFF732FF013D6A46214677
:105330002046FFF71FFF15F0FF05F2D16846FEF784
:1053400028FD08B070BD38B504460D46FFF7B7FF1D
:1053500021462046FFF71BFF21462046FFF717FF97
:105360002A4621462046FFF705FF21462046FFF743
:105370000EFF21462046FFF70AFF2A462146204617
:10538000FFF7F8FE21462046FFF701FF2A46214697
:105390002046BDE83840FFF7EDBE000030B50446BA
:1053A00089B00D46FFF78BFF21462046FFF7EFFE41
:1053B0002A4621462046FFF7DDFE21462046FFF71C
:1053C000E6FE21466846FFF7E2FE202269462846AF
:1053D0000BF02BFC28B96846FEF7DBFC012009B076
:1053E00030BD0A4A21462046FFF7D4FE21466846D2
:1053F000FFF7CDFE2022694628460BF016FC002858
:10540000E9D06846FEF7C5FC0020E8E7C83B020883
:10541000014B0360704700BFF03B020870472DE965
:10542000F8431D4603689DF82090DB6804460E464D
:1054300090469847236807461B6920469847AF4225
:105440000ED32A46414630460BF069FD74197A1B8B
:10545000494620460BF013FCB44217D1BDE8F8834F
:1054600023682A46414620465B69984723682046C0
:105470009B689847236802469B690546314620464B
:105480009847236820461B699847DFE716F8013BD9
:1054900089EA030306F8013CDEE7704738B50446A5
:1054A000002508462171A5710BF054F86571206044
:1054B000204638BD10B5044600680BF053F820466E
:1054C00010BD0023437170474079704700687047F2
:1054D0008E2912D8702903D8032908D801207047D3
:1054E000074B7139C9B2CB4003F0010070476439F2
:1054F00004298CBF0020012070470020704700BFA6
:10550000BD91FE20882914D8702906D803290BD80C
:10551000012994BF002001207047074B7139C9B29F
:10552000CB4003F001007047A1F167035842584196
:1055300070470020704700BF1901A0002DE9F84F07
:1055400004460E4690461D46FFF7C2FFC8B18E2E98
:1055500098BF2D4B94F805909CBF9F5D2B4B2279F3
:1055600094BF33F816B0002709EB070303F10103DA
:1055700088BFBB46934206DB0123A3710020BDE830
:10558000F88F0223F9E700212846EBF789FD002177
:10559000B0F1000A284618BF4FF0010AEBF780FD72
:1055A00008B105F100455846EBF784FB2946EBF7B7
:1055B000D9FBEBF7D9FD314605462046FFF7A2FFA0
:1055C00040B1BAF1000F05D0FA00012393405A1EF2
:1055D0002A409D1A236809F10102627103F80980CB
:1055E00063792268591C6171D654002201326379B3
:1055F000D1B28F423B4402D2D8B26071BFE721687A
:105600009B1ACD542D0AF1E7363D0208183C0208DA
:1056100008B513460A467421FFF790FF08BD70478E
:1056200010B550210446F0F754F9204610BD000093
:1056300038B5074B04460D4640F80C3B4422002188
:105640000BF01DFB0023A5602371204638BD00BF71
:10565000D03D020810B50446007958B901B1A160E7
:10566000A16839B104F10C0000F074FFB0FA80F0C9
:105670004009207110BD38B50379044600F10C05CE
:105680003BB98168284601F04BFEB0FA80F0400932
:1056900038BD00230371284600F09EFF0028F4D196
:1056A000A168284601F03CFE0028EED1A1682846FA
:1056B00000F050FF0028E8D101232371E5E738B559
:1056C0000D46044611461A462B4600F06BF920465B
:1056D00038BD00B5C3B06A460C3000F0FFFEB0FA2A
:1056E00080F0400943B05DF804FB08B50C3001F0D0
:1056F00049FFB0FA80F0400908BD07B503688DF88E
:1057000007105B6801220DF10701984703B05DF8AF
:1057100004FB1346027D10B54AB904690A46816943
:1057200004F10C0001F0CBF820EAE07010BD00207D
:10573000FCE773B504460069257D0DBBA1690C30FB
:1057400000F0C0FE06462069A1698DF807500123CC
:105750000DF107020C3001F04CFA00282069A16914
:10576000C8BF9DF807504FF00003324600F10C000F
:10577000D8BF4FF0FF3501F0A0FA284602B070BD47
:105780004FF0FF35F9E738B5037D044663B900698A
:10579000A1690C3000F098FE05462069A1690C3023
:1057A00000F090FE281A38BD0020FCE7037D2BB9DD
:1057B0000369816903F10C0001F075BC70470000BA
:1057C00010B500224FF47A74C0E90124054C04603E
:1057D000C0E906220161027580F8202080F81F21AF
:1057E00010BD00BFE43D0208F8B504460E4615465C
:1057F0001AB1012A17D00120F8BD012738200AF07C
:10580000A9FE0146A06160B1206932463B460C30DA
:1058100001F0B1FE024648B1A0690AF0A3FE0023E0
:10582000A3610020E8E740F20317E7E7012D05D167
:105830002069A16902230C3001F03FFA002323758F
:10584000D9E770B504462C200E460AF083FE0146C7
:10585000A06150B1206932460C3000F09AFD30B1A1
:10586000A0690AF07FFE0023A361002070BD01251E
:1058700025753046EBF7BCFC28440AF06BFE314638
:10588000E0610BF044FB2846F0E71346027D10B4BC
:105890003AB904690A46816904F10C0010BC01F0B0
:1058A000A8B9002010BC704707B501220DF107010F
:1058B000FFF7EBFF0028CCBF9DF807004FF0FF304B
:1058C00003B05DF804FB037D10B50A4643B90469D3
:1058D000816904F10C0001F0F0F9C043C00F10BD64
:1058E0000020FCE7037D2BB90369816903F10C00FB
:1058F00000F0EABD00207047816938B5044679B1EF
:105900000069257D0C3065B100F06BFDA0690AF0DF
:1059100029FEE0690025A56108B10AF023FEE561D2
:1059200038BD01F0F9FBA0690AF01CFEA561F7E79C
:10593000FFF7E2BF70B58369C2B005460E46144654
:105940000BB1FFF7D9FF28696A4631460C3000F0E9
:10595000C5FDE0B99DF80030112B05D12246314636
:105960002846FFF741FF03E031462846FFF769FF6D
:10597000044670B12F2130460BF0DBF9203500B121
:10598000461CFF22314628460BF0C0F902E00230E7
:1059900003D00024204642B070BD012CF9D1DDE7D0
:1059A000FFF7C8BF70B504460D4616461946FFF707
:1059B00007FF324629462046FFF7F2FF204670BD1A
:1059C0008069003818BF0120704720307047007D83
:1059D000704700002DE9F043C3B00C4600AF0969E1
:1059E00005461646FFF7ECFE237D002B45D0DFF879
:1059F0009890DFF898802069A1693A460C3000F051
:105A0000FDFC012839D107F108014846EBF7E6FB18
:105A10000028F0D007F108014046EBF7DFFB002833
:105A2000E9D0D4F81C904846EBF7E2FB044607F1B6
:105A30000800EBF7DDFB0444093424F00704E846D2
:105A4000ADEB040D494668460BF061FA99F8003059
:105A50002F2B6C4602D199F801301BB10C4920461E
:105A60000BF015F907F1080120460BF010F932464A
:105A700021462846FFF75EFFC546284607F586778C
:105A8000BD46BDE8F08300BFD93D0208D83D0208FD
:105A90002226020803681A6AC36AD31A1944B1FBA2
:105AA000F2F302FB1311036B8B4210B50AD94C09B8
:105AB000C06B01F01F0150F8243001228A401343CB
:105AC00040F82430002010BD0368013304D0406842
:105AD000431C5842584170470120704710B50B686D
:105AE00004689C4209D040684968884205D08C42CD
:105AF00003D0181A18BF012010BD0020FCE72DE9C3
:105B0000F74FDDE90C470E9D83468846924699463D
:105B10000DB9002064E0DBF80000BAF1000F1ED0E0
:105B2000DAF800304B451AD1DAF80410A14216D841
:105B300086690E44A64212D9361BAE42DAF8083006
:105B400028BF2E46611A3846324619440BF0E7F951
:105B5000AD1B37443444DCD0DBF80000E0E7D8F874
:105B6000002043694A4517D1D8F80410A14213D840
:105B7000CE18A64210D9361BAE42D8F8083028BF3E
:105B80002E46611A3246384619440BF0C8F937449C
:105B90003444AE1B3546BBE74168B4FBF3F203FB6C
:105BA00012428C467AB9AB420DD8B5FBF3F603FB33
:105BB0001656AD1B00953B4622464946E04778B94C
:105BC0002F442C44E6E7A21AC8F80090C8F8042035
:105BD0000093D8F8083049466646B04700289AD066
:105BE00003B0BDE8F08F1FB5069C0092CDE90134EB
:105BF00000220B4600F11401FFF781FF04B010BD35
:105C00002DE9F04786B005460F46144600F1140909
:105C1000D6184FF0010A0DF11708A64203D1002053
:105C200006B0BDE8F0870094CDE9018A3B4600222A
:105C300049462846FFF763FF01340028F0D10E984B
:105C40000122414601F0DCFCE7E72DE9F04F8BB083
:105C50001368049300265368059307460C46B04624
:105C60000DF1100A06AD4FF0100B5AF82690CDF842
:105C700000B02B46002249463846FFF7B4FF70B10A
:105C800010F1340F06D146B1B8F1000F0CBF6FF020
:105C9000330000200BB0BDE8F08F0126E5E7B8F136
:105CA000000F04D0E269069B9B1A002BEBDB079BDD
:105CB00023F00043132BE6D93A68D2699342E2D825
:105CC0004FF0FF3303A810222946039301F098FCFC
:105CD000079B03A823F000430090103B1022494685
:105CE0003846FFF78DFF0028CAD1039B002BCAD18D
:105CF0000AAA86F0010302EB830304F11C0C53F89B
:105D0000183CA3601023E36095E80F00C4F80490EA
:105D10004FF001088CE80F00B5E7F7B504460430F2
:105D20000E461546FFF7D0FE10B1002003B0F0BDBF
:105D3000009001236A46294620460193FFF785FF1C
:105D40000028F3D105F124073846FFF7BDFE0028EF
:105D5000EBD131463846FFF7C1FE38B13A46294605
:105D60002046FFF772FF0028EED0DFE70120DDE7D5
:105D70002DE9F04F87B0DDE9104506468B46174602
:105D800025444FF001090DF1170AA3EB0408AC42BA
:105D900001D1012011E008EB04030093CDE901A932
:105DA0003B46002259463046FFF7A9FE28B914F8B1
:105DB000013B9DF817209A42E9D007B0BDE8F08F6B
:105DC00003689B6A10B5044613B9C0690AF0CAFBA0
:105DD0002368DB6A13B9A06A0AF0C4FB23681B6B53
:105DE00023B9E06BBDE810400AF0BCBB10BDF8B5AC
:105DF000C6690D68083EB5420F4613D3B5FBF6F0F1
:105E0000013807F051FF841CA5EB8404B4FBF6F4C1
:105E1000204607F049FFA5EB800504FB16553D60C1
:105E20002046F8BD0020FCE72DE9F04F89B006467A
:105E3000DDF84C8005920F464BB94FF0FF32C8F8A1
:105E40000020149A0020136009B0BDE8F08F0468A8
:105E5000013B07A920460793FFF7C9FF12A9054692
:105E60002046FFF7C4FF4FF0040A81460DF1140BE2
:105E7000A945059B03D3C8F80030129BE1E7A5EBC9
:105E80000904B4FA84F495FAA5F2B2FA82F2C4F1E4
:105E90001F04944228BF1446A2000092CDE901BA23
:105EA000002239463046FFF72AFE0028CCD10123D4
:105EB000A340ED1ADCE72DE9F04F89B006461298B1
:105EC000DDF850A00F4690469946E8B1013805909C
:105ED00005A93068FFF78BFF0DF1180B0446139BE3
:105EE00049465046984778B974B104F00105C5F1A8
:105EF00002029200CDE901B200904B46424639467B
:105F00003046FFF7FCFD10B109B0BDE8F08F0699EF
:105F10002DB9139B504698470028F5D1012008ABB6
:105F200003EB8000023D50F8089C2C44D7E7043076
:105F30000844104470472DE9F34106460C461546C7
:105F400001F124074FF01008216AE26821F00043B4
:105F500002F10C00043B984215D80C2300936168B1
:105F60002B1D3046FFF73FFE034688B9E668EA7905
:105F7000A97968792E60FFF7DAFFA2690644024426
:105F8000E660A26104E0002906DB2A606FF00103ED
:105F9000184602B0BDE8F0813A4621463046FFF788
:105FA00054FE03460028F3D1A369C4F80C801433CF
:105FB000A361C9E730B5044693B004300D46FFF73E
:105FC00083FD10B1002013B030BD0190012301AA60
:105FD00007A920460293FFF738FE0028F3D110A846
:105FE000FFF772FD0028EDD110AA07A92046FFF7A0
:105FF0002CFE0028E7D103AA07A92046FFF79BFF44
:1060000010B1831CEBD0DEE79DF91030002BF2DBE2
:106010000822294605A80AF008FE0028EBD1012035
:10602000D1E72DE9F843054604300F4614461E46D5
:10603000FFF74AFD10B10020BDE8F883012350624C
:10604000936202F1240806F108094046FFF73CFD7F
:106050000028F0D1424621462846FFF7F6FD0028E9
:10606000EAD1324621462846FFF765FF10B1831C6E
:10607000EBD0E1E7337903F07003202BF1D13946FF
:106080004846FFF72BFD0028EBD10120D4E70000A4
:106090002DE9F04F87B01F68049340F62203536048
:1060A00043689360DFF82C9183680391054614469A
:1060B000D360494638460AF052FE07EB0008834693
:1060C000494640460AF0FFFD0128064608EB000A53
:1060D00005D117F80B302E2B0AD15746E9E70228D5
:1060E00006D102463C4940460AF09FFD0028F4D004
:1060F00057464FF0010B494650460AF030FE8244A5
:10610000494650460AF0DFFD024690B102280CD104
:106110000590314950460AF088FD059A28B9BBF12F
:10612000010B04D10AF10207C3E70BF1010B924402
:10613000E1E798F80000002841D0049BC3F80080F4
:106140002379222B43D104F1080A039952462846A9
:10615000FFF77BFD98BB05F1140B039922462846F7
:10616000FFF7E9FE58BB237903F07F03112B01D021
:10617000222BF2D1E379B342EFD123686279043361
:106180001344A279CDE900861344039A5946526814
:106190002846FFF7EDFD002811DBDED095F84130F1
:1061A000002B86D194F90430002B82DA5146284620
:1061B000FFF700FF002805D001DB6FF0010007B0FA
:1061C000BDE8F08F237903F07F03237171E76FF04F
:1061D0001300F4E722260208D83D0208C3681847D6
:1061E00010B50C468269A068FF210AF048FD4FF007
:1061F000FF33236010BD38B58B6A016004460D463D
:10620000CBB1C361EB6A13B3A36204F1200128464A
:10621000FFF7E6FF4FF0FF33636123681A6BEAB1C3
:10622000E26300204FF0FF33C4E90133C4E9030007
:10623000A4F8400038BD48690AF08CF9E0610028F4
:10624000E0D12046FFF7BCFD6FF00B00F2E7A86934
:106250000AF080F9A0620028D7D1F2E7586AC00896
:106260000AF078F9E0630028DBD1EAE7F7B50C46DD
:1062700009684B1C0546164602D1002003B0F0BD4C
:10628000006883690093D4E901238768B847002830
:10629000F4D12B6826B928682146FFF7A1FFECE767
:1062A0009B690193A3680093D4E9002331462846F3
:1062B000FFF75EFD0028E1DBEDD16FF03300DDE795
:1062C0002DE9F74FDDE90C480E9E81460F469346B7
:1062D0009A46002E38D1304606E05A46394648469E
:1062E000FFF7C4FF002850D003B0BDE8F08FB4FB27
:1062F000F2F302FB13431BBB964221D3B6FBF2F52C
:1063000002FB1565761B0096836822469C46514623
:106310004346E0470028E7D1BBF1000F02D1B0446B
:10632000344434E0CDE90086234652465946484677
:10633000FFF71EFD0028D7DBF1D16FF03300D3E764
:10634000E31AC7F800A07B603B68D9F8000053450A
:106350008269CCD17B68A342C9D89D18A542C6D911
:106360002D1BE01AB542BB6828BF35462A461844A3
:1063700041460AF0D4FDD9F800309A692C44B4FBA8
:10638000F2F302FB1343002BA7D0A844751B2E4643
:106390009FE730B543684B6087B0836801928B609C
:1063A00002AA01AB05460C46FFF772FEA0B99DF8A4
:1063B0000C30222B12D104AA21462846FFF745FCB7
:1063C00050B963682361A36863610E23A36110233E
:1063D000E3602B6923602C6107B030BD6FF01300C0
:1063E000FAE7036900F110021BB18B4203D11B686D
:1063F0001360002070471A461B68F5E770B50D461C
:10640000144686B006464FF48472002120460AF0F6
:1064100036FCAB690E2B0CD12046222300F8083B3A
:1064200026490AF074FDAB690133AB61012006B067
:1064300070BD0F2B05D12046222300F8083B2049D0
:10644000EFE702AA29463046FFF775FD18B1821C16
:1064500008BF0020EBE79DF80C3003F07F02112A03
:1064600001D0222AEDD11B060CD504A93046FFF736
:10647000A1FD0028DBDBE4D19DF80C3003F07F03A5
:106480008DF80C309DF80C302370112B08BF059B44
:10649000029A08BF63609DF80D309DF80E1004321B
:1064A0001A449DF80F3000930A4404F10803696808
:1064B0003046FFF798FB0028B8D0B8E7D93D02086E
:1064C000D83D0208086A7047CB6948699B0303D529
:1064D0000B6A984238BF18467047000070B594B0F8
:1064E0001546039103AB05AA09A90646FFF7D0FD9F
:1064F0000446C0B901464FF4847228460AF0BFFB37
:106500009DF818302B70112B04BF089B6B60311D58
:1065100007A8FFF7E3FA05F10803044630B90C4970
:1065200018460AF0F4FC204614B070BD059A9DF898
:1065300019109DF81B00009004320A449DF81A10AF
:1065400030460A440A99FFF74EFB0446EBE700BFCA
:106550002226020830B599B00546FFF74CFE0446E6
:1065600058BB2B6868631B6AAB63C5E90B000290DC
:10657000012302AA0DA928460393FFF766FB0446F0
:1065800000BB202300930E9905AB10222846FFF78D
:106590002AFB0446B0B9069B6B60079B0D49AB60B4
:1065A00008220BA80AF041FB044648B90A9B1A0CC2
:1065B000012A0BD19BB2012B08D8204619B030BD5F
:1065C0006FF033042846FFF7FBFBF6E76FF0150486
:1065D000F8E700BF083E020808B5FFF7F1FB00200E
:1065E00008BD2DE9F043064697B004300F469046AB
:1065F000FFF76AFA20B10024204617B0BDE8F08307
:1066000001230590069305994046B84704460028A3
:10661000F2D106994046B84704460028ECD105AAB5
:106620000BA93046FFF711FB04460028E4D14FF0D8
:106630000C09139B0E9D23F0004305F10C02043B53
:106640009A4223D9149B059305A8159B0693FFF73F
:106650003BFA0028D7D0F56806F11409002DCAD0FE
:10666000EB69DA033CD4EB699B030DD5CDE90178E6
:106670002B6A00936B6A05F12C0249463046FFF7FE
:106680001AFC04460028B7D12D68E7E70C99CDF82D
:10669000009008AB2A463046FFF7A5FA04460028CA
:1066A000AAD19DF823209DF822109DF82100FFF724
:1066B0003EFC9DF8203003F070032844102B0E9010
:1066C000B7D10A9B00932246CDE90178099B06F1D8
:1066D00014013046FFF7EFFB04460028A9D08BE7F2
:1066E000CDE901786B6900932B6905F12C024946CD
:1066F0003046FFF7E0FB04460028B4D07CE70000FA
:10670000F8B504460D460126236BD4E90D219A42C3
:106710001DD1002949D0E06A22680344106A526AF8
:106720008A4294BF22632163B3FBF0F7002100FB90
:1067300017336163D208E06BE3620AF0A0FA1C49E8
:1067400022462046FFF74DFF0028DDD024E0013926
:10675000501CA1635709E16B606351F8277002F088
:106760001F0006FA00F03842CFD1E36A13442268D2
:10677000126AB3FBF2F002FB10332B60266B01258B
:10678000636BB3420FD05A0903F01F0051F8222067
:1067900005FA00F0104000D1F8BD01336363A36B2C
:1067A000013BA363ECE70020F6E76FF01B00F3E783
:1067B000955A010873B50C4604310646FFF7A0FF51
:1067C0000546F0B904F108013046FFF799FF054688
:1067D000B8B9042300930246616804F11C033046F3
:1067E000FFF701FA10B110F1340F0DD1E369013355
:1067F000E36114224FF0FF33C4E90823A36210239E
:10680000E360284602B070BD0546FAE72DE9F04F77
:10681000044689B00E4600F1140B07A92046FFF785
:106820006FFF054658B9DDF81C9020684946FFF710
:10683000D5FC054600283BD010F1340FEDD028469A
:1068400009B0BDE8F08F0DF11B07CDE90087CDF849
:1068500008A0736A059A59462046FFF750F970B9A7
:10686000CDE9017ACDF800804B465A4604F120016B
:106870002046FFF725FD20B110F1340FCDD005469D
:10688000DDE708F10108B36A4345DCD82368A16A53
:106890009A69706B0AF043FB236AF362636A2068AB
:1068A000336304F12001FFF79BFCC6F82490C6E790
:1068B00006F12C03804605934FF0010AE3E72DE92A
:1068C000F04F8FB0CDE90623CB6903F00302012A14
:1068D00005460C4600F01F815E031AD4E6693205B6
:1068E00020D4276A079BDF4200F1188116F4003696
:1068F0001ED005F11403DDF81CA0099304F12C0847
:10690000E369BAF1000F25D123F40023079AE3616C
:1069100004E000F006F902460028DFD010460FB070
:10692000BDE8F08F6269216A8A4288BF2262D8E797
:1069300063699F42DDD92362236A9F42D9D90DAA98
:106940000123214628468DF83460FFF7B8FF021E68
:10695000F2DAE3E79B0324D52B68A26ADB699A424B
:1069600040F098802B681B6AAB6305F11403049315
:10697000D4E90832CDE90B230DA92846FFF7C0FE64
:10698000024608BB0D9B286805931946FFF726FCB5
:10699000024618B312F1340F16D14FF0FF332B62B9
:1069A000EAE7236A002BDDD004F128020292013BC2
:1069B00004F1240201920093D4E9042341462846BD
:1069C000FFF732FA024620B1E36943F40023E361A2
:1069D000A4E728684146FFF703FCC3E70C9F2E6835
:1069E0000890002F4FD0013F0CA930460C97FFF7BD
:1069F000FEF90C9FF369089A01379F420C9768D102
:106A0000461C96FAA6F6B6FA86F606F1010B9146F2
:106A10000BAF4FEA890308930423CDE901734FEAD2
:106A2000890300934146DDE904232846FFF748FC2B
:106A30000B9B02460028ADD14E4550D109F101090A
:106A4000CB45E6D84FEA8B071DE00022CDE9016B6C
:106A50000B9B0499CDF800902846FFF750F80246AA
:106A60000028B1D1DDE90423CDE9016BCDF8009018
:106A700041462846FFF724FC024600288AD109F146
:106A800001094F45E1D8059BC4E90937E36943F49F
:106A90000033E3612B68DE69A36AF61A564528BF06
:106AA0005646069B02960193A36A0093099A636A6D
:106AB00041462846FFF704FC0246E8B110F1340FC6
:106AC00082D121462846FFF7A1FE02460028E8D0E1
:106AD0007AE791464FF0010B0DF12B06D1E7042127
:106AE000CDE901710899009128460499FFF707F84C
:106AF00002460028A2D067E7236A33442362A36AD0
:106B00003344A362069B334406932B681B6AAB6332
:106B1000AAEB060AF4E66FF00802FFE66FF01A022D
:106B2000FCE6CB695A032DE9F04144BF23F48023EE
:106B3000CB61CB6944BF4FF0FF32CA629B0390B078
:106B400005460C4603D4002010B0BDE8F0810F6A62
:106B50002C22002102A805F114060AF090F82369FE
:106B6000069396E80700636907930123CDE9093787
:106B700010AB03E907004FF0FF38C5F81480226A14
:106B800063699A4211D304F12C08324641462846E3
:106B9000FFF76CFB08B310F1340FD5D1214628461E
:106BA000FFF734FE0028F0D0CEE701230DF10702F5
:106BB00002A9284600F01DF80028C5DB01230DF1CD
:106BC000070221462846FFF77AFE0028BCDB6B69E6
:106BD0000133D4D0CDF83480CFE7636A2361236AD0
:106BE0006361E36923F4003343F48033C4E9073776
:106BF000A9E72DE9F04F1D46CB69904603F003024B
:106C0000022A87B007460C4654D09A0305D4236A5B
:106C10006669B34208D3002003E0FFF782FF002833
:106C2000F5D007B0BDE8F08FF61AAE4228BF2E4669
:106C300004F12803B14604F12C0A059304F1240B56
:106C4000B9F1000F01D13046EBE7E3695B0304D5EE
:106C50003B68A26ADB699A4210D1059BCDE901B37A
:106C6000236A0093D4E9042351463846FFF7DCF841
:106C70000028D6D1E36943F48023E3613A68A36A2C
:106C8000D5690093ED1A4D4528BF4D46CDE90185E4
:106C90000022636A51463846FEF731FF0028C0D112
:106CA000236A2B442362A36A2B44A362A844A9EB62
:106CB0000509C5E76FF00800B3E770B50D46144647
:106CC0001E46FFF72EFF70B92B6A36B1012E01D197
:106CD0001C4402E0022E07D01C46002CA6BF2C62EA
:106CE00020466FF0150070BD6B69F1E7F0B5012625
:106CF00080F84060A7B004460430FEF7E5FE054684
:106D0000002879D101462C2205A809F0B8FF4FF0E0
:106D100000432822294610A80D9309F0B0FF1A96C7
:106D200023681B6A9D4202D36FF0330020E019A84C
:106D3000FEF7CAFE00285FD119AA10A92046FEF767
:106D400084FFA8B90D9B002B34DB01AB1BAA0EA955
:106D50002046FFF766F900280ADB0BD1199B0E933A
:106D60001A9B0F9300231A4605A9204600F046F807
:106D700027B0F0BD039A0E99049B0F988A4201D167
:106D8000984217D0904201D1994213D00E92E8E771
:106D90009DF97030002B0DDA1DA92046FFF70AF986
:106DA0000028E5DB1BD01BAA10A9204600F03DFA05
:106DB0000028DDD11BAA10A92046FFF7BCF8002847
:106DC000E6D0831CD4D110AF0FCF05AE0FC60FCFC6
:106DD0000FC697E80700013586E80700A0E79DF891
:106DE000703003F07F038DF870301BAA034610A9A2
:106DF000204600F03FF9DBE70020B9E72DE9F04F2E
:106E00009DB00D460993CB6905920133CB610B1DF3
:106E10000646079309984B6889680693C5E90113EC
:106E200002EB001413469C4212D1069B0C930023E4
:106E30000B91089369683068FFF7D0F9044678B180
:106E400014F1340F00F0DF8020461DB0BDE8F08F54
:106E5000D8682A6A02445868121A2A621033E2E794
:106E600005F11C084FF0FF33102241460DA81027F2
:106E70000D9300F0C5FBCDE90187009406F1200ACF
:106E800022466B6851463046FFF71AFA044600283E
:106E9000D6D18346B84629E0099B9B4580F28D8078
:106EA000059A4FEA0B1302EB0B19D358434540F0F8
:106EB0008480D9E902120DA800F0A2FBD9F80C30A9
:106EC0000293D9F80830CDE9007300226B6851466F
:106ED0003046FFF7F5F904460028B1D1D9F804305F
:106EE0009844D9F80C300BF1010B1F442B6A23F0A6
:106EF0000043043BBB42CFD80DF13408CDE9007804
:106F0000042302936B68002251463046FFF7D8F9FC
:106F10000446002894D14FF0FF370246776151466E
:106F20003046FFF7A3F90446002889D13068036989
:106F300098470446002883D12B6A119711AF009718
:106F400023F0004302466968043B3046FEF758FED2
:106F5000044600287FF478AF119A0D9B9A4252D1D3
:106F6000089B2BB343463A460BA93046FFF759F826
:106F70000028FFF66AAF5ED06B680F93AB68109382
:106F8000424623463946304600F074F800287FF424
:106F90005CAF311D0BA8FEF7A1FD18B96B687360DB
:106FA000AB68B3603046FFF7A1FE00287FF44DAF19
:106FB0003269002A53D1104647E74FF0010906997C
:106FC000CDF8009011AB42463046FEF70CFE044669
:106FD00000287FF439AF4A4611A90DA800F010FB34
:106FE00011ABCDE90073CDF8089022466B6851468D
:106FF0003046FFF765F9044600287FF421AF08F119
:107000000108013772E74FF0FF3333620124002398
:1070100011A90BA8CDE91134FEF760FD10B96FF08E
:10702000330012E707993046FFF76AFB08940028FF
:107030003FF400AF09E73A460BA93046FEF76DFE74
:107040000028FFF602AFB3D06B681A93AB681B93AE
:1070500000231A4639463046FFF7D0FEA5E70799C8
:10706000101DFEF73BFD18B96B685360AB68936069
:1070700012689EE770B5154688B055F8044BD27972
:1070800000940C26002BCDE90523079234440CBF55
:10709000012302236A46CDE9016503960494FFF7B4
:1070A000ADFE08B070BD70B592B006460D46FFF754
:1070B00038FD044658BBEB6903F41023B3F5803F59
:1070C00025D12A1D1046FEF7FFFC00BB07A930465C
:1070D000FEF7BBFDF0B90C23EA680899009330462F
:1070E00004ABCDE9044406940392FEF77CFD88B915
:1070F0002B6905936B69069303AA234607A93046BB
:10710000FFF7B8FF30B9EB6923F48033EB61204619
:1071100012B070BD0446FAE770B505460C46FFF79D
:10712000C2FFEB68064605F10C021BB1A3420DD16C
:1071300023681360A3690BB11B682BB92B685B6BC9
:1071400013B9606B09F00EFA304670BD1A461B6821
:10715000EBE72DE9F043804695B00E461746994679
:1071600001F12405FA79B9797879346AFEF7DFFEFE
:10717000D8F80030DB692044984215D8043C47F821
:10718000044B00230C21CDE90A37CDE90C14CDE9DD
:107190000E3910920994022309AA31464046FFF79E
:1071A0002DFE15B0BDE8F083002C36DB35460FCD43
:1071B00009AC0FC40FCD0FC495E8070084E80700A1
:1071C00031464046FFF7F6FA0028EAD1129B736277
:1071D000139BB362336A3A46043B42F8043B039282
:1071E0000C22CDE90130CDE90423FB790893CDE9E8
:1071F0000609022301AA31464046FFF7FFFD002899
:10720000CFD1119B43F00043119373681293B3687D
:1072100013930246034609A9C0E72A463146404671
:10722000FEF713FD00289DD0BBE72DE9F04714467B
:107230000D46D279A1798CB080466079FEF777FE51
:107240002B6A143023F0004383421DD101AA291D6B
:107250004046FEF762FD061E12DB099A002A13DA89
:107260002B6A63F00043134009936B6A0A93AB6A7D
:107270000B9300231A4601A94046FFF7BFFD0646BF
:1072800030460CB0BDE8F0872368E279A1796079D7
:107290000193FEF74CFE0023CDE903330290012356
:1072A00001AA29464046FFF7A9FD06460028E7D176
:1072B000D8F80C7005F1040A4FF0FF39CFB9D8F8AF
:1072C00010700435002FDBD02946381DFEF706FC70
:1072D00068B9FB682268934209D9E279A17960799B
:1072E000FEF725FE1B1AFB60BB691B1ABB613F68DA
:1072F000E8E75146381DFEF7F1FB28B9FB68226824
:10730000934203D1C7E901993F68D7E7FCD9E279F5
:10731000A1796079FEF70BFE1B1AFB60F4E7000011
:10732000F0B5A5B00546FEF766FF0446002877D104
:107330002B685A6A0146D208E86B09F0A0FC2A685B
:10734000EC62D2E908320EA9C5E90D439A4294BF16
:107350002A632B632846FFF72DFA044600285CD1E8
:1073600019A92846FFF726FA0446002855D10346F6
:10737000024619A92846FFF741FD044600284CD1D2
:10738000294B1A9E1B9A6E601027CDE905732B6856
:10739000AA60D969099125491B6A08680A93496856
:1073A00001974FF001130B930CAB03C33423CDE9CA
:1073B0000762CDE91762169306AE2023CDE9036379
:1073C000029301AA01230EA92846FFF717FD20B159
:1073D00010F1340F02D004461FE001242023CDE930
:1073E0000236049301AA01230EA928460197FFF74C
:1073F00005FD20B110F1340FEDD1002CEBD00022AF
:107400000123CDE901230EA901AA2846FEF71DFCA0
:10741000044610B92B681B6AAB632846FEF7D0FC04
:10742000204625B0F0BD00BF2E140008083E02081B
:107430002DE9F0471F4692B003F00303012BDDF85E
:107440006880019206460C4611D101AB03AA07A938
:107450003046FEF71DFE0546B0B99DF81030222BD0
:1074600000F08680B90534D56FF0100508E090F87B
:107470004030002BE9D1FFF739FC05460028E4D065
:10748000284612B0BDE8F087821CF9D1DDF804A0CF
:107490002F21504609F00AFC81460028F0D1FB0557
:1074A000EED540F611038DF812005046ADF81030BD
:1074B000E9F79EFE4FF0FF33CDE905398DF8130053
:1074C000534603AA07A93046FFF743FE05460028A6
:1074D000D6D1089B6360099BA360039BE360059B77
:1074E00023610022069BC4F8188078056361E76178
:1074F000226210D44FF0FF33E362B8F1000F02D0E4
:10750000D8F800306BBB3268536B73B1F26842B38A
:107510006FF00B05B4E713B147F48037E7614FF024
:10752000FF320023C4E90423E4E7E36903F0030323
:10753000012B0AD1506909F00DF860630028E7D0EB
:10754000F36823600025F4609AE7906909F002F877
:1075500060630028DCD0306804F12C01FEF740FEA7
:10756000EEE76363E36903F00303012BE8D0F2E77E
:107570006FF0140584E713B500240094FFF758FF5B
:1075800002B010BD10B590F840309CB00446019197
:1075900043B101AB02AA06A92046FEF779FD30B13E
:1075A0001CB010BDFFF7A2FB0028F2D0F8E79DF851
:1075B0000C30222B1CD002AA06A92046FFF735FE6C
:1075C0000028EDD19DF80C30222BE9D106AA12A992
:1075D0002046FEF7A2FB0028E2DB1A9B0F931B9BC1
:1075E000109300231A4606A92046FFF707FCD7E7A9
:1075F00004AA11A92046FEF728FB0028DBD0CFE71C
:1076000070B50D4D0A44914200D170BD066811F865
:10761000013B83EA060404F00F0455F8244084EA91
:10762000161484EA131303F00F0355F8233083EA8A
:1076300014130360E7E700BF143E0208F0B5CFB0B3
:1076400006460C466D4602F12007106851682B462D
:1076500003C30832BA421D46F7D19DF8003023F02B
:1076600007038DF800309DF81F3003F03F0343F00F
:107670004003214608A88DF81F3001F095F844A872
:1076800000F033FF44AA08A93AA800F03BFF44A940
:1076900008AA084602F0D4F944A9084601F01AFFE6
:1076A00044AA3AA908A801F086F912A800F01DFF23
:1076B0001CA800F00EFF08A926A801F05DF830A86C
:1076C00000F013FF0024FE25EB1027461DF80340B1
:1076D00005F007031C4104F0010467403A4626A95F
:1076E00012A800F099FF3A4630A91CA800F094FFB8
:1076F00030AA26A93AA802F0A3F91CAA12A944A804
:1077000002F09EF912A908461CAA00F0FBFE30AA5E
:1077100026A91CA800F0F6FE12AA3AA930A801F08A
:107720004AF91CA944AA084601F045F944A93AA817
:1077300001F0F3FC12A944A801F0EFFC1CAA30A947
:1077400026A800F0DFFE1CAA104630A902F078F946
:107750003AAA44A912A801F02EF944A93AAA084667
:1077600002F06EF91CA9084601F0D7FC44A930A824
:1077700001F0D0FB26A9084601F0CFFC3AA9084643
:1077800030AA00F0BFFE1CAA08A930A801F013F926
:107790003AAA44A91CA801F00EF9013D94D2224650
:1077A00026A912A800F038FF224630A91CA800F034
:1077B00033FF1CA9084601F08DFE12A91CAA084639
:1077C00001F0F9F812A9304602F06BF94FB0F0BDA4
:1077D00030B50C46A9B0054610460A46202100F0F7
:1077E00011FE237823F007032370E37F03F03F03A8
:1077F00043F04003E3772146684602F0C4FB694644
:10780000284602F0A0FB29B030BD10B5A8B0044650
:10781000684602F0B8FB6946204602F094FB28B0A7
:1078200010BD00002DE9F04FADF53D7D03460B90F6
:107830000C4608330CAD00F14806186859682A4612
:1078400003C20833B3421546F7D11CA8214604F100
:10785000800504464B780A780F798E781B0443EA3A
:107860000263CA7942EA07624F7943EA062342EA91
:107870000742CE788F79083142EA072233438D429E
:10788000C4E9002304F10804E4D104461026D4E935
:107890001C19CB0C4FEAD9424FEAC90ECF004EEA71
:1078A000517E47EA597743EA493342EA413289092E
:1078B000A04641EA89617B4082EA0E024B40D8E94A
:1078C0001217D8E900E8D4E9025C11EB0E0147EB8E
:1078D000080782EA99125B1842EB070E4FEA152956
:1078E0006A0842EACC7249EA0C6982EA09014FEA65
:1078F0005C074FEA1C28EA0947EAC57748EA0568A9
:1079000042EA4C624A4087EA08079B1887EADC1182
:1079100006F101064EEB01010834502EC4E91E3178
:10792000B5D11A9B03931B9B0493149B0593159B42
:107930000693189B0793199B0893169B0993179B13
:107940000A930C9B01930D9B0293DDE90E89DDE9FF
:1079500010ECDDE912320149009101E0583E0208C5
:1079600005994FEA913A06994AEA814A4FEA913BD2
:1079700005994BEA814B8D0C069945EA81358C0CB3
:10798000059944EA81348BEA040B069CE40544EA39
:1079900051248AEA050ACD05069945EA5125009940
:1079A0008AEA050A8BEA040BD1E90057D0E90064A2
:1079B0000799AD19099E47EB04044E400A9F0899A8
:1079C0004F4005990E4006990F4007994E4008997F
:1079D0001AEB050587EA010703994BEB0404AD197F
:1079E00044EB07046D18049941EB04045B190393FD
:1079F00042EB04030493019B01991E0F029B46EA8C
:107A000003161A0F019B42EA0312029B9B0743EAEB
:107A100091038F0702995A4047EA9107019B7E40E4
:107A20004F0647EAD3175B0643EAD1137340019927
:107A30005B1982EA070244EB020241EA0804029958
:107A400041EA0905019901EA0807029904EA0E04CE
:107A500001EA09063C4305EA0C0513EB040A45EA72
:107A6000060542EB050B009A009BD5689B680799B9
:107A7000D0E902421B1945EB02025B180899099CE8
:107A800041EB0202059981EA040506990A9C4C40E3
:107A900003990D4004990C4009994D400A994C40B6
:107AA00003995B1942EB04028C0B049944EA81446C
:107AB0008E0B039946EA81468F0C049947EA813779
:107AC0008D0C039945EA813504996E40CD050399E3
:107AD0007C4045EA5125CF05049947EA51277C406F
:107AE0001C1985EA060542EB05051EEB0403079306
:107AF0004CEB050308934FEA1B724FEA8B7343EA82
:107B00009A034FEA1A7642EA0A124FEA8A7747EA5C
:107B10009B0746EA0B165A404FEA4A637E4043EA07
:107B2000DB134FEA4B67029947EADA1773401C19D7
:107B300082EA070245EB0202019B41EA0B0501992B
:107B400043EA0A0301EA0A07029903EA080301EA81
:107B50000B063B4305EA090514EB030C45EA060551
:107B600042EB050E009A009B55691B690999D0E903
:107B700004421B1945EB02025B180A99039C41EB76
:107B80000202059981EA04050699049C4C40079974
:107B90000D4008990C4005994D4006994C400799B5
:107BA0005B1942EB04028C0B089944EA81448E0B6A
:107BB000079946EA81468F0C089947EA81378D0C70
:107BC000079945EA813508996E40CD0507997C40B3
:107BD00045EA5125CF05089947EA51277C401C19F1
:107BE00085EA060542EB050518EB04030A934FEA04
:107BF0001E724FEA8E7343EA9C034FEA1C7642EAF8
:107C00000C124FEA8C7747EA9E0746EA0E1682EA84
:107C100003024FEA4C6386EA070643EADE13019942
:107C200083EA06034FEA4E6749EB050947EADC178A
:107C30001C194AEA0C0382EA070203EA01030299CB
:107C400045EB02020AEA0C074BEA0E050BEA0E06A8
:107C50000D403B43E31845EA060542EB050809934E
:107C6000009A009B9B69D5690599D0E906421B19CA
:107C700045EB02025B180699079C41EB020203994F
:107C800081EA04050499089C4C400A990D40039927
:107C90004D40049904EA09044C400A995B1942EBEF
:107CA00004028F0C8C0B47EA893744EA89444FEA77
:107CB00099364FEA99457C40CF0545EA813547EA38
:107CC000592746EA81466E407C404FEAC9551C1947
:107CD00045EA5125019B099985EA060542EB050510
:107CE0001B190593029B43EB05030693099B4FEA7F
:107CF00018721E0F42EA03124FEA887343EA910397
:107D00008F0747EA980746EA08165A404B067E4016
:107D100043EAD8134FEA486747EAD11773401C1962
:107D20004CEA010682EA070245EB02024EEA08032A
:107D300006EA0A060CEA01050EEA0807354303EADB
:107D40000B03611943EA070342EB0303009A029312
:107D5000009B556A1B6A0191D0E9084203991B19DF
:107D600045EB02025B1804990A9C41EB0202079959
:107D700081EA0405089981EA090405990D400699EC
:107D80000C4007994D4008994C4005995B1942EB0E
:107D900004028C0B069944EA81448E0B059946EA4D
:107DA00081468F0C069947EA81378D0C059945EA83
:107DB000813506996E40CD0505997C4045EA5125EF
:107DC000CF05069947EA51277C401C1985EA06052C
:107DD00042EB05051AEB040303934BEB05030493F5
:107DE000019B01991E0F029B46EA03161A0F019B85
:107DF00042EA0312029B9B0743EA91038F07029911
:107E00005A4047EA9107019B7E404F0647EAD31745
:107E10005B0643EAD113734009991B19019C41EA9F
:107E20000406029982EA070245EB020248EA0104CD
:107E3000019D09990D40029906EA0C0608EA01071E
:107E40003543009904EA0E045B1944EA070442EB47
:107E50000402D0E90A67D1E90A450799A41945EB5C
:107E6000070564180899059E41EB05050A9981EA02
:107E70000607069989EA010603990F4004990E4006
:107E80000A994F40039986EA0906E41945EB06056D
:107E90008E0B049946EA814A8E0B03998F0C46EAB1
:107EA0008146049947EA813B8F0C039947EA813761
:107EB00004997E40CF0503998AEA0B0B47EA512AC1
:107EC000CF05049947EA51278BEA0707E41986EAA8
:107ED0000A0645EB0605170F1CEB04014FEA8276F4
:107EE000079146EA93064EEB05014FEA137C47EAF9
:107EF00003174FEA837E08914EEA920E019977406C
:107F00004CEA021C5E068CEA0E0C46EAD2164FEAD8
:107F1000426E8CEA06064EEAD31E41EA030C029931
:107F2000341987EA0E0745EB070741EA020509996C
:107F30000CEA010C019901EA030602994CEA0606D3
:107F400001EA020E05EA0805009945EA0E0514EB60
:107F5000060E47EB050CD0E90C67D1E90C450A99F0
:107F6000A41945EB0705039E6418059981EA0607E5
:107F70000699049E81EA0606079907EA010708990F
:107F800006EA0106059987EA0107069986EA0106CD
:107F9000079949EB0505E41945EB06058E0B089991
:107FA00046EA814A8E0B079946EA81464FEA914993
:107FB000089949EA81398F0C079947EA813708996E
:107FC0008AEA090A4FEAC15907997E4049EA5129CC
:107FD000CF05089947EA51278AEA07070999E41962
:107FE00086EA090645EB06054FEA1C7709194FEAB0
:107FF0008C76099146EA9E0648EB050147EA0E1782
:108000004FEA1E784FEA8E7949EA9C09774048EAA0
:108010000C184FEA4E660A9188EA090801994FEA5E
:108020004C6946EADC1688EA060649EADE1943EAA4
:108030000E08341908EA010887EA0907029945EB96
:10804000070703EA0E0642EA0C050D4002EA0C0996
:10805000009948EA060614EB060845EA090547EBCD
:108060000509D0E90E67D1E90E450599A41945EB3C
:10807000070564180699079E41EB0505039981EAF7
:1080800006070499089E4E4009990F400A990E4030
:1080900003994F4004994E4009994FEA913A0A9941
:1080A000E41945EB06054AEA814A8E0B099946EA2E
:1080B00081464FEA914B0A994BEA813B8F0C099913
:1080C00047EA81370A998AEA0B0A4FEAC15B0999A4
:1080D0007E404BEA512BCF050A9947EA51278AEA9D
:1080E0000707E41986EA0B0645EB060501994FEAF6
:1080F00019774FEA897646EA98064FEA187A47EAEE
:1081000008174FEA887B09194BEA990B87EA06079B
:108110004AEA091A4FEA48668AEA0B0A05914FEAC9
:10812000496B029946EAD9168AEA06064BEAD81B39
:1081300041EB050187EA0B0734194EEA080A45EBC3
:1081400007070AEA030A4CEA09050EEA0806154081
:108150000CEA090B4AEA0606069145EA0B05A11945
:10816000019147EB05010291009940310091009C7B
:108170001B49A14200F140007FF4F2ABCDE912327D
:10818000079B1893089B1993099B16930A9B1793B7
:10819000059B1493069B03990B9A1593CDE910EC5C
:1081A000019B1A91CDE90E8904990C93029B0D93C2
:1081B0001B910CAB02F1400552F8081FD3E90040B7
:1081C0005668091940EB0600AA42C2E9001003F103
:1081D0000803F1D100200DF53D7DBDE8F08F00BF13
:1081E000D84002080000000030B5034600282ED019
:1081F00000240025C3E9004517A5D5E90045C3E9DA
:10820000024517A5D5E90045C3E9044516A5D5E9FA
:108210000045C3E9064516A5D5E90045C3E908456B
:1082200015A5D5E90045C3E90A4515A5D5E90045D9
:10823000C3E90C4514A5D5E90045C3E90E4514A5CD
:10824000D5E90045C3E910450020986430BD012000
:10825000FCE700BFAFF3008008C9BCF367E6096A1A
:108260003BA7CA8485AE67BB2BF894FE72F36E3CC5
:10827000F1361D5F3AF54FA5D182E6AD7F520E5122
:108280001F6C3E2B8C68059B6BBD41FBABD9831FDC
:1082900079217E1319CDE05B2DE9F8430D46164692
:1082A0000446002847D0002945D0836C802B42D853
:1082B00000F14C0716B93046BDE8F883A36C93B9BA
:1082C0007F2E10D929462046FFF7ACFA0028F3D1BB
:1082D000D4E9003213F5806342F10002C4E90032B0
:1082E0008035803EE6E7C3F18008B04528BFB04640
:1082F00003F14B02224405EB08094D4516D14344D6
:10830000802BA3640ED139462046FFF78BFA002854
:10831000D2D1D4E9003213F5806342F10002C4E9FE
:108320000032A0644D46A6EB0806C3E715F8011B12
:1083300002F8011FE1E70120BEE7F8B50D4604464B
:1083400000285DD000295BD0836C7F2B58D8D0E902
:1083500000670822E3FB02675A1C03448021702A4D
:10836000C0E90067826483F84C100AD90022A36C2C
:108370007F2B39D904F14C012046FFF753FA002333
:10838000A3640022A36C772B34D93B0E84F8C4304D
:108390003B0C84F8C53036BA3B0A04F14C0184F832
:1083A000C63084F8C770C4F8C8602046FFF73AFAB0
:1083B000294604F14002E37B0B70E3894B70E368CC
:1083C0001B0A8B70E368CB70E37A0B7163894B7186
:1083D000A3681B0A08348B712368CB71944201F1A6
:1083E0000801E8D10020F8BD591C2344A16483F89A
:1083F0004C20BCE7591C2344A16483F84C20C1E7FE
:108400000120F0E730B5B5B0054668461446FFF7E1
:10841000EBFE48B90A4668462946FFF73DFF18B902
:1084200021466846FFF789FF35B030BD2DE9F041A0
:10843000FCB00446DDF8088248A81F460D461646E3
:10844000FFF7D2FE202208EB020148A8FFF724FF25
:108450003246294648A8FFF71FFF10A948A8FFF792
:108460006CFF10A801F010FE10A920A801F08BFDF0
:1084700020A9204601F067FD48A8FFF7B5FE214678
:10848000202248A8FFF708FF3946202248A8FFF716
:1084900003FF3246294648A8FFF7FEFE694648A872
:1084A000FFF74BFF684601F0EFFD10AB424669460F
:1084B00004F1200002F02AFE7CB0BDE8F081837850
:1084C000417802781B0443EA012343EA02000021B9
:1084D00070470023C0E90033C0E90233C0E9043328
:1084E000C0E90633C0E90833704700230122C0E920
:1084F0000023C0E90233C0E90433C0E90633C0E910
:10850000083370472DE9F04753684E688D68CC6892
:108510000F69D1F824A01E4493681D44D3681C44FD
:10852000136907EB030C4F69536907EB030E8F695F
:10853000936907EB0308CF69D36907EB0309136A53
:108540000F6A09681F44536A126853440A44C0E919
:108550000026C0E90254C0E904CEC0E90689C0E99A
:108560000873BDE8F0872DE9F74F83688D68CC6804
:108570004E685D40C36852425C4004EA02030193C6
:1085800004690B69634003EA020E44694B69634066
:1085900003EA020884698B69634003EA0209C4693B
:1085A000CB69634003EA020A046A0B6AD0E900C798
:1085B000634003EA020B446A4B6A09687E406340E9
:1085C0008CEA010116401540134011408268019C5D
:1085D0005540C268856054400269C46082EA0E0258
:1085E0000261426981EA0C0182EA08027740016077
:1085F00047604261826982EA09028261C26982EA55
:108600000A02C261026A82EA0B020262426A5340B3
:10861000436203B0BDE8F08F2DE9F04F8BB00B68DB
:10862000019304684B68019D029384EA050A8B68F4
:108630004468029D039384EA0509CB688468039D1E
:10864000049384EA05080B69C468049D059384EAD1
:10865000050E4B690469059D06938B69079384EAAF
:10866000050CCB69069D446908930B6A099384EA5B
:1086700005074B6A8469079DDDF824B084EA050686
:10868000C469089D6540046A84EA0B04D0F824B0EC
:1086900052428BEA030B0AEA020A09EA020908EAD3
:1086A00002080EEA020E0CEA020C174016401540B2
:1086B00014400BEA0202D0F800B08BEA0A0BC0F8B3
:1086C00000B0D0F804B08BEA090BC0F804B0D0F8C1
:1086D00008B08BEA080BC0F808B0D0F80CB08BEAF1
:1086E0000E0BC0F80CB0D0F810B08BEA0C0BC0F831
:1086F00010B0D0F814B08BEA070BC0F814B0D0F863
:1087000018B08BEA060BC0F818B0D0F81CB08BEA92
:10871000050BC0F81CB0D0F820B08BEA040BC0F8F1
:1087200020B0D0F824B08BEA020BC0F824B0019836
:1087300080EA0A000860029880EA0900486003980D
:1087400080EA08008860049880EA0E00C8600598F6
:1087500080EA0C0008610698474007984F61464040
:1087600008988E6145400998CD61444053400C62A1
:108770004B620BB0BDE8F08F2DE9F043D1E90098D2
:10878000D1E902E3D1E90476D1E90654D1E908211F
:10879000C0E90098C0E902E3C0E90476C0E90654E4
:1087A000C0E90821BDE8F0832DE9F04F04460846F2
:1087B0008DB050F8042B05920D46FFF780FE8B011B
:1087C00043EA90630B938301E81D0293FFF777FE62
:1087D0004FEA4118430148EAD06805F10A000693C0
:1087E000FFF76DFE4FEAC10BC3004BEA507B05F16A
:1087F0000D000393FFF763FE83004FEA810A4AEA04
:10880000907A079305F114002B690193FFF757FE47
:10881000CF01C30147EA506705F117000893FFF73E
:108820004EFE4FEA4119430149EAD06905F11A00A9
:108830000493FFF744FE0E01030146EA107605F1AA
:108840001D000993FFF73BFE810021F07E4121F0DE
:10885000030101F18075059A680E4FF0130CA0FB1F
:108860000C0C831805F07E4505932CBF01200020D9
:108870004B1B0A93029B069D13F180720B9B4FEAE0
:10888000526143F1000341EAC311491948EB63689F
:10889000029B069102F07E429B1A0B93039B079961
:1088A00013F180734BF1000B5A0E42EACB125218AF
:1088B0000292039A03F07E434AEB6B61D31A03934F
:1088C000019B13F180732CBF012500255A0E42EA4B
:1088D000C512089D5219019D03F07E4347F1000E19
:1088E000EB1A0793049B099F13F1807549F1000966
:1088F0006B0E43EAC913DB1946EB6969049E05F068
:108900007E45751B0495059D15F1007C40F1000B1B
:10891000069810F10077029848F1000810F10076EF
:1089200041F10001019112F1007505994EF1000E1F
:108930000CF07C4A13F1007049F100094FEA9C6C7D
:10894000B1EB0A0A0B99C4F800A04CEA8B1C1CEB93
:10895000010C0699C4F804C007F07C4CB1EB0C0C78
:10896000BF0E0399C4F808C047EA88177F18029918
:10897000E76006F07C47CF1B01992761B60E46EAF7
:1089800081160799761805F07C41521AA261AD0E46
:10899000049A666145EA8E15AD1800F07C429B1A78
:1089A0002362800E0A9BE56140EA8910C01860626C
:1089B0000DB0BDE8F08F2DE9F04F8246D1E90003FC
:1089C000A5B0D2E9005808938B680193CB6809934E
:1089D0000B6902934B690A93D1E906930B93D1E992
:1089E00008630C9393680393D36805931369069304
:1089F00053690D9393690F93D3691693136A189370
:108A0000536A1993039B019C4FF0130B0BFB03FC60
:108A1000059B0BFB03F7069B0BFB03F317930D9BC7
:108A20000BFB03F310930F9B0BFB03F30E93169BAF
:108A30000BFB03F30793189BDDF81CE00BFB03F221
:108A4000199B0BFB03F30493089B04995B001193A0
:108A5000099B5B0012930A9B5B0013930B9B5B00CB
:108A600014930C9B5B001593119B83FB0131C0FB9E
:108A70000531C4FB0231129CC4FB0E31029CDDF8AF
:108A800038E0C4FB0E31139CDDF840E0C4FB0E312E
:108A9000179CC9FB0431149CC4FB0731159C0BFBCC
:108AA00008FEC6FB0C31C4FB0E31CDE91A31089B20
:108AB000019C049985FB033EC0FB083EC1FB043EBC
:108AC000099C0299C2FB043E079CC4FB013E0E991F
:108AD0000A9CC1FB043E10990B9CC1FB093E1799EF
:108AE000C1FB043E0C99049CC7FB063ECCFB013E37
:108AF000CDE91C3E119B039988FB033CC0FB013C64
:108B00000199C5FB013C1299C4FB013C0299139CDD
:108B1000C2FB013C0799C1FB043C0E99C1FB093C17
:108B20001099149CC1FB043C1799049CC1FB063CA2
:108B30001599C7FB013CCDE91E3C0899039B83FBBB
:108B400001370599C0FB01370199C8FB0137099925
:108B5000C5FB01370299C4FB01370A990B9CC2FB84
:108B600001370799C1FB09370E99C1FB04371099EA
:108B70000C9CC1FB06371799C1FB04371793119959
:108B8000059B209783FB01730699019CC0FB017331
:108B90000399C1FB04731299049CC8FB01730299E9
:108BA000C5FB01731399C4FB01730799149CC2FBA5
:108BB0000973C1FB04730E99159CC1FB06731099D0
:108BC000C1FB04730699089C109781FB047C0D99E6
:108BD000019CC0FB017C0599C1FB047C0399099CA5
:108BE000C1FB047C02990C9CC8FB017C0A99C5FB63
:108BF000017C0499C1FB097C0B99C2FB017C07999C
:108C0000C1FB067C0E99C1FB047C0D99119C0E974B
:108C100081FB047E0F99019CC0FB017E0699C1FB7C
:108C2000047E0599129CC1FB047EDDE90241C1FB73
:108C3000047E1399049CC8FB017E1499C5FB097E30
:108C4000C4FB017E0799159CC2FB067EC1FB047E16
:108C50000F99089CCDF884E0079781FB047E169954
:108C6000019CC0FB017E0D99C1FB047E0699099C05
:108C7000C1FB047E0599029CC1FB047E03990A9CFA
:108C8000C1FB047E0B99019CC8FB097EC5FB017EDC
:108C90000499C1FB067E0C99C2FB017E1199169ABC
:108CA000CDE9227E82FB01271899C0FB01270F998D
:108CB000C1FB04270D99129CC1FB04270699029C55
:108CC000C1FB04270599139CC1FB04270399C1FB31
:108CD00009271499049CC8FB01271599C5FB062791
:108CE000C4FB012711920899189A82FB0124199953
:108CF000C0FB012416990198C1FB00241046099974
:108D00000F9AC2FB01040D9A0299C2FB01040A9951
:108D1000069AC2FB0104059A0B99C2FB0904039A47
:108D2000C2FB01040C9A1A99C8FB0604C5FB020495
:108D30001A9A0E9D12F100761B9ACDE9080442F1B1
:108D40000000B40E1C9A44EA8014A4181D9A06F080
:108D50007C4642EBA062891B0A911B9961EB0001E2
:108D60000B91109911F1007143F10006880E40EA51
:108D700086104019109D01F07C414CEBA66C691ADD
:108D800063EB060314F180761E9D42F100024FEA68
:108D9000566E4EEAC21E1EEB050504951F9D06F099
:108DA0007E4645EB6262A41B0C9410F18074079D13
:108DB0004CF1000C660E46EACC1675190595219DFE
:108DC00004F07E4445EB6C6C001B0D900498179CDE
:108DD000089D10F10070019042F10002800E40EAFF
:108DE0008210001906902098229C40EBA262059800
:108DF00010F1007002904CF1000C800E40EA8C10D3
:108E00000019239C44EBAC6C069C14F18074039411
:108E100042F10002640E44EAC214641843EB626338
:108E200010F18079119A4CF1000C4FEA596141EA36
:108E3000CC11891847EB6C6C14F1007743F10003F7
:108E400011F100784CF1000C4FEA9862079342EA66
:108E50008C12099B521943EBAC6C12F1807E4CF1E1
:108E6000000C4FEA5E650A9B45EACC15A5FB0B6535
:108E7000F6184FEA6C6C0B9B0BFB0C5545EB03058E
:108E800016F1007C0C9B45F100050CF07C4B4FEA81
:108E90009C6C4CEA851CB6EB0B061CEB0305019B96
:108EA000CAF8045003F07C45049BCAF800605D1BBF
:108EB000039BCAF8085003F07E45069B5D1B079B89
:108EC000CAF80C5007F07C45BF0E47EA83170D9B8C
:108ED000641BFF18029BCAF81040059CCAF8147066
:108EE00009F07E4908F07C480EF07E4E03F07C438A
:108EF000E31AB0EB0900B1EB0801B2EB0E02CAF8BD
:108F00001830CAF81C00CAF82010CAF8242025B06E
:108F1000BDE8F08F2DE9F04F6C4B0A68CC684D68C6
:108F20008BB082FB0382039284FB034204924A6962
:108F300082FB03E20592CA6982FB032601924A6A18
:108F4000069682FB039219F1807C42F100024FEAFF
:108F50005C664FF0130B46EAC216A6FB0B6A52166C
:108F60000BFB02AA16EB08020292039A85FB035739
:108F70000CF07E4C4AEB020AB9EB0C0215F180763C
:108F8000079247F100078A684FEA566C4CEAC71C03
:108F900006F07E467F16C2FB03C7AA1B0892049AFE
:108FA000CDF80CC014F1807542F10006B9460A698B
:108FB0006F0E47EAC61705F07E457616C2FB0376AC
:108FC000621B0992059A04971EF1807842F1000411
:108FD0004FEA58658A69096A45EAC4156416C2FBF6
:108FE0000354019A059508F07E48BEEB080812F17B
:108FF000807E069A4FEA5E6542F1000245EAC2159C
:109000005216C1FB0352019B0EF07E4EB3EB0E0EC7
:10901000029B13F1007C039B4AF1000A13F10077D5
:1090200049F100030193049BAB4613F10075059BC6
:1090300046F1000613F1007144F100041BF10073C6
:1090400042F100020692029A0CF07C49B2EB090947
:109050004FEA9C6C089AC0F800904CEA8A1C1CEB02
:10906000020C039AC0F804C007F07C4CB2EB0C0C65
:10907000019AC0F808C0BF0E47EA8217099ABF18C4
:10908000C760049A05F07C47AD0E45EA8615D71BEC
:1090900015EB0805059A456101F07C45890E41EA0A
:1090A0008411551B11EB0E01069AC16103F07C413E
:1090B0009B0E43EA8213079A0761BBEB01019B18E1
:1090C0008561016243620BB0BDE8F08F42DB0100B5
:1090D0004B682DE9F041C3F1000E8B68CF680E6933
:1090E0004D698C69C3F1000CCB69C3F100080B6AB0
:1090F0005A424B6A09687F4276426D4264425B4243
:109100004942C0E9001EC0E902C7C0E90465C0E9E0
:109110000648C0E90823BDE8F0812DE9F04F0A4672
:109120008246D2E9024097B04FF0260C0690D2E971
:1091300004B00190D2E906E00390106A526A0892E6
:1091400062000592069A039E0490520000924FEA34
:109150004B020C92019A52000292039A0CFB06F702
:109160005200049E0992D1E90013132202FB06F873
:10917000089E079302FB0EF0019A5D000CFB06F6B9
:109180000CFB02F385FB062CC1FB012C4FEA4109C5
:1091900061464FEA440CCCFB0821DDF800C0CCFB53
:1091A00007214FEA4B0CCCFB00219446019AC2FBED
:1091B00003C1CDE90AC1079B009984FB06C2C9FB24
:1091C00003C2C1FB08C20299CBFB07C2C1FB00C2AC
:1091D000CDF834C0009983FB053CC9FB043CC1FBBE
:1091E000063C4FEA4B01C8FB013C0299C1FB073C1E
:1091F0001946CEFB001CCDE90E1C069984FB0530F8
:10920000C9FB01300299CBFB0630C1FB083019467F
:10921000CEFB0710CDE91010009985FB0103C9FBB7
:109220000B030299C4FB04034FEA4E0CC1FB060377
:109230000399C8FB0C03C1FB0703019907908BFB43
:109240000540C9FB0140DDE90571C1FB07400999F3
:10925000CEFB0640C1FB08400299129485FB014CED
:10926000C9FB0E4C0699CBFB074C009FC1FB074C7A
:109270000999C1FB064C0499C1FB084C039906945B
:109280008EFB0547DDF81480C9FB01470199C1FB3E
:1092900008470099CBFB01470499C1FB0647CDE97C
:1092A00013470999029C85FB01780499C9FB017851
:1092B0000599CEFB01780099C1FB04780899059CBB
:1092C000CBFB0B78C1FB06780499099781FB0565F8
:1092D0000899CDF85480C9FB01650399C1FB046569
:1092E00000990C9CCEFB01650199C1FB04650A99AC
:1092F000089611F100770B99129CAE464FEA9766DB
:1093000041F100050D9946EA851676180A9907F08D
:109310007C4742EBA562B1EB070B0B9961EB0501B2
:109320000A91079911F1007143F100078D0E45EA8A
:1093300087152D19079C01F07C4140EBA760611A4D
:1093400063EB070316F180770E9C42F100024FEAAF
:10935000576848EAC21818EB040403940F9C07F0FE
:109360007E4744EB6262F41B15F1807640F1000009
:109370000794770E069C47EAC0173C1906F07E4614
:109380004CEB606CA81B04940B900398109C159DEB
:1093900010F10070009042F10002800E40EA82104D
:1093A000001905901198139C40EBA262049810F1EB
:1093B000007001904CF1000C800E40EA8C100019F6
:1093C000149C44EBAC6C059C14F18074029442F143
:1093D0000002640E44EAC214641843EB626310F1A5
:1093E0008079099A4CF1000C4FEA596141EACC119D
:1093F000891845EB6C6C14F1007743F1000311F10F
:109400000078089D06934CF1000C4FEA986242EAFE
:109410008C1252194EEBAC6C12F1807E4CF1000CA8
:109420004FEA5E65132345EACC15A5FB03654FEAB9
:109430006C6C03FB0C550A9B16EB0B0645EB030506
:1094400016F1007C079B45F100050CF07C4B4FEAC0
:109450009C6C4CEA851CB6EB0B061CEB0305009BD1
:10946000CAF8045003F07C45039BCAF800605D1BFA
:10947000029BCAF8085003F07E45059B5D1B069BC6
:10948000CAF80C5007F07C45BF0E47EA83170B9BC8
:10949000641BFF18019BCAF81040049CCAF81470A2
:1094A00009F07E4908F07C480EF07E4E03F07C43C4
:1094B000E31AB0EB0900B1EB0801B2EB0E02CAF8F7
:1094C0001830CAF81C00CAF82010CAF8242017B0B7
:1094D000BDE8F08F30B5A9B0044668460D46FFF7E9
:1094E0001CFE69460AA8FFF718FE0AA90846FFF7FE
:1094F00014FE0AAA29461046FFF75DFA0AAA694631
:109500006846FFF758FA694614A8FFF706FE0AA94D
:10951000084614AAFFF74FFA0AA914A8FFF7FDFDA1
:10952000042514A90846FFF7F8FD013DF9D10AAA60
:10953000104614A9FFF73FFA0AA914A8FFF7EDFD9A
:10954000092514A90846FFF7E8FD013DF9D114A942
:1095500008460AAAFFF72FFA14A91EA8FFF7DDFD97
:1095600013251EA90846FFF7D8FD013DF9D114AA1D
:1095700010461EA9FFF71FFA14A90846FFF7CDFDF4
:10958000092514A90846FFF7C8FD013DF9D10AAA2B
:10959000104614A9FFF70FFA0AA914A8FFF7BDFD9A
:1095A000312514A90846FFF7B8FD013DF9D114A9EA
:1095B00008460AAAFFF7FFF914A91EA8FFF7ADFD98
:1095C00063251EA90846FFF7A8FD013DF9D114AA9D
:1095D00010461EA9FFF7EFF914A90846FFF79DFDF5
:1095E000312514A90846FFF798FD013DF9D10AAAD3
:1095F000104614A9FFF7DFF90AA90846FFF78DFD09
:1096000004250AA90846FFF788FD013DF9D16A46FD
:109610000AA92046FFF7CFF929B030BD2DE9F04F58
:1096200097B00A6902924A690392D1E906A2D1E988
:10963000026705920A6A06924A6A089272000792C5
:109640007A000992029ADDF814C0019052000A9241
:10965000039A52000492059A262000FB0CF852004F
:10966000DDF818C00B92D1E90053132202FB0CF96C
:10967000DDF820C002FB0AF4039A00FB0CFB4FEA62
:10968000430E50438EFB0B2CC5FB052C6900654631
:109690004FEA460CCCFB09254FEA470CCCFB0825CA
:1096A000DDF828C0CCFB04259446039AC2FB00C514
:1096B00086FB0B20CDF838C0C1FB03204FEA470CD6
:1096C000CCFB0920DDF808C0CCFB08209446049AA6
:1096D000C2FB04C083FB0E32CDF83CC0C1FB063296
:1096E0004FEA470CCCFB0B32DDF828C00C90C9FBCD
:1096F0000C32DDF810C00298CCFB08329C46CAFB45
:1097000004C2CDF840C0029C86FB0E3CC1FB073C66
:10971000C4FB0B3C049CC4FB093C1C46CAFB084C24
:1097200011947C008EFB0434C1FB00340498C6FB0A
:109730000634C0FB0B344FEA4A00C9FB00340598DD
:109740001E46C0FB08640298129680FB0E630398C5
:10975000C1FB00630798C7FB00630B98CAFB0B6350
:10976000C0FB096304980D931396079B8EFB00685A
:109770000298C1FB0A68C0FB03687800C7FB006859
:109780000B984746C0FB0B670698C0FB0967059816
:1097900014968AFB0E68C1FB00680398DDF82490DC
:1097A000C0FB03680298C0FB09680698C0FB0B6801
:1097B00015960B988EFB00960698C1FB0096CAFB87
:1097C00003960998049BC0FB03960298109BC0FB6C
:1097D00000960898C0FB0B960698CDF8089080FB81
:1097E0000EE90898C1FB00E949460598DDF81C9090
:1097F000C0FB09E10998DDF82890CAFB00E1039855
:10980000DDF84CA0C0FB09E10E98F14610EB000E0C
:109810000F986D4110EB000B0C984041DB1803933F
:10982000119B5241DB184CEB0C0CCDF81CC0DDF841
:1098300048C006931CEB0C0C0D9B64411AEB0A0A02
:109840005B410493149BDB180593159B7F41DB1848
:109850000B93029B0A9748EB0808DB1876410C93A0
:109860000D9619EB09060E9649411EF1007645F159
:1098700000070F91B10E41EA871111EB0B0106F0C1
:109880007C4640EBA760BEEB060B65EB0705089531
:109890001CF1007544F10006AF0E049BDDF80CE0EE
:1098A00047EA861717EB0A0705F07C4543EBA663EA
:1098B000BCEB050564EB060611F1807440F1000075
:1098C0004FEA546C4CEAC01C1CEB0E0C04F07E44B6
:1098D00042EB6062091B099117F18071059CCDF87C
:1098E00010C043F10003480E40EAC3100019059070
:1098F0000A9801F07E4140EB636C791A0A91049951
:1099000011F10071029142F100028B0E069943EAB7
:1099100082135B180799069341EBA26205990B9B92
:1099200011F100714CF1000C880E039140EA8C108B
:109930000699C01848EBAC6C11F1807A42F1000333
:109940004FEA5A6444EAC314641946EB636310F1A6
:1099500080790C9A0D9D4CF1000C4FEA596141EA57
:10996000CC11891845EB6C6C14F1007743F10003BE
:1099700011F100780E9D07934CF1000C4FEA9862AC
:1099800042EA8C1252190F9D45EBAC6C12F1807EAD
:109990004CF1000C4FEA5E65132345EACC15A5FB9C
:1099A00003654FEA6C6C03FB0C55089B16EB0B062A
:1099B00045EB030516F1007C019B0CF07C4B45F157
:1099C0000005B6EB0B061E604FEA9C6C099B4CEA47
:1099D000851C1CEB0305019B5D60029B03F07C452D
:1099E000049B5D1B019B9D60069B0AF07E4AB3EBC6
:1099F0000A05019BDD6007F07C45641B1C61079B29
:109A0000059CBF0E47EA83170A9BFF18019B5F6105
:109A1000039B03F07C43E31A09F07E49019C08F0A4
:109A20007C480EF07E4EB0EB0900B1EB0801B2EBC2
:109A30000E02A361E0612162626217B0BDE8F08F9F
:109A40002DE9F04753684E688D68CC680F69F61AA7
:109A50009368ED1AD368A4EB030A13694C6AA7EB69
:109A6000030C4F695369A7EB030E8F699369A7EB4A
:109A70000308CF69D369A7EB0309136A0F6A096862
:109A8000FF1A536A1268E31A8A1AC0E90026C0E96D
:109A9000025AC0E904CEC0E90689C0E90873BDE8EE
:109AA000F0870B462DE9F047D3E90892D1E9008E03
:109AB0004FF0130AD3E90476D3E906540AFB02F304
:109AC000D1E902C103F1807308EB63630EEBA3637A
:109AD0000CEB636301EBA36307EB636306EBA36328
:109AE00005EB636304EBA36309EB636302EBA3631E
:109AF0005B160AFB03880EEBA86E0CEB6E6C01EB99
:109B0000AC6107EB616706EBA76605EB666504EBE6
:109B1000A56428F07C4809EB646929F07C4302EBDA
:109B2000A9624FEA28292EF07E4E80F801904FEA74
:109B3000284980F802904FEA8E0980F8008049EAAF
:109B4000186880F803804FEAAE182CF07C4C80F83F
:109B500004804FEAAE3880F805804FEACC0848EA26
:109B60009E5E80F806E04FEA6C1E21F07E4180F890
:109B700007E04FEA6C3E80F808E04FEA411E4EEAEB
:109B80005C5C80F809C04FEAE10C80F80AC04FEA3B
:109B9000E12C80F80BC04FEA871C4CEAD1410173DD
:109BA000C7F3970126F07E464173C7F38F21817377
:109BB000311225F07C45417431148174690041EA09
:109BC0001661C174E91124F07E440175C7F387471B
:109BD000E913C77306744175E10041EAD5518175F7
:109BE0006111C17561130176190141EA5451417641
:109BF000191122F07E4281761913C176910141EA52
:109C00001353037793104377931292148377C27799
:109C1000BDE8F08700B589B001466846FFF741FF0F
:109C20009DF8000000F0010009B05DF804FB70B57C
:109C300004460D461646FEF796FC324605F128010D
:109C400004F12800FEF78FFC324605F1500104F1C3
:109C50005000BDE87040FEF786BC00002DE9F047DB
:109C60000646D4B29EB0D70F06F1280A04EAE27283
:109C70008846A4EB420406F15009FEF736FC504634
:109C8000E4B2FEF732FC4FF47075484605FB08F568
:109C9000FEF71FFCDFF8D88084F00102B2FA82F2EE
:109CA00008EB050130465209FFF7C1FF84F00202BC
:109CB00005F17801B2FA82F2414430465209FFF7C9
:109CC000B6FF84F0030205F1F001B2FA82F24144DA
:109CD00030465209FFF7ABFF84F0040205F5B4717A
:109CE000B2FA82F2414430465209FFF7A0FF84F0F5
:109CF000050205F5F071B2FA82F24144304652098C
:109D0000FFF795FF84F0060205F51671B2FA82F2AC
:109D1000414430465209FFF78AFF84F0070205F5F7
:109D20003471B2FA82F2414430465209FFF77FFFA4
:109D300084F0080205F55271B2FA82F252094144E8
:109D40003046FFF774FF51466846FEF715FD314671
:109D50000AA8FEF711FD494614A8FFF7B9F93A46DB
:109D600069463046FFF763FF1EB0BDE8F08700BFCD
:109D7000D84002082DE9F043054601F128088BB0D0
:109D800005F128060C4617460A464146FEF7BAFB7F
:109D900022464146304605F15008FFF751FE3A464B
:109DA00029464046FEF707FE05F1780907F128022B
:109DB00031463046FEF7FFFD04F1780207F150010D
:109DC0004846FEF7F8FD04F1500211466846FEF7DA
:109DD00099FB324641462846FFF732FE324641465D
:109DE0003046FEF78FFB4A4669464046FEF78AFB3F
:109DF0004A4669464846FFF723FE0BB0BDE8F083AC
:109E0000F8B501F178070C4605463A4604F15006CC
:109E1000FEF7D1FD324604F1280105F12800FEF7D6
:109E2000CAFD3A46314605F15000BDE8F840FEF75C
:109E3000C2BD2DE9F0410C4601F1780805464246C5
:109E400004F1280604F15007FEF7B5FD3A46314605
:109E500005F12800FEF7AFFD4246394605F15000F6
:109E6000FEF7A9FD3246214605F17800BDE8F04134
:109E7000FEF7A1BD2DE9F04304460E468BB004F178
:109E8000500506F12809FFF748F904F1780849461A
:109E90002846FFF742F904F1280706F15001404631
:109EA000FFF7BCFB4A4631463846FEF72BFB3946E6
:109EB0006846FFF732F9224629463846FEF722FB6C
:109EC000224629462846FFF7BBFD3A46694620460A
:109ED000FFF7B6FD2A4641464046FFF7B1FD0BB0FD
:109EE000BDE8F08310B50446FEF7F3FA04F128004C
:109EF000FEF7FBFA04F15000FEF7F7FA04F17800E0
:109F0000BDE81040FEF7E5BA38B504460D46FEF749
:109F100033FC05F1280104F12800FEF72DFC05F1C2
:109F2000500104F15000BDE83840FEF725BC10B5E3
:109F30009EB004466846FFF7E7FF69462046FFF7F4
:109F400099FF1EB010BD30B59FB004460D4668465F
:109F50005031FFF7BFFA6A4629460AA8FEF72BFDE3
:109F60006A4605F1280114A8FEF725FD14A920462C
:109F7000FFF797FD0AA8FFF74DFEE37F83EAC013C2
:109F8000E3771FB030BDF0B5F5B06A464D1E04460C
:109F90001F311346164615F8010F00F00F078D42CA
:109FA0004FEA10101F70587003F10203F3D100251F
:109FB000294692F900300B44DBB203F1080141F36A
:109FC0000311C8B20135A3EB00133F2D02F8013B8A
:109FD000EFD196F83F30184486F83F002046FFF74F
:109FE00081FF0125725769102EA8FFF737FE2EAAB0
:109FF00021464CA8FFF7BEFE02354CA92046FFF7CC
:10A0000018FF412DEED121464CA8FFF790FF4CA937
:10A0100010A8FFF7F5FE10A94CA8FFF72BFF4CA9DD
:10A0200010A8FFF7EDFE10A94CA8FFF723FF4CA9DD
:10A0300010A8FFF7E5FE10A94CA8FFF71BFF4CA9DD
:10A040002046FFF7F6FE0025725769102EA8FFF78D
:10A0500005FE2EAA21464CA8FFF78CFE02354CA91E
:10A060002046FFF7E6FE402DEED175B0F0BD8378B7
:10A07000417802781B0443EA012343EA02000021ED
:10A0800070470068002170472DE9F04F9DB083466E
:10A09000FFF7EDFFC0F314030BF102000B93FFF782
:10A0A000F0FFC0F354130BF105000C93FFF7DFFF33
:10A0B000C0F394030BF107000D93FFF7E2FFC0F329
:10A0C000D4130BF10A000993FFF7DBFFC0F314135D
:10A0D0000BF10D000A93FFF7CAFFC0F354030BF115
:10A0E0000F000E93FFF7CDFFC0F394130BF1120096
:10A0F0000893FFF7BCFFC0F3D4030BF115000793DF
:10A10000FFF7B5FFC0F314030BF117000F93FFF730
:10A11000B8FFC0F354130BF11A000593FFF7A7FF24
:10A12000C0F394030BF11C000693FFF7AAFFC0F3E2
:10A13000D4160BF11F00FFF7A4FFC0F314170BF1A7
:10A140002200FFF794FFC0F354080BF12400FFF73F
:10A1500098FFC0F394190BF12700FFF788FFC0F3B5
:10A16000D40A0BF12A00FFF782FFC0F314030BF1AE
:10A170002C000393FFF785FFC0F354130BF12F005E
:10A180001093FFF774FFC0F394030BF131000193B8
:10A19000FFF777FFC0F3D4130BF134000293FFF7FE
:10A1A00070FFC0F314140BF13700FFF760FFC0F32A
:10A1B00054030BF13900FFF764FFC0F394120BF165
:10A1C0003C00FFF75EFFDFF848E3C00840EA41705B
:10A1D000CD08A0FB0EC11CEB060C0EFB051141F1D6
:10A1E00000011191CB498E46A0FB0161F6190EFBCF
:10A1F0000511C94F129641F100011391A0FB0761AF
:10A2000016EB0806DFF814831496C0F1000608FB6D
:10A21000056E07FB0511A0FB088741F1000118EB53
:10A220000909CDF854904EEB0709CDF85890DFF8A6
:10A23000F092A0FB09E709FB05771EEB0A0ACDF8AF
:10A240005CA047F1000ACDF860A0DFF8D8A2039F18
:10A25000DFF8BCE20AFB0566A0FB0A05C019039003
:10A2600046EB050004900698119DA2FB0E7A3F185C
:10A27000A848A2FB00694AF1000A16EB0C06DFF8B9
:10A2800098C2129845EB0909A2FB0C582818139D97
:10A290000690A24845EB0808149DA2FB000E401949
:10A2A000AEEB020E4EEB010E9D49159DA2FB01C1C6
:10A2B0001CEB05051195169D45EB0101129199497D
:10A2C000944DA2FB01C1891A179A1CEB020213924A
:10A2D000189A41EB020214928D4AA3FB021C059AC4
:10A2E0008918A3FB05254CF1000CD2194AEB050790
:10A2F000DFF824A2A3FB0AA51AEB060A49EB050521
:10A30000864E1595069DA3FB069619EB0505A6EB53
:10A31000030646EB0806DFF80882A3FB088918EB62
:10A3200000084EEB090016907E48A3FB00E0C01A1F
:10A33000119B1EEB03030593129BDFF8D4E140EB66
:10A34000030306930F9BA4FB0E0EC018714BA4FBD6
:10A3500003934EF1000E19EB0101DFF8BC914CEBB9
:10A36000030CA4FB09399B1847EB09070F976B4FA8
:10A37000A4FB077917EB0A07DDF854A0A9EB040941
:10A3800049EB0A09DFF898A1A4FB0A2A5219654D86
:10A39000119246EB0A0AA4FB05652D1B16EB080477
:10A3A0001294169C5A4A45EB04041594029C079E8D
:10A3B000DDF80880A4FB0245A419564E029AA8FBBA
:10A3C000068645F1000518EB00004EEB0606DFF8A7
:10A3D0004881DDF808E0AEFB08E81EEB010E4CEB0F
:10A3E000080C4E49DDF80880A8FB0118C9180F9B1E
:10A3F000A8EB020848EB0308494BA2FB0323D7193B
:10A4000049EB0309474A029BA3FB02230F92029ADE
:10A410009B1A07930F9A119BD218079B029243EB4A
:10A420000A0ACDF81CA03A4ADDF804A0AAFB02A350
:10A43000089A1AEB020A43F100030893019A354B7C
:10A44000A2FB0323121945EB0305334C019B0F922A
:10A45000A3FB0423121846EB03063048019B019C22
:10A46000A3FB000310EB0E00DFF8B4E0A3EB040342
:10A4700043EB0C0CA4FB0E3E5B1848EB0E01A04610
:10A48000284CA8FB048E019C18EB0707AEEB040ECA
:10A49000DDF8208011974EEB09091AF580170F9C03
:10A4A00048F100084FEA575E4EEAC82E1EEB040E34
:10A4B0004FEA575745F100057F050195BAEB0705AF
:10A4C0000F95089D65EB080512F5801446F100070D
:10A4D0001695650D45EAC725640D2D184FEA4454BD
:10A4E0004CF1000C101B179066EB070613F580105B
:10A4F00041F100041896420D119E42EAC422400D1B
:10A5000092194FEA405049EB64571E1A0CE000BF05
:10A51000132C0A00182D070067FB090053C6F0FF33
:10A52000D11502008390F5FF61EB040119910299A6
:10A53000119611F580100799029E41F10004430D18
:10A54000129943EAC4235B184FEA505015990893B7
:10A550004FEA405041EB6451361A0296079E139B16
:10A5600066EB04061296059E16F58010069E46F1CF
:10A570000004460D46EAC42616EB030A149E109BFF
:10A5800046EB64560796400D059E4005361A059623
:10A59000069E66EB04060696039E16F58014049E3E
:10A5A0004FEA545046F1000840EAC820C0184FEA6C
:10A5B0005454039B4FEA68564FEA445446F1000650
:10A5C0001B1B1093049B63EB08031393019B1EF565
:10A5D000801443F100094FEA5458179B48EAC928F0
:10A5E00018EB03031493189B4FEA545443F10003F0
:10A5F00064051593BEEB04031793019B63EB0909F4
:10A6000015F580144CF10008119B4FEA545E4EEA98
:10A61000C82E1EEB030311934FEA5454199B4FEAC3
:10A62000445443EB68532D1B19956CEB080512F548
:10A63000801418931A95029B47F100054FEA545C69
:10A640004CEAC52C1CEB03030193129B4FEA5454B4
:10A6500043EB655364050493131B1293089B67EB4C
:10A6600005051B9513F5801541F10004059B069F18
:10A670006A0D42EAC422D31802934FEA5555089B4B
:10A68000D14A4FEA455547EB64575D1B61EB040126
:10A690000691079903951AF5801341F10004109D66
:10A6A0000597590D41EAC42149194FEA5353139DA7
:10A6B000079F4FEA435345EB6455BAEB0303DFF8BA
:10A6C0000CA367EB0404A0FB027EA0FB0A8C02FB38
:10A6D00006EE0E9A0AFB06CCDDF83CA0BF184EF140
:10A6E000000E18EB0A08CDF83880DDF858804CEBE6
:10A6F000080CCDF83CC0DFF8D8C2E246A0FB0C8CB9
:10A700000AFB06CCDDF85CA018EB0A084CEB090C40
:10A71000DFF8C092CDF84CC0C0F1000CCDF84080FD
:10A7200009FB06C8A0FB099AD044DDF850A019EB3C
:10A730000A0ADDF8549048EB0908CDF85080DFF89C
:10A7400098824246A0FB089802FB0688199A19EBEA
:10A7500002091A9A48EB0208A04A02FB06CCA0FBA9
:10A760000206119A821818980792B4444CEB000C18
:10A77000954ACDF820C0DDF828C0A1FB026016EB99
:10A780000C0C02FB050040F100000A908F480246C5
:10A79000A1FB006002FB0500F21940EB0E00DFF8A0
:10A7A00030E211920E9A1590A1FB0E60B2180E9233
:10A7B000884E0F9A0EFB050040EB020237464842D6
:10A7C000A1FB077E06FB05067644DDF840E00F920C
:10A7D000139A17EB0E0E46EB02027F4E1092324692
:10A7E000A1FB067602FB0566149A17EB0A0A46EBF4
:10A7F00002027A4E139206FB0500734A734FA1FBC7
:10A800000615284411EB09051495A3FB025602FB1B
:10A810000466099A40EB08001690AD18A3FB0701E7
:10A82000DFF8AC81119A46F1000610EB0C00DDF860
:10A8300028C007FB041141EB0C0CA3FB0871BA18EC
:10A840001192159A08FB041141EB0202614915921D
:10A850005F420E9A01FB0479A3FB0118C844DDF89E
:10A860003C90891848EB0909CDF83890DFF86891D9
:10A870004A46A3FB099819EB0E09DDF840E002FBFC
:10A88000048848EB0E0ECDF83CE0DFF850E1029A68
:10A89000DFF83C810EFB0477A3FB0E34274413EB57
:10A8A0000A04139B099447EB03030A93464B059C48
:10A8B000DDF814A0A2FB037E03FB04EE0D9B434ACC
:10A8C000FF18029BA3FB02434EF1000E02FB0A336A
:10A8D000641943EB06030D93029B029EA3FB0853EE
:10A8E0002A1808FB0A3343EB0C0A029B05981092C6
:10A8F000DFF8E0C0029ADDF854805B420CFB0035C3
:10A90000A2FB0C0C119AAC44334D80184CEB080C94
:10A910002A46A6FB0585059E02FB06550E9E029A59
:10A9200018EB010145EB0608059E2C4D05FB06338F
:10A93000A2FB052512EB09060F9A05962B4443EB63
:10A940000203039E0E93204BA6FB0392069E03FB7D
:10A9500006220C9E19EB060942F100030C931B4AD8
:10A96000039EA6FB0235069EDB1902FB0655184F17
:10A97000039E45EB0E053A46A6FB07E7069E02FB43
:10A9800006770D9A1EEB040647EB02040D94039C18
:10A99000039F0F96DDF818E0109A66420D4C04FBF9
:10A9A0000E6EA7FB0447A418774447EB0A02DFF8B2
:10A9B00028E0039FDDF818A010927246A7FB0EE76F
:10A9C00002FB0A770CE000BF132C0A00182D0700C9
:10A9D00067FB090053C6F0FFD11502008390F5FF15
:10A9E0001EEB000ECDF844E047EB0C0ECDF84CE02A
:10A9F000DFF824C3DDF80CE00CFB0A66AEFB0C07A5
:10AA000042183E4446EB080102920391C34A019961
:10AA1000049EC348C34FA1FB021C02FB06CC019E4F
:10AA20000B9AA6FB00E8049E891800FB06880C9A86
:10AA3000019E4CF1000C1EEB090EDDF8109048EB66
:10AA40000208A6FB0726D21807FB0966DDF804906A
:10AA5000049F46EB0506B44DC9F1000905FB0793B9
:10AA6000019FA7FB057018440F9BFF180D9B40EB3F
:10AA700003030693019DAD4BDDF810A01846A5FB1E
:10AA800003351B1900FB0A555446DFF88CA21098B9
:10AA90000AFB0499019CA4FB0AA44C44DDF84490F1
:10AAA00045EB000513981AEB090944EB00040494E4
:10AAB00011F58014CDF804904CF1000A4FEA545976
:10AAC00049EACA29640D19EB0E0E4FEA445448EBCB
:10AAD0006A58B1EB04096CEB0A0C12F58014CDF83E
:10AAE00030C04FEA545146F1000C0698CDF82C9036
:10AAF00041EACC21640DC9194FEA445440EB6C5033
:10AB0000B2EB040966EB0C0613F58012019F0D965B
:10AB10004FEA525445F10006DDF810C0CDF8189008
:10AB200044EAC624520DE4194FEA42524CEB665CEB
:10AB3000B3EB020965EB06060F96029ECDF8109066
:10AB400016F58013039E149F46F100055A0D059ECD
:10AB500042EAC52292190E9E4FEA535346EB6559BD
:10AB6000029E5B05F61A0596039E66EB05060E9699
:10AB7000099E16F580130A9E46F100055E0D46EA11
:10AB8000C526F6190196169E46EB655602965B0D94
:10AB9000099E5B05F61A09960A9E129FDDF81CA015
:10ABA00066EB05060A96079E16F58015089E4FEA85
:10ABB000555346F1000643EAC623DB194FEA5555C3
:10ABC0001B9F03934FEA455547EB6657BAEB0505C4
:10ABD0000795089D069B65EB06061EF5801548F156
:10ABE000000A08966E0D46EACA26F61806960D9ECD
:10ABF000049B4FEA555546EB6A566D050D96BEEB24
:10AC0000050668EB0A0811F5801540F1000E109654
:10AC10006E0D46EACE26F3180F9E04934FEA555563
:10AC200046EB6E566D050F964E1B119660EB0E06A9
:10AC300014F580114CF10005059B1296480D0E9EEF
:10AC400040EAC520C3184FEA515146EB6556490505
:10AC50000E96661A13966CEB050612F5801149F1F3
:10AC600000040593480D099B149640EAC4200A9EEF
:10AC7000C3184FEA515146EB645649050A96561AD5
:10AC80001593169669EB04061796019E079BDDF84F
:10AC90004090254C16F58012029E4FEA525146F123
:10ACA000000041EAC021089ECB1846EB6056199679
:10ACB000520D019E18935205B61A039B0196029EEF
:10ACC00066EB000613F580114FEA51524FEA5151DD
:10ACD0004FEA415147F1000002965E1A0F4B1A9657
:10ACE00042EAC02267EB00064FEA605E1B96A2FBB9
:10ACF000036703FB0E770B9B09490A48F6180C9B68
:10AD000047EB0307A2FB01C31CEB090C01FB0E334D
:10AD1000069943EB08030BE08390F5FF132C0A0020
:10AD2000182D070067FB090053C6F0FFD11502007C
:10AD3000A2FB0059DDF8348003936D1800FB0E99D7
:10AD4000C2F1000A04FB0EA149EB0809A2FB04486A
:10AD500088441199E74B6418129948EB0108A2FB4B
:10AD6000030103FB0E11049BC0180F9B41EB030171
:10AD7000E14B03FB0EAAA2FB03E25244DDF84CA018
:10AD8000149B1EEB0A0E4FEA565A42EB03024AEAA4
:10AD9000C72A039B1AEB0C0AC6F3140643EB67534E
:10ADA00009964FEA5A5646EAC326761949EB635389
:10ADB000750D45EAC3252D1948EB63536C0D44EA24
:10ADC000C324241841EB6351600D40EAC12010EB0D
:10ADD0000E0042EB6153C4F3140C059ACDF820C069
:10ADE000440DDDF838C044EAC324A4184CEB635387
:10ADF000C0F3140CCDF81CC0600D169ADDF85CC0D1
:10AE000040EAC32080184CEB6353159AC4F3140C2A
:10AE1000410DCDF818C041EAC321DDF828C08918DA
:10AE20004CEB6353019AC0F3140C480DCDF814C0D9
:10AE300040EAC320DDF808C080184CEB6353189A31
:10AE4000C1F3140C410DCDF810C041EAC321DDF867
:10AE500064C089184CEB63534A0DC0F3140C1A9864
:10AE6000CDF80CC042EAC322DDF86CC012184CEBDE
:10AE70006353C1F3140CCDF808C0510DC2F3140C88
:10AE80009E4ACDF804C041EAC321A1FB024C5B15E8
:10AE900002FB03CC099AA418994AA1FB02E002FB29
:10AEA0000300984ACAF314074CF1000C1EEB070E7E
:10AEB000A1FB027802FB0388934AC1F10009C6F3A3
:10AEC000140602FB039AC5F3140540F10000BF19F4
:10AED000A1FB022648F1000852190992854A4AEB63
:10AEE000060AA1FB026502FB0355089AB618824ABE
:10AEF00002FB0399A1FB0213079A45F1000589188B
:10AF000049EB03034FEA545949EACC2919EB0E09DE
:10AF100040EB6C504FEA595C4CEAC02C1CEB070C20
:10AF2000099A48EB60504FEA5C5E4EEAC02E1EEB79
:10AF3000020E4AEB60504FEA5E5242EAC022961976
:10AF400045EB6055720D42EAC522521843EB65533A
:10AF500006990598550D45EAC3256D184FEA6353C8
:10AF600043F10003690D41EAC32109184FEA635315
:10AF7000049843F100034FEA515A4AEAC32A1AEBF4
:10AF8000000A4FEA635343F100034FEA5A504FEA75
:10AF9000635840EAC320039BC018C9F3140748F163
:10AFA00000034FEA5059DDF8088049EAC32919EB3C
:10AFB00008094FEA635343F100034FEA595848EA3E
:10AFC000C328019BC4F3140418EB0308C9F314034A
:10AFD0004FEA14298BF801904FEA47198BF800408B
:10AFE00049EA14448BF80240FC08CCF3140C8BF8AB
:10AFF0000340FC0A8BF804404FEA8C0444EAD7442F
:10B000008BF80540CEF3140E4FEA9C148BF80640E3
:10B010004FEACE1444EA9C348BF807404FEA5E04B2
:10B02000C6F314068BF808404FEA5E248BF80940FB
:10B03000340144EA5E448BF80A403409C2F3140236
:10B040008BF80B40340B8BF80C40941844EA1654E0
:10B05000C5F314058BF80D40D4098BF80E40AC01F4
:10B0600044EAD2328BF80F20AA08C1F314018BF8FE
:10B070001020AA0A8BF81120CA0042EA9542CAF3AE
:10B08000140A8BF812204A09C0F314008BF813201D
:10B090004FEA1A228BF81620420142EA1A428BF834
:10B0A0001720C2088BF81820C20A8BF819209A00C2
:10B0B00042EAD0424FEAC81949EA93398BF81A207C
:10B0C0009A094FEA5803490B8BF81D304FEA582371
:10B0D0004FEA58488BF814108BF815A08BF81B20FA
:10B0E0008BF81C908BF81E308BF81F801DB0BDE8CC
:10B0F000F08F00BFD11502008390F5FF132C0A00DA
:10B10000182D070067FB090053C6F0FF2DE9F04F2B
:10B11000B9B09146019008469B460D46FEF7A7FF41
:10B12000C0F31408A81CFEF7ACFFC0F35416681D4A
:10B13000FEF79DFFC0F39404E81DFEF7A2FFC0F3E5
:10B14000D41305F10A000293FEF79BFFC0F314131A
:10B1500005F10D000393FEF78AFFC0F3540305F1D8
:10B160000F000493FEF78DFFC0F3941305F1120056
:10B170000593FEF77CFFC0F3D40305F11500069399
:10B18000FEF775FFC0F3140305F117000793FEF7F0
:10B1900078FFC0F3541305F11A000893FEF767FF18
:10B1A000C0F3940305F11C000993FEF76AFFCB0975
:10B1B0004FEAD01A48464AEA416A1393FEF757FF0E
:10B1C000C0F3140709F10200FEF75BFFC0F354154A
:10B1D00009F10500FEF74BFFC0F3940309F10700E6
:10B1E0000A93FEF74EFFC0F3D41309F10A000B9344
:10B1F000FEF747FFC0F3141309F10D000C93FEF79F
:10B2000036FFC0F3540309F10F000D93FEF739FF29
:10B21000C0F3941309F112000E93FEF728FFC0F358
:10B22000D40309F115000F93FEF721FFC0F31403B7
:10B2300009F117001093FEF724FFC0F3541309F12E
:10B240001A001193FEF713FFC0F3940309F11C00D9
:10B250001293FEF716FFCB094FEAD019584649EA78
:10B2600041691493FEF703FF15900BF10200FEF7FE
:10B2700008FF18900BF10500FEF7F9FE17900BF18F
:10B280000700FEF7FEFE19900BF10A00FEF7F9FE2B
:10B290001A900BF10D00FEF7EAFE1B900BF10F0068
:10B2A000FEF7EFFE1C900BF11200FEF7E0FE1D9082
:10B2B0000BF11500FEF7DBFE1E900BF11700FEF7F9
:10B2C000E0FE1F900BF11A00FEF7D1FE20900BF16B
:10B2D0001C00FEF7D6FE159A8C468646C2F3140271
:10B2E000A8FB07108B18159340F100031693189BC9
:10B2F000A8FB0512C3F354135B18A6FB071042F119
:10B3000000025B18239342EB00032493179BC3F3C3
:10B3100094010A9BA8FB03238818A6FB051243F19E
:10B320000003401843EB0203A4FB0721821843EB00
:10B3300001031893199B1792C3F3D4110B9BA8FB1D
:10B34000032388180A9AA6FB021243F1000340184F
:10B3500043EB0203A4FB0512401843EB0203029ADD
:10B36000A2FB0721821843EB0103259226930C9A36
:10B370001A9BA8FB0212C3F314135B180B99A6FBCC
:10B38000010142F100021B1842EB01020A99A4FBE1
:10B3900001011B1842EB01020299A1FB05011B18D8
:10B3A00042EB01020399A1FB071013EB010B42EBE7
:10B3B000000319930D9A1B9BA8FB0212C3F35403BD
:10B3C0005B180C99A6FB010142F100021B1842EB2D
:10B3D00001020B99A4FB01011B1842EB0102029927
:10B3E0000A98A1FB00011B1842EB01020399A1FB83
:10B3F00005011B1842EB01020499A1FB07105B1821
:10B40000279342EB000328930E9A1C9BA8FB021281
:10B41000C3F394135B180D99A6FB010142F10002DE
:10B420001B1842EB01020C99A4FB01011B1842EB13
:10B4300001020B980299A1FB00011B1842EB0102CB
:10B440000A980399A1FB00011B1842EB0102049921
:10B45000A1FB05011B1842EB01020599A1FB071096
:10B460005B181A9342EB00031B930F9A1D9BA8FBDA
:10B470000212C3F3D4035B180E99A6FB010142F13B
:10B4800000021B1842EB01020D99A4FB01011B18DD
:10B4900042EB01020C980299A1FB00011B1842EB40
:10B4A00001020B980399A1FB00011B1842EB01025A
:10B4B0000A980499A1FB00011B1842EB01020599AF
:10B4C000A1FB05011B1842EB01020699A1FB071025
:10B4D0005B18299342EB00032A93109B1E99A8FB4B
:10B4E0000332C1F314015B180F99A6FB010142F16D
:10B4F00000021B1842EB01020E99A4FB01011B186C
:10B5000042EB01020D980299A1FB00011B1842EBCE
:10B5100001020C980399A1FB00011B1842EB0102E8
:10B520000B980499A1FB00011B1842EB01020A9839
:10B530000599A1FB00011B1842EB01020699A1FB32
:10B5400005011B1842EB01020799A1FB07105B18CC
:10B550001C9342EB00031D93119A1F9BA8FB021240
:10B56000C3F354135B181099A6FB010142F10002CA
:10B570001B1842EB01020F99A4FB01011B1842EBBF
:10B5800001020E980299A1FB00011B1842EB010277
:10B590000D980399A1FB00011B1842EB01020C98C6
:10B5A0000499A1FB00011B1842EB01020B980599BD
:10B5B000A1FB00011B1842EB01020A980699A1FBAE
:10B5C00000011B1842EB01020799A1FB05011B18A2
:10B5D00042EB01020899A1FB07105B182B9342EB89
:10B5E00000032C93129A209BA8FB0212C3F394032E
:10B5F0005B181199A6FB010142F100021B1842EBF6
:10B6000001021099A4FB01011B1842EB01020F98E3
:10B610000299A1FB00011B1842EB01020E9803994D
:10B62000A1FB00011B1842EB01020D980499A1FB3C
:10B6300000011B1842EB01020C980599A1FB0001C7
:10B640001B1842EB01020B980699A1FB00011B1885
:10B6500042EB01020A980799A1FB00011B1842EB7B
:10B6600001020899A1FB05011B1842EB010209998F
:10B67000A1FB07105B181E93149942EB00034FEADD
:10B68000DE1E1F934EEA4C6EA8FB092308FB013314
:10B6900012EB0E0E43EBDC12129BA6FB03311EEBEA
:10B6A000030342EB01021199A4FB01011B1842EBB9
:10B6B000010210980299A1FB00011B1842EB010244
:10B6C0000F980399A1FB00011B1842EB01020E9891
:10B6D0000499A1FB00011B1842EB01020D9805998A
:10B6E000A1FB00011B1842EB010206990C98DDF842
:10B6F0004CC0A1FB00011B1842EB01020B980799FB
:10B70000A1FB00011B1842EB01020A980899A1FB5A
:10B7100000011B1842EB01020999A1FB05011B184E
:10B7200042EB0102AAFB07011B1807FB0C1141EBBE
:10B73000020C14992D93A6FB093206FB01221299E3
:10B74000139EA4FB01011B1842EB01021198029900
:10B75000A1FB00011B1842EB010210980399A1FB09
:10B7600000011B1842EB01020F980499A1FB000194
:10B770001B1842EB01020E980599A1FB00011B1852
:10B7800042EB01020D980699A1FB00011B1842EB48
:10B7900001020C980799A1FB00011B1842EB010262
:10B7A0000B980899A1FB00011B1842EB0102DDE98F
:10B7B0000910A1FB00011B1842EB0102AAFB0501C5
:10B7C00005FB06111B18209341EB020314992193EA
:10B7D000A4FB093204FB0122029912980A9DA1FBE5
:10B7E00000011B1842EB010211980399A1FB000113
:10B7F0001B1842EB010210980499A1FB00011B18D1
:10B8000042EB01020F980599A1FB00011B1842EBC6
:10B8100001020E980699A1FB00011B1842EB0102E0
:10B820000D980799A1FB00011B1842EB01020C982F
:10B830000899A1FB00011B1842EB01020B98099922
:10B84000A1FB00011B1842EB01020A99AAFB0101AE
:10B8500005FB06111B182E9341EB02032F93029B4D
:10B8600014990298A3FB093200FB01220399129854
:10B87000A1FB00011B1842EB010211980499A1FBE6
:10B8800000011B1842EB010210980599A1FB000171
:10B890001B1842EB01020F980699A1FB00011B182F
:10B8A00042EB01020E980799A1FB00011B1842EB25
:10B8B000010208990D980B9DA1FB00011B1842EB9A
:10B8C00001020C980999A1FB00011B1842EB01022F
:10B8D0000B99AAFB010105FB06111B18029341EB12
:10B8E00002030A93039B149903980C9DA3FB09324E
:10B8F00000FB012204991298A1FB00011B1842EBE6
:10B90000010211980599A1FB00011B1842EB0102ED
:10B9100010980699A1FB00011B1842EB01020F9839
:10B920000799A1FB00011B1842EB01020E98089930
:10B93000A1FB00011B1842EB01020D980999A1FB24
:10B9400000011B1842EB01020C99AAFB010105FB47
:10B9500006111B18309341EB02033193049B149999
:10B960000498A3FB093200FB012205991298A1FB60
:10B9700000011B1842EB0102069911980D9DA1FBD5
:10B9800000011B1842EB010210980799A1FB00016E
:10B990001B1842EB01020F980899A1FB00011B182C
:10B9A00042EB01020E980999A1FB00011B1842EB22
:10B9B00001020D99AAFB010105FB06111B18039357
:10B9C00041EB02030493059B149905980E9DA3FB7C
:10B9D000093200FB012206991298A1FB00011B18F5
:10B9E00042EB010211980799A1FB00011B1842EBE1
:10B9F000010210980899A1FB00011B1842EB0102FB
:10BA00000F980999A1FB00011B1842EB01020E9946
:10BA1000AAFB010105FB06111B18329341EB02033F
:10BA20003393069B14990698A3FB093200FB01226D
:10BA300007991298A1FB00011B1842EB010208991B
:10BA400011980F9DA1FB00011B1842EB01021098F9
:10BA50000999A1FB00011B1842EB01020F99AAFBF7
:10BA6000010105FB06111B18059341EB0203069328
:10BA7000079B149A0798109DA3FB091300FB023340
:10BA8000089A1298A2FB0002091843EB02031198CE
:10BA9000099AA2FB0002091843EB0203109AAAFBC1
:10BAA0000202091805FB062242EB03033593089BAB
:10BAB000089834911499A3FB092300FB01330999D9
:10BAC0001298A1FB0001121843EB010334461199AF
:10BAD0002046119CAAFB0116521804FB006646EB97
:10BAE0000306099B099CA3FB0901149BDDE9127560
:10BAF00004FB0311129BAAFB0343001907FB053348
:10BB000041EB030336903793149B16980AFB03F31B
:10BB1000AAFB097E09FB053303EB0E01229115995F
:10BB2000239D11F5801140F100004C0D44EAC02422
:10BB300064190794249C4FEA515144EB6059159CB9
:10BB40004905611A23911699259C61EB0001169114
:10BB50001799189811F5801140F10005480D40EA39
:10BB6000C5200019269C4FEA515144EB6558179C9B
:10BB70004905611A17911899279C61EB05011891E5
:10BB800019991BF5801541F1000A690D41EACA2196
:10BB90000919289C4FEA555544EB6A546D050894E1
:10BBA000BBEB05042494199C64EB0A0419941A9CB9
:10BBB00014F580151B9C4FEA555B44F1000A299C43
:10BBC0004BEACA2B1BEB040409942A9C44EB6A54ED
:10BBD0000B946D0D1A9C6D05641B1A941B9C64EBF1
:10BBE0000A041B941C9C14F580151D9C4FEA555AA1
:10BBF00044F1000B2B9C4AEACB2A1AEB04040C9468
:10BC00002C9C44EB6B540D946D0D1C9C6D05641BBA
:10BC10001C941D9C64EB0B041D941E9C14F5801554
:10BC20001F9C4FEA555A44F1000B2D9C4AEACB2A3F
:10BC30001AEB04040E944FEA55551E9C4FEA4555E5
:10BC40004CEB6B5C641B1E941F9C64EB0B041F94F9
:10BC5000209C14F58015219C4FEA555A44F1000BA5
:10BC60002E9C4AEACB2A1AEB04040F942F9C44EB37
:10BC70006B5410946D0D209C6D05641B2094219CC9
:10BC800064EB0B042194029C14F580150A9C4FEA86
:10BC9000555A44F1000B309C4AEACB2A1AEB0404B3
:10BCA0001194319C44EB6B5412946D0D029C6D0504
:10BCB000641B02940A9C64EB0B042594039C14F50A
:10BCC0008015049C4FEA555A44F1000B329C4AEA15
:10BCD000CB2A1AEB04040A94339C44EB6B54139460
:10BCE0006D0D039C6D05641B0394049C64EB0B04B5
:10BCF0002694059C14F58015069C4FEA555A44F18C
:10BD0000000B349C4AEACB2A1AEB04040494359CB9
:10BD100044EB6B5414946D0D059C6D05641B0594E8
:10BD2000069C64EB0B0412F5801546F1000B06949B
:10BD30004FEA555A369C4AEACB2A1AEB040A4FEAD4
:10BD40005555379C4FEA455544EB6B54521B15949F
:10BD500066EB0B06279217F580124FEA525B4FEA0B
:10BD600052524FEA425243EB0E03BF1A229A179CDB
:10BD70004BEAC32B4FEA635E62EB03032293079BFC
:10BD800013F5801349F100055A0D42EAC522121934
:10BD90001792189A42EB655218925B0D079A5B0551
:10BDA000D31A289369EB0503299310F5801348F102
:10BDB0000004249D5A0D42EAC422521924924FEAEB
:10BDC0005353199A4FEA435342EB6452C31A1992E0
:10BDD0002A93089A68EB04032B9311F5801342F120
:10BDE00000001A9C5A0D42EAC02212191A924FEA18
:10BDF00053531B9A4FEA435342EB6052CB1A2C9396
:10BE0000089B1B9263EB00032D93099B0B9A1C98D4
:10BE100013F5801342F100015A0D42EAC1221218B3
:10BE20001C921D9A42EB61521D925B0D099A5B05B3
:10BE3000D31A2E930B9B0D9A1E9863EB01032F933D
:10BE40000C9B13F5801342F100015A0D42EAC12206
:10BE500012180B921F9A209842EB61521E925B0DB2
:10BE60000C9A5B05D31A0C930D9B63EB01030D93A6
:10BE70000E9B13F580124CF10003510D41EAC321D2
:10BE800011EB00092199029841EB63510891520D81
:10BE90000E9952058A1A6CEB030C0F9B099213F54D
:10BEA0008012109B4FEA525143F1000341EAC32133
:10BEB00009180E912599039841EB63511F91520D7A
:10BEC0000F9952058A1A0F92109A62EB030310938E
:10BED000119B13F58012129B4FEA525143F100035C
:10BEE00041EAC321091820912699059841EB635135
:10BEF0002191520D119952058A1A1192129A62EBF0
:10BF0000030312930A9B139A13F5801342F1000264
:10BF1000590D41EAC221091802910699279841EB6F
:10BF2000625105915B0D0A995B05CB1A2593139B12
:10BF300063EB02031393049B13F58011149B4FEAE8
:10BF4000515243F1000342EAC3221218039246EB16
:10BF500063520692490D049A099E4905521A0492A9
:10BF6000149A62EB0303159A07931AF5801342F1B2
:10BF700000015C0D229A44EAC124E4194FEA5353AC
:10BF800042EB61585B05159ABAEB030362EB0101C2
:10BF9000D34AABFB0250AF1902FB0E00D14E40EB6F
:10BFA0000C000A90DDF820C0ABFB065015EB090928
:10BFB00006FB0E0040EB0C0ADFF82CC30F9EABFB18
:10BFC0000C50AD190F95109D0E9A0CFB0E0040EB16
:10BFD00005001090C548CBF1000500FB0E5CABFBE3
:10BFE0000060B6181F9A0E96604440EB0202DFF81C
:10BFF00000C31492119AABFB0C60B2181192129A02
:10C00000BC4E0CFB0E0040EB02021292209A06FB83
:10C010000E55ABFB060682180892219ADFF8C8B2CB
:10C02000354445EB02020992AD4A1E9DA4FB026E07
:10C0300002FB08EE0B9AB6184EEB050EA94D0F9AAF
:10C04000A4FB050C05FB08CC0A9DC0194CEB050CA4
:10C05000A4FB0B7517EB09070BFB08550A97A34FB9
:10C06000DDF840B045EB0A0A654207FB0859CDF8F8
:10C070002CA0A4FB077ACA44DFF87492BF184AEBDD
:10C080000B0A4A46A4FB09B902FB08990E9A1BEB5E
:10C09000020B149A49EB0209CDF83890DFF854925C
:10C0A000119A09FB0855A4FB0948A2180F92129A8D
:10C0B0008C4C454445EB02021092894ADDF83480ED
:10C0C000A3FB025902FB01990C9AAD1849EB080930
:10C0D0002246A3FB0448A419834E02FB018848EBC7
:10C0E0000E083246A3FB06E61EEB000E02FB0166BD
:10C0F00046EB0C067D480D965E4200FB016CCDF8C8
:10C1000030E00A9AA3FB000EE644DDF82CC080184C
:10C110004EEB0C02DFF8D8C111926246A3FB0CEC87
:10C1200002FB01CC7246D7194CEB0A0CDFF8C4A114
:10C13000039A0AFB0166A3FB0A3113EB0B0E0E9B5D
:10C14000CDF828E00E4446EB03030B93644BDDF877
:10C1500018E0DFF894B1A2FB036A03FB0EAA1C9B54
:10C16000DDF874E05F4AF618039B4AEB0E0ADDF82F
:10C1700018E0A3FB021302FB0E334D1943EB090930
:10C18000039BA3FB0B130A190BFB0E3343EB080EA7
:10C19000039B0E92CDF848E0039ADDF818E053496E
:10C1A0005B4201FB0E34A2FB01180C9ADDF834E06F
:10C1B0008918A0444E4A039C48EB0E08DDF818E0AD
:10C1C000A4FB02B402FB0E44119A1BEB000B44EBE0
:10C1D000020E4848069C039A00FB0433A2FB002091
:10C1E000D219034443EB0C070C973D4B049F07986F
:10C1F0000692A7FB037203FB00222E9B0498394C86
:10C20000FF182F9BDDF81CC042EB0302A0FB04309B
:10C210009B1904FB0C00049EDFF8CCC00D9340EB8F
:10C220000A00DDF81CA00E9BA6FB0C6475190CFB24
:10C230000A4444EB0909049C2C4E1195654206FB07
:10C240000A5CCDF85090A146A4FB0646E418129B68
:10C25000DFF89CA0664446EB0306079BA9FB0A9CFB
:10C260000AFB03CC19EB01034CEB0808CDF848801E
:10C270002049DDF81C800E9301FB0855DDF8108085
:10C28000174BA8FB011C11EB0B08654445EB0E0E88
:10C29000CDF810E0DDF808E0CDF80C80DDF8148072
:10C2A000104DDDF814B0DFF840C0AEFB031E03FBF9
:10C2B00008EE1A9BDDF86C80C9184EEB080EDDF80D
:10C2C00008800D9BA8FB058918EB0708029F05FB5A
:10C2D0000B9949EB0209A7FB0C27D2180CE000BF11
:10C2E000132C0A00182D070067FB090053C6F0FF46
:10C2F000D11502008390F5FF0CFB0B77DDF808B039
:10C30000029D059B47EB0007DF48CBF1000B00FBCC
:10C3100003B3A5FB00C01844119B1CEB030C149B3A
:10C3200040EB030307935046A5FB0A35DDF814A044
:10C330001B1900FB0A5545EB0605D44E06FB0ABB4C
:10C34000DDF808A00E98AAFB0664361812985C4423
:10C3500044EB0004029411F580144EF1000B4FEAF7
:10C36000545A4AEACB2A640D1AEB08084FEA44549F
:10C3700049EB6B59091B0D916EEB0B010E9112F5F8
:10C38000801147F100044FEA515E0798DDF80CB0C8
:10C390004EEAC42E490D1EEB0C0C4FEA415140EB06
:10C3A0006450511A059167EB0401079113F5801150
:10C3B00045F100044A0D029F42EAC422490D921938
:10C3C0004FEA415147EB645E591A119165EB040144
:10C3D00012910399069D0C9F0F9E11F580130499ED
:10C3E00041F10004590D41EAC4215B0D49194FEA9E
:10C3F000435347EB6457BBEB030BCDF80CB0DDF8B0
:10C4000010B06BEB040BCDF810B0DDF828B01BF5C5
:10C410008014DDF82CB04FEA54534BF1000543EA89
:10C42000C523DDF840B09B194BEB655BCDF830B010
:10C43000640DDDF828B0259E6405BBEB040BCDF838
:10C4400028B0DDF82CB06BEB050BCDF82CB0DDF887
:10C4500020B01BF58015DDF824B04FEA55544BF1A0
:10C46000000A44EACA24A4190294DDF84CB0059CE1
:10C470004BEB6A566D0DDDF820B06D05BBEB050B7F
:10C48000CDF83CB0DDF824B06BEB0A0B18F5801545
:10C49000CDF824B04FEA555A49F1000B4AEACB2AAD
:10C4A0001AEB040ACDF840A0DDF81CA0119C4FEA5D
:10C4B00055554AEB6B5A6D05CDF84CA0B8EB050A03
:10C4C00069EB0B0B1CF5801540F100094FEA55583C
:10C4D00048EAC92818EB0408CDF84480DDF8488004
:10C4E000039C4FEA555548EB69586D05CDF84880D7
:10C4F000BCEB0508CDF8508060EB090812F5801000
:10C500004EF1000C450DCDF8548045EACC25DDF800
:10C5100010802D194FEA505048EB6C584005CDF86B
:10C520001880B2EB00080395CDF868806EEB0C081C
:10C5300011F5801547F100000A9CCDF86C806A0D5A
:10C54000DDF82C8042EAC0226D0D12194FEA4555E4
:10C5500048EB6058491B059167EB000108910C9965
:10C560000F9CCDF81C8013F5801741F10000790D68
:10C57000DDF82480049241EAC0217F0D09194FEAB9
:10C58000475748EB6055DB1B0C9F414A029C67EB09
:10C5900000002C9FDDF83890A4FB02C81CEB070CB0
:10C5A0002D9F3C4C02FB068848EB0708029FA7FB27
:10C5B000047E04FB06EE0D9C3F194EEB090ECDF8F0
:10C5C00028E0DDF80890DFF8D0E07446A9FB0E9E65
:10C5D00019EB0A0904FB06EE029CDFF8ACA0CDF8CB
:10C5E0002C904EEB0B0ECDF830E0C4F1000E0AFBA0
:10C5F00006E9A4FB0AABD944DDF840B01AEB0B0BFB
:10C60000DDF84CA049EB0A09CDF83490DDF808A01C
:10C61000DFF888904C46AAFB09A904FB0699149CF4
:10C620001AEB040A159C49EB0409184C04FB06EEAE
:10C630002646029CA4FB0646B644119EA419129EEF
:10C6400002944EEB06060996A1FB026402FB054428
:10C65000249AB618199A44EB02020E4C0E92224606
:10C66000A1FB044E14EB0C0402FB05EE4EEB080E8E
:10C67000DFF82480CDF83CE0A1FB08EC1EEB0707B7
:10C6800010970A9F0CE000BF53C6F0FF8390F5FFA0
:10C69000132C0A00182D070067FB0900D1150200B2
:10C6A000DFF850E308FB05CC4CEB07070A974F4235
:10C6B0000EFB057CA1FB0EE8C444DDF82C801EEBCC
:10C6C0000808DDF830E04CEB0E0EDFF82CC3CDF897
:10C6D0002CE06246A1FB0CEC1EEB0B0BDDF834E00A
:10C6E00002FB05CC4CEB0E0CCDF830C0DFF80CC3D0
:10C6F000C34A0CFB0577A1FB0C152F4411EB0A056F
:10C700000D9547EB0905A3FB027C02FB00CC2A9A9E
:10C71000BC4911952B9DDFF8F092DFF8D8A2BF1825
:10C720004CEB050CA3FB015EAD190E9E01FB00EE68
:10C730004EEB060EA3FB096132190E920F9A09FB0C
:10C74000001141EB02025C420AFB00460F92A3FB80
:10C750000A19109AB1440A9E891849EB0602A64E9E
:10C7600010923246A3FB06A61AEB0808DFF88CA24B
:10C77000914602FB00660B9A0AFB0044A3FB0A30B9
:10C7800046EB020613EB0B030A930C9B9C4ADFF863
:10C7900074B2044444EB03030B93049BA3FB024ACF
:10C7A000079B02FB03AA179B079AE418189B4AEB06
:10C7B000030A049BA3FB0B300BFB0200DB1940EBCD
:10C7C0000C07049A90488346A2FB00C0079A1CEB12
:10C7D00005050BFB02000C95049A40EB0E05129523
:10C7E0008448079DC2F1000C00FB05CEA2FB0005AA
:10C7F0000E9A80180F9A754445EB0205CE464A46BC
:10C80000DDF81090A9FB0EEBDDF81C9002FB09BBD4
:10C81000109A1EEB010E4BEB02097849DDF81CB0B3
:10C82000049A01FB0BCCA2FB01218C4412EB080102
:10C830004CEB0606724A0E96059E0791A6FB02C1B6
:10C84000089EDFF8C081DDF820B002FB0611289EAB
:10C85000299A1CEB060C059E41EB0201A6FB08265B
:10C8600008FB0B66121946EB0A04059EDFF898A137
:10C870000F92A6FB0A860AFB0B6618EB03031093C4
:10C8800046EB07031393059B059E0C9A5F42594B99
:10C8900003FB0B78A6FB03369B18129ADFF858B1FE
:10C8A0000C934644DDF8148046EB0206089AA8FB78
:10C8B0000BA80BFB02881AEB000248EB0505149548
:10C8C0004E48089D129200FB0577059D4C4AA5FB3A
:10C8D00000052F4410EB0E05049547EB090505955F
:10C8E000039D484FA5FB0209069D02FB0599239A6B
:10C8F000169D801849EB0509039DDDF818E0DDF869
:10C9000018800F9AA5FB07A51AEB0C0A07FB0E551A
:10C91000DFF8F4C0DDF80CE045EB0105AEFB0C1EC2
:10C920000CFB08EEDDF80C8089184EEB040EC8F104
:10C93000000C304CDDF8188004FB08C2DDF80C80D8
:10C940005B46A8FB0484DDF840B01444139A18EB4E
:10C950000B0844EB0204039A9B46A2FB0327069BA9
:10C960000BFB03770C9BD21847EB0607069B234E65
:10C9700006FB03CC039BA3FB06636344DDF848C0BE
:10C9800016EB0C0C149E43EB060310F58016039374
:10C9900049F1000B730D43EACB23760D13EB0A0329
:10C9A0004FEA465645EB6B55B0EB060A69EB0B09AF
:10C9B00011F580104EF10006CDF820904FEA505945
:10C9C00049EAC629400D19EB08084FEA405044EBEC
:10C9D0006654B1EB00096EEB060E12F5801147F1BB
:10C9E00000004E0DCDF83CE046EAC026DDF80CE034
:10C9F0000CE000BF53C6F0FFD11502008390F5FF95
:10CA0000132C0A00182D070067FB0900CDF83090A1
:10CA1000490D16EB0C064FEA41514EEB6059B2EB53
:10CA2000010ECDF840E067EB000ECDF848E0DDF8F0
:10CA300010E0079FCDF818A01EF58012DDF814E075
:10CA40004FEA52504EF1000140EAC120DDF838E0D3
:10CA5000C0194EEB615A520DDDF810E003905205FB
:10CA6000BEEB020ECDF81CE0DDF814E06EEB010E1B
:10CA7000CDF814E0DDF828E00D981EF58012DDF801
:10CA80002CE04FEA52514EF1000741EAC721DDF890
:10CA900044E009184EEB675ECDF810E0520DDDF86A
:10CAA00028E01A985205BEEB020ECDF828E0DDF81A
:10CAB0002CE06EEB070ECDF82CE0DDF808E01EF55B
:10CAC0008017DDF824E04FEA57524EF1000C42EA9D
:10CAD000CC221218DDF86CE002984FEA57574FEA63
:10CAE00047574EEB6C5EC01B0290099860EB0C0040
:10CAF00013F5801745F1000B09904FEA575C0C982D
:10CB00004CEACB2C1CEB00000C904FEA57570F98C7
:10CB10004FEA475740EB6B50DB1B65EB0B0B0E935B
:10CB200018F5801344F100070D905D0D109845EA4B
:10CB3000C7252818129D0F904FEA535345EB6755B0
:10CB40005B051095B8EB0305119564EB070516F529
:10CB50008013079812954FEA535449F10005DDF808
:10CB6000148044EAC52420184FEA535348EB655813
:10CB70005B05CDF81480B6EB03080790CDF84C8028
:10CB8000039B0A98DDF82C8069EB050513F58013EB
:10CB900014954FEA53544AF1000544EAC52420187D
:10CBA00015904FEA5353039848EB65585B05CDF851
:10CBB0002C80B0EB03086AEB05051695049DCDF8B3
:10CBC0000C8011F5801345F10004580D029D40EAD8
:10CBD000C4204019099D02904FEA535345EB645518
:10CBE0005B051795CD1A1895049D65EB040512F5A4
:10CBF00080114FEA51534FEA51514FEA41514EF1E2
:10CC000000000495551AE44AE449199543EAC02303
:10CC10004FEA6058A3FB026702FB0877069AE04CD4
:10CC20006EEB0005B618089ADE481A9547EB020726
:10CC30000E9DDDF834E0A3FB01C201FB08220C9934
:10CC40001CEB050CA3FB005942EB0B0200FB0899FF
:10CC50006D18C3F1000A04FB08A149EB0E09A3FB00
:10CC6000044E8E441199DFF840B30692641812996D
:10CC70000F9A4EEB010EA3FB0B018018109A0BFBD1
:10CC8000081141EB0201C94A02FB08AAA3FB028377
:10CC90005344DDF84CA0149A18EB0A084FEA565A90
:10CCA00043EB02034AEAC72A069A1AEB0C0AC6F3B8
:10CCB00014060A9642EB67524FEA5A5646EAC226D3
:10CCC000761949EB6252750D45EAC2252D194EEBD6
:10CCD00062526C0D44EAC2242018C5F3140541EBDE
:10CCE00062510995450D45EAC12515EB080543EB51
:10CCF0006152C0F3140C079BCDF820C06C0DDDF819
:10CD000014C044EAC224E4184CEB6252039B600D49
:10CD1000C5F3140B40EAC220169DC01845EB6252C1
:10CD2000159BC4F31405410D079541EAC2210B9DE3
:10CD3000C91845EB6252189BC0F31405480D0695BF
:10CD400040EAC220049DC01845EB6252029BC1F329
:10CD50001405410D059541EAC221179DC91845EBFF
:10CD600062524B0DC0F314051998049543EAC2238F
:10CD70001A9D1B1845EB6252C1F314050395580D1B
:10CD8000C3F31405844B029540EAC220A0FB034C78
:10CD9000521503FB02CC0A9BE418804BCAF314071C
:10CDA000A0FB03E14CF1000C03FB02111EEB070E8C
:10CDB00041F100030A937B4B0999A0FB037903FB24
:10CDC0000299774B4542C6F31406BF1903FB025A7A
:10CDD000A0FB033649F100095B1873494AEB060AC8
:10CDE000A0FB016801FB0288089976186F4901FBD6
:10CDF0000255A0FB010248F1000810EB0B0045EBC7
:10CE00000205620D0A9942EACC2212EB0E0241EBB6
:10CE10006C514FEA525C4CEAC12C1CEB070C49EBFD
:10CE200061514FEA5C5747EAC127FF184AEB61514D
:10CE30007B0D43EAC1239B1948EB61515E0D46EA25
:10CE4000C126361845EB6151700D079DDDF8148041
:10CE5000DDF81090DDF80CA040EAC12040194FEA3F
:10CE6000615141F10001450D4FEA615E45EAC1257E
:10CE700006996D184EF100014FEA555E4EEAC12E3B
:10CE80001EEB08084FEA615141F100014FEA585E7C
:10CE90004EEAC12E1EEB09094FEA615141F1000132
:10CEA0004FEA595E4EEAC12E1EEB0A0A4FEA615163
:10CEB000C9F3140E41F100014FEA5A5949EAC12958
:10CEC000029919EB01090199C4F314040C70DDF8FF
:10CED00004B0C2F31402210A8BF80110510141EA97
:10CEE00014418BF80210D108CCF3140C8BF803100A
:10CEF000D10A8BF804104FEA8C0141EAD242C7F301
:10CF000014078BF805204FEA9C128BF80620FA01D3
:10CF100042EA9C328BF807207A08C3F314038BF89B
:10CF200008207A0A8BF809201A0142EA57428BF846
:10CF30000A201A09C6F314068BF80B201A0B8BF87B
:10CF40000C20B21942EA1353C0F314008BF80D30D1
:10CF5000F3098BF80E30830143EAD6338BF80F3098
:10CF60008308C5F314058BF81030830A8BF8113051
:10CF7000EB0043EA9043C8F314088BF812306B09B6
:10CF80008BF813304FEA18238BF816304FEA4E1304
:10CF900043EA18430CE000BF132C0A00182D0700C9
:10CFA00053C6F0FF67FB0900D11502008390F5FF1F
:10CFB0008BF817304FEADE03CAF3140A8BF81830E7
:10CFC0004FEADE238BF819304FEA8A0343EADE4347
:10CFD0008BF81A304FEA9A138BF81B304FEAC91EB0
:10CFE0004FEA59036D0B4EEA9A3E8BF81D304FEA1B
:10CFF00059234FEA59498BF814508BF815808BF858
:10D000001CE08BF81E308BF81F9039B0BDE8F08F14
:10D01000B0F85431B0F85021981A00F03F00704732
:10D02000B0F85431B0F850219BB293421ABFD0F8F7
:10D030004831985C4FF0FF30704790F85231B0F8AB
:10D040005601C0B2834227BFC3F13F03C018C01AC4
:10D0500000F1FF30704707B503688DF807105B6873
:10D0600001220DF10701984703B05DF804FB13B5E9
:10D070000DF107010446E9F7EDFC90B9B4F8C030B2
:10D08000B4F8BC20013303F03F03934209D0B4F855
:10D09000C020D4F8B4109DF8070092B28854A4F8C8
:10D0A000C03002B010BD0000B0F8C220D0F8C410EB
:10D0B00011FA82F202F03F0210B5A0F8C220B0F8D7
:10D0C000C210B0F8BE2089B28A421BD0B0F8C2406C
:10D0D000B0F8C210A4B24032121B544289B204F01C
:10D0E0003F0402F03F02C1F1400158BF62428A4250
:10D0F00028BF0A46C0F8C4200349E9F7E7FC4FF00F
:10D10000FF3010BD0020FCE7A9D0010803682DE91D
:10D11000F0479B68044688461646984701232374C7
:10D12000D4F83831B4F8529101338246C9F140093C
:10D1300004F1940708D194F85C312BB1002384F8F2
:10D140005C313846E9F7E4FC236820469B68984741
:10D150000028F9D035464D4523D8554521D8B4F897
:10D160005221D4F84C015319402B10442FD82A4691
:10D17000414603F0D4FEA946B4F852311D4405F0EF
:10D180003F05A4F852513846E9F7F0FB30B917498A
:10D19000C4F858914A463846E9F798FC3046BDE84D
:10D1A000F087D145236828BFD1464A4641465B688F
:10D1B00020469847236820469B689847A5EB0905B9
:10D1C000C844B4F852918246C9F14009C3E7C2F19C
:10D1D00040094A46414603F0A2FED4F84C01A5EBB3
:10D1E000090208EB090103F09AFEC5E7A9D001087E
:10D1F000C0F83C31009BC0F84031914208BF4FF06D
:10D20000FF3100F11103C0E94D21C0F8483100F1B0
:10D2100051020023A0F85431C0E95323A0F856313D
:10D2200070470000F7B54FF47A7317460022C0E943
:10D2300001231C4B03604FF0FF33C0F838311A4B09
:10D240001A4E04469C42B06D0D4605D1F36DC4F8EC
:10D250003831C4F834010AE01549E9F72FF885425E
:10D2600015D1F36DC4F83831B36DC4F83431012FE2
:10D270004FF0FF3308BFC4F8383100932046D4E99B
:10D280004D214FF0FF33FFF7B3FF03B0F0BD094965
:10D290002846E9F724F80649C4F838012846E9F792
:10D2A0001EF8D6E7F4B802083C750020C021020839
:10D2B000501F0208FC1E0208037C70B504460D4690
:10D2C000A3B1E4F78FF80646B4F85221B4F856310A
:10D2D0009BB29A420AD0002DF8D0E4F783F8801B65
:10D2E0008542F1D8B4F85631A4F8523170BD00210E
:10D2F000FFF7E2BFD0F83831013310B504460ED144
:10D300000368DB68984794F85C3143B9012384F8DB
:10D310005C3104F19400BDE81040E9F709BC10BD90
:10D3200002F00703023BDBB2042B73B50546C0F8DD
:10D33000601180F85D219CBF1548C45C02F0300389
:10D3400088BF0024302B1BD101344FF4C063073C4D
:10D35000022C1CD8C2F3C002520300920D4A05F100
:10D36000940652F824203046E9F7CAFA2846FFF717
:10D37000C1FF0949304602B0BDE87040E9F786BBFD
:10D3800012F020031CBF01344FF48063DFE7FEE797
:10D39000E4B80208D8B802086FD0010810B50446F6
:10D3A000FFF7A8FFB4F85421B4F8503192B29A4272
:10D3B0001FBFD4F84821D05C013303F03F0314BFF2
:10D3C000A4F850314FF0FF3010BD0000024903486F
:10D3D0000022FFF727BF00BF008000403C750020FF
:10D3E00070B505460C46084649B1E3F701FF2B68C6
:10D3F0000246214628465B68BDE87040184770BD6C
:10D4000008B5FFF7EDFF08BD03681B68184700006B
:10D4100008B50249FFF7E4FF08BD00BF18B90208CC
:10D4200038B50546FFF7DCFF04462846FFF7F0FF56
:10D43000204438BDFFF7F4BF70B50D46144630B137
:10D44000461E012E05D811462846E9F7A1FA2046C6
:10D4500070BD03685B689847F9E70EB403B503AA8B
:10D4600052F8041B019203F0A7FB02B05DF804EB35
:10D4700003B0704730B58BB00023012A0C468DF8FD
:10D48000243098BF0A2209A92546B4FBF2F404FB14
:10D49000125303F0FF03092B94BF30333733DBB251
:10D4A000AA4201F8013DEFD9FFF79AFF0BB030BD5A
:10D4B0002DE9F04107460E4614462AB90368BDE837
:10D4C000F0411B68C9B218470A2A05D1002905DBBB
:10D4D000BDE8F041FFF7CEBFD2B2F9E72D21FFF74B
:10D4E00093FF2246054671423846FFF7C3FF2844A2
:10D4F000BDE8F08138B50546FFF7DAFF0446284657
:10D50000FFF786FF204438BD10B5044600F0AAFBA3
:10D51000E060236820465B699847002808DA00F03D
:10D52000A1FBE368C01AA3689842F2D34FF0FF3022
:10D5300010BDF8B507460D468E180C46B44201D111
:10D54000601BF8BD3846FFF7DFFF031EF8DB04F869
:10D55000013BF3E72DE9F0410746884616461D4694
:10D5600073B100243846FFF7CFFF031E05DB4345A8
:10D5700003D033550134A542F4D12046BDE8F081F3
:10D580001C46FAE7114803681A0912F00C0F10B58F
:10D5900019D10F4902F00F0251F822209AB14168C7
:10D5A0000C4C03F00F03002954F823300CD0C4BFF7
:10D5B00001F1FF314160516901EA030023EA0103EF
:10D5C00043EA0043936110BD9362FCE74C010020E5
:10D5D00008000020282302082DE9FF41364D2A28A3
:10D5E0002B680E4614461FD8344A52F8207043B9AF
:10D5F000B420E8F76AF932498046E8F7CDF8C5F873
:10D600000080781C1DD02F4B1A68511C01D0BA42E3
:10D6100017D1B6F5803F14D20EBB286888B104B08C
:10D62000BDE8F041E7F76ABE00F0C002C02A0BD0A7
:10D630003BB9B420E8F749F921490446E8F7ACF8CA
:10D640002C6004B0BDE8F081CB28F1D81E4A00F070
:10D650003F0052F82010194A52F82170C7E77600AF
:10D660001F6034B374434FF47A72B4FBF2F40121B7
:10D6700038465C60E8F77CFD286802223146E8F70E
:10D6800029F800230193114B0093114B0393286851
:10D69000104B02936946E8F7C7F8029B1BB1694635
:10D6A000032208469847286804B0BDE8F041E7F730
:10D6B00012BF4FF0FF34DAE7A0760020C021020845
:10D6C000004401404C0100209021020885D501084A
:10D6D000895E0008695E00082A2838B523D81B4BEC
:10D6E00053F820305A1C1DD0194D2A689A4219D17E
:10D6F000184C2068B0B129B3E8F712F82868431C29
:10D7000005D00021E8F734FD4FF0FF332B6025688A
:10D7100035B12846E7F746FFB4212846E8F7D9F89F
:10D720000023236038BD00F0C003C02BFAD1CB2802
:10D73000F8D8094B00F03F0053F82020034B53F872
:10D740002230CFE7BDE83840E7F7D8BDC021020856
:10D750004C010020A076002090210208C3B22A2BA1
:10D7600016D8144A52F8233000F4E06003431A0933
:10D7700012F00C0F1DD1104902F00F0251F82200D7
:10D78000B8B103F00F030121994089B2E8F784BBD7
:10D7900000F0C002C02A0CD1CB2B0AD8074B00F0F6
:10D7A0003F0200F4E06053F82220024B53F822308D
:10D7B000DCE77047C0210208080000209021020821
:10D7C000F0B5C3B22A2B85B00F46154628D8214A9A
:10D7D00052F8233000F4E0641C43C4F30310E8F76C
:10D7E00087F80646D0B1022D2ED0032D2FD0002D64
:10D7F0000CBF4FF404154FF4881539466846E7F717
:10D80000E0FF04F00F040121A14030462B466A4698
:10D8100089B2E8F7BBFB6846E7F767FD05B0F0BDE6
:10D8200000F0C002C02A0CD1CB2B0AD80A4B00F062
:10D830003F0200F4E06453F82220064B53F82230F4
:10D84000CAE74FF0FF34C8E74FF44415D5E74FF46B
:10D850000415D2E7C02102089021020808B102F0A5
:10D8600037BF704710B5044628B102F05FFF90FB48
:10D87000F4F303FB1404204610BD884210B504469F
:10D8800003DA081AFFF7EEFF0444204610BD704784
:10D8900008B50320E4F7D4F9BDE8084000F002BA67
:10D8A00008B5AFF30080ECF7C7FEECF7F5FE00F02B
:10D8B000EBF9FAE7C1B20B2910B5024611D81948A5
:10D8C00050F8211002F4E0630B43C9B22A2912D8A0
:10D8D000154850F8210003F4E0631843431C10D0AE
:10D8E00010BD00F0C003C02B0BD1CB2909D80D48C7
:10D8F00002F03F01E4E703F0C004C02C01D1CB29C2
:10D9000008D9A2F1CC03022B94BF02F635704FF078
:10D91000FF30E5E703F03F0150F82100024951F8DC
:10D920002000D8E790210208C02102080D48854652
:10D93000E8F7F6FC0C480D490D4A002302E0D458E4
:10D94000C4500433C4188C42F9D30A4A0A4C002349
:10D9500001E013600432A242FBD303F0B1FAFFF7F7
:10D960009FFFFEE70000012000000020D4010020FE
:10D9700078BB0208D801002010790020FEE7914210
:10D980000FD008D9891A01238B40984208D301305F
:10D99000C8400138704720B10130521A9040F8E772
:10D9A0000020704710B5FFF785FF431C0AD0064CD6
:10D9B0002168E8F753F8054B21681A68BDE8104064
:10D9C000FFF7DDBF002010BD5401002058010020EA
:10D9D000C3B22A2B2DE9F0410D462AD82C4A52F821
:10D9E000233000F4E0641C43621C4ED0294EC4F383
:10D9F000031704F00F0856F8273023FA08F3DB0763
:10DA000010D525492046E8F7A4FB18B32046E7F7D0
:10DA1000D5FF56F82730012202FA08F223EA020362
:10DA200046F82730052D1FD8DFE805F01F2B2527E6
:10DA3000292D00F0C002C02A27D1CB2B25D8174BA7
:10DA400000F03F0200F4E06453F82220104B53F83A
:10DA50002230C8E712492046E8F77BFB0028D8D0DF
:10DA60002046E8F7F7F8D4E7FEE700212046BDE8B6
:10DA7000F041E8F77DBB1021F8E72021F6E703210C
:10DA8000F4E70121F2E70921F0E7BDE8F08100BFEA
:10DA9000C0210208A4760020DC20020890210208A0
:10DAA000A41F0208C3B22A2B1BD8174A52F82330EE
:10DAB00000F4E0601843431C25D0030913F00C0F59
:10DAC00004BF124A03F00F0300F00F0008BF52F822
:10DAD00023300F4A18BF002352F8202091B19A61D9
:10DAE000704700F0C002C02A0DD1CB2B0BD8094BD8
:10DAF00000F03F0200F4E06053F82220024B53F89C
:10DB00002230D7E79A627047C0210208080000203F
:10DB10002823020890210208C3B22A2B1BD8194AD5
:10DB200052F8233000F4E0601843431C24D003096A
:10DB300013F00C0F22D103F00F03134A00F00F0073
:10DB400052F82320114B126953F8203093430CBF35
:10DB500001200020704700F0C002C02A0CD1CB2B5E
:10DB60000AD80B4B00F03F0200F4E06053F822208B
:10DB7000044B53F82230D7E70020704700231B697D
:10DB8000FFDE00BFC0210208080000202823020891
:10DB9000902102082DE9F843C3B22A2B0C46154602
:10DBA00010D82D4A52F8233000F4E06018430009E1
:10DBB00003F00F03012610F00C0F06FA03F612D043
:10DBC000002715E000F0C002C02A2BD1CB2B29D8AA
:10DBD000224B00F03F0200F4E06053F822201E4B7D
:10DBE00053F82230E2E71E4B00F00F0053F820708C
:10DBF000002C18BF344600F037F880463B693340AC
:10DC0000A34212D03B693340A34217D100F02CF855
:10DC100081463B693340A34217D000F025F8A0EBC2
:10DC2000090009E04FF40046CAE700F01DF8A0EB38
:10DC30000800A842E2D90020BDE8F88300F014F8FB
:10DC4000A0EB0800A842DDD9F5E700F00DF8A0EB45
:10DC50000800A842DDD9EEE7C021020890210208A1
:10DC600008000020E8F748B8E8F722B838B50446BD
:10DC700048B1E8F741F80546FFF709FEE8F73CF838
:10DC8000431BA342F8D338BD08B5044B2BB104485D
:10DC9000FFF7BEF908B1AFF3008008BD0000000037
:10DCA0003C750020E8F7CEB8430803F05533C01A9E
:10DCB000830803F0333300F03330184400EB1010C6
:10DCC00000F00F3000EB002000EB0040000E70472A
:10DCD0002DE9F047089D0C46002B4ED194468C450B
:10DCE0008646B2FA82F262D94AB1C2F1200391406B
:10DCF00020FA03F30CFA02FC194300FA02FE4FEA81
:10DD00001C471FFA8CF6B1FBF7F44FEA1E4307FBE2
:10DD1000141143EA014304FB06F199420AD91CEBB2
:10DD2000030304F1FF3080F01281994240F20F8129
:10DD3000023C6344591A1FFA8EF3B1FBF7F007FB5C
:10DD4000101143EA014300FB06F69E420AD91CEB80
:10DD5000030300F1FF3180F0FC809E4240F2F98025
:10DD6000634402389B1B40EA044000211DB1D340AC
:10DD70000022C5E90032BDE8F0878B4205D90DB11C
:10DD8000C5E9000100210846F5E7B3FA83F100294F
:10DD900046D1A34202D39042C0F0F080861A64EBD1
:10DDA00003030120002DE6D0C5E90063E3E7002A64
:10DDB00040F09080A1EB0C044FEA1C481FFA8CF74E
:10DDC0000121B4FBF8F64FEA1E4308FB164443EA70
:10DDD000044307FB06F0984208D91CEB030306F145
:10DDE000FF3402D2984200F2CD8026461C1A1FFA58
:10DDF0008EF3B4FBF8F008FB104443EA044300FB45
:10DE000007F79F4208D91CEB030300F1FF3402D24D
:10DE10009F4200F2B0802046DB1B40EA0640A5E7A7
:10DE2000C1F120068B4022FA06F71F4320FA06FCB8
:10DE300004FA01F343EA0C03F44000FA01F8380C49
:10DE40004FEA1349B4FBF0FE1FFA87FC00FB1E44A7
:10DE500049EA04440EFB0CF9A14502FA01F20AD981
:10DE60003C190EF1FF3A80F08480A14540F2818098
:10DE7000AEF1020E3C44A4EB09041FFA83F9B4FB93
:10DE8000F0F300FB134449EA044403FB0CFCA445F3
:10DE900007D93C1903F1FF3067D2A44565D9023B8D
:10DEA0003C4443EA0E40A0FB0293A4EB0C049C42CA
:10DEB000CE469C4651D34ED055B1B8EB0E0364EB21
:10DEC0000C0404FA06F6CB401E43CC40C5E90064BE
:10DED000002150E7C2F1200320FA03F10CFA02FC02
:10DEE00024FA03F394400C434FEA1C4800FA02FE64
:10DEF0001FFA8CF7B3FBF8F008FB1031230C43EA50
:10DF0000014300FB07F1994208D91CEB030300F120
:10DF1000FF362CD299422AD9023863445B1AA4B244
:10DF2000B3FBF8F108FB113344EA034401FB07F3A8
:10DF3000A34208D91CEB040401F1FF3613D2A3421B
:10DF400011D902396444E41A41EA004139E7044630
:10DF5000F0E6084606E7C845AED2B9EB020E63EB21
:10DF6000070C0138A8E73146EDE7034699E730464C
:10DF7000D4E7D6467FE7634402384DE7064623469A
:10DF800008460FE7023E634430E700BF08B502F0E1
:10DF9000D5FA00002DE9F0411C46454B836701236B
:10DFA0001646A0F87C300D4668220021DDF8188066
:10DFB000074602F064FEF3B22A2B28D83D4A52F8F5
:10DFC000233006F4E0661E43EBB22A2BBE6632D83D
:10DFD000384A52F8233005F4E0651D43E3B22A2B9A
:10DFE000FD663CD8334A52F8233004F4E0641C4305
:10DFF0005FFA88F22A2A3C6745D82E4951F8222038
:10E0000008F4E06313437B673846BDE8F08106F00F
:10E01000C002C02A0CD1CB2B0AD8274B06F03F02F6
:10E0200006F4E06653F82220224B53F82230CAE768
:10E030004FF0FF36C8E705F0C002C02A0CD1CB2B49
:10E040000AD81D4B05F03F0205F4E06553F8222085
:10E05000184B53F82230C0E74FF0FF35BEE704F00D
:10E06000C002C02A0CD1CB2B0AD8134B04F03F02BC
:10E0700004F4E06453F822200E4B53F82230B6E744
:10E080004FF0FF34B4E708F0C003C02B0CD1CB2A0B
:10E090000AD8094B08F03F0253F82210054A08F449
:10E0A000E06352F82120ADE74FF0FF33ABE700BF4C
:10E0B00000093D00C021020890210208002210B48E
:10E0C000054910BC80F85D200123816780F87C3011
:10E0D00080F87D2000F078B800093D0017B46B4649
:10E0E00083E80600816F009A9142044605D1B0F89A
:10E0F0007C10BDF8042091420ED000989B88A06748
:10E10000A4F87C3094F87C3094F87D20A16F2046F0
:10E1100003B010BC00F058B803B010BC7047704793
:10E1200000F08CB907B5002A8DF807100DF1070132
:10E130004FF001030CBF0A46002200F0C1F99DF820
:10E14000070003B05DF804FB07B52B2300930622FC
:10E15000012307210248FFF71DFF03B05DF804FB10
:10E16000B476002030B591FAA1F391FAA1F1B3FA97
:10E1700083F3C4685B000325B1FA81F105FA03F368
:10E18000490024EA03038A401A43C26030BD0000FC
:10E19000094A0346106873B1084A934201D1E5F772
:10E1A000E1BB074A934201D1E5F7CCBB054A934254
:10E1B00001D1E5F7B5BB70474000002000300140B9
:10E1C00000380040000001582DE9F04F0E4685B0A0
:10E1D00015461F460446002838D0626E8E4BC06E2E
:10E1E0009A4236D08D49E8F769F88D498146A06E8C
:10E1F000E8F764F88B498346206FE8F75FF88A49AF
:10E200008046606FE8F75AF88246B9F1000F1DD0DA
:10E21000BBF1000F1AD0B8F1000F17D0594648468D
:10E22000E8F773F8514681464046E8F76EF8014634
:10E2300080464846E8F769F86066B9F1000F05D0F6
:10E24000B8F1000F02D0002840F0A18005B0BDE871
:10E25000F08F0130FAD1A36E0133F7D1236F013370
:10E26000F4D1636F0133F1D14FF40073606EA36199
:10E270004FF4827320606360FFF78AFFB6EB500FA4
:10E2800080F08C80B6EB900F80F08A80B6EBD00FD8
:10E2900080F08880B6EB101F80F08680B6EB501FB0
:10E2A00080F08480B6EB901F80F08280B6EBD01FA8
:10E2B0002CBF30233823E361002D7BD0022D7BD08F
:10E2C000013D18BF01256D000123C4E90453072354
:10E2D000E3624FF4E0632268E360B7FA87F74E4BDE
:10E2E0007F090026FF019A42C4E90876A660A6626B
:10E2F00066632CD04949E06EE7F7C8FF4849A06E35
:10E30000E7F7C4FF206F4749E7F7C0FF2369B3422F
:10E31000236F4FEA131114BF0122022211F00C0FD8
:10E3200004BF424801F00F0103F00F0308BF50F88B
:10E3300021003F4918BF3046022A51F8231018BF68
:10E340000122FFF70FFF3849606FE7F79FFF23684F
:10E35000384A934232D14FF0B0431A6E42F48052A1
:10E360001A661A6E02F480520192019A1A6C42F4F3
:10E3700080521A641A6C22F480521A642046E5F71F
:10E3800024FB2268136843F0400313605EE7636F69
:10E3900001333FF469AF4FF4802367E700238AE736
:10E3A000082388E7102386E7182384E7202382E7E1
:10E3B000282380E72B4688E7002386E71E4A9342FE
:10E3C00013D14FF0B0439A6D42F480429A659A6D32
:10E3D00002F480420292029A9A6B42F480429A635B
:10E3E0009A6B22F480429A63C8E70B4A9342C5D1E4
:10E3F0004FF0B0435A6E42F001025A665A6E02F074
:10E4000001020392039A5A6C42F001025A645A6C58
:10E4100022F001025A64B1E700000158F41D02081D
:10E42000941D0208281D0208C81C020808000020CC
:10E4300028230208003001400038004010B504468F
:10E4400098B1E5F730FB23681A4A93420ED14FF09A
:10E45000B0431A6C42F480521A641A6C22F480524F
:10E460001A641A6E22F480521A6610BD124A934240
:10E470000ED14FF0B0439A6B42F480429A639A6B8C
:10E4800022F480429A639A6D22F480429A65ECE706
:10E490000A4A9342E9D14FF0B0435A6C42F001026C
:10E4A0005A645A6C22F001025A645A6E22F0010238
:10E4B0005A66DAE700300140003800400000015899
:10E4C0002DE9F0410D4616461C4633B30768E2F7C6
:10E4D00089FF8046BB689907FCD5D5B115F8013B8B
:10E4E0003B73BB68DA07FCD53B7B0EB106F8013BFA
:10E4F000E2F778FFA0EB0800B0F57A7F04F1FF3473
:10E5000009D2002CE6D12046BB681B06FCD4BDE82E
:10E51000F081FF23E4E70120F6E70220F7E7D0F8D7
:10E5200088301BB1D0F88C3080301847704700001D
:10E530000148FFF7F4BF00BF3477002070B586B004
:10E54000002302AC02930593C4E901338B680546AE
:10E550000E4633B1022220469847F3680593B3680C
:10E56000049394E803006A4605F1800382E80300FF
:10E5700093E8030084E8030092E8030083E80300C3
:10E58000049BD5F88820C5F88830059B0492204666
:10E59000D5F88C20C5F88C300592E6F7A6FE32201F
:10E5A000E3F7D8FB322006B0BDE87040E3F78CBB40
:10E5B00010B504463220E3F795FBD4F888303BB120
:10E5C00004F180010322084698470023C4E922335E
:10E5D00010BDD0F88800003818BF012070473220E5
:10E5E000E3F772BB3220E3F77DBB3220E3F7B2BB27
:10E5F00008B53220E3F79CFB003818BF012008BDA6
:10E60000054BD3F8902021B122F40042C3F89020AA
:10E61000704742F40042F9E700040058034BD3F876
:10E62000900080F40040C0F3C030704700040058F0
:10E630004FF0B043D3F8942021B142F40042C3F824
:10E640009420704722F40042F9E74FF0B043D3F82A
:10E650009400C0F3C0307047024B5869C0F34000CB
:10E66000704700BF0004005813B5094C4FF0FF334A
:10E6700000931A4619462046FFF78CFC054B63664B
:10E680000023C4E92033C4E9223302B010BD00BF27
:10E69000347700200000015808B50248E6F725FE4F
:10E6A00008BD00BFB4770020F8B504460D4600F061
:10E6B0008BF9224606460F462B4620462946E2F7AE
:10E6C00095F998B90022002320462946E2F784F9FB
:10E6D00060B90022002320462946E2F755F940B1EF
:10E6E00002F0E8FB084F222303600026304639463B
:10E6F000F8BD02F0DFFB034621221A600348BDE8A3
:10E70000F84000F0CDB800BF0000F0FF1CB90208CF
:10E710002DE9F84314461D468046894600F020FB4B
:10E72000224606460F462B4620462946E2F75EF96A
:10E7300078B90022002340464946E2F725F9D8B1CE
:10E740000022002320462946E2F71EF928B1264F71
:10E75000002630463946BDE8F8832046294600F0B9
:10E7600099F80028F5D02046294600220023E2F738
:10E7700015F90028EDD02CE03046394600F08AF833
:10E78000A0B10022002330463946E2F7FDF8002808
:10E79000DFD04046494600F07DF80028D9D0204619
:10E7A000294600F077F80028D3D012E040464946C9
:10E7B00000F070F80028E4D02046294600F06AF8FE
:10E7C0000028DED032463B4630463946E2F70EF9A5
:10E7D00020B902F06FFB22230360BAE702F06AFB64
:10E7E00021230360B5E700BF0000F03F70B50C4681
:10E7F000064601F061F8214605462046E2F778FC1E
:10E8000058B900213046E2F741FCA0B10021204672
:10E81000E2F73CFC18B14FF07E55284670BD20460B
:10E8200000F044F80028F8D000212046E2F738FC38
:10E830000028F2D023E0284600F038F880B100210B
:10E840002846E2F723FC0028E7D0304600F02EF8F7
:10E850000028E2D0204600F029F80028DDD00EE0A4
:10E86000304600F023F80028E9D0204600F01EF8DA
:10E870000028E4D029462846E2F73AFC20B902F005
:10E8800019FB22230360C8E702F014FB2123036075
:10E89000C3E700BF41F0004000F58010C00F704793
:10E8A00001490020704700BF0000F87F20F00040C1
:10E8B000B0F1FF4FACBF0020012070472DE9F041BF
:10E8C000C0F3C7557F3D162D044620F0004724DCD9
:10E8D000002D804614DB184F2F4138421AD01749BB
:10E8E000E2F738F90021E2F7F9FB98B1002C03DDDB
:10E8F0004FF400032B41984428EA0700BDE8F0815B
:10E900000E49E2F727F90021E2F7E8FB10B1002CED
:10E910000EDB57B92046BDE8F081B7F1FF4FF9D3C0
:10E920000146E2F717F9BDE8F0814FF07E50F2E7BB
:10E930004FF00040EFE700BFFFFF7F00CAF24971D0
:10E940002DE9F041C0F3C7557F3D162D044620F058
:10E95000004725DC002D804614DB184F2F4138423C
:10E960001BD01749E2F7F6F80021E2F7B7FBA0B198
:10E97000002C03DA4FF400032B41984428EA0700E7
:10E98000BDE8F0810E49E2F7E5F80021E2F7A6FBC9
:10E9900018B1002C0CDB002000E02046BDE8F0811F
:10E9A000B7F1FF4FF9D30146E2F7D4F8BDE8F081A3
:10E9B00017B94FF00040F1E70248EFE7FFFF7F0093
:10E9C000CAF24971000080BF2DE9F04FB1F5801FF8
:10E9D00087B002460B460D4680F2828021F000444B
:10E9E000044300F020810029C0F26081D64B002250
:10E9F000E1F762FD0D460B46D4498D4202466FF0A9
:10EA0000350072DC2C15C5F3130505F51521A4F2AC
:10EA1000FF3401F66471044401F4801104EB1154D5
:10EA200081F07F5181F4401141EA050310461946F7
:10EA30000022C74BE1F788FBAB1CC3F31303022B87
:10EA400082468B4658DC00220023E1F79DFF002818
:10EA500040F0F280A8A3D3E9002350465946E1F7DD
:10EA60002BFD02460B460020BA49E1F76DFB5246EA
:10EA700006460F465B4650465946E1F71DFD0246E5
:10EA80000B4630463946E1F717FD06460F46002C87
:10EA900000F003812046E1F7A5FC99A3D3E9002308
:10EAA00080468946E1F708FD97A3D3E90023044691
:10EAB0000D4640464946E1F7FFFC02460B4630460C
:10EAC0003946E1F741FB52465B46E1F73DFB024622
:10EAD0000B4620462946E1F737FB07B0BDE8F08F2B
:10EAE0009A498D424FF000008CDD10461946E1F73F
:10EAF0002DFB07B0BDE8F08F00224FF08043E1F717
:10EB000025FB02460B4650465946E1F7FFFD0646F7
:10EB100020460F46E1F766FC3246CDE904013B464C
:10EB200030463946CDE90267E1F7C6FC02460B469E
:10EB3000CDE90023E1F7C0FC75A3D3E90023064625
:10EB40000F46E1F7B9FC74A3D3E90023E1F7FEFA1D
:10EB500032463B46E1F7B0FC71A3D3E90023E1F76D
:10EB6000F5FA32463B46E1F7A7FC6FA3D3E9002351
:10EB7000E1F7ECFADDE90023E1F79EFC6CA3D3E9B1
:10EB80000023CDE9000130463946E1F795FC6AA340
:10EB9000D3E90023E1F7DAFA32463B46E1F78CFC91
:10EBA00067A3D3E90023E1F7D1FA32463B46E1F708
:10EBB00083FCA5F5C22802460B46C5F5D725DDE93D
:10EBC0000001E1F7C3FAA8F27A48513545EA080591
:10EBD000002D06460F464BDD5E4B0022504659463F
:10EBE000E1F76AFC52465B46E1F766FC80468946DF
:10EBF0003046394642464B46E1F7A8FADDE90223A2
:10EC0000E1F75AFC06460F46002C56D102460B4649
:10EC100040464946E1F798FA02460B4650465946A7
:10EC2000E1F792FA65E7002200234B490020E1F763
:10EC30006DFD07B0BDE8F08F002C57D02046E1F7FE
:10EC4000D1FB2FA3D3E9002306460F46E1F734FC9E
:10EC50002DA3D3E9002304460D4630463946E1F79B
:10EC60002BFC02460B4620462946E1F76FFA40E7A7
:10EC700002460B4650465946E1F766FADDE90223A3
:10EC8000E1F71AFC06460F463CB1DDE904891CA3F6
:10EC9000D3E900234046494604E732463B46504606
:10ECA0005946E1F751FA07B0BDE8F08FE1F74CFAA9
:10ECB00000220023E1F72AFD1BE711A3D3E900237B
:10ECC000DDE90401E1F7F8FB0FA3D3E900230446D3
:10ECD0000D46DDE90401E1F7EFFB32463B46E1F783
:10ECE00035FA02460B4640464946EAE60020002136
:10ECF000FFE600BFAFF30080555555555555D53F3C
:10ED00000000E0FE422EE63F763C7935EF39EA3DE1
:10ED100044523EDF12F1C23FDE03CB966446C73F4A
:10ED2000599322942449D23F935555555555E53F63
:10ED30009FC678D0099AC33FAF788E1DC571CC3F6E
:10ED400004FA97999999D93F00005043FFFFEF7F4C
:10ED50000000F03F0000E03F000050C30000000052
:10ED60002DE9F04F23F00047044657EA020093B024
:10ED700092469B460D4610D12319824985F4002204
:10ED800052419842914121D252465B462046294643
:10ED9000E1F7DCF913B0BDE8F08F98467A4B0E46E8
:10EDA00021F0004199420091A14614D906F1404654
:10EDB00006F5801656EA0906E6D15346DB18714976
:10EDC0008BF4002252419E429141DDD36F490020D5
:10EDD00013B0BDE8F08F14D09F42E7D8009B00F03D
:10EDE000B780002E15DB002A40F0A48067498F42CF
:10EDF00040F0CA83B8F1000FC0F2BF842046294614
:10EE0000C8E7002CC0D18F42BED800F0F283009B2F
:10EE1000E7E75F498F4200F2C6835E498F420DD912
:10EE20003915A1F2FF31142940F38E84C1F1340168
:10EE300022FA01F000FA01F1914236D0002A45D1C0
:10EE4000B8F1804F3BD0029220462946049300F04F
:10EE50002FFD049BB9F1000F43D0DDF808C0F20F7D
:10EE6000013A52EA0C0C00F08A80029C013C2243D9
:10EE700014BF464D484D0024B7F1844FCDE90645F7
:10EE800040F28E80454B009A9F42424B40F2E8830D
:10EE90009A4200F29484B8F1000FC0F294840020EA
:10EEA00013B0BDE8F04F01F059B900F00100C0F116
:10EEB00002010291002A3FD1B8F1804FC4D122460D
:10EEC0002B4620462946E1F7F7FA63E72046294614
:10EED000029300F0EDFC029BB9F1000F4FD1CDF889
:10EEE00008902A4A26F0404C944502D0009A002A05
:10EEF000B3D1B8F1000F05DA02460B4600202349D2
:10EF0000E1F704FC002EBFF645AF009B03F1404A39
:10EF1000029B0AF5801A5AEA030A40F03684024638
:10EF20000B4610461946E1F70FF902460B46E1F78A
:10EF3000EDFB2FE70022029220462946049300F0C1
:10EF4000B7FC049BB9F1000FCBD0F20F013A8CE76C
:10EF5000002A7FF42BAF009B03F1404303F580139D
:10EF600023433FF433AF0B4B009A9A4240F2DF83C6
:10EF7000B8F1000FC0F24984504659460AE72246CC
:10EF80002B46CEE70000F0FF0000F07F0000F03FCE
:10EF9000FFFF3F43FFFFEF3F0000F0BF0000F043E3
:10EFA000D74A3240002A40F02883D64B0022E1F7AE
:10EFB00083FA6FF034040B461A15A2F2FF321519CA
:10EFC000D14A0B95C3F3130343F07F54934244F4A7
:10EFD000401407DDCD4A934240F3E08301350B95A1
:10EFE000A4F5801400220023CDE90823CDE91023E5
:10EFF000C74B0022CDE904230025DDE90423214687
:10F000008046E1F7A1F8A146DDE9042306460F4654
:10F0100040462146CDE90C89E1F798F802460B46B7
:10F020000020BB49E1F772FB0A460146CDE90E120A
:10F030001346394602463046E1F73EFA0A46014693
:10F040004FF0000CCDE902121146CDE90001641029
:10F05000CDF800C0DDE9008944F0005404F5002338
:10F060000020591904460D4602460B4640464946C3
:10F07000E1F722FA02460B4630463946E1F764F8DA
:10F08000DDE9042306460F4620462946E1F75CF8F1
:10F0900002460B46DDE90C01E1F756F842464B46C5
:10F0A000E1F70AFA02460B4630463946E1F74CF8DA
:10F0B000DDE90E23E1F700FADDE90245CDE90401BF
:10F0C00022462B4620462946E1F7F6F97AA3D3E9F2
:10F0D000002304460D46E1F7EFF979A3D3E90023B5
:10F0E000E1F734F822462B46E1F7E6F976A3D3E9B7
:10F0F0000023E1F72BF822462B46E1F7DDF974A354
:10F10000D3E90023E1F722F822462B46E1F7D4F9B0
:10F1100071A3D3E90023E1F719F822462B46E1F762
:10F12000CBF96FA3D3E90023E1F710F82246064696
:10F130000F462B4620462946E1F7BEF902460B460C
:10F1400030463946E1F7B8F9424604460D464B468B
:10F15000DDE90201E0F7FAFFDDE90423E1F7ACF9AC
:10F1600022462B46E0F7F2FF424604460D464B4648
:10F1700040464946E1F7A0F9664B002206460F4695
:10F18000E0F7E4FF22462B46CDE90C45E0F7DEFF31
:10F1900000240D4622462B4640464946E1F78CF9AD
:10F1A0005C4B80468946002220462946E0F7CCFF8A
:10F1B00032463B46E0F7C8FF02460B46DDE90C014C
:10F1C000E0F7C2FFDDE90223E1F776F922460646C1
:10F1D0000F462B46DDE90401E1F76EF902460B46C6
:10F1E00030463946E0F7B2FF06460F4602460B4668
:10F1F00040464946E0F7AAFF00243BA3D3E9002399
:10F2000020460D46E1F758F942464B46804689466E
:10F2100020462946E0F798FF02460B46304639461D
:10F22000E0F792FF32A3D3E90023E1F745F932A3D7
:10F23000D3E9002306460F4620462946E1F73CF96C
:10F2400002460B4630463946E0F780FFDDE91023E1
:10F25000E0F77CFF06460B980F46E1F7C3F832460D
:10F2600004460D463B4640464946CDE90289E0F753
:10F270006DFFDDE90823E0F769FF22462B46E0F742
:10F2800065FF002022462B4680468946E0F75CFF5A
:10F29000DDE90823E0F758FFDDE90223E0F754FF3A
:10F2A00002460B4630463946E0F74EFFCDE90201F3
:10F2B00032E000BFAFF30080EF4E454A287ECA3FE0
:10F2C00065DBC9934A86CD3F01411DA96074D13FDA
:10F2D0004D268F515555D53FFFAB6FDBB66DDB3FEC
:10F2E000033333333333E33F000000E009C7EE3F1D
:10F2F000FD033ADC09C7EE3FF5015B14E02F3EBE8B
:10F300000000F07F000040438E98030079B60B00A8
:10F310000000F03F000008400023CDE900AB00935F
:10F32000DDE90067594632463B465046E0F70CFFA0
:10F3300042464B46E1F7C0F85B4604460D4652464E
:10F34000DDE90201E1F7B8F802460B4620462946FE
:10F35000E0F7FCFE324604460D463B464046494631
:10F36000E1F7AAF80B46024606460F462046294614
:10F37000E0F7ECFEB44B9942A046A94604460D4680
:10F380008B4640F3168101F13F4303F5E00303434D
:10F3900040F01F829AA3D3E9002340464946E0F794
:10F3A000D5FE3246CDE900013B4620462946E0F72E
:10F3B000CBFE02460B46DDE90001E1F70DFB00281C
:10F3C00040F007824FF400735B44C3F30A529F4C32
:10F3D000A2F2FF32C3F31301144141F48011C2F1D0
:10F3E000140241FA02FA002004EA0301BBF1000F03
:10F3F00002460B4630463946B8BFCAF1000AE0F76C
:10F40000A3FE02460B4606460F4640464946E0F735
:10F410009DFE4FEA0A5B0D4600247BA3D3E900233F
:10F4200020462946E1F748F83246CDE900013B463F
:10F4300020462946E0F788FE02460B4640464946EC
:10F44000E0F782FE72A3D3E90023E1F735F872A357
:10F45000D3E9002306460F4620462946E1F72CF85B
:10F4600002460B4630463946E0F770FEDDE900897A
:10F4700006460F4602460B4640464946E0F766FE02
:10F4800042464B4604460D46E0F75EFE02460B46FA
:10F4900030463946E0F758FE2246804689462B46DC
:10F4A00020462946E1F708F85DA3D3E90023064684
:10F4B0000F46E1F701F85CA3D3E90023E0F744FE2F
:10F4C00032463B46E0F7F8FF59A3D3E90023E0F7C3
:10F4D0003DFE32463B46E0F7EFFF57A3D3E900235A
:10F4E000E0F732FE32463B46E0F7E6FF54A3D3E9AD
:10F4F0000023E0F72BFE32463B46E0F7DDFF0246F5
:10F500000B4620462946E0F71FFE06460F460246F8
:10F510000B4620462946E0F7CFFF0022CDE9000147
:10F520004FF0804330463946E0F70EFE02460B4668
:10F53000DDE90001E1F7EAF8424606460F464B4690
:10F5400020462946E0F7B8FF42464B46E0F7FEFD6D
:10F5500002460B4630463946E0F7F6FD22462B467A
:10F56000E0F7F2FD02460B4600203949E0F7ECFDDA
:10F570000C465C44B4F5801FC0F235812146DDE9BC
:10F580000623E0F799FF05E4B8F1804F3FF497AC0C
:10F59000304988457FF457AC2046294613B0BDE872
:10F5A000F04F00F065BE002A00F033810222029283
:10F5B000C2E4DFF8A4C021F00043634540F2D580E7
:10F5C000264B0B4403430AD132463B46E0F7BCFDD1
:10F5D00042464B46E1F7F6F900283FF4F3AEDDE989
:10F5E000060100220023E1F7D9F9003818BF0120F5
:10F5F00056E4002A7FF4C8ABB5E40024DCE400BF85
:10F60000FE822B654715973C00000000432EE63F25
:10F61000EF39FAFE422EE63F396CA80C615C20BE41
:10F62000D0A4BE726937663EF16BD2C541BDBB3E08
:10F630002CDE25AF6A56113F93BDBE166CC1663FE6
:10F640003E5555555555C53FFFFF8F400000F0FF13
:10F650000000F03F0000E03FFFCB904000346F3FE0
:10F660009A42C0F0C480009A8D4B9A424FF000023B
:10F6700000F2D7808A4BE0F767FD7DA3D3E9002332
:10F6800004460D46E0F718FF7BA3D3E900230646A6
:10F690000F4620462946E0F70FFF824B80468946F9
:10F6A000002220462946E0F707FF02460B4674A1D8
:10F6B000D1E90001E0F748FD22462B46E0F7FCFEC9
:10F6C00002460B4600207849E0F73EFD2246CDE990
:10F6D00000012B4620462946E0F7EEFE02460B4687
:10F6E000DDE90001E0F7E8FE67A3D3E90023E0F7D6
:10F6F000E3FE02460B4640464946E0F725FD02463A
:10F700000B4604460D4630463946E0F71FFD002003
:10F7100032463B4680468946E0F716FD02460B46D8
:10F7200020462946E0F710FDCDE90201F4E5B8F1E5
:10F73000000F4FF000004FF00001BFF62BAB50461A
:10F740000BF10041FFF726BB002A7FF4BFABC1F1EC
:10F75000140147FA01F000FA01F1B9426ED05049A4
:10F760008F423FF447ABFFF76BBB4F4A934274D8CD
:10F77000DDE90023934692464EE622462B46484951
:10F780000020E0F7C3FFFFF705BB029B012B7FF4CE
:10F7900001AB01F100431946FFF7FCBA3CA3D3E9E2
:10F7A0000023CDE908233CA3D3E90023CDE91023AE
:10F7B0003E4B0022CDE904234FF480251DE4B8F12F
:10F7C000000F7FF76CAB002013B0BDE8F04F00F0E6
:10F7D000CBBCDDE9060100220023E1F7DFF80038A9
:10F7E00018BF0120F0E7524600F026FCC7E6DDE92D
:10F7F000060100220023E1F7D1F8003818BF0120EC
:10F80000B8F1000FBFF64CABDEE700200021FFF798
:10F81000C1BAB8F1804F3FF452AB02220292FFF717
:10F8200013BBDDE906010023E1F7B8F8003818BF83
:10F830000120B8F1000FC7DCFFF732BB184A97422E
:10F840003FF4D8AAB8F1804F3FF439AB00F0010083
:10F85000C0F102020292FFF7F7BA1B15A3F2FE33C2
:10F860004FF4801242FA03F3AEE500BFAFF300801D
:10F87000000000604715F73F44DF5DF80BAE543ED3
:10F88000555555555555D53FFE822B654715F73FC4
:10F890000000004003B8E23F06D0CF43EBFD4C3EF2
:10F8A0000000F03F0000D03F0000E03F0000F83FC4
:10F8B00021F00043194670472DE9F04F31F0004A1E
:10F8C00087B00C46804681460DD180F480094FEA0E
:10F8D000490919F5000F18D921464046E1F73AF9D0
:10F8E00007B0BDE8F08F20F0004BBBF1FF4F0D4695
:10F8F00002D8BAF1FF4F0DD9B9F17E5FECD185F492
:10F9000080056D0015F5000FE6D84FF07E5007B06A
:10F91000BDE8F08F00285F46C0F23081BAF1FF4F9A
:10F9200000F04081BAF17E5F00F07E81B1F1804F3E
:10F9300000F0AA810026B5F17C5F40F05381B9F157
:10F94000000F404680F2A58100F072FBBBF1FF4F33
:10F9500000F05D81BBF1000F00F05981BBF17E5FCB
:10F9600000F04A814FEAD973013B56EA0302009343
:10F9700000F09481BAF19A4F40F29881B04B9B45C8
:10F9800040F2E482AF4B9B4500F2EC824FF07E5197
:10F99000E1F7DEF8AC498046E1F7E4F9AB4981468E
:10F9A0004046E1F7DFF94FF07A5182464046E1F7F1
:10F9B000D9F90146A648E1F7CBF84146E1F7D2F97B
:10F9C00001464FF07C50E1F7C3F84146834640467C
:10F9D000E1F7C8F901465846E1F7C4F99D49E1F756
:10F9E000C1F901465046E1F7B3F801468046484662
:10F9F000E1F7B0F820F47F6B2BF00F0B4946584627
:10FA0000E1F7A6F801464046E1F7A2F825F47F6742
:10FA1000009B013E27F00F071E43804639462046D3
:10FA20000CBF8D4E4FF07E56E1F792F85946E1F744
:10FA300099F9214605464046E1F794F901462846E2
:10FA4000E1F788F8394605465846E1F78BF9014653
:10FA500004462846E1F77EF800280746804601461E
:10FA600020F0004240F33D82B2F1864F00F2CA829C
:10FA700000F0AA82B2F17C5F00F2CC824FF0000865
:10FA8000474621F47F6A2AF00F0A74495046E1F78D
:10FA900069F9214681465046E1F75AF80146284661
:10FAA000E1F756F86E49E1F75DF96E4904465046B4
:10FAB000E1F758F901462046E1F74CF804460146C3
:10FAC0004846E1F747F849460546E1F741F801465F
:10FAD0002046E1F73DF8294681462846E1F742F9FC
:10FAE00061490446E1F73EF96049E1F731F8214602
:10FAF000E1F738F95E49E1F72DF82146E1F732F9EF
:10FB00005C49E1F725F82146E1F72CF95A49E1F77C
:10FB100021F82146E1F726F901462846E1F718F8D1
:10FB2000044601462846E1F71DF94FF08041824620
:10FB30002046E1F70DF801465046E1F7C7F949467E
:10FB400004462846E1F70EF94946E1F703F8014675
:10FB50002046E0F7FDFF2946E0F7FAFF01464FF0A7
:10FB60007E50E0F7F5FF03464344B3F5000FC0F2C3
:10FB7000F58118463146E1F7F5F8B1E6BAF1974F4D
:10FB800019D2BAF17E5F1BD2B1F1804F7CD0B1F1B6
:10FB90007C5F26D100F04CFABBF1FF4F3FF4A0AEE2
:10FBA0000026D7E6BBF17E5F3FF4AFAE42D9002D11
:10FBB0003EDB204694E6BAF1FF4FF3D00226BAE6C8
:10FBC0004FEAEA52C2F196024AFA02F101FA02F24F
:10FBD000524500F07381BAF17E5F25D0B4F1804FB9
:10FBE00052D00026404600F023FABBF1FF4F03D06D
:10FBF000BBF1000F7FF4B2AE002D04DA01464FF0E6
:10FC00007E50E1F763F9B9F1000FBFF669AEABF1D1
:10FC10007E5B5BEA060B40F05E810146E0F798FFF1
:10FC20000146E1F753F95BE6002D27DB404657E636
:10FC3000002055E6002DFBDA04F1004050E600BF3D
:10FC4000F3FF7F3F0700803F00AAB83F70A5EC3666
:10FC5000ABAAAA3E3BAAB83F000080BF0072313F6A
:10FC60001872313F8CBEBF354CBB31330EEADD35E7
:10FC700055B38A38610B363BABAA2A3E41464FF05A
:10FC80007E50E1F723F92BE641464046E1F76AF85A
:10FC900026E607B0BDE8F04F00F0D8BB414640462D
:10FCA000E0F756FF0146E1F711F919E619F0FF4FA9
:10FCB00040F04A814FF09741E1F754F86FF0170197
:10FCC0000746FA157F3A0A44AF490192C7F3160373
:10FCD0008B4243F07E5707DDAC498B4240F34A81AB
:10FCE00001320192A7F50007002305934FF07E5BD8
:10FCF00004934FF0000859463846E0F729FF59466B
:10FD000081463846E0F726FF01464FF07E50E1F786
:10FD1000DDF8014603904846E1F724F87A1042F0F6
:10FD2000005202F58022424420F47F6828F00F0838
:10FD30001146BA46074640460292E1F713F80146DB
:10FD40004846E0F705FF029A814659461046E0F71B
:10FD5000FFFE01465046E0F7FBFE4146E1F702F8A0
:10FD600001464846E0F7F4FE039B1946E0F7FAFF28
:10FD7000394683463846E0F7F5FF85498146E0F786
:10FD8000F1FF8449E0F7E6FE4946E0F7EBFF8249E0
:10FD9000E0F7E0FE4946E0F7E5FF8049E0F7DAFEEC
:10FDA0004946E0F7DFFF7E49E0F7D4FE4946E0F739
:10FDB000D9FF7C49E0F7CEFE494682464846E0F747
:10FDC000D1FF01465046E0F7CDFF41468146384617
:10FDD000E0F7C0FE5946E0F7C5FF4946E0F7BAFE36
:10FDE000414682464046E0F7BDFF6F490290E0F78A
:10FDF000B1FE5146E0F7AEFE20F47F6929F00F090D
:10FE000049464046E0F7AEFF674980464846E0F77E
:10FE10009FFE0299E0F79CFE01465046E0F798FEEF
:10FE20003946E0F79FFF494682465846E0F79AFF79
:10FE300001465046E0F78EFE834601464046E0F715
:10FE400089FE20F47F6A2AF00F0A58495046E0F7ED
:10FE500089FF414681465046E0F77AFE0146584602
:10FE6000E0F776FE5249E0F77DFF52498046504662
:10FE7000E0F778FF01464046E0F76CFE0499E0F7B2
:10FE800069FE80460198E0F719FF414682464846E0
:10FE9000E0F760FE059F3946E0F75CFE5146E0F76B
:10FEA00059FE20F47F6B2BF00F0B51465846E0F7BC
:10FEB0004FFE3946E0F74CFE4946A1E5BAF17E5FB8
:10FEC0003FF4B2AEB4F1804F3FF4DEAE01F0010179
:10FED000C1F1020686E6012E7FF402AD00F100407A
:10FEE000FEE4354B9A4200F297807FF4C3AD214681
:10FEF000E0F72EFE2946E1F7E7F8002840F08C8075
:10FF000086227E3A4FF40003134143442B49C3F346
:10FF1000C7527F3AC3F31607114147F40007C2F1F5
:10FF200017021741B8F1000F01EA0301B8BF7F4281
:10FF30002046E0F70DFE014604462846E0F70AFE9B
:10FF40004FEAC75801469CE50021BAE6002D0BDBBD
:10FF5000002007B0BDE8F04F00F082B9394600F04C
:10FF600009F907E6002DF3DD002007B0BDE8F04FEA
:10FF700000F07AB9124B0593124B04934FF07F5B5C
:10FF80004FF40018B7E600BF71C41C00D6B35D0083
:10FF900042F1533E55326C3E05A38B3EABAAAA3EBE
:10FFA000B76DDB3E9A99193F000040400038763F1C
:10FFB0004F38763FA0C39D3600001643000080FFF7
:10FFC00000C0153FDCCFD13517492846E0F7C2FD08
:10FFD000214681463846E0F7BBFD01464846E1F739
:10FFE0007DF878B907F50043DA1510497F3A1141D9
:10FFF0001940C3F31603C2F1170243F4000343FA96
:020000040802F0
:1000000002F795E700213046E1F74AF8003818BFBB
:100010000120AAE7D21574E700213046E1F740F845
:10002000003818BF012094E73CAA3833000080FF55
:1000300020F00040704700BF70B51646C1F30A5269
:1000400004460D460B465ABB21F00043034326D01D
:100050002D4B0022E0F730FA2C4B9E4204460D4611
:1000600043DBC1F30A520B46363A4CF250318E4212
:100070001EDC164440F2FE72964219DC002E23DC90
:1000800016F1350F28DB23F0FF4323F4E003363667
:1000900043EA065120461E4B0022E0F70DFA70BDE0
:1000A00040F2FF7C6245E0D10246E0F74FF870BDB8
:1000B00011A3D3E90023ED0F1C4665F3DF7421463D
:1000C0001448E0F7F9F970BD23F0FF4323F4E0038F
:1000D000204643EA065170BD05F0004343F0D2715B
:1000E00041F4B7310C4841F01F0105A3D3E90023C7
:1000F000E0F7E2F970BD00BF9C7500883CE4377EF4
:1001000059F3F8C21F6EA50100005043B03CFFFF39
:100110000000903C9C75008859F3F8C2D0B50646A3
:100120000F46144600F0C6FE0346394630461C60B2
:10013000D0BD00BF10B5044682B0104619460CB1C0
:1001400003F10043CDE90023DDE90023E0F7B4F932
:10015000222202B0BDE81040FFF7E0BF00224FF0BE
:100160008053FFF7E7BF00BF00224FF0E043FFF7E7
:10017000E1BF00BF10B50C4630F0004103461DD072
:10018000B1F1FF4F1BD210F0FF4F02461BD14FF0D1
:100190009841E0F7E7FD204A944203462CDBC0F388
:1001A000C75102464CF250308442A1F1190110DDD2
:1001B0001A49184661F31E00E0F7D4FD10BD014650
:1001C000E0F7C8FC10BD4CF2503084424FEAD151E8
:1001D000EEDC2144FE29EBDC002911DC11F1160FC5
:1001E00013DB01F1190022F0FF424FF04C5142EABB
:1001F000C050E0F7B7FD10BD0949E0F7B3FD10BDF1
:1002000022F0FF4242EAC15010BD0549184661F391
:100210001E00E0F7A7FD10BDB03CFFFFCAF2497118
:100220006042A20D38B505460C4600F043FE034679
:1002300028461C6038BD00BF08B540B101F1004040
:10024000E0F790FDBDE808402221FFF7EBBF08462C
:10025000E0F788FDBDE808402221FFF7E3BF00BFBB
:100260004FF08051FFF7E8BF4FF0E041FFF7E4BFE8
:100270002DE9F84F724F8F4304460D4600F0B280CF
:1002800000290B460646024655DD081500F09B8006
:10029000C3F31303C107A0F2FF3743F4801303D461
:1002A000D10F01EB430352005B00002603EBD27336
:1002B0007F1052001624B4464FF400110CEB0100DD
:1002C000984203DC1B1A01EB000C0E445B00013C5E
:1002D00003EBD2734FEA51014FEA4202EED1A0463E
:1002E00020254FF000400AE039D0590001EBD271CF
:1002F000013D0B464FEA42024FEA50003BD09C457D
:1003000008EB000EF0DABEF1000F0EEB00080CDB7C
:10031000E146A3EB0C01964588BF01F1FF3149008E
:10032000CC46A2EB0E020444E0E7B8F1000FEFDB8D
:100330000CF10109EDE721F0004707433DD000290A
:1003400073D1D10A153B52050029FAD0CD021846C7
:1003500016460B4637D520244FF0FF313EE0964538
:1003600002D94FEA4C01C1E7BEF1000F0EEB0008C5
:1003700025DB0021D5E7114312D0DFF8C8A0DFF854
:10038000C8B0DAE90001DBE90023DFF7DDFEDAE9D6
:10039000008902460B4640464946E0F709FB58BB38
:1003A0006508731003F17F53F20703F5001348BF8C
:1003B00045F0004503EB07512846BDE8F88FB8F13A
:1003C000000FB5DAD5E700225B00DC02114602F12E
:1003D0000102F9D5C2F1200406FA02F2E640401A01
:1003E000334355E702460B46E0F766F822462B46B4
:1003F000DFF7ACFEBDE8F88FB4F1FF3FDAE90001AA
:10040000DBE9002318D0DFF7A1FEDAE90089024614
:100410000B4640464946E0F7C1FA78B1A11C04F109
:10042000020508BF01366D08BBE7DFF78DFE024607
:100430000B46E0F76BF9C0E70136B2E70134AFE7EE
:100440000000F07F680100206001002020F00042E1
:10045000B2F1FF4F2DE9F041044654D2002A50D0AA
:100460000028034657DB14F0FF4F4FEAE05009D154
:1004700014F400025BD15B001C02114602F1010280
:10048000F9D5401AC3F3160242F40002C307A0F1E3
:100490007F0558BF520000246D1052004FF0190E16
:1004A00021464FF0807C01EB0C039342DDBF03EB50
:1004B0000C016444D31A1346BEF1010E4FEA430205
:1004C0004FEA5C0CEFD1BBB11A4E1B4F3068396854
:1004D000D6F80080E0F73CFB01464046E0F7EAFD35
:1004E00050B1306839683668E0F734FB0146304671
:1004F000E0F7D6FDB8B10234601000F17C5000EB9B
:10050000C550BDE8F0810146E0F72CFC2146E0F73C
:1005100021FBBDE8F0810146E0F71AFB0146E0F758
:10052000D5FCBDE8F081013424F00104E4E74FF08C
:10053000FF31A6E7740100207001002008B50620F5
:1005400000F046FC0120E6F787FB0A22002100F0BC
:10055000DFB90000024B0146186800F02DB800BF5B
:1005600084010020024B0146186800F005BD00BF61
:100570008401002070B50F4E0C463168054611B954
:1005800000F076FC30602146284600F071FC431CE8
:1005900003D14FF0FF34204670BDC41C24F0030487
:1005A000A042F8D0211A284600F062FC0130F2D1B6
:1005B000EFE700BFC47700202DE9F843CD1C25F0FC
:1005C000030508350C2D38BF0C25002D064601DB30
:1005D000A94204D90C2333600020BDE8F883DFF87A
:1005E000D48000F069F8D8F800301C4644BB294696
:1005F0003046FFF7BFFF431C044658D1D8F80040EF
:100600002746002F43D1002C4BD023683946304673
:1006100004EB030900F02CFC814542D121686D1ADE
:1006200029463046FFF7A6FF01303AD023682B4415
:100630002360D8F800305A6862BBC8F800700FE039
:100640002268521B20D40B2A17D96119A3422560B6
:1006500018BF5960636808BFC8F8001062514B604A
:10066000304600F02FF804F10B00231D20F00700A6
:10067000C21A1CBF1B1AA350AFE76268A3420CBF8B
:10068000C8F800205A60EBE723466468AEE73C46B2
:100690007F68B6E71A465B68A342FBD1002353602C
:1006A000DEE70C233360304600F00CF894E7056079
:1006B000D6E700BFC8770020014800F026BC00BF85
:1006C0000C790020014800F021BC00BF0C7900200B
:1006D00038B5104B1D682B6B0446B3B91820FFF7D3
:1006E00039FF0246286320B90B4B0C48462100F025
:1006F00025FC0B490B4BC0E900130B4B83600B230C
:10070000838100210120C2E904012B6B00221C61BE
:100710005A6138BD840100201DB9020834B90208AD
:100720000E33CDAB34126DE6ECDE0500164B10B582
:100730001C68236BB3B91820FFF70CFF0246206337
:1007400020B9124B1248522100F0F8FB1149124B0C
:10075000C0E90013114B83600B238381002101202A
:10076000C2E90401216B0E480B694C690D4A5843DC
:1007700002FB0400A3FB0232013340EB0200C1E99B
:10078000043020F0004010BD840100201DB9020893
:1007900034B902080E33CDAB34126DE6ECDE050041
:1007A0002DF451582D7F954C024B0A46014618688E
:1007B00000F002B8840100202DE9F0418046154682
:1007C0000C4621B9BDE8F0411146FFF7F5BE2AB944
:1007D00000F0D2FB00242046BDE8F08100F016FCBA
:1007E0008542064602D8B5EB500FF4D8294640465C
:1007F000FFF7E2FE07460028ECD0B5422A46214624
:1008000028BF324600F08BFB2146404600F0B4FB87
:100810003C46E0E7242B2DE9F0478646904601D878
:10082000012B06D100F046FB162303600020BDE833
:10083000F08736480D462A4615F8014B065D16F03E
:100840000806F8D12D2C24D12C780126951C2BBB21
:10085000302C30D00A2306F1004C0CF1FF3C002272
:10086000BCFBF3F9104603FB19CAA4F13007092FAA
:1008700028D83C46A34234DD571C07D081452DD3F0
:1008800001D1A2452ADB00FB0340012215F8014BF0
:10089000EBE72B2C04BF2C78951CD8E7102BDAD172
:1008A000302CD8D12A7802F0DF02582AD3D16C78C4
:1008B00010230235CFE72B7803F0DF03582BF6D057
:1008C0000823C8E7A4F14107192F01D8373CD1E725
:1008D000A4F16107192F04D8573CCBE74FF0FF3242
:1008E000D4E7531C08D12223CEF800306046B8F17B
:1008F000000F9CD0691E06E006B14042B8F1000F1F
:1009000095D0002AF6D1C8F8001090E7AAB90208DD
:1009100013460A46014602480068FFF77BBF00BF46
:1009200084010020002310B50446C0E90033C0E96B
:100930000433836081814366C28183611946082242
:100940005C3000F09CF90D4B63620D4BA3620D4BC4
:10095000E3620D4B23630D4B24629C4206D003F1EE
:100960006802944202D0D0339C4205D104F1580071
:10097000BDE8104000F0C8BA10BD00BFE90A020887
:100980000B0B0208430B0208670B0208CC77002010
:10099000024A0349034800F069B800BF780100200B
:1009A000011702088801002041680C4B994210B5DC
:1009B000044601D000F0A4FEA168094B994202D080
:1009C000204600F09DFEE168064B994204D0204687
:1009D000BDE8104000F094BE10BD00BFCC770020F1
:1009E000347800209C78002010B50B4B0B4C0C4A3F
:1009F0001A60204600220421FFF794FF04F16800EA
:100A000001220921FFF78EFF04F1D0000222BDE888
:100A100010401221FFF786BF04790020CC77002018
:100A200091090208014800F070BA00BF0D7900205A
:100A3000014800F06BBA00BF0D79002010B50446E4
:100A4000FFF7F0FF236A1BB1BDE81040FFF7F0BFCE
:100A5000044B2362044B1B68002BF5D1FFF7C4FF46
:100A6000F2E700BFA9090208047900202DE9F84344
:100A70000746884614460026D4E90195B9F10109D4
:100A800005D52468002CF7D13046BDE8F883AB8942
:100A9000012B07D9B5F90E30013303D0294638466A
:100AA000C04706436835E9E70EB400B59CB01DABFE
:100AB000029006906FF0004109480791049109499E
:100AC00053F8042B05910068019302A900F002FB82
:100AD000029B00221A701CB05DF804EB03B0704753
:100AE000840100200802FFFF10B50C46B1F90E107A
:100AF00000F098F90028ABBF636DA3891B1823F49D
:100B00008053ACBF6365A38110BD2DE9F0411F4642
:100B10008B89DB0505460C46164605D5B1F90E1046
:100B20000223002200F06CF9A389B4F90E1023F41B
:100B30008053A38132463B462846BDE8F04100F091
:100B4000A7B910B50C46B1F90E1000F059F9431CC5
:100B5000A38915BF606523F4805343F48053A381B8
:100B600018BFA38110BDB1F90E1000F039B9F0B56E
:100B7000ADF5057D0E4604AF4FF40071039100936F
:100B80003946134603AA054600F020F8044680B112
:100B90000246039B3146284600F07AF9BC42039096
:100BA00003D02146284600F0E7F903980DF5057DAE
:100BB000F0BD4FF0FF30F9E713460A460146024800
:100BC0000068FFF7D4BF00BF8401002030B5154690
:100BD0009BB02C681A46D9B1002C19D04FF4C163D0
:100BE00000910491ADF80C30214619DB4FF6FF73EC
:100BF00002910591ADF80E3069461E9B00F06AFA2D
:100C000000280FDB009B286000221A7004980AE07D
:100C100000214FF42273ADF80C3000910491E5E708
:100C20008B23036000201BB030BD10B50139024496
:100C3000904201D1002005E0037811F8014FA34252
:100C400001D0181B10BD0130F2E7884210B501EB4E
:100C5000020402D98442234607D8431EA14208D089
:100C600011F8012B03F8012FF8E7024401468A42EC
:100C700000D110BD13F8014D02F8014DF7E7024411
:100C80000346934200D1704703F8011BF9E710B502
:100C90000246147813460132002CFAD1013B11F8B8
:100CA000012B03F8012F002AF9D110BDC9B2034668
:100CB000184613F8012B12B18A42F9D17047002966
:100CC00018BF0020704770B503461E4613F8014B4D
:100CD00044B14A1E01E0A54204D012F8015F002D84
:100CE000F9D1F2E7301A70BD10B56AB10139841834
:100CF00010F8012B11F8013F9A4203D1A04201D014
:100D0000002AF5D1D01A10BD1046FCE710B5013904
:100D1000034632B111F8014F03F8014B013A002CA0
:100D2000F7D11A440021934200D110BD03F8011BF2
:100D3000F9E738B511F0FF0403460ED12146BDE8AE
:100D40003840FFF7B3BF431C054621461846FFF75E
:100D5000ADFF0028F7D1284638BD0025F5E770B56E
:100D600003461E4613F8014B3CB14A1E01E0A54262
:100D7000F7D012F8015F002DF9D1301A70BD1F298C
:100D800038B505460C4604D9162303604FF0FF30F2
:100D900038BDC26B12B152F821304BB9284600F071
:100DA00065F8224601462846BDE8384000F04CB8B8
:100DB000012B0AD0591C03D1162303600120E7E759
:100DC000002142F82410204698470020E0E7000068
:100DD000024B01461868FFF7D2BF00BF8401002014
:100DE00038B5064D0023044608462B60E5F726FF7C
:100DF000431C02D12B6803B1236038BD0879002061
:100E000038B5074D04460846114600222A601A46A6
:100E1000E5F71EFF431C02D12B6803B1236038BDE8
:100E20000879002038B5074D0446084611460022CF
:100E30002A601A46E5F70EFF431C02D12B6803B166
:100E4000236038BD0879002038B5074D00230446DB
:100E5000084611462B60E5F701FF431C02D12B68C1
:100E600003B1236038BD00BF08790020E5F7FEBE5E
:100E700038B5064D0023044608462B60E5F7C0FE52
:100E8000431C02D12B6803B1236038BD08790020D0
:100E900038B5074D04460846114600222A601A4616
:100EA000FCF7CAFA431C02D12B6803B1236038BD9A
:100EB00008790020014B1868704700BF84010020AA
:100EC00070B50D4D0D4C641BA4100026A64209D12F
:100ED0000B4D0C4C00F0A6FE641BA4100026A6428D
:100EE00005D170BD55F8043B98470136EEE755F83B
:100EF000043B98470136F2E724BB020824BB0208F2
:100F000024BB02085CBB0208704770477047034669
:100F100011F8012B03F8012B002AF9D170470A447C
:100F2000914200F1FF3300D1704710B511F8014B29
:100F300003F8014F9142F9D110BD00001FB51446CE
:100F40001A46094B1B680546D86854B9074B1C461E
:100F5000CDE9013400912B46054900F0F9FBFFF77C
:100F6000EDFA044BF4E700BF840100201AB902082F
:100F7000B7BA0208AABA020838B50546002941D016
:100F800051F8043C0C1F002BB8BFE418FFF794FB8A
:100F90001D4A136833B9636014602846BDE83840C1
:100FA000FFF790BBA34208D9206821188B4201BFEC
:100FB00019685B6809182160EDE71A465B680BB198
:100FC000A342FAD911685018A0420BD120680144FD
:100FD000501883421160E0D118685B685360084480
:100FE0001060DAE702D90C232B60D6E720682118BD
:100FF0008B4204BF19685B68636004BF09182160F5
:101000005460CAE738BD00BFC877002051F8043CDF
:10101000181F002BBCBF0B58C01870472DE9F047B4
:101020008E681F46BE420B6882460C4690462DD8FD
:10103000B1F90C2012F4906F26D06569096905EBAF
:101040004505A3EB010905EBD5757B1C4B446D10E1
:101050009D4238BF1D46530527D52946FFF7ACFAF8
:10106000064660B321694A46FFF759FFA38923F476
:10107000906343F08003A381266165614E44A5EB34
:1010800009052660A5603E46BE4200D93E4620685E
:1010900032464146FFF7D9FDA3689B1BA360236836
:1010A000334423600020BDE8F0872A46FFF784FB25
:1010B00006460028E0D121695046FFF75DFF0C236A
:1010C000CAF80030A38943F04003A3814FF0FF30FA
:1010D000E9E700002DE9F04F98468B891B069DB08B
:1010E00007460D46144610D50B6973B94021FFF72A
:1010F00063FA2860286130B90C233B604FF0FF3061
:101100001DB0BDE8F08F40236B61002309932023BD
:101110008DF82930CDF80C803023DFF89C818DF8D4
:101120002A304FF0010923469A4613F8012B0AB1E1
:10113000252AF9D1BAEB040B0BD05B46224629468F
:101140003846FFF76BFF013000F0A780099A5A4438
:1011500009929AF80030002B00F09F8000234FF096
:10116000FF32CDE905230AF1010A049307938DF8B4
:1011700053301A935446052214F8011B4E48E0F7E9
:101180003FF8049AD8B9D00644BF20238DF85330D5
:10119000110744BF2B238DF853309AF800302A2BC7
:1011A00015D0079A544600204FF00A0C214611F83A
:1011B000013B303B092B4BD9B0B1079214E0A0EBB7
:1011C000080309FA03F313430493A246D2E7039BEF
:1011D000191D1B680391002BBBBF5B4242F002024A
:1011E00007930793B8BF049223782E2B0AD1637814
:1011F0002A2B32D1039B1A1D1B68039243EAE37327
:1012000002340593DFF8B4A0217803225046DFF7BB
:10121000F7FF38B1049BA0EB0A0040228240134341
:101220000134049314F8011B25488DF82810062278
:10123000DFF7E6FF002836D0224B1BBB039B0733AA
:1012400023F0070308330393099B334409936AE7A8
:101250000CFB02320C460120A8E700230134059361
:1012600019464FF00A0C204610F8012B303A092A93
:1012700003D9002BC6D00591C4E70CFB012104461D
:101280000123F0E703AB00932A460F4B04A938462D
:10129000AFF30080421C0646D6D1AB895B063FF512
:1012A0002DAF09982CE703AB00932A46064B04A9FF
:1012B000384600F079F8EDE7E6BA0208ECBA020821
:1012C000F0BA0208000000001D1002082DE9F047E6
:1012D000164698468A680B69DDF820909342B8BF9D
:1012E0001346336091F8432007460C460AB1013398
:1012F00033602368990642BF336802333360256840
:1013000015F0060506D104F1190AE36832689B1A44
:10131000AB4226DC94F843302268003B18BF01231F
:1013200092062BD404F1430241463846C8470130A7
:101330001ED02368226903F00603042B02BFE56870
:101340003368ED1AA3680CBF25EAE57500259342C2
:10135000C4BF9B1AED1800261A34B5421AD10020DA
:1013600008E00123524641463846C847013003D1C0
:101370004FF0FF30BDE8F0870135C6E7E1185A1C91
:10138000302081F84300224494F8451082F843103D
:101390000233C7E70123224641463846C847013099
:1013A000E6D00136D9E700002DE9FF470F7E0C9EFD
:1013B000782F914680460C469A4601F1430207D8A1
:1013C000622F0AD8002F00F0DD80582F00F0C38074
:1013D00004F1420684F842703AE0A7F16303152B4A
:1013E000F6D801A151F823F041140208551402085F
:1013F000D1130208D1130208D1130208D113020835
:1014000055140208D1130208D1130208D11302089F
:10141000D11302086B150208E31402082315020811
:10142000D1130208D11302088D150208D113020846
:10143000E3140208D1130208D11302082B15020885
:1014400033681A1D1B68326004F1420684F842308A
:101450000123A8E031682368081D30601E0601D50D
:101460000D6803E05D06FBD5B1F900506168002D01
:1014700078DA2D20002984F84300A1602DDA5E4837
:101480006D420A231646B5FBF3F103FB1157C75D06
:1014900006F8017D2F46BB420D46F4D9082B0BD12F
:1014A0002368DF0708D5236961689942DEBF3023CE
:1014B00006F8013C06F1FF36921B2261CDF800A030
:1014C0004B4603AA21464046FFF700FF01306FD18B
:1014D0004FF0FF3004B0BDE8F08723F00403236031
:1014E000CDE721683368080653F8045B02D4490647
:1014F00048BFADB26F2F4048336014BF0A230823A2
:10150000002184F843106668A660002EBADB2168CB
:1015100021F004012160002DB4D1002EB2D1164675
:10152000BCE7236843F0200323603448782784F81D
:101530004570236831681F0651F8045B02D45F06CA
:1015400048BFADB23160D90744BF43F020032360E8
:101550001DB11023D4E72848E9E7236823F02003CE
:101560002360F6E724480A23CDE7336825686169DC
:10157000181D30602E061B6801D5196002E0680650
:10158000FBD5198000232361164697E733681A1D9F
:1015900032601E68626800213046DFF731FE08B114
:1015A000801B606063682361002384F8433085E713
:1015B0002369324649464046D047013088D02368E7
:1015C0009B0714D4E068039B9842B8BF184681E794
:1015D0000123324649464046D04701303FF478AFB8
:1015E0000135E36803995B1AAB42F1DCEAE70025B9
:1015F00004F11906F5E700BFF7BA020808BB0208B4
:10160000B1F90C20F8B5170705460C4656D44B68BF
:10161000002B02DC0B6C002B3DDDE66A002E3AD07D
:10162000002312F480522F68216A2B6025D0626D4E
:10163000A389580705D56368D21A636B0BB1236C75
:10164000D21A216AE66A00232846B047411C24D0FA
:101650000023636023692360A389DA0400D56065F1
:10166000616B2F60B9B104F14403994202D028465E
:10167000FFF782FC002363630DE001232846B04797
:10168000461C0246D4D12B68002BD1D01D2B01D093
:10169000162B2AD12F6000202EE02A68B4F90C30D6
:1016A00042B11D2A01D0162A21D10023636023698B
:1016B0002360D5E7626022692260CEE70F69002FC0
:1016C000E9D093070E6808BF4B690F6018BF00236D
:1016D000F61B8B60002EDEDD216AD4F828C033466D
:1016E0003A462846E047002807DCB4F90C3043F0BE
:1016F0004003A3814FF0FF30F8BD0744361AE9E7F5
:1017000038B50B6905460C4613B90025284638BD87
:1017100018B1036A0BB9FFF791F9B4F90C30002B3B
:10172000F3D0626ED00704D4990502D4A06DFFF700
:10173000ECFB28462146FFF763FF636EDA07054698
:10174000E4D4A3899B05E1D4A06DFFF7DFFBDDE7BF
:101750000EB403B5014603AB054853F8042B0068EB
:10176000019300F02FF802B05DF804EB03B070476E
:10177000840100209368013B002B10B4936007DACA
:101780009469A34201DB0A2902D110BC00F032B9EE
:101790001368581C10601970084610BC7047F8B5E3
:1017A00006460F461446D518AC4201D1002007E08A
:1017B00014F8011B3A463046FFF7DCFF431CF3D117
:1017C000F8BD00002DE9F04F0D469DB01446984637
:1017D000064618B1036A0BB9FFF730F96B6ED907EB
:1017E00005D4AB899A0502D4A86DFFF78EFBAB89AF
:1017F0001B0701D52B699BB92946304600F038F903
:1018000070B16B6EDC0704D54FF0FF301DB0BDE842
:10181000F08FAB899805F7D4A86DFFF777FBF3E756
:101820000023099320238DF82930CDF80C80302334
:10183000DFF8AC818DF82A304FF0010923469A4633
:1018400013F8012B0AB1252AF9D1BAEB040B0BD0FE
:101850005B46224629463046FFF7A1FF013000F0E3
:10186000A780099A5A4409929AF80030002B00F098
:101870009F8000234FF0FF32CDE905230AF1010AD2
:10188000049307938DF853301A935446052214F8A5
:10189000011B5348DFF7B4FC049AD8B9D10644BF02
:1018A00020238DF85330130744BF2B238DF853307A
:1018B0009AF800302A2B15D0079A544600204FF092
:1018C0000A0C214611F8013B303B092B4BD9B0B132
:1018D000079214E0A0EB080309FA03F313430493FF
:1018E000A246D2E7039B191D1B680391002BBBBFC7
:1018F0005B4242F0020207930793B8BF0492237839
:101900002E2B0AD163782A2B32D1039B1A1D1B6818
:10191000039243EAE37302340593DFF8C8A0217809
:1019200003225046DFF76CFC38B1049BA0EB0A00A1
:101930004022824013430134049314F8011B2A48C7
:101940008DF828100622DFF75BFC00283FD0274BDC
:101950001BBB039B073323F0070308330393099B47
:101960003B4409936AE70CFB02320C460120A8E7CE
:1019700000230134059319464FF00A0C204610F855
:10198000012B303A092A03D9002BC6D00591C4E7B0
:101990000CFB012104460123F0E703AB00932A4628
:1019A000134B04A93046AFF300800746781CD6D10C
:1019B0006B6ED90705D4AB899A0502D4A86DFFF7E1
:1019C000A5FAAB895B063FF51FAF09981EE703AB8D
:1019D00000932A46064B04A93046FFF7E5FCE4E7EE
:1019E000E6BA0208ECBA0208F0BA020800000000E9
:1019F0009F170208F8B50E461446054618B1036A4B
:101A00000BB9FFF71BF8A369A360A3891A0701D5D7
:101A1000236943B92146284600F02AF818B14FF04F
:101A2000FF373846F8BD23682269981A6369F6B211
:101A30008342374605DC21462846FFF761FE002831
:101A4000EDD1A368013BA36023685A1C22601E707D
:101A50006269431C9A4204D0A389DB07E1D50A2EB0
:101A6000DFD121462846FFF74BFE0028D9D0D6E724
:101A700038B5294B054618680C4618B1036A0BB9EE
:101A8000FEF7DCFFB4F90C30190722D4DA0607D4CC
:101A900009222A6043F04003A3814FF0FF3033E076
:101AA000580712D5616B41B104F14403994202D049
:101AB0002846FFF761FA00236363A38923F0240318
:101AC000A3810023636023692360A38943F0080393
:101AD000A38123694BB9A38903F42073B3F5007F75
:101AE00003D02146284600F03FF8B4F90C3013F03B
:101AF00001020AD00022A26062695242A2612269F8
:101B000042B913F08000C5D138BD990758BF62694A
:101B1000A260F4E70020F7E78401002070B50C46CE
:101B2000B1F90E10002996B015461E460DDAA389AC
:101B300013F0800F4FF0000114BF40234FF4806377
:101B4000002031602B6016B070BD6A4600F048F886
:101B50000028ECDB019901F47041A1F500535942D2
:101B600059414FF48063EBE78B89F7B59D07064633
:101B70000C4607D504F14703236023610123636109
:101B800003B0F0BD01AB6A46FFF7C8FF009F0546F2
:101B900039463046FEF710FD48B9B4F90C309A05C5
:101BA000EED423F0030343F00203A381E2E7A38909
:101BB000206043F08003A381019BC4E904075BB16B
:101BC000B4F90E10304600F01DF828B1A38923F0B7
:101BD000030343F00103A381A3891D43A581CFE73C
:101BE00038B5074D00230446084611462B60E5F73B
:101BF00028F8431C02D12B6803B1236038BD00BF15
:101C00000879002038B5064D0023044608462B60AD
:101C1000E5F71CF8431C02D12B6803B1236038BDE3
:101C200008790020F8B500BFF8BC08BC9E46704794
:0C1C3000F8B500BFF8BC08BC9E46704729
:101C4000000000000100000002000000020000008F
:101C500000000000010000000000FFFF0000800005
:101C60000000000008000800000000000000000064
:101C7000E8030000FFFFFFFFFFFFFFFFFFFFFFFF85
:101C8000FFFFFFFFFFFFFFFFFFFFFFFF0000000060
:101C9000800100008001000012AD101B0000000058
:101CA000010100000100010000000100010000002E
:101CB0005000B00018017801B0021803C8053006C2
:101CC000300C980C000000000400000000300140BF
:101CD000120500000401000000000158020D000080
:101CE0000900000000380040120300000F0000004F
:101CF00000300140120500001200000000300140D9
:101D00001205000019000000003800401205000014
:101D10001C0000000038004012050000FFFFFFFF1C
:101D20000000000000000000010000000030014041
:101D300012050000050000000030014012050000FF
:101D40000501000000000158020D0000080000001D
:101D50000038004012050000090000000038004073
:101D600012050000130000000030014012050000C1
:101D70001A00000000380040120500001D0000009D
:101D80000038004012050000FFFFFFFF00000000C8
:101D900000000000050000000038004012030000B1
:101DA000060000000030014012050000060100009E
:101DB00000000158020D00000B000000003001403F
:101DC0001205000014000000003001401205000060
:101DD0001E00000000380040120500002200000034
:101DE0000038004012050000FFFFFFFF0000000068
:101DF0000000000007000000003001401205000054
:101E00000701000000000158020D00000A00000058
:101E100000380040120500000C00000000300140B6
:101E200012050000150000000030014012050000FE
:101E30001F000000003800401205000021000000D3
:101E4000003800401203000023000000003800406A
:101E500012050000FFFFFFFF00000000000000006F
:101E600000000000004400401207000006000000CF
:101E700000800040120800000B0000000038014004
:101E80001207000014000000003801401207000093
:101E90001D0000000080004012080000FFFFFFFF4F
:101EA0000000000000000000010000000080004071
:101EB0001208000001010000004400401207000069
:101EC0000C00000000380140120700001100000063
:101ED000008000401208000013000000003801409C
:101EE000120700001C0000000080004012080000E3
:101EF000FFFFFFFF000000000000000003000000E3
:101F0000008000401208000003010000004400406F
:101F1000120700000A00000000380140120700000C
:101F20001700000000380140120700001A000000EE
:101F300000800040120800002000000000800040E7
:101F400012080000FFFFFFFF00000000000000007B
:101F500002000000008000401208000002010000A2
:101F60000044004012070000090000000038014052
:101F700012070000160000000038014012070000A0
:101F80001B0000000080004012080000210000003B
:101F90000080004012080000FFFFFFFF000000006B
:101FA000000000000000000000000040128100005E
:101FB00001000000000000401201010002000000CA
:101FC00000000040128101000300000000000040FA
:101FD0001201020005000000000000401281000014
:101FE0000600000000440140128E000007000000BF
:101FF000002C014012811000070100000048014040
:10200000128E000008000000002C01401281000028
:1020100009000000002C0140120101000A0000002C
:10202000002C0140128101000B000000002C014037
:10203000120102000F0000000000004012810000A9
:102040001300000000000040120101001600000013
:1020500000440140128E10001700000000480140AB
:10206000128E100018000000002C01401201110017
:102070001801000000440140128E00001900000009
:10208000002C01401281110019010000004801409C
:10209000128E00001A0000000000004012810100B2
:1020A0001B00000000000040120102001D000000A3
:1020B000002C0140128110001E000000002C014085
:1020C000120111001F000000002C014012811100BC
:1020D000FFFFFFFF00000000000000000A000000FA
:1020E0000074004003800000FFFFFFFF00000000BD
:1020F000000000000A00000000240140030003006B
:102100000B00000000240140038003000C000000CD
:1021100000240140030004000D00000000240140E1
:10212000038004000E0000000024014003000500AD
:102130000F00000000240140038005001100000092
:10214000002401400380020012000000002401402E
:1021500003000200130000000024014003000100FE
:102160001400000000240140038001001D00000055
:1021700000240140030000001E0000000024014074
:1021800003800000FFFFFFFF0000000000000000D0
:102190000A0000000B0000000C0000000D00000011
:1021A0000E0000000F0000001100000012000000EF
:1021B00013000000140000001D0000001E000000BD
:1021C0000000000001000000020000000300000009
:1021D00004000000050000000600000007000000E9
:1021E00008000000090000000A0000000B000000C9
:1021F0000C0000000D0000000E0000000F000000A9
:102200001000000011000000120000001300000088
:102210001400000015000000160000001700000068
:1022200018000000190000001A0000001B00000048
:102230001C0000001D0000001E0000001F00000028
:102240002000000021000000220000002300000008
:102250002400000025000000260000002D000000E2
:102260002E0000002F0000003300000001000200DB
:102270000400060008000A000C00100020004000C6
:102280008000000102010403020408100400400061
:1022900000040000001000B0002000B4004000B8AE
:1022A0000100000002000004040000080800000C07
:1022B0001000001020000014400000188000001CD6
:1022C0000001002000020024000400280008002C67
:1022D0000010003000200034004000380080003C36
:1022E0000000014000000244010000000200000064
:1022F00004000000080000001000000020000000A2
:10230000400000008000000000010000000200000A
:102310000004000000080000001000000020000081
:1023200000400000008000000100000002000000EA
:102330000400000008000000100000002000000061
:1023400040000000800000000001000000020000CA
:102350000004000000080000001000000020000041
:102360000040000000800000A0860100400D030036
:10237000801A060000350C0040420F0080841E00C9
:1023800000093D0000127A000024F40000366E01BE
:102390000048E801006CDC020000000000000000C2
:1023A000000000000000000000000000000000002D
:1023B000000000000000000001000000020000001A
:1023C0000300000004000000010000000300000002
:1023D00005000000010000000100000006000000F0
:1023E0000A000000200000000200000004000000BD
:1023F0000800000010000000400000008000000005
:1024000000010000000200005F6D61696E002F6333
:102410006F6E746163747333002F6368616E6E65F1
:102420006C7332002F6164765F626C6F6273002F91
:102430006E65775F7072656673002F6E6F64655F9F
:102440007072656673005B4D616C666F726D65647A
:10245000207061636B65742066696C746572656475
:102460005D004F4B004E4F4E414D4500697A4F483D
:102470003663584E366D724A356532366F52584E55
:1024800063673D3D005075626C69630032332D4DCA
:1024900061792D32303236005365656564205769A5
:1024A0006F2045352044657620426F617264007666
:1024B000312E302E312D623033646430610072650C
:1024C000626F6F74007265736574007365742000C9
:1024D00070696E200020203E2070696E2069732094
:1024E0006E6F7720253036640A0020204572726FA7
:1024F000723A20756E6B6E6F776E20636F6E6669D1
:10250000673A2025730A0072656275696C64002061
:10251000203E20657261736520616E642072656281
:1025200075696C6420646F6E650020204572726F5F
:10253000723A206572617365206661696C6564003A
:1025400065726173650020203E20657261736520AD
:10255000646F6E65006C73005573657244617461DD
:102560002F004C697374696E672066696C6573200F
:10257000696E2025730A005B6469725D20205573C3
:1025800065724461746125732F25730A005B666967
:102590006C655D20557365724461746125732F25E8
:1025A0007320282564206279746573290A005B64AE
:1025B00069725D20204578747261465325732F251A
:1025C000730A005B66696C655D20457874726146CC
:1025D0005325732F25732028256420627974657331
:1025E000290A0063617400496E76616C6964207029
:1025F0006174682070726F76696465642C206D75F3
:1026000073742073746172742077697468205573D1
:102610006572446174612F206F7220457874726115
:1026200046532F00726D2000496E76616C696420FC
:10263000706174682070726F7669646564004669C1
:102640006C652072656D6F766564004661696C65C6
:102650006420746F2072656D6F76652066696C65A5
:102660000020204572726F723A20756E6B6E6F7724
:102670006E20636F6D6D616E6400020408100000CF
:102680000000000000000000B57800080000000015
:10269000000000008DBB0008BF7B0008D975000852
:1026A000DB750008DD750008DF750008E1750008BE
:1026B000E5750008037600089177000839B5000831
:1026C00049AB00080D760008ED750008F1750008AB
:1026D0004376000847760008F9750008AD7E0008CB
:1026E000697E0008117600086FC7000865CA0008F7
:1026F000ADD00008D7760008B1C7000823CD000888
:10270000FB750008FD7500082B7C0008A57C0008FF
:102710000DC8000869C80008F7C90008FF7500085F
:102720001B760008597B00088D7B00082B7600087B
:10273000397600081F7D00080F80000833780008F4
:10274000ED7700082D7A0008618500088B85000868
:10275000B7850008F98500087176000891760008B1
:10276000D57600086B82000859760008538300086C
:10277000757D0008B9780008ABCA00088986000892
:1027800089860008497B0008337B0008097B000824
:10279000257B0008177B0008FB7A000860AFFFFF6D
:1027A000000000000D7B0008297B00081B7B00084F
:1027B000FF7A0008689B0600689B060088420D00AF
:1027C00088420D00F0010E00F0010E000000000034
:1027D00000000000FBA40008000000000000000052
:1027E00071A5000817A500084E6F74206176616915
:1027F0006C61626C65004552524F523A20726164BE
:10280000696F20696E6974206661696C65643A203D
:1028100000000000000000000000000067A80008A1
:10282000000000000000000065A80008AFA8000834
:10283000310A0108311E0108771E0108811E0108B6
:10284000750001089533010819070108653301086F
:102850000306010863110108890C01082904010815
:1028600017040108F9FF000825270108A52601081B
:10287000952C01081D2F0108332F010833FA000899
:1028800051FD0008EB2C010811260108F127010871
:10289000C1280108290D0108390C0108D9060108D1
:1028A000B5000108B50201084902010877040108D2
:1028B0006304010861020108910001085D06010836
:1028C000250601085100010811080108A1040108AA
:1028D0006B020108D705010821FA000829FA00084F
:1028E00021FA000829FA000821FA000829FA00084C
:1028F00079FD0008ED030108890E0108690501084A
:1029000073020108EDFB000869FB0008212401089F
:10291000ED2401082DFB000885FB000825FC0008BC
:10292000DDFE000819FF00080000000000000000A4
:10293000C1E700081DE8000885E8000813A90008A1
:102940002DEA000855E9000899E80008F1E80008B8
:10295000BDA70008F9E70008C5E8000809E8000875
:10296000FBA8000815A800081DA80008FDA700087E
:102970009FA90008B5A70008BFA80008B9E800088B
:10298000C3A70008C5A70008000000000000000061
:1029900025A80008E5A80008C7A800080000000056
:1029A000000000003DA8000841A8000845A8000854
:1029B00047A800084BA800084FA8000853A8000823
:1029C00057A800080000000000000000A3A80008AD
:1029D00075A700087DA7000881A700085DA800086A
:1029E00085A7000887A70008D5A7000893A80008B6
:1029F00089A700088BA700088FA70008CFA70008A9
:102A000091A70008F9A7000895A7000899A7000852
:102A10009DA70008A1A70008A9A70008ADA7000866
:102A2000C9A700080100000000000000000000002D
:102A30000000000000000000000000000200000094
:102A40000100000000000000000000000000000085
:102A50000000000004000000000000000100000071
:102A60000000000000000000000000000000000066
:102A70000000000000000000000000000000000056
:102A8000000000000400000005000000FFFFFFFF41
:102A9000FFFFFFFFFFFFFFFF00000000000000003E
:102AA0000000000039AB0008D9750008DB7500088C
:102AB000DD750008DF750008E1750008E5750008A0
:102AC0003FAB000851AB000845AB000849AB00081C
:102AD0003BAB0008ED750008F17500087065E18FEB
:102AE000D9FABB70C1ED90DCA19907DE698C88B77B
:102AF00009EA146EAFD93D9B830C7B60C4681193C7
:102B0000C79BBC39945BA8064104BB618F8FD7A8D3
:102B10004A0AF6F57033D6E8DDCD6471001EC77140
:102B200075B0918ED206F9AE04EC136D6D5D431550
:102B3000BB26305427F645B492E9350C100000004E
:102B400000000000000000008DBB000839AB000849
:102B5000D9750008DB750008DD750008DF75000811
:102B6000E1750008E57500083FAB000851AB0008AF
:102B700039B5000849AB00083BAB0008ED7500080B
:102B8000F1750008DDB40008F5B40008F975000817
:102B900009B50008F9B40008FDB4000801B5000843
:102BA000E1B40008E3B40008E5B40008E7B40008A5
:102BB000EBB40008FB750008FD750008EDB40008D3
:102BC000EFB4000805B50008F1B40008F3B400083C
:102BD0003031323334353637383941424344454653
:102BE00000000000000000000000000051C60008C6
:102BF00057C600084DC600085DC6000861C600083B
:102C000005C7000865C60008696E76616C69645F77
:102C10007574663800656D7074795F7465787400DA
:102C200074696D657374616D70006C6F775F636F4D
:102C30006E666964656E636500636C690073686FD6
:102C400072745F7061796C6F6164007369676E653F
:102C5000645F706565720025733A20000000000013
:102C6000000000008DBB000839AB0008D9750008D2
:102C7000DB750008DD750008DF750008E1750008E8
:102C8000E57500083FAB000851AB000839B50008F6
:102C900049AB00083BAB0008ED750008F175000872
:102CA000DDB40008F5B40008F975000809B500089E
:102CB000F9B40008FDB400086FC7000865CA000831
:102CC000ADD00008E5B40008B1C7000823CD000866
:102CD000FB750008FD750008EDB40008EFB40008AE
:102CE0000DC8000869C80008F7C90008FF7500088A
:102CF0004DC7000851C7000855C7000857C700084E
:102D00005BC700085FC7000800000000000000006B
:102D1000000000006DC90008000000000000000075
:102D20000000000061C70008000000000000000073
:102D3000000000000000000063C7000865C700082D
:102D40000000000000000000ABCA00085DC80008D9
:102D50005DC8000867C700086BC7000825732F25EA
:102D6000732E6964000000000000000000000000F5
:102D70003BE2000871E200087BE20008EFE1000896
:102D800081E1000811E1000815E1000819E10008DF
:102D900043E2000899E20008F5E100080000F0C0F5
:102DA000000020C1000048C1000070C100008CC1BB
:102DB0000000A0C100000000000000001DEC0008A1
:102DC00031EC0008000000000000000033EE0008B5
:102DD00075EE00080DE10008D7EE0008B1EC000820
:102DE000B9EC0008D3EC000833D5010855D501082B
:102DF0000000000000000000ADF80008BFF9000866
:102E0000B1F90008A3F9000895F9000855F9000880
:102E100049F9000843F9000839F800083FF90008AB
:102E20003BF9000829F90008C5F800081FF9000857
:102E3000D1F8000819F90008CBF80008AFF800082D
:102E4000CDF9000807F90008F7F80008F3F80008C2
:102E500061F80008F53601080000000000000000DD
:102E600031FA000875FB0008310A0108311E01081B
:102E7000771E0108811E01087500010895330108BD
:102E800019070108653301080306010863110108E9
:102E9000890C01082904010817040108F9FF00083A
:102EA00025270108A5260108952C01081D2F0108DA
:102EB000332F010833FA000851FD0008EB2C0108FC
:102EC00011260108F1270108C1280108290D010870
:102ED000390C0108D9060108B5000108B50201083E
:102EE000490201087704010863040108610201082E
:102EF000910001085D06010825060108510001083E
:102F000011080108A10401086B020108D705010896
:102F100021FA000829FA000821FA000829FA000815
:102F200021FA000829FA000879FD0008ED030108DC
:102F3000890E01086905010873020108EDFB00080C
:102F400069FB000821240108ED2401082DFB00087D
:102F500085FB000825FC0008DDFE000819FF0008BD
:102F6000000000000000000071FC0008CFFC000819
:102F7000BDFC0008DDFC000875FC000855F90008E0
:102F800049F9000843F9000839F800083FF900083A
:102F90003BF9000829F90008C5F800081FF90008E6
:102FA000D1F8000819F90008CBF80008AFF80008BC
:102FB000CDF9000807F90008F7F80008F3F8000851
:102FC00061F80008F53601080024F4000100000053
:102FD000535831323631000000000000000000007C
:102FE00015FE000865FF0008310A0108311E0108BE
:102FF000771E0108811E010875000108953301083C
:103000001907010865330108030601086311010867
:10301000890C01082904010817040108F9FF0008B8
:1030200025270108A5260108952C01081D2F010858
:10303000332F01084900010851FD0008EB2C01085D
:1030400011260108F1270108C1280108290D0108EE
:10305000390C0108D9060108B5000108B5020108BC
:1030600049020108770401086304010861020108AC
:10307000910001085D0601082506010851000108BC
:1030800011080108A10401086B020108D705010815
:103090001124010819240108112401081924010828
:1030A000112401081924010879FD0008ED03010825
:1030B000890E01086905010873020108C12301088E
:1030C000F123010821240108ED24010863200108EF
:1030D00017FE00088BFE0008DDFE000819FF00083F
:1030E00022FB120011032100110621032202140603
:1030F000110B120B110E120E11141116220B1315B7
:103100002111240D211421162215231541134114D8
:10311000331452136116521653166316641674163E
:103120000000000000000000B1020108F3050108E2
:10313000310A0108311E0108771E0108811E0108AD
:103140007500010895330108190701086533010866
:103150000306010863110108890C0108290401080C
:10316000170401080333010825270108A5260108D3
:10317000952C01081D2F0108332F01080F3301087A
:1031800015330108EB2C010811260108F12701086D
:10319000C1280108290D0108390C0108D9060108C8
:1031A000B5000108B50201084902010877040108C9
:1031B0006304010861020108910001085D0601082D
:1031C000250601085100010811080108A1040108A1
:1031D0006B020108D7050108112401081924010810
:1031E00011240108192401081124010819240108D7
:1031F000F1320108ED030108890E01086905010893
:1032000073020108C1230108F123010821240108E8
:10321000ED24010863200108212D30333639000FD9
:10322000060300122436480416283A4C081A2C3E8D
:103230000C1E304210223446011325374905172948
:103240003B4D091B2D3F0D1F314311233547021400
:1032500026384A06182A3C4E0A1C2E400E203244BC
:10326000031527394B07192B3D4F0B1D2F410F21FC
:1032700033450108AC000000000000000000000021
:103280000000000000000000D7320108E33201080E
:10329000E9320108F1320108E332010895330108EF
:1032A000DD32010865330108E3320108E332010829
:1032B000F7320108FD320108E33201080333010847
:1032C0000333010803330108F1320108F132010828
:1032D000093301080F33010815330108F7320108DB
:1032E000FD3201081B3301081B3301082B33010891
:1032F00031330108313301083933010845330108FE
:103300004533010849330108FD320108FD32010847
:10331000E33201084F330108E3320108E3320108C8
:103320004F33010855330108593301085B33010855
:10333000593301085D330108593301085D33010831
:10334000593301085D330108F13201084F33010898
:103350005F330108E332010800000000302112034E
:10336000120330210312213021300312437034073D
:103370002516526152612516340743700734704395
:103380006152162516256152704307343407437085
:103390005261251625165261437034077043073475
:1033A0001625615261521625073470430000000053
:1033B000000000000000000000000000000000000D
:1033C00000000000000000000000000000000000FD
:1033D00000000000000000000000000000000000ED
:1033E00000000000000000000000000000000000DD
:1033F0000000000000000000EB360108EB36010879
:10340000ED360108EF360108EB360108F136010808
:10341000F53601080000000000000000293701080F
:10342000493701081D380108253701085D370108B3
:10343000B5390108DD3B0108213801080000000012
:103440000000000000000000000000001D3801081E
:103450000000000000000000B5390108DD3B010854
:10346000213801080001020408102040801B3600AA
:103470001B362D6C775A4152096AD53036A538BFB4
:1034800040A39E81F3D7FB7CE339829B2FFF8734D7
:103490008E4344C4DEE9CB547B9432A6C2233DEE76
:1034A0004C950B42FAC34E082EA16628D924B27659
:1034B0005BA2496D8BD12572F8F66486689816D4A4
:1034C000A45CCC5D65B6926C704850FDEDB9DA5ED7
:1034D000154657A78D9D8490D8AB008CBCD30AF7B6
:1034E000E45805B8B34506D02C1E8FCA3F0F02C161
:1034F000AFBD0301138A6B3A9111414F67DCEA9724
:10350000F2CFCEF0B4E67396AC7422E7AD3585E227
:10351000F937E81C75DF6E47F11A711D29C5896FEF
:10352000B7620EAA18BE1BFC563E4BC6D279209A33
:10353000DBC0FE78CD5AF41FDDA8338807C731B150
:103540001210592780EC5F60517FA919B54A0D2DE3
:10355000E57A9F93C99CEFA0E03B4DAE2AF5B0C839
:10356000EBBB3C83539961172B047EBA77D626E1D7
:1035700069146355210C7D637C777BF26B6FC530DA
:1035800001672BFED7AB76CA82C97DFA5947F0ADE9
:10359000D4A2AF9CA472C0B7FD9326363FF7CC34BB
:1035A000A5E5F171D8311504C723C31896059A070C
:1035B0001280E2EB27B27509832C1A1B6E5AA052B7
:1035C0003BD6B329E32F8453D100ED20FCB15B6AD5
:1035D000CBBE394A4C58CFD0EFAAFB434D3385457B
:1035E000F9027F503C9FA851A3408F929D38F5BCB3
:1035F000B6DA2110FFF3D2CD0C13EC5F974417C459
:10360000A77E3D645D197360814FDC222A90884655
:10361000EEB814DE5E0BDBE0323A0A4906245CC2E7
:10362000D3AC629195E479E7C8376D8DD54EA96C1E
:1036300056F4EA657AAE08BA78252E1CA6B4C6E818
:10364000DD741F4BBD8B8A703EB5664803F60E6174
:103650003557B986C11D9EE1F8981169D98E949BA2
:103660001E87E9CE5528DF8CA1890DBFE64268414F
:10367000992D0FB054BB16000000000000000000A0
:10368000000000000000000000000000000000003A
:10369000000000000000000000000000000000002A
:1036A0001B132C0AA3E59CEDA72963085D210621C5
:1036B000EBFFFFFFFFFFFFFFFFFFFFFFFFFFFFFF2E
:1036C0000F000000EDD3F55C1A631258D69CF7A2E8
:1036D000DEF9DE1400000000000000000000000021
:1036E00000000010A3DDB7A5B38ADE6DF552517757
:1036F000809FF0207DE3AB648E4EEA6665768BD7C3
:103700000F5F87670100000000000000000000005C
:1037100000000000000000000000000000000000A9
:1037200000000000586666666666666666666666DF
:103730006666666666666666666666666666666629
:10374000666666661AD5258F602D56C9B2A725957F
:1037500060C72C695CDCD6FD31E2A4C0FE536ECD9F
:10376000D336692159F1B226949BD6EB56B18382A8
:103770009A14E00030D1F3EEF2808E19E7FCDF56A8
:10378000DCD90624A3785913CA4DEB75ABD8414157
:103790004D0A700098E879777940C78C73FE6F2BDB
:1037A000EE6C0352000000000000000035440108E8
:1037B00055440108BD430108C1430108C543010840
:1037C000394601089D4601081D4401083747010894
:1037D00067470108982F8A4291443771CFFBC0B5E3
:1037E000A5DBB5E95BC25639F111F159A4823F92CC
:1037F000D55E1CAB98AA07D8015B8312BE85312425
:10380000C37D0C55745DBE72FEB1DE80A706DC9BE5
:1038100074F19BC1C1699BE48647BEEFC69DC10F91
:10382000CCA10C246F2CE92DAA84744ADCA9B05CCD
:10383000DA88F97652513E986DC631A8C82703B090
:10384000C77F59BFF30BE0C64791A7D55163CA069E
:1038500067292914850AB72738211B2EFC6D2C4DAA
:10386000130D385354730A65BB0A6A762EC9C28198
:10387000852C7292A1E8BFA24B661AA8708B4BC22E
:10388000A3516CC719E892D1240699D685350EF458
:1038900070A06A1016C1A419086C371E4C7748270F
:1038A000B5BCB034B30C1C394AAAD84E4FCA9C5B85
:1038B000F36F2E68EE828F746F63A5781478C884D6
:1038C0000802C78CFAFFBE90EB6C50A4F7A3F9BEB8
:1038D000F27871C600000000000000002D480108C9
:1038E0004D480108D3470108D7470108F5470108AB
:1038F000254D0108A34D0108DB470108434E01088F
:10390000734E01080000000022AE28D7982F8A428B
:10391000CD65EF23914437712F3B4DECCFFBC0B504
:10392000BCDB8981A5DBB5E938B548F35BC2563904
:1039300019D005B6F111F1599B4F19AFA4823F92EE
:1039400018816DDAD55E1CAB420203A398AA07D892
:10395000BE6F7045015B83128CB2E44EBE8531248C
:10396000E2B4FFD5C37D0C556F897BF2745DBE72E6
:10397000B196163BFEB1DE803512C725A706DC9B4B
:10398000942669CF74F19BC1D24AF19EC1699BE430
:10399000E3254F388647BEEFB5D58C8BC69DC10F4A
:1039A000659CAC77CCA10C2475022B596F2CE92DAA
:1039B00083E4A66EAA84744AD4FB41BDDCA9B05C42
:1039C000B5531183DA88F976ABDF66EE52513E9833
:1039D0001032B42D6DC631A83F21FB98C82703B023
:1039E000E40EEFBEC77F59BFC28FA83DF30BE0C600
:1039F00025A70A934791A7D56F8203E05163CA06B2
:103A0000706E0E0A67292914FC2FD246850AB72743
:103A100026C9265C38211B2EED2AC45AFC6D2C4D7C
:103A2000DFB3959D130D3853DE63AF8B54730A6576
:103A3000A8B2773CBB0A6A76E6AEED472EC9C281D2
:103A40003B358214852C72926403F14CA1E8BFA22D
:103A5000013042BC4B661AA89197F8D0708B4BC2CC
:103A600030BE5406A3516CC71852EFD619E892D154
:103A700010A96555240699D62A20715785350EF46C
:103A8000B8D1BB3270A06A10C8D0D2B816C1A41980
:103A900053AB4151086C371E99EB8EDF4C774827AA
:103AA000A8489BE1B5BCB034635AC9C5B30C1C39F6
:103AB000CB8A41E34AAAD84E73E363774FCA9C5B33
:103AC000A3B8B2D6F36F2E68FCB2EF5DEE828F74AE
:103AD000602F17436F63A57872ABF0A11478C88488
:103AE000EC39641A0802C78C281E6323FAFFBE90C3
:103AF000E9BD82DEEB6C50A41579C6B2F7A3F9BE1E
:103B00002B5372E3F27871C69C6126EACE3E27CA37
:103B100007C2C021C7B886D11EEBE0CDD67DDAEA58
:103B200078D16EEE7F4F7DF5BA6F1772AA67F006F7
:103B3000A698C8A2C57D630AAE0DF9BE04983F11D0
:103B40001B471C13350B711B847D0423F577DB2881
:103B50009324C7407BABCA32BCBEC9150ABE9E3C8B
:103B60004C0D109CC4671D43B6423ECBBED4C54C21
:103B70002A7E65FC9C297F59ECFAD63AAB6FCB5F65
:103B80001758474A8C19446C08C9BCF367E6096AA0
:103B90003BA7CA8485AE67BB2BF894FE72F36E3CDC
:103BA000F1361D5F3AF54FA5D182E6AD7F520E5139
:103BB0001F6C3E2B8C68059B6BBD41FBABD9831FF3
:103BC00079217E1319CDE05BB0A00E4A271BEEC40D
:103BD00078E42FAD0618432FA7D7FB3D99004D2B56
:103BE0000BDFC14F8024832B000000000000000089
:103BF00000000000000000000000000000000000C5
:103C000000000000000000000000000000000000B4
:103C100000000000000000000100010064006400DA
:103C20000000000000000000000000000000000094
:103C30000000000000000000000000000000000084
:103C40000000000000000000000000000000000074
:103C50000000000000000000000000000000000064
:103C60000000000000000000000000000000000054
:103C70000000000000000000000000000000000044
:103C80000000000000000000000000000000000034
:103C90000000000000000000000000000000000024
:103CA0000000000000000000000000000000000014
:103CB0000000000000000000000000000000000004
:103CC00000000000000000000000000000000000F4
:103CD00000000000000000000000000000000000E4
:103CE0000100010001000A000200000000000000C5
:103CF00000000000000000000000E80300000A00CF
:103D00006400E80301000000010001000000000061
:103D1000000001000000000001000000E803E803CB
:103D2000010001006400010000000000000000002C
:103D3000000000000100010102020000000000007C
:103D40000000000000000000000000000000000073
:103D50000000000000000000000000000000000063
:103D60000000000000000000000000000000000053
:103D70000000000000000000000000000000000043
:103D80000000000000000000000000000000000033
:103D90000000000000000000000004020102010019
:103DA0000000000000000006000202020400010200
:103DB00000000002000002000404020406030900DF
:103DC00000000000010000000000000000000000F2
:103DD0001F560108215601082E2E00000000000089
:103DE00000000000FB560108135701080DE1000810
:103DF000AD57010887570108A95801083357010832
:103E000033D5010855D501086C6974746C65667307
:103E100000000000000000006410B71DC8206E3BC9
:103E2000AC30D9269041DC76F4516B6B5861B24DC1
:103E30003C7105502083B8ED44930FF0E8A3D6D62B
:103E40008CB361CBB0C2649BD4D2D38678E20AA093
:103E50001CF2BDBD0000000022AE28D7982F8A4278
:103E6000CD65EF23914437712F3B4DECCFFBC0B5AF
:103E7000BCDB8981A5DBB5E938B548F35BC25639AF
:103E800019D005B6F111F1599B4F19AFA4823F9299
:103E900018816DDAD55E1CAB420203A398AA07D83D
:103EA000BE6F7045015B83128CB2E44EBE85312437
:103EB000E2B4FFD5C37D0C556F897BF2745DBE7291
:103EC000B196163BFEB1DE803512C725A706DC9BF6
:103ED000942669CF74F19BC1D24AF19EC1699BE4DB
:103EE000E3254F388647BEEFB5D58C8BC69DC10FF5
:103EF000659CAC77CCA10C2475022B596F2CE92D55
:103F000083E4A66EAA84744AD4FB41BDDCA9B05CEC
:103F1000B5531183DA88F976ABDF66EE52513E98DD
:103F20001032B42D6DC631A83F21FB98C82703B0CD
:103F3000E40EEFBEC77F59BFC28FA83DF30BE0C6AA
:103F400025A70A934791A7D56F8203E05163CA065C
:103F5000706E0E0A67292914FC2FD246850AB727EE
:103F600026C9265C38211B2EED2AC45AFC6D2C4D27
:103F7000DFB3959D130D3853DE63AF8B54730A6521
:103F8000A8B2773CBB0A6A76E6AEED472EC9C2817D
:103F90003B358214852C72926403F14CA1E8BFA2D8
:103FA000013042BC4B661AA89197F8D0708B4BC277
:103FB00030BE5406A3516CC71852EFD619E892D1FF
:103FC00010A96555240699D62A20715785350EF417
:103FD000B8D1BB3270A06A10C8D0D2B816C1A4192B
:103FE00053AB4151086C371E99EB8EDF4C77482755
:103FF000A8489BE1B5BCB034635AC9C5B30C1C39A1
:10400000CB8A41E34AAAD84E73E363774FCA9C5BDD
:10401000A3B8B2D6F36F2E68FCB2EF5DEE828F7458
:10402000602F17436F63A57872ABF0A11478C88432
:10403000EC39641A0802C78C281E6323FAFFBE906D
:10404000E9BD82DEEB6C50A41579C6B2F7A3F9BEC8
:104050002B5372E3F27871C69C6126EACE3E27CAE2
:1040600007C2C021C7B886D11EEBE0CDD67DDAEA03
:1040700078D16EEE7F4F7DF5BA6F1772AA67F006A2
:10408000A698C8A2C57D630AAE0DF9BE04983F117B
:104090001B471C13350B711B847D0423F577DB282C
:1040A0009324C7407BABCA32BCBEC9150ABE9E3C36
:1040B0004C0D109CC4671D43B6423ECBBED4C54CCC
:1040C0002A7E65FC9C297F59ECFAD63AAB6FCB5F10
:1040D0001758474A8C19446C853B8C01BDF124FF6D
:1040E000F825C30160DC3700B74C3EFFC3423D00FA
:1040F000324CA401E1A44CFF4C3DA3FF753E1F00D0
:10410000519140FF76410E00A273D6FF068A2E0021
:104110007CE6F4FF0A8A8F00341AC200B8F44C001F
:10412000818F2901BEF413FF7BAA7AFF62814400CC
:1041300079D5930056651EFFA1679B008C5943FFFC
:10414000EFE5BE01430BB500C6F089FEEE45BCFFAE
:10415000EA713CFF25FF39FF45B2B6FE80D0B300BF
:10416000761A7DFE0307D6FFF1324DFF55CBC5FF12
:10417000D387FAFF193064FFBBD5B4FE115869002C
:1041800053D19E010573620004AE3CFEAB376EFF57
:10419000D9B511FF14BCAA00929C66FE57D6AEFF9B
:1041A000727A9B01E92CAA007F08EF01D6ECEA00A5
:1041B000AF05DB00316A3DFF0642D0FF026A6EFFA9
:1041C00051EA13FFD76BC0FF4397EE00132A6CFF31
:1041D000E5557101324487FF116A0900326701FF1A
:1041E0005001A80123981EFF10A8B9013859E8FF13
:1041F00065D2FC0029FA4700CCAA4FFF0E2EEFFF34
:10420000504DEF00BDD64BFF118DF90026504CFFED
:10421000BE55750056E4AA009CD8D001C3CFA4FFB8
:1042200096424CFFAFE110FF8D5062014CDBF20073
:10423000C6A272002EDA98009B2BF1FE9BA068FFAD
:10424000B209FCFE646ED4000E05A700E9EFA3FFDF
:104250001C979D0165920AFFFE9E46FE47F9E40009
:10426000581E3200443AA0FFBF186801814281FF06
:10427000C03255FF08B38AFF26FAC9007350A00068
:1042800083E671007D5893005A44C700FD4C9E00A0
:104290001CFF760071FAFE00424B2E00E6DA2B007E
:1042A000E578BA0194442B00887CEE01BB6BC5FF16
:1042B0005435F6FF3374FEFF33BBA5000211AF0087
:1042C0004254A001F73A1E00234135FE45ECBF00E1
:1042D0002D86F501A37BDD00206E14FF3417A500A9
:1042E000BAD64700E9B06000F2EF360139598A00CA
:1042F000530054FF88A064005C8E78FE687CBE008A
:10430000B5B13EFFFA29550098822A0160FCF600FB
:1043100097973FFEEF853E0020389C002DA7BDFFFC
:104320008E85B3018356D300BBB396FEFAAA0EFF67
:10433000447115FFDEBA3BFF4207F1014506480014
:10434000569C6CFE37A759006D34DBFE0DB017FF8D
:10435000C42C6AFFEF9547FFA48C7DFF9FAD010041
:104360003329E700913E21008A6F5D01B953450072
:1043700090732E00619710FF18E41A0031D9E20003
:10438000714BEAFEC1990CFFB63060FF0E0D1A00AA
:1043900080C3F9FE45C13B00842551FE7D6A3C0087
:1043A000D6F0A901A4E34200D2A34E002534970021
:1043B000634D1A00EE9CD5FFD5C0D101492E5400A3
:1043C0001441290136CE4F00C98392FEAA6F18FF0F
:1043D000B12132FEAB26CBFF4EF77400D1DD990040
:1043E0008580B2013A2C1900C9273B01BD13FC009E
:1043F00031E5D20175BB7500B5B3B8010072DB00C1
:10440000305E9300F52938007D0DCCFEF4AD7700C9
:104410002CDD20FE54EA1400F9A0C601EC7EEAFF70
:104420008F3EDD008159D6FF378B05FE4414BFFF58
:104430000ECCB20123C3D9002F33CE0126F6A5003E
:10444000CE1B06FE9E572400D93492FF7D7BD7FFFA
:10445000553C1FFFAB0D0700DAF558FEFC233C006E
:1044600037D6A0FF85653800E02013FE9340EA00B0
:104470001A91A20172767D00F8FCFA00655EC4FF15
:10448000C68DE2FE332AB600870C09FE6DACD2FF62
:10449000C5ECC201F1419A00309C2FFF994337FFD0
:1044A000DAA522FE4AB4B300DA424701587A630023
:1044B000D4B5DBFF5C2AE7FFEF009A00F54DB7FFAC
:1044C0005E51AA0112D5D800AB5D4700345EF800FA
:1044D0001297A1FEC5D142FFAEF40FFEA230B70085
:1044E000313DF0FEB65DC300C7E40601C80511FF0B
:1044F000892DEDFF6C9404005A4FEDFF273F4DFFCF
:104500003552CF018E1676FF65E812015C1A430022
:1045100005C858FF21A88AFF95E1480002D11BFF7A
:104520002CF5A801DCED11FF1ED369FE8DEEDD0038
:104530008050F5FE6FFE0E00DE5FBE01DF09F10068
:10454000924CD4FF6CCD68FF3F75990090453000C8
:1045500023E46F00C021C1FF70D6BEFE73989700A0
:1045600017665800334AF800E2C78FFECCA265FFF9
:10457000D061BD01F5681200E6F61EFF17944500F4
:104580006E5834FEE2B559FFD02F5AFE72A150FF8B
:104590002174F800B39857FF4590B10158EE1AFF07
:1045A0003A207101014D45003B7934FF98EE5300EC
:1045B0003408C100E727E9FFC7228A00DE44AD00C6
:1045C0005B39F2FEDCD27FFFC007F6FE9723BB000B
:1045D000C3ECA5006F5DCE00D4F785019A85D1FFAD
:1045E0009BE70A00404E26007AF964011E1361FF22
:1045F0003E5BF901F8854D00C53FA8FE740A5200E4
:10460000B8EC71FED4CBC2FF3D64FCFE2405CAFFAA
:10461000775B99FF814F1D006767ABFEEDD76FFF9A
:10462000D8354500EFF01700C295DDFF26E1DE002A
:10463000E8FFB4FE765285FF39D1B1018BE88500E1
:104640009EB02EFEC2732E0058F7E5011C67BF0016
:10465000DDDEAFFE95EB2C0097E419FEDA6967000A
:104660008E55D2009581BEFFD5415EFE7586E0FF76
:1046700052C675009DDDDC00A3652400C5722500CF
:1046800068ACA6FE0BB600005148BCFF61BC10FF31
:1046900045060A00C79391FF0809730141D6AFFF91
:1046A000D9ADD100507FA600F7E504FEA7B77CFF87
:1046B0005A1CCCFEAF3BF0FF0B29F8016C2833FFEE
:1046C00090B1C3FE96FA7E008A5B4101783CDEFF22
:1046D000F5C1EF001DD6BDFF80021900509AA2005F
:1046E0004DDC6B01EACD4AFF36A667FF744809002E
:1046F000E45E2FFF1EC819FF23D659FF3DB08CFF83
:1047000053E2A3FF4B82AC00802611005F8998FF23
:10471000D77C9F014F5D000094529DFEC382FBFF3A
:1047200028CA4CFFFB7EE0009D633EFECF07E1FF01
:104730006044C3008CBA9DFF8313E7FF2A80FE000C
:1047400034DB3DFE66CB48008D070BFFBAA4D500D5
:104750001F7A770085F29100D0FCE8FF5BD5B6FFA9
:104760008F04FAFEF9D74A00A51E6F01AB09DF00DE
:10477000E57B22015C821AFF4D9B2D01C38B1CFF40
:104780003BE04E008811F7006C7920004FFABDFF26
:1047900060E3FCFE26F13E003EAE7DFF9B6F5DFFB9
:1047A0000AE6CE0161C528FF003139FE41FA0D004D
:1047B00012FB96FFDC6DD2FF05AEA6FE2C81BD007C
:1047C000EB2393FF25F78DFF488D04FF676BFF00F8
:1047D000F75A0400352C2A00021EF000043B3F006B
:1047E000584E240071A7B400BE47C1FFC79EA4FF66
:1047F0003A08AC004D210C00413F0300994D21FFC8
:10480000ACFE6601E4DD04FF571EFE01922956FF4F
:104810008ACCEFFE6C8D11FFBBF28700D2D07F00F7
:10482000442D0EFE49603E00513C18FFAA0624FFAD
:1048300003F91A0023D56D00168136FF1523E1FF19
:10484000EA3D38FF3AD906008F7C5800EC7E4200E2
:10485000D126B7FF22EE06FFAE9166005F16D300A9
:10486000C40F99FE2E54E8FF75229201E7FA4AFF21
:104870001B8664015CBBC3FFAAC67000781C2A00BB
:10488000D14643001D511F001DA86401A9ADA00021
:104890006B2375003E603BFF510C450187EFBEFF67
:1048A000DCFC1200A3DC3AFF8989BCFF53666D0073
:1048B00060064C00EADED2FFB9AECD013C9ED5FFCA
:1048C0000DF1D600AC818C005D68F200C09CFB004D
:1048D0002B751E00E1519E007FE8DA00E21CCB0040
:1048E000E91B97FF752B05FFF20E2FFF2114060021
:1048F00089FB2CFE1B1FF5FFB7D67DFE287995009E
:10490000BA9ED5FF5908E300455800FECB87E10069
:10491000C9AECB009347B800127929FE5E054E0060
:10492000E0D6F0FE2405B400FB87E701A38AD4009B
:10493000D2F974FE5881BB00130831FE3E0E90FF81
:104940009F4CD300D63352006D75E4FE67DFCBFF7A
:104950004BFC0F019A47DCFF170D5B018DA860FF30
:10496000B5B68500FA333700EAEAD4FEAF3F9E00C1
:1049700027F034019EBD24FFD528550120B4F7FF50
:1049800013661A01541861FF4515DE00948B7AFFF7
:10499000DCD5EB01E8CBFF0079399300E3079A00FF
:1049A000351693014801E100528630FE533C9DFFCD
:1049B0009148A9002267EF00C6E92F00741304FF95
:1049C000B86A09FFB781530024B0E60122674800A6
:1049D000DBA28600F52A9E00209560FEA52C9000A3
:1049E000CAEF48FED79605002A42240184D7AF00BB
:1049F00056AE56FF1AC59CFF31E887FE67B65200D7
:104A0000FD80B00199B27A00F5FA0A00EC18B20004
:104A1000896A8400281D2900321E98FF7C692600BF
:104A2000E6BF4B008F2BAA002C8314FF2C0D17FF21
:104A3000EDFF9B019F6D64FF70B518FF68DC6C0093
:104A400037D38300630CD5FF989791FFEE059F0045
:104A5000619B0800216C5100010367003E6D22FF3D
:104A6000FA9BB4002047C3FF264691019F5FF500E3
:104A700045E56501881CF0004FE019004E6E79FF96
:104A8000F8A87C00BB80F7000293EBFE4F0B84007C
:104A9000463A0C01B508A3FF4F8985FF25AA0BFFF5
:104AA0008DF355FFB0E7D7FFCC96A4FFEFD727FFD4
:104AB0002E579CFE08A358FFAC22E800422C66FF4C
:104AC0001B3629FEEC6357FF297BA90134722B00AA
:104AD000758628009B861A00E7CF5BFE238426FF9D
:104AE00013667DFE24E385FF760371FF1D0D7C00B8
:104AF00098604A015892CEFFA7BFDCFEA21258FF71
:104B0000B66417001F753400512E6A010C020700AD
:104B10004550C901D1F6AC000C308D01E0D35800EE
:104B200074E29F007A62820041ECEA01E1E209FF4F
:104B3000CFE27B0159D63B00708758015AF4CBFF76
:104B4000310B2601816CBA0059700F01652ECCFF24
:104B50007FCC2DFE4FFFDDFF334912FF7F2A65FF1B
:104B6000F115CA00A0E307006932EC004F34C5FF1D
:104B700068CAD001B40F100065C54EFF624DCB006E
:104B800029B9F10123C17C00239B17FFCF35C00059
:104B90000B7DA301F99EB9FF04833000155D6FFF03
:104BA0003D79E70145C824FFB930B9FF6FEE15FF25
:104BB000273219FF63D7A3FF57D41EFFA49305FF25
:104BC000800623016CDF6EFFC24CB2004A65B40060
:104BD000F32F3000AE192BFF52ADFD013672C0FF2E
:104BE00028375B00D76CB0FF0B380700E0E94C00BA
:104BF000D162CAFEF2197D002CC15DFECB08B10066
:104C000087B013007047D5FFCE3BB00104431A00B4
:104C10000E8FD5FE2A37D0FF3C437800C115A30084
:104C200063A473000A1476009CD4DEFEA007D9FFAB
:104C300072F54C01753B7B00B0C256FED50FB0003B
:104C40004ECECFFED5813B00E9FB1601603798FFC1
:104C5000ECFF0FFFC55954FF5D958500AEA07100B4
:104C6000EA63A9FF9874580090A453FF5F1DC6FF24
:104C7000222F0FFF637886FF05ECC100F9F77EFF56
:104C800093BB1E0032E675FF6CD9DBFFA351A6FF74
:104C90004819A9FE9B794FFF1C9B59FE077E110006
:104CA000934121012FEAFD001A3312006953C7FF17
:104CB000A3C4E60071F8A400E2FEDA00BDD1CBFF88
:104CC000A4F7DEFEFF23A50004BCF3017FB3470079
:104CD00025EDFEFF64BAF000053947FE674849FF3D
:104CE000F41251FEE5D284FFEE06B4FF0BE5AEFFF1
:104CF000E3DDC00111311C00A3D7C4FE097604FF17
:104D000033F0470071816DFF4CF0E700BCB17F00CC
:104D10007D472C011AAFF3005EA919FE1BE61D00AA
:104D20000F8B7701A8AABAFFACC54CFFFC4BBC00A7
:104D3000897CC400481660FF2D97F901DC9164005E
:104D400040C09FFF78EFE20081B2920000C07D007A
:104D5000EB8AEA00B79D920053C7C0FFB8AC48FF8A
:104D600049E180004D06FAFFBA41430068F6CF00E2
:104D7000BC208AFFDA18F200438A51FEED8179FFE8
:104D800014CF960129C710FF061480009F760500F6
:104D9000B5108FFFDC260F00174093FE491A0D0057
:104DA00057E43901CC7C80002B18DF00DB63C7009F
:104DB000164B14FF131B7E009D3ED7006E1DE600B0
:104DC000B3A7FF0136FCBE00DDCCB6FEB39E41FFAB
:104DD000519D0300C2DA9F00AADF0000E00B20FF14
:104DE00026C56200A8A4250017580701A4BA6E00C2
:104DF00060248600EAF2E500FA791300F2FE70FF03
:104E0000032F5E0109EF06FF518699FED6FDA8FF2C
:104E1000437CE000F55F4A001C1E2CFE016DDCFFA8
:104E2000B2595900FC244C0018C62EFF4C4D6F009F
:104E300086EA88FF275E1D00B948EAFF464487FFDF
:104E4000E76607FE4DE78C00A72F3A01946176FFD5
:104E5000101BE101A6CE8FFF6EB2D6FFB483A20075
:104E60008F8DE1010DDA4EFF729921016268CC004D
:104E7000AF727501A7CE4B00CAC453013A4043003C
:104E80008A2F6F01C4F780FF89E0E0FE9E70CF009B
:104E90009A64FF0186256B00C6804FFF7FD19BFF80
:104EA000A3FEB9FE3C0EF3001FDB70FE1DD94100CE
:104EB000C80D74FE7B3CC4FFE03BB8FEF259C40051
:104EC0007B104BFE9510CE0045FE3001E774DFFFEE
:104ED000D1A04101C850620025C2B8FE943F220013
:104EE0008BF041FFD99084FF38262DFEC778D20081
:104EF0006CB1A6FFA0DE0400DC7E77FEA56BA0FFF0
:104F000052DCF801F1AF8800908D17FFA98A540098
:104F1000A0894EFFE27650FF341B84FF3F608BFF79
:104F200098FA2700BC9B0F00E83396FE280FE8FF95
:104F3000F0E509FF89AF1BFF4B496101DAD40B0093
:104F40008705A2016BB9D50002F96BFF28F2460074
:104F5000DBC81900199D0D00435250FFC4F917FF1B
:104F600091149500324892005E4C940118FB410068
:104F70001FC01700B8D4C9FF7BE9A201F7AD4800F4
:104F8000A257DBFE7E8659009F0B0CFEA6691D0012
:104F9000491BE4017178B7FF42A36D01D48F0BFF69
:104FA0009FE7A801FF805A00390E3AFE59340AFFE4
:104FB000FD08A3010091D2FF0A8155012EB51B0007
:104FC0006788A0FE7EBCD1FF22236F00D7DB18FFCD
:104FD000D40BD6FE65057600E8C585FFDFA76DFF1B
:104FE000ED5056FF468B5E009EC1BF019B0F33FF05
:104FF0000FBE73004E87CFFFF90A1B01B57DE90094
:105000005FAC0DFEAAD5A1FF27EC8AFF5F5D57FFBD
:10501000BE805F007D0FCE00A6969F00E30F9EFF2F
:10502000CE9E78FF2A8D800065B278019C6D83004A
:10503000DA0E2CFEF7A8CEFFD4701C007011E4FF2E
:105040005A102501C5DE6C00FECF53FF095AF3FF4D
:10505000F3F4AC001A5873FFCD747A00BFE6C100B8
:10506000B4640B01D92560FF9A4E9C00EBEA1FFF48
:10507000CEB2B2FF95C0FB00B6FA8700F616690003
:105080007CC16DFF02D295FFA911AA0000606EFFDE
:1050900075090801327B28FFC1BD630022E3A0002F
:1050A000305046FED333EC002D7AF5FE2CAE0800CE
:1050B000AD25E9FF9E41AB007A45D7FF5A5002FF6C
:1050C000836A60FEE3728700CD3177FEB03E40FF19
:1050D000523311FFF114F3FF820D08FE80D9F3FF64
:1050E000A21B01FE5A76F100F6C6F6FF371076FFD6
:1050F000C89F9D00A31101008C6B790055A176FF1C
:10510000260095009C2FEE0009A6A6014B62B5FF74
:10511000324A1900420F2F008BE19F004C038EFF93
:105120000EEEB8000BCF35FFB7C0BA01AB20AEFF13
:10513000BF4CDD01F7AADB0019AC32FED909E9004A
:10514000CB7E44FFB75C30007FA7B7014131FE0042
:10515000103F7F01FE15AAFF3BE07FFE16303FFFA8
:105160001B4E82FE28C31D00FA8470FE23CB9000E4
:1051700068A9A800CFFD1EFF682826FE5EE458003F
:10518000CE1080FFD4377AFFDF16EA00DFC57F003C
:10519000FDB5B50191667600EC9924FFD4D948FF9E
:1051A000142618FE8A3E3E00988C0400E6DC63FF5D
:1051B0000115D4FF94C9E700F47B09FE00ABD200CF
:1051C000333A25FF01FF0EFFF4B791FE00F2A6006F
:1051D000164A840079D829005FC372FE851897FFAC
:1051E0009CE2E7FFF7054DFFF69473FEE15C51FF8B
:1051F000DE50F6FEAA7B59FF4AC78D001D1408FF3A
:105200008A8846FF5D4B5C00DD9331FE347EE20010
:10521000E57C17002E09B500CD40340183FE1C004B
:10522000979ED40083404E00CE19AB0000E68B0061
:10523000BFFD6EFE67F7A700402828012AA5F1FFF1
:105240003B4BE4FE7CF3BDFFC45CB2FF828C56FF97
:105250008D59380193C605FFCBF89EFE90A28D00B4
:105260000BACE200822A15FF01A78FFF902424FFD8
:105270003058A4FEA8AADC006247D6005BD04F00DD
:105280009F4CC901A62AD6FF45FF00FF06807DFF7F
:10529000BE018C009253DAFFD7EE48017A7F3500C9
:1052A000BD74A5FF540842FFD603D0FFD56E85001C
:1052B000C3A82C019EE74500A240C8FE5B3A6800E7
:1052C000B63ABBFEF9E48800CB864CFE63DDE9000C
:1052D0004BFED6FE50459A004098F8FEEC88CAFF77
:1052E0009D6999FE95AF1400162313FF7C79E900A0
:1052F000BAFAC6FE84E58B008950AEFFA57D440056
:1053000090CA94FEEBEFF80087B87600655E11FF57
:105310007A4846FE458292007FDEF801457F76FF9F
:105320001E52D7FEBC4A13FFE5A7C2FE751942FF05
:1053300041EA38FED5169C00973B5DFE2D1C1BFFF5
:10534000BA7EA4FF2006EF007F726301DB3402FF08
:105350006360A6FE3EBE7EFF6CDEA8014BE2AE009F
:10536000E6E2C7003C75DAFFFCF81401D6BCCC00BD
:105370001FC286FE7B45C0FFA9AD24FE37625B00DD
:10538000DF2A66FE890166009D5A1900EF7A40FF08
:10539000FC06E900073614FF5274AE00872536FF7D
:1053A0000FBA7D00E370AFFF64B4E1FF2AEDF4FFB4
:1053B000F4ADE2FEF8122100AB6396FF4AEB32FF38
:1053C000755220FE6AA8ED00CF6DD001E409BA0045
:1053D000873CA9FEB35C8F00F4AA68FFEB2D7CFF2D
:1053E0004663BA007589B700E01FD700280964003A
:1053F0001A105F0144D95700089714FF1A643AFF46
:10540000B0A5CB01347646000720FEFEF4FEF5FF82
:10541000A790C2FF7D7117FFB079B5008854D10005
:105420008A061EFF59301C00219B0EFF19F09A00BE
:105430008DCD6D0146733EFF14286BFE8A9AC7FF1F
:105440005EDFE2FF9DAB2600A3B119FE2D7603FFC0
:105450000EDE1701D1BE51FF767BE8010DD565FF49
:105460007B377BFE1BF6A50032634CFF8CD620FFFA
:10547000614143FF180C1C00AE564E0140F760001E
:10548000A08743004237F3FF93CC60FF1A0621FF49
:105490006233530199D5D0FF02B836FF19DA0B00F9
:1054A0003143F6FE129548FF0D1948002A4FD600E9
:1054B0002A0426011B8B90FF95BB170012A48400C1
:1054C000F554B8FE78C668FF7EDA60003875EAFFEA
:1054D0000D1DD6FE442F0AFFA79A84FE9826C6000B
:1054E00042B259FFC82EABFF0D6353FFD2BBFDFF85
:1054F000AA2D2A018AD17C00D6A28D000CE69C0040
:10550000662470FE0393430034D77BFFE9AB36FF7C
:1055100062893E00F7DA27FFE7DAEC00F7BF7F0089
:10552000C3925400A5B05CFF13D45EFF114AE300A0
:1055300058289901C69301FFCE43F5FEF003DAFF28
:105540003D8DD5FF61B76A00C3E8EBFE5F569A0058
:10555000D130CDFE76D1F1FFF078DF01D51D9F006F
:10556000A37F93FF0DDA5D00551844FE461450FFEB
:10557000BD058C015261FEFF6363BFFF845485FF4C
:105580006BDA74FF707A2E0069112000C2A03FFF11
:1055900044DE2701D8FD5C00B169CDFF95C9C30089
:1055A0002AE10BFF28A2730009075100A5DADB00EE
:1055B000B41600FE1D92FCFF92CFE101B48760009B
:1055C0001FA37000B10BDBFF850CC1FE2B4E320018
:1055D000417179013BD906FF6E5E180170AC6F0016
:1055E000070F600024557B00479615FFD049BC008B
:1055F000C00BA701D5F5220009E65C00A28E27FFAB
:10560000D75A1B00626159005E4FD3005A9DF000CB
:105610005FDC7E0166B0E200241EE0FE231F7F00F7
:10562000E7E8730155538200D249F5FF2F8F72FFCF
:105630004441C5003B483EFFB785ADFE5D7976FF2E
:105640003BB151FFEA45ADFFCD80B100DCF4330042
:105650001AF4D10149DE4DFFA30860FE9695D300F0
:105660009EFECB01367F8B00A1E03B00046D16FF50
:10567000DE2A2DFFD09266FFEC8EBB0032CDF5FF07
:105680000A4A59FE304F8E00DE4C82FF1EA63F00B4
:10569000EC0C0DFF31B8F400BB716600DA65FD005B
:1056A0009939B6FE20962A0019C69201EDF138000C
:1056B0008C4405005BA4ACFF4E91BAFE4334CD0090
:1056C000DBCF81016D731100368F3A0115F878FF39
:1056D000B3FF1E00C1EC42FF01FF07FFFDC030FF1A
:1056E0001345D90103D600FF40659201DF7D23FFFA
:1056F000EB49B3FFF9A7E200E1AF0A0161A23A006A
:105700006A70AB0154AC05FF858CB2FF86F58E0044
:10571000615A7DFFBACBB9FFDF4D17FFC05C6A004D
:105720000FC673FFD998F800ABB278FFE486350056
:10573000B036C101FAFB3500D50A640122C76A0000
:10574000971FF4FEACE057FF0EED17FFFD551AFF53
:105750007F2774FFAC686400FB0E46FFD4D08AFF3D
:10576000FDD3FA00B031A5000F4C7BFF25DAA0FF76
:105770005C8710010A7E72FF4605E0FFF7F98D0095
:1057800044143C01F1D2BDFFC3D9BB0197037100A2
:10579000975CAE00E73EB2FFDBB7E100171721FFD1
:1057A000CDB5500039B8F8FF43B401FF5A7B5DFF17
:1057B0002700A2FF60F834FF54428C00227FE4FFF0
:1057C000C28A0701A66EBC0015119B019ABEC6FFD6
:1057D000D6503BFF12078F00481DE201C7D9F900E0
:1057E000E8A1470195BEC900D9AF5FFE719343FFA1
:1057F0008A8FC7FF7FCC01001DB65301CEE69BFF09
:10580000BACC3C000A7D55FFE86019FFFF59F7FF4D
:10581000D5FEAF01E8C151001C2B9CFE0C450800D1
:105820009318F80012C63100863C230076F612FF6A
:105830003158FEFEE415BAFFB6417001DB1601FFD8
:10584000167E34FFBD3531FF70198F00267F37FF7C
:10585000E265A3FED0853DFF8945AE01BE7691FF8E
:105860003C62DBFFD90DF5FFFA880A0054FEE20026
:10587000C91F7D01F033FBFF1F8382FF028A32FFC5
:10588000D7D7B101DF0CEEFFFC9538FF7C5B44FFFE
:10589000487EAAFE77FF64008287E8FF0E4FB200C1
:1058A000FA83C5008AC6D00079D88BFE771224FF10
:1058B0001DC17A00102A2DFFD5F0EB01E6BEA9FF2D
:1058C000C623E4FE6EAD4800D6DDF1FF38948700B4
:1058D000C0754EFE8D5DCFFF8F419500151262FFA2
:1058E0005F2CF4016ABF4D00FE5508FED66EB0FF76
:1058F00049AD13FEA0C4C7FFED5A9000C1AC71FFC3
:10590000C89B88FEE45ADD0089314A01A4DDD7FF37
:10591000D1BD05FF69EC37FF2A1F8101C1FFEC00F3
:105920002ED93C008A58BBFFE252ECFF514597FF4D
:105930008EBE10010D8608007F7A30FF51409C001A
:10594000ABF38B00ED23F6007A8FC1FED47A920080
:105950005F29FF0157844D0004D41F00111F4E0022
:10596000272DADFE188ED9FF5F0906FFE353060011
:10597000623B82FE3E1E21000873D301A26180FFBC
:1059800007B817FE741CA8FFF88A97FF62F4F000AE
:10599000BA76820072F8EBFF69ADC801A07C47FFC0
:1059A0005E24A401AF4192FFEEF1AAFECAC6C50073
:1059B000E4478AFE2DF66DFFC2349E0085BBB00021
:1059C00053FC9AFE59BDDDFFAA49FC00943A7D00C4
:1059D000244433FE2A45B1FFA84C56FF2664CCFF71
:1059E00026352300AF136100E1EEFDFF5151870022
:1059F000D21BFFFEEB496B0008CF7300527F88007B
:105A0000546315FECF13880064A4650050D04DFF89
:105A100084CFEDFF0F030FFF21A66E009C5F55FFA3
:105A200025B96F01966A23FFA6974C00725787FF2E
:105A30009FC240000C7A1FFFE80765FEAD77620049
:105A40009A47DCFEBF3935FFA8E8A0FFE02063FFDE
:105A5000DA9CA5009799A300D90D9401C57159004E
:105A6000951CA1FECF171E006984E3FF36E65EFF9A
:105A700085ADCCFF5CB79DFF5890FCFE66215A00B7
:105A80009F610300B5DA9BFFF07277006AD635FF9D
:105A9000A5BE7301985BE1FF586A2CFFD03D7100F1
:105AA00097347C00BF1B9CFF6E36EC010E1EA6FFD8
:105AB000277FCF01E5C71C00BCE4BCFE649DEB0062
:105AC000F6DAB7016B16C1FFCEA05F004CEF930072
:105AD000CFA1750033A602FF34750AFE4938E3FFF3
:105AE00098C1E100845E88FF65BFD100206BE5FFAF
:105AF000C62BB40164D27600724399FF17581AFF7F
:105B0000599A5C01DC788CFF9072CFFFFC73FAFF2E
:105B100022CE48008A857FFF08B27C01574B610086
:105B20000FE55CFEF04383FF767BE3FE927868FF2F
:105B300091D5FF0181BB46FFDB7736000113AD0035
:105B40002D969401F8534800CBE9A9018E6B3800DB
:105B5000F7F926012DF250FF1EE96700605246005A
:105B600017C96F0051271EFFA1B74EFFC2EA21FFE0
:105B700044E38CFED8CE7400461BEBFF68904F00C8
:105B8000A4E65DFED6879C009ABBF2FEBC1483FFA0
:105B9000246DAE009F70F100056E950124A5DA001A
:105BA000A61D1301B22E49005D2B20FEF8BDED00AD
:105BB000669B8D00C95DC3FFF18BFDFF0F6F62FF18
:105BC0006C41A3FE9B4FBEFF49AEC1FEF62830FFDD
:105BD0006B580BFECA6155FFFDCC12FF71F24200FB
:105BE0006EA0C2FED012BA0051153C00BC68A7FFDF
:105BF0007CA661FED2858E0038F289FE296F820074
:105C00006F973A016FD58DFFB7ACF1FF2606C4FF41
:105C1000B9077BFF2E0BF600F56977010F02A1FF94
:105C200008CE2DFF12CA4AFF537C7301D48D9D000C
:105C30005308D1FE8B0FE8FFAC36ADFE32F784007F
:105C4000D6BDD50090B86900DFFEF800FF93F0FFE5
:105C500017BC480007333600BC19B4FEDCB400FFA3
:105C600053A01400A3BDF3FF3AD1C2FF57493C0033
:105C70006A183100F5F9DC0016ADA700760BC3FFFA
:105C8000137EED006E9F25FF3B522F00B4BB5600E4
:105C9000BC94D001642585FF0770C10081BC9CFFC6
:105CA000546A81FF85E1CA000EEC6FFF281465007D
:105CB000ACAC31FE33364AFFFBB9B8FF5D9BE0FF69
:105CC000B4F9E001E6B29200483936FEB23EB800BF
:105CD00077CD4800B9EFFDFF3D0FDA00C44338FF30
:105CE000EA20AB012EDBE400D06CEAFF143FE8FFB2
:105CF000A535C70185E405FF34CD6B004AEE8CFF66
:105D0000969CDBFEEFACB2FFFBBDDFFE208ED3FF27
:105D1000DA0F8A01F1C450001C2462FE16EAC700A3
:105D20003DEDDCFFF63925008E118EFF9D3E1A00F9
:105D30002BEE5FFE03D906FFD519F00127DCAEFF7D
:105D40009ACD30FE130DC0FFF42236FE8C109B005E
:105D5000F0B505FE9BC13C00A68004FF249138FFEE
:105D600096F0DB007833910052992A018CEC920076
:105D70006B5CF801BD0A03003F88F200D3271800CE
:105D800013CAA101AD1BBAFFD2CCEFFE29D1A2FFED
:105D9000B6FE9FFFAC743400C367DEFECD453B000A
:105DA00035162901DA30C20050D2F200D2BCCF0041
:105DB000BBA1A1FED811010088E17100FAB83F0033
:105DC000DF1E62FE4DA8A2003B35AF0013C90AFFDB
:105DD0008BE0C20093C19AFFD4BD0CFE01C8AEFF98
:105DE000328571015EB35A00ADB687005EB17100B5
:105DF0002B59D7FF88FC6AFF7B8653FE05F542FFCF
:105E000052312701DC02E0006181B1004D3B5900B5
:105E10003D1D9B01CBABDCFF5C4E8B009121B5FFA0
:105E2000A9188D013796B3008B3C50FFDA2761002B
:105E300002936BFF3CF84800ADE62F010653B6FF16
:105E40001069A2FE89D451FFB4B8860127DEA4FFF1
:105E5000DD69FB01EF707D003F0761003F68E3FFF4
:105E6000943A0C005A3CE0FF54D4FC004FD7A800F1
:105E7000F8DDC7017379010024AC780020A2BBFFD4
:105E8000396B31FF932A15006AC62B01394A570036
:105E90007ECB51FF8187C3008C1FB100DD8BC20018
:105EA00003DED7008344E700B156B2FE7C97B4000E
:105EB000B87C260146A31100F9FBB5012A37E3009F
:105EC000E2A12C0017EC6E0033958E015D05EC000D
:105ED000DAB76AFE43184D0028F5D1FFDE79990044
:105EE000A5391E00537D3C0046265201E506BC0044
:105EF0006DDE9DFF37763FFFCD97BA00E32195FF1A
:105F0000FEB0F601E3B1E300226AA3FEB02B4F001E
:105F10006A5F4E01B9F17AFFB90E3D002401CA0053
:105F20000DB2A2FFF70B8400A1E65C014101B9FFAD
:105F3000D432A5018D9240FF9EF2DA0015A47D00B7
:105F4000D58B7A0143475700CB9EB201975C2B005B
:105F5000986F05FF2703EFFFD9FFFAFFB03F47FF18
:105F60004AF54D01FAAE12FF2231E3FFF62EFBFF98
:105F70009A2330017D9D3DFF6A244EFF61EC99001C
:105F800088BB78FF7186ABFF13D5D9FED85ED1FFF1
:105F9000FC053D005E03CA00031AB7FF40BF2BFF9C
:105FA0001E171500818D4DFF66780701C24C8C00CD
:105FB000BCAF34FF11519400E8563701E130AC001A
:105FC000862A2AFFEE322F00A912FE00149357FFF3
:105FD0000EC3EFFF45F71700EEE580FFB13170000B
:105FE000A862FBFF7947F800F30891FEF6E399FFFA
:105FF000DBA9B1FEFB8BA5FF0CA3B9FFA428ABFF67
:10600000999F1BFEF36D5BFFDE18700112D6E7004F
:106010006B9DB5FEC39300FFC26368FF598CBEFF42
:10602000B1427EFE6AB9420031DA1F00FCAE9E002A
:10603000BC4FE601EE29E000D4EA0801880BB50068
:10604000A67553FF44C35E002E84C900F098580023
:10605000A43945FEA0E02AFF3BD743FF77C38DFF5D
:1060600024B479FECF2F08FFAED2DF0065C544FF10
:10607000FF528D01FA89E9006156850110504500F3
:1060800084839F00745D64002D8D8B0098AC9DFF10
:106090005A2B5B0047992E00271070FFD98861FFAB
:1060A000DCC619FEB1353100DE5886FF800F3C009A
:1060B000CFC0A9FFC074D1FF6A4ED301C8D5B7FFC6
:1060C000070C7AFEDECB3CFF216EC7FEFB6A750033
:1060D000E4E10401783A07FFDDC154FE70851B003E
:1060E000BDC8C9FF8B879600EA37B0FF3D3241003B
:1060F000986CA9FFDC5501FF7087E300A21ABA0073
:10610000CF60B9FEF4886B005D993201C6619700DB
:106110006E0B56FF8F75AEFF73D4C80005CAB7006B
:10612000EDA40AFEB9EF3E00EC7812FE627B63FF3D
:10613000A8C9C2FE2EEAD600BF8531FF63A9770049
:10614000BEBB230173152DFFF983480070067BFF4A
:10615000D631B5FEA6E922005CC566FEFDE4CDFFA2
:10616000033BC9012A622E00DB2523FFA9C32600B9
:106170005E7CC1019C2BDF005F4885FE78CEBF00AE
:106180007AC5EFFFB1BB4FFFFE2E0201FAA7BE009A
:1061900054811300CB71A6FFF91FBDFE489DCAFFB5
:1061A000D04749FFCF1848000A101201D2514CFFC6
:1061B00058D0C0FF7EF36BFFEE8D78FFC779EAFF02
:1061C000890C3BFF24DC7BFF94B33CFEF00C1D00EC
:1061D00042006101241E26FF73015DFF6067E7FF37
:1061E000C59E3B01C0A4F000CACA39FF18AE3000FA
:1061F000594D9B012A4CD700F497E9001730510004
:10620000EF7F34FEE38225FFF8745D017C84760025
:10621000ADFEC00106EB53FF6EAFE701FB1CB600FD
:1062200081F95DFE54B880004CB53E00AF80BA00E5
:10623000643588FE6D1DE200DDE93A0114634A0011
:106240000016A000860D1500093437FF11598C0087
:10625000AF223B0054A577FFE0E2EAFF0748A6FF24
:106260007B73FF0112D6F600FA074701D9DCB900AB
:10627000D4234CFF267DAF00BD61D20072EE2CFF0F
:1062800029BCA9FE2DBA9A00515C160084A0C10059
:1062900079D062FF0D512CFFCB9C5200473A15FF7D
:1062A000D072BFFE322693009AD8C300651912003F
:1062B0003CFAD7FFE984EBFF67AF8E01100E5C005C
:1062C0008D1F6EFEEEF12DFF99D9EF0161A82FFF12
:1062D000F95510011CAF3EFF39FE3600DEE77E00A7
:1062E000A62D75FE12BD60FFE44C3200C8F45E00BE
:1062F000C6987801442245FF0C41A0FE65135A0060
:10630000A7C578FF4436B9FF29DABC0071A8300070
:106310005869BD011A5220FFB95DA401E4F0EDFFF8
:1063200042B63500ABC55CFF6B09E901C77890FF49
:106330004E310AFF6DAA69FF5A041FFF1CF471FF5A
:106340004A3A0B003EDCF6FF799AC8FE90D2B2FFC3
:106350007E3981012BFA0EFF656F1C012F56F1FF6C
:106360003D4696FF354905FF1E1A9E00D11A56007C
:106370008AED4A00A45FBC008E3C1DFEA274F8FFAB
:10638000BBAFA00097121000D16F41FECB8627FF54
:10639000586C31FF831A47FFDD1BD7FE68695DFF2C
:1063A0001FEC1FFE8700D3FF8F7F6E01D449E500ED
:1063B000E943A7FEC301D0FF8411DDFF33D95A00A2
:1063C00043EB32FFDFD28F00B3358201E96AC600AA
:1063D000D9ADDCFF70E518FFAF9A5DFE47CBF6FF45
:1063E000304285FF0388E6FF17DD71FEEB6FD500B5
:1063F000AA785FFEFBDD02002D829EFE695ED9FF5A
:10640000F234B4FED5442DFF68261C00F49E4C00E7
:10641000A1C860FFCF350DFFBB439400AA36F8003A
:1064200077A2B2FF53140B002A2AC001929FA3FF48
:10643000B7E86F004DE515FF47358F001B4C220074
:10644000F6882FFFDB27B6FF5CE0C901138E0EFF35
:1064500045B6F1FFA376F500096D6A01AAB5F7FF0D
:106460004E2FEEFF54D2B0FFD56B8B0027260B00CA
:106470004815960048824500CD4D9BFE8E8515003F
:10648000476FACFEE22A3BFFB300D7012180F10049
:10649000EAFC0D01B84F08006E1E49FFF68DBD00E5
:1064A000AACFDA014A9A45FF8AF631FF9B206400A1
:1064B0007D4A69FF5A553DFF23E5B1FF3E7DC1FF8F
:1064C0009956BC014978D400D17BF6FE87D126FFCE
:1064D000973A2C015C45D6FF0E0C58FFFC99A6FF9D
:1064E000FDCF70FF3C4E53FFE37C6E00B460FCFFB9
:1064F000357521FEA4DC52FF29011BFF26A4A6FF4F
:10650000A463A9FE3D9046FFC0A612006BFA4200AC
:10651000C541320001B312FFFF6801FF2B9923FF31
:10652000506FA8006EAFA80029692DFFDB0ECDFFCC
:10653000A4E98CFE2B017600E943C300B2529FFF11
:106540008A577AFFD4EE5AFF90237CFE198CA40060
:10655000FBD72CFE85466BFF65E350FE5CA9370038
:10656000D72A310072B455FF21E81B01ACD51900C0
:106570003EB07BFE208518FFE1BF3E005D469900DE
:10658000B52A680116BFE0FFC8C88CFFF9EA2500EC
:1065900095398D00C338D0FFFE8246FF20ADF0FF55
:1065A0001DDCC7006E6473FF84E5F900E4E9DFFFDA
:1065B00025D8D1FEB2B1D1FFB72DA5FEE0617200A2
:1065C0008961A8FFE1DEAC00A50D3101D2EBCCFF63
:1065D000FC041CFE46A09700E8BE34FE53F85DFFA5
:1065E0003ED74D01AFAFB3FFA03242007930D000AB
:1065F0003FA9D1FF00D2C800E0BB2C0149A2520044
:1066000009B08FFF134CC1FF1D3BA701182B9A0047
:106610001CBEBE008DBC8100E8EBCBFFEA006DFF25
:1066200036419F003C58E8FF79FD96FEFCE983FF68
:10663000C66E2901534D47FFC8163BFE6AFDF2FFA7
:10664000150CCFFFED42BD005AC6CA01E1AC7F0078
:106650003516CA0038E684000156B7006DBE2A0020
:10666000F344AE016DE49A00C8B17A0123A0B7FFEC
:10667000B13055FF5ADAA9FFF8984E00CAFE6E00F5
:1066800006342B008E6241FF3F911600466A5D0082
:10669000E88A6B016EB33DFFD381DA01F2D15C0071
:1066A000235AD901B68F6AFF7465D9FF72FADDFFEC
:1066B000ADCC06003C96A30049AC2CFFEF6E50FF1A
:1066C000ED4C99FEA18CF90095E8E500851F28FFA7
:1066D000AEA477007133D60081E402FE4022F300BD
:1066E0006BE3F4FFAE6AC8FF5499460132231000F1
:1066F000FA4AD8FEECBD42FF99F90D00E6B204FF5C
:10670000DD29EE0076E379FF5E578CFEFE775C00B4
:1067100049EFF6FE7557800013D391FFB12EFC00B0
:10672000E55BF6014580F7FFCA4D3601080B09FF0E
:106730009960A600D9D6ADFF86C0020100CF000047
:10674000BDAE6B018C8664009EC1F301B666AB00E2
:10675000EB9A33008E057BFF3CA85901D90E5CFFF4
:1067600013D60501D3A7FE002C06CAFE7812ECFF53
:106770000F71B8FFB8DF8B0028B177FEB67B5AFFE8
:10678000B0A5B000F74DC2001BEA7800E700D6FFC5
:106790003B271E007D6391FF964444018DDEF80087
:1067A000997BD2FF6E7F98FFE521D60187DDC5007A
:1067B000896102000C8FCCFF5129BC00734F82FF0E
:1067C0005E03840098AFBBFF7C8D0AFF7EC0B3FFE1
:1067D0000B67C60095062D00DB55BB01E612B2FF24
:1067E00048B6980003C6B8FF8070E00161A1E600DA
:1067F000FE6326FF3A9FC5009742DB003B458FFFB3
:10680000B970F90077882FFF7B828400A8475FFF6B
:1068100071B02801E8B9AD00CF5D7501449D6CFFF2
:10682000660593FE3161210059416FFEF71EA3FFFB
:106830007CD9DD0166FAD800C6AE4BFE39371200AE
:10684000E305EC01E5D5AD00C96DDA0131E9EF00F2
:106850001E379E0119B26A009B6FBC015E7E8C00E0
:10686000D71FEE014DF01000D5F219012647A80000
:10687000CDBA5DFE31D38CFFDB00B4FF8676A50078
:10688000A09386FF6EBA23FFC6F32A00F392770027
:1068900086EBA30104F187FFC12EC1FE67B44FFF51
:1068A000E104B8FEF27682009287B001EA6F1E0022
:1068B0004542D5FE29607B00795E2AFFB2BFC3FF47
:1068C0002E822A00755408FFE931D6FEEE7A6D005B
:1068D00006475901ECD37B00F40D30FE77940E008F
:1068E000721C56FF4BED19FF91E510FE816435FFD8
:1068F000869678FEA89D3200174868FFE0310E00AA
:10690000FF7B16FF97B997FFAA50B80186B614000F
:1069100029646501992110004C9A6F0156CEEAFF57
:10692000C0A0A4FEA57B5DFF01D8A4FE4311AFFF6C
:10693000A90B3BFF9E293DFF49BC0EFFC30689FF03
:1069400016931DFF146703FFF682E3FF7A28800089
:10695000E22F18FE2324200098BAB7FF45CA14007E
:10696000C385C300DE33F700A9AB5E01B700A0FF0B
:1069700040CD12019C530FFFC53AF9FEFB596EFF43
:10698000320A58FE332BD80062F2C601F597710027
:10699000ABECC201C51FC7FFE5512601293B14001E
:1069A000FD68E600985D0EFFF6F292FED6A9F0FFB4
:1069B000F0666CFEA0A7EC009ADABC0096E9CAFF6C
:1069C0001B13FA01024785FFAF0C3F0191B7C600C8
:1069D000687873FF82FBF70011D4A7FF3E7B84FF2A
:1069E000F764BD009BDF98008FC521009B3B2CFF07
:1069F000965DF0017F0357FF5F47CF01A75501FF69
:106A0000BC9874FF0A17170089C35D0136626100E4
:106A1000F000A8FF94BC7F00866B97004CFDAB0094
:106A20005A84C00092163600E04236FEE6BAE5FF10
:106A300027B6C40094FB82FF41836CFE8001A00056
:106A4000A931A7FEC7FE94FFFB068300BBFE81FFB2
:106A500055523E00B2173AFFFE840500A4D5270028
:106A600086FC92FE253551FF9B865200CDA7EEFF96
:106A70005E2DB4FF8428A100FE6F7001364BD90053
:106A8000B3E6DD01EB5EBFFF17F33001CA91CBFF28
:106A900027762AFF758DFD00FE00DE002BFB3200FD
:106AA00036A9EA015044D00094CBF3FE9107870049
:106AB00006FE0000FCB97F00620881FF262348FF24
:106AC000D324DC01281A5900A840C5FE03DEEFFFDD
:106AD0000253D7FEB49F69003A73C200BA746AFFCA
:106AE000E5F7DBFF8176C100CAAEB701A6A1480079
:106AF000C96B93FEED884A00E9E66A01696FA80058
:106B000040E01E0101E503006697AFFFC2EEE4FF1F
:106B1000FEFAD400BBED790043FB6001C51E0B00FB
:106B2000B75FCC00CD598A0040DD2501FFDF1EFF95
:106B3000B230D3FFF1C85AFFA7D160FF3982DD0020
:106B40002E72C8FF3DB8420037B618FE6EB621005F
:106B5000ABBEE8FF725E1F0012DD08002FE7FE00EB
:106B6000FF705300760FD7FFAD1928FEC0C11FFF7D
:106B7000EE1592FFABC176FF65EA35FE83D4700057
:106B800059C06B0108D01B00B5D90FFFE795E8008D
:106B90008CEC7E009009C7FF0C4FB5FE93B6CAFF80
:106BA000136DB6FF31D4E1004AA3CB00AFE99400E6
:106BB0001A703300C1C109FF0F87F90096E3820004
:106BC000CC00DB0118F2CD00EED075FF16F470009A
:106BD0001AE522002550BCFF262DCEFEF05AE1FF1B
:106BE0001D032FFF2AE04C00BAF3A70020840FFFFB
:106BF00005337D008B87180006F1DB00ACE585FFCF
:106C0000F6D63200E70BCFFFBF7E5301B4A3AAFF35
:106C1000F5381801B2A4D3FF0310CA01623976FF18
:106C20008D8359FE21331800F3955BFFFD340E0070
:106C300023A943FE311E58FFB31B24FFA58CB700C8
:106C40003ABD9700581F00004BA942004265C7FF9C
:106C500018D8C70179C41AFF0E4FCBFEF0E251FFDE
:106C60005E1C0AFF53C1F0FFCCC183FF5E0F5600CC
:106C7000DA289D0033C1D10000F2B10066B9F700F7
:106C80009E6D740026875B00DFAF9500DC4201FF3C
:106C9000563CE800196025FFE17AA201D7BBA8FFA6
:106CA0009E9D2E0038ABA200E8F065017A1609001F
:106CB000330915FF3519EEFFD91EE8FE7DA99400B2
:106CC0000DE8660094092500A5618D01E483290083
:106CD000DE0FF3FFFE121100063CED016A037100A6
:106CE0003B84BD005C701E0069D0D5003054B3FFFA
:106CF000BB79E7FE1BD86DFFA2DD6BFE49EFC3FF3A
:106D0000FA1F39FF958759FFB917730103A39DFF38
:106D10001270FA001939BBFFA160A4002F10F30014
:106D20000C8DFBFE43EAB8FF2912A100AF0660FFFD
:106D3000A0AC34FE18B0B7FFC6C155017C7989FFFD
:106D4000973272FFDCCB3CFFCFEF050100266BFFD3
:106D500037EE5EFE46985E00D5DC4D01781145FFAA
:106D600055A4BEFFCBEA5100263125FE3D907C00A4
:106D7000894E31FEA8F730005FA4FC0069A98700A6
:106D8000FDE4860040A64B00514914FFCFD20A0013
:106D9000EA6A96FF5E225AFFFE9F39FEDC85630099
:106DA0008B93B4FE1817B90029391EFFBD614C0042
:106DB00041BBDFFFE0AC25FF223E5F01E790F00022
:106DC0004D6A7EFE40985B001D629B00E2FB35FF32
:106DD000EAD305FF90CBDEFFA4B0DDFE05E7180087
:106DE000B37ACD00240186FF7D4697FE61E4FC0066
:106DF000AC8117FE305AD1FF96E0520154861E0036
:106E0000F1C42E006771EAFF2E6579FE287CFAFF37
:106E1000872DF2FE09F9A8FF8C6C83FF8FA3AB00CE
:106E200032ADC7FF58DE8EFFC85F9E008EC0A3FF45
:106E3000077587006F7C1600EC0C41FE442641FF6D
:106E4000E3AEFE00F4F52600F032D0FFA13FFA00D9
:106E50003CD1EF007A2313000E21E6FE029F710061
:106E60006A147FFFE4CD600089D2AEFEB4D490FFF7
:106E700059629A0122588B00A7A27001416EC50089
:106E8000F125A900423883FF0AC953FE85FDBBFFE7
:106E9000B1702DFEC4FB0000C4FA97FFEEE8D6FFE8
:106EA00096D1CD001CF07600474C5301EC635B009B
:106EB0002AFA8301601240FF76DE230071D6CBFFF1
:106EC0007A77B8FF42132400CC40F90092598B0026
:106ED000863E870168E96500BC541A0031F98100DB
:106EE000D0D64BFFCF824DFF73AFEB00AB0289FFD3
:106EF000AF91BA0137F587FF9A56B501643AF6FFAC
:106F00006DC73CFF52CC86FFD731E6018CE5C0FF50
:106F1000DEC1FBFF51880FFFB395A2FF17271DFFAE
:106F2000075F4BFEBF51DE00F1515AFF6B31C9FFC5
:106F3000F4D39D00DE8C95FF41DB38FEBDF65AFF91
:106F4000B23B9D0130DB34006222D7001C11BBFF35
:106F5000AFA918005C4FA1FFECC8C201938FEA00F3
:106F6000E5E10701C5A80E00EB333501FD78AE0061
:106F7000C506A8FFCA75AB00A315CE0072555AFF0F
:106F80000F290AFFC21363004137D8FEA292740092
:106F900032CED4FF40921DFF9E9E830164A582FFE6
:106FA000AC1781FF7D3509FF0FC112011A310BFFAC
:106FB000B5AEC90187C90EFF64139500DB624F00AF
:106FC0002A638FFE600030FFC5F953FE68954FFFBE
:106FD000EB6E88FE52802CFF412924FE58D30A0014
:106FE000BB79BB006286C700ABBCB3FED20BEEFF21
:106FF000427B82FE34EA3D00307117FE065678FF70
:1070000077B2F5005781C900F28DD100CA725500E0
:107010009416A10067C330001931ABFF8A43820088
:10702000B6497AFE94188200D3E59A00209B9E0010
:1070300054693D00B1C209FFA65956013653BB0041
:10704000F92875FF6D03D7FF35922C013F2FB30050
:10705000C2D803FE0E54880088B10DFF48F3BAFF72
:1070600075117DFFD33AD3FF5D4FDF005A58F5FF0E
:107070008BD16FFF46DE2F000AF64FFFC6D9B20054
:10708000E3E10B014E7EB3FF3E2B7E0067942300AD
:107090008108A5FEF5F094003D338E0051D08600A6
:1070A0000F8973FFD377ECFF9FF5F8FF028688FF07
:1070B000E68B3A01A0A4FE0072558DFF31A6B6FF03
:1070C0009046540155B607002E355D0009A6A1FF74
:1070D00037A2B2FF2DB8BC00921C2CFEA95A310079
:1070E00078B2F1010E7B7FFF07F1C701BD4232FF8D
:1070F000C68F65FEBDF387FF8D1818FE4B615700E4
:1071000076FB9A01ED369C00AB92CFFF83C4F6FF6D
:107110008840710197E83900F0DA7300313D1BFFB8
:1071200040814901FCA91BFF28840A015AC9C1FFFB
:10713000FC79F001BACE29002BC661009164B7003A
:10714000CCD850FEAC964100F9E5C4FE687B49FFFF
:107150004D6860FE82B40800687B3900DCCAE5FF38
:1071600066F9D300560EE8FFB64ED100EFE1A40059
:107170006A0D20FF784911FF8643E90053FEB500F0
:10718000B7EC7001304083FFF1D8F3FF41C1E2005A
:10719000CEF164FE6486A6FFEDCAC500370D51002E
:1071A000207C66FF28E4B10076B51F01E7A086FFCA
:1071B00077BBCA00008E3CFF8026BDFFA6C99600A3
:1071C000CF781A0136B8AC000CF2CCFE8542E6004E
:1071D00022261F01B87050002033A5FEBFF33700F0
:1071E0003A4992FE9BA7CDFF646898FFC5FECFFF8A
:1071F000AD13F700EE0ACA00EF97F2005E3B27FFDF
:10720000F01D66FF0A5C9AFFE554DBFFA181500088
:10721000D05ACC01F0DBAEFF9E66910135B24CFF37
:10722000346CA80153DE6B00D3246D00763A38002D
:10723000081D1600EDA0C700AAD19D0089472F00A8
:107240008F562000C6F20200D43088015CACBA0030
:10725000E697690160BFE5008A50BFFEF0D882FF63
:10726000622B06FEA8C43100FD125B019049790033
:107270003D9227013F6818FFB8A570FE7EEB6200C3
:1072800050D562FF7B3C57FF528CF501DF78ADFF94
:107290000FC68601CE3CEF00E7EA5CFF21EE13FF4C
:1072A000A5718E01B0772600A02BA6FEEF5B6900CA
:1072B0006B3DC201190444000F8B3300A4846AFFA4
:1072C00022742EFEA85FC50089D41700489C3A009E
:1072D000897045FE96699AFFECC99D0017D49AFF04
:1072E0008852E3FEE23BDDFF5F95C000517634FF3C
:1072F000212BD7010E934BFF599C79FE0E124F00A4
:1073000093D08B0197DA3EFF9C580801D2B862FFF8
:1073100014AF7BFF6653E500DC41740196FA04FF6D
:107320005C8EDCFF22F742FFCCE1B3FE9751970061
:107330004728ECFF8A3F3E00064FF0FFB7B9B50083
:1073400076321B003FE3C0007B633A0132E09BFFD3
:1073500011E1DFFEDCE04DFF0E2C7B018D80AF00E4
:10736000F8D4C800963BB7FF93611D0096CCB500DA
:10737000FD254700915577009AC8BA000280F9FFB1
:1073800053187C000E578F00A833F5017C97E7FF58
:10739000D0F0C5017CBEB900303AF60014E9E8002F
:1073A0007D1262FF0DFE1FFFF5B182FF6C8E230080
:1073B000AB7DF2FE8C0C22FFA5A1A200CECD650014
:1073C000F7192201649139002746390076CCCBFFAA
:1073D000F200A200A5F41E00C674E200806F99FFBF
:1073E0008C36B6013C7A0FFF9B3A39013632C60023
:1073F000ABD31DFF6B8AA7FFAD6BC7FF6DA1C100AB
:107400005948F2FFCE7359FFFAFE8EFEB1CA5EFFF5
:1074100051593200076942FF19FEFFFECB4017FFAA
:107420004FDE6CFF27F94B00F17C3200EF988500AE
:10743000DDF1690093976200D5A179FEF2318900F0
:10744000E925F9FE2AB71B00B877E6FFD920A3FF8C
:10745000D0FBE401893E83FF4F4009FE5E3071009E
:10746000118A32FEC1FF1600F712C50143376800CA
:1074700010CD5FFF30254200379C3F0140524AFF4C
:10748000C83547FEEF437D001AE0DE00DF895DFF6F
:107490001EE0CAFF09DC8400C626EB01668D56009B
:1074A0003C2B5101881C1A00E92408FECFF29400FD
:1074B000A4A23F00332EE0FF72304FFF09AFE2007D
:1074C000DE03C1FF2FA0E8FFFF5D69FE0E2AE60084
:1074D0001A8A5201D02BF4001B2726FF62D07FFFAF
:1074E0004095B6FF05FAD100BB3C1CFE3119DAFF0E
:1074F000A974CDFF771278009C7493FF84356DFFDB
:107500000D0ACA006E53A7009DDB89FF060382FFA8
:1075100032A71EFF3C9F2FFF81809DFE5E03BD00B2
:1075200003A6440053DFD700965AC2010FA84100BA
:10753000E35333FFCDAB42FF36BB3C0198662DFFD2
:10754000779AE100F0F7880064C5B2FF8B47DFFF50
:10755000CC52100129CE2AFF9CC0DDFFD87BF4FF5E
:10756000DADAB9FFBBBAEFFFFCACA0FFC3341600F8
:1075700090AEB5FEBB6473FFD34EB0FF1B07C100D6
:1075800093D568FF5AC90AFF507B42011621BA0001
:10759000010763FE1ECE0A00E5EA0500351ED20093
:1075A0008A08DCFE4737A70048E1560176BEBC00DA
:1075B000FEC16501ABF9ACFF5E9EB7FE5D026CFFDC
:1075C000B05D4CFF49634FFF4A4081FEF62E4100FB
:1075D00063F17FFEF69766FF2C35D0FE3B66EA002E
:1075E0009AAFA4FF58F220006F260100FFB6BEFF3D
:1075F00073B00FFEA93C81007AEDF1005A4C3F00B8
:107600003E4A78FF7AC36E007704B200DEF2D20001
:1076100082212EFE9C282900A792700131A36FFFC2
:1076200079B0EB004CCF0EFF0319C60129EBD50052
:107630005524D601315C6DFFC8181EFEA8ECC300AE
:1076400091277C01ECC395005A24B8FF4355AAFF4B
:1076500026231AFE837C44FFEF9B23FF36C9A40038
:10766000C41675FF310FCD0018E01D017E7190002A
:107670007515B600CB9F8D00DF874D00B0E6B0FFDB
:10768000BEE5D7FF6325B5FF33158AFF19BD59FF46
:107690003130A5FE982DF700AA6CDE0050CA050017
:1076A0001B4567FECC1681FFB4FC3EFED2015BFF9A
:1076B000926EFEFFDBA21C00DFFCD5013B0821001F
:1076C000CE10F40081D330006BA0D000703BD1000D
:1076D0006D4DD8FE2215B9FFF66338FFB38B13FF4B
:1076E000B91D32FF545913004AFA62FFE12AC8FF5C
:1076F000C0D9CDFFD210A70063845F012BE639000B
:10770000FE0BCBFF63BC3FFF77C1FBFE5069360029
:10771000E8B5BD01B74570FFD0ABA5FF2F6DB4FF35
:107720007B53A50092A234FF9A0B04FF97E35AFF04
:10773000928961FE3DE929FF5E2A37FF6CA4EC00C7
:107740009844FE000A8C83FF0A6A4FFEF39E89006C
:1077500043B242FEB17BC6FF0F3E2200C5582AFF4E
:10776000955FB1FF9800C6FF95FE71FFE15AA3FF38
:107770007DD9F7001211E000804278FEC01909FFA0
:1077800032DDCD0031D44600E9FFA40002D109006A
:10779000DD34DBFEACE0F4FF5E38CE01F2B302FF75
:1077A0001F5BA401E62E8AFFBDE6DC00392F3DFFFA
:1077B0006F0B9D00B15B98001CE6620061577E0074
:1077C000C65991FFA74F6B00F94DA0011DE9E6FFD7
:1077D000961556FE3C0BC100972524FEB996F3FF83
:1077E000E4D45301AC97B400C9A99B00F43CEA006F
:1077F0008EEB040143DA3C00C0714B0174F3CFFF00
:1078000041AC9B00511E9CFF504821FE12E76DFFCA
:107810008E6B15FE7D1A84FFB0103BFF96C93A00AF
:10782000CEA9C900D079E20028AC0EFF963D5EFFDC
:1078300038399CFF8D3C91FF2D6C95FFEE919BFF9D
:10784000D1551FFEC00CD20063625DFE98109700F8
:10785000E1B9DC008DEB2CFFA0AC15FE471A1FFF31
:107860000D405DFE1C38C600B13EF801B608F100BF
:10787000A66594FF4E5185FF81DED701BCA981FF2B
:10788000E807610031703CFFD9E5FB00776C8A00A6
:1078900027137BFE8331EB008454910082E694FF32
:1078A000194ABB0005F536FFB9DBF10112C2E4FF4E
:1078B000F1CA66006971CA009BEB4F001509B2FF5F
:1078C0009C01EF00C8943D0073F7D2FF31DD8700C3
:1078D0003ABD0801232E0900514105FF349EB9FF2E
:1078E0007D742EFF4A8C0DFFD25CACFE93174700CF
:1078F000D9E0FDFE736CB4FF913A30FEDBB118FFA6
:107900009CFF3C019A93F200FD865700354BE50041
:1079100030C3DEFF1FAF32FF9CD278FFD023DEFFE3
:1079200012F8B301020A65FF9DC2F8FF9ECC65FF05
:1079300068FEC5FF4F3E0400B2AC65016092FBFFDC
:10794000410A9C000289A5FF7404E700F2D70100F8
:1079500013231DFF2BA14F003B95F601FB42B00006
:10796000C82103FF506E8EFFC3A11101E43842FF0E
:107970007B2F91FE8404A40043AEAC0019FD72007D
:1079800057615701FADC5400605BC8FF257D3B005E
:1079900013417600A134F1FFEDAC06FFB0BFFFFF4D
:1079A000014182FEDFBEE60065FDE7FF92236D0028
:1079B000FA1D4D01310013007B5A9B01165620FF22
:1079C000DAD541006F5D7F003C5DA9FF087FB600FE
:1079D00011BA0EFEFD89F6FFD51930FE4CEE00FF00
:1079E000F85C46FF63E08B00B809FF0107A4D000F4
:1079F000CD83C60157D6C70082D65F00DD95DE0075
:107A00001726ABFEC56ED5002B738CFED7B1760062
:107A100060344201759EED000E40B6FF2E3FAEFF72
:107A20009E5FBEFFE1CDB1FF2B058EFFAC63D4FF9F
:107A3000F4BB93001D3399FFE47418FE1E65CF005C
:107A400013F696FF86E705007D86E2014D41620050
:107A5000EC8221FF056E3E00456C7FFF077116002A
:107A6000911453FEC2A1E7FF83B53C00D9D1B1FF09
:107A7000E594D4FE0383B80075B1BB011C0E1FFF53
:107A8000B0665000325497FF7D1F36FF159D85FF6D
:107A900013B38B01E0E81A002275AAFFA7FCABFF25
:107AA000498DCEFE81FA2300484FEC01DCE514FF3E
:107AB00029CAADFF634CEEFFC616E0FF6CC6C3FFDC
:107AC000248D6001EC9E3BFF6A6457006EE2020069
:107AD000E3EADE009A5D77FF4A70A4FF435B02FF92
:107AE000159121FF66D689FFAFE667FEA3F6A600D3
:107AF0005DF774FEA7E01CFFDC023901ABCE540039
:107B00007BE411FF1B787700770B9301B42FE1FF23
:107B100068C8B9FEA50272004D4ED4002D9AB1FF7F
:107B200018C479FE529DB6005A10BE010C93C500D0
:107B30005FEF98FF0BEB4700569277FFAC86D600BD
:107B40003C83C400A1E181001F8278FE5FC833003E
:107B500069E7D2FF3A0994FF2BA8DDFF7CED8E0088
:107B6000C6D332FE2EF56700A4F854009846D0FF25
:107B7000B475B100464FB900F34A2000959CCF0080
:107B8000C5C4A101F535EF000F5DF6FE8BF031FFA6
:107B9000C45824FFA2267B0080C89D01AE4C67FF1D
:107BA000ADA922FED801ABFF7233110088E4C200F8
:107BB0006E9638FE6AF69F0013B84FFF964DF0FFA1
:107BC0009B50A2000035A9FF1D975600445E10008F
:107BD0005C076EFE627595FFF94DE6FFFD0A8C00AD
:107BE000D67C5CFE2376EB00593039011635A600B1
:107BF000B8903DFFB3FFC200D6F83DFE3B6EF600E5
:107C0000791551FEA603E4006A401AFF45E886FF95
:107C1000F2DC35FE2EDC55007195F7FF61B367FF8E
:107C2000BE7F0B0087D1B6005F348101AA90CEFFE2
:107C30007AC8CCFFA86492003C9095FE463C280090
:107C40007A34B1FFF6D365FFAEED08000733780054
:107C5000131FAD007EEF9CFF8FBDCB00C48058FF8B
:107C6000E985E2FF1E7DADFFC96C32007B643BFFFE
:107C7000FEA30301DD94B5FFD68839FEDEB489FF8B
:107C8000CF5836FF1C21FBFF43D63401D2D064000D
:107C900051AA5E0091283500E06FE7FE231CF4FF37
:107CA000E2C7C3FEEE11E600D9D9A4FEA99DDD000E
:107CB000DA2EA201C7CFA3FF6C73A2010E60BBFF37
:107CC000763C4C00B89F9800D1E747FE2AA4BAFF43
:107CD000BA9933FEDDABB6FFA28EAD00EB2FC1002B
:107CE000078B10015FA440FF10DDA600DBC510006C
:107CF000841D2CFF644575FF3CEB58FE2851AD00F8
:107D000047BE3DFFBB589D00E70B1700ED75A40073
:107D1000E1A8DFFF9A7274FFA398F2011820AA006D
:107D20007D6271FEA8134C00119DDCFE9B340500A2
:107D3000136FA1FF475AFCFFAD6EF0000AC679FF32
:107D4000FDFFF0FF427BD200DDC2D7FE79A311FF19
:107D5000E1076300BE31B60073098501E81A8AFFA6
:107D6000D54484002C777AFFB3623300955A6A00B9
:107D70004732E6FF0A9976FFB1461900A557CD00B4
:107D8000378AEA00EE1E6100719BCF0062997F0086
:107D9000226BDBFE7572ACFF4CB4FFFEF239B3FF11
:107DA000DD22ACFE38A231FF5303FFFF71DDBDFFC2
:107DB000BC19E4FE105859FF471CC6FE161195FF6A
:107DC000F379FEFF6BCA63FF09CE0E01DC2F990029
:107DD0006B8927016131C2FF9533C5FEBA3A0BFFAB
:107DE0006B2BE801C8060EFFB58541FEDDE4ABFF55
:107DF0007B3EE701E3EAB3FF22BDD4FEF4BBF9000A
:107E0000BE0D500182590100DF85AD0009DEC6FFBD
:107E1000427F4A00A7D85DFF9BA8C601429100009F
:107E200044662E01AC5A9A00D8804BFFA02833003C
:107E30009E111B017CF03100ECCAB0FF977CC0FFA3
:107E400026C1BE005FB63D00A3937CFFFFA533FFB4
:107E50001C2811FED7604E005691DAFE1F24CAFF7F
:107E6000560905006F29C8FFED6C6100393E2C00F2
:107E700075B80F012DF174009801DCFF9DA5BC00C1
:107E8000FA0F83013C2C7DFF41DCFBFF4B32B80035
:107E9000355A80FFE750C2FF88817F011512BBFF72
:107EA0002D3AA1FF47932200AEF90BFE238D1D0052
:107EB000EF44B1FF736E3A00EEBEB10157F5A6FF75
:107EC000BE31F7FF9253B8FFAD0E27FF92D768007F
:107ED0008EDF780095C89BFFD4CF910110B5D900F3
:107EE000AD2057FFFF23B50077DFA101C8DF5EFF9C
:107EF0004606BAFFC04355FF32A99800901A7BFF8F
:107F000038F3B3FE14448800278CBCFEFDD005FF77
:107F1000C87387012BACE5FF9C68BB0097FBA700EB
:107F2000348717009799480093C56BFE949E05FF10
:107F3000EE8FCE007E9989FF5898C5FE0744A700B2
:107F4000FC9FA5FFEF4E36FF183F37FF26DE5E0091
:107F5000EDB70CFFCECCD2001327F6FE1E4AE70089
:107F6000876C1D01B3730000757674018406FCFFF5
:107F70009181A10169438D005225E2FFEEE2E4FF09
:107F8000CCD681FEA27B64FFB979EA002D6CE700B4
:107F9000420838FF84888000ACE042FEAF9DBC0000
:107FA000E6DFE2FEF2DB4500B80E770152A23800B0
:107FB000727B1400A26755FF31EF63FE9C87D700E8
:107FC0006FFFA7FE27C4D60090264F01F9A87D00B9
:107FD0009B619CFF1734DBFF961690002C95A5FF44
:107FE000287FB700C44DE9FF7681D2FFAA87E6FF5C
:107FF000D677C600E9F02300FD3407FF756630FF31
:1080000015CC9AFFB388B1FF17020301958259FF7F
:10801000FC119F01463C1A00906B1100B4BE3CFF5E
:1080200038B63BFF6E4736FFC61281FF95E057FF1B
:10803000DF1598FF8A16B6FFFA9CCD00EC2DD0FF15
:108040004F94F2016546D100674EAE006590ACFFDB
:108050009888ED01BFC2880071507D0198048D00A1
:108060009B9635FFC474F500EF7249FE135211FF61
:108070007C7DEAFF2834BF002AD29EFF9B84A500A6
:10808000B2052A01405C28FF24554DFFB2E476007A
:10809000894260FE73E242006EF045FE976F500029
:1080A000A7AEECFFE36C6BFFBCF241FFB751FF00E2
:1080B00039CEB5FF2F22B5FFD5F09E01474B5F00AB
:1080C0009C2818FF66D25100ABC7E4FF9A22290012
:1080D000E3AF4B0015EFC3008AE55F014CC03100F0
:1080E000757B5701E3E182007D3E3FFF02C6AB0096
:1080F000FE240DFE91BACE0094FFF4FF2300A600EB
:108100001E96DB015CE4D4005CC63CFE3E85C8FFE5
:10811000C9293B007DEE6DFFB4A3EE018C7A5200BD
:10812000091658FFC59D2FFF995E3900581EB600ED
:1081300054A15500B2927C00A6A607FF15D0DF001F
:108140009CB6F2009B79B900539CAEFE9A1076FF64
:10815000BA53E801DF3A79FF1D175800237D7FFFEE
:10816000AA0595FEA40C82FF9BC41D00A160880097
:1081700007231D01A225FB00032EF2FF00D9BC003E
:1081800039AEE201CEE9020039BB88FE7BBD09FFB2
:10819000C9757FFFBA24CC00E719D800504E69009A
:1081A000138681FF94CB44008D517DFEF8A5C8FF56
:1081B000D69087009737A6FF26EB5B00152E9A0016
:1081C000DFFE96FF2399B4FF7DB01D012B621EFFD9
:1081D000D87AE6FFE9A00C0039B90CFEF07107FF70
:1081E000050910FE1A5B6C006DC6CB0008932800D1
:1081F0008186E4FF7CBA28FF726284FEA6841700A1
:1082000063452C0009F2EEFFB8353B00848166FF20
:108210003420F3FE93DFC8FF7B53B3FE8790C9FF82
:108220008D253801973CE3FF5A499C01CBACBB003C
:1082300050972FFF5E89E7FF24BF3BFFE1D1B5FFD9
:108240004AD7D5FE0676B3FF9936C1013200E70062
:10825000689D48018CE39AFFB6E210FE60E15CFF86
:108260007314AAFE06FA4E00F84BADFF355906FF0F
:1082700000B4760048AD01004008CE01AE85DF00B5
:10828000B93E85FFD60B6200C51FD000ABA7F4FF37
:1082900016E7B50196DAB900F7A96101A58BF7FFDA
:1082A0002F78950167F833003C451CFE19B3C400D4
:1082B0007C07DAFE3A6B5100B8E99CFFFC4A2400C7
:1082C00076BC43008D5F35FFDE5EA5FE2E3D35009A
:1082D000CE3B73FF2FECFAFF4A052001819AEEFF97
:1082E0006A20E20079BB3DFF03A6F1FE43AAACFF82
:1082F0001DD8B2FF17C9FC00FD6EF300C87D390020
:108300006DC060FF3473EE002679F3FFC938210099
:10831000C27682004B6019FFAA1EE6FE273FFD00D1
:10832000242DFAFFFB01EF00A0D45C012DD1ED005C
:10833000F32157FEED54C9FFD4129DFED4637FFF95
:10834000D96210FE8BACEF00A8C982FF8FC1A9FFD4
:10835000EE97C101D7682900EF3DA5FE0203F200A8
:1083600016CBB1FEB1CC16009581D5FE1F0B29FFAF
:10837000009F79FEA01972FFA250C8009D970B00C4
:108380009A864E01D836FC003067850069DCC5004E
:10839000FDA84DFE35B317001879F001FF2E60FFE0
:1083A0006B3C87FE62CDF9FF3FF977FF783BD3FF47
:1083B00072B437FE5B55ED0095D44D01384931005C
:1083C00056C696005DD1A00045CDB6FFF45A2B00ED
:1083D0001424B0007A74DD0033A72701E7013FFFC2
:1083E0000DC5860003D122FF873BCA00A7644E005B
:1083F0002FDF4C00B93C3E00B2A67B01840CA1FFEC
:108400003DAE2B00C34590007F2FBF01222C4E00B4
:1084100039EA3401FF1628FFF65E920053E480002B
:108420003C4EE0FF0060D2FF99AFEC009F15490081
:10843000B473C4FE83E16A00FFA786009F0870FF43
:108440007844C2FFB0C4C6FF7630A8FF5DA9010022
:1084500070C866014A18FE00138D04FE8E3E3F0070
:1084600083B3BBFF4D9C9BFF7756A400AAD092FF1D
:10847000D0859AFF949B3AFFA278E8FEFCD59B003A
:10848000F10D2A005E328300B3AA70008C5397FF6F
:10849000377754018C23EFFF992D4301ECAF270070
:1084A000369767FF9E2A41FFC4EF87FE5635CB0003
:1084B00095612FFED82311FF4603460167245AFF1A
:1084C000281AAD00B8300D00A3DBD9FF510601FF1B
:1084D000DDAA6CFEE9D05D0064C9F9FE562423FFD5
:1084E000D19A1E01E3C9FBFF02BDA7FE6439030058
:1084F0000D802900C5644B0096CCEBFF91AE3B008C
:1085000078F895FF5537E10072D235FEC7CC770079
:108510000EF74A013FFB81004368970187825000B4
:108520004F5937FF75E69DFF19608F00D591050003
:1085300045F1780195F35FFF722A14008348020029
:108540009A3514FF493E6D00C4669800290CCCFF93
:108550007A260B01FA0A9100CF7D9400F6F4DEFF33
:108560002920550170D57E00A2F9560147C67FFF2C
:1085700051091501622704FFCC472D014B6F89007B
:10858000EA3BE70020305FFFCC1F72011DC4B5FF3E
:1085900033F1A7FE5D6D8E0068902D00EB0CB5FFEA
:1085A0003470A4004CFECAFFAE0EA2003DEB93FF58
:1085B0002B40B9FEE97DD900F358A7FE4A310800E7
:1085C0009CCC42007CD67B0026DD76019270EC00CC
:1085D0007262B1009759C70057C57000B995A100E4
:1085E0002C60A500F8B314FFBCDBD8FE283E0D00BC
:1085F000F38E8D00E5E3CEFFACCA23FF75B0E1FF3B
:10860000526E26012AF50EFF1453610031AB0A00A9
:10861000F277780019E83D00D4F093FF047338FF37
:108620009111EFFECA11FBFFF912F5FF6375EF0020
:10863000B804B3FFF6ED33FF25EF89FFA670A6FF60
:1086400051BC21FFB9FA8EFF36BBAD00D070C90016
:10865000F62BE40168B858FFD434C4FF33756CFFBF
:10866000FE759B002E5B0FFF570E90FF57E3CC006B
:10867000531A53019F4CE3009F1BD50118976C00C0
:108680007590B3FE89D15200269F0A007385C900F8
:10869000DFB69C016EC45DFF393CE90005A769FFA8
:1086A0009AC5A4006022BAFF93852501DC63BE0051
:1086B00001A754FF1491AB00C2C5FBFE5F4E85FFBE
:1086C000FCF8F3FFE15D83FFBB86C4FFD899AA00E5
:1086D00014769EFE8C017600569E0F012DD329FF45
:1086E000930164FE71744CFFD37F6C01670F3000FF
:1086F000C110660145335FFF6B809D0089ABE900C7
:108700005A7C90016AA1B600AF4CEC01C88DACFF59
:10871000A33A6800E9B434FFF0FD0EFFA271FEFF3A
:1087200026EF8AFE342EA600F16521FE83BA9C0056
:108730006FD03EFF7C5EA0FF1FACFE0070AE38FF26
:10874000BC631BFF438AFB007D3A80019C98AEFF0F
:10875000B20CF7FFFC549E0052C50EFEACC853FF8E
:1087600025272E016ACFA70018BD220083B29000F2
:10877000CED50400A1E2D200483369FF612DBBFFD2
:108780004EB8DFFFB01DFB004FA056FF7425B200AE
:10879000524DD50152548DFFE265D401AF58C7FF49
:1087A000F55EF701AC766DFFA6B9BE0083B5780023
:1087B00057FE5DFF86F049FF20F58FFF8BA267FF14
:1087C000B36212FED9CC700093DF78FF350AF30054
:1087D000A68C96007D50C8FF0E6DDBFF5BDA01FFB3
:1087E000FCFC2FFE6D9C74FF73317F01CC57D3FFCF
:1087F00094CAD9FF1A55F9FF0EF586014C59A9FF05
:10880000F22DE6003B62ACFF724984FE4E9B31FFC5
:108810009E7E540031AF2BFF10B654FF9D6723009E
:1088200068C16DFF43DD9A00C9AC01FE08A2580083
:10883000A5011DFF7D9BE5FF1E9ADC0167EF5C0033
:10884000DC016DFFCAC601005E028E0124362C00D9
:10885000EBE29EFFAAFBD6FFB94D0900614AF20088
:10886000DBA395FFF02376FFDF7258FEC0C703003D
:108870006A2518FFC9A176FF61596301E03A67FFD5
:1088800065C793FEDE3C6300EA193B0134871B0099
:1088900066035BFEA8D8EB00E5E88800683C810031
:1088A0002EA8EE0027BF43004BA32F008F6162FF6D
:1088B00038D8A801A8E9FCFF236F16FF5C542B00F1
:1088C0001AC857015BFD9800CA3846008E084D0053
:1088D000500AAF01FCC74C00166E52FF8101C20066
:1088E0000B803D01570E91FFFDDEBE010F48AE002B
:1088F00055A356FE3A632CFF2D18BCFE1ACD0F006F
:1089000013E5D2FEF843C3006347B8009AC725FFBA
:1089100097F379FF26334BFFC95582FE2C41FA00AD
:108920003993F3FE922B3BFF591C3500215418FF5D
:10893000B33312FEBD4653000B9CB3016286770031
:108940009E6F6F00779A49FFC83F8CFE2D0D0DFF7B
:108950009AC002FE51482A002EA0B9FE2C700600D3
:1089600092D795011AB06800441C5701EC3299FF68
:10897000B380FAFECEC1BFFFA65C89FE3528EF00AA
:10898000D201CCFEA8AD23008DF32D0124326DFF62
:108990000FF2C2FFE39F7AFFB0AFCAFE463948002C
:1089A00028DF3800D0A23AFFB7625D000F6F0C00DD
:1089B0001E084CFF847FF6FF2DF2670045B50FFFC0
:1089C0000AD11E0003B37900F1E8DA017BC758FF32
:1089D00002D2CA01BC8251FF5E65D00167242D001E
:1089E0004CC118015F1AF1FFA5A2BB0024728C00D4
:1089F000CA4205FF25389300980BF3017F55E8FF25
:108A0000FA87D401B9B171005ADC4BFF45F89200E6
:108A1000326F32005C165000F42473FEA36452FFE0
:108A200019C106017F3D2400FD431EFE41ECAAFF53
:108A3000A111D7FE3FAF8C00377F04004F70E900D3
:108A40006DA028008F5307FF411AEEFFD9A98CFFB4
:108A50004E5EBDFF0093BEFF9347BAFE6A4D7FFF97
:108A6000E99DE9018757EDFFD00DEC019B6D24FFD7
:108A7000B464DA00B4A31200BE6E0901113F7BFF9B
:108A8000B388B4FFA57B7BFF90BC51FE47F06CFF21
:108A900019700BFFE3DA33FFA732EAFF724F6CFF66
:108AA0001F1373FFB7F06300E3578FFF48D9F8FF38
:108AB00066A95F0181959500EE850C01E3CC23004A
:108AC000D0731A016608EA0070588F0190F90E0001
:108AD000F09EACFE64707700C28D99FE283853FF7B
:108AE00079B02E002A354CFF9EBF9A005BD15C0006
:108AF000AD0D10010548E2FFCCFE950050B8CF0047
:108B000064097AFE7665ABFFFCCB00FEA0CF360091
:108B10003848F901388C0DFF0A406BFE5B6534FF65
:108B2000E1B5F8018BFF8400E6911100E9381700E8
:108B30007701F1FFD5A997FF636309FEB90FBFFF66
:108B4000AD676D01AE0DFBFFB25807FE1B3B44FF46
:108B50000A2102FFF8613B001A1E9201B0930A003D
:108B60005F79CF01BC581800B95EFEFE7337C900AB
:108B700018324600783506008E429200E4E2F9FF92
:108B800068C0DE01AD44DB00A2B824FF8F6689FF18
:108B90009D0B17007D2D6200EB5DE1FE3870A0FF9C
:108BA0004674F30199F937FF81271101F150F40060
:108BB000574515015EE449FF4E4241FFC2E3E7001D
:108BC0003D9257FFAD9B17FF7074DBFED8260BFF5D
:108BD00083BA85005ED4BB00642F5B00CCFEAFFF80
:108BE000DE12D7FEAD446CFFE3E44FFF26DDD50077
:108BF000A3E396FE1FBE1200A0B30B010A5A5EFF4C
:108C0000DCAE5800A3D3E5FFC7883400825FDDFFE8
:108C10008CBCE7FE8B7180FF75ABECFE31DC14FF82
:108C20003B14ABFFE46DBC0014E120FEC310AE00AA
:108C3000E3FE880187276900964DCEFFD2EEE20061
:108C400037D484FEEF397C00AAC25DFFF910F7FF2C
:108C500018973EFF0A970A004F8BB2FF78F2CA00BE
:108C60001ADBD5003E7D23FF90026CFFE62153FF07
:108C7000512DD801E03E1100D6D97D00629999FFAF
:108C8000B3B06AFE835D8AFF6D3E24FFB27920FF98
:108C900078FC4600DCF82500CC58670180DCFBFF3F
:108CA000ECE307016A31C6FF3C386B006372EE00EB
:108CB000DCCC5E0149BB0100599A22004ED9A5FFC8
:108CC0000EC3F9FF09E6FDFFCD87F5001AFC07FF8B
:108CD00054CD1B0186027000259E2000E75BEDFF4E
:108CE000BFAACCFF9807DE006DC03100C1A692FF7D
:108CF000E813B5FF698E34FF67101B01FDC8A5009E
:108D0000C3D904FF34BD90FF7B9BA0FE578236FF82
:108D10004E783DFF0E38290019297DFF57A8F50030
:108D2000D6A54600D4A906FFDBD3C2FE485DA4FF4A
:108D3000C52167FF2B8E8D0083E1AC00F4691C0018
:108D40004444E10088540DFF823928FE8B4D3800E1
:108D500054963500365F9D00900DB1FE5F73BA00EA
:108D6000751776FFF4A6F1FF0BBA8700B26ACBFF46
:108D700061DA5D002BFD2D00A49804008B76EF00D6
:108D8000600118FEEB99D3FFA86E14FF32EFB0001C
:108D90007229E800C1FA3500FEA06FFE887A29FF2B
:108DA000616C4300D79817FF8CD1D4002ABDA30073
:108DB000CA2A32FF6A6ABDFFBE44D9FFE93A75008C
:108DC000E5DCF301C5030400257836FE049C86FF2C
:108DD000243DABFEA58864FFD4E80E005AAE0A001D
:108DE000D8C641FF0C034000747173FFF867080098
:108DF000E77D12FFA01CC5001EB82301DF49F9FF63
:108E00007B142EFE873825FFAD0DE50177A122FFEB
:108E1000F53D4900CD7D700089688600D9F61EFFBA
:108E2000ED8E8F00419F66FF6CA4BE00DB75ADFF29
:108E3000222578FEC84550001F7CDAFE4A1BA0FFA1
:108E4000BA9AC7FF47C7FC0068519F0111C82700A5
:108E5000D33DC0011AEE5B0094D90C003B5BD5FFFB
:108E60000B51B7FF81E67AFF72CB910177B442FFD5
:108E7000488AB400E0956A00775268FFD08C2B00D6
:108E80006209B6FFCD6586FF126526005FC5A6FFA5
:108E9000CBF193003ED091FF85F6FB0002A90E00B6
:108EA0000DF7B8008E07FE0024C817FF58CDDF006D
:108EB0005B8134FF15BA1E008FE4D201F7EAF8FF98
:108EC000E6451FFEB0BA87FFEECD34018B4F2B0075
:108ED00011B0D9FE20F34300F26FE9002C2309FF03
:108EE000E372510104470CFF2669BF00077532FF8A
:108EF000514F10003F4441FF9D246EFF4DF103FF91
:108F0000E22DFB018E19CE00787BD1011CFEEEFF15
:108F100005807EFF5BDED7FFA20FBF0056F0490041
:108F200087B951FE2CF1A300D4DBD2FF70A29B00C5
:108F3000CF657600A84838FFC405340048ACF2FF7E
:108F40007E169DFF92603BFFA27998FE8C105F0019
:108F5000C3FEC8FE5296A200772B91FECCAC4EFF0A
:108F6000A6E09F006813EDFFF57ED0FFE23BD50041
:108F700075D9C5009848ED00DC1F17FE0E5AE7FFB3
:108F8000BCD440013C65F6FF5518560001B16D0098
:108F9000925320014BB6C00077F1E000B9ED1BFF02
:108FA000B8655201EB254DFFFD861300E8F67A0007
:108FB0003C6AB300C30B0C006D42EB017D713B00BA
:108FC0003D28A400AF68F000022FBBFF320C8D00DB
:108FD000C28BB5FF87FA6800615CDEFFD995C9FFD7
:108FE000CBF176FF4F9743007A8EDAFF95F5EF00CD
:108FF0008A2AC8FE502561FF7C70A7FF248A57FF8C
:10900000821D93FFF1574EFFCC611301B1D116FFC2
:10901000F7E37FFE637753FFD419C60110B3B300A3
:10902000914DACFE59990EFFDABDA7006BE93BFFED
:109030002321F3FE2C7070FFA17F4F01CCAF0A00FB
:1090400028158AFE6874E400C75F89FF85BEA8FF03
:1090500092A5EA01B7632700B7DC36FEFFDE850084
:10906000A2DB79FE3FEF0600E16636FFFB12F60059
:109070000422810187248300CE323B010F61B700B7
:10908000ABD887FF65982BFF96FB5B0026915F00AE
:1090900022CC26FEB28C53FF1981F3FF4C902500A1
:1090A0006A241AFE7690ACFF44BAE5FF6BA1D5FFA7
:1090B0002EA344FF95AAFD00BB110F00DAA0A5FF67
:1090C000AB23F601600D1300A5CB7500D66BC0FF76
:1090D000F47BB10164036800B2F261FFFB4C82FFD4
:1090E000D34D2A01FA4F46FF3FF450016965F6005F
:1090F0003D883A01EE5BD5000E3B62FFA7544D0060
:1091000011842EFE39AFC5FFB93EB8004C40CF00E8
:10911000ACAFD0FEAF4A25008A1BD3FE947DC200BF
:109120000A595100A8CB65FF2BD5D101EBF53600CC
:109130001E23E2FF097E4600E27D5EFE9C7514FF61
:1091400039F87001E63040FFA45CA601E0D6E6FFE6
:1091500024788F0037082BFFFB01F5016A62A50018
:109160004A6B6AFE350436FF5AB2960103787BFFDC
:10917000F405590172FA3DFFFE9952014D0F11009D
:1091800039EE5A015FDFE600EC342FFE6794A4FF4E
:1091900079CF24011210B9FF4B144A00BB0B6500B4
:1091A0002E3081FF16EFD2FF4DEC81FF6F4DCCFFCB
:1091B0003D4861FFC7D9FBFF2AD7CC008591C9FF85
:1091C00039E69201EB64C600924923FE6CC614FF97
:1091D000B64FD2FF52678800F66CB00022113CFFF8
:1091E000134A72FEA8AA4EFF9DEF14FF9529A8000E
:1091F0003A791C004FB386FFE77987FFAED162FF53
:10920000F37ABE00ABA6CD00D47430001D6C42FFD3
:10921000A2DEB6010E771500D527F9FFFEDFE4FFC9
:10922000B7A5C60085BE30007CD06DFF77AF55FF77
:1092300009D1790130ABBDFFC347860188DB33FF1D
:10924000B65B8DFE319F48002376F5FF70BAE3FFD1
:109250003B891F00892CA30072673CFE08D596004D
:10926000A20A71FFC2684800DC8374FFB24F5C0041
:10927000CBFAD5FE5DC1BDFF82FF22FED4BC9700B4
:10928000881114FF146553FFD4CEA600E5EE49FF04
:10929000974A03FFA857D7009BBC85FFA6814900CA
:1092A000F04F85FFB2D351FFCB48A3FEC1A8A50064
:1092B0000EA4C7FE1EFFCC0041485B01A64A66FF14
:1092C000C82A00FFC271E3FF4217D000E5D864FF4F
:1092D00018EF1A000AE93EFF7B0AB2011A24AEFF1A
:1092E00077DBC7012DA3BE0010A82A00A639C6FF50
:1092F0001C1A1A007EA5E700FB6C64FF3DE579FFB0
:109300003A768A004CCF11000D2270FE5910A80049
:1093100025D069FF23C9D7FF286A65FE06EF7200D2
:109320002867E2FEF67F6EFF3FA73A0084F08E00CA
:10933000059E58FF81499EFF5E599200E6369200D5
:10934000082DAD004FA9010073BAF7005440830007
:1093500043E0FDFFCFBD40009A1C51012DB836FF00
:1093600057D4E0FF006049FF8121EB01344250FFF8
:10937000FBAE9BFF04B32500EAA45DFE5DAFFD00DC
:10938000C64557FFE06A2E00631DD2003EBC72FF47
:109390002CEA0800A9AFF7FF176D89FFE5B6270093
:1093A000C0A55EFEF565D900BF586000C45E63FFCE
:1093B0006AEE0BFE357EF3005E0165FF2E93020020
:1093C000C97C7CFF8D0CDA000DA69D0130FBEDFF02
:1093D0009BFA7CFF6A9492FFB60DCA001C3DA70061
:1093E000D99808FEDC822DFFC8E6FF01374157FF00
:1093F0005DBF61FE72FB0E0020695C011ACF8D001B
:1094000018CF0DFE153230FFBA9474FFD32BE10054
:109410002522A2FEA4D22AFF441760FFB6D608FF79
:10942000F57589FF42C332004B0C53FE508CA400EB
:1094300009A52401E46EE300F1115A011934D400A6
:1094400006DF0CFF8BF339000C714B01F6B7BFFF41
:10945000D5BF45FFE60F8E0001C3C4FF8AAB2FFFC7
:10946000403F6A0110A9D6FFCFAE3801584985FFA9
:10947000B6858C00B10E19FF93B835FF0AE3A1FF42
:1094800078D8F4FF494DE9009DEE8B013B41E9009E
:1094900046FBD80129B899FF20CB70009293FD00BC
:1094A00057656D012C5285FFF49635FF5E98E8FFF5
:1094B0003B5D27FF5893DCFF4E510D01202FFCFF31
:1094C000A01372FF5D6B27FF7610D301B977D1FF30
:1094D000E3DB7FFE5869ECFFA26E17FF24A66EFF48
:1094E0005BECDDFF42EA74006F13F4FE0AE91A0038
:1094F00020B706FE02BFF200DA9C35FE293C46FF8B
:10950000A8EC6F0079B97EFFEE8ECFFF377E340076
:10951000DC81D0FE50CCA4FF431790FEDA286CFF0C
:109520007FCAA400CB2103FF029E00002560BCFF80
:10953000C0314A006D0400006FA70AFE5BDA87FFA6
:10954000CB42ADFF96C2E200C9FD06FFAE667900D0
:10955000CDBF6E0035C2040051282DFE23668FFF5B
:109560000C6CC6FF101BE8FFFC47BA01B06E72001E
:109570008E037501714D8E00139CC5015C2FFC009C
:1095800035E816013612EB002E23BDFFECD4810026
:109590000260D0FEC8EEC7FF3BAFA4FF922BE700EE
:1095A000C2D934FF03DF0C008A36B2FE55EBCF0080
:1095B000E8CF2200313432FFA67159FF0A2DD8FFBF
:1095C0003EAD1C006FA5F60076735BFF80543C0037
:1095D000A790CB00570DF300161EE401B17192FF66
:1095E00081AAE6FEFC9981FF91E12B0046E705FF89
:1095F0007A697EFE56F694FF6E259AFED1035B00D3
:1096000044913E00E410A5FF37DDF9FEB2D25B00C5
:109610005392E2FE4592BA005DD268FE1019AD0089
:10962000E7BA2600BD7A8CFFFB0D70FF696E5D0006
:10963000FB48AA00C017DFFF1803CA01E15DE40080
:109640009993C7FE6DAA1600F865F6FFB27C0CFF71
:10965000B2FE66FE370441007DD6B400B7609300C9
:109660002D7517FE84BFF9008FB0CBFE88B736FF8B
:1096700092EAB100926556FF2C7B8F0121D19800B0
:10968000C05A29FE530F7DFFD5AC5200D7A99000D8
:10969000100D220020D164FF5412F901C511ECFF16
:1096A000D9BAE60031A0B0FF6F7661FFED68EB003C
:1096B0004F3B5CFE45F90BFF23AC4A011376440097
:1096C000DE7CA5FFB44223FF56AEF6002B4A6FFFA7
:1096D0007E9056FFE4EA5B00F2D518FE452CEBFFC6
:1096E000DCB4230008F807FF662F5CFFF0CD66FFAF
:1096F00071E6AB011FB9C9FFC2F646FF7A11BB0084
:109700008646C7FF950396FF753F670041687BFF5C
:10971000D4361301068D58005386F3FF8835670051
:10972000A91BB400B13118006F36A700C33DD7FFA5
:109730001F016C013C2A4600B903A2FFC29528FF15
:10974000F67F26FEBE7726FF3D77080160A1DBFF8E
:109750002ACBDD01B1F2A4FFF59F0A0074C400001A
:10976000055DCDFE807FB3007DEDF6FF95A2D9FFAC
:10977000572514FE8CEEC0000909C1006101E2000A
:109780001D260A0000883FFFE548D2FE26865CFFC2
:109790004EDAD001682454FF0C05C1FFF2AF3DFF43
:1097A000BFA92E01B39393FF71BE8BFE7DAC1F004A
:1097B000034BFCFED7240F00C11B1801FF4595FF8A
:1097C0006E817600CB5DF9008A8940FE2646060050
:1097D0009974DE00A14A7B00C1634FFF763B5EFFB8
:1097E0003D0C2B0192B19D002E93BF0010FF26006F
:1097F0000B331F013C3A62FF6FC24D019A5BF400CC
:109800008C289001AD0AFB00CBD132FE6C824E0059
:10981000E4B45A00AE07FA001FAE3C0029AB1E00AC
:10982000746352FF76C18BFFBBADC6FEDA6F3800A2
:10983000B97BD800F99E340034B45DFFC9095BFFE1
:10984000382DA6FE849BCBFF3AE86E0034D359FF37
:10985000FD00A2010957B70091882C015E7AF5003E
:1098600055BCAB01935CC600000868001E5FAE00EB
:10987000DDE63401F7F7EBFF89AE35FF2315CCFFAA
:1098800047E3D601E852C2000B30E3FFAA49B8FF14
:10989000C6FBFCFE2C702200836583FF48A8BB003A
:1098A00084877DFF8A6861FFEEB8A8FFF36854FFE4
:1098B00087D8E2FF8B90ED00BC89960150388CFF71
:1098C00056A9A7FFC24E19FFDC11B4FF110DC1004C
:1098D0007589D4FF8DE0970031F4AF00C163AFFF0D
:1098E00013639A01FF413EFF9CD237FFF2F403FF5E
:1098F000FA0E95009E58D9FF9DCF86FEFBE81C000E
:109900002E9CFBFFAB38B8FFEF33EA008E8A83FF53
:1099100019FEF3010AC9C2003F614B00D2EFA20059
:10992000C0C81F0175D6F3001847DEFE3628E8FFD1
:109930004CB76FFE900E57FFD64F88FFD8C4D400A7
:10994000841B8CFE8305FD007C6C13FF1CD74B0031
:109950004CDE37FEE9B63F0044ABBFFE346FDEFF9E
:109960000A694DFF50AAEB008F1858FF2DE77900C8
:109970009481E0013DF65400FD2EDBFFEF4C210009
:10998000319412FEE6254500438616FE8E9B5E004E
:109990001F9DD3FED52A1EFF04E4F7FEFCB00DFF89
:1099A00027001FFEF1F4FFFFAA2D0AFEFDDEF900DD
:1099B000DE728400FF2F06FFB4A3B301545E97FF4D
:1099C00059D152FEE534A9FFD5EC0001D638E4FFA9
:1099D000877797FF70C9C10053A035FE06974200F4
:1099E00012A21100E9615B0083054E01B57835FFD5
:1099F000755F3FFFED75B900BF7E88FF9077E90086
:109A0000B73961012FC9BBFFA7A577012D647E007F
:109A1000156206FE91965FFF78369800D162680065
:109A20008F6F1EFEB894F900EBD82E00F8CA94FF91
:109A3000395F1600F2E1A300E9F7E8FF47AB13FF37
:109A400067F431FF54675DFF4479F40152E00D0083
:109A5000294F2BFFF9CEA7FFD73415FEC02016FFE4
:109A6000F76F3C00654A26FF165B54FE1D1C0DFF78
:109A7000C6E7D7FEF49AC800DF89ED00D3840E0054
:109A80005F40CEFF113EF7FFE98379015D174D007E
:109A9000CDCC34FE51BD8800B4DB8A018F125E004C
:109AA000CC2B8CFEBCAFDB006F628FFF973FA2FF19
:109AB000D33247FE13923500922D53FEB252EEFF81
:109AC000108554FFE2C65DFFC96114FF787623FF5D
:109AD0007232E7FFA2E59CFFD31A0C00722773FFD6
:109AE000CED48600C5D9A0FF74815EFEC7D7DBFF48
:109AF0004BDFF901FD74B5FFE8D768FFE482F6FF9C
:109B0000B97556000E050800EF1D3D01ED5785FFA4
:109B10007D9289FECCA8DF002EA8F5009A69160078
:109B2000DCD4A1FF6B4518FF89DAB5FFF154C6FFFD
:109B3000827AD3FF8D0899FFBEB176006059B200DA
:109B4000FF1030FE7A6069FF7536E8FF227E69FFFC
:109B5000CC43A600E8348AFFD3930C0019360700E3
:109B60002C0FD7FE33EC2D00BE4481016A93E10037
:109B70001C5D2DFEEC8D0FFF113DA100DC73C000BC
:109B8000EC9118FE6FA8A900E03A3FFF7FA4BC004B
:109B900052EA4B01E09E8600D1446E01D9A6D9005D
:109BA00046E1A601BBC18FFF100758FF0ACD8C000C
:109BB00075C09C01113826001B7C6C01ABD737FFA8
:109BC0005FFDD4009B87A8FFF6B299FE9A444A0035
:109BD000E83D60FE69843B00214CC701BDB082FFB7
:109BE000096819FE4BC666FFE90170006CDC14FFC2
:109BF00072E646008CC285FF399EA4FE920650FF95
:109C0000A9C4610155B78200469EDE013BEDEAFF23
:109C100060191AFFE8AF61FF0B79F8FE5823C20004
:109C2000DBB4FCFE4A08E300C3E34901B86EA1FFC0
:109C300031E9A40180352F00520E79FFC1BE3A00F0
:109C400030AE75FF84172000280A8601163319FFED
:109C5000F00BB0FF6E399200758FEF019D6576FFB6
:109C600036544C00CDB812FF2F0448FF4E7055FFFC
:109C7000C13242015D1034FF086986000C6D48FF57
:109C80003A9CFB009023CC002CA075FE326BC200E6
:109C90000144A5FF6F6EA2009E5328FE4CD6EA0039
:109CA0003AD8CDFFAB6093FF28E37201B0E3F10037
:109CB00046F9B70188548BFF3C7AF7FE8F0975FF90
:109CC000B1AE89FE49F78F00ECB97EFF3E19F7FF70
:109CD0002D4038FFA1F406002239380169CA53002B
:109CE0008093D00006670AFF4A8A41FF615064FFF3
:109CF000D6AE21FF32864AFF6E9782FE6F54AC00CB
:109D000054C74BFEF83B70FF08D8B20109B75F009B
:109D1000EE1B08FEAACDDC00C3E58700624CEDFF18
:109D2000E25B1A0152DB27FFE1BEC701D9C879FF08
:109D300051B308FF8C41CE00B2CF57FEFAFC2EFF84
:109D400068596E01FDBD9EFF90D69EFFA0F536FFBF
:109D500035B75C0115C8C2FF92217101D101FF0026
:109D6000EB6A2BFFA734E8009DE5DD00331E1900E8
:109D7000FADD1B01419357FF4F7BC40041C4DFFF55
:109D80004C2C110155F14400CAB7F9FF41D4D4FF5E
:109D900009219A01473B5000AFC23BFF8D480900A3
:109DA00064A0F400E6D038003B194BFE50C2C2005C
:109DB0001203C8FEA09F7300848FF7016F5D39FF07
:109DC0003AED0B0186DE87FF7AA36C017B2BBEFF89
:109DD000FBBDCEFE50B648FFD0F6E001113C0900B5
:109DE000A1CF26008D6D5B00D80FD3FF884E6E008B
:109DF00062A368FF155079FFADB2B7017F8F0400F1
:109E0000683C52FED6100DFF60EE21019E94E6FFE5
:109E10007F813EFF33FFD2FF3E8DECFE9D37E0FF9A
:109E20007227F400C0BCFAFFE44C3500625451FFC5
:109E3000ADCB3DFE933237FFCCEBBF0034C5F40011
:109E4000582BD3FE1BBF7700BCE79A004251A100FC
:109E50005CC1A001FAE378007B37E200B81148004A
:109E600085A80AFE16879CFF291967FF30CA3A00A9
:109E7000BA9551FFBC86EF00EBB5BDFED98BBCFF98
:109E80004A3052002EDAE500BDFDFB0032E50CFF42
:109E9000D38DBF0180F419FFA9E77AFE562FBDFFCD
:109EA00084B717FF25B296FF3389FD00C84E1F0007
:109EB00016693200823C000084A35BFE17E7BB00FA
:109EC000C04FEF009D66A4FFC052140118B567FF94
:109ED000F009EA00017BA4FF85E900FFCAF2F20065
:109EE0003CBAF500F110C7FFE0749EFEBF7D5BFF3A
:109EF000E056CF007925E7FFE309C6FF0F99EFFF92
:109F000079E8D9FE4B7052005F0C39FE33D669FFF9
:109F100094DC6101C76224009CD10CFE0AD4340099
:109F2000D9B437FED4AAE8FFD81454FF9DFA8700AD
:109F30009D637FFE01CE29009524460136C4C9FFEA
:109F4000577400FEEBAB96001BA3EA00CA87B4006F
:109F5000D05F00FE7B9C5D00B73E4B0089EBB600F6
:109F6000CCE1FFFFD68BD2FF027308FF1D0C6F0000
:109F7000349C0100FD15FBFF25A51FFE0C82D300BC
:109F80006A1235FE2A639A000ED93DFED80B5CFF9B
:109F9000C8C570FE9326C70024FC78FE6BA94D004F
:109FA000017B9FFFCF4B6600A3AFC4002C01F000E4
:109FB00078BAB0FE0D624CFFED7CF1FFE892BCFF79
:109FC000C860E000CC1F2900D0C80D0015E160FF7B
:109FD000AF9CC400F7D07E003EB8F4FE02AB510047
:109FE00055739E0036402DFF138A72008747CD00BF
:109FF000E32F9301DAE74200FDD11C00F40FADFF1F
:10A00000060F76FE1096D0FFB91632FF5670CFFFBE
:10A010004B71D7013F922BFF04E113FEE3173EFF84
:10A020000EFFD6FE2D08CDFF57C597FED252D7FFA3
:10A03000F5F8F7FF80F84600E1F757005A78460038
:10A04000D5F55C000D85E2002FB505015CA369FF25
:10A05000061E85FEE8B23DFFE69518FF12319E0010
:10A06000E4643DFE74F3FBFF4D4B5C0151DB93FF59
:10A070004CA3FEFE8DD5F600E82598FE612C640009
:10A08000C9253201D4F43900AEABB7FFF94A7000EC
:10A09000A69C1E00DEDD61FFF35D49FEFB6564FFEB
:10A0A000D8D95DFFFE8ABBFF8EBE34FF3BCBB1FF2C
:10A0B000C85E340073729EFFA59868017E63E2FF5C
:10A0C000769DF4016BC81000C15AE500790658006E
:10A0D0009C205DFE7DF1D3FF0EED9DFFA59A15FF3F
:10A0E000B8E016FFFA1898FF714D1F00F7AB17FF85
:10A0F000EDB1CCFF348991FFC2B67200E0EA950061
:10A100000A6F6701C9810400EE8E4E00340628FFF5
:10A110006ED5A5FE3CCFFD003ED74500606100FF37
:10A12000312DCA00787916FFEB8B3001C62D22FF46
:10A13000B6321B0183D25BFF2E368000AF7B69FFF6
:10A14000C68D4EFE43F4EFFFF53667FE4E26F2FF56
:10A15000025CF9FEFBAE57FF8B3F9000186C1BFFB3
:10A16000226612012216980042E576FE328F6300C5
:10A1700090A99501761E9800B2087901089F1200F7
:10A180005A65E6FF811D770044240B01E8B73700CC
:10A1900017FF60FFA129C1FF3F8BDE000FB3F30063
:10A1A000FF640FFF523587008939950163F0AAFFDC
:10A1B00016E6E4FE31B452FF3D522B006EF5D90095
:10A1C000C77D3D002EFD34008DC5DB00D39FC1004F
:10A1D000377969FEB7148100A977AAFFCBB28BFF4C
:10A1E0008728B6FFAC0DCAFF41B2940008CF2B0000
:10A1F0007A357F014AA13000E3D680FE560BF3FF8B
:10A2000064560701F54486FF3D2B150198545EFF07
:10A21000BE3CFAFEEF76E8FFD6882501714C6BFF55
:10A220005D68640190CE17FF6E969A01E467B900ED
:10A23000DA3132FE874D8BFFB9014E0000A194FF49
:10A24000611DE9FFCF9495FFA0A800005B80ABFFE4
:10A25000061C13FE0B6FF70027BB96FF8AE89500DC
:10A26000753E44FF3FD8BCFFEBEA20FE1D39A0FF3E
:10A27000190CF101A93CBF0020838DFFED9F7BFFEE
:10A280005EC55EFE74FE03FF5CB361FE79615CFF38
:10A29000AA700E001595F800F8E3030050606D00F9
:10A2A0004BC04A010C5AE2FFA16A4401D0727FFF01
:10A2B000722AFFFE4A1A4AFFF7B396FE798C3C00D9
:10A2C0009346C8FFD628A1FFA1BCC9FF8D4187FFD7
:10A2D000F273FC003E2FCA00B495FFFE8237ED00FA
:10A2E000A511BAFF0AA9C2009C6DDAFF708C7BFF32
:10A2F0006880DFFEB18E6CFF7925DBFF804D12FF99
:10A300006F6C17015BC04B00AEF516FF04EC3EFF0F
:10A310002B409901E3ADFE00ED7A84017F59BAFF2D
:10A320008E5280FEFC54AE005AB3B101F3D657FFF3
:10A33000673CA2FFD0820EFF0B828B00CE81DBFF39
:10A340005ED99DFFEFE6E6FF74739FFEA46B5F008E
:10A3500033DA0201D87DC6FF8CCA80FE0B5F44FF52
:10A3600037095DFEAE9906FFCCAC600045A06E00DB
:10A37000D52631FE1B50D500767D7200464643FF40
:10A380000F8E49FF837AB9FFF31432FE82ED280065
:10A39000D29F8C01C59741FF54994200C37E5A0059
:10A3A00010EEEC0176BB66FF031885FFBB45E600A7
:10A3B00038C55C01D5455EFF508AE501CE07E60051
:10A3C000DE6FE6015BE977FF0959070102620100D0
:10A3D000944A85FF33F6B4FFE4B170013ABD6CFFD7
:10A3E000C2CBEDFE15D1C300930A2301569DE200B6
:10A3F0001FA38BFE38074BFF3E5A7400B53CA900E3
:10A400008AA2D4FE51A71F00CD5A70FF2170E3002D
:10A4100053977501B1E049FFAE90D9FFE6CC4FFFED
:10A42000164DE8FF724EEA00E0397EFE09318D00DC
:10A43000F293A50168B68CFFA7840C017B447F00D2
:10A44000E1572701FB6C0800C6C18F017987CFFF58
:10A45000AC164600324474FF65AF28FFF869E90086
:10A46000A6CB07006EC5DA00D7FE1AFEA8E2FD00F3
:10A470001F8F60000B672900B781CBFE64F74AFF8E
:10A48000D57E8400D2932C00C7EA1B01942FB5001F
:10A490009B5B9E013669AFFF024E91FE669A5F009C
:10A4A00080CF7FFE347CECFF82544700DDF3D30085
:10A4B00098AACF00DE6AC700B7545EFE5CC838FFBA
:10A4C0008AB673018E6092008588E400611296005E
:10A4D00037FB42008C660400CA6797001E13F8FF22
:10A4E00033B8CF00CAC6590037C5E1FEA95FF9FFEE
:10A4F000424144FFBCEA7E00A6DF640170EFF40035
:10A500009017C2003A27B600F42C18FEAF44B3FFF0
:10A5100098769A01B0A28200D972CCFEAD7E4EFF31
:10A5200021DE1EFF24025BFF028FF30009EBD70040
:10A5300003AB970118D7F5FFA82FA4FEF192CF0027
:10A540004581B40044F37100903548FEFB2D0E00A8
:10A55000176EA80044444FFF6E465FFEAE5B90FF4F
:10A5600021CE5FFF892907FF13BB99FE23FF70FFF0
:10A570000991B9FE329D25000B7031016608BEFFBE
:10A58000EAF3A9013C5517004A27BD007431EF00DA
:10A59000ADD5D2002EA16CFF9F962500C478B9FFDF
:10A5A000226206FF99C33EFF61E647FF663D4C000D
:10A5B0001AD4ECFFA4611000C63B9200A317C4009C
:10A5C00038183D00B562C100FB93E5FF62BD18FF7E
:10A5D0002E36CEFFEA52F600B76726016D3ECC005C
:10A5E0000AF0E000921675FF8E9A780045D4230099
:10A5F000D063760179FF03FF4806C2007511C5FFDD
:10A600007D0F17009A4F9900D65EC5FFB93793FFAB
:10A610003EFE4EFE7F5299006E663FFF6C52A1FFD8
:10A6200069BBD401508A27003CFF5DFF480CBA008B
:10A63000D2FB1F01BEA790FFE42C13FE8043E8006D
:10A64000D6F96BFE889156FF842EB000BDBBE3FFA8
:10A65000D0168C00D9D374003251BAFE8BFA1F0089
:10A660001E40C601879B6400A0CE17FEBBA2D3FF8D
:10A6700010BC3F00FED031005554BF00F1C0F2FFC6
:10A68000997E9101EAA2A2FFE661D80140877E008F
:10A69000BE94DF0134002BFF1C27BD014088EE0073
:10A6A000AFC4B90062E2D5FF7F9FF401E2AF3C0086
:10A6B000A0E98E01B4F3CFFF459859011F6515003D
:10A6C0009019A4FE8BBFD1005B197900209305007F
:10A6D00027BA7BFF3F73E6FF5DA7C6FF8FD5DCFF80
:10A6E000B39C13FF19427A00D6A0D9FF022D3EFF7A
:10A6F0006A4F92FE338963FF5764E7FFAF91E8FF2B
:10A7000065B801FFAE097D005225A10124728DFFBD
:10A7100030DE8EFFF5BA9A0005AEDDFE3F729BFF7C
:10A720008737A001501F87007EFAB301ECDA2D00B5
:10A73000141C910110934900F9BD840111BDC0FFA3
:10A74000DF8EC6FF48140FFFFA35EDFE0F0B120027
:10A750001BD371FED56B38FFAE9392FF607E300045
:10A7600017C16D0125A25E00C79DF9FE1880BBFFD1
:10A77000CD31B2FE5DA42AFF2B77EB0158B7EDFF78
:10A78000DAD201FF6BFE2A00E60A63FFA200E200B4
:10A79000DBED5B0081B2CB00D0325FFECED05FFF3D
:10A7A000F7BF59FE6EEA4FFFA53DF300147A70FF24
:10A7B000F6F6B9FE67047B00E963E601DB5BFCFFAC
:10A7C000C7DE16FFB3F5E9FFD3F1EA006FFAC0FF69
:10A7D00055548800653A32FF83AD9CFE772D33FFD8
:10A7E00076E910FEF25AD6005E9FDB010303EAFF12
:10A7F000624C5CFE5036E60005E4E7FE3518DFFFEC
:10A8000071387601148401FFABD2EC0038F19EFF61
:10A81000BA7313FF08E5AE00302C00017272A6FF78
:10A820000649E2FFCD59F40089E34B01F8AD380049
:10A830004A78F6FE77030BFF5178C6FF887A62FFED
:10A8400092F1DD016DC24EFFDFF14601D6C8A9FFCE
:10A8500061BE2FFF2F67AEFF635C48FE76E9B4FF51
:10A86000C123E9FE1AE520FFDEFCC600CC2B47FF22
:10A87000C754AC008666BE006FEE61FEE628E600B7
:10A88000E3CD40FEC80CE100A619DE00714533FFA0
:10A890008F9F1800A7B84A001DE074FE9ED0E90003
:10A8A000C1747EFFD40B85FF163A8C01CC2433FF94
:10A8B000E81E2B00EB46B5FF403892FEA91254FF6C
:10A8C000E2010DFFC832B0FF34D5F5FEA8D161001A
:10A8D000BF473700224E9C00E8903A01B94ABD00BC
:10A8E000BA8E95FE40457FFFA1CB93FFB097BF0086
:10A8F00088E7CBFEA3B68900A17EFBFEE9204200DB
:10A9000044CF42001E1C25005D726001FE5CF7FF13
:10A910002CAB4500CA770BFFBC763201FF5388FF92
:10A9200047521A0046E3020020EB7901B5299A004C
:10A930004786E5FECAFF2400299805009A3F49FF93
:10A9400022B67C0079DD96FF1ACCD50129AC5700E0
:10A950005A9D92FF6D821400476BC8FFF366BD00DD
:10A9600001C391FE2E58750008CEE300BF6EFDFFB7
:10A970006D8014FE865533FF89B17001D82216FF11
:10A980008310D0FF7995AA0072131701A6501FFFFC
:10A9900071F07A00E8B3FA00446EB4FED2AA7700F0
:10A9A000DF6CA4FFCF4FE9FF1BE5E2FED16251FF50
:10A9B0004F44070083B96400AA1DA2FF11A26BFFD8
:10A9C00039150B0164C8B5FF7F41A601A586CC00EF
:10A9D00068A7A80001A44F0092873B01463280FF80
:10A9E00066770DFEE3068700A28EB3FFA064DE004B
:10A9F0001BE0DB019E5DC3FFEA8D890010187DFF1F
:10AA0000EECE2FFF611162FF746E0CFF60734D007C
:10AA10005BE3E8FFF8FE4FFF5CE506FE58C68B00DF
:10AA2000CE4B8100FA4DCEFF8DF47B018A45DC00D0
:10AA30002097060183A716FFED44A7FEC7BD960029
:10AA4000A3AB8AFF33BC06FF5F1D89FE94E2B3000F
:10AA5000B56BD0FF861F52FF97652DFF81CAE100BD
:10AA6000E0489300308A97FFC340CEFEEDDA9E00A7
:10AA70006A1D89FEFDBDE9FF670F11FFC261FF007E
:10AA8000B22DA9FEC6E19B00273075FF876A7300CF
:10AA90006126B500962F41FF5382E5FEF626810020
:10AAA0005CEF9AFE5B637F00A16F21FFEED9F2FF9E
:10AAB00083B9C3FFD5BF9EFF2996DA0084A983001E
:10AAC0005954FC01AB4680FFA3F8CBFE0132B4FF22
:10AAD0007C4C5501FB6F50006342EFFF9AEDB6FFCF
:10AAE000DD7E85FE4ACC63FF419377FF6338A7FF85
:10AAF0004FF895FF749BE4FFED2B0EFE45890BFF8D
:10AB000016FAF1015B7A8FFFCDF9F300D41A3CFFFE
:10AB100030B6B0013017BFFFCB7998FE2D4AD5FF74
:10AB20003E5A12FEF5A3E6FFB96A74FF53239F0055
:10AB30000C2102FF50223E001057AEFFAD655500BC
:10AB4000CA2451FEA045CCFF40E1BB003ACE5E00D6
:10AB500056902F00E556F5003F91BE0125052700D0
:10AB60006DFB1A008993EA00A27991FF9074CEFFE1
:10AB7000C5E8B9FFB7BE8CFF490CFEFF8B14F2FF8E
:10AB8000AA5AEFFF6142BBFFF5B587FEDE883400AD
:10AB9000F50533FECB2F4E009865D80049177D0090
:10ABA000FE602101EBD249FF2BD1580107816D00D6
:10ABB0007A68E4FEAAF2CB00F2CC87FFCA1CE9FF58
:10ABC00041067F009F904700648C5F004E960D0009
:10ABD000FB6B7601B63A7DFF01266CFF8DBDD1FF80
:10ABE000089B7D0171A35BFF794FBEFF86EF6CFF71
:10ABF0004C2FF800A3E4EF00116F0A0058954BFFAB
:10AC0000D7EBEF00A79F18FF2F976CFF6BD1BC000D
:10AC1000E9E763FE1CCA94FFAE238AFF6E1844FF67
:10AC20000245B5006B66520066ED07005C24EDFF3F
:10AC3000DDA2530137CA06FF87EA87FF18FADE0054
:10AC4000415EA8FEF5F8D2FFA76CC9FEFFA16F0018
:10AC5000CD08FE00880D740064B084FF2BD77EFF02
:10AC6000B18582FF9E4F940043E025010CCE15FF75
:10AC70003E226E01ED68AFFF50846FFF8EAE48003C
:10AC800054E5B4FE69B38C0040F80FFFE98A100068
:10AC9000F5437BFEDA79D4FF3F5FDA01D58589FF82
:10ACA0008FB652FF301C0B00F4728D01D1AF4CFFF8
:10ACB0009DB596FFBAE503FFA49D6F01E7BD8B002C
:10ACC00077CABEFFDA6A40FF44EB3FFE601AACFF72
:10ACD000BB2F0B01D712FBFF51545900443A80009F
:10ACE0005E7105015C81D0FF610F53FE091CBC0041
:10ACF000EF09A4003CCD9800C0A362FFB8123C004D
:10AD0000D9B68B006D3B78FF04C0FB00A9D2F0FFE1
:10AD100025AC5CFE94D3F5FFB3413400FD0D730008
:10AD2000B9AECE0172BC95FFED5AAD002BC7C0FF86
:10AD3000586C710034234C00421994FFDD0407FF66
:10AD400097F172FFBED1E8006232C7009796D5FF37
:10AD5000124A240135280700138741FF1AAC450029
:10AD6000AEED5500635F29000338100027A0B1FF46
:10AD7000C86ADAFEB94454FF5BBA3DFE438F8DFFCB
:10AD80000DF4A6FF6372C600C76EA3FFC112BA001E
:10AD90007CEFF6016E44160002EB2E01D43C6B00F2
:10ADA000692A69010EE69800070583008D689AFFFD
:10ADB000D503060083E4A2FFB3641C01E77B55FFC3
:10ADC000CE0EDF01FD60E6002698950162897A00CB
:10ADD000D6CD03FFE298B3FF068589009E458CFF20
:10ADE00071A29AFFB4F3ACFF1BBD73FF8F2EDCFF83
:10ADF000D586E1FF7E1D4500BC2B8901F246090086
:10AE00005ACCFFFFE7AA9300173813FE387D9DFF49
:10AE100030B3DAFF4FB6FDFF26D4BF0129EB7C002B
:10AE200060971C008794BE00CDF927FE346088FF30
:10AE3000D42C88FF43D183FFFC8217FFDB8014FFF3
:10AE4000C68176006C650B00B20592013E0764FF77
:10AE5000B5EC5EFE1C1AA4004C1670FF78664F001D
:10AE6000CAC0E501C8B0D7002940F4FFCEB84E00F3
:10AE7000A72D3F01A02300FF3B0C8EFFCC0990FFC4
:10AE8000DB5EE5017A1B7000BD696DFF40D04AFFB3
:10AE9000FB7F370102E2C6002C4CD10097984DFF92
:10AEA000D2172E01C9AB45FF2CD3E700BE25E0FF2A
:10AEB000F5C43EFFA9B5DEFF22D3110077F1C5FF2F
:10AEC000E5239801154528FFB2E2A10094B3C10023
:10AED000DBC2FE0128CE33FFE75CFA014399AA00EA
:10AEE0001594F100AA4552FF7912E7FF5C72030046
:10AEF000B83EE600E1C957FF9260A2FFB5F2DC0060
:10AF0000ADBBDD01E23EAAFF387ED901750DE3FF3E
:10AF1000B32CEF009D8D9BFF90DD5300EBD1D00053
:10AF20002A11A501FB5185007CF5C9FE61D318FFEC
:10AF300053D6A6009A2409FFF82F7F005ADB8CFF16
:10AF4000A1D926FED4933FFF42549401CF030100C0
:10AF5000E68659017F4E7AFFE09B01FF52884A0046
:10AF6000B29CD0FFBA1931FFDE03D201E596BEFFD5
:10AF700055A234FF29548DFF497B54FE5D11960084
:10AF800077131C012016D7FF1C17CCFF8EF134FF5E
:10AF9000E4347D001D4CCF00D7A7FAFEAFA4E60035
:10AFA00037CF69016DBBF5FFA12CDC01296580FF5E
:10AFB000A7105E005DD66BFF764800FE503DEAFFAD
:10AFC00079AF7D008BA9FB00612793FEFAC431FFA6
:10AFD000A5B36EFEDF46BBFF168E7D019AB38AFFD6
:10AFE00076B02A010AAE99009C5C6600A80DA1FF0C
:10AFF0008F102000FAC5B4FFCBA32C0157202400EA
:10B00000A19914FF7BFC0F0019E350003C588E00FF
:10B010001116C9019ACD4DFF273F2F00087A8D00E8
:10B020008017B6FECC2713FF04701DFF17248CFF7A
:10B03000D2EA74FE35323FFF79AB68FFA0DB5E00D9
:10B0400057520EFEE72A0500A58B7FFE564E2600BE
:10B05000823C42FECB1E2DFF2EC47A01F935A2FFA1
:10B06000888F67FED7D27200E707A0FEA9982AFF53
:10B070006F2DF6008E8387FF8347CCFF24E20B0001
:10B08000001CF2FFE18AD5FFF72ED8FEF503B700CA
:10B090006CFC4A01CE1A30FFCD36F6FFD3C624FF32
:10B0A0007923320034D8CAFF268B81FEF2499400FE
:10B0B00043E78DFF2A2FCC004E74190104E1BFFF36
:10B0C0000693E4003A58B1007AA5E5FFFC53C9FFA6
:10B0D000E0A76001B1B89EFFF269B301F8C6F000C5
:10B0E0008542CB01FE242F002D1873FF773EFE0012
:10B0F000C4E1BAFE7B8DAC001A5529FFE26FB700A0
:10B10000D5E79700043B07FFEE8A9400429321FFA6
:10B110001FF68DFFD18D74FF68701F0058A1AC0021
:10B1200053D7E6FE2F6F97002D263401842DCC00D7
:10B130008A806DFEE97586FFF3BEADFEF1ECF0008E
:10B14000527FECFE28DFA1FF6EB6E1FF7BAEEF0081
:10B1500087F2910133D19A00960373FED9A4FCFFC4
:10B16000379C4501545EFFFFE8492D011413D4FFBD
:10B1700060C53BFE60FB210026C7490140ACF7FFDC
:10B18000757438FFE41112003E8A6701F6E5A4FFEA
:10B19000F476C9FE56209FFF6D22890155D3BA006F
:10B1A0000AC1C1FE7AC2B1007AEE66FFA2DAAB0034
:10B1B0006CD9A1019EAA2200B02F9B01B5E40BFF20
:10B1C000089C0000104B5D00CE62FF013A9A2300FC
:10B1D0000CF3B8FE437542FFE6E57B00C92A6E001A
:10B1E00086E4B2FEBA6C76FF3A139AFF52A93EFF8C
:10B1F000728F7301EFC432FFAD30C1FF930254FF71
:10B20000968693FE5FE849006DE334FEBF890A002D
:10B2100028CC1EFE4C3461FFA4EB7E00FE7CBC00FB
:10B220004AB61501791D23FFF11E07FE55DAD6FF38
:10B23000075496FE511B75FFA09F98FE4218DDFF34
:10B24000E30A3C018D876600D0BD960175B35C00B2
:10B25000841688FF78C71C0015814FFEB60941008F
:10B26000DAA3A900F693C6FF6B2690014EAFCDFF7F
:10B27000D605FAFE2F581DFFA42FCCFF2B3706FF53
:10B280008386CFFE7464D600608C4B016ADC90002C
:10B29000C3201C01AC5105FFC7B334FF2554CB00BC
:10B2A000AA70AE000B045B0045F41B0175835C00C3
:10B2B0002198AFFF8C996BFFFB872BFE578A04FF09
:10B2C000C6EA93FE799854FFCD659B019D0919004C
:10B2D000486A11FE6C9900FFBDE5BA00C108B0FFD5
:10B2E000AE95D100EE821D00E9D67E013DE26600FA
:10B2F00039A30401C66F33FF2D4F4E0173D20AFFED
:10B30000DA0919FF9E8BC6FFD352BBFE508553004E
:10B310009D81E601F38586FF288810004D6B4FFF65
:10B32000B7555C01B1CCCA00A34793FF9845BE0056
:10B33000AC33BC01FAD2ACFFD3F2710159591AFFF8
:10B3400040426FFE74982A00A1271BFF3650FE0072
:10B350006AD17301677C6100DDE662FF1FE70600CA
:10B36000B2C078FE0FD9CBFF7C9E4F007091F700E2
:10B370005CFA3001A3B5C1FF252F8EFE90BDA5FF5D
:10B380002E92F000064B8000299DC8FE5779D5000B
:10B390000171EC00052DFA00900C52001F6CE700C3
:10B3A000E1EF77FFA707BDFFBBE484FF6EBD22007E
:10B3B0005E2CCC01A234C5004EBCF1FE39148D00C8
:10B3C000F4922F01CE6433007D6B94FE1BC34D00BD
:10B3D00098FD5A01078F90FF33251F00227726FF23
:10B3E00007C5760099BCD300971474FEF54134FF6D
:10B3F000B4FD6E012FB1D100A16311FF76DECA004A
:10B400007DB3FC017B367EFF9139BF0037BA7900EE
:10B410000AF38A00CDD3E5FF7D9CF1FE949CB9FF31
:10B42000E313BCFF7C2920FF1F22CEFE11395300FD
:10B43000CC1625FF2A6062007766B80103BE1C00A7
:10B440006E52DAFFC8CCC0FFC991760075CC92006D
:10B4500084206201C0C279006AA1F801ED587C0025
:10B4600017D41A00CDAB5AFFF830D8018D25E6FF6E
:10B470007CCB00FE9EA81EFFD6F8150070BB07FF10
:10B480004B85EFFF4AE3F3FFFA934600D678A2001C
:10B49000A709B3FF169E1200DA4DD101616D51FF6D
:10B4A000F421B3FF393439FF41ACD2FFF947D1FF62
:10B4B0008EA9EE009EBD99FFAEFE67FE62210E00D2
:10B4C0008D4CE6FF718B34FF0F3AD400A8D7C9FF2B
:10B4D000F8CCD701DF44A0FF399AB7FE2FE77900F7
:10B4E0006AA6890051888A00A52B3300E78B3D00AE
:10B4F000395F3BFE766219FF973FEC015EBEFAFFB3
:10B50000A9B9720105FA3AFF4B696101D7DF8600DC
:10B510007163A301803E7000636A9300A3C30A00B5
:10B5200021CDB600D60EAEFF8126E7FF35B6DF008F
:10B53000622A9FFFF70D2800BCD2B101061500FF5B
:10B54000FF3D94FE892D81FF591A74FE7E267200FC
:10B55000FB32F2FE798680FFCCF9A7FEA5EBD7007F
:10B56000CAB1F300858D3E00F082BE016EAFFF00D0
:10B570000014920125D279FF072782008EFA54FF2A
:10B580008DC8CF00095F68FF0BF4AE0086E87E002F
:10B59000A7017BFE10C195FFE8E9EF01D54670FFDA
:10B5A000FC74A0FEF2DEDCFFCD55E30007B93A00E3
:10B5B00076F73F01744DB1FF3EF5C8FE3F1225FFFF
:10B5C0006B35E8FE32DDD300A2DB07FE025E2B0006
:10B5D000B63EB6FEA04EC8FF878CAA00EBB8E400CA
:10B5E000AF358AFE503A4DFF98C902013FC4220090
:10B5F000051EB800ABB09A00793BCE002663270049
:10B60000AC504DFE00869700BA21F1FE5EFDDFFFD3
:10B610002C72FC006C7E39FFC9280DFF27E51BFF4B
:10B6200027EF1701977933FF9996F8000AEAAEFFE2
:10B6300076F604FEC8F5260045A1F20110B2960088
:10B6400071388200AB1F69001A586CFF312A6A00FA
:10B65000FBA94200455D95001439FE00A4196F0056
:10B660005ABC5AFFCC04C50028D53201D46084FFEF
:10B67000588AB4FEE4927CFFB8F6F700417556FF95
:10B68000FD66D2FEFE792400897303FF3C18D800C2
:10B6900086121D003BE26100B08E470007D1A10079
:10B6A000BD5433FE9BFA4800D554EBFF2DDEE0007D
:10B6B000EE948FFFAA2A35FF4EA77500BA0028FF27
:10B6C0007DB167FF45E14200E30758014BAC06003E
:10B6D000A92DE301102446FF320209FF8BC1160099
:10B6E0008FB7E7FEDA453200EC38A101D5832A0096
:10B6F0008A912CFE88E528FF313F23FF3D91F5FF1D
:10B7000065C002FEE8A771009868260179B9DA00E1
:10B71000798BD3FE77F0230041BDD9FEBBB3A2FFE6
:10B72000A0BBE6003EF80EFF3C4E6100FFF7A3FF12
:10B73000E13B5BFF6B473AFFF12F21013275EC00D3
:10B74000DBB13FFEF45AB30023C2D7FFBD4332FF43
:10B750001787810068BD25FFB939C200233EE7FF86
:10B76000DCF86C000CE7B2008F505B01835D65FF75
:10B7700090270201FFFAB2000511ECFE8B202E008B
:10B78000CCBC26FEF57334FFBF7149FEBF6C45FF8C
:10B790001645F50117CBB200AA63AA0041F86F0065
:10B7A000256C99FF4025450000583EFE599490FFB6
:10B7B000BF44E001F127350029CBEDFF917EC2FFA8
:10B7C000DD2AFDFF1963970061FDDF014A7331FF38
:10B7D00006AF48FF3BB0CB007CB7F901E4E463005F
:10B7E000810CCFFEA8C0C3FFCCB010FE98EAAB001E
:10B7F0004D2555FF217887FF8EC2E3011FD63A0001
:10B80000D5BB7DFFE82E3CFFBE742AFE97B213FF26
:10B81000333EEDFECCECC100C2E83C00AC229DFF03
:10B82000BD10B8FE67035FFF8DE924FE29190BFFE9
:10B8300015C3A60076F52D0043D595FF9F0C12FF8A
:10B84000BBA4E301A01905000C4EC3012BC5E10008
:10B85000308E29FEC49B3CFFDFC7120191889C00FB
:10B86000FC75A9FE91E2EE00EF176B006DB5BCFF11
:10B87000E67031FE49AAEDFFE7B7E3FF50DC1400A4
:10B88000C26B7F017FCD65002E34C501D2AB24FF92
:10B8900058035AFF38978D0060BBFFFF2A4EC8003F
:10B8A000FE464601F47DA800CC448A017CD74600C0
:10B8B0006642C8FE1134E40075DC8FFECBF87B00D5
:10B8C0003812AEFFBA97A4FF33E8D001A0E42BFFF3
:10B8D000F91D190144BE3F000000001000000000E7
:10B8E0000010000006000700080000000000000033
:10B8F0000000000057D001080DD101083BD001081D
:10B90000EFD2010811D001089DD3010821D0010810
:10B9100033D5010855D501080D0A000000524545F0
:10B920004E54206D616C6C6F632073756363656545
:10B93000646564002F5F5F772F61726D2D6E6F6E8F
:10B94000652D656162692D6763632D787061636B36
:10B950002F61726D2D6E6F6E652D656162692D6749
:10B9600063632D787061636B2F6275696C642F6CF3
:10B97000696E75782D7836342F736F7572636573C1
:10B980002F6E65776C69622D63796777696E2F6EAC
:10B9900065776C69622F6C6962632F7374646C697C
:10B9A000622F72616E642E63000020202020202010
:10B9B000202020282828282820202020202020205F
:10B9C000202020202020202020208810101010105F
:10B9D00010101010101010101010040404040404AF
:10B9E0000404040410101010101010414141414192
:10B9F00041010101010101010101010101010101F7
:10BA00000101010101101010101010424242424287
:10BA100042020202020202020202020202020202C6
:10BA200002020202021010101020000000000000AC
:10BA30000000000000000000000000000000000006
:10BA400000000000000000000000000000000000F6
:10BA500000000000000000000000000000000000E6
:10BA600000000000000000000000000000000000D6
:10BA700000000000000000000000000000000000C6
:10BA800000000000000000000000000000000000B6
:10BA900000000000000000000000000000000000A6
:10BAA000000000000000000000002C2066756E639E
:10BAB00074696F6E3A2000617373657274696F6E9A
:10BAC0002022257322206661696C65643A206669CC
:10BAD0006C6520222573222C206C696E65202564FC
:10BAE000257325730A00232D302B2000686C4C0031
:10BAF000656667454647003031323334353637386E
:10BB000039414243444546003031323334353637CB
:0CBB100038396162636465660000000063
:08BB1C00C056FD7F010000008E
:10BB240091D80108C512000835600008C5A60008B0
:10BB3400A9AA000841C7000895EC0008F1EE000826
:10BB440069350108A9360108A5430108CDD30108C8
:08BB540049E1010869E601085E
:10BB5C00A11200080D61000851A70008A1EC000813
:0CBB6C0001EF0008B143010899E6010850
:10BB78000100000010000000000000480004004818
:10BB880000080048001C0048FFFFFFFF003002408B
:10BB9800000000000000000000000000000000009D
:10BBA800000000000000000000000000010000008C
:10BBB80000093D0000000000000000000000000037
:10BBC800000000000000000000000000000000006D
:10BBD800000000000000000000000000000000005D
:10BBE800000000000000000000000000000000004D
:10BBF800000000000000000000000000000000003D
:10BC0800000000000000000000000000000000002C
:10BC1800000000000000000000000000000000001C
:10BC2800000000000000000000000000000000000C
:10BC380000000000000000000000000000000000FC
:10BC480000000000000000000000000000000000EC
:10BC580000000000FFFFFFFFFFFFFFFFFFFFFFFFE8
:10BC6800FFFFFFFF000300000000000000000000CD
:10BC78000000000000000000000000001079002013
:10BC8800D427020800000000E1EB000851EB00088F
:10BC9800CDEA0008C7EA0008000800000008000014
:10BCA80000080000100000008000000000000000F4
:10BCB800000000000000000000000000FFFFFFFF80
:10BCC800000000000A0000000A0000000000000058
:10BCD80059F3F8C21F6EA501000000000000F03FF4
:10BCE8006042A20D0000803F000000000300000039
:10BCF800CC7700208801002000000000CC770020CD
:10BD0800347800209C78002000000000000000002B
:10BD1800000000000000000000000000000000001B
:10BD2800000000000000000000000000000000000B
:10BD380000000000000000000000000000000000FB
:04BD480000000000F7
:040000050801D92DE8
:00000001FF
