:020000040800F2
:1000000000000120CDDC01081DDD01081DDD010817
:100010001DDD01081DDD01081DDD010800000000D7
:100020000000000000000000000000001DDD0108CD
:100030001DDD0108000000001DDD0108FF5C000857
:100040001DDD01081DDD01081DDD01081DDD0108A4
:100050001DDD01081DDD0108415F0008475F000844
:100060004D5F0008535F0008595F00081DDD01085F
:100070001DDD01081DDD01081DDD01081DDD010874
:100080001DDD01081DDD01081DDD01081DDD010864
:10009000000000001DDD01085F5F00081DDD010894
:1000A000395700081DDD01084D5700085157000859
:1000B000655700087957000805F5000811F5000894
:1000C0001DF5000829F500081DDD01081DDD0108EA
:1000D000A96B0008C16B0008DD6B00081DDD01087D
:1000E0001DDD0108755F00081DDD01081DDD01082B
:1000F0001DDD010800000000000000001DDD0108FA
:1001000035F5000841F50008D1E801081DDD0108BA
:100110001DDD01081DDD01081DDD01081DDD0108D3
:100120001DDD01081DDD01081DDD01081DDD0108C3
:080130001DDD01081DDD0108C1
:1001400081F0004102E000BF83F0004330B54FEA88
:1001500041044FEA430594EA050F08BF90EA020FF5
:100160001FBF54EA000C55EA020C7FEA645C7FEA88
:10017000655C00F0E2804FEA5454D4EB5555B8BFAB
:100180006D420CDD2C4480EA020281EA030382EA1C
:10019000000083EA010180EA020281EA0303362DAE
:1001A00088BF30BD11F0004F4FEA01314FF4801C81
:1001B0004CEA113102D0404261EB410113F0004F93
:1001C0004FEA03334CEA133302D0524263EB43034A
:1001D00094EA050F00F0A780A4F10104D5F1200EE8
:1001E0000DDB02FA0EFC22FA05F2801841F1000143
:1001F00003FA0EF2801843FA05F359410EE0A5F117
:1002000020050EF1200E012A03FA0EFC28BF4CF047
:10021000020C43FA05F3C01851EBE37101F00045FD
:1002200007D54FF0000EDCF1000C7EEB00006EEB0A
:100230000101B1F5801F1BD3B1F5001F0CD3490894
:100240005FEA30004FEA3C0C04F101044FEA4452EB
:1002500012F5800F80F09A80BCF1004F08BF5FEA72
:10026000500C50F1000041EB045141EA050130BD52
:100270005FEA4C0C404141EB0101013C28BFB1F564
:10028000801FE9D291F0000F04BF01460020B1FAAF
:1002900081F308BF2033A3F10B03B3F120020CDA82
:1002A0000C3208DD02F1140CC2F10C0201FA0CF060
:1002B00021FA02F10CE002F11402D8BFC2F1200CC5
:1002C00001FA02F120FA0CFCDCBF41EA0C0190407B
:1002D000E41AA2BF01EB0451294330BD6FEA0404C4
:1002E0001F3C1CDA0C340EDC04F11404C4F12002AF
:1002F00020FA04F001FA02F340EA030021FA04F3C1
:1003000045EA030130BDC4F10C04C4F1200220FA17
:1003100002F001FA04F340EA0300294630BD21FA55
:1003200004F0294630BD94F0000F83F4801306BF1B
:1003300081F480110134013D4EE77FEA645C18BF0F
:100340007FEA655C29D094EA050F08BF90EA020FA6
:1003500005D054EA000C04BF1946104630BD91EA9E
:10036000030F1EBF0021002030BD5FEA545C05D1A1
:100370004000494128BF41F0004130BD14F58004E0
:100380003CBF01F5801130BD01F0004545F0FE4154
:1003900041F470014FF0000030BD7FEA645C1ABF89
:1003A000194610467FEA655C1CBF0B46024650EAC0
:1003B000013406BF52EA033591EA030F41F40021EC
:1003C00030BD00BF90F0000F04BF0021704730B572
:1003D0004FF4806404F132044FF000054FF0000147
:1003E00050E700BF90F0000F04BF0021704730B508
:1003F0004FF4806404F1320410F0004548BF4042DD
:100400004FF000013EE700BF42004FEAE2014FEA31
:1004100031014FEA02701FBF12F07F4393F07F4F0C
:1004200081F06051704732F07F4208BF704793F00F
:100430007F4F04BF41F40021704730B54FF4607422
:1004400001F0004521F000411CE700BF50EA010225
:1004500008BF704730B54FF000050AE050EA0102CE
:1004600008BF704730B511F0004502D5404261EB3E
:1004700041014FF4806404F132045FEA915C3FF47F
:10048000D8AE4FF003025FEADC0C18BF03325FEA1C
:10049000DC0C18BF033202EBDC02C2F1200300FACD
:1004A00003FC20FA02F001FA03FE40EA0E0021FAF2
:1004B00002F11444BDE600BF70B54FF0FF0C4CF4E0
:1004C000E06C1CEA11541DBF1CEA135594EA0C0F92
:1004D00095EA0C0F00F0DEF82C4481EA030621EACD
:1004E0004C5123EA4C5350EA013518BF52EA033508
:1004F00041F4801143F4801338D0A0FB02CE4FF0BA
:100500000005E1FB02E506F00042E0FB03E54FF0E9
:100510000006E1FB03569CF0000F18BF4EF0010EE1
:10052000A4F1FF04B6F5007F64F5407404D25FEADD
:100530004E0E6D4146EB060642EAC62141EA555190
:100540004FEAC52040EA5E504FEACE2EB4F1FD0CD2
:1005500088BFBCF5E06F1ED8BEF1004F08BF5FEA50
:10056000500E50F1000041EB045170BD06F0004602
:1005700046EA010140EA020081EA0301B4EB5C04AF
:10058000C2BFD4EB0C0541EA045170BD41F48011A7
:100590004FF0000E013C00F3AB8014F1360FDEBFCC
:1005A000002001F0004170BDC4F10004203C35DAA8
:1005B0000C341BDC04F11404C4F1200500FA05F32B
:1005C00020FA04F001FA05F240EA020001F00042CC
:1005D00021F0004110EBD37021FA04F642EB060142
:1005E0005EEA430E08BF20EAD37070BDC4F10C046C
:1005F000C4F1200500FA04F320FA05F001FA04F230
:1006000040EA020001F0004110EBD37041F100011B
:100610005EEA430E08BF20EAD37070BDC4F1200526
:1006200000FA05F24EEA020E20FA04F301FA05F28E
:1006300043EA020321FA04F001F0004121FA04F236
:1006400020EA020000EBD3705EEA430E08BF20EA06
:10065000D37070BD94F0000F0FD101F00046400040
:1006600041EB010111F4801F08BF013CF7D041EAC2
:10067000060195F0000F18BF704703F000465200C6
:1006800043EB030313F4801F08BF013DF7D043EA97
:100690000603704794EA0C0F0CEA135518BF95EA4D
:1006A0000C0F0CD050EA410618BF52EA4306D1D1D4
:1006B00081EA030101F000414FF0000070BD50EAF3
:1006C000410606BF1046194652EA430619D094EA7D
:1006D0000C0F02D150EA013613D195EA0C0F05D167
:1006E00052EA03361CBF104619460AD181EA0301BB
:1006F00001F0004141F0FE4141F470014FF0000073
:1007000070BD41F0FE4141F4780170BD70B54FF00D
:10071000FF0C4CF4E06C1CEA11541DBF1CEA13558D
:1007200094EA0C0F95EA0C0F00F0A7F8A4EB05046F
:1007300081EA030E52EA03354FEA013100F0888066
:100740004FEA03334FF0805545EA131343EA12632F
:100750004FEA022245EA111545EA10654FEA0026E4
:100760000EF000419D4208BF964244F1FD0404F59D
:10077000407402D25B084FEA3202B61A65EB0305F9
:100780005B084FEA32024FF480104FF4002CB6EBB6
:10079000020E75EB030E22BFB61A754640EA0C0036
:1007A0005B084FEA3202B6EB020E75EB030E22BF76
:1007B000B61A754640EA5C005B084FEA3202B6EBB7
:1007C000020E75EB030E22BFB61A754640EA9C0076
:1007D0005B084FEA3202B6EB020E75EB030E22BF46
:1007E000B61A754640EADC0055EA060E18D04FEA04
:1007F000051545EA16754FEA06164FEAC30343EAA4
:1008000052734FEAC2025FEA1C1CC0D111F4801F70
:100810000BD141EA00014FF000004FF0004CB6E769
:1008200011F4801F04BF01430020B4F1FD0C88BF08
:10083000BCF5E06F3FF6AFAEB5EB030C04BFB6EB13
:10084000020C5FEA500C50F1000041EB045170BD06
:100850000EF0004E4EEA113114EB5C04C2BFD4EB33
:100860000C0541EA045170BD41F480114FF0000EB7
:10087000013C90E645EA060E8DE60CEA135594EA33
:100880000C0F08BF95EA0C0F3FF43BAF94EA0C0F36
:100890000AD150EA01347FF434AF95EA0C0F7FF4AB
:1008A00025AF104619462CE795EA0C0F06D152EAFF
:1008B00003353FF4FDAE1046194622E750EA4106E3
:1008C00018BF52EA43067FF4C5AE50EA41047FF4F4
:1008D0000DAF52EA43057FF4EBAE12E74FF0FF3C59
:1008E00006E000BF4FF0010C02E000BF4FF0010C2A
:1008F0004DF804CD4FEA410C7FEA6C5C4FEA430CA3
:1009000018BF7FEA6C5C1BD001B050EA410C0CBFF1
:1009100052EA430C91EA030F02BF90EA020F002053
:10092000704710F1000F91EA030F58BF994208BFBA
:1009300090422CBFD8176FEAE37040F00100704777
:100940004FEA410C7FEA6C5C02D150EA013C07D1CE
:100950004FEA430C7FEA6C5CD6D152EA033CD3D019
:100960005DF8040B704700BF8446104662468C4613
:100970001946634600E000BF01B5FFF7B7FF002846
:1009800048BF10F1000F01BD4DF808EDFFF7F4FF6F
:100990000CBF012000205DF808FB00BF4DF808EDFA
:1009A000FFF7EAFF34BF012000205DF808FB00BF1D
:1009B0004DF808EDFFF7E0FF94BF012000205DF83F
:1009C00008FB00BF4DF808EDFFF7CEFF94BF0120F4
:1009D00000205DF808FB00BF4DF808EDFFF7C4FFED
:1009E00034BF012000205DF808FB00BF4FEA410C36
:1009F0007FEA6C5C02D150EA013C0AD14FEA430C19
:100A00007FEA6C5C02D152EA033C02D14FF0000055
:100A100070474FF0010070474FEA410212F5001293
:100A200015D211D56FF47873B3EB625212D94FEA35
:100A3000C12343F0004343EA505311F0004F23FA1F
:100A400002F018BF404270474FF00000704750EA74
:100A5000013005D111F0004008BF6FF00040704731
:100A60004FF00000704700BF4A0011D212F500128B
:100A700011D20DD56FF47873B3EB62520ED44FEAF6
:100A8000C12343F0004343EA505323FA02F0704776
:100A90004FF00000704750EA013002D14FF0FF30B4
:100AA00070474FF0000070474FEA4102B2F1E04357
:100AB00024BFB3F5001CDCF1FE5C0DD901F0004C45
:100AC0004FEAC0024CEA5070B2F1004F40EB830095
:100AD00008BF20F00100704711F0804F21D113F1C1
:100AE0003872BCBF01F00040704741F480114FEAFA
:100AF0005252C2F11802C2F1200C10FA0CF320FA83
:100B000002F018BF40F001004FEAC1234FEAD3239F
:100B100003FA0CFC40EA0C0023FA02F34FEA430309
:100B2000CCE77FEA625307D150EA01331EBF4FF092
:100B3000FE4040F44000704701F0004040F0FE40AD
:100B400040F40000704700BF80F0004002E000BFAA
:100B500081F0004142001FBF5FEA410392EA030FA8
:100B60007FEA226C7FEA236C6AD04FEA1262D2EBF2
:100B70001363C1BFD218414048404140B8BF5B42F7
:100B8000192B88BF704710F0004F40F4000020F090
:100B90007F4018BF404211F0004F41F4000121F0A6
:100BA0007F4118BF494292EA030F3FD0A2F10102F0
:100BB00041FA03FC10EB0C00C3F1200301FA03F12E
:100BC00000F0004302D5494260EB4000B0F5000F51
:100BD00013D3B0F1807F06D340084FEA310102F110
:100BE0000102FE2A51D2B1F1004F40EBC25008BFC2
:100BF00020F0010040EA03007047490040EB00008C
:100C0000013A28BFB0F5000FEDD2B0FA80FCACF18C
:100C1000080CB2EB0C0200FA0CF0AABF00EBC250B9
:100C200052421843BCBFD0401843704792F0000FA7
:100C300081F4000106BF80F400000132013BB5E7FA
:100C40004FEA41037FEA226C18BF7FEA236C21D070
:100C500092EA030F04D092F0000F08BF08467047D5
:100C600090EA010F1CBF0020704712F07F4F04D1A3
:100C7000400028BF40F00040704712F100723CBFB6
:100C800000F50000704700F0004343F0FE4040F4E0
:100C9000000070477FEA226216BF08467FEA23639E
:100CA0000146420206BF5FEA412390EA010F40F489
:100CB000800070474FF0000304E000BF10F00043D5
:100CC00048BF40425FEA000C08BF704743F09643BC
:100CD00001464FF000001CE050EA010208BF7047D7
:100CE0004FF000030AE000BF50EA010208BF70475E
:100CF00011F0004302D5404261EB41015FEA010C73
:100D000002BF84460146002043F0B64308BFA3F16A
:100D10008053A3F50003BCFA8CF2083AA3EBC2534C
:100D200010DB01FA02FC634400FA02FCC2F120026B
:100D3000BCF1004F20FA02F243EB020008BF20F0A2
:100D40000100704702F1200201FA02FCC2F1200208
:100D500050EA4C0021FA02F243EB020008BF20EAFD
:100D6000DC7070474FF0FF0C1CEAD0521EBF1CEA2B
:100D7000D15392EA0C0F93EA0C0F6FD01A4480EA19
:100D8000010C400218BF5FEA41211ED04FF0006302
:100D900043EA501043EA5111A0FB01310CF000402E
:100DA000B1F5000F3EBF490041EAD3715B0040EA54
:100DB000010062F17F02FD2A1DD8B3F1004F40EB24
:100DC000C25008BF20F00100704790F0000F0CF0F7
:100DD000004C08BF49024CEA502040EA51207F3ABB
:100DE000C2BFD2F1FF0340EAC250704740F4000096
:100DF0004FF00003013A5DDC12F1190FDCBF00F087
:100E000000407047C2F10002410021FA02F1C2F134
:100E1000200200FA02FC5FEA310040F1000053EAD0
:100E20004C0308BF20EADC70704792F0000F00F01E
:100E3000004C02BF400010F4000F013AF9D040EA24
:100E40000C0093F0000F01F0004C02BF490011F4B8
:100E5000000F013BF9D041EA0C018FE70CEAD153B6
:100E600092EA0C0F18BF93EA0C0F0AD030F0004C36
:100E700018BF31F0004CD8D180EA010000F00040EA
:100E8000704790F0000F17BF90F0004F084691F0A8
:100E9000000F91F0004F14D092EA0C0F01D14202E2
:100EA0000FD193EA0C0F03D14B0218BF084608D1AB
:100EB00080EA010000F0004040F0FE4040F40000F5
:100EC000704740F0FE4040F4400070474FF0FF0C88
:100ED0001CEAD0521EBF1CEAD15392EA0C0F93EACF
:100EE0000C0F69D0A2EB030280EA010C49024FEA21
:100EF000402037D04FF0805343EA111143EA1013DA
:100F00000CF000408B4238BF5B0042F17D024FF491
:100F1000000C8B4224BF5B1A40EA0C00B3EB510F6C
:100F200024BFA3EB510340EA5C00B3EB910F24BF55
:100F3000A3EB910340EA9C00B3EBD10F24BFA3EBDA
:100F4000D10340EADC001B0118BF5FEA1C1CE0D1A2
:100F5000FD2A3FF650AF8B4240EBC25008BF20F055
:100F6000010070470CF0004C4CEA50207F32C2BFA9
:100F7000D2F1FF0340EAC250704740F400004FF046
:100F80000003013A37E792F0000F00F0004C02BF77
:100F9000400010F4000F013AF9D040EA0C0093F041
:100FA000000F01F0004C02BF490011F4000F013B9B
:100FB000F9D041EA0C0195E70CEAD15392EA0C0F03
:100FC00008D142027FF47DAF93EA0C0F7FF470AF3B
:100FD000084676E793EA0C0F04D14B023FF44CAF7E
:100FE00008466EE730F0004C18BF31F0004CCAD113
:100FF00030F000427FF45CAF31F000437FF43CAF4F
:101000005FE700BF4FF0FF3C06E000BF4FF0010C70
:1010100002E000BF4FF0010C4DF804CD4FEA400252
:101020004FEA41037FEA226C18BF7FEA236C11D09C
:1010300001B052EA530C18BF90EA010F58BFB2EB4F
:10104000030088BFC81738BF6FEAE17018BF40F0CF
:10105000010070477FEA226C02D15FEA402C05D183
:101060007FEA236CE4D15FEA412CE1D05DF8040B08
:10107000704700BF844608466146FFE70FB5FFF79B
:10108000C9FF002848BF10F1000F0FBD4DF808ED53
:10109000FFF7F4FF0CBF012000205DF808FB00BF44
:1010A0004DF808EDFFF7EAFF34BF012000205DF89E
:1010B00008FB00BF4DF808EDFFF7E0FF94BF0120EB
:1010C00000205DF808FB00BF4DF808EDFFF7D2FFE8
:1010D00094BF012000205DF808FB00BF4DF808ED2B
:1010E000FFF7C8FF34BF012000205DF808FB00BFF8
:1010F0004FEA40024FEA41037FEA226C02D15FEAE5
:10110000402C08D17FEA236C02D15FEA412C02D146
:101110004FF0000070474FF0010070474FEA400267
:10112000B2F1FE4F0FD34FF09E03B3EB12620DD915
:101130004FEA002343F0004310F0004F23FA02F07F
:1011400018BF404270474FF00000704712F1610F26
:1011500001D1420205D110F0004008BF6FF00040FD
:1011600070474FF00000704742000ED2B2F1FE4FC0
:101170000BD34FF09E03B3EB126209D44FEA002366
:1011800043F0004323FA02F070474FF0000070472D
:1011900012F1610F01D1420202D14FF0FF307047CE
:1011A0004FF00000704700BF53B94AB9002908BF8B
:1011B00000281CBF4FF0FF314FF0FF3000F00CB89B
:1011C000ADF1080C6DE904CE1CF052FFDDF804E02F
:1011D000DDE9022304B07047704700BF10F8012B0F
:1011E00011F8013B012A28BF9A42F7D0D01A704764
:1011F000034613F8012B002AFBD1181A0138704757
:1012000001F0FF01102A2BDB10F0070F08D010F8B7
:10121000013B013A8B422DD010F0070F42B3F6D1BB
:10122000F0B441EA012141EA014122F007047FF0D4
:1012300000070023F0E80256083C85EA010586EA2B
:10124000010685FA47F5A3FA87F586FA47F6A5FA67
:1012500087F68EB9EED1F0BC01F0FF0102F0070273
:1012600032B110F8013B013A83EA010313B1F8D11E
:101270000020704701387047002D06BF35460338FF
:10128000073815F0010F07D1013015F4807F02BF38
:10129000013015F4C03F0130F0BC0138704700BF89
:1012A00010B5054C237833B9044B13B10448AFF3A0
:1012B00000800123237010BD5003002000000000B7
:1012C000BC39020808B5034B1BB103490348AFF30F
:1012D000008008BD0000000054030020BC39020853
:1012E00000B59BB04422002109A820F04EFB182233
:1012F000002102A820F049FB144A136823F4C063BC
:1013000043F400731360136803F4C0630193019BFB
:101310002023089301210023B02208A8CDE910134F
:10132000CDE9122301F080FF00B1FEE74F23CDE9A4
:101330000230CDE90400CDE90600022102A802F046
:101340000FFA00B1FEE71BB05DF804FB0004005883
:101350007047000038B5104C237805460BB90120C2
:1013600038BD01F051FF22784FF47A73B3FBF2F3EA
:10137000B0FBF3F000F0C8FC04460028EFD10F2DBD
:10138000EDD8024629464FF0FF3000F06BFC034BCE
:1013900020461D60E4E700BF00000020040000209C
:1013A00010B5032000F04CFC01F02EFF064B186036
:1013B0000020FFF7CFFF044618B9FFF7C9FF20460A
:1013C00010BD0124FBE700BF40000020034A044B8E
:1013D00011681B780B441360704700BF6C0300203A
:1013E00000000020014B1868704700BF6C0300200C
:1013F0008068C0F380007047F7B50023019304466E
:10140000002800F0E980856D25B904F0EFFAE56564
:1014100084F8545023689A68D00040F1A1809A68FB
:10142000D10000F1B480A26D42F01002A265E26D1D
:1014300042F00102E26501251846FFF7D9FFA26DCF
:1014400002F01002024340F0C980A26D206922F42C
:10145000817242F00202A2659A68D2075DD4226BC3
:10146000A67E94F82CC0003A18BF01221703D4E9D5
:1014700002120A43217E42EA8132617E42EAC1328F
:1014800042EA4632002842EA4C02B4BF20F0004152
:101490004FF400113A430A4394F82010012903D174
:1014A000002E76D142F48032616A21B1A66A01F43D
:1014B000E07131430A43D968E66C21F4FE3121F42E
:1014C000FF711143D96094F83C206168012A01F052
:1014D000404C4CEA060609D1D4E910273A4332437E
:1014E000A66C324342EA0C0242F001061F693E4AF2
:1014F0003A4032431A6121F00042B2F1804F0CD0E1
:10150000B1F1004F09D0394ED6F8082701F4701117
:1015100022F470120A43C6F808275A69666BA16B59
:1015200022F0070232435A615A6922F0700242EAFD
:1015300001125A61002835D19A6A62F00F029A624C
:101540005B6903F007039E423CD10023E365A36D72
:1015500023F0030343F00103A365284603B0F0BD65
:101560009A68234922F0104222F0170242F080527A
:101570009A60204A1268B2FBF1F2013252000192E5
:10158000019A002A3FF44BAF019A013AF7E7002590
:1015900052E7A16D41F02001A165E16D41F001012B
:1015A000E16581E7B0F5001FCAD19A6AE269013AA4
:1015B00092006FF00F0102F01C0201FA02F2216E9C
:1015C0000A43BCE7A36D23F0120343F01003A365A5
:1015D000E36D43F00103E3650125BEE7A36D43F02E
:1015E0001003A365F8E700BF02FCFF1F00200140C5
:1015F000400D030040000020F8B54569082D044661
:101600000E460AD00368DB68D80705D5A36D43F002
:101610002003A3650120F8BD0425FFF7E3FE07467C
:1016200023681A682A4220D0A26D42F40072A26593
:10163000DA6812F4406F14D1A27E92B91A681207C8
:101640000FD51846FFF7D4FE20BB5A6822F00C02D3
:101650005A60A26D22F4807222F0010242F001026F
:10166000A265227EFAB10020D5E7711CD9D0FFF720
:10167000B9FEC01BB04201D8002ED1D123681B682F
:101680002B40CDD1A26D84F8543042F00402A26503
:101690000320C0E7A26D42F02002A265E26D42F095
:1016A0000102E265DDE70C221A60DCE70368186CD2
:1016B00070470000F7B50023019390F85430012BD8
:1016C000044600F0C08005680269012380F85430A8
:1016D0002846FFF78DFE002840F0AF8048680B6871
:1016E000022822F004027ED0B2F1004FC3F3110EA3
:1016F00035D1AA6A42EA0E02AA628A68686902EAD9
:10170000032222F07C4222F0FF0220EA03210A4356
:10171000002B6A611DDA4D4A4D4DD2F80817AB42D5
:1017200001F0E07043D10D0213D4D2F8083723F052
:10173000E073034343F40003C2F80837454B1A68CB
:10174000454BB2FBF3F20C2302FB03330193019BE5
:1017500053BB0020002384F8543003B0F0BD226E48
:1017600000F01F074FF00F0C0CFA07FC6FEA0C0695
:1017700022EA0C0CBEF1000F11D1C3F38462BA400F
:1017800042EA0C0222668008E26901309042B4D835
:10179000A86AC3F38362BA4006403243ACE793FAC7
:1017A000A3F2B2FA82F2EAE7019B013BCEE72B4DAE
:1017B000AB420BD1C901CCD4D2F8083723F0E07387
:1017C000034343F08073C2F80837C2E7244DAB42AD
:1017D000BFD14B02BDD4D2F8083723F0E0730343E6
:1017E00043F48003EFE7B2F1004F01BFAA6AC3F3ED
:1017F00011018A43AA62002BABDA154813498342D0
:10180000D1F8082709D1D1F8083702F0A07223F0E7
:10181000E0731A43C1F808279BE71048834204D1BC
:10182000D1F8083702F44002F1E70D48834290D125
:10183000D1F8083702F0C072E9E7A26D42F0200249
:10184000A265184686E7022087E700BF0020014016
:10185000001000B040000020400D0300004000B820
:10186000002000B4806D7047026838B50446104609
:10187000FFF7BEFD08B9002038BD9368990707D46B
:10188000936823F0004323F0170343F010039360A1
:10189000FFF7A8FD054623689B685B07EBD5FFF7BC
:1018A000A1FD401B0228F6D923689B685A07F2D590
:1018B000A36D43F01003A365E36D43F00103E365FB
:1018C0000120D9E773B50023026801939368DD070F
:1018D000044602D5002002B070BD9168214B194228
:1018E00009D0A36D43F01003A365E36D43F001033A
:1018F000E3650120EFE7936823F0004323F017032B
:1019000043F001039360184BD3F8083718021CD436
:10191000637E012BDED0FFF765FD144E054622687D
:101920001368DB07D6D49368D9075FBF9368334049
:1019300043F001039360FFF755FD401B0228EED9E9
:1019400023681B68DA07EAD4CBE7094B094A1B680E
:10195000B3FBF2F301330193019B002BD8D0019B21
:10196000013BF8E71700008000200140E8FFFF7FFF
:1019700040000020400D030038B504460068FFF722
:1019800037FD054620BB94F85430012B20D00123AD
:1019900084F854302046FFF795FFB0B9A36D226854
:1019A00023F4706323F0010343F48073A3651C23C5
:1019B000E065136084F85400936823F0004323F03B
:1019C000170343F00403936038BD84F85450FBE7D9
:1019D0000220F9E738B503689A680446900704D4F2
:1019E0009A68D10703D4002038BD9B68FBE79A684A
:1019F00002F00502012A19D19A6822F0004222F071
:101A0000170242F002029A6003221A60FFF7EAFC12
:101A1000054623689B68DB07E5D5FFF7E3FC401B21
:101A20000228F6D923689B68DA07F2D5A36D43F044
:101A30001003A365E36D43F00103E3650120D3E7E1
:101A400070B5044600284BD0836D43F002038365D4
:101A5000FFF70AFF054668B92046FFF7BBFF0546BA
:101A600008B90123A3652268936823F0104323F08B
:101A70001703936023685A6822F4677222F0030206
:101A80005A6040F29F321A60D968164A0A40DA60FA
:101A90005A6922F007025A6100269A6A9E621A6AFF
:101AA00002F0F0221A625A6A02F0F0225A62DA6AEE
:101AB00002F0F022DA621A6922F040421A610A4A00
:101AC000D2F8083723F0FE73C2F80837204603F037
:101AD000ADFFE6652666A66584F85460284670BDAD
:101AE0000125FBE700023E830020014010B590F87D
:101AF0005430012B044615D0012380F85430FFF7F1
:101B0000B3FE58B92046FFF765FF38B9A36D23F43B
:101B1000807323F0010343F00103A365002384F8DD
:101B2000543010BD0220FCE7F7B50023019390F874
:101B30005430012B04467FD0012380F85430FFF746
:101B400049FF23689A6812F00102054607D0A36D89
:101B500043F01003A365002384F854302DE0A16DF9
:101B6000364F21F4817141F00201A165DE68D96828
:101B700026F4FF4626F07C0621F40041360421F0CD
:101B80000301360CD96008209968394041F00041C2
:101B900099609968002913DA01990131019101993D
:101BA000B1F52E3FF5D3A36D23F0120343F01003DC
:101BB000A365002384F854300125284603B0F0BD06
:101BC000D3F8B410013801F07F010A44DCD19968E0
:101BD0001A48014041F001019960D3F8B41021F096
:101BE0007F0141EAD202C3F8B4209A68024042F071
:101BF00002029A60FFF7F6FB074623689A68D2074D
:101C000008D4DA683243DA60A36D23F0030343F0AB
:101C100001039FE7FFF7E6FBC01B0228EDD923680D
:101C20009B68D907E9D5A36D43F01003A365E36D65
:101C300043F00103E365BFE70225BEE7E8FFFF7F4E
:101C40000749CA6822F4E0620302120403F4E06365
:101C5000120C134343F0BF6343F40033CB6070476F
:101C600000ED00E0164B30B5DC68C4F30224C4F18B
:101C70000703251D042B28BF0423062D4FF0FF3535
:101C80008CBF033C002405FA03F321EA0303A540BB
:101C900022EA0502A340002843EA0203ACBF00F198
:101CA0006040084A4FEA0313B8BF00F00F00DBB2F0
:101CB000AABF00F56140135480F8003330BD00BF67
:101CC00000ED00E014ED00E0002807DB044A4109C4
:101CD000012300F01F00834042F82130704700BF0D
:101CE00000E100E000280CDB4309064900F01F007A
:101CF00020330122824041F82320BFF34F8FBFF3EE
:101D00006F8F704700E100E00138B0F1807F0BD2A7
:101D10004FF0E023054A5861F02182F8231000209B
:101D2000072298611A6170470120704700ED00E0BA
:101D30000028A1BF43094033054A52F82330A3BF0E
:101D400000F01F0023FA00F000F0010000207047AF
:101D500000E100E0002808DB4309044900F01F000F
:101D600001226033824041F82320704700E100E007
:101D7000704708B5FFF7FCFF08BD704710B5044673
:101D800008B9012010BD437F03F0FF0213B90277A9
:101D9000FFF7F3FF022363772379E3B92368134A3C
:101DA0005A619A6822F018029A6062792368D2B95F
:101DB0004FF0FF321A619A68616922F060020A43AB
:101DC0009A609A68A16922F080020A439A6001230E
:101DD00063770020D6E7D4E90212204600F008F825
:101DE0000028E2D0CDE72269E4E700BFB71DC104B7
:101DF000CB0710B50CD51F23013B1CD321FA03F4EC
:101E0000E407F9D5102A12D004D83AB1082A10D024
:101E100001200BE0182AFBD1062BF9D8006841619C
:101E2000836823F0180313438360002010BD072B41
:101E3000F3E70F2BF1E7102AEAD0E9D8002AE7D11F
:101E4000ECE710B5044640B10223037103F0A0FD96
:101E5000002020616071207110BD0120FCE710B5E9
:101E600004680122236801F0100102FA01F123EA5B
:101E7000010323600271002010BD034640B190F8B9
:101E80002520022A06D00422C263002280F82420E2
:101E9000012070470268806C116821F00E0111600A
:101EA000016821F480710160116821F00101116065
:101EB000D3E9100202F01C0101228A404260D3E9FA
:101EC000132151605A6D32B1116821F48071116093
:101ED000D3E9162151600122002083F8252083F8E0
:101EE0002400704708B590F82530022B03D0042356
:101EF000C363012008BD03681A6822F00E021A604D
:101F00001A6822F001021A60826C136823F480734D
:101F10001360D0E9101303F01C02012393404B60BF
:101F2000D0E913325A60436D33B11A6822F48072DB
:101F30001A60D0E916325A60012380F82530002358
:101F400080F82430836B03B198470020D2E790F8E3
:101F5000250070470A4A536943F4802330B5536122
:101F6000EFF3108472B60023CD58C5500433B3F597
:101F7000807FF9D11369DB03FCD484F3108830BD72
:101F800000400058064B5A69002ABFBF054A9A60B4
:101F900002F188329A60BABF5869C00F00207047BA
:101FA0000040005823016745044B5A6942F0004243
:101FB0005A615869C043C00F704700BF00400058C5
:101FC00070B50546FFF70EFA124E04463369D90381
:101FD00013D43369DA0744BF012232614CF2FA327A
:101FE000134011D10B4E306910F480200BD0FFF755
:101FF000F9F9001BA842F6D304E0FFF7F3F9001B40
:10200000A842E3D3032070BD024A1361024A0120B3
:102010005360F8E700400058700300202DE9F041BC
:10202000184D98462B78012B06460C46174626D0AD
:1020300001232B704FF47A7000236B60FFF7C0FF11
:10204000A0B9012E16D1104A536943F00103536120
:102050002760BFF36F8FC4F804804FF47A70FFF7E6
:10206000AFFF094A536923EA0603536100232B702B
:10207000BDE8F08139462046FFF76CFFEDE702200E
:10208000F6E700BF7003002000400058054A53697E
:1020900023F47E7343EAC00040F4803040F0020035
:1020A00050617047004000582DE9F041234F3B78C4
:1020B000012B054688463FD001233B704FF47A70D0
:1020C00000237B60FFF77CFF044688B92B68042B54
:1020D00013D11B4A536943F4803343F00403536123
:1020E0004FF47A70FFF76CFF0446154B1A681B68B3
:1020F00000233B702046BDE8F0814FF0FF33C8F865
:1021000000306E68D5E901321344B3420AD9304633
:10211000FFF7BCFF4FF47A70FFF752FF50B1C8F8D9
:1021200000600446064A536923F47E7323F00203D9
:102130005361DAE70136E5E70224DBE770030020AC
:10214000004000582DE9F04F564C00234FF00F0887
:102150000A6832FA03F501D1BDE8F08F012505FACE
:1021600003F919EA020275D04E68032706F0030549
:102170004FEA430E07FA0EFC6F1E012F6FEA0C0C9C
:102180006AD8876807EA0C0ACF6807FA0EF747EAA9
:102190000A078760476827EA0909C6F300179F40C6
:1021A00047EA09074760C76807EA0C098F6807FA1A
:1021B0000EF747EA0907022DC76059D0076805FAEC
:1021C0000EF507EA0C073D4316F4403F056041D089
:1021D00023F0030707F1804707F5803703F0030C6E
:1021E000BD684FEA8C0C4FF0070E0EFA0CFEB0F1F2
:1021F000904F25EA0E0E51D02B4DA84250D005F538
:102200008065A84214BF0725022505FA0CF545EAAA
:102210000E05BD602568D74316F4801F0CBF3D40F6
:1022200015432560656816F4001F0CBF3D4015433B
:102230006560D4F8805016F4803F0CBF3D401543D4
:10224000C4F88050D4F88450B60354BF3D401543C1
:10225000C4F8845001337BE7032DAFD0C76807EA89
:102260000C098F6807FA0EF747EA0907C760A5E768
:102270004FEAD30900EB890903F0070AD9F8207067
:102280004FEA8A0A08FA0AFB27EA0B0B0F6907FADA
:102290000AF747EA0B07C9F820708FE70025B4E773
:1022A0000125B2E70008005800040048044AD1683C
:1022B000014208B502D0D06003F02CFE08BD00BF7B
:1022C0000008005803689A69910744BF00229A6287
:1022D0009A69D2075EBF9A6942F001029A6170471B
:1022E00030B5039D04682B4343EA0243064A606805
:1022F000C1F309010B4342EA555223F0004320EA9F
:1023000002000343636030BDFF63FF0370B5426B9F
:102310001F4CA2420BB201F0010501F002041DD0D6
:102320001C4EB2421AD01C4EB24217D0002BACBF8A
:102330000023B8230DB143F0F2030CB143F0F403D2
:10234000102902D143F0900303E0202901D143F08A
:10235000200301680A6813430B6070BD002BACBFFB
:102360000023B8230DB143F0F2030CB143F0F403A2
:102370001029E7D0202902D143F06003E9E7064C99
:10238000A242E6D0402908BF43F04003E1E700BF86
:10239000B92A0008B12D00089529000811F00103A1
:1023A00007D090F8413003F02803282B14BFF22304
:1023B00042238A0709D590F8412002F02802282AF2
:1023C0000CBF43F0440343F0F4030A0401680A68B5
:1023D00048BF43F0B80322EA03030B60704770471D
:1023E00010B5044698B10268242380F84130136880
:1023F00023F001031360FFF7F2FF0020606484F80C
:10240000400084F84100206384F8420010BD0120A0
:10241000FCE70000F8B51F4690F8413003F02803B0
:10242000282B04460E46154601D00120F8BD01B107
:102430001AB94FF400736364F7E748F20101FFF73C
:10244000ADFF90F84030012B40D0012380F84030A0
:1024500090F841302A2B14D10221FFF79FFF036827
:102460001A6810040DD51A68E06B22F400421A6055
:1024700038B1174B8363FFF735FD10B1E06B836B09
:102480009847292384F8413020682023002284F8CB
:1024900042306264436823F4004343606585638D82
:1024A0002385E7620B4B6363836981696662C903B5
:1024B00003D51B0744BF0823C361204684F840208E
:1024C00048F20101FFF722FF0020AFE70220ADE74D
:1024D000B92F0008A72E0008F8B51F4690F8413024
:1024E00003F02803282B04460E46154601D0012090
:1024F000F8BD01B11AB94FF400736364F7E748F20D
:102500000201FFF74BFF90F84030012B3FD090F8CD
:1025100041300121292B80F8401013D1FFF73EFFF5
:1025200003681A6850040DD51A68A06B22F4804223
:102530001A6038B1174B8363FFF7D4FC10B1A06B5E
:10254000836B98472A2384F8413020682023002297
:1025500084F842306264436823F400434360658535
:10256000638D2385E7620C4B6363836981696662CF
:10257000C90303D41B0744BF0823C361204684F862
:10258000402048F20201FFF7C1FE0020B0E7022020
:10259000AEE700BFB92F0008A72E000808B590F8D5
:1025A0004120202A0AD1282280F84120044A42638F
:1025B0004FF40041FFF7AAFE002008BD0220FCE70F
:1025C000A72E00080268436B9169126803B118478F
:1025D00070477047704738B5002580F8425090F832
:1025E0004130212B4FF0200380F841300AD11123D4
:1025F000036345630121FFF7D1FE80F84050FFF7E8
:10260000E8FF38BD1223036345630221FFF7C6FECE
:1026100080F84050FFF7DEFFF3E708B503681A685B
:10262000002180F84210510415D51A6822F4804226
:102630001A6090F84130292B13D1282380F84130BB
:10264000212303630121FFF7A9FE002380F8403016
:102650000CF04EFF08BD1204EBD51A6822F40042BC
:10266000E6E790F841302A2BF4D1282380F8413056
:10267000222303630221FFF791FE002380F84030FC
:102680000CF023FFE6E790F8412002F02802282A08
:10269000F8B5036834D19E69C2689D699968DF689E
:1026A0002D0C022AC6F3004605F0FE051FD185EA6F
:1026B000D11515F00605C1F309020ED1816C013167
:1026C0008164816C022907D108218564D96180F871
:1026D000405031460CF0ACFEF8BD4FF40041FFF71E
:1026E0005DFE002380F8403007F0FE02F1E74FF472
:1026F0000041FFF753FE002380F840302A46E8E708
:102700000822DA61002380F84030E5E708B5164B6F
:10271000C362202200230363436380F8412080F8D2
:1027200042304B0712D503685A6A436A1A70436AEB
:1027300001334362038D4BB1013B0385438D013B64
:102740009BB24385436C43F00403436448F20301A6
:10275000FFF724FE03681022DA61002380F840307E
:102760000CF09EFE08BD00BF0000FFFF70477047E1
:10277000704790F84120602A08B54FF0000208D158
:10278000202180F8411080F840200263FFF7F0FF1D
:1027900008BD026380F840200CF0AEFEF8E70000B0
:1027A00070B500223D4D90F8413080F84220C5625E
:1027B0004285426C283B0A43022B044642642AD8D5
:1027C0000321FFF7EBFD282380F84130344BA06B49
:1027D0006363236B002841D0112B01D0212B3DD105
:1027E00023681A68510442BF1A6822F480421A60B2
:1027F000FFF7ADFB01282CD0A06B2A4B836300238D
:1028000084F84030FFF76EFB002845D0A06B836B47
:10281000BDE87040184748F20301FFF7BFFDFFF71E
:1028200051FD90F84130602B11D0202380F84130C9
:1028300003689A6995060AD59A69D00605D51022CB
:10284000DA61626C42F0040262642022DA610023E1
:10285000BDE72046BDE87040FFF78BBFE06B002866
:10286000F7D0122B01D0222BF3D123681A6812045F
:1028700042BF1A6822F400421A60FFF768FB012881
:10288000E7D0E06B074B8363002384F84030FFF709
:1028900029FB08B1E06BBAE770BD00BF0000FFFF85
:1028A000A72E0008B92F000873B505682023EB6137
:1028B00090F84130212B04460E4635D10121FFF717
:1028C0006DFD112323636B6823F0FF7323F48B33B7
:1028D00023F4FF7323F001036B6000236363F206AC
:1028E000A3F58033E36205D51023EB61636C43F0FD
:1028F0000403636494F84130602B05D1730741BF32
:102900006B6ADBB20193019B2046FFF7DBFC636C33
:1029100094F84120602A00D07BB1616C204602B05F
:10292000BDE87040FFF73CBF90F84130222BCAD180
:102930000221FFF733FD1223C4E794F84120212A36
:1029400012D1202284F84120236394F8422084F895
:102950004030402A84F8423003D1FFF707FF02B02D
:1029600070BDFFF736FEFAE794F84120222AF6D12F
:10297000202284F84120236394F8422084F84030D8
:10298000402A84F8423002D1FFF7F1FEE7E7FFF773
:1029900021FEE4E713B590F84030012B044600F027
:1029A0008580012380F84030CB0612D5D30610D5A0
:1029B00003681022DA61436C43F00403436420216E
:1029C000FFF7A4FCFFF77EFC002084F8400002B073
:1029D00010BD880708D5930706D52368226D9A6233
:1029E0004FF0FF332365EFE7080633D5530631D5A3
:1029F00010212046FFF78AFC638D9BB233B3638DB1
:102A00009BB2FF2B18D90023FF22E16C2285009393
:102A10004FF0807389B2FFF763FC638D228D9B1AA0
:102A20009BB2638594F841202368222A1A6832D128
:102A300042F400421A60C7E7628DE16C92B2002353
:102A400022850093D2B24FF00073E3E74021FFF7F5
:102A5000A7FEB9E7480621D553061FD594F84110C3
:102A6000134A144B222918BF1346628D92B2FF2AD3
:102A700008D9FF22E16C228500934FF0807389B260
:102A80002046C8E7628DE16C92B222850093D2B2F3
:102A90004FF00073F3E742F48042CBE7880693D50A
:102AA000930691D52046FFF7FFFE8DE702208EE7C3
:102AB000002000800024008073B590F84030012B86
:102AC000044678D0012380F84030CB0612D5D606D4
:102AD00010D503681022DA61436C43F004034364A9
:102AE0002021FFF713FCFFF7EDFB002084F84000E6
:102AF00002B070BD0D0641D550063FD525682B6844
:102B000023F040032B60638D9BB25BB36968638DD8
:102B10009BB2FF2BC1F309011AD9FF2323854FF084
:102B200080730022268D009294F828202046FFF71B
:102B3000D7FB638D9B1B9BB2638594F84130222B9E
:102B40002B680CBF43F4004343F480432B60CCE775
:102B5000638D2385E36A13F5803F14BFE36A4FF06A
:102B60000073DEE76B689A0103D42046FFF733FD5C
:102B7000BBE740212046FFF713FEB6E74B0612D510
:102B8000560610D5638D9BB2002BF2D123685A688C
:102B90009501AAD4E26A12F5803FE6D15A6842F460
:102BA00080425A60A1E788069FD593069DD52046AE
:102BB000FFF77AFE99E702209AE7036899691A6895
:102BC00010B4CC0508D5140606D5446C44F00104B5
:102BD00044644FF48074DC614C0508D5140606D5B6
:102BE000446C44F0080444644FF48064DC6189055B
:102BF00008D5120606D5426C42F0020242644FF438
:102C00000072DA61416C11F00B0F02D010BCFFF7BB
:102C1000C7BD10BC704700002DE9F8430568D5F822
:102C20000090D0F82C8090F8417007F0F70720232F
:102C3000212F04460E46EB6164D148F20101FFF7F3
:102C4000ADFB27636B6843F400436B606B6823F054
:102C5000FF7323F48B3323F4FF7323F001036B60C2
:102C60002046FFF72FFB19F4804F50D02B6823F438
:102C700080432B60A36B1BB11B685B689BB26385B1
:102C800072070FD5636A6A6A1A70636A01336362F6
:102C9000238D2BB1013B2385638D013B9BB2638563
:102CA00026F00406638D9BB21BB1636C43F00403F2
:102CB0006364F30611D519F0100F0ED0638D9BB22B
:102CC000002B3ED194F84130282B29D1B8F1007F58
:102CD00026D131462046FFF719FD002384F8423003
:102CE000656C6363002D3BD0616C2046FFF758FD97
:102CF00094F84130282B45D131462046BDE8F843B1
:102D0000FFF704BD222F9DD148F2020197E719F485
:102D1000004FB5D02B6823F400432B60E36BAAE788
:102D200094F841202368292A4FF01002DA61D4D1A7
:102D300018F5803FD1D02046FFF7C4FAFFF76DFCAD
:102D4000CBE723681022DA61636C43F00403636409
:102D500038F08073C1D1616C2046FFF721FDBCE7DC
:102D6000E36A13F5803F0FD02046FFF756FC0F4B68
:102D7000E362202384F8413084F8405025632046E4
:102D80000CF08EFBBDE8F88394F8413084F8405095
:102D9000222B4FF0200384F841302046256302D1D6
:102DA0000CF093FBEEE70CF0A3FBEBE70000FFFF5A
:102DB00070B590F84060C56A012E04460B4670D08D
:102DC000012680F840608E0607D5960605D5FFF7E8
:102DD00023FF002084F8400070BDD80659D5D106E5
:102DE00057D512F4404F50D0D4E90E10E0B921B1BC
:102DF000520402D50A6852680AB323681022DA61C5
:102E0000636C43F00403636494F8413035F08072DE
:102E1000DBB2DED1213B092B30D8DFE803F02D34C3
:102E20002F2F2F2F2F2F2D341604E0D50068406848
:102E30000028DCD119B1500444BF0A68526894F8E4
:102E40004120282A07D1B5F1007F04D11946204638
:102E5000FFF75CFCBDE794F841202368292A4FF076
:102E60001002DA61B5D115F5803FB2D02046FFF7E8
:102E700029FAFFF7D2FBACE721232363616C2046DC
:102E8000FFF78EFCA5E72223F7E723681022DA611B
:102E90009FE719079DD513079BD52046FFF7F3FB46
:102EA00097E7022098E770B590F84060C56A012E58
:102EB00004460B467ED0012680F840608E0607D57A
:102EC000960605D5FFF7A8FE002084F8400070BDE7
:102ED000D90630D5D6062ED5628D92B2E2B994F8D5
:102EE0004120282A07D1B5F1007F04D11946204698
:102EF000FFF70CFCE8E794F841202368292A4FF0FB
:102F00001002DA61E0D115F5803FDDD02046FFF7F1
:102F1000D9F9FFF782FBD7E723681022DA61636CE7
:102F200043F00403636435F08073CDD1616C2046B7
:102F3000FFF736FCC8E758071BD5510719D5638D35
:102F40009BB26BB123685A6A636A1A70636A013371
:102F50006362238D013B2385638D013B9BB26385B7
:102F6000638D9BB2002BAFD115F5803FACD02046CE
:102F7000CFE71E0705D5100703D52046FFF783FBD3
:102F8000A2E79907A0D593079ED5638D9BB26BB13D
:102F9000636A226813F8011B91626362638D013BCF
:102FA0009BB26385238D013B23858DE735F08073CC
:102FB0008AD1DCE702208AE7806A836B0BB10022AA
:102FC0009A63C36B0BB100229A63FFF7D2BB000078
:102FD000024A136843F4807313607047000400587A
:102FE000024B186800F4C060704700BF000400582E
:102FF000024A936823F4004393607047000400582A
:10300000054A136843F007031360044A136943F049
:103010000403136130BF70470004005800ED00E066
:103020004FF0B0431868C0F3404070474FF0B043D2
:103030001868C0F3400070474FF0B042536823F463
:103040007F4343EA0023536070474FF0B043186852
:10305000C0F34060704700007FB54FF0B0432C4A8A
:10306000D3F80831C0F3031003F00F0352F82040E7
:10307000284A52F82330B4FBF3F4FFF7B1FF264B94
:10308000054693E80700B5F5007F04AB03E90700A8
:1030900010D0224B9C4218D303F5B70303F67F539D
:1030A0009C4229D903F5741303F510639C4225D87B
:1030B00002230BE01A4B9C4207D91A4B9C421BD9A6
:1030C00003F5370303F5D853F0E7002304AA02EB16
:1030D000830353F80C4C144D2B6823F00703234350
:1030E0002B60FEF77FF906462B6803F007039C422E
:1030F00006D1002004B070BD0123E7E70024EAE711
:10310000FEF770F9801B0228EED90320F2E700BF1A
:103110000041020860410208D8390208C0CF6A00A5
:10312000BFEA21013F933402004000584FF0B04302
:1031300010B59A68D96812F00C0205D00C2A4AD151
:1031400001F00303012B51D14FF0B0412B480B6824
:1031500013F0080306D00B6813F0080337D1D1F839
:10316000941007E00C68240756BFD1F89430096822
:10317000C3F3032350F82330002A0CBF1846002065
:103180004FF0B0418A6802F00C020C2A1ED1CA68C6
:1031900002F00302022A2ED0032A06D10B68184A35
:1031A00013F4801F174B18BF13464FF0B042D0687E
:1031B000D168D268C0F306205843C1F3021301332B
:1031C000B0FBF3F0530F0133B0FBF3F010BD0B680D
:1031D000C3F30313CEE7042A05D0082A06D11B68DF
:1031E00013F4801305D006480023C9E700231846CE
:1031F000C6E70448C4E7024BD7E700BF0041020816
:103200000024F4000048E80108B5FFF78FFF4FF0F5
:10321000B043044A9B68C3F3031352F82330B0FB56
:10322000F3F008BD604102082DE9F0410446002892
:1032300053D04FF0B0439D68DE680368990605F0EF
:103240000C0506F0030668D5026A1DB10C2D46D1A7
:10325000012E44D1002A40D04FF0B043A16A1A6831
:10326000120756BFD3F894301B681B0903F0F00314
:1032700099421FD90846FFF7EFFE00282DD14FF0E5
:10328000B042136843F0080313601368A16A23F087
:10329000F0030B431360606AFFF7CEFEFFF7B4FF45
:1032A000AC4B1860AC4B1868FEF754F8002834D0CB
:1032B000BDE8F0814FF0B042136843F0080313609B
:1032C000136823F0F0030B431360606AFFF7B4FE4A
:1032D0000846FFF7C1FE0028E0D00120E8E74FF0E4
:1032E000B043002A54D01A6842F001021A60FEF777
:1032F00079F80746FFF79AFE002842D04FF0B04217
:10330000136843F0080313601368A16A23F0F00305
:103310000B431360606AFFF78FFE2368DF0748D412
:103320002368980700F1A18023681E0740F1FC8004
:10333000A3694FF0B046002B00F0E380D6F894303C
:10334000E16903F01002914200F0C68003F003022D
:10335000022AC2D0D80740F1B580D6F8943023F0C5
:103360000103C6F89430FEF73DF80746D6F89430CE
:10337000990740F1A780FEF735F8C31B112BF5D94B
:1033800004E0FEF72FF8C01B0228B3D903208FE713
:103390001A6822F001021A60FEF724F80746FFF7C8
:1033A00045FE0028B9D0FEF71DF8C01B0228F6D94B
:1033B000ECE7082D626803D00C2D1AD1032E18D12A
:1033C000002A8AD09907AFD523694FF0B046002B69
:1033D00067D0336843F480733360FEF703F8074621
:1033E00033685A0555D4FDF7FDFFC31B022BF7D9EF
:1033F000CCE74FF0B043A068196821F48011014375
:10340000B2F5803F196010D11A6842F480321A6018
:10341000FDF7E8FF0746FFF703FE002880D1FDF720
:10342000E1FFC01B6428F6D9B0E7B2F5041F04D150
:103430001A6842F400121A60E6E7196821F4803134
:103440001960196821F400111960002AE0D1FDF714
:10345000C9FF0746FFF7E4FD00283FF461AFFDF721
:10346000C1FFC01B6428F5D990E7042D03D00C2DB3
:10347000AAD1022EA8D12369002B3FF42EAF4FF022
:10348000B0426169536823F0FE4343EA016353602D
:103490004AE77368626923F0FE4343EA026373609C
:1034A00042E7336823F480733360FDF79BFF0746E0
:1034B00033685B057FF538AFFDF794FFC31B022B24
:1034C000F6D963E74FF0B042E169D2F8943023F0C7
:1034D00010030B43C2F894304FF0B047D7F8943044
:1034E00043F00103C7F89430FDF77CFF0646D7F898
:1034F00094309A0718D4FDF775FF831B112BF6D96A
:1035000044E7D6F8943023F00103C6F89430FDF771
:1035100069FF0746D6F894309B0705D5FDF762FF93
:10352000C31B112BF6D931E72368580754D50B4F2D
:103530003B68D90514D4FFF74BFDFDF753FF064652
:103540003B68DA050CD4FDF74DFF831B022BF7D93E
:103550001CE700BF400000200400002000040058C9
:10356000E3684FF0B046002B58D023F08003052BC2
:1035700002BFD6F8903043F00403C6F890304FF005
:10358000B046FDF72FFFD6F8903043F00103074611
:10359000C6F8903041F28838D6F890309B0705D4B1
:1035A000FDF720FFC31B4345F6D9EFE6E36823F0A0
:1035B0000403812B1BD1FDF715FFD6F8903043F0A3
:1035C0008003C6F8903007464FF0B04641F2883885
:1035D000D6F89030180504D5E36A002B4AD10020B4
:1035E00066E6FDF7FFFEC01B4045F1D9CEE6FDF7CC
:1035F000F9FED6F8903023F08003C6F890300746E5
:103600004FF0B04641F28838D6F890301905E3D52E
:10361000FDF7E8FEC01B4045F6D9B7E6FDF7E2FE30
:10362000D6F8903023F080030746C6F8903041F278
:103630008838D6F890301A0516D4FDF7D3FED6F8A0
:10364000903023F00103C6F8903007464FF0B048A1
:1036500041F28836D8F890309B07BDD5FDF7C2FE01
:10366000C31BB342F6D991E6FDF7BCFEC01B404533
:10367000DFD98BE60C2D4ED0022B4FF0B0431A68E9
:1036800022F080721A6033D1FDF7ACFE0546FFF7D9
:10369000DCFC38BBD4E90C314FF0B0420B43D068AE
:1036A0002D4901400B43E16B0B43216C0B43616CD3
:1036B0000B43A16B43EA0123D360136843F080738B
:1036C0001360D36843F08053D360FDF78BFE04464C
:1036D000FFF7BBFC002882D1FDF784FE001B0A28FF
:1036E000F6D953E6FDF77EFE401B0A28CFD94DE6FA
:1036F000FDF778FE0446FFF7A8FC30B94FF0B04262
:10370000164BD1680B40D36069E7FDF76BFE001BD9
:103710000A28F0D93AE6012B3FF4DFAD4FF0B04371
:10372000D868236B00F003029A427FF4D6AD626B37
:1037300000F0700393427FF4D0ADA26B00F4FE431F
:10374000B3EB022F7FF4C9AD636C00F06040C01A88
:1037500018BF0120ACE500BF8C80C111FCFFFEEE5C
:103760002DE9F0410D46044610B90120BDE8F08175
:10377000684E336803F007038B4216D323689A0719
:1037800027D54FF0B047A268BB6823F0F00313437E
:10379000BB60FDF727FE0646BB68DB0319D4FDF7C7
:1037A00021FE831B022BF7D911E0336823F00703B6
:1037B0000B433360FDF716FE0746336803F007033B
:1037C000AB42DBD0FDF70EFEC01B0228F5D903206B
:1037D000CCE72368580617D54FF0B0476269D7F891
:1037E000083123F00F0343EA1213C7F80831FDF73D
:1037F000F9FD0646D7F80831D90305D4FDF7F2FDE7
:10380000831B022BF6D9E2E723685A0713D54FF042
:10381000B047E268BB6823F4E0631343BB60FDF785
:10382000E1FD0646BB689B0305D4FDF7DBFD831B6A
:10383000022BF7D9CBE72368180714D54FF0B04710
:103840002269BB6823F4605343EAC203BB60FDF7FF
:10385000C9FD0646BB68590305D4FDF7C3FD831BAC
:10386000022BF7D9B3E72368DA070FD4294C236872
:1038700003F00703AB4239D8FFF7C6FC264B1860AC
:10388000264BBDE8F0411868FDF764BD6268022A66
:103890001DD1FFF7C5FB00283FF467AF4FF0B046DE
:1038A00041F28838B36823F003031343B360FDF794
:1038B00099FD0746B368626803F00C03B3EB820F0F
:1038C000D4D0FDF78FFDC01B4045F3D97FE7032A15
:1038D00002D1FFF7BAFBDEE712B9FFF7A7FBDAE781
:1038E0004FF0B0431B685B05D8D43EE7236823F054
:1038F00007032B432360FDF775FD0646236803F09D
:103900000703AB42B8D0FDF76DFD801B0228F5D947
:103910005DE700BF00400058400000200400002088
:1039200008B5FFF703FC4FF0B043054AD3F8083160
:1039300003F00F0352F82330B0FBF3F008BD00BFD3
:103940006041020808B5FFF75FFC4FF0B043044A3E
:103950009B68C3F3022352F82330D84008BD00BF50
:103960004041020808B5FFF74FFC4FF0B043044A4E
:103970009B68C3F3C22352F82330D84008BD00BF70
:103980004041020810B5D8B1D1B14F234FF0B04239
:103990000360936803F00C04446003F0F004846057
:1039A00003F4E06403F46053C4600361D2F80831A7
:1039B0001B01DBB24361034B1B6803F007030B6081
:1039C00010BD00BF00400058704770B50446002885
:1039D00066D0436A002B5FD14268B2F5827F00D087
:1039E000C3610023A36294F85D3003F0FF0223B9A2
:1039F00084F85C202046FFF7E7FF2268E068A668AD
:103A0000A169022384F85D30136823F0400313603A
:103A1000B0F5E06F4FF000038ABF1D464FF48055AC
:103A2000B0F5706F18BFA362636806F4044603F430
:103A300082733343266906F002063343666906F053
:103A40000106334301F400763343E66906F0380695
:103A50003343266A06F080063343A66A06F400560E
:103A600033431360666B636A06F0080603F01003C5
:103A700000F470603343090C034301F004010B436D
:103A80002B435360D36923F40063D36100200123E7
:103A9000206684F85D3070BD0023C0E90433A0E7E0
:103AA0000120F8E7704710B5044680B10268022390
:103AB00080F85D30136823F040031360FFF7F2FFD6
:103AC0000020206684F85C0084F85D0010BD0120B1
:103AD000FCE7022310B580F83D300368196A41F213
:103AE00011121142044608D1196A40F244421142AF
:103AF00002BF1A6822F001021A60204602F0FBFCA5
:103B0000002084F8480084F83C0084F83E0084F8E3
:103B10003F0084F8400084F8410084F8420084F8B3
:103B2000430084F8440084F8450084F8460084F893
:103B3000470084F83D0010BD90F83D30012B17D1AF
:103B400002230C4A80F83D300368934202D0B3F15F
:103B5000804F07D19968084A0A40062A06D0B2F574
:103B6000803F03D01A6842F001021A6000207047BB
:103B700001207047002C0140070001000368196A0A
:103B800041F21112114208D1196A40F24442114225
:103B900002BF1A6822F001021A60012380F83D304A
:103BA000002070470368DA6822F00102DA60196ABF
:103BB00041F21112114208D1196A40F244421142F5
:103BC00002BF1A6822F001021A60012380F83D301A
:103BD0000020704790F83C20012A03464FF0020075
:103BE00009D01A6883F83D0051610020012283F852
:103BF0003D2083F83C00704770477047036870B5FC
:103C0000DD681E69B20704460DD5A9070BD56FF014
:103C100002021A61012202779B699A0774D001F0AF
:103C200052FE00232377730710D568070ED523684B
:103C30006FF004021A61022222779B6913F4407F1D
:103C4000204667D001F03FFE0023237731070FD5D0
:103C50002A070DD523686FF008021A610422227723
:103C6000DB699B0720465BD001F02DFE0023237704
:103C7000F00610D5E9060ED523686FF010021A6120
:103C800008222277DB6913F4407F20464ED001F0F2
:103C90001AFE00232377F20708D5EB0706D5236821
:103CA0006FF001021A61204601F0EAFD300608D5E6
:103CB000290606D523686FF080021A61204600F0BD
:103CC00002FAF20508D52B0606D523686FF4807238
:103CD0001A61204600F0F8F9700608D5690606D585
:103CE00023686FF040021A612046FFF786FFB20694
:103CF00022D5AB0620D523686FF0200220461A613A
:103D0000BDE8704000F0DEB901F0DBFD2046FFF7B2
:103D100073FF86E701F0D5FD2046FFF76DFF93E7BF
:103D200001F0CFFD2046FFF767FF9FE701F0C9FDD7
:103D30002046FFF761FFACE770BD00001B4A036837
:103D4000904202D0B0F1804F08D14A6823F070034E
:103D50001343CA6823F44073134306E0144A9042A5
:103D6000F7D002F580629042F3D04A6923F08003D5
:103D7000134303608B68C3620B6883620B4B9842EA
:103D800007D003F5C053984203D003F580639842EF
:103D900001D10B690363012343610369DB0742BF60
:103DA000036923F001030361704700BF002C014049
:103DB0000044014010B5044650B390F83D3003F084
:103DC000FF021BB980F83C2002F06EFB0223206842
:103DD00084F83D30211DFFF7B1FF012384F84830FE
:103DE000002084F83E3084F83F3084F8403084F876
:103DF000413084F8423084F8433084F8443084F809
:103E0000453084F8463084F8473084F83D3010BDA2
:103E10000120FCE7036A01F01F0110B501248C406A
:103E200023EA04030362036A8A401A43026210BD54
:103E3000082908B525D00AD8A9B1042919D090F8C5
:103E40004330012B13D1022380F843302CE00C299E
:103E50001FD01029F3D190F84230012B07D1022353
:103E600080F8423020E090F83E30012B19D001203C
:103E700043E090F83F30012BF9D1022380F83F3026
:103E800012E090F84030012BF1D1022380F840304D
:103E90000AE090F84130012BE9D1022380F841304B
:103EA00002E0022380F83E3000680122FFF7B2FFF3
:103EB000124B984214D003F5C05398420BD003F52F
:103EC0008063984207D0B0F1804F0DD0036843F073
:103ED0000103036010E0436C43F400434364F5E7DF
:103EE000436C43F4004343648268054B1340062B44
:103EF00002D0B3F5803FE9D1002008BD002C01407D
:103F000007000100FFF794BF082910B503465AD0F7
:103F100010D809B3042946D093F8434093F84720BA
:103F2000012CE0B2D2B26FD1012A3BD1022283F838
:103F3000432065E00C2956D01029EDD190F842407D
:103F400093F84720012CE0B2D2B25DD1012A29D1E9
:103F5000022283F8422053E090F83E4093F8442038
:103F6000012CE0B2D2B24FD1012A1BD1022283F838
:103F70003E2083F8442018680122FFF74BFF234BB3
:103F8000984202D0B0F1804F07D18268204B134095
:103F9000062B06D0B3F5803F03D0036843F001033E
:103FA0000360002010BD90F83F4093F84520012C9D
:103FB000E0B2D2B228D1012AF4D1022283F83F2004
:103FC00083F84520D7E790F8404093F84620012C2D
:103FD000E0B2D2B218D1012AE4D1022283F8402003
:103FE00083F84620C7E790F8414093F84720012C1A
:103FF000E0B2D2B208D1012AD4D1022283F8412002
:10400000022283F84720B6E70120CBE7002C0140CD
:1040100007000100036A01F01F0110B504248C4061
:1040200023EA04030362036A8A401A43026210BD52
:1040300008B529B990F84430012B1DD0012039E092
:10404000042907D190F84530012BF7D1022380F8DD
:10405000453014E0082907D090F84730012BEDD106
:10406000022380F847300AE090F84630012BE5D172
:10407000022380F8463002E0022380F844300068D2
:104080000422FFF7C7FF436C43F4004343640A4B29
:10409000984202D0B0F1804F07D18268074B13409D
:1040A000062B06D0B3F5803F03D0036843F001032D
:1040B0000360002008BD00BF002C01400700010084
:1040C000FFF7B6BF704770477047000010B5026831
:1040D00052E8003F23F4907342E80031026800295F
:1040E000F5D10F4C02F1080353E8003F234002F1E1
:1040F000080C4CE800310029F4D1C36E012B07D124
:1041000052E8003F23F0100342E800310029F7D1C4
:104110002023C0F88C300023C366436710BD00BF66
:10412000FEFFFFEF026852E8003F23F0800342E801
:10413000003102680029F5D152E8003F43F0400306
:1041400042E800310029F7D17047D0F88820212AB1
:10415000034611D1B0F8562092B20AB9FFF7E2BF78
:10416000026D016812F8010B88621A65B3F85620D7
:10417000013A92B2A3F856207047D0F88820212A3D
:10418000034613D1B0F8562092B20AB9FFF7CABF5E
:104190001A6D006832F8021BC1F3080181621A65CA
:1041A000B3F85620013A92B2A3F856207047D0F8DF
:1041B0008830212B10B51BD1B0F86A20C2B1B0F8FD
:1041C0005610036889B2A1B903F1080252E8002F22
:1041D00022F4000203F1080040E800210029F3D195
:1041E00053E8002F42F0400243E800210029F7D1B4
:1041F00010BDD96909060AD5016D11F8014B9C6201
:10420000B0F856300165013B9BB2A0F85630013A38
:1042100092B2D3E7D0F88830212B10B51BD1B0F87B
:104220006A20C2B1B0F85610036889B2A1B903F18F
:10423000080252E8002F22F4000203F1080040E8CF
:1042400000210029F3D153E8002F42F0400243E857
:1042500000210029F7D110BDD96909060CD5016DDF
:1042600031F8024BC4F308049C62B0F85630016583
:10427000013B9BB2A0F85630013A92B2D1E77047A9
:10428000D0F88830202B10B544D1002944D0002A22
:1042900042D0A0F85620A0F85420426E01650023B9
:1042A000C0F89030B2F1005F4FF02103C0F88830C1
:1042B0000268836819D1B3F5805F14D10469174B84
:1042C0001749002C08BF0B46836702F1080353E827
:1042D000003F43F4000302F1080040E800310029E8
:1042E000F3D1002010BD0D4BEEE7B3F5805F0FD189
:1042F00004690C4B0C49002C08BF0B46836752E83D
:10430000003F43F0800342E800310029F7D1E8E79D
:10431000044BF3E70220E5E70120E3E7AF410008A3
:10432000154200084B4100087B41000808B5806A2F
:104330000023A0F85E30A0F8563002F011FC08BD52
:10434000704700000368D9691A682DE9F04140F60A
:104350000F0631429D68044610D18E0640F19780C9
:1043600002F0200605F080573E4300F09080436F36
:10437000002B00F08580BDE8F0411847AB4EAC48FB
:104380002E401040304300F08280CF0709D5D00581
:1043900007D501201862D4F8900040F00100C4F85D
:1043A00090008F0709D5E80707D502201862D4F8D6
:1043B000900040F00400C4F890004F0709D5E807CA
:1043C00007D504201862D4F8900040F00200C4F829
:1043D00090000F070BD502F02000304307D00820D3
:1043E0001862D4F8900040F00800C4F890000E0560
:1043F0000AD5500108D54FF400601862D4F8903007
:1044000043F02003C4F89030D4F89030002B37D01C
:104410008B0609D502F0200205F080552A4303D00F
:10442000636F0BB1204698472668D4F89020B36894
:1044300002F0280203F0400353EA0205204621D08F
:10444000FFF744FEB3685F0617D5226802F1080340
:1044500053E8003F23F04003083242E800310029CE
:10446000F3D1D4F8800040B1724B8363FDF73AFD7D
:1044700030B1D4F88000836B7DE7204602F070FBFA
:10448000BDE8F08102F06CFBC4F89050F8E7E06EF4
:10449000012840F08980CE0640F18680D00640F1A8
:1044A000838010221A629A6851064BD5D4F8802076
:1044B00011684A6892B2002AE2D0B4F85C009042D7
:1044C000DED9A4F85E200A6892062FD453E8002FA4
:1044D00022F4807243E800210029F7D103F1080299
:1044E00052E8002F22F0010203F1080040E8002109
:1044F0000029F3D103F1080252E8002F22F0400214
:1045000003F1080040E800210029F3D12022C4F87B
:104510008C20E16653E8002F22F0100243E80021CE
:104520000029F7D1D4F88000FDF7A7FC0223236708
:10453000B4F85E30B4F85C10C91A89B22046FFF7AF
:10454000FFFE9DE7B4F85E20B4F85E00B4F85C109E
:1045500080B292B2002893D0891A89B200298FD0F4
:1045600053E8002F22F4907243E800200028F7D18E
:10457000314D03F1080252E8002F2A4003F10806EA
:1045800046E800200028F4D12022C4F88C2060677F
:10459000E06653E8002F22F0100243E800200028D4
:1045A000F7D102232367C9E7CF0209D56E0207D5E9
:1045B0004FF4801220461A62BDE8F04102F01ABBA7
:1045C00008060BD502F0800005F40005284305D04D
:1045D000A36F002B3FF454AF2046CCE64F0611D515
:1045E00056060FD553E8002F22F0400243E8002181
:1045F0000029F7D12023C4F88830A167204602F0B3
:10460000ABFA3DE70D0206D5500004D52046BDE8C3
:10461000F04100F032BECB017FF532AF002ABFF689
:104620002FAF2046BDE8F04100F026BE010000108B
:10463000200100042D430008FEFFFFEFD0F88C207E
:10464000B0F86010222A08B5036855D15B6A826D04
:104650000B401370836D01338365B0F85E30013B0E
:104660009BB2A0F85E30B0F85E309BB2002B42D116
:10467000026852E8003F23F4907342E80031036877
:104680000029F5D103F1080252E8002F22F00102BF
:1046900003F1080C4CE800210029F3D12022C0F8D6
:1046A0008C20184A41679342016705D1C26E012AE6
:1046B0000ED002F04DFA1EE05A681102F6D553E80A
:1046C000002F22F0806243E800210029F7D1EDE7B6
:1046D0000022C26653E8002F22F0100243E80021B6
:1046E0000029F7D1DA69B0F85C10D20644BF102275
:1046F0001A62FFF725FE08BD9A6942F008029A6126
:10470000F9E700BF00800040D0F88C20B0F86010BE
:10471000222A08B5036852D15A6A1140826D22F8E4
:10472000021B8265B0F85E20013A92B2A0F85E20CA
:10473000B0F85E2092B2002A40D153E8002F22F454
:10474000907243E800210029F7D103F1080252E8F2
:10475000002F22F0010203F1080C4CE8002100298F
:10476000F3D12022C0F88C20174A41679342016799
:1047700005D1C26E012A0ED002F0EAF91EE05A6895
:104780001102F6D553E8002F22F0806243E80021A1
:104790000029F7D1EDE70022C26653E8002F22F08E
:1047A000100243E800210029F7D1DA69B0F85C1063
:1047B000D20644BF10221A62FFF7C2FD08BD9A69F3
:1047C00042F008029A61F9E7008000402DE9F84FB5
:1047D0000368B0F86060D3F81CB01F689D68D0F81B
:1047E0008C20222A044640F0B980B0F8683043B1EA
:1047F000DFF87491DFF874A14FF000081BF0200F70
:1048000020D1B4F85E309BB2D3B1B4F868209A429C
:1048100016D9226802F1080353E8003F23F08053C1
:10482000083242E8003122680029F2D1504B636718
:1048300052E8003F43F0200342E800310029F7D15D
:10484000BDE8F88F2368A26D5B6A33401370A36DD7
:104850000133A365B4F85E30013B9BB2A4F85E302F
:104860002368D3F81CB01BF0070F2ED01BF0010FEC
:1048700009D0F90507D501221A62D4F8902042F038
:104880000102C4F890201BF0020F09D0EA0707D5F7
:1048900002221A62D4F8902042F00402C4F8902058
:1048A0001BF0040F09D0E80707D504221A62D4F8D8
:1048B000903043F00203C4F89030D4F8903023B124
:1048C000204602F04DF9C4F89080B4F85E309BB2F7
:1048D000002B93D1226852E8003F23F4807342E812
:1048E000003123680029F5D103F1080252E8002FB6
:1048F00002EA090203F1080040E800210029F3D18F
:1049000020225345C4F88C20616721670AD05A6879
:10491000110207D553E8002F22F0806243E80021FE
:104920000029F7D1E26E012A14D10022E26653E891
:10493000002F22F0100243E800210029F7D1DA69A4
:10494000B4F85C10D20644BF10221A622046FFF76A
:10495000F7FC53E7204602F0FBF84FE79A6942F074
:1049600008029A616CE700BFFEFFFFEF0080004085
:104970003D4600082DE9F84F0368B0F86060D3F8B1
:104980001CB01F689D68D0F88C20222A044640F095
:10499000B780B0F8683043B1DFF87091DFF870A1EC
:1049A0004FF000081BF0200F20D1B4F85E309BB20E
:1049B000D3B1B4F868209A4216D9226802F10803EC
:1049C00053E8003F23F08053083242E80031226868
:1049D0000029F2D14F4B636752E8003F43F02003B8
:1049E00042E800310029F7D1BDE8F88F2368A26DB5
:1049F000596A314022F8021BA265B4F85E20013AE0
:104A000092B2A4F85E20D3F81CB01BF0070F2ED092
:104A10001BF0010F09D0F90507D501221A62D4F85D
:104A2000902042F00102C4F890201BF0020F09D040
:104A3000EA0707D502221A62D4F8902042F0040255
:104A4000C4F890201BF0040F09D0E80707D5042212
:104A50001A62D4F8903043F00203C4F89030D4F8CE
:104A6000903023B1204602F07BF8C4F89080B4F86F
:104A70005E309BB2002B95D1226852E8003F23F4B0
:104A8000807342E8003123680029F5D103F1080260
:104A900052E8002F02EA090203F1080040E8002171
:104AA0000029F3D120225345C4F88C206167216787
:104AB0000AD05A68110207D553E8002F22F080620D
:104AC00043E800210029F7D1E26E012A14D1002227
:104AD000E26653E8002F22F0100243E8002100298B
:104AE000F7D1DA69B4F85C10D20644BF10221A621A
:104AF0002046FFF725FC55E7204602F029F851E74C
:104B00009A6942F008029A616EE700BFFEFFFFEF6C
:104B1000008000400947000810B590F88430012B50
:104B20001ED0012380F884302423C0F88830026826
:104B300052E8003F23F00C0342E800340168002CE7
:104B4000F5D151E8002F42F0080241E80023002B84
:104B5000F7D12022C0F8882080F88430184610BD94
:104B60000220FCE710B590F88430012B1ED0012301
:104B700080F884302423C0F88830026852E8003F6F
:104B800023F00C0342E800340168002CF5D151E811
:104B9000002F42F0040241E80023002BF7D120222D
:104BA000C0F8882080F88430184610BD0220FCE749
:104BB000D0F88820D0F88C001043704738B50446F0
:104BC00003682169A2681D68C0690A4361690A43D4
:104BD0007549024329400A431A605A68E16822F481
:104BE00040520A435A60714AA16993421CBF226A2B
:104BF00011439A6822F06E4222F430620A439A60AE
:104C0000DA6A616A22F00F020A43DA62684A934262
:104C100017D14FF0B043674AD3F8883003F003034D
:104C200043F4403393425BD0B3F1031F21D0013AE8
:104C3000934274D0B0F5004F40F0B080FEF792FE82
:104C400031E05D4A934231D14FF0B0435B49D3F834
:104C5000883003F00C0343F440228A4240D005D848
:104C6000E3B1574B9A425AD0012062E0B2F10C1FD7
:104C7000FAD1B0F5004F37D04FF400406368616A55
:104C8000504A32F81120B0FBF2F000EB5300B0FBB9
:104C9000F3F04FF6EF73A0F1100274E0B0F5004F9F
:104CA00077D1FEF74FFE002842D01DE03F4A9342E5
:104CB000DAD14FF0B043D3F8883003F44063B3F552
:104CC000006F3DD006D883B3B3F5806FCCD1FEF72B
:104CD0002DFA2CE0B3F5406FC6D14FF4004030E020
:104CE000B0F5004F3848C9D16268616A354B33F876
:104CF0001130B0FBF3F0530803EB4003B3FBF2F3C6
:104D00004FF6EF72A3F110019142ADD823F00F02DC
:104D1000216892B2C3F342031343CB6008E0B0F5BD
:104D2000004F3ED1FEF702FABDE7FEF70BFE40B999
:104D300000204FF00113A3660023C4E91D3338BDE2
:104D4000214865681F4B626A05EB450133F8122064
:104D5000B0FBF2F3994287D8B3EB053F84D8002328
:104D60001946FCF721FA090241EA10616B080002BA
:104D7000C0182A464FF0000341F10001FCF714FA75
:104D8000124BA0F540729A423FF66EAF2368D8608E
:104D9000CEE7FEF7D7FD0028CAD06FE7FEF7E2FDA9
:104DA000F9E7FEF7C3F9F6E7F369FFCF00800040AB
:104DB00000380140020003000044004008000C00DD
:104DC00004000C00044002080024F400FFFC0F0063
:104DD000836A1A0710B506D50168846B4A6822F405
:104DE000004222434A60DC0706D50168C46A4A686B
:104DF00022F4003222434A60990706D50168046B09
:104E00004A6822F4803222434A605A0706D5016874
:104E1000446B4A6822F4802222434A60DC0606D5AD
:104E20000168C46B8A6822F4805222438A60990622
:104E300006D50168046C8A6822F4005222438A6015
:104E40005A060FD50168446C4A6822F48012224346
:104E5000B4F5801F4A6005D14A68846C22F4C00210
:104E600022434A601B0606D50268C16C536823F4CE
:104E700000230B43536010BD2DE9F843DDF820906B
:104E800005460E46174698462A68D36936EA030354
:104E90000CBF01230023BB4201D0002029E0B9F15F
:104EA000FF3FF2D0FCF79EFAA0EB080048452C68C3
:104EB00002D8B9F1000F1ED154E8003F23F4D0739B
:104EC00044E80032002AF7D104F1080353E8003F18
:104ED00023F0010304F1080141E80032002AF3D174
:104EE0002023C5F88830C5F88C30002385F884303D
:104EF0000320BDE8F88323685A07C5D5802EC3D0A8
:104F0000402EC1D0E3691B05BED54FF40063236278
:104F100054E8003F23F4D07344E80032002AF7D16C
:104F200004F1080353E8003F23F0010304F10801F2
:104F300041E80032002AF3D12023C5F88830C5F8B3
:104F40008C30C5F89030D0E72DE9F7439846D0F87B
:104F50008830202B04460E46174643D1002943D003
:104F6000002A41D021230025C0F89050C0F8883095
:104F7000FCF738FAA368A4F85470B3F5805F814653
:104F8000A4F8567003D123690BB935461E46B4F810
:104F90005620CDF8008092B24B4642B940212046BF
:104FA000FFF76AFF48B92023C4F8883006E00022E2
:104FB00080212046FFF760FF18B1032003B0BDE851
:104FC000F08322685EB935F8023BC3F308039362AD
:104FD000B4F85620013A92B2A4F85620D7E716F852
:104FE000013BF4E70220E9E70120E7E773B5044657
:104FF0000026C0F89060FCF7F5F923681B681A07D3
:10500000054619D423681B685B070AD56FF07E43F9
:10501000009300222B464FF480012046FFF72CFF1F
:10502000B0B900202023C4F8883084F88400C4F884
:105030008C30E06620670CE06FF07E4300933246D0
:1050400003464FF400112046FFF716FF0028D9D081
:10505000032002B070BD10B5044650B3D0F88830BC
:105060001BB980F88430FFF70AF922682423C4F8BA
:105070008830136823F001031360A36A13B120463C
:10508000FFF7A6FE2046FFF799FD012811D02368FF
:105090005A6822F490425A609A6822F02A029A6072
:1050A0001A6842F0010220461A60BDE81040FFF77E
:1050B0009DBF012010BD10B5044670B3D0F88830F4
:1050C0001BB980F88430FFF7DAF822682423C4F88B
:1050D0008830136823F001031360A36A13B12046DC
:1050E000FFF776FE2046FFF769FD012815D02368FB
:1050F0005A6822F490425A609A6822F022029A601A
:105100009A6842F008029A601A6842F0010220464A
:105110001A60BDE81040FFF769BF012010BD000014
:1051200030B581658168A0F85C200023B1F5805F0F
:10513000A0F85E20436731D10369002B40F2FF13D2
:1051400018BFFF23A0F860300023C0F8903022235E
:10515000C0F88C30016801F1080353E8003F43F0C8
:105160000103083141E800340368002CF2D1456E98
:1051700084680169B5F1005F35D1B0F86850954297
:1051800031D8B4F5805F29D1C1B1264A426753E8CE
:10519000002F42F4807243E8002121E029B903691D
:1051A000002B14BF7F23FF23CCE7B1F1805FC9D16F
:1051B0000369002B14BF3F237F23C3E71A4A4267CA
:1051C00003F1080252E8002F42F0805203F1080078
:1051D00040E800210029F3D1002030BD114A426788
:1051E0000029D4D1ECE7B4F5805F16D151B10F4A54
:1051F000426753E8002F42F4907243E800210029EF
:10520000F7D1E9E70A4A426753E8002F42F020024B
:1052100043E800210029F7D1DEE7044A426700296C
:10522000F2D0E6E7CD470008754900083D46000882
:1052300009470008D0F88C30202B30B415D1B9B113
:10524000B2B100230468C3660A4B9C420AD063686B
:105250001B0207D554E8003F43F0806344E8003563
:10526000002DF7D130BCFFF75BBF022030BC704788
:105270000120FBE7008000407047704790F88430C1
:10528000012B0FD0012380F88430016851E8002FF2
:1052900042F0020241E80023002BF6D180F884306E
:1052A000184670470220704790F88430012B0FD0C9
:1052B000012380F88430016851E8002F22F00202B7
:1052C00041E80023002BF6D180F88430184670475F
:1052D00002207047836810B504462BB103220146B3
:1052E00098470023C4E9023310BD836810B5044613
:1052F00013B1032201469847204610BD10B504465D
:1053000050F8103FDA6822F00102DA60DA6822F021
:105310000202DA60DA6822F00402DA60DA6822F067
:105320000802DA60DA6822F01002DA60FEF726FC82
:105330002269136823F001031360012384F84E30BF
:1053400084F84F3084F8503084F8513084F852306B
:1053500084F8533084F8543084F8553084F856304B
:1053600084F8573010BD4B1E032B00D9FEE789008F
:10537000081F70470139435C13F0100004D0022964
:1053800016D80C4A32F81100DB0712D503290FD8C2
:10539000DFE801F00205080B40F00100704740F023
:1053A0001000704740F48070704740F480507047A0
:1053B000FEE77047244002080139032900D9FEE7BF
:1053C000014B585C704700BF204002080139032997
:1053D00000D9FEE7014B585C704700BF1C40020833
:1053E0002DE9F04104460E46FFF7BDFF04EB061819
:1053F00008F16408054631462046FFF7DDFFD8F87E
:1054000008302BB12369C2431A61DA680243DA60BB
:10541000771E04EB47039B880B2B49D8DFE803F08A
:1054200051181818060618184A4A4A2AE35DDE067B
:1054300004D5294604F11000FEF742FEE35DD807CB
:1054400036D5294604F11000BDE8F041FEF75ABDFB
:10545000E35DD90604D5294604F11000FEF7E8FD06
:10546000E35DDA0724D5294604F11000BDE8F041D8
:10547000FEF7DEBC294604F11000FEF745FD31467B
:105480002046FFF7A3FF2569014606462046FFF7A1
:1054900071FF2B6A1843D8F80830286243B13146AF
:1054A0002046FFF789FFC3432B61EB681843E86090
:1054B000BDE8F081294604F11000BDE8F041FEF797
:1054C00023BD23691B68DB07F2D404F11000BDE89B
:1054D000F041FEF731BB70B501250446861C294614
:1054E00036F8023F23B129462046FFF779FF002115
:1054F0000135052DF4D1E36E3BB123696FF0010254
:105500001A61DA6842F00102DA6049B123691B6866
:10551000DB0705D404F11000BDE87040FEF70CBBBA
:1055200070BD01211030FEF755BB0369186800F00B
:105530000100704710B502460C46FFF7F6FF80B930
:10554000CB68DB070ED5CB6823F00103CB60104698
:10555000FFF7E7FF6FF001032361E36843F0010306
:10556000E36010BDBDE810401046FFF7DABF000051
:105570000B4B98420BD0B0F1804F0AD003F5C053CB
:10558000984208D003F58063984206D0FEE70020D9
:10559000704701207047022070470320704700BF0A
:1055A000002C0140024670B5044652F8100FFFF778
:1055B000DFFF0546104600F009FF094A002342F8C4
:1055C000253004F16406E36004F1B405B54204D06B
:1055D000103D2846FFF789FEF8E7204670BD00BF62
:1055E0008803002070B504460846FFF7C1FF25690F
:1055F00005B1FEE7204B216104F10C0243F82020A5
:1056000004F110060E23C4E917353046C4E90C55E1
:10561000C4E90E55C4E9105584F82C50A56484F8EB
:105620004C5084F84D50E46000F0A4FE04F1640096
:10563000FFF750FE04F17400FFF74CFE04F1840004
:10564000FFF748FE04F19400FFF744FE04F1A400C4
:10565000FFF740FEC4E900554FF6FF73C4E9065357
:105660008023C4E90855A5606561A3623046BDE8A2
:105670007040FEF79FBB00BF8803002010B588B0C4
:1056800018220446002102A81CF07FF9002301A97A
:1056900002A80193FEF776F9206900F03DFF01288A
:1056A00002D002280FD0FEE7059CFEF74BF9B4F5B7
:1056B000C06F05D00BD824F48074B4F5806F00D18E
:1056C000400008B010BD069CFEF74CF9EFE7B4F5BA
:1056D000E06FF4E7012A38B505460C460BD0022AE4
:1056E00016D004B1013C29692846CC62EC61BDE8C2
:1056F0003840FFF71FBFFFF7C1FF084BB0FBF3F0C7
:1057000044432A69230C93620133B4FBF3F4E8E7C2
:10571000FFF7B4FFB0FBF4F4F3E700BF40420F0023
:1057200010B500F110042046FEF73CFA2046BDE813
:105730001040FEF7CEB90000034B186810B10430DA
:10574000FEF75CBA704700BF88030020FFF7F4BF84
:10575000034B586810B10430FEF750BA704700BFD1
:1057600088030020034B986810B10430FEF746BA56
:10577000704700BF88030020034BD86810B1043085
:10578000FEF73CBA704700BF880300200022C0E942
:105790000022C0E902227047F8B504460E4600F127
:1057A000640500F1B40728461035FFF7EFFFBD424E
:1057B000F9D10023204623613146FFF713FF20462D
:1057C000F8BD38B50023C0E90033C0E902338B6867
:1057D00004460D462BB102229847EB68E360AB68A4
:1057E000A360204638BD30B587B002AD04462846D8
:1057F000FFF7E7FF95E803006B4683E8030094E8B2
:10580000030085E8030093E80300049BA268A360FB
:10581000059B049284E80300E268E3602846059251
:10582000FFF763FD07B030BD38B504460D46E36EA3
:1058300064301BB1BDE83840FFF7D5BFFFF7D3FF99
:10584000AB683BB123696FF001021A61DA6842F07C
:105850000102DA6038BD826810B50AB918F066FD39
:10586000BDE81040C368184708B500B9FEE700F06E
:105870007FFD0068C36E13B16430FFF7ECFF08BD15
:10588000FFF7F2BF10B500B9FEE7037F013B072B1E
:1058900010D8DFE803F004140F100F0F0F120124CB
:1058A00000F066FD240100686434204483680BB175
:1058B000FFF7D1FF10BD0324F2E70424F0E7022430
:1058C000EEE7FFF7DFBFFFF7DDBF1AF011BE1AF0FA
:1058D0000FBE1AF015BE4FF0B04382B0DA6C02432F
:1058E000DA64DB6C03400193019B02B07047000057
:1058F00008B5032818D8DFE800F002080D120120CF
:10590000FFF7E9FF4FF0904008BD0220FFF7E3FFEB
:105910000648F9E70420FFF7DEFF0548F4E780209A
:10592000FFF7D9FF0348EFE70020EDE70004004848
:1059300000080048001C004808B5064900F0E0FCDB
:10594000C0F3C430112800D9FEE7034B53F8200000
:1059500008BD00BF8C3E020838400208A0F5805008
:105960000138022800D9FEE7014B53F820007047A8
:105970002C40020808B5054900F0C2FCC0F3C43051
:10598000012800D0FEE7002008BD00BF743E0208D9
:105990000268094B9A420DD14FF0B0439A6B42F026
:1059A00000529A639A6B22F000529A639A6D22F029
:1059B00000529A65704700BF0074004010B50A4954
:1059C00086B0044600F07AFC019050B12046FFF703
:1059D000D1FF014628B901A8FCF741FA01A8FCF75C
:1059E00030FA06B010BD00BF743E02084FF0B0435D
:1059F00082B01A6E42F400721A661A6E02F40072D5
:105A00000192019AD3F8882042F04052C3F88820CE
:105A1000044B1868C30403D4034902B000F036BC39
:105A200002B07047180000208C3E02084FF0B043CF
:105A30001A6C42F400721A641A6C22F400721A642E
:105A40001A6C42F400721A641A6C22F400721A641E
:105A50001A6E22F400721A6670470000F0B59FB00B
:105A6000054664220E4605A800211BF08EFF002388
:105A7000EA04CDE902330493ADF80230019340F11A
:105A8000AC8041F203039D4200F2A7805D4B059379
:105A90002846FFF763FF07270446082E00F0AE8074
:105AA0000A2E00F0AD80062E0CBF182300234FF005
:105AB0000042CDE906230023CDE908320422CDE9D6
:105AC0000E330A92ADF82C3001228DF82E308DF86D
:105AD00034308DF840308DF8503018931B93199363
:105AE0008DF86830484B0C9205A84FF48052CDE9F0
:105AF000112713971D60FBF77FFC002879D1012C3B
:105B0000029435D0414B9C4232D0414B9C422FD025
:105B1000404B9C422CD0404B9C4229D03F4B9C4256
:105B200026D03F4B9C4223D03E4B9C4220D03E4B44
:105B30009C421DD03D4B9C421AD03D4B9C4217D0FD
:105B400003F104239C4213D03A4A24F000439342C9
:105B50000ED0394A93420BD0384A934208D0384A83
:105B6000944205D0374A944202D0374A934240D1FA
:105B7000012302A905A8CDE90337FBF79BFD002807
:105B800037D105A8FBF7D0FF002832D105A8FBF7D5
:105B9000F3FE70BB0A2105A8FBF72EFD48BB05A844
:105BA000FBF760FE830505D505A8FBF77FFD80B2F6
:105BB000ADF8020005A8FBF799FFD0B905A8FBF7DF
:105BC0003FFFB0B9214AD2F8083723F0E073C2F89A
:105BD0000837BDF8020080B20CE01D49284600F0ED
:105BE0006DFB01A905902846FFF7A6FE059B04461C
:105BF00013B900201FB0F0BD03274EE7102356E76E
:105C0000082354E70024014018000020020000048B
:105C1000040000080800000C100000102000001410
:105C2000400000188000001C000100200002002439
:105C3000000400280010003000200034004000382C
:105C40000080003C000001400000024400200140B0
:105C50008C3E0208F8B51449144E074600F02EFB9E
:105C6000FFF786FC56F82030044673B9B420FFF7DE
:105C70002CFE0D490546384600F020FB014628461B
:105C8000FFF78AFD56F824301D6056F824301C6852
:105C900044B12046FFF786FC2046B421BDE8F84019
:105CA000FFF717BEF8BD00BF3C3D02088803002087
:105CB00037B5FBF797FB4FF0E0250446AB6900933F
:105CC000FBF790FBAB6901936969844201F1010123
:105CD0004FF47A7308D0019A8A1A5A43B2FBF1F250
:105CE00003FB002003B030BD009A8A1A5A43B2FB6E
:105CF000F1F203FB0420F5E7FBF774BB704708B52E
:105D0000FBF764FBFCF735F8FFF7F8FF08BD10B5AB
:105D100094B048220021044602A81BF036FEFDF78D
:105D200057F94FF0B0439A6D42F480629A659A6DCC
:105D300002F480620192019A032C11D8DFE804F08A
:105D40000219283DD3F8942042F00102C3F89420B0
:105D5000D3F894309C0703D40823029301230893BB
:105D6000029B002B36D002A8FDF75EFA002831D046
:105D7000FEE71A6842F480721A601B685905EFD476
:105D8000022302934FF480724023CDE90623E7E714
:105D9000D3F8902042F00102C3F89020D3F890206D
:105DA0009407DDD4D3F8902022F01802C3F8902095
:105DB0000423029381230593D2E71A6842F48032C8
:105DC0001A601B6899035EBF01224FF48033CDE94E
:105DD0000223C5E714B010BD70474FF0B04382B046
:105DE0001A6D42F400221A651A6D02F40022019223
:105DF000019A9A6C42F480529A649B6C03F480532B
:105E00000093009B02B070470C4BD3F8FC20D201EA
:105E10005EBFD3F8FC2042F08072C3F8FC20084B30
:105E200000225A601A6842F001021A6000BF00BFE7
:105E300000BF5868B0FA80F04009704700ED00E0FC
:105E4000001000E008B5FFF7C8FFFFF7DDFFFBF724
:105E5000A7FAFFF7C1FFFBF743FABDE80840014886
:105E6000FBF78CBF1C000020012A02D1016000203A
:105E70007047022A05D0032AF9D0002AF7D1026020
:105E8000F5E70B680360F2E7036818470023C0E9F1
:105E90000033C0E90233704770B50024012904F1D2
:105EA00001032CD1184DE4B2142161436E18F3683C
:105EB0003BB1043129440322084698470023C6E930
:105EC0000333142363430022E8560F4B93F9001069
:105ED000814201D1D968A9B90132102A03F1140312
:105EE000F4D10A4A0A49D2F8803051F8241023EA42
:105EF0000103BDE87040C2F88030FBF7F3BE4908EB
:105F00001C46CBE770BD00BF980300200008005876
:105F1000804002080023012803F101020AD1142263
:105F2000DBB25343054A181D1044816829B11A4455
:105F30001369184740081346EDE77047980300209F
:105F40000120FCF7B3B90220FCF7B0B90420FCF73C
:105F5000ADB90820FCF7AAB91020FCF7A7B938B5ED
:105F600005242025A8B2FCF7A1F9013C4FEA45051C
:105F7000F8D138BD38B506244FF48065A8B2FCF7D7
:105F800095F9013C4FEA4505F8D138BD2DE9F041BE
:105F900016468CB00A460024012A04F1010543D1BB
:105FA000E4B26200CDE90713C168DFF884800323FF
:105FB00093400B40D34003F0030303AD099307A9BB
:105FC00002230A93FCF7BEF81423314628465C43AB
:105FD000FFF7F7FB95E8030008EB040301AA04337D
:105FE00082E8030093E8030085E8030092E80300D9
:105FF000271D83E803004744059BBA68BB60069BE6
:1060000005922846FA68FB600692FFF76EF918F9C8
:10601000040000220621FBF725FE18F90400FBF717
:1060200053FE0CB0BDE8F08152082C46B4E700BF27
:1060300098030020344A104608B5062300F8043BB4
:10604000FFF724FF072302F118001375FFF71EFF67
:10605000082302F12C0082F82830FFF717FF0923EC
:1060600002F1400082F83C30FFF710FF0A2302F1F2
:10607000540082F850301621FFF708FF02F1680043
:1060800082F86410FFF702FF02F17C0082F87810BA
:10609000FFF7FCFE02F1900082F88C10FFF7F6FE8D
:1060A00002F1A40082F8A010FFF7F0FE02F1B800A0
:1060B00082F8B4102921FFF7E9FE02F1CC0082F842
:1060C000C810FFF7E3FE02F1E00082F8DC10FFF7F2
:1060D000DDFE02F1F40082F8F010FFF7D7FE02F5C2
:1060E000847082F80411FFF7D1FE02F58E7082F8F9
:1060F0001811FFF7CBFEBDE8084002F5987082F852
:106100002C11FFF7C3BE00BF9803002038B5054C23
:10611000A4F5A075143C201DFFF7E7F8AC42F9D1B7
:1061200038BD00BFD804002030B591FAA1F391FA30
:10613000A1F1B3FA83F3C4685B000325B1FA81F1DE
:1061400005FA03F3490024EA03038A401A43C260B4
:1061500030BD431C04D00C3151F80C3C5A1C01D109
:1061600000207047834201F10C01F5D101207047F6
:10617000F8B5471C06460D4600D1FEE700F00F02B9
:10618000414BC0F3031053F82240FFF7B1FB94FAE0
:10619000A4F3B3FA83F3876803225B0002FA03F3E4
:1061A00094FAA4F2B2FA82F227EA03075200032318
:1061B00093403B4305F007018360032903D8DFE8E0
:1061C00001F05F032C61FEE7012394FAA4F2B2FA16
:1061D00082F206685200032707FA02F226EA020654
:1061E00094FAA4F2B2FA82F2520093400139334396
:1061F0000129036005D843682A074CBF2343A34302
:106200004360C5F30112012A02D0022A18BF0022FE
:106210002146BDE8F840FFF787BFC5F306227F2A75
:1062200001D10223D1E7360716D5230A93FAA3F644
:10623000B6FA86F6476A93FAA3F3B6004FF00F0C4E
:10624000B3FA83F30CFA06F69B0027EA060602FA75
:1062500003F333434362E4E794FAA4F3B3FA83F31A
:10626000066A9B000F2707FA03F326EA030694FA4F
:10627000A4F3B3FA83F39B009A4032430262D0E75F
:106280000023A2E70323A0E7C0400208431C06D175
:106290007047834202D18968FFF76ABF0C310B68EF
:1062A0005A1CF6D1FEE70B685A1C01D1002070473A
:1062B000834201D1486870470C31F4E7431C01D098
:1062C000FFF7F1BF002070474B6813B94FF0FF3064
:1062D0007047834201D1086870470C31F4E708B178
:1062E000FFF7F2BF4FF0FF30704703460868421CCB
:1062F00000D17047984201D1886870470C31F5E7AA
:10630000431C01D0FFF7F1BF704703468B4208469C
:1063100004D01BB100290CBF1846002070470000B4
:106320004FF0B0431A6842F061021A604FF4E02265
:106330009A6061221A60064ADA6000229A6140F28D
:106340003F321A62034B4FF000629A60704700BF01
:106350000001042200ED00E04FF0B04382B01A6E5D
:1063600002431A661B6E03400193019B02B0704703
:10637000043870470368124A934282B004D14FF444
:10638000006002B0FFF7E8BFB3F1804F0CD14FF0CF
:10639000B0439A6D42F001029A659B6D03F00103D0
:1063A0000193019B02B07047064A934202D14FF419
:1063B0000030E6E7044A9342F4D14FF48020E0E74E
:1063C000002C014000440140004801400368134A8A
:1063D000934206D14FF0B042136E23F4006313666C
:1063E0007047B3F1804F06D14FF0B042936D23F068
:1063F0000103936570470A4A934205D14FF0B042BA
:10640000136E23F40033EAE7064A9342E8D14FF0D3
:10641000B042136E23F48023E1E700BF002C01405B
:106420000044014000480140431C10D00C4B9842EE
:1064300010D007D8B0F1804F0ED0A3F5C0539842CA
:106440000CD0FEE7074B9842FBD11D2070476FF040
:106450000D0070471C2070471B20704718207047A4
:106460000044014000480140431C10D00C4B9842AE
:1064700010D007D8B0F1804F0ED0A3F5C05398428A
:106480000CD0FEE7074B9842FBD11D2070476FF000
:106490000D0070471C2070471B2070471A20704762
:1064A000004401400048014038B50446FFF762FF50
:1064B0002068FFF7B9FFD4E91312FBF7D3FB20687C
:1064C000FFF7B2FFFBF700FC22681046FFF7CCFF96
:1064D00005461046FFF7A8FF85420BD02846D4E9B1
:1064E0001312FBF7BFFB2068FFF7BEFFBDE8384083
:1064F000FBF7EABB38BD10B5FFF768FF044600683C
:10650000FFF792FFFBF7EEFB2068FFF7ADFFBDE85A
:106510001040FBF7E7BB0000431C10D00A4B984229
:106520000BD003D8B0F1804F0BD0FEE7074B984259
:1065300003D003F580639842F7D102207047002012
:1065400070470120704700BF002C0140004401400B
:106550004FF0B042D2F8883023F440630343C2F8CE
:10656000883070472DE9F04F89B0CDE9012304460A
:10657000129BD0F8A00003938B46B449FFF79EFE10
:10658000B3498246D4F8A400FFF798FEB149064605
:10659000D4F8A800FFF792FEAF490746D4F8AC0044
:1065A000FFF78CFEAA498046D4F8A000FFF786FECC
:1065B000A6498146D4F8A400FFF780FE0546BAF14B
:1065C000000F03D1B9F1000F00F03A81D4F8A430E4
:1065D000013303D016B9002D00F03281D4F8A83071
:1065E000013302D0002F00F02B81D4F8AC300133FE
:1065F00003D0B8F1000F00F0238131465046FFF779
:1066000084FE206020B929464846FFF77EFE2060C0
:1066100039462068FFF779FE41462060FFF775FE96
:106620002060002800F00C818C4B984240F0A18043
:106630004FF0B0431A6C42F480421A641A6C22F490
:1066400080421A641A6E42F480421A661B6E03F48A
:1066500080430593059B2423A4F8B030BAF1000FC2
:1066600000F0BA807949D4F8A000FFF70FFE26B1F8
:106670007749D4F8A400FFF709FE4FF00009002F76
:1066800000F0BC807349D4F8A800FFF7FFFD4FF479
:10669000807AB8F1000F06D06F49D4F8AC004AF404
:1066A000007AFFF7F3FD94F8B1206D4B94F9B00038
:1066B000C4F83C90271D43F822702368C4E9013BCD
:1066C000019BE360039B2361029B63610C23002217
:1066D000C4E9063A0823E362226262620121FBF701
:1066E000C1FAD4F800805F4B984538D1BBF5165FEE
:1066F000384600F28580FEF7C1FD3846002E00F0D6
:106700009380FEF7A8FC002800F09A800220FFF793
:10671000FEFA4FF0B043D3F890309B0700F1A6800B
:106720004FF0B04322681B68590500F1D5802268FC
:106730004C4B9A4202D10020FFF70AFF16B9002DF8
:1067400000F0BB803846FEF786FC002878D022682F
:10675000444B9A4203D14FF48060FFF7F9FE16B91B
:10676000002D00F0B380384609B0BDE8F04FFEF7C9
:1067700072BC3D4B984215D14FF0B0439A6B42F436
:1067800000329A639A6B22F400329A639A6D42F453
:1067900000329A659B6D03F400330693069B40F22A
:1067A000251359E72F4B98427FF458AF4FF0B04371
:1067B000DA6B42F00102DA63DA6B22F00102DA638B
:1067C000DA6D42F00102DA65DB6D03F00103079335
:1067D000079B40F226233FE7B9F1000F3FF44DAF8E
:1067E0001B49D4F8A000FFF751FD25B11749D4F893
:1067F000A400FFF74BFD4FF4004940E7BA4648E7D5
:10680000FEF752FD3846AEB1FEF725FCC0B14FF0A1
:10681000B0431A682368500589D5434562D14FF4C7
:106820000060FFF795FE5AE0002D7FF46AAFFEF797
:1068300042FC68E73DB9FEF73EFC00287FF470AFEC
:1068400009B0BDE8F08FFEF706FCF6E7E83C020869
:10685000943C0208403C0208F83B02080038014022
:10686000D804002000800040004400402268234BF0
:106870009A4203D14FF44060FFF76AFE3846002E7B
:10688000E1D1002DDFD1FEF716FC0028D8D04FF063
:10689000B04322681B685B057FF549AF174B9A42EE
:1068A000BDD03846FEF707FC0028C9D02268134B3C
:1068B0009A4202D10020FFF74BFE3846FEF7FBFB61
:1068C0000028BDD022680D4B9A4212D0384609B03C
:1068D000BDE8F04FFEF7EFBB084B9A429FD00EB9D0
:1068E000002DDED03846FEF7B6FB00287FF41FAF40
:1068F000A6E74FF48060FFF72BFEE7E7008000403B
:1069000010B4019C18B1019410BCFFF72BBE10BC51
:1069100070470000094B13B59C6D09492046FFF7ED
:10692000CDFC48B107480023C0F8A0401A460093A8
:106930004FF41651FFF716FE02B010BD583F020883
:10694000E83C02084400002008B5074B90F8B1204D
:1069500053F82200FEF72CF900F02200A0F12203E8
:106960005842584108BD00BFD804002008B5074B65
:1069700090F8B12053F82200FEF71AF900F0210038
:10698000A0F121035842584108BD00BFD80400209F
:106990002DE9F0472B4C06460D46FAF723FD94F8F7
:1069A000B130022B074613D894F8B120264B53F888
:1069B0002240A4F104084046FFF7D8FFD0BB4FF4B3
:1069C0007A73AAB231462046FEF7BEFA40B908E013
:1069D0001E4B1F49D3F858804046FFF76FFC18BB89
:1069E00000252846BDE8F0875AF8233043B994F8CB
:1069F000B1300133DBB2022B84F8B130F4D90CE0B2
:106A000049464046FFF75AFC94F8B1205AF8223024
:106A10001B688342EBD1022AC6D9FFF77BFF94F8AB
:106A2000B130022BC0D9DBE7DFF81CA0DFF82090E3
:106A30000023E0E7FAF7D6FCC01BB0F57A7FBAD3A3
:106A4000CEE700BF44000020D8040020583F0208D1
:106A5000E83C020870B50E46054610B94FF0FF300D
:106A600070BDFFF771FF04460028F7D129460122C7
:106A700011F8B23F337095F8B100034B53F8200082
:106A8000FEF7D8FB2046EBE7D804002038B50D46CA
:106A90000446C0B1FFF758FFA8B994F9B000C4F894
:106AA0009850FBF71FF994F8B100074B04F1B201BD
:106AB00053F820000122FEF7BDFB94F9B000BDE8B9
:106AC0003840FBF701B938BDD804002038B5154669
:106AD0000446C8B1C0F89C1090F9B000FBF702F969
:106AE000D4F8B830B4F8C21094F8B10013FA81F1B8
:106AF000064BAAB253F82000FDF7C2FB94F9B00090
:106B0000BDE83840FBF7E0B838BD00BFD80400202E
:106B100050B1D0F8A430013306D190F8B120034B26
:106B200053F82200FDF7F8BF704700BFD8040020DB
:106B300050B1D0F8A430013306D190F8B120034B06
:106B400053F82200FEF70EB8704700BFD8040020AB
:106B5000D0F8943004381847D0F8983004381847E3
:106B600010B5044650F80439DA69D1070CD5012272
:106B70001A62FFF7E9FEB0B904F1AE012046012226
:106B8000BDE81040FEF756BBDA69920701D5022234
:106B9000EEE7DA69510701D50422E9E7DA6912075D
:106BA000E7D50822E4E710BD08B52420FBF7D2F8AA
:106BB000024B1868BDE80840FDF7C4BBD8040020AC
:106BC00008B52520FBF7C6F8034B586818B1BDE897
:106BD0000840FDF7B7BB08BDD804002008B5262043
:106BE000FBF7B8F8024B9868BDE80840FDF7AABB70
:106BF000D8040020012200F1AE01FEF71BBB00000B
:106C00000A490346086810B50344EFF3088293422B
:106C100005D9074B0C221A604FF0FF3010BD054A12
:106C2000054C121B9342F4D20B60F7E70C010020D5
:106C3000B83A002000000120000400004FF0FF30AF
:106C400070474FF400534B6000207047012070479D
:106C50000020704700207047FEE70000024B16221C
:106C60001A604FF0FF307047B83A0020012070479B
:106C70000048704780EE3600704770477047704795
:106C80007047704770477047D0F8F800704790F829
:106C90007101704790F872314FF47A605843704731
:106CA00090F86B017047000000487047A04102084F
:106CB00000487047A041020800487047AF410208F1
:106CC00000487047AF41020800487047BB410208C6
:106CD00000487047BB41020880F8F010704780F808
:106CE0002010704770307047603870470388DA436F
:106CF00092B28A4226BFC91889B24FF6FF7101804D
:106D00007047704702460023F0B5D0F84C5F02F59B
:106D100033761846A027AB4200DBF0BD07FB03F437
:106D200091F800C0345DA44501BF00F63C1402EBAD
:106D30008404013063600133EDE71022002100F587
:106D4000DD501AF022BEA0F1D000FFF7F6BF38B533
:106D500000F580550446B5F81432A5F8C436002174
:106D600000F5DB50A5F8CA161C22143004F5DA54DD
:106D70001AF00BFE0C340123C5F8704B85F8383C33
:106D800038BDA0F1D000FFF7E2BF02F63C1200EBE5
:106D900082025368002B10DBD0F84C2F93420CDAA0
:106DA000A02202FB030000F22E3300F24E3053F813
:106DB000042B41F8042B8342F9D170472DE9F041AF
:106DC000054605F5005488464FF4FA6117461E46FD
:106DD00003F0AEFA9DF81830079984F8F1344EF6B6
:106DE00060235943C4F8E004C4F8E884C4F8EC74A0
:106DF00084F8F06401F5FA61284603F099FAC4F8C2
:106E0000E404BDE8F081A0F1D000FFF7D7BF000097
:106E100010B590F84611044621B1044B594303F0D4
:106E200087FA0146C4F8E81010BD00BFC0D40100C5
:106E3000A0F1D000FFF7ECBF10B590F84711044661
:106E400021B1044B594303F073FA0146C4F8EC1026
:106E500010BD00BF80EE3600A0F1D000FFF7ECBF00
:106E60007FB50A4A0346084651690491D96B0391DC
:106E7000996B0291596B01911B6B0093D2E903232B
:106E800003491AF097FC07B05DF804FB503000206E
:106E9000C4410208A0F1D000FFF7E2BF10B5406E78
:106EA000104C036886B01B689847014604A80EF092
:106EB0001DFD9DF810309DF813200B4903F5FA6372
:106EC00003939DF8113002939DF8123001939DF8C1
:106ED0001530009320469DF814301AF06BFC2046C4
:106EE00006B010BDE40400202542020870B5D0F8B9
:106EF00048510C46284600211646FAF7DBF8D8B967
:106F000021460E48F9F724FE0146284617F00AFEEE
:106F1000F9F77AFA0A4B0022F9F716F904463046D7
:106F20000D46F9F74FFA02460B4620462946F9F777
:106F3000C3FAF9F771FD70BD0020FCE79A99593F3B
:106F40000000F03F02F63C1200EB820238B55468B4
:106F5000002C054616DBD0F84C2F944212DAA02202
:106F6000544304F2EE209DF814200499284404F0C0
:106F70006EFB2C4484F8ED02686E03681B6898472A
:106F8000C4F85403002038BD2DE9F04307468DB006
:106F9000884691464FF4E2557C1941464A462046C0
:106FA0001AF0C9FC0146A0B92C2201A81AF0EDFC88
:106FB00001A803F07CFC01AE23460BAA344603CCA7
:106FC000944218605960264603F10803F6D12278EE
:106FD0001A702C3542F2D8439D42DDD10DB0BDE888
:106FE000F083A0F1D000FFF7CFBF084603F02EB822
:106FF000A0F1D000FFF7F9BF01480EF0B0BD00BF0F
:1070000060320020A0F1D000FFF7F6BFD0F8D41016
:1070100000F590500022103007F0D8BAA0F1D0004F
:10702000FFF7F4BF1FB5034603F580530A4A0392E6
:10703000D3F8AC2B0292D3F8A82B0192D3F8A42B4F
:107040000092D3F8A03B054A0846A0211AF07EFB27
:1070500005B05DF804FB00BF874202084142020808
:10706000A0F1D000FFF7DEBF07B5D0F8D430009311
:107070000A46044B04490193684606F06FFF03B0CB
:107080005DF804FBB2E102088F420208A0F1D000D3
:10709000FFF7EABF0249D0F8D4000EF09ABD00BF56
:1070A00095420208A0F1D000F4E700BFD0F8D41058
:1070B00000F5756006F0B2BDA0F1D000F6E710B49F
:1070C000044600F5E050083039B1024604F590500E
:1070D000012310BC103007F047B810BC10221AF082
:1070E00054BCA0F1D000FFF7EABF036810B55C6A9A
:1070F00050F8042C516A8C4201D8036010BD40F84E
:107100000429F5E7F0B54C1E04EBD47464109142E9
:107110004FEA81050CDD50F824105E6A4F6AB742D1
:1071200006D94151611E01EBD17521466C10EEE785
:107130004351F0BDF0B5541E04EBD4740E466510F7
:107140006FF0404CA94215DBD4070ED4023A02EB93
:10715000D272B1EB620F08D14C1C620000EBC40488
:1071600054F8044C40F82140511E3246BDE8F0402E
:10717000FFF7C8BF4C1C640004EB0C0E50F82E70D7
:1071800050F824E07F6ADEF824E0BE4588BF04F1B1
:10719000FF3450F8247040F821702146D2E7F0B552
:1071A000541E04EBD4740E4665106FF0404CA94297
:1071B00015DBD4070ED4023A02EBD272B1EB620FA8
:1071C00008D14C1C620000EBC40454F8044C40F895
:1071D0002140511E3246BDE8F040FFF793BF4C1CE2
:1071E000640004EB0C0E50F82E7050F824E07F6A17
:1071F000DEF824E0BE4588BF04F1FF3450F8247067
:1072000040F821702146D2E7036810B55C6A50F857
:10721000042C516A8C4201D8036010BD40F8042947
:10722000F5E7F0B5541E04EBD47466106FF0404CD3
:107230000C46B44225DBD5070ED4023A02EBD272DB
:10724000B4EB620F08D1621C550000EBC20252F889
:10725000042C40F824206C1E621E02EBD2725210E5
:10726000A1424FEA840521DA50F822405E6A676A3B
:10727000B7421BD24451541E04EBD47514466A1015
:10728000EEE7651C6D0005EB0C0E50F82E7050F803
:1072900025E07F6ADEF824E0BE4538BF05F1FF3502
:1072A00050F8257040F824702C46C2E74351F0BDD9
:1072B000036810B55C6A50F8042C516A8C4201D303
:1072C000036010BD40F80429F5E7F0B5541E04EB47
:1072D000D47466106FF0404C0C46B44227DBD507DF
:1072E0000ED4023A02EBD272B4EB620F08D1621CE8
:1072F000550000EBC20252F8042C40F824206C1E0A
:10730000621E02EBD2725210A1424FEA840524DAC7
:1073100050F8224093F9286094F92870B7421CDD98
:107320004451541E04EBD47514466A10ECE7651CF6
:107330006D0005EB0C0E50F82E7050F825E097F913
:1073400028709EF928E0BE45C8BF05F1FF3550F80A
:10735000257040F824702C46BFE74351F0BD10B5AE
:10736000036850F8042C93F9284092F928108C42B5
:1073700001DC036010BD40F80429F2E7F0B5541EAB
:1073800004EBD47466106FF0404C0C46B44227DB1B
:10739000D5070ED4023A02EBD272B4EB620F08D1D9
:1073A000621C550000EBC20252F8042C40F8242065
:1073B0006C1E621E02EBD2725210A1424FEA84058B
:1073C00024DA50F8224093F9286094F92870B742E3
:1073D0001CDA4451541E04EBD47514466A10ECE7D1
:1073E000651C6D0005EB0C0E50F82E7050F825E072
:1073F00097F928709EF928E0BE45B8BF05F1FF3522
:1074000050F8257040F824702C46BFE74351F0BD7A
:1074100010B5036850F8042C93F9284092F928100D
:107420008C4201DB036010BD40F80429F2E788427A
:10743000134604D00A1A0146981A1AF08CBA7047FB
:107440008842F8B504460D4602D00430854200D18A
:10745000F8BD0646236856F8047B93F9283097F95F
:1074600028209A4207DA014632462046FFF7DFFF1E
:1074700027603046EAE7FFF7CBFFFAE78842F8B526
:1074800004460D4602D00430854200D1F8BD0646C0
:10749000236856F8047B93F9283097F928209A42FC
:1074A00007DD014632462046FFF7C1FF2760304620
:1074B000EAE7FFF754FFFAE78842F8B504460D46BD
:1074C00002D00430854200D1F8BD0646236856F844
:1074D000047B5B6A7A6A9A4207D2014632462046AA
:1074E000FFF7A5FF27603046ECE7FFF7E1FEFAE77C
:1074F0008842F8B504460D4602D00430854200D1DA
:10750000F8BD0646236856F8047B5B6A7A6A9A429D
:1075100007D9014632462046FFF789FF27603046EB
:10752000ECE7FFF771FEFAE78842F8B504460D462E
:1075300002D00430854200D1F8BD0646236856F8D3
:10754000047B5B6A7A6A9A4207D901463246204632
:10755000FFF76DFF27603046ECE7FFF7C6FDFAE75F
:107560008B889A0903F03F0310B502FB03330446EE
:107570004A88806D52FA83F1036802319B6898470C
:10758000F9F798FBD4F86011F9F7ECFBF9F7ECFD8B
:1075900000EB8000421C0021A06EBDE8104004F00A
:1075A000B1B800F00300023801288CBF0020012090
:1075B000704780F00200C0F3400070470A7810B5B1
:1075C00003461046FFF7F5FF03F5805440B1C2F3C0
:1075D0008302042A02BFD4F8942B0132C4F8942BFE
:1075E0000A7812F0030009D103F5905001221030FF
:1075F00006F0E0FDC4F8900B002010BD01280CD16E
:10760000C2F38302053A012A03D894F8A026D207D0
:1076100003D403F5B4501C30ECE70020EAE78B8874
:107620009A0903F03F0310B502FB033304464A886E
:10763000806D52FA83F1036802319B689847F9F72D
:1076400039FBD4F84C11F9F78DFBF9F78DFD00EB00
:107650008000421C0021A06EBDE8104004F052B82A
:107660002DE9F341C66D476DB0F86080C3200C462C
:1076700016F068FB336805461B68304698473B6840
:1076800006465B69384698470649CDE90080AAB2AC
:1076900020464FF47A73B6FBF3F31AF08BF802B07E
:1076A000BDE8F081A1420208A0F1D000FFF7D8BFE9
:1076B0002DE9F84F04460D461746994600F1040897
:1076C000291B40291CDD4FEAA10ADFB9AAF10206F5
:1076D000761054F82630524631462046FFF72AFDF0
:1076E0005EB1013EF5E755F8043D22682A602A1B89
:1076F000921000212046FFF71DFD2B1B042BF2DC0E
:10770000BDE8F88FC910D4F804A054F82100DAF8C5
:1077100024B0D0F824E055F804CC2368DCF8242009
:10772000F34546462AD9964521D9206044F82130B0
:107730002B462268D2F824E031460868426A724536
:107740000E4601F10401F8D8191F0B4651F804291F
:10775000D2F824C0E645F8D89E4217D3013F294607
:107760004B463A463046FFF7A3FF3546A8E7934518
:1077700006D9C4F800C045F8043CD9E7934502D9BE
:10778000C4E900A3D4E79645CFD9F2E746F8042B25
:107790001860CEE72DE9F84F04460D461746994686
:1077A00000F10408291B402919DD8E10CFB9B11E44
:1077B000491054F8213032462046FFF732FD59B1C6
:1077C0000139F6E755F8043D22682A602A1B921019
:1077D00000212046FFF725FD2B1B042BF2DCBDE822
:1077E000F88FC910D4F804A054F82100DAF824B0B6
:1077F000D0F824E055F804CC2368DCF82420F345C5
:1078000046462AD2964521D2206044F821302B46A4
:107810002268D2F824E031460868426A72450E4672
:1078200001F10401F8D3191F0B4651F80429D2F8CD
:1078300024C0E645F8D39E4217D3013F29464B4664
:107840003A463046FFF7A6FF3546ABE7934506D2EA
:10785000C4F800C045F8043CD9E7934502D2C4E916
:1078600000A3D4E79645CFD2F2E746F8042B186080
:10787000CEE72DE9F84F04460D461746994600F12C
:107880000408291B402919DD8E10CFB9B11E4910FB
:1078900054F8213032462046FFF717FD59B101391F
:1078A000F6E755F8043D22682A602A1B9210002151
:1078B0002046FFF70AFD2B1B042BF2DCBDE8F88FF6
:1078C000C910D4F804A054F821009AF928B090F90E
:1078D00028E055F804CC23689CF92820F345464657
:1078E0002BDD964522DD206044F821302B462268AE
:1078F00092F928C03246116891F928006045164671
:1079000002F10402F7DC1A1F134652F8040990F939
:1079100028E0E645F8DB9E4217D3013F29464B4657
:107920003A463046FFF7A5FF3546AAE7934506DD00
:10793000C4F800C045F8043CD8E7934502DDC4E92B
:1079400000A3D3E79645CEDDF2E746F8040B1960B5
:10795000CDE72DE9F84F04460D461746994600F14C
:107960000408291B402919DD8E10CFB9B11E49101A
:1079700054F8213032462046FFF700FD59B1013955
:10798000F6E755F8043D22682A602A1B9210002170
:107990002046FFF7F3FC2B1B042BF2DCBDE8F88F2D
:1079A000C910D4F804A054F821009AF928B090F92D
:1079B00028E055F804CC23689CF92820F345464676
:1079C0002BDA964522DA206044F821302B462268D3
:1079D00092F928C03246116891F928006045164690
:1079E00002F10402F7DB1A1F134652F8040990F95A
:1079F00028E0E645F8DC9E4217D3013F29464B4676
:107A00003A463046FFF7A5FF3546AAE7934506DA22
:107A1000C4F800C045F8043CD8E7934502DAC4E94D
:107A200000A3D3E79645CEDAF2E746F8040B1960D7
:107A3000CDE72DE9F84F04460D461746994600F16B
:107A40000408291B40291CDD4FEAA10ADFB9AAF16D
:107A50000206761054F82630524631462046FFF78B
:107A60009EFB5EB1013EF5E755F8043D22682A60B1
:107A70002A1B921000212046FFF791FB2B1B042BA1
:107A8000F2DCBDE8F88FC910D4F804A054F8210046
:107A9000DAF824B0D0F824E055F804CC2368DCF8F8
:107AA0002420F34546462AD9964521D9206044F83A
:107AB00021302B462268D2F824E031460868426A19
:107AC00072450E4601F10401F8D8191F0B4651F812
:107AD0000429D2F824C0E645F8D89E4217D3013FC6
:107AE00029464B463A463046FFF7A3FF3546A8E7FE
:107AF000934506D9C4F800C045F8043CD9E793453E
:107B000002D9C4E900A3D4E79645CFD9F2E746F8F5
:107B1000042B1860CEE700002DE9F04F00F513525A
:107B2000BBB081460F4600F5E25318320025596A72
:107B300031B13AA901EB8501013541F8C83C2DB2BC
:107B40002C339342F3D108AE06EB8508B0454FEADB
:107B5000850414D0A210B2FA82F2C2F11F024FF0D3
:107B60000003520041463046FFF763FF402C23DDFF
:107B700018A93046FFF7D8FC18ACA04517D1DFF89C
:107B80008CB03C464FF000084FF00A0A454502DD34
:107B9000E31B852B15DDBC4204D120461C491AF09D
:107BA0002CF80634002323703BB0BDE8F08F20464C
:107BB000FFF79BFA0434E0E741463046FFF7B4FC98
:107BC000DDE756F82810B8F1000F01D004F801AB3A
:107BD000042205A8039103F0A7FDD9F86400036807
:107BE0001B68984703994B6A91F928200092C31AA1
:107BF00005AA5946204619F0DDFD23461C4613F818
:107C0000012B002AFAD108F10108BFE7DF42020880
:107C1000E8420208A0F1D000FFF77EBF036810B56C
:107C20001B68044698476368834228BF581C6060FD
:107C300010BD406803681B6F1847406803685B6F9E
:107C4000184700002DE9F0430346806DDFF85880A7
:107C5000D3E90495036885B01B6A0E46984704462D
:107C60004046FFF7E6FF07464046FFF7E6FF80463F
:107C70003846F9F753FA07B240464FF47A73B5FB2A
:107C8000F3F5B9FBF3F303950293F8F7BDFB24B2C8
:107C9000CDE900013B4605492246304619F08AFDF0
:107CA00005B0BDE8F08300BF50300020EF4202086D
:107CB000A0F1D000FFF7C6BFD0E9003213448B42D9
:107CC00009D9438901339BB243810089984234BF6B
:107CD000002001207047012301604381184670474E
:107CE0002DE9F84F00F5E25500F5135A07460C460A
:107CF000914698462E460AF1180A4FF0FF3B202283
:107D00003146204619F017FE30B3736A5B4538BF21
:107D1000354606F12C0638BF9B465645EFD12B461B
:107D200004F12002206861681E4603C608349442AC
:107D30003346F7D1786EC5F8209003681B689847E2
:107D40004FF0814168624046F9F70CF8F9F7E6F91F
:107D500085F82800BDE8F88F3546E0E7F0B51F4606
:107D60008B888DB005460C4616463BBB0A78092326
:107D700002F00302D340DB0703D5CB880BB90B8994
:107D8000E3B19DF84C201299684603F052FE9DF82D
:107D900001309BB19DF8003003F00F03022B0DD191
:107DA00094F90201F8F78AFF4FF07A51F8F7DAFFF9
:107DB0003A46034631462846FFF792FF0DB0F0BD24
:107DC000F0B591F84A3003F0F002802A8BB00546F6
:107DD0000C4621D14B88052B1CD990F84531CBB9E5
:107DE000504E4FF47A72D6E904010023F9F7DCF91A
:107DF000B168014405F5E0501830FFF75DFF48B168
:107E0000618894F84B30E26C092903F004034ED8E2
:107E1000002B53D10BB0F0BD902AFBD14A88052A24
:107E2000F8D903F00F03022BF4D1252AF2D900F57B
:107E30008056D6F8303C002B6FD0D6F8341C02F0B8
:107E40006BFA002869D1E36CD6F8302C9A42E1D164
:107E50006A4604F1500304F1700C1746186859681B
:107E6000164603C6083363453246F7D1202205F192
:107E70007001384619F05FFD0028CBD094F902015B
:107E8000284EF8F71BFF4FF07A51F8F76BFF4FF4CD
:107E90007A7204460023D6E90401F9F785F9B2683D
:107EA0002346024439462846FFF71AFFB2E7216D00
:107EB000002BAFD0D5F898318B42ABD3922194F8F8
:107EC0004A308DF8001094F802118DF80110CDF8A9
:107ED000022003F0010305F170020DF1060105F126
:107EE000900052F8044B41F8044B8242F9D1002B28
:107EF0000CBF26220E226946284603F012F80446DB
:107F0000002887D02B6801469B6C2846984721465D
:107F10008200284603F05EFB7CE70023C6F8303C75
:107F200078E700BF303000202DE9F8430546C06DEA
:107F3000036805F580541B689847D4F8043C06464E
:107F40000BB9C4F8040C43F6972743F698284FF072
:107F50001409D4F8043CF21ABA4201D8BDE8F883F7
:107F60004344C4F8043C94F8003C013303F0030399
:107F700084F8003C09FB035303F5DD501422002173
:107F8000103019F002FDE4E741F6943270B5831821
:107F900000250446855004F5805600F5DD505D60EF
:107FA0009D6050222946103019F0EFFC86F8005CE5
:107FB000E06D03681B689847C6F8040C70BD0000AC
:107FC0000B49C26E08B50023C0E90E33C0E90C337B
:107FD000C0E91033A0F86030C1E90433CB60C2F8C7
:107FE0001035C2F80C3572B6FFF7CEFF62B608BD89
:107FF00050300020A0F1D000FFF7E2BF10B50446DA
:1080000072B6FFF7C1FF62B6E26E0023C4E9103317
:10801000C2F81035C2F80C3510BDA0F1D000FFF742
:10802000EDBF10B5044672B6FFF77EFF04F580532E
:10803000142293F8003C02FB034000F5DD500121BF
:108040001044FEF753FE62B610BD10B5044672B67A
:10805000FFF76AFF04F58053142293F8003C02FBFB
:10806000034000F5DD5001211230FEF73FFE62B6FD
:1080700010BD08B503460878FFF79BFA48B11846CB
:108080001AB1BDE80840FFF7E0BFBDE80840FFF7C0
:10809000C8BF08BD10B5044672B6FFF745FF04F52A
:1080A0008053142293F8003C02FB034000F5DD509E
:1080B00001211630FEF71AFE62B610BD38B504462F
:1080C0000D4672B6FFF730FF04F58053142293F883
:1080D000003C02FB034441F6B832A3582B44A350A2
:1080E00062B638BDFFF7EABF38B504460D4672B632
:1080F000FFF71AFF04F58053142293F8003C02FBAB
:10810000034441F6BC32A3582B44A35062B638BD99
:10811000FFF7EABF10B5002200F5E3501346043024
:1081200040F2262150F822400CB101339BB20B32B1
:108130008A42F7D1184610BD2DE9F0470C46064695
:1081400014220021204619F020FC72B63046FFF7B9
:10815000EBFE06F5DD5506F5E0571235023704F162
:10816000020A04F1040904F1060829885046FEF7C2
:10817000BDFD69884846FEF7B9FDA9884046FEF76F
:10818000B5FDD5F80620A3681344A360D5F80A20EE
:10819000E36814351344BD42E360E6D162B630466D
:1081A000FFF7B8FF6288A38820809B1823D1172887
:1081B0002FD80B282FD803282FD8182B94BF002393
:1081C0000123D4E902210A4444F61F618A42637400
:1081D000E38824D85F2B22D8B2F5FA5F21D21F2B77
:1081E0001FD8B2F5FA6F1ED2072B94BF00230123CC
:1081F0002374BDE8F0876421172801FB02F2B2FB6B
:10820000F3F2D3B205D8452B03D80B2803D8312B72
:10821000D0E70323D5E70223D3E70123D1E70323E4
:10822000E6E70223E4E70123E2E7000070B5044635
:1082300096B00D4611A9C66EFFF77EFF94F8212275
:108240000F9294F820220E929DF855200D929DF8E1
:1082500054200C92149A0B92139A0A92D6F80C2579
:108260000992D6F810250892BDF84A200792BDF869
:1082700046200692BDF848200592BDF8442004929D
:10828000626C0392226C029204F58053A021D3F811
:108290009C2B0192D3F8982B0092D3F8943B034A7D
:1082A000284619F053FA16B070BD00BF43430208C8
:1082B000A0F1D000FFF7BABF2DE9F047089E9DF866
:1082C00024809946337804468A461746BBB304F5A2
:1082D00098713046F8F782FF00285FD1032600220C
:1082E000514604F5327003F07FFCD0F884304B45E2
:1082F00005465BD2C0F88490606E03681B6898479F
:1083000095F82030C5F8880023F00303334385F83F
:1083100020303A4605F1620307F1200152F8040BC0
:1083200043F8040B8A42F9D18EB141F288312046DC
:1083300001F0FEFF04F58053C3F83C0C07E0202257
:1083400000F5327003F036FC05460028BFD0B8F1C6
:10835000000F02D0FF2385F82130606EFFF75EFC2E
:108360000023C4F8F00FA4F8F43F95F82030A06E75
:1083700003F00303DA1E5342534184F8F63F95F8A5
:10838000203084F8F73F036804221B6804F6F87174
:108390009847022384F8FC3F0D2008E0304604F59E
:1083A000A871F8F71BFF0646002898D00020BDE80A
:1083B000F0870000F7B51F4F04461646D7E90401C1
:1083C0001D464FF47A720023F8F7EEFEB9680144B7
:1083D00004F5E1500430FFF76FFC40B32A7804F550
:1083E0008050294602F03F0280F8E82011F8013B56
:1083F0009B09013380F8E93004F585505A43083071
:1084000019F003FC606EC4F8F06F03681B689847AE
:108410000023C4F8F40F04F590500093AC2201231C
:1084200004F6F871103006F079F80830C0B203B0E5
:10843000F0BD00BF30300020F8B51F4F044616468F
:10844000D7E904011D464FF47A720023F8F7ACFE19
:10845000B968014404F5E1500430FFF72DFC50B336
:108460002A7804F58050294602F03F0280F8E8207F
:1084700011F8013B9B09013380F8E93004F5855080
:108480005A43083019F0C1FB606EC4F8F06F0368FE
:108490001B68984704F6F8750849C4F8F40F04F50A
:1084A000D07304F1FC02284619F084F92846F8F745
:1084B0009FFE0830C0B2F8BD30300020A44302084F
:1084C000F8B51D4F04461646D7E904011D464FF482
:1084D0007A720023F8F768FEB968014404F5E150A8
:1084E0000430FFF7E9FB28B32A7804F580502946C9
:1084F00002F03F0280F8E82011F8013B9B090133AC
:1085000080F8E93004F585505A43083019F07DFBB6
:10851000606EC4F8F06F03681B689847002384F806
:10852000F83F94F84531C4F8F40F13B1802384F870
:10853000F83F0920F8BD00BF303000202DE9F04F92
:10854000C0F8F02F1A78012ADBB0044661D1C320AD
:1085500015F0F8FBADF8A000606DB74D03685B69DE
:108560009847ADF8A200A06D03681B6A9847ADF864
:10857000A4002846FFF75DFBF8F7D0FDEB682A93CF
:108580002B69ADF8A6004FF47A72D4E938012B9329
:108590004FF47A762369B3FBF6F32C930023F8F7B4
:1085A00003FE236B2E93636B2F93A36B3093E36BCC
:1085B0002D9031932846B4F86030ADF8C830FFF7FD
:1085C0003CFB4FF08141F8F7CDFBF8F7A7FDE36ED8
:1085D000ADF8CA00D3F80C25D3F81035ADF8CE307D
:1085E0006369B3FBF6F334936B69ADF8CC20359334
:1085F00028AA04F6F47436AD134603CBAB422060D0
:1086000061601A4604F10804F6D13C205BB0BDE875
:10861000F08F032A22D100F51356183630460DF09C
:10862000C3F9C32015F08EFB80B2F8F743FB8349F2
:10863000F8F74CFC0121024630460DF05DFA304659
:108640000DF0B5F9054630460DF0B3F92A4601465E
:1086500004F6F47019F0D9FA281DD7E7052A2BD1B2
:1086600091F8202002F00302032A40F04C815A784E
:108670009B781A4340F0478100F533710423D4F806
:108680004C5FAA421846C1DAAD2BBFD891F8200042
:1086900078B103F57F600E68265025188888A88079
:1086A000981D54FA80F091F8205080F8F05F07335D
:1086B000DBB20132A031E2E7062A40F011815D7899
:1086C000002D40F0208193F806809A78B3F803706B
:1086D0000492B8F1200F00F513515A7928BF4FF0DA
:1086E000200800F5E2531831586A30B15AA800EB5F
:1086F0008500013540F8C83C2DB22C338B42F3D1B4
:10870000002A44D128AE06EB8509B1454FEA850A17
:1087100016D04FEAAA02B2FA82F2C2F11F024FF05B
:108720000003520049463046FEF7C2FFBAF1400F3F
:1087300028DD304638A9FEF7DBFE38AEB1451CD146
:1087400008F1050A07AB4FF0000B5FFA8AFA03EB5A
:108750000806D946049B4B4502DDBD4200F39D80CF
:10876000A4F8F45FA4F8F69F5A4607A904F6F87037
:1087700019F04BFA0BF1080048E73046FEF744FDCC
:108780000436DBE749463046FEF7B2FED8E7012A59
:1087900027D128AE06EB8509B1454FEA850ACFD02F
:1087A0004FEAAA02B2FA82F2C2F11F024FF00003AE
:1087B000520049463046FEF7EDFFBAF1400F0BDD9F
:1087C000304638A9FEF778FE38AEB145B8D030460D
:1087D000FEF76EFD0436F8E749463046FEF76CFEBC
:1087E000AEE7022A2CD128AE06EB8509B1454FEA47
:1087F000850AA5D04FEAAA02B2FA82F2C2F11F029C
:108800004FF00003520049463046FFF732F8BAF104
:10881000400F0BDD304638A9FEF730FE38AEB145CB
:108820008ED03046FEF79BFD0436F8E749463046C9
:10883000FEF724FE84E700BF5030002000007A4499
:10884000032A7FF47DAF28AE06EB8509B1454FEAD8
:10885000850A3FF475AF4FEAAA02B2FA82F2C2F17A
:108860001F024FF00003520049463046FFF771F8EF
:10887000BAF1400F0CDD304638A9FEF7E1FD38AE05
:10888000B1453FF45DAF3046FEF7C2FD0436F7E771
:1088900049463046FEF7D4FD52E70BEB0A03822B24
:1088A00005933FF75DAF606E28AB026853F827B0C1
:1088B00012689047DBF824205946831A4246A6EBFB
:1088C0000800039319F0A1F9039B3360059B9BF803
:1088D0002820327109F10109564401379B4639E7D6
:1088E000072A10D100F5D07300F6F475074A08493D
:1088F000009300F1FC03284618F05CFF2846F8F7C7
:1089000077FC043082E6002080E600BFA041020828
:10891000A143020810B588B004466A46022100F55A
:10892000756003F059FD6A46034604F17001204664
:1089300002F065F908B010BD10B5D1F8D4100446A6
:1089400001230DF030F9204610BD00002DE9F04F55
:10895000CFB005460C46164601462D4A06A8994654
:10896000FFF7EAFF06A80DF086FA002847D02B682B
:10897000284FDB6928469847014606A814F0D0FE28
:108980002078254BC0F3830AFEF70BFE002818BFA2
:108990001F46A86DB4F802B003689B6B98478046E9
:1089A000A86D03685B6B98471C4905464846F8F775
:1089B000D9F9F8F7B3FB04902846F8F7AFFB03901A
:1089C0004046F8F7ABFB5346CDE901B032461449B7
:1089D000009706A814F0D1FE227840F20713C2F3E4
:1089E0008302D340DB070DD594F84A3094F84B202E
:1089F0000C4906A814F0C1FE06A80DF0F4F94FB01A
:108A0000BDE8F08F084906A814F0B7FEF4E700BFF0
:108A10009542020808E60208AA43020800007A44C8
:108A2000AC430208F5430208B1E1020810B490F823
:108A3000F04014B110BCFFF789BF10BC70470000B4
:108A400070B5CAB005460C46164601461D4A02A836
:108A5000FFF772FF02A80DF00EFA60B32B682846EC
:108A6000DB699847014602A814F05AFE207816499F
:108A7000164AC0F38303FEF794FD002818BF0A4688
:108A8000618802A8CDE900213246114914F075FE33
:108A9000227840F20713C2F38302D340DB070CD5E0
:108AA00094F84A3094F84B200A4902A814F065FE65
:108AB00002A80DF098F94AB070BD074902A814F059
:108AC0005CFEF5E795420208AA43020808E60208A0
:108AD00006440208F5430208B1E1020890F8F030BC
:108AE0000BB1FFF7ADBF704770B5CAB004460D4675
:108AF00016460146134A02A8FFF71EFF02A80DF012
:108B0000BAF9E0B123682046DB699847014602A81C
:108B100014F006FE28780C490C4AC0F38303FEF7D4
:108B200040FD002818BF0A46698802A8CDE9002147
:108B30000749324614F021FE02A80DF054F94AB05C
:108B400070BD00BF95420208AA43020808E6020869
:108B50003744020890F8F0300BB1FFF7C5BF7047FB
:108B60002DE9F8438C88A309013390465FFA83F915
:108B700004F03F0401F10A05002600F170073CB93A
:108B800018F80900B0428CBF00200120BDE8F8832E
:108B90004A463946284618F0CEFE08B90136F6B2E4
:108BA000013CE4B24D44EAE72DE9F8430B78044672
:108BB0001846FEF7FEFC0E4694F8455180B1C3F30B
:108BC0008303042B03D07DB10020BDE8F88304F5B6
:108BD000805775B3D7F89C3B0133C7F89C3BF3E74C
:108BE000002DF1D10120F0E78B8894F8702103F07B
:108BF0003F039A42E8D904F58053D3F8903B002B09
:108C0000E2D094F81A32002B69D194F82022FF2A7E
:108C1000E8D0002A3ED01D46A06E4FF4807200219D
:108C200002F070FD94F82032984270D2002DD9D015
:108C300039E0888894F8703100F03F008342C9D948
:108C4000D7F8903B002BC5D0D4F81C5200B10138A6
:108C5000F7F7C8FB804689462846F7F7D5FB4B4611
:108C6000424615F0F1FEF7F71FFF42F21072804600
:108C70000021A06E02F046FD274905464046F8F760
:108C800071F8F8F771FA854208D3D7F89C3B0133A5
:108C9000C7F89C3B2046FFF7FDF995E73078FEF7D3
:108CA00088FC054638B904F58054D4F8983B013364
:108CB000C4F8983B96E794F81A3283B994F82032B6
:108CC000FF2BF0D0002BA7D12046FFF7E3F904F5E6
:108CD0008054D4F89C3B0133C4F89C3B74E7012BCF
:108CE0000DD00E4A0E49022B08BF0A4631462046D7
:108CF000FFF736FF28B1002D3FF466AFE7E7094ADA
:108D0000F4E794F82032FF2B90D0002B84D120463A
:108D1000FFF7C0F9EFE700BF00401C46100100203C
:108D2000140100201801002030B585B004464FF42E
:108D30009063806EADF804300368042204F580551A
:108D40001B680DF106019847DDF80630C5F8303C88
:108D50004EF66021204601F0EBFA01A9C5F8340C6B
:108D60000A2200252046CDF80A5002F0DAF8014622
:108D700018B12A46204602F02DFC05B030BD000097
:108D80002DE9F047044640201E461546DDF82490A4
:108D90000F46FCF79AFD2021804605F067FD8A4BBF
:108DA00023603368E665C4E915850025C4E90455E8
:108DB0001B68656030469847012384F82C30834B4C
:108DC0002365834B2360089BA3660A9BA4F860502D
:108DD000C4E90605C4E90955C4E91055C4E91255AA
:108DE0002562E366C4F8649004F1700001F06EFD42
:108DF000784B236004F5337803F58073C4F8D030E2
:108E000004F53276454604F64C7A2846A03501F042
:108E10004EFD5545F9D14FF448620021404618F007
:108E2000B4FDC4F85C7FC4F8686F04F1D00304F5A6
:108E3000805604F5905004F587570025C4F8583F34
:108E40000C37654BC4F8603F103004F1F808C4F8E3
:108E50004C5FC4F8509F3946C4F8548FC4F8640F6F
:108E6000C6F80C5205F0CEF8394604F5B65005F0B8
:108E7000C9F87823C6F8185CC6F81C3CC6F8245C10
:108E80000423B42204F5E25904F51355C6F8203C36
:108E9000C6F8282CC6F82C3C4F46183538462C37D7
:108EA00001F005FDBD42F9D1B42128460CF069FD61
:108EB00000220023C4E9382304F500530025C4E947
:108EC0003A55C4F8D8502046C6F83C5CC3F8E45480
:108ED000C3F8E05484F8F05086F8385CFFF754F893
:108EE0002046FDF72AFF294640F69802484618F02A
:108EF0004CFD29464FF4E872404618F046FD4FF00D
:108F00007E53C4F8F8304FF07C53C4F84C31334BE7
:108F1000C4F8603104F1FC003149202205F098FDCD
:108F200000230022C4E94823C4E94A2304F59870C9
:108F30002C49102205F08CFD2B4AC4F81C22FF227C
:108F4000A4F82022294B2A4AC4F84031C4F86C21E5
:108F50004FF4A1634FF4A072A4F86831A4F8702113
:108F600016234FF4FA7284F84431A4F874210123D3
:108F70004FF4E132A4F8463184F87331C4F8782113
:108F800084F87C3104F27D101A4984F88D5184F8FC
:108F90007651102205F05CFD022384F8943104F52B
:108FA000E050002384F88E51C4F89051C4F89C31ED
:108FB0001022C6F8305CC6F8345C2946083018F038
:108FC000E4FC2046BDE8F087D049020880EE360078
:108FD000784A02084C450208103000209A99993EC0
:108FE0006F440208814F02082DB29D3E8D6759449F
:108FF00000007A427F44020870B504460D4601F035
:1090000094FD2946C4F8D45004F5756004F59055D4
:1090100004F054FF1035D4F8D41004F1700204F5B4
:10902000327002F03DFDD4F8D4100022284605F03D
:1090300011F8284605F0C9F9014630B104F5E052AF
:1090400001230832284605F08FF894F8693194F826
:109050006821D4F86C11D4F8400100F0DDFF94F9D8
:10906000440100F0F3FF23682046D3F8A43098476A
:1090700023682046D3F8A830BDE8704018472DE992
:10908000F04385B0054608469DF830908846144662
:109090001E4605F017FC074640B14B4632462146B6
:1090A000284605B0BDE8F04301F050BF21464046D8
:1090B00005F054FCCDF80090ADF80C00334603AA3F
:1090C00021462846ADF80E7001F06DFF05B0BDE8F1
:1090D000F083F0B51F4600F580530D46D3F8901B82
:1090E00087B00446164689B10B887BB100F59050D5
:1090F000012302AA103005F037F800280FDC3B46A8
:1091000032462946204601F021FF0FE03B46324619
:109110002946204607B0BDE8F04001F017BF009790
:1091200033462A4602A92046FFF7A9FF07B0F0BD43
:109130002DE9F0430E460978C1F3830185B0072974
:1091400004461F469046DDE90C3057D1002504F552
:10915000805919681D54FF2089F8E8001879451EC8
:109160001E2D2FD93078FEF724FA04330190009396
:1091700020460B463946FFF79FF8054600283DD0AC
:109180003078FEF716FA04F57F63002845D0CDE964
:1091900002350123019333790093424606F10A0315
:1091A0003946204601F0D1FD014638B3B3889B090A
:1091B0000133DBB24FF49672204605B0BDE8F043B0
:1091C000FFF787BF01280AD13078FEF7EAF9A8B186
:1091D0000A46053339462046FFF7ECF8CDE702286A
:1091E0000AD13078FEF7DDF940B10A460533394639
:1091F0002046FFF721F9C0E7032802D005B0BDE8FB
:10920000F0833078FEF7CDF90028F7D00A46053311
:1092100039462046FFF754F9AFE799F9E820002ACC
:10922000CDE900353A4643464FF00101204602DAC7
:1092300001F09FFDB8E701F09CFD99F8E92099F94C
:10924000E83001460028D9D0013A03F03F0343EA51
:1092500082134FF496720C9204F58552DBB20832F9
:10926000204605B0BDE8F04301F0CEBE73B50D4613
:1092700004461646FFF74EFB014668B176B194F8F6
:1092800019020130C0B20A4604F5E05100902B46A5
:1092900008312046FFF7F3FE02B070BD2A46204693
:1092A00002B0BDE8704002F095B9A0F1D000FFF720
:1092B000DDBF00002DE9F04700F580571E4697F806
:1092C000383C8AB00546884614464BBB144612F813
:1092D000013B202BFAD02046F7F78AFF042808D953
:1092E000A3787C2B05D123883380A378B370033413
:1092F00003367A490822204618F01DFB81460028D3
:1093000040F0A28008342021204618F046FB0028B7
:109310006DD1734930460AB0BDE8F04718F06DBC16
:10932000104605F0A4FBF8B923469846994613F871
:10933000012B202AF9D0A8EB04044F4619F8010BA1
:1093400004F074FE0028F8D13B780BB138704F461A
:10935000B94617F8013BDBB9631E062B1BD9002366
:1093600033700AB0BDE8F08705F5B6514FF4966248
:1093700007F5047018F049FCB7F81A225949002380
:10938000304687F8383C0AB0BDE8F04718F012BA0A
:10939000462BDDD1E0E798F80030002BDFD005EB5D
:1093A000840404F58054D4F86C7B002FD7D005F5E5
:1093B00090504146103004F02DFF05F5B6553A881F
:1093C000074660B103884146284604F053FF002851
:1093D000C5D037B13B790371C4F8700BBFE70346C2
:1093E000F1E799F80030463B18BF0123F3E78246C6
:1093F00022460AF8019BAAEB0403402BA8BF402396
:1094000003EBD3734FEA6308414602A802F0C4F9A4
:10941000C0B1504617F068F8C0B20090434602AAA7
:1094200005F1700105F5327002F02EFC40B141F2F9
:109430008831284600F07CFF2B49C7F83C0C69E7CF
:109440002A4967E72A4965E7B8F1000F29D1294978
:109450002046F7F7C3FE074618BB27492748DFF821
:10946000A090DFF89880DFF89CA014F073F905F560
:109470003374D5F84C3F9F42BFF671AF94F820206B
:1094800062B14946404614F078F921464046202210
:1094900002F064F95146404614F06FF90137A034E8
:1094A000E7E719491222204618F045FA60B911344D
:1094B00014F8013F202BFBD00BB114492AE72846B2
:1094C000FFF732FC124925E733462246414605F5AF
:1094D00075600AB0BDE8F04703F0D6BFA0440208AB
:1094E000A944020889440208BA440208BD4402089B
:1094F000D2440208E3440208EB440208EC360020A0
:10950000F0440208B1E10208F644020809450208E5
:10951000314502082DE9F04F03F63C1300EB8303BD
:10952000B3B05F680E46002F3C990491DDE93D9B86
:109530000446C0F2ED80D0F84C3F9F4280F2E880B4
:10954000A0257D4300F5327305F104080593984486
:10955000002A5ED14719D9F800A0D7F850335345F7
:1095600080F0D680ABF104030093524609F1040366
:109570004146FEF7E3FF8146002800F0C980C7F8A6
:1095800050A3606E03681B689847C7F8540330788F
:10959000FEF70FF804F57F63E0B1CDE9023901234E
:1095A0000193337900934146049A06F10A03204659
:1095B00001F0CBFB0146002800F0AA80B3889B098C
:1095C0000133DBB24FF49672204633B0BDE8F04F62
:1095D000FFF77FBDCDE900390121049B42462046BB
:1095E00001F0C7FB0146002800F0928097F8ED32A9
:1095F000FF2BE3D04FF4967005F126023C9004F562
:10960000327010440246204633B0BDE8F04F01F0FE
:10961000FBBC022A7CD1BBF1050F79D9431993F821
:10962000EC2202F00302032A72D199F80420D9F83F
:1096300000A09108072A07916AD8D3F85023059211
:10964000524565D8C3F850A3406E0693026812686D
:109650009047069B0799C3F85403002309F80B3081
:1096600009F1050B01BB5846F7F7C2FD2023CDE9F0
:1096700000834A46431D042108A802F0CFF8089948
:10968000204601F0A1FB014670B1A02303FB074374
:1096900093F8ED32FF2B3ED1B3889B090133DBB247
:1096A000C8222046FFF715FD059B53453ED10023F8
:1096B0008DF825300DF12500F7F79AFD814638B376
:1096C000606EFEF7ABFA042350458DF8243009F1A3
:1096D000050308BF0AF10100019308AB089000934D
:1096E0000221049B4246204601F043FB014678B12B
:1096F000A02303FB074797F8ED32FF2B1ED1B38859
:109700009B090133DBB24FF416722046FFF7E1FCF0
:1097100033B0BDE8F08FC82005F12602009004F5B3
:1097200032700244204601F06FFCBDE70DF12503C5
:109730005A4651462046FFF7BDFDBBE74FF4167071
:1097400005F12602009004F53270104402462046CE
:1097500001F05AFCDCE737B5044601F0E8F9D4F82B
:10976000EC10002961D0204600F0D6FD00285CD026
:109770002046FFF7CFF8024600286AD1236820462A
:10978000D3F8A830984723682046D3F8A4309847E8
:1097900004F50055D5F8E01481B1204600F0BCFD79
:1097A00060B10023C5F8E03495F8F02495F8F13461
:1097B000D5F8EC14D5F8E80400F02EFCD5F8E41444
:1097C00081B1204600F0A8FD60B10023C5F8E43463
:1097D00094F8693194F86821D4F86C11D4F84001F8
:1097E00000F01AFC04F58055D5F83C1C69B1204600
:1097F00000F092FD48B1D4F8D410002204F5327084
:1098000002F090FA0023C5F83C3C14F0FBFBD4E9CD
:109810003831D4F8D820C4F8D800821A9B1841F106
:109820000001C4E9383103B030BDD4F8E810002994
:10983000AED0204600F070FD0028A9D02046FFF7EA
:1098400069F8014600289ED00022204601F0C2FEA1
:1098500099E794F819320133DBB204F5E051009333
:10986000083100232046FFF70AFC87E700207047F5
:10987000406D08B503685B6998470028D4BF002095
:10988000012008BD00F58050D0F8A03B0133C0F89E
:10989000A03B704700F58050D0F8A43B0133C0F8DE
:1098A000A43B704700F58050D0F8A83B0133C0F8C6
:1098B000A83B7047054B1B79012B01BF00F5805079
:1098C000D0F8AC3B0133C0F8AC3B704730320020DD
:1098D00010B5C8B0D0F8D4100E4A684600230CF07A
:1098E00062F968460CF0C7FA60B10B4C68460CF0A0
:1098F000BEF920B168460CF04BFA011E04DA684646
:109900000CF071FA48B010BDC9B2204613F00CFF3C
:10991000ECE700BF95420208EC360020A0F1D00031
:10992000FFF7D6BF38B50C468D18AC4200D138BD14
:109930004FF48071002014F030F904F8010BF4E7C3
:1099400014F060BB37B50B78C3F383030446032BD5
:10995000084604F2044511D1D1F84A20002355F8F5
:10996000041F914206D103F58173002244F823209D
:1099700003B030BD0133402BF1D1F9E7694601F066
:1099800082FE043408222146684617F0D4FF10B93D
:1099900020606060ECE70834AC42F3D1E8E7F7B54B
:1099A0000A78C2F38303032B04460E4600F20445F3
:1099B00029D1D1F84A102B4600F2045053F8045F25
:1099C0008D420CD102F00302023A012A2CD9D4F8BC
:1099D00010350133C4F81035012003B0F0BD8342C7
:1099E000ECD1D4F8083503F58172013344F8221024
:1099F0005A4202F03F0203F03F0358BF5342C4F8FB
:109A000008350020E9E76946304601F03CFE271D95
:109A100008223946684617F08EFF58B9337803F0AC
:109A20000303023B012BD1E7D4F80C350133C4F812
:109A30000C35D1E70837AF42EAD1D4F804246B469D
:109A400003CB04EBC20250609160D4F804340133BC
:109A50005A4202F07F0203F07F0358BF5342C4F81A
:109A60000434CEE770B506229AB04FF4E1313148A4
:109A700013F0E6FD4FF47A7014F0C8FA2E4B002272
:109A80001A7114F0BFFA2D4B186000F075FA00B986
:109A9000FEE72B4C00F0B8FA14F070F8204605F001
:109AA00007FB284B284A2949189418A8199304F051
:109AB0002DFA00BB684600F0CFFA2348244D6022FF
:109AC000694618F0A2F80A2405F1700695F870307E
:109AD000013BDBB2FD2B09D9684600F0BDFA6022DC
:109AE0006946304618F091F8013CEFD1164A174903
:109AF00018A804F033FA17490E4813F011FE20227B
:109B000011490C4801F02AFE0A4813F011FE124BCD
:109B10000B490F4800241C70FFF76EFA0C48FFF742
:109B2000C9FE0B4822464FF47A51FFF79FFB1AB04B
:109B300070BD00BFEC360020303200200805002048
:109B400060320020B2E10208200600208F420208A5
:109B5000B0050020C84602080C05002030B5164CA0
:109B6000164B204685B0002540F8043B4FF4806238
:109B7000002117F00AFF29464FF4807204F5816036
:109B8000C4F8045417F001FF0420C4F80855C4F8C1
:109B90001055C4F80C55FBF798FE094A0260094AB3
:109BA0000192094A00920346084A09490294094869
:109BB000FFF7E6F805B030BDF82A0020FC460208A1
:109BC000E446020830300020200100205030002000
:109BD00030320020B0050020044A054B13600548D0
:109BE00003F58073C2F8D0300BF0D7BEB00500206B
:109BF0004C450208882A00202DE9F0434D484E4E7E
:109C00004C4FA9B0F7F7F4FA4FF00009044630467C
:109C100013F08EFB68B19F2C0DD0A046304613F098
:109C20004DFDC5B20A2D29D1304613F081FB002825
:109C3000F4D19F2C30D13F4B0D2283F89F209F24DD
:109C40003C4D013C2B5D0D2B28D10A213A4813F0E5
:109C50006BFD00216B46394829552A46FFF72AFB40
:109C60009DF800303BB13649334813F059FD324876
:109C7000694613F06FFD00232B700FE00134294675
:109C8000304607F8085007F8049013F04DFD0D2DED
:109C9000BDD19F2CD4D1CEE7002CD1D1274C20466A
:109CA000FFF759FD14F0AEF9264BD3E90425996965
:109CB0009861411A521845F10005C3E9042594F84A
:109CC0008D31214D43B32046FFF7D0FDD8B9204652
:109CD000FFF7CEFDE0B928701C4E1D4D33682A6891
:109CE0004FF47A7101FB0231204600F015FBE8B118
:109CF0002046FFF7C7FD14F085F9052330602B607F
:109D000029B0BDE8F0832B78012B07D1012303E0B4
:109D10002B78022B06D102232B70F1E72046FFF7A8
:109D2000C1FDF3E72046FFF7B5FDF4E72B680533E7
:109D3000E5E700BF0C050020EC360020B005002050
:109D4000D646020830300020040500200805002017
:109D50001C010020004870470000C07F00207047B1
:109D60000020704770477047704700207047704769
:109D70000020704700207047002070470020704787
:109D800000487047044702080020704700487047A9
:109D90000447020840680368DB681847B0F91800F8
:109DA00070477047002070470023037170470079A7
:109DB00070470000BFF34F8F0549064BCA6802F495
:109DC000E0621343CB60BFF34F8F00BFFDE700BFDE
:109DD00000ED00E00400FA0500207047406808B577
:109DE0000368D3F88430984710F0140F14BF012093
:109DF000002008BD10B54FF47A7204460023D0E964
:109E00000401F7F7D1F9A368184410BD002070478A
:109E100000207047704700207047002070470020E6
:109E200070470020704700207047000000487047CE
:109E3000124702087047F8B507460C468E18B44220
:109E400000D1F8BD78680368D3F8A43098474FF480
:109E500080710546002013F0A0FE454004F8015B28
:109E6000EDE708B5F9F7C4F872B6BDE80840F9F7B0
:109E7000C7B808B5C32013F065FF80B208BD10B5A0
:109E80004FF4DE710446FBF724FD204610BD406808
:109E9000002107F0D1B810B5044614F0B3F8D4E9A6
:109EA0000431A269A061821A9B1841F10001C4E942
:109EB000043110BD10B500220023C0E904238160E5
:109EC000044614F09FF8A06110BD036810B5DB6B69
:109ED0000446984720B92046BDE8104004F0FABF78
:109EE00010BD10B44468134694F8602110BC05F00E
:109EF00009B830B5012185B0044608F09FF9012268
:109F00000021204608F0BFF97F238DF80F30002292
:109F10000123CDE9003289210DF10F02D4F85C0153
:109F200005F019FED4F85C31186803680521DB6977
:109F3000984714F067F80546D4F85C311868D96A78
:109F400002681269904720B114F05CF8401B322877
:109F500006D9D4F85411204607F043F905B030BDB6
:109F6000D4F85C31186803685B6D9847E4E708B57E
:109F70004068FFF7BEFF08BD30B51B4A1B491C48AF
:109F800087B009F0FAF91B4B049310221623CDE990
:109F90000232122105230024CDE90031164A174967
:109FA00013480594082306F015F8054658B11449DE
:109FB000144813F0B5FB13480A22294613F02AFC73
:109FC000204607B030BD012211460124084809F09F
:109FD00065F8009441F2210341F60F5221460448EE
:109FE00009F006F9ECE700BF54490208B449020839
:109FF000743000209A99D93F00007A428D67594405
:10A0000029470208EC36002002486FF0004109F0B1
:10A0100036BC00BF74300020F8B50B4C17460E4616
:10A02000014620461D4606F00FFA3946204608F044
:10A0300085FC3146204608F01BFC294620460022BC
:10A04000BDE8F84008F099BC743000200146014892
:10A0500005F017BF7430002013B5054B0093694617
:10A06000044B0193044600F03DFC204602B010BDB5
:10A070004C4702087430002070B5184E184B3360FE
:10A080004820FBF722FC174C054606F069F82946E4
:10A09000204606F00BF8144B2360144B144919604A
:10A0A000C3E901460022134CC3E90322124B23608B
:10A0B000124B6260A36000220023C4E9042313F062
:10A0C000A1FF0F4B0F4AA06100210020C3E902014C
:10A0D000C3E90401C3E906011A6070BD30320020F3
:10A0E000FC48020874300020584702085030002015
:10A0F0006048020830300020C0480208EF934466F0
:10A1000010300020D44802087047704770477047ED
:10A110007047704700487047B2E10208002070475E
:10A12000002070474FF07E507047C82070474FF4B2
:10A130007A60704770B50F481646F6F709FDF6F7D6
:10A1400063F902460B4600200B4914F07DFC0B4BD3
:10A150000022F5F7F9FF044630460D46F6F732F9CE
:10A1600002460B4620462946F6F7A6F9F6F754FCB8
:10A1700070BD00BF9A99593F000024400000F03F95
:10A18000002370B50446C0E90C33C0E90E33C0E9C2
:10A190001033A0F86030C06D03681B6898472368CF
:10A1A00020629B6B20469847236820651B6A2046E7
:10A1B00098470646206DF6F77DFD4FF07E51054627
:10A1C0003046F6F7C7FC01464FF07E50F6F77EFEAC
:10A1D00001462846F6F7C6FDF6F7C6FFA064E06D17
:10A1E00003681B689847E064A06D03681B68984784
:10A1F000A06D0368DB6A984784F82C0070BD2DE9D8
:10A20000F0410446C06D03681B689847E56C2368FD
:10A21000451B1B6A0646204698474FF07E51F6F7CD
:10A2200099FC01464FF07E50F6F750FE2368074632
:10A230009B6B2046984780462846F6F73BFD3946FB
:10A24000F6F790FDF6F790FF054670B14046F6F739
:10A2500031FD3946F6F786FDF6F786FFA36CE66416
:10A260001D44A84294BFA064A564BDE8F081F8B580
:10A270001E4613780B7017469A090D4601D0002030
:10A28000F8BD03F003020923D34013F0010319BF03
:10A29000B7F80130EB800B81CB801BBFB7F80330E0
:10A2A0002B81012105217C5CAC80A209032AE6D028
:10A2B00004F03F0402FB0444E2B2402ADFD801313B
:10A2C0005418B442DBDC394405F10A0017F09DFC58
:10A2D000321B92B2B82A6A80D1D8391905F14A00E6
:10A2E00017F093FC0120CBE710B50446406D0368DE
:10A2F0001B68984730B9B4F8603043F00103A4F804
:10A30000603010BD00238380438080F80231F8E77D
:10A31000406D03685B681847C06D036810B51B6823
:10A320000C469847001B0028D4BF0020012010BD18
:10A33000C06D036810B51B680C469847204410BDDB
:10A3400003682DE9F0411B6805460E469847044610
:10A3500030B9686D036831465B68BDE8F041184765
:10A36000012812D06F6D3B6820F07F412846D3F85A
:10A370000880FFF7DDFF220E013A034631463846DA
:10A38000C446D2B2BDE8F0416047BDE8F0812DE996
:10A39000F0410446806D0368C2B05B68FF2202A9E9
:10A3A0009847061E77DD2368A06D5F6803689B6B86
:10A3B00098470546A06D03685B6B9847294602469F
:10A3C00002AB20460096B847606D03681B6898474B
:10A3D000054600285FD00146334602AA2046FFF713
:10A3E00046FF002852D0A06D03689B6B98474FF042
:10A3F0008141F6F7B7FCF6F791FE85F80201A76DEB
:10A400003B683846D3F80C809B6B98473246014630
:10A410003846C0470746A06D036831469B68984799
:10A42000636903446361236801465B69064620460D
:10A43000984723682846D3F8088001F00EF93B4678
:10A44000024629462046C0472B789B0726D4A36B9B
:10A450000133A363236839465B6A32462046984736
:10A46000312801461DDD666DB0F5FA4F3368A8BF8F
:10A470004FF4FA4120465F6AFFF75AFF2946024629
:10A480003B46304642B0BDE8F0411847606D036876
:10A4900029465B68984742B0BDE8F081E36B013321
:10A4A000E3632946204642B0BDE8F041FFF748BFCC
:10A4B000F0B5456D04462B68C06D1E690368C1B0D8
:10A4C0001B68984701462846B04760B32046FFF70F
:10A4D00096FEA06D0368FF219B689847A36CB3EBC1
:10A4E000500F4FEA500520D2236820461B6A984738
:10A4F0000646A06C281AF6F7DDFB4FF07E510546A4
:10A500003046F6F727FB01464FF07E50F6F7DEFCAB
:10A5100001462846F6F7DAFCF6F726FE0146204605
:10A52000FFF706FFA06141B0F0BDA1692046FFF72B
:10A53000F3FE0028F7D0A06D03681B6B9847F0B1BD
:10A54000236C01332364E36923B9E06D03681B685E
:10A550009847E061E06D03681B689847E369C51A96
:10A5600023682046DB6A9847854243D9B4F86030B7
:10A5700043F00203A4F86030636C01336364656DDB
:10A58000E06D0023E3612B68DE6803681B68984771
:10A5900001462846B04760600028C4D003788DF893
:10A5A0000030092203F0030322FA03F3DB0741BF63
:10A5B000C388ADF801300389ADF8033054BF0123DF
:10A5C000052382880DF803205D1C027900F10A0141
:10A5D0000DEB050001F02CF86668728805445319EC
:10A5E000FF2B0CDD606D036831465B6898470023E4
:10A5F000636098E7236820469B6A98478EE706F1D8
:10A600004A010DEB050017F000FBA06D768803688A
:10A610002E4431469B6898470546E06D03681B68E9
:10A620009847E060A06D036832461B696946984709
:10A63000064678B96568236828461F6901F00DF859
:10A64000294602462046B84761682046FFF760FE6B
:10A65000666068E705EB450569082046FFF768FE78
:10A66000A06060E7F8B5416A0446FFF755FE78B18F
:10A67000A56D2B685E6A236820461B6B98470146D0
:10A680002846B0474FF4FA612046FFF751FE60625A
:10A69000A06D0368DB699847A06D0368DB6A984783
:10A6A00094F82C30834217D084F82C00B0B9E06DB8
:10A6B00003681B6898472062E06D03681B68984731
:10A6C000236AC01AB0F5FA5F82BFB4F8603043F075
:10A6D0000403A4F8603001E0002BEDD06368002B88
:10A6E00069D0A06D03685B699847002800F09D80E1
:10A6F000E06D03681B689847E5682369471B3B4486
:10A700002361236839469B690646204698472046C0
:10A71000FFF775FDA36C9F427CD90023A3642368D7
:10A7200020461B6A98470646A06CC0F16400F6F705
:10A73000C1FA4FF07E5105463046F6F70BFA014656
:10A740004FF07E50F6F7C2FB01462846F6F7BEFBF7
:10A75000F6F70AFD01462046FFF7EAFDA061A06D6D
:10A7600003689B69984761688A884888930902F062
:10A770003F0203FB0222D2B223680232DB680244AA
:10A780002046984761680B789B0755BF236B636B26
:10A790000133013354BF236363632046FFF7B8FDE1
:10A7A00000236360236820465B6B98470146204680
:10A7B000FFF7BEFDA062236820465B6B9847002828
:10A7C00011DDA16A2046FFF7A7FD60B1A06D036807
:10A7D0009B6A9847236820465B6B98470146204652
:10A7E000FFF7A6FDA062656DE06D2B689E6A0368A9
:10A7F0001B68984701462846B047014610B12046DD
:10A80000FFF79EFD2046FFF7C2FD2046BDE8F84059
:10A81000FFF74EBE1D44AD1B632DA5647FF67FAFD1
:10A82000E06D03681B68984798E7A1682046FFF72A
:10A8300073FDA0B1A06D03689B69984761688A8821
:10A840004888930902F03F0203FB0222D2B2236838
:10A85000023202441B692046984761689DE7F8BDB3
:10A860002DE9F047064608790C461746984600F051
:10A87000CFFE756D88B16388B82B0ED82B68414622
:10A880003046D3F80890FFF753FD3A460346214679
:10A890002846CC46BDE8F04760472B68214628464D
:10A8A0005B68BDE8F04718470368DB69184710B5D7
:10A8B00020220446002117F068F8204610BD10B48D
:10A8C00004460846214610BC09F01ABF10B50446DC
:10A8D000FFF7EDFF4022002104F1200017F055F8AA
:10A8E000204610BD30B50D4689B00446FFF7DFFFA6
:10A8F0002B6869461B6828462022984720466A46EE
:10A9000004F120010DF0F6F8204609B030BD00003A
:10A91000F0B5B1B00146044668460DF008F99DF85F
:10A920000030013BDBB2FD2B30D81B4B20AA03F1DA
:10A930004007164618685968154603C50833BB42D8
:10A940002A46F7D1154B08AA03F1200C17461868C0
:10A950005968154603C5083363452A46F7D1224690
:10A96000394610A80CF0FCFF3246694618A80CF0D6
:10A97000F7FF202218A910A816F0DDFF30B910ABA0
:10A9800013F8012B2AB901302028F9D1002031B069
:10A99000F0BD0120FBE700BF0C4A02084D4A020847
:10A9A00038B50C460546014620222046FFF77CFFBD
:10A9B00020280AD1402205F120012046FFF774FF2C
:10A9C000A0F140035842584138BD0020FCE738B59B
:10A9D0000B680C465B6801460546202220469847D6
:10A9E00020280BD1236840225B6805F12001204616
:10A9F0009847A0F140035842584138BD0020FCE779
:10AA00003F2A70B51ED95F2A00F1200300F16004CF
:10AA100007D853F8042B41F8042BA342F9D1402066
:10AA200070BD1A460D4652F8046B45F8046BA242FD
:10AA3000F9D1403150F8042B41F8042B9842F9D158
:10AA40006020EDE70020EBE7602A30B40B4613D11D
:10AA50000A4603F1400400F1200152F8045B41F87A
:10AA6000045BA242F9D1603352F8041B40F8041B86
:10AA70009A42F9D130BC7047402AFBD100F1200145
:10AA80000A4603F1400453F8045B42F8045BA34216
:10AA9000F9D130BC0DF04BB813B504460846114649
:10AAA0001A4604F12003009323460DF04FFE02B036
:10AAB00010BD0B46114600F1200218460CF050BFA5
:10AAC00000207047704770477047002070477047FC
:10AAD0007047704700207047002070470020704783
:10AAE000002070470020704770B5846D23680546CC
:10AAF00008469E6800F0B1FD01462046B047052299
:10AB000004460021A86E00F0FDFD34235C4364235D
:10AB1000B4FBF3F4604370BD08B504220121806EDC
:10AB200000F0F0FD7823584308BDFFF729BBFFF77D
:10AB300099BD70B50446C06E03681B680E46984701
:10AB40002368054602465B6C2046314698472846F6
:10AB500070BDF8B58B8803F03F04013CE4B223F0EC
:10AB60003F031C438C80A40901340D46E4B201F17B
:10AB70000A060027AB8803F03F0313FB04F3BB4234
:10AB800000DCF8BD3046264422463146274417F003
:10AB90003CF8EFE7F8B50A788B88920706460C4632
:10ABA00001D50020F8BD03F03F079B090133DBB25C
:10ABB00007FB0333402B07F10105F2DC03681B6C34
:10ABC00098470028EDD0A28892090132D2B207FB43
:10ABD000024006F170010A3017F017F8A38823F03D
:10ABE0003F031D433368A5809B6C21463046984740
:10ABF000A38803F03F03013340EA0360D2E72DE965
:10AC0000F043202B93B080460E4617461D4603D8CE
:10AC1000FFF76AFB044620B90024204613B0BDE8C4
:10AC2000F0830346102203F84A2B06F1200932462E
:10AC300052F8041B43F8041B4A45F9D1D8F86400C4
:10AC400003681B6898472A46C4F86A00804639465C
:10AC500004F1AE0016F0D9FF05F1640363800DF135
:10AC6000040C334618685968624603C208334B45E2
:10AC70009446F7D12A4639460AA8CDF8248016F022
:10AC8000C4FF05F1240301AA04F16E013046FFF769
:10AC900003FFC2E72DE9F04FAFB099469DF8E0A061
:10ACA000DDF8EC804FEA9A130AF03F0403FB0444FA
:10ACB00008F105032344A62B06468B46174604D904
:10ACC000002528462FB0BDE8F08FFFF70DFB0546A5
:10ACD0000028F5D0202303709BF8003080F84A301C
:10ACE00096F8703080F84B30494622460DF101004D
:10ACF0008DF800A004F1020916F087FF04F1B903F2
:10AD00000DEB09006B44B8F1000F12D09DF8E42060
:10AD100003F8B82C3A99424616F077FF08EB09037E
:10AD20006A4605F14C01384600F0F1FD02306880BA
:10AD3000C7E7FF2203F8B82CB36E1A6801461668FD
:10AD400018460422B047A31DEAE77FB509788DF8BD
:10AD500014100B9903910A9902919DF82410019106
:10AD60009DF82010009105A9FFF794FF07B05DF84A
:10AD700004FB2DE9F8430229DDF8249007460D462F
:10AD800090461E4603D809F11103B82B03D90024BD
:10AD90002046BDE8F883FFF7A7FA04460028F6D05E
:10ADA000AD00057098F8003080F84A3097F87030A0
:10ADB00080F84B3000F14C01089A4B46304600F0C9
:10ADC000A6FD02306080E3E710B50C46FFF78CFA71
:10ADD00028B10C2303700423C0F84A40438010BDFF
:10ADE00038B50D461446FFF77FFA50B128232401E9
:10ADF000037044F00304052380F84A40C0F84B5028
:10AE0000438038BD2DE9F0470B78FF2B04460E46F2
:10AE1000904648D00368D1F84A901B6D984706F1D8
:10AE20000A0A0546DDB949462046FFF7CDFF074629
:10AE3000002838D0327906F10A010A3000F007FC08
:10AE40003B78B88023F0030343F002033B702A46AB
:10AE5000434639462046BDE8F047FFF701BD236869
:10AE60003146DB6C2046984700F5967080442A46B0
:10AE700049462046FFF7B4FF074688B1327951466C
:10AE80000A3000F0E4FB3B78B88023F0030343F082
:10AE900002033B700022434639462046FFF7E0FCA0
:10AEA000013DEDB2BEE7BDE8F08770B591F84A60AC
:10AEB00006F00F03032BC2B005460C462ED14B887B
:10AEC000042B2BD901A800F09EFB237822798DF862
:10AED000043004F10A010DF10E0000F0B8FB6288A5
:10AEE000ADF80800013A92B204F14B010DF14E00A9
:10AEF000ADF8062016F089FE01A92846FFF719FED5
:10AF000060B901A92846FFF724FE36094FF496726E
:10AF100006FB022201A92846FFF774FF002042B079
:10AF200070BDB82A70B50E46154603D8FFF7DCF998
:10AF3000044610B90024204670BD2C2300F84A3B7B
:10AF40002A46314616F061FE6580F4E72DE9F041AE
:10AF50000D781746C5F38302092A06460C4620D011
:10AF6000013BDAB2022A1CD825F0030545F00105A1
:10AF70000D70C06E9B018B8003681B689847237817
:10AF8000C3F38303082B0AD0042B14BF012203222E
:10AF90003B4621463046BDE8F041FFF761BC022246
:10AFA000F6E7BDE8F0812DE9F0411F460B789DF8EA
:10AFB00018500646C3F3830009280C4622D0013DF1
:10AFC000E8B202281ED823F003030B701388F06E3A
:10AFD000CB8053880B810368AD011B688D80984737
:10AFE0002278C2F38302082A0AD0042A14BF01225D
:10AFF00003223B4621463046BDE8F041FFF730BC16
:10B000000222F6E7BDE8F0812DE9F0410C46069FEB
:10B01000257825F0030545F002052570C5F3830565
:10B02000092D06461146984618D160884A301A46BE
:10B03000204416F0EAFD6388434463800023A38024
:10B040000525F06E036821461B6898473B462A4653
:10B0500021463046BDE8F041FFF702BC1A4604F134
:10B060000A0000F0F4FA2578A080C5F38305A5F165
:10B0700008035D425D41E4E72DE9F04F0A7802F0F4
:10B080000303023B012BF1B005460C4664D8C2F322
:10B090008303092B8E8853D13F2E1AD891F852E0A2
:10B0A0004F88D1F84A20D1F84E300EF0030C093FFA
:10B0B00006FA0CF6FFB21FFA86F847450BD80A3499
:10B0C00005680397CDE900E401F1530602962C6E62
:10B0D000A047002031E05336012200F1700102FA4E
:10B0E0000CF2A01916F027FC0028F2D12B6821469B
:10B0F0001B6C284698470028EBD021462846FFF7CE
:10B1000018FD0028E5D194F90201F5F7D7FD4FF0BD
:10B110007A51F5F727FE4FF08141F5F723FEF5F759
:10B12000FDFFA3885A1C2344A28098722B682146F5
:10B13000DB6C2846984740F0C06071B0BDE8F08FE6
:10B140000B2B06F03F063DD191F94A30002B33DB43
:10B15000002E44D1930706D42B682146DB6B28468A
:10B1600098470028B5D12378C3F383020F2AB0D8BB
:10B1700001A151F822F000BF9DB200089DB2000865
:10B180009DB2000867B2000897B400081DB400081B
:10B190001DB40008A5B300089DB20008D3B0000894
:10B1A00065B50008D3B00008D3B00008D3B00008DC
:10B1B000D3B0000841B50008002E8AD103685B6F48
:10B1C000984786E7002EC5D0032B08D14B88032B68
:10B1D00005D90368D1F84A20D3F884309847A2886B
:10B1E00092090132D2B205F1700104F10A0016F0A1
:10B1F000A2FB00287FF46DAF2B6821461B6C28460C
:10B20000984700283FF465AF2378C3F383030A2BE4
:10B210002146284604D171B0BDE8F04FFFF745BE86
:10B22000032B0FD1FFF785FC064600287FF451AFB2
:10B2300021462846FFF78DFC324621462846FFF777
:10B24000E1FD46E7FFF775FC00287FF442AF214699
:10B250002846FFF77EFC2B682146DB6C2846984782
:10B2600040F0807069E76388D4F84A60032B7FF66A
:10B2700030AF21462846FFF75CFC00287FF429AF59
:10B280002B683246D3F88430214628469847214619
:10B29000284671B0BDE8F04FFFF77CBC94F84B3006
:10B2A0008DF81830638894F84A60042B7FF611AF4C
:10B2B00021462846FFF73DFC814600287FF409AF70
:10B2C00095F87030B3425CD12B6806A95B6D2846B7
:10B2D000984704F14C0806460EAF0DF1BC0AB14583
:10B2E0004FDA2B684A469B6D394628469847638853
:10B2F0004246023B5146384600F02DFB031E4EDD10
:10B3000022782968C2F38302082A3FD19AF8008084
:10B310004FEA981208F03F0602FB0666B21C9B1A21
:10B3200056445244DBB203920493737803F00F0344
:10B33000CDE901830DF1BD060096D1F864A03B462E
:10B340004A4621462846D047C8B1237813F0020365
:10B3500015D1CDE9023301932379009306A904F1B5
:10B360000A033A462846FFF795FC014638B14FF4E8
:10B37000FA730093324643462846FFF745FEFF2303
:10B38000237021462846FFF705FCD6E6CDE901A348
:10B390000097CE6D4B4621462846B047EFE709F1AE
:10B3A00001099CE7638894F84A60232B7FF691AEED
:10B3B00021462846FFF7BDFB00287FF48AAE95F8AA
:10B3C0007030B3427FF463AF04F14B0606AA04F178
:10B3D0006B0730687168134603C30836BE421A46CD
:10B3E000F7D106AA0EA905F17000FFF762FB63888A
:10B3F0002FAF213B324639460EA800F0ACFA0028A8
:10B400007FF745AF2B68CDE900700EAADE6E2146AE
:10B4100006AB2846B047FF23237038E794F84A303C
:10B420008DF818306388032B7FF653AE21462846EB
:10B43000FFF77FFB064600287FF44BAE2B680EAA71
:10B44000DF6F06A904232846B84704F14B0A80465B
:10B450000DF139090DF1BC0B464592DA6388484677
:10B46000013B5246594600F076FA002809F12109BD
:10B470000FDD2B682278CDE900B006EB4616D3F835
:10B4800080700EAB3344C2F3830221462846B8478E
:10B4900077E70136E0E70EA8FFF709FA0EAE04F1F0
:10B4A0004A0304F16A0718685968324603C2083330
:10B4B000BB421646F7D16388D4F86A90632B7FF6B7
:10B4C00008AE20220EA905F1700016F034FA00280B
:10B4D0003FF4FFAD21462846FFF72BFB00287FF401
:10B4E000F8AD0EAF0FCF2FAE0FC6B4F8028097E8BD
:10B4F0000F00A8F16408B8F1200FA8BF4FF0200892
:10B5000004F1AE0A86E80F004246514638A8CDF84D
:10B51000DC9016F07AFB08F124032FAA04F16E01E7
:10B520000EA8FFF7CCF900283FF4D3AD2B68CDE986
:10B5300000A80EAA9E6E21464B462846B04720E73B
:10B5400003F00303023B012B3FF6C3AD214628461F
:10B55000FFF7EFFA00287FF4BCAD2B6821469B6F04
:10B5600028462DE66288022A7FF6B3AD94F84A3069
:10B5700003F00F03032B7FF4ACAD042A7FF6A9ADD3
:10B580002FA800F040F8237822798DF8BC3004F120
:10B590000A010DF1C60000F05AF86288ADF8C0004B
:10B5A000013A92B204F14B010DF58370ADF8BE2063
:10B5B00016F02BFB2FA92846FFF7BBFA00287FF4D3
:10B5C00088AD2B68DDF80621D3F884302FA92846F2
:10B5D00098477EE52DE9F0410D7825F0030545F00B
:10B5E00002050D700646C06E0368002517460C461E
:10B5F0008D801B6898473B462A4621463046BDE869
:10B60000F041FFF72DB9002202708280428070471E
:10B6100000F03F038009032800F1010206D013FB6C
:10B6200002F04028CCBF0020012070470020704766
:10B6300010B5930902F03F0403FB0444402C04DCE2
:10B64000224616F0E2FA204610BD0024FBE710B5B2
:10B650001446FFF7EDFF204610BD83889A0903F0DA
:10B660003F0302FB033342880078DBB2023310F061
:10B670000300134405D0C21E5042504180001844BC
:10B6800070470420FBE730B50446A1B002A80D4680
:10B6900009F012F923780122C3F383030DF10701A6
:10B6A00002A88DF8073009F0EFF99DF80730092B53
:10B6B00004D10222211D02A809F0E6F9628804F1F2
:10B6C0004A0102A809F0E0F908220DEB0200294620
:10B6D00009F00CFA02A809F0D5F821B030BDA0F1AC
:10B6E0004103052B02D83738C0B27047A0F161037F
:10B6F000052B01D85738F7E73038C0B20A2828BFE1
:10B700000020704737B50368144604220D461B68B5
:10B710000DEB020198470198621BB0FBF2F302FBAC
:10B720001300284403B030BDF0B50B4D03468E180E
:10B73000B14203F1020303D1002300F81230F0BD3F
:10B7400011F8014B270904F00F04EF5D2C5D03F89D
:10B75000027C03F8014CEBE7004B02082DE9F041B5
:10B76000DFF8308005460C468F18BC4201D1BDE899
:10B77000F08114F8016B330906F00F0618F8031076
:10B78000284611F0D1FF18F80610284611F0CCFF1A
:10B79000EBE700BF004B0208F8B5064610460D4621
:10B7A0001446F5F725FDB0EB450F17D1224631467B
:10B7B0008B1BAB4202F1020201DB0120F8BD12F843
:10B7C000020C12F8017CFFF78AFF04463846FFF7A7
:10B7D00086FF40EA041001F8010BE9E70020EDE7DD
:10B7E000F0B504460020074625780DB1904208DBED
:10B7F000214614F8012B1AB19A42F9D100230B709B
:10B80000F0BD41F8204025462E782C4601351EB16A
:10B810009E42F9D127702C460130E5E7F0B59FB084
:10B820001F461646044668460D4609F045F83A4656
:10B830003146684609F028F9DDE92412684609F026
:10B8400023F92A462146684609F050F9684609F06E
:10B8500019F81FB0F0BD2DE9F041B0B0064601A8BF
:10B8600015460C461F4608F0F1F93146102201A892
:10B8700008F09CF92E46A6EB0508B84506DB01A8A2
:10B8800008F07AF9404630B0BDE8F08132462146F2
:10B8900001A808F0CBFB10341036ECE72DE9F0439B
:10B8A000B5B0064605A81C460F46154608F0CEF969
:10B8B0003146102205A808F079F907EB04092E1982
:10B8C0000F2CA9EB0405A6EB040819DC002C0FDDF6
:10B8D0001022002101A816F058F82246414601A87E
:10B8E00016F093F9294601AA05A808F08BFA10353D
:10B8F00005A808F041F9ED1B284635B0BDE8F083F6
:10B900004246294605A808F07DFA103CD8E7F0B574
:10B910008F1CA1B00E4639460546FFF7BFFF04460F
:10B9200002A808F0C9FF294602A8202209F02BF935
:10B930002246394602A809F0A7F8022300932022E4
:10B940003346294602A809F036F902A808F09AFF02
:10B95000A01C21B0F0BD2DE9F043022BA3B0054699
:10B960000F4616461C4603DC002023B0BDE8F083DA
:10B9700004A808F0A1FF06F102082022294604A825
:10B98000023C09F000F94FF002092246414604A8A2
:10B9900009F07AF82022294603AB04A8CDF80090DC
:10B9A00009F009F904A808F06DFF4A46314603A8DA
:10B9B00015F0C1FF0028D7D1234642463946284614
:10B9C000FFF749FFD1E703780B70427862B343F089
:10B9D00010030B708368C1F80130C368C1F80530EB
:10B9E0000923028A32B10A7842F020020A70028AE0
:10B9F000CA520233428A32B10A7842F040020A70D7
:10BA0000428ACA520233426862B1127852B10A784D
:10BA100062F07F020A704268013A12F8010F08B121
:10BA2000202B03D1D8B270470123DAE7C854013381
:10BA3000F3E738B50023837004460878E362C4E96D
:10BA400009336370C30641BFD1F801306362D1F896
:10BA50000530A3624CBF09230123850642BFCD5A9E
:10BA6000A5850233450642BFCD5AE58502339A4289
:10BA700020700DDB000609D5D51A07D02A461944D7
:10BA8000A01C16F0C2F862190023937001236370A2
:10BA9000204638BD014809F073BF00BF383200208E
:10BAA0002DE9F04307460024ADF5037D08463960D3
:10BAB000C7F8844C3E4990460AF07FF800284DD0E4
:10BAC0003AA83B4A396823460AF06DF83AA80AF0CA
:10BAD000D2F9002842D04FF0A00912A8FEF7E7FEE5
:10BAE000A022002112A815F050FF202202A93AA896
:10BAF0000AF03FF9202804462DD101221AA93AA8BC
:10BB00000AF037F90128054625D1042235A93AA8BB
:10BB10000AF02FF904281ED1022201A93AA80AF03E
:10BB200028F9022817D12A460DF169013AA80AF02E
:10BB300020F901280FD140220DF16A013AA80AF03C
:10BB400018F9402807D122460DF1AA013AA80AF0B7
:10BB500010F9202806D03AA80AF045F90DF5037D22
:10BB6000BDE8F08302AD0FCD0AAC0FC495E80F001D
:10BB700084E80F000AAE0FCE12AD0FC594E80F0097
:10BB800085E80F00404602AA0DF1AA01FEF791FFD9
:10BB9000D7F8840C1328DEDC431C09FB0070C7F8BF
:10BBA000843CA02212A9043016F02FF895E700BFBC
:10BBB000114B02082DE9F843D0F8849C0E46174635
:10BBC000041D0025A94504DC4FF000084046BDE8EF
:10BBD000F88321463A46304615F0ADFEA046A03423
:10BBE0000028F3D00135EDE72DE9F74FD0F8848C2C
:10BBF00005460C46914600F6E436071D4FF0000A54
:10BC00004FF0FF3BD04525DCB8F1140F07D008F109
:10BC10000103C5F8843CA02303FB08552E1DA02278
:10BC20000021304615F0B1FE234686F820903446B8
:10BC300003F1200518685968224603C20833AB4255
:10BC40001446F7D1FF2386F821303346184603B057
:10BC5000BDE8F08F202239462046019715F06BFE93
:10BC60003B460028F2D097F8203003F00303032B63
:10BC700005D0D7F888305B453CBF3E469B460AF16D
:10BC8000010AA037BEE700002DE9F04188B0154653
:10BC90009DF8388018F0030F04460F461A461FD14E
:10BCA0002946FFF787FFE8B1D4F8845C1C4A6B1E75
:10BCB000C4F8843C231DC31A581150432A1AA021EA
:10BCC0004A43A03A03F1A40104338542D8BF0022BD
:10BCD0002144E01815F03FFE012008B0BDE8F081D6
:10BCE0001F2B01DC0020F8E76A462B4605F1200EE9
:10BCF000944618685968164603C608337345324699
:10BD0000F7D1614600222046FFF76EFF2A4680F8F1
:10BD1000208000F162013846FEF7CBFEDCE700BF71
:10BD2000CDCCCCCC2DE9F0430C46CBB0016006461F
:10BD300031492046174609F04CFF02A82E4A01233C
:10BD4000214609F030FF02A80AF095F8E0B100257D
:10BD5000ADF8045006F16604D6F8843CAB4210DD21
:10BD600014F8423C13B90135A034F5E7A4F1620898
:10BD70006FB94146202202A809F03FFF20288046E3
:10BD80000AD002A80AF02FF84BB0BDE8F083404675
:10BD9000B8470028EDD1E6E70122A4F1420102A84C
:10BDA00009F02BFF01288146EBD1042204F12A017E
:10BDB00002A809F022FF0428E3D1022201A902A867
:10BDC00009F01BFF0228DCD14A46A4F1410102A878
:10BDD00009F013FF0128D4D14022A4F1400102A8A8
:10BDE00009F00BFF4028CCD14246214602A809F0B9
:10BDF00004FF2028B7D0C4E7114B020810B5421E3B
:10BE00000A24002012F8013F303BD9B2092900D999
:10BE100010BD04FB0030F5E72DE9F041F4B02CAD86
:10BE200004460023284609F0BEFE28460AF023F8FF
:10BE3000002800F0A38261680422284609F099FFD7
:10BE4000616820220431284609F093FF042202A9E8
:10BE5000284609F08EFF616808222831284609F03B
:10BE600088FF616808223031284609F082FF616846
:10BE700010223831284609F07CFF616804224831DD
:10BE8000284609F076FF616801224C31284609F006
:10BE900070FF616801224D31284609F06AFF616830
:10BEA00001224E31284609F064FF012202A92846EA
:10BEB00009F05FFF616804225031284609F059FFFC
:10BEC000616804225431284609F053FF616810224A
:10BED0005831284609F04DFF616804226831284630
:10BEE00009F047FF042202A9284609F042FF6168D1
:10BEF00001227031284609F03CFF6168012271314E
:10BF0000284609F036FF616801227231284609F09F
:10BF100030FF616801227331284609F02AFF616809
:10BF200004227431284609F024FF616801227A3125
:10BF3000284609F01EFF6168012201F221112846FE
:10BF400009F017FF6168012201F59171284609F097
:10BF500010FF012202A9284609F00BFF61680122A7
:10BF60007831284609F005FF616801224F312846E3
:10BF700009F0FFFE616801227931284609F0F9FED7
:10BF8000616801227B31284609F0F3FE61680222D4
:10BF90007C31284609F0EDFE616801227E31284699
:10BFA00009F0E7FE616804228031284609F0E1FECD
:10BFB000616801228431284609F0DBFE61681022A5
:10BFC0008531284609F0D5FE616801229531284661
:10BFD00009F0CFFE032202A9284609F0CAFE6168D3
:10BFE00001229631284609F0C4FE61680422983186
:10BFF000284609F0BEFE616801229C31284609F0FE
:10C00000B8FE61680422A031284609F0B2FE6168DA
:10C010000422A431284609F0ACFE61687822A831D8
:10C02000284609F0A6FE6168012201F590712846B4
:10C0300009F09FFE636804220DEB0201D3F824810E
:10C04000CDF80480284609F094FE6368042804BFF4
:10C05000019AC3F82421694693F828318DF80030FD
:10C060000122284609F085FE012802BF63689DF879
:10C07000002083F828216368012293F829318DF884
:10C0800001300DEB0201284609F073FE012802BFC2
:10C0900063689DF8012083F8292100211C2205A84E
:10C0A000049115F072FC202204A9284609F061FED3
:10C0B00020280CAF0CD1626804AB02F595721E46C5
:10C0C00003CEBE4210605160334602F10802F6D141
:10C0D00000213C220DA8396015F057FC402239465A
:10C0E000284609F046FE40281CAE0BD1636803F5D4
:10C0F000A5733A4603CAB24218605960174603F165
:10C100000803F6D100213C221DA8316015F03DFC4A
:10C1100040223146284609F02CFE40280BD16368A6
:10C1200003F5C573324603CAAA4218605960164621
:10C1300003F10803F6D163680222B3F8CA31ADF8FF
:10C1400002300DEB0201284609F013FE6668022852
:10C15000376D04BFBDF80230A6F8CA310021384659
:10C16000F4F79EFF002840F00C818D493846F4F723
:10C17000B5FF00B18A4F3765776D00213846F4F777
:10C180008FFF002840F0FF804FF080413846F4F7E1
:10C19000A5FF08B14FF080477765B76E002138469C
:10C1A000F4F77EFF002840F0F0804FF080413846E1
:10C1B000F4F794FF08B14FF08047B7663768002165
:10C1C0003846F4F76DFF002840F0E18075493846A5
:10C1D000F4F784FF00B1734F3760B76C724938468B
:10C1E000F4F75EFF002840F0D48070493846F4F739
:10C1F00075FF00B16D4FB764776F6D493846F4F73E
:10C200004FFF002840F0C7806A493846F4F766FFC0
:10C2100000B1684F96F8703077670C2B28BF0C235D
:10C22000052B38BF052386F87030626892F87130AC
:10C23000082B28BF0823052B38BF052382F871304F
:10C24000626892F94C301E2BA8BF1E236FF00801C4
:10C250008B42B8BF0B4682F84C30626892F873305C
:10C26000012B28BF012382F873306768D7F8A460D8
:10C2700000213046F4F714FF002840F08E804E492C
:10C280003046F4F72BFF00B14B4E97F82131C7F839
:10C29000A460022B28BF022387F82131626892F83C
:10C2A0007B30012B28BF012382F87B306368B3F811
:10C2B0007C2042F210718A4228BF0A46A3F87C20F3
:10C2C00093F87E20012A28BF012283F87E2062682D
:10C2D000D2F88030B3F5E13F28BF4FF4E133B3F536
:10C2E000165F38BF4FF41653C2F8803092F884308E
:10C2F0000E2B28BF0E2382F884306368B3F8CA215E
:10C300001AB941F26802A3F8CA2193F89520012ACC
:10C3100028BF012283F89520626892F89630012B9D
:10C3200028BF012382F89630626892F89C30022B75
:10C3300028BF022382F89C30626892F82031012BDA
:10C3400028BF012382F820316468D4F824610021D9
:10C350003046F4F7B9FE28B14FF07E513046F4F77D
:10C36000A9FE08B9C4F8248194F82931012B28BF0B
:10C37000012384F82931284609F035FD74B0BDE861
:10C38000F0810027F7E6002706E7002715E70027DA
:10C3900022E7054F2FE7064F3CE7002675E700BF71
:10C3A0000000A041000010410000164300401C4561
:10C3B0009A99F9400000FA4300002041426892F83F
:10C3C0004E305B003B2BDCBF002382F84E30806890
:10C3D00003681B68184700002DE9F04314464268C3
:10C3E00092F89C3087B0151D63B98DF804108DF854
:10C3F00005300295214601A80593FFF7E4FA07B03E
:10C40000BDE8F083012B1FD10269D2E90289D2E98C
:10C4100004678DF804108DF8053040460EA3D3E96B
:10C42000002349460295F4F747F8F4F7F5FA0AA312
:10C43000D3E90023039039463046F4F73DF8F4F78A
:10C44000EBFA00230490D5E7D2E90A89D2E90C6718
:10C4500001238DF80410DEE70000000080842E41E7
:10C460002DE9F047171DA8B0044689461646A44991
:10C470000A2238461D4615F05EFA00284AD106F118
:10C480000E0014F02EF8F4F70FFB4FF07E51064625
:10C49000F4F706FE20B99B493046F4F71FFE30B191
:10C4A0009949284628B0BDE8F04715F0A6BB3146AB
:10C4B00094486768F4F70AFD4FF07E51F4F748FBA3
:10C4C00038602046FFF77AFF63684FF07E511868A6
:10C4D000F4F740FB01468B48F4F7F8FC0646F4F706
:10C4E0001DFE0446F4F7EAFB01463046F4F730FB44
:10C4F0008649F4F737FC4FF07C51F4F72BFBF4F747
:10C500000DFE834903462246284628B0BDE8F04781
:10C5100015F050B97F490322384615F00CFA50B98E
:10C52000F01D13F0DEFFF4F7BFFA666830602046B6
:10C53000FFF744FFFFE278490B22384615F0FBF97C
:10C5400038B906F10F0013F0CFFF636883F8790064
:10C55000EDE772491322384615F0EDF9C0B906F13E
:10C56000170013F0C1FF00286368B8BF03308010C4
:10C5700083F87A002046FFF721FF6368684993F843
:10C580007A209200284628B0BDE8F04715F012B98D
:10C5900064490B22384615F0CEF938B906F10F0080
:10C5A00013F0A2FF636883F87300C0E75E491022AE
:10C5B000384615F0C0F960B95C49022206F1140052
:10C5C00015F0B9F96368B0FA80F0400983F8720099
:10C5D000ADE757491622384615F0ADF990B906F186
:10C5E0001A00FFF70BFC431E012B01D9A82801DD1F
:10C5F000504956E7636883F84F00A0680368DB6919
:10C60000984794E74C491022384615F094F9A8B998
:10C6100006F11400FFF7F2FB431E3A2B01D9F02874
:10C6200002DD46493C22ADE7636800EBD070401064
:10C6300083F84E00A06803689B69E1E740490F2238
:10C64000384615F078F938B96068102206F1130100
:10C65000583002F0FDF96AE73A490822384615F0E9
:10C660006AF938BB06F10C0240216846FFF794F8DE
:10C67000F0B16846FEF74CF9D0B110A8FEF726F9E4
:10C6800040220DEB02006946FEF7DEF9A068036860
:10C6900010A91B6D98472C49284615F0AEFA2022A8
:10C6A00010A905F12100FFF73FF828B0BDE8F08799
:10C6B0002649F6E626490522384615F03CF90028B9
:10C6C0004CD1244906F1080212F8013F2BB96068E9
:10C6D000202206F109010430BBE73A2B09D8292BA7
:10C6E000F2D92A3BDBB221FA03F3DB07ECD51A4976
:10C6F000D7E63F2BFBD05B3B022BE5D8F7E700BF2B
:10C700004A4B02080000C842554B02080000204175
:10C71000744B0208814B0208854B0208914B0208BA
:10C72000A54B0208C14B0208CD4B02081E5502085A
:10C73000DE4B0208F54B0208E44B02081A4C0208D3
:10C74000424C0208524C02085B4C02087D4C020825
:10C750008C4C020805000100BD4E0208A3490722C7
:10C76000384615F0E8F8C0B9A149032206F10B00DC
:10C7700015F0E1F86368B0FA80F0400983F84D00E5
:10C780002046FFF71BFE63689A4A93F84D109A4BB8
:10C7900000290CBF1146194683E6984906223846FF
:10C7A00015F0C9F88046002857D104F11C0306F1A2
:10C7B0000A0118461E4615F020FA2C23042210A95F
:10C7C0003046FFF70DF8071E45DD1098414614F07E
:10C7D0001BFE012F82463ED01198414614F014FEF4
:10C7E000022F814637D0129813F07EFE032F0646A3
:10C7F00004D0139813F078FE5FFA80F88049504611
:10C80000F4F762FC38B37F495046F4F753FC10B399
:10C81000F6B2731F072B1ED8A8F10503032B1AD8F5
:10C8200079494846F4F750FCA8B178494846F4F7EE
:10C8300041FC80B1636883F87060636883F871803D
:10C840006368A068C3F848A0C3F8749003681B68C5
:10C8500098476F4925E66F4923E66F490422384619
:10C8600015F069F838B906F10800676813F039FE69
:10C87000C7E90A015BE669490422384615F05BF80E
:10C8800038B906F10800676813F02BFEC7E90C0100
:10C890004DE663490822384615F04DF878B906F19F
:10C8A0000C0013F01EFEF4F7FFF800210646F4F723
:10C8B0000BFC10B163681E6539E65A49F1E55A4927
:10C8C0000822384615F037F870B906F10C0013F05D
:10C8D00008FEF4F7E9F800210646F4F7F5FB002816
:10C8E000EBD063685E6522E650490A22384615F0AF
:10C8F00022F860B906F10E0013F0F6FDC0B2402830
:10C9000003D8636883F8780011E64949C9E54949C5
:10C910001222384615F00FF8B0B906F1160013F0E0
:10C92000E0FDF4F7C1F800210646F4F7CDFB48B16D
:10C930004FF07E513046F4F7BDFB18B16368C3F881
:10C940002461F4E53C49ACE53C491122384614F039
:10C95000F2FF78B906F1150013F0C6FD737D303B88
:10C96000092B05D8FF2803D8636883F82801DEE582
:10C97000334996E533491522384614F0DCFFF0B907
:10C98000193631493046F4F729FC20B12F49304699
:10C99000F4F724FC20B96368012283F82921C6E555
:10C9A00013493046F4F71AFC20B129493046F4F710
:10C9B00015FC10B963680022EFE7264971E52649A6
:10C9C0000F22384614F0B7FF002847D106F11300B4
:10C9D00013F087FDF4F768F800210646F4F774FBBE
:10C9E00000283FF46AAF63689E66A0E5924C020897
:10C9F000FD4F0208344B02081D4B020892530208F7
:10CA00000000164300401C450000E0400000FA43CF
:10CA10009A4C0208AF4C0208CB4C0208D04C0208DA
:10CA2000D54C0208DE4C0208B24D0208F84C020850
:10CA3000034D0208114D0208244D0208484D02081A
:10CA40005A4D02087B4D02081E550208464D020849
:10CA5000724B0208914D0208AB4D02085D490B2252
:10CA6000384614F068FF98B963680E36A83316F894
:10CA7000011F21B16268A8329A1A762A02D90022CF
:10CA80001A7054E57C2908BF0A2103F8011BEEE760
:10CA900051490F22384614F04EFF60B906F11300D9
:10CAA00013F022FDC0B2022803D8636883F8210185
:10CAB0003DE54A49F5E44A490C22384614F03BFF6B
:10CAC00018BB103647490322304614F034FFA0B19A
:10CAD00045490722304614F02EFF68B14349082229
:10CAE000304614F028FF60B141490622304614F068
:10CAF00022FF40B13F49D4E40120636883F822015A
:10CB000015E50220F9E70320F7E73B490322384601
:10CB100014F011FF88B9F01D13F0E6FC636883F888
:10CB20004C002046FFF74AFCD4E90120036892F943
:10CB30004C10DB6A98473149B3E4B9F1000F11D1C9
:10CB40002F490522384614F0F6FE58B906F10900BF
:10CB500013F0C7FCF3F7A8FF6668B0642046FFF740
:10CB60002DFC76E627490F22384614F0E4FE68BB18
:10CB700006F1130013F0B5FCF3F796FF6368014666
:10CB8000C3F8A400E06803689B689847C0B12046DA
:10CB9000FFF714FC6368D3F8A44000212046F4F7A3
:10CBA00075FA08B118497CE42046F3F72DFC0B46D2
:10CBB00016490246284628B0BDE8F04714F0FABDF1
:10CBC000636813490022C3F8A4206AE411493A4675
:10CBD000D8E400BFBB4D0208C74D0208D74D02087C
:10CBE000F04D0208FD4F0208035002080D500208E4
:10CBF00018500208FD4D02082F4E0208BA440208E0
:10CC0000334E0208394E0208494E02086D4E0208A2
:10CC1000894E0208AA4E02082DE9F04102F10408EB
:10CC200096B005460F461646A149092240461C46C5
:10CC300014F081FE28BB6B684FF07E511868F3F743
:10CC400089FF01469B48F4F741F90646F4F766FA76
:10CC50000546F4F733F801463046F3F779FF964975
:10CC6000F4F780F84FF07C51F3F774FFF4F756FABD
:10CC7000924903462A46204616B0BDE8F04114F01A
:10CC800099BD8F490222404614F055FE30B96B68B9
:10CC9000186801F0F7FE02468A4909E08A490A222B
:10CCA000404614F048FE48B96B6893F879208749EC
:10CCB000204616B0BDE8F04114F07CBD8449122234
:10CCC000404614F038FE20B96B6893F87A20920041
:10CCD000EDE780490A22404614F02DFE18B96B6832
:10CCE00093F87320E3E77C490F22404614F023FEBB
:10CCF00040B96B6893F87210784A794B002918BFD5
:10CD00001A46C9E777491522404614F014FE18B9AF
:10CD10006B6893F84F20CAE773491122404614F01C
:10CD20000AFE18B96B68D3F82401B2E76F491022E4
:10CD3000404614F000FE20B96B686D4993F8282135
:10CD4000B6E76C491422404614F0F5FD18B96B683B
:10CD500093F82911D0E7BFB967490B22404614F078
:10CD6000EAFD38B9A86803685B6C214616B0BDE8D7
:10CD7000F041184761490B22404614F0DCFD18B918
:10CD8000A86803689B6CF0E75D490F22404614F0E9
:10CD9000D2FD20B96B6893F84E20520087E75949BD
:10CDA0000E22404614F0C7FD10B96A68583273E786
:10CDB000DFB955490722404614F0BDFDA8B9A8685F
:10CDC0000368DB6C9847402206A9FDF719FE1C3565
:10CDD000024606A92846FEF7A7FC3A492A462046FD
:10CDE00014F0E8FC16B0BDE8F08148490422404642
:10CDF00014F0A1FD10B96A6804324DE744490622D7
:10CE0000404614F098FD28B96B68354A93F84D10E8
:10CE1000324B73E73F490322404614F08CFD28B99A
:10CE20006B68D3E90A01F3F73FFE32E73A49032280
:10CE3000404614F080FD18B96B68D3E90C01F2E7A5
:10CE400036490522404614F076FDE8B96B68986CC7
:10CE500001F018FE014602A814F0CFFE6B68586F6F
:10CE600001F086FE014606A814F0C7FE6B682C4947
:10CE700093F87120019293F87030009302AA06ABE8
:10CE8000204614F097FCADE726490722404614F0EF
:10CE900052FD10B96B68186DFBE623490722404626
:10CEA00014F049FD002841D16B68586DF1E600BFD0
:10CEB000CE4E02080000C84200002041D84E0208B1
:10CEC000E24E0208E54E0208EA4E0208F54E02085C
:10CED000FA4E02080D4F0208184F0208FD4F0208D3
:10CEE0001E550208284F02083E4F0208504F020804
:10CEF000614F0208664F0208E35302080E5402080D
:10CF00002E4F02087B4F02088A4F0208924F0208F8
:10CF1000974F02089E4F0208A24F02086C55020864
:10CF2000A64F0208B44F0208CD4F02086A490922F1
:10CF3000404614F000FD18B96B6893F87820B6E607
:10CF400066490E22404614F0F6FC10B96B68986EE4
:10CF50009FE663490A22404614F0EDFC90B9224650
:10CF60003E2302F8023B202363706968A73111F861
:10CF7000013F0BB9137035E70A2B08BF7C2302F879
:10CF8000013BF4E757490E22404614F0D4FC18B98F
:10CF90006B6893F821218AE653490B22404614F02E
:10CFA000CAFC98B96B6893F8223133B94F492046CF
:10CFB00016B0BDE8F04114F020BE012B01D14C4960
:10CFC000F5E7022B0CBF4B494B49F0E74B490222D6
:10CFD000404614F0B0FC38B9B37913F0DF0F03D139
:10CFE0006B6893F94C2062E645490422404614F0F0
:10CFF000A2FC10B96B68986C4BE642490A22404685
:10D0000014F099FC78B94049204614F0F6FDA86860
:10D010000368DB6C984720220146A01C16B0BDE8CF
:10D02000F041FEF781BB39490422404614F083FCED
:10D0300020B9A8680368DB6898472CE634490B22BE
:10D04000404614F078FC08B9324A25E632490E22EF
:10D05000404614F070FC08B93049A8E730490E2268
:10D06000404614F068FCB0B9E8680368DB6898478C
:10D0700000210546F4F70AF808B12A4997E728463F
:10D08000F3F7C2F90B4628490246204616B0BDE820
:10D09000F04114F08FBB25490E22404614F04BFCA2
:10D0A00008B9234983E723490D22404614F043FC85
:10D0B00008B921497BE721491122404614F03BFC85
:10D0C0000028F6D01E490D22404614F034FC0028FA
:10D0D000EFD01C494246EBE5BC4F0208C64F0208A0
:10D0E000D54F0208E04F0208EF4F0208FB4F02083D
:10D0F000015002080B500208165002081F50020887
:10D100002250020827500208D9460208325002086D
:10D11000375002084350020848500208575002088E
:10D120006A500208894E02087950020880500208AD
:10D130008F5002089D500208AB500208D1500208DF
:10D14000E3500208F1500208F0B5002387B01370D5
:10D150000446154608462023042202A9FEF740FB98
:10D160000128074606D16069A022294601F0BCF9D2
:10D1700007B0F0BD40F38181039E98493046F4F733
:10D180002DF820B9A06803685B6E9847F0E79449D2
:10D190003046F4F723F8C0B9D4E9000603681B68E9
:10D1A0009847C6F8A0002046FFF708F9A068036872
:10D1B0009B6E98478B4A8C49002808BF1146284629
:10D1C00007B0BDE8F04014F018BD022F63D08749C6
:10D1D0003046F4F703F860B90499606901F098F8F3
:10D1E00028B1037923F0010303717F49E7E7804900
:10D1F000E5E780493046F3F7F1FF48B904996069E3
:10D2000001F086F80028F2D0037943F00103EBE740
:10D2100079493046F3F7E2FF38BB0499606901F0C1
:10D2200077F806460028E2D04188606901F0AEF840
:10D230003379721D70B1018861B1704913F0010F2B
:10D240006F4B18BF0B4600936E49431D284614F0E0
:10D25000B1FA8DE76A4913F0010F2846674B08BF02
:10D260000B46694914F0A6FA82E768493046F3F79D
:10D27000B5FFF8B90499606901F04AF8064600283C
:10D28000B5D00146606901F09CF86149721D2846DD
:10D2900014F090FA6CE75D493046F3F79FFF0028E1
:10D2A00045D1606901F08AF810B1421D5949EEE795
:10D2B000594AFBE759493046F3F790FF002846D119
:10D2C000049F57493846F3F789FF064660696EB9EF
:10D2D000314601F080F8A06803683146DB6E98475C
:10D2E000A06803689B6E98474E4968E7394601F08D
:10D2F0000FF8064638B9034602460499606900F003
:10D30000B9FF064688B1002333716069314601F0E8
:10D3100062F8A06803683146DB6E9847A06803682E
:10D320009B6E98474049721DB1E7404947E73B492A
:10D330003046F3F753FF002840F09F80606901F00A
:10D3400044F810B1421D3A49A1E7354AFBE7394993
:10D350003046F3F743FFB8B9032F606905D005994C
:10D3600000F0D6FF18B9344929E700F28C40028852
:10D3700004996069002300F07DFF08B92F491EE77A
:10D3800000232F4903711AE72E493046F3F726FF91
:10D3900078B90499606900F03DFF014638B16069D1
:10D3A00001F01DF800287FF420AF274907E727493F
:10D3B00005E727493046F3F711FF00285DD1049EA9
:10D3C00024493046F3F70AFF00284AD02249304664
:10D3D000F3F704FF002843D02049F0E60C5102087F
:10D3E00011510208F8500208BA4402081651020806
:10D3F0001D5102083251020838510208B2E10208F8
:10D4000008E602083C510208485102084F51020840
:10D4100054510208645102080A510208705102086E
:10D420008E5102087851020895510208AE51020847
:10D43000C651020800520208DB510208F0510208EE
:10D4400004520208195202082052020830520208FF
:10D45000AF54020840520208485202084F520208D4
:10D460000120009060690123A022294601F056F8AE
:10D4700000287FF47DAE0249A1E602499FE600BF85
:10D48000E84202086F5202082DE9F04F14468DB0B1
:10D490000546884608227A4920461E4614F04BFA73
:10D4A00028B178490822204614F045FA30B9E868D6
:10D4B00003681B6A0DB0BDE8F04F18477249062299
:10D4C000204614F038FA18B9E8680368DB69F1E718
:10D4D0006E490922204614F02EFA28B928686C49B2
:10D4E00003685B689847EFE76A490E22204614F00C
:10D4F00022FA80B9A27B12F0DF020CD1A86803687F
:10D5000040F2DC515B699847634930460DB0BDE895
:10D51000F04F14F072BB61490622204614F00BFA5A
:10D5200040B9A868036840F2DC515B690122984762
:10D530005B49EAE75B490A22204614F0FCF930BB5C
:10D54000286803681B68984780451ED928680368C7
:10D550005B6808F101019847286803681B689847D1
:10D56000014604A808F0C2F99DF810309DF8132078
:10D570004D4903F5FA6302939DF8113001939DF82C
:10D58000123000939DF814302FE04849BDE7484918
:10D590000922204614F0CFF948B9E86869680368A1
:10D5A00032469B6B0431984710BB4249ADE7424974
:10D5B0000522204614F0BFF9E8B9286803681B6803
:10D5C0009847014604A808F091F99DF810309DF89D
:10D5D00013203A4903F5FA6302939DF81130019341
:10D5E0009DF8123000939DF81430304614F0E2F8A4
:10D5F0000DB0BDE8F08F32490522204614F09BF9AA
:10D6000080B9601DFEF7FAFB0446286803681B68B2
:10D610009847844204D92868036821465B689AE7E2
:10D62000284972E728490922204614F084F938B9BC
:10D63000A86803681B6B31460DB0BDE8F04F184772
:10D6400022491022204614F076F9002844D11034E3
:10D650002046F3F7CDFD402828BF40204710224642
:10D66000394604A8FEF798F838B1A868036804A9F9
:10D670005B6B3A469847164947E7164945E700BFAE
:10D68000815202088A5202089652020893520208F6
:10D69000EF9344669D520208AC520208C55202083C
:10D6A000CC520208DD520208E85202081153020867
:10D6B000305302083A53020840530208F852020855
:10D6C000465302084C530208FF4402086D530208F7
:10D6D000BA4402087E53020896490A22204614F0F2
:10D6E0002AF9074600286BD105F11C0304F10A0151
:10D6F00018461C4614F081FA2C23052204A9204662
:10D70000FEF76EF8B0F1000858DD0498394613F0C2
:10D710007BFEB8F1010F834646D00598002113F037
:10D7200073FEB8F1020F814643D0069812F0DCFE7A
:10D73000B8F1030F5FFA80FA3ED0079812F0D4FEDA
:10D74000B8F1040FC4B203D0089812F0CDFE07461A
:10D7500079495846F3F7B8FC80B378495846F3F74F
:10D76000A9FC58B3AAF10503072B27D8631F032B85
:10D7700024D873494846F3F7A7FCF8B171494846E5
:10D78000F3F798FCD0B1002F18DDA8680368CDE945
:10D7900000474A461C6E59465346A0476A493A46D6
:10D7A000304614F007F823E70024A2464FF00009A2
:10D7B000CEE70024A246CBE70024C9E76349A4E6EC
:10D7C00063490922204614F0B6F890B9686810221F
:10D7D00004F10901383001F03BF92846FEF7EEFD6F
:10D7E0006A685C49383230460DB0BDE8F04F13F03E
:10D7F000E1BF59491122204614F09DF828B9A868C4
:10D8000003689B6D984755497FE65549112220468C
:10D8100014F091F828B9A8680368DB6D984751495E
:10D8200073E651490B22204614F085F828B9A86800
:10D8300003685B6D98474D4967E64D4904222046D1
:10D8400014F079F840B933462246414628460DB0D7
:10D85000BDE8F04FFFF7E0B946490422204614F036
:10D860006AF840B933462246414628460DB0BDE825
:10D87000F04FFEF7F5BDB8F1000F0FD13E4920463D
:10D88000F3F7ACFC50B9A86803681B6998473B4A9A
:10D890003B4B3C49002818BF1A46A4E73A490322EB
:10D8A000204614F048F888B9A86803685B68984770
:10D8B0000446A86803689B68984734490346224693
:10D8C00030460DB0BDE8F04F13F074BF304905226B
:10D8D000204614F030F828B9E86803681B699847B7
:10D8E000014612E62B490B22204614F024F8074685
:10D8F000002855D104F10B082C6923682046DB6809
:10D9000098470546BD420FDD236839461B6920460E
:10D9100098474146F3F762FC40B9236839465B6992
:10D9200020469847024618B91B49EEE50137E9E75A
:10D930001A4958E78E5302080000164300401C4560
:10D940000000E0400000FA4399530208B653020871
:10D95000484C0208CC530208DD530208EF5302087A
:10D96000085402081A540208335402083F540208AB
:10D970007E5402088A5402083D5502087852020873
:10D98000BA4402085254020853500208685402086C
:10D99000A44E0208775402087C520208E54E0208A1
:10D9A00082490B22204613F0C6FFF8B905F11C038B
:10D9B00004F10B0118461C4614F01FF92023022223
:10D9C00004A92046FDF70CFF00280ADD0128049970
:10D9D00008D0059A286903689B69984720B1744963
:10D9E00093E57449744AF5E774498EE574490B224E
:10D9F000204613F0A0FF0746002842D1286903689B
:10DA0000DB68984780462046F3F7F2FB0B2804D9E1
:10DA100004F10C00FEF7F2F90746474501DB6949BE
:10DA200073E56949DFF8A4914246304613F0C2FE1F
:10DA30003046F3F7DDFB3418A31B852B05DDB84515
:10DA40001BDD63493A462046CEE62869036839461D
:10DA50001B69984782462869036839465B6998477D
:10DA6000524603464946204613F0A4FE2046F3F7EB
:10DA7000BFFB0137B8450444DED1002304F8013C64
:10DA8000B6E554490622204613F055FF38B9324610
:10DA9000214628460DB0BDE8F04FFFF755BB4E4973
:10DAA0000E22204613F047FF38B96B68012283F835
:10DAB00095202846FEF782FC91E748490F22204630
:10DAC00013F039FF18B96B6883F89500F1E7444902
:10DAD0000B22204613F02FFF38B96B6893F895306E
:10DAE0000BB1404911E540490FE540490922204664
:10DAF00013F021FF30B9A868036801211B6A984719
:10DB00003B4902E53B490822204613F014FF014639
:10DB100028B9A86803681B6A98473749F5E437496C
:10DB20000922204613F007FF28B9A86803685B6A3A
:10DB300098473349E9E4B8F1000F35D13149032260
:10DB4000204613F0F8FE28B9A86803689B6A984736
:10DB50002D49DAE42D490D22204613F0ECFE38B9A8
:10DB6000637B13F0DF0F03D1A86803681B6C62E5C9
:10DB700027490B22204613F0DEFE38B9E37A13F072
:10DB8000DF0F03D1A8680368DB6B54E521490A2243
:10DB9000204613F0D0FE38B9A37A13F0DF0F03D17B
:10DBA000A86803689B6B46E51B49AEE483540208F2
:10DBB0008F540208B2E102087C5202089254020813
:10DBC000A8540208B4540208C2540208CB540208F4
:10DBD000D25402082B510208DE540208ED54020808
:10DBE000FD5402081E550208FD4F0208095502089F
:10DBF00013550208215502082A5502083955020812
:10DC0000435502089D420208515502085855020822
:10DC100066550208725502087D55020830B50D465A
:10DC2000CBB0A5490446284607F0D3FF02A8A24A74
:10DC30000123294607F0B7FF02A808F01CF90028C5
:10DC400000F0388100236168042202A8CDE9003386
:10DC500007F0D3FF61682022043102A807F0CDFF4E
:10DC60000422694602A807F0C8FF6168082228312B
:10DC70000DEB020007F0C1FF6168082230310DEBA7
:10DC8000020007F0BAFF61681022383102A807F0DD
:10DC9000B4FF61680422483102A807F0AEFF616852
:10DCA00001224C3102A807F0A8FF616801224D3122
:10DCB00002A807F0A2FF616801224E3102A807F016
:10DCC0009CFF0122694602A807F097FF61680422C1
:10DCD000503102A807F091FF61680422543102A874
:10DCE00007F08BFF61681022583102A807F085FF0A
:10DCF00061680422683102A807F07FFF04226946A8
:10DD000002A807F07AFF61680122703102A807F0CB
:10DD100074FF61680122713102A807F06EFF61682B
:10DD20000122723102A807F068FF61680122733195
:10DD300002A807F062FF61680422743102A807F0AC
:10DD40005CFF616801227A3102A807F056FF616822
:10DD5000012201F2211102A807F04FFF61680122A0
:10DD600001F5917102A807F048FF0122694602A857
:10DD700007F043FF61680122783102A807F03DFFF8
:10DD8000616801224F3102A807F037FF6168012264
:10DD9000793102A807F031FF616801227B3102A8C6
:10DDA00007F02BFF616802227C3102A807F025FFF3
:10DDB000616801227E3102A807F01FFF616804221A
:10DDC000803102A807F019FF61680122843102A89E
:10DDD00007F013FF61681022853102A807F00DFFDC
:10DDE00061680122953102A807F007FF0322694606
:10DDF00002A807F002FF61680122963102A807F02D
:10DE0000FCFE61680422983102A807F0F6FE616802
:10DE100001229C3102A807F0F0FE61680422A031C3
:10DE200002A807F0EAFE61680422A43102A807F004
:10DE3000E4FE61687822A83102A807F0DEFE61687E
:10DE4000012201F5907102A807F0D7FE6168042253
:10DE500001F5927102A807F0D0FE6168012201F578
:10DE6000947102A807F0C9FE6168012201F229112C
:10DE700002A807F0C2FE6168202201F5957102A890
:10DE800007F0BBFE6168402201F5A57102A807F00A
:10DE9000B4FE6168402201F5C57102A807F0ADFE2D
:10DEA0006168022201F5E57102A807F0A6FE02A84A
:10DEB00007F099FF4BB030BD8D55020838B50C46C0
:10DEC00005461049204607F078FE30B12146284625
:10DED0000C4ABDE83840FDF79FBF0B49204607F0CC
:10DEE0006CFE70B121462846074AFDF795FF214692
:10DEF0002846FFF793FE20460349BDE8384007F067
:10DF000068BE38BD8D5502089855020870B50546A3
:10DF1000D2B00B46164610494268684613F04AFCD8
:10DF20002868694607F049FE044690B12968002335
:10DF30006A460AA807F037FE0AA807F09CFF0446C5
:10DF400038B10AA93046FCF72BFD04460AA807F0B1
:10DF50004AFF204652B070BDA455020830B50446B1
:10DF6000D3B00B4615460F494268684613F022FCB1
:10DF70002068694607F02DFE216801236A460AA839
:10DF800007F011FE0AA807F076FF044630B10AA98F
:10DF90002846FCF71CFD0AA807F025FF204653B0D1
:10DFA00030BD00BFA455020800207047836910B53A
:10DFB00044695A1CA24208D204698261E154026990
:10DFC00083690021D154012010BD0020FCE7F8B581
:10DFD00005460F4616460024B44201D12046F8BD3E
:10DFE0002B68395D1B68284698470028F6D0013415
:10DFF000F2E7002070474FF0FF3070474FF0FF30DE
:10E000007047704710B500230122C0E90123044680
:10E010000160C0F88C3480F89034034900F29140DC
:10E0200013F0EBFD204610BD0A510208A0F12303B6
:10E03000DBB2162B04D8064A42FA03F3DB0704D5F9
:10E04000402894BF0020012070470120704700BF86
:10E05000FC1B80FFF0B5434B0D46002A14BF16464B
:10E060001E46E9B004463146284607F0A6FD18B919
:10E070000026304669B0F0BD32460023294620A86C
:10E0800007F091FD20A807F0F6FE06460028EFD025
:10E0900000230127C4E901730322694620A807F081
:10E0A00068FE032803D020A807F09DFEE1E70222C6
:10E0B00004F1080120A807F05CFE02280246F2D114
:10E0C000A11D20A807F055FE02280546EBD13A46CF
:10E0D00004F5926120A807F04CFE0128E3D12A46FE
:10E0E000211D20A807F045FE0228DCD124276589E0
:10E0F0001F2DD8D87D4305F10C010222214420A810
:10E1000007F037FE02280246CDD105F10E01214469
:10E1100020A807F02EFE0228C5D105F111011F220B
:10E12000214420A807F025FE1F28BCD105F11001CD
:10E130000122214420A807F01CFE0128B3D180222F
:10E1400069460DEB020007F014FE8028ABD1254490
:10E15000A288AB899A429CBF0133A38063890133B3
:10E160006381C4E7AD55020870B50C46497924298E
:10E1700088B00546164606D12188006808B0BDE87B
:10E18000704000F0C3BB232904F1050207D13346D8
:10E190002868218800F01FFC012008B070BD2323EF
:10E1A00011460DF101008DF8003013F026FD3346C5
:10E1B0006A46EDE72DE9F04F054691B00F469046CF
:10E1C00000F10C064FF000096B894B4505DC4FF060
:10E1D000000A504611B0BDE8F08F347918EA040403
:10E1E000B24608D104236A4631462846FFF7BCFFF1
:10E1F00083465C4503DB09F101092436E4E739462F
:10E200000DEB041000F0AAFBFB888342E1D001343F
:10E21000EFE700002DE9F0410D4606461449284677
:10E22000F2F7DCFF18B906F28C40BDE8F0812B78DC
:10E23000B6F80A80232B08BF013506F11207002427
:10E24000444501DB0020F0E717F8013C232B394659
:10E25000284618BF07F1FF31F2F7C0FF243720B975
:10E26000242303FB04600C30DFE70134E8E700BF40
:10E270000A5102082DE9F8438846054617461E460E
:10E28000013911F8019FB9F1000F0AD14146284622
:10E29000FFF7C0FF044668B10388BB4235D0478012
:10E2A00005E04846FFF7C2FE04460028E9D12046B3
:10E2B000BDE8F8836889C6B1431C6B8124234343BE
:10E2C00003F10C042B4401222C441A7424235843D8
:10E2D00005EB00091130A9F80C601F2241462844C3
:10E2E00000F0B6FBA9F80E70E1E71F28DFD8431C49
:10E2F0006B812423434303F10C042B4401221A7441
:10E30000AE88B3182C44AB80E0E74C46CFE7000062
:10E310002DE9F0470D4604461B492846F2F75EFFFB
:10E3200020B904F28C442046BDE8F0872B78B4F87D
:10E330000AA0232B4FF0000708BF013504F10C069B
:10E34000B846BA4501DC4446EDE77379232B14BF88
:10E3500006F1050906F10609494628463446F2F752
:10E360003DFF0028DFD02846F2F742FF494602462B
:10E37000284613F0E0FA00280CBF34464446013723
:10E380002436A046DDE700BF0A510208F0B541B1CE
:10E3900044890023242500F10C06A34204DB00205D
:10E3A00001E000F28C40F0BD05FB03F2B75A8F424A
:10E3B00002D10C321044F6E70133EEE7C188FFF7D3
:10E3C000E5BF01B10988C1807047018909B1FFF734
:10E3D000DDBF0846704701B1098801817047F8B573
:10E3E0000B8863B14189002200F10E04242591427B
:10E3F00007DC002400F10C022426A14208DC0020E6
:10E400001DE005FB02F6A65B9E42F8D00132EEE766
:10E4100006FB04F5575B9F4201D00134EDE74B1E2C
:10E420009BB21A1B05F1300172430C354381014444
:10E430009C42C8BF0022284413F08DFA0120F8BD89
:10E440002DE9F8430546884614461E4600274745F1
:10E450001DDB21796379208811F0010F04F1050299
:10E46000E9881AD0232B194F194B08BFA21D8842E7
:10E4700018BF3B46174930460FF07FF905F10C07EE
:10E480004FF000096B894B4511DCBDE8F883202172
:10E4900030460FF049F90137D9E7232B0B4F0C4BCE
:10E4A00008BFA21D884218BF3B460B49E3E77A88A4
:10E4B00023889A4206D133463A4608F1010128469C
:10E4C000FFF7BEFF09F101092437DBE7B2E10208DB
:10E4D000B7550208DDE30208B95502080B4600F201
:10E4E0008C420021FFF7ACBF10B588B091B172B17A
:10E4F00000234FF47A74CDE90512CDE902340B7094
:10E50000054C019401A90793FFF7E8FF079A10460D
:10E5100008B010BD0A46FAE7CC5502082DE9F74FBE
:10E5200098469DF830A090F89034009207460D462A
:10E5300008EA0303BAF1000F02D01BB92C4607E02A
:10E54000002BFBD12C462A2304F8023B2C236B70B2
:10E5500007F112064FF000094FF02C0B7A894A455B
:10E5600009DCAC4288BF04F1FF340023601B237038
:10E5700003B0BDE8F08F16F8022C314608EA02021B
:10E58000BAF1000F04D02AB909F101092436E5E7F0
:10E59000002AF9D116F8012C232A18BF06F1FF3101
:10E5A00008460191F2F724FE0246601B009B019988
:10E5B000104402309842E7DA2046019213F025FB1E
:10E5C000019A144404F801BBDEE70000F0B53B4BB0
:10E5D0000D46002A14BF16461E46E9B031460446D1
:10E5E000284607F0F6FA32460123294620A807F00C
:10E5F000DAFA20A807F03FFC064670B1802200211D
:10E60000684613F0C2F90322694620A807F0F5FA1C
:10E61000032805D020A807F0E6FB304669B0F0BD1E
:10E62000022204F1080120A807F0E7FA02280246B6
:10E63000F0D1A11D20A807F0E0FA02280546E9D193
:10E64000012204F5926120A807F0D7FA0128E1D150
:10E650002A46211D20A807F0D0FA0228DAD104F1B9
:10E66000100500276389BB42D4DD0222291F20A8A0
:10E6700007F0C3FA02280246CCD1A91E20A807F051
:10E68000BCFA0228C6D11F22691C20A807F0B5FADF
:10E690001F28BFD10122294620A807F0AEFA012881
:10E6A000B8D1802269460DEB020007F0A6FA802857
:10E6B00005F12405AED10137D4E700BFAD550208FE
:10E6C000806A704740697047836953F8210070473A
:10E6D0006FF06043994270B534BF8E004FF0FF3643
:10E6E000044630460D46F7F7F2F820602846F7F763
:10E6F000EEF860603046F7F7EAF80023C4E9020557
:10E700002361204670BD4B1C30B5024605690DD013
:10E7100000231846AB4200DB30BD946854F8234018
:10E72000641A002CD8BF01300133F3E72846F3E721
:10E730001830FFF7E8BF70B5024604694FF0FF33A9
:10E740000020FF2584420ADC002B26DB1168013CF7
:10E7500051F823001461116999420EDC70BD96686E
:10E7600056F82060761A002E05DC5668365CAE42FC
:10E770003CBF034635460130E4E799001468043194
:10E78000655844F823505468E5186D78E55494684A
:10E79000615844F823100133DDE70020DEE718302C
:10E7A000FFF7C9BF2C30FFF7C6BF02698A4230B5F8
:10E7B000034618DD0068013A50F821001A611A6911
:10E7C0008A4200DC30BD8A001C680432A55844F837
:10E7D00021505C6865186D7865549C68A25844F8AF
:10E7E00021200131EBE70020ECE700210430FFF7A6
:10E7F000DCBF1830FFF7D9BF30B5D0E90354AC42C5
:10E800000CD0056845F8241041680A5502698168F2
:10E8100041F8223001320261012030BD0020FCE7C6
:10E8200000231A460430FFF7E7BF70B504461830DE
:10E830000D46FFF7E1FF30B92368294620465B68A3
:10E84000BDE87040184770BD70B5134604460022FD
:10E850002C300D46FFF7D0FF30B9236829462046FB
:10E860005B68BDE87040184770BD00002DE9F041BD
:10E870000646134B46F8043B04460D463046FFF768
:10E8800027FF294604F11800FFF722FF294604F16B
:10E890002C00FFF71DFF0027AF4202DB2046BDE83A
:10E8A000F0814FF48270F7F710F88046FCF7ABFE6A
:10E8B00000231A4641463046FFF79EFF0137EBE73B
:10E8C000F8550208431E0F3013F8012F1AB983427E
:10E8D000FAD10120704700207047F0B5D0F82051E0
:10E8E0000F2D044611DCAB1C20F8151000EB0313B0
:10E8F00002F11007106851681E4603C60832BA427A
:10E900003346F7D10135C4F82051F0BD2DE9F04769
:10E91000064600258E46284606F12008D6F8201126
:10E92000A94201DD984201DBBDE8F08736F81510F9
:10E93000714511D108EB051C00F1010902EB00142F
:10E940000CF1100A674603CF574520606160BC4652
:10E9500004F10804F6D148460135DFE730B5A3B02D
:10E96000054604A80C4605F0A7FF10220DEB020097
:10E97000294606F008F923780122C3F383030DF139
:10E980000D0104A88DF80D3006F07EF8628804F1C0
:10E990004A0104A806F078F80223102200932946C1
:10E9A0000DF10E030DEB020006F005F9BDF80E3077
:10E9B00053B90123ADF80E3004A8BDF80E4005F0A0
:10E9C00061FF204623B030BD4FF6FF729342F3D172
:10E9D0004FF6FE73EEE72DE9F0419846D0F820316E
:10E9E0009EB005460E4617460024A34218DC684632
:10E9F00005F062FF3846F2F7FBFB394602466846EF
:10EA000006F042F841466846102206F06FF82846A4
:10EA100042463146FFF761FF684605F033FF12E0DA
:10EA200035F81420B24211D1023405EB04144246E9
:10EA300004F11003254603CD9D42106051602C4621
:10EA400002F10802F6D11EB0BDE8F0810134CCE736
:10EA500001390244131A012B02D8002303707047B6
:10EA600011F8013F002BF8D000F8013BF2E7013824
:10EA700010F8013F0BB901207047202BF8D000207F
:10EA80007047000070B500210646F2F7FFFA374CD8
:10EA9000054640B1302323702E22A37000236270FC
:10EAA000E370324870BDC6F3C7537F3B1E2B99B24B
:10EAB00057DC13F1170F54DBC6F31602162B42F482
:10EAC000000216DD173902FA01F0002E40DB0A229F
:10EAD00021460FF06DF8237822460134002BFAD13D
:10EAE0002E231370EDB93021931C517000221A703F
:10EAF000D7E7002B08DBC1F11700013142FA00F023
:10EB00008A4022F07F45E0E7DB43002E42FA03F51E
:10EB10004FF0300320DA63702D222E232270A37071
:10EB20000334E11D23460A2045432A16303203F8F8
:10EB3000012B8B4225F07F45F6D106342278302A0E
:10EB4000234603D114F8012D2E2AF7D10133CDE746
:10EB50002D2304F8013BBAE723702E23637002349F
:10EB6000DFE730232370002363709AE74C320020E4
:10EB700037B520490546F2F7F5F800210446284646
:10EB8000F2F7A2FA70B34FF07C512046F1F7E2FFA2
:10EB9000F2F7C4FA4FF47A7290FBF2F302FB13001F
:10EBA0000028154C154AB8BF40421021009020465D
:10EBB00012F0CCFD2046F2F71BFB0021431E20443F
:10EBC000002B03DD10F8012C302A0ED00A48F2F792
:10EBD0000FFB0138235C2E2B04BF0023235406486F
:10EBE00003B030BD4FF03F41CFE700F8011D013BBE
:10EBF000E6E700BF00007A443C32002024560208B9
:10EC0000024A137843F01003137070475C320020FF
:10EC100038B5044640680A490368D3F8B0309847CD
:10EC2000084BA06800251D7003681B6B98470128DE
:10EC300001D1FFF7E5FFA561A583256238BD00BFBF
:10EC400001EC00085C320020838B41833F2B82BFA4
:10EC50000023838303627047034B187800F0EF00B2
:10EC6000431E5842584170475C3200202DE9F04164
:10EC7000174E347814F0100405460F46904616D00F
:10EC8000406803680121DB6E9847041E0DDD68684B
:10EC900044450368A8BF44461B6B22463946984743
:10ECA00090B16B6901336B610024002333703378BA
:10ECB000012B06D0686803689B69984708B901234F
:10ECC00033702046BDE8F081EB680133EB60ECE780
:10ECD0005C320020406808B50368DB6F98474FF44A
:10ECE0007A73B0FBF3F008BD10B5044640680368C2
:10ECF0009B6A9847A06803689B699847014B00226C
:10ED00001A7010BD5C32002040680368D3F89C3054
:10ED10001847000070B5094E3378DB0604460CD462
:10ED20000368DB6B9847054638B9236820461B6C9F
:10ED3000984735702583A583256270BD5C3200201D
:10ED400010B5174B1A78838B012A044617D13F2B35
:10ED500017D80368DB6B984780B9236820469B6C03
:10ED60009847F2F7DBF9B4F918300D33984205DC17
:10ED7000A38B0133A383236A0344236210BD3F2B7B
:10ED8000FCD9236A002BF9D0B8BF3F3343F38F136C
:10ED90006FF077029342B8BF134623830023ECE75A
:10EDA0005C32002006490B78024613F0100005D0B3
:10EDB00000230B701369013313610120704700BFFA
:10EDC0005C3200200739234B2DE9F04153F82180B4
:10EDD0000446014640461546F2F780F9C0BB284676
:10EDE000F1F700FB1C4B0022F1F766FB02460B46D5
:10EDF00000201A49F1F7A8F906460F462046414679
:10EE0000F1F7A6FEF1F700FB154B0022F1F77EFCAF
:10EE100002460B4630463946F1F74EFB0F4B0022B7
:10EE200004460D46F1F7BAFD60B1002200232046EA
:10EE30002946F1F7D1FD40B120462946F1F734FECD
:10EE4000BDE8F081054D0024F6E700240025F3E736
:10EE50000020F5E72C5602080000703F0000F03F4C
:10EE600000002440406808B503681B699847024BBE
:10EE700000221A7008BD00BF5C320020F8B50446BD
:10EE8000806803685B690D461646984760680368AA
:10EE900032465F6A29460023B84720B9064B032251
:10EEA0001A700120F8BD2046FFF7DCFFA068036858
:10EEB0009B6998470020F5E75C320020406808B560
:10EEC00003689B69984710B9014B01221A7008BD6D
:10EED0005C32002038B5B0F91A30054673B10368CA
:10EEE000DB6C9847064B0446002228461A70FFF751
:10EEF000E5FF14F10F0018BF012038BD1846FCE7EC
:10EF00005C3200200846114606291A4601DDFFF74B
:10EF100059BF00207047002070470000F0B51D4F1A
:10EF20001D4CD7F8E03585B0002200921B4A04EA58
:10EF3000832303EBC12307CA01AD85E80700D7F897
:10EF4000E02504EA822203F1FF6602F1FF6106F583
:10EF5000F02601F5F021B14218D802F10062013A21
:10EF6000B24213D3A3F50043DB0A0293F3F70AF886
:10EF700069462846F3F798F80446F3F715F8002C8D
:10EF800014BF6FF00400002005B0F0BD6FF0150055
:10EF9000FAE700BF0070FF1F00FCFF03E43902081E
:10EFA0002DE9F047204E214FD6F8E04507EA8424AA
:10EFB00004F1FF6404F5F02414441D4604EBC1245D
:10EFC000F2F7E0FF804678B9089B23F0070303EBD4
:10EFD00004096FF0784AA1450AD1F2F7E5FF40EA4B
:10EFE000080010F0FF0001D06FF00400BDE8F087CA
:10EFF000D6F8E03507EA832303F1FF6202F5F02239
:10F00000A24202D85344A34204D2F2F7CDFF6FF0DC
:10F010001500EBE72146F5E802230120F2F7FEFF99
:10F0200008348046D7E700BF0070FF1F00FCFF03D5
:10F0300038B518461546049A8BB182B1094B0A4C73
:10F04000D3F8E03504EA83242C4404F1FF6404F58A
:10F05000F02404EBC12112F0D8FD002038BD6FF080
:10F060001500FBE70070FF1F00FCFF0310B5034B0A
:10F070000360044606F047FD204610BD4C560208CA
:10F0800010B50446FFF7F2FF20465021F6F721FCA9
:10F09000204610BD10B50449044606F03DFD034B63
:10F0A0002360204610BD00BF240100204C560208FA
:10F0B00013B500238DF807309DF80730044603F0A0
:10F0C000FF014BB1204606F04AFD0021204602B068
:10F0D000BDE8104006F032BD06F030FD0028F1D04A
:10F0E00002B010BD0148FFF7D5BF00BF603200205D
:10F0F00008B50248FFF7BAFF08BD00BF6032002024
:10F10000028BC08A101A7047C28A018B914288BF55
:10F110000169034683BF885C0132DA824FF0FF3019
:10F120007047028BC38A9A4286BF0269D05C4FF057
:10F13000FF30704770B54FF47A730E460021C0E976
:10F140000113034615462B4A43F8C42B0446C0F866
:10F15000C4109C22C3E90111C0E93411C0E9361181
:10F16000C0F8E010283012F010FCF3B22A2B19D8A6
:10F17000214A52F8233006F4E0661E43EBB22A2BF4
:10F18000C4F8846022D81C4A52F8233005F4E065A4
:10F190001D430023C4F88850E36123842361A382C4
:10F1A000204670BD06F0C002C02A0CD1CB2B0AD875
:10F1B000124B06F03F0206F4E06653F822200E4B95
:10F1C00053F82230D9E74FF0FF36D7E705F0C002F9
:10F1D000C02A0CD1CB2B0AD8084B05F03F0205F40E
:10F1E000E06553F82220044B53F82230D0E74FF06B
:10F1F000FF35CEE75C560208583F0208283F020858
:10F2000038B50446283000F0A9F8E06918B111F0CB
:10F2100077F90023E36120690025258410B111F0FE
:10F220006FF92561A58238BD38B50546074B45F80D
:10F23000D43B0446FFF7E4FF2846F6F756F804F1FE
:10F24000C400F6F752F8204638BD00BF5C560208ED
:10F25000B1F5806F70B505460C4610D8038C994205
:10F260000AD920290E4638BF2026C069314611F040
:10F2700069FA18B1E8612E84204670BDFEE70024CB
:10F28000FAE713B590F824308DF8071004467BB1E7
:10F29000418C0131FFF7DCFF40B1638CE2699DF8DE
:10F2A0000710D154638C01336384012002B010BD78
:10F2B00001220DF10701283000F0A0F8B0FA80F02B
:10F2C0004009F3E770B590F8243004460E46154621
:10F2D00093B1418C1144FFF7BBFF10B900252846BC
:10F2E00070BD638CE0692A461844314612F08DFCEB
:10F2F000638C2B446384F2E792B2283000F07EF8EE
:10F300000028EBD1EBE70346006918B19A8A002187
:10F3100012F03BBB70470346C06918B11A8C00213C
:10F3200012F033BB704738B504460025C58205830B
:10F33000FFF7E9FF65842046FFF7EDFF38BD0000C9
:10F3400002480922C021FFF7F5BE00BFB0320020FD
:10F350000148FFF769BF00BFB032002010B5044676
:10F3600090F96400F2F7BEFC94F96500F2F7BAFC7C
:10F37000201DF3F735F8206E0321F6F7F9FEE06D56
:10F380000321F6F7F5FE2368194A93420ED14FF098
:10F39000B0439A6B42F400129A639A6B22F4001203
:10F3A0009A639A6D22F400129A6510BD114A934235
:10F3B0000DD14FF0B0439A6B42F480029A639A6B7E
:10F3C00022F480029A639A6D22F48002ECE70A4AE2
:10F3D0009342EAD14FF0B0439A6B42F400029A6331
:10F3E0009A6B22F400029A639A6D22F40002DBE722
:10F3F0000054004000580040005C0040202A30B516
:10F4000014D800239CB2A24207D890F89430134439
:10F41000DBB280F89430002030BD90F89440CD5C91
:10F420001C440444013384F87450EBE70120F3E7F3
:10F4300070B590F89130012B04460E46A0F10405FA
:10F4400009D1436E3BB1836E28469847022384F866
:10F45000913000236366012E4FF0000312D1E26E5B
:10F4600084F891301AB184F890302846904794F887
:10F47000902004F1700120464FF00073BDE8704009
:10F48000F2F7C8BF0122636684F89120616E74317F
:10F49000294420464FF08073BDE87040F3F71CB854
:10F4A00010B590F89130012B044604D1436E13B18E
:10F4B000836E04389847022384F8913000236366F2
:10F4C0002046BDE81040F3F769B8436E1F2BDEBF3E
:10F4D000436E0133436690F89130012BDAB206D1C6
:10F4E000416E70314FF080730144F2F7F5BF704701
:10F4F000002380F89030704790F892300BB9F3F702
:10F500004DB87047014B1868F3F75CB8943300208E
:10F51000014B1868F3F751BB94330020014B586836
:10F52000F3F750B894330020014B5868F3F745BB0C
:10F5300094330020014B9868F3F744B894330020CB
:10F54000014B9868F3F739BB943300202DE9F04163
:10F55000104D2F4604468C4690469E46061D0FCF02
:10F560000FC697E80700069B86E807001C35A362D4
:10F57000079BE3620FCD04F13006C4E9088E0FC685
:10F580002B683360002363642046C4F800C0BDE8E4
:10F59000F08100BFF039020810B504460068036826
:10F5A0005B6C98472068216A036882689B6898476B
:10F5B0002068216A03680269DB68BDE810401847CB
:10F5C000006803689B6C18472DE9F0410D46194609
:10F5D000037C0446407CADF5007DDE08082B5FFA15
:10F5E00085FC06EBD0066389879FD0B295BF40EAC1
:10F5F0000C004CEA122C8DF800008DF8010092BF2F
:10F600000DF101008DF800C00DF10200AB423E4447
:10F610003A462CD112F0F9FA206803685B6B9847E0
:10F620002068216A0368C268DB689847206803681D
:10F630003246D3F83880694640ABC0472068216A1B
:10F6400003680269DB68984720680368DB6B9847AA
:10F650002389AB4207D1217C869840AB3A4603EB25
:10F66000D10112F0D2FA0DF5007DBDE8F081A1893B
:10F6700012F08BF9D0E72DE9F04FADF5017D04468E
:10F680008C9F9DF834A21646D5199946002B55D06B
:10F69000684612F0BAFA8A993A460DEB060012F063
:10F6A000B4FA20680368BAF1000F05D0E26A0132AB
:10F6B00054D1DB6932219847206803685B6B984717
:10F6C0002068216A0368C268DB689847206803687D
:10F6D0000DF58078D3F838B02A4643466946D847B6
:10F6E0002068216A03680269DB689847206803681C
:10F6F000DB6B9847BAF1000F07D0E26A206801324D
:10F70000036845D1DB6901219847656935B1002F50
:10F710005CD0E37C18F80300A8470546B9F1000F58
:10F7200007D1A37C8B9806EBD3013A46414412F0F3
:10F730006CFA28460DF5017DBDE8F08F837C6846A4
:10F740004FEAD30805EBD30512F05FFAA18908EB65
:10F7500007020DEB060012F018F9A2E75B6A984762
:10F7600080462068E16A03681B6998470028A3D097
:10F77000206803685B6D9847206803685B6A984758
:10F78000E369A0EB08009842EBD36FF43075D0E743
:10F790001B6A01219847206803685B6A9847054601
:10F7A0002068E16A03681B6998470028ADD020688B
:10F7B00003685B6D9847206803685B6A9847E36954
:10F7C000401B9842ECD36FF43075A7E73D46A5E7A0
:10F7D000F0B51E46037987B005460F463BB9CDE923
:10F7E00000620A460189FFF7EFFE07B0F0BD90F90D
:10F7F000114090F811C0002CB8BF0734E410013C50
:10F8000064B204ABE0001946002C12DA2C7CE40848
:10F81000601E40B2B0F1FF3F15D10123CDE90223B4
:10F8200000230196009304EBDC022846FFF723FF38
:10F83000DBE7B5F808E0013C4EFA00FE03F801EB07
:10F8400064B20838E0E74FEAC00E27FA0EFE03F86C
:10F8500001EB0138DDE7F0B589B000238DF81730F2
:10F86000037904460A465BB9012101910DF11701A4
:10F8700000910189FFF7A8FE9DF8170009B0F0BDBF
:10F8800090F91130467C002BB8BF0733DB10013BE9
:10F890005BB206A8DD000146002B13DA257CED08DB
:10F8A0006B1E5BB25F1C15D10123CDE902330DF154
:10F8B000170301930023009305EBD6022046FFF7C0
:10F8C000DAFED9E72789013B2F4100F8017B5BB2C3
:10F8D000083DE1E7DF0022FA07F700F8017B013B72
:10F8E000DFE7F0B516461A46037987B005460F469E
:10F8F00043B9CDE900320A4633464189FFF764FE39
:10F9000007B0F0BD90F9114090F811C0002CB8BFBD
:10F910000734E410013C64B204ABE0001946002C4B
:10F9200012DA2C7CE408601E40B2B0F1FF3F15D122
:10F930000123CDE902230022CDE90062284604EB31
:10F94000DC02FFF798FEDBE7B5F80AE0013C4EFA6F
:10F9500000FE03F801EB64B20838E0E74FEAC00E9E
:10F9600027FA0EFE03F801EB0138DDE7F0B5037965
:10F9700089B004460D468DF8172053B90122CDE910
:10F9800000320A460DF117034189FFF71DFE09B049
:10F99000F0BD90F91130467C002BB8BF0733DB1067
:10F9A000013B5BB206A8DA000146002B13DA227C89
:10F9B000D208531E5BB25F1C15D1002001230190B9
:10F9C0000DF117000090CDE9023302EBD60220467C
:10F9D000FFF751FEDBE76789013B174100F8017B28
:10F9E0005BB2083AE1E7DF0025FA07F700F8017B90
:10F9F000013BDFE72DE9F0479DF820A09DF8287036
:10FA00009DF82C901C4643EA0A03072B05460E4638
:10FA1000904642D8544540D3FFF71DFF631CFF2298
:10FA2000DBB2CAF1080A02FA03F342FA0AF21343FC
:10FA3000DB43DBB280EA0802134205D1B9F1000FC3
:10FA400002D10020BDE8F08720EA030403EA08039E
:10FA50001C43E4B2224631462846FFF787FF286858
:10FA600003689B6A98479DF824804FF47A73814617
:10FA700003FB08F8286803689B6A9847A0EB090312
:10FA8000434502D36FF00F00DCE731462846FFF70D
:10FA9000E2FE60400742EDD1D3E76FF00A00D1E704
:10FAA0007FB59DF824600396089E9DF82850CDE907
:10FAB0000136002300930446FFF7DDFD38B935B168
:10FAC000A36923B1204604B0BDE87040184704B0D4
:10FAD00070BDF0B590F9114090F811C0002CB8BF7E
:10FAE0000734E41087B0013C64B205AD0F46E60070
:10FAF0002946002C0DDA9DF8344002949DF83040E0
:10FB0000CDE9003413464FEADC02FFF7C9FF07B026
:10FB1000F0BD47FA06FE013C05F801EB64B2083E71
:10FB2000E7E77FB59DF824600396089E02960026BD
:10FB3000CDE9003601239DF828500446FFF79BFDD0
:10FB400038B935B1A36923B1204604B0BDE870408F
:10FB5000184704B070BDF0B590F9114090F811C08D
:10FB6000002CB8BF0734E41087B0013C64B205AD87
:10FB70000F46E6002946002C0DDA9DF83440029429
:10FB80009DF83040CDE9003413464FEADC02FFF720
:10FB9000C8FF07B0F0BD47FA06FE013C05F801EBCF
:10FBA00064B2083EE7E770B586B000238DF81330E5
:10FBB00090F91130427C002BB8BF0733DB10013BBA
:10FBC00004465BB205A8DD000146002B16DA0123CE
:10FBD000CDE902330DF11303019300230093D20802
:10FBE0002046FFF748FD054628B963691BB19DF81B
:10FBF00013009847E080284606B070BDE689013BB7
:10FC00002E4100F8016B5BB2083DDEE770B50B4694
:10FC1000054601F11404303053F8046B40F8046BCE
:10FC2000A342F9D16A640E1F01F11004286856F846
:10FC3000041F036882689B689847A642F6D170BD8E
:10FC4000406C18B970478B4204D018300378002BF1
:10FC5000F9D118467047F8B50546FFF7F1FF88B1AE
:10FC6000041D05F12C0605F1400756F8041F002974
:10FC700004DB286822680368DB689847BE4204F109
:10FC80000404F2D1F8BD00000648074B074A1B6880
:10FC9000B3FBF2F310B544684B434268121B934226
:10FCA000FBDC10BD001000E04000002040420F00CF
:10FCB000CBB22A2B09D80F4A52F8233001F4E06066
:10FCC0001843431C18BF0846704701F0C002C02A01
:10FCD0000CD1CB2B0AD8084B01F03F0201F4E060B5
:10FCE00053F82220034B53F82230E9E74FF0FF305E
:10FCF000704700BF583F0208283F0208704790F83D
:10FD0000282008B512B103681B6B9847BDE808406E
:10FD1000F6F77AB8C0690EF0A1BBC0690EF0D0BB8F
:10FD2000F8B507460C465D1E8E18B44200D1F8BDEA
:10FD300014F8011BF86900220EF0C4FB05F8010F4E
:10FD4000F3E70DF034BF4B1C084603D00021C0B2CE
:10FD50000DF052BE7047084611461A46431C02D0A9
:10FD6000C0B20DF0C9BD7047C0690EF0A8BBD0E9A4
:10FD70000812C0690EF082BB084611461A46431CA1
:10FD800001D00EF0D7B8002070470EF03DB90EF04C
:10FD900039B908460EF03AB94B1C084601D00DF0AF
:10FDA0006DBE70471FB5084611461A46431C13D056
:10FDB0000024CDE90044CDE9024421B1074B03936F
:10FDC000074B0091029369460DF08AFE029B1BB11E
:10FDD000694603220846984704B010BD895E0008B2
:10FDE000695E00084B1C084601D00EF065B8002083
:10FDF00070470846431C114601D00EF023B87047E7
:10FE00000846431C114601D00DF0B2BF704710B533
:10FE10002C210446F5F75DFD204610BD90F8282002
:10FE200012B103681B6C18477047000070B586B0AC
:10FE300004AD85E80C0004230322CDE90132012240
:10FE400000230E4600921946044603F07DFE95E815
:10FE50000300064B236004F12003E66183E80300FE
:10FE60000023204684F8283006B070BD885602086A
:10FE70000368D3F8DC3018470368D3F8E03018473C
:10FE800070472DE9F04385B00F464FF0000801237D
:10FE90000DF10F0240F6E70106468DF80F8002F0E3
:10FEA000B4FA0446002855D133683046D3F8D83028
:10FEB000984704218146FFF7C3FE032105464846C3
:10FEC000FFF7BEFE28B165B90E2F47DD6FF00C04B9
:10FED00040E017F1090FF9DB002DF7D007F1090316
:10FEE00003E00E2FFBB20EDD0933DBB21F2BEDD882
:10FEF00001250723224600950421304602F066FAC8
:10FF0000042304460DE01133DBB21F2BDED801229F
:10FF1000234600920421304602F058FA4546044632
:10FF2000032386F85831ACB92946304601F0E7FA88
:10FF3000044678B90422F9B2304602F0FCFA0446CD
:10FF400040B901230DF10F0240F6E701304602F0FF
:10FF500055FA0446204605B0BDE8F08307F11103C9
:10FF6000DBB21F2BB2D80122234600920421304677
:10FF700002F02CFA03230446D3E7000010B502F088
:10FF800098FA044605480EF000FD04480EF0F1FC16
:10FF900010B102480EF0F3FC204610BDE4380020FA
:10FFA00010B5044603480EF0EDFC2368BDE8104090
:10FFB000184700BFE438002001480EF0C9BC00BF5C
:10FFC000E438002010B54FF4DE710446F5F781FCEB
:10FFD000204610BDF0B587B004469DF844E09DF87A
:10FFE00030509DF834609DF93870BDF83CC0CDF8B4
:10FFF00014E0DDF840E0CDF810E0CDE9027CCDE979
:020000040801F1
:10000000005600F030F9014628B9204607B0BDE897
:10001000F04003F08FBA07B0F0BD012A02D10160B1
:1000200000207047022A05D0032AF9D0002AF7D110
:100030000260F5E70B680360F2E700001FB50023DC
:10004000CDE90013084B03930848094B0293694616
:100050000EF044FC029B1BB16946032208469847F8
:1000600005B05DF804FB00BFA1FF0008E4380020E4
:100070001B000108F0B587B004469DF93450BDF867
:1000800038609DF840700497CDE901560F9F0C9D94
:100090000397009500F021F9014628B9204607B0E2
:1000A000BDE8F04003F046BA07B0F0BD10B5044615
:1000B00000F088F9014B2360204610BDF05602087D
:1000C0007047000008B5A1F12B030846032B16D892
:1000D000DFE803F00A0206110B480EF08DFC08BDA4
:1000E00009480EF055FCFAE707480EF067FC80F06F
:1000F0000100C0B2F3E704480EF077FCF7E7BDE873
:1001000008400DF0D9BE00BFE43800200846A0F139
:100110002B03032B114601D90DF02ABE704710B5F1
:100120002C210446F5F7D5FB204610BD08462D28A6
:10013000114604D82B2810D809D00DF083BE2E28E4
:10014000FBD1B2FA82F1054849090EF041BCB2FA7E
:1001500082F1024849090EF023BC7047E4380020C0
:1001600037B504462C20F5F7B0FB0A4B0A49054683
:100170000CCBFFF75BFE094B2B602C222E23CDE925
:10018000003229462D232B222046FFF7DFF9204697
:1001900003B030BD58580208E4380020F857020870
:1001A0004AB116290B466FF00800A8BF16238342F8
:1001B000B8BF034613700931C9B21F298CBF6FF055
:1001C0000C0000207047000010B5012986B006D051
:1001D00002292BD0C9B16FF0130006B010BD002268
:1001E00003680592194A04924FF0080C0A22CDE9DF
:1001F000022C4FF0120E0722CDE9002E1449D3F83D
:10020000F040144A0923A047E7E7104A0368039225
:1002100010240A22CDE901240F4A04910092D3F858
:10022000F4400E4A0E4B0A49A047D6E70023026865
:100230000393064B02930A210123CDE900310449BF
:10024000D2F8FC400622A047C7E700BFCDCCCC3F88
:100250000000D9430000FA4233331C439A99994075
:100260000000A04070472DE9F34198469DF83430D6
:1002700001930C9B00930E461746BDF82C309DF859
:1002800024209DF820109DF92850044601F0FEFA24
:1002900000BB23684146D3F8E83020469847C8B9E8
:1002A00023683946D3F8E4302046984790B923684C
:1002B0003146DB6B2046984760B90121204601F0AA
:1002C0001EF938B923685B6D2946204602B0BDE8A7
:1002D000F041184702B0BDE8F081F0B585B00E4698
:1002E0009DF83870029711460D9F01971A46BDF888
:1002F000303000930A9B9DF92C50044601F01CFB02
:1003000090B923683146DB6B2046984760B90121DC
:10031000204601F0F4F838B923685B6D2946204681
:1003200005B0BDE8F040184705B0F0BD70B50E4609
:100330001D4611469DF81430049A044601F070FBE6
:1003400088B923683146DB6B2046984758B90121AC
:10035000204601F0D4F830B92368294620465B6D69
:10036000BDE87040184770BD73B50E4611461A4679
:100370009DF824300193089B00939DF818309DF957
:100380001C50044601F062FB90B923683146DB6BD8
:100390002046984760B90121204601F0B0F838B9ED
:1003A00023685B6D2946204602B0BDE870401847BF
:1003B00002B070BD10B54FF4DE710446F5F789FA4E
:1003C000204610BD10B5044600F068FC034B2360C6
:1003D000034BC4F84C31204610BD00BF70580208D2
:1003E0006058020870B50C4605461449204616466A
:1003F000F0F76AFEF0B112492046F0F75BFEC8B193
:100400002EB121462846BDE8704003F0F7B8D5F874
:1004100054112046F0F79CFB0A4920F00040F0F709
:1004200053FE0028EDD02146284600F0DAFE0028D1
:10043000E7D070BD6FF00B00FBE700BF0000164374
:10044000000070440000A0410022FFF7CBBF000075
:10045000036873B59B6D1646002205460C46984707
:1004600090B99EB10B4B04F1090203EB420113F862
:10047000123091F9014003F00F021B090021009195
:100480002846214603F066F802B070BD0422072317
:10049000F4E700BF705902080122FFF7D9BF00003E
:1004A00030B5074B05460FCB85B06C4684E80F008E
:1004B0002B682146D3F8A0302846984705B030BDB8
:1004C000203A020813B5036800220092DC6940F26A
:1004D000722202236FF07F41A04702B010BD0000DE
:1004E00030B5074B05460FCB85B06C4684E80F004E
:1004F0002B682146D3F894302846984705B030BD84
:10050000203A020882B02DE9F041012906A880E8CE
:100510000C000B9C9DF826609DF8277009D00229DD
:1005200075D000294BD06FF01300BDE8F04102B048
:1005300070479DF8188042F2107000FA08F0F0F74A
:10054000B9FB514905460798F0F70CFC01462846CF
:10055000F0F7BCFCF0F708FEA8F10503DBB2012BB5
:100560009DF8283005468BBF082100211120192055
:100570000BBB4FEA880304EB4707002EC8EB47028A
:100580000CBF1426002601EB8201DBB2314409B214
:100590005A1E0029A8BF521892FBF3F3BDF824207D
:1005A0009DF820109BB2083201FB032300EB83006F
:1005B00068438008B9E7A8F102039B00DBE7F80075
:1005C000F0F77CFB05463046F0F778FB01462846FD
:1005D000F0F7C0FA0546BDF82400F0F76FFB0146BE
:1005E0002846F0F7B7FA0546E000F0F763FB01464E
:1005F0002846F0F7AFFA254904460698F0F766FC5E
:1006000001462046F0F762FCF0F7AEFD8DE79DF85D
:100610001930032B34D8DFE803F002282D300623ED
:10062000634304330522B3FBF2F39CB23022B4FBE4
:10063000F2F303EB830000EB800002FB1344400065
:10064000A4B280B214B10234204480B29DF82430A8
:10065000C3EBC30203EBC20300EB43000C4B80B2BD
:100660005843F0F727FB0B49CCE704EB4404C4F3F1
:100670004F04DBE76400A4B2D8E704EB4404FAE7D4
:100680006FF0090051E700BF0000204100007A44EC
:1006900000127A001D24F44308B50846F0F70AFB5F
:1006A0000249F0F713FCF0F75FFD08BD00007A4146
:1006B000036889B2D3F8EC3018470368D3F8DC300C
:1006C0001847D0F85C01704700F00E03062B0BD0E2
:1006D000082B0CD00A2B0CD00138C0B2FD288CBFDF
:1006E0006FF00100002070476FF4307070470248CF
:1006F00070470248704700BF3EFDFFFF3DFDFFFF12
:10070000704700002DE9F0428AB004460F4601F020
:10071000FFFE05AE00230DF11C090128C9E90133D4
:10072000054607930593B3803DD194F86131042BBE
:1007300035D80433DBB28DF8243094F860318DF86D
:100740001C30D4F868310893B4F86631ADF8143031
:1007500094F86331003B18BF01238DF8173094F8EB
:100760006431591E4B424B418DF8163094F862317A
:10077000003B18BF01238DF81830039796E803005B
:10078000099B0190ADF808100093216899E80C00CE
:100790008E6F20462946B0470AB0BDE8F082072B8D
:1007A00008BF0823C7E730BBD4F87001F0F782FA1E
:1007B00001462148F0F78AFB0790D4F87401F0F75E
:1007C00079FA94F87B31089013F0FB0F11D0022BCB
:1007D00003D09A1F534253415B00B4F88021ADF817
:1007E000142094F87C218DF816208DF81730002500
:1007F000C3E70123F1E703280ED1B4F89C315BBABB
:10080000ADF81C3094F8A3318DF81E3094F89E3169
:100810008DF814300225B0E7022809D1D4F8700110
:10082000F0F748FA01460448F0F750FB0790DEE77E
:100830006FF01300B0E700BF00007A4910B50C4616
:1008400059B101F065FE012802D0032803D038B960
:100850002070002010BD0220FAE76FF00200F9E7D7
:100860006FF01300F6E708B5D0F85C010221FFF73E
:10087000F2F94FF0FF3008BD37B50D46044690F849
:100880005811D0F85C01FFF7E6F95DB90123CDE915
:1008900000330023D4F85C011A46D121FFF75BF93D
:1008A00003B030BD2946204601F014FE0028EDD0EB
:1008B000F6E707B500238AB20093114601F0DCFD8C
:1008C00003B05DF804FB1FB50023ADF80C30012325
:1008D000CDE9003303AA02231221D0F85C01FFF70F
:1008E000F8F8BDF80C0040BA80B205B05DF804FB22
:1008F0002DE9F041002486B0FF270226CDE90274DD
:10090000CDE9004605462346224640F6E201D0F8EE
:100910005C01FFF76FF8CDE90274CDE9004623468C
:10092000224640F6E501D5F85C01FFF763F86FF069
:100930007F41284601F0E5FCD5F85C311868036872
:100940000A21DB6998472746264601230DF1170245
:1009500040F6190128468DF8176001F056FD9DF804
:10096000170000F00100A04001343843082CC7B242
:10097000EBD12B6802244FF0FF081B6928469847EB
:10098000CDE9014803960096D5F85C0100230122C9
:1009900040F6E201FFF72EF8CDE90286CDE90064CA
:1009A0000023D5F85C01012240F6E501FFF722F8AB
:1009B000384606B0BDE8F08190F83410022938B509
:1009C000044605D0032911D06FF01805284638BD1C
:1009D000D0F85C01FFF73FF9D4F89811204601F0F8
:1009E00090FC0546002384F83430EFE790F8581166
:1009F000D0F85C01FFF72FF90021204601F06BFCD5
:100A000005460028E2D1D4F85C311868D96A02683A
:100A1000126990470028E5D0D4F85C311868036863
:100A20005B6D9847EFE7D0F85C3110B50446186865
:100A300003681B699847C1B22046BDE8104002F028
:100A40003BBF10B54FF4DE710446F4F742FF204679
:100A500010BD036810B5D3F8EC3044F2FF31044602
:100A6000984728B9236820461B69BDE810401847FD
:100A700010BD000010B5044601F04AFD01280ED15A
:100A800023682046D3F884309847C3050AD410F071
:100A9000800F14BF6FF00E004FF0FF3010BD6FF0ED
:100AA0001300FBE70048F9E742FDFFFFF7B50546F5
:100AB0000E4601F02DFD012833D12B6828461B6915
:100AC0009847044650BBD5F85C010221FFF7C3F8F4
:100AD000B168284602F0C0FEF1680746284602F0D9
:100AE000BBFE0094234682B2B9B2284601F0C4FC92
:100AF000044698B92B6844F2FF31D3F8EC3028460D
:100B00009847044650B973680193F3780093B3781B
:100B100072783178284601F00BFC0446204603B079
:100B2000F0BD6FF01304F9E710B5044601F0F0FCD6
:100B3000012812D1204601F023FE10F4004FC0F32B
:100B4000072018BFA0F58070EFF74CFC044B002283
:100B5000EFF7B2FCEFF7A8FF10BD0248FCE700BFBB
:100B60000000D03F0000A0C12DE9F3411D460368FD
:100B70001B6904460F4616469847002846D16DB9B2
:100B80002368002EDB6F14BF3146FF2120469847B3
:100B90004FF47A7300EB8000B0FBF3F52846F0F7D2
:100BA00089F82D49F0F7DEF82C49F0F78FF9F0F7C6
:100BB000DBFA236800220092D3F81C80014602234E
:100BC00040F272222046C04700BBD4F85C3118685E
:100BD00003685B6A98478046D4F85C311868596AA4
:100BE000026812699047A0B10025236820461B695E
:100BF000984718B16FF43073984207D12368D5B184
:100C000023682046DB6A98476FF0050002B0BDE814
:100C1000F081D4F85C31186803685B6D9847D4F8AC
:100C20005C31186803685B6A9847A0EB080085424E
:100C3000D2D20125D9E7D3F8843020469847236BD8
:100C40001842DDD123681B6B32463946204602B07C
:100C5000BDE8F041184700BF00007A4400007A4127
:100C6000036810B5D3F894300446984730B110BDEE
:100C7000D4F85C31186803685B6D9847D4F85C3130
:100C80001868596A0268126990470028F0D02368F2
:100C90002046D3F89830BDE81040184738B50446D0
:100CA0000D4602F0B5FD0022C4F85421C4F86821B5
:100CB000C4F8842140F20162A4F89C212B4A2C4BF9
:100CC00012692360032000230121C4F89F21294ACF
:100CD000C4F84C31C4E95C33C4E96933C4E96C330A
:100CE00084F8503184F85801C4F8603184F86431D4
:100CF000A4F8663184F86C11C4F87831A4F87C311A
:100D000084F87E31A4F88031C4F8883184F88C31BD
:100D1000C4F8903184F89431C4F8983184F89E0175
:100D200084F8A331A4F8AC31C4F8B8316260FF2272
:100D3000A26084F8493184F84A3102220423C4E9CC
:100D40000423E16010230821C4E906132020402376
:100D5000C4E90803C4F85C514FF480738025C4E9EA
:100D60000A534FF400732363204638BD203A02082B
:100D7000B85902080024743F10B5032ABDF8084092
:100D800011D8092980F89C2110D85A1E032A80F80E
:100D90009D110ED8B4F5007F80F89E310CD2A0F8DA
:100DA000AC41002010BD6FF00900FBE76FF00700B9
:100DB000F8E76FF00A00F5E76FF06900F2E7D0F8A6
:100DC0005C3170B50446186802680D469668996AE9
:100DD0008268B047D4F85C311868996A0268D668AE
:100DE000C268B047D4F85C31186803680121DB6938
:100DF0009847D4F85C311868996A0268D668026925
:100E0000B047F5B1D4F85C31186803685B6A98475D
:100E10000646236820461B699847054688B1D4F8E2
:100E20005C31186803685B6A9847801BB0F57A7F6D
:100E300008D2D4F85C31186803680A21DB69984746
:100E4000E7E70025284670BD036810B5D3F8843065
:100E500004469847430410D5D4F8B811204601F051
:100E60000F0101F06DF950B923682046D3F8EC303A
:100E7000BDE8104044F2FF3118476FF0040010BD88
:100E80002DE9F047984603681B6904460F4616464D
:100E90009847002841D194F86131042B3FD9072E9F
:100EA0005BD994F86331012B39D1FD2E58D82368D2
:100EB0003146DB6F2046984723680546D3F82490D7
:100EC0003246434639462046C84730BB20464FF499
:100ED0007A7305EB8505B5FBF3F501F019FBD4F842
:100EE0005C310646186803685B6A98470535074613
:100EF000D4F85C31186803685B6D9847D4F85C31AE
:100F0000186803685B6A9847C01B854209D223684A
:100F100020469B6A98476FF00400BDE8F087FF2EDB
:100F2000C4E7D4F85C311868596A026812699047BE
:100F30000028DDD0032E236809D1D3F88430204661
:100F40009847C30703D42046FFF77EFFD0E7236806
:100F500020469B6ABDE8F04718476FF01D00DCE7AC
:100F60006FF00300D9E72DE9F0411E46036886B013
:100F70001B690546884617469847044600283CD119
:100F80006FF07F4398453946284618BF46F40076EF
:100F900002F062FC31460446284602F05DFC002364
:100FA00082B2A1B20093284601F066FA044620BB43
:100FB00002460146284601F0C2FB0446E8B92B6808
:100FC00044F2FF31D3F8EC30284698470446A0B9E4
:100FD000284601F09DFA012813D195F89431019328
:100FE00095F86431009395F8903195F86321B5F840
:100FF0006611284601F028FB0446204606B0BDE8ED
:10100000F081A8B9FF23049395F87E31039395F8F6
:101010007D31CDE9014395F87C31009395F87B3122
:1010200095F87821B5F88011284601F033FBE3E705
:101030004FF0FF34E1E700001FB571B101F0A0FBF4
:10104000C0B2EFF7CFF90F4B002201F10041EFF7EB
:1010500033FAEFF729FD04B010BD0123CDE90033C9
:101060008DF80F100DF10F021521D0F85C01FEF77D
:1010700030FD9DF80F00EFF71DFE4FF03F41EFF7F9
:1010800071FEE8E70000E03F0121FFF7D5BF30B572
:1010900085B00546144601F03BFA012808D195F8C1
:1010A0006431012B04D11CB9D5F8900105B030BDD5
:1010B0000023ADF80C300123CDE9003303AAD5F8A5
:1010C0005C0102231321FEF704FD14B19DF80D30DD
:1010D00023709DF80C00E9E72DE9F3410546D0F8AF
:1010E0005C010F461646FEF75EFD2B680446D3F8FA
:1010F0008430284698476FF430739C4208D110F42E
:10110000007F18BF6FF00504204602B0BDE8F081F3
:10111000002CF9D143062CD400F03000202814BF55
:101120004FF000086FF0060800230DF107020121BF
:1011300028468DF80730FFF7AAFF16B1B04228BF46
:101140003046C2B29DF807303946284601F080F992
:1011500004460028D8D12B6844F2FF31D3F8EC3094
:1011600028469847B8F1000F0CBF04466FF00604FC
:10117000CAE76FF00608D7E70022FFF788BF73B50C
:10118000054608464FF07E511646EFF7E1FC4FF05A
:101190007A51EFF7E7FD0DF069FDEFF7E5FF4FF04E
:1011A0007E51C4B23046EFF7D5FC4FF07A51EFF7DD
:1011B000D9FD0DF019FDEFF7D7FFE107C3B25CBF12
:1011C00004F1FF34E4B2DA075CBF0133DBB201A9FA
:1011D00028468DF804408DF8053001F08BF902B0F7
:1011E00070BD73B5002305460846ADF804300C46C3
:1011F000EFF794FFA0F286331A2B21D9A0F25F33C8
:10120000072B28D9A0F20B33082B27D9A0F5EB73B5
:10121000282B26D9A0F5D7730A2B25D94FF0814169
:101220002046EFF797FC4FF0814106462046EFF746
:101230008FFC324601462846FFF7A1FF02B070BD81
:10124000E122E92301A928468DF804208DF8053014
:1012500001F050F9F2E7D722DB23F3E7C122C523DF
:10126000F0E775228123EDE76B226F23EAE70000A8
:1012700037B500238DF807300DF10702012340F642
:101280008901044601F0C1F8E8B9204601F040F9AF
:1012900001289DF8075018D10D49D4F86801EFF7DF
:1012A00057FC0C4920F00040EFF704FF68B105F04F
:1012B000FB0501230DF1070240F6890120468DF858
:1012C000075001F09BF803B030BD45F00405F0E78E
:1012D0000000FA436F12833A2DE9F0410229C8B0A9
:1012E00005460E46174606D0032921D06FF0180098
:1012F00048B0BDE8F08190F86431012B03D1D36888
:101300000BB1C0F89031D7E9012339682846FFF7BF
:101310002AFE0028ECD13B68013304BF6FF07F4305
:101320003B603B68C5F8983185F834600020DFE702
:101330005368FF2B00F2DD8001F0EAF80128044633
:1013400015D195F89431019395F8643100933B7968
:1013500095F86321B5F86611284601F075F9002863
:10136000C6D100230093012240F2012139E0A8B93F
:101370003B79049395F87E31039395F87D31CDE95F
:10138000010395F87C31009395F87B3195F878212D
:10139000B5F88011284601F07DF9E0E7022818D160
:1013A000D5F870317968642B4FEAC1039BB241F6DE
:1013B000705243F20F700093C9B240F2E14308BF8C
:1013C000134640F62F1208BF0246284601F08BF95B
:1013D000C5E7032840F09080002344F20102009307
:1013E0001146284601F048F8002881D102460146FE
:1013F000284601F0A4F900287FF47AAF032C19D015
:1014000003463A793968284601F00EF800287FF43F
:101410006FAF2B6844F2FF31D3F8EC302846984781
:1014200000287FF465AF2846FFF722FF00283FF42D
:101430007BAF5DE7284600F0D3FD00287FF458AF6E
:10144000044695F89E31C3F10403A3424CDC00240A
:10145000FB22214609A8089410F097FA05F5DA73E3
:10146000C5E96C44C5F8B8410DF11C08029305F5B7
:10147000D873CDE900832846D7E9001208AB07945A
:1014800000F030FB00287FF433AF03469DF81C20AA
:1014900008A9284600F0C8FF00287FF429AF0123DF
:1014A0008DF81830079B8DF81930D5F8B4318DF8C8
:1014B0001A3006AA032340F28531284600F09EFF29
:1014C00000287FF415AF95F8B471102F28BF1027AE
:1014D0000446A7429DD9E1B2284600F031FE00281B
:1014E0007FF406AF0134F4E7284600F00FFE013424
:1014F000A7E76FF00300FBE64FF0FF30F8E637B5E3
:1015000000230D468DF807300DF10702012340F648
:10151000D801044600F079FF70B99DF807306DB12D
:1015200043F01E038DF807300DF10702012340F64A
:10153000D801204600F062FF03B030BD23F01E0347
:1015400043F00803EEE737B590F86431012B044609
:1015500002D0002003B030BD00F0DAFF01280546BC
:10156000F7D100238DF806300DF10602034640F650
:101570000211204600F042FF0028EBD18DF8070051
:101580002B460DF1070240F64411204600F03DFFC6
:101590000028DFD19DF8073043F002038DF80730B3
:1015A0000DF107022B4640F64411204600F026FFBD
:1015B000D0E7036810B51B690446984760B9204618
:1015C000FFF7C1FF40B923682046D3F8EC30BDE8EF
:1015D000104044F2FF31184710BD37B500230D46C7
:1015E0008DF807300DF10702012340F236710446F1
:1015F00000F00BFF88B99DF80730012D0CBF03F0F8
:10160000FB0343F004038DF807300DF107020123BB
:1016100040F23671204600F0F1FE03B030BDF0B567
:1016200085B0044600F074FF0246002878D1D4F853
:101630007031D4F85C010392FF26B3F5966F0296E1
:1016400009D102210423CDE9003140F6B801FEF7AB
:10165000D1F905B0F0BDB3F5167F4FF002054FF09C
:101660000303CDE900354FF004032ED1182240F2D8
:10167000D161FEF7BFF90028EBD1CDE90260CDE9D9
:1016800000550423D4F85C011A4640F69B01FEF78E
:10169000B1F90028DDD1CDE902600427019500975A
:1016A00002463B46D4F85C0140F6B801FEF7A2F9C9
:1016B0000028CED1CDE90260CDE900750623502285
:1016C000D4F85C0140F2AC61C1E7082240F2D1617C
:1016D000FEF790F90028BCD1CDE90260CDE90055B4
:1016E00002460423D4F85C0140F69B01FEF782F920
:1016F0000028AED1CDE90260042701950097D4F807
:101700005C013B46102240F6B801FEF773F9002851
:101710009FD1CDE90260CDE9007506230246CFE7EF
:10172000002096E7F0B5054685B00F460A2400264E
:1017300001212846FFF743FBD5F85C0110224FF446
:1017400048716B46CDE90066CDE90266FEF740F8C8
:1017500006226946384610F03EF910B9012005B05E
:10176000F0BDD5F85C31186803680A21DB69013CDB
:10177000984714F0FF04DBD12046F0E72DE9F04153
:101780000446D0F85C010D4617461E46FDF704FFDF
:10179000D4F85C311868596A0268D2F80880426847
:1017A000C047D4F85C311868D96A0268D2F808805A
:1017B0004268C047D4F85C3131484FF401621A8264
:1017C0000122DA74D4F85C314FF440011A712D4AC9
:1017D0005A61C3E90201D4F84C112046FFF7A2FF79
:1017E00040B9D4F85C01FDF7EBFE6FF00105284627
:1017F000BDE8F08194F8493163B13146204601F0EB
:1018000012FF0546B0B9002F34D12046BDE8F041A3
:1018100001F0A9BD00212846EFF760FC0028ECD0BC
:10182000294641F28832204601F0C6FD05460028CF
:10183000E3D0DCE7236820461B699847204600F088
:10184000C1FF114B9D42D2D18306D0D5002384F82D
:10185000493141F288320021204601F0ADFD0546B4
:101860000028C4D13146204601F0DDFE054600289F
:10187000C9D0BCE72046BDE8F04101F071BD00BF12
:101880001D000D00C90601083DFDFFFFF7B51D460F
:10189000264BC0F86831062380F8503100231646E5
:1018A000C0F88831224A80F86431FF230F46C0F81F
:1018B0006021C0F890319DF824200899A0F8665165
:1018C00001230446FFF75AFF70BB02463946204603
:1018D00001F053F840BB44223146204601F07AF82B
:1018E00010BB236829461B6E20469847E0B9114972
:1018F000204601F08FF8B8B90121204601F01AFE08
:1019000090B90123009341F60F5241F221030221C5
:10191000204601F06DFC38B923681B6D0146204656
:1019200003B0BDE8F040184703B0F0BD0000FA4333
:1019300009030001000070422DE9FF4117461E46D1
:1019400045F255324CF6CC43C0E95C23324BC0F82B
:1019500084311A23BDF8285080F8793140F20963A8
:101960008846A0F87A319DF830200B99A0F8805174
:1019700000230446FFF702FF002849D123684146AF
:101980001B6C20469847002842D1236839465B6C7F
:101990002046984700283BD13146204601F018FAEE
:1019A000002835D11D49204601F034F880BB23685A
:1019B00029461B6E2046984750BB4AF61253ADF895
:1019C0000C3023680222DB6D03A920469847F8B942
:1019D000236801469B6C20469847C8B92368014696
:1019E000DB6C2046984798B9FF21204601F002FEA3
:1019F00070B90125009541F2210341F60F520221F1
:101A0000204601F0F5FB18B92946204601F092FD69
:101A100004B0BDE8F08100BF33331C4300007042C6
:101A200038B50D4611461A4602230446FFF7A6FEB6
:101A300058B9236829461B6C2046984728B9204688
:101A40000121BDE8384001F075BD38BD70B586B0E4
:101A50000D46164680F8A3319DF82C200A990323E1
:101A60000446FFF78BFE88BB1C49204600F0D2FFDE
:101A700060BB0121204601F05DFD38BBCDE90300CC
:101A8000CDE901000090034602460146204600F0E1
:101A900001FED8B90B2384F87A31236884F87901E0
:101AA000C4F874011B6C0E492046984770B9032E88
:101AB0000ED8092D84F89C610DD8032384F89E313B
:101AC0004FF4807384F89D51A4F8AC3106B070BD1A
:101AD0006FF00900FAE76FF00700F7E700007042C7
:101AE0000000FA3E2DE9F04F83469146ADF5297D81
:101AF0001C460020FF22484540F0CA80B048102311
:101B00000026037047F25B574FF6FF734A462146A3
:101B1000C0E90173C66001F015FFC0F3072304F8A4
:101B2000093004EB09034FF41772587009F10203EE
:101B30003146E65409AD11A8059310960FF025FF24
:101B4000A0482E60032101F058FF09F10203DA00DA
:101B5000063210AB21469B48009501F053FFFF224F
:101B6000314620460FF011FF9BF89C71032F2ED0B9
:101B7000954B0CAA03F1080C18685968164603C661
:101B8000083363453246F7D1186899889B79B37159
:101B9000022F98BF8D4B3060B18098BF13F807C0FB
:101BA0002B6802934FF0000388BF4FF0000C1A46D9
:101BB00018460DF130084FF0010A029999427BD185
:101BC00009920732D208214610A810F01EF8099B8E
:101BD0000293002293B202985B438342114602F1C2
:101BE0000102F7D38BB25B009BB204939BF89E314A
:101BF000BDF90850C1F34E020692C3EBC30203EBDA
:101C0000C20300215B009BB28A460A46002D74DCA9
:101C10009BF89E216A4F8DF828906FF0710101FBAF
:101C2000023309939BF8A3319BF89C219BF89D11EB
:101C30009B0043EAC20343EAD10343F002038DF859
:101C40002930BBF8AC311A091B0142EA41128DF868
:101C50002B3008238DF82A203B702F22FF23C7E961
:101C600001230026FE6035469BF89E11B14200F22A
:101C7000AF80059B9BF89C21DB0006339BB2032AB7
:101C800000F27B81DFE812F06D017501A001A20175
:101C90000B5C53401D0145EA13132354130983EAD7
:101CA000521383EAD20303F0010383EAD2135200F2
:101CB000D2B21A4301301EE718F80010B9B110AFC4
:101CC000DE084FEAD20EBE5D14F80E10DF43D54396
:101CD00007F0070705F007053E41F6070AFA05F584
:101CE00046BF2943C9B2A94304F80E10013201309E
:101CF000844508BF002001335FE7302D28464FEAB6
:101D0000D306A8BF30200390D843A75D4FF0010C45
:101D100000F007000CFA00F027EA000703EB0C00C4
:101D2000A755C710C043E65D00F007000CFA00F0AD
:101D300026EA0006E6554FF0000C9F1CFE434FF0CC
:101D4000010E06F007060EFA06F60DF140084FEAFE
:101D5000D20EF81018F80EE007906FEA020808F0AB
:101D60000708205C4EFA08FE1EF0010F14BF304336
:101D7000B0434FEAE70618BFC0B2A055049802442A
:101D8000029892B290420BD8069A0498524492B2AA
:101D900090429FBF013189B20A468A4688BF924667
:101DA000039E0CF1010C0FFA8CF0864207F101073B
:101DB000C4DC30460230303D18442DB283B225E7F2
:101DC000A0330020B4330020383A0208AF5A02088A
:101DD0009DF82B300139891B23F00C0343EA810362
:101DE00004220AA938468DF82B3001F0ABFD0DF125
:101DF00030084FF00009C8F800908DF82C0002213F
:101E00007448CDF83490ADF8389001F0F6FD2822F2
:101E10000DEB020143466F48CDF8009001F0F2FD52
:101E200028220DEB020143466A48CDF8009001F0EC
:101E3000E9FDEA08EB43A15C4FF0010E03F0070354
:101E40000EFA03F321EA0303A35405EB0E03DA10A1
:101E5000DB43A15C03F007030EFA03F321EA03035B
:101E6000A3545D4B029305F1020C05F12A00029B7D
:101E700013F8011B02934FEAD1094FEADC0A18F864
:101E8000099014F80A30C9436FEA0C0201F0070107
:101E900002F0070249FA01F919F0010F0EFA02F2F5
:101EA00018BF13430CF1010C14BFDBB29343604520
:101EB00004F80A30DBD105F17203DFF820910293B8
:101EC00005F14A0C0DF1300A19F8011F6FEA0C02F6
:101ED0004FF0010E02F007020EFA02F24FEAD10EA5
:101EE0004FEADC081AF80EE014F80830C94301F094
:101EF00007014EFA01FE1EF0010F1ABF1343DBB2B9
:101F0000934304F80830029B0CF1010C6345DBD1CC
:101F100000214FF001090BEBD10C4FEAD0089CF8DF
:101F20009FC114F808306FEA010EC2430EF0070E8D
:101F300002F007024CFA0EFC1CF0010F09FA02F243
:101F400018BF134301F1010114BFDBB293432029F1
:101F500004F8083000F10100DDD17235ADB2013670
:101F600082E60622534304330522B3FBF2F39BB20D
:101F700003E003EB4303C3F34F03302003F12F02CD
:101F8000B2FBF0F20A44B4990A60B3FBF0F101EB42
:101F9000810202EB820200FB113352009BB292B22B
:101FA00013B102331A4492B29BF89E11722313FBB1
:101FB0000123B39A1360B29A0733DB080020136041
:101FC0000DF5297DBDE8F08F5B00D0E703EB4303FF
:101FD000CDE700BFB4330020B25A0208D95A020834
:101FE00070B5464A8AB0034605AC02F11006106887
:101FF0005168254603C50832B2422C46F7D1106815
:102000003F4A286010689288ADF810203D4A02923D
:1020100049F28E52ADF8042093F8A3210390002AD0
:1020200093F89D210AA800EB42020CBF342108213D
:1020300032F8142CB2FBF1F20621632AA3F8A42192
:10204000A3F8A6112AD037D83C2A53D022D81E2A6A
:1020500019D8092A1BD92C4921FA02F2D20716D520
:10206000B3F8AC210AA901EB9211B2F5C07F11F8C7
:102070001C1CA3F8A81102F03F01A3F8AA1106D274
:1020800000200AB070BD232AEAD02F2AE8D06FF0D2
:102090006900F6E73E2A2DD0562AF8D1B3F8AC21D4
:1020A0000AA901EBD21102F07F0211F8201CA3F85B
:1020B000A811A3F8AA21E3E7B2F5C37F13D00ED885
:1020C000B92A01D0C62AE2D1B3F8AC210AA901EBA2
:1020D0001221D2B211F8241CA3F8A811E9E740F2AA
:1020E00093118A42D3D14FF48472A3F8A821B3F894
:1020F000AC21DEE73822A3F8A621B1E7483A02086E
:10210000A85A0208414447480004405010B5B0F8AE
:10211000A631B0F8AA11B0F8A441024603F00100BC
:102120005B0818B1B2F8A80143409BB2994214BFB2
:1021300081EA030008468442F0D3A2F8A63110BD1C
:10214000D0F8B4312DE9F34104460E46002B66D099
:10215000FFF7DCFFB4F8A431471EBAB23FB2B7EBC9
:10216000530FA8BFD21A03F0010594F8A331A8BFFA
:1021700017B20135002B56D0AD004FF480584FF008
:102180009841D4F85401EEF7EDFD4FF07451EEF79D
:10219000E9FDEEF7E9FFD4F8B82194F89E316D021D
:1021A00008FB07559A42A0EB050004D29B1ADB07F7
:1021B00058BF00F5807006EB460700BA7F00042385
:1021C00001900DEB030207F28A31204600F016F968
:1021D00030BB6EB394F89E31B3422BD8D4F8B051D3
:1021E000312D29D8ADB200238DF800306A46022384
:1021F00007F5627120468DF8015000F0FFF878B9BC
:10220000D4F8B0315B1BC4F8B031D4F8B431013B21
:10221000C4F8B431D4F8B8310133C4F8B83100206F
:1022200002B0BDE8F0811A235D434FF4D048A6E721
:102230007325D8E77225D6E73225D4E730B50446B2
:1022400085B0D0F85C010D460121FDF704FD0023A7
:10225000CDE900330DF10F02D4F85C01AD0001238C
:1022600084218DF80F50FDF776FCD4F85C310546DB
:10227000186803680121DB699847284605B030BD1E
:102280000121FFF7DBBF7FB504460D461646D0F8A7
:102290005C010121FDF7DFFC46B10023CDE90033ED
:1022A0001A46D4F85C011946FDF755FC0123CDE927
:1022B000003303AAD4F85C018DF80C508021FDF79F
:1022C0004AFC04B070BD90F84A110122FFF7DBBF51
:1022D0000122FFF7D8BF1FB50B0C8DF80C300B0A8D
:1022E0008DF80D300123CDE900338DF80E10032356
:1022F00003AA8321D0F85C01FDF72DFC05B05DF841
:1023000004FB1FB50B0C8DF80C300B0A8DF80D304B
:1023100000220123CDE900328DF80E10032303AA19
:102320008221D0F85C01FDF716FC05B05DF804FBD6
:102330002DE9F04385B090F860919DF83080064615
:102340000D981C4617460D46EEF7B4FC1E49EEF7F5
:10235000BDFDEEF709FFFF2D08BF0225FF2F04BFCB
:1023600009F10D095FFA89F7FF2C08BF0A248DF8DF
:102370000A400124CDE90044030CB8F1FF0F8DF8A9
:102380000C304FEA102308BF4FF000088DF80D30D5
:102390008DF80E000723D6F85C018DF8085002AACC
:1023A00088218DF809708DF80B80FDF7D4FB40B9BA
:1023B000CDE9004403460246C521D6F85C01FDF78D
:1023C000CAFB05B0BDE8F08300007A411FB58DF867
:1023D0000D309DF818308DF80F300123CDE9003312
:1023E0008DF80C108DF80E20042303AA9521D0F847
:1023F0005C01FDF7B0FB05B05DF804FB08B5D0F853
:102400005C01FDF76EFA002008BD10B504461046C9
:102410001A460346D4F85C01FDF7DAF9D4F85C01FA
:10242000BDE81040FDF7BFBB10B586B00E248DF897
:1024300015300123CDE9013300920B46022205A994
:10244000D0F85C018DF81440FDF76BFB06B010BDB1
:1024500010B586B01E248DF815300123CDE9013367
:1024600000920B46022205A9D0F85C018DF81440B9
:10247000FDF716FB06B010BD1FB55BBAADF80C300A
:10248000BDF818305BBAADF80E300123CDE900334A
:1024900049BA082352BAADF80810ADF80A20194617
:1024A0000DEB0302D0F85C01FDF755FB05B05DF8BC
:1024B00004FB1FB50123CDE9003349BA0223ADF86F
:1024C0000C1003AA1946D0F85C01FDF744FB05B0D7
:1024D0005DF804FB1FB50123CDE9003309BA039170
:1024E000042303AA8621D0F85C01FDF734FB05B074
:1024F0005DF804FB07B50123CDE900330A4602234A
:102500009821D0F85C01FDF726FB03B05DF804FBD1
:102510001FB5FF238DF80F300123CDE900330DF1F6
:102520000F021121D0F85C01FDF7D3FA9DF80F00DE
:1025300005B05DF804FB30B5012385B0CDE900336B
:1025400004460D468DF80C108DF80D20D0F85C0176
:10255000022303AA8E21FDF7FEFA08B984F88C51F4
:1025600005B030BD2DE9F0431E4685B090F86C31C2
:102570009DF83040054688461746A3B190F86001A3
:102580004FF0010909FA00F0EEF794FBD5F8681155
:10259000EEF79CFC4FF08341EEF796FD00280446D1
:1025A00018BF4C46E4B2012385F86241CDE90033FF
:1025B00003AAD5F85C018DF80C8004238B218DF8DB
:1025C0000D708DF80E608DF80F40FDF7C4FA05B060
:1025D000BDE8F08330B585B00D0C089C8DF80C304B
:1025E000230C8DF80D300123CDE9003308238DF83D
:1025F00008508DF80A100D0A8DF80B2064BA0DEB07
:1026000003028B21D0F85C018DF80950ADF80E4023
:10261000FDF7A1FA05B030BD1FB50B0C8DF80C30DD
:102620000B0A8DF80D300123CDE900338DF80E1023
:102630008DF80F20042303AA8B21D0F85C01FDF74D
:102640008AFA05B05DF804FB2DE9FF419DF82C8066
:102650000C464146064617461D46FEF7BEFFB0B97A
:102660009DF828308DF80A300123CDE9003364BA93
:10267000D6F85C01ADF80840062302AA8C218DF83B
:102680000B508DF80C708DF80D80FDF764FA04B0D6
:10269000BDE8F0817FB58DF813309DF828308DF8B6
:1026A0000E208DF814309DF820208DF80F20012386
:1026B000CDE900339DF824208DF810209DF82C20C2
:1026C0008DF8112049BA9DF83020ADF80C108DF826
:1026D0001220092303AA8C21D0F85C01FDF73BFAF4
:1026E00007B05DF804FB30B585B00546BDF82000A5
:1026F0008DF808108DF80A20110A8DF80C301A0A8E
:10270000030A8DF80D300123CDE900338DF809104F
:102710008DF80B208DF80E0002AAD5F85C018C21F3
:10272000FDF719FA044638B9D5F85C0106230DF116
:102730000902F021FDF7D5F8204605B030BD1FB5E0
:102740000123CDE900338DF80C108DF80D20022304
:1027500003AA8F21D0F85C01FDF7FDF905B05DF803
:1027600004FB1FB50123CDE900338DF80C1003AA3B
:102770009621D0F85C01FDF7EEF905B05DF804FB99
:102780001FB50F4B1A889B788DF80E300123CDE9C9
:102790000033ADF80C20032303AA1421D0F85C0108
:1027A000FDF797F99DF80D309DF80C209DF80E006F
:1027B0001B0243EA0243184305B05DF804FB00BF67
:1027C0005C3A02081FB50023ADF80C300123CDE9B7
:1027D000003303AA02231721D0F85C01FDF779F931
:1027E000BDF80C0040BA80B205B05DF804FB1FB51F
:1027F0000023ADF80C300123CDE9003303AA0223F6
:102800000721D0F85C01FDF7A6F905B05DF804FBDF
:10281000D0F85C312DE9F0411D682A6804465769FB
:10282000926D0E462846596A9047D4F85C311B6871
:10283000014632462846BC465B69BDE8F041604728
:10284000D0F85C3170B51C68596A226820469569D9
:10285000926D90472B4601462046BDE870401847D0
:102860000368D3F8DC3018470368D3F8E030184722
:1028700073B505460E46FFF74BFE0128044656D1B8
:1028800000213046EEF720FC00283BD02949304695
:10289000EEF710FC002835D04FF07C513046EEF7B3
:1028A00061FA2549EEF756F9EEF75EFCC3B2142B38
:1028B00021D8022B26D9033B112B23D8DFE803F0C4
:1028C0002F2209220A222229222222222B222222FC
:1028D000222D082495F8623185F85041C5F86861C9
:1028E000009395F8613195F8601122462846FFF76C
:1028F00039FE02B070BD7D2B13D006D81F2B12D02D
:102900003E2B12D06FF00700F3E7FA2BFAD1062422
:10291000E0E70924DEE70224DCE70A24DAE7002402
:10292000D8E70524D6E70324D4E70424D2E76FF0E0
:102930001300DEE70000FF430AD7233C37B5044607
:102940000D46FFF7E5FD012811D16B1F072B11D8AC
:1029500094F8623184F86051009394F8613194F8EE
:10296000502129462046FFF7FDFD03B030BD6FF032
:102970001300FAE76FF00800F7E773B505460C4659
:102980001646FFF7C5FD01281ED1231FDBB2042B1D
:102990001DD8BEB1062C11D8042C08BF002495F810
:1029A000623185F86141009395F8502195F86011E6
:1029B00023462846FFF7D6FD02B070BD082C06D18D
:1029C0000724ECE71C46EAE76FF01300F4E76FF02A
:1029D0000900F1E773B506460D461446FFF798FD6A
:1029E000012814D125F00F0343EA141304F00F0457
:1029F00044EA05118DF804308DF80510022301AA70
:102A00004FF4E8613046FFF7F9FC02B070BD6FF09B
:102A10001300FAE737B50C46054600212046EEF7CD
:102A200053FBB0B10C492046EEF744FB88B10B498B
:102A30002046EEF74BFAEEF797FB01238DF80700DF
:102A40000DF1070240F6E7012846FFF7D7FC03B077
:102A500030BD6FF01000FAE700000C43000020408A
:102A600030B587B005460C46FFF752FD012811D15D
:102A700095F89431A1B2A5F86611019395F86431E7
:102A8000009395F8903195F863212846FFF7DCFD17
:102A900007B030BD58BB95F87C31A1B299420A46C7
:102AA000A8BF1A461F2AA5F880111ADC172A1ADCBB
:102AB0000F2A1ADC003A18BF01229200FF2085F885
:102AC0007821049095F87E01039095F87D0102909D
:102AD0000020CDE90030284695F87B31FFF7DAFD7C
:102AE000D6E70722EAE70622E8E70522E6E74FF005
:102AF000FF30CDE737B504460D46FFF709FD68BB4B
:102B000000212846EEF7CCFA60B916492846EEF7C0
:102B1000DBFA20B114492846EEF7CCFA18B96FF069
:102B2000650019E00F4D11492846EEF71BF94FF0EB
:102B30009841EEF717F90E49EEF7C8F9EEF714FBD6
:102B4000C4F87401009094F8793194F87A21D4F89B
:102B500070112046FFF73EFD03B030BD6FF013004B
:102B6000FAE700BF9A99193F0000484300007A44F1
:102B70000024F44B37B504460D46FFF7C9FC002886
:102B800039D0032805D0022810D06FF0130003B00D
:102B900030BD25492846EEF797FA20B1234928464B
:102BA000EEF788FA38BB6FF06400F0E7204928465A
:102BB000EEF78AFA0028F6D01E492846EEF77AFA90
:102BC0000028F0D01C492846EEF7CCF801461B48F7
:102BD000EEF77CF9EEF7C8FA16220146C4F8700148
:102BE0002046FFF719FD0028D1D1204603B0BDE8EB
:102BF0003040FEF714BD10492846EEF7B3F8014601
:102C00000E48EEF763F9EEF7AFFAD4F87431C4F872
:102C100070010093014694F8793194F87A212046A6
:102C2000FFF7D8FCDFE700BF23DBF93E355EFA3E55
:102C3000CDCCCC3D9A99193F00007A440024744EC3
:102C4000F0B589B003AC84E80E0003689DF83860E5
:102C5000D3F8CC30049F0DF11F0105469847044678
:102C6000002851D1032E9DF81F3002D0B3420FD15E
:102C70003346E3B92B6803991B6C284698470446F2
:102C8000002841D12B6839465B6C284698470CE0F8
:102C90002B6828461B69984738B92B683146D3F80A
:102CA000C830284698470028E2D004462CE0012B83
:102CB00017D12B689DF80C10D3F8E83028469847B8
:102CC000044608BB2B683946D3F8E43028469847B9
:102CD0000446C8B902469DF814102846FFF74DFE79
:102CE000E3E7022B10D14FF4807300939DF80D2081
:102CF0009DF80C1003232846FEF73EF80028D4D197
:102D00009DF80E3085F8A331204609B0F0BD0000D3
:102D100030B585B004AC04E90E009DF82030029C6B
:102D2000032B07D1036808A9D3F8CC30984718B112
:102D300005B030BD4FF0FF309DF82030CBB9019D7C
:102D40001F492846EEF7C0F968B31E492846EEF73A
:102D5000B1F940B31A492046EEF7B6F930B31A4933
:102D60002046EEF7A7F9002814BF00206FF0650099
:102D7000DEE7012BDCD19DF80430053B072B18D88A
:102D800000212046EEF7A0F9B0B110492046EEF739
:102D900091F988B19DF80C30043B042B94BF0020BE
:102DA0006FF00900C4E76FF06400C1E76FF06500E1
:102DB000BEE76FF00800BBE76FF00700B8E700BFA1
:102DC0009A99193F00009643000048430000FF43D2
:102DD00037B505460C46FFF79BFB002840F02B81DA
:102DE0009849C5F884412046EDF7B2FE964920F097
:102DF0000040EEF75FF9002840F0F5809349204647
:102E0000EDF7A6FE904920F00040EEF753F90028B8
:102E100040F0EB808E492046EDF79AFE8A4920F07B
:102E20000040EEF747F9002840F0E180894920464C
:102E3000EDF78EFE844920F00040EEF73BF90028C4
:102E400040F0D78084492046EDF782FE7E4920F08D
:102E50000040EEF72FF9002840F0CD807F49204652
:102E6000EDF776FE784920F00040EEF723F90028D0
:102E700040F0C3807A492046EDF76AFE724920F09F
:102E80000040EEF717F9002840F0B9807549204658
:102E9000EDF75EFE6C4920F00040EEF70BF90028DC
:102EA00040F0AF8070492046EDF752FE664920F0B1
:102EB0000040EEF7FFF8002840F0A5806B4920465F
:102EC000EDF746FE604920F00040EEF7F3F80028E9
:102ED00040F09B8066492046EDF73AFE5A4920F0C3
:102EE0000040EEF7E7F8002840F091806149204665
:102EF000EDF72EFE544920F00040EEF7DBF80028F5
:102F000040F087805C492046EDF722FE4E4920F0D4
:102F10000040EEF7CFF800287DD158492046EDF764
:102F200017FE494920F00040EEF7C4F8002874D19C
:102F300053492046EDF70CFE434920F00040EEF7E0
:102F4000B9F800286BD14F492046EDF701FE3E4904
:102F500020F00040EEF7AEF8002862D14A49204642
:102F6000EDF7F6FD384920F00040EEF7A3F8002811
:102F700059D146492046EDF7EBFD334920F000409A
:102F8000EEF798F8002850D141492046EDF7E0FDD2
:102F90002D4920F00040EEF78DF8002847D13D493B
:102FA0002046EDF7D5FD284920F00040EEF782F8E5
:102FB00000283ED138492046EDF7CAFD224920F0CD
:102FC0000040EEF777F8C8B30923D5F8742185F8E7
:102FD0007931009295F87A21D5F870112846FFF7DB
:102FE000F9FA03B030BD1F23EFE71723EDE70F23F6
:102FF000EBE71E23E9E71623E7E70E23E5E71D23AA
:10300000E3E71523E1E70D23DFE71C23DDE71423C6
:10301000DBE70C23D9E71B23D7E71323D5E70B23E3
:10302000D3E71A23D1E71223CFE70A23CDE71923E9
:10303000CBE71123C9E76FF01300D2E76FF0670009
:10304000CFE700BF9A9999406F12833A9A99B94095
:103050009A99E94033331B4133333B419A99694193
:1030600000009C413333BB416666EA4100001C42CC
:103070009A993B4266666A4266669C429A99BB424E
:103080009A99EA4233331C4333333B43CD4C6A4372
:1030900000009C43CDCCBA430080E94337B50029FA
:1030A0000CBF9423962315468DF803300DF10302CF
:1030B000012340F6AC010446FFF7A0F970B96DB1E9
:1030C000074B1A889B78ADF804208DF8063001AACA
:1030D000032340F29F212046FFF790F903B030BD53
:1030E000025B020837B505460C46FFF711FA08B136
:1030F00003281CD1042C1DD8DFE804F004031315A9
:1031000017000824D5F8743185F87A41009395F8B2
:103110007931D5F8701122462846FFF75BFA03B0E3
:1031200030BD0924EEE70A24ECE70B24EAE76FF050
:103130001300F4E76FF06900F1E770B586B005465B
:103140000E461446FFF7E4F9002838D1082C4CD875
:10315000E4B2234632464FF4D8612846FFF74EF9D1
:1031600028BBB5F88011E400E4B2A1420A46A8BF2A
:1031700022461F2A85F87C411BDC172A1BDC0F2AFC
:103180001BDC003A18BF01229200FF2085F878214D
:10319000049095F87E01039095F87D01029000203F
:1031A000CDE90040284695F87B31FFF773FA06B069
:1031B00070BD0722E9E70622E7E70522E5E70128D7
:1031C00009D1012C11D831784422284606B0BDE837
:1031D0007040FFF7FFBB032804D1042C05D13368EE
:1031E000C5F89F316FF01300E1E76FF06800DEE78C
:1031F0002DE9F04188B004469DF838800D46174609
:103200001E46FFF785F9002845D1012D08D0022D73
:103210003AD0002D3DD06FF42F7008B0BDE8F0819A
:103220004FEA88085FFA88F5FF2384F87B510493FE
:1032300094F87E31039394F87D3102930023019337
:1032400094F87C31009394F87821B4F880112B46DF
:103250002046FFF71FFA0028DFD17FBA022307AA12
:1032600040F2BC612046ADF81C70FFF7C7F800289B
:10327000D3D176BA022307AA40F2BE612046ADF848
:103280001C60FFF7BBF8C8E7B8F1000F18BF0625B0
:10329000CAE70125C8E7012812D12A1E94F8943103
:1032A00018BF012284F86321019394F864310093DC
:1032B00094F89031B4F866112046FFF7C5F9ACE7F1
:1032C0004FF0FF30A9E770B588B004460D461646AA
:1032D000FFF71EF9002840D1B5B9FF2384F87D51CE
:1032E000049394F87E310195CDE9025394F87C3132
:1032F000009394F87B3194F87821B4F8801120463B
:10330000FFF7C8F908B070BD012384F87D3107AA22
:103310004FF4D7612046FFF778F80028F2D19DF8E6
:103320001C308DF81D60C6F3002223F00103134307
:103330008DF81C3007AA02234FF4D7612046FFF70F
:103340005DF80028DED1FF23049394F87E310393C7
:1033500094F87D31CDE90103C8E76FF01300D1E7A0
:103360000021FFF7FEB90121FFF7FBB9003940F258
:10337000FF1218BF0121FFF7A6BFD0F85C01FCF7D0
:1033800045BC37B504460D46FFF7C2F8012810D1F9
:1033900084F89451019594F86431009394F8903135
:1033A00094F86321B4F866112046FFF74DF903B095
:1033B00030BD6FF01300FAE7F0B590F8493185B0F1
:1033C00006460D46174613B14F4805B0F0BD0368D9
:1033D0001B6998473046FFF7F5F9830602D530465A
:1033E000FFF705FA494925F00040EDF763FE044672
:1033F00030B10121304605B0BDE8F040FDF7DFBC3B
:1034000043492846EDF7A4FB404920F00040EDF782
:1034100051FE002869D13F492846EDF799FB3B4909
:1034200020F00040EDF746FE002860D13A492846DA
:10343000EDF78EFB354920F00040EDF73BFE00280C
:1034400057D136492846EDF783FB304920F000403C
:10345000EDF730FE00284ED131492846EDF778FBD4
:103460002A4920F00040EDF725FE002845D12D49DE
:103470002846EDF76DFB254920F00040EDF71AFED8
:1034800000283CD128492846EDF762FB1F4920F06F
:103490000040EDF70FFEA0BB24492846EDF758FB8E
:1034A0001A4920F00040EDF705FE00288CD00723D4
:1034B00038468DF80C30EDF7FDFB1D49EDF706FDA4
:1034C000EDF752FE030C8DF80D300123C6F888711C
:1034D000CDE9003340BAADF80E000423D6F85C0104
:1034E00003AA9721FCF737FB6FE72346E0E70123A8
:1034F000DEE70223DCE70323DAE70423D8E705232A
:10350000D6E70623D4E700BF41FDFFFF6F12833AE1
:10351000CDCCCC3F9A99D93F6666E63FCDCC0C40E6
:103520009A991940CDCC2C40000040403333534091
:1035300000007A411FB50123CDE900338DF80F104B
:103540000DF10F029D21D0F85C01FCF704FB05B0E2
:103550005DF804FB2DE9FF411F4600230D4616468A
:103560008DF80F300DF10F02012340F6E7010446FC
:10357000FEF74BFFC8B94FF001089DF82820CDF8A1
:1035800000803B4631462046FEF720FF68B9042202
:10359000E9B22046FEF7CFFF38B943460DF10F02DE
:1035A00040F6E7012046FEF729FF04B0BDE8F081B0
:1035B00070B586B004460D461646FEF7A9FFB0B9B1
:1035C000CDE9035694F87D31CDE9010394F87C31BF
:1035D000009394F87B3194F87821B4F88011204658
:1035E000FFF758F808B984F87E5106B070BD6FF047
:1035F0001300FAE70A460121FFF7DABF10B50446C7
:103600000846C4F854114FF09841EDF7ABFB4FF06A
:103610007451EDF7A7FBEDF7A7FD01462046BDE885
:103620001040FEF757BFF0B5002285B00C4611469A
:103630000546FFF784F800286CD10126CDE9006625
:103640003346D5F85C018DF8084002AA8A21FCF7C0
:1036500082FA00285ED195F84A31CDE90066002B48
:103660000CBF202330238DF80830D5F85C01334699
:1036700002AA9321FCF76FFA00284BD103228DF8A0
:10368000082095F86021ADF80C00CDE900660D32F8
:103690008DF809200A22ADF80A208DF80E000723C4
:1036A000D5F85C0102AA8821FCF755FA074688BBC9
:1036B0002B6844F2FF31D3F8EC3028469847009746
:1036C00004463B463A4639462846FEF7D5FE204397
:1036D00000B2F8B9CDE900607F238DF80830D5F845
:1036E0005C01334602AA8921FCF735FA90B9D5F876
:1036F0005C31186803680521DB699847D5F85C31AF
:103700001868D96A02681269904728B9D5F85C012F
:10371000FCF749FA05B0F0BDD5F85C3118680368CC
:103720005B6D9847EAE76FF0180070476FF018007C
:1037300070476FF018007047036800215B691847F5
:103740006FF0180070476FF0180070476FF01800A6
:1037500070476FF0180070476FF0180070476FF0F7
:10376000180070476FF01800704784B004A800E993
:103770000E006FF0180004B0704700207047000082
:10378000004870470000C8C182B08DE80C000020DE
:1037900002B07047002070476FF0180070476FF05C
:1037A00018007047002070477047704770476FF0EF
:1037B0001800704730B585B00025CDE902558DF869
:1037C00008300368CDE90012D3F8D0306A460321EF
:1037D0000446984720B923682046D3F8D430984748
:1037E00005B030BD1FB50293069B03930368CDE976
:1037F0000012D3F8D0306A4602210446984720B917
:1038000023682046D3F8D430984704B010BD000098
:1038100038B5104B03604FF07E53002504464360DB
:1038200001238360C0F8445180F84851294628227A
:103830000C300EF0AAF865634FF48072294604F14B
:1038400038000EF0A2F884F84051C4E94E552046E5
:1038500038BD00BF105B0208002330B51A460125B1
:103860000C3005FA03F40C4204D050F823401F2C0E
:1038700018BF22430133202BF3D1104630BDF7B5DA
:1038800006460C46A9B101AF002533683046D3F88F
:10389000A43098470135EDB2042D07F8010BF4D19F
:1038A000019B1BBA002BB8BF5B4293FBF4F204FBF5
:1038B0001234204603B0F0BD38B590F848310446C4
:1038C0009BB9D0F8382141EA4201D0F84421C0F830
:1038D00038111140D0F83C21914205D1012280F8E5
:1038E000482180F83530C38638BD90F8362094F8EA
:1038F00035300244012592F838009D40B9B1284383
:10390000C0B2591CC9B2082982F8380084F83510B1
:10391000EAD100F0FFF894F83630E218013382F86B
:10392000380084F83630002384F83530DCE720EAAC
:103930000500E6E7082202700022C0E90122C26009
:10394000028270472DE9F843002684684FEAC208D6
:1039500005460F463246B04510D1EB6884EA0300B5
:103960006B7C13B1297800F0D5F82A784FF0FF333B
:10397000C2F12002D3401840BDE8F88373070CD190
:103980002B7CB85C02F1010913B1082100F0C2F8E8
:103990002B78083B984044404A462B78013B24FA58
:1039A00003F313F0010F18BF6B684FEA440418BF0C
:1039B0005C400136CFE700000148FFF7BBBF00BF06
:1039C000A033002070B500254FF4807604460580B2
:1039D00045600572324629460C300DF0D6FF32465E
:1039E000294604F586700DF0D0FF8422294604F59F
:1039F00003700DF0CAFF204670BD002303704170B4
:103A0000704700002DE9F74F019200296CD0002B80
:103A10006AD0002296461546019CA54212D169073C
:103A200008D04178032904BF110C03F8011B110AC7
:103A300019705A700C9B0BB1C3F800E0002003B062
:103A4000BDE8F08FEC0890F8018011F804C0284C14
:103A5000284EEF4307F00707B8F1020F4CFA07FCB6
:103A600008BFA2460CF0010C047818BFB246CCF196
:103A700001064FEA940B6FEA04094FEA860609F043
:103A80000309F6B206EBC9065AF82B904FF0020A6A
:103A900029FA06F61AFB04C40CBF4FF010094FF0C8
:103AA0004009B4FBF9FC09FB1C4406F00F06047046
:103AB00007FB08F705F00704BE40072C42EA0602A0
:103AC0000CD1B8F1030F04BF140C03F8014B1C46D2
:103AD000160A04F8026B5A70234600224478744494
:103AE0001FFA84FE013597E74FF0FF30A7E700BFCC
:103AF000EC5B0208FC5B020808B50448FFF762FFB4
:103B0000034B00221A705A7008BD00BFB833002062
:103B1000B43300200023F0B50446012518464E1E9C
:103B2000DAB2914200D8F0BD05FA03F22240DA4041
:103B3000F71ABA4010430133F2E7704770477047F5
:103B4000084670477047000010B5C0E90223029B89
:103B50000361039B4361049B8361044B044C1A681B
:103B6000C0E9004102B9186010BD00BF483600200E
:103B7000445C02081020704710B5064B0446B02183
:103B800040F80C3B00F0CFFA204600F085F82046C4
:103B900010BD00BFAC5C020810B50446FFF7ECFF97
:103BA0002046BC21F1F795FE204610BD102AF8B53D
:103BB0004AD100F10C0301F1100251F8044B43F813
:103BC000044B9142F9D100F1180400F1B806012527
:103BD0000423042B04F1040722D12A462146384647
:103BE00000F084FA237914F80C2CE1795340237106
:103BF00014F80B2C63795340637114F80A2CA379E1
:103C00005340A37114F8093C01355940EDB200232B
:103C10000133B742E171DBB23C46DAD10120F8BD95
:103C200014F80C1C22784A40227114F80B1C62789C
:103C30004A40627114F80A1CA2784A40A271E178E5
:103C400014F8092C5140E3E70020E8E710B50446DA
:103C500000F014F8044B23600A23237104F10C03D1
:103C6000A360204610BD00BFAC5C02081020704766
:103C7000017980680131090100F055BA10B5044698
:103C800000F04AFA034B236000232371A36020460F
:103C900010BD00BFD45C020810B5034B036004469E
:103CA00000F040FA204610BDD45C0208184B0A7898
:103CB0009A5C02704A799A5C42708A7A9A5C827045
:103CC000CA7B9A5CC2700A799A5C02714A7A9A5CE1
:103CD00042718A7B9A5C8271CA789A5CC2710A7A54
:103CE0009A5C02724A7B9A5C42728A789A5C82720F
:103CF000CA799A5CC2720A7B9A5C02734A789A5CAF
:103D000042738A799A5C8273CA7A9B5CC3737047E8
:103D1000075E0208184B0A789A5C02704A7B9A5C2C
:103D200042708A7A9A5C8270CA799A5CC2700A7907
:103D30009A5C02714A789A5C42718A7B9A5C8271C1
:103D4000CA7A9A5CC2710A7A9A5C02724A799A5C5F
:103D500042728A789A5C8272CA7B9A5CC2720A7BCF
:103D60009A5C02734A7A9A5C42738A799A5C82738B
:103D7000CA789B5CC3737047075D0208F0B50E7884
:103D800091F801C08D78CF78F40904EB44044FEA30
:103D9000DC1104EBC40401EB410184EA46048CEA23
:103DA000050E01EBC101E4B287EA0E0E81EA4C0177
:103DB000C9B2EB0984EA0E0E81EA0E0EFA0903EB92
:103DC000430303EBC30302EB420280F800E086EA00
:103DD000050E83EA450387EA0E0E86EA0C0602EB1F
:103DE000C202DBB282EA470281EA0E0177407540E7
:103DF000D2B259406C407B40534062404170837066
:103E0000C270F0BD2DE9F041846888B0531E0D46A4
:103E1000671E0F326E4613F8011F17F801CF934249
:103E200081EA0C0106F8011BF5D1077910343E46F2
:103E3000A046012E1BD87B1E002FDBB24FEA0313D6
:103E400008BF00231C44694604A8FFF72FFF013D6B
:103E5000631E0F3413F8011F10F8012BA34282EAEE
:103E6000010205F8012FF5D108B0BDE8F08104A8E2
:103E70006946FFF71BFF01466846FFF77FFF05A96C
:103E800001A8FFF77BFF06A902A8FFF777FF03A8A9
:103E900007A9FFF773FF08F1FF336A4608F10F0027
:103EA000117813F801CF81EA0C01834202F8011B5B
:103EB000F6D1013E08F11008F6B2BAE72DE9F04F4D
:103EC00091F800B04E78CF788D784FEADB1303EB92
:103ED000430303EBC30387B083EA4B03DBB20193D5
:103EE000F309FA0903EB430303EBC30302EB4202BA
:103EF00083EA460302EBC20282EA4702DBB2029384
:103F0000B409D3B2484A03934FEA971C145D12F8E0
:103F10000CC084EA8604E3B28CEA870C04935FFA4F
:103F20008CF34FEA5B1CAC0912F80CA005934FEA26
:103F3000561C4FEA9B1912F80C80145D12F8099078
:103F4000019B4FEA551C84EA850412F80CE04FEA05
:103F5000571CE4B212F80CC086EA05027A405A40B7
:103F6000029B88EAC6085A405FFA88F88AEACB0AB8
:103F70008EEAC50E62405FFA8EFE5FFA8AFA8CEA1C
:103F8000C70C89EA8B0988EA02025FFA8CFC8AEA8C
:103F900009098EEA0202E9095FFA89F98CEA02024C
:103FA00089EA020201EB4101027001EBC1018BEAD7
:103FB00005027A4081EA4501C9B25340049A4B4058
:103FC0005340059A53408AEA030388EA03038EEAC2
:103FD00003038CEA03038BEA060643707740039BD6
:103FE000039A79405940019B75406B405340049AB5
:103FF0005340059A4C40534088EA04048AEA030A75
:104000008EEA040488EA0A088CEA04048EEA080EA0
:1040100089EA04098CEA0E0C80F8029080F803C04B
:1040200007B0BDE8F08F00BFFF5C02082DE9F04348
:104030008468077989B00D4604EB07146946531E5E
:10404000661E0F32894613F8010F16F801CF93420E
:1040500080EA0C0001F8010BF5D1494604A8FFF7EE
:1040600059FE3E46A046012EA8F1100819D87B1E25
:104070006FF00F02DBB2002F02FB03F308BF002337
:104080001C44A21804AB013D12F8010B13F8011BEC
:10409000A24281EA000105F8011FF5D109B0BDE88F
:1040A000F08304AA434608F11000117813F801CBFD
:1040B00081EA0C01834202F8011BF6D104A94846AB
:1040C000FFF7FCFE05A901A8FFF7F8FE06A902A864
:1040D000FFF7F4FE07A903A8FFF7F0FE013E4946EB
:1040E00004A8FFF717FEF6B2BDE7000030B5084B95
:1040F0004C78084D1C5DAA5C544004708A789A5C28
:104100004270CA789A5C82700A789B5CC37030BD3A
:10411000075E0208F45C0208014B0360704700BFB1
:10412000105F0208704701440023884200D17047A5
:1041300000F8013BF9E730B502440023904204D176
:10414000C3F58070C0F3002030BD10F8014B11F8AA
:10415000015B6C402343F1E72DE9F0419CB0164F21
:10416000164B4FF009080546082603A8CDF8008035
:1041700010220C4601F05EF93B46424613A903A803
:10418000009601F057F9334603AA2146204601F074
:10419000E7F833463A462146284601F04DF93346C2
:1041A0003A462946284601F047F9642103A8FFF75B
:1041B000BAFF1CB0BDE8F081545F0208305F02080E
:1041C00038B514460546402320460A46102101F022
:1041D000AEF80023236421462846BDE83840FFF7A7
:1041E000BBBF2021FFF79FBF2DE9F0410D46A0B0D6
:1041F00000F12008044605F12006024641466846C3
:1042000001F044FA2A46314610A801F03FFA10AAFC
:104210006946684601F0D6F92246414608A801F0F1
:104220001EFA2A46314610A801F019FA08A904F12D
:10423000600610AA084601F0C5F905F16002314692
:1042400010A801F0BFF910A904F140070846224A5E
:1042500001F0C8F905F14002394618A801F0B2F999
:1042600018AA1146104601F0FAF96A4608A9304624
:1042700001F00CFA10AA18A9384601F007FA18A99B
:1042800010AA084601F0EBF908A96A46084601F0B1
:10429000E6F93A463146204601F094F908AA18A9F1
:1042A000404601F08FF918AA3946384601F08AF9DC
:1042B00008AA3146304601F085F96846FFF791FFBC
:1042C00008A8FFF78EFF10A8FFF78BFF18A8FFF7CD
:1042D00088FF20B0BDE8F081F45F02082DE9F041CD
:1042E000064690B001F140080D464246014606F1EF
:1042F0004007684601F066F93A46294608A801F0E9
:1043000061F920220DEB02016846FFF714FF4246D7
:1043100006F120010446684601F054F93A4605F1D9
:10432000200108A801F04EF920220DEB0201684699
:10433000FFF701FF04406846FFF753FF08A8FFF7A7
:1043400050FFE4B2204610B0BDE8F0812DE9F04105
:10435000044600F120060A46202388B00821304692
:1043600000F0E5FFE36B334DDF0F04F1400823F06D
:104370000043E363424605F1200C2B4603CB634523
:10438000106051601D4602F10802F6D104F160058B
:1043900032463146284601F015F942462946204664
:1043A00001F074F9244A2946284601F01BF94246D7
:1043B0002946284601F053F92946684601F0EBF9F1
:1043C0006A462146284601F0FDF86846FFF709FFD6
:1043D000236E2A4604F17C0152F8040F8A4243EA14
:1043E0000003F9D15BB91FB1002008B0BDE8F0812E
:1043F0002022394620460DF0C8FA0120F5E729466B
:10440000204601F0F3F90028EED0236803F0010301
:10441000BB4209D02022002128460DF0B6FA2246E0
:104420002946204601F032F932462146284601F05D
:10443000C9F8E2E7945F0208146002088021FFF7E0
:1044400072BE00002DE9F04FC5B00546029114463A
:1044500000218022019301260DF097FAFF232E629E
:104460002E6400934FF0000A04F12008029B53F8D9
:104470002A70019B37400BB9002F7BD005F1200932
:104480002A46494604A801F001F92246414614A8EB
:1044900001F0FCF804A9084614AA01F093F82A4692
:1044A00049460CA801F0DBF82246414614A801F069
:1044B000D6F80CA9084614AA01F084F805F16003A7
:1044C000194604F1600214A8039301F07BF814A9C3
:1044D00008466E4A05F1400B01F084F804F14002F1
:1044E00059461CA801F06EF81CAA1146104601F0AE
:1044F000B6F804AA0CA93CA801F0C8F814AA1CA993
:1045000034A801F0C3F81CA9084614AA01F0A7F8C2
:104510000CA904AA084601F0A2F8019B34AA3CA900
:10452000002B00F09F8024A801F04CF80CAA1CA9D5
:104530002CA801F047F834A908461CAA01F042F85B
:104540003CA908460CAA01F03DF824AA29463846A1
:1045500001F0CAF82CAA4946384601F0C5F834AA39
:104560005946384601F0C0F83CAA05F160013846CA
:1045700001F0BAF82246414604A801F087F804AADF
:104580001146104601F01EF8224641460CA801F0E3
:1045900066F80CAA04F160071146104601F012F803
:1045A0003A46394614A801F00DF814A904F140095F
:1045B0000846364A01F016F84A4649461CA801F05A
:1045C00001F81CAA1146104601F049F804AA0CA9EA
:1045D000384601F05BF814AA1CA9484601F056F8C9
:1045E0001CA9084614AA01F03AF80CA9084604AA26
:1045F00001F035F84A463946204600F0E3FF0CAAA0
:104600001CA9404600F0DEFF1CAA4946484600F0BF
:10461000D9FF0CAA3946384600F0D4FFB6F1004F56
:1046200004BF0AF101035FFA83FA009B03F1FF3331
:1046300014BF7600012613F0FF0300937FF416AF3A
:1046400024A8FFF7FBFE04A8FFF7CBFD0CA8FFF79B
:10465000C8FD14A8FFF7C5FD1CA8FFF7C2FD45B0B3
:10466000BDE8F08F284600F0ADFF0CAA1CA9484613
:1046700000F0A8FF1CAA34A9584600F0A3FF0CAA1A
:104680003CA905F1600000F09DFF73E7F45F0208AC
:10469000F0B5174D944606460F460FCDA1B06C46B7
:1046A0000FC495E80F00134D84E80F000FCD08AC40
:1046B0000FC495E80F00104D84E80F000FCD10AC2B
:1046C0000FC495E80F000D4D84E80F000FCD18AC16
:1046D0000FC495E80F0084E80F0063466A46394628
:1046E0003046FFF7AFFE6846FFF7A8FE21B0F0BDE9
:1046F000D45F0208B45F0208945F0208745F020886
:10470000F0B5ADF5397D0D46044680A816461F4626
:1047100000F0CEFA29466846FFF718FE98B9002443
:104720006846FFF78BFE20A8FFF788FE40A8FFF73A
:1047300085FE60A8FFF782FE80A800F09FFA204661
:104740000DF5397DF0BD214620A8FFF7FFFD0028BB
:10475000E5D080A800F076FA2146202280A800F05B
:1047600009FD2022294680A800F004FD3A46314682
:1047700080A800F0FFFC002292A980A800F039FD7B
:104780002023E218082178A800F0D1FD002278A9A2
:1047900040A8FFF77DFF60AA92A958A8FFF710FD77
:1047A00000236A4658A960A8FFF74CFE60A920A81C
:1047B000FFF71AFD20A940A8FFF790FD0446AFE7D8
:1047C00005494FF40052A0F880200022C0E92121C1
:1047D000A0F89C20704700BF80EE360010B5402145
:1047E0000446FFF7A0FC40216018FFF79CFC204620
:1047F00010BD00000148FFF7E3BF00BF4C360020AA
:104800000148FFF7EBBF00BF4C3600202020704767
:10481000402070470E4A0F4B0F49DFF840C0C0E9F7
:1048200002230F4BC0E904130E4BC0E906C30E4B25
:10483000036203F17453A3F52303A3F69243436287
:10484000002380F8703000220023C0E91A2370474B
:1048500067E6096A85AE67BB72F36E3C7F520E5104
:104860003AF54FA58C68059BABD9831F10B504465C
:1048700070210830FFF757FC236820461B69BDE80C
:104880001040184710B5064B0446702140F8083B0D
:10489000FFF749FC204600F0E9FF204610BD00BFAD
:1048A0003C60020810B50446FFF7ECFF2046782173
:1048B000F1F70FF8204610BD10B5044600F0D0FF08
:1048C000024B23602046FFF7A5FF10BD3C600208A5
:1048D0002DE9F04F00F124058BB000F164072B4661
:1048E00053F8042F12BA9F421A60F9D183680293D9
:1048F000C36803930369049343690593836906932B
:10490000C3690793036A0893436A0993DDE908B80A
:10491000DDE9061CDDE904E9DDE90246594B0193B6
:10492000019B55F804AF53F8042B01934FEAF12390
:1049300083EAB113524483EA7163134401EA0C0A17
:104940002BEA010282EA0A02134486EA0E02434479
:10495000224006EA0E0882EA08024FEA743888EA22
:10496000B40888EAB4589844AF424B444244F146F4
:10497000D84678D110250195019D0F3D05F00F0512
:104980000A3550F825A0019D023D05F00F050A35B6
:1049900050F82590019D05F00F08073D05F00F0523
:1049A00000EB88080A35D8F8287050F825503D44A7
:1049B0002F464FEABA4585EAFA1585EADA054FEA45
:1049C000F94A8AEA794A8AEA992A3D4455444FEAE3
:1049D000F329C8F8285003EA010A89EAB3192CEA36
:1049E000030889EA736988EA0A08C844254FDDF894
:1049F000049057F82970B844A84408EB0B054FEA17
:104A0000723984EA060889EAB20908EA020804EA67
:104A1000060A89EAB25988EA0A08C844A84405EB9C
:104A20000E09019D0135402D0195B646E34621D181
:104A3000029D45448560039D1544049AC560224447
:104A40000261059A32444261069A4A448261079A99
:104A50001A44089BC2610B440362099B634443628E
:104A60000BB0BDE8F08FE346B6468C4626461946A5
:104A7000144655E78C462646194614464B46424690
:104A80007AE700BF646002082DE9F84315468946BD
:104A9000D100D0E91A325B1842EB5572C0E91A32E4
:104AA000044600F128074FF000080DB9BDE8F8836F
:104AB00094F87000C0F14006F6B2AE4288BFEEB284
:104AC0004946324638440DF0A0F894F8703033442B
:104AD000DBB2402B84F87030A5EB0605B144E4D17D
:104AE0002046FFF7F5FE84F87080DEE7F8B500F1A8
:104AF000280590F8703017468022EA5490F870200C
:104B0000372B04460E4602F101002FD8C2F13702BE
:104B1000002128440CF039FFA36E19BAE36E1A067F
:104B2000180A42EA136200F47F401B02024303F4B6
:104B30007F031343C4E918312046FFF7C9FE231D44
:104B400004F1240153F8042F12BA8B421A62F9D1EE
:104B5000236820469B689847B8420246294628BFEA
:104B60003A463046BDE8F8400DF04FB8C2F13F027A
:104B7000002128440CF009FF2046FFF7A9FE382247
:104B800000212846C6E713B5134636220446009294
:104B90000A4600F1280100F06AFED4E91A3213F542
:104BA000007342F100022046C4E91A3202B0BDE8A7
:104BB0001040FFF78DBE2DE9F04106461D4656F820
:104BC000283B8AB00F46904602A99B6920220446E2
:104BD00098475C23314600933A464346204600F00E
:104BE00046FED4E91A2312F5007243F10003C4E92A
:104BF0001A232046FFF76CFE23685E699B6898477E
:104C000002A902462046B0472368109A9B692946AC
:104C100020469847202102A8FFF785FA0AB0BDE890
:104C2000F081402070478020704710B50446D8219D
:104C30000830FFF778FA236820461B69BDE810406A
:104C40001847000070B50C4D034600F1080405F14B
:104C500040062A4603CAB24220606160154604F14C
:104C60000804F6D1002000210022C3E93201C3E983
:104C7000340183F8D82070BD1864020810B5064BC3
:104C80000446D82140F8083BFFF74DFA204600F0D3
:104C9000EDFD204610BD00BF6C61020810B5044652
:104CA000FFF7ECFF2046E021F0F713FE204610BD91
:104CB00010B5044600F0D4FD034B23602046FFF7F7
:104CC000C1FF204610BD00BF6C6102082DE9F04F06
:104CD000A1B000F1C00300F1400104930B4653F86A
:104CE000082F5C6812BA24BAC3E90042049A9A42B7
:104CF000F5D183680E93C3680F93036910934369DA
:104D0000119383691293C3691393036A1493436ADB
:104D10001593836A1693C36A1793036B1893436BB7
:104D20001993836B1A93C36B1B93036C1C93436C93
:104D30001D931D461C9E1A9B0B931B9B0C93189B4B
:104D40000793199B0893149B0D93159B1E93129B1D
:104D50000993139B0A93109B0593DDE916AB119BF6
:104D60000693DFF83C830E9BDDF83C9001934FEAFD
:104D70009A324FEA9A4747EA8B3742EA8B427A40A7
:104D80004FEA9B344FEA9B434FEACA5743EA8A33C0
:104D900047EA5B2744EA8A44D8E900EC5C407A4061
:104DA0004FEACB5351F8087F43EA5A235C404B68E3
:104DB0001EEB07074CEB030C0B9B23EA0A0E0C9B24
:104DC000D21923EA0B07079B44EB0C04DDF820C043
:104DD0000AEA03030BEA0C0C8EEA030387EA0C07CA
:104DE000D31844EB07049B1945EB0404059A099D6D
:104DF000DDF828C0DDF804E082EA0507069A0A9D7E
:104E000082EA0506019A099D1740059A1540069AFF
:104E100006EA090602EA0C025640019A6F404FEA80
:104E200019754FEA127C45EA02154FEA897242EA87
:104E30009E024FEA8E7E4EEA990E55404CEA091CBE
:104E4000019A8CEA0E0C4FEA496E4EEAD21E5206C7
:104E500042EAD9128CEA020212EB030C0D9A85EA9F
:104E60000E0544EB05059B181E9A44EB02041CEB4F
:104E70000702029245EB06020392099A0D920A9AE2
:104E80001E92049A8A42DDE90B6508F1080840F099
:104E90004C8110220492049AA2F10F0101F00F013B
:104EA000093100EBC10250F83110D2F804E0049A45
:104EB000023A02F00F02093200EBC20550F832202C
:104EC0000D92049AD5F804C0D61F02F00F0706F021
:104ED0000F0600EBC7070936BA6C00EBC60550F8A1
:104EE00036606D68B618FA6C45EB02024FEA5E0553
:104EF0001E924FEA510845EAC1720D0A1F9248EA14
:104F0000CE7845EA0E624FEA1E2588EA020845EA95
:104F100001651F9AC90941EA4E61554088EA0101BD
:104F20001E9A711885EADE1542EB05050D9A4FEAC7
:104F3000DC484FEACC0646EA52764FEAD24E48EABF
:104F40004238D20042EA5C724EEA4C3E8EEA020ED1
:104F50000D9A920942EA8C628EEA020288EA0608F9
:104F600088EA9C188E1845EB0802C7E91262A50B67
:104F7000A70C47EA833745EA83457D40990B4FEA02
:104F8000934CE7054CEA843C47EA532741EA8441C5
:104F900085EA070E81EA0C01049F414D4FEAC35C8C
:104FA0004CEA542C81EA0C0105EBC70C55F837503C
:104FB000DCF8047049194EEB0705079F27EA030840
:104FC000089F27EA040C03EA0A0788EA070704EAAD
:104FD0000B0E8CEA0E0CC91945EB0C05891942EB36
:104FE00005060B9A029DDDF808C08A180C994FEA55
:104FF0001577039D41EB0601029E47EA05172D0F29
:1050000045EA0615039EDDF80CE0B60746EA9C0665
:105010004FEA8C7C4CEA9E0C87EA0C077540DDF861
:1050200008C07646760646EADC164FEA4C6C4CEA37
:10503000DE1C87EA0C077540DDF814C0019E86EA85
:105040000C08069E89EA060E029E08EA0608039EE0
:105050000EEA060E019E06EA0C06DDF818C088EA84
:10506000060609EA0C0CBE198EEA0C0C099F45EBEA
:105070000C05DDF828C0D71941EB0C0C921941EB57
:105080000501049D01350495059D0995069D0A9528
:10509000079D0B95089D0C95049D502D59D101E05D
:1050A000986102080E9DAA180F9D45EB0101C0E909
:1050B00002210299109A039D5218119941EB0501A2
:1050C000C0E904210199129A069D5218139941EBE7
:1050D0000901C0E906210599149A5218159941EB66
:1050E0000501C0E90821169AD719179A42EB0C015D
:1050F000189AD318199A42EB0404C0E90C341A9B8D
:105100001B9A13EB0A0342EB0B02C0E90A71C0E9D8
:105110000E32079A1C9B08999B181D9A42EB0102BC
:10512000C0E9103221B0BDE8F08F079A0B92089ABF
:105130000C92CDE907AB9A46059B0993069B0A930F
:10514000019BCDE90539029BDDF80C900193A34644
:105150000DE6019DCDE90559029DDDF80C90019504
:10516000CDE907ABCDE902219A46A3463B4664460A
:1051700091E600BF2DE9F8430446D0E932601546B8
:10518000EB009B194FEA5272424189464FF00001F1
:1051900028BF0121C4E9323231B1D4E934320133BC
:1051A00042F10002C4E9343204F148074FF000082C
:1051B0000DB9BDE8F88394F8D800C0F18006F6B2C6
:1051C000AE4288BFEEB24946324638440CF01DFD6F
:1051D00094F8D8303344DBB2802B84F8D830A5EB78
:1051E0000605B144E4D12046FFF770FD84F8D8806D
:1051F000DEE7F8B500F1480590F8D8301746802270
:10520000EA5490F8D8206F2B04460E4602F10100B4
:1052100032D8C2F16F02002128440CF0B6FBD4F85A
:10522000D030D4F8D4201BBA12BAC4E92E23D4F853
:10523000C830D4F8CC201BBA12BAC4E930232046B7
:10524000FFF744FD234604F1400053F8082F596846
:1052500012BA09BA9842C3E91012F6D1236820465F
:105260009B689847B8420246294628BF3A463046CE
:10527000BDE8F8400CF0C9BCC2F17F02002128440F
:105280000CF083FB2046FFF721FD70220021284609
:10529000C3E713B513463622044600920A4600F1CE
:1052A000480100F0E4FAD4E9323213F5806342F1A8
:1052B00000022046C4E9323202B0BDE81040FFF7D8
:1052C00005BD2DE9F04106461D4656F8483B92B013
:1052D0000F46904602A99B694022044698475C23EA
:1052E000314600933A464346204600F0C0FAD4E9DE
:1052F000322312F5806243F10003C4E932232046D1
:10530000FFF7E4FC23685E699B68984702A90246A0
:105310002046B0472368189A9B692946204698473B
:10532000402102A8FEF7FFFE12B0BDE8F081F8B5FB
:105330000F46B3EB870F054611461C464FEA87061A
:1053400009D21A460CF061FC321B28190021BDE875
:10535000F8400CF01ABB3246BDE8F8400CF055BCE2
:10536000F0B5002507462C46AB4204F0010000D101
:10537000F0BD51F82540261A52F8250064EB0404CC
:10538000361A47F8256064F100040135ECE72DE991
:10539000F04700241D68A446264696420BD140F8EB
:1053A000224000EB820901264FF0000A089CA64229
:1053B0000CD3BDE8F08751F82670E7FB054C40F8A8
:1053C0002640644601364FF0000CE6E7002453F80F
:1053D000267000EB860EA446944503D149F826407A
:1053E0000136E3E7DEF8005051F82C802D194AF120
:1053F0000004E8FB07544EF8045B0CF1010CEBE7EA
:10540000F8B50446FFF7ACFF1D46002316464042A0
:10541000043C1A4605B9F8BD56F8041B54F8047F3D
:105420000140C91942EB0207C918216047F1000386
:10543000013DEFE7FFF7ABBFFFF7E2BF2DE9F0411A
:10544000CC691326E30F24F00044A3FB0636CC619D
:1054500001EB82078C464FF0260E674549D1072A9B
:105460000CD83C4625680132ED18D2B246F1000353
:10547000082A44F8045B4FF00006F3D12622A3FB70
:10548000023402FB0644CA691325D60F22F00042FB
:10549000E6FB0534CA610A1FA44601F11C05164645
:1054A00056F8044FE4184CF10003B54234604FF055
:1054B000000CF5D116461327634656F8044FE4193D
:1054C00043F10007B54234624FF00003F5D1CB6BD6
:1054D000DC1723F00043CB63043852F8041F136A2F
:1054E0004B4023404B40954240F8043FF5D1BDE886
:1054F000F081DCF80050EC18DCF8205046F1000395
:10550000E5FB0E434CF8044B0026A6E7F0B589B046
:105510006D46034600F120070146002613202C4665
:1055200051F8042B121846F100008F4245F8042B65
:105530004FF00006F4D1079AD61722F00042191F47
:10554000F04307921C3351F8045F54F8042B6A406F
:1055500032406A408B420A60F5D109B0F0BD0023A9
:10556000D1F800C02DE9F04702F1200607461546A4
:105570001C4655F804EBEEFB0C34B54247F8043BEF
:1055800023464FF00004F4D140F8203F01F11C08FD
:1055900051F804EFA0F11C0C1746002557F8049BA6
:1055A000DCF80030A246E9FB0E3A5B194AF100052F
:1055B000B7424CF8043BF1D1884540F8045FE7D18D
:1055C000BDE8F08710B590B004466846FFF7C7FF06
:1055D000082269462046FFF731FF10B010BD0A4689
:1055E000FFF7F0BF2DE9F04F93B002AF0023D2F8E0
:1055F00000C00D4601F120080E461C46394656F8FB
:1056000004EBEEFB0C34464547F8043B23464FF0D1
:105610000004F4D10A930AAF02F11C09019452F874
:10562000043FA7F11C0E1C46AC460026DEF80030F5
:105630005CF804ABDDF804B0EAFB043B9B194BF1CA
:105640000006C4454EF8043BF0D1914547F8046F7D
:10565000E5D10822FFF7F2FE13B0BDE8F08FF0B4F9
:10566000002401F1200C0546264651F8043B52F86F
:10567000047BDB1946EB06071B1947F10004614563
:1056800045F8043BF1D1F0BCFFF740BFF0B5002373
:1056900001F12007054651F8044B52F8046B03F062
:1056A0000103E41A63EB0303A41B63F10003B94293
:1056B00045F8044BEFD1014603F0130251F8043BC7
:1056C00004469B1A44F8203B62EB02020B6802F08E
:1056D00001029B1A41F8043B62EB0202A142F5D1A0
:1056E00023F00043C361F0BD404230B5A1F1040096
:1056F00065EB0505043A1C3150F8044F52F8043F9D
:1057000063402B40634088420360F5D130BD70B5E3
:1057100088B0044668460E46FFF761FF09256946D2
:105720006846013DFFF75BFF15F0FF05F7D13246F4
:1057300069462046FFF746FF17260A256946684650
:10574000013DFFF74CFF15F0FF05F7D16A462146F2
:105750002046013EFFF736FF16F0FF06EDD1214649
:105760006846FFF73CFF6A4621462046FFF72AFFBE
:10577000082569466846FFF732FF013D6A46214623
:105780002046FFF71FFF15F0FF05F2D16846FEF730
:1057900028FD08B070BD38B504460D46FFF7B7FFC9
:1057A00021462046FFF71BFF21462046FFF717FF43
:1057B0002A4621462046FFF705FF21462046FFF7EF
:1057C0000EFF21462046FFF70AFF2A4621462046C3
:1057D000FFF7F8FE21462046FFF701FF2A46214643
:1057E0002046BDE83840FFF7EDBE000030B5044666
:1057F00089B00D46FFF78BFF21462046FFF7EFFEED
:105800002A4621462046FFF7DDFE21462046FFF7C7
:10581000E6FE21466846FFF7E2FE2022694628465A
:105820000CF089F828B96846FEF7DBFC012009B0C6
:1058300030BD0A4A21462046FFF7D4FE214668467D
:10584000FFF7CDFE2022694628460CF074F80028A8
:10585000E9D06846FEF7C5FC0020E8E75864020876
:10586000014B0360704700BF8064020870472DE958
:10587000F8431D4603689DF82090DB6804460E46F9
:1058800090469847236807461B6920469847AF42D1
:105890000ED32A46414630460CF0B7F974197A1BEC
:1058A000494620460CF071F8B44217D1BDE8F883A0
:1058B00023682A46414620465B699847236820466C
:1058C0009B689847236802469B69054631462046F7
:1058D0009847236820461B699847DFE716F8013B85
:1058E00089EA030306F8013CDEE70000224BF0B52D
:1058F0000B443C24B3FBF4F104FB1133B1FBF4F291
:1059000004FB1211017118214371B2FBF1F301FB89
:105910001322C2709BB2002240F26D164FF69365BF
:1059200012F0030413BF37464FF4B777012100216B
:10593000BB421AD2114D027001216A5C4CB9022996
:1059400007D10132D2B29A420BD89A1A93B20321EC
:105950001F229A4205D80131C9B29A1A0C2993B272
:10596000EBD1013341708370F0BD691A0B440132F1
:105970009BB2D2B2D4E700BF80BC92C7A764020832
:10598000704738B50446002508462171A5710AF014
:10599000AFFD65712060204638BD10B50446006833
:1059A0000AF0AEFD204610BD0023437170474079D8
:1059B00070470068704700008E2912D8702903D8FC
:1059C000032908D801207047074B7139C9B2CB4071
:1059D00003F001007047643904298CBF00200120C6
:1059E00070470020704700BFBD91FE20882914D861
:1059F000702906D803290BD8012994BF0020012063
:105A00007047074B7139C9B2CB4003F001007047B2
:105A1000A1F167035842584170470020704700BF0A
:105A20001901A0002DE9F84F04460E4690461D4688
:105A3000FFF7C2FFC8B18E2E98BF2D4B94F805908A
:105A40009CBF9F5D2B4B227994BF33F816B0002783
:105A500009EB070303F1010388BFBB46934206DB52
:105A60000123A3710020BDE8F88F0223F9E700218C
:105A70002846EBF715FB0021B0F1000A284618BFB5
:105A80004FF0010AEBF70CFB08B105F10045584651
:105A9000EBF710F92946EBF765F9EBF765FB3146B3
:105AA00005462046FFF7A2FF40B1BAF1000F05D02E
:105AB000FA00012393405A1E2A409D1A236809F1D7
:105AC0000102627103F8098063792268591C6171CF
:105AD000D654002201326379D1B28F423B4402D2C4
:105AE000D8B26071BFE721689B1ACD542D0AF1E747
:105AF000D2650208B464020808B513460A46742148
:105B0000FFF790FF08BD704710B550210446EFF72E
:105B1000E0FE204610BD000038B5074B04460D4698
:105B200040F80C3B442200210BF02FFF0023A5601E
:105B30002371204638BD00BF6C66020810B50446CC
:105B4000007958B901B1A160A16839B104F10C0024
:105B500000F092FEB0FA80F04009207110BD38B517
:105B60000379044600F10C053BB98168284601F031
:105B700069FDB0FA80F0400938BD00230371284662
:105B800000F0BCFE0028F4D1A168284601F05AFDBF
:105B90000028EED1A168284600F06EFE0028E8D16A
:105BA00001232371E5E738B50D46044611461A4630
:105BB0002B4600F052F9204638BD00B5C3B06A4606
:105BC0000C3000F01DFEB0FA80F0400943B05DF8E3
:105BD00004FB08B50C3001F067FEB0FA80F0400914
:105BE00008BD07B503688DF807105B6801220DF149
:105BF0000701984703B05DF804FB1346027D10B51A
:105C00004AB904690A46816904F10C0000F0E9FF11
:105C100020EAE07010BD0020FCE773B5044600697F
:105C2000257D0DBBA1690C3000F0DEFD0646206924
:105C3000A1698DF8075001230DF107020C3001F026
:105C40006AF900282069A169C8BF9DF807504FF084
:105C50000003324600F10C00D8BF4FF0FF3501F0D1
:105C6000BEF9284602B070BD4FF0FF35F9E738B5F0
:105C7000037D044663B90069A1690C3000F0B6FDEC
:105C800005462069A1690C3000F0AEFD281A38BD28
:105C90000020FCE7037D2BB90369816903F10C0047
:105CA00001F093BB7047000010B500224FF47A74E6
:105CB000C0E90124054C0460C0E9062201610275B7
:105CC00080F8202080F81F2110BD00BF7C660208EC
:105CD000F8B504460E4615461AB1012A17D0012020
:105CE000F8BD012738200AF003FC0146A06160B12D
:105CF000206932463B460C3001F0CFFD024648B1E8
:105D0000A0690AF0FDFB0023A3610020E8E740F250
:105D10000317E7E7012D05D12069A16902230C30A3
:105D200001F05DF900232375D9E770B504462C20F6
:105D30000E460AF0DDFB0146A06150B120693246F3
:105D40000C3000F01CFD30B1A0690AF0D9FB002333
:105D5000A361002070BD012525753046EBF748FA98
:105D600028440AF0C5FB3146E0610BF046FF2846A7
:105D7000F0E71346027D10B43AB904690A46816916
:105D800004F10C0010BC01F0C6B8002010BC704734
:105D900007B501220DF10701FFF7EBFF0028CCBF8B
:105DA0009DF807004FF0FF3003B05DF804FB8169F8
:105DB00038B5044679B10069257D0C3065B100F035
:105DC00006FDA0690AF09CFBE0690025A56108B109
:105DD0000AF096FBE56138BD01F030FBA0690AF0DE
:105DE0008FFBA561F7E7FFF7E2BF70B58369C2B02B
:105DF00005460E4614460BB1FFF7D9FF28696A46DF
:105E000031460C3000F0FCFCE0B99DF80030112B5D
:105E100005D1224631462846FFF75AFF03E03146B6
:105E20002846FFF782FF044670B12F2130460BF061
:105E3000F7FD203500B1461CFF22314628460BF005
:105E4000DCFD02E0023003D00024204642B070BDE9
:105E5000012CF9D1DDE7FFF7C8BF70B504460D4648
:105E600016461946FFF720FF324629462046FFF71F
:105E7000F2FF204670BD8069003818BF01207047CE
:105E800003681A6AC36AD31A1944B1FBF2F302FB1E
:105E90001311036B8B4210B50AD94C09C06B01F08A
:105EA0001F0150F8243001228A40134340F8243067
:105EB000002010BD0368013304D04068431C5842E1
:105EC000584170470120704710B50B6804689C4228
:105ED00009D040684968884205D08C4203D0181A1E
:105EE00018BF012010BD0020FCE72DE9F74FDDE9C8
:105EF0000C470E9D83468846924699460DB9002070
:105F000064E0DBF80000BAF1000F1ED0DAF80030D0
:105F10004B451AD1DAF80410A14216D886690E440E
:105F2000A64212D9361BAE42DAF8083028BF2E46F8
:105F3000611A3846324619440BF067FEAD1B3744F0
:105F40003444DCD0DBF80000E0E7D8F800204369F7
:105F50004A4517D1D8F80410A14213D8CE18A6424A
:105F600010D9361BAE42D8F8083028BF2E46611A29
:105F70003246384619440BF048FE37443444AE1BD1
:105F80003546BBE74168B4FBF3F203FB12428C4693
:105F90007AB9AB420DD8B5FBF3F603FB1656AD1B31
:105FA00000953B4622464946E04778B92F442C44A9
:105FB000E6E7A21AC8F80090C8F804200093D8F8C1
:105FC000083049466646B04700289AD003B0BDE87D
:105FD000F08F1FB5069C0092CDE9013400220B46DC
:105FE00000F11401FFF781FF04B010BD2DE9F04767
:105FF00086B005460F46144600F11409D6184FF036
:10600000010A0DF11708A64203D1002006B0BDE831
:10601000F0870094CDE9018A3B4600224946284694
:10602000FFF763FF01340028F0D10E9801224146AA
:1060300001F078FCE7E72DE9F04F8BB0136804938B
:1060400000265368059307460C46B0460DF1100A2A
:1060500006AD4FF0100B5AF82690CDF800B02B4645
:10606000002249463846FFF7B4FF70B110F1340FF3
:1060700006D146B1B8F1000F0CBF6FF0330000201D
:106080000BB0BDE8F08F0126E5E7B8F1000F04D0B2
:10609000E269069B9B1A002BEBDB079B23F0004376
:1060A000132BE6D93A68D2699342E2D84FF0FF3316
:1060B00003A810222946039301F034FC079B03A890
:1060C00023F000430090103B102249463846FFF76A
:1060D0008DFF0028CAD1039B002BCAD10AAA86F0E3
:1060E000010302EB830304F11C0C53F8183CA3607A
:1060F0001023E36095E80F00C4F804904FF0010806
:106100008CE80F00B5E7F7B5044604300E46154697
:10611000FFF7D0FE10B1002003B0F0BD00900123C6
:106120006A46294620460193FFF785FF0028F3D1F0
:1061300005F124073846FFF7BDFE0028EBD13146B4
:106140003846FFF7C1FE38B13A4629462046FFF7E8
:1061500072FF0028EED0DFE70120DDE72DE9F04FE8
:1061600087B0DDE9104506468B46174625444FF0BB
:1061700001090DF1170AA3EB0408AC4201D101207B
:1061800011E008EB04030093CDE901A93B4600228E
:1061900059463046FFF7A9FE28B914F8013B9DF88F
:1061A00017209A42E9D007B0BDE8F08F03689B6AD8
:1061B00010B5044613B9C0690AF0A2F92368DB6A76
:1061C00013B9A06A0AF09CF923681B6B23B9E06B32
:1061D000BDE810400AF094B910BDF8B5C6690D6865
:1061E000083EB5420F4613D3B5FBF6F0013807F071
:1061F0002BFF841CA5EB8404B4FBF6F4204607F0C7
:1062000023FFA5EB800504FB16553D602046F8BD35
:106210000020FCE72DE9F04F89B00646DDF84C8000
:1062200005920F464BB94FF0FF32C8F80020149A80
:106230000020136009B0BDE8F08F0468013B07A996
:1062400020460793FFF7C9FF12A905462046FFF72E
:10625000C4FF4FF0040A81460DF1140BA945059BBC
:1062600003D3C8F80030129BE1E7A5EB0904B4FAA8
:1062700084F495FAA5F2B2FA82F2C4F11F049442B2
:1062800028BF1446A2000092CDE901BA0022394687
:106290003046FFF72AFE0028CCD10123A340ED1A97
:1062A000DCE72DE9F04F89B006461298DDF850A0E2
:1062B0000F4690469946E8B10138059005A9306827
:1062C000FFF78BFF0DF1180B0446139B4946504610
:1062D000984778B974B104F00105C5F10202920043
:1062E000CDE901B200904B46424639463046FFF7B1
:1062F000FCFD10B109B0BDE8F08F06992DB9139BD4
:10630000504698470028F5D1012008AB03EB8000E8
:10631000023D50F8089C2C44D7E704300844104450
:1063200070472DE9F34106460C46154601F1240756
:106330004FF01008216AE26821F0004302F10C00DE
:10634000043B984215D80C23009361682B1D3046FE
:10635000FFF73FFE034688B9E668EA79A9796879CC
:106360002E60FFF7DAFFA26906440244E660A261EC
:1063700004E0002906DB2A606FF00103184602B032
:10638000BDE8F0813A4621463046FFF754FE034609
:106390000028F3D1A369C4F80C801433A361C9E7C2
:1063A00030B5044693B004300D46FFF783FD10B1BD
:1063B000002013B030BD0190012301AA07A9204697
:1063C0000293FFF738FE0028F3D110A8FFF772FD03
:1063D0000028EDD110AA07A92046FFF72CFE0028BF
:1063E000E7D103AA07A92046FFF79BFF10B1831C42
:1063F000EBD0DEE79DF91030002BF2DB08222946B6
:1064000005A80BF098FA0028EBD10120D1E72DE97F
:10641000F843054604300F4614461E46FFF74AFD72
:1064200010B10020BDE8F88301235062936202F1AD
:10643000240806F108094046FFF73CFD0028F0D18A
:10644000424621462846FFF7F6FD0028EAD13246AB
:1064500021462846FFF765FF10B1831CEBD0E1E72A
:10646000337903F07003202BF1D139464846FFF70A
:106470002BFD0028EBD10120D4E700002DE9F04FDF
:1064800087B01F68049340F622035360436893600B
:10649000DFF82C918368039105461446D360494682
:1064A00038460BF0D3FA07EB0008834649464046CE
:1064B0000BF080FA0128064608EB000A05D117F810
:1064C0000B302E2B0AD15746E9E7022806D10246A7
:1064D0003C4940460BF02FFA0028F4D057464FF0C5
:1064E000010B494650460BF0B1FA824449465046EA
:1064F0000BF060FA024690B102280CD105903149A8
:1065000050460BF018FA059A28B9BBF1010B04D1DB
:106510000AF10207C3E70BF1010B9244E1E798F897
:106520000000002841D0049BC3F800802379222B6F
:1065300043D104F1080A039952462846FFF77BFD30
:1065400098BB05F1140B039922462846FFF7E9FE94
:1065500058BB237903F07F03112B01D0222BF2D1FA
:10656000E379B342EFD12368627904331344A2790B
:10657000CDE900861344039A594652682846FFF72E
:10658000EDFD002811DBDED095F84130002B86D1DF
:1065900094F90430002B82DA51462846FFF700FFB9
:1065A000002805D001DB6FF0010007B0BDE8F08FD7
:1065B000237903F07F03237171E76FF01300F4E791
:1065C000A0660208A2660208C368184710B50C4608
:1065D0008269A068FF210BF0D8F94FF0FF332360E8
:1065E00010BD38B58B6A016004460D46CBB1C3615E
:1065F000EB6A13B3A36204F120012846FFF7E6FF1C
:106600004FF0FF33636123681A6BEAB1E263002045
:106610004FF0FF33C4E90133C4E90300A4F840009C
:1066200038BD486909F064FFE0610028E0D12046E8
:10663000FFF7BCFD6FF00B00F2E7A86909F058FF07
:10664000A0620028D7D1F2E7586AC00809F050FFCD
:10665000E0630028DBD1EAE7F7B50C4609684B1C7C
:106660000546164602D1002003B0F0BD00688369DC
:106670000093D4E901238768B8470028F4D12B6838
:1066800026B928682146FFF7A1FFECE79B69019333
:10669000A3680093D4E9002331462846FFF75EFD46
:1066A0000028E1DBEDD16FF03300DDE72DE9F74F96
:1066B000DDE90C480E9E81460F4693469A46002E11
:1066C00038D1304606E05A4639464846FFF7C4FFFF
:1066D000002850D003B0BDE8F08FB4FBF2F302FB0A
:1066E00013431BBB964221D3B6FBF2F502FB1565A3
:1066F000761B0096836822469C4651464346E047F7
:106700000028E7D1BBF1000F02D1B044344434E09B
:10671000CDE900862346524659464846FFF71EFDFE
:106720000028D7DBF1D16FF03300D3E7E31AC7F8C5
:1067300000A07B603B68D9F8000053458269CCD14A
:106740007B68A342C9D89D18A542C6D92D1BE01A63
:10675000B542BB6828BF35462A46184441460BF06F
:1067600054FAD9F800309A692C44B4FBF2F302FBD6
:106770001343002BA7D0A844751B2E469FE730B5C6
:1067800043684B6087B0836801928B6002AA01ABBB
:1067900005460C46FFF772FEA0B99DF80C30222B7F
:1067A00012D104AA21462846FFF745FC50B9636878
:1067B0002361A36863610E23A3611023E3602B6947
:1067C00023602C6107B030BD6FF01300FAE7036956
:1067D00000F110021BB18B4203D11B681360002033
:1067E00070471A461B68F5E7086A7047CB69486925
:1067F0009B0303D50B6A984238BF184670470000C8
:1068000070B594B01546039103AB05AA09A90646D5
:10681000FFF734FE0446C0B901464FF4847228469F
:106820000BF0B3F89DF818302B70112B04BF089BA8
:106830006B60311D07A8FFF747FB05F1080304460D
:1068400030B90C4918460BF0D8F9204614B070BD89
:10685000059A9DF819109DF81B00009004320A4417
:106860009DF81A1030460A440A99FFF7B2FB044615
:10687000EBE700BFA066020830B599B00546FFF708
:10688000B0FE044658BB2B6868631B6AAB63C5E95E
:106890000B000290012302AA0DA928460393FFF7DB
:1068A000CAFB044600BB202300930E9905AB1022BF
:1068B0002846FFF78EFB0446B0B9069B6B60079B2A
:1068C0000D49AB6008220BA80BF035F8044648B917
:1068D0000A9B1A0C012A0BD19BB2012B08D8204627
:1068E00019B030BD6FF033042846FFF75FFCF6E7C0
:1068F0006FF01504F8E700BFA566020808B5FFF7BA
:1069000055FC002008BD2DE9F043064697B0043041
:106910000F469046FFF7CEFA20B10024204617B06C
:10692000BDE8F08301230590069305994046B847DA
:1069300004460028F2D106994046B847044600288C
:10694000ECD105AA0BA93046FFF775FB04460028D9
:10695000E4D14FF00C09139B0E9D23F0004305F189
:106960000C02043B9A4223D9149B059305A8159B5E
:106970000693FFF79FFA0028D7D0F56806F11409AF
:10698000002DCAD0EB69DA033CD4EB699B030DD52B
:10699000CDE901782B6A00936B6A05F12C02494618
:1069A0003046FFF77EFC04460028B7D12D68E7E7A4
:1069B0000C99CDF8009008AB2A463046FFF709FB4A
:1069C00004460028AAD19DF823209DF822109DF8A6
:1069D0002100FFF7A2FC9DF8203003F0700328444B
:1069E000102B0E90B7D10A9B00932246CDE9017877
:1069F000099B06F114013046FFF753FC04460028BA
:106A0000A9D08BE7CDE901786B6900932B6905F17B
:106A10002C0249463046FFF744FC04460028B4D017
:106A20007CE70000F8B504460D460126236BD4E947
:106A30000D219A421DD1002949D0E06A2268034401
:106A4000106A526A8A4294BF22632163B3FBF0F753
:106A5000002100FB17336163D208E06BE3620AF0A8
:106A600094FF1C4922462046FFF74DFF0028DDD049
:106A700024E00139501CA1635709E16B606351F8B0
:106A8000277002F01F0006FA00F03842CFD1E36A07
:106A900013442268126AB3FBF2F002FB10332B603E
:106AA000266B0125636BB3420FD05A0903F01F0018
:106AB00051F8222005FA00F0104000D1F8BD013352
:106AC0006363A36B013BA363ECE70020F6E76FF081
:106AD0001B00F3E7815E010873B50C4604310646DE
:106AE000FFF7A0FF0546F0B904F108013046FFF7B3
:106AF00099FF0546B8B9042300930246616804F182
:106B00001C033046FFF765FA10B110F1340F0DD1B8
:106B1000E3690133E36114224FF0FF33C4E9082332
:106B2000A3621023E360284602B070BD0546FAE771
:106B30002DE9F04F044689B00E4600F1140B07A969
:106B40002046FFF76FFF054658B9DDF81C90206816
:106B50004946FFF739FD054600283BD010F1340FB8
:106B6000EDD0284609B0BDE8F08F0DF11B07CDE947
:106B70000087CDF808A0736A059A59462046FFF7AA
:106B8000B4F970B9CDE9017ACDF800804B465A4688
:106B900004F120012046FFF789FD20B110F1340FE8
:106BA000CDD00546DDE708F10108B36A4345DCD8DE
:106BB0002368A16A9A69706B0BF027F8236AF36265
:106BC000636A2068336304F12001FFF7FFFCC6F815
:106BD0002490C6E706F12C03804605934FF0010A86
:106BE000E3E72DE9F04F8FB0CDE90623CB6903F041
:106BF0000302012A05460C4600F01F815E031AD4E9
:106C0000E669320520D4276A079BDF4200F118812C
:106C100016F400361ED005F11403DDF81CA009930C
:106C200004F12C08E369BAF1000F25D123F4002305
:106C3000079AE36104E000F006F902460028DFD07D
:106C400010460FB0BDE8F08F6269216A8A4288BFA2
:106C50002262D8E763699F42DDD92362236A9F429B
:106C6000D9D90DAA0123214628468DF83460FFF7B3
:106C7000B8FF021EF2DAE3E79B0324D52B68A26A71
:106C8000DB699A4240F098802B681B6AAB6305F180
:106C900014030493D4E90832CDE90B230DA9284647
:106CA000FFF7C0FE024608BB0D9B286805931946F6
:106CB000FFF78AFC024618B312F1340F16D14FF0D9
:106CC000FF332B62EAE7236A002BDDD004F12802B0
:106CD0000292013B04F1240201920093D4E90423BF
:106CE00041462846FFF796FA024620B1E36943F48D
:106CF0000023E361A4E728684146FFF767FCC3E788
:106D00000C9F2E680890002F4FD0013F0CA93046F1
:106D10000C97FFF762FA0C9FF369089A01379F42BC
:106D20000C9768D1461C96FAA6F6B6FA86F606F1D6
:106D3000010B91460BAF4FEA890308930423CDE979
:106D400001734FEA890300934146DDE90423284695
:106D5000FFF7ACFC0B9B02460028ADD14E4550D14D
:106D600009F10109CB45E6D84FEA8B071DE0002267
:106D7000CDE9016B0B9B0499CDF800902846FFF7F5
:106D8000B4F802460028B1D1DDE90423CDE9016B56
:106D9000CDF8009041462846FFF788FC02460028BF
:106DA0008AD109F101094F45E1D8059BC4E90937AA
:106DB000E36943F40033E3612B68DE69A36AF61AE2
:106DC000564528BF5646069B02960193A36A009338
:106DD000099A636A41462846FFF768FC0246E8B113
:106DE00010F1340F82D121462846FFF7A1FE02465A
:106DF0000028E8D07AE791464FF0010B0DF12B0601
:106E0000D1E70421CDE90171089900912846049940
:106E1000FFF76BF802460028A2D067E7236A3344E5
:106E20002362A36A3344A362069B334406932B6810
:106E30001B6AAB63AAEB060AF4E66FF00802FFE6F2
:106E40006FF01A02FCE6CB695A032DE9F04144BF0A
:106E500023F48023CB61CB6944BF4FF0FF32CA6279
:106E60009B0390B005460C4603D4002010B0BDE84B
:106E7000F0810F6A2C22002102A805F114060AF005
:106E800084FD2369069396E807006369079301234D
:106E9000CDE9093710AB03E907004FF0FF38C5F81B
:106EA0001480226A63699A4211D304F12C08324695
:106EB00041462846FFF7D0FB08B310F1340FD5D177
:106EC00021462846FFF734FE0028F0D0CEE7012304
:106ED0000DF1070202A9284600F01DF80028C5DBC5
:106EE00001230DF1070221462846FFF77AFE00280C
:106EF000BCDB6B690133D4D0CDF83480CFE7636A53
:106F00002361236A6361E36923F4003343F480332C
:106F1000C4E90737A9E72DE9F04F1D46CB69904634
:106F200003F00302022A87B007460C4654D09A03A6
:106F300005D4236A6669B34208D3002003E0FFF753
:106F400082FF0028F5D007B0BDE8F08FF61AAE42F8
:106F500028BF2E4604F12803B14604F12C0A0593FC
:106F600004F1240BB9F1000F01D13046EBE7E369DE
:106F70005B0304D53B68A26ADB699A4210D1059B8A
:106F8000CDE901B3236A0093D4E90423514638467E
:106F9000FFF740F90028D6D1E36943F48023E36189
:106FA0003A68A36AD5690093ED1A4D4528BF4D464E
:106FB000CDE901850022636A51463846FEF795FF08
:106FC0000028C0D1236A2B442362A36A2B44A36206
:106FD000A844A9EB0509C5E76FF00800B3E770B551
:106FE0000D4614461E46FFF72EFF70B92B6A36B1C8
:106FF000012E01D11C4402E0022E07D01C46002CB9
:10700000A6BF2C6220466FF0150070BD6B69F1E7DA
:10701000F0B5012680F84060A7B004460430FEF7C2
:1070200049FF0546002879D101462C2205A80AF01F
:10703000ACFC4FF000432822294610A80D930AF01B
:10704000A4FC1A9623681B6A9D4202D36FF033009A
:1070500020E019A8FEF72EFF00285FD119AA10A979
:107060002046FEF7E8FFA8B90D9B002B34DB01ABEF
:107070001BAA0EA92046FFF7CAF900280ADB0BD18C
:10708000199B0E931A9B0F9300231A4605A92046BD
:1070900000F046F827B0F0BD039A0E99049B0F98B4
:1070A0008A4201D1984217D0904201D1994213D01F
:1070B0000E92E8E79DF97030002B0DDA1DA92046ED
:1070C000FFF76EF90028E5DB1BD01BAA10A92046AC
:1070D00000F03DFA0028DDD11BAA10A92046FFF7D9
:1070E00020F90028E6D0831CD4D110AF0FCF05AE15
:1070F0000FC60FCF0FC697E80700013586E80700D7
:10710000A0E79DF8703003F07F038DF870301BAA64
:10711000034610A9204600F03FF9DBE70020B9E75D
:107120002DE9F04F9DB00D460993CB6905920133CF
:10713000CB610B1D0646079309984B688968069337
:10714000C5E9011302EB001413469C4212D1069BC1
:107150000C9300230B91089369683068FFF734FAA9
:10716000044678B114F1340F00F0DF8020461DB0E2
:10717000BDE8F08FD8682A6A02445868121A2A6259
:107180001033E2E705F11C084FF0FF3310224146AF
:107190000DA810270D9300F0C5FBCDE901870094E1
:1071A00006F1200A22466B6851463046FFF77EFA08
:1071B00004460028D6D18346B84629E0099B9B4562
:1071C00080F28D80059A4FEA0B1302EB0B19D3580E
:1071D000434540F08480D9E902120DA800F0A2FBDB
:1071E000D9F80C300293D9F80830CDE900730022A9
:1071F0006B6851463046FFF759FA04460028B1D172
:10720000D9F804309844D9F80C300BF1010B1F4425
:107210002B6A23F00043043BBB42CFD80DF1340866
:10722000CDE90078042302936B6800225146304672
:10723000FFF73CFA0446002894D14FF0FF3702468E
:10724000776151463046FFF707FA0446002889D196
:107250003068036998470446002883D12B6A119748
:1072600011AF009723F0004302466968043B3046A3
:10727000FEF7BCFE044600287FF478AF119A0D9B00
:107280009A4252D1089B2BB343463A460BA930464B
:10729000FFF7BDF80028FFF66AAF5ED06B680F936A
:1072A000AB681093424623463946304600F074F8E6
:1072B00000287FF45CAF311D0BA8FEF705FE18B95E
:1072C0006B687360AB68B3603046FFF7A1FE0028BF
:1072D0007FF44DAF3269002A53D1104647E74FF093
:1072E00001090699CDF8009011AB42463046FEF7F1
:1072F00070FE044600287FF439AF4A4611A90DA854
:1073000000F010FB11ABCDE90073CDF808902246D8
:107310006B6851463046FFF7C9F9044600287FF4F0
:1073200021AF08F10108013772E74FF0FF333362F4
:107330000124002311A90BA8CDE91134FEF7C4FDE7
:1073400010B96FF0330012E707993046FFF76AFB78
:10735000089400283FF400AF09E73A460BA93046ED
:10736000FEF7D1FE0028FFF602AFB3D06B681A9388
:10737000AB681B9300231A4639463046FFF7D0FE10
:10738000A5E70799101DFEF79FFD18B96B685360BC
:10739000AB68936012689EE770B5154688B055F8E3
:1073A000044BD27900940C26002BCDE905230792DB
:1073B00034440CBF012302236A46CDE901650396DC
:1073C0000494FFF7ADFE08B070BD70B592B00646EC
:1073D0000D46FFF738FD044658BBEB6903F4102354
:1073E000B3F5803F25D12A1D1046FEF763FD00BB93
:1073F00007A93046FEF71FFEF0B90C23EA6808998A
:107400000093304604ABCDE9044406940392FEF7A2
:10741000E0FD88B92B6905936B69069303AA23469F
:1074200007A93046FFF7B8FF30B9EB6923F4803382
:10743000EB61204612B070BD0446FAE770B5054610
:107440000C46FFF7C2FFEB68064605F10C021BB1C4
:10745000A3420DD123681360A3690BB11B682BB93C
:107460002B685B6B13B9606B09F04AF8304670BD4E
:107470001A461B68EBE72DE9F043804695B00E46AF
:107480001746994601F12405FA79B9797879346A71
:10749000FEF743FFD8F80030DB692044984215D846
:1074A000043C47F8044B00230C21CDE90A37CDE911
:1074B0000C14CDE90E3910920994022309AA314621
:1074C0004046FFF72DFE15B0BDE8F083002C36DBFB
:1074D00035460FCD09AC0FC40FCD0FC495E807009A
:1074E00084E8070031464046FFF7F6FA0028EAD163
:1074F000129B7362139BB362336A3A46043B42F8B1
:10750000043B03920C22CDE90130CDE90423FB7941
:107510000893CDE90609022301AA31464046FFF748
:10752000FFFD0028CFD1119B43F0004311937368F6
:107530001293B36813930246034609A9C0E72A468B
:1075400031464046FEF777FD00289DD0BBE72DE988
:10755000F04714460D46D279A1798CB08046607907
:10756000FEF7DBFE2B6A143023F0004383421DD16B
:1075700001AA291D4046FEF7C6FD061E12DB099A28
:10758000002A13DA2B6A63F00043134009936B6AF5
:107590000A93AB6A0B9300231A4601A94046FFF7F2
:1075A000BFFD064630460CB0BDE8F0872368E2799F
:1075B000A17960790193FEF7B0FE0023CDE9033392
:1075C0000290012301AA29464046FFF7A9FD06467D
:1075D0000028E7D1D8F80C7005F1040A4FF0FF3904
:1075E000CFB9D8F810700435002FDBD02946381DEC
:1075F000FEF76AFC68B9FB682268934209D9E27910
:10760000A1796079FEF789FE1B1AFB60BB691B1A22
:10761000BB613F68E8E75146381DFEF755FC28B9C5
:10762000FB682268934203D1C7E901993F68D7E715
:10763000FCD9E279A1796079FEF76FFE1B1AFB6035
:10764000F4E70000F0B5A5B00546FEF7CAFF044612
:10765000002877D12B685A6A0146D208E86B0AF0F5
:1076600094F92A68EC62D2E908320EA9C5E90D4303
:107670009A4294BF2A632B632846FFF72DFA0446EB
:1076800000285CD119A92846FFF726FA04460028ED
:1076900055D10346024619A92846FFF741FD044685
:1076A00000284CD1294B1A9E1B9A6E601027CDE9F9
:1076B00005732B68AA60D969099125491B6A086876
:1076C0000A93496801974FF001130B930CAB03C366
:1076D0003423CDE90762CDE91762169306AE202365
:1076E000CDE90363029301AA01230EA92846FFF7FF
:1076F00017FD20B110F1340F02D004461FE0012421
:107700002023CDE90236049301AA01230EA92846BD
:107710000197FFF705FD20B110F1340FEDD1002CDA
:10772000EBD000220123CDE901230EA901AA2846AE
:10773000FEF781FC044610B92B681B6AAB63284630
:10774000FEF734FD204625B0F0BD00BF2E14000822
:10775000A56602082DE9F0471F4692B003F0030327
:10776000012BDDF86880019206460C4611D101AB71
:1077700003AA07A93046FEF781FE0546B0B99DF879
:107780001030222B00F08680B90534D56FF010053B
:1077900008E090F84030002BE9D1FFF739FC0546AE
:1077A0000028E4D0284612B0BDE8F087821CF9D149
:1077B000DDF804A02F2150460AF0EFF8814600289A
:1077C000F0D1FB05EED540F611038DF812005046BE
:1077D000ADF81030E9F70CFD4FF0FF33CDE9053976
:1077E0008DF81300534603AA07A93046FFF743FE5E
:1077F00005460028D6D1089B6360099BA360039BC4
:10780000E360059B23610022069BC4F8188078057D
:107810006361E761226210D44FF0FF33E362B8F195
:10782000000F02D0D8F800306BBB3268536B73B1D5
:10783000F26842B36FF00B05B4E713B147F4803739
:10784000E7614FF0FF320023C4E90423E4E7E36972
:1078500003F00303012B0AD1506908F049FE60636D
:107860000028E7D0F36823600025F4609AE7906968
:1078700008F03EFE60630028DCD0306804F12C0183
:10788000FEF7A4FEEEE76363E36903F00303012B55
:10789000E8D0F2E76FF0140584E713B500240094F4
:1078A000FFF758FF02B010BD10B590F840309CB003
:1078B0000446019143B101AB02AA06A92046FEF796
:1078C000DDFD30B11CB010BDFFF7A2FB0028F2D0E7
:1078D000F8E79DF80C30222B1CD002AA06A92046FE
:1078E000FFF735FE0028EDD19DF80C30222BE9D1B1
:1078F00006AA12A92046FEF706FC0028E2DB1A9B26
:107900000F931B9B109300231A4606A92046FFF7EE
:1079100007FCD7E704AA11A92046FEF78CFB002834
:10792000DBD0CFE770B50D4D0A44914200D170BD58
:10793000066811F8013B83EA060404F00F0455F8C9
:10794000244084EA161484EA131303F00F0355F855
:10795000233083EA14130360E7E700BFB066020830
:10796000F0B5CFB006460C466D4602F12007106810
:1079700051682B4603C30832BA421D46F7D19DF821
:10798000003023F007038DF800309DF81F3003F01E
:107990003F0343F04003214608A88DF81F3001F053
:1079A00093F844A800F031FF44AA08A93AA800F0CF
:1079B00039FF44A908AA084602F0D2F944A90846AA
:1079C00001F018FF44AA3AA908A801F084F912A806
:1079D00000F01BFF1CA800F00CFF08A926A801F06E
:1079E0005BF830A800F011FF0024FE25EB102746BD
:1079F0001DF8034005F007031C4104F00104674033
:107A00003A4626A912A800F097FF3A4630A91CA8CA
:107A100000F092FF30AA26A93AA802F0A1F91CAA08
:107A200012A944A802F09CF912A908461CAA00F069
:107A3000F9FE30AA26A91CA800F0F4FE12AA3AA961
:107A400030A801F048F91CA944AA084601F043F9FE
:107A500044A93AA801F0F1FC12A944A801F0EDFCF8
:107A60001CAA30A926A800F0DDFE1CAA104630A9E9
:107A700002F076F93AAA44A912A801F02CF944A917
:107A80003AAA084602F06CF91CA9084601F0D5FC98
:107A900044A930A801F0CEFB26A9084601F0CDFC90
:107AA0003AA9084630AA00F0BDFE1CAA08A930A8D1
:107AB00001F011F93AAA44A91CA801F00CF9013D02
:107AC00094D2224626A912A800F036FF224630A9F9
:107AD0001CA800F031FF1CA9084601F08BFE12A97A
:107AE0001CAA084601F0F7F812A9304602F069F91D
:107AF0004FB0F0BD30B50C46A9B0054610460A4659
:107B0000202100F00FFE237823F007032370E37F8A
:107B100003F03F0343F04003E3772146684602F059
:107B2000C2FB6946284602F09EFB29B030BD10B565
:107B3000A8B00446684602F0B6FB6946204602F04B
:107B400092FB28B010BD00002DE9F04FADF53D7D52
:107B500003460B900C4608330CAD00F1480618683C
:107B600059682A4603C20833B3421546F7D11CA808
:107B7000214604F1800504464B780A780F798E7807
:107B80001B0443EA0263CA7942EA07624F7943EA77
:107B9000062342EA0742CE788F79083142EA07226B
:107BA00033438D42C4E9002304F10804E4D10446C0
:107BB0001026D4E91C19CB0C4FEAD9424FEAC90E62
:107BC000CF004EEA517E47EA597743EA493342EA09
:107BD00041328909A04641EA89617B4082EA0E026E
:107BE0004B40D8E91217D8E900E8D4E9025C11EB60
:107BF0000E0147EB080782EA99125B1842EB070E69
:107C00004FEA15296A0842EACC7249EA0C6982EA0D
:107C100009014FEA5C074FEA1C28EA0947EAC577E1
:107C200048EA056842EA4C624A4087EA08079B181E
:107C300087EADC1106F101064EEB01010834502EF3
:107C4000C4E91E31B5D11A9B03931B9B0493149B6B
:107C50000593159B0693189B0793199B0893169BF6
:107C60000993179B0A930C9B01930D9B0293DDE9EB
:107C70000E89DDE910ECDDE912320149009101E0E5
:107C8000F066020805994FEA913A06994AEA814A54
:107C90004FEA913B05994BEA814B8D0C069945EAD9
:107CA00081358C0C059944EA81348BEA040B069CDF
:107CB000E40544EA51248AEA050ACD05069945EA15
:107CC000512500998AEA050A8BEA040BD1E900578D
:107CD000D0E900640799AD19099E47EB04044E40B2
:107CE0000A9F08994F4005990E4006990F40079941
:107CF0004E4008991AEB050587EA010703994BEBFB
:107D00000404AD1944EB07046D18049941EB040415
:107D10005B19039342EB04030493019B01991E0F2B
:107D2000029B46EA03161A0F019B42EA0312029BCA
:107D30009B0743EA91038F0702995A4047EA91074C
:107D4000019B7E404F0647EAD3175B0643EAD113F7
:107D5000734001995B1982EA070244EB020241EA8F
:107D60000804029941EA0905019901EA0807029904
:107D700004EA0E0401EA09063C4305EA0C0513EB8C
:107D8000040A45EA060542EB050B009A009BD568FC
:107D90009B680799D0E902421B1945EB02025B1868
:107DA0000899099C41EB0202059981EA04050699AC
:107DB0000A9C4C4003990D4004990C4009994D4090
:107DC0000A994C4003995B1942EB04028C0B04990D
:107DD00044EA81448E0B039946EA81468F0C04994C
:107DE00047EA81378D0C039945EA813504996E4045
:107DF000CD0503997C4045EA5125CF05049947EA12
:107E000051277C401C1985EA060542EB05051EEB4F
:107E1000040307934CEB050308934FEA1B724FEAE8
:107E20008B7343EA9A034FEA1A7642EA0A124FEA40
:107E30008A7747EA9B0746EA0B165A404FEA4A639D
:107E40007E4043EADB134FEA4B67029947EADA17B1
:107E500073401C1982EA070245EB0202019B41EACA
:107E60000B05019943EA0A0301EA0A07029903EAAA
:107E7000080301EA0B063B4305EA090514EB030C72
:107E800045EA060542EB050E009A009B55691B6901
:107E90000999D0E904421B1945EB02025B180A99C3
:107EA000039C41EB0202059981EA04050699049CB2
:107EB0004C4007990D4008990C4005994D40069992
:107EC0004C4007995B1942EB04028C0B089944EA79
:107ED00081448E0B079946EA81468F0C089947EA40
:107EE00081378D0C079945EA813508996E40CD059B
:107EF00007997C4045EA5125CF05089947EA512763
:107F00007C401C1985EA060542EB050518EB0403C5
:107F10000A934FEA1E724FEA8E7343EA9C034FEABC
:107F20001C7642EA0C124FEA8C7747EA9E0746EA33
:107F30000E1682EA03024FEA4C6386EA070643EA1A
:107F4000DE13019983EA06034FEA4E6749EB050900
:107F500047EADC171C194AEA0C0382EA070203EA23
:107F60000103029945EB02020AEA0C074BEA0E05EF
:107F70000BEA0E060D403B43E31845EA060542EBCB
:107F800005080993009A009B9B69D5690599D0E97A
:107F900006421B1945EB02025B180699079C41EB50
:107FA0000202039981EA04050499089C4C400A994D
:107FB0000D4003994D40049904EA09044C400A9984
:107FC0005B1942EB04028F0C8C0B47EA893744EAB9
:107FD00089444FEA99364FEA99457C40CF0545EAF6
:107FE000813547EA592746EA81466E407C404FEA90
:107FF000C9551C1945EA5125019B099985EA0605D1
:1080000042EB05051B190593029B43EB0503069301
:10801000099B4FEA18721E0F42EA03124FEA887357
:1080200043EA91038F0747EA980746EA08165A4041
:108030004B067E4043EAD8134FEA486747EAD11718
:1080400073401C194CEA010682EA070245EB020262
:108050004EEA080306EA0A060CEA01050EEA0807DA
:10806000354303EA0B03611943EA070342EB0303B9
:10807000009A0293009B556A1B6A0191D0E908425D
:1080800003991B1945EB02025B1804990A9C41EB0A
:108090000202079981EA0405089981EA0904059911
:1080A0000D4006990C4007994D4008994C400599A0
:1080B0005B1942EB04028C0B069944EA81448E0B57
:1080C000059946EA81468F0C069947EA81378D0C5F
:1080D000059945EA813506996E40CD0505997C40A4
:1080E00045EA5125CF05069947EA51277C401C19DE
:1080F00085EA060542EB05051AEB040303934BEBF7
:1081000005030493019B01991E0F029B46EA031687
:108110001A0F019B42EA0312029B9B0743EA910359
:108120008F0702995A4047EA9107019B7E404F060C
:1081300047EAD3175B0643EAD113734009991B1929
:10814000019C41EA0406029982EA070245EB020219
:1081500048EA0104019D09990D40029906EA0C06BE
:1081600008EA01073543009904EA0E045B1944EA62
:10817000070442EB0402D0E90A67D1E90A450799EE
:10818000A41945EB070564180899059E41EB050500
:108190000A9981EA0607069989EA010603990F40C0
:1081A00004990E400A994F40039986EA0906E4199A
:1081B00045EB06058E0B049946EA814A8E0B03991E
:1081C0008F0C46EA8146049947EA813B8F0C03995C
:1081D00047EA813704997E40CF0503998AEA0B0B61
:1081E00047EA512ACF05049947EA51278BEA070746
:1081F000E41986EA0A0645EB0605170F1CEB040195
:108200004FEA8276079146EA93064EEB05014FEA64
:10821000137C47EA03174FEA837E08914EEA920ED9
:10822000019977404CEA021C5E068CEA0E0C46EA85
:10823000D2164FEA426E8CEA06064EEAD31E41EA97
:10824000030C0299341987EA0E0745EB070741EA48
:10825000020509990CEA010C019901EA0306029949
:108260004CEA060601EA020E05EA0805009945EA0D
:108270000E0514EB060E47EB050CD0E90C67D1E9AF
:108280000C450A99A41945EB0705039E6418059946
:1082900081EA06070699049E81EA0606079907EA1D
:1082A0000107089906EA0106059987EA0107069978
:1082B00086EA0106079949EB0505E41945EB060531
:1082C0008E0B089946EA814A8E0B079946EA814649
:1082D0004FEA9149089949EA81398F0C079947EA91
:1082E000813708998AEA090A4FEAC15907997E40FD
:1082F00049EA5129CF05089947EA51278AEA070731
:108300000999E41986EA090645EB06054FEA1C7748
:1083100009194FEA8C76099146EA9E0648EB050159
:1083200047EA0E174FEA1E784FEA8E7949EA9C0910
:10833000774048EA0C184FEA4E660A9188EA090825
:1083400001994FEA4C6946EADC1688EA060649EAD2
:10835000DE1943EA0E08341908EA010887EA09071A
:10836000029945EB070703EA0E0642EA0C050D40A9
:1083700002EA0C09009948EA060614EB060845EAE9
:10838000090547EB0509D0E90E67D1E90E450599C6
:10839000A41945EB070564180699079E41EB0505EE
:1083A000039981EA06070499089E4E4009990F40F7
:1083B0000A990E4003994F4004994E4009994FEA9B
:1083C000913A0A99E41945EB06054AEA814A8E0B6F
:1083D000099946EA81464FEA914B0A994BEA813B5B
:1083E0008F0C099947EA81370A998AEA0B0A4FEA02
:1083F000C15B09997E404BEA512BCF050A9947EAA8
:1084000051278AEA0707E41986EA0B0645EB0605B9
:1084100001994FEA19774FEA897646EA98064FEABA
:10842000187A47EA08174FEA887B09194BEA990B33
:1084300087EA06074AEA091A4FEA48668AEA0B0AF7
:1084400005914FEA496B029946EAD9168AEA06066F
:108450004BEAD81B41EB050187EA0B0734194EEABA
:10846000080A45EB07070AEA030A4CEA09050EEA7F
:10847000080615400CEA090B4AEA0606069145EA89
:108480000B05A119019147EB0501029100994031BB
:108490000091009C1B49A14200F140007FF4F2AB27
:1084A000CDE91232079B1893089B1993099B1693E9
:1084B0000A9B1793059B1493069B03990B9A15939C
:1084C000CDE910EC019B1A91CDE90E8904990C932A
:1084D000029B0D931B910CAB02F1400552F8081F53
:1084E000D3E900405668091940EB0600AA42C2E9E8
:1084F000001003F10803F1D100200DF53D7DBDE82A
:10850000F08F00BF7069020830B5034600282ED0F6
:1085100000240025C3E9004517A5D5E90045C3E9B6
:10852000024517A5D5E90045C3E9044516A5D5E9D7
:108530000045C3E9064516A5D5E90045C3E9084548
:1085400015A5D5E90045C3E90A4515A5D5E90045B6
:10855000C3E90C4514A5D5E90045C3E90E4514A5AA
:10856000D5E90045C3E910450020986430BD0120DD
:10857000FCE700BFAFF3008008C9BCF367E6096AF7
:108580003BA7CA8485AE67BB2BF894FE72F36E3CA2
:10859000F1361D5F3AF54FA5D182E6AD7F520E51FF
:1085A0001F6C3E2B8C68059B6BBD41FBABD9831FB9
:1085B00079217E1319CDE05B2DE9F8430D4616466F
:1085C0000446002847D0002945D0836C802B42D830
:1085D00000F14C0716B93046BDE8F883A36C93B997
:1085E0007F2E10D929462046FFF7AEFA0028F3D196
:1085F000D4E9003213F5806342F10002C4E900328D
:108600008035803EE6E7C3F18008B04528BFB0461C
:1086100003F14B02224405EB08094D4516D14344B2
:10862000802BA3640ED139462046FFF78DFA00282F
:10863000D2D1D4E9003213F5806342F10002C4E9DB
:108640000032A0644D46A6EB0806C3E715F8011BEF
:1086500002F8011FE1E70120BEE7F8B50D46044628
:1086600000285DD000295BD0836C7F2B58D8D0E9DF
:1086700000670822E3FB02675A1C03448021702A2A
:10868000C0E90067826483F84C100AD90022A36C09
:108690007F2B39D904F14C012046FFF755FA00230E
:1086A000A3640022A36C772B34D93B0E84F8C4302A
:1086B0003B0C84F8C53036BA3B0A04F14C0184F80F
:1086C000C63084F8C770C4F8C8602046FFF73CFA8B
:1086D000294604F14002E37B0B70E3894B70E368A9
:1086E0001B0A8B70E368CB70E37A0B7163894B7163
:1086F000A3681B0A08348B712368CB71944201F183
:108700000801E8D10020F8BD591C2344A16483F876
:108710004C20BCE7591C2344A16483F84C20C1E7DA
:108720000120F0E730B5B5B0054668461446FFF7BE
:10873000EBFE48B90A4668462946FFF73DFF18B9DF
:1087400021466846FFF789FF35B030BD2DE9F0417D
:10875000FCB00446DDF8088248A81F460D461646C0
:10876000FFF7D2FE202208EB020148A8FFF724FF02
:108770003246294648A8FFF71FFF10A948A8FFF76F
:108780006CFF10A801F010FE10A920A801F08BFDCD
:1087900020A9204601F067FD48A8FFF7B5FE214655
:1087A000202248A8FFF708FF3946202248A8FFF7F3
:1087B00003FF3246294648A8FFF7FEFE694648A84F
:1087C000FFF74BFF684601F0EFFD10AB42466946EC
:1087D00004F1200002F02AFE7CB0BDE8F08183782D
:1087E000417802781B0443EA012343EA0200002196
:1087F00070470023C0E90033C0E90233C0E9043305
:10880000C0E90633C0E90833704700230122C0E9FC
:108810000023C0E90233C0E90433C0E90633C0E9EC
:10882000083370472DE9F04753684E688D68CC686F
:108830000F69D1F824A01E4493681D44D3681C44DA
:10884000136907EB030C4F69536907EB030E8F693C
:10885000936907EB0308CF69D36907EB0309136A30
:108860000F6A09681F44536A126853440A44C0E9F6
:108870000026C0E90254C0E904CEC0E90689C0E977
:108880000873BDE8F0872DE9F74F83688D68CC68E1
:108890004E685D40C36852425C4004EA02030193A3
:1088A00004690B69634003EA020E44694B69634043
:1088B00003EA020884698B69634003EA0209C46918
:1088C000CB69634003EA020A046A0B6AD0E900C775
:1088D000634003EA020B446A4B6A09687E406340C6
:1088E0008CEA010116401540134011408268019C3A
:1088F0005540C268856054400269C46082EA0E0235
:108900000261426981EA0C0182EA08027740016053
:1089100047604261826982EA09028261C26982EA31
:108920000A02C261026A82EA0B020262426A534090
:10893000436203B0BDE8F08F2DE9F04F8BB00B68B8
:10894000019304684B68019D029384EA050A8B68D1
:108950004468029D039384EA0509CB688468039DFB
:10896000049384EA05080B69C468049D059384EAAE
:10897000050E4B690469059D06938B69079384EA8C
:10898000050CCB69069D446908930B6A099384EA38
:1089900005074B6A8469079DDDF824B084EA050663
:1089A000C469089D6540046A84EA0B04D0F824B0C9
:1089B00052428BEA030B0AEA020A09EA020908EAB0
:1089C00002080EEA020E0CEA020C1740164015408F
:1089D00014400BEA0202D0F800B08BEA0A0BC0F890
:1089E00000B0D0F804B08BEA090BC0F804B0D0F89E
:1089F00008B08BEA080BC0F808B0D0F80CB08BEACE
:108A00000E0BC0F80CB0D0F810B08BEA0C0BC0F80D
:108A100010B0D0F814B08BEA070BC0F814B0D0F83F
:108A200018B08BEA060BC0F818B0D0F81CB08BEA6F
:108A3000050BC0F81CB0D0F820B08BEA040BC0F8CE
:108A400020B0D0F824B08BEA020BC0F824B0019813
:108A500080EA0A000860029880EA090048600398EA
:108A600080EA08008860049880EA0E00C8600598D3
:108A700080EA0C0008610698474007984F6146401D
:108A800008988E6145400998CD61444053400C627E
:108A90004B620BB0BDE8F08F2DE9F043D1E90098AF
:108AA000D1E902E3D1E90476D1E90654D1E90821FC
:108AB000C0E90098C0E902E3C0E90476C0E90654C1
:108AC000C0E90821BDE8F0832DE9F04F04460846CF
:108AD0008DB050F8042B05920D46FFF780FE8B01F8
:108AE00043EA90630B938301E81D0293FFF777FE3F
:108AF0004FEA4118430148EAD06805F10A0006939D
:108B0000FFF76DFE4FEAC10BC3004BEA507B05F146
:108B10000D000393FFF763FE83004FEA810A4AEAE0
:108B2000907A079305F114002B690193FFF757FE24
:108B3000CF01C30147EA506705F117000893FFF71B
:108B40004EFE4FEA4119430149EAD06905F11A0086
:108B50000493FFF744FE0E01030146EA107605F187
:108B60001D000993FFF73BFE810021F07E4121F0BB
:108B7000030101F18075059A680E4FF0130CA0FBFC
:108B80000C0C831805F07E4505932CBF01200020B6
:108B90004B1B0A93029B069D13F180720B9B4FEABD
:108BA000526143F1000341EAC311491948EB63687C
:108BB000029B069102F07E429B1A0B93039B07993E
:108BC00013F180734BF1000B5A0E42EACB1252188C
:108BD0000292039A03F07E434AEB6B61D31A03932C
:108BE000019B13F180732CBF012500255A0E42EA28
:108BF000C512089D5219019D03F07E4347F1000EF6
:108C0000EB1A0793049B099F13F1807549F1000942
:108C10006B0E43EAC913DB1946EB6969049E05F044
:108C20007E45751B0495059D15F1007C40F1000BF8
:108C3000069810F10077029848F1000810F10076CC
:108C400041F10001019112F1007505994EF1000EFC
:108C50000CF07C4A13F1007049F100094FEA9C6C5A
:108C6000B1EB0A0A0B99C4F800A04CEA8B1C1CEB70
:108C7000010C0699C4F804C007F07C4CB1EB0C0C55
:108C8000BF0E0399C4F808C047EA88177F180299F5
:108C9000E76006F07C47CF1B01992761B60E46EAD4
:108CA00081160799761805F07C41521AA261AD0E23
:108CB000049A666145EA8E15AD1800F07C429B1A55
:108CC0002362800E0A9BE56140EA8910C018606249
:108CD0000DB0BDE8F08F2DE9F04F8246D1E90003D9
:108CE000A5B0D2E9005808938B680193CB6809932B
:108CF0000B6902934B690A93D1E906930B93D1E96F
:108D000008630C9393680393D368059313690693E0
:108D100053690D9393690F93D3691693136A18934C
:108D2000536A1993039B019C4FF0130B0BFB03FC3D
:108D3000059B0BFB03F7069B0BFB03F317930D9BA4
:108D40000BFB03F310930F9B0BFB03F30E93169B8C
:108D50000BFB03F30793189BDDF81CE00BFB03F2FE
:108D6000199B0BFB03F30493089B04995B0011937D
:108D7000099B5B0012930A9B5B0013930B9B5B00A8
:108D800014930C9B5B001593119B83FB0131C0FB7B
:108D90000531C4FB0231129CC4FB0E31029CDDF88C
:108DA00038E0C4FB0E31139CDDF840E0C4FB0E310B
:108DB000179CC9FB0431149CC4FB0731159C0BFBA9
:108DC00008FEC6FB0C31C4FB0E31CDE91A31089BFD
:108DD000019C049985FB033EC0FB083EC1FB043E99
:108DE000099C0299C2FB043E079CC4FB013E0E99FC
:108DF0000A9CC1FB043E10990B9CC1FB093E1799CC
:108E0000C1FB043E0C99049CC7FB063ECCFB013E13
:108E1000CDE91C3E119B039988FB033CC0FB013C40
:108E20000199C5FB013C1299C4FB013C0299139CBA
:108E3000C2FB013C0799C1FB043C0E99C1FB093CF4
:108E40001099149CC1FB043C1799049CC1FB063C7F
:108E50001599C7FB013CCDE91E3C0899039B83FB98
:108E600001370599C0FB01370199C8FB0137099902
:108E7000C5FB01370299C4FB01370A990B9CC2FB61
:108E800001370799C1FB09370E99C1FB04371099C7
:108E90000C9CC1FB06371799C1FB04371793119936
:108EA000059B209783FB01730699019CC0FB01730E
:108EB0000399C1FB04731299049CC8FB01730299C6
:108EC000C5FB01731399C4FB01730799149CC2FB82
:108ED0000973C1FB04730E99159CC1FB06731099AD
:108EE000C1FB04730699089C109781FB047C0D99C3
:108EF000019CC0FB017C0599C1FB047C0399099C82
:108F0000C1FB047C02990C9CC8FB017C0A99C5FB3F
:108F1000017C0499C1FB097C0B99C2FB017C079978
:108F2000C1FB067C0E99C1FB047C0D99119C0E9728
:108F300081FB047E0F99019CC0FB017E0699C1FB59
:108F4000047E0599129CC1FB047EDDE90241C1FB50
:108F5000047E1399049CC8FB017E1499C5FB097E0D
:108F6000C4FB017E0799159CC2FB067EC1FB047EF3
:108F70000F99089CCDF884E0079781FB047E169931
:108F8000019CC0FB017E0D99C1FB047E0699099CE2
:108F9000C1FB047E0599029CC1FB047E03990A9CD7
:108FA000C1FB047E0B99019CC8FB097EC5FB017EB9
:108FB0000499C1FB067E0C99C2FB017E1199169A99
:108FC000CDE9227E82FB01271899C0FB01270F996A
:108FD000C1FB04270D99129CC1FB04270699029C32
:108FE000C1FB04270599139CC1FB04270399C1FB0E
:108FF00009271499049CC8FB01271599C5FB06276E
:10900000C4FB012711920899189A82FB012419992F
:10901000C0FB012416990198C1FB00241046099950
:109020000F9AC2FB01040D9A0299C2FB01040A992E
:10903000069AC2FB0104059A0B99C2FB0904039A24
:10904000C2FB01040C9A1A99C8FB0604C5FB020472
:109050001A9A0E9D12F100761B9ACDE9080442F18E
:109060000000B40E1C9A44EA8014A4181D9A06F05D
:109070007C4642EBA062891B0A911B9961EB0001BF
:109080000B91109911F1007143F10006880E40EA2E
:1090900086104019109D01F07C414CEBA66C691ABA
:1090A00063EB060314F180761E9D42F100024FEA45
:1090B000566E4EEAC21E1EEB050504951F9D06F076
:1090C0007E4645EB6262A41B0C9410F18074079DF0
:1090D0004CF1000C660E46EACC1675190595219DDB
:1090E00004F07E4445EB6C6C001B0D900498179CBB
:1090F000089D10F10070019042F10002800E40EADC
:109100008210001906902098229C40EBA2620598DC
:1091100010F1007002904CF1000C800E40EA8C10AF
:109120000019239C44EBAC6C069C14F180740394EE
:1091300042F10002640E44EAC214641843EB626315
:1091400010F18079119A4CF1000C4FEA596141EA13
:10915000CC11891847EB6C6C14F1007743F10003D4
:1091600011F100784CF1000C4FEA9862079342EA43
:109170008C12099B521943EBAC6C12F1807E4CF1BE
:10918000000C4FEA5E650A9B45EACC15A5FB0B6512
:10919000F6184FEA6C6C0B9B0BFB0C5545EB03056B
:1091A00016F1007C0C9B45F100050CF07C4B4FEA5E
:1091B0009C6C4CEA851CB6EB0B061CEB0305019B73
:1091C000CAF8045003F07C45049BCAF800605D1B9C
:1091D000039BCAF8085003F07E45069B5D1B079B66
:1091E000CAF80C5007F07C45BF0E47EA83170D9B69
:1091F000641BFF18029BCAF81040059CCAF8147043
:1092000009F07E4908F07C480EF07E4E03F07C4366
:10921000E31AB0EB0900B1EB0801B2EB0E02CAF899
:109220001830CAF81C00CAF82010CAF8242025B04B
:10923000BDE8F08F2DE9F04F6C4B0A68CC684D68A3
:109240008BB082FB0382039284FB034204924A693F
:1092500082FB03E20592CA6982FB032601924A6AF5
:10926000069682FB039219F1807C42F100024FEADC
:109270005C664FF0130B46EAC216A6FB0B6A521649
:109280000BFB02AA16EB08020292039A85FB035716
:109290000CF07E4C4AEB020AB9EB0C0215F1807619
:1092A000079247F100078A684FEA566C4CEAC71CE0
:1092B00006F07E467F16C2FB03C7AA1B0892049ADB
:1092C000CDF80CC014F1807542F10006B9460A6968
:1092D0006F0E47EAC61705F07E457616C2FB037689
:1092E000621B0992059A04971EF1807842F10004EE
:1092F0004FEA58658A69096A45EAC4156416C2FBD3
:109300000354019A059508F07E48BEEB080812F157
:10931000807E069A4FEA5E6542F1000245EAC21578
:109320005216C1FB0352019B0EF07E4EB3EB0E0EA4
:10933000029B13F1007C039B4AF1000A13F10077B2
:1093400049F100030193049BAB4613F10075059BA3
:1093500046F1000613F1007144F100041BF10073A3
:1093600042F100020692029A0CF07C49B2EB090924
:109370004FEA9C6C089AC0F800904CEA8A1C1CEBDF
:10938000020C039AC0F804C007F07C4CB2EB0C0C42
:10939000019AC0F808C0BF0E47EA8217099ABF18A1
:1093A000C760049A05F07C47AD0E45EA8615D71BC9
:1093B00015EB0805059A456101F07C45890E41EAE7
:1093C0008411551B11EB0E01069AC16103F07C411B
:1093D0009B0E43EA8213079A0761BBEB01019B18BE
:1093E0008561016243620BB0BDE8F08F42DB010092
:1093F0004B682DE9F041C3F1000E8B68CF680E6910
:109400004D698C69C3F1000CCB69C3F100080B6A8C
:109410005A424B6A09687F4276426D4264425B421F
:109420004942C0E9001EC0E902C7C0E90465C0E9BD
:109430000648C0E90823BDE8F0812DE9F04F0A464F
:109440008246D2E9024097B04FF0260C0690D2E94E
:1094500004B00190D2E906E00390106A526A0892C3
:1094600062000592069A039E0490520000924FEA11
:109470004B020C92019A52000292039A0CFB06F7DF
:109480005200049E0992D1E90013132202FB06F850
:10949000089E079302FB0EF0019A5D000CFB06F696
:1094A0000CFB02F385FB062CC1FB012C4FEA4109A2
:1094B00061464FEA440CCCFB0821DDF800C0CCFB30
:1094C00007214FEA4B0CCCFB00219446019AC2FBCA
:1094D00003C1CDE90AC1079B009984FB06C2C9FB01
:1094E00003C2C1FB08C20299CBFB07C2C1FB00C289
:1094F000CDF834C0009983FB053CC9FB043CC1FB9B
:10950000063C4FEA4B01C8FB013C0299C1FB073CFA
:109510001946CEFB001CCDE90E1C069984FB0530D4
:10952000C9FB01300299CBFB0630C1FB083019465C
:10953000CEFB0710CDE91010009985FB0103C9FB94
:109540000B030299C4FB04034FEA4E0CC1FB060354
:109550000399C8FB0C03C1FB0703019907908BFB20
:109560000540C9FB0140DDE90571C1FB07400999D0
:10957000CEFB0640C1FB08400299129485FB014CCA
:10958000C9FB0E4C0699CBFB074C009FC1FB074C57
:109590000999C1FB064C0499C1FB084C0399069438
:1095A0008EFB0547DDF81480C9FB01470199C1FB1B
:1095B00008470099CBFB01470499C1FB0647CDE959
:1095C00013470999029C85FB01780499C9FB01782E
:1095D0000599CEFB01780099C1FB04780899059C98
:1095E000CBFB0B78C1FB06780499099781FB0565D5
:1095F0000899CDF85480C9FB01650399C1FB046546
:1096000000990C9CCEFB01650199C1FB04650A9988
:10961000089611F100770B99129CAE464FEA9766B7
:1096200041F100050D9946EA851676180A9907F06A
:109630007C4742EBA562B1EB070B0B9961EB05018F
:109640000A91079911F1007143F100078D0E45EA67
:1096500087152D19079C01F07C4140EBA760611A2A
:1096600063EB070316F180770E9C42F100024FEA8C
:10967000576848EAC21818EB040403940F9C07F0DB
:109680007E4744EB6262F41B15F1807640F10000E6
:109690000794770E069C47EAC0173C1906F07E46F1
:1096A0004CEB606CA81B04940B900398109C159DC8
:1096B00010F10070009042F10002800E40EA82102A
:1096C000001905901198139C40EBA262049810F1C8
:1096D000007001904CF1000C800E40EA8C100019D3
:1096E000149C44EBAC6C059C14F18074029442F120
:1096F0000002640E44EAC214641843EB626310F182
:109700008079099A4CF1000C4FEA596141EACC1179
:10971000891845EB6C6C14F1007743F1000311F1EB
:109720000078089D06934CF1000C4FEA986242EADB
:109730008C1252194EEBAC6C12F1807E4CF1000C85
:109740004FEA5E65132345EACC15A5FB03654FEA96
:109750006C6C03FB0C550A9B16EB0B0645EB0305E3
:1097600016F1007C079B45F100050CF07C4B4FEA9D
:109770009C6C4CEA851CB6EB0B061CEB0305009BAE
:10978000CAF8045003F07C45039BCAF800605D1BD7
:10979000029BCAF8085003F07E45059B5D1B069BA3
:1097A000CAF80C5007F07C45BF0E47EA83170B9BA5
:1097B000641BFF18019BCAF81040049CCAF814707F
:1097C00009F07E4908F07C480EF07E4E03F07C43A1
:1097D000E31AB0EB0900B1EB0801B2EB0E02CAF8D4
:1097E0001830CAF81C00CAF82010CAF8242017B094
:1097F000BDE8F08F30B5A9B0044668460D46FFF7C6
:109800001CFE69460AA8FFF718FE0AA90846FFF7DA
:1098100014FE0AAA29461046FFF75DFA0AAA69460D
:109820006846FFF758FA694614A8FFF706FE0AA92A
:10983000084614AAFFF74FFA0AA914A8FFF7FDFD7E
:10984000042514A90846FFF7F8FD013DF9D10AAA3D
:10985000104614A9FFF73FFA0AA914A8FFF7EDFD77
:10986000092514A90846FFF7E8FD013DF9D114A91F
:1098700008460AAAFFF72FFA14A91EA8FFF7DDFD74
:1098800013251EA90846FFF7D8FD013DF9D114AAFA
:1098900010461EA9FFF71FFA14A90846FFF7CDFDD1
:1098A000092514A90846FFF7C8FD013DF9D10AAA08
:1098B000104614A9FFF70FFA0AA914A8FFF7BDFD77
:1098C000312514A90846FFF7B8FD013DF9D114A9C7
:1098D00008460AAAFFF7FFF914A91EA8FFF7ADFD75
:1098E00063251EA90846FFF7A8FD013DF9D114AA7A
:1098F00010461EA9FFF7EFF914A90846FFF79DFDD2
:10990000312514A90846FFF798FD013DF9D10AAAAF
:10991000104614A9FFF7DFF90AA90846FFF78DFDE5
:1099200004250AA90846FFF788FD013DF9D16A46DA
:109930000AA92046FFF7CFF929B030BD2DE9F04F35
:1099400097B00A6902924A690392D1E906A2D1E965
:10995000026705920A6A06924A6A089272000792A2
:109960007A000992029ADDF814C0019052000A921E
:10997000039A52000492059A262000FB0CF852002C
:10998000DDF818C00B92D1E90053132202FB0CF949
:10999000DDF820C002FB0AF4039A00FB0CFB4FEA3F
:1099A000430E50438EFB0B2CC5FB052C690065460E
:1099B0004FEA460CCCFB09254FEA470CCCFB0825A7
:1099C000DDF828C0CCFB04259446039AC2FB00C5F1
:1099D00086FB0B20CDF838C0C1FB03204FEA470CB3
:1099E000CCFB0920DDF808C0CCFB08209446049A83
:1099F000C2FB04C083FB0E32CDF83CC0C1FB063273
:109A00004FEA470CCCFB0B32DDF828C00C90C9FBA9
:109A10000C32DDF810C00298CCFB08329C46CAFB21
:109A200004C2CDF840C0029C86FB0E3CC1FB073C43
:109A3000C4FB0B3C049CC4FB093C1C46CAFB084C01
:109A400011947C008EFB0434C1FB00340498C6FBE7
:109A50000634C0FB0B344FEA4A00C9FB00340598BA
:109A60001E46C0FB08640298129680FB0E630398A2
:109A7000C1FB00630798C7FB00630B98CAFB0B632D
:109A8000C0FB096304980D931396079B8EFB006837
:109A90000298C1FB0A68C0FB03687800C7FB006836
:109AA0000B984746C0FB0B670698C0FB09670598F3
:109AB00014968AFB0E68C1FB00680398DDF82490B9
:109AC000C0FB03680298C0FB09680698C0FB0B68DE
:109AD00015960B988EFB00960698C1FB0096CAFB64
:109AE00003960998049BC0FB03960298109BC0FB49
:109AF00000960898C0FB0B960698CDF8089080FB5E
:109B00000EE90898C1FB00E949460598DDF81C906C
:109B1000C0FB09E10998DDF82890CAFB00E1039831
:109B2000DDF84CA0C0FB09E10E98F14610EB000EE9
:109B30000F986D4110EB000B0C984041DB1803931C
:109B4000119B5241DB184CEB0C0CCDF81CC0DDF81E
:109B500048C006931CEB0C0C0D9B64411AEB0A0ADF
:109B60005B410493149BDB180593159B7F41DB1825
:109B70000B93029B0A9748EB0808DB1876410C937D
:109B80000D9619EB09060E9649411EF1007645F136
:109B900000070F91B10E41EA871111EB0B0106F09E
:109BA0007C4640EBA760BEEB060B65EB070508950E
:109BB0001CF1007544F10006AF0E049BDDF80CE0CB
:109BC00047EA861717EB0A0705F07C4543EBA663C7
:109BD000BCEB050564EB060611F1807440F1000052
:109BE0004FEA546C4CEAC01C1CEB0E0C04F07E4493
:109BF00042EB6062091B099117F18071059CCDF859
:109C000010C043F10003480E40EAC310001905904C
:109C10000A9801F07E4140EB636C791A0A9104992D
:109C200011F10071029142F100028B0E069943EA94
:109C300082135B180799069341EBA26205990B9B6F
:109C400011F100714CF1000C880E039140EA8C1068
:109C50000699C01848EBAC6C11F1807A42F1000310
:109C60004FEA5A6444EAC314641946EB636310F183
:109C700080790C9A0D9D4CF1000C4FEA596141EA34
:109C8000CC11891845EB6C6C14F1007743F100039B
:109C900011F100780E9D07934CF1000C4FEA986289
:109CA00042EA8C1252190F9D45EBAC6C12F1807E8A
:109CB0004CF1000C4FEA5E65132345EACC15A5FB79
:109CC00003654FEA6C6C03FB0C55089B16EB0B0607
:109CD00045EB030516F1007C019B0CF07C4B45F134
:109CE0000005B6EB0B061E604FEA9C6C099B4CEA24
:109CF000851C1CEB0305019B5D60029B03F07C450A
:109D0000049B5D1B019B9D60069B0AF07E4AB3EBA2
:109D10000A05019BDD6007F07C45641B1C61079B05
:109D2000059CBF0E47EA83170A9BFF18019B5F61E2
:109D3000039B03F07C43E31A09F07E49019C08F081
:109D40007C480EF07E4EB0EB0900B1EB0801B2EB9F
:109D50000E02A361E0612162626217B0BDE8F08F7C
:109D60002DE9F04753684E688D68CC680F69F61A84
:109D70009368ED1AD368A4EB030A13694C6AA7EB46
:109D8000030C4F695369A7EB030E8F699369A7EB27
:109D90000308CF69D369A7EB0309136A0F6A09683F
:109DA000FF1A536A1268E31A8A1AC0E90026C0E94A
:109DB000025AC0E904CEC0E90689C0E90873BDE8CB
:109DC000F0870B462DE9F047D3E90892D1E9008EE0
:109DD0004FF0130AD3E90476D3E906540AFB02F3E1
:109DE000D1E902C103F1807308EB63630EEBA36357
:109DF0000CEB636301EBA36307EB636306EBA36305
:109E000005EB636304EBA36309EB636302EBA363FA
:109E10005B160AFB03880EEBA86E0CEB6E6C01EB75
:109E2000AC6107EB616706EBA76605EB666504EBC3
:109E3000A56428F07C4809EB646929F07C4302EBB7
:109E4000A9624FEA28292EF07E4E80F801904FEA51
:109E5000284980F802904FEA8E0980F8008049EA8C
:109E6000186880F803804FEAAE182CF07C4C80F81C
:109E700004804FEAAE3880F805804FEACC0848EA03
:109E80009E5E80F806E04FEA6C1E21F07E4180F86D
:109E900007E04FEA6C3E80F808E04FEA411E4EEAC8
:109EA0005C5C80F809C04FEAE10C80F80AC04FEA18
:109EB000E12C80F80BC04FEA871C4CEAD1410173BA
:109EC000C7F3970126F07E464173C7F38F21817354
:109ED000311225F07C45417431148174690041EAE6
:109EE0001661C174E91124F07E440175C7F38747F8
:109EF000E913C77306744175E10041EAD5518175D4
:109F00006111C17561130176190141EA545141761D
:109F1000191122F07E4281761913C176910141EA2E
:109F20001353037793104377931292148377C27776
:109F3000BDE8F08700B589B001466846FFF741FFEC
:109F40009DF8000000F0010009B05DF804FB70B559
:109F500004460D461646FEF796FC324605F12801EA
:109F600004F12800FEF78FFC324605F1500104F1A0
:109F70005000BDE87040FEF786BC00002DE9F047B8
:109F80000646D4B29EB0D70F06F1280A04EAE27260
:109F90008846A4EB420406F15009FEF736FC504611
:109FA000E4B2FEF732FC4FF47075484605FB08F545
:109FB000FEF71FFCDFF8D88084F00102B2FA82F2CB
:109FC00008EB050130465209FFF7C1FF84F0020299
:109FD00005F17801B2FA82F2414430465209FFF7A6
:109FE000B6FF84F0030205F1F001B2FA82F24144B7
:109FF00030465209FFF7ABFF84F0040205F5B47157
:10A00000B2FA82F2414430465209FFF7A0FF84F0D1
:10A01000050205F5F071B2FA82F241443046520968
:10A02000FFF795FF84F0060205F51671B2FA82F289
:10A03000414430465209FFF78AFF84F0070205F5D4
:10A040003471B2FA82F2414430465209FFF77FFF81
:10A0500084F0080205F55271B2FA82F252094144C5
:10A060003046FFF774FF51466846FEF715FD31464E
:10A070000AA8FEF711FD494614A8FFF7B9F93A46B8
:10A0800069463046FFF763FF1EB0BDE8F08700BFAA
:10A09000706902082DE9F043054601F128088BB0EC
:10A0A00005F128060C4617460A464146FEF7BAFB5C
:10A0B00022464146304605F15008FFF751FE3A4628
:10A0C00029464046FEF707FE05F1780907F1280208
:10A0D00031463046FEF7FFFD04F1780207F15001EA
:10A0E0004846FEF7F8FD04F1500211466846FEF7B7
:10A0F00099FB324641462846FFF732FE324641463A
:10A100003046FEF78FFB4A4669464046FEF78AFB1B
:10A110004A4669464846FFF723FE0BB0BDE8F08388
:10A12000F8B501F178070C4605463A4604F15006A9
:10A13000FEF7D1FD324604F1280105F12800FEF7B3
:10A14000CAFD3A46314605F15000BDE8F840FEF739
:10A15000C2BD2DE9F0410C4601F1780805464246A2
:10A1600004F1280604F15007FEF7B5FD3A463146E2
:10A1700005F12800FEF7AFFD4246394605F15000D3
:10A18000FEF7A9FD3246214605F17800BDE8F04111
:10A19000FEF7A1BD2DE9F04304460E468BB004F155
:10A1A000500506F12809FFF748F904F178084946F7
:10A1B0002846FFF742F904F1280706F1500140460E
:10A1C000FFF7BCFB4A4631463846FEF72BFB3946C3
:10A1D0006846FFF732F9224629463846FEF722FB49
:10A1E000224629462846FFF7BBFD3A4669462046E7
:10A1F000FFF7B6FD2A4641464046FFF7B1FD0BB0DA
:10A20000BDE8F08310B50446FEF7F3FA04F1280028
:10A21000FEF7FBFA04F15000FEF7F7FA04F17800BC
:10A22000BDE81040FEF7E5BA38B504460D46FEF726
:10A2300033FC05F1280104F12800FEF72DFC05F19F
:10A24000500104F15000BDE83840FEF725BC10B5C0
:10A250009EB004466846FFF7E7FF69462046FFF7D1
:10A2600099FF1EB010BD30B59FB004460D4668463C
:10A270005031FFF7BFFA6A4629460AA8FEF72BFDC0
:10A280006A4605F1280114A8FEF725FD14A9204609
:10A29000FFF797FD0AA8FFF74DFEE37F83EAC0139F
:10A2A000E3771FB030BDF0B5F5B06A464D1E0446E9
:10A2B0001F311346164615F8010F00F00F078D42A7
:10A2C0004FEA10101F70587003F10203F3D10025FC
:10A2D000294692F900300B44DBB203F1080141F347
:10A2E0000311C8B20135A3EB00133F2D02F8013B67
:10A2F000EFD196F83F30184486F83F002046FFF72C
:10A3000081FF0125725769102EA8FFF737FE2EAA8C
:10A3100021464CA8FFF7BEFE02354CA92046FFF7A8
:10A3200018FF412DEED121464CA8FFF790FF4CA914
:10A3300010A8FFF7F5FE10A94CA8FFF72BFF4CA9BA
:10A3400010A8FFF7EDFE10A94CA8FFF723FF4CA9BA
:10A3500010A8FFF7E5FE10A94CA8FFF71BFF4CA9BA
:10A360002046FFF7F6FE0025725769102EA8FFF76A
:10A3700005FE2EAA21464CA8FFF78CFE02354CA9FB
:10A380002046FFF7E6FE402DEED175B0F0BD837894
:10A39000417802781B0443EA012343EA02000021CA
:10A3A00070470068002170472DE9F04F9DB083464B
:10A3B000FFF7EDFFC0F314030BF102000B93FFF75F
:10A3C000F0FFC0F354130BF105000C93FFF7DFFF10
:10A3D000C0F394030BF107000D93FFF7E2FFC0F306
:10A3E000D4130BF10A000993FFF7DBFFC0F314133A
:10A3F0000BF10D000A93FFF7CAFFC0F354030BF1F2
:10A400000F000E93FFF7CDFFC0F394130BF1120072
:10A410000893FFF7BCFFC0F3D4030BF115000793BB
:10A42000FFF7B5FFC0F314030BF117000F93FFF70D
:10A43000B8FFC0F354130BF11A000593FFF7A7FF01
:10A44000C0F394030BF11C000693FFF7AAFFC0F3BF
:10A45000D4160BF11F00FFF7A4FFC0F314170BF184
:10A460002200FFF794FFC0F354080BF12400FFF71C
:10A4700098FFC0F394190BF12700FFF788FFC0F392
:10A48000D40A0BF12A00FFF782FFC0F314030BF18B
:10A490002C000393FFF785FFC0F354130BF12F003B
:10A4A0001093FFF774FFC0F394030BF13100019395
:10A4B000FFF777FFC0F3D4130BF134000293FFF7DB
:10A4C00070FFC0F314140BF13700FFF760FFC0F307
:10A4D00054030BF13900FFF764FFC0F394120BF142
:10A4E0003C00FFF75EFFDFF848E3C00840EA417038
:10A4F000CD08A0FB0EC11CEB060C0EFB051141F1B3
:10A5000000011191CB498E46A0FB0161F6190EFBAB
:10A510000511C94F129641F100011391A0FB07618B
:10A5200016EB0806DFF814831496C0F1000608FB4A
:10A53000056E07FB0511A0FB088741F1000118EB30
:10A540000909CDF854904EEB0709CDF85890DFF883
:10A55000F092A0FB09E709FB05771EEB0A0ACDF88C
:10A560005CA047F1000ACDF860A0DFF8D8A2039FF5
:10A57000DFF8BCE20AFB0566A0FB0A05C0190390E0
:10A5800046EB050004900698119DA2FB0E7A3F1839
:10A59000A848A2FB00694AF1000A16EB0C06DFF896
:10A5A00098C2129845EB0909A2FB0C582818139D74
:10A5B0000690A24845EB0808149DA2FB000E401926
:10A5C000AEEB020E4EEB010E9D49159DA2FB01C1A3
:10A5D0001CEB05051195169D45EB0101129199495A
:10A5E000944DA2FB01C1891A179A1CEB0202139227
:10A5F000189A41EB020214928D4AA3FB021C059AA1
:10A600008918A3FB05254CF1000CD2194AEB05076C
:10A61000DFF824A2A3FB0AA51AEB060A49EB0505FD
:10A62000864E1595069DA3FB069619EB0505A6EB30
:10A63000030646EB0806DFF80882A3FB088918EB3F
:10A6400000084EEB090016907E48A3FB00E0C01AFC
:10A65000119B1EEB03030593129BDFF8D4E140EB43
:10A66000030306930F9BA4FB0E0EC018714BA4FBB3
:10A6700003934EF1000E19EB0101DFF8BC914CEB96
:10A68000030CA4FB09399B1847EB09070F976B4F85
:10A69000A4FB077917EB0A07DDF854A0A9EB04091E
:10A6A00049EB0A09DFF898A1A4FB0A2A5219654D63
:10A6B000119246EB0A0AA4FB05652D1B16EB080454
:10A6C0001294169C5A4A45EB04041594029C079E6A
:10A6D000DDF80880A4FB0245A419564E029AA8FB97
:10A6E000068645F1000518EB00004EEB0606DFF884
:10A6F0004881DDF808E0AEFB08E81EEB010E4CEBEC
:10A70000080C4E49DDF80880A8FB0118C9180F9BFA
:10A71000A8EB020848EB0308494BA2FB0323D71917
:10A7200049EB0309474A029BA3FB02230F92029ABB
:10A730009B1A07930F9A119BD218079B029243EB27
:10A740000A0ACDF81CA03A4ADDF804A0AAFB02A32D
:10A75000089A1AEB020A43F100030893019A354B59
:10A76000A2FB0323121945EB0305334C019B0F9207
:10A77000A3FB0423121846EB03063048019B019CFF
:10A78000A3FB000310EB0E00DFF8B4E0A3EB04031F
:10A7900043EB0C0CA4FB0E3E5B1848EB0E01A046ED
:10A7A000284CA8FB048E019C18EB0707AEEB040EA7
:10A7B000DDF8208011974EEB09091AF580170F9CE0
:10A7C00048F100084FEA575E4EEAC82E1EEB040E11
:10A7D0004FEA575745F100057F050195BAEB07058C
:10A7E0000F95089D65EB080512F5801446F10007EA
:10A7F0001695650D45EAC725640D2D184FEA44549A
:10A800004CF1000C101B179066EB070613F5801037
:10A8100041F100041896420D119E42EAC422400DF7
:10A8200092194FEA405049EB64571E1A0CE000BFE2
:10A83000132C0A00182D070067FB090053C6F0FF10
:10A84000D11502008390F5FF61EB04011991029983
:10A85000119611F580100799029E41F10004430DF5
:10A86000129943EAC4235B184FEA50501599089394
:10A870004FEA405041EB6451361A0296079E139BF3
:10A8800066EB04061296059E16F58010069E46F1AC
:10A890000004460D46EAC42616EB030A149E109BDC
:10A8A00046EB64560796400D059E4005361A059600
:10A8B000069E66EB04060696039E16F58014049E1B
:10A8C0004FEA545046F1000840EAC820C0184FEA49
:10A8D0005454039B4FEA68564FEA445446F100062D
:10A8E0001B1B1093049B63EB08031393019B1EF542
:10A8F000801443F100094FEA5458179B48EAC928CD
:10A9000018EB03031493189B4FEA545443F10003CC
:10A9100064051593BEEB04031793019B63EB0909D0
:10A9200015F580144CF10008119B4FEA545E4EEA75
:10A93000C82E1EEB030311934FEA5454199B4FEAA0
:10A94000445443EB68532D1B19956CEB080512F525
:10A95000801418931A95029B47F100054FEA545C46
:10A960004CEAC52C1CEB03030193129B4FEA545491
:10A9700043EB655364050493131B1293089B67EB29
:10A9800005051B9513F5801541F10004059B069FF5
:10A990006A0D42EAC422D31802934FEA5555089B28
:10A9A000D14A4FEA455547EB64575D1B61EB040103
:10A9B0000691079903951AF5801341F10004109D43
:10A9C0000597590D41EAC42149194FEA5353139D84
:10A9D000079F4FEA435345EB6455BAEB0303DFF897
:10A9E0000CA367EB0404A0FB027EA0FB0A8C02FB15
:10A9F00006EE0E9A0AFB06CCDDF83CA0BF184EF11D
:10AA0000000E18EB0A08CDF83880DDF858804CEBC2
:10AA1000080CCDF83CC0DFF8D8C2E246A0FB0C8C95
:10AA20000AFB06CCDDF85CA018EB0A084CEB090C1D
:10AA3000DFF8C092CDF84CC0C0F1000CCDF84080DA
:10AA400009FB06C8A0FB099AD044DDF850A019EB19
:10AA50000A0ADDF8549048EB0908CDF85080DFF879
:10AA600098824246A0FB089802FB0688199A19EBC7
:10AA700002091A9A48EB0208A04A02FB06CCA0FB86
:10AA80000206119A821818980792B4444CEB000CF5
:10AA9000954ACDF820C0DDF828C0A1FB026016EB76
:10AAA0000C0C02FB050040F100000A908F480246A2
:10AAB000A1FB006002FB0500F21940EB0E00DFF87D
:10AAC00030E211920E9A1590A1FB0E60B2180E9210
:10AAD000884E0F9A0EFB050040EB020237464842B3
:10AAE000A1FB077E06FB05067644DDF840E00F92E9
:10AAF000139A17EB0E0E46EB02027F4E109232466F
:10AB0000A1FB067602FB0566149A17EB0A0A46EBD0
:10AB100002027A4E139206FB0500734A734FA1FBA3
:10AB20000615284411EB09051495A3FB025602FBF8
:10AB30000466099A40EB08001690AD18A3FB0701C4
:10AB4000DFF8AC81119A46F1000610EB0C00DDF83D
:10AB500028C007FB041141EB0C0CA3FB0871BA18C9
:10AB60001192159A08FB041141EB020261491592FA
:10AB70005F420E9A01FB0479A3FB0118C844DDF87B
:10AB80003C90891848EB0909CDF83890DFF86891B6
:10AB90004A46A3FB099819EB0E09DDF840E002FBD9
:10ABA000048848EB0E0ECDF83CE0DFF850E1029A45
:10ABB000DFF83C810EFB0477A3FB0E34274413EB34
:10ABC0000A04139B099447EB03030A93464B059C25
:10ABD000DDF814A0A2FB037E03FB04EE0D9B434AA9
:10ABE000FF18029BA3FB02434EF1000E02FB0A3347
:10ABF000641943EB06030D93029B029EA3FB0853CB
:10AC00002A1808FB0A3343EB0C0A029B05981092A2
:10AC1000DFF8E0C0029ADDF854805B420CFB00359F
:10AC2000A2FB0C0C119AAC44334D80184CEB080C71
:10AC30002A46A6FB0585059E02FB06550E9E029A36
:10AC400018EB010145EB0608059E2C4D05FB06336C
:10AC5000A2FB052512EB09060F9A05962B4443EB40
:10AC60000203039E0E93204BA6FB0392069E03FB5A
:10AC700006220C9E19EB060942F100030C931B4AB5
:10AC8000039EA6FB0235069EDB1902FB0655184FF4
:10AC9000039E45EB0E053A46A6FB07E7069E02FB20
:10ACA00006770D9A1EEB040647EB02040D94039CF5
:10ACB000039F0F96DDF818E0109A66420D4C04FBD6
:10ACC0000E6EA7FB0447A418774447EB0A02DFF88F
:10ACD00028E0039FDDF818A010927246A7FB0EE74C
:10ACE00002FB0A770CE000BF132C0A00182D0700A6
:10ACF00067FB090053C6F0FFD11502008390F5FFF2
:10AD00001EEB000ECDF844E047EB0C0ECDF84CE006
:10AD1000DFF824C3DDF80CE00CFB0A66AEFB0C0781
:10AD200042183E4446EB080102920391C34A01993E
:10AD3000049EC348C34FA1FB021C02FB06CC019E2C
:10AD40000B9AA6FB00E8049E891800FB06880C9A63
:10AD5000019E4CF1000C1EEB090EDDF8109048EB43
:10AD60000208A6FB0726D21807FB0966DDF8049047
:10AD7000049F46EB0506B44DC9F1000905FB079396
:10AD8000019FA7FB057018440F9BFF180D9B40EB1C
:10AD900003030693019DAD4BDDF810A01846A5FBFB
:10ADA00003351B1900FB0A555446DFF88CA2109896
:10ADB0000AFB0499019CA4FB0AA44C44DDF84490CE
:10ADC00045EB000513981AEB090944EB00040494C1
:10ADD00011F58014CDF804904CF1000A4FEA545953
:10ADE00049EACA29640D19EB0E0E4FEA445448EBA8
:10ADF0006A58B1EB04096CEB0A0C12F58014CDF81B
:10AE000030C04FEA545146F1000C0698CDF82C9012
:10AE100041EACC21640DC9194FEA445440EB6C500F
:10AE2000B2EB040966EB0C0613F58012019F0D9638
:10AE30004FEA525445F10006DDF810C0CDF81890E5
:10AE400044EAC624520DE4194FEA42524CEB665CC8
:10AE5000B3EB020965EB06060F96029ECDF8109043
:10AE600016F58013039E149F46F100055A0D059EAA
:10AE700042EAC52292190E9E4FEA535346EB65599A
:10AE8000029E5B05F61A0596039E66EB05060E9676
:10AE9000099E16F580130A9E46F100055E0D46EAEE
:10AEA000C526F6190196169E46EB655602965B0D71
:10AEB000099E5B05F61A09960A9E129FDDF81CA0F2
:10AEC00066EB05060A96079E16F58015089E4FEA62
:10AED000555346F1000643EAC623DB194FEA5555A0
:10AEE0001B9F03934FEA455547EB6657BAEB0505A1
:10AEF0000795089D069B65EB06061EF5801548F133
:10AF0000000A08966E0D46EACA26F61806960D9EA9
:10AF1000049B4FEA555546EB6A566D050D96BEEB00
:10AF2000050668EB0A0811F5801540F1000E109631
:10AF30006E0D46EACE26F3180F9E04934FEA555540
:10AF400046EB6E566D050F964E1B119660EB0E0686
:10AF500014F580114CF10005059B1296480D0E9ECC
:10AF600040EAC520C3184FEA515146EB65564905E2
:10AF70000E96661A13966CEB050612F5801149F1D0
:10AF800000040593480D099B149640EAC4200A9ECC
:10AF9000C3184FEA515146EB645649050A96561AB2
:10AFA0001593169669EB04061796019E079BDDF82C
:10AFB0004090254C16F58012029E4FEA525146F100
:10AFC000000041EAC021089ECB1846EB6056199656
:10AFD000520D019E18935205B61A039B0196029ECC
:10AFE00066EB000613F580114FEA51524FEA5151BA
:10AFF0004FEA415147F1000002965E1A0F4B1A9634
:10B0000042EAC02267EB00064FEA605E1B96A2FB95
:10B01000036703FB0E770B9B09490A48F6180C9B44
:10B0200047EB0307A2FB01C31CEB090C01FB0E332A
:10B03000069943EB08030BE08390F5FF132C0A00FD
:10B04000182D070067FB090053C6F0FFD115020059
:10B05000A2FB0059DDF8348003936D1800FB0E99B4
:10B06000C2F1000A04FB0EA149EB0809A2FB044847
:10B0700088441199E74B6418129948EB0108A2FB28
:10B08000030103FB0E11049BC0180F9B41EB03014E
:10B09000E14B03FB0EAAA2FB03E25244DDF84CA0F5
:10B0A000149B1EEB0A0E4FEA565A42EB03024AEA81
:10B0B000C72A039B1AEB0C0AC6F3140643EB67532B
:10B0C00009964FEA5A5646EAC326761949EB635366
:10B0D000750D45EAC3252D1948EB63536C0D44EA01
:10B0E000C324241841EB6351600D40EAC12010EBEA
:10B0F0000E0042EB6153C4F3140C059ACDF820C046
:10B10000440DDDF838C044EAC324A4184CEB635363
:10B11000C0F3140CCDF81CC0600D169ADDF85CC0AD
:10B1200040EAC32080184CEB6353159AC4F3140C07
:10B13000410DCDF818C041EAC321DDF828C08918B7
:10B140004CEB6353019AC0F3140C480DCDF814C0B6
:10B1500040EAC320DDF808C080184CEB6353189A0E
:10B16000C1F3140C410DCDF810C041EAC321DDF844
:10B1700064C089184CEB63534A0DC0F3140C1A9841
:10B18000CDF80CC042EAC322DDF86CC012184CEBBB
:10B190006353C1F3140CCDF808C0510DC2F3140C65
:10B1A0009E4ACDF804C041EAC321A1FB024C5B15C5
:10B1B00002FB03CC099AA418994AA1FB02E002FB06
:10B1C0000300984ACAF314074CF1000C1EEB070E5B
:10B1D000A1FB027802FB0388934AC1F10009C6F380
:10B1E000140602FB039AC5F3140540F10000BF19D1
:10B1F000A1FB022648F1000852190992854A4AEB40
:10B20000060AA1FB026502FB0355089AB618824A9A
:10B2100002FB0399A1FB0213079A45F10005891867
:10B2200049EB03034FEA545949EACC2919EB0E09BB
:10B2300040EB6C504FEA595C4CEAC02C1CEB070CFD
:10B24000099A48EB60504FEA5C5E4EEAC02E1EEB56
:10B25000020E4AEB60504FEA5E5242EAC022961953
:10B2600045EB6055720D42EAC522521843EB655317
:10B2700006990598550D45EAC3256D184FEA6353A5
:10B2800043F10003690D41EAC32109184FEA6353F2
:10B29000049843F100034FEA515A4AEAC32A1AEBD1
:10B2A000000A4FEA635343F100034FEA5A504FEA52
:10B2B000635840EAC320039BC018C9F3140748F140
:10B2C00000034FEA5059DDF8088049EAC32919EB19
:10B2D00008094FEA635343F100034FEA595848EA1B
:10B2E000C328019BC4F3140418EB0308C9F3140327
:10B2F0004FEA14298BF801904FEA47198BF8004068
:10B3000049EA14448BF80240FC08CCF3140C8BF887
:10B310000340FC0A8BF804404FEA8C0444EAD7440B
:10B320008BF80540CEF3140E4FEA9C148BF80640C0
:10B330004FEACE1444EA9C348BF807404FEA5E048F
:10B34000C6F314068BF808404FEA5E248BF80940D8
:10B35000340144EA5E448BF80A403409C2F3140213
:10B360008BF80B40340B8BF80C40941844EA1654BD
:10B37000C5F314058BF80D40D4098BF80E40AC01D1
:10B3800044EAD2328BF80F20AA08C1F314018BF8DB
:10B390001020AA0A8BF81120CA0042EA9542CAF38B
:10B3A000140A8BF812204A09C0F314008BF81320FA
:10B3B0004FEA1A228BF81620420142EA1A428BF811
:10B3C0001720C2088BF81820C20A8BF819209A009F
:10B3D00042EAD0424FEAC81949EA93398BF81A2059
:10B3E0009A094FEA5803490B8BF81D304FEA58234E
:10B3F0004FEA58488BF814108BF815A08BF81B20D7
:10B400008BF81C908BF81E308BF81F801DB0BDE8A8
:10B41000F08F00BFD11502008390F5FF132C0A00B6
:10B42000182D070067FB090053C6F0FF2DE9F04F08
:10B43000B9B09146019008469B460D46FEF7A7FF1E
:10B44000C0F31408A81CFEF7ACFFC0F35416681D27
:10B45000FEF79DFFC0F39404E81DFEF7A2FFC0F3C2
:10B46000D41305F10A000293FEF79BFFC0F31413F7
:10B4700005F10D000393FEF78AFFC0F3540305F1B5
:10B480000F000493FEF78DFFC0F3941305F1120033
:10B490000593FEF77CFFC0F3D40305F11500069376
:10B4A000FEF775FFC0F3140305F117000793FEF7CD
:10B4B00078FFC0F3541305F11A000893FEF767FFF5
:10B4C000C0F3940305F11C000993FEF76AFFCB0952
:10B4D0004FEAD01A48464AEA416A1393FEF757FFEB
:10B4E000C0F3140709F10200FEF75BFFC0F3541527
:10B4F00009F10500FEF74BFFC0F3940309F10700C3
:10B500000A93FEF74EFFC0F3D41309F10A000B9320
:10B51000FEF747FFC0F3141309F10D000C93FEF77B
:10B5200036FFC0F3540309F10F000D93FEF739FF06
:10B53000C0F3941309F112000E93FEF728FFC0F335
:10B54000D40309F115000F93FEF721FFC0F3140394
:10B5500009F117001093FEF724FFC0F3541309F10B
:10B560001A001193FEF713FFC0F3940309F11C00B6
:10B570001293FEF716FFCB094FEAD019584649EA55
:10B5800041691493FEF703FF15900BF10200FEF7DB
:10B5900008FF18900BF10500FEF7F9FE17900BF16C
:10B5A0000700FEF7FEFE19900BF10A00FEF7F9FE08
:10B5B0001A900BF10D00FEF7EAFE1B900BF10F0045
:10B5C000FEF7EFFE1C900BF11200FEF7E0FE1D905F
:10B5D0000BF11500FEF7DBFE1E900BF11700FEF7D6
:10B5E000E0FE1F900BF11A00FEF7D1FE20900BF148
:10B5F0001C00FEF7D6FE159A8C468646C2F314024E
:10B60000A8FB07108B18159340F100031693189BA5
:10B61000A8FB0512C3F354135B18A6FB071042F1F5
:10B6200000025B18239342EB00032493179BC3F3A0
:10B6300094010A9BA8FB03238818A6FB051243F17B
:10B640000003401843EB0203A4FB0721821843EBDD
:10B6500001031893199B1792C3F3D4110B9BA8FBFA
:10B66000032388180A9AA6FB021243F1000340182C
:10B6700043EB0203A4FB0512401843EB0203029ABA
:10B68000A2FB0721821843EB0103259226930C9A13
:10B690001A9BA8FB0212C3F314135B180B99A6FBA9
:10B6A000010142F100021B1842EB01020A99A4FBBE
:10B6B00001011B1842EB01020299A1FB05011B18B5
:10B6C00042EB01020399A1FB071013EB010B42EBC4
:10B6D000000319930D9A1B9BA8FB0212C3F354039A
:10B6E0005B180C99A6FB010142F100021B1842EB0A
:10B6F00001020B99A4FB01011B1842EB0102029904
:10B700000A98A1FB00011B1842EB01020399A1FB5F
:10B7100005011B1842EB01020499A1FB07105B18FD
:10B72000279342EB000328930E9A1C9BA8FB02125E
:10B73000C3F394135B180D99A6FB010142F10002BB
:10B740001B1842EB01020C99A4FB01011B1842EBF0
:10B7500001020B980299A1FB00011B1842EB0102A8
:10B760000A980399A1FB00011B1842EB01020499FE
:10B77000A1FB05011B1842EB01020599A1FB071073
:10B780005B181A9342EB00031B930F9A1D9BA8FBB7
:10B790000212C3F3D4035B180E99A6FB010142F118
:10B7A00000021B1842EB01020D99A4FB01011B18BA
:10B7B00042EB01020C980299A1FB00011B1842EB1D
:10B7C00001020B980399A1FB00011B1842EB010237
:10B7D0000A980499A1FB00011B1842EB010205998C
:10B7E000A1FB05011B1842EB01020699A1FB071002
:10B7F0005B18299342EB00032A93109B1E99A8FB28
:10B800000332C1F314015B180F99A6FB010142F149
:10B8100000021B1842EB01020E99A4FB01011B1848
:10B8200042EB01020D980299A1FB00011B1842EBAB
:10B8300001020C980399A1FB00011B1842EB0102C5
:10B840000B980499A1FB00011B1842EB01020A9816
:10B850000599A1FB00011B1842EB01020699A1FB0F
:10B8600005011B1842EB01020799A1FB07105B18A9
:10B870001C9342EB00031D93119A1F9BA8FB02121D
:10B88000C3F354135B181099A6FB010142F10002A7
:10B890001B1842EB01020F99A4FB01011B1842EB9C
:10B8A00001020E980299A1FB00011B1842EB010254
:10B8B0000D980399A1FB00011B1842EB01020C98A3
:10B8C0000499A1FB00011B1842EB01020B9805999A
:10B8D000A1FB00011B1842EB01020A980699A1FB8B
:10B8E00000011B1842EB01020799A1FB05011B187F
:10B8F00042EB01020899A1FB07105B182B9342EB66
:10B9000000032C93129A209BA8FB0212C3F394030A
:10B910005B181199A6FB010142F100021B1842EBD2
:10B9200001021099A4FB01011B1842EB01020F98C0
:10B930000299A1FB00011B1842EB01020E9803992A
:10B94000A1FB00011B1842EB01020D980499A1FB19
:10B9500000011B1842EB01020C980599A1FB0001A4
:10B960001B1842EB01020B980699A1FB00011B1862
:10B9700042EB01020A980799A1FB00011B1842EB58
:10B9800001020899A1FB05011B1842EB010209996C
:10B99000A1FB07105B181E93149942EB00034FEABA
:10B9A000DE1E1F934EEA4C6EA8FB092308FB0133F1
:10B9B00012EB0E0E43EBDC12129BA6FB03311EEBC7
:10B9C000030342EB01021199A4FB01011B1842EB96
:10B9D000010210980299A1FB00011B1842EB010221
:10B9E0000F980399A1FB00011B1842EB01020E986E
:10B9F0000499A1FB00011B1842EB01020D98059967
:10BA0000A1FB00011B1842EB010206990C98DDF81E
:10BA10004CC0A1FB00011B1842EB01020B980799D7
:10BA2000A1FB00011B1842EB01020A980899A1FB37
:10BA300000011B1842EB01020999A1FB05011B182B
:10BA400042EB0102AAFB07011B1807FB0C1141EB9B
:10BA5000020C14992D93A6FB093206FB01221299C0
:10BA6000139EA4FB01011B1842EB010211980299DD
:10BA7000A1FB00011B1842EB010210980399A1FBE6
:10BA800000011B1842EB01020F980499A1FB000171
:10BA90001B1842EB01020E980599A1FB00011B182F
:10BAA00042EB01020D980699A1FB00011B1842EB25
:10BAB00001020C980799A1FB00011B1842EB01023F
:10BAC0000B980899A1FB00011B1842EB0102DDE96C
:10BAD0000910A1FB00011B1842EB0102AAFB0501A2
:10BAE00005FB06111B18209341EB020314992193C7
:10BAF000A4FB093204FB0122029912980A9DA1FBC2
:10BB000000011B1842EB010211980399A1FB0001EF
:10BB10001B1842EB010210980499A1FB00011B18AD
:10BB200042EB01020F980599A1FB00011B1842EBA3
:10BB300001020E980699A1FB00011B1842EB0102BD
:10BB40000D980799A1FB00011B1842EB01020C980C
:10BB50000899A1FB00011B1842EB01020B980999FF
:10BB6000A1FB00011B1842EB01020A99AAFB01018B
:10BB700005FB06111B182E9341EB02032F93029B2A
:10BB800014990298A3FB093200FB01220399129831
:10BB9000A1FB00011B1842EB010211980499A1FBC3
:10BBA00000011B1842EB010210980599A1FB00014E
:10BBB0001B1842EB01020F980699A1FB00011B180C
:10BBC00042EB01020E980799A1FB00011B1842EB02
:10BBD000010208990D980B9DA1FB00011B1842EB77
:10BBE00001020C980999A1FB00011B1842EB01020C
:10BBF0000B99AAFB010105FB06111B18029341EBEF
:10BC000002030A93039B149903980C9DA3FB09322A
:10BC100000FB012204991298A1FB00011B1842EBC2
:10BC2000010211980599A1FB00011B1842EB0102CA
:10BC300010980699A1FB00011B1842EB01020F9816
:10BC40000799A1FB00011B1842EB01020E9808990D
:10BC5000A1FB00011B1842EB01020D980999A1FB01
:10BC600000011B1842EB01020C99AAFB010105FB24
:10BC700006111B18309341EB02033193049B149976
:10BC80000498A3FB093200FB012205991298A1FB3D
:10BC900000011B1842EB0102069911980D9DA1FBB2
:10BCA00000011B1842EB010210980799A1FB00014B
:10BCB0001B1842EB01020F980899A1FB00011B1809
:10BCC00042EB01020E980999A1FB00011B1842EBFF
:10BCD00001020D99AAFB010105FB06111B18039334
:10BCE00041EB02030493059B149905980E9DA3FB59
:10BCF000093200FB012206991298A1FB00011B18D2
:10BD000042EB010211980799A1FB00011B1842EBBD
:10BD1000010210980899A1FB00011B1842EB0102D7
:10BD20000F980999A1FB00011B1842EB01020E9923
:10BD3000AAFB010105FB06111B18329341EB02031C
:10BD40003393069B14990698A3FB093200FB01224A
:10BD500007991298A1FB00011B1842EB01020899F8
:10BD600011980F9DA1FB00011B1842EB01021098D6
:10BD70000999A1FB00011B1842EB01020F99AAFBD4
:10BD8000010105FB06111B18059341EB0203069305
:10BD9000079B149A0798109DA3FB091300FB02331D
:10BDA000089A1298A2FB0002091843EB02031198AB
:10BDB000099AA2FB0002091843EB0203109AAAFB9E
:10BDC0000202091805FB062242EB03033593089B88
:10BDD000089834911499A3FB092300FB01330999B6
:10BDE0001298A1FB0001121843EB0103344611998C
:10BDF0002046119CAAFB0116521804FB006646EB74
:10BE00000306099B099CA3FB0901149BDDE912753C
:10BE100004FB0311129BAAFB0343001907FB053324
:10BE200041EB030336903793149B16980AFB03F3F8
:10BE3000AAFB097E09FB053303EB0E01229115993C
:10BE4000239D11F5801140F100004C0D44EAC024FF
:10BE500064190794249C4FEA515144EB6059159C96
:10BE60004905611A23911699259C61EB00011691F1
:10BE70001799189811F5801140F10005480D40EA16
:10BE8000C5200019269C4FEA515144EB6558179C78
:10BE90004905611A17911899279C61EB05011891C2
:10BEA00019991BF5801541F1000A690D41EACA2173
:10BEB0000919289C4FEA555544EB6A546D050894BE
:10BEC000BBEB05042494199C64EB0A0419941A9C96
:10BED00014F580151B9C4FEA555B44F1000A299C20
:10BEE0004BEACA2B1BEB040409942A9C44EB6A54CA
:10BEF0000B946D0D1A9C6D05641B1A941B9C64EBCE
:10BF00000A041B941C9C14F580151D9C4FEA555A7D
:10BF100044F1000B2B9C4AEACB2A1AEB04040C9444
:10BF20002C9C44EB6B540D946D0D1C9C6D05641B97
:10BF30001C941D9C64EB0B041D941E9C14F5801531
:10BF40001F9C4FEA555A44F1000B2D9C4AEACB2A1C
:10BF50001AEB04040E944FEA55551E9C4FEA4555C2
:10BF60004CEB6B5C641B1E941F9C64EB0B041F94D6
:10BF7000209C14F58015219C4FEA555A44F1000B82
:10BF80002E9C4AEACB2A1AEB04040F942F9C44EB14
:10BF90006B5410946D0D209C6D05641B2094219CA6
:10BFA00064EB0B042194029C14F580150A9C4FEA63
:10BFB000555A44F1000B309C4AEACB2A1AEB040490
:10BFC0001194319C44EB6B5412946D0D029C6D05E1
:10BFD000641B02940A9C64EB0B042594039C14F5E7
:10BFE0008015049C4FEA555A44F1000B329C4AEAF2
:10BFF000CB2A1AEB04040A94339C44EB6B5413943D
:10C000006D0D039C6D05641B0394049C64EB0B0491
:10C010002694059C14F58015069C4FEA555A44F168
:10C02000000B349C4AEACB2A1AEB04040494359C96
:10C0300044EB6B5414946D0D059C6D05641B0594C5
:10C04000069C64EB0B0412F5801546F1000B069478
:10C050004FEA555A369C4AEACB2A1AEB040A4FEAB1
:10C060005555379C4FEA455544EB6B54521B15947C
:10C0700066EB0B06279217F580124FEA525B4FEAE8
:10C0800052524FEA425243EB0E03BF1A229A179CB8
:10C090004BEAC32B4FEA635E62EB03032293079BD9
:10C0A00013F5801349F100055A0D42EAC522121911
:10C0B0001792189A42EB655218925B0D079A5B052E
:10C0C000D31A289369EB0503299310F5801348F1DF
:10C0D0000004249D5A0D42EAC422521924924FEAC8
:10C0E0005353199A4FEA435342EB6452C31A1992BD
:10C0F0002A93089A68EB04032B9311F5801342F1FD
:10C1000000001A9C5A0D42EAC02212191A924FEAF4
:10C1100053531B9A4FEA435342EB6052CB1A2C9372
:10C12000089B1B9263EB00032D93099B0B9A1C98B1
:10C1300013F5801342F100015A0D42EAC122121890
:10C140001C921D9A42EB61521D925B0D099A5B0590
:10C15000D31A2E930B9B0D9A1E9863EB01032F931A
:10C160000C9B13F5801342F100015A0D42EAC122E3
:10C1700012180B921F9A209842EB61521E925B0D8F
:10C180000C9A5B05D31A0C930D9B63EB01030D9383
:10C190000E9B13F580124CF10003510D41EAC321AF
:10C1A00011EB00092199029841EB63510891520D5E
:10C1B0000E9952058A1A6CEB030C0F9B099213F52A
:10C1C0008012109B4FEA525143F1000341EAC32110
:10C1D00009180E912599039841EB63511F91520D57
:10C1E0000F9952058A1A0F92109A62EB030310936B
:10C1F000119B13F58012129B4FEA525143F1000339
:10C2000041EAC321091820912699059841EB635111
:10C210002191520D119952058A1A1192129A62EBCC
:10C22000030312930A9B139A13F5801342F1000241
:10C23000590D41EAC221091802910699279841EB4C
:10C24000625105915B0D0A995B05CB1A2593139BEF
:10C2500063EB02031393049B13F58011149B4FEAC5
:10C26000515243F1000342EAC3221218039246EBF3
:10C2700063520692490D049A099E4905521A049286
:10C28000149A62EB0303159A07931AF5801342F18F
:10C2900000015C0D229A44EAC124E4194FEA535389
:10C2A00042EB61585B05159ABAEB030362EB01019F
:10C2B000D34AABFB0250AF1902FB0E00D14E40EB4C
:10C2C0000C000A90DDF820C0ABFB065015EB090905
:10C2D00006FB0E0040EB0C0ADFF82CC30F9EABFBF5
:10C2E0000C50AD190F95109D0E9A0CFB0E0040EBF3
:10C2F00005001090C548CBF1000500FB0E5CABFBC0
:10C300000060B6181F9A0E96604440EB0202DFF8F8
:10C3100000C31492119AABFB0C60B2181192129ADE
:10C32000BC4E0CFB0E0040EB02021292209A06FB60
:10C330000E55ABFB060682180892219ADFF8C8B2A8
:10C34000354445EB02020992AD4A1E9DA4FB026EE4
:10C3500002FB08EE0B9AB6184EEB050EA94D0F9A8C
:10C36000A4FB050C05FB08CC0A9DC0194CEB050C81
:10C37000A4FB0B7517EB09070BFB08550A97A34F96
:10C38000DDF840B045EB0A0A654207FB0859CDF8D5
:10C390002CA0A4FB077ACA44DFF87492BF184AEBBA
:10C3A0000B0A4A46A4FB09B902FB08990E9A1BEB3B
:10C3B000020B149A49EB0209CDF83890DFF8549239
:10C3C000119A09FB0855A4FB0948A2180F92129A6A
:10C3D0008C4C454445EB02021092894ADDF83480CA
:10C3E000A3FB025902FB01990C9AAD1849EB08090D
:10C3F0002246A3FB0448A419834E02FB018848EBA4
:10C400000E083246A3FB06E61EEB000E02FB016699
:10C4100046EB0C067D480D965E4200FB016CCDF8A4
:10C4200030E00A9AA3FB000EE644DDF82CC0801829
:10C430004EEB0C02DFF8D8C111926246A3FB0CEC64
:10C4400002FB01CC7246D7194CEB0A0CDFF8C4A1F1
:10C45000039A0AFB0166A3FB0A3113EB0B0E0E9B3A
:10C46000CDF828E00E4446EB03030B93644BDDF854
:10C4700018E0DFF894B1A2FB036A03FB0EAA1C9B31
:10C48000DDF874E05F4AF618039B4AEB0E0ADDF80C
:10C4900018E0A3FB021302FB0E334D1943EB09090D
:10C4A000039BA3FB0B130A190BFB0E3343EB080E84
:10C4B000039B0E92CDF848E0039ADDF818E053494B
:10C4C0005B4201FB0E34A2FB01180C9ADDF834E04C
:10C4D0008918A0444E4A039C48EB0E08DDF818E08A
:10C4E000A4FB02B402FB0E44119A1BEB000B44EBBD
:10C4F000020E4848069C039A00FB0433A2FB00206E
:10C50000D219034443EB0C070C973D4B049F07984B
:10C510000692A7FB037203FB00222E9B0498394C62
:10C52000FF182F9BDDF81CC042EB0302A0FB043078
:10C530009B1904FB0C00049EDFF8CCC00D9340EB6C
:10C540000A00DDF81CA00E9BA6FB0C6475190CFB01
:10C550000A4444EB0909049C2C4E1195654206FBE4
:10C560000A5CCDF85090A146A4FB0646E418129B45
:10C57000DFF89CA0664446EB0306079BA9FB0A9CD8
:10C580000AFB03CC19EB01034CEB0808CDF84880FB
:10C590002049DDF81C800E9301FB0855DDF8108062
:10C5A000174BA8FB011C11EB0B08654445EB0E0E65
:10C5B000CDF810E0DDF808E0CDF80C80DDF814804F
:10C5C000104DDDF814B0DFF840C0AEFB031E03FBD6
:10C5D00008EE1A9BDDF86C80C9184EEB080EDDF8EA
:10C5E00008800D9BA8FB058918EB0708029F05FB37
:10C5F0000B9949EB0209A7FB0C27D2180CE000BFEE
:10C60000132C0A00182D070067FB090053C6F0FF22
:10C61000D11502008390F5FF0CFB0B77DDF808B015
:10C62000029D059B47EB0007DF48CBF1000B00FBA9
:10C6300003B3A5FB00C01844119B1CEB030C149B17
:10C6400040EB030307935046A5FB0A35DDF814A021
:10C650001B1900FB0A5545EB0605D44E06FB0ABB29
:10C66000DDF808A00E98AAFB0664361812985C4400
:10C6700044EB0004029411F580144EF1000B4FEAD4
:10C68000545A4AEACB2A640D1AEB08084FEA44547C
:10C6900049EB6B59091B0D916EEB0B010E9112F5D5
:10C6A000801147F100044FEA515E0798DDF80CB0A5
:10C6B0004EEAC42E490D1EEB0C0C4FEA415140EBE3
:10C6C0006450511A059167EB0401079113F580112D
:10C6D00045F100044A0D029F42EAC422490D921915
:10C6E0004FEA415147EB645E591A119165EB040121
:10C6F00012910399069D0C9F0F9E11F580130499CA
:10C7000041F10004590D41EAC4215B0D49194FEA7A
:10C71000435347EB6457BBEB030BCDF80CB0DDF88C
:10C7200010B06BEB040BCDF810B0DDF828B01BF5A2
:10C730008014DDF82CB04FEA54534BF1000543EA66
:10C74000C523DDF840B09B194BEB655BCDF830B0ED
:10C75000640DDDF828B0259E6405BBEB040BCDF815
:10C7600028B0DDF82CB06BEB050BCDF82CB0DDF864
:10C7700020B01BF58015DDF824B04FEA55544BF17D
:10C78000000A44EACA24A4190294DDF84CB0059CBE
:10C790004BEB6A566D0DDDF820B06D05BBEB050B5C
:10C7A000CDF83CB0DDF824B06BEB0A0B18F5801522
:10C7B000CDF824B04FEA555A49F1000B4AEACB2A8A
:10C7C0001AEB040ACDF840A0DDF81CA0119C4FEA3A
:10C7D00055554AEB6B5A6D05CDF84CA0B8EB050AE0
:10C7E00069EB0B0B1CF5801540F100094FEA555819
:10C7F00048EAC92818EB0408CDF84480DDF84880E1
:10C80000039C4FEA555548EB69586D05CDF84880B3
:10C81000BCEB0508CDF8508060EB090812F58010DC
:10C820004EF1000C450DCDF8548045EACC25DDF8DD
:10C8300010802D194FEA505048EB6C584005CDF848
:10C840001880B2EB00080395CDF868806EEB0C08F9
:10C8500011F5801547F100000A9CCDF86C806A0D37
:10C86000DDF82C8042EAC0226D0D12194FEA4555C1
:10C8700048EB6058491B059167EB000108910C9942
:10C880000F9CCDF81C8013F5801741F10000790D45
:10C89000DDF82480049241EAC0217F0D09194FEA96
:10C8A000475748EB6055DB1B0C9F414A029C67EBE6
:10C8B00000002C9FDDF83890A4FB02C81CEB070C8D
:10C8C0002D9F3C4C02FB068848EB0708029FA7FB04
:10C8D000047E04FB06EE0D9C3F194EEB090ECDF8CD
:10C8E00028E0DDF80890DFF8D0E07446A9FB0E9E42
:10C8F00019EB0A0904FB06EE029CDFF8ACA0CDF8A8
:10C900002C904EEB0B0ECDF830E0C4F1000E0AFB7C
:10C9100006E9A4FB0AABD944DDF840B01AEB0B0BD7
:10C92000DDF84CA049EB0A09CDF83490DDF808A0F9
:10C93000DFF888904C46AAFB09A904FB0699149CD1
:10C940001AEB040A159C49EB0409184C04FB06EE8B
:10C950002646029CA4FB0646B644119EA419129ECC
:10C9600002944EEB06060996A1FB026402FB054405
:10C97000249AB618199A44EB02020E4C0E922246E3
:10C98000A1FB044E14EB0C0402FB05EE4EEB080E6B
:10C99000DFF82480CDF83CE0A1FB08EC1EEB070794
:10C9A00010970A9F0CE000BF53C6F0FF8390F5FF7D
:10C9B000132C0A00182D070067FB0900D11502008F
:10C9C000DFF850E308FB05CC4CEB07070A974F4212
:10C9D0000EFB057CA1FB0EE8C444DDF82C801EEBA9
:10C9E0000808DDF830E04CEB0E0EDFF82CC3CDF874
:10C9F0002CE06246A1FB0CEC1EEB0B0BDDF834E0E7
:10CA000002FB05CC4CEB0E0CCDF830C0DFF80CC3AC
:10CA1000C34A0CFB0577A1FB0C152F4411EB0A054B
:10CA20000D9547EB0905A3FB027C02FB00CC2A9A7B
:10CA3000BC4911952B9DDFF8F092DFF8D8A2BF1802
:10CA40004CEB050CA3FB015EAD190E9E01FB00EE45
:10CA50004EEB060EA3FB096132190E920F9A09FBE9
:10CA6000001141EB02025C420AFB00460F92A3FB5D
:10CA70000A19109AB1440A9E891849EB0602A64E7B
:10CA800010923246A3FB06A61AEB0808DFF88CA228
:10CA9000914602FB00660B9A0AFB0044A3FB0A3096
:10CAA00046EB020613EB0B030A930C9B9C4ADFF840
:10CAB00074B2044444EB03030B93049BA3FB024AAC
:10CAC000079B02FB03AA179B079AE418189B4AEBE3
:10CAD000030A049BA3FB0B300BFB0200DB1940EBAA
:10CAE0000C07049A90488346A2FB00C0079A1CEBEF
:10CAF00005050BFB02000C95049A40EB0E05129500
:10CB00008448079DC2F1000C00FB05CEA2FB000586
:10CB10000E9A80180F9A754445EB0205CE464A4698
:10CB2000DDF81090A9FB0EEBDDF81C9002FB09BBB1
:10CB3000109A1EEB010E4BEB02097849DDF81CB090
:10CB4000049A01FB0BCCA2FB01218C4412EB0801DF
:10CB50004CEB0606724A0E96059E0791A6FB02C193
:10CB6000089EDFF8C081DDF820B002FB0611289E88
:10CB7000299A1CEB060C059E41EB0201A6FB082638
:10CB800008FB0B66121946EB0A04059EDFF898A114
:10CB90000F92A6FB0A860AFB0B6618EB03031093A1
:10CBA00046EB07031393059B059E0C9A5F42594B76
:10CBB00003FB0B78A6FB03369B18129ADFF858B1DB
:10CBC0000C934644DDF8148046EB0206089AA8FB55
:10CBD0000BA80BFB02881AEB000248EB0505149525
:10CBE0004E48089D129200FB0577059D4C4AA5FB17
:10CBF00000052F4410EB0E05049547EB090505953C
:10CC0000039D484FA5FB0209069D02FB0599239A47
:10CC1000169D801849EB0509039DDDF818E0DDF845
:10CC200018800F9AA5FB07A51AEB0C0A07FB0E55F7
:10CC3000DFF8F4C0DDF80CE045EB0105AEFB0C1E9F
:10CC40000CFB08EEDDF80C8089184EEB040EC8F1E1
:10CC5000000C304CDDF8188004FB08C2DDF80C80B5
:10CC60005B46A8FB0484DDF840B01444139A18EB2B
:10CC70000B0844EB0204039A9B46A2FB0327069B86
:10CC80000BFB03770C9BD21847EB0607069B234E42
:10CC900006FB03CC039BA3FB06636344DDF848C09B
:10CCA00016EB0C0C149E43EB060310F58016039351
:10CCB00049F1000B730D43EACB23760D13EB0A0306
:10CCC0004FEA465645EB6B55B0EB060A69EB0B098C
:10CCD00011F580104EF10006CDF820904FEA505922
:10CCE00049EAC629400D19EB08084FEA405044EBC9
:10CCF0006654B1EB00096EEB060E12F5801147F198
:10CD000000004E0DCDF83CE046EAC026DDF80CE010
:10CD10000CE000BF53C6F0FFD11502008390F5FF71
:10CD2000132C0A00182D070067FB0900CDF830907E
:10CD3000490D16EB0C064FEA41514EEB6059B2EB30
:10CD4000010ECDF840E067EB000ECDF848E0DDF8CD
:10CD500010E0079FCDF818A01EF58012DDF814E052
:10CD60004FEA52504EF1000140EAC120DDF838E0B0
:10CD7000C0194EEB615A520DDDF810E003905205D8
:10CD8000BEEB020ECDF81CE0DDF814E06EEB010EF8
:10CD9000CDF814E0DDF828E00D981EF58012DDF8DE
:10CDA0002CE04FEA52514EF1000741EAC721DDF86D
:10CDB00044E009184EEB675ECDF810E0520DDDF847
:10CDC00028E01A985205BEEB020ECDF828E0DDF8F7
:10CDD0002CE06EEB070ECDF82CE0DDF808E01EF538
:10CDE0008017DDF824E04FEA57524EF1000C42EA7A
:10CDF000CC221218DDF86CE002984FEA57574FEA40
:10CE000047574EEB6C5EC01B0290099860EB0C001C
:10CE100013F5801745F1000B09904FEA575C0C9809
:10CE20004CEACB2C1CEB00000C904FEA57570F98A4
:10CE30004FEA475740EB6B50DB1B65EB0B0B0E9338
:10CE400018F5801344F100070D905D0D109845EA28
:10CE5000C7252818129D0F904FEA535345EB67558D
:10CE60005B051095B8EB0305119564EB070516F506
:10CE70008013079812954FEA535449F10005DDF8E5
:10CE8000148044EAC52420184FEA535348EB6558F0
:10CE90005B05CDF81480B6EB03080790CDF84C8005
:10CEA000039B0A98DDF82C8069EB050513F58013C8
:10CEB00014954FEA53544AF1000544EAC52420185A
:10CEC00015904FEA5353039848EB65585B05CDF82E
:10CED0002C80B0EB03086AEB05051695049DCDF890
:10CEE0000C8011F5801345F10004580D029D40EAB5
:10CEF000C4204019099D02904FEA535345EB6455F5
:10CF00005B051795CD1A1895049D65EB040512F580
:10CF100080114FEA51534FEA51514FEA41514EF1BE
:10CF200000000495551AE44AE449199543EAC023E0
:10CF30004FEA6058A3FB026702FB0877069AE04CB1
:10CF40006EEB0005B618089ADE481A9547EB020703
:10CF50000E9DDDF834E0A3FB01C201FB08220C9911
:10CF60001CEB050CA3FB005942EB0B0200FB0899DC
:10CF70006D18C3F1000A04FB08A149EB0E09A3FBDD
:10CF8000044E8E441199DFF840B30692641812994A
:10CF90000F9A4EEB010EA3FB0B018018109A0BFBAE
:10CFA000081141EB0201C94A02FB08AAA3FB028354
:10CFB0005344DDF84CA0149A18EB0A084FEA565A6D
:10CFC00043EB02034AEAC72A069A1AEB0C0AC6F395
:10CFD00014060A9642EB67524FEA5A5646EAC226B0
:10CFE000761949EB6252750D45EAC2252D194EEBB3
:10CFF00062526C0D44EAC2242018C5F3140541EBBB
:10D0000062510995450D45EAC12515EB080543EB2D
:10D010006152C0F3140C079BCDF820C06C0DDDF8F5
:10D0200014C044EAC224E4184CEB6252039B600D26
:10D03000C5F3140B40EAC220169DC01845EB62529E
:10D04000159BC4F31405410D079541EAC2210B9DC0
:10D05000C91845EB6252189BC0F31405480D06959C
:10D0600040EAC220049DC01845EB6252029BC1F306
:10D070001405410D059541EAC221179DC91845EBDC
:10D0800062524B0DC0F314051998049543EAC2236C
:10D090001A9D1B1845EB6252C1F314050395580DF8
:10D0A000C3F31405844B029540EAC220A0FB034C55
:10D0B000521503FB02CC0A9BE418804BCAF31407F9
:10D0C000A0FB03E14CF1000C03FB02111EEB070E69
:10D0D00041F100030A937B4B0999A0FB037903FB01
:10D0E0000299774B4542C6F31406BF1903FB025A57
:10D0F000A0FB033649F100095B1873494AEB060AA5
:10D10000A0FB016801FB0288089976186F4901FBB2
:10D110000255A0FB010248F1000810EB0B0045EBA3
:10D120000205620D0A9942EACC2212EB0E0241EB93
:10D130006C514FEA525C4CEAC12C1CEB070C49EBDA
:10D1400061514FEA5C5747EAC127FF184AEB61512A
:10D150007B0D43EAC1239B1948EB61515E0D46EA02
:10D16000C126361845EB6151700D079DDDF814801E
:10D17000DDF81090DDF80CA040EAC12040194FEA1C
:10D18000615141F10001450D4FEA615E45EAC1255B
:10D1900006996D184EF100014FEA555E4EEAC12E18
:10D1A0001EEB08084FEA615141F100014FEA585E59
:10D1B0004EEAC12E1EEB09094FEA615141F100010F
:10D1C0004FEA595E4EEAC12E1EEB0A0A4FEA615140
:10D1D000C9F3140E41F100014FEA5A5949EAC12935
:10D1E000029919EB01090199C4F314040C70DDF8DC
:10D1F00004B0C2F31402210A8BF80110510141EA74
:10D2000014418BF80210D108CCF3140C8BF80310E6
:10D21000D10A8BF804104FEA8C0141EAD242C7F3DD
:10D2200014078BF805204FEA9C128BF80620FA01B0
:10D2300042EA9C328BF807207A08C3F314038BF878
:10D2400008207A0A8BF809201A0142EA57428BF823
:10D250000A201A09C6F314068BF80B201A0B8BF858
:10D260000C20B21942EA1353C0F314008BF80D30AE
:10D27000F3098BF80E30830143EAD6338BF80F3075
:10D280008308C5F314058BF81030830A8BF811302E
:10D29000EB0043EA9043C8F314088BF812306B0993
:10D2A0008BF813304FEA18238BF816304FEA4E13E1
:10D2B00043EA18430CE000BF132C0A00182D0700A6
:10D2C00053C6F0FF67FB0900D11502008390F5FFFC
:10D2D0008BF817304FEADE03CAF3140A8BF81830C4
:10D2E0004FEADE238BF819304FEA8A0343EADE4324
:10D2F0008BF81A304FEA9A138BF81B304FEAC91E8D
:10D300004FEA59036D0B4EEA9A3E8BF81D304FEAF7
:10D3100059234FEA59498BF814508BF815808BF834
:10D320001CE08BF81E308BF81F9039B0BDE8F08FF1
:10D33000B0F85431B0F85021981A00F03F0070470F
:10D34000B0F85431B0F850219BB293421ABFD0F8D4
:10D350004831985C4FF0FF30704790F85231B0F888
:10D360005601C0B2834227BFC3F13F03C018C01AA1
:10D3700000F1FF30704707B503688DF807105B6850
:10D3800001220DF10701984703B05DF804FB13B5C6
:10D390000DF107010446E9F75DFB90B9B4F8C03020
:10D3A000B4F8BC20013303F03F03934209D0B4F832
:10D3B000C020D4F8B4109DF8070092B28854A4F8A5
:10D3C000C03002B010BD0000B0F8C220D0F8C410C8
:10D3D00011FA82F202F03F0210B5A0F8C220B0F8B4
:10D3E000C210B0F8BE2089B28A421BD0B0F8C24049
:10D3F000B0F8C210A4B24032121B544289B204F0F9
:10D400003F0402F03F02C1F1400158BF62428A422C
:10D4100028BF0A46C0F8C4200349E9F757FB4FF07C
:10D42000FF3010BD0020FCE7C9D3010803682DE9D7
:10D43000F0479B68044688461646984701232374A4
:10D44000D4F83831B4F8529101338246C9F1400919
:10D4500004F1940708D194F85C312BB1002384F8CF
:10D460005C313846E9F754FB236820469B689847AF
:10D470000028F9D035464D4523D8554521D8B4F874
:10D480005221D4F84C015319402B10442FD82A466E
:10D49000414604F0BAFBA946B4F852311D4405F0E8
:10D4A0003F05A4F852513846E9F760FA30B91749F8
:10D4B000C4F858914A463846E9F708FB3046BDE8BB
:10D4C000F087D145236828BFD1464A4641465B686C
:10D4D00020469847236820469B689847A5EB090596
:10D4E000C844B4F852918246C9F14009C3E7C2F179
:10D4F00040094A46414604F088FBD4F84C01A5EBAC
:10D50000090208EB090104F080FBC5E7C9D3010853
:10D51000C0F83C31009BC0F84031914208BF4FF049
:10D52000FF3100F11103C0E94D21C0F8483100F18D
:10D5300051020023A0F85431C0E95323A0F856311A
:10D5400070470000F7B54FF47A7317460022C0E920
:10D5500001231C4B03604FF0FF33C0F838311A4BE6
:10D560001A4E04469C42B06D0D4605D1F36DC4F8C9
:10D570003831C4F834010AE01549E8F79FFE8542C6
:10D5800015D1F36DC4F83831B36DC4F83431012FBF
:10D590004FF0FF3308BFC4F8383100932046D4E978
:10D5A0004D214FF0FF33FFF7B3FF03B0F0BD094942
:10D5B0002846E8F794FE0649C4F838012846E8F7FB
:10D5C0008EFED6E78CE10208EC360020583F0208B8
:10D5D000E83C0208943C0208037C70B504460D4602
:10D5E000A3B1E3F7FFFE0646B4F85221B4F8563172
:10D5F0009BB29A420AD0002DF8D0E3F7F3FE801BCD
:10D600008542F1D8B4F85631A4F8523170BD0021EA
:10D61000FFF7E2BFD0F83831013310B504460ED120
:10D620000368DB68984794F85C3143B9012384F8B8
:10D630005C3104F19400BDE81040E9F779BA10BDFF
:10D6400002F00703023BDBB2042B73B50546C0F8BA
:10D65000601180F85D219CBF1548C45C02F0300366
:10D6600088BF0024302B1BD101344FF4C063073C2A
:10D67000022C1CD8C2F3C002520300920D4A05F1DD
:10D68000940652F824203046E9F73AF92846FFF785
:10D69000C1FF0949304602B0BDE87040E9F7F6B96C
:10D6A00012F020031CBF01344FF48063DFE7FEE774
:10D6B0007CE1020870E102088FD3010810B504462E
:10D6C000FFF7A8FFB4F85421B4F8503192B29A424F
:10D6D0001FBFD4F84821D05C013303F03F0314BFCF
:10D6E000A4F850314FF0FF3010BD0000024903484C
:10D6F0000022FFF727BF00BF00800040EC3600206B
:10D7000070B505460C46084649B1E3F771FD2B6834
:10D710000246214628465B68BDE87040184770BD48
:10D7200008B5FFF7EDFF08BD03681B681847000048
:10D7300008B50249FFF7E4FF08BD00BFB0E10208E9
:10D7400038B50546FFF7DCFF04462846FFF7F0FF33
:10D75000204438BDFFF7F4BF70B50D46144630B114
:10D76000461E012E05D811462846E9F711F9204634
:10D7700070BD03685B689847F9E70EB403B503AA68
:10D7800052F8041B019204F09DF802B05DF804EB1E
:10D7900003B0704730B58BB00023012A0C468DF8DA
:10D7A000243098BF0A2209A92546B4FBF2F404FBF1
:10D7B000125303F0FF03092B94BF30333733DBB22E
:10D7C000AA4201F8013DEFD9FFF79AFF0BB030BD37
:10D7D0002DE9F04107460E4614462AB90368BDE814
:10D7E000F0411B68C9B218470A2A05D1002905DB98
:10D7F000BDE8F041FFF7CEBFD2B2F9E72D21FFF728
:10D8000093FF2246054671423846FFF7C3FF28447E
:10D81000BDE8F08138B50546FFF7DAFF0446284633
:10D82000FFF786FF204438BD10B5044600F0EAFB40
:10D83000E060236820465B699847002808DA00F01A
:10D84000E1FBE368C01AA3689842F2D34FF0FF30BF
:10D8500010BDF8B507460D468E180C46B44201D1EE
:10D86000601BF8BD3846FFF7DFFF031EF8DB04F846
:10D87000013BF3E72DE9F0410746884616461D4671
:10D8800073B100243846FFF7CFFF031E05DB434585
:10D8900003D033550134A542F4D12046BDE8F081D0
:10D8A0001C46FAE7114803681A0912F00C0F10B56C
:10D8B00019D10F4902F00F0251F822209AB14168A4
:10D8C0000C4C03F00F03002954F823300CD0C4BFD4
:10D8D00001F1FF314160516901EA030023EA0103CC
:10D8E00043EA0043936110BD9362FCE75C010020B2
:10D8F00008000020C04002082DE9FF41364D2A28CB
:10D900002B680E4614461FD8344A52F8207043B98B
:10D91000B420E7F7DAFF32498046E7F73DFFC5F864
:10D920000080781C1DD02F4B1A68511C01D0BA42C0
:10D9300017D1B6F5803F14D20EBB286888B104B069
:10D94000BDE8F041E7F7DABC00F0C002C02A0BD016
:10D950003BB9B420E7F7B9FF21490446E7F71CFFBC
:10D960002C6004B0BDE8F081CB28F1D81E4A00F04D
:10D970003F0052F82010194A52F82170C7E776008C
:10D980001F6034B374434FF47A72B4FBF2F4012194
:10D9900038465C60E8F7ECFB286802223146E7F77E
:10D9A00099FE00230193114B0093114B03932868B8
:10D9B000104B02936946E7F737FF029B1BB169469C
:10D9C000032208469847286804B0BDE8F041E7F70D
:10D9D00082BD4FF0FF34DAE750380020583F02088C
:10D9E000004401405C010020283F0208A5D801083E
:10D9F000895E0008695E00082A2838B523D81B4BC9
:10DA000053F820305A1C1DD0194D2A689A4219D15A
:10DA1000184C2068B0B129B3E7F782FE2868431C90
:10DA200005D00021E8F7A4FB4FF0FF332B602568F9
:10DA300035B12846E7F7B6FDB4212846E7F749FF98
:10DA40000023236038BD00F0C003C02BFAD1CB28DF
:10DA5000F8D8094B00F03F0053F82020034B53F84F
:10DA60002230CFE7BDE83840E7F748BC583F02080E
:10DA70005C01002050380020283F0208C3B22A2B46
:10DA800016D8144A52F8233000F4E06003431A0910
:10DA900012F00C0F1DD1104902F00F0251F82200B4
:10DAA000B8B103F00F030121994089B2E8F7F4B946
:10DAB00000F0C002C02A0CD1CB2B0AD8074B00F0D3
:10DAC0003F0200F4E06053F82220024B53F822306A
:10DAD000DCE77047583F020808000020283F020892
:10DAE000F0B5C3B22A2B85B00F46154628D8214A77
:10DAF00052F8233000F4E0641C43C4F30310E7F74A
:10DB0000F7FE0646D0B1022D2ED0032D2FD0002DCA
:10DB10000CBF4FF404154FF4881539466846E7F7F3
:10DB200050FE04F00F040121A14030462B466A4606
:10DB300089B2E8F72BFA6846E7F7D7FB05B0F0BDE6
:10DB400000F0C002C02A0CD1CB2B0AD80A4B00F03F
:10DB50003F0200F4E06453F82220064B53F82230D1
:10DB6000CAE74FF0FF34C8E74FF44415D5E74FF448
:10DB70000415D2E7583F0208283F020808B102F016
:10DB800075BD704710B5044628B102F09DFD90FBAD
:10DB9000F4F303FB1404204610BD884210B504467C
:10DBA00003DA081AFFF7EEFF0444204610BD704761
:10DBB000F0B503468BB0084661B3911E222935D8D3
:10DBC0000A2A06D1002B04DA5B42012701AD29465F
:10DBD0000DE00027FAE7B3FBF2F602FB1633092B40
:10DBE000DCB21BD83033DBB201F8013B3346002BEB
:10DBF000F1D1A94210D0034617B12D2203F8012B11
:10DC00005C1E0A46AA420CD84A1B8D4288BF0022DD
:10DC1000002199540BB0F0BD1E46E3E704F1570311
:10DC2000E1E712F8016D04F8016FEBE70020F1E77E
:10DC300008B50320E4F704F8BDE8084000F002BA94
:10DC400008B5AFF30080EBF70DFFEBF7D5FF00F061
:10DC5000EBF9FAE7C1B20B2910B5024611D8194801
:10DC600050F8211002F4E0630B43C9B22A2912D8FC
:10DC7000154850F8210003F4E0631843431C10D00A
:10DC800010BD00F0C003C02B0BD1CB2909D80D4823
:10DC900002F03F01E4E703F0C004C02C01D1CB291E
:10DCA00008D9A2F1CC03022B94BF02F635704FF0D5
:10DCB000FF30E5E703F03F0150F82100024951F839
:10DCC0002000D8E7283F0208583F02080D48854643
:10DCD000E8F726FB0C480D490D4A002302E0D45812
:10DCE000C4500433C4188C42F9D30A4A0A4C0023A6
:10DCF00001E013600432A242FBD303F057FFFFF7A9
:10DD00009FFFFEE7000001200000002050030020DC
:10DD100078E6020850030020C03A0020FEE7914256
:10DD20000FD008D9891A01238B40984208D30130BB
:10DD3000C8400138704720B10130521A9040F8E7CE
:10DD40000020704710B5FFF785FF431C0AD0064C32
:10DD50002168E7F783FE054B21681A68BDE810408B
:10DD6000FFF7DDBF002010BD640100206801002026
:10DD7000C3B22A2B2DE9F0410D462AD82C4A52F87D
:10DD8000233000F4E0641C43621C4ED0294EC4F3DF
:10DD9000031704F00F0856F8273023FA08F3DB07BF
:10DDA00010D525492046E8F7D4F918B32046E7F7FF
:10DDB00005FE56F82730012202FA08F223EA020390
:10DDC00046F82730052D1FD8DFE805F01F2B252743
:10DDD000292D00F0C002C02A27D1CB2B25D8174B04
:10DDE00000F03F0200F4E06453F82220104B53F897
:10DDF0002230C8E712492046E8F7ABF90028D8D00E
:10DE00002046E7F727FFD4E7FEE700212046BDE8DC
:10DE1000F041E8F7ADB91021F8E72021F6E703213A
:10DE2000F4E70121F2E70921F0E7BDE8F08100BF46
:10DE3000583F020854380020743E0208283F020868
:10DE40003C3D0208C3B22A2B1BD8174A52F8233094
:10DE500000F4E0601843431C25D0030913F00C0FB5
:10DE600004BF124A03F00F0300F00F0008BF52F87E
:10DE700023300F4A18BF002352F8202091B19A6135
:10DE8000704700F0C002C02A0DD1CB2B0BD8094B34
:10DE900000F03F0200F4E06053F82220024B53F8F8
:10DEA0002230D7E79A627047583F020808000020E6
:10DEB000C0400208283F0208C3B22A2B1BD8194AC7
:10DEC00052F8233000F4E0601843431C24D00309C7
:10DED00013F00C0F22D103F00F03134A00F00F00D0
:10DEE00052F82320114B126953F8203093430CBF92
:10DEF00001200020704700F0C002C02A0CD1CB2BBB
:10DF00000AD80B4B00F03F0200F4E06053F82220E7
:10DF1000044B53F82230D7E70020704700231B69D9
:10DF2000FFDE00BF583F020808000020C040020882
:10DF3000283F02082DE9F843C3B22A2B0C461546A8
:10DF400010D82D4A52F8233000F4E060184300093D
:10DF500003F00F03012610F00C0F06FA03F612D09F
:10DF6000002715E000F0C002C02A2BD1CB2B29D806
:10DF7000224B00F03F0200F4E06053F822201E4BD9
:10DF800053F82230E2E71E4B00F00F0053F82070E8
:10DF9000002C18BF344600F037F880463B69334008
:10DFA000A34212D03B693340A34217D100F02CF8B2
:10DFB00081463B693340A34217D000F025F8A0EB1F
:10DFC000090009E04FF40046CAE700F01DF8A0EB95
:10DFD0000800A842E2D90020BDE8F88300F014F858
:10DFE000A0EB0800A842DDD9F5E700F00DF8A0EBA2
:10DFF0000800A842DDD9EEE7583F0208283F020892
:10E0000008000020E7F778BEE7F752BE38B50446AF
:10E0100048B1E7F771FE0546FFF7C9FDE7F76CFE6B
:10E02000431BA342F8D338BD08B5044B2BB10448B9
:10E03000FFF77EF908B1AFF3008008BD00000000D3
:10E04000EC360020E7F7FEBE430803F05533C01A54
:10E05000830803F0333300F03330184400EB101022
:10E0600000F00F3000EB002000EB0040000E704786
:10E070002DE9F047089D0C46002B4ED194468C4567
:10E080008646B2FA82F262D94AB1C2F120039140C7
:10E0900020FA03F30CFA02FC194300FA02FE4FEADD
:10E0A0001C471FFA8CF6B1FBF7F44FEA1E4307FB3F
:10E0B000141143EA014304FB06F199420AD91CEB0F
:10E0C000030304F1FF3080F01281994240F20F8186
:10E0D000023C6344591A1FFA8EF3B1FBF7F007FBB9
:10E0E000101143EA014300FB06F69E420AD91CEBDD
:10E0F000030300F1FF3180F0FC809E4240F2F98082
:10E10000634402389B1B40EA044000211DB1D34008
:10E110000022C5E90032BDE8F0878B4205D90DB178
:10E12000C5E9000100210846F5E7B3FA83F10029AB
:10E1300046D1A34202D39042C0F0F080861A64EB2D
:10E1400003030120002DE6D0C5E90063E3E7002AC0
:10E1500040F09080A1EB0C044FEA1C481FFA8CF7AA
:10E160000121B4FBF8F64FEA1E4308FB164443EACC
:10E17000044307FB06F0984208D91CEB030306F1A1
:10E18000FF3402D2984200F2CD8026461C1A1FFAB4
:10E190008EF3B4FBF8F008FB104443EA044300FBA1
:10E1A00007F79F4208D91CEB030300F1FF3402D2AA
:10E1B0009F4200F2B0802046DB1B40EA0640A5E704
:10E1C000C1F120068B4022FA06F71F4320FA06FC15
:10E1D00004FA01F343EA0C03F44000FA01F8380CA6
:10E1E0004FEA1349B4FBF0FE1FFA87FC00FB1E4404
:10E1F00049EA04440EFB0CF9A14502FA01F20AD9DE
:10E200003C190EF1FF3A80F08480A14540F28180F4
:10E21000AEF1020E3C44A4EB09041FFA83F9B4FBEF
:10E22000F0F300FB134449EA044403FB0CFCA4454F
:10E2300007D93C1903F1FF3067D2A44565D9023BE9
:10E240003C4443EA0E40A0FB0293A4EB0C049C4226
:10E25000CE469C4651D34ED055B1B8EB0E0364EB7D
:10E260000C0404FA06F6CB401E43CC40C5E900641A
:10E27000002150E7C2F1200320FA03F10CFA02FC5E
:10E2800024FA03F394400C434FEA1C4800FA02FEC0
:10E290001FFA8CF7B3FBF8F008FB1031230C43EAAC
:10E2A000014300FB07F1994208D91CEB030300F17D
:10E2B000FF362CD299422AD9023863445B1AA4B2A1
:10E2C000B3FBF8F108FB113344EA034401FB07F305
:10E2D000A34208D91CEB040401F1FF3613D2A34278
:10E2E00011D902396444E41A41EA004139E704468D
:10E2F000F0E6084606E7C845AED2B9EB020E63EB7E
:10E30000070C0138A8E73146EDE7034699E73046A8
:10E31000D4E7D6467FE7634402384DE706462346F6
:10E3200008460FE7023E634430E700BF08B502F03D
:10E33000D1F800002DE9F0411C46454B83670123CD
:10E340001646A0F87C300D4668220021DDF81880C2
:10E35000074603F01AFBF3B22A2B28D83D4A52F89D
:10E36000233006F4E0661E43EBB22A2BBE6632D899
:10E37000384A52F8233005F4E0651D43E3B22A2BF6
:10E38000FD663CD8334A52F8233004F4E0641C4361
:10E390005FFA88F22A2A3C6745D82E4951F8222094
:10E3A00008F4E06313437B673846BDE8F08106F06C
:10E3B000C002C02A0CD1CB2B0AD8274B06F03F0253
:10E3C00006F4E06653F82220224B53F82230CAE7C5
:10E3D0004FF0FF36C8E705F0C002C02A0CD1CB2BA6
:10E3E0000AD81D4B05F03F0205F4E06553F82220E2
:10E3F000184B53F82230C0E74FF0FF35BEE704F06A
:10E40000C002C02A0CD1CB2B0AD8134B04F03F0218
:10E4100004F4E06453F822200E4B53F82230B6E7A0
:10E420004FF0FF34B4E708F0C003C02B0CD1CB2A67
:10E430000AD8094B08F03F0253F82210054A08F4A5
:10E44000E06352F82120ADE74FF0FF33ABE700BFA8
:10E4500000093D00583F0208283F0208002210B47E
:10E46000054910BC80F85D200123816780F87C306D
:10E4700080F87D2000F078B800093D0017B46B46A5
:10E4800083E80600816F009A9142044605D1B0F8F6
:10E490007C10BDF8042091420ED000989B88A067A4
:10E4A000A4F87C3094F87C3094F87D20A16F20464D
:10E4B00003B010BC00F058B803B010BC70477047F0
:10E4C00000F08CB907B5002A8DF807100DF107018F
:10E4D0004FF001030CBF0A46002200F0C1F99DF87D
:10E4E000070003B05DF804FB07B52B230093062259
:10E4F000012307210248FFF71DFF03B05DF804FB6D
:10E500006438002030B591FAA1F391FAA1F1B3FA81
:10E5100083F3C4685B000325B1FA81F105FA03F3C4
:10E52000490024EA03038A401A43C26030BD000058
:10E53000094A0346106873B1084A934201D1E5F7CE
:10E5400011BA074A934201D1E5F7FCB9054A934253
:10E5500001D1E5F7E5B970474000002000300140E7
:10E5600000380040000001582DE9F04F0E4685B0FC
:10E5700015461F460446002838D0626E8E4BC06E8A
:10E580009A4236D08D49E7F799FE8D498146A06EB3
:10E59000E7F794FE8B498346206FE7F78FFE8A49A1
:10E5A0008046606FE7F78AFE8246B9F1000F1DD002
:10E5B000BBF1000F1AD0B8F1000F17D059464846EA
:10E5C000E7F7A3FE514681464046E7F79EFE014627
:10E5D00080464846E7F799FE6066B9F1000F05D01E
:10E5E000B8F1000F02D0002840F0A18005B0BDE8CE
:10E5F000F08F0130FAD1A36E0133F7D1236F0133CD
:10E60000F4D1636F0133F1D14FF40073606EA361F5
:10E610004FF4827320606360FFF78AFFB6EB500F00
:10E6200080F08C80B6EB900F80F08A80B6EBD00F34
:10E6300080F08880B6EB101F80F08680B6EB501F0C
:10E6400080F08480B6EB901F80F08280B6EBD01F04
:10E650002CBF30233823E361002D7BD0022D7BD0EB
:10E66000013D18BF01256D000123C4E904530723B0
:10E67000E3624FF4E0632268E360B7FA87F74E4B3A
:10E680007F090026FF019A42C4E90876A660A662C7
:10E6900066632CD04949E06EE7F7F8FD4849A06E63
:10E6A000E7F7F4FD206F4749E7F7F0FD2369B34230
:10E6B000236F4FEA131114BF0122022211F00C0F35
:10E6C00004BF424801F00F0103F00F0308BF50F8E8
:10E6D00021003F4918BF3046022A51F8231018BFC5
:10E6E0000122FFF70FFF3849606FE7F7CFFD23687E
:10E6F000384A934232D14FF0B0431A6E42F48052FE
:10E700001A661A6E02F480520192019A1A6C42F44F
:10E7100080521A641A6C22F480521A642046E5F77B
:10E7200054F92268136843F0400313605EE7636F97
:10E7300001333FF469AF4FF4802367E700238AE792
:10E74000082388E7102386E7182384E7202382E73D
:10E75000282380E72B4688E7002386E71E4A93425A
:10E7600013D14FF0B0439A6D42F480429A659A6D8E
:10E7700002F480420292029A9A6B42F480429A63B7
:10E780009A6B22F480429A63C8E70B4A9342C5D140
:10E790004FF0B0435A6E42F001025A665A6E02F0D0
:10E7A00001020392039A5A6C42F001025A645A6CB5
:10E7B00022F001025A64B1E7000001588C3B0208C4
:10E7C0002C3B0208C03A0208603A02080800002008
:10E7D000C0400208003001400038004010B5044637
:10E7E00098B1E5F760F923681A4A93420ED14FF0C9
:10E7F000B0431A6C42F480521A641A6C22F48052AC
:10E800001A641A6E22F480521A6610BD124A93429C
:10E810000ED14FF0B0439A6B42F480429A639A6BE8
:10E8200022F480429A639A6D22F480429A65ECE762
:10E830000A4A9342E9D14FF0B0435A6C42F00102C8
:10E840005A645A6C22F001025A645A6E22F0010294
:10E850005A66DAE7003001400038004000000158F5
:10E860002DE9F0410D4616461C4633B30768E2F722
:10E87000B9FD8046BB689907FCD5D5B115F8013BB9
:10E880003B73BB68DA07FCD53B7B0EB106F8013B56
:10E89000E2F7A8FDA0EB0800B0F57A7F04F1FF34A1
:10E8A00009D2002CE6D12046BB681B06FCD4BDE88B
:10E8B000F081FF23E4E70120F6E70220F7E7D0F834
:10E8C00088301BB1D0F88C3080301847704700007A
:10E8D0000148FFF7F4BF00BFE438002070B586B0F0
:10E8E000002302AC02930593C4E901338B6805460B
:10E8F0000E4633B1022220469847F3680593B36869
:10E90000049394E803006A4605F1800382E803005B
:10E9100093E8030084E8030092E8030083E803001F
:10E92000049BD5F88820C5F88830059B04922046C2
:10E93000D5F88C20C5F88C300592E6F7D6FC32204D
:10E94000E3F708FA322006B0BDE87040E3F7BCB93F
:10E9500010B504463220E3F7C5F9D4F888303BB14E
:10E9600004F180010322084698470023C4E92233BA
:10E9700010BDD0F88800003818BF01207047322041
:10E98000E3F7A2B93220E3F7ADB93220E3F7E2B9F9
:10E9900008B53220E3F7CCF9003818BF012008BDD4
:10E9A000054BD3F8902021B122F40042C3F8902007
:10E9B000704742F40042F9E700040058034BD3F8D3
:10E9C000900080F40040C0F3C0307047000400584D
:10E9D0004FF0B043D3F8942021B142F40042C3F881
:10E9E0009420704722F40042F9E74FF0B043D3F887
:10E9F0009400C0F3C0307047024B5869C0F3400028
:10EA0000704700BF0004005813B5094C4FF0FF33A6
:10EA100000931A4619462046FFF78CFC054B6366A7
:10EA20000023C4E92033C4E9223302B010BD00BF83
:10EA3000E43800200000015808B50248E6F755FC0C
:10EA400008BD00BF643900202DE9F84314461D4677
:10EA50008046894600F050F9224606460F462B466E
:10EA600020462946E1F7C2FF78B90022002340463C
:10EA70004946E1F789FFD8B1002200232046294604
:10EA8000E1F782FF28B1264F002630463946BDE81F
:10EA9000F8832046294600F099F80028F5D0204652
:10EAA000294600220023E1F779FF0028EDD02CE071
:10EAB0003046394600F08AF8A0B1002200233046E3
:10EAC0003946E1F761FF0028DFD04046494600F0B3
:10EAD0007DF80028D9D02046294600F077F8002894
:10EAE000D3D012E04046494600F070F80028E4D048
:10EAF0002046294600F06AF80028DED032463B4620
:10EB000030463946E1F772FF20B903F049F8222375
:10EB10000360BAE703F044F821230360B5E700BFC0
:10EB20000000F03F70B50C46064600F091FE21460D
:10EB300005462046E2F7DCFA58B900213046E2F7F4
:10EB4000A5FAA0B100212046E2F7A0FA18B14FF0D3
:10EB50007E55284670BD204600F03EF80028F8D0CB
:10EB600000212046E2F79CFA0028F2D023E0284654
:10EB700000F032F880B100212846E2F787FA002839
:10EB8000E7D0304600F028F80028E2D0204600F018
:10EB900023F80028DDD00EE0304600F01DF80028F4
:10EBA000E9D0204600F018F80028E4D0294628468D
:10EBB000E2F79EFA20B902F0F3FF22230360C8E7D0
:10EBC00002F0EEFF21230360C3E700BF41F00040E5
:10EBD00000F58010C00F704720F00040B0F1FF4FEB
:10EBE000ACBF0020012070472DE9F041C0F3C755AC
:10EBF0007F3D162D044620F0004724DC002D804682
:10EC000014DB184F2F4138421AD01749E1F7A2FF01
:10EC10000021E2F763FA98B1002C03DD4FF4000302
:10EC20002B41984428EA0700BDE8F0810E49E1F73E
:10EC300091FF0021E2F752FA10B1002C0EDB57B918
:10EC40002046BDE8F081B7F1FF4FF9D30146E1F767
:10EC500081FFBDE8F0814FF07E50F2E74FF00040B9
:10EC6000EFE700BFFFFF7F00CAF249712DE9F041D5
:10EC7000C0F3C7557F3D162D044620F0004725DC24
:10EC8000002D804614DB184F2F4138421BD0174906
:10EC9000E1F760FF0021E2F721FAA0B1002C03DACE
:10ECA0004FF400032B41984428EA0700BDE8F081A7
:10ECB0000E49E1F74FFF0021E2F710FA18B1002CDE
:10ECC0000CDB002000E02046BDE8F081B7F1FF4FEB
:10ECD000F9D30146E1F73EFFBDE8F08117B94FF0E7
:10ECE0000040F1E70248EFE7FFFF7F00CAF24971F9
:10ECF000000080BF000000002DE9F04F23F0004726
:10ED0000044657EA020093B092469B460D4610D146
:10ED10002319824985F4002252419842914121D21F
:10ED200052465B4620462946E1F710FA13B0BDE88B
:10ED3000F08F98467A4B0E4621F00041994200919F
:10ED4000A14614D906F1404606F5801656EA090692
:10ED5000E6D15346DB1871498BF4002252419E42A2
:10ED60009141DDD36F49002013B0BDE8F08F14D07E
:10ED70009F42E7D8009B00F0B780002E15DB002AE9
:10ED800040F0A48067498F4240F0CA83B8F1000F79
:10ED9000C0F2BF8420462946C8E7002CC0D18F426C
:10EDA000BED800F0F283009BE7E75F498F4200F294
:10EDB000C6835E498F420DD93915A1F2FF3114295E
:10EDC00040F38E84C1F1340122FA01F000FA01F11E
:10EDD000914236D0002A45D1B8F1804F3BD0029203
:10EDE00020462946049300F02FFD049BB9F1000F43
:10EDF00043D0DDF808C0F20F013A52EA0C0C00F0E3
:10EE00008A80029C013C224314BF464D484D002499
:10EE1000B7F1844FCDE9064540F28E80454B009A0C
:10EE20009F42424B40F2E8839A4200F29484B8F148
:10EE3000000FC0F29484002013B0BDE8F04F01F041
:10EE400059B900F00100C0F102010291002A3FD13E
:10EE5000B8F1804FC4D122462B4620462946E1F71F
:10EE60002BFB63E720462946029300F0EDFC029B52
:10EE7000B9F1000F4FD1CDF808902A4A26F0404C46
:10EE8000944502D0009A002AB3D1B8F1000F05DAF8
:10EE900002460B4600202349E1F738FC002EBFF65E
:10EEA00045AF009B03F1404A029B0AF5801A5AEADB
:10EEB000030A40F0368402460B4610461946E1F735
:10EEC00043F902460B46E1F721FC2FE700220292AC
:10EED00020462946049300F0B7FC049BB9F1000FCB
:10EEE000CBD0F20F013A8CE7002A7FF42BAF009BC6
:10EEF00003F1404303F5801323433FF433AF0B4B3F
:10EF0000009A9A4240F2DF83B8F1000FC0F24984C0
:10EF1000504659460AE722462B46CEE70000F0FF4E
:10EF20000000F07F0000F03FFFFF3F43FFFFEF3F97
:10EF30000000F0BF0000F043D74A3240002A40F002
:10EF40002883D64B0022E1F7B7FA6FF034040B4662
:10EF50001A15A2F2FF321519D14A0B95C3F3130308
:10EF600043F07F54934244F4401407DDCD4A93426A
:10EF700040F3E08301350B95A4F5801400220023B3
:10EF8000CDE90823CDE91023C74B0022CDE90423A6
:10EF90000025DDE9042321468046E1F7D5F8A146A6
:10EFA000DDE9042306460F4640462146CDE90C899B
:10EFB000E1F7CCF802460B460020BB49E1F7A6FB7F
:10EFC0000A460146CDE90E1213463946024630463E
:10EFD000E1F772FA0A4601464FF0000CCDE9021241
:10EFE0001146CDE900016410CDF800C0DDE90089CB
:10EFF00044F0005404F500230020591904460D463E
:10F0000002460B4640464946E1F756FA02460B4691
:10F0100030463946E1F798F8DDE9042306460F4605
:10F0200020462946E1F790F802460B46DDE90C013F
:10F03000E1F78AF842464B46E1F73EFA02460B46B4
:10F0400030463946E1F780F8DDE90E23E1F734FA7E
:10F05000DDE90245CDE9040122462B46204629463A
:10F06000E1F72AFA7AA3D3E9002304460D46E1F733
:10F0700023FA79A3D3E90023E1F768F822462B4667
:10F08000E1F71AFA76A3D3E90023E1F75FF8224605
:10F090002B46E1F711FA74A3D3E90023E1F756F800
:10F0A00022462B46E1F708FA71A3D3E90023E1F7E2
:10F0B0004DF822462B46E1F7FFF96FA3D3E9002371
:10F0C000E1F744F8224606460F462B4620462946DD
:10F0D000E1F7F2F902460B4630463946E1F7ECF922
:10F0E000424604460D464B46DDE90201E1F72EF8A3
:10F0F000DDE90423E1F7E0F922462B46E1F726F8A3
:10F10000424604460D464B4640464946E1F7D4F98F
:10F11000664B002206460F46E1F718F822462B46BA
:10F12000CDE90C45E1F712F800240D4622462B46A6
:10F1300040464946E1F7C0F95C4B804689460022CB
:10F1400020462946E1F700F832463B46E0F7FCFF4F
:10F1500002460B46DDE90C01E0F7F6FFDDE902238C
:10F16000E1F7AAF9224606460F462B46DDE90401DF
:10F17000E1F7A2F902460B4630463946E0F7E6FFD2
:10F1800006460F4602460B4640464946E0F7DEFF7C
:10F1900000243BA3D3E9002320460D46E1F78CF978
:10F1A00042464B468046894620462946E0F7CCFF3A
:10F1B00002460B4630463946E0F7C6FF32A3D3E994
:10F1C0000023E1F779F932A3D3E9002306460F467D
:10F1D00020462946E1F770F902460B46304639468B
:10F1E000E0F7B4FFDDE91023E0F7B0FF06460B9827
:10F1F0000F46E1F7F7F8324604460D463B464046D7
:10F200004946CDE90289E0F7A1FFDDE90823E0F7EF
:10F210009DFF22462B46E0F799FF002022462B4611
:10F2200080468946E0F790FFDDE90823E0F78CFF90
:10F23000DDE90223E0F788FF02460B4630463946F7
:10F24000E0F782FFCDE9020132E000BFAFF30080BA
:10F25000EF4E454A287ECA3F65DBC9934A86CD3FBB
:10F2600001411DA96074D13F4D268F515555D53FA1
:10F27000FFAB6FDBB66DDB3F033333333333E33F39
:10F28000000000E009C7EE3FFD033ADC09C7EE3F8E
:10F29000F5015B14E02F3EBE0000F07F000040430C
:10F2A0008E98030079B60B000000F03F0000084084
:10F2B0000023CDE900AB0093DDE9006759463246F3
:10F2C0003B465046E0F740FF42464B46E1F7F4F834
:10F2D0005B4604460D465246DDE90201E1F7ECF8D3
:10F2E00002460B4620462946E0F730FF32460446E8
:10F2F0000D463B4640464946E1F7DEF80B460246DE
:10F3000006460F4620462946E0F720FFB44B9942B7
:10F31000A046A94604460D468B4640F3168101F1EE
:10F320003F4303F5E003034340F01F829AA3D3E970
:10F33000002340464946E0F709FF3246CDE9000187
:10F340003B4620462946E0F7FFFE02460B46DDE934
:10F350000001E1F741FB002840F007824FF4007301
:10F360005B44C3F30A529F4CA2F2FF32C3F3130172
:10F37000144141F48011C2F1140241FA02FA002052
:10F3800004EA0301BBF1000F02460B463046394642
:10F39000B8BFCAF1000AE0F7D7FE02460B460646A0
:10F3A0000F4640464946E0F7D1FE4FEA0A5B0D465C
:10F3B00000247BA3D3E9002320462946E1F77CF80B
:10F3C0003246CDE900013B4620462946E0F7BCFE27
:10F3D00002460B4640464946E0F7B6FE72A3D3E923
:10F3E0000023E1F769F872A3D3E9002306460F462C
:10F3F00020462946E1F760F802460B46304639467A
:10F40000E0F7A4FEDDE9008906460F4602460B46FA
:10F4100040464946E0F79AFE42464B4604460D46B2
:10F42000E0F792FE02460B4630463946E0F78CFE86
:10F430002246804689462B4620462946E1F73CF87D
:10F440005DA3D3E9002306460F46E1F735F85CA338
:10F45000D3E90023E0F778FE32463B46E1F72CF88B
:10F4600059A3D3E90023E0F771FE32463B46E1F7AA
:10F4700023F857A3D3E90023E0F766FE32463B4664
:10F48000E1F71AF854A3D3E90023E0F75FFE324610
:10F490003B46E1F711F802460B4620462946E0F7C5
:10F4A00053FE06460F4602460B4620462946E1F724
:10F4B00003F80022CDE900014FF080433046394681
:10F4C000E0F742FE02460B46DDE90001E1F71EF9D6
:10F4D000424606460F464B4620462946E0F7ECFFDB
:10F4E00042464B46E0F732FE02460B46304639466E
:10F4F000E0F72AFE22462B46E0F726FE02460B46A0
:10F5000000203949E0F720FE0C465C44B4F5801F2A
:10F51000C0F235812146DDE90623E0F7CDFF05E4A1
:10F52000B8F1804F3FF497AC304988457FF457AC31
:10F530002046294613B0BDE8F04F00F065BE002A12
:10F5400000F0338102220292C2E4DFF8A4C021F06D
:10F550000043634540F2D580264B0B4403430AD158
:10F5600032463B46E0F7F0FD42464B46E1F72AFAC9
:10F5700000283FF4F3AEDDE9060100220023E1F7A5
:10F580000DFA003818BF012056E4002A7FF4C8ABFA
:10F59000B5E40024DCE400BFFE822B654715973CF0
:10F5A00000000000432EE63FEF39FAFE422EE63F10
:10F5B000396CA80C615C20BED0A4BE726937663E6F
:10F5C000F16BD2C541BDBB3E2CDE25AF6A56113F63
:10F5D00093BDBE166CC1663F3E5555555555C53F4A
:10F5E000FFFF8F400000F0FF0000F03F0000E03F11
:10F5F000FFCB904000346F3F9A42C0F0C480009A25
:10F600008D4B9A424FF0000200F2D7808A4BE0F710
:10F610009BFD7DA3D3E9002304460D46E0F74CFF94
:10F620007BA3D3E9002306460F4620462946E0F790
:10F6300043FF824B80468946002220462946E0F758
:10F640003BFF02460B4674A1D1E90001E0F77CFDC7
:10F6500022462B46E0F730FF02460B460020784951
:10F66000E0F772FD2246CDE900012B4620462946EF
:10F67000E0F722FF02460B46DDE90001E0F71CFF40
:10F6800067A3D3E90023E0F717FF02460B46404685
:10F690004946E0F759FD02460B4604460D46304602
:10F6A0003946E0F753FD002032463B468046894606
:10F6B000E0F74AFD02460B4620462946E0F744FDA6
:10F6C000CDE90201F4E5B8F1000F4FF000004FF072
:10F6D0000001BFF62BAB50460BF10041FFF726BBF4
:10F6E000002A7FF4BFABC1F1140147FA01F000FA20
:10F6F00001F1B9426ED050498F423FF447ABFFF75A
:10F700006BBB4F4A934274D8DDE90023934692467F
:10F710004EE622462B4648490020E0F7F7FFFFF768
:10F7200005BB029B012B7FF401AB01F1004319469D
:10F73000FFF7FCBA3CA3D3E90023CDE908233CA39F
:10F74000D3E90023CDE910233E4B0022CDE9042369
:10F750004FF480251DE4B8F1000F7FF76CAB00205B
:10F7600013B0BDE8F04F00F0CBBCDDE9060100228C
:10F770000023E1F713F9003818BF0120F0E75246E3
:10F7800000F026FCC7E6DDE9060100220023E1F7D0
:10F7900005F9003818BF0120B8F1000FBFF64CABD7
:10F7A000DEE700200021FFF7C1BAB8F1804F3FF437
:10F7B00052AB02220292FFF713BBDDE906010023E0
:10F7C000E1F7ECF8003818BF0120B8F1000FC7DCF2
:10F7D000FFF732BB184A97423FF4D8AAB8F1804FDE
:10F7E0003FF439AB00F00100C0F102020292FFF7D2
:10F7F000F7BA1B15A3F2FE334FF4801242FA03F35B
:10F80000AEE500BFAFF30080000000604715F73F92
:10F8100044DF5DF80BAE543E555555555555D53F13
:10F82000FE822B654715F73F0000004003B8E23F1A
:10F8300006D0CF43EBFD4C3E0000F03F0000D03F30
:10F840000000E03F0000F83F21F0004319467047F8
:10F850002DE9F04F31F0004A87B00C4680468146D2
:10F860000DD180F480094FEA490919F5000F18D924
:10F8700021464046E1F76EF907B0BDE8F08F20F071
:10F88000004BBBF1FF4F0D4602D8BAF1FF4F0DD927
:10F89000B9F17E5FECD185F480056D0015F5000FA0
:10F8A000E6D84FF07E5007B0BDE8F08F00285F46E5
:10F8B000C0F23081BAF1FF4F00F04081BAF17E5FB3
:10F8C00000F07E81B1F1804F00F0AA810026B5F1F1
:10F8D0007C5F40F05381B9F1000F404680F2A58172
:10F8E00000F072FBBBF1FF4F00F05D81BBF1000F38
:10F8F00000F05981BBF17E5F00F04A814FEAD97375
:10F90000013B56EA0302009300F09481BAF19A4F4A
:10F9100040F29881B04B9B4540F2E482AF4B9B454F
:10F9200000F2EC824FF07E51E1F712F9AC498046CB
:10F93000E1F718FAAB4981464046E1F713FA4FF078
:10F940007A5182464046E1F70DFA0146A648E1F7B2
:10F95000FFF84146E1F706FA01464FF07C50E1F727
:10F96000F7F8414683464046E1F7FCF90146584620
:10F97000E1F7F8F99D49E1F7F5F901465046E1F75D
:10F98000E7F8014680464846E1F7E4F820F47F6B4B
:10F990002BF00F0B49465846E1F7DAF8014640468E
:10F9A000E1F7D6F825F47F67009B013E27F00F07AB
:10F9B0001E438046394620460CBF8D4E4FF07E5682
:10F9C000E1F7C6F85946E1F7CDF92146054640462C
:10F9D000E1F7C8F901462846E1F7BCF83946054683
:10F9E0005846E1F7BFF9014604462846E1F7B2F868
:10F9F000002807468046014620F0004240F33D8241
:10FA0000B2F1864F00F2CA8200F0AA82B2F17C5FA6
:10FA100000F2CC824FF00008474621F47F6A2AF0BA
:10FA20000F0A74495046E1F79DF921468146504638
:10FA3000E1F78EF801462846E1F78AF86E49E1F7CA
:10FA400091F96E4904465046E1F78CF9014620468B
:10FA5000E1F780F8044601464846E1F77BF849465D
:10FA60000546E1F775F801462046E1F771F82946A9
:10FA700081462846E1F776F961490446E1F772F9D3
:10FA80006049E1F765F82146E1F76CF95E49E1F775
:10FA900061F82146E1F766F95C49E1F759F821463A
:10FAA000E1F760F95A49E1F755F82146E1F75AF9CB
:10FAB00001462846E1F74CF8044601462846E1F79E
:10FAC00051F94FF0804182462046E1F741F8014666
:10FAD0005046E1F7FBF9494604462846E1F742F96A
:10FAE0004946E1F737F801462046E1F731F8294663
:10FAF000E1F72EF801464FF07E50E1F729F8034672
:10FB00004344B3F5000FC0F2F58118463146E1F7E2
:10FB100029F9B1E6BAF1974F19D2BAF17E5F1BD23B
:10FB2000B1F1804F7CD0B1F17C5F26D100F04CFA6E
:10FB3000BBF1FF4F3FF4A0AE0026D7E6BBF17E5FDE
:10FB40003FF4AFAE42D9002D3EDB204694E6BAF139
:10FB5000FF4FF3D00226BAE64FEAEA52C2F196020C
:10FB60004AFA02F101FA02F2524500F07381BAF149
:10FB70007E5F25D0B4F1804F52D00026404600F081
:10FB800023FABBF1FF4F03D0BBF1000F7FF4B2AEFD
:10FB9000002D04DA01464FF07E50E1F797F9B9F1F4
:10FBA000000FBFF669AEABF17E5B5BEA060B40F07F
:10FBB0005E810146E0F7CCFF0146E1F787F95BE69D
:10FBC000002D27DB404657E6002055E6002DFBDAE6
:10FBD00004F1004050E600BFF3FF7F3F0700803F85
:10FBE00000AAB83F70A5EC36ABAAAA3E3BAAB83F24
:10FBF000000080BF0072313F1872313F8CBEBF35AC
:10FC00004CBB31330EEADD3555B38A38610B363BD8
:10FC1000ABAA2A3E41464FF07E50E1F757F92BE65A
:10FC200041464046E1F79EF826E607B0BDE8F04FB2
:10FC300000F0D8BB41464046E0F78AFF0146E1F7B5
:10FC400045F919E619F0FF4F40F04A814FF097410E
:10FC5000E1F788F86FF017010746FA157F3A0A4472
:10FC6000AF490192C7F316038B4243F07E5707DD7D
:10FC7000AC498B4240F34A8101320192A7F500075B
:10FC8000002305934FF07E5B04934FF00008594624
:10FC90003846E0F75DFF594681463846E0F75AFF9F
:10FCA00001464FF07E50E1F711F9014603904846B6
:10FCB000E1F758F87A1042F0005202F580224244EF
:10FCC00020F47F6828F00F081146BA4607464046E0
:10FCD0000292E1F747F801464846E0F739FF029AF9
:10FCE000814659461046E0F733FF01465046E0F79B
:10FCF0002FFF4146E1F736F801464846E0F728FF76
:10FD0000039B1946E1F72EF8394683463846E1F75A
:10FD100029F885498146E1F725F88449E0F71AFF7B
:10FD20004946E1F71FF88249E0F714FF4946E1F739
:10FD300019F88049E0F70EFF4946E1F713F87E49CC
:10FD4000E0F708FF4946E1F70DF87C49E0F702FFCC
:10FD5000494682464846E1F705F801465046E1F734
:10FD600001F8414681463846E0F7F4FE5946E0F78F
:10FD7000F9FF4946E0F7EEFE414682464046E0F78D
:10FD8000F1FF6F490290E0F7E5FE5146E0F7E2FE31
:10FD900020F47F6929F00F0949464046E0F7E2FF69
:10FDA000674980464846E0F7D3FE0299E0F7D0FE67
:10FDB00001465046E0F7CCFE3946E0F7D3FF49460E
:10FDC00082465846E0F7CEFF01465046E0F7C2FEB5
:10FDD000834601464046E0F7BDFE20F47F6A2AF0E4
:10FDE0000F0A58495046E0F7BDFF4146814650464C
:10FDF000E0F7AEFE01465846E0F7AAFE5249E0F7AA
:10FE0000B1FF524980465046E0F7ACFF01464046FC
:10FE1000E0F7A0FE0499E0F79DFE80460198E0F728
:10FE20004DFF414682464846E0F794FE059F39461D
:10FE3000E0F790FE5146E0F78DFE20F47F6B2BF04B
:10FE40000F0B51465846E0F783FE3946E0F780FE37
:10FE50004946A1E5BAF17E5F3FF4B2AEB4F1804FFE
:10FE60003FF4DEAE01F00101C1F1020686E6012E8B
:10FE70007FF402AD00F10040FEE4354B9A4200F2FF
:10FE800097807FF4C3AD2146E0F762FE2946E1F793
:10FE90001BF9002840F08C8086227E3A4FF4000344
:10FEA000134143442B49C3F3C7527F3AC3F31607A8
:10FEB000114147F40007C2F117021741B8F1000FD2
:10FEC00001EA0301B8BF7F422046E0F741FE014648
:10FED00004462846E0F73EFE4FEAC75801469CE537
:10FEE0000021BAE6002D0BDB002007B0BDE8F04F83
:10FEF00000F082B9394600F009F907E6002DF3DD7C
:10FF0000002007B0BDE8F04F00F07AB9124B05931E
:10FF1000124B04934FF07F5B4FF40018B7E600BF1D
:10FF200071C41C00D6B35D0042F1533E55326C3EA5
:10FF300005A38B3EABAAAA3EB76DDB3E9A99193F4B
:10FF4000000040400038763F4F38763FA0C39D36D2
:10FF500000001643000080FF00C0153FDCCFD13504
:10FF600017492846E0F7F6FD214681463846E0F776
:10FF7000EFFD01464846E1F7B1F878B907F50043CF
:10FF8000DA1510497F3A11411940C3F31603C2F143
:10FF9000170243F4000343FA02F795E700213046C5
:10FFA000E1F77EF8003818BF0120AAE7D21574E700
:10FFB00000213046E1F774F8003818BF012094E7BB
:10FFC0003CAA3833000080FF20F00040704700BF9B
:10FFD00070B51646C1F30A5204460D460B465ABB8D
:10FFE00021F00043034326D02D4B0022E0F764FAB2
:10FFF0002C4B9E4204460D4643DBC1F30A520B468E
:020000040802F0
:10000000363A4CF250318E421EDC164440F2FE72FB
:10001000964219DC002E23DC16F1350F28DB23F085
:10002000FF4323F4E003363643EA065120461E4BD5
:100030000022E0F741FA70BD40F2FF7C6245E0D15A
:100040000246E0F783F870BD11A3D3E90023ED0F5A
:100050001C4665F3DF7421461448E0F72DFA70BDA5
:1000600023F0FF4323F4E003204643EA065170BD2A
:1000700005F0004343F0D27141F4B7310C4841F030
:100080001F0105A3D3E90023E0F716FA70BD00BFF6
:100090009C7500883CE4377E59F3F8C21F6EA501B9
:1000A00000005043B03CFFFF0000903C9C7500886E
:1000B00059F3F8C2D0B506460F46144601F070FD5C
:1000C0000346394630461C60D0BD00BF10B504461B
:1000D00082B0104619460CB103F10043CDE900236C
:1000E000DDE90023E0F7E8F9222202B0BDE8104084
:1000F000FFF7E0BF00224FF08053FFF7E7BF00BFDC
:1001000000224FF0E043FFF7E1BF00BF10B50C46FF
:1001100030F0004103461DD0B1F1FF4F1BD210F06B
:10012000FF4F02461BD14FF09841E0F71BFE204ADB
:10013000944203462CDBC0F3C75102464CF25030C8
:100140008442A1F1190110DD1A49184661F31E001D
:10015000E0F708FE10BD0146E0F7FCFC10BD4CF2D4
:10016000503084424FEAD151EEDC2144FE29EBDCD1
:10017000002911DC11F1160F13DB01F1190022F037
:10018000FF424FF04C5142EAC050E0F7EBFD10BD8A
:100190000949E0F7E7FD10BD22F0FF4242EAC150F5
:1001A00010BD0549184661F31E00E0F7DBFD10BDE8
:1001B000B03CFFFFCAF249716042A20D38B5054656
:1001C0000C4601F0EDFC034628461C6038BD00BF1C
:1001D00008B540B101F10040E0F7C4FDBDE80840BA
:1001E0002221FFF7EBBF0846E0F7BCFDBDE8084061
:1001F0002221FFF7E3BF00BF4FF08051FFF7E8BFB8
:100200004FF0E041FFF7E4BF2DE9F84F724F8F4305
:1002100004460D4600F0B28000290B460646024611
:1002200055DD081500F09B80C3F31303C107A0F24E
:10023000FF3743F4801303D4D10F01EB4303520083
:100240005B00002603EBD2737F1052001624B446E5
:100250004FF400110CEB0100984203DC1B1A01EB78
:10026000000C0E445B00013C03EBD2734FEA5101DA
:100270004FEA4202EED1A04620254FF000400AE0AE
:1002800039D0590001EBD271013D0B464FEA4202D1
:100290004FEA50003BD09C4508EB000EF0DABEF16F
:1002A000000F0EEB00080CDBE146A3EB0C019645BA
:1002B00088BF01F1FF314900CC46A2EB0E02044495
:1002C000E0E7B8F1000FEFDB0CF10109EDE721F0F9
:1002D000004707433DD0002973D1D10A153B520591
:1002E0000029FAD0CD02184616460B4637D52024F1
:1002F0004FF0FF313EE0964502D94FEA4C01C1E78D
:10030000BEF1000F0EEB000825DB0021D5E71143FD
:1003100012D0DFF8C8A0DFF8C8B0DAE90001DBE9E5
:100320000023DFF711FFDAE9008902460B46404659
:100330004946E0F73DFB58BB6508731003F17F5356
:10034000F20703F5001348BF45F0004503EB0751E2
:100350002846BDE8F88FB8F1000FB5DAD5E70022DE
:100360005B00DC02114602F10102F9D5C2F1200462
:1003700006FA02F2E640401A334355E702460B46BE
:10038000E0F79AF822462B46DFF7E0FEBDE8F88F4B
:10039000B4F1FF3FDAE90001DBE9002318D0DFF711
:1003A000D5FEDAE9008902460B4640464946E0F7A9
:1003B000F5FA78B1A11C04F1020508BF01366D08F9
:1003C000BBE7DFF7C1FE02460B46E0F79FF9C0E747
:1003D0000136B2E70134AFE70000F07F780100207A
:1003E0007001002020F00042B2F1FF4F2DE9F041F2
:1003F000044654D2002A50D00028034657DB14F09C
:10040000FF4F4FEAE05009D114F400025BD15B00CA
:100410001C02114602F10102F9D5401AC3F316027B
:1004200042F40002C307A0F17F0558BF5200002428
:100430006D1052004FF0190E21464FF0807C01EBF9
:100440000C039342DDBF03EB0C016444D31A134643
:10045000BEF1010E4FEA43024FEA5C0CEFD1BBB193
:100460001A4E1B4F30683968D6F80080E0F770FBF1
:1004700001464046E0F71EFE50B1306839683668E4
:10048000E0F768FB01463046E0F70AFEB8B10234F7
:10049000601000F17C5000EBC550BDE8F0810146D2
:1004A000E0F760FC2146E0F755FBBDE8F08101462E
:1004B000E0F74EFB0146E0F709FDBDE8F0810134AD
:1004C00024F00104E4E74FF0FF31A6E784010020A7
:1004D0008001002008B5062001F0F0FA0120E6F7BF
:1004E000BBFB002100F084BF0A22002101F062B8AA
:1004F000024B0146186800F02DB800BF0003002031
:10050000024B0146186801F0B7BB00BF0003002092
:1005100070B50F4E0C463168054611B901F01EFB4F
:1005200030602146284601F019FB431C03D14FF0EF
:10053000FF34204670BDC41C24F00304A042F8D050
:10054000211A284601F00AFB0130F2D1EFE700BF83
:10055000743900202DE9F843CD1C25F0030508353A
:100560000C2D38BF0C25002D064601DBA94204D90D
:100570000C2333600020BDE8F883DFF8D48000F05E
:1005800069F8D8F800301C4644BB29463046FFF7CE
:10059000BFFF431C044658D1D8F800402746002F1F
:1005A00043D1002C4BD023683946304604EB030975
:1005B00001F0D4FA814542D121686D1A29463046AE
:1005C000FFF7A6FF01303AD023682B442360D8F808
:1005D00000305A6862BBC8F800700FE02268521BF6
:1005E00020D40B2A17D96119A342256018BF59607E
:1005F000636808BFC8F8001062514B60304600F0D5
:100600002FF804F10B00231D20F00700C21A1CBFB5
:100610001B1AA350AFE76268A3420CBFC8F80020C2
:100620005A60EBE723466468AEE73C467F68B6E76E
:100630001A465B68A342FBD100235360DEE70C231C
:100640003360304600F00CF894E70560D6E700BF51
:1006500078390020014801F0CEBA00BFBC3A002032
:10066000014801F0C9BA00BFBC3A002038B5104BB0
:100670001D682B6B0446B3B91820FFF739FF0246FB
:10068000286320B90B4B0C48462101F0D7FA0B49DF
:100690000B4BC0E900130B4B83600B2383810021BC
:1006A0000120C2E904012B6B00221C615A6138BD94
:1006B00000030020B3E10208CAE102080E33CDAB0B
:1006C00034126DE6ECDE0500164B10B51C68236B8A
:1006D000B3B91820FFF70CFF0246206320B9124B74
:1006E0001248522101F0AAFA1149124BC0E9001335
:1006F000114B83600B23838100210120C2E9040197
:10070000216B0E480B694C690D4A584302FB0400EB
:10071000A3FB0232013340EB0200C1E9043020F0B8
:10072000004010BD00030020B3E10208CAE1020846
:100730000E33CDAB34126DE6ECDE05002DF45158CE
:100740002D7F954C024B0A460146186800F002B80E
:10075000000300202DE9F041804615460C4621B9E2
:10076000BDE8F0411146FFF7F5BE2AB901F084FA61
:1007700000242046BDE8F08102F0BEFA854206461C
:1007800002D8B5EB500FF4D829464046FFF7E2FEF9
:1007900007460028ECD0B5422A46214628BF3246FB
:1007A00001F033FA2146404601F066FA3C46E0E7A4
:1007B0002DE9F0410F46904602F068F904460D46D7
:1007C000B8F1000F11D0C7F30A53C3F16B03002B2C
:1007D0000BDD1B0503F17F55002405F5401522466E
:1007E0002B46DFF769FE04460D4620462946BDE844
:1007F000F0810000000000002DE9F04F9DB082461E
:100800000E92002218920C464FF000084FF000099B
:100810000A46179211782B293BD02CD80D2926D8BF
:10082000082926D800292FD000220C92179D2A785B
:10083000302A7BD16A7802F0DF02582A6CD1029309
:100840000C9B019318AB0093884A19AB17A950462B
:1008500001F0C2FA10F00F0604463ED0062E1AD15F
:100860000E9B0BB101351D604046494640E02029F2
:10087000DAD10132CDE72D29D6D101210C91511CBD
:1008800017915278002AD1D10E9B002BECD01C601E
:10089000EAE70021F2E7189A3AB135211AA802F0E6
:1008A000E7F91899504601F0BBFD013E199A042E54
:1008B00006D8DFE806F02003292C2000DDE91A899C
:1008C000E10548BF49F0004929F000431B0D1B0515
:1008D0001BB901F065F9222303600E9B13B10E9A38
:1008E000179B13600C9B002BBED0404609F10041C2
:1008F0001DB0BDE8F08FDDE91A8302F2334223F424
:10090000801343EA0259DBE7DFF86491D8E76FF020
:1009100000494FF0FF38D3E7179B5A1C17925B78BA
:10092000302BF9D0002BD8D0012300E00023002782
:10093000CDE905770493179B0A930A221798057847
:10094000A5F13003D9B2092924D94A49012201F07D
:1009500042F800282DD000202A46059D83460346F4
:10096000652A01D0452A13D11DB9049A02438BD0C0
:100970000025179C621C179262782B2A6DD02D2AB5
:1009800071D04FF0000CA2F13001092978D91794E9
:10099000002696E005990829DDBF069902FB013380
:1009A000069302FB0737059B01300133059317902F
:1009B000C4E7179B5A1C17925A78059BABB3834622
:1009C0001D46A2F13003092B12D90123C8E7179B5A
:1009D0005A1C17925A780130302AF8D0A2F131030C
:1009E000082B00F2EA84179B0A93834600200546F1
:1009F000303A00F1010312D09B4400EB050C2B466A
:100A00000A219C4513D12B18082B05F1010505443B
:100A100019DC06990A2303FB012306930023179A86
:100A2000511C179152781846CBE70598D4E7082B4C
:100A300003F1010303DC069E4E430696E1E7102B0B
:100A4000D8BF4F43DDE70F2BDCBF0A2303FB07278B
:100A5000E4E74FF0000B012387E74FF0000CA21CE6
:100A60001792A2788FE74FF0010CF8E760E20208D6
:100A70000000F07FA3660208179A511C1791527864
:100A8000302AF9D0A2F13101082981D8303A0792F1
:100A9000179A0D92179A561C17965278A2F1300E9B
:100AA000BEF1090F38D90D99761A082E44F61F6643
:100AB00003DC07998E42A8BF0E46BCF1000F00D0A0
:100AC0007642002D4FD1049908437FF406AF002BE6
:100AD0007FF4DAAE692A29D026DC492A26D04E2AAC
:100AE0007FF4D2AE9C4917A801F098FB00283FF490
:100AF000CBAE179B1B78282B2FD198491AAA17A881
:100B000001F0A0FB052828D11B9BDDF8688043F08D
:100B1000FF4949F4E009E0E6079E0A2101FB0621AE
:100B2000A1F130020792B5E76E2AD9E78C4917A8E0
:100B300001F074FB00283FF4A7AE179B8949013BE5
:100B400017A8179301F06AFB10B9179B013317938D
:100B5000DFF814924FF00008BFE6844801F064F813
:100B600080468946B9E6A6EB0B030F93059B0698D2
:100B7000002B08BF2B46102D05932C46A8BF102430
:100B8000DFF720FC092D8046894614DCA6EB0B0319
:100B9000002B3FF4A2AEA6EB0B0379DD162B45DC50
:100BA0000F9B734901EBC301D1E9000142464B465B
:100BB000DFF782FCD4E76E4B03EBC40353E9122347
:100BC000DFF77AFC804638468946DFF7FBFB0246B2
:100BD0000B4640464946DFF7B9FA0F2D8046894655
:100BE000D4DD2C1BA6EB0B031C44002C26DC00F0F0
:100BF000A380644214F00F020AD05D4B03EBC203E2
:100C000040464946D3E90023DFF780FD8046894608
:100C1000241100F091801F2C40F3B28022234FF06A
:100C200000084FF00009CAF8003056E6C5F1250368
:100C3000A6EB0B02934219DA2C1B144414F00F0399
:100C40000AD04B4901EBC30142464B46D1E90001B2
:100C5000DFF732FC8046894634F00F046CD0B4F5DF
:100C60009A7F41DD2223CAF8003071E7404CC5F17C
:100C70000F0504EBC50142464B46D1E90001DFF701
:100C80001BFC0F9B5D1B04EBC504D4E900238FE71D
:100C90001633A6DB364BABEB060203EBC203D3E9FC
:100CA000002340464946DFF731FD59E7002306930C
:100CB0002223DFF8B490CAF800304FF000081899EA
:100CC000504601F0ADFB0699504601F0A9FB05998D
:100CD000504601F0A5FB1099504601F0A1FB079981
:100CE000504601F09DFBF8E50023224F04932411A8
:100CF00040464946012C22DC0BB180468946049BC4
:100D00001C49A9F1547901EBC30142464B46D1E994
:100D10000001DFF7D1FB144B0A460B4016498B420A
:100D200080469FD8A1F580118B4286BFDFF84C909A
:100D30004FF0FF3802F15479002304934BE0E207AF
:100D400004D5D7E90023DFF7B7FB0123049A01326A
:100D5000049264100837CDE748E202084CE202082A
:100D60003FE2020842E202080000F07FB2E102081E
:100D700020E50208F8E402080000A07CFFFFEF7FF6
:100D800014F0100318BF6A23AB4F04934046494642
:100D90000023E20704D5D7E90023DFF78DFB012309
:100DA000641007F10807F4D10BB180468946049B13
:100DB00043B1C9F30A52C2F16B03002B494650DC20
:100DC0006A2304930022002340464946DFF7DCFDF6
:100DD00000287FF423AF069B0093059A0A992B46BF
:100DE000504601F085FB109000283FF43BAF0F9B6D
:100DF000ABEB060B002BB4BF5B46002311930F9B9C
:100E000023EAE3731593002307930593109B504641
:100E1000596801F0C5FA069000283FF449AF109BCD
:100E20001A69023203F10C0192000C3000F0EDFE61
:100E30001AAB019319AB009342464B465046CDE99D
:100E40000A8901F08DFE189000283FF431AF01218E
:100E5000504601F0E7FB05900346D0B90023059307
:100E600026E71F2B0EDD342BDEBF4FF0FF33C2F120
:100E70004B0293404FF00008CCBF4FF05C7903EA7F
:100E800001099DE74FF0FF3202FA03F303EA080875
:100E900096E7199C1A9A002CABBF119B159B159EC7
:100EA000119FACBFE7181E1B049BE41A1444634B4C
:100EB000013C9C42C2F1360280F2B2801B1B1F2B08
:100EC000C2BFC4F17F4404F57F0404F57B444FF0B6
:100ED0000105C8BFE234A2EB0302DABF9D40002443
:100EE00005FA04F407EB020B049B5F4516441E440D
:100EF0003B46A8BF5B46B342A8BF3346002BC2BFE8
:100F0000ABEB030BF61AFF1A119B002B16DD0599AC
:100F10001A46504601F046FC059000289ED0014636
:100F2000189A504601F094FB0D9000283FF4C0AE93
:100F30001899504601F074FA0D9B1893BBF1000FFD
:100F400071DC0F9B002B08DD159A0699504601F0C5
:100F500029FC069000283FF4A9AE002E08DD069972
:100F60003246504601F078FC069000283FF49EAED1
:100F7000002F08DD05993A46504601F06DFC0590BA
:100F800000283FF495AE069A1899504601F0ECFC03
:100F9000079000283FF48CAEC3680D930023059999
:100FA000C36001F0C5FC00284ADA0D9B53EA080330
:100FB00040F0BC80C9F31303002B40F0B78029F048
:100FC00000431B0D1B05B3F1D66F40F2AF80079BAA
:100FD0005B6923B9079B1B69012B40F3A780079925
:100FE0000122504601F038FC0599079001F0A0FC61
:100FF000002840F39B8029F00043049A1B0D1B0539
:10100000002A79D0B3F1D66F6DD8B3F15C7F45D8A3
:101010004FF000084FF000092223CAF800304EE6D6
:10102000002401255EE718995A46504601F014FC49
:101030001890002885D13BE678E2020802FCFFFF09
:10104000CB4640F0A4800D9AC9F31303002A41D087
:10105000974A934259D1049B42467BB9B8F1FF3F6E
:1010600040F08A80934B99453FF422AE924BDDF8D5
:10107000108009EA030303F5801920E68E4B09EA84
:101080000303B3F1D46F17D918F101011CD1894AB8
:1010900091453FF40DAE03F580198046874B4046DD
:1010A00049460022DFF708FA834B0B408046894609
:1010B000002B7FF404AEAFE71E0DC6F16B064FF0B8
:1010C000FF31B1408845E6D0002C5ED014EA0B0F0A
:1010D000E4D01EE0002B4AD1B8F1000F8BD064B3EE
:1010E00014EA0B0F2BE0A3F580136FEA13596FEA94
:1010F00009594FF0FF38D1E7A3F580136FEA135970
:101100006FEA09594FF0FF38D9E59CB114EA090F8D
:101110000CD0049A40464946FFF74AFB02460B466C
:10112000DDE90A01DFF712F880468946049B002BAF
:10113000B4D1C4E515EA080FEAE718EA050FF5D0BF
:10114000049A40464946FFF733FB02460B46DDE969
:101150000A01DEF7F9FF0022002304460D46DFF7FF
:1011600013FC00287FF454AFA046A946DEE7002C0C
:10117000B6D115EA080FE2E724B114EA090F3FF4EB
:101180009EADC6E718EA050FF9E72A42A0E70599E0
:10119000079801F03DFD00224FF0804304460D46C4
:1011A000DFF706FC00286DD00D9B002B78D1B8F13D
:1011B000000F56D1C9F31303002B59D1404B002225
:1011C00020462946DFF7EAFB002858D12046294669
:1011D0003C4B0022DFF770F904460D4605F1004351
:1011E00008940993344B344A0BEA03031493364BA7
:1011F0000BEA02029A42DDE9086740F09F80ABF1FA
:1012000054794046494601F041FCDDE90823DFF707
:1012100053F942464B46DEF799FF0B4626492B4AC7
:1012200019409142804655D90B9A224B9A4203D1DC
:101230000A9B01333FF43CADDFF878904FF0FF3864
:101240001899504601F0ECF80699504601F0E8F87C
:101250000599504601F0E4F80799504601F0E0F88E
:10126000D4E5B8F1010F03D1B9F1000F3FF4D0AECE
:10127000174C134D0023CDE908340024B2E7114D7B
:101280000024ABE70F4B204629460022DFF714F974
:101290000D9B04460D46002BA0D0CDE90845A1E7E3
:1012A000074C0023CDE9083425461C469AE700BFC9
:1012B000FFFF0F00FFFFEF7F0000F07F00005039BD
:1012C0000000F03F0000E03F0000E07FFFFF9F7C58
:1012D0000000F0BF03F15479049B4E46002BAFD1C0
:1012E00029F00043149A1B0D1B059A42A8D12046F1
:1012F000294602F02DFBDFF7B1F80B4602462946DE
:101300002046DEF721FFC9F313060D9B46EA0806C7
:101310001E4304460D464AD02DA3D3E90023DFF730
:101320003DFB00287FF4CBAC2BA3D3E90023204660
:101330002946DFF751FB002882D0C0E4049B13B399
:10134000149BB3F1D46F1ED825A3D3E90023204604
:101350002946DFF72DFB90B129462046DFF784FBB5
:10136000012838BF0120DFF72DF80D9B04460D46FC
:10137000D3B901F1004312901393DDE91267149A77
:1013800007F1D6639F1ADDE90A0101F07FFB0246EF
:101390000B4630463946DFF78FF8DDE90A23DEF7E2
:1013A000D5FE8046894697E7CDE91245E5E70EA3CD
:1013B000D3E90023DFF7F2FABDE7652A3FF449AB32
:1013C000452A3FF446AB0123FFF77DBBAFF3008016
:1013D0009535A094FFFFDF3F35E5AF350000E03FD6
:1013E0000000C0FFFFFFDF419535A094FFFFCF3F16
:1013F0000A4601460248034B0068FFF7FDB900BFEB
:1014000000030020940100202DE9F843244D254BD2
:101410000A4601462868FFF7EFF902460B460646E2
:101420000F46DFF7E3FA68B1002F1F4806DA00F035
:1014300001FC00F100442046BDE8F883BDE8F84314
:1014400000F0F8BB39463046DFF72EFB20F00048AD
:10145000044616494046DFF74BFEB0B913494046F3
:10146000DFF728FE88B927F00049114B4FF0FF3213
:1014700030464946DFF7BAFA70B90D4B4FF0FF32EC
:1014800030464946DFF794FA30B914F0FF4FD2D115
:10149000084B3B40002BCED02B6822221A60CAE7B3
:1014A0000003002094010020B2E10208FFFF7F7FCB
:1014B000FFFFEF7F0000F07F242B2DE9F0478646E9
:1014C000904601D8012B06D100F06AFB1623036079
:1014D0000020BDE8F08736480D462A4615F8014B36
:1014E000065D16F00806F8D12D2C24D12C780126A3
:1014F000951C2BBB302C30D00A2306F1004C0CF18C
:10150000FF3C0022BCFBF3F9104603FB19CAA4F10F
:101510003007092F28D83C46A34234DD571C07D09A
:1015200081452DD301D1A2452ADB00FB03400122D6
:1015300015F8014BEBE72B2C04BF2C78951CD8E752
:10154000102BDAD1302CD8D12A7802F0DF02582AB9
:10155000D3D16C7810230235CFE72B7803F0DF036B
:10156000582BF6D00823C8E7A4F14107192F01D85A
:10157000373CD1E7A4F16107192F04D8573CCBE7DA
:101580004FF0FF32D4E7531C08D12223CEF80030AD
:101590006046B8F1000F9CD0691E06E006B14042DB
:1015A000B8F1000F95D0002AF6D1C8F8001090E7E6
:1015B000A1E2020813460A46014602480068FFF706
:1015C0007BBF00BF00030020002310B50446C0E924
:1015D0000033C0E90433836081814366C281836143
:1015E000194608225C3000F0D0F90D4B63620D4BB8
:1015F000A3620D4BE3620D4B23630D4B24629C42AF
:1016000006D003F16802944202D0D0339C4205D147
:1016100004F15800BDE8104000F0ECBA10BD00BF66
:10162000F5170208171802084F1802087318020865
:101630007C390020024A0349034800F069B800BF22
:1016400088010020053402080403002041680C4B87
:10165000994210B5044601D001F0D4FEA168094BAF
:10166000994202D0204601F0CDFEE168064B994236
:1016700004D02046BDE8104001F0C4BE10BD00BF3C
:101680007C390020E43900204C3A002010B50B4B87
:101690000B4C0C4A1A60204600220421FFF794FFED
:1016A00004F1680001220921FFF78EFF04F1D00048
:1016B0000222BDE810401221FFF786BFB43A002095
:1016C0007C39002035160208014800F094BA00BFAA
:1016D000BD3A0020014800F08FBA00BFBD3A00209B
:1016E00010B50446FFF7F0FF236A1BB1BDE81040B8
:1016F000FFF7F0BF044B2362044B1B68002BF5D1AE
:10170000FFF7C4FFF2E700BF4D160208B43A00200D
:101710002DE9F8430746884614460026D4E901958A
:10172000B9F1010905D52468002CF7D13046BDE890
:10173000F883AB89012B07D9B5F90E30013303D0FB
:1017400029463846C04706436835E9E70CB430B54A
:10175000174B0C1E1D689DB008DA8B232B604FF0D1
:10176000FF301DB0BDE8304002B070474FF4027347
:10177000ADF8143014BF04F1FF33234604930793EC
:101780004FF6FF7302900690ADF81630209A21AB09
:1017900002A92846019301F01FFB431CBCBF8B2309
:1017A0002B60002CDDD0029B00221A70D9E700BF0D
:1017B000000300200EB400B59CB01DAB0290069053
:1017C0006FF00041094807910491094953F8042B2F
:1017D00005910068019302A901F0FEFA029B002224
:1017E0001A701CB05DF804EB03B0704700030020D2
:1017F0000802FFFF10B50C46B1F90E1000F088F991
:101800000028ABBF636DA3891B1823F48053ACBFC2
:101810006365A38110BD2DE9F0411F468B89DB056F
:1018200005460C46164605D5B1F90E1002230022D6
:1018300000F05CF9A389B4F90E1023F48053A3815E
:1018400032463B462846BDE8F04100F097B910B556
:101850000C46B1F90E1000F049F9431CA38915BFDD
:10186000606523F4805343F48053A38118BFA381A0
:1018700010BDB1F90E1000F029B9F0B5ADF5057D38
:101880000E4604AF4FF4007103910093394613469E
:1018900003AA054600F020F8044680B10246039BE7
:1018A0003146284600F06AF9BC42039003D0214635
:1018B000284600F0E1F903980DF5057DF0BD4FF0E5
:1018C000FF30F9E713460A46014602480068FFF771
:1018D000D4BF00BF0003002030B515469BB02C6874
:1018E0001A46D9B1002C19D04FF4C163009104916C
:1018F000ADF80C30214619DB4FF6FF7302910591CC
:10190000ADF80E3069461E9B01F066FA00280FDB29
:10191000009B286000221A7004980AE000214FF40E
:101920002273ADF80C3000910491E5E78B2303603E
:1019300000201BB030BD10B501390244904201D1E6
:10194000002005E0037811F8014FA34201D0181BD5
:1019500010BD0130F2E7884210B501EB020402D954
:101960008442234607D8431EA14208D011F8012B18
:1019700003F8012FF8E7024401468A4200D110BD66
:1019800013F8014D02F8014DF7E702440346934274
:1019900000D1704703F8011BF9E7C9B203461846A6
:1019A00013F8012B12B18A42F9D17047002918BFF0
:1019B0000020704770B503461E4613F8014B44B132
:1019C0004A1E01E0A54204D012F8015F002DF9D1B2
:1019D000F2E7301A70BD10B56AB10139841810F8F9
:1019E000012B11F8013F9A4203D1A04201D0002AF5
:1019F000F5D1D01A10BD1046FCE710B501390346E9
:101A000032B111F8014F03F8014B013A002CF7D124
:101A10001A440021934200D110BD03F8011BF9E7DD
:101A200038B511F0FF0403460ED12146BDE8384019
:101A3000FFF7B3BF431C054621461846FFF7ADFF2D
:101A40000028F7D1284638BD0025F5E770B50346D4
:101A50001E4613F8014B3CB14A1E01E0A542F7D0E7
:101A600012F8015F002DF9D1301A70BD1F2938B569
:101A700005460C4604D9162303604FF0FF3038BDED
:101A8000C26B12B152F821304BB9284600F064F80D
:101A9000224601462846BDE8384000F04BB8012BED
:101AA0000AD0591C03D1162303600120E7E7002167
:101AB00042F82410204698470020E0E7024B0146F8
:101AC0001868FFF7D3BF00BF0003002038B5064DEC
:101AD0000023044608462B60E5F7B0F8431C02D10A
:101AE0002B6803B1236038BDB83A002038B5074DE4
:101AF00004460846114600222A601A46E5F7A8F86F
:101B0000431C02D12B6803B1236038BDB83A0020D2
:101B100038B5074D04460846114600222A601A4689
:101B2000E5F798F8431C02D12B6803B1236038BD58
:101B3000B83A002038B5074D002304460846114640
:101B40002B60E5F78BF8431C02D12B6803B12360AF
:101B500038BD00BFB83A0020E5F788B838B5064D63
:101B60000023044608462B60E5F74AF8431C02D1DF
:101B70002B6803B1236038BDB83A002038B5074D53
:101B800004460846114600222A601A46FBF7E4FD87
:101B9000431C02D12B6803B1236038BDB83A002042
:101BA000014B1868704700BF0003002070B50D4D51
:101BB0000D4C641BA4100026A64209D10B4D0C4C01
:101BC00001F0FCFE641BA4100026A64205D170BDE6
:101BD00055F8043B98470136EEE755F8043B984723
:101BE0000136F2E724E6020824E6020824E60208A9
:101BF0005CE60208704770477047034611F8012BF6
:101C000003F8012B002AF9D170470A44914200F1F0
:101C1000FF3300D1704710B511F8014B03F8014FA5
:101C20009142F9D110BD000001490020704700BF6A
:101C30000000F87F004870470000C07F1FB51446C1
:101C40001A46094B1B680546D86854B9074B1C4611
:101C5000CDE9013400912B46054901F0FBFBFEF76D
:101C600039FC044BF4E700BF00030020B2E1020896
:101C7000B4E30208A7E3020838B50546002941D0BD
:101C800051F8043C0C1F002BB8BFE418FEF7E2FC2F
:101C90001D4A136833B9636014602846BDE83840B4
:101CA000FEF7DEBCA34208D9206821188B4201BF91
:101CB00019685B6809182160EDE71A465B680BB18B
:101CC000A342FAD911685018A0420BD120680144F0
:101CD000501883421160E0D118685B685360084473
:101CE0001060DAE702D90C232B60D6E720682118B0
:101CF0008B4204BF19685B68636004BF09182160E8
:101D00005460CAE738BD00BF783900200369B3EBDF
:101D1000611F2DE9F0434FEA611204DC00230361E7
:101D20000023436130E000F1140411F01F0104EBC3
:101D3000830604EB82050CD100F110072946B1425D
:101D400030D39B1A9B00EA1E964238BF00232344DF
:101D500015E054F82270C1F12008CF4005F1040EBF
:101D6000A1467645F44611D89A1A9200043A0135F4
:101D7000AE4238BF0022A318A75007B104331A1B84
:101D80009210A3420261CBD0BDE8F083DCF800C022
:101D90000CFA08FC4CEA070749F8047B5EF8047B60
:101DA000CF40DEE751F804CB47F804CFC7E7A0F1F6
:101DB0003003092B02D82038C0B27047A0F161036C
:101DC000052B01D84738F7E7A0F14103052B01D8CF
:101DD0002738F1E7002070472DE9F04F85B08A469B
:101DE00002930B68019090469C1CA14614F8010BCD
:101DF0003028FAD0A9EB0303A3F1020BFFF7D7FFBA
:101E00000546002868D1A04901224846FFF7E3FDB6
:101E10000746002867D199F801002646FFF7C7FF5B
:101E2000002862D0234618783028994603F1010330
:101E3000F9D0FFF7BCFFB0FA80F56D094FF0010B48
:101E40004A46164601323078FFF7B1FF0028F8D134
:101E50008D4901223046FFF7BEFD00283FD144B92D
:101E6000741C2246164601323078FFF7A0FF002886
:101E7000F8D1A41BA700337803F0DF03502B3ED129
:101E800073782B2B33D02D2B34D0711C0024087881
:101E9000FFF78DFF431EDBB2182B30D8A0F11002E4
:101EA00011F8010FFFF783FF00F1FF3C5FFA8CFC94
:101EB000BCF1180F4FF00A031ED904B15242174467
:101EC000CAF80010EDB1BBF1000F0CBF06250025CC
:101ED000284605B0BDE8F08F00252C46B0E7002C61
:101EE000C7D12746C7E74E462F460125C3E7002442
:101EF000B11CCCE70124FBE703FB0200CEE731462F
:101F0000DEE7A6EB0903013B2946072B0ADC019813
:101F100000F046FA044640B95C4B0246E4215C48B6
:101F2000FFF78CFE01315B10EFE700F1140A00238C
:101F300055469B46B14537D345F804BBA5EB0A058A
:101F4000AD102561584600F01DFB6D01D8F800600A
:101F50002D1AB54254DDAD1B2946204600F0ABFEDC
:101F6000814678B16B1E591103F01F025AF82110F7
:101F70004FF0010909FA02F20A4203D04B4536DC60
:101F80004FF0020929462046FFF7C0FE2F44D8F83B
:101F90000830BB4242DA0198214600F041FA0E9A1D
:101FA00000231360A32593E716F8012D2E2A12D0E3
:101FB000202B04D145F804BB4FF0000B5B46307872
:101FC0000393FFF7F4FE039B00F00F0098404BEAE9
:101FD000000B0433AEE7B145EAD82B490393012245
:101FE0003046FFF7F8FC039B0028E1D1A2E7A91EC9
:101FF000204600F060FE0028C2D04FF00309C1E780
:1020000009DA751B214601982A4600F025FC7F1B42
:10201000044600F1140A4FF00009B8E7D8F804505C
:10202000BD426FDDED1BAE4234DCD8F80C30022B24
:1020300022D0032B24D0012B15D1AE4213D1012E77
:102040000BD1029AD8F80430136001232361CAF837
:1020500000300E9B62251C603AE7711E204600F09E
:102060002AFE0028EDD10198214600F0D9F90E9AF8
:102070000023136050252BE70F9B002BF3D1E0E7E3
:102080000F9B002BDDD1EEE7A3660208E3E3020815
:10209000F4E302086F1EB9F1000F30D127B13946C1
:1020A000204600F008FE81467A1101235AF82220CA
:1020B00007F01F07BB4013422946204618BF49F0CE
:1020C0000209FFF723FED8F80470761B0225B9F148
:1020D000000F47D0D8F80C30022B15D0032B17D0A7
:1020E000012B09D119F0020F06D0DAF8003049EAC5
:1020F000030919F0010F0ED145F0100532E04FF041
:102100000109D1E70125E2E70F9BC3F101030F931A
:102110000F9B002BF0D0D4F810B004F114034FEA59
:102120008B0A03EB8B014FF0000C184653F8042B7D
:10213000B2F1FF3F1BD001320260022D04F1140303
:102140003CD1D8F80020013AB24209D171110122E4
:1021500053F8213006F01F0602FA06F61E423AD165
:1021600045F020050E9B1C60029B1F60B0E6994263
:1021700043F804CCD9D8A3689B4517DB6168019864
:10218000013100F00DF9814618B91A4B024684213D
:10219000C5E62269023204F10C0192000C30FFF70F
:1021A00034FD2146019800F03BF94C4623695A1C46
:1021B00004EB8303226101225A61BEE722695A457A
:1021C0000BDD01212046FFF7A1FDD8F808300137CB
:1021D000BB42FFF6E0AE0125C2E716F01F06FAD0BB
:1021E0005344C6F1200653F8040C00F0CBF9B0427A
:1021F000E7DBF0E7E3E30208C2F10802920070B502
:10220000C2F120064368046803FA06F52C43D34064
:10221000046040F8043F8842F4D370BD30B50368D1
:10222000013311F8014B14B90360012030BD13F8DC
:10223000012BA2F14105192D98BF2032A242F0D006
:102240000020F3E72DE9F04F0B6801685E1102EB07
:10225000860613F01F0387B018BF04360025371F0A
:1022600082469046019346F8045CB9463C46029586
:10227000AB464A784B1C039342B310460591049237
:10228000FFF795FD002851D1049A0599202A18D806
:10229000029B9B4513DD4C4506D2072D04DC2A46E4
:1022A00049462046FFF7A8FF444552D90023A4F130
:1022B000040944F8043CCDF808B04C461D46039987
:1022C000D7E7292A57D10231CAF80010BBF1000F15
:1022D00051D04C4506D2072D04DC2A4649462046FB
:1022E000FFF78AFF444536D9A8F10402234653F884
:1022F000041B42F8041F9F42F9D23B1B23F0030347
:1023000004330134033EB44288BF04234344002213
:1023100043F8042B9F42FBD23B681BB9474528D1A9
:1023200001233B60052007B0BDE8F08F0135082D83
:102330000BF1010B06DD4445C1D9002344F8043CF0
:102340000125043C226800F00F0040EA02102060E2
:10235000B5E70825B3E7019B002BDDD0C3F12003CF
:102360004FF0FF32DA4056F8043C134046F8043C84
:10237000D2E7043FD0E70420D5E782B001B901A934
:1023800042B14BB113780B601278101E18BF0120B8
:1023900002B070471046FBE76FF00100F8E700005D
:1023A00070B5C66904460D4676B91020FEF7A0F850
:1023B0000246E06120B9184B18486B21FFF73EFC3C
:1023C000C0E901660660C660E669F36883B1E36947
:1023D000DB6853F82500B8B9012101FA05F6721D32
:1023E0009200204601F048F860B1C0E901560EE0C5
:1023F00021220421204601F03FF8E369F060DB6808
:10240000002BE4D1002070BD026843F82520002392
:10241000C0E90333F7E700BFB3E1020871E4020843
:1024200070B5C66905460C4676B91020FEF760F80F
:102430000246E86120B9094B09488F21FFF7FEFBEE
:10244000C0E901660660C6603CB1EB696268DB68A2
:1024500053F82210216043F8224070BDB3E1020816
:1024600071E402082DE9F0410D6907460C461E464D
:1024700001F1140C0020DCF8003099B202FB01617C
:102480001E0C0B0C02FB063389B2013001EB034139
:1024900085424CF8041B4FEA1346ECDC0EB3A368EC
:1024A000AB4219DC616838460131FFF779FF80469D
:1024B00028B902460C4B0D48BA21FFF7BFFB226931
:1024C000023204F10C0192000C30FFF79EFB214612
:1024D0003846FFF7A5FF444604EB850301355E61EE
:1024E00025612046BDE8F081E3E3020871E40208BB
:1024F0002DE9F8430C4615461F46092208330646C7
:1025000093FBF2F3002101229A4209DB3046FFF7E8
:1025100047FF40B90246194B1948D321FFF78EFBFC
:1025200052000131F0E7089B4361092D4FF0010390
:10253000036116DD04F10909C8462C4418F8013B73
:102540000146303B0A223046FFF78CFFA045F5D10B
:10255000A5F108044C442D1B6319BB4204DBBDE804
:10256000F8830A340925F6E714F8013B0146303BAD
:102570000A223046FFF776FFEEE700BFE3E30208EA
:1025800071E40208B0F5803F034636BF0304002023
:102590001020B3F1807F3CBF1B020830B3F1805F95
:1025A0003CBF1B010430B3F1804F03D3002B0ADB87
:1025B000013070479B0001D5023070475B0001D5A8
:1025C00003307047202070470368024613F007006D
:1025D0000BD0D90721D4980749BF5B089B0801207D
:1025E00013605CBF13600220704799B209B91B0CDD
:1025F0001020D9B209B908301B0A190704BF1B09FA
:102600000430990704BF9B080230D90703D45B0844
:1026100000F1010003D013607047002070472020B4
:102620007047000010B50C460121FFF7B9FE0246C5
:1026300028B9054B054840F24511FFF7FFFA012381
:102640004461036110BD00BFE3E3020871E40208C6
:102650002DE9F04F14460A6923699A42A8BF234620
:102660000F46A4BF0C461F46D4F810A0D7F8109010
:10267000A36861680AEB0906B34285B0B8BF0131AF
:10268000FFF78EFE30B90246444B45484FF4B17116
:10269000FFF7D4FA00F1140505EB86082B4600225B
:1026A000434521D307F1140104F1140202EB8A021D
:1026B00001EB89030293131B153B23F0030304333F
:1026C00004F11507BA4238BF04230193029B03911A
:1026D0008B420CD8002E03DD58F8043D002B5AD055
:1026E000066105B0BDE8F08F43F8042BD8E7B1F8D8
:1026F00000A0BAF1000F23D004F1140EA9464FF048
:10270000000C5EF8047BD9F800301FFA87FB9BB2FF
:102710000AFB0B336344D9F800C03F0C4FEA1C4C52
:102720000AFB07C707EB13479BB243EA074372450F
:1027300049F8043B4FEA174CE3D8019B45F803C026
:10274000039BB3F802900431B9F1000F21D02B683C
:1027500004F1140CAE464FF0000ABCF800B0BEF80D
:10276000027009FB0B7757449BB243EA07434EF8CC
:10277000043B5CF8043B4FEA134ABEF8003009FB07
:102780000A3303EB174362454FEA134AE5D8019F2A
:10279000EB5104359AE7013E9CE700BFE3E30208F2
:1027A00071E402082DE9F843154612F003020746CA
:1027B0000E4607D0254C013A002354F82220FFF79B
:1027C00051FE0646AD103DD0FC697CB91020FDF7E6
:1027D0008FFE0246F86128B91D4B1E4840F2B31126
:1027E000FFF72CFAC0E901440460C460D7F81C80EC
:1027F000D8F808404CB940F271213846FFF712FF73
:102800000023C8F80800044603604FF00009EB07F6
:102810000AD5314622463846FFF71AFF3146804630
:102820003846FFF7FDFD46466D100BD0206838B9DD
:10283000224621463846FFF70BFF2060C0F8009083
:102840000446E4E73046BDE8F88300BFE8E4020848
:10285000B3E1020871E402082DE9F0470C4649682B
:10286000236903EB6218A368074691464FEA621A90
:1028700008F10106B3420BDB3846FFF791FD054630
:1028800048B90246284B29484FF4EF71FFF7D6F9B3
:1028900001315B00EEE7002300F1140100F11002AA
:1028A0001846534533DB20692AEAEA7A04F1140317
:1028B00019F01F0901EB8A0103EB800C2BD0C9F141
:1028C000200E8A460022186800FA09F010434AF8E0
:1028D000040B53F8042B9C4522FA0EF2F3D8ACEB10
:1028E0000403153B23F00303043304F1150084456E
:1028F00038BF0423CA500AB108F10206013E384627
:102900002E612146FFF78CFD2846BDE8F08742F88E
:10291000040F0133C5E7043953F8042B41F8042FA1
:102920009C45F9D8EAE700BFE3E3020871E4020836
:102930000A6903460069801A30B50ED11433143188
:1029400003EB820401EB820154F8045D51F8042D7D
:10295000954203D005D24FF0FF3030BDA342F3D3F0
:10296000FBE70120F9E700002DE9F74F894606460D
:10297000114648461446FFF7DBFF051E12D12946D3
:102980003046FFF70DFD024628B93E4B40F2372195
:102990003D48FFF753F90123C0E90435104603B061
:1029A000BDE8F08FBCBF4B46A1463046D9F80410B5
:1029B000BABF1C4601250025FFF7F2FC024618B9F4
:1029C000304B40F24521E3E7D9F810702669C56025
:1029D00009F1100309F1140504F1140E00F1140BB0
:1029E00005EB87080EEB86060193D9464FF0000CE5
:1029F000019B5EF8040B53F804AF019381B21FFAF8
:102A00008AF35B1A000C6344C0EB1A4000EB2340CE
:102A10009BB243EA0043764549F8043B4FEA204C19
:102A2000E6D8331B153B23F0030315340433A642C9
:102A300038BF04231D445B441E462C4644450ED338
:102A400008F10301491B21F00301033DA84538BFEC
:102A500000210B4453F8041D91B117619EE754F80F
:102A6000041BE646080C1CFA81FC714400EB2C4068
:102A700089B241EA004146F8041B4FEA204CDDE7E9
:102A8000013FE7E7E3E3020871E402080E4B0B4065
:102A9000A3F15073002B08DC5B42B3F1A07F4FEA37
:102AA000235204DA4FF400231341002208E0A2F17C
:102AB00014031E2BDABF4FF00042DA40012200233C
:102AC00019461046704700BF0000F07F0269F8B554
:102AD00000F1140606EB8202204F52F8044C204607
:102AE000FFF750FD03460A2BC0F12000A2F10405B8
:102AF000086013DCAE4238BF52F8082CC3F10B0C4F
:102B000028BF0022153324FA0CFE04FA03F322FA3C
:102B10000CF24EEA07011A431046F8BDAE4236BF2A
:102B2000A2F10805002252F8082C0B3B12D0C3F189
:102B3000200722FA07F19C400C43B54244F07F5134
:102B40008CBF55F8044C00249A40FC4041F44011DD
:102B50002243E1E744EA0701DEE700BF0000F03F5F
:102B60002DE973430121089E90469946FFF718FC12
:102B7000044630B90246244B244840F20F31FFF797
:102B80005DF8C9F30A55C9F313030DB143F480137B
:102B90000193B8F1000324D068460093FFF714FDB9
:102BA000DDE90012D8B1C0F1200302FA03F30B43B0
:102BB000C24063610192019BA361002B0CBF012203
:102BC00002222261ADB1A5F2334505443560C0F162
:102BD0003500099B1860204602B0BDE87083616132
:102BE000E9E701A8FFF7F0FC019B636120300122B7
:102BF000E7E704EB8203A0F2324030601869FFF788
:102C0000C1FCC0EB4210E4E7E3E3020871E4020810
:102C10002DE9F04F85B0CDE9001002A9FFF756FF6E
:102C20008B4606460F46009803A9FFF74FFF019B0E
:102C300089460D461969009B1B69C91ADDE90232F4
:102C40009B1A03EB4113002BCDBF3A46C3EB033372
:102C50002A4602EB035BD8BF02EB03590446224627
:102C60004B4630465946DDF751FD05B0BDE8F08FC3
:102C7000013970B549111469013102F1140300EBF7
:102C8000810103EB8404051FA3420CD3A31A113B5B
:102C900023F003031132A24288BF0023184400230B
:102CA000884205D370BD53F8046B45F8046FEBE719
:102CB00040F8043BF4E700F1140200694B1198421C
:102CC00010B511DB0ADD11F01F0107D052F82340C7
:102CD00024FA01F000FA01F18C420BD102EB8303DC
:102CE000934203D8002010BD0346F7E753F8041DB4
:102CF0000029F5D00120F6E751F8043C181F002BFD
:102D0000BCBF0B58C01870470346084641B1FF2AA4
:102D100004D98A221A604FF0FF3070470A700120F0
:102D200070472DE9F0478E681F46BE420B68824609
:102D30000C4690462DD8B1F90C2012F4906F26D095
:102D40006569096905EB4505A3EB010905EBD57537
:102D50007B1C4B446D109D4238BF1D46530527D543
:102D60002946FDF7F7FB064660B321694A46FEF7A0
:102D70004CFFA38923F4906343F08003A381266171
:102D800065614E44A5EB09052660A5603E46BE423E
:102D900000D93E46206832464146FEF7DCFDA36876
:102DA0009B1BA3602368334423600020BDE8F087A9
:102DB0002A46FDF7CFFC06460028E0D1216950469F
:102DC000FEF75AFF0C23CAF80030A38943F04003F2
:102DD000A3814FF0FF30E9E72DE9F04F98468B894A
:102DE0001B069DB007460D46144610D50B6973B9F6
:102DF0004021FDF7AFFB2860286130B90C233B6010
:102E00004FF0FF301DB0BDE8F08F40236B61002311
:102E1000099320238DF82930CDF80C803023DFF87A
:102E20009C818DF82A304FF0010923469A4613F809
:102E3000012B0AB1252AF9D1BAEB040B0BD05B4662
:102E4000224629463846FFF76CFF013000F0A78084
:102E5000099A5A4409929AF80030002B00F09F809A
:102E600000234FF0FF32CDE905230AF1010A049354
:102E700007938DF853301A935446052214F8011B1A
:102E80004E48DEF7BDF9049AD8B9D00644BF2023D6
:102E90008DF85330110744BF2B238DF853309AF827
:102EA00000302A2B15D0079A544600204FF00A0C08
:102EB000214611F8013B303B092B4BD9B0B10792A9
:102EC00014E0A0EB080309FA03F313430493A246AA
:102ED000D2E7039B191D1B680391002BBBBF5B420C
:102EE00042F0020207930793B8BF049223782E2B77
:102EF0000AD163782A2B32D1039B1A1D1B680392D7
:102F000043EAE37302340593DFF8B4A02178032287
:102F10005046DEF775F938B1049BA0EB0A00402259
:102F2000824013430134049314F8011B25488DF8A3
:102F300028100622DEF764F9002836D0224B1BBB8E
:102F4000039B073323F0070308330393099B3344A0
:102F500009936AE70CFB02320C460120A8E7002324
:102F60000134059319464FF00A0C204610F8012B46
:102F7000303A092A03D9002BC6D00591C4E70CFBCF
:102F8000012104460123F0E703AB00932A460F4BCF
:102F900004A93846AFF30080421C0646D6D1AB895F
:102FA0005B063FF52DAF09982CE703AB00932A464B
:102FB000064B04A9384600F079F8EDE7E8E5020889
:102FC000EEE50208F2E5020800000000232D0208E9
:102FD0002DE9F047164698468A680B69DDF820907F
:102FE0009342B8BF1346336091F8432007460C461E
:102FF0000AB1013333602368990642BF3368023354
:103000003360256815F0060506D104F1190AE36856
:1030100032689B1AAB4226DC94F843302268003BAE
:1030200018BF012392062BD404F1430241463846CF
:10303000C84701301ED02368226903F00603042B21
:1030400002BFE5683368ED1AA3680CBF25EAE57591
:1030500000259342C4BF9B1AED1800261A34B542CE
:103060001AD1002008E00123524641463846C8479D
:10307000013003D14FF0FF30BDE8F0870135C6E7DE
:10308000E1185A1C302081F84300224494F845107E
:1030900082F843100233C7E70123224641463846EF
:1030A000C8470130E6D00136D9E700002DE9FF47D7
:1030B0000F7E0C9E782F914680460C469A4601F171
:1030C000430207D8622F0AD8002F00F0DD80582F66
:1030D00000F0C38004F1420684F842703AE0A7F1A0
:1030E0006303152BF6D801A151F823F045310208EE
:1030F00059310208D5300208D5300208D53002080F
:10310000D530020859310208D5300208D5300208FE
:10311000D5300208D53002086F320208E7310208C4
:1031200027320208D5300208D53002089132020851
:10313000D5300208E7310208D5300208D530020840
:103140002F32020833681A1D1B68326004F14206F0
:1031500084F842300123A8E031682368081D3060FC
:103160001E0601D50D6803E05D06FBD5B1F90050E0
:103170006168002D78DA2D20002984F84300A160D1
:103180002DDA5E486D420A231646B5FBF3F103FBC8
:103190001157C75D06F8017D2F46BB420D46F4D995
:1031A000082B0BD12368DF0708D523696168994292
:1031B000DEBF302306F8013C06F1FF36921B226188
:1031C000CDF800A04B4603AA21464046FFF700FF7A
:1031D00001306FD14FF0FF3004B0BDE8F08723F02D
:1031E00004032360CDE721683368080653F8045BC5
:1031F00002D4490648BFADB26F2F4048336014BFB8
:103200000A230823002184F843106668A660002E74
:10321000BADB216821F004012160002DB4D1002E19
:10322000B2D11646BCE7236843F02003236034483C
:10323000782784F84570236831681F0651F8045BCD
:1032400002D45F0648BFADB23160D90744BF43F036
:10325000200323601DB11023D4E72848E9E7236841
:1032600023F020032360F6E724480A23CDE73368E0
:1032700025686169181D30602E061B6801D519602C
:1032800002E06806FBD5198000232361164697E704
:1032900033681A1D32601E68626800213046DDF70F
:1032A000AFFF08B1801B606063682361002384F86E
:1032B000433085E72369324649464046D0470130CE
:1032C00088D023689B0714D4E068039B9842B8BF5A
:1032D000184681E70123324649464046D04701302F
:1032E0003FF478AF0135E36803995B1AAB42F1DC38
:1032F000EAE7002504F11906F5E700BFF9E5020841
:103300000AE60208B1F90C20F8B5170705460C4685
:1033100056D44B68002B02DC0B6C002B3DDDE66ABB
:10332000002E3AD0002312F480522F68216A2B60BD
:1033300025D0626DA389580705D56368D21A636BDF
:103340000BB1236CD21A216AE66A00232846B047E3
:10335000411C24D00023636023692360A389DA041D
:1033600000D56065616B2F60B9B104F144039942E7
:1033700002D02846FEF780FC002363630DE00123A2
:103380002846B047461C0246D4D12B68002BD1D02A
:103390001D2B01D0162B2AD12F6000202EE02A6889
:1033A000B4F90C3042B11D2A01D0162A21D10023D4
:1033B000636023692360D5E7626022692260CEE7FB
:1033C0000F69002FE9D093070E6808BF4B690F60A3
:1033D00018BF0023F61B8B60002EDEDD216AD4F8B7
:1033E00028C033463A462846E047002807DCB4F9AF
:1033F0000C3043F04003A3814FF0FF30F8BD074489
:10340000361AE9E738B50B6905460C4613B90025AD
:10341000284638BD18B1036A0BB9FEF761F9B4F953
:103420000C30002BF3D0626ED00704D4990502D47F
:10343000A06DFEF7E0FB28462146FFF763FF636EB1
:10344000DA070546E4D4A3899B05E1D4A06DFEF715
:10345000D3FBDDE70EB403B5014603AB054853F8D3
:10346000042B0068019300F043F802B05DF804EB10
:1034700003B070470003002070B5A1FB02543CB9B3
:103480002946FDF767F8064628B90026304670BD84
:103490000C220260F9E72A462146FEF776FAF5E7A4
:1034A0009368013B002B10B4936007DA9469A34240
:1034B00001DB0A2902D110BC00F032B91368581C94
:1034C00010601970084610BC7047F8B506460F46E4
:1034D0001446D518AC4201D1002007E014F8011BB6
:1034E0003A463046FFF7DCFF431CF3D1F8BD00003D
:1034F0002DE9F04F0D469DB014469846064618B18A
:10350000036A0BB9FEF7ECF86B6ED90705D4AB89EB
:103510009A0502D4A86DFEF76EFBAB891B0701D597
:103520002B699BB92946304600F038F970B16B6EB3
:10353000DC0704D54FF0FF301DB0BDE8F08FAB893C
:103540009805F7D4A86DFEF757FBF3E7002309931E
:1035500020238DF82930CDF80C803023DFF8AC81A2
:103560008DF82A304FF0010923469A4613F8012BB3
:103570000AB1252AF9D1BAEB040B0BD05B462246DF
:1035800029463046FFF7A1FF013000F0A780099AD5
:103590005A4409929AF80030002B00F09F800023D3
:1035A0004FF0FF32CDE905230AF1010A0493079396
:1035B0008DF853301A935446052214F8011B5348D2
:1035C000DDF71EFE049AD8B9D10644BF20238DF83A
:1035D0005330130744BF2B238DF853309AF8003033
:1035E0002A2B15D0079A544600204FF00A0C21468A
:1035F00011F8013B303B092B4BD9B0B1079214E0D5
:10360000A0EB080309FA03F313430493A246D2E79D
:10361000039B191D1B680391002BBBBF5B4242F04B
:10362000020207930793B8BF049223782E2B0AD186
:1036300063782A2B32D1039B1A1D1B68039243EA3D
:10364000E37302340593DFF8C8A0217803225046C3
:10365000DDF7D6FD38B1049BA0EB0A004022824082
:1036600013430134049314F8011B2A488DF82810E1
:103670000622DDF7C5FD00283FD0274B1BBB039B6F
:10368000073323F0070308330393099B3B44099353
:103690006AE70CFB02320C460120A8E70023013444
:1036A000059319464FF00A0C204610F8012B303ACA
:1036B000092A03D9002BC6D00591C4E70CFB0121D0
:1036C00004460123F0E703AB00932A46134B04A9F9
:1036D0003046AFF300800746781CD6D16B6ED90711
:1036E00005D4AB899A0502D4A86DFEF785FAAB899B
:1036F0005B063FF51FAF09981EE703AB00932A4610
:10370000064B04A93046FFF7D1FCE4E7E8E50208E0
:10371000EEE50208F2E5020800000000CB340208E2
:10372000F8B50E461446054618B1036A0BB9FDF705
:10373000D7FFA369A360A3891A0701D5236943B9F9
:103740002146284600F02AF818B14FF0FF373846D6
:10375000F8BD23682269981A6369F6B28342374636
:1037600005DC21462846FFF74DFE0028EDD1A36871
:10377000013BA36023685A1C22601E706269431CCF
:103780009A4204D0A389DB07E1D50A2EDFD1214676
:103790002846FFF737FE0028D9D0D6E738B5294BA1
:1037A000054618680C4618B1036A0BB9FDF798FF77
:1037B000B4F90C30190722D4DA0607D409222A609A
:1037C00043F04003A3814FF0FF3033E0580712D598
:1037D000616B41B104F14403994202D02846FEF7DF
:1037E0004BFA00236363A38923F02403A3810023FE
:1037F000636023692360A38943F00803A3812369DD
:103800004BB9A38903F42073B3F5007F03D021469D
:10381000284600F03FF8B4F90C3013F001020AD04A
:103820000022A26062695242A261226942B913F089
:103830008000C5D138BD990758BF6269A260F4E71E
:103840000020F7E70003002070B50C46B1F90E1018
:10385000002996B015461E460DDAA38913F0800F95
:103860004FF0000114BF40234FF48063002031600B
:103870002B6016B070BD6A4600F048F80028ECDBFB
:10388000019901F47041A1F50053594259414FF497
:103890008063EBE78B89F7B59D0706460C4607D595
:1038A00004F14703236023610123636103B0F0BD8A
:1038B00001AB6A46FFF7C8FF009F05463946304610
:1038C000FCF748FE48B9B4F90C309A05EED423F061
:1038D000030343F00203A381E2E7A389206043F0DE
:1038E0008003A381019BC4E904075BB1B4F90E1006
:1038F000304600F01DF828B1A38923F0030343F0FC
:103900000103A381A3891D43A581CFE738B5074DE6
:1039100000230446084611462B60E3F792F9431C46
:1039200002D12B6803B1236038BD00BFB83A002034
:1039300038B5064D0023044608462B60E3F786F9A8
:10394000431C02D12B6803B1236038BDB83A002074
:1039500038B50022002304460D46DDF71FF828B9CC
:1039600020462946BDE8384000F00AB8204605F157
:10397000004100F005F8404261EB410138BD00BF55
:10398000D0B50C4B002206460F46DCF795FDDDF75F
:103990006BF80446DCF716FD074B0022DCF78CFDC4
:1039A00002460B4630463946DCF7CEFBDDF75CF8C5
:1039B0002146D0BD0000F03D0000F041F8B500BF49
:1039C000F8BC08BC9E467047F8B500BFF8BC08BC00
:0439D0009E46704758
:1039D80000000000010000000200000002000000DA
:1039E80000000000010000000000FFFF0000800050
:1039F80000000000080008000000000000000000AF
:103A0800E8030000FFFFFFFFFFFFFFFFFFFFFFFFCF
:103A1800FFFFFFFFFFFFFFFFFFFFFFFF00000000AA
:103A2800800100008001000012AD101B00000000A2
:103A38000101000001000100000001000100000078
:103A48005000B00018017801B0021803C80530060C
:103A5800300C980C00000000040000000030014009
:103A6800120500000401000000000158020D0000CA
:103A78000900000000380040120300000F00000099
:103A88000030014012050000120000000030014023
:103A9800120500001900000000380040120500005F
:103AA8001C0000000038004012050000FFFFFFFF67
:103AB800000000000000000001000000003001408C
:103AC800120500000500000000300140120500004A
:103AD8000501000000000158020D00000800000068
:103AE80000380040120500000900000000380040BE
:103AF800120500001300000000300140120500000C
:103B08001A00000000380040120500001D000000E7
:103B18000038004012050000FFFFFFFF0000000012
:103B280000000000050000000038004012030000FB
:103B380006000000003001401205000006010000E8
:103B480000000158020D00000B0000000030014089
:103B580012050000140000000030014012050000AA
:103B68001E0000000038004012050000220000007E
:103B78000038004012050000FFFFFFFF00000000B2
:103B8800000000000700000000300140120500009E
:103B98000701000000000158020D00000A000000A3
:103BA80000380040120500000C0000000030014001
:103BB8001205000015000000003001401205000049
:103BC8001F0000000038004012050000210000001E
:103BD80000380040120300002300000000380040B5
:103BE80012050000FFFFFFFF0000000000000000BA
:103BF800000000000044004012070000060000001A
:103C080000800040120800000B000000003801404E
:103C180012070000140000000038014012070000DD
:103C28001D0000000080004012080000FFFFFFFF99
:103C380000000000000000000100000000800040BB
:103C480012080000010100000044004012070000B3
:103C58000C000000003801401207000011000000AD
:103C680000800040120800001300000000380140E6
:103C7800120700001C00000000800040120800002D
:103C8800FFFFFFFF0000000000000000030000002D
:103C980000800040120800000301000000440040BA
:103CA800120700000A000000003801401207000057
:103CB8001700000000380140120700001A00000039
:103CC8000080004012080000200000000080004032
:103CD80012080000FFFFFFFF0000000000000000C6
:103CE80002000000008000401208000002010000ED
:103CF800004400401207000009000000003801409D
:103D080012070000160000000038014012070000EA
:103D18001B00000000800040120800002100000085
:103D28000080004012080000FFFFFFFF00000000B5
:103D380000000000000000000000004012810000A8
:103D48000100000000000040120101000200000014
:103D58000000004012810100030000000000004044
:103D6800120102000500000000000040128100005E
:103D78000600000000440140128E00000700000009
:103D8800002C01401281100007010000004801408A
:103D9800128E000008000000002C01401281000073
:103DA80009000000002C0140120101000A00000077
:103DB800002C0140128101000B000000002C014082
:103DC800120102000F0000000000004012810000F4
:103DD800130000000000004012010100160000005E
:103DE80000440140128E10001700000000480140F6
:103DF800128E100018000000002C01401201110062
:103E08001801000000440140128E00001900000053
:103E1800002C0140128111001901000000480140E6
:103E2800128E00001A0000000000004012810100FC
:103E38001B00000000000040120102001D000000ED
:103E4800002C0140128110001E000000002C0140CF
:103E5800120111001F000000002C01401281110006
:103E6800FFFFFFFF00000000000000000A00000044
:103E78000074004003800000FFFFFFFF0000000007
:103E8800000000000A0000000024014003000300B5
:103E98000B00000000240140038003000C00000018
:103EA80000240140030004000D000000002401402C
:103EB800038004000E0000000024014003000500F8
:103EC8000F000000002401400380050011000000DD
:103ED8000024014003800200120000000024014079
:103EE8000300020013000000002401400300010049
:103EF8001400000000240140038001001D000000A0
:103F080000240140030000001E00000000240140BE
:103F180003800000FFFFFFFF00000000000000001A
:103F28000A0000000B0000000C0000000D0000005B
:103F38000E0000000F000000110000001200000039
:103F480013000000140000001D0000001E00000007
:103F58000000000001000000020000000300000053
:103F68000400000005000000060000000700000033
:103F780008000000090000000A0000000B00000013
:103F88000C0000000D0000000E0000000F000000F3
:103F980010000000110000001200000013000000D3
:103FA80014000000150000001600000017000000B3
:103FB80018000000190000001A0000001B00000093
:103FC8001C0000001D0000001E0000001F00000073
:103FD8002000000021000000220000002300000053
:103FE8002400000025000000260000002D0000002D
:103FF8002E0000002F000000330000000100020026
:104008000400060008000A000C0010002000400010
:1040180080000001020104030204081004004000AB
:1040280000040000001000B0002000B4004000B8F8
:104038000100000002000004040000080800000C51
:104048001000001020000014400000188000001C20
:104058000001002000020024000400280008002CB1
:104068000010003000200034004000380080003C80
:1040780000000140000002440100000002000000AE
:1040880004000000080000001000000020000000EC
:104098004000000080000000000100000002000055
:1040A80000040000000800000010000000200000CC
:1040B8000040000000800000010000000200000035
:1040C80004000000080000001000000020000000AC
:1040D8004000000080000000000100000002000015
:1040E800000400000008000000100000002000008C
:1040F8000040000000800000A0860100400D030081
:10410800801A060000350C0040420F0080841E0013
:1041180000093D0000127A000024F40000366E0108
:104128000048E801006CDC0200000000000000000C
:104138000000000000000000000000000000000077
:104148000000000000000000010000000200000064
:10415800030000000400000001000000030000004C
:10416800050000000100000001000000060000003A
:104178000A00000020000000020000000400000007
:10418800080000001000000040000000800000004F
:10419800000100000002000076312E302E302D384C
:1041A8003061626662620031372D4D61792D32309F
:1041B8003236007265706561746572007B227265C3
:1041C8006376223A25752C2273656E74223A25751A
:1041D8002C22666C6F6F645F7478223A25752C22E6
:1041E8006469726563745F7478223A25752C226657
:1041F8006C6F6F645F7278223A25752C226469723D
:104208006563745F7278223A25752C22726563762D
:104218005F6572726F7273223A25757D00253032A0
:10422800643A253032643A25303264202D202564E2
:104238002F25642F2564205500736C6565702061F7
:104248007474656D7074733D256C750A736B697051
:104258002070656E64696E673D256C7520627269B1
:104268006467653D256C750A77616B652072783DDA
:10427800256C7520737570706F72743D25730075A9
:104288006E6B6E6F776E005F6D61696E002F706187
:10429800636B65745F6C6F67007B22626174746521
:1042A80072795F6D76223A25752C22757074696D66
:1042B800655F73656373223A25752C226572726F88
:1042C8007273223A25752C2271756575655F6C6568
:1042D8006E223A25757D0025733A25643A256400D7
:1042E8002D6E6F6E652D007B226E6F6973655F663C
:1042F8006C6F6F72223A25642C226C6173745F7242
:10430800737369223A25642C226C6173745F736E2F
:1043180072223A252E32662C2274785F6169725FA8
:1043280073656373223A25752C2272785F6169720E
:104338005F73656373223A25757D006164763D2558
:104348006C752F256C752F256C75206361643D2570
:104358006C752F256C750A77206E3D257520753D87
:10436800257520643D257520733D25752066643DBF
:10437800256C752064643D256C750A613D256C7556
:104388002F256C7520633D257520643D25752070AB
:104398003D257520793D25750025730A25730A2565
:1043A800730044003A2052582C206C656E3D2564F9
:1043B8002028747970653D25642C20726F757465AA
:1043C8003D25732C207061796C6F61645F6C656E3C
:1043D8003D25642920534E523D25642052535349AC
:1043E8003D25642073636F72653D256400205B255D
:1043F800303258202D3E20253032585D0A003A20B0
:1044080054582C206C656E3D25642028747970659D
:104418003D25642C20726F7574653D25732C2070C2
:1044280061796C6F61645F6C656E3D256429003A43
:10443800205458204641494C212C206C656E3D255E
:10444800642028747970653D25642C20726F75741A
:10445800653D25732C207061796C6F61645F6C65B4
:104468006E3D2564290A0057494F2D453520526570
:10447800706561746572004C56534954414E4F53F0
:10448800004F4B202D206C6F6164656420256420EB
:10449800726567696F6E73007365747065726D20FD
:1044A80000457272202D2062616420706172616D16
:1044B80073004F4B00457272202D20696E76616C37
:1044C800696420706172616D7300457272202D20DD
:1044D800626164207075626B65790067657420613C
:1044E800636C0041434C3A0025303258200064691F
:1044F80073636F7665722E6E65696768626F727333
:1045080000457272202D20646973636F7665722E80
:104518006E65696768626F727320686173206E6F79
:10452800206F7074696F6E73004F4B202D204469A3
:1045380073636F7665722073656E74000000000007
:104548000000000079B00008036D00082D8A0008FB
:10455800DD8A0008558B0008E580000811810008F5
:104568009D6E0008896C0008ED6E000819AB000804
:104578002FA100088F6C0008956C0008716C00086A
:10458800BD750008A98B0008738000081F76000815
:1045980061750008A16C0008056D00088B6D0008A6
:1045A80015950008796C0008456F00085D7D0008C6
:1045B800319100087B6C0008C17D00087D6C000803
:1045C800E5AA00087F6C0008816C0008A96C000847
:1045D800B96C0008C96C0008AD700008BD6D000812
:1045E800F96F00086D920008116E0008396E000816
:1045F800D96C000895700008D1980008EB6F000886
:10460800197B0008896F000861760008457C00085E
:10461800616E00082D820008257000084F6D0008A3
:104628000D700008BF700008E56C0008697000088C
:10463800C17F0008FD7F00083B6D000830FFFFFFC9
:1046480000000000B9700008B16C0008C16C0008D7
:10465800D16C000805700008AB920008316E0008A4
:10466800596E0008DF6C0008A57000081D99000845
:10467800F16F0008157C0008E36F0008A9760008B0
:10468800B17C0008956E0008B182000861700008CE
:10469800E96C00088D700008F57F00081B80000891
:1046A800476D0008076E0008836D00081D7000083C
:1046B800E3700008836C0008856C0008876C0008AC
:1046C80052657065617465722049443A2000202063
:1046D8002D3E200000000000000000004199000865
:1046E80000000000000000002599000800000000FC
:1046F800000000009F990008459900084E6F74203B
:10470800617661696C61626C6500536565656420FA
:1047180057696F2045352044657620426F61726481
:10472800004552524F523A20726164696F20696E97
:104738006974206661696C65643A200000000000B5
:1047480000000000379E0008000000000000000084
:10475800359E00087F9E0008810E0108812201080D
:10476800C7220108D1220108C5040108E53701085C
:10477800690B0108B5370108530A0108B315010888
:10478800D9100108790801086708010849040108D7
:10479800752B0108F52A0108E53001086D33010879
:1047A8008333010883FE0008A10101083B31010899
:1047B800612A0108412C0108112D0108791101080D
:1047C80089100108290B01080505010805070108DA
:1047D80099060108C7080108B3080108B1060108CD
:1047E800E1040108AD0A0108750A0108A1040108DD
:1047F800610C0108F1080108BB060108270A010835
:1048080071FE000879FE000871FE000879FE0008B4
:1048180071FE000879FE0008C90101083D08010879
:10482800D9120108B9090108C30601083D000108A9
:10483800B9FF0008712801083D2901087DFF00081B
:10484800D5FF0008750001082D0301086903010858
:10485800000000000000000011EC00086DEC0008EA
:10486800D5EC0008E39E00087DEE0008A5ED0008E1
:10487800E9EC000841ED00089D9D000849EC00089E
:1048880015ED000859EC0008CB9E0008337C0008A1
:104898003B7C0008DD9D00086F9F0008959D00087F
:1048A8008F9E000809ED0008A39D0008A59D00083B
:1048B8000000000000000000F59D0008B59E0008FB
:1048C800979E000800000000000000000D9E0008F0
:1048D800119E0008159E0008179E00081B9E0008E0
:1048E8001F9E0008239E0008279E00080000000065
:1048F80000000000739E0008559D00085D9D00089B
:10490800619D00082D9E0008659D0008679D0008B0
:10491800B59D0008639E0008699D00086B9D00080E
:104928006F9D0008AF9D0008719D0008D99D000883
:10493800759D0008799D00087D9D0008819D0008EF
:10494800899D00088D9D0008A99D000801000000B0
:10495800000000000000000000000000000000004F
:10496800000000000200000001000000000000003C
:10497800000000000000000000000000040000002B
:10498800000000000100000000000000000000001E
:10499800000000000000000000000000000000000F
:1049A80000000000000000000000000004000000FB
:1049B80005000000FFFFFFFFFFFFFFFFFFFFFFFFF6
:1049C80000000000000000000000000009A100082D
:1049D8000BA100080DA100080FA1000811A10008F3
:1049E80013A1000815A1000825A1000835A1000899
:1049F8002BA100082FA100081DA1000821A1000873
:104A0800716C00087065E18FD9FABB70C1ED90DC5C
:104A1800A19907DE698C88B709EA146EAFD93D9B66
:104A2800830C7B60C4681193C79BBC39945BA80650
:104A38004104BB618F8FD7A84A0AF6F57033D6E8D0
:104A4800DDCD6471001EC77175B0918ED206F9AEC6
:104A580004EC136D6D5D4315BB26305427F645B441
:104A680092E9350C10000000000000000000000072
:104A780079B0000809A100080BA100080DA10008E1
:104A88000FA1000811A1000813A1000815A1000832
:104A980025A1000835A1000819AB00082FA10008BE
:104AA8001DA1000821A10008716C0008C1AA000816
:104AB800D5AA0008C5AA0008E9AA0008D9AA0008CA
:104AC800DDAA0008E1AA0008C7AA0008C9AA0008C8
:104AD800796C0008CBAA0008CFAA0008D1AA000860
:104AE8007B6C0008D3AA00087D6C0008E5AA0008C2
:104AF8007F6C0008816C000830313233343536372A
:104B08003839414243444546002F735F636F6E74E2
:104B180061637473004F4B202D207265706561745A
:104B2800206973206E6F77204F4646004F4B202D2B
:104B380020726570656174206973206E6F77204FED
:104B48004E00647574796379636C65200045525230
:104B58004F523A20647574796379636C65206D757A
:104B6800737420626520312D313030004F4B202D79
:104B78002025642E256425250061662000696E7451
:104B88002E74687265736820006167632E7265739E
:104B980065742E696E74657276616C20004F4B20C7
:104BA8002D20696E74657276616C20726F756E6403
:104BB800656420746F202564006D756C74692E61BE
:104BC800636B732000616C6C6F772E726561642E65
:104BD8006F6E6C792000666C6F6F642E6164766509
:104BE80072742E696E74657276616C2000457272FB
:104BF8006F723A20696E74657276616C2072616EAC
:104C0800676520697320332D31363820686F7572D7
:104C180073004572726F723A20696E7465727661BC
:104C28006C2072616E67652069732025642D3234AB
:104C380030206D696E757465730067756573742EC1
:104C480070617373776F726420007072762E6B6573
:104C58007920004F4B2C207265626F6F7420746F3F
:104C6800206170706C7921204E6577207075626BB9
:104C780065793A20004572726F722C206261642057
:104C88006B6579006E616D65200072657065617491
:104C980020004F4B202D207265626F6F7420746F57
:104CA800206170706C79004572726F722C20696E89
:104CB80076616C696420726164696F2070617261E9
:104CC8006D73006C617420006C6F6E2000727864E4
:104CD800656C617920004572726F722C2063616E79
:104CE8006E6F74206265206E656761746976650011
:104CF800666C6F6F642E6D617820004572726F72FA
:104D08002C206D617820363400666C6F6F642E61DC
:104D180064766572742E6261736520004572726FE5
:104D2800723A2062617365206D7573742062652024
:104D38006265747765656E203020616E642031008D
:104D4800666C6F6F642E72656C61792E70726F621B
:104D580020004572726F723A2070726F62616269E8
:104D68006C697479206D75737420626520302D32FA
:104D7800353500666C6F6F642E64796E616D69639A
:104D88002E656E61626C6520004572726F723A2002
:104D98006578706563746564206F6E206F72206F2C
:104DA8006666006469726563742E747864656C6104
:104DB8007920006F776E65722E696E666F200070BD
:104DC8006174682E686173682E6D6F646520004594
:104DD80072726F722C206D75737420626520302C8E
:104DE800312C206F722032006C6F6F702E646574E6
:104DF80065637420004572726F722C206D75737430
:104E08002062653A206F66662C206D696E696D6157
:104E18006C2C206D6F6465726174652C206F722034
:104E28007374726963740074782000667265712007
:104E3800006164632E6D756C7469706C69657220AD
:104E4800004F4B202D207573696E6720646566617D
:104E5800756C7420626F617264206D756C74697012
:104E68006C696572004F4B202D206D756C746970EC
:104E78006C6965722073657420746F20252E336603
:104E8800004572726F723A20756E737570706F722A
:104E9800746564206279207468697320626F617236
:104EA8006400756E6B6E6F776E20636F6E666967F0
:104EB8003A202573004572726F722C20626164205B
:104EC800636861727300647574796379636C6500F3
:104ED8003E2025642E25642525006166003E202598
:104EE8007300696E742E746872657368003E2025BD
:104EF80064006167632E72657365742E696E7465EC
:104F08007276616C006D756C74692E61636B7300E9
:104F1800616C6C6F772E726561642E6F6E6C7900B0
:104F2800666C6F6F642E6164766572742E696E7438
:104F3800657276616C00666C6F6F642E616476656D
:104F480072742E6261736500666C6F6F642E726591
:104F58006C61792E70726F62003E20257500666C58
:104F68006F6F642E64796E616D69632E656E616220
:104F78006C650067756573742E70617373776F72F3
:104F880064007072762E6B6579006E616D650072D3
:104F98006570656174006C6174006C6F6E003E2012
:104FA80025732C25732C25642C2564007278646580
:104FB8006C617900666C6F6F642E6D61780064694E
:104FC800726563742E747864656C6179006F776EAE
:104FD80065722E696E666F00706174682E68617301
:104FE800682E6D6F6465006C6F6F702E64657465F4
:104FF8006374003E206F6666003E206D696E696DC1
:10500800616C003E206D6F646572617465003E20BE
:1050180073747269637400747800667265710070E5
:1050280075626C69632E6B657900726F6C650062DE
:1050380072696467652E74797065006E6F6E6500BD
:10504800626F6F746C6F616465722E76657200456D
:1050580052524F523A20756E737570706F72746544
:1050680064006164632E6D756C7469706C69657237
:10507800003E20252E3366007077726D67742E739C
:105088007570706F7274003E20756E737570706FF6
:1050980072746564007077726D67742E736F7572C1
:1050A8006365004552524F523A20506F776572201F
:1050B8006D616E6167656D656E74206E6F742073C7
:1050C8007570706F72746564007077726D67742E96
:1050D800626F6F74726561736F6E007077726D675F
:1050E800742E626F6F746D76003F3F3A202573000F
:1050F800457272202D2073617665206661696C6542
:1051080064002A006C6F6164007361766500616CED
:105118006C6F776600457272202D20756E6B6E6F0E
:10512800776E20726567696F6E0064656E796600D8
:1051380067657400202573202825732920257300AE
:1051480020257320257300686F6D650020686F6DDA
:1051580065206973206E6F772025730020686F6D56
:10516800652069732025730064656661756C740039
:105178002064656661756C742073636F706520695F
:1051880073206E6F77203C6E756C6C3E00206465F2
:105198006661756C742073636F7065206973206E27
:1051A8006F7720257300457272202D20726567691C
:1051B8006F6E207461626C652066756C6C0020648B
:1051C800656661756C742073636F70652069732000
:1051D800257300457272202D20756E6B6E6F776E89
:1051E80020706172656E7400457272202D20756E94
:1051F80061626C6520746F20707574004F4B202DB0
:105208002028666C6F6F6420616C6C6F7765642909
:105218000072656D6F766500457272202D206E6F85
:105228007420656D70747900457272202D206E6F40
:105238007420666F756E6400616C6C6F77656400CE
:1052480064656E69656400457272202D207573650A
:105258002027616C6C6F77656427206F7220276444
:10526800656E6965642700457272202D203F3F00F6
:10527800457272006E756C6C00706F7765726F6640
:10528800660073687574646F776E00636C6B726523
:10529800626F6F74006164766572742E7A65726FDE
:1052A800686F70004F4B202D207A65726F686F70A1
:1052B800206164766572742073656E74006164762B
:1052C800657274004F4B202D2041647665727420FE
:1052D80073656E7400636C6F636B2073796E630023
:1052E8004F4B202D20636C6F636B207365743A20DD
:1052F800253032643A25303264202D2025642F254C
:10530800642F256420555443004552523A20636C5B
:105318006F636B2063616E6E6F7420676F206261CC
:10532800636B7761726473007374617274206F7455
:1053380061004572726F7200636C6F636B00746911
:105348006D652000284552523A20636C6F636B20CC
:1053580063616E6E6F7420676F206261636B776143
:1053680072647329006E65696768626F722E726570
:105378006D6F766520004552523A20626164207054
:1053880075626B65790074656D70726164696F2010
:10539800004F4B202D2074656D7020706172616D17
:1053A8007320666F72202564206D696E73004572E4
:1053B800726F722C20696E76616C696420706172FC
:1053C800616D730070617373776F7264206E6F77AD
:1053D8003A20257300636C6561722064656E73659D
:1053E8002E737461747300284F4B202D2064656EF2
:1053F8007365207374617473207265736574290012
:10540800636C65617220706F7765722E7374617456
:105418007300284F4B202D20706F776572207374AE
:105428006174732072657365742900636C656172B9
:1054380020737461747300284F4B202D207374619E
:105448007473207265736574290046696C652073EE
:10545800797374656D2065726173653A20257300F0
:10546800257320284275696C643A202573290073D6
:10547800656E736F7220676574200073656E736F55
:10548800722073657420006F6B0063616E2774204F
:1054980066696E6420637573746F6D20766172003F
:1054A80073656E736F72206C697374006E6F20631E
:1054B8007573746F6D207661720025642076617251
:1054C800730A0025733D25730A002E2E2E206E6563
:1054D80078743A256400706F776572736176696EC7
:1054E80067206F6E00706F776572736176696E679B
:1054F800206F666600706F776572736176696E6794
:10550800006C6F67207374617274002020206C6FC8
:105518006767696E67206F6E006C6F672073746FC2
:1055280070002020206C6F6767696E67206F666661
:10553800006C6F67206572617365002020206C6FB6
:10554800672065726173656400202020454F46001E
:1055580073746174732D7061636B65747300737415
:105568006174732D726164696F0073746174732D53
:10557800636F726500556E6B6E6F776E20636F6D2B
:105588006D616E64002F636F6D5F70726566730086
:105598002F6E6F64655F70726566730025732F25C3
:1055A800732E6964002F726567696F6E7332005ECF
:1055B800002573257320460A000000000000000043
:1055C80000000000ADDF0008CFDF0008A9DF0008F9
:1055D80003E00008F3DF0008F7DF0008FDDF00083C
:1055E80053D8010875D80108000000000000000029
:1055F800EBE7000821E800082BE800089FE700080F
:1056080031E70008C1E60008C5E60008C9E6000859
:10561800F3E7000849E80008A5E7000825642E25F7
:10562800303364000000F0C0000020C1000048C111
:10563800000070C100008CC10000A0C10000000083
:10564800000000006DF0000881F000080000000074
:105658000000000083F20008C5F20008A9DF000876
:1056680027F3000801F1000809F1000823F10008F8
:1056780053D8010875D80108000000000000000098
:10568800FDFC00080FFE000801FE0008F3FD0008FD
:10569800E5FD0008A5FD000899FD000893FD000838
:1056A80089FC00088FFD00088BFD000879FD0008C3
:1056B80015FD00086FFD000821FD000869FD0008C0
:1056C8001BFD0008FFFC00081DFE000857FD000830
:1056D80047FD000843FD0008B1FC0008453B0108F0
:1056E800000000000000000081FE0008C5FF00085F
:1056F800810E010881220108C7220108D122010870
:10570800C5040108E5370108690B0108B537010828
:10571800530A0108B3150108D910010879080108CE
:105728006708010849040108752B0108F52A0108D2
:10573800E53001086D3301088333010883FE000852
:10574800A10101083B310108612A0108412C010827
:10575800112D01087911010889100108290B010888
:10576800050501080507010899060108C708010889
:10577800B3080108B1060108E1040108AD0A0108EF
:10578800750A0108A1040108610C0108F108010863
:10579800BB060108270A010871FE000879FE000807
:1057A80071FE000879FE000871FE000879FE000805
:1057B800C90101083D080108D9120108B909010801
:1057C800C30601083D000108B9FF00087128010857
:1057D8003D2901087DFF0008D5FF00087500010874
:1057E8002D03010869030108000000000000000003
:1057F800C10001081F0101080D0101082D01010860
:10580800C5000108A5FD000899FD000893FD0008E2
:1058180089FC00088FFD00088BFD000879FD000851
:1058280015FD00086FFD000821FD000869FD00084E
:105838001BFD0008FFFC00081DFE000857FD0008BE
:1058480047FD000843FD0008B1FC0008453B01087E
:105858000024F400010000005358313236310000B2
:10586800000000000000000065020108B5030108FF
:10587800810E010881220108C7220108D1220108EE
:10588800C5040108E5370108690B0108B5370108A7
:10589800530A0108B3150108D9100108790801084D
:1058A8006708010849040108752B0108F52A010851
:1058B800E53001086D3301088333010899040108B4
:1058C800A10101083B310108612A0108412C0108A6
:1058D800112D01087911010889100108290B010807
:1058E800050501080507010899060108C708010808
:1058F800B3080108B1060108E1040108AD0A01086E
:10590800750A0108A1040108610C0108F1080108E1
:10591800BB060108270A010861280108692801084F
:105928006128010869280108612801086928010817
:10593800C90101083D080108D9120108B90901087F
:10594800C306010811280108412801087128010827
:105958003D290108B324010867020108DB02010898
:105968002D0301086903010822FB1200110321001D
:105978001106210322021406110B120B110E120E2E
:1059880011141116220B13152111240D211421169F
:10599800221523154113411433145213611652165C
:1059A8005316631664167416000000000000000009
:1059B80001070108430A0108810E01088122010834
:1059C800C7220108D1220108C5040108E5370108EA
:1059D800690B0108B5370108530A0108B315010816
:1059E800D910010879080108670801085337010828
:1059F800752B0108F52A0108E53001086D33010807
:105A0800833301085F370108653701083B31010816
:105A1800612A0108412C0108112D0108791101089A
:105A280089100108290B0108050501080507010867
:105A380099060108C7080108B3080108B10601085A
:105A4800E1040108AD0A0108750A0108A10401086A
:105A5800610C0108F1080108BB060108270A0108C2
:105A680061280108692801086128010869280108D6
:105A78006128010869280108413701083D08010823
:105A8800D9120108B9090108C3060108112801083B
:105A980041280108712801083D290108B32401089B
:105AA800212D30333639000F0603001224364804FE
:105AB80016283A4C081A2C3E0C1E30421022344646
:105AC80001132537490517293B4D091B2D3F0D1F8C
:105AD800314311233547021426384A06182A3C4E0A
:105AE8000A1C2E400E203244031527394B07192B68
:105AF8003D4F0B1D2F410F2133450108AC0000001D
:105B0800000000000000000000000000000000008D
:105B180027370108333701083937010841370108A9
:105B280033370108E53701082D370108B537010873
:105B38003337010833370108473701084D37010863
:105B48003337010853370108533701085337010821
:105B58004137010841370108593701085F37010803
:105B680065370108473701084D3701086B370108C9
:105B78006B3701087B370108813701088137010835
:105B880089370108953701089537010899370108C1
:105B98004D3701084D370108333701089F37010891
:105BA80033370108333701089F370108A537010843
:105BB800A9370108AB370108A9370108AD37010833
:105BC800A9370108AD370108A9370108AD37010821
:105BD800413701089F370108AF37010833370108FB
:105BE800000000003021120312033021031221307B
:105BF800213003124370340725165261526125166D
:105C080034074370073470436152162516256152D4
:105C180070430734340743705261251625165261C4
:105C280043703407704307341625615261521625B4
:105C3800073470430000000000000000000000006E
:105C4800000000000000000000000000000000004C
:105C5800000000000000000000000000000000003C
:105C6800000000000000000000000000000000002C
:105C7800000000000000000000000000000000001C
:105C88003B3B01083B3B01083D3B01083F3B01080A
:105C98003B3B0108413B0108453B0108000000006F
:105CA80000000000793B0108993B01086D3C0108A0
:105CB800753B0108AD3B0108053E01082D40010870
:105CC800713C010800000000000000000000000016
:105CD800000000006D3C010800000000000000000A
:105CE800053E01082D400108713C0108000102042D
:105CF80008102040801B36001B362D6C775A415205
:105D0800096AD53036A538BF40A39E81F3D7FB7CFE
:105D1800E339829B2FFF87348E4344C4DEE9CB549A
:105D28007B9432A6C2233DEE4C950B42FAC34E0833
:105D38002EA16628D924B2765BA2496D8BD1257233
:105D4800F8F66486689816D4A45CCC5D65B6926C47
:105D5800704850FDEDB9DA5E154657A78D9D8490C1
:105D6800D8AB008CBCD30AF7E45805B8B34506D0C5
:105D78002C1E8FCA3F0F02C1AFBD0301138A6B3AB5
:105D88009111414F67DCEA97F2CFCEF0B4E67396F3
:105D9800AC7422E7AD3585E2F937E81C75DF6E474C
:105DA800F11A711D29C5896FB7620EAA18BE1BFCAE
:105DB800563E4BC6D279209ADBC0FE78CD5AF41FE6
:105DC800DDA8338807C731B11210592780EC5F600E
:105DD800517FA919B54A0D2DE57A9F93C99CEFA06B
:105DE800E03B4DAE2AF5B0C8EBBB3C835399611735
:105DF8002B047EBA77D626E169146355210C7D639E
:105E08007C777BF26B6FC53001672BFED7AB76CA08
:105E180082C97DFA5947F0ADD4A2AF9CA472C0B72D
:105E2800FD9326363FF7CC34A5E5F171D83115043A
:105E3800C723C31896059A071280E2EB27B27509A3
:105E4800832C1A1B6E5AA0523BD6B329E32F8453D6
:105E5800D100ED20FCB15B6ACBBE394A4C58CFD09B
:105E6800EFAAFB434D338545F9027F503C9FA8516B
:105E7800A3408F929D38F5BCB6DA2110FFF3D2CD3E
:105E88000C13EC5F974417C4A77E3D645D197360DB
:105E9800814FDC222A908846EEB814DE5E0BDBE0E8
:105EA800323A0A4906245CC2D3AC629195E479E798
:105EB800C8376D8DD54EA96C56F4EA657AAE08BA26
:105EC80078252E1CA6B4C6E8DD741F4BBD8B8A70DE
:105ED8003EB5664803F60E613557B986C11D9EE189
:105EE800F8981169D98E949B1E87E9CE5528DF8CC6
:105EF800A1890DBFE6426841992D0FB054BB160029
:105F08000000000000000000000000000000000089
:105F18000000000000000000000000000000000079
:105F280000000000000000001B132C0AA3E59CEDF4
:105F3800A72963085D210621EBFFFFFFFFFFFFFF95
:105F4800FFFFFFFFFFFFFFFF0F000000EDD3F55C31
:105F58001A631258D69CF7A2DEF9DE14000000007E
:105F6800000000000000000000000010A3DDB7A53D
:105F7800B38ADE6DF5525177809FF0207DE3AB64E4
:105F88008E4EEA6665768BD70F5F87670100000043
:105F980000000000000000000000000000000000F9
:105FA800000000000000000000000000586666665F
:105FB8006666666666666666666666666666666679
:105FC8006666666666666666666666661AD5258F5E
:105FD800602D56C9B2A7259560C72C695CDCD6FD33
:105FE80031E2A4C0FE536ECDD336692159F1B226F1
:105FF800949BD6EB56B183829A14E00030D1F3EE2D
:10600800F2808E19E7FCDF56DCD90624A3785913F1
:10601800CA4DEB75ABD841414D0A700098E87977C5
:106028007940C78C73FE6F2BEE6C035200000000A2
:106038000000000085480108A54801080D4801082E
:106048001148010815480108894A0108ED4A010864
:106058006D480108874B0108B74B0108982F8A4201
:1060680091443771CFFBC0B5A5DBB5E95BC25639A2
:10607800F111F159A4823F92D55E1CAB98AA07D8BA
:10608800015B8312BE853124C37D0C55745DBE72DD
:10609800FEB1DE80A706DC9B74F19BC1C1699BE45D
:1060A8008647BEEFC69DC10FCCA10C246F2CE92DED
:1060B800AA84744ADCA9B05CDA88F97652513E9811
:1060C8006DC631A8C82703B0C77F59BFF30BE0C618
:1060D8004791A7D55163CA0667292914850AB727A6
:1060E80038211B2EFC6D2C4D130D385354730A6543
:1060F800BB0A6A762EC9C281852C7292A1E8BFA21A
:106108004B661AA8708B4BC2A3516CC719E892D181
:10611800240699D685350EF470A06A1016C1A41904
:10612800086C371E4C774827B5BCB034B30C1C3903
:106138004AAAD84E4FCA9C5BF36F2E68EE828F74C2
:106148006F63A5781478C8840802C78CFAFFBE90DC
:10615800EB6C50A4F7A3F9BEF27871C600000000FA
:10616800000000007D4C01089D4C0108234C0108EB
:10617800274C0108454C010875510108F3510108E5
:106188002B4C010893520108C3520108000000007B
:1061980022AE28D7982F8A42CD65EF2391443771D4
:1061A8002F3B4DECCFFBC0B5BCDB8981A5DBB5E946
:1061B80038B548F35BC2563919D005B6F111F15913
:1061C8009B4F19AFA4823F9218816DDAD55E1CAB44
:1061D800420203A398AA07D8BE6F7045015B8312D9
:1061E8008CB2E44EBE853124E2B4FFD5C37D0C5594
:1061F8006F897BF2745DBE72B196163BFEB1DE808C
:106208003512C725A706DC9B942669CF74F19BC17C
:10621800D24AF19EC1699BE4E3254F388647BEEF19
:10622800B5D58C8BC69DC10F659CAC77CCA10C24D1
:1062380075022B596F2CE92D83E4A66EAA84744A43
:10624800D4FB41BDDCA9B05CB5531183DA88F9767B
:10625800ABDF66EE52513E981032B42D6DC631A8B0
:106268003F21FB98C82703B0E40EEFBEC77F59BF94
:10627800C28FA83DF30BE0C625A70A934791A7D57F
:106288006F8203E05163CA06706E0E0A67292914EB
:10629800FC2FD246850AB72726C9265C38211B2E33
:1062A800ED2AC45AFC6D2C4DDFB3959D130D385360
:1062B800DE63AF8B54730A65A8B2773CBB0A6A7673
:1062C800E6AEED472EC9C2813B358214852C729209
:1062D8006403F14CA1E8BFA2013042BC4B661AA886
:1062E8009197F8D0708B4BC230BE5406A3516CC73F
:1062F8001852EFD619E892D110A96555240699D6F7
:106308002A20715785350EF4B8D1BB3270A06A10B7
:10631800C8D0D2B816C1A41953AB4151086C371E66
:1063280099EB8EDF4C774827A8489BE1B5BCB03481
:10633800635AC9C5B30C1C39CB8A41E34AAAD84E63
:1063480073E363774FCA9C5BA3B8B2D6F36F2E682A
:10635800FCB2EF5DEE828F74602F17436F63A578F0
:1063680072ABF0A11478C884EC39641A0802C78C9F
:10637800281E6323FAFFBE90E9BD82DEEB6C50A4B1
:106388001579C6B2F7A3F9BE2B5372E3F27871C63A
:106398009C6126EACE3E27CA07C2C021C7B886D16B
:1063A8001EEBE0CDD67DDAEA78D16EEE7F4F7DF533
:1063B800BA6F1772AA67F006A698C8A2C57D630AC5
:1063C800AE0DF9BE04983F111B471C13350B711B0A
:1063D800847D0423F577DB289324C7407BABCA323E
:1063E800BCBEC9150ABE9E3C4C0D109CC4671D431B
:1063F800B6423ECBBED4C54C2A7E65FC9C297F594B
:10640800ECFAD63AAB6FCB5F1758474A8C19446CF5
:1064180008C9BCF367E6096A3BA7CA8485AE67BBAF
:106428002BF894FE72F36E3CF1361D5F3AF54FA5DA
:10643800D182E6AD7F520E511F6C3E2B8C68059BB6
:106448006BBD41FBABD9831F79217E1319CDE05B6E
:10645800B0A00E4A271BEEC478E42FAD0618432FD0
:10646800A7D7FB3D99004D2B0BDFC14F8024832B11
:106478000000000000000000000000000000000014
:106488000000000000000000000000000000000004
:1064980000000000000000000000000000000000F4
:1064A8001F1C1F1E1F1E1F1F1E1F1E000100010094
:1064B800640064000000000000000000000000000C
:1064C80000000000000000000000000000000000C4
:1064D80000000000000000000000000000000000B4
:1064E80000000000000000000000000000000000A4
:1064F8000000000000000000000000000000000094
:106508000000000000000000000000000000000083
:106518000000000000000000000000000000000073
:106528000000000000000000000000000000000063
:106538000000000000000000000000000000000053
:106548000000000000000000000000000000000043
:106558000000000000000000000000000000000033
:106568000000000000000000000000000000000023
:10657800000000000100010001000A000200000004
:106588000000000000000000000000000000E80318
:1065980000000A006400E803010000000100010097
:1065A80000000000000001000000000001000000E1
:1065B800E803E80301000100640001000000000096
:1065C80000000000000000000100010102020000BC
:1065D80000000000000000000000000000000000B3
:1065E80000000000000000000000000000000000A3
:1065F8000000000000000000000000000000000093
:106608000000000000000000000000000000000082
:106618000000000000000000000000000000000072
:10662800000000000000000000000000000004025C
:106638000102010000000000000000060002020242
:106648000400010200000002000002000404020429
:10665800060309000000000001000000000000001F
:1066680000000000075B0108095B0108000000004A
:1066780000000000E35B0108FB5B0108A9DF0008DC
:10668800955C01086F5C0108915D01081B5C0108BD
:1066980053D8010875D801082F002E2E006C697494
:1066A800746C656673000000000000006410B71D7C
:1066B800C8206E3BAC30D9269041DC76F4516B6B28
:1066C8005861B24D3C7105502083B8ED44930FF0EA
:1066D800E8A3D6D68CB361CBB0C2649BD4D2D386A0
:1066E80078E20AA01CF2BDBD22AE28D7982F8A42B4
:1066F800CD65EF23914437712F3B4DECCFFBC0B5EF
:10670800BCDB8981A5DBB5E938B548F35BC25639EE
:1067180019D005B6F111F1599B4F19AFA4823F92D8
:1067280018816DDAD55E1CAB420203A398AA07D87C
:10673800BE6F7045015B83128CB2E44EBE85312476
:10674800E2B4FFD5C37D0C556F897BF2745DBE72D0
:10675800B196163BFEB1DE803512C725A706DC9B35
:10676800942669CF74F19BC1D24AF19EC1699BE41A
:10677800E3254F388647BEEFB5D58C8BC69DC10F34
:10678800659CAC77CCA10C2475022B596F2CE92D94
:1067980083E4A66EAA84744AD4FB41BDDCA9B05C2C
:1067A800B5531183DA88F976ABDF66EE52513E981D
:1067B8001032B42D6DC631A83F21FB98C82703B00D
:1067C800E40EEFBEC77F59BFC28FA83DF30BE0C6EA
:1067D80025A70A934791A7D56F8203E05163CA069C
:1067E800706E0E0A67292914FC2FD246850AB7272E
:1067F80026C9265C38211B2EED2AC45AFC6D2C4D67
:10680800DFB3959D130D3853DE63AF8B54730A6560
:10681800A8B2773CBB0A6A76E6AEED472EC9C281BC
:106828003B358214852C72926403F14CA1E8BFA217
:10683800013042BC4B661AA89197F8D0708B4BC2B6
:1068480030BE5406A3516CC71852EFD619E892D13E
:1068580010A96555240699D62A20715785350EF456
:10686800B8D1BB3270A06A10C8D0D2B816C1A4196A
:1068780053AB4151086C371E99EB8EDF4C77482794
:10688800A8489BE1B5BCB034635AC9C5B30C1C39E0
:10689800CB8A41E34AAAD84E73E363774FCA9C5B1D
:1068A800A3B8B2D6F36F2E68FCB2EF5DEE828F7498
:1068B800602F17436F63A57872ABF0A11478C88472
:1068C800EC39641A0802C78C281E6323FAFFBE90AD
:1068D800E9BD82DEEB6C50A41579C6B2F7A3F9BE08
:1068E8002B5372E3F27871C69C6126EACE3E27CA22
:1068F80007C2C021C7B886D11EEBE0CDD67DDAEA43
:1069080078D16EEE7F4F7DF5BA6F1772AA67F006E1
:10691800A698C8A2C57D630AAE0DF9BE04983F11BA
:106928001B471C13350B711B847D0423F577DB286B
:106938009324C7407BABCA32BCBEC9150ABE9E3C75
:106948004C0D109CC4671D43B6423ECBBED4C54C0B
:106958002A7E65FC9C297F59ECFAD63AAB6FCB5F4F
:106968001758474A8C19446C853B8C01BDF124FFAC
:10697800F825C30160DC3700B74C3EFFC3423D0039
:10698800324CA401E1A44CFF4C3DA3FF753E1F000F
:10699800519140FF76410E00A273D6FF068A2E0061
:1069A8007CE6F4FF0A8A8F00341AC200B8F44C005F
:1069B800818F2901BEF413FF7BAA7AFF628144000C
:1069C80079D5930056651EFFA1679B008C5943FF3C
:1069D800EFE5BE01430BB500C6F089FEEE45BCFFEE
:1069E800EA713CFF25FF39FF45B2B6FE80D0B300FF
:1069F800761A7DFE0307D6FFF1324DFF55CBC5FF52
:106A0800D387FAFF193064FFBBD5B4FE115869006B
:106A180053D19E010573620004AE3CFEAB376EFF96
:106A2800D9B511FF14BCAA00929C66FE57D6AEFFDA
:106A3800727A9B01E92CAA007F08EF01D6ECEA00E4
:106A4800AF05DB00316A3DFF0642D0FF026A6EFFE8
:106A580051EA13FFD76BC0FF4397EE00132A6CFF70
:106A6800E5557101324487FF116A0900326701FF59
:106A78005001A80123981EFF10A8B9013859E8FF52
:106A880065D2FC0029FA4700CCAA4FFF0E2EEFFF73
:106A9800504DEF00BDD64BFF118DF90026504CFF2D
:106AA800BE55750056E4AA009CD8D001C3CFA4FFF8
:106AB80096424CFFAFE110FF8D5062014CDBF200B3
:106AC800C6A272002EDA98009B2BF1FE9BA068FFED
:106AD800B209FCFE646ED4000E05A700E9EFA3FF1F
:106AE8001C979D0165920AFFFE9E46FE47F9E40049
:106AF800581E3200443AA0FFBF186801814281FF46
:106B0800C03255FF08B38AFF26FAC9007350A000A7
:106B180083E671007D5893005A44C700FD4C9E00DF
:106B28001CFF760071FAFE00424B2E00E6DA2B00BD
:106B3800E578BA0194442B00887CEE01BB6BC5FF55
:106B48005435F6FF3374FEFF33BBA5000211AF00C6
:106B58004254A001F73A1E00234135FE45ECBF0020
:106B68002D86F501A37BDD00206E14FF3417A500E8
:106B7800BAD64700E9B06000F2EF360139598A0009
:106B8800530054FF88A064005C8E78FE687CBE00C9
:106B9800B5B13EFFFA29550098822A0160FCF6003B
:106BA80097973FFEEF853E0020389C002DA7BDFF3C
:106BB8008E85B3018356D300BBB396FEFAAA0EFFA7
:106BC800447115FFDEBA3BFF4207F1014506480054
:106BD800569C6CFE37A759006D34DBFE0DB017FFCD
:106BE800C42C6AFFEF9547FFA48C7DFF9FAD010081
:106BF8003329E700913E21008A6F5D01B9534500B2
:106C080090732E00619710FF18E41A0031D9E20042
:106C1800714BEAFEC1990CFFB63060FF0E0D1A00E9
:106C280080C3F9FE45C13B00842551FE7D6A3C00C6
:106C3800D6F0A901A4E34200D2A34E002534970060
:106C4800634D1A00EE9CD5FFD5C0D101492E5400E2
:106C58001441290136CE4F00C98392FEAA6F18FF4E
:106C6800B12132FEAB26CBFF4EF77400D1DD99007F
:106C78008580B2013A2C1900C9273B01BD13FC00DD
:106C880031E5D20175BB7500B5B3B8010072DB0000
:106C9800305E9300F52938007D0DCCFEF4AD770009
:106CA8002CDD20FE54EA1400F9A0C601EC7EEAFFB0
:106CB8008F3EDD008159D6FF378B05FE4414BFFF98
:106CC8000ECCB20123C3D9002F33CE0126F6A5007E
:106CD800CE1B06FE9E572400D93492FF7D7BD7FF3A
:106CE800553C1FFFAB0D0700DAF558FEFC233C00AE
:106CF80037D6A0FF85653800E02013FE9340EA00F0
:106D08001A91A20172767D00F8FCFA00655EC4FF54
:106D1800C68DE2FE332AB600870C09FE6DACD2FFA1
:106D2800C5ECC201F1419A00309C2FFF994337FF0F
:106D3800DAA522FE4AB4B300DA424701587A630062
:106D4800D4B5DBFF5C2AE7FFEF009A00F54DB7FFEB
:106D58005E51AA0112D5D800AB5D4700345EF80039
:106D68001297A1FEC5D142FFAEF40FFEA230B700C4
:106D7800313DF0FEB65DC300C7E40601C80511FF4A
:106D8800892DEDFF6C9404005A4FEDFF273F4DFF0E
:106D98003552CF018E1676FF65E812015C1A430062
:106DA80005C858FF21A88AFF95E1480002D11BFFBA
:106DB8002CF5A801DCED11FF1ED369FE8DEEDD0078
:106DC8008050F5FE6FFE0E00DE5FBE01DF09F100A8
:106DD800924CD4FF6CCD68FF3F7599009045300008
:106DE80023E46F00C021C1FF70D6BEFE73989700E0
:106DF80017665800334AF800E2C78FFECCA265FF39
:106E0800D061BD01F5681200E6F61EFF1794450033
:106E18006E5834FEE2B559FFD02F5AFE72A150FFCA
:106E28002174F800B39857FF4590B10158EE1AFF46
:106E38003A207101014D45003B7934FF98EE53002B
:106E48003408C100E727E9FFC7228A00DE44AD0005
:106E58005B39F2FEDCD27FFFC007F6FE9723BB004A
:106E6800C3ECA5006F5DCE00D4F785019A85D1FFEC
:106E78009BE70A00404E26007AF964011E1361FF61
:106E88003E5BF901F8854D00C53FA8FE740A520023
:106E9800B8EC71FED4CBC2FF3D64FCFE2405CAFFEA
:106EA800775B99FF814F1D006767ABFEEDD76FFFDA
:106EB800D8354500EFF01700C295DDFF26E1DE006A
:106EC800E8FFB4FE765285FF39D1B1018BE8850021
:106ED8009EB02EFEC2732E0058F7E5011C67BF0056
:106EE800DDDEAFFE95EB2C0097E419FEDA6967004A
:106EF8008E55D2009581BEFFD5415EFE7586E0FFB6
:106F080052C675009DDDDC00A3652400C57225000E
:106F180068ACA6FE0BB600005148BCFF61BC10FF70
:106F280045060A00C79391FF0809730141D6AFFFD0
:106F3800D9ADD100507FA600F7E504FEA7B77CFFC6
:106F48005A1CCCFEAF3BF0FF0B29F8016C2833FF2D
:106F580090B1C3FE96FA7E008A5B4101783CDEFF61
:106F6800F5C1EF001DD6BDFF80021900509AA2009E
:106F78004DDC6B01EACD4AFF36A667FF744809006D
:106F8800E45E2FFF1EC819FF23D659FF3DB08CFFC2
:106F980053E2A3FF4B82AC00802611005F8998FF63
:106FA800D77C9F014F5D000094529DFEC382FBFF7A
:106FB80028CA4CFFFB7EE0009D633EFECF07E1FF41
:106FC8006044C3008CBA9DFF8313E7FF2A80FE004C
:106FD80034DB3DFE66CB48008D070BFFBAA4D50015
:106FE8001F7A770085F29100D0FCE8FF5BD5B6FFE9
:106FF8008F04FAFEF9D74A00A51E6F01AB09DF001E
:10700800E57B22015C821AFF4D9B2D01C38B1CFF7F
:107018003BE04E008811F7006C7920004FFABDFF65
:1070280060E3FCFE26F13E003EAE7DFF9B6F5DFFF8
:107038000AE6CE0161C528FF003139FE41FA0D008C
:1070480012FB96FFDC6DD2FF05AEA6FE2C81BD00BB
:10705800EB2393FF25F78DFF488D04FF676BFF0037
:10706800F75A0400352C2A00021EF000043B3F00AA
:10707800584E240071A7B400BE47C1FFC79EA4FFA5
:107088003A08AC004D210C00413F0300994D21FF07
:10709800ACFE6601E4DD04FF571EFE01922956FF8F
:1070A8008ACCEFFE6C8D11FFBBF28700D2D07F0037
:1070B800442D0EFE49603E00513C18FFAA0624FFED
:1070C80003F91A0023D56D00168136FF1523E1FF59
:1070D800EA3D38FF3AD906008F7C5800EC7E420022
:1070E800D126B7FF22EE06FFAE9166005F16D300E9
:1070F800C40F99FE2E54E8FF75229201E7FA4AFF61
:107108001B8664015CBBC3FFAAC67000781C2A00FA
:10711800D14643001D511F001DA86401A9ADA00060
:107128006B2375003E603BFF510C450187EFBEFFA6
:10713800DCFC1200A3DC3AFF8989BCFF53666D00B2
:1071480060064C00EADED2FFB9AECD013C9ED5FF09
:107158000DF1D600AC818C005D68F200C09CFB008C
:107168002B751E00E1519E007FE8DA00E21CCB007F
:10717800E91B97FF752B05FFF20E2FFF2114060060
:1071880089FB2CFE1B1FF5FFB7D67DFE28799500DD
:10719800BA9ED5FF5908E300455800FECB87E100A9
:1071A800C9AECB009347B800127929FE5E054E00A0
:1071B800E0D6F0FE2405B400FB87E701A38AD400DB
:1071C800D2F974FE5881BB00130831FE3E0E90FFC1
:1071D8009F4CD300D63352006D75E4FE67DFCBFFBA
:1071E8004BFC0F019A47DCFF170D5B018DA860FF70
:1071F800B5B68500FA333700EAEAD4FEAF3F9E0001
:1072080027F034019EBD24FFD528550120B4F7FF8F
:1072180013661A01541861FF4515DE00948B7AFF36
:10722800DCD5EB01E8CBFF0079399300E3079A003E
:10723800351693014801E100528630FE533C9DFF0C
:107248009148A9002267EF00C6E92F00741304FFD4
:10725800B86A09FFB781530024B0E60122674800E5
:10726800DBA28600F52A9E00209560FEA52C9000E2
:10727800CAEF48FED79605002A42240184D7AF00FA
:1072880056AE56FF1AC59CFF31E887FE67B6520016
:10729800FD80B00199B27A00F5FA0A00EC18B20044
:1072A800896A8400281D2900321E98FF7C692600FF
:1072B800E6BF4B008F2BAA002C8314FF2C0D17FF61
:1072C800EDFF9B019F6D64FF70B518FF68DC6C00D3
:1072D80037D38300630CD5FF989791FFEE059F0085
:1072E800619B0800216C5100010367003E6D22FF7D
:1072F800FA9BB4002047C3FF264691019F5FF50023
:1073080045E56501881CF0004FE019004E6E79FFD5
:10731800F8A87C00BB80F7000293EBFE4F0B8400BB
:10732800463A0C01B508A3FF4F8985FF25AA0BFF34
:107338008DF355FFB0E7D7FFCC96A4FFEFD727FF13
:107348002E579CFE08A358FFAC22E800422C66FF8B
:107358001B3629FEEC6357FF297BA90134722B00E9
:10736800758628009B861A00E7CF5BFE238426FFDC
:1073780013667DFE24E385FF760371FF1D0D7C00F7
:1073880098604A015892CEFFA7BFDCFEA21258FFB0
:10739800B66417001F753400512E6A010C020700ED
:1073A8004550C901D1F6AC000C308D01E0D358002E
:1073B80074E29F007A62820041ECEA01E1E209FF8F
:1073C800CFE27B0159D63B00708758015AF4CBFFB6
:1073D800310B2601816CBA0059700F01652ECCFF64
:1073E8007FCC2DFE4FFFDDFF334912FF7F2A65FF5B
:1073F800F115CA00A0E307006932EC004F34C5FF5D
:1074080068CAD001B40F100065C54EFF624DCB00AD
:1074180029B9F10123C17C00239B17FFCF35C00098
:107428000B7DA301F99EB9FF04833000155D6FFF42
:107438003D79E70145C824FFB930B9FF6FEE15FF64
:10744800273219FF63D7A3FF57D41EFFA49305FF64
:10745800800623016CDF6EFFC24CB2004A65B4009F
:10746800F32F3000AE192BFF52ADFD013672C0FF6D
:1074780028375B00D76CB0FF0B380700E0E94C00F9
:10748800D162CAFEF2197D002CC15DFECB08B100A5
:1074980087B013007047D5FFCE3BB00104431A00F4
:1074A8000E8FD5FE2A37D0FF3C437800C115A300C4
:1074B80063A473000A1476009CD4DEFEA007D9FFEB
:1074C80072F54C01753B7B00B0C256FED50FB0007B
:1074D8004ECECFFED5813B00E9FB1601603798FF01
:1074E800ECFF0FFFC55954FF5D958500AEA07100F4
:1074F800EA63A9FF9874580090A453FF5F1DC6FF64
:10750800222F0FFF637886FF05ECC100F9F77EFF95
:1075180093BB1E0032E675FF6CD9DBFFA351A6FFB3
:107528004819A9FE9B794FFF1C9B59FE077E110045
:10753800934121012FEAFD001A3312006953C7FF56
:10754800A3C4E60071F8A400E2FEDA00BDD1CBFFC7
:10755800A4F7DEFEFF23A50004BCF3017FB34700B8
:1075680025EDFEFF64BAF000053947FE674849FF7C
:10757800F41251FEE5D284FFEE06B4FF0BE5AEFF30
:10758800E3DDC00111311C00A3D7C4FE097604FF56
:1075980033F0470071816DFF4CF0E700BCB17F000C
:1075A8007D472C011AAFF3005EA919FE1BE61D00EA
:1075B8000F8B7701A8AABAFFACC54CFFFC4BBC00E7
:1075C800897CC400481660FF2D97F901DC9164009E
:1075D80040C09FFF78EFE20081B2920000C07D00BA
:1075E800EB8AEA00B79D920053C7C0FFB8AC48FFCA
:1075F80049E180004D06FAFFBA41430068F6CF0022
:10760800BC208AFFDA18F200438A51FEED8179FF27
:1076180014CF960129C710FF061480009F76050035
:10762800B5108FFFDC260F00174093FE491A0D0096
:1076380057E43901CC7C80002B18DF00DB63C700DE
:10764800164B14FF131B7E009D3ED7006E1DE600EF
:10765800B3A7FF0136FCBE00DDCCB6FEB39E41FFEA
:10766800519D0300C2DA9F00AADF0000E00B20FF53
:1076780026C56200A8A4250017580701A4BA6E0001
:1076880060248600EAF2E500FA791300F2FE70FF42
:10769800032F5E0109EF06FF518699FED6FDA8FF6C
:1076A800437CE000F55F4A001C1E2CFE016DDCFFE8
:1076B800B2595900FC244C0018C62EFF4C4D6F00DF
:1076C80086EA88FF275E1D00B948EAFF464487FF1F
:1076D800E76607FE4DE78C00A72F3A01946176FF15
:1076E800101BE101A6CE8FFF6EB2D6FFB483A200B5
:1076F8008F8DE1010DDA4EFF729921016268CC008D
:10770800AF727501A7CE4B00CAC453013A4043007B
:107718008A2F6F01C4F780FF89E0E0FE9E70CF00DA
:107728009A64FF0186256B00C6804FFF7FD19BFFBF
:10773800A3FEB9FE3C0EF3001FDB70FE1DD941000D
:10774800C80D74FE7B3CC4FFE03BB8FEF259C40090
:107758007B104BFE9510CE0045FE3001E774DFFF2D
:10776800D1A04101C850620025C2B8FE943F220052
:107778008BF041FFD99084FF38262DFEC778D200C0
:107788006CB1A6FFA0DE0400DC7E77FEA56BA0FF2F
:1077980052DCF801F1AF8800908D17FFA98A5400D8
:1077A800A0894EFFE27650FF341B84FF3F608BFFB9
:1077B80098FA2700BC9B0F00E83396FE280FE8FFD5
:1077C800F0E509FF89AF1BFF4B496101DAD40B00D3
:1077D8008705A2016BB9D50002F96BFF28F24600B4
:1077E800DBC81900199D0D00435250FFC4F917FF5B
:1077F80091149500324892005E4C940118FB4100A8
:107808001FC01700B8D4C9FF7BE9A201F7AD480033
:10781800A257DBFE7E8659009F0B0CFEA6691D0051
:10782800491BE4017178B7FF42A36D01D48F0BFFA8
:107838009FE7A801FF805A00390E3AFE59340AFF23
:10784800FD08A3010091D2FF0A8155012EB51B0046
:107858006788A0FE7EBCD1FF22236F00D7DB18FF0C
:10786800D40BD6FE65057600E8C585FFDFA76DFF5A
:10787800ED5056FF468B5E009EC1BF019B0F33FF44
:107888000FBE73004E87CFFFF90A1B01B57DE900D3
:107898005FAC0DFEAAD5A1FF27EC8AFF5F5D57FFFD
:1078A800BE805F007D0FCE00A6969F00E30F9EFF6F
:1078B800CE9E78FF2A8D800065B278019C6D83008A
:1078C800DA0E2CFEF7A8CEFFD4701C007011E4FF6E
:1078D8005A102501C5DE6C00FECF53FF095AF3FF8D
:1078E800F3F4AC001A5873FFCD747A00BFE6C100F8
:1078F800B4640B01D92560FF9A4E9C00EBEA1FFF88
:10790800CEB2B2FF95C0FB00B6FA8700F616690042
:107918007CC16DFF02D295FFA911AA0000606EFF1D
:1079280075090801327B28FFC1BD630022E3A0006E
:10793800305046FED333EC002D7AF5FE2CAE08000D
:10794800AD25E9FF9E41AB007A45D7FF5A5002FFAB
:10795800836A60FEE3728700CD3177FEB03E40FF58
:10796800523311FFF114F3FF820D08FE80D9F3FFA3
:10797800A21B01FE5A76F100F6C6F6FF371076FF15
:10798800C89F9D00A31101008C6B790055A176FF5B
:10799800260095009C2FEE0009A6A6014B62B5FFB4
:1079A800324A1900420F2F008BE19F004C038EFFD3
:1079B8000EEEB8000BCF35FFB7C0BA01AB20AEFF53
:1079C800BF4CDD01F7AADB0019AC32FED909E9008A
:1079D800CB7E44FFB75C30007FA7B7014131FE0082
:1079E800103F7F01FE15AAFF3BE07FFE16303FFFE8
:1079F8001B4E82FE28C31D00FA8470FE23CB900024
:107A080068A9A800CFFD1EFF682826FE5EE458007E
:107A1800CE1080FFD4377AFFDF16EA00DFC57F007B
:107A2800FDB5B50191667600EC9924FFD4D948FFDD
:107A3800142618FE8A3E3E00988C0400E6DC63FF9C
:107A48000115D4FF94C9E700F47B09FE00ABD2000E
:107A5800333A25FF01FF0EFFF4B791FE00F2A600AE
:107A6800164A840079D829005FC372FE851897FFEB
:107A78009CE2E7FFF7054DFFF69473FEE15C51FFCA
:107A8800DE50F6FEAA7B59FF4AC78D001D1408FF79
:107A98008A8846FF5D4B5C00DD9331FE347EE20050
:107AA800E57C17002E09B500CD40340183FE1C008B
:107AB800979ED40083404E00CE19AB0000E68B00A1
:107AC800BFFD6EFE67F7A700402828012AA5F1FF31
:107AD8003B4BE4FE7CF3BDFFC45CB2FF828C56FFD7
:107AE8008D59380193C605FFCBF89EFE90A28D00F4
:107AF8000BACE200822A15FF01A78FFF902424FF18
:107B08003058A4FEA8AADC006247D6005BD04F001C
:107B18009F4CC901A62AD6FF45FF00FF06807DFFBE
:107B2800BE018C009253DAFFD7EE48017A7F350008
:107B3800BD74A5FF540842FFD603D0FFD56E85005B
:107B4800C3A82C019EE74500A240C8FE5B3A680026
:107B5800B63ABBFEF9E48800CB864CFE63DDE9004B
:107B68004BFED6FE50459A004098F8FEEC88CAFFB6
:107B78009D6999FE95AF1400162313FF7C79E900DF
:107B8800BAFAC6FE84E58B008950AEFFA57D440095
:107B980090CA94FEEBEFF80087B87600655E11FF97
:107BA8007A4846FE458292007FDEF801457F76FFDF
:107BB8001E52D7FEBC4A13FFE5A7C2FE751942FF45
:107BC80041EA38FED5169C00973B5DFE2D1C1BFF35
:107BD800BA7EA4FF2006EF007F726301DB3402FF48
:107BE8006360A6FE3EBE7EFF6CDEA8014BE2AE00DF
:107BF800E6E2C7003C75DAFFFCF81401D6BCCC00FD
:107C08001FC286FE7B45C0FFA9AD24FE37625B001C
:107C1800DF2A66FE890166009D5A1900EF7A40FF47
:107C2800FC06E900073614FF5274AE00872536FFBC
:107C38000FBA7D00E370AFFF64B4E1FF2AEDF4FFF3
:107C4800F4ADE2FEF8122100AB6396FF4AEB32FF77
:107C5800755220FE6AA8ED00CF6DD001E409BA0084
:107C6800873CA9FEB35C8F00F4AA68FFEB2D7CFF6C
:107C78004663BA007589B700E01FD7002809640079
:107C88001A105F0144D95700089714FF1A643AFF85
:107C9800B0A5CB01347646000720FEFEF4FEF5FFC2
:107CA800A790C2FF7D7117FFB079B5008854D10045
:107CB8008A061EFF59301C00219B0EFF19F09A00FE
:107CC8008DCD6D0146733EFF14286BFE8A9AC7FF5F
:107CD8005EDFE2FF9DAB2600A3B119FE2D7603FF00
:107CE8000EDE1701D1BE51FF767BE8010DD565FF89
:107CF8007B377BFE1BF6A50032634CFF8CD620FF3A
:107D0800614143FF180C1C00AE564E0140F760005D
:107D1800A08743004237F3FF93CC60FF1A0621FF88
:107D28006233530199D5D0FF02B836FF19DA0B0038
:107D38003143F6FE129548FF0D1948002A4FD60028
:107D48002A0426011B8B90FF95BB170012A4840000
:107D5800F554B8FE78C668FF7EDA60003875EAFF29
:107D68000D1DD6FE442F0AFFA79A84FE9826C6004A
:107D780042B259FFC82EABFF0D6353FFD2BBFDFFC4
:107D8800AA2D2A018AD17C00D6A28D000CE69C007F
:107D9800662470FE0393430034D77BFFE9AB36FFBC
:107DA80062893E00F7DA27FFE7DAEC00F7BF7F00C9
:107DB800C3925400A5B05CFF13D45EFF114AE300E0
:107DC80058289901C69301FFCE43F5FEF003DAFF68
:107DD8003D8DD5FF61B76A00C3E8EBFE5F569A0098
:107DE800D130CDFE76D1F1FFF078DF01D51D9F00AF
:107DF800A37F93FF0DDA5D00551844FE461450FF2B
:107E0800BD058C015261FEFF6363BFFF845485FF8B
:107E18006BDA74FF707A2E0069112000C2A03FFF50
:107E280044DE2701D8FD5C00B169CDFF95C9C300C8
:107E38002AE10BFF28A2730009075100A5DADB002D
:107E4800B41600FE1D92FCFF92CFE101B4876000DA
:107E58001FA37000B10BDBFF850CC1FE2B4E320057
:107E6800417179013BD906FF6E5E180170AC6F0055
:107E7800070F600024557B00479615FFD049BC00CA
:107E8800C00BA701D5F5220009E65C00A28E27FFEA
:107E9800D75A1B00626159005E4FD3005A9DF0000B
:107EA8005FDC7E0166B0E200241EE0FE231F7F0037
:107EB800E7E8730155538200D249F5FF2F8F72FF0F
:107EC8004441C5003B483EFFB785ADFE5D7976FF6E
:107ED8003BB151FFEA45ADFFCD80B100DCF4330082
:107EE8001AF4D10149DE4DFFA30860FE9695D30030
:107EF8009EFECB01367F8B00A1E03B00046D16FF90
:107F0800DE2A2DFFD09266FFEC8EBB0032CDF5FF46
:107F18000A4A59FE304F8E00DE4C82FF1EA63F00F3
:107F2800EC0C0DFF31B8F400BB716600DA65FD009A
:107F38009939B6FE20962A0019C69201EDF138004B
:107F48008C4405005BA4ACFF4E91BAFE4334CD00CF
:107F5800DBCF81016D731100368F3A0115F878FF78
:107F6800B3FF1E00C1EC42FF01FF07FFFDC030FF59
:107F78001345D90103D600FF40659201DF7D23FF39
:107F8800EB49B3FFF9A7E200E1AF0A0161A23A00A9
:107F98006A70AB0154AC05FF858CB2FF86F58E0084
:107FA800615A7DFFBACBB9FFDF4D17FFC05C6A008D
:107FB8000FC673FFD998F800ABB278FFE486350096
:107FC800B036C101FAFB3500D50A640122C76A0040
:107FD800971FF4FEACE057FF0EED17FFFD551AFF93
:107FE8007F2774FFAC686400FB0E46FFD4D08AFF7D
:107FF800FDD3FA00B031A5000F4C7BFF25DAA0FFB6
:108008005C8710010A7E72FF4605E0FFF7F98D00D4
:1080180044143C01F1D2BDFFC3D9BB0197037100E1
:10802800975CAE00E73EB2FFDBB7E100171721FF10
:10803800CDB5500039B8F8FF43B401FF5A7B5DFF56
:108048002700A2FF60F834FF54428C00227FE4FF2F
:10805800C28A0701A66EBC0015119B019ABEC6FF15
:10806800D6503BFF12078F00481DE201C7D9F9001F
:10807800E8A1470195BEC900D9AF5FFE719343FFE0
:108088008A8FC7FF7FCC01001DB65301CEE69BFF48
:10809800BACC3C000A7D55FFE86019FFFF59F7FF8D
:1080A800D5FEAF01E8C151001C2B9CFE0C45080011
:1080B8009318F80012C63100863C230076F612FFAA
:1080C8003158FEFEE415BAFFB6417001DB1601FF18
:1080D800167E34FFBD3531FF70198F00267F37FFBC
:1080E800E265A3FED0853DFF8945AE01BE7691FFCE
:1080F8003C62DBFFD90DF5FFFA880A0054FEE20066
:10810800C91F7D01F033FBFF1F8382FF028A32FF04
:10811800D7D7B101DF0CEEFFFC9538FF7C5B44FF3D
:10812800487EAAFE77FF64008287E8FF0E4FB20000
:10813800FA83C5008AC6D00079D88BFE771224FF4F
:108148001DC17A00102A2DFFD5F0EB01E6BEA9FF6C
:10815800C623E4FE6EAD4800D6DDF1FF38948700F3
:10816800C0754EFE8D5DCFFF8F419500151262FFE1
:108178005F2CF4016ABF4D00FE5508FED66EB0FFB5
:1081880049AD13FEA0C4C7FFED5A9000C1AC71FF02
:10819800C89B88FEE45ADD0089314A01A4DDD7FF77
:1081A800D1BD05FF69EC37FF2A1F8101C1FFEC0033
:1081B8002ED93C008A58BBFFE252ECFF514597FF8D
:1081C8008EBE10010D8608007F7A30FF51409C005A
:1081D800ABF38B00ED23F6007A8FC1FED47A9200C0
:1081E8005F29FF0157844D0004D41F00111F4E0062
:1081F800272DADFE188ED9FF5F0906FFE353060051
:10820800623B82FE3E1E21000873D301A26180FFFB
:1082180007B817FE741CA8FFF88A97FF62F4F000ED
:10822800BA76820072F8EBFF69ADC801A07C47FFFF
:108238005E24A401AF4192FFEEF1AAFECAC6C500B2
:10824800E4478AFE2DF66DFFC2349E0085BBB00060
:1082580053FC9AFE59BDDDFFAA49FC00943A7D0003
:10826800244433FE2A45B1FFA84C56FF2664CCFFB0
:1082780026352300AF136100E1EEFDFF5151870061
:10828800D21BFFFEEB496B0008CF7300527F8800BA
:10829800546315FECF13880064A4650050D04DFFC9
:1082A80084CFEDFF0F030FFF21A66E009C5F55FFE3
:1082B80025B96F01966A23FFA6974C00725787FF6E
:1082C8009FC240000C7A1FFFE80765FEAD77620089
:1082D8009A47DCFEBF3935FFA8E8A0FFE02063FF1E
:1082E800DA9CA5009799A300D90D9401C57159008E
:1082F800951CA1FECF171E006984E3FF36E65EFFDA
:1083080085ADCCFF5CB79DFF5890FCFE66215A00F6
:108318009F610300B5DA9BFFF07277006AD635FFDC
:10832800A5BE7301985BE1FF586A2CFFD03D710030
:1083380097347C00BF1B9CFF6E36EC010E1EA6FF17
:10834800277FCF01E5C71C00BCE4BCFE649DEB00A1
:10835800F6DAB7016B16C1FFCEA05F004CEF9300B1
:10836800CFA1750033A602FF34750AFE4938E3FF32
:1083780098C1E100845E88FF65BFD100206BE5FFEE
:10838800C62BB40164D27600724399FF17581AFFBE
:10839800599A5C01DC788CFF9072CFFFFC73FAFF6E
:1083A80022CE48008A857FFF08B27C01574B6100C6
:1083B8000FE55CFEF04383FF767BE3FE927868FF6F
:1083C80091D5FF0181BB46FFDB7736000113AD0075
:1083D8002D969401F8534800CBE9A9018E6B38001B
:1083E800F7F926012DF250FF1EE96700605246009A
:1083F80017C96F0051271EFFA1B74EFFC2EA21FF20
:1084080044E38CFED8CE7400461BEBFF68904F0007
:10841800A4E65DFED6879C009ABBF2FEBC1483FFDF
:10842800246DAE009F70F100056E950124A5DA0059
:10843800A61D1301B22E49005D2B20FEF8BDED00EC
:10844800669B8D00C95DC3FFF18BFDFF0F6F62FF57
:108458006C41A3FE9B4FBEFF49AEC1FEF62830FF1C
:108468006B580BFECA6155FFFDCC12FF71F242003A
:108478006EA0C2FED012BA0051153C00BC68A7FF1E
:108488007CA661FED2858E0038F289FE296F8200B3
:108498006F973A016FD58DFFB7ACF1FF2606C4FF81
:1084A800B9077BFF2E0BF600F56977010F02A1FFD4
:1084B80008CE2DFF12CA4AFF537C7301D48D9D004C
:1084C8005308D1FE8B0FE8FFAC36ADFE32F78400BF
:1084D800D6BDD50090B86900DFFEF800FF93F0FF25
:1084E80017BC480007333600BC19B4FEDCB400FFE3
:1084F80053A01400A3BDF3FF3AD1C2FF57493C0073
:108508006A183100F5F9DC0016ADA700760BC3FF39
:10851800137EED006E9F25FF3B522F00B4BB560023
:10852800BC94D001642585FF0770C10081BC9CFF05
:10853800546A81FF85E1CA000EEC6FFF28146500BC
:10854800ACAC31FE33364AFFFBB9B8FF5D9BE0FFA8
:10855800B4F9E001E6B29200483936FEB23EB800FE
:1085680077CD4800B9EFFDFF3D0FDA00C44338FF6F
:10857800EA20AB012EDBE400D06CEAFF143FE8FFF1
:10858800A535C70185E405FF34CD6B004AEE8CFFA5
:10859800969CDBFEEFACB2FFFBBDDFFE208ED3FF67
:1085A800DA0F8A01F1C450001C2462FE16EAC700E3
:1085B8003DEDDCFFF63925008E118EFF9D3E1A0039
:1085C8002BEE5FFE03D906FFD519F00127DCAEFFBD
:1085D8009ACD30FE130DC0FFF42236FE8C109B009E
:1085E800F0B505FE9BC13C00A68004FF249138FF2E
:1085F80096F0DB007833910052992A018CEC9200B6
:108608006B5CF801BD0A03003F88F200D32718000D
:1086180013CAA101AD1BBAFFD2CCEFFE29D1A2FF2C
:10862800B6FE9FFFAC743400C367DEFECD453B0049
:1086380035162901DA30C20050D2F200D2BCCF0080
:10864800BBA1A1FED811010088E17100FAB83F0072
:10865800DF1E62FE4DA8A2003B35AF0013C90AFF1A
:108668008BE0C20093C19AFFD4BD0CFE01C8AEFFD7
:10867800328571015EB35A00ADB687005EB17100F4
:108688002B59D7FF88FC6AFF7B8653FE05F542FF0E
:1086980052312701DC02E0006181B1004D3B5900F5
:1086A8003D1D9B01CBABDCFF5C4E8B009121B5FFE0
:1086B800A9188D013796B3008B3C50FFDA2761006B
:1086C80002936BFF3CF84800ADE62F010653B6FF56
:1086D8001069A2FE89D451FFB4B8860127DEA4FF31
:1086E800DD69FB01EF707D003F0761003F68E3FF34
:1086F800943A0C005A3CE0FF54D4FC004FD7A80031
:10870800F8DDC7017379010024AC780020A2BBFF13
:10871800396B31FF932A15006AC62B01394A570075
:108728007ECB51FF8187C3008C1FB100DD8BC20057
:1087380003DED7008344E700B156B2FE7C97B4004D
:10874800B87C260146A31100F9FBB5012A37E300DE
:10875800E2A12C0017EC6E0033958E015D05EC004C
:10876800DAB76AFE43184D0028F5D1FFDE79990083
:10877800A5391E00537D3C0046265201E506BC0083
:108788006DDE9DFF37763FFFCD97BA00E32195FF59
:10879800FEB0F601E3B1E300226AA3FEB02B4F005E
:1087A8006A5F4E01B9F17AFFB90E3D002401CA0093
:1087B8000DB2A2FFF70B8400A1E65C014101B9FFED
:1087C800D432A5018D9240FF9EF2DA0015A47D00F7
:1087D800D58B7A0143475700CB9EB201975C2B009B
:1087E800986F05FF2703EFFFD9FFFAFFB03F47FF58
:1087F8004AF54D01FAAE12FF2231E3FFF62EFBFFD8
:108808009A2330017D9D3DFF6A244EFF61EC99005B
:1088180088BB78FF7186ABFF13D5D9FED85ED1FF30
:10882800FC053D005E03CA00031AB7FF40BF2BFFDB
:108838001E171500818D4DFF66780701C24C8C000C
:10884800BCAF34FF11519400E8563701E130AC0059
:10885800862A2AFFEE322F00A912FE00149357FF32
:108868000EC3EFFF45F71700EEE580FFB13170004A
:10887800A862FBFF7947F800F30891FEF6E399FF39
:10888800DBA9B1FEFB8BA5FF0CA3B9FFA428ABFFA6
:10889800999F1BFEF36D5BFFDE18700112D6E7008F
:1088A8006B9DB5FEC39300FFC26368FF598CBEFF82
:1088B800B1427EFE6AB9420031DA1F00FCAE9E006A
:1088C800BC4FE601EE29E000D4EA0801880BB500A8
:1088D800A67553FF44C35E002E84C900F098580063
:1088E800A43945FEA0E02AFF3BD743FF77C38DFF9D
:1088F80024B479FECF2F08FFAED2DF0065C544FF50
:10890800FF528D01FA89E900615685011050450032
:1089180084839F00745D64002D8D8B0098AC9DFF4F
:108928005A2B5B0047992E00271070FFD98861FFEA
:10893800DCC619FEB1353100DE5886FF800F3C00D9
:10894800CFC0A9FFC074D1FF6A4ED301C8D5B7FF05
:10895800070C7AFEDECB3CFF216EC7FEFB6A750072
:10896800E4E10401783A07FFDDC154FE70851B007D
:10897800BDC8C9FF8B879600EA37B0FF3D3241007A
:10898800986CA9FFDC5501FF7087E300A21ABA00B2
:10899800CF60B9FEF4886B005D993201C66197001B
:1089A8006E0B56FF8F75AEFF73D4C80005CAB700AB
:1089B800EDA40AFEB9EF3E00EC7812FE627B63FF7D
:1089C800A8C9C2FE2EEAD600BF8531FF63A9770089
:1089D800BEBB230173152DFFF983480070067BFF8A
:1089E800D631B5FEA6E922005CC566FEFDE4CDFFE2
:1089F800033BC9012A622E00DB2523FFA9C32600F9
:108A08005E7CC1019C2BDF005F4885FE78CEBF00ED
:108A18007AC5EFFFB1BB4FFFFE2E0201FAA7BE00D9
:108A280054811300CB71A6FFF91FBDFE489DCAFFF4
:108A3800D04749FFCF1848000A101201D2514CFF05
:108A480058D0C0FF7EF36BFFEE8D78FFC779EAFF41
:108A5800890C3BFF24DC7BFF94B33CFEF00C1D002B
:108A680042006101241E26FF73015DFF6067E7FF76
:108A7800C59E3B01C0A4F000CACA39FF18AE300039
:108A8800594D9B012A4CD700F497E9001730510043
:108A9800EF7F34FEE38225FFF8745D017C84760065
:108AA800ADFEC00106EB53FF6EAFE701FB1CB6003D
:108AB80081F95DFE54B880004CB53E00AF80BA0025
:108AC800643588FE6D1DE200DDE93A0114634A0051
:108AD8000016A000860D1500093437FF11598C00C7
:108AE800AF223B0054A577FFE0E2EAFF0748A6FF64
:108AF8007B73FF0112D6F600FA074701D9DCB900EB
:108B0800D4234CFF267DAF00BD61D20072EE2CFF4E
:108B180029BCA9FE2DBA9A00515C160084A0C10098
:108B280079D062FF0D512CFFCB9C5200473A15FFBC
:108B3800D072BFFE322693009AD8C300651912007E
:108B48003CFAD7FFE984EBFF67AF8E01100E5C009B
:108B58008D1F6EFEEEF12DFF99D9EF0161A82FFF51
:108B6800F95510011CAF3EFF39FE3600DEE77E00E6
:108B7800A62D75FE12BD60FFE44C3200C8F45E00FD
:108B8800C6987801442245FF0C41A0FE65135A009F
:108B9800A7C578FF4436B9FF29DABC0071A83000B0
:108BA8005869BD011A5220FFB95DA401E4F0EDFF38
:108BB80042B63500ABC55CFF6B09E901C77890FF89
:108BC8004E310AFF6DAA69FF5A041FFF1CF471FF9A
:108BD8004A3A0B003EDCF6FF799AC8FE90D2B2FF03
:108BE8007E3981012BFA0EFF656F1C012F56F1FFAC
:108BF8003D4696FF354905FF1E1A9E00D11A5600BC
:108C08008AED4A00A45FBC008E3C1DFEA274F8FFEA
:108C1800BBAFA00097121000D16F41FECB8627FF93
:108C2800586C31FF831A47FFDD1BD7FE68695DFF6B
:108C38001FEC1FFE8700D3FF8F7F6E01D449E5002C
:108C4800E943A7FEC301D0FF8411DDFF33D95A00E1
:108C580043EB32FFDFD28F00B3358201E96AC600E9
:108C6800D9ADDCFF70E518FFAF9A5DFE47CBF6FF84
:108C7800304285FF0388E6FF17DD71FEEB6FD500F4
:108C8800AA785FFEFBDD02002D829EFE695ED9FF99
:108C9800F234B4FED5442DFF68261C00F49E4C0027
:108CA800A1C860FFCF350DFFBB439400AA36F8007A
:108CB80077A2B2FF53140B002A2AC001929FA3FF88
:108CC800B7E86F004DE515FF47358F001B4C2200B4
:108CD800F6882FFFDB27B6FF5CE0C901138E0EFF75
:108CE80045B6F1FFA376F500096D6A01AAB5F7FF4D
:108CF8004E2FEEFF54D2B0FFD56B8B0027260B000A
:108D08004815960048824500CD4D9BFE8E8515007E
:108D1800476FACFEE22A3BFFB300D7012180F10088
:108D2800EAFC0D01B84F08006E1E49FFF68DBD0024
:108D3800AACFDA014A9A45FF8AF631FF9B206400E0
:108D48007D4A69FF5A553DFF23E5B1FF3E7DC1FFCE
:108D58009956BC014978D400D17BF6FE87D126FF0D
:108D6800973A2C015C45D6FF0E0C58FFFC99A6FFDC
:108D7800FDCF70FF3C4E53FFE37C6E00B460FCFFF8
:108D8800357521FEA4DC52FF29011BFF26A4A6FF8E
:108D9800A463A9FE3D9046FFC0A612006BFA4200EC
:108DA800C541320001B312FFFF6801FF2B9923FF71
:108DB800506FA8006EAFA80029692DFFDB0ECDFF0C
:108DC800A4E98CFE2B017600E943C300B2529FFF51
:108DD8008A577AFFD4EE5AFF90237CFE198CA400A0
:108DE800FBD72CFE85466BFF65E350FE5CA9370078
:108DF800D72A310072B455FF21E81B01ACD5190000
:108E08003EB07BFE208518FFE1BF3E005D4699001D
:108E1800B52A680116BFE0FFC8C88CFFF9EA25002B
:108E280095398D00C338D0FFFE8246FF20ADF0FF94
:108E38001DDCC7006E6473FF84E5F900E4E9DFFF19
:108E480025D8D1FEB2B1D1FFB72DA5FEE0617200E1
:108E58008961A8FFE1DEAC00A50D3101D2EBCCFFA2
:108E6800FC041CFE46A09700E8BE34FE53F85DFFE4
:108E78003ED74D01AFAFB3FFA03242007930D000EA
:108E88003FA9D1FF00D2C800E0BB2C0149A2520083
:108E980009B08FFF134CC1FF1D3BA701182B9A0087
:108EA8001CBEBE008DBC8100E8EBCBFFEA006DFF65
:108EB80036419F003C58E8FF79FD96FEFCE983FFA8
:108EC800C66E2901534D47FFC8163BFE6AFDF2FFE7
:108ED800150CCFFFED42BD005AC6CA01E1AC7F00B8
:108EE8003516CA0038E684000156B7006DBE2A0060
:108EF800F344AE016DE49A00C8B17A0123A0B7FF2C
:108F0800B13055FF5ADAA9FFF8984E00CAFE6E0034
:108F180006342B008E6241FF3F911600466A5D00C1
:108F2800E88A6B016EB33DFFD381DA01F2D15C00B0
:108F3800235AD901B68F6AFF7465D9FF72FADDFF2B
:108F4800ADCC06003C96A30049AC2CFFEF6E50FF59
:108F5800ED4C99FEA18CF90095E8E500851F28FFE6
:108F6800AEA477007133D60081E402FE4022F300FC
:108F78006BE3F4FFAE6AC8FF549946013223100030
:108F8800FA4AD8FEECBD42FF99F90D00E6B204FF9B
:108F9800DD29EE0076E379FF5E578CFEFE775C00F4
:108FA80049EFF6FE7557800013D391FFB12EFC00F0
:108FB800E55BF6014580F7FFCA4D3601080B09FF4E
:108FC8009960A600D9D6ADFF86C0020100CF000087
:108FD800BDAE6B018C8664009EC1F301B666AB0022
:108FE800EB9A33008E057BFF3CA85901D90E5CFF34
:108FF80013D60501D3A7FE002C06CAFE7812ECFF93
:109008000F71B8FFB8DF8B0028B177FEB67B5AFF27
:10901800B0A5B000F74DC2001BEA7800E700D6FF04
:109028003B271E007D6391FF964444018DDEF800C6
:10903800997BD2FF6E7F98FFE521D60187DDC500B9
:10904800896102000C8FCCFF5129BC00734F82FF4D
:109058005E03840098AFBBFF7C8D0AFF7EC0B3FF20
:109068000B67C60095062D00DB55BB01E612B2FF63
:1090780048B6980003C6B8FF8070E00161A1E60019
:10908800FE6326FF3A9FC5009742DB003B458FFFF2
:10909800B970F90077882FFF7B828400A8475FFFAB
:1090A80071B02801E8B9AD00CF5D7501449D6CFF32
:1090B800660593FE3161210059416FFEF71EA3FF3B
:1090C8007CD9DD0166FAD800C6AE4BFE39371200EE
:1090D800E305EC01E5D5AD00C96DDA0131E9EF0032
:1090E8001E379E0119B26A009B6FBC015E7E8C0020
:1090F800D71FEE014DF01000D5F219012647A80040
:10910800CDBA5DFE31D38CFFDB00B4FF8676A500B7
:10911800A09386FF6EBA23FFC6F32A00F392770066
:1091280086EBA30104F187FFC12EC1FE67B44FFF90
:10913800E104B8FEF27682009287B001EA6F1E0061
:109148004542D5FE29607B00795E2AFFB2BFC3FF86
:109158002E822A00755408FFE931D6FEEE7A6D009A
:1091680006475901ECD37B00F40D30FE77940E00CE
:10917800721C56FF4BED19FF91E510FE816435FF17
:10918800869678FEA89D3200174868FFE0310E00E9
:10919800FF7B16FF97B997FFAA50B80186B614004F
:1091A80029646501992110004C9A6F0156CEEAFF97
:1091B800C0A0A4FEA57B5DFF01D8A4FE4311AFFFAC
:1091C800A90B3BFF9E293DFF49BC0EFFC30689FF43
:1091D80016931DFF146703FFF682E3FF7A288000C9
:1091E800E22F18FE2324200098BAB7FF45CA1400BE
:1091F800C385C300DE33F700A9AB5E01B700A0FF4B
:1092080040CD12019C530FFFC53AF9FEFB596EFF82
:10921800320A58FE332BD80062F2C601F597710066
:10922800ABECC201C51FC7FFE5512601293B14005D
:10923800FD68E600985D0EFFF6F292FED6A9F0FFF3
:10924800F0666CFEA0A7EC009ADABC0096E9CAFFAB
:109258001B13FA01024785FFAF0C3F0191B7C60007
:10926800687873FF82FBF70011D4A7FF3E7B84FF69
:10927800F764BD009BDF98008FC521009B3B2CFF46
:10928800965DF0017F0357FF5F47CF01A75501FFA8
:10929800BC9874FF0A17170089C35D013662610024
:1092A800F000A8FF94BC7F00866B97004CFDAB00D4
:1092B8005A84C00092163600E04236FEE6BAE5FF50
:1092C80027B6C40094FB82FF41836CFE8001A00096
:1092D800A931A7FEC7FE94FFFB068300BBFE81FFF2
:1092E80055523E00B2173AFFFE840500A4D5270068
:1092F80086FC92FE253551FF9B865200CDA7EEFFD6
:109308005E2DB4FF8428A100FE6F7001364BD90092
:10931800B3E6DD01EB5EBFFF17F33001CA91CBFF67
:1093280027762AFF758DFD00FE00DE002BFB32003C
:1093380036A9EA015044D00094CBF3FE9107870088
:1093480006FE0000FCB97F00620881FF262348FF63
:10935800D324DC01281A5900A840C5FE03DEEFFF1C
:109368000253D7FEB49F69003A73C200BA746AFF09
:10937800E5F7DBFF8176C100CAAEB701A6A14800B8
:10938800C96B93FEED884A00E9E66A01696FA80097
:1093980040E01E0101E503006697AFFFC2EEE4FF5F
:1093A800FEFAD400BBED790043FB6001C51E0B003B
:1093B800B75FCC00CD598A0040DD2501FFDF1EFFD5
:1093C800B230D3FFF1C85AFFA7D160FF3982DD0060
:1093D8002E72C8FF3DB8420037B618FE6EB621009F
:1093E800ABBEE8FF725E1F0012DD08002FE7FE002B
:1093F800FF705300760FD7FFAD1928FEC0C11FFFBD
:10940800EE1592FFABC176FF65EA35FE83D4700096
:1094180059C06B0108D01B00B5D90FFFE795E800CC
:109428008CEC7E009009C7FF0C4FB5FE93B6CAFFBF
:10943800136DB6FF31D4E1004AA3CB00AFE9940025
:109448001A703300C1C109FF0F87F90096E3820043
:10945800CC00DB0118F2CD00EED075FF16F47000D9
:109468001AE522002550BCFF262DCEFEF05AE1FF5A
:109478001D032FFF2AE04C00BAF3A70020840FFF3A
:1094880005337D008B87180006F1DB00ACE585FF0E
:10949800F6D63200E70BCFFFBF7E5301B4A3AAFF75
:1094A800F5381801B2A4D3FF0310CA01623976FF58
:1094B8008D8359FE21331800F3955BFFFD340E00B0
:1094C80023A943FE311E58FFB31B24FFA58CB70008
:1094D8003ABD9700581F00004BA942004265C7FFDC
:1094E80018D8C70179C41AFF0E4FCBFEF0E251FF1E
:1094F8005E1C0AFF53C1F0FFCCC183FF5E0F56000C
:10950800DA289D0033C1D10000F2B10066B9F70036
:109518009E6D740026875B00DFAF9500DC4201FF7B
:10952800563CE800196025FFE17AA201D7BBA8FFE5
:109538009E9D2E0038ABA200E8F065017A1609005E
:10954800330915FF3519EEFFD91EE8FE7DA99400F1
:109558000DE8660094092500A5618D01E4832900C2
:10956800DE0FF3FFFE121100063CED016A037100E5
:109578003B84BD005C701E0069D0D5003054B3FF39
:10958800BB79E7FE1BD86DFFA2DD6BFE49EFC3FF79
:10959800FA1F39FF958759FFB917730103A39DFF78
:1095A8001270FA001939BBFFA160A4002F10F30054
:1095B8000C8DFBFE43EAB8FF2912A100AF0660FF3D
:1095C800A0AC34FE18B0B7FFC6C155017C7989FF3D
:1095D800973272FFDCCB3CFFCFEF050100266BFF13
:1095E80037EE5EFE46985E00D5DC4D01781145FFEA
:1095F80055A4BEFFCBEA5100263125FE3D907C00E4
:10960800894E31FEA8F730005FA4FC0069A98700E5
:10961800FDE4860040A64B00514914FFCFD20A0052
:10962800EA6A96FF5E225AFFFE9F39FEDC856300D8
:109638008B93B4FE1817B90029391EFFBD614C0081
:1096480041BBDFFFE0AC25FF223E5F01E790F00061
:109658004D6A7EFE40985B001D629B00E2FB35FF71
:10966800EAD305FF90CBDEFFA4B0DDFE05E71800C6
:10967800B37ACD00240186FF7D4697FE61E4FC00A5
:10968800AC8117FE305AD1FF96E0520154861E0075
:10969800F1C42E006771EAFF2E6579FE287CFAFF77
:1096A800872DF2FE09F9A8FF8C6C83FF8FA3AB000E
:1096B80032ADC7FF58DE8EFFC85F9E008EC0A3FF85
:1096C800077587006F7C1600EC0C41FE442641FFAD
:1096D800E3AEFE00F4F52600F032D0FFA13FFA0019
:1096E8003CD1EF007A2313000E21E6FE029F7100A1
:1096F8006A147FFFE4CD600089D2AEFEB4D490FF37
:1097080059629A0122588B00A7A27001416EC500C8
:10971800F125A900423883FF0AC953FE85FDBBFF26
:10972800B1702DFEC4FB0000C4FA97FFEEE8D6FF27
:1097380096D1CD001CF07600474C5301EC635B00DA
:109748002AFA8301601240FF76DE230071D6CBFF30
:109758007A77B8FF42132400CC40F90092598B0065
:10976800863E870168E96500BC541A0031F981001A
:10977800D0D64BFFCF824DFF73AFEB00AB0289FF12
:10978800AF91BA0137F587FF9A56B501643AF6FFEB
:109798006DC73CFF52CC86FFD731E6018CE5C0FF90
:1097A800DEC1FBFF51880FFFB395A2FF17271DFFEE
:1097B800075F4BFEBF51DE00F1515AFF6B31C9FF05
:1097C800F4D39D00DE8C95FF41DB38FEBDF65AFFD1
:1097D800B23B9D0130DB34006222D7001C11BBFF75
:1097E800AFA918005C4FA1FFECC8C201938FEA0033
:1097F800E5E10701C5A80E00EB333501FD78AE00A1
:10980800C506A8FFCA75AB00A315CE0072555AFF4E
:109818000F290AFFC21363004137D8FEA2927400D1
:1098280032CED4FF40921DFF9E9E830164A582FF25
:10983800AC1781FF7D3509FF0FC112011A310BFFEB
:10984800B5AEC90187C90EFF64139500DB624F00EE
:109858002A638FFE600030FFC5F953FE68954FFFFD
:10986800EB6E88FE52802CFF412924FE58D30A0053
:10987800BB79BB006286C700ABBCB3FED20BEEFF60
:10988800427B82FE34EA3D00307117FE065678FFAF
:1098980077B2F5005781C900F28DD100CA72550020
:1098A8009416A10067C330001931ABFF8A438200C8
:1098B800B6497AFE94188200D3E59A00209B9E0050
:1098C80054693D00B1C209FFA65956013653BB0081
:1098D800F92875FF6D03D7FF35922C013F2FB30090
:1098E800C2D803FE0E54880088B10DFF48F3BAFFB2
:1098F80075117DFFD33AD3FF5D4FDF005A58F5FF4E
:109908008BD16FFF46DE2F000AF64FFFC6D9B20093
:10991800E3E10B014E7EB3FF3E2B7E0067942300EC
:109928008108A5FEF5F094003D338E0051D08600E5
:109938000F8973FFD377ECFF9FF5F8FF028688FF46
:10994800E68B3A01A0A4FE0072558DFF31A6B6FF42
:109958009046540155B607002E355D0009A6A1FFB3
:1099680037A2B2FF2DB8BC00921C2CFEA95A3100B8
:1099780078B2F1010E7B7FFF07F1C701BD4232FFCC
:10998800C68F65FEBDF387FF8D1818FE4B61570023
:1099980076FB9A01ED369C00AB92CFFF83C4F6FFAD
:1099A8008840710197E83900F0DA7300313D1BFFF8
:1099B80040814901FCA91BFF28840A015AC9C1FF3B
:1099C800FC79F001BACE29002BC661009164B7007A
:1099D800CCD850FEAC964100F9E5C4FE687B49FF3F
:1099E8004D6860FE82B40800687B3900DCCAE5FF78
:1099F80066F9D300560EE8FFB64ED100EFE1A40099
:109A08006A0D20FF784911FF8643E90053FEB5002F
:109A1800B7EC7001304083FFF1D8F3FF41C1E20099
:109A2800CEF164FE6486A6FFEDCAC500370D51006D
:109A3800207C66FF28E4B10076B51F01E7A086FF09
:109A480077BBCA00008E3CFF8026BDFFA6C99600E2
:109A5800CF781A0136B8AC000CF2CCFE8542E6008D
:109A680022261F01B87050002033A5FEBFF337002F
:109A78003A4992FE9BA7CDFF646898FFC5FECFFFC9
:109A8800AD13F700EE0ACA00EF97F2005E3B27FF1E
:109A9800F01D66FF0A5C9AFFE554DBFFA1815000C8
:109AA800D05ACC01F0DBAEFF9E66910135B24CFF77
:109AB800346CA80153DE6B00D3246D00763A38006D
:109AC800081D1600EDA0C700AAD19D0089472F00E8
:109AD8008F562000C6F20200D43088015CACBA0070
:109AE800E697690160BFE5008A50BFFEF0D882FFA3
:109AF800622B06FEA8C43100FD125B019049790073
:109B08003D9227013F6818FFB8A570FE7EEB620002
:109B180050D562FF7B3C57FF528CF501DF78ADFFD3
:109B28000FC68601CE3CEF00E7EA5CFF21EE13FF8B
:109B3800A5718E01B0772600A02BA6FEEF5B690009
:109B48006B3DC201190444000F8B3300A4846AFFE3
:109B580022742EFEA85FC50089D41700489C3A00DD
:109B6800897045FE96699AFFECC99D0017D49AFF43
:109B78008852E3FEE23BDDFF5F95C000517634FF7B
:109B8800212BD7010E934BFF599C79FE0E124F00E3
:109B980093D08B0197DA3EFF9C580801D2B862FF38
:109BA80014AF7BFF6653E500DC41740196FA04FFAD
:109BB8005C8EDCFF22F742FFCCE1B3FE97519700A1
:109BC8004728ECFF8A3F3E00064FF0FFB7B9B500C3
:109BD80076321B003FE3C0007B633A0132E09BFF13
:109BE80011E1DFFEDCE04DFF0E2C7B018D80AF0024
:109BF800F8D4C800963BB7FF93611D0096CCB5001A
:109C0800FD254700915577009AC8BA000280F9FFF0
:109C180053187C000E578F00A833F5017C97E7FF97
:109C2800D0F0C5017CBEB900303AF60014E9E8006E
:109C38007D1262FF0DFE1FFFF5B182FF6C8E2300BF
:109C4800AB7DF2FE8C0C22FFA5A1A200CECD650053
:109C5800F7192201649139002746390076CCCBFFE9
:109C6800F200A200A5F41E00C674E200806F99FFFE
:109C78008C36B6013C7A0FFF9B3A39013632C60062
:109C8800ABD31DFF6B8AA7FFAD6BC7FF6DA1C100EA
:109C98005948F2FFCE7359FFFAFE8EFEB1CA5EFF35
:109CA80051593200076942FF19FEFFFECB4017FFEA
:109CB8004FDE6CFF27F94B00F17C3200EF988500EE
:109CC800DDF1690093976200D5A179FEF231890030
:109CD800E925F9FE2AB71B00B877E6FFD920A3FFCC
:109CE800D0FBE401893E83FF4F4009FE5E307100DE
:109CF800118A32FEC1FF1600F712C501433768000A
:109D080010CD5FFF30254200379C3F0140524AFF8B
:109D1800C83547FEEF437D001AE0DE00DF895DFFAE
:109D28001EE0CAFF09DC8400C626EB01668D5600DA
:109D38003C2B5101881C1A00E92408FECFF294003C
:109D4800A4A23F00332EE0FF72304FFF09AFE200BC
:109D5800DE03C1FF2FA0E8FFFF5D69FE0E2AE600C3
:109D68001A8A5201D02BF4001B2726FF62D07FFFEE
:109D78004095B6FF05FAD100BB3C1CFE3119DAFF4D
:109D8800A974CDFF771278009C7493FF84356DFF1A
:109D98000D0ACA006E53A7009DDB89FF060382FFE8
:109DA80032A71EFF3C9F2FFF81809DFE5E03BD00F2
:109DB80003A6440053DFD700965AC2010FA84100FA
:109DC800E35333FFCDAB42FF36BB3C0198662DFF12
:109DD800779AE100F0F7880064C5B2FF8B47DFFF90
:109DE800CC52100129CE2AFF9CC0DDFFD87BF4FF9E
:109DF800DADAB9FFBBBAEFFFFCACA0FFC334160038
:109E080090AEB5FEBB6473FFD34EB0FF1B07C10015
:109E180093D568FF5AC90AFF507B42011621BA0040
:109E2800010763FE1ECE0A00E5EA0500351ED200D2
:109E38008A08DCFE4737A70048E1560176BEBC0019
:109E4800FEC16501ABF9ACFF5E9EB7FE5D026CFF1B
:109E5800B05D4CFF49634FFF4A4081FEF62E41003A
:109E680063F17FFEF69766FF2C35D0FE3B66EA006D
:109E78009AAFA4FF58F220006F260100FFB6BEFF7C
:109E880073B00FFEA93C81007AEDF1005A4C3F00F7
:109E98003E4A78FF7AC36E007704B200DEF2D20041
:109EA80082212EFE9C282900A792700131A36FFF02
:109EB80079B0EB004CCF0EFF0319C60129EBD50092
:109EC8005524D601315C6DFFC8181EFEA8ECC300EE
:109ED80091277C01ECC395005A24B8FF4355AAFF8B
:109EE80026231AFE837C44FFEF9B23FF36C9A40078
:109EF800C41675FF310FCD0018E01D017E7190006A
:109F08007515B600CB9F8D00DF874D00B0E6B0FF1A
:109F1800BEE5D7FF6325B5FF33158AFF19BD59FF85
:109F28003130A5FE982DF700AA6CDE0050CA050056
:109F38001B4567FECC1681FFB4FC3EFED2015BFFD9
:109F4800926EFEFFDBA21C00DFFCD5013B0821005E
:109F5800CE10F40081D330006BA0D000703BD1004C
:109F68006D4DD8FE2215B9FFF66338FFB38B13FF8A
:109F7800B91D32FF545913004AFA62FFE12AC8FF9B
:109F8800C0D9CDFFD210A70063845F012BE639004A
:109F9800FE0BCBFF63BC3FFF77C1FBFE5069360069
:109FA800E8B5BD01B74570FFD0ABA5FF2F6DB4FF75
:109FB8007B53A50092A234FF9A0B04FF97E35AFF44
:109FC800928961FE3DE929FF5E2A37FF6CA4EC0007
:109FD8009844FE000A8C83FF0A6A4FFEF39E8900AC
:109FE80043B242FEB17BC6FF0F3E2200C5582AFF8E
:109FF800955FB1FF9800C6FF95FE71FFE15AA3FF78
:10A008007DD9F7001211E000804278FEC01909FFDF
:10A0180032DDCD0031D44600E9FFA40002D10900A9
:10A02800DD34DBFEACE0F4FF5E38CE01F2B302FFB4
:10A038001F5BA401E62E8AFFBDE6DC00392F3DFF39
:10A048006F0B9D00B15B98001CE6620061577E00B3
:10A05800C65991FFA74F6B00F94DA0011DE9E6FF16
:10A06800961556FE3C0BC100972524FEB996F3FFC2
:10A07800E4D45301AC97B400C9A99B00F43CEA00AE
:10A088008EEB040143DA3C00C0714B0174F3CFFF3F
:10A0980041AC9B00511E9CFF504821FE12E76DFF0A
:10A0A8008E6B15FE7D1A84FFB0103BFF96C93A00EF
:10A0B800CEA9C900D079E20028AC0EFF963D5EFF1C
:10A0C80038399CFF8D3C91FF2D6C95FFEE919BFFDD
:10A0D800D1551FFEC00CD20063625DFE9810970038
:10A0E800E1B9DC008DEB2CFFA0AC15FE471A1FFF71
:10A0F8000D405DFE1C38C600B13EF801B608F100FF
:10A10800A66594FF4E5185FF81DED701BCA981FF6A
:10A11800E807610031703CFFD9E5FB00776C8A00E5
:10A1280027137BFE8331EB008454910082E694FF71
:10A13800194ABB0005F536FFB9DBF10112C2E4FF8D
:10A14800F1CA66006971CA009BEB4F001509B2FF9E
:10A158009C01EF00C8943D0073F7D2FF31DD870002
:10A168003ABD0801232E0900514105FF349EB9FF6D
:10A178007D742EFF4A8C0DFFD25CACFE931747000E
:10A18800D9E0FDFE736CB4FF913A30FEDBB118FFE5
:10A198009CFF3C019A93F200FD865700354BE50081
:10A1A80030C3DEFF1FAF32FF9CD278FFD023DEFF23
:10A1B80012F8B301020A65FF9DC2F8FF9ECC65FF45
:10A1C80068FEC5FF4F3E0400B2AC65016092FBFF1C
:10A1D800410A9C000289A5FF7404E700F2D7010038
:10A1E80013231DFF2BA14F003B95F601FB42B00046
:10A1F800C82103FF506E8EFFC3A11101E43842FF4E
:10A208007B2F91FE8404A40043AEAC0019FD7200BC
:10A2180057615701FADC5400605BC8FF257D3B009D
:10A2280013417600A134F1FFEDAC06FFB0BFFFFF8C
:10A23800014182FEDFBEE60065FDE7FF92236D0067
:10A24800FA1D4D01310013007B5A9B01165620FF61
:10A25800DAD541006F5D7F003C5DA9FF087FB6003D
:10A2680011BA0EFEFD89F6FFD51930FE4CEE00FF3F
:10A27800F85C46FF63E08B00B809FF0107A4D00033
:10A28800CD83C60157D6C70082D65F00DD95DE00B4
:10A298001726ABFEC56ED5002B738CFED7B17600A2
:10A2A80060344201759EED000E40B6FF2E3FAEFFB2
:10A2B8009E5FBEFFE1CDB1FF2B058EFFAC63D4FFDF
:10A2C800F4BB93001D3399FFE47418FE1E65CF009C
:10A2D80013F696FF86E705007D86E2014D41620090
:10A2E800EC8221FF056E3E00456C7FFF077116006A
:10A2F800911453FEC2A1E7FF83B53C00D9D1B1FF49
:10A30800E594D4FE0383B80075B1BB011C0E1FFF92
:10A31800B0665000325497FF7D1F36FF159D85FFAC
:10A3280013B38B01E0E81A002275AAFFA7FCABFF64
:10A33800498DCEFE81FA2300484FEC01DCE514FF7D
:10A3480029CAADFF634CEEFFC616E0FF6CC6C3FF1B
:10A35800248D6001EC9E3BFF6A6457006EE20200A8
:10A36800E3EADE009A5D77FF4A70A4FF435B02FFD1
:10A37800159121FF66D689FFAFE667FEA3F6A60012
:10A388005DF774FEA7E01CFFDC023901ABCE540078
:10A398007BE411FF1B787700770B9301B42FE1FF63
:10A3A80068C8B9FEA50272004D4ED4002D9AB1FFBF
:10A3B80018C479FE529DB6005A10BE010C93C50010
:10A3C8005FEF98FF0BEB4700569277FFAC86D600FD
:10A3D8003C83C400A1E181001F8278FE5FC833007E
:10A3E80069E7D2FF3A0994FF2BA8DDFF7CED8E00C8
:10A3F800C6D332FE2EF56700A4F854009846D0FF65
:10A40800B475B100464FB900F34A2000959CCF00BF
:10A41800C5C4A101F535EF000F5DF6FE8BF031FFE5
:10A42800C45824FFA2267B0080C89D01AE4C67FF5C
:10A43800ADA922FED801ABFF7233110088E4C20037
:10A448006E9638FE6AF69F0013B84FFF964DF0FFE0
:10A458009B50A2000035A9FF1D975600445E1000CE
:10A468005C076EFE627595FFF94DE6FFFD0A8C00EC
:10A47800D67C5CFE2376EB00593039011635A600F0
:10A48800B8903DFFB3FFC200D6F83DFE3B6EF60024
:10A49800791551FEA603E4006A401AFF45E886FFD5
:10A4A800F2DC35FE2EDC55007195F7FF61B367FFCE
:10A4B800BE7F0B0087D1B6005F348101AA90CEFF22
:10A4C8007AC8CCFFA86492003C9095FE463C2800D0
:10A4D8007A34B1FFF6D365FFAEED08000733780094
:10A4E800131FAD007EEF9CFF8FBDCB00C48058FFCB
:10A4F800E985E2FF1E7DADFFC96C32007B643BFF3E
:10A50800FEA30301DD94B5FFD68839FEDEB489FFCA
:10A51800CF5836FF1C21FBFF43D63401D2D064004C
:10A5280051AA5E0091283500E06FE7FE231CF4FF76
:10A53800E2C7C3FEEE11E600D9D9A4FEA99DDD004D
:10A54800DA2EA201C7CFA3FF6C73A2010E60BBFF76
:10A55800763C4C00B89F9800D1E747FE2AA4BAFF82
:10A56800BA9933FEDDABB6FFA28EAD00EB2FC1006A
:10A57800078B10015FA440FF10DDA600DBC51000AB
:10A58800841D2CFF644575FF3CEB58FE2851AD0037
:10A5980047BE3DFFBB589D00E70B1700ED75A400B3
:10A5A800E1A8DFFF9A7274FFA398F2011820AA00AD
:10A5B8007D6271FEA8134C00119DDCFE9B340500E2
:10A5C800136FA1FF475AFCFFAD6EF0000AC679FF72
:10A5D800FDFFF0FF427BD200DDC2D7FE79A311FF59
:10A5E800E1076300BE31B60073098501E81A8AFFE6
:10A5F800D54484002C777AFFB3623300955A6A00F9
:10A608004732E6FF0A9976FFB1461900A557CD00F3
:10A61800378AEA00EE1E6100719BCF0062997F00C5
:10A62800226BDBFE7572ACFF4CB4FFFEF239B3FF50
:10A63800DD22ACFE38A231FF5303FFFF71DDBDFF01
:10A64800BC19E4FE105859FF471CC6FE161195FFA9
:10A65800F379FEFF6BCA63FF09CE0E01DC2F990068
:10A668006B8927016131C2FF9533C5FEBA3A0BFFEA
:10A678006B2BE801C8060EFFB58541FEDDE4ABFF94
:10A688007B3EE701E3EAB3FF22BDD4FEF4BBF90049
:10A69800BE0D500182590100DF85AD0009DEC6FFFD
:10A6A800427F4A00A7D85DFF9BA8C60142910000DF
:10A6B80044662E01AC5A9A00D8804BFFA02833007C
:10A6C8009E111B017CF03100ECCAB0FF977CC0FFE3
:10A6D80026C1BE005FB63D00A3937CFFFFA533FFF4
:10A6E8001C2811FED7604E005691DAFE1F24CAFFBF
:10A6F800560905006F29C8FFED6C6100393E2C0032
:10A7080075B80F012DF174009801DCFF9DA5BC0000
:10A71800FA0F83013C2C7DFF41DCFBFF4B32B80074
:10A72800355A80FFE750C2FF88817F011512BBFFB1
:10A738002D3AA1FF47932200AEF90BFE238D1D0091
:10A74800EF44B1FF736E3A00EEBEB10157F5A6FFB4
:10A75800BE31F7FF9253B8FFAD0E27FF92D76800BE
:10A768008EDF780095C89BFFD4CF910110B5D90032
:10A77800AD2057FFFF23B50077DFA101C8DF5EFFDB
:10A788004606BAFFC04355FF32A99800901A7BFFCE
:10A7980038F3B3FE14448800278CBCFEFDD005FFB7
:10A7A800C87387012BACE5FF9C68BB0097FBA7002B
:10A7B800348717009799480093C56BFE949E05FF50
:10A7C800EE8FCE007E9989FF5898C5FE0744A700F2
:10A7D800FC9FA5FFEF4E36FF183F37FF26DE5E00D1
:10A7E800EDB70CFFCECCD2001327F6FE1E4AE700C9
:10A7F800876C1D01B3730000757674018406FCFF35
:10A808009181A10169438D005225E2FFEEE2E4FF48
:10A81800CCD681FEA27B64FFB979EA002D6CE700F3
:10A82800420838FF84888000ACE042FEAF9DBC003F
:10A83800E6DFE2FEF2DB4500B80E770152A23800EF
:10A84800727B1400A26755FF31EF63FE9C87D70027
:10A858006FFFA7FE27C4D60090264F01F9A87D00F8
:10A868009B619CFF1734DBFF961690002C95A5FF83
:10A87800287FB700C44DE9FF7681D2FFAA87E6FF9B
:10A88800D677C600E9F02300FD3407FF756630FF70
:10A8980015CC9AFFB388B1FF17020301958259FFBF
:10A8A800FC119F01463C1A00906B1100B4BE3CFF9E
:10A8B80038B63BFF6E4736FFC61281FF95E057FF5B
:10A8C800DF1598FF8A16B6FFFA9CCD00EC2DD0FF55
:10A8D8004F94F2016546D100674EAE006590ACFF1B
:10A8E8009888ED01BFC2880071507D0198048D00E1
:10A8F8009B9635FFC474F500EF7249FE135211FFA1
:10A908007C7DEAFF2834BF002AD29EFF9B84A500E5
:10A91800B2052A01405C28FF24554DFFB2E47600B9
:10A92800894260FE73E242006EF045FE976F500068
:10A93800A7AEECFFE36C6BFFBCF241FFB751FF0021
:10A9480039CEB5FF2F22B5FFD5F09E01474B5F00EA
:10A958009C2818FF66D25100ABC7E4FF9A22290051
:10A96800E3AF4B0015EFC3008AE55F014CC031002F
:10A97800757B5701E3E182007D3E3FFF02C6AB00D5
:10A98800FE240DFE91BACE0094FFF4FF2300A6002A
:10A998001E96DB015CE4D4005CC63CFE3E85C8FF25
:10A9A800C9293B007DEE6DFFB4A3EE018C7A5200FD
:10A9B800091658FFC59D2FFF995E3900581EB6002D
:10A9C80054A15500B2927C00A6A607FF15D0DF005F
:10A9D8009CB6F2009B79B900539CAEFE9A1076FFA4
:10A9E800BA53E801DF3A79FF1D175800237D7FFF2E
:10A9F800AA0595FEA40C82FF9BC41D00A1608800D7
:10AA080007231D01A225FB00032EF2FF00D9BC007D
:10AA180039AEE201CEE9020039BB88FE7BBD09FFF1
:10AA2800C9757FFFBA24CC00E719D800504E6900D9
:10AA3800138681FF94CB44008D517DFEF8A5C8FF95
:10AA4800D69087009737A6FF26EB5B00152E9A0055
:10AA5800DFFE96FF2399B4FF7DB01D012B621EFF18
:10AA6800D87AE6FFE9A00C0039B90CFEF07107FFAF
:10AA7800050910FE1A5B6C006DC6CB000893280010
:10AA88008186E4FF7CBA28FF726284FEA6841700E0
:10AA980063452C0009F2EEFFB8353B00848166FF60
:10AAA8003420F3FE93DFC8FF7B53B3FE8790C9FFC2
:10AAB8008D253801973CE3FF5A499C01CBACBB007C
:10AAC80050972FFF5E89E7FF24BF3BFFE1D1B5FF19
:10AAD8004AD7D5FE0676B3FF9936C1013200E700A2
:10AAE800689D48018CE39AFFB6E210FE60E15CFFC6
:10AAF8007314AAFE06FA4E00F84BADFF355906FF4F
:10AB080000B4760048AD01004008CE01AE85DF00F4
:10AB1800B93E85FFD60B6200C51FD000ABA7F4FF76
:10AB280016E7B50196DAB900F7A96101A58BF7FF19
:10AB38002F78950167F833003C451CFE19B3C40013
:10AB48007C07DAFE3A6B5100B8E99CFFFC4A240006
:10AB580076BC43008D5F35FFDE5EA5FE2E3D3500D9
:10AB6800CE3B73FF2FECFAFF4A052001819AEEFFD6
:10AB78006A20E20079BB3DFF03A6F1FE43AAACFFC1
:10AB88001DD8B2FF17C9FC00FD6EF300C87D39005F
:10AB98006DC060FF3473EE002679F3FFC9382100D9
:10ABA800C27682004B6019FFAA1EE6FE273FFD0011
:10ABB800242DFAFFFB01EF00A0D45C012DD1ED009C
:10ABC800F32157FEED54C9FFD4129DFED4637FFFD5
:10ABD800D96210FE8BACEF00A8C982FF8FC1A9FF14
:10ABE800EE97C101D7682900EF3DA5FE0203F200E8
:10ABF80016CBB1FEB1CC16009581D5FE1F0B29FFEF
:10AC0800009F79FEA01972FFA250C8009D970B0003
:10AC18009A864E01D836FC003067850069DCC5008D
:10AC2800FDA84DFE35B317001879F001FF2E60FF1F
:10AC38006B3C87FE62CDF9FF3FF977FF783BD3FF86
:10AC480072B437FE5B55ED0095D44D01384931009B
:10AC580056C696005DD1A00045CDB6FFF45A2B002C
:10AC68001424B0007A74DD0033A72701E7013FFF01
:10AC78000DC5860003D122FF873BCA00A7644E009A
:10AC88002FDF4C00B93C3E00B2A67B01840CA1FF2B
:10AC98003DAE2B00C34590007F2FBF01222C4E00F4
:10ACA80039EA3401FF1628FFF65E920053E480006B
:10ACB8003C4EE0FF0060D2FF99AFEC009F154900C1
:10ACC800B473C4FE83E16A00FFA786009F0870FF83
:10ACD8007844C2FFB0C4C6FF7630A8FF5DA9010062
:10ACE80070C866014A18FE00138D04FE8E3E3F00B0
:10ACF80083B3BBFF4D9C9BFF7756A400AAD092FF5D
:10AD0800D0859AFF949B3AFFA278E8FEFCD59B0079
:10AD1800F10D2A005E328300B3AA70008C5397FFAE
:10AD2800377754018C23EFFF992D4301ECAF2700AF
:10AD3800369767FF9E2A41FFC4EF87FE5635CB0042
:10AD480095612FFED82311FF4603460167245AFF59
:10AD5800281AAD00B8300D00A3DBD9FF510601FF5A
:10AD6800DDAA6CFEE9D05D0064C9F9FE562423FF14
:10AD7800D19A1E01E3C9FBFF02BDA7FE6439030097
:10AD88000D802900C5644B0096CCEBFF91AE3B00CB
:10AD980078F895FF5537E10072D235FEC7CC7700B9
:10ADA8000EF74A013FFB81004368970187825000F4
:10ADB8004F5937FF75E69DFF19608F00D591050043
:10ADC80045F1780195F35FFF722A14008348020069
:10ADD8009A3514FF493E6D00C4669800290CCCFFD3
:10ADE8007A260B01FA0A9100CF7D9400F6F4DEFF73
:10ADF8002920550170D57E00A2F9560147C67FFF6C
:10AE080051091501622704FFCC472D014B6F8900BA
:10AE1800EA3BE70020305FFFCC1F72011DC4B5FF7D
:10AE280033F1A7FE5D6D8E0068902D00EB0CB5FF29
:10AE38003470A4004CFECAFFAE0EA2003DEB93FF97
:10AE48002B40B9FEE97DD900F358A7FE4A31080026
:10AE58009CCC42007CD67B0026DD76019270EC000B
:10AE68007262B1009759C70057C57000B995A10023
:10AE78002C60A500F8B314FFBCDBD8FE283E0D00FB
:10AE8800F38E8D00E5E3CEFFACCA23FF75B0E1FF7A
:10AE9800526E26012AF50EFF1453610031AB0A00E9
:10AEA800F277780019E83D00D4F093FF047338FF77
:10AEB8009111EFFECA11FBFFF912F5FF6375EF0060
:10AEC800B804B3FFF6ED33FF25EF89FFA670A6FFA0
:10AED80051BC21FFB9FA8EFF36BBAD00D070C90056
:10AEE800F62BE40168B858FFD434C4FF33756CFFFF
:10AEF800FE759B002E5B0FFF570E90FF57E3CC00AB
:10AF0800531A53019F4CE3009F1BD50118976C00FF
:10AF18007590B3FE89D15200269F0A007385C90037
:10AF2800DFB69C016EC45DFF393CE90005A769FFE7
:10AF38009AC5A4006022BAFF93852501DC63BE0090
:10AF480001A754FF1491AB00C2C5FBFE5F4E85FFFD
:10AF5800FCF8F3FFE15D83FFBB86C4FFD899AA0024
:10AF680014769EFE8C017600569E0F012DD329FF84
:10AF7800930164FE71744CFFD37F6C01670F30003E
:10AF8800C110660145335FFF6B809D0089ABE90006
:10AF98005A7C90016AA1B600AF4CEC01C88DACFF99
:10AFA800A33A6800E9B434FFF0FD0EFFA271FEFF7A
:10AFB80026EF8AFE342EA600F16521FE83BA9C0096
:10AFC8006FD03EFF7C5EA0FF1FACFE0070AE38FF66
:10AFD800BC631BFF438AFB007D3A80019C98AEFF4F
:10AFE800B20CF7FFFC549E0052C50EFEACC853FFCE
:10AFF80025272E016ACFA70018BD220083B2900032
:10B00800CED50400A1E2D200483369FF612DBBFF11
:10B018004EB8DFFFB01DFB004FA056FF7425B200ED
:10B02800524DD50152548DFFE265D401AF58C7FF88
:10B03800F55EF701AC766DFFA6B9BE0083B5780062
:10B0480057FE5DFF86F049FF20F58FFF8BA267FF53
:10B05800B36212FED9CC700093DF78FF350AF30093
:10B06800A68C96007D50C8FF0E6DDBFF5BDA01FFF2
:10B07800FCFC2FFE6D9C74FF73317F01CC57D3FF0E
:10B0880094CAD9FF1A55F9FF0EF586014C59A9FF44
:10B09800F22DE6003B62ACFF724984FE4E9B31FF05
:10B0A8009E7E540031AF2BFF10B654FF9D672300DE
:10B0B80068C16DFF43DD9A00C9AC01FE08A25800C3
:10B0C800A5011DFF7D9BE5FF1E9ADC0167EF5C0073
:10B0D800DC016DFFCAC601005E028E0124362C0019
:10B0E800EBE29EFFAAFBD6FFB94D0900614AF200C8
:10B0F800DBA395FFF02376FFDF7258FEC0C703007D
:10B108006A2518FFC9A176FF61596301E03A67FF14
:10B1180065C793FEDE3C6300EA193B0134871B00D8
:10B1280066035BFEA8D8EB00E5E88800683C810070
:10B138002EA8EE0027BF43004BA32F008F6162FFAC
:10B1480038D8A801A8E9FCFF236F16FF5C542B0030
:10B158001AC857015BFD9800CA3846008E084D0092
:10B16800500AAF01FCC74C00166E52FF8101C200A5
:10B178000B803D01570E91FFFDDEBE010F48AE006A
:10B1880055A356FE3A632CFF2D18BCFE1ACD0F00AE
:10B1980013E5D2FEF843C3006347B8009AC725FFFA
:10B1A80097F379FF26334BFFC95582FE2C41FA00ED
:10B1B8003993F3FE922B3BFF591C3500215418FF9D
:10B1C800B33312FEBD4653000B9CB3016286770071
:10B1D8009E6F6F00779A49FFC83F8CFE2D0D0DFFBB
:10B1E8009AC002FE51482A002EA0B9FE2C70060013
:10B1F80092D795011AB06800441C5701EC3299FFA8
:10B20800B380FAFECEC1BFFFA65C89FE3528EF00E9
:10B21800D201CCFEA8AD23008DF32D0124326DFFA1
:10B228000FF2C2FFE39F7AFFB0AFCAFE463948006B
:10B2380028DF3800D0A23AFFB7625D000F6F0C001C
:10B248001E084CFF847FF6FF2DF2670045B50FFFFF
:10B258000AD11E0003B37900F1E8DA017BC758FF71
:10B2680002D2CA01BC8251FF5E65D00167242D005D
:10B278004CC118015F1AF1FFA5A2BB0024728C0013
:10B28800CA4205FF25389300980BF3017F55E8FF64
:10B29800FA87D401B9B171005ADC4BFF45F8920026
:10B2A800326F32005C165000F42473FEA36452FF20
:10B2B80019C106017F3D2400FD431EFE41ECAAFF93
:10B2C800A111D7FE3FAF8C00377F04004F70E90013
:10B2D8006DA028008F5307FF411AEEFFD9A98CFFF4
:10B2E8004E5EBDFF0093BEFF9347BAFE6A4D7FFFD7
:10B2F800E99DE9018757EDFFD00DEC019B6D24FF17
:10B30800B464DA00B4A31200BE6E0901113F7BFFDA
:10B31800B388B4FFA57B7BFF90BC51FE47F06CFF60
:10B3280019700BFFE3DA33FFA732EAFF724F6CFFA5
:10B338001F1373FFB7F06300E3578FFF48D9F8FF77
:10B3480066A95F0181959500EE850C01E3CC230089
:10B35800D0731A016608EA0070588F0190F90E0040
:10B36800F09EACFE64707700C28D99FE283853FFBA
:10B3780079B02E002A354CFF9EBF9A005BD15C0045
:10B38800AD0D10010548E2FFCCFE950050B8CF0086
:10B3980064097AFE7665ABFFFCCB00FEA0CF3600D1
:10B3A8003848F901388C0DFF0A406BFE5B6534FFA5
:10B3B800E1B5F8018BFF8400E6911100E938170028
:10B3C8007701F1FFD5A997FF636309FEB90FBFFFA6
:10B3D800AD676D01AE0DFBFFB25807FE1B3B44FF86
:10B3E8000A2102FFF8613B001A1E9201B0930A007D
:10B3F8005F79CF01BC581800B95EFEFE7337C900EB
:10B4080018324600783506008E429200E4E2F9FFD1
:10B4180068C0DE01AD44DB00A2B824FF8F6689FF57
:10B428009D0B17007D2D6200EB5DE1FE3870A0FFDB
:10B438004674F30199F937FF81271101F150F4009F
:10B44800574515015EE449FF4E4241FFC2E3E7005C
:10B458003D9257FFAD9B17FF7074DBFED8260BFF9C
:10B4680083BA85005ED4BB00642F5B00CCFEAFFFBF
:10B47800DE12D7FEAD446CFFE3E44FFF26DDD500B6
:10B48800A3E396FE1FBE1200A0B30B010A5A5EFF8B
:10B49800DCAE5800A3D3E5FFC7883400825FDDFF28
:10B4A8008CBCE7FE8B7180FF75ABECFE31DC14FFC2
:10B4B8003B14ABFFE46DBC0014E120FEC310AE00EA
:10B4C800E3FE880187276900964DCEFFD2EEE200A1
:10B4D80037D484FEEF397C00AAC25DFFF910F7FF6C
:10B4E80018973EFF0A970A004F8BB2FF78F2CA00FE
:10B4F8001ADBD5003E7D23FF90026CFFE62153FF47
:10B50800512DD801E03E1100D6D97D00629999FFEE
:10B51800B3B06AFE835D8AFF6D3E24FFB27920FFD7
:10B5280078FC4600DCF82500CC58670180DCFBFF7E
:10B53800ECE307016A31C6FF3C386B006372EE002A
:10B54800DCCC5E0149BB0100599A22004ED9A5FF07
:10B558000EC3F9FF09E6FDFFCD87F5001AFC07FFCA
:10B5680054CD1B0186027000259E2000E75BEDFF8D
:10B57800BFAACCFF9807DE006DC03100C1A692FFBC
:10B58800E813B5FF698E34FF67101B01FDC8A500DD
:10B59800C3D904FF34BD90FF7B9BA0FE578236FFC2
:10B5A8004E783DFF0E38290019297DFF57A8F50070
:10B5B800D6A54600D4A906FFDBD3C2FE485DA4FF8A
:10B5C800C52167FF2B8E8D0083E1AC00F4691C0058
:10B5D8004444E10088540DFF823928FE8B4D380021
:10B5E80054963500365F9D00900DB1FE5F73BA002A
:10B5F800751776FFF4A6F1FF0BBA8700B26ACBFF86
:10B6080061DA5D002BFD2D00A49804008B76EF0015
:10B61800600118FEEB99D3FFA86E14FF32EFB0005B
:10B628007229E800C1FA3500FEA06FFE887A29FF6A
:10B63800616C4300D79817FF8CD1D4002ABDA300B2
:10B64800CA2A32FF6A6ABDFFBE44D9FFE93A7500CB
:10B65800E5DCF301C5030400257836FE049C86FF6B
:10B66800243DABFEA58864FFD4E80E005AAE0A005C
:10B67800D8C641FF0C034000747173FFF8670800D7
:10B68800E77D12FFA01CC5001EB82301DF49F9FFA2
:10B698007B142EFE873825FFAD0DE50177A122FF2B
:10B6A800F53D4900CD7D700089688600D9F61EFFFA
:10B6B800ED8E8F00419F66FF6CA4BE00DB75ADFF69
:10B6C800222578FEC84550001F7CDAFE4A1BA0FFE1
:10B6D800BA9AC7FF47C7FC0068519F0111C82700E5
:10B6E800D33DC0011AEE5B0094D90C003B5BD5FF3B
:10B6F8000B51B7FF81E67AFF72CB910177B442FF15
:10B70800488AB400E0956A00775268FFD08C2B0015
:10B718006209B6FFCD6586FF126526005FC5A6FFE4
:10B72800CBF193003ED091FF85F6FB0002A90E00F5
:10B738000DF7B8008E07FE0024C817FF58CDDF00AC
:10B748005B8134FF15BA1E008FE4D201F7EAF8FFD7
:10B75800E6451FFEB0BA87FFEECD34018B4F2B00B4
:10B7680011B0D9FE20F34300F26FE9002C2309FF42
:10B77800E372510104470CFF2669BF00077532FFC9
:10B78800514F10003F4441FF9D246EFF4DF103FFD0
:10B79800E22DFB018E19CE00787BD1011CFEEEFF55
:10B7A80005807EFF5BDED7FFA20FBF0056F0490081
:10B7B80087B951FE2CF1A300D4DBD2FF70A29B0005
:10B7C800CF657600A84838FFC405340048ACF2FFBE
:10B7D8007E169DFF92603BFFA27998FE8C105F0059
:10B7E800C3FEC8FE5296A200772B91FECCAC4EFF4A
:10B7F800A6E09F006813EDFFF57ED0FFE23BD50081
:10B8080075D9C5009848ED00DC1F17FE0E5AE7FFF2
:10B81800BCD440013C65F6FF5518560001B16D00D7
:10B82800925320014BB6C00077F1E000B9ED1BFF41
:10B83800B8655201EB254DFFFD861300E8F67A0046
:10B848003C6AB300C30B0C006D42EB017D713B00F9
:10B858003D28A400AF68F000022FBBFF320C8D001A
:10B86800C28BB5FF87FA6800615CDEFFD995C9FF16
:10B87800CBF176FF4F9743007A8EDAFF95F5EF000C
:10B888008A2AC8FE502561FF7C70A7FF248A57FFCB
:10B89800821D93FFF1574EFFCC611301B1D116FF02
:10B8A800F7E37FFE637753FFD419C60110B3B300E3
:10B8B800914DACFE59990EFFDABDA7006BE93BFF2D
:10B8C8002321F3FE2C7070FFA17F4F01CCAF0A003B
:10B8D80028158AFE6874E400C75F89FF85BEA8FF43
:10B8E80092A5EA01B7632700B7DC36FEFFDE8500C4
:10B8F800A2DB79FE3FEF0600E16636FFFB12F60099
:10B908000422810187248300CE323B010F61B700F6
:10B91800ABD887FF65982BFF96FB5B0026915F00ED
:10B9280022CC26FEB28C53FF1981F3FF4C902500E0
:10B938006A241AFE7690ACFF44BAE5FF6BA1D5FFE6
:10B948002EA344FF95AAFD00BB110F00DAA0A5FFA6
:10B95800AB23F601600D1300A5CB7500D66BC0FFB5
:10B96800F47BB10164036800B2F261FFFB4C82FF13
:10B97800D34D2A01FA4F46FF3FF450016965F6009E
:10B988003D883A01EE5BD5000E3B62FFA7544D009F
:10B9980011842EFE39AFC5FFB93EB8004C40CF0028
:10B9A800ACAFD0FEAF4A25008A1BD3FE947DC200FF
:10B9B8000A595100A8CB65FF2BD5D101EBF536000C
:10B9C8001E23E2FF097E4600E27D5EFE9C7514FFA1
:10B9D80039F87001E63040FFA45CA601E0D6E6FF26
:10B9E80024788F0037082BFFFB01F5016A62A50058
:10B9F8004A6B6AFE350436FF5AB2960103787BFF1C
:10BA0800F405590172FA3DFFFE9952014D0F1100DC
:10BA180039EE5A015FDFE600EC342FFE6794A4FF8D
:10BA280079CF24011210B9FF4B144A00BB0B6500F3
:10BA38002E3081FF16EFD2FF4DEC81FF6F4DCCFF0A
:10BA48003D4861FFC7D9FBFF2AD7CC008591C9FFC4
:10BA580039E69201EB64C600924923FE6CC614FFD6
:10BA6800B64FD2FF52678800F66CB00022113CFF37
:10BA7800134A72FEA8AA4EFF9DEF14FF9529A8004D
:10BA88003A791C004FB386FFE77987FFAED162FF92
:10BA9800F37ABE00ABA6CD00D47430001D6C42FF13
:10BAA800A2DEB6010E771500D527F9FFFEDFE4FF09
:10BAB800B7A5C60085BE30007CD06DFF77AF55FFB7
:10BAC80009D1790130ABBDFFC347860188DB33FF5D
:10BAD800B65B8DFE319F48002376F5FF70BAE3FF11
:10BAE8003B891F00892CA30072673CFE08D596008D
:10BAF800A20A71FFC2684800DC8374FFB24F5C0081
:10BB0800CBFAD5FE5DC1BDFF82FF22FED4BC9700F3
:10BB1800881114FF146553FFD4CEA600E5EE49FF43
:10BB2800974A03FFA857D7009BBC85FFA681490009
:10BB3800F04F85FFB2D351FFCB48A3FEC1A8A500A3
:10BB48000EA4C7FE1EFFCC0041485B01A64A66FF53
:10BB5800C82A00FFC271E3FF4217D000E5D864FF8E
:10BB680018EF1A000AE93EFF7B0AB2011A24AEFF59
:10BB780077DBC7012DA3BE0010A82A00A639C6FF8F
:10BB88001C1A1A007EA5E700FB6C64FF3DE579FFEF
:10BB98003A768A004CCF11000D2270FE5910A80089
:10BBA80025D069FF23C9D7FF286A65FE06EF720012
:10BBB8002867E2FEF67F6EFF3FA73A0084F08E000A
:10BBC800059E58FF81499EFF5E599200E636920015
:10BBD800082DAD004FA9010073BAF7005440830047
:10BBE80043E0FDFFCFBD40009A1C51012DB836FF40
:10BBF80057D4E0FF006049FF8121EB01344250FF38
:10BC0800FBAE9BFF04B32500EAA45DFE5DAFFD001B
:10BC1800C64557FFE06A2E00631DD2003EBC72FF86
:10BC28002CEA0800A9AFF7FF176D89FFE5B62700D2
:10BC3800C0A55EFEF565D900BF586000C45E63FF0D
:10BC48006AEE0BFE357EF3005E0165FF2E9302005F
:10BC5800C97C7CFF8D0CDA000DA69D0130FBEDFF41
:10BC68009BFA7CFF6A9492FFB60DCA001C3DA700A0
:10BC7800D99808FEDC822DFFC8E6FF01374157FF3F
:10BC88005DBF61FE72FB0E0020695C011ACF8D005A
:10BC980018CF0DFE153230FFBA9474FFD32BE10094
:10BCA8002522A2FEA4D22AFF441760FFB6D608FFB9
:10BCB800F57589FF42C332004B0C53FE508CA4002B
:10BCC80009A52401E46EE300F1115A011934D400E6
:10BCD80006DF0CFF8BF339000C714B01F6B7BFFF81
:10BCE800D5BF45FFE60F8E0001C3C4FF8AAB2FFF07
:10BCF800403F6A0110A9D6FFCFAE3801584985FFE9
:10BD0800B6858C00B10E19FF93B835FF0AE3A1FF81
:10BD180078D8F4FF494DE9009DEE8B013B41E900DD
:10BD280046FBD80129B899FF20CB70009293FD00FB
:10BD380057656D012C5285FFF49635FF5E98E8FF34
:10BD48003B5D27FF5893DCFF4E510D01202FFCFF70
:10BD5800A01372FF5D6B27FF7610D301B977D1FF6F
:10BD6800E3DB7FFE5869ECFFA26E17FF24A66EFF87
:10BD78005BECDDFF42EA74006F13F4FE0AE91A0077
:10BD880020B706FE02BFF200DA9C35FE293C46FFCA
:10BD9800A8EC6F0079B97EFFEE8ECFFF377E3400B6
:10BDA800DC81D0FE50CCA4FF431790FEDA286CFF4C
:10BDB8007FCAA400CB2103FF029E00002560BCFFC0
:10BDC800C0314A006D0400006FA70AFE5BDA87FFE6
:10BDD800CB42ADFF96C2E200C9FD06FFAE66790010
:10BDE800CDBF6E0035C2040051282DFE23668FFF9B
:10BDF8000C6CC6FF101BE8FFFC47BA01B06E72005E
:10BE08008E037501714D8E00139CC5015C2FFC00DB
:10BE180035E816013612EB002E23BDFFECD4810065
:10BE28000260D0FEC8EEC7FF3BAFA4FF922BE7002D
:10BE3800C2D934FF03DF0C008A36B2FE55EBCF00BF
:10BE4800E8CF2200313432FFA67159FF0A2DD8FFFE
:10BE58003EAD1C006FA5F60076735BFF80543C0076
:10BE6800A790CB00570DF300161EE401B17192FFA5
:10BE780081AAE6FEFC9981FF91E12B0046E705FFC8
:10BE88007A697EFE56F694FF6E259AFED1035B0012
:10BE980044913E00E410A5FF37DDF9FEB2D25B0005
:10BEA8005392E2FE4592BA005DD268FE1019AD00C9
:10BEB800E7BA2600BD7A8CFFFB0D70FF696E5D0046
:10BEC800FB48AA00C017DFFF1803CA01E15DE400C0
:10BED8009993C7FE6DAA1600F865F6FFB27C0CFFB1
:10BEE800B2FE66FE370441007DD6B400B760930009
:10BEF8002D7517FE84BFF9008FB0CBFE88B736FFCB
:10BF080092EAB100926556FF2C7B8F0121D19800EF
:10BF1800C05A29FE530F7DFFD5AC5200D7A9900017
:10BF2800100D220020D164FF5412F901C511ECFF55
:10BF3800D9BAE60031A0B0FF6F7661FFED68EB007B
:10BF48004F3B5CFE45F90BFF23AC4A0113764400D6
:10BF5800DE7CA5FFB44223FF56AEF6002B4A6FFFE6
:10BF68007E9056FFE4EA5B00F2D518FE452CEBFF05
:10BF7800DCB4230008F807FF662F5CFFF0CD66FFEE
:10BF880071E6AB011FB9C9FFC2F646FF7A11BB00C3
:10BF98008646C7FF950396FF753F670041687BFF9C
:10BFA800D4361301068D58005386F3FF8835670091
:10BFB800A91BB400B13118006F36A700C33DD7FFE5
:10BFC8001F016C013C2A4600B903A2FFC29528FF55
:10BFD800F67F26FEBE7726FF3D77080160A1DBFFCE
:10BFE8002ACBDD01B1F2A4FFF59F0A0074C400005A
:10BFF800055DCDFE807FB3007DEDF6FF95A2D9FFEC
:10C00800572514FE8CEEC0000909C1006101E20049
:10C018001D260A0000883FFFE548D2FE26865CFF01
:10C028004EDAD001682454FF0C05C1FFF2AF3DFF82
:10C03800BFA92E01B39393FF71BE8BFE7DAC1F0089
:10C04800034BFCFED7240F00C11B1801FF4595FFC9
:10C058006E817600CB5DF9008A8940FE264606008F
:10C068009974DE00A14A7B00C1634FFF763B5EFFF7
:10C078003D0C2B0192B19D002E93BF0010FF2600AE
:10C088000B331F013C3A62FF6FC24D019A5BF4000B
:10C098008C289001AD0AFB00CBD132FE6C824E0099
:10C0A800E4B45A00AE07FA001FAE3C0029AB1E00EC
:10C0B800746352FF76C18BFFBBADC6FEDA6F3800E2
:10C0C800B97BD800F99E340034B45DFFC9095BFF21
:10C0D800382DA6FE849BCBFF3AE86E0034D359FF77
:10C0E800FD00A2010957B70091882C015E7AF5007E
:10C0F80055BCAB01935CC600000868001E5FAE002B
:10C10800DDE63401F7F7EBFF89AE35FF2315CCFFE9
:10C1180047E3D601E852C2000B30E3FFAA49B8FF53
:10C12800C6FBFCFE2C702200836583FF48A8BB0079
:10C1380084877DFF8A6861FFEEB8A8FFF36854FF23
:10C1480087D8E2FF8B90ED00BC89960150388CFFB0
:10C1580056A9A7FFC24E19FFDC11B4FF110DC1008B
:10C168007589D4FF8DE0970031F4AF00C163AFFF4C
:10C1780013639A01FF413EFF9CD237FFF2F403FF9D
:10C18800FA0E95009E58D9FF9DCF86FEFBE81C004D
:10C198002E9CFBFFAB38B8FFEF33EA008E8A83FF93
:10C1A80019FEF3010AC9C2003F614B00D2EFA20099
:10C1B800C0C81F0175D6F3001847DEFE3628E8FF11
:10C1C8004CB76FFE900E57FFD64F88FFD8C4D400E7
:10C1D800841B8CFE8305FD007C6C13FF1CD74B0071
:10C1E8004CDE37FEE9B63F0044ABBFFE346FDEFFDE
:10C1F8000A694DFF50AAEB008F1858FF2DE7790008
:10C208009481E0013DF65400FD2EDBFFEF4C210048
:10C21800319412FEE6254500438616FE8E9B5E008D
:10C228001F9DD3FED52A1EFF04E4F7FEFCB00DFFC8
:10C2380027001FFEF1F4FFFFAA2D0AFEFDDEF9001C
:10C24800DE728400FF2F06FFB4A3B301545E97FF8C
:10C2580059D152FEE534A9FFD5EC0001D638E4FFE8
:10C26800877797FF70C9C10053A035FE0697420033
:10C2780012A21100E9615B0083054E01B57835FF14
:10C28800755F3FFFED75B900BF7E88FF9077E900C5
:10C29800B73961012FC9BBFFA7A577012D647E00BF
:10C2A800156206FE91965FFF78369800D1626800A5
:10C2B8008F6F1EFEB894F900EBD82E00F8CA94FFD1
:10C2C800395F1600F2E1A300E9F7E8FF47AB13FF77
:10C2D80067F431FF54675DFF4479F40152E00D00C3
:10C2E800294F2BFFF9CEA7FFD73415FEC02016FF24
:10C2F800F76F3C00654A26FF165B54FE1D1C0DFFB8
:10C30800C6E7D7FEF49AC800DF89ED00D3840E0093
:10C318005F40CEFF113EF7FFE98379015D174D00BD
:10C32800CDCC34FE51BD8800B4DB8A018F125E008B
:10C33800CC2B8CFEBCAFDB006F628FFF973FA2FF58
:10C34800D33247FE13923500922D53FEB252EEFFC0
:10C35800108554FFE2C65DFFC96114FF787623FF9C
:10C368007232E7FFA2E59CFFD31A0C00722773FF15
:10C37800CED48600C5D9A0FF74815EFEC7D7DBFF87
:10C388004BDFF901FD74B5FFE8D768FFE482F6FFDB
:10C39800B97556000E050800EF1D3D01ED5785FFE4
:10C3A8007D9289FECCA8DF002EA8F5009A691600B8
:10C3B800DCD4A1FF6B4518FF89DAB5FFF154C6FF3D
:10C3C800827AD3FF8D0899FFBEB176006059B2001A
:10C3D800FF1030FE7A6069FF7536E8FF227E69FF3C
:10C3E800CC43A600E8348AFFD3930C001936070023
:10C3F8002C0FD7FE33EC2D00BE4481016A93E10077
:10C408001C5D2DFEEC8D0FFF113DA100DC73C000FB
:10C41800EC9118FE6FA8A900E03A3FFF7FA4BC008A
:10C4280052EA4B01E09E8600D1446E01D9A6D9009C
:10C4380046E1A601BBC18FFF100758FF0ACD8C004B
:10C4480075C09C01113826001B7C6C01ABD737FFE7
:10C458005FFDD4009B87A8FFF6B299FE9A444A0074
:10C46800E83D60FE69843B00214CC701BDB082FFF6
:10C47800096819FE4BC666FFE90170006CDC14FF01
:10C4880072E646008CC285FF399EA4FE920650FFD4
:10C49800A9C4610155B78200469EDE013BEDEAFF63
:10C4A80060191AFFE8AF61FF0B79F8FE5823C20044
:10C4B800DBB4FCFE4A08E300C3E34901B86EA1FF00
:10C4C80031E9A40180352F00520E79FFC1BE3A0030
:10C4D80030AE75FF84172000280A8601163319FF2D
:10C4E800F00BB0FF6E399200758FEF019D6576FFF6
:10C4F80036544C00CDB812FF2F0448FF4E7055FF3C
:10C50800C13242015D1034FF086986000C6D48FF96
:10C518003A9CFB009023CC002CA075FE326BC20025
:10C528000144A5FF6F6EA2009E5328FE4CD6EA0078
:10C538003AD8CDFFAB6093FF28E37201B0E3F10076
:10C5480046F9B70188548BFF3C7AF7FE8F0975FFCF
:10C55800B1AE89FE49F78F00ECB97EFF3E19F7FFAF
:10C568002D4038FFA1F406002239380169CA53006A
:10C578008093D00006670AFF4A8A41FF615064FF32
:10C58800D6AE21FF32864AFF6E9782FE6F54AC000A
:10C5980054C74BFEF83B70FF08D8B20109B75F00DB
:10C5A800EE1B08FEAACDDC00C3E58700624CEDFF58
:10C5B800E25B1A0152DB27FFE1BEC701D9C879FF48
:10C5C80051B308FF8C41CE00B2CF57FEFAFC2EFFC4
:10C5D80068596E01FDBD9EFF90D69EFFA0F536FFFF
:10C5E80035B75C0115C8C2FF92217101D101FF0066
:10C5F800EB6A2BFFA734E8009DE5DD00331E190028
:10C60800FADD1B01419357FF4F7BC40041C4DFFF94
:10C618004C2C110155F14400CAB7F9FF41D4D4FF9D
:10C6280009219A01473B5000AFC23BFF8D480900E2
:10C6380064A0F400E6D038003B194BFE50C2C2009B
:10C648001203C8FEA09F7300848FF7016F5D39FF46
:10C658003AED0B0186DE87FF7AA36C017B2BBEFFC8
:10C66800FBBDCEFE50B648FFD0F6E001113C0900F4
:10C67800A1CF26008D6D5B00D80FD3FF884E6E00CA
:10C6880062A368FF155079FFADB2B7017F8F040030
:10C69800683C52FED6100DFF60EE21019E94E6FF25
:10C6A8007F813EFF33FFD2FF3E8DECFE9D37E0FFDA
:10C6B8007227F400C0BCFAFFE44C3500625451FF05
:10C6C800ADCB3DFE933237FFCCEBBF0034C5F40051
:10C6D800582BD3FE1BBF7700BCE79A004251A1003C
:10C6E8005CC1A001FAE378007B37E200B81148008A
:10C6F80085A80AFE16879CFF291967FF30CA3A00E9
:10C70800BA9551FFBC86EF00EBB5BDFED98BBCFFD7
:10C718004A3052002EDAE500BDFDFB0032E50CFF81
:10C72800D38DBF0180F419FFA9E77AFE562FBDFF0C
:10C7380084B717FF25B296FF3389FD00C84E1F0046
:10C7480016693200823C000084A35BFE17E7BB0039
:10C75800C04FEF009D66A4FFC052140118B567FFD3
:10C76800F009EA00017BA4FF85E900FFCAF2F200A4
:10C778003CBAF500F110C7FFE0749EFEBF7D5BFF79
:10C78800E056CF007925E7FFE309C6FF0F99EFFFD1
:10C7980079E8D9FE4B7052005F0C39FE33D669FF39
:10C7A80094DC6101C76224009CD10CFE0AD43400D9
:10C7B800D9B437FED4AAE8FFD81454FF9DFA8700ED
:10C7C8009D637FFE01CE29009524460136C4C9FF2A
:10C7D800577400FEEBAB96001BA3EA00CA87B400AF
:10C7E800D05F00FE7B9C5D00B73E4B0089EBB60036
:10C7F800CCE1FFFFD68BD2FF027308FF1D0C6F0040
:10C80800349C0100FD15FBFF25A51FFE0C82D300FB
:10C818006A1235FE2A639A000ED93DFED80B5CFFDA
:10C82800C8C570FE9326C70024FC78FE6BA94D008E
:10C83800017B9FFFCF4B6600A3AFC4002C01F00023
:10C8480078BAB0FE0D624CFFED7CF1FFE892BCFFB8
:10C85800C860E000CC1F2900D0C80D0015E160FFBA
:10C86800AF9CC400F7D07E003EB8F4FE02AB510086
:10C8780055739E0036402DFF138A72008747CD00FE
:10C88800E32F9301DAE74200FDD11C00F40FADFF5E
:10C89800060F76FE1096D0FFB91632FF5670CFFFFE
:10C8A8004B71D7013F922BFF04E113FEE3173EFFC4
:10C8B8000EFFD6FE2D08CDFF57C597FED252D7FFE3
:10C8C800F5F8F7FF80F84600E1F757005A78460078
:10C8D800D5F55C000D85E2002FB505015CA369FF65
:10C8E800061E85FEE8B23DFFE69518FF12319E0050
:10C8F800E4643DFE74F3FBFF4D4B5C0151DB93FF99
:10C908004CA3FEFE8DD5F600E82598FE612C640048
:10C91800C9253201D4F43900AEABB7FFF94A70002B
:10C92800A69C1E00DEDD61FFF35D49FEFB6564FF2A
:10C93800D8D95DFFFE8ABBFF8EBE34FF3BCBB1FF6B
:10C94800C85E340073729EFFA59868017E63E2FF9B
:10C95800769DF4016BC81000C15AE50079065800AD
:10C968009C205DFE7DF1D3FF0EED9DFFA59A15FF7E
:10C97800B8E016FFFA1898FF714D1F00F7AB17FFC4
:10C98800EDB1CCFF348991FFC2B67200E0EA9500A0
:10C998000A6F6701C9810400EE8E4E00340628FF35
:10C9A8006ED5A5FE3CCFFD003ED74500606100FF77
:10C9B800312DCA00787916FFEB8B3001C62D22FF86
:10C9C800B6321B0183D25BFF2E368000AF7B69FF36
:10C9D800C68D4EFE43F4EFFFF53667FE4E26F2FF96
:10C9E800025CF9FEFBAE57FF8B3F9000186C1BFFF3
:10C9F800226612012216980042E576FE328F630005
:10CA080090A99501761E9800B2087901089F120036
:10CA18005A65E6FF811D770044240B01E8B737000B
:10CA280017FF60FFA129C1FF3F8BDE000FB3F300A2
:10CA3800FF640FFF523587008939950163F0AAFF1B
:10CA480016E6E4FE31B452FF3D522B006EF5D900D4
:10CA5800C77D3D002EFD34008DC5DB00D39FC1008E
:10CA6800377969FEB7148100A977AAFFCBB28BFF8B
:10CA78008728B6FFAC0DCAFF41B2940008CF2B003F
:10CA88007A357F014AA13000E3D680FE560BF3FFCA
:10CA980064560701F54486FF3D2B150198545EFF47
:10CAA800BE3CFAFEEF76E8FFD6882501714C6BFF95
:10CAB8005D68640190CE17FF6E969A01E467B9002D
:10CAC800DA3132FE874D8BFFB9014E0000A194FF89
:10CAD800611DE9FFCF9495FFA0A800005B80ABFF24
:10CAE800061C13FE0B6FF70027BB96FF8AE895001C
:10CAF800753E44FF3FD8BCFFEBEA20FE1D39A0FF7E
:10CB0800190CF101A93CBF0020838DFFED9F7BFF2D
:10CB18005EC55EFE74FE03FF5CB361FE79615CFF77
:10CB2800AA700E001595F800F8E3030050606D0038
:10CB38004BC04A010C5AE2FFA16A4401D0727FFF40
:10CB4800722AFFFE4A1A4AFFF7B396FE798C3C0018
:10CB58009346C8FFD628A1FFA1BCC9FF8D4187FF16
:10CB6800F273FC003E2FCA00B495FFFE8237ED0039
:10CB7800A511BAFF0AA9C2009C6DDAFF708C7BFF71
:10CB88006880DFFEB18E6CFF7925DBFF804D12FFD8
:10CB98006F6C17015BC04B00AEF516FF04EC3EFF4F
:10CBA8002B409901E3ADFE00ED7A84017F59BAFF6D
:10CBB8008E5280FEFC54AE005AB3B101F3D657FF33
:10CBC800673CA2FFD0820EFF0B828B00CE81DBFF79
:10CBD8005ED99DFFEFE6E6FF74739FFEA46B5F00CE
:10CBE80033DA0201D87DC6FF8CCA80FE0B5F44FF92
:10CBF80037095DFEAE9906FFCCAC600045A06E001B
:10CC0800D52631FE1B50D500767D7200464643FF7F
:10CC18000F8E49FF837AB9FFF31432FE82ED2800A4
:10CC2800D29F8C01C59741FF54994200C37E5A0098
:10CC380010EEEC0176BB66FF031885FFBB45E600E6
:10CC480038C55C01D5455EFF508AE501CE07E60090
:10CC5800DE6FE6015BE977FF09590701026201000F
:10CC6800944A85FF33F6B4FFE4B170013ABD6CFF16
:10CC7800C2CBEDFE15D1C300930A2301569DE200F5
:10CC88001FA38BFE38074BFF3E5A7400B53CA90022
:10CC98008AA2D4FE51A71F00CD5A70FF2170E3006D
:10CCA80053977501B1E049FFAE90D9FFE6CC4FFF2D
:10CCB800164DE8FF724EEA00E0397EFE09318D001C
:10CCC800F293A50168B68CFFA7840C017B447F0012
:10CCD800E1572701FB6C0800C6C18F017987CFFF98
:10CCE800AC164600324474FF65AF28FFF869E900C6
:10CCF800A6CB07006EC5DA00D7FE1AFEA8E2FD0033
:10CD08001F8F60000B672900B781CBFE64F74AFFCD
:10CD1800D57E8400D2932C00C7EA1B01942FB5005E
:10CD28009B5B9E013669AFFF024E91FE669A5F00DB
:10CD380080CF7FFE347CECFF82544700DDF3D300C4
:10CD480098AACF00DE6AC700B7545EFE5CC838FFF9
:10CD58008AB673018E6092008588E400611296009D
:10CD680037FB42008C660400CA6797001E13F8FF61
:10CD780033B8CF00CAC6590037C5E1FEA95FF9FF2D
:10CD8800424144FFBCEA7E00A6DF640170EFF40074
:10CD98009017C2003A27B600F42C18FEAF44B3FF30
:10CDA80098769A01B0A28200D972CCFEAD7E4EFF71
:10CDB80021DE1EFF24025BFF028FF30009EBD70080
:10CDC80003AB970118D7F5FFA82FA4FEF192CF0067
:10CDD8004581B40044F37100903548FEFB2D0E00E8
:10CDE800176EA80044444FFF6E465FFEAE5B90FF8F
:10CDF80021CE5FFF892907FF13BB99FE23FF70FF30
:10CE08000991B9FE329D25000B7031016608BEFFFD
:10CE1800EAF3A9013C5517004A27BD007431EF0019
:10CE2800ADD5D2002EA16CFF9F962500C478B9FF1E
:10CE3800226206FF99C33EFF61E647FF663D4C004C
:10CE48001AD4ECFFA4611000C63B9200A317C400DB
:10CE580038183D00B562C100FB93E5FF62BD18FFBD
:10CE68002E36CEFFEA52F600B76726016D3ECC009B
:10CE78000AF0E000921675FF8E9A780045D42300D8
:10CE8800D063760179FF03FF4806C2007511C5FF1C
:10CE98007D0F17009A4F9900D65EC5FFB93793FFEB
:10CEA8003EFE4EFE7F5299006E663FFF6C52A1FF18
:10CEB80069BBD401508A27003CFF5DFF480CBA00CB
:10CEC800D2FB1F01BEA790FFE42C13FE8043E800AD
:10CED800D6F96BFE889156FF842EB000BDBBE3FFE8
:10CEE800D0168C00D9D374003251BAFE8BFA1F00C9
:10CEF8001E40C601879B6400A0CE17FEBBA2D3FFCD
:10CF080010BC3F00FED031005554BF00F1C0F2FF05
:10CF1800997E9101EAA2A2FFE661D80140877E00CE
:10CF2800BE94DF0134002BFF1C27BD014088EE00B2
:10CF3800AFC4B90062E2D5FF7F9FF401E2AF3C00C5
:10CF4800A0E98E01B4F3CFFF459859011F6515007C
:10CF58009019A4FE8BBFD1005B19790020930500BE
:10CF680027BA7BFF3F73E6FF5DA7C6FF8FD5DCFFBF
:10CF7800B39C13FF19427A00D6A0D9FF022D3EFFB9
:10CF88006A4F92FE338963FF5764E7FFAF91E8FF6A
:10CF980065B801FFAE097D005225A10124728DFFFD
:10CFA80030DE8EFFF5BA9A0005AEDDFE3F729BFFBC
:10CFB8008737A001501F87007EFAB301ECDA2D00F5
:10CFC800141C910110934900F9BD840111BDC0FFE3
:10CFD800DF8EC6FF48140FFFFA35EDFE0F0B120067
:10CFE8001BD371FED56B38FFAE9392FF607E300085
:10CFF80017C16D0125A25E00C79DF9FE1880BBFF11
:10D00800CD31B2FE5DA42AFF2B77EB0158B7EDFFB7
:10D01800DAD201FF6BFE2A00E60A63FFA200E200F3
:10D02800DBED5B0081B2CB00D0325FFECED05FFF7C
:10D03800F7BF59FE6EEA4FFFA53DF300147A70FF63
:10D04800F6F6B9FE67047B00E963E601DB5BFCFFEB
:10D05800C7DE16FFB3F5E9FFD3F1EA006FFAC0FFA8
:10D0680055548800653A32FF83AD9CFE772D33FF17
:10D0780076E910FEF25AD6005E9FDB010303EAFF51
:10D08800624C5CFE5036E60005E4E7FE3518DFFF2B
:10D0980071387601148401FFABD2EC0038F19EFFA1
:10D0A800BA7313FF08E5AE00302C00017272A6FFB8
:10D0B8000649E2FFCD59F40089E34B01F8AD380089
:10D0C8004A78F6FE77030BFF5178C6FF887A62FF2D
:10D0D80092F1DD016DC24EFFDFF14601D6C8A9FF0E
:10D0E80061BE2FFF2F67AEFF635C48FE76E9B4FF91
:10D0F800C123E9FE1AE520FFDEFCC600CC2B47FF62
:10D10800C754AC008666BE006FEE61FEE628E600F6
:10D11800E3CD40FEC80CE100A619DE00714533FFDF
:10D128008F9F1800A7B84A001DE074FE9ED0E90042
:10D13800C1747EFFD40B85FF163A8C01CC2433FFD3
:10D14800E81E2B00EB46B5FF403892FEA91254FFAB
:10D15800E2010DFFC832B0FF34D5F5FEA8D1610059
:10D16800BF473700224E9C00E8903A01B94ABD00FB
:10D17800BA8E95FE40457FFFA1CB93FFB097BF00C5
:10D1880088E7CBFEA3B68900A17EFBFEE92042001A
:10D1980044CF42001E1C25005D726001FE5CF7FF53
:10D1A8002CAB4500CA770BFFBC763201FF5388FFD2
:10D1B80047521A0046E3020020EB7901B5299A008C
:10D1C8004786E5FECAFF2400299805009A3F49FFD3
:10D1D80022B67C0079DD96FF1ACCD50129AC570020
:10D1E8005A9D92FF6D821400476BC8FFF366BD001D
:10D1F80001C391FE2E58750008CEE300BF6EFDFFF7
:10D208006D8014FE865533FF89B17001D82216FF50
:10D218008310D0FF7995AA0072131701A6501FFF3B
:10D2280071F07A00E8B3FA00446EB4FED2AA77002F
:10D23800DF6CA4FFCF4FE9FF1BE5E2FED16251FF8F
:10D248004F44070083B96400AA1DA2FF11A26BFF17
:10D2580039150B0164C8B5FF7F41A601A586CC002E
:10D2680068A7A80001A44F0092873B01463280FFBF
:10D2780066770DFEE3068700A28EB3FFA064DE008A
:10D288001BE0DB019E5DC3FFEA8D890010187DFF5E
:10D29800EECE2FFF611162FF746E0CFF60734D00BC
:10D2A8005BE3E8FFF8FE4FFF5CE506FE58C68B001F
:10D2B800CE4B8100FA4DCEFF8DF47B018A45DC0010
:10D2C8002097060183A716FFED44A7FEC7BD960069
:10D2D800A3AB8AFF33BC06FF5F1D89FE94E2B3004F
:10D2E800B56BD0FF861F52FF97652DFF81CAE100FD
:10D2F800E0489300308A97FFC340CEFEEDDA9E00E7
:10D308006A1D89FEFDBDE9FF670F11FFC261FF00BD
:10D31800B22DA9FEC6E19B00273075FF876A73000E
:10D328006126B500962F41FF5382E5FEF62681005F
:10D338005CEF9AFE5B637F00A16F21FFEED9F2FFDD
:10D3480083B9C3FFD5BF9EFF2996DA0084A983005D
:10D358005954FC01AB4680FFA3F8CBFE0132B4FF61
:10D368007C4C5501FB6F50006342EFFF9AEDB6FF0E
:10D37800DD7E85FE4ACC63FF419377FF6338A7FFC4
:10D388004FF895FF749BE4FFED2B0EFE45890BFFCC
:10D3980016FAF1015B7A8FFFCDF9F300D41A3CFF3E
:10D3A80030B6B0013017BFFFCB7998FE2D4AD5FFB4
:10D3B8003E5A12FEF5A3E6FFB96A74FF53239F0095
:10D3C8000C2102FF50223E001057AEFFAD655500FC
:10D3D800CA2451FEA045CCFF40E1BB003ACE5E0016
:10D3E80056902F00E556F5003F91BE012505270010
:10D3F8006DFB1A008993EA00A27991FF9074CEFF21
:10D40800C5E8B9FFB7BE8CFF490CFEFF8B14F2FFCD
:10D41800AA5AEFFF6142BBFFF5B587FEDE883400EC
:10D42800F50533FECB2F4E009865D80049177D00CF
:10D43800FE602101EBD249FF2BD1580107816D0015
:10D448007A68E4FEAAF2CB00F2CC87FFCA1CE9FF97
:10D4580041067F009F904700648C5F004E960D0048
:10D46800FB6B7601B63A7DFF01266CFF8DBDD1FFBF
:10D47800089B7D0171A35BFF794FBEFF86EF6CFFB0
:10D488004C2FF800A3E4EF00116F0A0058954BFFEA
:10D49800D7EBEF00A79F18FF2F976CFF6BD1BC004D
:10D4A800E9E763FE1CCA94FFAE238AFF6E1844FFA7
:10D4B8000245B5006B66520066ED07005C24EDFF7F
:10D4C800DDA2530137CA06FF87EA87FF18FADE0094
:10D4D800415EA8FEF5F8D2FFA76CC9FEFFA16F0058
:10D4E800CD08FE00880D740064B084FF2BD77EFF42
:10D4F800B18582FF9E4F940043E025010CCE15FFB5
:10D508003E226E01ED68AFFF50846FFF8EAE48007B
:10D5180054E5B4FE69B38C0040F80FFFE98A1000A7
:10D52800F5437BFEDA79D4FF3F5FDA01D58589FFC1
:10D538008FB652FF301C0B00F4728D01D1AF4CFF37
:10D548009DB596FFBAE503FFA49D6F01E7BD8B006B
:10D5580077CABEFFDA6A40FF44EB3FFE601AACFFB1
:10D56800BB2F0B01D712FBFF51545900443A8000DE
:10D578005E7105015C81D0FF610F53FE091CBC0080
:10D58800EF09A4003CCD9800C0A362FFB8123C008C
:10D59800D9B68B006D3B78FF04C0FB00A9D2F0FF21
:10D5A80025AC5CFE94D3F5FFB3413400FD0D730048
:10D5B800B9AECE0172BC95FFED5AAD002BC7C0FFC6
:10D5C800586C710034234C00421994FFDD0407FFA6
:10D5D80097F172FFBED1E8006232C7009796D5FF77
:10D5E800124A240135280700138741FF1AAC450069
:10D5F800AEED5500635F29000338100027A0B1FF86
:10D60800C86ADAFEB94454FF5BBA3DFE438F8DFF0A
:10D618000DF4A6FF6372C600C76EA3FFC112BA005D
:10D628007CEFF6016E44160002EB2E01D43C6B0031
:10D63800692A69010EE69800070583008D689AFF3C
:10D64800D503060083E4A2FFB3641C01E77B55FF02
:10D65800CE0EDF01FD60E6002698950162897A000A
:10D66800D6CD03FFE298B3FF068589009E458CFF5F
:10D6780071A29AFFB4F3ACFF1BBD73FF8F2EDCFFC2
:10D68800D586E1FF7E1D4500BC2B8901F2460900C5
:10D698005ACCFFFFE7AA9300173813FE387D9DFF89
:10D6A80030B3DAFF4FB6FDFF26D4BF0129EB7C006B
:10D6B80060971C008794BE00CDF927FE346088FF70
:10D6C800D42C88FF43D183FFFC8217FFDB8014FF33
:10D6D800C68176006C650B00B20592013E0764FFB7
:10D6E800B5EC5EFE1C1AA4004C1670FF78664F005D
:10D6F800CAC0E501C8B0D7002940F4FFCEB84E0033
:10D70800A72D3F01A02300FF3B0C8EFFCC0990FF03
:10D71800DB5EE5017A1B7000BD696DFF40D04AFFF2
:10D72800FB7F370102E2C6002C4CD10097984DFFD1
:10D73800D2172E01C9AB45FF2CD3E700BE25E0FF69
:10D74800F5C43EFFA9B5DEFF22D3110077F1C5FF6E
:10D75800E5239801154528FFB2E2A10094B3C10062
:10D76800DBC2FE0128CE33FFE75CFA014399AA0029
:10D778001594F100AA4552FF7912E7FF5C72030085
:10D78800B83EE600E1C957FF9260A2FFB5F2DC009F
:10D79800ADBBDD01E23EAAFF387ED901750DE3FF7E
:10D7A800B32CEF009D8D9BFF90DD5300EBD1D00093
:10D7B8002A11A501FB5185007CF5C9FE61D318FF2C
:10D7C80053D6A6009A2409FFF82F7F005ADB8CFF56
:10D7D800A1D926FED4933FFF42549401CF03010000
:10D7E800E68659017F4E7AFFE09B01FF52884A0086
:10D7F800B29CD0FFBA1931FFDE03D201E596BEFF15
:10D8080055A234FF29548DFF497B54FE5D119600C3
:10D8180077131C012016D7FF1C17CCFF8EF134FF9D
:10D82800E4347D001D4CCF00D7A7FAFEAFA4E60074
:10D8380037CF69016DBBF5FFA12CDC01296580FF9D
:10D84800A7105E005DD66BFF764800FE503DEAFFEC
:10D8580079AF7D008BA9FB00612793FEFAC431FFE5
:10D86800A5B36EFEDF46BBFF168E7D019AB38AFF15
:10D8780076B02A010AAE99009C5C6600A80DA1FF4B
:10D888008F102000FAC5B4FFCBA32C015720240029
:10D89800A19914FF7BFC0F0019E350003C588E003F
:10D8A8001116C9019ACD4DFF273F2F00087A8D0028
:10D8B8008017B6FECC2713FF04701DFF17248CFFBA
:10D8C800D2EA74FE35323FFF79AB68FFA0DB5E0019
:10D8D80057520EFEE72A0500A58B7FFE564E2600FE
:10D8E800823C42FECB1E2DFF2EC47A01F935A2FFE1
:10D8F800888F67FED7D27200E707A0FEA9982AFF93
:10D908006F2DF6008E8387FF8347CCFF24E20B0040
:10D91800001CF2FFE18AD5FFF72ED8FEF503B70009
:10D928006CFC4A01CE1A30FFCD36F6FFD3C624FF71
:10D938007923320034D8CAFF268B81FEF24994003D
:10D9480043E78DFF2A2FCC004E74190104E1BFFF75
:10D958000693E4003A58B1007AA5E5FFFC53C9FFE5
:10D96800E0A76001B1B89EFFF269B301F8C6F00004
:10D978008542CB01FE242F002D1873FF773EFE0051
:10D98800C4E1BAFE7B8DAC001A5529FFE26FB700DF
:10D99800D5E79700043B07FFEE8A9400429321FFE6
:10D9A8001FF68DFFD18D74FF68701F0058A1AC0061
:10D9B80053D7E6FE2F6F97002D263401842DCC0017
:10D9C8008A806DFEE97586FFF3BEADFEF1ECF000CE
:10D9D800527FECFE28DFA1FF6EB6E1FF7BAEEF00C1
:10D9E80087F2910133D19A00960373FED9A4FCFF04
:10D9F800379C4501545EFFFFE8492D011413D4FFFD
:10DA080060C53BFE60FB210026C7490140ACF7FF1B
:10DA1800757438FFE41112003E8A6701F6E5A4FF29
:10DA2800F476C9FE56209FFF6D22890155D3BA00AE
:10DA38000AC1C1FE7AC2B1007AEE66FFA2DAAB0073
:10DA48006CD9A1019EAA2200B02F9B01B5E40BFF5F
:10DA5800089C0000104B5D00CE62FF013A9A23003B
:10DA68000CF3B8FE437542FFE6E57B00C92A6E0059
:10DA780086E4B2FEBA6C76FF3A139AFF52A93EFFCB
:10DA8800728F7301EFC432FFAD30C1FF930254FFB0
:10DA9800968693FE5FE849006DE334FEBF890A006D
:10DAA80028CC1EFE4C3461FFA4EB7E00FE7CBC003B
:10DAB8004AB61501791D23FFF11E07FE55DAD6FF78
:10DAC800075496FE511B75FFA09F98FE4218DDFF74
:10DAD800E30A3C018D876600D0BD960175B35C00F2
:10DAE800841688FF78C71C0015814FFEB6094100CF
:10DAF800DAA3A900F693C6FF6B2690014EAFCDFFBF
:10DB0800D605FAFE2F581DFFA42FCCFF2B3706FF92
:10DB18008386CFFE7464D600608C4B016ADC90006B
:10DB2800C3201C01AC5105FFC7B334FF2554CB00FB
:10DB3800AA70AE000B045B0045F41B0175835C0002
:10DB48002198AFFF8C996BFFFB872BFE578A04FF48
:10DB5800C6EA93FE799854FFCD659B019D0919008B
:10DB6800486A11FE6C9900FFBDE5BA00C108B0FF14
:10DB7800AE95D100EE821D00E9D67E013DE2660039
:10DB880039A30401C66F33FF2D4F4E0173D20AFF2C
:10DB9800DA0919FF9E8BC6FFD352BBFE508553008E
:10DBA8009D81E601F38586FF288810004D6B4FFFA5
:10DBB800B7555C01B1CCCA00A34793FF9845BE0096
:10DBC800AC33BC01FAD2ACFFD3F2710159591AFF38
:10DBD80040426FFE74982A00A1271BFF3650FE00B2
:10DBE8006AD17301677C6100DDE662FF1FE706000A
:10DBF800B2C078FE0FD9CBFF7C9E4F007091F70022
:10DC08005CFA3001A3B5C1FF252F8EFE90BDA5FF9C
:10DC18002E92F000064B8000299DC8FE5779D5004A
:10DC28000171EC00052DFA00900C52001F6CE70002
:10DC3800E1EF77FFA707BDFFBBE484FF6EBD2200BD
:10DC48005E2CCC01A234C5004EBCF1FE39148D0007
:10DC5800F4922F01CE6433007D6B94FE1BC34D00FC
:10DC680098FD5A01078F90FF33251F00227726FF62
:10DC780007C5760099BCD300971474FEF54134FFAC
:10DC8800B4FD6E012FB1D100A16311FF76DECA0089
:10DC98007DB3FC017B367EFF9139BF0037BA79002E
:10DCA8000AF38A00CDD3E5FF7D9CF1FE949CB9FF71
:10DCB800E313BCFF7C2920FF1F22CEFE113953003D
:10DCC800CC1625FF2A6062007766B80103BE1C00E7
:10DCD8006E52DAFFC8CCC0FFC991760075CC9200AD
:10DCE80084206201C0C279006AA1F801ED587C0065
:10DCF80017D41A00CDAB5AFFF830D8018D25E6FFAE
:10DD08007CCB00FE9EA81EFFD6F8150070BB07FF4F
:10DD18004B85EFFF4AE3F3FFFA934600D678A2005B
:10DD2800A709B3FF169E1200DA4DD101616D51FFAC
:10DD3800F421B3FF393439FF41ACD2FFF947D1FFA1
:10DD48008EA9EE009EBD99FFAEFE67FE62210E0011
:10DD58008D4CE6FF718B34FF0F3AD400A8D7C9FF6A
:10DD6800F8CCD701DF44A0FF399AB7FE2FE7790036
:10DD78006AA6890051888A00A52B3300E78B3D00ED
:10DD8800395F3BFE766219FF973FEC015EBEFAFFF2
:10DD9800A9B9720105FA3AFF4B696101D7DF86001C
:10DDA8007163A301803E7000636A9300A3C30A00F5
:10DDB80021CDB600D60EAEFF8126E7FF35B6DF00CF
:10DDC800622A9FFFF70D2800BCD2B101061500FF9B
:10DDD800FF3D94FE892D81FF591A74FE7E2672003C
:10DDE800FB32F2FE798680FFCCF9A7FEA5EBD700BF
:10DDF800CAB1F300858D3E00F082BE016EAFFF0010
:10DE08000014920125D279FF072782008EFA54FF69
:10DE18008DC8CF00095F68FF0BF4AE0086E87E006E
:10DE2800A7017BFE10C195FFE8E9EF01D54670FF19
:10DE3800FC74A0FEF2DEDCFFCD55E30007B93A0022
:10DE480076F73F01744DB1FF3EF5C8FE3F1225FF3E
:10DE58006B35E8FE32DDD300A2DB07FE025E2B0045
:10DE6800B63EB6FEA04EC8FF878CAA00EBB8E40009
:10DE7800AF358AFE503A4DFF98C902013FC42200CF
:10DE8800051EB800ABB09A00793BCE002663270088
:10DE9800AC504DFE00869700BA21F1FE5EFDDFFF13
:10DEA8002C72FC006C7E39FFC9280DFF27E51BFF8B
:10DEB80027EF1701977933FF9996F8000AEAAEFF22
:10DEC80076F604FEC8F5260045A1F20110B29600C8
:10DED80071388200AB1F69001A586CFF312A6A003A
:10DEE800FBA94200455D95001439FE00A4196F0096
:10DEF8005ABC5AFFCC04C50028D53201D46084FF2F
:10DF0800588AB4FEE4927CFFB8F6F700417556FFD4
:10DF1800FD66D2FEFE792400897303FF3C18D80001
:10DF280086121D003BE26100B08E470007D1A100B8
:10DF3800BD5433FE9BFA4800D554EBFF2DDEE000BC
:10DF4800EE948FFFAA2A35FF4EA77500BA0028FF66
:10DF58007DB167FF45E14200E30758014BAC06007D
:10DF6800A92DE301102446FF320209FF8BC11600D8
:10DF78008FB7E7FEDA453200EC38A101D5832A00D5
:10DF88008A912CFE88E528FF313F23FF3D91F5FF5C
:10DF980065C002FEE8A771009868260179B9DA0021
:10DFA800798BD3FE77F0230041BDD9FEBBB3A2FF26
:10DFB800A0BBE6003EF80EFF3C4E6100FFF7A3FF52
:10DFC800E13B5BFF6B473AFFF12F21013275EC0013
:10DFD800DBB13FFEF45AB30023C2D7FFBD4332FF83
:10DFE8001787810068BD25FFB939C200233EE7FFC6
:10DFF800DCF86C000CE7B2008F505B01835D65FFB5
:10E0080090270201FFFAB2000511ECFE8B202E00CA
:10E01800CCBC26FEF57334FFBF7149FEBF6C45FFCB
:10E028001645F50117CBB200AA63AA0041F86F00A4
:10E03800256C99FF4025450000583EFE599490FFF5
:10E04800BF44E001F127350029CBEDFF917EC2FFE7
:10E05800DD2AFDFF1963970061FDDF014A7331FF77
:10E0680006AF48FF3BB0CB007CB7F901E4E463009E
:10E07800810CCFFEA8C0C3FFCCB010FE98EAAB005D
:10E088004D2555FF217887FF8EC2E3011FD63A0040
:10E09800D5BB7DFFE82E3CFFBE742AFE97B213FF66
:10E0A800333EEDFECCECC100C2E83C00AC229DFF43
:10E0B800BD10B8FE67035FFF8DE924FE29190BFF29
:10E0C80015C3A60076F52D0043D595FF9F0C12FFCA
:10E0D800BBA4E301A01905000C4EC3012BC5E10048
:10E0E800308E29FEC49B3CFFDFC7120191889C003B
:10E0F800FC75A9FE91E2EE00EF176B006DB5BCFF51
:10E10800E67031FE49AAEDFFE7B7E3FF50DC1400E3
:10E11800C26B7F017FCD65002E34C501D2AB24FFD1
:10E1280058035AFF38978D0060BBFFFF2A4EC8007E
:10E13800FE464601F47DA800CC448A017CD74600FF
:10E148006642C8FE1134E40075DC8FFECBF87B0014
:10E158003812AEFFBA97A4FF33E8D001A0E42BFF32
:10E16800F91D190144BE3F00000000100000000026
:10E178000010000006000700080000000000000072
:10E188000000000077D301082DD401085BD30108F3
:10E198000FD6010831D30108BDD6010841D30108C3
:10E1A80053D8010875D801080D0A005245454E5448
:10E1B800206D616C6C6F632073756363656564655E
:10E1C80064002F5F5F772F61726D2D6E6F6E652D06
:10E1D800656162692D6763632D787061636B2F6178
:10E1E800726D2D6E6F6E652D656162692D67636353
:10E1F8002D787061636B2F6275696C642F6C696E22
:10E2080075782D7836342F736F75726365732F6E3A
:10E2180065776C69622D63796777696E2F6E6577AC
:10E228006C69622F6C6962632F7374646C69622F06
:10E2380072616E642E63006E6600696E697479009F
:10E24800616E000034000000CEFBFFFFCB0300002E
:10E25800010000000000000035000000CEFBFFFFB9
:10E26800CB030000010000000000000000000000D7
:10E27800BC89D897B2D29C3C33A7A8D523F6493994
:10E288003DA7F444FD0FA5329D978CCF08BA5B25B6
:10E29800436FAC642806681100202020202020202D
:10E2A800202028282828282020202020202020203E
:10E2B800202020202020202020881010101010104E
:10E2C800101010101010101010040404040404049A
:10E2D8000404041010101010101041414141414134
:10E2E8000101010101010101010101010101010116
:10E2F8000101010110101010101042424242424226
:10E3080002020202020202020202020202020202E5
:10E31800020202021010101020000000000000008D
:10E3280000000000000000000000000000000000E5
:10E3380000000000000000000000000000000000D5
:10E3480000000000000000000000000000000000C5
:10E3580000000000000000000000000000000000B5
:10E3680000000000000000000000000000000000A5
:10E378000000000000000000000000000000000095
:10E388000000000000000000000000000000000085
:10E39800000000000000000000504F534958002CB6
:10E3A8002066756E6374696F6E3A200061737365D9
:10E3B8007274696F6E2022257322206661696C650C
:10E3C800643A2066696C6520222573222C206C69CA
:10E3D8006E65202564257325730A0042616C6C6F95
:10E3E8006320737563636565646564002F5F5F7799
:10E3F8002F61726D2D6E6F6E652D656162692D6777
:10E4080063632D787061636B2F61726D2D6E6F6E13
:10E41800652D656162692D6763632D787061636B33
:10E428002F6275696C642F6C696E75782D78363437
:10E438002F736F75726365732F6E65776C69622DC4
:10E4480063796777696E2F6E65776C69622F6C697F
:10E4580062632F7374646C69622F6764746F612DD3
:10E468006765746865782E63002F5F5F772F617228
:10E478006D2D6E6F6E652D656162692D6763632D05
:10E48800787061636B2F61726D2D6E6F6E652D658F
:10E498006162692D6763632D787061636B2F6275A4
:10E4A800696C642F6C696E75782D7836342F736FAC
:10E4B80075726365732F6E65776C69622D63796712
:10E4C80077696E2F6E65776C69622F6C6962632F4E
:10E4D8007374646C69622F6D707265632E630000DB
:10E4E80005000000190000007D0000000000000089
:10E4F8000080E03779C34143176E05B5B5B8934638
:10E50800F5F93FE9034F384D321D30F94877825A03
:10E518003CBF737FDD4F1575000000000000F03F21
:10E5280000000000000024400000000000005940E6
:10E538000000000000408F40000000000088C34039
:10E5480000000000006AF8400000000080842E41AE
:10E5580000000000D01263410000000084D79741FA
:10E568000000000065CDCD41000000205FA0024200
:10E57800000000E876483742000000A2941A6D4275
:10E58800000040E59C30A2420000901EC4BCD64268
:10E5980000003426F56B0C430080E03779C3414313
:10E5A80000A0D8855734764300C84E676DC1AB4389
:10E5B800003D9160E458E143408CB5781DAF1544A7
:10E5C80050EFE2D6E41A4B4492D54D06CFF0804482
:10E5D800F64AE1C7022DB544B49DD9794378EA4497
:10E5E800232D302B2000686C4C0065666745464734
:10E5F80000303132333435363738394142434445B7
:10E608004600303132333435363738396162636425
:04E618006566000033
:08E61C00C02BFD7F010000008E
:10E6240031DC0108C5120008356000085D9B000854
:10E6340079A0000895BA0008E5F0000841F3000845
:10E64400B9390108F93A0108F5470108EDD601087E
:08E65400E9E4010809EA0108EC
:10E65C00A11200080D610008D99B0008F1F0000818
:0CE66C0051F300080148010839EA0108D8
:10E6780001000000100000000000004800040048ED
:10E6880000080048001C0048FFFFFFFF0030024060
:10E698000000000000000000000000000000000072
:10E6A8000000000000000000000000000100000061
:10E6B80000093D000000000000000000000000000C
:10E6C8000000000000000000000000000000000042
:10E6D8000000000000000000000000000000000032
:10E6E8000000000000000000000000000000000022
:10E6F8000000000000000000000000000000000012
:10E708000000000000000000000000000000000001
:10E7180000000000000000000000000000000000F1
:10E7280000000000000000000000000000000000E1
:10E7380000000000000000000000000000000000D1
:10E7480000000000000000000000000000000000C1
:10E7580000000000FFFFFFFFFFFFFFFFFFFFFFFFBD
:10E76800FFFFFFFF000300000000000000000000A2
:10E77800000000000000000000000000C03A002077
:10E7880000010101000201010004020178000000FB
:10E79800F04602080000000031F00008A1EF000870
:10E7A8001DEF000817EF000800080000000800002F
:10E7B80000080000100000008000000000000000B9
:10E7C800000000000000000000000000FFFFFFFF45
:10E7D800000000000A0000000A000000000000001D
:10E7E80059F3F8C21F6EA501000000000000F03FB9
:10E7F8006042A20D0000803F0000000003000000FE
:10E808007C390020430000000000000000000000E8
:10E8180000000000000000000000000000000000F0
:10E82800000000004300000000000000000000009D
:10E8380000000000000000000000000000000000D0
:10E84800000000004300000000000000000000007D
:10E8580000000000000000000000000000000000B0
:10E86800000000004300000000000000000000005D
:10E878000000000000000000000000000000000090
:10E88800000000004300000000000000000000003D
:10E898000000000000000000000000000000000070
:10E8A800000000004300000000000000000000001D
:10E8B8000000000000000000000000000000000050
:10E8C80000000000430000000000000000000000FD
:10E8D8000000000000000000000000000000000030
:10E8E80000000000092D02087B2302080000000038
:10E8F800A0E20208A3660208B2E10208B2E1020837
:10E90800B2E10208B2E10208B2E10208B2E102088B
:10E91800B2E10208B2E10208B2E10208FFFFFFFF1C
:10E92800FFFFFFFFFFFFFFFFFFFF00000100415354
:10E9380043494900000000000000000000000000FA
:10E94800000000000000000000000000000041532B
:10E9580043494900000000000000000000000000DA
:10E96800000000000000000000000000000000009F
:10E9780004030020000000007C390020E439002056
:10E988004C3A0020000000000000000000000000D9
:10E99800000000000000000000000000000000006F
:10E9A800000000000000000000000000000000005F
:10E9B800000000000000000000000000000000004F
:040000050801DCCD45
:00000001FF
