:020000040800F2
:1000000000000120D1FB010821FC010821FC0108AE
:1000100021FC010821FC010821FC0108000000006E
:1000200000000000000000000000000021FC0108AA
:1000300021FC01080000000021FC01089368000871
:1000400021FC010821FC010821FC010821FC010818
:1000500021FC010821FC0108DD6A0008E36A0008B0
:10006000E96A0008EF6A0008F56A000821FC010847
:1000700021FC010821FC010821FC010821FC0108E8
:1000800021FC010821FC010821FC010821FC0108D8
:100090000000000021FC0108FB6A000821FC0108A7
:1000A000CD62000821FC0108E1620008E562000859
:1000B000F96200080D630008F50C0108010D010844
:1000C0000D0D0108190D010821FC010821FC010892
:1000D000457700085D7700087977000821FC010862
:1000E00021FC0108116B000821FC010821FC01081A
:1000F00021FC0108000000000000000021FC0108B4
:10010000250D0108310D01081108020821FC010824
:1001100021FC010821FC010821FC010821FC010847
:1001200021FC010821FC010821FC010821FC010837
:0801300021FC010821FC01087B
:1001400081F0004102E000BF83F0004330B54FEA88
:1001500041044FEA430594EA050F08BF90EA020FF5
:100160001FBF54EA000C55EA020C7FEA645C7FEA88
:10017000655C00F0E2804FEA5454D4EB5555B8BFAB
:100180006D420CDD2C4480EA020281EA030382EA1C
:10019000000083EA010180EA020281EA0303362DAE
:1001A00088BF30BD11F0004F4FEA01314FF4801C81
:1001B0004CEA113102D0404261EB410113F0004F93
:1001C0004FEA03334CEA133302D0524263EB43034A
:1001D00094EA050F00F0A780A4F10104D5F1200EE8
:1001E0000DDB02FA0EFC22FA05F2801841F1000143
:1001F00003FA0EF2801843FA05F359410EE0A5F117
:1002000020050EF1200E012A03FA0EFC28BF4CF047
:10021000020C43FA05F3C01851EBE37101F00045FD
:1002200007D54FF0000EDCF1000C7EEB00006EEB0A
:100230000101B1F5801F1BD3B1F5001F0CD3490894
:100240005FEA30004FEA3C0C04F101044FEA4452EB
:1002500012F5800F80F09A80BCF1004F08BF5FEA72
:10026000500C50F1000041EB045141EA050130BD52
:100270005FEA4C0C404141EB0101013C28BFB1F564
:10028000801FE9D291F0000F04BF01460020B1FAAF
:1002900081F308BF2033A3F10B03B3F120020CDA82
:1002A0000C3208DD02F1140CC2F10C0201FA0CF060
:1002B00021FA02F10CE002F11402D8BFC2F1200CC5
:1002C00001FA02F120FA0CFCDCBF41EA0C0190407B
:1002D000E41AA2BF01EB0451294330BD6FEA0404C4
:1002E0001F3C1CDA0C340EDC04F11404C4F12002AF
:1002F00020FA04F001FA02F340EA030021FA04F3C1
:1003000045EA030130BDC4F10C04C4F1200220FA17
:1003100002F001FA04F340EA0300294630BD21FA55
:1003200004F0294630BD94F0000F83F4801306BF1B
:1003300081F480110134013D4EE77FEA645C18BF0F
:100340007FEA655C29D094EA050F08BF90EA020FA6
:1003500005D054EA000C04BF1946104630BD91EA9E
:10036000030F1EBF0021002030BD5FEA545C05D1A1
:100370004000494128BF41F0004130BD14F58004E0
:100380003CBF01F5801130BD01F0004545F0FE4154
:1003900041F470014FF0000030BD7FEA645C1ABF89
:1003A000194610467FEA655C1CBF0B46024650EAC0
:1003B000013406BF52EA033591EA030F41F40021EC
:1003C00030BD00BF90F0000F04BF0021704730B572
:1003D0004FF4806404F132044FF000054FF0000147
:1003E00050E700BF90F0000F04BF0021704730B508
:1003F0004FF4806404F1320410F0004548BF4042DD
:100400004FF000013EE700BF42004FEAE2014FEA31
:1004100031014FEA02701FBF12F07F4393F07F4F0C
:1004200081F06051704732F07F4208BF704793F00F
:100430007F4F04BF41F40021704730B54FF4607422
:1004400001F0004521F000411CE700BF50EA010225
:1004500008BF704730B54FF000050AE050EA0102CE
:1004600008BF704730B511F0004502D5404261EB3E
:1004700041014FF4806404F132045FEA915C3FF47F
:10048000D8AE4FF003025FEADC0C18BF03325FEA1C
:10049000DC0C18BF033202EBDC02C2F1200300FACD
:1004A00003FC20FA02F001FA03FE40EA0E0021FAF2
:1004B00002F11444BDE600BF70B54FF0FF0C4CF4E0
:1004C000E06C1CEA11541DBF1CEA135594EA0C0F92
:1004D00095EA0C0F00F0DEF82C4481EA030621EACD
:1004E0004C5123EA4C5350EA013518BF52EA033508
:1004F00041F4801143F4801338D0A0FB02CE4FF0BA
:100500000005E1FB02E506F00042E0FB03E54FF0E9
:100510000006E1FB03569CF0000F18BF4EF0010EE1
:10052000A4F1FF04B6F5007F64F5407404D25FEADD
:100530004E0E6D4146EB060642EAC62141EA555190
:100540004FEAC52040EA5E504FEACE2EB4F1FD0CD2
:1005500088BFBCF5E06F1ED8BEF1004F08BF5FEA50
:10056000500E50F1000041EB045170BD06F0004602
:1005700046EA010140EA020081EA0301B4EB5C04AF
:10058000C2BFD4EB0C0541EA045170BD41F48011A7
:100590004FF0000E013C00F3AB8014F1360FDEBFCC
:1005A000002001F0004170BDC4F10004203C35DAA8
:1005B0000C341BDC04F11404C4F1200500FA05F32B
:1005C00020FA04F001FA05F240EA020001F00042CC
:1005D00021F0004110EBD37021FA04F642EB060142
:1005E0005EEA430E08BF20EAD37070BDC4F10C046C
:1005F000C4F1200500FA04F320FA05F001FA04F230
:1006000040EA020001F0004110EBD37041F100011B
:100610005EEA430E08BF20EAD37070BDC4F1200526
:1006200000FA05F24EEA020E20FA04F301FA05F28E
:1006300043EA020321FA04F001F0004121FA04F236
:1006400020EA020000EBD3705EEA430E08BF20EA06
:10065000D37070BD94F0000F0FD101F00046400040
:1006600041EB010111F4801F08BF013CF7D041EAC2
:10067000060195F0000F18BF704703F000465200C6
:1006800043EB030313F4801F08BF013DF7D043EA97
:100690000603704794EA0C0F0CEA135518BF95EA4D
:1006A0000C0F0CD050EA410618BF52EA4306D1D1D4
:1006B00081EA030101F000414FF0000070BD50EAF3
:1006C000410606BF1046194652EA430619D094EA7D
:1006D0000C0F02D150EA013613D195EA0C0F05D167
:1006E00052EA03361CBF104619460AD181EA0301BB
:1006F00001F0004141F0FE4141F470014FF0000073
:1007000070BD41F0FE4141F4780170BD70B54FF00D
:10071000FF0C4CF4E06C1CEA11541DBF1CEA13558D
:1007200094EA0C0F95EA0C0F00F0A7F8A4EB05046F
:1007300081EA030E52EA03354FEA013100F0888066
:100740004FEA03334FF0805545EA131343EA12632F
:100750004FEA022245EA111545EA10654FEA0026E4
:100760000EF000419D4208BF964244F1FD0404F59D
:10077000407402D25B084FEA3202B61A65EB0305F9
:100780005B084FEA32024FF480104FF4002CB6EBB6
:10079000020E75EB030E22BFB61A754640EA0C0036
:1007A0005B084FEA3202B6EB020E75EB030E22BF76
:1007B000B61A754640EA5C005B084FEA3202B6EBB7
:1007C000020E75EB030E22BFB61A754640EA9C0076
:1007D0005B084FEA3202B6EB020E75EB030E22BF46
:1007E000B61A754640EADC0055EA060E18D04FEA04
:1007F000051545EA16754FEA06164FEAC30343EAA4
:1008000052734FEAC2025FEA1C1CC0D111F4801F70
:100810000BD141EA00014FF000004FF0004CB6E769
:1008200011F4801F04BF01430020B4F1FD0C88BF08
:10083000BCF5E06F3FF6AFAEB5EB030C04BFB6EB13
:10084000020C5FEA500C50F1000041EB045170BD06
:100850000EF0004E4EEA113114EB5C04C2BFD4EB33
:100860000C0541EA045170BD41F480114FF0000EB7
:10087000013C90E645EA060E8DE60CEA135594EA33
:100880000C0F08BF95EA0C0F3FF43BAF94EA0C0F36
:100890000AD150EA01347FF434AF95EA0C0F7FF4AB
:1008A00025AF104619462CE795EA0C0F06D152EAFF
:1008B00003353FF4FDAE1046194622E750EA4106E3
:1008C00018BF52EA43067FF4C5AE50EA41047FF4F4
:1008D0000DAF52EA43057FF4EBAE12E74FF0FF3C59
:1008E00006E000BF4FF0010C02E000BF4FF0010C2A
:1008F0004DF804CD4FEA410C7FEA6C5C4FEA430CA3
:1009000018BF7FEA6C5C1BD001B050EA410C0CBFF1
:1009100052EA430C91EA030F02BF90EA020F002053
:10092000704710F1000F91EA030F58BF994208BFBA
:1009300090422CBFD8176FEAE37040F00100704777
:100940004FEA410C7FEA6C5C02D150EA013C07D1CE
:100950004FEA430C7FEA6C5CD6D152EA033CD3D019
:100960005DF8040B704700BF8446104662468C4613
:100970001946634600E000BF01B5FFF7B7FF002846
:1009800048BF10F1000F01BD4DF808EDFFF7F4FF6F
:100990000CBF012000205DF808FB00BF4DF808EDFA
:1009A000FFF7EAFF34BF012000205DF808FB00BF1D
:1009B0004DF808EDFFF7E0FF94BF012000205DF83F
:1009C00008FB00BF4DF808EDFFF7CEFF94BF0120F4
:1009D00000205DF808FB00BF4DF808EDFFF7C4FFED
:1009E00034BF012000205DF808FB00BF4FEA410C36
:1009F0007FEA6C5C02D150EA013C0AD14FEA430C19
:100A00007FEA6C5C02D152EA033C02D14FF0000055
:100A100070474FF0010070474FEA410212F5001293
:100A200015D211D56FF47873B3EB625212D94FEA35
:100A3000C12343F0004343EA505311F0004F23FA1F
:100A400002F018BF404270474FF00000704750EA74
:100A5000013005D111F0004008BF6FF00040704731
:100A60004FF00000704700BF4A0011D212F500128B
:100A700011D20DD56FF47873B3EB62520ED44FEAF6
:100A8000C12343F0004343EA505323FA02F0704776
:100A90004FF00000704750EA013002D14FF0FF30B4
:100AA00070474FF0000070474FEA4102B2F1E04357
:100AB00024BFB3F5001CDCF1FE5C0DD901F0004C45
:100AC0004FEAC0024CEA5070B2F1004F40EB830095
:100AD00008BF20F00100704711F0804F21D113F1C1
:100AE0003872BCBF01F00040704741F480114FEAFA
:100AF0005252C2F11802C2F1200C10FA0CF320FA83
:100B000002F018BF40F001004FEAC1234FEAD3239F
:100B100003FA0CFC40EA0C0023FA02F34FEA430309
:100B2000CCE77FEA625307D150EA01331EBF4FF092
:100B3000FE4040F44000704701F0004040F0FE40AD
:100B400040F40000704700BF80F0004002E000BFAA
:100B500081F0004142001FBF5FEA410392EA030FA8
:100B60007FEA226C7FEA236C6AD04FEA1262D2EBF2
:100B70001363C1BFD218414048404140B8BF5B42F7
:100B8000192B88BF704710F0004F40F4000020F090
:100B90007F4018BF404211F0004F41F4000121F0A6
:100BA0007F4118BF494292EA030F3FD0A2F10102F0
:100BB00041FA03FC10EB0C00C3F1200301FA03F12E
:100BC00000F0004302D5494260EB4000B0F5000F51
:100BD00013D3B0F1807F06D340084FEA310102F110
:100BE0000102FE2A51D2B1F1004F40EBC25008BFC2
:100BF00020F0010040EA03007047490040EB00008C
:100C0000013A28BFB0F5000FEDD2B0FA80FCACF18C
:100C1000080CB2EB0C0200FA0CF0AABF00EBC250B9
:100C200052421843BCBFD0401843704792F0000FA7
:100C300081F4000106BF80F400000132013BB5E7FA
:100C40004FEA41037FEA226C18BF7FEA236C21D070
:100C500092EA030F04D092F0000F08BF08467047D5
:100C600090EA010F1CBF0020704712F07F4F04D1A3
:100C7000400028BF40F00040704712F100723CBFB6
:100C800000F50000704700F0004343F0FE4040F4E0
:100C9000000070477FEA226216BF08467FEA23639E
:100CA0000146420206BF5FEA412390EA010F40F489
:100CB000800070474FF0000304E000BF10F00043D5
:100CC00048BF40425FEA000C08BF704743F09643BC
:100CD00001464FF000001CE050EA010208BF7047D7
:100CE0004FF000030AE000BF50EA010208BF70475E
:100CF00011F0004302D5404261EB41015FEA010C73
:100D000002BF84460146002043F0B64308BFA3F16A
:100D10008053A3F50003BCFA8CF2083AA3EBC2534C
:100D200010DB01FA02FC634400FA02FCC2F120026B
:100D3000BCF1004F20FA02F243EB020008BF20F0A2
:100D40000100704702F1200201FA02FCC2F1200208
:100D500050EA4C0021FA02F243EB020008BF20EAFD
:100D6000DC7070474FF0FF0C1CEAD0521EBF1CEA2B
:100D7000D15392EA0C0F93EA0C0F6FD01A4480EA19
:100D8000010C400218BF5FEA41211ED04FF0006302
:100D900043EA501043EA5111A0FB01310CF000402E
:100DA000B1F5000F3EBF490041EAD3715B0040EA54
:100DB000010062F17F02FD2A1DD8B3F1004F40EB24
:100DC000C25008BF20F00100704790F0000F0CF0F7
:100DD000004C08BF49024CEA502040EA51207F3ABB
:100DE000C2BFD2F1FF0340EAC250704740F4000096
:100DF0004FF00003013A5DDC12F1190FDCBF00F087
:100E000000407047C2F10002410021FA02F1C2F134
:100E1000200200FA02FC5FEA310040F1000053EAD0
:100E20004C0308BF20EADC70704792F0000F00F01E
:100E3000004C02BF400010F4000F013AF9D040EA24
:100E40000C0093F0000F01F0004C02BF490011F4B8
:100E5000000F013BF9D041EA0C018FE70CEAD153B6
:100E600092EA0C0F18BF93EA0C0F0AD030F0004C36
:100E700018BF31F0004CD8D180EA010000F00040EA
:100E8000704790F0000F17BF90F0004F084691F0A8
:100E9000000F91F0004F14D092EA0C0F01D14202E2
:100EA0000FD193EA0C0F03D14B0218BF084608D1AB
:100EB00080EA010000F0004040F0FE4040F40000F5
:100EC000704740F0FE4040F4400070474FF0FF0C88
:100ED0001CEAD0521EBF1CEAD15392EA0C0F93EACF
:100EE0000C0F69D0A2EB030280EA010C49024FEA21
:100EF000402037D04FF0805343EA111143EA1013DA
:100F00000CF000408B4238BF5B0042F17D024FF491
:100F1000000C8B4224BF5B1A40EA0C00B3EB510F6C
:100F200024BFA3EB510340EA5C00B3EB910F24BF55
:100F3000A3EB910340EA9C00B3EBD10F24BFA3EBDA
:100F4000D10340EADC001B0118BF5FEA1C1CE0D1A2
:100F5000FD2A3FF650AF8B4240EBC25008BF20F055
:100F6000010070470CF0004C4CEA50207F32C2BFA9
:100F7000D2F1FF0340EAC250704740F400004FF046
:100F80000003013A37E792F0000F00F0004C02BF77
:100F9000400010F4000F013AF9D040EA0C0093F041
:100FA000000F01F0004C02BF490011F4000F013B9B
:100FB000F9D041EA0C0195E70CEAD15392EA0C0F03
:100FC00008D142027FF47DAF93EA0C0F7FF470AF3B
:100FD000084676E793EA0C0F04D14B023FF44CAF7E
:100FE00008466EE730F0004C18BF31F0004CCAD113
:100FF00030F000427FF45CAF31F000437FF43CAF4F
:101000005FE700BF4FF0FF3C06E000BF4FF0010C70
:1010100002E000BF4FF0010C4DF804CD4FEA400252
:101020004FEA41037FEA226C18BF7FEA236C11D09C
:1010300001B052EA530C18BF90EA010F58BFB2EB4F
:10104000030088BFC81738BF6FEAE17018BF40F0CF
:10105000010070477FEA226C02D15FEA402C05D183
:101060007FEA236CE4D15FEA412CE1D05DF8040B08
:10107000704700BF844608466146FFE70FB5FFF79B
:10108000C9FF002848BF10F1000F0FBD4DF808ED53
:10109000FFF7F4FF0CBF012000205DF808FB00BF44
:1010A0004DF808EDFFF7EAFF34BF012000205DF89E
:1010B00008FB00BF4DF808EDFFF7E0FF94BF0120EB
:1010C00000205DF808FB00BF4DF808EDFFF7D2FFE8
:1010D00094BF012000205DF808FB00BF4DF808ED2B
:1010E000FFF7C8FF34BF012000205DF808FB00BFF8
:1010F0004FEA40024FEA41037FEA226C02D15FEAE5
:10110000402C08D17FEA236C02D15FEA412C02D146
:101110004FF0000070474FF0010070474FEA400267
:10112000B2F1FE4F0FD34FF09E03B3EB12620DD915
:101130004FEA002343F0004310F0004F23FA02F07F
:1011400018BF404270474FF00000704712F1610F26
:1011500001D1420205D110F0004008BF6FF00040FD
:1011600070474FF00000704742000ED2B2F1FE4FC0
:101170000BD34FF09E03B3EB126209D44FEA002366
:1011800043F0004323FA02F070474FF0000070472D
:1011900012F1610F01D1420202D14FF0FF307047CE
:1011A0004FF00000704700BF7BB972B90029BEBF85
:1011B00000204FF0004106E008BF00281CBF6FF080
:1011C00000414FF0FF3000F057B8ADF1080C6DE969
:1011D00004CE002909DB002B1ADB1EF0E9FEDDF846
:1011E00004E0DDE9022304B07047404261EB4101B5
:1011F000002B1BDB1EF0DCFEDDF804E0DDE9022342
:1012000004B0404261EB4101524263EB430370473B
:10121000524263EB43031EF0CBFEDDF804E0DDE950
:10122000022304B0404261EB41017047524263EB3C
:1012300043031EF0BDFEDDF804E0DDE9022304B047
:10124000524263EB4303704753B94AB9002908BFC0
:1012500000281CBF4FF0FF314FF0FF3000F00CB8FA
:10126000ADF1080C6DE904CE1EF0A2FEDDF804E03D
:10127000DDE9022304B07047704700BF10F8012B6E
:1012800011F8013B012A28BF9A42F7D0D01A7047C3
:10129000034613F8012B002AFBD1181A01387047B6
:1012A00001F0FF01102A2BDB10F0070F08D010F817
:1012B000013B013A8B422DD010F0070F42B3F6D11B
:1012C000F0B441EA012141EA014122F007047FF034
:1012D00000070023F0E80256083C85EA010586EA8B
:1012E000010685FA47F5A3FA87F586FA47F6A5FAC7
:1012F00087F68EB9EED1F0BC01F0FF0102F00702D3
:1013000032B110F8013B013A83EA010313B1F8D17D
:101310000020704701387047002D06BF354603385E
:10132000073815F0010F07D1013015F4807F02BF97
:10133000013015F4C03F0130F0BC0138704700BFE8
:1013400010B5054C237833B9044B13B10448AFF3FF
:1013500000800123237010BDD80100200000000090
:10136000303B020808B5034B1BB103490348AFF3F8
:10137000008008BD00000000DC010020303B0208B6
:1013800000B59BB04822002108A821F0E4FB1822F8
:10139000002102A821F0DFFB02F086F94FF0B042F5
:1013A0000120D2F8903023F01803C2F89030D2F820
:1013B000003423F4C06343F40073C2F80034D2F85D
:1013C000003403F4C0630193019B24230893812319
:1013D0000B930023CDE91003B02208A8CDE9122316
:1013E00002F08EFA00B1FEE74F23CDE90230CDE9DD
:1013F0000400CDE90600022102A802F01DFD00B1A3
:10140000FEE71BB05DF804FB7047000038B5104CD8
:10141000237805460BB9012038BD02F061FA227825
:101420004FF47A73B3FBF2F3B0FBF3F000F0C8FCB7
:1014300004460028EFD10F2DEDD8024629464FF083
:10144000FF3000F06BFC034B20461D60E4E700BF5B
:10145000000000200400002010B5032000F04CFC28
:1014600002F03EFA064B18600020FFF7CFFF04465B
:1014700018B9FFF7C9FF204610BD0124FBE700BFE4
:1014800040000020034A044B11681B780B44136092
:10149000704700BFF401002000000020014B1868D5
:1014A000704700BFF40100208068C0F380007047DF
:1014B000F7B5002301930446002800F0E980856D0C
:1014C00025B905F05DF8E56584F8545023689A68FD
:1014D000D00040F1A1809A68D10000F1B480A26DE3
:1014E00042F01002A265E26D42F00102E2650125C0
:1014F0001846FFF7D9FFA26D02F01002024340F038
:10150000C980A26D206922F4817242F00202A265B4
:101510009A68D2075DD4226BA67E94F82CC0003A5C
:1015200018BF01221703D4E902120A43217E42EABE
:101530008132617E42EAC13242EA4632002842EA02
:101540004C02B4BF20F000414FF400113A430A436B
:1015500094F82010012903D1002E76D142F4803274
:10156000616A21B1A66A01F4E07131430A43D96886
:10157000E66C21F4FE3121F4FF711143D96094F837
:101580003C206168012A01F0404C4CEA060609D172
:10159000D4E910273A433243A66C324342EA0C02A4
:1015A00042F001061F693E4A3A4032431A6121F077
:1015B0000042B2F1804F0CD0B1F1004F09D0394E4A
:1015C000D6F8082701F4701122F470120A43C6F805
:1015D00008275A69666BA16B22F0070232435A61F1
:1015E0005A6922F0700242EA01125A61002835D18C
:1015F0009A6A62F00F029A625B6903F007039E42E7
:101600003CD10023E365A36D23F0030343F0010302
:10161000A365284603B0F0BD9A68234922F0104222
:1016200022F0170242F080529A60204A1268B2FB00
:10163000F1F2013252000192019A002A3FF44BAFBD
:10164000019A013AF7E7002552E7A16D41F0200128
:10165000A165E16D41F00101E16581E7B0F5001F91
:10166000CAD19A6AE269013A92006FF00F0102F062
:101670001C0201FA02F2216E0A43BCE7A36D23F0BB
:10168000120343F01003A365E36D43F00103E36528
:101690000125BEE7A36D43F01003A365F8E700BF83
:1016A00002FCFF1F00200140400D0300400000200D
:1016B000F8B54569082D04460E460AD00368DB6874
:1016C000D80705D5A36D43F02003A3650120F8BD1D
:1016D0000425FFF7E3FE074623681A682A4220D054
:1016E000A26D42F40072A265DA6812F4406F14D160
:1016F000A27E92B91A6812070FD51846FFF7D4FEDA
:1017000020BB5A6822F00C025A60A26D22F480724B
:1017100022F0010242F00102A265227EFAB100200D
:10172000D5E7711CD9D0FFF7B9FEC01BB04201D874
:10173000002ED1D123681B682B40CDD1A26D84F837
:10174000543042F00402A2650320C0E7A26D42F0CB
:101750002002A265E26D42F00102E265DDE70C22A3
:101760001A60DCE70368186C70470000F7B50023C7
:10177000019390F85430012B044600F0C0800568B6
:101780000269012380F854302846FFF78DFE0028B7
:1017900040F0AF8048680B68022822F004027ED037
:1017A000B2F1004FC3F3110E35D1AA6A42EA0E021C
:1017B000AA628A68686902EA032222F07C4222F067
:1017C000FF0220EA03210A43002B6A611DDA4D4A19
:1017D0004D4DD2F80817AB4201F0E07043D10D0235
:1017E00013D4D2F8083723F0E073034343F4000323
:1017F000C2F80837454B1A68454BB2FBF3F20C238D
:1018000002FB03330193019B53BB0020002384F8A8
:10181000543003B0F0BD226E00F01F074FF00F0CE4
:101820000CFA07FC6FEA0C0622EA0C0CBEF1000F62
:1018300011D1C3F38462BA4042EA0C0222668008E6
:10184000E26901309042B4D8A86AC3F38362BA4017
:1018500006403243ACE793FAA3F2B2FA82F2EAE727
:10186000019B013BCEE72B4DAB420BD1C901CCD440
:10187000D2F8083723F0E073034343F08073C2F8D3
:101880000837C2E7244DAB42BFD14B02BDD4D2F8DA
:10189000083723F0E073034343F48003EFE7B2F12A
:1018A000004F01BFAA6AC3F311018A43AA62002B49
:1018B000ABDA154813498342D1F8082709D1D1F88A
:1018C000083702F0A07223F0E0731A43C1F808272A
:1018D0009BE71048834204D1D1F8083702F4400254
:1018E000F1E70D48834290D1D1F8083702F0C07279
:1018F000E9E7A26D42F02002A265184686E70220C1
:1019000087E700BF00200140001000B04000002029
:10191000400D0300004000B8002000B4806D704707
:10192000026838B504461046FFF7BEFD08B900202E
:1019300038BD9368990707D4936823F0004323F0D8
:10194000170343F010039360FFF7A8FD05462368D3
:101950009B685B07EBD5FFF7A1FD401B0228F6D97A
:1019600023689B685A07F2D5A36D43F01003A36563
:10197000E36D43F00103E3650120D9E773B500236C
:10198000026801939368DD07044602D5002002B087
:1019900070BD9168214B194209D0A36D43F010032B
:1019A000A365E36D43F00103E3650120EFE793686E
:1019B00023F0004323F0170343F001039360184B17
:1019C000D3F8083718021CD4637E012BDED0FFF752
:1019D00065FD144E054622681368DB07D6D493686C
:1019E000D9075FBF9368334043F001039360FFF76B
:1019F00055FD401B0228EED923681B68DA07EAD49C
:101A0000CBE7094B094A1B68B3FBF2F3013301939F
:101A1000019B002BD8D0019B013BF8E71700008009
:101A200000200140E8FFFF7F40000020400D030040
:101A300038B504460068FFF737FD054620BB94F82B
:101A40005430012B20D0012384F854302046FFF776
:101A500095FFB0B9A36D226823F4706323F00103EE
:101A600043F48073A3651C23E065136084F854007D
:101A7000936823F0004323F0170343F004039360BB
:101A800038BD84F85450FBE70220F9E738B5036805
:101A90009A680446900704D49A68D10703D40020BA
:101AA00038BD9B68FBE79A6802F00502012A19D14C
:101AB0009A6822F0004222F0170242F002029A6075
:101AC00003221A60FFF7EAFC054623689B68DB07E0
:101AD000E5D5FFF7E3FC401B0228F6D923689B6895
:101AE000DA07F2D5A36D43F01003A365E36D43F06D
:101AF0000103E3650120D3E770B5044600284BD00D
:101B0000836D43F002038365FFF70AFF054668B95A
:101B10002046FFF7BBFF054608B90123A3652268ED
:101B2000936823F0104323F01703936023685A68E7
:101B300022F4677222F003025A6040F29F321A6068
:101B4000D968164A0A40DA605A6922F007025A61D7
:101B500000269A6A9E621A6A02F0F0221A625A6A93
:101B600002F0F0225A62DA6A02F0F022DA621A69AE
:101B700022F040421A610A4AD2F8083723F0FE7375
:101B8000C2F80837204604F01BFDE6652666A66508
:101B900084F85460284670BD0125FBE700023E83AF
:101BA0000020014010B590F85430012B044615D0A8
:101BB000012380F85430FFF7B3FE58B92046FFF7F1
:101BC00065FF38B9A36D23F4807323F0010343F05C
:101BD0000103A365002384F8543010BD0220FCE704
:101BE000F7B50023019390F85430012B04467FD0C1
:101BF000012380F85430FFF749FF23689A6812F0F8
:101C00000102054607D0A36D43F01003A36500232E
:101C100084F854302DE0A16D364F21F4817141F0EC
:101C20000201A165DE68D96826F4FF4626F07C062D
:101C300021F40041360421F00301360CD96008205C
:101C40009968394041F0004199609968002913DA98
:101C50000199013101910199B1F52E3FF5D3A36DA1
:101C600023F0120343F01003A365002384F85430DB
:101C70000125284603B0F0BDD3F8B410013801F0B7
:101C80007F010A44DCD199681A48014041F0010102
:101C90009960D3F8B41021F07F0141EAD202C3F871
:101CA000B4209A68024042F002029A60FFF7F6FB05
:101CB000074623689A68D20708D4DA683243DA60A4
:101CC000A36D23F0030343F001039FE7FFF7E6FB57
:101CD000C01B0228EDD923689B68D907E9D5A36DFD
:101CE00043F01003A365E36D43F00103E365BFE731
:101CF0000225BEE7E8FFFF7F0749CA6822F4E062D9
:101D00000302120403F4E063120C134343F0BF63B5
:101D100043F40033CB60704700ED00E0164B30B564
:101D2000DC68C4F30224C4F10703251D042B28BF7B
:101D30000423062D4FF0FF358CBF033C002405FA29
:101D400003F321EA0303A54022EA0502A340002889
:101D500043EA0203ACBF00F16040084A4FEA0313B4
:101D6000B8BF00F00F00DBB2AABF00F5614013540A
:101D700080F8003330BD00BF00ED00E014ED00E05E
:101D8000002807DB044A4109012300F01F008340BB
:101D900042F82130704700BF00E100E000280CDB72
:101DA0004309064900F01F0020330122824041F818
:101DB0002320BFF34F8FBFF36F8F704700E100E028
:101DC0000138B0F1807F0BD24FF0E023054A586113
:101DD000F02182F823100020072298611A617047D1
:101DE0000120704700ED00E00028A1BF4309403307
:101DF000054A52F82330A3BF00F01F0023FA00F079
:101E000000F001000020704700E100E0002808DB3E
:101E10004309044900F01F0001226033824041F869
:101E20002320704700E100E0704708B5FFF7FCFF92
:101E300008BD704710B5044608B9012010BD437FA6
:101E400003F0FF0213B90277FFF7F3FF0223637772
:101E50002379E3B92368134A5A619A6822F0180279
:101E60009A6062792368D2B94FF0FF321A619A689A
:101E7000616922F060020A439A609A68A16922F0BF
:101E800080020A439A60012363770020D6E7D4E9F1
:101E90000212204600F008F80028E2D0CDE72269BF
:101EA000E4E700BFB71DC104CB0710B50CD51F2355
:101EB000013B1CD321FA03F4E407F9D5102A12D010
:101EC00004D83AB1082A10D001200BE0182AFBD11F
:101ED000062BF9D800684161836823F01803134387
:101EE0008360002010BD072BF3E70F2BF1E7102ACA
:101EF000EAD0E9D8002AE7D1ECE710B5044640B1B2
:101F00000223037104F00EFB002020616071207138
:101F100010BD0120FCE710B504680122236801F020
:101F2000100102FA01F123EA01032360027100208B
:101F300010BD034640B190F82520022A06D00422A5
:101F4000C263002280F82420012070470268806C60
:101F5000116821F00E011160016821F480710160A7
:101F6000116821F001011160D3E9100202F01C0197
:101F700001228A404260D3E9132151605A6D32B187
:101F8000116821F480711160D3E91621516001229A
:101F9000002083F8252083F82400704708B590F8C6
:101FA0002530022B03D00423C363012008BD03683E
:101FB0001A6822F00E021A601A6822F001021A60F2
:101FC000826C136823F480731360D0E9101303F05C
:101FD0001C02012393404B60D0E913325A60436DD9
:101FE00033B11A6822F480721A60D0E916325A604E
:101FF000012380F82530002380F82430836B03B15F
:1020000098470020D2E790F8250070470A4A5369A4
:1020100043F4802330B55361EFF3108472B600238C
:10202000CD58C5500433B3F5807FF9D11369DB0374
:10203000FCD484F3108830BD00400058064B5A6928
:10204000002ABFBF054A9A6002F188329A60BABF7F
:102050005869C00F002070470040005823016745B1
:10206000044B5A6942F000425A615869C043C00F9C
:10207000704700BF0040005870B50546FFF70EFAE4
:10208000124E04463369D90313D43369DA0744BFC7
:10209000012232614CF2FA32134011D10B4E3069F9
:1020A00010F480200BD0FFF7F9F9001BA842F6D3FB
:1020B00004E0FFF7F3F9001BA842E3D3032070BD4F
:1020C000024A1361024A01205360F8E700400058B9
:1020D000F80100202DE9F041184D98462B78012B8E
:1020E00006460C46174626D001232B704FF47A7013
:1020F00000236B60FFF7C0FFA0B9012E16D1104A74
:10210000536943F0010353612760BFF36F8FC4F835
:1021100004804FF47A70FFF7AFFF094A536923EA4E
:102120000603536100232B70BDE8F0813946204639
:10213000FFF76CFFEDE70220F6E700BFF801002093
:1021400000400058054A536923F47E7343EAC000F7
:1021500040F4803040F00200506170470040005869
:102160002DE9F041234F3B78012B054688463FD0AF
:1021700001233B704FF47A7000237B60FFF77CFFF4
:10218000044688B92B68042B13D11B4A536943F4C6
:10219000803343F0040353614FF47A70FFF76CFF10
:1021A0000446154B1A681B6800233B702046BDE8A7
:1021B000F0814FF0FF33C8F800306E68D5E9013286
:1021C0001344B3420AD93046FFF7BCFF4FF47A708C
:1021D000FFF752FF50B1C8F800600446064A536941
:1021E00023F47E7323F002035361DAE70136E5E757
:1021F0000224DBE7F8010020004000582DE9F04FF1
:10220000564C00234FF00F080A6832FA03F501D14B
:10221000BDE8F08F012505FA03F919EA020275D02D
:102220004E68032706F003054FEA430E07FA0EFC3B
:102230006F1E012F6FEA0C0C6AD8876807EA0C0A38
:10224000CF6807FA0EF747EA0A078760476827EA68
:102250000909C6F300179F4047EA09074760C768A6
:1022600007EA0C098F6807FA0EF747EA0907022DFB
:10227000C76059D0076805FA0EF507EA0C073D4319
:1022800016F4403F056041D023F0030707F1804773
:1022900007F5803703F0030CBD684FEA8C0C4FF054
:1022A000070E0EFA0CFEB0F1904F25EA0E0E51D03B
:1022B0002B4DA84250D005F58065A84214BF0725D4
:1022C000022505FA0CF545EA0E05BD602568D743E1
:1022D00016F4801F0CBF3D4015432560656816F459
:1022E000001F0CBF3D4015436560D4F8805016F4C4
:1022F000803F0CBF3D401543C4F88050D4F8845053
:10230000B60354BF3D401543C4F8845001337BE706
:10231000032DAFD0C76807EA0C098F6807FA0EF7DC
:1023200047EA0907C760A5E74FEAD30900EB890927
:1023300003F0070AD9F820704FEA8A0A08FA0AFB64
:1023400027EA0B0B0F6907FA0AF747EA0B07C9F8E8
:1023500020708FE70025B4E70125B2E70008005898
:1023600000040048044AD168014208B502D0D06098
:1023700004F09EFB08BD00BF0008005803689A697E
:10238000910744BF00229A629A69D2075EBF9A6998
:1023900042F001029A61704730B5039D04682B43F7
:1023A00043EA0243064A6068C1F309010B4342EA6B
:1023B000555223F0004320EA02000343636030BD1E
:1023C000FF63FF0370B5426B1F4CA2420BB201F0DA
:1023D000010501F002041DD01C4EB2421AD01C4E61
:1023E000B24217D0002BACBF0023B8230DB143F08D
:1023F000F2030CB143F0F403102902D143F090032F
:1024000003E0202901D143F0200301680A68134347
:102410000B6070BD002BACBF0023B8230DB143F09F
:10242000F2030CB143F0F4031029E7D0202902D1C4
:1024300043F06003E9E7064CA242E6D0402908BF1A
:1024400043F04003E1E700BF893100088134000810
:102450006530000811F0010307D090F8413003F017
:102460002803282B14BFF22342238A0709D590F8AA
:10247000412002F02802282A0CBF43F0440343F015
:10248000F4030A0401680A6848BF43F0B80322EA6B
:1024900003030B60704703682DE9F0419C6914F059
:1024A000100405460F4616466CD010220024DA614F
:1024B000A0462B689A69920660D4B8F1000F2ED01E
:1024C00044F0040401202E68B36913F4807F03F400
:1024D000806203F4007357D04FF4807144F001041C
:1024E000F161002A51D1002B56D12846FFF746FF53
:1024F000736823F0FF7323F48B3323F4FF7323F00B
:10250000010373606B6C23436B64202385F84130B7
:10251000002385F8423085F84030012044E07A1CE1
:1025200005D19A699606FCD52022DA61C8E7FEF744
:10253000B5FF801BB84201D8002FBAD12B6859686B
:1025400095F8422098690004D2B20AD5480408D40C
:10255000202A06D05A6842F480425A60FEF79EFF55
:1025600006462B689B699906A3D4FEF797FF801B4C
:102570001928F6D920244FF001089AE7B8F1000F86
:102580009ED1D1E720469EE72AB14FF4806244F005
:102590000804F261A7E72BB14FF4007344F0020482
:1025A000F361A2E70028A0D1BDE8F0812DE9F04158
:1025B000DDF8188004460F4616461D4623689B69C1
:1025C00037EA03030CBF01230023B34201D00020EC
:1025D00025E0424629462046FFF75DFFF0B96B1C17
:1025E000ECD0FEF75BFFA0EB0800A84201D8002D5D
:1025F000E4D123689B6937EA03030CBF012300235E
:10260000B342DBD1636C43F020036364202384F87E
:102610004130002384F8423084F840300120BDE886
:10262000F081C36AAA2B02D10023C3627047C36A38
:10263000B3F52A4FFAD14FF00073F6E7704710B5A3
:10264000044600284ED090F8413003F0FF021BB939
:1026500080F84020FFF7F2FF242384F841302368FC
:102660001A6822F001021A60626822F070621A6130
:102670009A6822F400429A60D4E90221012906D125
:1026800042F400429A605A6822F4006207E042F481
:10269000044202299A60F6D15A6842F400625A60F4
:1026A0005A6842F0007242F400425A60DA6822F43A
:1026B0000042DA60D4E904210A43A16942EA012216
:1026C000DA60D4E907210A431A601A6842F001026D
:1026D0001A6000202023606484F84130206384F86D
:1026E000420010BD0120FCE7704710B5044698B1C8
:1026F0000268242380F84130136823F0010313603B
:10270000FFF7F2FF0020606484F8400084F8410085
:10271000206384F8420010BD0120FCE72DE9F0435E
:1027200085B01D460023039390F84130202B0446CA
:10273000174672D103689B6913F400436DD190F87A
:102740004020012A69D00122C1F3090680F8402007
:1027500046F00078242280F8412048F42058436451
:10276000E3682268012B06BF46F0007343F4005370
:1027700043465360FEF792FE814622689369926950
:10278000C3F34013C2F30012134316D023689A69AF
:10279000CDF8009012F010022B4624D120212046C3
:1027A000FFF704FFE8B922682023D36184F84130A1
:1027B00084F8400005B0BDE8F0836B1CDDD0FEF767
:1027C0006DFEA0EB0900A84201D8002DD5D1202331
:1027D00084F84130636C43F020036364002384F881
:1027E00040300120E6E7002220212046FFF7DEFEF0
:1027F0000028F6D123681022DA612022DA61039BD7
:1028000001330393039BBB42AAD384F84120636C3A
:1028100084F8400013436364E3E70220CAE7000042
:10282000F7B50446104694F84120089E202A65D149
:1028300094F84020012A61D0012284F8402021220E
:1028400084F84120102284F84220002262646385CB
:10285000E6622B4B6363638D60629BB2FF2B99BF73
:10286000638D2385FF232385228D94BFE56A4FF076
:1028700080756AB136F000731DD1236810F8017BB2
:102880009F62638D6062013B9BB26385531E23850B
:10289000236B112B16D1AA2E0FD12046FFF7C1FEB4
:1028A000638D9BB2FF2B00D8E56A1648009094F820
:1028B00028202B4615E00022EAE7B6F52A4FECD097
:1028C000002008E02046FFF7ACFE638D9BB2FF2B93
:1028D00000D8E56A0B4836F00073E7D100902B462C
:1028E000D2B220460025FFF757FD204684F840501D
:1028F0000121FFF767FD284603B0F0BD0220FBE78A
:102900002D2F00080020008037B50446069894F863
:102910004150202D44D194F84050012D40D0012544
:1029200084F84050222584F84150102584F8425004
:10293000002565646385E0621A4B6363638D6262A0
:102940009BB2FF2B9BBF638D2385FF23E26A88BF69
:102950002385236B88BF4FF08072122B04D1AA28E5
:1029600002D0B0F52A4F09D12046FFF75AFE638DF9
:102970009BB2FF2B00D8E26A0B4B00E000230093D0
:1029800020461346002594F82820FFF705FD204631
:1029900084F840500221FFF715FD284603B030BDF2
:1029A0000220FBE72D2F000800240080F8B51F4609
:1029B00090F8413003F02803282B04460E461546B4
:1029C00001D00120F8BD01B11AB94FF4007363645E
:1029D000F7E748F20101FFF73DFD90F84030012B89
:1029E00040D0012380F8403090F841302A2B14D198
:1029F0000221FFF72FFD03681A6810040DD51A682D
:102A0000E06B22F400421A6038B1174B8363FFF782
:102A1000C5FA10B1E06B836B9847292384F84130E5
:102A200020682023002284F842306264436823F443
:102A3000004343606585638D2385E7620B4B6363C9
:102A4000836981696662C90303D51B0744BF0823F4
:102A5000C361204684F8402048F20101FFF7B2FC30
:102A60000020AFE70220ADE789360008773500087F
:102A7000F8B51F4690F8413003F02803282B044690
:102A80000E46154601D00120F8BD01B11AB94FF428
:102A900000736364F7E748F20201FFF7DBFC90F88C
:102AA0004030012B3FD090F841300121292B80F894
:102AB000401013D1FFF7CEFC03681A6850040DD5FF
:102AC0001A68A06B22F480421A6038B1174B8363F6
:102AD000FFF764FA10B1A06B836B98472A2384F840
:102AE000413020682023002284F842306264436829
:102AF00023F4004343606585638D2385E7620C4BB7
:102B00006363836981696662C90303D41B0744BF99
:102B10000823C361204684F8402048F20201FFF7F1
:102B200051FC0020B0E70220AEE700BF8936000864
:102B30007735000808B590F84120202A0AD12822CC
:102B400080F84120044A42634FF40041FFF73AFC09
:102B5000002008BD0220FCE7773500080268436BBF
:102B60009169126803B1184770477047704738B5CC
:102B7000002580F8425090F84130212B4FF020037F
:102B800080F841300AD11123036345630121FFF727
:102B900061FC80F84050FFF7E8FF38BD1223036363
:102BA00045630221FFF756FC80F84050FFF7DEFF37
:102BB000F3E708B503681A68002180F84210510451
:102BC00015D51A6822F480421A6090F84130292BFA
:102BD00013D1282380F84130212303630121FFF71B
:102BE00039FC002380F840300EF07AF808BD12045A
:102BF000EBD51A6822F40042E6E790F841302A2B20
:102C0000F4D1282380F84130222303630221FFF707
:102C100021FC002380F840300EF04FF8E6E790F8F2
:102C2000412002F02802282AF8B5036834D19E69B1
:102C3000C2689D699968DF682D0C022AC6F30046B8
:102C400005F0FE051FD185EAD11515F00605C1F383
:102C500009020ED1816C01318164816C022907D196
:102C600008218564D96180F8405031460DF0D8FFC5
:102C7000F8BD4FF40041FFF7EDFB002380F8403032
:102C800007F0FE02F1E74FF40041FFF7E3FB0023FA
:102C900080F840302A46E8E70822DA61002380F80D
:102CA0004030E5E708B5164BC362202200230363DA
:102CB000436380F8412080F842304B0712D5036807
:102CC0005A6A436A1A70436A01334362038D4BB1F7
:102CD000013B0385438D013B9BB24385436C43F02D
:102CE0000403436448F20301FFF7B4FB03681022B6
:102CF000DA61002380F840300DF0CAFF08BD00BF44
:102D00000000FFFF70477047704790F84120602A2D
:102D100008B54FF0000208D1202180F8411080F85A
:102D200040200263FFF7F0FF08BD026380F84020F7
:102D30000DF0DAFFF8E7000070B500223D4D90F885
:102D4000413080F84220C5624285426C283B0A43EC
:102D5000022B044642642AD80321FFF77BFB282379
:102D600080F84130344BA06B6363236B002841D063
:102D7000112B01D0212B3DD123681A68510442BF89
:102D80001A6822F480421A60FFF73DF901282CD01E
:102D9000A06B2A4B8363002384F84030FFF7FEF8D2
:102DA000002845D0A06B836BBDE87040184748F2FF
:102DB0000301FFF74FFBFFF7E1FA90F84130602B7A
:102DC00011D0202380F8413003689A6995060AD50E
:102DD0009A69D00605D51022DA61626C42F00402CD
:102DE00062642022DA610023BDE72046BDE870401E
:102DF000FFF78BBFE06B0028F7D0122B01D0222BFE
:102E0000F3D123681A68120442BF1A6822F4004200
:102E10001A60FFF7F8F80128E7D0E06B074B8363EF
:102E2000002384F84030FFF7B9F808B1E06BBAE747
:102E300070BD00BF0000FFFF77350008893600082D
:102E400073B505682023EB6190F84130212B0446CF
:102E50000E4635D10121FFF7FDFA112323636B687C
:102E600023F0FF7323F48B3323F4FF7323F0010368
:102E70006B6000236363F206A3F58033E36205D53C
:102E80001023EB61636C43F00403636494F84130F6
:102E9000602B05D1730741BF6B6ADBB20193019BC5
:102EA0002046FFF76BFA636C94F84120602A00D04B
:102EB0007BB1616C204602B0BDE87040FFF73CBFBB
:102EC00090F84130222BCAD10221FFF7C3FA122316
:102ED000C4E794F84120212A12D1202284F841200D
:102EE000236394F8422084F84030402A84F842302A
:102EF00003D1FFF707FF02B070BDFFF736FEFAE718
:102F000094F84120222AF6D1202284F8412023631C
:102F100094F8422084F84030402A84F8423002D1AC
:102F2000FFF7F1FEE7E7FFF721FEE4E773B590F85E
:102F30004030012B04460D46164600F091800123D7
:102F4000CA0680F8403017D5F30615D5036810225D
:102F5000DA61436C43F004034364FFF70FFAAA06F7
:102F600005D5B30603D529462046FFF769FF0020A3
:102F700084F8400002B070BD680712D5710710D503
:102F800023685A6A636A1A70636A25F0040501337C
:102F90006362238D013B2385638D013B9BB2638577
:102FA000DDE76A060DD4AB0727D5B00725D5638DBD
:102FB0009BB2002BD3D0636A226813F8011B916285
:102FC000E6E7290606F0400337D5002BC7D0638D0E
:102FD00022689BB22BB3208D18BB5168638D9BB2C6
:102FE000FF2BC1F309010DD9FF2222854FF0807319
:102FF00000902046FFF7D0F9B1E72A06AFD5730657
:10300000E5D4ACE7628DE36A92B213F5803F228586
:10301000D2B202D0E36A0090EBE700904FF0007369
:10302000E7E75368980103D42046FFF7A0FD96E731
:1030300040212046FFF780FE91E7002B8FD0638D63
:103040009BB2002BF4D123685A68910187D4E26ABD
:1030500012F5803FE8D15A6842F480425A607EE718
:10306000022087E713B590F84030012B044600F0AA
:103070008580012380F84030CB0612D5D30610D5C9
:1030800003681022DA61436C43F004034364202197
:10309000FFF798F9FFF772F9002084F8400002B0BA
:1030A00010BD880708D5930706D52368226D9A625C
:1030B0004FF0FF332365EFE7080633D5530631D5CC
:1030C00010212046FFF77EF9638D9BB233B3638DE9
:1030D0009BB2FF2B18D90023FF22E16C22850093BD
:1030E0004FF0807389B2FFF757F9638D228D9B1AD9
:1030F0009BB2638594F841202368222A1A6832D152
:1031000042F400421A60C7E7628DE16C92B200237C
:1031100022850093D2B24FF00073E3E74021FFF71E
:103120000BFEB9E7480621D553061FD594F8411088
:10313000134A144B222918BF1346628D92B2FF2AFC
:1031400008D9FF22E16C228500934FF0807389B289
:103150002046C8E7628DE16C92B222850093D2B21C
:103160004FF00073F3E742F48042CBE7880693D533
:10317000930691D52046FFF763FE8DE702208EE788
:10318000002000800024008073B590F84030012BAF
:10319000044678D0012380F84030CB0612D5D606FD
:1031A00010D503681022DA61436C43F004034364D2
:1031B0002021FFF707F9FFF7E1F8002084F840002D
:1031C00002B070BD0D0641D550063FD525682B686D
:1031D00023F040032B60638D9BB25BB36968638D02
:1031E0009BB2FF2BC1F309011AD9FF2323854FF0AE
:1031F00080730022268D009294F828202046FFF745
:10320000CBF8638D9B1B9BB2638594F84130222BD6
:103210002B680CBF43F4004343F480432B60CCE79E
:10322000638D2385E36A13F5803F14BFE36A4FF093
:103230000073DEE76B689A0103D42046FFF797FC22
:10324000BBE740212046FFF777FDB6E74B0612D5D6
:10325000560610D5638D9BB2002BF2D123685A68B5
:103260009501AAD4E26A12F5803FE6D15A6842F489
:1032700080425A60A1E788069FD593069DD52046D7
:10328000FFF7DEFD99E702209AE7036899691A685B
:1032900010B4CC0508D5140606D5446C44F00104DE
:1032A00044644FF48074DC614C0508D5140606D5DF
:1032B000446C44F0080444644FF48064DC61890584
:1032C00008D5120606D5426C42F0020242644FF461
:1032D0000072DA61416C11F00B0F02D010BCFFF7E5
:1032E0002BBD10BC704700002DE9F8430568D5F8E8
:1032F0000090D0F82C8090F8417007F0F707202359
:10330000212F04460E46EB6164D148F20101FFF71C
:10331000A1F827636B6843F400436B606B6823F08C
:10332000FF7323F48B3323F4FF7323F001036B60EB
:103330002046FFF723F819F4804F50D02B6823F470
:1033400080432B60A36B1BB11B685B689BB26385DA
:1033500072070FD5636A6A6A1A70636A013363621F
:10336000238D2BB1013B2385638D013B9BB263858C
:1033700026F00406638D9BB21BB1636C43F004031B
:103380006364F30611D519F0100F0ED0638D9BB254
:10339000002B3ED194F84130282B29D1B8F1007F81
:1033A00026D131462046FFF77DFC002384F84230C9
:1033B000656C6363002D3BD0616C2046FFF7BCFC5D
:1033C00094F84130282B45D131462046BDE8F843DA
:1033D000FFF768BC222F9DD148F2020197E719F44C
:1033E000004FB5D02B6823F400432B60E36BAAE7B2
:1033F00094F841202368292A4FF01002DA61D4D1D1
:1034000018F5803FD1D02046FEF7B8FFFFF7D1FB7B
:10341000CBE723681022DA61636C43F00403636432
:1034200038F08073C1D1616C2046FFF785FCBCE7A2
:10343000E36A13F5803F0FD02046FFF7BAFB0F4B2E
:10344000E362202384F8413084F84050256320460D
:103450000DF01EFCBDE8F88394F8413084F840502C
:10346000222B4FF0200384F841302046256302D1FF
:103470000DF023FCEEE70DF033FCEBE70000FFFF5F
:1034800070B590F84060C56A012E04460B4670D0B6
:10349000012680F840608E0607D5960605D5FFF711
:1034A00023FF002084F8400070BDD80659D5D1060E
:1034B00057D512F4404F50D0D4E90E10E0B921B1E5
:1034C000520402D50A6852680AB323681022DA61EE
:1034D000636C43F00403636494F8413035F0807208
:1034E000DBB2DED1213B092B30D8DFE803F02D34ED
:1034F0002F2F2F2F2F2F2D341604E0D50068406872
:103500000028DCD119B1500444BF0A68526894F80D
:103510004120282A07D1B5F1007F04D11946204661
:10352000FFF7C0FBBDE794F841202368292A4FF03C
:103530001002DA61B5D115F5803FB2D02046FEF712
:103540001DFFFFF736FBACE721232363616C2046A8
:10355000FFF7F2FBA5E72223F7E723681022DA61E1
:103560009FE719079DD513079BD52046FFF757FB0B
:1035700097E7022098E770B590F84060C56A012E81
:1035800004460B467ED0012680F840608E0607D5A3
:10359000960605D5FFF7A8FE002084F8400070BD10
:1035A000D90630D5D6062ED5628D92B2E2B994F8FE
:1035B0004120282A07D1B5F1007F04D119462046C1
:1035C000FFF770FBE8E794F841202368292A4FF0C1
:1035D0001002DA61E0D115F5803FDDD02046FEF71C
:1035E000CDFEFFF7E6FAD7E723681022DA61636CB5
:1035F00043F00403636435F08073CDD1616C2046E1
:10360000FFF79AFBC8E758071BD5510719D5638DFB
:103610009BB26BB123685A6A636A1A70636A01339A
:103620006362238D013B2385638D013B9BB26385E0
:10363000638D9BB2002BAFD115F5803FACD02046F7
:10364000CFE71E0705D5100703D52046FFF7E7FA99
:10365000A2E79907A0D593079ED5638D9BB26BB166
:10366000636A226813F8011B91626362638D013BF8
:103670009BB26385238D013B23858DE735F08073F5
:103680008AD1DCE702208AE7806A836B0BB10022D3
:103690009A63C36B0BB100229A63FFF736BB90F8B5
:1036A00041007047406C7047024A136843F48073CE
:1036B0001360704700040058024B186800F4C060A3
:1036C000704700BF00040058024A936823F4004387
:1036D0009360704700040058054A136843F00703DD
:1036E0001360044A136943F00403136130BF704749
:1036F0000004005800ED00E04FF0B0431868C0F33C
:10370000404070474FF0B0431868C0F34000704726
:103710004FF0B042536823F47F4343EA00235360E1
:1037200070474FF0B0431868C0F340607047000026
:103730007FB54FF0B0432C4AD3F80831C0F30310E3
:1037400003F00F0352F82040284A52F82330B4FB0C
:10375000F3F4FFF7B1FF264B054693E80700B5F5F4
:10376000007F04AB03E9070010D0224B9C4218D322
:1037700003F5B70303F67F539C4229D903F574136D
:1037800003F510639C4225D802230BE01A4B9C42A0
:1037900007D91A4B9C421BD903F5370303F5D853BD
:1037A000F0E7002304AA02EB830353F80C4C144DFA
:1037B0002B6823F0070323432B60FDF76FFE0646BB
:1037C0002B6803F007039C4206D1002004B070BDB3
:1037D0000123E7E70024EAE7FDF760FE801B0228EB
:1037E000EED90320F2E700BF0C4102086C41020849
:1037F000483B0208C0CF6A00BFEA21013F93340270
:10380000004000584FF0B04310B59A68D96812F0E4
:103810000C0205D00C2A4AD101F00303012B51D12F
:103820004FF0B0412B480B6813F0080306D00B682B
:1038300013F0080337D1D1F8941007E00C6824077F
:1038400056BFD1F894300968C3F3032350F82330EE
:10385000002A0CBF184600204FF0B0418A6802F0E1
:103860000C020C2A1ED1CA6802F00302022A2ED0D2
:10387000032A06D10B68184A13F4801F174B18BF90
:1038800013464FF0B042D068D168D268C0F306202A
:103890005843C1F302130133B0FBF3F0530F01336C
:1038A000B0FBF3F010BD0B68C3F30313CEE7042A9B
:1038B00005D0082A06D11B6813F4801305D00648EA
:1038C0000023C9E700231846C6E70448C4E7024BB3
:1038D000D7E700BF0C4102080024F4000048E801CB
:1038E00008B5FFF78FFF4FF0B043044A9B68C3F35E
:1038F000031352F82330B0FBF3F008BD6C4102080B
:103900002DE9F0410446002853D04FF0B0439D68A4
:10391000DE680368990605F00C0506F0030668D515
:10392000026A1DB10C2D46D1012E44D1002A40D08F
:103930004FF0B043A16A1A68120756BFD3F894300B
:103940001B681B0903F0F00399421FD90846FFF7D3
:10395000EFFE00282DD14FF0B042136843F008036A
:1039600013601368A16A23F0F0030B431360606ACD
:10397000FFF7CEFEFFF7B4FFAC4B1860AC4B1868F6
:10398000FDF744FD002834D0BDE8F0814FF0B0428F
:10399000136843F008031360136823F0F0030B432C
:1039A0001360606AFFF7B4FE0846FFF7C1FE002807
:1039B000E0D00120E8E74FF0B043002A54D01A6865
:1039C00042F001021A60FDF769FD0746FFF79AFE13
:1039D000002842D04FF0B042136843F00803136050
:1039E0001368A16A23F0F0030B431360606AFFF7CA
:1039F0008FFE2368DF0748D42368980700F1A18071
:103A000023681E0740F1FC80A3694FF0B046002BED
:103A100000F0E380D6F89430E16903F0100291429F
:103A200000F0C68003F00302022AC2D0D80740F19A
:103A3000B580D6F8943023F00103C6F89430FDF732
:103A40002DFD0746D6F89430990740F1A780FDF781
:103A500025FDC31B112BF5D904E0FDF71FFDC01B8D
:103A60000228B3D903208FE71A6822F001021A60F6
:103A7000FDF714FD0746FFF745FE0028B9D0FDF716
:103A80000DFDC01B0228F6D9ECE7082D626803D0B3
:103A90000C2D1AD1032E18D1002A8AD09907AFD540
:103AA00023694FF0B046002B67D0336843F480732E
:103AB0003360FDF7F3FC074633685A0555D4FDF72C
:103AC000EDFCC31B022BF7D9CCE74FF0B043A06845
:103AD000196821F480110143B2F5803F196010D1BB
:103AE0001A6842F480321A60FDF7D8FC0746FFF7E7
:103AF00003FE002880D1FDF7D1FCC01B6428F6D955
:103B0000B0E7B2F5041F04D11A6842F400121A603B
:103B1000E6E7196821F480311960196821F4001171
:103B20001960002AE0D1FDF7B9FC0746FFF7E4FD74
:103B300000283FF461AFFDF7B1FCC01B6428F5D944
:103B400090E7042D03D00C2DAAD1022EA8D1236911
:103B5000002B3FF42EAF4FF0B0426169536823F061
:103B6000FE4343EA016353604AE77368626923F0E6
:103B7000FE4343EA0263736042E7336823F48073D1
:103B80003360FDF78BFC074633685B057FF538AF84
:103B9000FDF784FCC31B022BF6D963E74FF0B0425C
:103BA000E169D2F8943023F010030B43C2F894304B
:103BB0004FF0B047D7F8943043F00103C7F8943082
:103BC000FDF76CFC0646D7F894309A0718D4FDF739
:103BD00065FC831B112BF6D944E7D6F8943023F00B
:103BE0000103C6F89430FDF759FC0746D6F8943027
:103BF0009B0705D5FDF752FCC31B112BF6D931E706
:103C00002368580754D50B4F3B68D90514D4FFF7E8
:103C10004BFDFDF743FC06463B68DA050CD4FDF787
:103C20003DFC831B022BF7D91CE700BF400000209E
:103C30000400002000040058E3684FF0B046002B59
:103C400058D023F08003052B02BFD6F8903043F004
:103C50000403C6F890304FF0B046FDF71FFCD6F8CD
:103C6000903043F001030746C6F8903041F288389F
:103C7000D6F890309B0705D4FDF710FCC31B4345D5
:103C8000F6D9EFE6E36823F00403812B1BD1FDF79F
:103C900005FCD6F8903043F08003C6F89030074614
:103CA0004FF0B04641F28838D6F89030180504D568
:103CB000E36A002B4AD1002066E6FDF7EFFBC01B4C
:103CC0004045F1D9CEE6FDF7E9FBD6F8903023F078
:103CD0008003C6F8903007464FF0B04641F288386E
:103CE000D6F890301905E3D5FDF7D8FBC01B404549
:103CF000F6D9B7E6FDF7D2FBD6F8903023F0800373
:103D00000746C6F8903041F28838D6F890301A0548
:103D100016D4FDF7C3FBD6F8903023F00103C6F8A4
:103D2000903007464FF0B04841F28836D8F89030CE
:103D30009B07BDD5FDF7B2FBC31BB342F6D991E695
:103D4000FDF7ACFBC01B4045DFD98BE60C2D4ED0F8
:103D5000022B4FF0B0431A6822F080721A6033D100
:103D6000FDF79CFB0546FFF7DCFC38BBD4E90C31C2
:103D70004FF0B0420B43D0682D4901400B43E16B3B
:103D80000B43216C0B43616C0B43A16B43EA012392
:103D9000D360136843F080731360D36843F080539B
:103DA000D360FDF77BFB0446FFF7BBFC002882D104
:103DB000FDF774FB001B0A28F6D953E6FDF76EFBEE
:103DC000401B0A28CFD94DE6FDF768FB0446FFF7F4
:103DD000A8FC30B94FF0B042164BD1680B40D3600D
:103DE00069E7FDF75BFB001B0A28F0D93AE6012BD7
:103DF0003FF4DFAD4FF0B043D868236B00F003020F
:103E00009A427FF4D6AD626B00F0700393427FF468
:103E1000D0ADA26B00F4FE43B3EB022F7FF4C9AD2B
:103E2000636C00F06040C01A18BF0120ACE500BF11
:103E30008C80C111FCFFFEEE2DE9F0410D460446D9
:103E400010B90120BDE8F081684E336803F0070324
:103E50008B4216D323689A0727D54FF0B047A26844
:103E6000BB6823F0F0031343BB60FDF717FB064666
:103E7000BB68DB0319D4FDF711FB831B022BF7D9B9
:103E800011E0336823F007030B433360FDF706FBB3
:103E90000746336803F00703AB42DBD0FDF7FEFAB9
:103EA000C01B0228F5D90320CCE72368580617D594
:103EB0004FF0B0476269D7F8083123F00F0343EAA7
:103EC0001213C7F80831FDF7E9FA0646D7F80831AA
:103ED000D90305D4FDF7E2FA831B022BF6D9E2E7FA
:103EE00023685A0713D54FF0B047E268BB6823F444
:103EF000E0631343BB60FDF7D1FA0646BB689B0342
:103F000005D4FDF7CBFA831B022BF7D9CBE7236847
:103F1000180714D54FF0B0472269BB6823F46053EB
:103F200043EAC203BB60FDF7B9FA0646BB68590312
:103F300005D4FDF7B3FA831B022BF7D9B3E7236847
:103F4000DA070FD4294C236803F00703AB4239D8B2
:103F5000FFF7C6FC264B1860264BBDE8F0411868F9
:103F6000FDF754BA6268022A1DD1FFF7C5FB00288D
:103F70003FF467AF4FF0B04641F28838B36823F0A2
:103F800003031343B360FDF789FA0746B368626819
:103F900003F00C03B3EB820FD4D0FDF77FFAC01B04
:103FA0004045F3D97FE7032A02D1FFF7BAFBDEE7EA
:103FB00012B9FFF7A7FBDAE74FF0B0431B685B05C8
:103FC000D8D43EE7236823F007032B432360FDF793
:103FD00065FA0646236803F00703AB42B8D0FDF745
:103FE0005DFA801B0228F5D95DE700BF004000584C
:103FF000400000200400002008B5FFF703FC4FF04C
:10400000B043054AD3F8083103F00F0352F82330C8
:10401000B0FBF3F008BD00BF6C41020808B5FFF724
:104020005FFC4FF0B043044A9B68C3F3022352F88D
:104030002330D84008BD00BF4C41020808B5FFF747
:104040004FFC4FF0B043044A9B68C3F3C22352F8BD
:104050002330D84008BD00BF4C41020810B5D8B18C
:10406000D1B14F234FF0B0420360936803F00C04CA
:10407000446003F0F004846003F4E06403F46053EC
:10408000C4600361D2F808311B01DBB24361034B0A
:104090001B6803F007030B6010BD00BF0040005811
:1040A0004FF0B0431868C0F3802070474FF0B04322
:1040B000D3F89000C0F3400070474FF0B043D3F8FE
:1040C0009400C0F3400070474FF0B0431868C0F34D
:1040D000C00070474FF0B04210B5D36803F003033F
:1040E000022B39D0032B10D0FFF7EEFF1B4C0146FB
:1040F00028BBFFF7E9FF012816BFD2F89410136818
:10410000C1F3032154F8213006E01368144A13F474
:10411000801F144B18BF13464FF0B042D068D168CF
:10412000D268C0F306204343C1F30211C2F34260D8
:1041300001310130B3FBF1F3B3FBF0F010BDFFF739
:10414000C3FF01280BBF1368D2F89430C3F30313E5
:10415000002354F82330DFE7014BDDE70C41020870
:104160000024F4000048E801B0F5807F10B500F0AD
:104170008F8123D8202800F0FA800AD8022800F086
:10418000D680102800F09481012800F0A78000203C
:1041900010BD402800F057818028F8D14FF0B0447E
:1041A000B24AD4F888301B0903F4406343F4402337
:1041B000934200F0A48002F5806253E1B0F5804F95
:1041C00000F0E58027D8B0F5806F00F08981B0F568
:1041D000006F00F0A281B0F5007FD8D14FF0B0435E
:1041E000A34AD3F888301B0C03F00C0343F440239C
:1041F000934200F0DC80B3F10C1F22D0043A9342CA
:1042000040F06781FFF759FF0128C0D14FF0B0435C
:10421000D3F8943022E0B0F5004F25D0B0F5803FC0
:10422000B5D14FF0B042D2F8903003F44073B3F5FB
:10423000007F0DD0B3F5407F00F08581B3F5807F1E
:10424000A5D1FFF733FF441E60426041C0039FE7E2
:10425000FFF733FF01289AD1D2F89430D80654BF23
:104260004FF4FA40FA2093E74FF0B042D2F888308A
:1042700003F04043B3F1804FEAD0B3F1004FE0D0F8
:1042800033B91368990182D5BDE81040FFF722BF0A
:1042900013689A077FF57BAFFFF716FF7549024653
:1042A00068B9FFF711FF4FF0B043012816BFD3F8EC
:1042B00094201B68C2F3032251F8220068E7FFF73D
:1042C00003FF4FF0B04301280BBF1B68D3F89430B5
:1042D000C3F30313002351F8230059E74FF0B04311
:1042E000654AD3F8883003F0030343F44033934224
:1042F0005DD0B3F1031FA4D0013A934203D1BDE8CE
:104300001040FFF77FBAFFF77DFA4FF0B0435B49EB
:104310009A689B68C2F30312C3F3C22351F82220A8
:10432000B0FBF2F0564A52F82330D84030E74FF055
:10433000B0444F4AD4F8883003F00C0343F44023D0
:10434000934234D0B3F10C1F3FF47BAF043A934255
:10435000D5D0FFF757FAA268A3684849C2F3031201
:10436000C3F3022351F82220B0FBF2F0DAE74FF05A
:10437000B044D4F8883003F44063B3F5006F16D02E
:10438000B3F5406F3FF45DAFB3F5806FE0E74FF0FA
:10439000B042D2F8883003F04053B3F1005F0DD043
:1043A000B3F1405FABD0B3F1805F7FF4F0AEFFF7C5
:1043B00077FE01287FF4EBAE3248E9E613689B01F3
:1043C0007FF5E5AED36803F00303022B39D0032B4E
:1043D00010D0FFF779FE274C014628BBFFF774FE8B
:1043E000012816BFD2F894101368C1F3032154F8C2
:1043F000213006E01368234A13F4801F224B18BFB4
:1044000013464FF0B042D068D168D268C0F306209E
:104410005843C1F302130133B0FBF3F0C2F344433A
:104420000133B0FBF3F0B3E6FFF74EFE01280BBFFC
:104430001368D2F89430C3F30313002354F82330E5
:10444000DFE7104BDDE74FF0B044104AD4F8883076
:104450001B0903F4407343F4403393423FF44FAFDE
:1044600002F580729342A2D073E700BF00040C00F3
:1044700008000C000C410208020003006C41020815
:104480004C4102080024F4000048E8010001030048
:104490004FF0B0442D4AD4F888301B0903F4405340
:1044A00043F4401393423FF42AAF02F58052D9E718
:1044B0004FF0B043D3F8883003F44073B3F5007F76
:1044C0003FF475AFB3F5407F7FF4DEAE4BF680303E
:1044D0005EE6FFF797F94FF0B0439A689B683CE7B8
:1044E0004FF0B0441A4AD4F888301B0C03F0300364
:1044F00043F4401393423FF45AAFB3F1301F3FF4FB
:10450000A0AE103A93427FF424AFFFF7D6FD012806
:104510007FF43DAED4F89430A0E64FF0B0440D4A9D
:10452000D4F888301B0C03F0C00343F440039342DB
:104530003FF43DAFB3F1C01F3FF483AE403A934226
:104540007FF407AF5EE6044822E600BF00103000AB
:10455000200030008000C00040420F00704770B55E
:104560000446002866D0436A002B5FD14268B2F54A
:10457000827F00D0C3610023A36294F85D3003F012
:10458000FF0223B984F85C202046FFF7E7FF22688A
:10459000E068A668A169022384F85D30136823F0FF
:1045A00040031360B0F5E06F4FF000038ABF1D4673
:1045B0004FF48055B0F5706F18BFA362636806F4BE
:1045C000044603F482733343266906F0020633433C
:1045D000666906F00106334301F400763343E66969
:1045E00006F038063343266A06F080063343A66A8F
:1045F00006F4005633431360666B636A06F00806E0
:1046000003F0100300F470603343090C034301F01E
:1046100004010B432B435360D36923F40063D3613C
:1046200000200123206684F85D3070BD0023C0E9BE
:104630000433A0E70120F8E7704710B5044680B1C5
:104640000268022380F85D30136823F04003136092
:10465000FFF7F2FF0020206684F85C0084F85D001C
:1046600010BD0120FCE7022310B580F83D3003683F
:10467000196A41F211121142044608D1196A40F236
:104680004442114202BF1A6822F001021A60204619
:1046900002F0FFFC002084F8480084F83C0084F815
:1046A0003E0084F83F0084F8400084F8410084F81C
:1046B000420084F8430084F8440084F8450084F8FC
:1046C000460084F8470084F83D0010BD90F83D3066
:1046D000012B17D102230C4A80F83D300368934226
:1046E00002D0B3F1804F07D19968084A0A40062AE0
:1046F00006D0B2F5803F03D01A6842F001021A607A
:104700000020704701207047002C01400700010085
:104710000368196A41F21112114208D1196A40F274
:104720004442114202BF1A6822F001021A600123BA
:1047300080F83D30002070470368DA6822F00102FB
:10474000DA60196A41F21112114208D1196A40F275
:104750004442114202BF1A6822F001021A6001238A
:1047600080F83D300020704790F83C20012A034635
:104770004FF0020009D01A6883F83D005161002013
:10478000012283F83D2083F83C0070477047704752
:10479000036870B5DD681E69B20704460DD5A90728
:1047A0000BD56FF002021A61012202779B699A070A
:1047B00074D001F052FE00232377730710D56807E9
:1047C0000ED523686FF004021A61022222779B69DA
:1047D00013F4407F204667D001F03FFE002323778B
:1047E00031070FD52A070DD523686FF008021A612B
:1047F00004222277DB699B0720465BD001F02DFE67
:1048000000232377F00610D5E9060ED523686FF054
:1048100010021A6108222277DB6913F4407F2046D8
:104820004ED001F01AFE00232377F20708D5EB07DC
:1048300006D523686FF001021A61204601F0EAFDF7
:10484000300608D5290606D523686FF080021A6164
:10485000204600F002FAF20508D52B0606D523689B
:104860006FF480721A61204600F0F8F9700608D5DE
:10487000690606D523686FF040021A612046FFF7EB
:1048800086FFB20622D5AB0620D523686FF0200242
:1048900020461A61BDE8704000F0DEB901F0DBFD92
:1048A0002046FFF773FF86E701F0D5FD2046FFF7AE
:1048B0006DFF93E701F0CFFD2046FFF767FF9FE70D
:1048C00001F0C9FD2046FFF761FFACE770BD0000B5
:1048D0001B4A0368904202D0B0F1804F08D14A6869
:1048E00023F070031343CA6823F44073134306E0B4
:1048F000144A9042F7D002F580629042F3D04A69A0
:1049000023F08003134303608B68C3620B688362E8
:104910000B4B984207D003F5C053984203D003F5E0
:104920008063984201D10B690363012343610369EA
:10493000DB0742BF036923F001030361704700BF37
:10494000002C01400044014010B5044650B390F8DB
:104950003D3003F0FF021BB980F83C2002F072FBEF
:104960000223206884F83D30211DFFF7B1FF0123A9
:1049700084F84830002084F83E3084F83F3084F8D2
:10498000403084F8413084F8423084F8433084F871
:10499000443084F8453084F8463084F8473084F851
:1049A0003D3010BD0120FCE7036A01F01F0110B586
:1049B00001248C4023EA04030362036A8A401A43F9
:1049C000026210BD082908B525D00AD8A9B104296A
:1049D00019D090F84330012B13D1022380F84330D3
:1049E0002CE00C291FD01029F3D190F84230012B74
:1049F00007D1022380F8423020E090F83E30012BAE
:104A000019D0012043E090F83F30012BF9D1022367
:104A100080F83F3012E090F84030012BF1D10223B2
:104A200080F840300AE090F84130012BE9D10223B0
:104A300080F8413002E0022380F83E300068012215
:104A4000FFF7B2FF124B984214D003F5C0539842BF
:104A50000BD003F58063984207D0B0F1804F0DD0A2
:104A6000036843F00103036010E0436C43F4004328
:104A70004364F5E7436C43F4004343648268054BA9
:104A80001340062B02D0B3F5803FE9D1002008BDCA
:104A9000002C014007000100FFF794BF082910B562
:104AA00003465AD010D809B3042946D093F843409E
:104AB00093F84720012CE0B2D2B26FD1012A3BD14A
:104AC000022283F8432065E00C2956D01029EDD14D
:104AD00090F8424093F84720012CE0B2D2B25DD169
:104AE000012A29D1022283F8422053E090F83E4067
:104AF00093F84420012CE0B2D2B24FD1012A1BD14D
:104B0000022283F83E2083F8442018680122FFF730
:104B10004BFF234B984202D0B0F1804F07D18268FF
:104B2000204B1340062B06D0B3F5803F03D003681B
:104B300043F001030360002010BD90F83F4093F85C
:104B40004520012CE0B2D2B228D1012AF4D10222B0
:104B500083F83F2083F84520D7E790F8404093F84A
:104B60004620012CE0B2D2B218D1012AE4D10222AF
:104B700083F8402083F84620C7E790F8414093F837
:104B80004720012CE0B2D2B208D1012AD4D10222AE
:104B900083F84120022283F84720B6E70120CBE7C3
:104BA000002C014007000100036A01F01F0110B54D
:104BB00004248C4023EA04030362036A8A401A43F4
:104BC000026210BD08B529B990F84430012B1DD000
:104BD000012039E0042907D190F84530012BF7D1A5
:104BE000022380F8453014E0082907D090F84730B8
:104BF000012BEDD1022380F847300AE090F84630CF
:104C0000012BE5D1022380F8463002E0022380F830
:104C1000443000680422FFF7C7FF436C43F40043AD
:104C200043640A4B984202D0B0F1804F07D18268AA
:104C3000074B1340062B06D0B3F5803F03D0036823
:104C400043F001030360002008BD00BF002C0140B9
:104C500007000100FFF7B6BF7047704770470000BC
:104C600010B5026852E8003F23F4907342E8003127
:104C700002680029F5D10F4C02F1080353E8003F08
:104C8000234002F1080C4CE800310029F4D1C36E36
:104C9000012B07D152E8003F23F0100342E8003116
:104CA0000029F7D12023C0F88C300023C366436766
:104CB00010BD00BFFEFFFFEF026852E8003F23F087
:104CC000800342E8003102680029F5D152E8003F34
:104CD00043F0400342E800310029F7D17047D0F893
:104CE0008820212A034611D1B0F8562092B20AB981
:104CF000FFF7E2BF026D016812F8010B88621A65C6
:104D0000B3F85620013A92B2A3F856207047D0F873
:104D10008820212A034613D1B0F8562092B20AB94E
:104D2000FFF7CABF1A6D006832F8021BC1F3080111
:104D300081621A65B3F85620013A92B2A3F8562060
:104D40007047D0F88830212B10B51BD1B0F86A20FD
:104D5000C2B1B0F85610036889B2A1B903F10802D4
:104D600052E8002F22F4000203F1080040E800217D
:104D70000029F3D153E8002F42F0400243E800211C
:104D80000029F7D110BDD96909060AD5016D11F8BE
:104D9000014B9C62B0F856300165013B9BB2A0F814
:104DA0005630013A92B2D3E7D0F88830212B10B5B3
:104DB0001BD1B0F86A20C2B1B0F85610036889B2AE
:104DC000A1B903F1080252E8002F22F4000203F116
:104DD000080040E800210029F3D153E8002F42F0F9
:104DE000400243E800210029F7D110BDD969090626
:104DF0000CD5016D31F8024BC4F308049C62B0F885
:104E000056300165013B9BB2A0F85630013A92B290
:104E1000D1E77047D0F88830202B10B544D1002955
:104E200044D0002A42D0A0F85620A0F85420426E68
:104E300001650023C0F89030B2F1005F4FF021030C
:104E4000C0F888300268836819D1B3F5805F14D147
:104E50000469174B1749002C08BF0B46836702F102
:104E6000080353E8003F43F4000302F1080040E860
:104E700000310029F3D1002010BD0D4BEEE7B3F552
:104E8000805F0FD104690C4B0C49002C08BF0B4606
:104E9000836752E8003F43F0800342E80031002975
:104EA000F7D1E8E7044BF3E70220E5E70120E3E769
:104EB000434D0008A94D0008DF4C00080F4D0008C5
:104EC00008B5806A0023A0F85E30A0F8563002F0E2
:104ED00015FC08BD704700000368D9691A682DE900
:104EE000F04140F60F0631429D68044610D18E060F
:104EF00040F1978002F0200605F080573E4300F015
:104F00009080436F002B00F08580BDE8F04118478A
:104F1000AB4EAC482E401040304300F08280CF07AB
:104F200009D5D00507D501201862D4F8900040F0CB
:104F30000100C4F890008F0709D5E80707D50220C3
:104F40001862D4F8900040F00400C4F890004F07B5
:104F500009D5E80707D504201862D4F8900040F07E
:104F60000200C4F890000F070BD502F02000304378
:104F700007D008201862D4F8900040F00800C4F868
:104F800090000E050AD5500108D54FF40060186254
:104F9000D4F8903043F02003C4F89030D4F8903027
:104FA000002B37D08B0609D502F0200205F0805582
:104FB0002A4303D0636F0BB1204698472668D4F884
:104FC0009020B36802F0280203F0400353EA020580
:104FD000204621D0FFF744FEB3685F0617D522684C
:104FE00002F1080353E8003F23F04003083242E88F
:104FF00000310029F3D1D4F8800040B1724B8363B3
:10500000FCF7CCFF30B1D4F88000836B7DE72046FD
:1050100002F074FBBDE8F08102F070FBC4F8905020
:10502000F8E7E06E012840F08980CE0640F18680E6
:10503000D00640F1838010221A629A6851064BD53F
:10504000D4F8802011684A6892B2002AE2D0B4F8FD
:105050005C009042DED9A4F85E200A6892062FD444
:1050600053E8002F22F4807243E800210029F7D191
:1050700003F1080252E8002F22F0010203F10800B8
:1050800040E800210029F3D103F1080252E8002F83
:1050900022F0400203F1080040E800210029F3D18A
:1050A0002022C4F88C20E16653E8002F22F0100281
:1050B00043E800210029F7D1D4F88000FCF739FF3C
:1050C00002232367B4F85E30B4F85C10C91A89B2C1
:1050D0002046FFF7FFFE9DE7B4F85E20B4F85E00BF
:1050E000B4F85C1080B292B2002893D0891A89B2C9
:1050F00000298FD053E8002F22F4907243E800205B
:105100000028F7D1314D03F1080252E8002F2A4060
:1051100003F1080646E800200028F4D12022C4F854
:105120008C206067E06653E8002F22F0100243E80D
:1051300000200028F7D102232367C9E7CF0209D551
:105140006E0207D54FF4801220461A62BDE8F04186
:1051500002F01EBB08060BD502F0800005F4000526
:10516000284305D0A36F002B3FF454AF2046CCE674
:105170004F0611D556060FD553E8002F22F04002F6
:1051800043E800210029F7D12023C4F88830A16723
:10519000204602F0AFFA3DE70D0206D5500004D5D7
:1051A0002046BDE8F04100F032BECB017FF532AFC2
:1051B000002ABFF62FAF2046BDE8F04100F026BE22
:1051C0000100001020010004C14E0008FEFFFFEFA7
:1051D000D0F88C20B0F86010222A08B5036855D1A9
:1051E0005B6A826D0B401370836D01338365B0F889
:1051F0005E30013B9BB2A0F85E30B0F85E309BB2EF
:10520000002B42D1026852E8003F23F4907342E839
:10521000003103680029F5D103F1080252E8002F9C
:1052200022F0010203F1080C4CE800210029F3D11F
:105230002022C0F88C20184A41679342016705D1AB
:10524000C26E012A0ED002F051FA1EE05A68110215
:10525000F6D553E8002F22F0806243E800210029B0
:10526000F7D1EDE70022C26653E8002F22F01002CA
:1052700043E800210029F7D1DA69B0F85C10D206C2
:1052800044BF10221A62FFF725FE08BD9A6942F05A
:1052900008029A61F9E700BF00800040D0F88C2036
:1052A000B0F86010222A08B5036852D15A6A11403A
:1052B000826D22F8021B8265B0F85E20013A92B23C
:1052C000A0F85E20B0F85E2092B2002A40D153E8E8
:1052D000002F22F4907243E800210029F7D103F156
:1052E000080252E8002F22F0010203F1080C4CE8FA
:1052F00000210029F3D12022C0F88C20174A4167F1
:105300009342016705D1C26E012A0ED002F0EEF978
:105310001EE05A681102F6D553E8002F22F0806291
:1053200043E800210029F7D1EDE70022C26653E8E7
:10533000002F22F0100243E800210029F7D1DA699A
:10534000B0F85C10D20644BF10221A62FFF7C2FD0B
:1053500008BD9A6942F008029A61F9E700800040AE
:105360002DE9F84F0368B0F86060D3F81CB01F68EF
:105370009D68D0F88C20222A044640F0B980B0F80D
:10538000683043B1DFF87491DFF874A14FF0000882
:105390001BF0200F20D1B4F85E309BB2D3B1B4F82B
:1053A00068209A4216D9226802F1080353E8003FA8
:1053B00023F08053083242E8003122680029F2D1FC
:1053C000504B636752E8003F43F0200342E800314E
:1053D0000029F7D1BDE8F88F2368A26D5B6A3340DE
:1053E0001370A36D0133A365B4F85E30013B9BB22B
:1053F000A4F85E302368D3F81CB01BF0070F2ED042
:105400001BF0010F09D0F90507D501221A62D4F863
:10541000902042F00102C4F890201BF0020F09D046
:10542000EA0707D502221A62D4F8902042F004025B
:10543000C4F890201BF0040F09D0E80707D5042218
:105440001A62D4F8903043F00203C4F89030D4F8D4
:10545000903023B1204602F051F9C4F89080B4F89E
:105460005E309BB2002B93D1226852E8003F23F4B8
:10547000807342E8003123680029F5D103F1080266
:1054800052E8002F02EA090203F1080040E8002177
:105490000029F3D120225345C4F88C20616721678D
:1054A0000AD05A68110207D553E8002F22F0806213
:1054B00043E800210029F7D1E26E012A14D100222D
:1054C000E26653E8002F22F0100243E80021002991
:1054D000F7D1DA69B4F85C10D20644BF10221A6220
:1054E0002046FFF7F7FC53E7204602F0FFF84FE7AE
:1054F0009A6942F008029A616CE700BFFEFFFFEF75
:1055000000800040D15100082DE9F84F0368B0F841
:105510006060D3F81CB01F689D68D0F88C20222AE8
:10552000044640F0B780B0F8683043B1DFF87091BE
:10553000DFF870A14FF000081BF0200F20D1B4F865
:105540005E309BB2D3B1B4F868209A4216D9226873
:1055500002F1080353E8003F23F08053083242E889
:10556000003122680029F2D14F4B636752E8003FB7
:1055700043F0200342E800310029F7D1BDE8F88F5D
:105580002368A26D596A314022F8021BA265B4F863
:105590005E20013A92B2A4F85E20D3F81CB01BF052
:1055A000070F2ED01BF0010F09D0F90507D50122F6
:1055B0001A62D4F8902042F00102C4F890201BF047
:1055C000020F09D0EA0707D502221A62D4F8902008
:1055D00042F00402C4F890201BF0040F09D0E80741
:1055E00007D504221A62D4F8903043F00203C4F8BD
:1055F0009030D4F8903023B1204602F07FF8C4F800
:105600009080B4F85E309BB2002B95D1226852E8AE
:10561000003F23F4807342E8003123680029F5D16C
:1056200003F1080252E8002F02EA090203F1080020
:1056300040E800210029F3D120225345C4F88C20F2
:10564000616721670AD05A68110207D553E8002F15
:1056500022F0806243E800210029F7D1E26E012A9E
:1056600014D10022E26653E8002F22F0100243E832
:1056700000210029F7D1DA69B4F85C10D20644BFE2
:1056800010221A622046FFF725FC55E7204602F05B
:105690002DF851E79A6942F008029A616EE700BF5F
:1056A000FEFFFFEF008000409D52000810B590F80B
:1056B0008430012B1ED0012380F884302423C0F8CD
:1056C0008830026852E8003F23F00C0342E80034BF
:1056D0000168002CF5D151E8002F42F0080241E8A2
:1056E0000023002BF7D12022C0F8882080F88430D6
:1056F000184610BD0220FCE710B590F88430012B4D
:105700001ED0012380F884302423C0F8883002683A
:1057100052E8003F23F00C0342E800340168002CFB
:10572000F5D151E8002F42F0040241E80023002B9C
:10573000F7D12022C0F8882080F88430184610BDA8
:105740000220FCE7D0F88820D0F88C001043704786
:1057500038B5044603682169A2681D68C0690A4318
:1057600061690A437549024329400A431A605A682D
:10577000E16822F440520A435A60714AA169934297
:105780001CBF226A11439A6822F06E4222F43062F2
:105790000A439A60DA6A616A22F00F020A43DA6207
:1057A000684A934217D14FF0B043674AD3F8883024
:1057B00003F0030343F4403393425BD0B3F1031F80
:1057C00021D0013A934274D0B0F5004F40F0B08040
:1057D000FEF734FC31E05D4A934231D14FF0B043E3
:1057E0005B49D3F8883003F00C0343F440228A422B
:1057F00040D005D8E3B1574B9A425AD0012062E01D
:10580000B2F10C1FFAD1B0F5004F37D04FF4004081
:105810006368616A504A32F81120B0FBF2F000EB85
:105820005300B0FBF3F04FF6EF73A0F1100274E0F9
:10583000B0F5004F77D1FEF7F1FB002842D01DE014
:105840003F4A9342DAD14FF0B043D3F8883003F4A3
:105850004063B3F5006F3DD006D883B3B3F5806FD6
:10586000CCD1FDF7CFFF2CE0B3F5406FC6D14FF49C
:10587000004030E0B0F5004F3848C9D16268616A35
:10588000354B33F81130B0FBF3F0530803EB400312
:10589000B3FBF2F34FF6EF72A3F110019142ADD8D2
:1058A00023F00F02216892B2C3F342031343CB608B
:1058B00008E0B0F5004F3ED1FDF7A4FFBDE7FEF7CD
:1058C000ADFB40B900204FF00113A3660023C4E9EB
:1058D0001D3338BD214865681F4B626A05EB4501E1
:1058E00033F81220B0FBF2F3994287D8B3EB053FAF
:1058F00084D800231946FBF7A7FC090241EA10618E
:105900006B080002C0182A464FF0000341F1000165
:10591000FBF79AFC124BA0F540729A423FF66EAF2D
:105920002368D860CEE7FEF779FB0028CAD06FE77E
:10593000FEF784FBF9E7FDF765FFF6E7F369FFCFB4
:105940000080004000380140020003000044004095
:1059500008000C0004000C00104002080024F400B1
:10596000FFFC0F00836A1A0710B506D50168846B27
:105970004A6822F4004222434A60DC0706D50168E7
:10598000C46A4A6822F4003222434A60990706D565
:105990000168046B4A6822F4803222434A605A0745
:1059A00006D50168446B4A6822F4802222434A608B
:1059B000DC0606D50168C46B8A6822F48052224353
:1059C0008A60990606D50168046C8A6822F4005240
:1059D00022438A605A060FD50168446C4A6822F453
:1059E00080122243B4F5801F4A6005D14A68846C56
:1059F00022F4C00222434A601B0606D50268C16C2D
:105A0000536823F400230B43536010BD2DE9F84382
:105A1000DDF8209005460E46174698462A68D36959
:105A200036EA03030CBF01230023BB4201D0002050
:105A300029E0B9F1FF3FF2D0FBF730FDA0EB080001
:105A400048452C6802D8B9F1000F1ED154E8003F38
:105A500023F4D07344E80032002AF7D104F108039C
:105A600053E8003F23F0010304F1080141E800324C
:105A7000002AF3D12023C5F88830C5F88C300023E4
:105A800085F884300320BDE8F88323685A07C5D51C
:105A9000802EC3D0402EC1D0E3691B05BED54FF484
:105AA0000063236254E8003F23F4D07344E80032DB
:105AB000002AF7D104F1080353E8003F23F0010363
:105AC00004F1080141E80032002AF3D12023C5F88F
:105AD0008830C5F88C30C5F89030D0E72DE9F74311
:105AE0009846D0F88830202B04460E46174643D1FE
:105AF000002943D0002A41D021230025C0F890502E
:105B0000C0F88830FBF7CAFCA368A4F85470B3F55A
:105B1000805F8146A4F8567003D123690BB93546DE
:105B20001E46B4F85620CDF8008092B24B4642B9DA
:105B300040212046FFF76AFF48B92023C4F8883087
:105B400006E0002280212046FFF760FF18B1032005
:105B500003B0BDE8F08322685EB935F8023BC3F3B9
:105B600008039362B4F85620013A92B2A4F8562082
:105B7000D7E716F8013BF4E70220E9E70120E7E761
:105B800073B504460026C0F89060FBF787FC2368D5
:105B90001B681A07054619D423681B685B070AD5DA
:105BA0006FF07E43009300222B464FF48001204685
:105BB000FFF72CFFB0B900202023C4F8883084F808
:105BC0008400C4F88C30E06620670CE06FF07E4300
:105BD0000093324603464FF400112046FFF716FFAC
:105BE0000028D9D0032002B070BD10B5044650B3D0
:105BF000D0F888301BB980F88430FFF70AF92268A2
:105C00002423C4F88830136823F001031360A36AC7
:105C100013B12046FFF7A6FE2046FFF799FD0128A5
:105C200011D023685A6822F490425A609A6822F090
:105C30002A029A601A6842F0010220461A60BDE802
:105C40001040FFF79DBF012010BD10B5044670B392
:105C5000D0F888301BB980F88430FFF7DAF8226872
:105C60002423C4F88830136823F001031360A36A67
:105C700013B12046FFF776FE2046FFF769FD0128A5
:105C800015D023685A6822F490425A609A6822F02C
:105C900022029A609A6842F008029A601A6842F0FA
:105CA000010220461A60BDE81040FFF769BF0120DD
:105CB00010BD000030B581658168A0F85C2000232C
:105CC000B1F5805FA0F85E20436731D10369002BF6
:105CD00040F2FF1318BFFF23A0F860300023C0F884
:105CE00090302223C0F88C30016801F1080353E89A
:105CF000003F43F00103083141E800340368002C01
:105D0000F2D1456E84680169B5F1005F35D1B0F814
:105D10006850954231D8B4F5805F29D1C1B1264A87
:105D2000426753E8002F42F4807243E8002121E0EB
:105D300029B90369002B14BF7F23FF23CCE7B1F1FE
:105D4000805FC9D10369002B14BF3F237F23C3E7C2
:105D50001A4A426703F1080252E8002F42F08052CB
:105D600003F1080040E800210029F3D1002030BDF4
:105D7000114A42670029D4D1ECE7B4F5805F16D10F
:105D800051B10F4A426753E8002F42F4907243E842
:105D900000210029F7D1E9E70A4A426753E8002FBA
:105DA00042F0200243E800210029F7D1DEE7044A4F
:105DB00042670029F2D0E6E7615300080955000860
:105DC000D15100089D520008D0F88C30202B30B4FF
:105DD00015D1B9B1B2B100230468C3660A4B9C4225
:105DE0000AD063681B0207D554E8003F43F0806384
:105DF00044E80035002DF7D130BCFFF75BBF02202F
:105E000030BC70470120FBE70080004070477047BE
:105E100090F88430012B0FD0012380F88430016882
:105E200051E8002F42F0020241E80023002BF6D196
:105E300080F88430184670470220704790F884300C
:105E4000012B0FD0012380F88430016851E8002F26
:105E500022F0020241E80023002BF6D180F88430C2
:105E60001846704702207047836810B504462BB16E
:105E70000322014698470023C4E9023310BD83681A
:105E800010B5044613B1032201469847204610BDC1
:105E900010B5044650F8103FDA6822F00102DA60CB
:105EA000DA6822F00202DA60DA6822F00402DA60CC
:105EB000DA6822F00802DA60DA6822F01002DA60AA
:105EC000FEF726FC2269136823F001031360012307
:105ED00084F84E3084F84F3084F8503084F85130D4
:105EE00084F8523084F8533084F8543084F85530B4
:105EF00084F8563084F8573010BD4B1E032B00D960
:105F0000FEE78900081F70470139435C13F0100059
:105F100004D0022916D80C4A32F81100DB0712D53A
:105F200003290FD8DFE801F00205080B40F001005B
:105F3000704740F01000704740F48070704740F4A4
:105F400080507047FEE7704730400208013903294E
:105F500000D9FEE7014B585C704700BF2C40020897
:105F60000139032900D9FEE7014B585C704700BF97
:105F7000284002082DE9F04104460E46FFF7BDFF18
:105F800004EB061808F16408054631462046FFF781
:105F9000DDFFD8F808302BB12369C2431A61DA68F3
:105FA0000243DA60771E04EB47039B880B2B49D82A
:105FB000DFE803F051181818060618184A4A4A2A4A
:105FC000E35DDE0604D5294604F11000FEF742FE2B
:105FD000E35DD80736D5294604F11000BDE8F0414D
:105FE000FEF75ABDE35DD90604D5294604F1100039
:105FF000FEF7E8FDE35DDA0724D5294604F1100039
:10600000BDE8F041FEF7DEBC294604F11000FEF7C2
:1060100045FD31462046FFF7A3FF256901460646A8
:106020002046FFF771FF2B6A1843D8F80830286222
:1060300043B131462046FFF789FFC3432B61EB682C
:106040001843E860BDE8F081294604F11000BDE87E
:10605000F041FEF723BD23691B68DB07F2D404F18E
:106060001000BDE8F041FEF731BB70B501250446D4
:10607000861C294636F8023F23B129462046FFF701
:1060800079FF00210135052DF4D1E36E3BB1236981
:106090006FF001021A61DA6842F00102DA6049B178
:1060A00023691B68DB0705D404F11000BDE87040CC
:1060B000FEF70CBB70BD01211030FEF755BB036924
:1060C000186800F00100704710B502460C46FFF753
:1060D000F6FF80B9CB68DB070ED5CB6823F0010350
:1060E000CB601046FFF7E7FF6FF001032361E36821
:1060F00043F00103E36010BDBDE810401046FFF718
:10610000DABF00000B4B98420BD0B0F1804F0AD0A1
:1061100003F5C053984208D003F58063984206D037
:10612000FEE70020704701207047022070470320DF
:10613000704700BF002C0140024670B5044652F87B
:10614000100FFFF7DFFF0546104600F00DFF094A6C
:10615000002342F8253004F16406E36004F1B4053D
:10616000B54204D0103D2846FFF789FEF8E72046E7
:1061700070BD00BF1002002070B504460846FFF74E
:10618000C1FF256905B1FEE7204B216104F10C0236
:1061900043F8202004F110060E23C4E917353046D9
:1061A000C4E90C55C4E90E55C4E9105584F82C50C7
:1061B000A56484F84C5084F84D50E46000F0A8FECB
:1061C00004F16400FFF750FE04F17400FFF74CFE89
:1061D00004F18400FFF748FE04F19400FFF744FE49
:1061E00004F1A400FFF740FEC4E900554FF6FF7329
:1061F000C4E906538023C4E90855A5606561A3621C
:106200003046BDE87040FEF79FBB00BF1002002083
:1062100010B588B018220446002102A81CF09BFC8F
:10622000002301A902A80193FDF718FF206900F0DF
:1062300041FF012802D002280FD0FEE7059CFDF7A0
:10624000EDFEB4F5C06F05D00BD824F48074B4F51E
:10625000806F00D1400008B010BD069CFDF7EEFE37
:10626000EFE7B4F5E06FF4E7012A38B505460C46D0
:106270000BD0022A16D004B1013C29692846CC6211
:10628000EC61BDE83840FFF71FBFFFF7C1FF084BC7
:10629000B0FBF3F044432A69230C93620133B4FB4F
:1062A000F3F4E8E7FFF7B4FFB0FBF4F4F3E700BF63
:1062B00040420F0010B500F110042046FEF73CFAF2
:1062C0002046BDE81040FEF7CEB90000034B186829
:1062D00010B10430FEF75CBA704700BF1002002016
:1062E000FFF7F4BF034B586810B10430FEF750BA03
:1062F000704700BF10020020034B986810B10430B3
:10630000FEF746BA704700BF10020020034BD86862
:1063100010B10430FEF73CBA704700BF10020020F5
:106320000022C0E90022C0E902227047F8B5044605
:106330000E4600F1640500F1B40728461035FFF75A
:10634000EFFFBD42F9D10023204623613146FFF71C
:1063500013FF2046F8BD38B50023C0E90033C0E97B
:1063600002338B6804460D462BB102229847EB6836
:10637000E360AB68A360204638BD30B587B002AD9E
:1063800004462846FFF7E7FF95E803006B4683E8DD
:10639000030094E8030085E8030093E80300049BEE
:1063A000A268A360059B049284E80300E268E360AE
:1063B00028460592FFF763FD07B030BD38B50446A7
:1063C0000D46E36E64301BB1BDE83840FFF7D5BF22
:1063D000FFF7D3FFAB683BB123696FF001021A618D
:1063E000DA6842F00102DA6038BD826810B50AB995
:1063F00019F03CFFBDE81040C368184708B500B964
:10640000FEE700F083FD0068C36E13B16430FFF750
:10641000ECFF08BDFFF7F2BF10B500B9FEE7037F40
:10642000013B072B10D8DFE803F004140F100F0F07
:106430000F12012400F06AFD240100686434204436
:1064400083680BB1FFF7D1FF10BD0324F2E70424EA
:10645000F0E70224EEE7FFF7DFBFFFF7DDBF1BF039
:10646000E5BF1BF0E3BF1BF0E9BF4FF0B04382B0C4
:10647000DA6C0243DA64DB6C03400193019B02B0E7
:106480007047000008B5032818D8DFE800F00208BC
:106490000D120120FFF7E9FF4FF0904008BD0220E8
:1064A000FFF7E3FF0648F9E70420FFF7DEFF0548A2
:1064B000F4E78020FFF7D9FF0348EFE70020EDE77E
:1064C0000004004800080048001C004808B50649C0
:1064D00000F0E4FCC0F3C430112800D9FEE7034B00
:1064E00053F8200008BD00BF183F020844400208CE
:1064F000A0F580500138022800D9FEE7014B53F87F
:10650000200070473840020808B5054900F0C6FC75
:10651000C0F3C430012800D0FEE7002008BD00BF52
:10652000003F02080268094B9A420DD14FF0B04378
:106530009A6B42F000529A639A6B22F000529A636F
:106540009A6D22F000529A65704700BF00740040B7
:1065500010B50A4986B0044600F07EFC019050B1A7
:106560002046FFF7D1FF014628B901A8FBF7D3FC6D
:1065700001A8FBF7C2FC06B010BD00BF003F020837
:106580004FF0B04382B01A6E42F400721A661A6E6F
:1065900002F400720192019AD3F8882042F040522E
:1065A000C3F88820044B1868C30403D4034902B01D
:1065B00000F03ABC02B0704718000020183F0208F3
:1065C0004FF0B0431A6C42F400721A641A6C22F451
:1065D00000721A641A6C42F400721A641A6C22F483
:1065E00000721A641A6E22F400721A667047000074
:1065F000F0B59FB0054664220E4605A800211CF0A8
:10660000AAFA0023EA04CDE902330493ADF802307C
:10661000019340F1AC8041F203039D4200F2A78058
:106620005D4B05932846FFF763FF07270446082EB6
:1066300000F0AE800A2E00F0AD80062E0CBF1823AD
:1066400000234FF00042CDE906230023CDE90832B4
:106650000422CDE90E330A92ADF82C3001228DF8D8
:106660002E308DF834308DF840308DF8503018933E
:106670001B9319938DF86830484B0C9205A84FF482
:106680008052CDE9112713971D60FAF711FF0028FA
:1066900079D1012C029435D0414B9C4232D0414BF0
:1066A0009C422FD0404B9C422CD0404B9C4229D046
:1066B0003F4B9C4226D03F4B9C4223D03E4B9C42BA
:1066C00020D03E4B9C421DD03D4B9C421AD03D4BAE
:1066D0009C4217D003F104239C4213D03A4A24F081
:1066E000004393420ED0394A93420BD0384A93422A
:1066F00008D0384A944205D0374A944202D0374AEB
:10670000934240D1012302A905A8CDE90337FBF745
:106710002DF8002837D105A8FBF762FA002832D1FE
:1067200005A8FBF785F970BB0A2105A8FAF7C0FF99
:1067300048BB05A8FBF7F2F8830505D505A8FBF7CC
:1067400011F880B2ADF8020005A8FBF72BFAD0B91A
:1067500005A8FBF7D1F9B0B9214AD2F8083723F0E0
:10676000E073C2F80837BDF8020080B20CE01D49A2
:10677000284600F071FB01A905902846FFF7A6FE08
:10678000059B044613B900201FB0F0BD03274EE758
:10679000102356E7082354E7002401401800002086
:1067A00002000004040000080800000C10000010A3
:1067B00020000014400000188000001C0001002090
:1067C00000020024000400280010003000200034E3
:1067D000004000380080003C0000014000000244FE
:1067E00000200140183F0208F8B51449144E07462E
:1067F00000F032FBFFF786FC56F82030044673B9F0
:10680000B420FFF72CFE0D490546384600F024FB66
:1068100001462846FFF78AFD56F824301D6056F8D9
:1068200024301C6844B12046FFF786FC2046B42182
:10683000BDE8F840FFF717BEF8BD00BF8C3D020869
:106840001002002037B5FAF729FE4FF0E025044684
:10685000AB690093FAF722FEAB6901936969844240
:1068600001F101014FF47A7308D0019A8A1A5A4350
:10687000B2FBF1F203FB002003B030BD009A8A1A8C
:106880005A43B2FBF1F203FB0420F5E7FAF706BE28
:10689000704708B5FAF7F6FDFBF7C7FAFFF7F8FF00
:1068A00008BD10B594B048220021044602A81CF08F
:1068B00052F9FCF7F9FE4FF0B0439A6D42F4806252
:1068C0009A659A6D02F480620192019A032C11D8A4
:1068D000DFE804F00219283DD3F8942042F00102C9
:1068E000C3F89420D3F894309C0703D40823029370
:1068F00001230893029B002B3AD002A8FDF700F871
:10690000002835D0FEE71A6842F480721A601B68CE
:106910005905EFD4022302934FF480724023CDE94E
:106920000623E7E7D3F8902042F00102C3F8902055
:10693000D3F890209407DDD4D3F8902022F01802E9
:10694000C3F890200423029381230593D2E71A68A9
:1069500042F400121A601A6842F480321A601B680E
:1069600099035EBF01224FF40413CDE90223C1E76E
:1069700014B010BD70474FF0B04382B01A6D42F4AE
:1069800000221A651A6D02F400220192019A9A6C93
:1069900042F480529A649B6C03F480530093009BF2
:1069A00002B070470C4BD3F8FC20D2015EBFD3F885
:1069B000FC2042F08072C3F8FC20084B00225A6091
:1069C0001A6842F001021A6000BF00BF00BF586899
:1069D000B0FA80F04009704700ED00E0001000E0E0
:1069E00008B5FFF7C8FFFFF7DDFFFAF735FDFFF742
:1069F000C1FFFAF7C5FCBDE808400148FBF71ABA29
:106A00001C000020012A02D1016000207047022AE8
:106A100005D0032AF9D0002AF7D10260F5E70B6808
:106A20000360F2E7036818470023C0E90033C0E9B8
:106A30000233704770B50024012904F101032CD101
:106A4000184DE4B2142161436E18F3683BB1043170
:106A500029440322084698470023C6E90333142338
:106A600063430022E8560F4B93F90010814201D195
:106A7000D968A9B90132102A03F11403F4D10A4AE2
:106A80000A49D2F8803051F8241023EA0103BDE806
:106A90007040C2F88030FBF781B949081C46CBE74B
:106AA00070BD00BF20020020000800588C40020882
:106AB0000023012803F101020AD11422DBB253435F
:106AC000054A181D1044816829B11A4413691847F2
:106AD00040081346EDE77047200200200120FBF735
:106AE00041BC0220FBF73EBC0420FBF73BBC082066
:106AF000FBF738BC1020FBF735BC38B50524202542
:106B0000A8B2FBF72FFC013C4FEA4505F8D138BD90
:106B100038B506244FF48065A8B2FBF723FC013C8E
:106B20004FEA4505F8D138BD2DE9F04116468CB045
:106B30000A460024012A04F1010543D1E4B26200AF
:106B4000CDE90713C168DFF88480032393400B402D
:106B5000D34003F0030303AD099307A902230A936B
:106B6000FBF74CFB1423314628465C43FFF7F3FB4D
:106B700095E8030008EB040301AA043382E803004C
:106B800093E8030085E8030092E80300271D83E8EB
:106B900003004744059BBA68BB60069B05922846E4
:106BA000FA68FB600692FFF76AF918F90400002200
:106BB0000621FBF7B3F818F90400FBF7E1F80CB075
:106BC000BDE8F08152082C46B4E700BF2002002047
:106BD000344A104608B5062300F8043BFFF724FFAB
:106BE000072302F118001375FFF71EFF082302F1B7
:106BF0002C0082F82830FFF717FF092302F140002C
:106C000082F83C30FFF710FF0A2302F1540082F8AB
:106C100050301621FFF708FF02F1680082F8641077
:106C2000FFF702FF02F17C0082F87810FFF7FCFE0C
:106C300002F1900082F88C10FFF7F6FE02F1A4003A
:106C400082F8A010FFF7F0FE02F1B80082F8B4104D
:106C50002921FFF7E9FE02F1CC0082F8C810FFF706
:106C6000E3FE02F1E00082F8DC10FFF7DDFE02F146
:106C7000F40082F8F010FFF7D7FE02F5847082F876
:106C80000411FFF7D1FE02F58E7082F81811FFF79C
:106C9000CBFEBDE8084002F5987082F82C11FFF792
:106CA000C3BE00BF2002002038B5054CA4F5A07576
:106CB000143C201DFFF7E3F8AC42F9D138BD00BF0A
:106CC0006003002030B591FAA1F391FAA1F1B3FA73
:106CD00083F3C4685B000325B1FA81F105FA03F37D
:106CE000490024EA03038A401A43C26030BD431CB2
:106CF00004D00C3151F80C3C5A1C01D100207047D3
:106D0000834201F10C01F5D101207047F8B5471C11
:106D100006460D4600D1FEE700F00F02414BC0F3DE
:106D2000031053F82240FFF7ADFB94FAA4F3B3FA33
:106D300083F3876803225B0002FA03F394FAA4F258
:106D4000B2FA82F227EA03075200032393403B433F
:106D500005F007018360032903D8DFE801F05F0332
:106D60002C61FEE7012394FAA4F2B2FA82F20668DB
:106D70005200032707FA02F226EA020694FAA4F266
:106D8000B2FA82F252009340013933430129036081
:106D900005D843682A074CBF2343A3434360C5F388
:106DA0000112012A02D0022A18BF00222146BDE8A2
:106DB000F840FFF787BFC5F306227F2A01D10223DF
:106DC000D1E7360716D5230A93FAA3F6B6FA86F664
:106DD000476A93FAA3F3B6004FF00F0CB3FA83F3AC
:106DE0000CFA06F69B0027EA060602FA03F3334381
:106DF0004362E4E794FAA4F3B3FA83F3066A9B00D0
:106E00000F2707FA03F326EA030694FAA4F3B3FA6A
:106E100083F39B009A4032430262D0E70023A2E74B
:106E20000323A0E7CC400208431C06D170478342ED
:106E300002D18968FFF76ABF0C310B685A1CF6D182
:106E4000FEE70B685A1C01D100207047834201D134
:106E5000486870470C31F4E7431C01D0FFF7F1BFDD
:106E6000002070474B6813B94FF0FF3070478342E2
:106E700001D1086870470C31F4E708B1FFF7F2BFA1
:106E80004FF0FF30704703460868421C00D170473E
:106E9000984201D1886870470C31F5E7431C01D056
:106EA000FFF7F1BF704703468B42084604D01BB181
:106EB00000290CBF18460020704700004FF0B04377
:106EC0001A6842F061021A604FF4E0229A6061226F
:106ED0001A60064ADA6000229A6140F23F321A6272
:106EE000034B4FF000629A60704700BF000104221C
:106EF00000ED00E04FF0B04382B01A6E02431A6614
:106F00001B6E03400193019B02B070470438704729
:106F10000368124A934282B004D14FF4006002B079
:106F2000FFF7E8BFB3F1804F0CD14FF0B0439A6D3B
:106F300042F001029A659B6D03F001030193019BEE
:106F400002B07047064A934202D14FF40030E6E7A0
:106F5000044A9342F4D14FF48020E0E7002C014032
:106F600000440140004801400368134A934206D19F
:106F70004FF0B042136E23F4006313667047B3F111
:106F8000804F06D14FF0B042936D23F0010393651B
:106F900070470A4A934205D14FF0B042136E23F472
:106FA0000033EAE7064A9342E8D14FF0B042136E4D
:106FB00023F48023E1E700BF002C0140004401409E
:106FC00000480140431C10D00C4B984210D007D809
:106FD000B0F1804F0ED0A3F5C05398420CD0FEE71D
:106FE000074B9842FBD11D2070476FF00D00704792
:106FF0001C2070471B207047182070470044014038
:1070000000480140431C10D00C4B984210D007D8C8
:10701000B0F1804F0ED0A3F5C05398420CD0FEE7DC
:10702000074B9842FBD11D2070476FF00D00704751
:107030001C2070471B2070471A20704700440140F5
:107040000048014038B50446FFF762FF2068FFF7AB
:10705000B9FFD4E91312FAF761FE2068FFF7B2FF17
:10706000FAF78EFE22681046FFF7CCFF0546104661
:10707000FFF7A8FF85420BD02846D4E91312FAF790
:107080004DFE2068FFF7BEFFBDE83840FAF778BE36
:1070900038BD10B5FFF768FF04460068FFF792FFA0
:1070A000FAF77CFE2068FFF7ADFFBDE81040FAF765
:1070B00075BE0000431C10D00A4B98420BD003D879
:1070C000B0F1804F0BD0FEE7074B984203D003F599
:1070D00080639842F7D1022070470020704701205A
:1070E000704700BF002C0140004401404FF0B04207
:1070F000D2F8883023F440630343C2F888307047E5
:107100002DE9F04F89B0CDE901230446129BD0F858
:10711000A00003938B46B449FFF79EFEB349824615
:10712000D4F8A400FFF798FEB1490646D4F8A800A9
:10713000FFF792FEAF490746D4F8AC00FFF78CFE8C
:10714000AA498046D4F8A000FFF786FEA6498146EA
:10715000D4F8A400FFF780FE0546BAF1000F03D172
:10716000B9F1000F00F03A81D4F8A430013303D014
:1071700016B9002D00F03281D4F8A830013302D0C6
:10718000002F00F02B81D4F8AC30013303D0B8F1DC
:10719000000F00F0238131465046FFF784FE206047
:1071A00020B929464846FFF77EFE20603946206810
:1071B000FFF779FE41462060FFF775FE206000284A
:1071C00000F00C818C4B984240F0A1804FF0B0430E
:1071D0001A6C42F480421A641A6C22F480421A64D7
:1071E0001A6E42F480421A661B6E03F480430593C4
:1071F000059B2423A4F8B030BAF1000F00F0BA8048
:107200007949D4F8A000FFF70FFE26B17749D4F8EA
:10721000A400FFF709FE4FF00009002F00F0BC802A
:107220007349D4F8A800FFF7FFFD4FF4807AB8F156
:10723000000F06D06F49D4F8AC004AF4007AFFF78B
:10724000F3FD94F8B1206D4B94F9B000C4F83C9074
:10725000271D43F822702368C4E9013B019BE360CA
:10726000039B2361029B63610C230022C4E9063A5D
:107270000823E362226262620121FAF74FFDD4F82B
:1072800000805F4B984538D1BBF5165F384600F259
:107290008580FEF7BDFD3846002E00F09380FEF796
:1072A000A4FC002800F09A800220FFF7FAFA4FF0C1
:1072B000B043D3F890309B0700F1A6804FF0B04365
:1072C00022681B68590500F1D58022684C4B9A4210
:1072D00002D10020FFF70AFF16B9002D00F0BB8095
:1072E0003846FEF782FC002878D02268444B9A4248
:1072F00003D14FF48060FFF7F9FE16B9002D00F0BE
:10730000B380384609B0BDE8F04FFEF76EBC3D4B88
:10731000984215D14FF0B0439A6B42F400329A6311
:107320009A6B22F400329A639A6D42F400329A65A5
:107330009B6D03F400330693069B40F2251359E737
:107340002F4B98427FF458AF4FF0B043DA6B42F0C6
:107350000102DA63DA6B22F00102DA63DA6D42F0DD
:107360000102DA65DB6D03F001030793079B40F22E
:1073700026233FE7B9F1000F3FF44DAF1B49D4F886
:10738000A000FFF751FD25B11749D4F8A400FFF77D
:107390004BFD4FF4004940E7BA4648E7FEF74EFD83
:1073A0003846AEB1FEF721FCC0B14FF0B0431A68C9
:1073B0002368500589D5434562D14FF40060FFF73B
:1073C00095FE5AE0002D7FF46AAFFEF73EFC68E7B9
:1073D0003DB9FEF73AFC00287FF470AF09B0BDE874
:1073E000F08FFEF702FCF6E7443D0208F03C02088D
:1073F000D83C0208C03C020800380140600300206D
:1074000000800040004400402268234B9A4203D190
:107410004FF44060FFF76AFE3846002EE1D1002DA0
:10742000DFD1FEF712FC0028D8D04FF0B04322681D
:107430001B685B057FF549AF174B9A42BDD03846B4
:10744000FEF703FC0028C9D02268134B9A4202D1F0
:107450000020FFF74BFE3846FEF7F7FB0028BDD0B3
:1074600022680D4B9A4212D0384609B0BDE8F04F61
:10747000FEF7EBBB084B9A429FD00EB9002DDED031
:107480003846FEF7B2FB00287FF41FAFA6E74FF4A3
:107490008060FFF72BFEE7E70080004010B4019CFE
:1074A00018B1019410BCFFF72BBE10BC7047000050
:1074B000094B13B55C6909492046FFF7CDFC48B17B
:1074C00007480023C0F8A0401A4600934FF4165115
:1074D000FFF716FE02B010BDA43F0208443D0208AB
:1074E0004400002008B5074B90F8B12053F8220063
:1074F000FEF728F900F02200A0F12203584258417B
:1075000008BD00BF6003002008B5074B90F8B1200C
:1075100053F82200FEF716F900F02100A0F1210334
:107520005842584108BD00BF600300202DE9F047D4
:107530002B4C06460D46F9F7B1FF94F8B130022BFB
:10754000074613D894F8B120264B53F82240A4F1F3
:1075500004084046FFF7D8FFD0BB4FF47A73AAB2B5
:1075600031462046FEF7BAFA40B908E01E4B1F49E3
:10757000D3F814804046FFF76FFC18BB002528465F
:10758000BDE8F0875AF8233043B994F8B13001339D
:10759000DBB2022B84F8B130F4D90CE04946404606
:1075A000FFF75AFC94F8B1205AF822301B68834246
:1075B000EBD1022AC6D9FFF77BFF94F8B130022B3A
:1075C000C0D9DBE7DFF81CA0DFF820900023E0E75C
:1075D000F9F764FFC01BB0F57A7FBAD3CEE700BFDE
:1075E0004400002060030020A43F0208443D02083C
:1075F00070B50E46054610B94FF0FF3070BDFFF76D
:1076000071FF04460028F7D12946012211F8B23F44
:10761000337095F8B100034B53F82000FEF7D4FB0C
:107620002046EBE76003002038B50D460446C0B1A4
:10763000FFF758FFA8B994F9B000C4F89850FAF7CA
:10764000ADFB94F8B100074B04F1B20153F82000F0
:107650000122FEF7B9FB94F9B000BDE83840FAF713
:107660008FBB38BD6003002038B515460446C8B14D
:10767000C0F89C1090F9B000FAF790FBD4F8B8303D
:10768000B4F8C21094F8B10013FA81F1064BAAB213
:1076900053F82000FDF7BEFB94F9B000BDE8384078
:1076A000FAF76EBB38BD00BF6003002050B1D0F8C0
:1076B000A430013306D190F8B120034B53F82200D7
:1076C000FDF7F4BF704700BF6003002050B1D0F851
:1076D000A430013306D190F8B120034B53F82200B7
:1076E000FEF70AB8704700BF60030020D0F894305E
:1076F00004381847D0F898300438184710B50446B5
:1077000050F80439DA69D1070CD501221A62FFF763
:10771000E9FEB0B904F1AE0120460122BDE81040F7
:10772000FEF752BBDA69920701D50222EEE7DA6969
:10773000510701D50422E9E7DA691207E7D50822E3
:10774000E4E710BD08B52420FAF760FB024B186887
:10775000BDE80840FDF7C0BB6003002008B5252048
:10776000FAF754FB034B586818B1BDE80840FDF721
:10777000B3BB08BD6003002008B52620FAF746FB1E
:10778000024B9868BDE80840FDF7A6BB60030020E7
:10779000012200F1AE01FEF717BB00000A490346C3
:1077A000086810B50344EFF30882934205D9074BEC
:1077B0000C221A604FF0FF3010BD054A054C121B19
:1077C0009342F4D20B60F7E70C010020787A002096
:1077D00000000120000400004FF0FF3070474FF41C
:1077E00000534B6000207047012070470020704715
:1077F00000207047FEE70000024B16221A604FF08F
:10780000FF307047787A002001207047054B1B68D5
:107810008B4221BF036801330360002038BF6FF043
:10782000330070476C03002070B50D4604461646C1
:10783000114628460FF08DFD204601233246294689
:107840000FF071FD204670BD10B50024C0E9014263
:10785000024A0160C160026110BD00BFB2D80208D7
:1078600013B500240549019401AA0C3010F0EDFC79
:1078700010B9019802B010BD2046FBE70D78000852
:107880000346406810B500B91868C468FFF7E8FF00
:10789000E369584348BF00F2FF30801210BD4368CF
:1078A00003B90368DA68D2E90730584348BF00F2E9
:1078B000FF308012704710B50968044600230FF0AE
:1078C00032FD204610BD10B5114604461A4600236D
:1078D0000FF029FD204610BD00680FF03ABD0846A4
:1078E00011460FF036BD10B50446D0E900031BB9B0
:1078F000BDE810400FF0F3BC0FF0F1FC08B1606878
:10790000F6E710BD0A460C30014907F00FBF00BF73
:10791000AC4102080A460C30014907F02FBF00BFF6
:10792000AC41020830B5CBB014461D460A460023D0
:10793000016802A80FF0F7FC02A80FF075FE0028FE
:1079400000F0AD800422214602A80FF0D2FD2022D3
:10795000211D02A80FF0CDFD0422694602A80FF0F8
:10796000C8FD082229460DEB02000FF0C2FD0822D7
:107970004E990DEB02000FF0BCFD042204F124012E
:1079800002A80FF0B6FD012204F1280102A80FF0B1
:10799000B0FD012204F1290102A80FF0AAFD012285
:1079A00004F1460102A80FF0A4FD012204F12B010D
:1079B00002A80FF09EFD042204F12C0102A80FF092
:1079C00098FD012204F1300102A80FF092FD01227E
:1079D00004F1310102A80FF08CFD012204F1320103
:1079E00002A80FF086FD012204F1330102A80FF076
:1079F00080FD042204F1340102A80FF07AFD012277
:107A000004F13C0102A80FF074FD012204F12A01E7
:107A100002A80FF06EFD012204F1470102A80FF049
:107A200068FD0122694602A80FF063FD042204F1FB
:107A3000380102A80FF05DFD012204F13D0102A80A
:107A40000FF057FD012204F13E0102A80FF051FD95
:107A5000042204F1400102A80FF04BFD012204F1C1
:107A6000440102A80FF045FD012204F1480102A8DB
:107A70000FF03FFD012204F1450102A80FF039FD8E
:107A80001F2204F1490102A80FF033FD102204F176
:107A9000680102A80FF02DFD02A80FF07DFD4BB08C
:107AA00030BD0000F0B50F464168ADF5097D01B964
:107AB0000168424A40A800230FF035FC40A80FF0AF
:107AC000B3FD002876D012A805F017F9202202A9EC
:107AD00040A80FF00EFD2028024668D11AA940A840
:107AE0000FF007FD202862D1012222A940A80FF043
:107AF00000FD012802465AD10DF1890140A80FF07E
:107B0000F8FC0128024652D10DF1070140A80FF000
:107B1000F0FC012805464AD1042237A940A80FF0FD
:107B2000E8FC0428044642D12A460DF18A0140A807
:107B30000FF0DFFC01283AD1224633A940A80FF00C
:107B4000D8FC0428044632D1402223A940A80FF0D3
:107B5000D0FC40282BD1224634A940A80FF0C9FC04
:107B6000042824D1042235A940A80FF0C2FC04281F
:107B700002461CD136A940A80FF0BBFC042816D140
:107B800002AD0FCD0AAC0FC495E80F0084E80F00DA
:107B90000AAE0FCE12AD0FC594E80F0085E80F00B6
:107BA0003B6812A91B683846984700288BD140A82B
:107BB0000FF0F2FC0DF5097DF0BD00BFB2410208E7
:107BC00070B50C464168DAB001B90168184A12A8CC
:107BD00000230FF0A8FB12A80FF026FDD8B1002556
:107BE0000422694612A80FF084FC0428EEB20FD1DB
:107BF00020220DF1250112A80FF07BFC202802465F
:107C000006D10DF1050112A80FF073FC202804D055
:107C100012A80FF0C1FC5AB070BD236801AA9B687E
:107C20003146204698470028F2D00135D8E700BFFA
:107C3000BD41020870B50D464168F6B01E4601B957
:107C40000168134A00232EA80FF06DFB2EA80FF039
:107C5000EBFC044698B9204676B070BD072202A915
:107C600028461AF04EFF50B99DF80F4004A922464D
:107C700030461BF0DAF82EA80FF08EFCEBE7B422AA
:107C800001A92EA80FF035FCB428E7D00024F2E7B4
:107C9000C84102080120704710B5CCB0CDE90023DF
:107CA0000C465E4A016804A8FFF7BEFD04A80FF069
:107CB000BBFC002800F0AF8000230422214604A86A
:107CC000CDE902330FF059FB2022211D04A80FF04B
:107CD00054FB042202A904A80FF04FFB08226946B6
:107CE00004A80FF04AFB08224EA904A80FF045FB98
:107CF000042204F1240104A80FF03FFB012204F147
:107D0000280104A80FF039FB012204F1290104A87D
:107D10000FF033FB012204F1460104A80FF02DFB04
:107D2000012204F12B0104A80FF027FB042204F127
:107D30002C0104A80FF021FB012204F1300104A85A
:107D40000FF01BFB012204F1310104A80FF015FB19
:107D5000012204F1320104A80FF00FFB012204F10B
:107D6000330104A80FF009FB042204F1340104A834
:107D70000FF003FB012204F13C0104A80FF0FDFA0F
:107D8000012204F12A0104A80FF0F7FA012204F1FC
:107D9000470104A80FF0F1FA012202A904A80FF08C
:107DA000ECFA042204F1380104A80FF0E6FA0122EB
:107DB00004F13D0104A80FF0E0FA012204F13E01B4
:107DC00004A80FF0DAFA042204F1400104A80FF02D
:107DD000D4FA012204F1440104A80FF0CEFA0122E2
:107DE00004F1480104A80FF0C8FA012204F145018A
:107DF00004A80FF0C2FA1F2204F1490104A80FF0F1
:107E0000BCFA102204F168010DEB02000FF0B5FA84
:107E100004A80FF0C1FB4CB010BD00BFD341020855
:107E2000F7B504460D460068164916461F460FF082
:107E300084FA40B11349009733462A462046FFF79B
:107E400071FD03B0F0BD104920680FF076FA0028EC
:107E5000F7D033462A4620460B490097FFF762FDCC
:107E6000D7E90023CDE9002329462046D6E900239F
:107E7000FFF712FF0449206803B0BDE8F0400FF09F
:107E800068BA00BFD3410208DE410208F0B50D46D2
:107E90004168F9B001B901683A4A30A8FFF7C4FC5B
:107EA00030A80FF0C1FBB8B102A8002404F025FFF0
:107EB0008DF807402B6802AA5B6821462846984740
:107EC00038B1202202A930A80FF057FA2028024624
:107ED00004D030A80FF060FB79B0F0BD0AA930A83B
:107EE0000FF04BFA2028F4D1012212A930A80FF08C
:107EF00044FA01280246ECD10DF1490130A80FF0F7
:107F00003CFA01280246E4D10DF1070130A80FF038
:107F100034FA01280746DCD1042227A930A80FF043
:107F20002CFA04280646D4D13A460DF14A0130A86D
:107F30000FF023FA0128CCD1324623A930A80FF044
:107F40001CFA0428C5D1402213A930A80FF015FA55
:107F50004028BED1042224A930A80FF00EFA04282C
:107F60000246B6D125A930A80FF007FA0428024628
:107F7000AFD126A930A80FF000FA0428A9D1013406
:107F800098E700BFB241020830B50D464168DBB04A
:107F900001B90168174A12A8FFF746FC12A80FF0B2
:107FA00043FB90B1002400942B6801AADB68E1B286
:107FB0002846984730B10422694612A80FF0DDF92F
:107FC000042804D012A80FF0E7FA5BB030BD2022DD
:107FD0000DF1250112A80FF0D0F920280246F1D1A9
:107FE0000DF1050112A80FF0C8F9202804F10104D1
:107FF000DAD0E7E7BD41020810B54168F6B001B933
:1080000001680D4A2EA8FFF70FFC2EA80FF00CFBFD
:1080100078B1B422002101A81AF09DFD1424B422E5
:1080200001A92EA80FF0A9F9013CF8D12EA80FF054
:10803000B3FA76B010BD00BFC841020810B50446BF
:10804000406800B9206805490FF077F920B920464B
:10805000BDE81040FFF7D0BF10BD00BFC841020807
:10806000436803B90368DB681A6A024B1A60FFF7BA
:10807000E5BF00BF6C0300202DE9F04FF7B09A4632
:108080009DF80092A9F16403422B06460C4604D9E0
:108090000025284677B0BDE8F08FFFF7CFFF716865
:1080A00001B93168254A01232EA80FF03CF92EA80A
:1080B0000FF0BAFA05460028EAD000212EA80FF0EA
:1080C00036FA00274FF0FF3BB846B42201A92EA88C
:1080D0000FF00FFAB42820D02068A288A37902906C
:1080E0005146ADF80C2004A84A468DF80E301AF01F
:1080F0009CFEB0688DF80F9003681B68984739465E
:1081000001902EA80FF013FAB42201A92EA80FF0A7
:1081100034F92EA80FF040FABBE7072202A9204647
:108120001AF0EFFC38B1019B5B453CBF47469B46CC
:1081300008F1B408C9E74746CEE700BFC8410208C6
:10814000BFF34F8F0549064BCA6802F4E062134340
:10815000CB60BFF34F8F00BFFDE700BF00ED00E035
:108160000400FA0570477047704770477047000079
:1081700000487047B2D80208002070470048704796
:1081800080EE360070477047704700F5A040D0F889
:10819000800070470020704700F5A04090F8AA00CA
:1081A000704700F5A04090F8AB00C04300F001001C
:1081B000704700F5A04090F8C40000F0010070473F
:1081C00000F5A04090F8C80070470020704700F507
:1081D000A04090F8C600003818BF0120704700008A
:1081E00008B50846F8F766FD4FF08341F8F7BAFD89
:1081F0000249F8F7AFFCF8F7B7FF08BD0000FA43F3
:1082000038B508461446F8F755FD0B49F8F7AAFDAE
:108210000A49F8F79FFC04F03F040546601CF8F794
:108220004DFD01462846F8F79DFD0549F8F792FCFB
:10823000F8F79AFF38BD00BF0000C04000007A4345
:108240000000FA4370472DE9F74F05469DF83000CE
:108250009DF83C6000F0030B46FA0BFB06F10C079F
:108260005F4407F101098846B9F1AD0F0D990191FD
:108270000E9941DC05F5A0444FF0890C84F841C209
:1082800045F24D2A4FF0000CC4F8493284F842C23E
:1082900084F8436284F84402C4F8452205EB0A00DE
:1082A00032461AF0C2FD06EB0A005A4601992844EC
:1082B0001AF0BBFD98F90201F8F700FD4FF07A5172
:1082C000F8F750FD4FF08141F8F74CFDF8F726FF25
:1082D0002F4445F24126B855D4F80C010368DB68F9
:1082E000984748B1D4F80C0103685B694A46A9195C
:1082F00003B0BDE8F04F184703B0BDE8F08F0000B1
:1083000000F5A04070B5D0F8B4500C4628460021C6
:108310001646F8F7CFFED8B921460E48F8F718FCF4
:108320000146284618F09EFBF8F76EF80A4B00222B
:10833000F7F70AFF044630460D46F8F743F80246C1
:108340000B4620462946F8F7B7F8F8F765FB70BDED
:108350000020FCE79A99593F0000F03F38B500F53E
:10836000A045812385F8413200F5A44304464233F9
:1083700001F1200251F8040B43F8040B9142F9D1AA
:10838000D5F80C01036804F5A4415B692122413151
:10839000984741F28831204604F0F0F9C5F8800191
:1083A00038BD2DE9F04100F5BB4604460D46503678
:1083B00000270422314628461AF0A3FB804650B11C
:1083C0000137082F06F10C06F3D129462046BDE8F7
:1083D000F04106F0BBBF04F5A046822386F8413287
:1083E0002B68C6F84232E06D03681B6898470C237F
:1083F00003FB074745F6CC5304F5A441FB58C01ACC
:10840000C6F84602D6F80C01036809225B694131BF
:10841000984745F6D05347F8038045F6D453F858AB
:10842000BDE8F08117F08EBD07F0E2B8A0F5A040DE
:10843000A0F17800F8E700002DE9F14F00F5A04425
:108440009846D4F8F830D2F8009005460E46174604
:10845000002B50D000F5A140042278301AF051FBD7
:108460008246002847D1C4F8F8004F490222381D3F
:108470001AF047FB45F2432805EB080B60B985234A
:1084800084F8413284F84202336845F80830B388F2
:10849000ABF8043008221DE03B7933BB7B791A012D
:1084A0001BB13146284606F08AFE852384F8413206
:1084B000BB7984F84232336845F80830B388ABF8AA
:1084C0000430C4F84992FB7984F84D323B7B84F840
:1084D0004E320E22D4F80C0103685B6905F5A44105
:1084E000413101B0BDE8F04F1847862384F841328E
:1084F00084F842A2C8E7B8F1040F51D9D4F8FC308F
:1085000023B305F5A140042231467C301AF0F9FA74
:10851000E0B98723C4F8FC0084F8413284F84202B1
:1085200045F243233168E950EA1805F5A440B388C1
:108530009380391DA8F1040249301AF076FCD4F872
:108540000C01036808F104025B69C7E7D4F8003145
:108550004B4508D100238B22C4F8003184F8412216
:1085600084F84232DCE7D4F808314B4518D10023B7
:108570008C2205F5A440C4F8083184F8412284F81F
:108580004232A8F10402C4F84392391D47301AF070
:108590004CFCD4F80C01036808F102025B699DE70A
:1085A00001B0BDE8F08F00BFEA4102082DE9F14FAC
:1085B00090469DF83020DDF828A09DF82C90012AE7
:1085C00004460D469DF838000D991E4646D10428F4
:1085D00044D904F5A047D1F800C0D7F80431634569
:1085E0003CD14FF0000BC7F804B1304605F0CFFA8C
:1085F00080B3484605F0CBFA60B38D2387F841324B
:1086000087F842B245F243232968E150E21845F267
:108610004A2BAB88938051464A4687F8499204EB2F
:108620000B0005F0C4FA2318054600F5A4404B30B2
:1086300003F80B6032464146204405F0B8FAD7F8FB
:108640000C3119682A184D6904F5A4410A324131E8
:108650001846A847002001B0BDE8F08FCDE90D1005
:10866000CDE90B923346424629462046CDF828A054
:1086700001B0BDE8F04F05F038BE06F09EBEA0F593
:10868000A040A0F17800F8E706F0C4BFA0F5A04034
:10869000A0F17800F8E706F0F8BFA0F5A040A0F13F
:1086A0007800F8E710B400F5A0409DF8044001946C
:1086B000C06F10BCFFF7E0BC08B500F5A040C06F6C
:1086C000FFF7B8FA08BD000000F5A04090F8AB3005
:1086D000DB070CD50139C9B203290AD8064B5A5C0D
:1086E00090F8C4301A4214BF0120002070470120C6
:1086F00070470020704700BF2444020870B500F5A1
:10870000A0450446D5F80C010368DB68984768B1BA
:10871000D5F80C01902385F84132036804F5A44193
:108720005B69BDE8704001224131184770BD2DE9F9
:10873000F04700F5A0450446D5F80C01089E1F46F9
:108740000368DB6889469046984720B3A92E22DC4F
:10875000882385F841324FF081414846F8F702FB03
:10876000F8F7DCFC85F842024046F8F7D7FC85F8BC
:10877000430204F5A4403246394644301AF055FB12
:10878000D5F80C01036804F5A441F21C5B69BDE84F
:10879000F04741311847BDE8F0874B88A92B70B5E9
:1087A00004460D4635D800F5A0468E2386F84132A2
:1087B000806D03689B6B98474FF08141F8F7D2FAC0
:1087C000F8F7ACFC86F84202A06D03685B6B984733
:1087D000F8F7A4FC86F84302AB8886F8443204F527
:1087E000A4406A8805F14A0145301AF01EFBD6F80C
:1087F0000C016D880368DB68984750B1D6F80C010E
:10880000036804F5A4412A1D5B69BDE8704041314D
:10881000184770BD4B88A92B70B504460E4635D855
:1088200000F5A045842385F84132806D03689B6B79
:1088300098474FF08141F8F795FAF8F76FFC85F803
:108840004202A06D03685B6B9847F8F767FCFF2353
:1088500085F8430285F8443204F5A440728806F195
:108860004A0145301AF0E1FAD5F80C017688036820
:10887000DB68984750B1D5F80C01036804F5A441B2
:10888000321D5B69BDE870404131184770BD70B55D
:1088900000F5A04605462022F06F0C46FFF7FAF9D6
:1088A000D6F80C010368DB689847C8B18F2386F8B7
:1088B000413205F5A4432146423304F1200251F828
:1088C000040B43F8040B9142F9D1D6F80C0103686C
:1088D00005F5A4415B69BDE870402122413118478C
:1088E00070BD4B6843608B688360CB68C3600B6965
:1088F00003610B7D03758B698361CB69C3611F3194
:1089000000F1200300F5907011F8012F03F8012BFE
:108910008342F9D1704700008B889A0903F03F0326
:1089200010B502FB033304464A88806D52FA83F186
:10893000036802319B689847F8F7BCF90649F8F7D5
:1089400011FAF8F711FC00EB8000421C0021A06E28
:10895000BDE8104005F0F3B9CDCC4C3E8B889A09A8
:1089600003F03F0310B502FB033304464A88806DD1
:1089700052FA83F1036802319B689847F8F79AF935
:108980004FF07C51F8F7EEF9F8F7EEFB00EB8000C2
:10899000421C0021A06EBDE8104005F0D0B90000D7
:1089A00038B50C2017F050F908250024C32017F023
:1089B00069F9013D0444F9D12046F7F703FD0EA300
:1089C000D3E90023F7F778FD0D4B0022F7F774FD8C
:1089D0000C4B0022F7F770FD00224FF07F53F7F7A2
:1089E0006BFD094B0022F7F767FDF8F73DF880B201
:1089F00038BD00BFAFF30080AE47E17A14AEFB3F55
:108A00000000144000408F400000303F00F5A040BF
:108A10000023C0E94133C0E93F33C0F8F830704764
:108A200073B5084BD3E90445CDE9004500F5A046F0
:108A300000F5A141D3E90223F06FFFF72DF902B051
:108A400070BD00BF886F002007B500F5A04000236F
:108A5000D0F80C018DF80430036801225B6901A98C
:108A6000984703B05DF804FB07B500F5A04001236B
:108A7000D0F80C018DF8043003688DF805105B699F
:108A8000022201A9984703B05DF804FB2DE9F041EB
:108A900000F5A04500F5A44385F8411206461446AA
:108AA000423302F1200152F8040B43F8040B8A42CE
:108AB000F9D194F8403085F8623294F8413085F865
:108AC000633294F8423085F8643206F5A44304F129
:108AD0004402653304F1840052F8047B43F8047BBC
:108AE0008242F9D106F5A5402022253006F0C7FFC5
:108AF000D4F88430C5F8C532D4F88C30C5F8C93202
:108B0000D4F89030C5F8CD32D4F88830D5F80C01BF
:108B1000C5F8D132036806F5A4415B69BDE8F041B0
:108B20009422413118472DE9F74F00F5A049054639
:108B3000D9F80C0198460368DB680E4692469847C0
:108B400000286FD0BAF1000F42D032468A21284661
:108B5000FFF79CFF0C9B002B5BD0404605F017F8FD
:108B6000002856D005F5BC44303405F5C94B2746DE
:108B70000BF1700B4FF0FF3307223146384601935B
:108B800019F0BFFF00285FD0BA6A019B9A4238BF34
:108B90003C4607F16C0738BF13465F45ECD133689C
:108BA0002360B388A380B379A37106F1200104F197
:108BB00008001AF032F9686E03681B6898470C9930
:108BC000A062424604F12C0005F000F8E07137E0A5
:108BD000802389F8413205F5A4433246423306F139
:108BE000200152F8040B43F8040B8A42F9D1D9F85A
:108BF0000C01036805F5A4415B69212241319847C6
:108C00000C9B4BB941F28831284603F0B7FDC9F8F7
:108C1000800103B0BDE8F08F404604F0B8FF0028A3
:108C2000A0D1EFE7D9F8100118B1036804219B68BF
:108C300098470C9B23B1404604F0A9FF002891D12E
:108C4000BAF1000FE5D1DDE73C46A8E7F0B5059C99
:108C5000581C0D4603F1210650F8047B45F8047BAF
:108C6000B042F9D193F8210081F8400093F8220036
:108C700081F8410093F8230081F8420001F1440596
:108C800003F1240003F1640650F8047B45F8047BEB
:108C9000B042F9D101F1200503F1840650F8047BBC
:108CA00045F8047BB042F9D1D3F88400C1F88400C0
:108CB0008F2C0CDDD3F88800C1F88C00D3F88C0021
:108CC000C1F89000932CC4BFD3F890301360F0BD6E
:108CD00043781B2B9DBF0448184100F00100012080
:108CE00080F00100704700BFFFFEFDF72DE9F0475F
:108CF00000F5A0490546D9F8F8420F2C88461746DA
:108D000045F2FC2633DD06444FF000093046FFF7FC
:108D1000DFFF20B34FF0AD0AA4EB09020AFB09F014
:108D20000AFB02F245F2FC2600F5A741AD3A4C459C
:108D3000D8BF002230442931013C29440AFB04F405
:108D4000284419F0EEFE2B1904F5A5449F557D34F7
:108D50003A4641462819BDE8F0471AF066B809F1CD
:108D600001094C4506F1AD06D0D1BDE8F087AD2331
:108D70005C43031904F5A5447D349A5520441AF048
:108D800054F8D9F8F8320133C9F8F832EDE70000A9
:108D90002DE9F04F00F5A0449B4694F8763195B04C
:108DA000022BDDF878A005468846174677D91123AF
:108DB00084F8413292F90201F7F780FF4FF07A51BF
:108DC000F7F7D0FF4FF08141F7F7CCFFF8F7A6F99E
:108DD000002384F8420284F8433284F844320426A3
:108DE0004146284606F03CFCAB1945F2412180463D
:108DF00058543878721C80072A4454BF97F804905E
:108E00004FF0FF0902F8019045F2432200219954E6
:108E100045F24422504643F802B0F8F739FA06F119
:108E2000070B0BEB0003AC2B06F5A446074606F137
:108E30004806C8BFCBF1AC073A465146A81919F00D
:108E4000F4FF05F5A441284607EB0B024131FFF77B
:108E50004DFFD4F80C010368DB68984720B38323E7
:108E6000D4F80C018DF80C30036801225B6903A96A
:108E7000984703AA5FFA88F1284606F0B9FBE0B9E3
:108E80000F4AD4F8100138B10368D4F8F8120091F1
:108E90005C6849465346A04715B0BDE8F08F0823EB
:108EA00084F8413201269BE7D4F810010028E0D075
:108EB000036802219B689847DBE70DF12D02E0E78C
:108EC000ED4102082DE9F7430B9DA32D0646894687
:108ED00090461F4650D800F5A0441B2384F8413229
:108EE00092F90201F7F7EAFE4FF07A51F7F73AFFED
:108EF0004FF08141F7F736FFF8F710F9002384F8B7
:108F0000420284F8433284F844324946304606F03F
:108F1000A7FB84F8450298F800309B0758BF98F8E3
:108F2000043084F8477248BFFF233F0A84F8463272
:108F300084F8487284F849520DB306F5A4402A46D5
:108F40000A994A3019F071FF05F1090206F5A441AA
:108F500030464131FFF7CAFED4F80C010368DB68E4
:108F6000984748B1D4F80C0183238DF80430036886
:108F700001225B6901A9984703B0BDE8F08309228B
:108F8000E4E770B5044604F5A0460846D6F8F83282
:108F9000002B1CDD96F8FC5204F5A5412A467D31D4
:108FA00019F043FFD6F8F832AD215A1EC6F8F82260
:108FB000002B01FB02F204F5A54004F5A741D8BF40
:108FC000002229317C3019F0ACFD284670BD00200C
:108FD000FCE72DE9F04F87B09946DDE9106300F515
:108FE000A044039394F87631022BDDE912BA0546CA
:108FF0000F46904640F29080102384F8413299F950
:109000000201F7F75BFE4FF07A51F7F7ABFE4FF036
:109010008141F7F7A7FEF8F781F8002384F84202B0
:1090200084F8433284F84432042045F24121431845
:10903000D7F800E045F803E005EB030CBB88ACF87B
:10904000043099F800C0831D1CF0020F2B440CBFA4
:1090500099F804904FF0FF0903F801902B1845F29E
:109060004821BBF1000F03F8018045F249215E5011
:1090700000F10C0608DD00F5A4404D3003995A4676
:10908000284419F0D2FE5E445046F8F701F933182F
:10909000AC2B45F241238346C8BFC6F1AC0BF01898
:1090A0005A465146284419F0C0FE45F24123E918BA
:1090B000284606EB0B02FFF719FED4F80C010368F3
:1090C000DB68984748B1D4F80C0183238DF814303D
:1090D000036801225B6905A9984718F0FD0F20D1AC
:1090E000D4F81001E8B10368D4F8F82200925D6862
:1090F00007F1200253464946A847D4F80C010368FB
:10910000DB68984768B9D4F8100103689B680121AF
:1091100007B0BDE8F04F1847072384F8413201201B
:1091200083E707B0BDE8F08FF0B585B016461F465F
:1091300004460D4606F0C5F80A9B03930022CDE9CC
:1091400001220097334629462046FFF742FF05B02B
:10915000F0BDF0B585B016461F4604460D4606F034
:10916000B0F80A9B03930023CDE9013300973346FF
:10917000012229462046FFF72CFF05B0F0BDF0B5CF
:10918000044685B016461F460D4606F09AF841F291
:109190008831204603F0F2FA04F5A0430222C3F816
:1091A00080010B9B0393042302930A9B2946CDE97C
:1091B000007320463346FFF70CFF05B0F0BD2DE9E4
:1091C000F043044685B00846884615461E4606F01C
:1091D000FFFB04F5A049074658B199F8C7300133A1
:1091E000DBB232462946204605B0BDE8F04304F024
:1091F0004EB92946404606F0F6FB99F8C710ADF87F
:109200000C000131C9B20091334603AA2946204619
:10921000ADF80E7004F068F905B0BDE8F0832DE9F3
:10922000FF4700F5A0416F4604469046994601F17C
:10923000E80501F1F806BA46286869683B4603C3A9
:109240000835B5421F46F7D104F5A3450435284635
:1092500006F0BEFB4B4600280CBF2946514642464D
:109260002046FFF7ACFF04B0BDE8F0872DE9F843D6
:109270000446042017460D469846FDF7F0F85C4B6F
:10928000036006464020FDF7EAF81021814606F00B
:1092900073FB584B23603368E665C4E915950025D8
:1092A000C4E904551B68656030469847012384F87B
:1092B0002C30514B2365514B2360089BA4F8605020
:1092C000C4E90605C4E90955C4E91055C4E91255B5
:1092D0002562E366C4E9198704F17000254603F0AE
:1092E0001BFD474B45F8D03B04F5914630362846E8
:1092F000B83503F002FDB542F9D104F59A46783647
:1093000004F5A047354678372846303503F0F5FC9C
:10931000BD42F9D104F58047002504F59440294663
:10932000C7F8B0584FF40272683019F014FC4FF4CB
:1093300040722946C7F8705CC7F8645AC7F8745C75
:10934000304619F008FC2F4B236004F5A04603F5C6
:109350008273B367099BF3670A9BC6F80C5104F547
:10936000A540C6E94435B42170300DF0B7FE204663
:10937000A6F82451C6F8F85286F87651FFF746FB56
:1093800004F5BC402946C6F82C5EC6F87851C6F8EC
:1093900080514FF4D862303019F0DDFB04F5A34062
:1093A00029461022043019F0D6FB04F5A1430433FA
:1093B00029461846742219F0CEFB4FF07E5212490E
:1093C000C6F8802019F029FD104BC6F8AC30104BC0
:1093D000C6F8A4304FF4A163A6F8A830162386F887
:1093E000B03086F8BE50C6F8C0502046BDE8F883BD
:1093F00030440208044A020880EE3600AC4A0208F3
:109400007C4B02083C440208F541020800007A4205
:109410008D675944F0B5054605F5A0449DB005F1AA
:10942000700603F0AAFDE06F3146FEF76BFAE0B973
:10943000684603F027F860226946304619F0F5FCCB
:109440000A2795F87030013BDBB2FD2B09D968463D
:1094500003F018F860226946304619F0E6FC013F37
:10946000EFD1E06F3146FEF755FA0422314619A8D4
:1094700004F078FC05F5A14019A9043019F0CDFCE1
:10948000554BE06F05F5A141A3F10802FEF7C8FCBA
:10949000D4F8B46000213046F7F702FE002840F00F
:1094A00093804E493046F7F719FE00B14B4EC4F891
:1094B000B460D4F8806000213046F7F7F1FD002851
:1094C00040F0848046493046F7F708FE00B1444E2C
:1094D000C4F88060D4F8A46042493046F7F7E0FD54
:1094E000002875D140493046F7F7F8FD00B13E4EEF
:1094F000C4F8A460D4F8AC603C493046F7F7D0FD1E
:10950000002867D13A493046F7F7E8FD00B1384EF8
:1095100094F8A830C4F8AC600C2B28BF0C23052BA2
:1095200038BF052384F8A83094F8A930E06F082BE1
:1095300028BF0823052B38BF052384F8A93094F9E8
:10954000B030162BA8BF16236FF008029342B8BFA5
:10955000134684F8B03094F8BE30D4F8C020012B04
:1095600028BF012384F8BE30224B9A4294BFC4F82E
:10957000C020C4F8C03005F5A04605F580420023A0
:109580007836C4F820313146C2F8B038FEF78AFA8E
:10959000284605F03DF9184A1849284605F0EAFF23
:1095A000E06F3146FEF70CFB94F8A93094F8A82040
:1095B000D4F8AC10D4F8A40002F044FF94F9B00041
:1095C00002F05AFF1DB0F0BD002670E700267FE7CD
:1095D000044E8DE7054E9BE7986F00200000A041E8
:1095E000000010410000164300401C459A99F940C4
:1095F0000000FA4380510100FC41020815420208B4
:1096000000F5A140704700F5A040D0F82001704758
:10961000084B00221868884202D85868884206D24F
:109620000132032A03F10803F4D10020704701201E
:10963000704700BF5045020800F5A0400B68C0F815
:109640000C111B680846184700F5A040012380F85C
:109650002531002380F826310149024816F022B84E
:109660001C420208AC76002037B500F5A04300F597
:10967000A14193F8BC300446043153B904F0F8FE1C
:1096800028B101460022204604F046FA012003B02A
:1096900030BD054DD5E90423CDE90023D5E90223EA
:1096A00004F0FEFEECE700BF886F00200000000021
:1096B0002DE9F04F00F5A044C5B094F89471162F31
:1096C00005460E4647D1012907D8B4F89481B8F170
:1096D0003D0F40F05186012143E194F8953184F823
:1096E00076310D2384F8413243F20B23A4F8423241
:1096F00045F24922082384F844321044D4F8B830A3
:10970000C4F845320023AB50B9494360836019F077
:1097100084FB05F5A440B7492822553006F0AFF97F
:1097200005F5A44014227D30B34906F0A8F994F859
:10973000C63084F89132D4F80C0194F8C73084F81C
:10974000923203685B69522205F5A441413145B06C
:10975000BDE8F04F1847012F40F08280072940F202
:10976000BD8445F2941206440023B35484F8243196
:10977000052384F8413294F8B03084F8433216233C
:1097800084F8443200F5A44384F8427200F1700278
:10979000453300F1900152F8040B43F8040B8A4260
:1097A000F9D1964F90A3D3E90023D7E90401F6F746
:1097B00083FEF7F731F98CA3D3E900230646D7E9F6
:1097C0000201F6F779FEF7F727F994F8AA3084F842
:1097D0006D3294F8BC3084F86E3294F8B23094F85C
:1097E000B3208749C4F865029B0043EA021394F84A
:1097F000B120D4F8A400C4F86962134384F86F322E
:1098000094F8AB3084F87032F7F7ACFAF7F7ACFCA9
:109810007B49C4F87102D4F8AC00F7F7A3FAF7F764
:10982000A3FC05F5A14794F8A83084F879320437F1
:1098300094F8A93084F87A32C4F875023846F7F7FC
:1098400027FD0246064605F5A44039467B3019F04F
:10985000ECFAD4F80C01036806F13A025B6973E78D
:10986000022F40F084800D2940F2388400F5A34196
:1098700006221B3194F895B194F89691D4F897A1EB
:1098800005F047FD804600286AD0BBF1010F66D87D
:1098900005F5A34707F121073E444FF0000306F802
:1098A0000D3C06AE1CD1D5F864A0DAF80030504665
:1098B0001B689847DAF804309842024698BF5A1C51
:1098C000CAF804204B46CDE900764146284605F00B
:1098D0009EF9002316930646002832D1032170E03A
:1098E00016ABCDE90073029601464B465246284618
:1098F00005F03CF906460028F0D0169B0BB3E86D46
:10990000D4F82C7E03681B6898470C2202FB07578B
:1099100045F6CC5345F6D051F850D4F82C3E169865
:1099200002FB03520133505045F6D45142F80180F6
:109930005A4202F0070203F0070358BF5342C4F82B
:109940002C3E771E06237E4284F841327E41169BD0
:1099500084F84262C4F84332069B00F0D5BC01276C
:109960003946284645B0BDE8F04FFFF77DB8032FD4
:1099700022D194F89531002B7FF4ADAE94F8961176
:10998000D4F8977116AA05F033FE08B9022118E041
:1099900005F5A3431B33073E009305F5A14301964C
:1099A000043316AA3946284605F0A6F90028EDD05A
:1099B0002846FFF749F884E03E2F58D1032904D800
:1099C00006212846FFF750F87BE094F8967194F84A
:1099D0009581384604F0DBF8A0B9FF2FF0D10324BD
:1099E0001AE000BFAFF300800000000080842E4129
:1099F0003B4202084742020859420208886F002091
:109A000000007A44FF2FEAD005F5A3413A4617310A
:109A100006A804F0CCF8C41C2B1945F29412414658
:109A200013F8029045F29512284613F802A0A31CE1
:109A3000B34216AA34BFF61A002605F0D9FD002855
:109A4000A4D059EA0A23BBD0A32EB9DC04F5A34461
:109A500016342C44CDE9003402963B4606AA16A9DA
:109A6000284605F089F900283FF438AFA0E7042F15
:109A70002AD194F824310BB1042172E7042986BF5E
:109A8000D4F89531C4F81831C4F8183102238DF890
:109A9000583000F58043D4F80C01D3F8B038CDF835
:109AA0005930036805225B6916A99847284605F0D6
:109AB000FFFD012384F824310023C4F81401C4F805
:109AC0001C3145B0BDE8F08F082F43D101292DD8B6
:109AD000B4F89481B8F13D0F40F04E844FF03D084A
:109AE000192F40F0DD83052E7FF6F5AD94F9953101
:109AF00094F89571002BFFF6EEADBB1DB3423FF617
:109B0000EAAD45F29614BA1C39192944B21A28460E
:109B100003F081FC0146002800F03381002300930C
:109B20002A193B46284603F010FD4CE04E1E1F2E1E
:109B300028BF1F2645F2840400F5A34132461531A3
:109B400020442E4419F071F9002333552846FEF7BE
:109B500067FF38E00E2F00F0DB87052F10D1406E35
:109B600009238DF8583003681B689847CDF85900D1
:109B7000D4F80C0103685B693A4616A99847A0E738
:109B8000062F26D1042910D8B4F89481B8F13D0FDE
:109B900040F0F283022E7FF69EAD94F89631022BB0
:109BA00000F2A38184F8C730D0E7406ED4F8954125
:109BB00003681B6898478442C0F09781686E036809
:109BC00021465B689847284645B0BDE8F04FFEF750
:109BD0003BBF072F36D194F8BC3000F5A1410431CA
:109BE000FBB904F045FC0746002800F0CA80012EAE
:109BF00022D994F89531012B1ED116AA04F1E8035D
:109C00009446F83418685968164603C60833A342C8
:109C10003246F7D100233A4661462846FFF7CFFA8D
:109C2000D1E7B348D0E90423CDE90023D0E90223EA
:109C3000284604F035FCD6E700223946284603F0D2
:109C40006BFFC0E70D2F15D120299DD900F5A34149
:109C50002022153105F05DFB002800F00F81FF2365
:109C600080F8423041F28831284602F087FDC4F87E
:109C70008001A8E7092F38D1232985D900F5A34110
:109C80002022153105F045FB0746686E03681B6806
:109C9000984705F5A348069008F1140857B14346C4
:109CA000009606AA39462846FEF7D0FF069BC7F85D
:109CB0008830D7E716A803F020F8434628460096D8
:109CC00006AA16A9FEF7C2FF069B389328463B97C3
:109CD00005F073FB00283FF401AE41F288312846BD
:109CE00002F04CFDC4F8800162E6122F0BD80E2F53
:109CF00040F20381A7F10F03032B00F2FB80DFE8A2
:109D000003F01930529A1E2F3DD0152F40F2F880E3
:109D1000262F00F0BF812B2F00F09F81B4F8948193
:109D2000B8F13D0F40F03582022E3FF636AF4FF0CE
:109D30003D0817E200F5A34615363146202205F00E
:109D4000E8FA0146002800F09980284605F044FB17
:109D5000002800F09380E06F20223146FDF79AFF43
:109D600080E700F5A3411531202205F0D2FA014623
:109D7000002800F08380284605F038F800287FF49A
:109D800022AF0321EDE500F5A3412022153105F0B6
:109D9000C0FA0246002871D00321284645B0BDE82C
:109DA000F04FFEF773BE20292CD894F8BC3000F594
:109DB000A1410431DBB904F05BFB06460028E0D08A
:109DC000037843F00103037005F5A4410B2384F8E5
:109DD0004132423103F016FF31460746284602F071
:109DE000BDFCD4F80C0103687A1C5B69ACE4404804
:109DF000D0E90423CDE90023D0E90223284604F06A
:109E00004FFBDAE700F5A3411531202205F081FA76
:109E1000014698B305F5A4424232284605F009F8F8
:109E2000024658B30B23D4F80C0184F8413203687E
:109E300001325B6988E462294DD8B4F89481B8F1A5
:109E40003D0F1DD0B8F1340F40F0FA82212E00F200
:109E5000DA81272F00F09882322F3FF43CAC1C2F80
:109E600040F00D83202E7FF636AC05F5A341153169
:109E7000284605F00FFA00287FF4A5AE022170E510
:109E800002293FF68AAE392F40F04982212E7FF613
:109E900022AC05F5A34115312022284605F039FAF8
:109EA00001460028EAD016AA019206AAA6F12103CB
:109EB000009205F5A342DBB23532284605F05FF883
:109EC000064600283FF40AAD2846FEF79FFD069B94
:109ED000C4F808310CE24A1E00F5A341D2B2153194
:109EE00004F0B0FF00287FF46EAE062139E500BF14
:109EF000886F0020152F3FF60BAF092F40F2EE8040
:109F0000A7F10A030B2B00F22781DFE813F00C0006
:109F100033008000250125012501250125012501AA
:109F200025012501920005F5A44641363146284613
:109F3000FFF727F8021E12DDD4F80C010368314642
:109F40005B699847D4F8100100283FF4BAAD036864
:109F5000D4F8F8121B6845B0BDE8F04F18470A2343
:109F6000D4F80C0184F84132036801225B69314660
:109F7000FFF7EDBB0B2ED4F89511D4F8997194F836
:109F80009D9194F89E8140D994F89F6126B128460E
:109F9000FFF73EFB0028A8D0BC4AA1F51233A3F579
:109FA000F8739342A1D8A9F10503072B9DD8A8F116
:109FB0000503032B99D8B64AA7F5DA53183B934209
:109FC00093D884F8A89084F8A9800846F6F772FE22
:109FD000B049F6F77BFFC4F8A4003846F6F76AFEEE
:109FE000AC49F6F773FF84F8C660C4F8AC002846A5
:109FF000FEF716FD94F8A93094F8A820D4F8AC1018
:10A00000D4F8A40002F01EFADDE50026C4E794F8B7
:10A01000952102F10903DBB21F2B3FF666AF2846FC
:10A0200084F8B020FEF7FCFC94F9B00002F024FAAA
:10A03000C9E5D4F89501D4F89961F6F73BFE954946
:10A04000F6F744FFC4F8B4003046F6F733FE914902
:10A05000F6F73CFFC4F8800078E58E49D4F8B400E8
:10A06000F6F780FEF7F780F88A490646D4F88000B4
:10A07000F6F778FEF7F778F81723C4F84602D4F815
:10A080000C0184F84132C4F84262036809225B691A
:10A09000FFF75ABB94F8953184F8AB30022E7FF667
:10A0A00055AD94F8963103F0030284F8B120032EE5
:10A0B000C3F38102C3F3011384F8B22084F8B330F0
:10A0C0003FF444AD94F8973184F8BC30042E3FF44B
:10A0D0003DAD94F8983184F8AA3037E5B4F894810E
:10A0E000B8F13D0F40F08380022E3FF656AD172F9A
:10A0F0006DD0182F7FF4F2AC402E7FF6ECAA05F558
:10A10000A3461536304602F029FE00283FF4EDAE96
:10A1100016A802F001FE314616A8402202F0BAFE4F
:10A12000E06F16A9FDF7F6FB002800F0AC8016A939
:10A13000602205F1700018F078FE2846FEF784FCD6
:10A1400005F58043002205F5A041E06FC3F8B02873
:10A150007831FDF7A7FCB4E4B4F89481B8F13D0F71
:10A160003FF4E2AD132F14D105F5A3404A4906226E
:10A17000153018F0C6FC002840F0FE80D4F880317D
:10A180002BB105F5A041E06F7831FDF77FFEFDF7BB
:10A19000D7FF142F19D10C2340488DF85830FEF703
:10A1A000FFFB0646E06FFDF76BFB0546E06FFDF732
:10A1B00076FBCDF85F00D4F80C01ADF85960CDF80E
:10A1C0005B5003680B225B69D7E4172F0FD10E2376
:10A1D00040220DF1590105F170008DF8583002F060
:10A1E00035FED4F80C01036841225B69C5E4182FE1
:10A1F0007FF476AC402E82D8B8F1340F7FF46BAA8E
:10A20000212E7FF668AA05F5A341202216312846A3
:10A2100005F07FF8064600283FF430AE4FF60363A2
:10A22000ADF85830A86E0023ADF85A308DF85C3088
:10A23000036804221B680DF15D019847FF2396F81F
:10A24000427086F8423006AB019305AB009331466D
:10A25000092316AA284604F0EFFE86F84270064647
:10A2600000283FF43BAB2846FEF7D0FB062284F8DB
:10A270004122721E5642059BC4F80431564184F8AF
:10A280004262FFF767BB0521FFF79BBBB0DB2300F2
:10A29000C885070000007A4468420208E87100207F
:10A2A0001A2F7FF4F0AD202E7FF615AA05F5A341F5
:10A2B00020221531284605F02CF82E4445F294133F
:10A2C0000022F254074600283FF4D8AD05F5A3421A
:10A2D000014616AB3532284604F0DCFD0646002860
:10A2E0003FF4FCAA2846FEF791FB3B68C4F8F8301F
:10A2F000701E46424FF00602464184F8412284F81F
:10A300004262C4F84332169BD4F80C01C4F84732B9
:10A3100003685B690A2205F5A44141312EE41B2F35
:10A320002AD1202E7FF6D7A905F5A3412022153189
:10A33000284604F0EEFF074600283FF49FAD16AB19
:10A340000093014606AB0122284604F0D6FE0646DD
:10A3500000283FF4C3AA2846FEF758FB711E3B684D
:10A36000C4F8FC304E424FF006034E4184F84132AF
:10A3700084F84262069BC4E7B8F1340F3FF466AD3F
:10A38000272F5DD1232E3ED8042E7FF4A4A905F5F6
:10A39000A546703630460CF0B4FEC348FEF700FB0D
:10A3A000F6F788FCC149F6F791FD012102463046D7
:10A3B0000CF05CFF3246FF21BD4801F081FF8B238A
:10A3C00084F84132002384F8423245F24323296F56
:10A3D000E950EA18B5F87430938030460CF094FEDA
:10A3E000074630460CF092FE014605F5A4403A4679
:10A3F000493018F01AFDD4F80C01036807F108027F
:10A400005B69FFF7A1B905F5A34118312022284661
:10A4100004F07FFF014600283FF430AD16AB0093F7
:10A42000032206AB284604F068FE064600283FF4E7
:10A4300055AA2846FEF7EAFA069BC4F8003157E70A
:10A44000322F7FF40CAD212E7FF645A905F5A341EF
:10A4500015312022284604F05CFF014600283FF415
:10A460000DAD16AA019206AAA6F12103009205F5E8
:10A47000A342DBB23532284604F0DEFD20E51D2F75
:10A480000AD1202E7FF627A905F5A34115312846CC
:10A4900004F0DDFEFFF797BB1F2F2BD1012E7FF6B7
:10A4A0001AA994F8956116AA3146284605F0A0F835
:10A4B00000283FF46BAA122305F5A44084F841322A
:10A4C0000DF1790184F84262433018F0A6FC05F5DD
:10A4D000A4430DF1590263330DF1690152F8040BE5
:10A4E00043F8040B8A42F9D1D4F80C0103683222F4
:10A4F0005B6910E7202F30D1323E0F2E3FF6EBA8DC
:10A5000005F5A3413A4616310DF1790094F89561AD
:10A5100005F0A6FA102200210DF1690018F01BFBCE
:10A5200005F5A34336330DF1590203F1100153F839
:10A53000040B42F8040B8B42F9D116AA3146284687
:10A5400005F068F800283FF421AA05F5A041E06F66
:10A550007831FDF719FDFFF72BBA212F22D11323F4
:10A5600084F84132002384F84232D4F80C014FF4CD
:10A570000053C4F84332036805F5A4415B69062221
:10A5800041319847D4F8780108B117F057FF4FF4DC
:10A59000005017F04BFF0023C4F87801C4F87C3159
:10A5A000FFF78FBA222F00F0F281232F21D1D4F8A8
:10A5B0007821002A3FF460AA05F5A441D4F87C3143
:10A5C000423105F1700002F08DFCD4F8780117F0EB
:10A5D00035FF0023D4F80C01C4F87831142384F833
:10A5E00041320368412205F5A4415B691144FFF73C
:10A5F000AEB8242F00F0F481252F00F05C82282FC4
:10A6000009D11523D4F80C0184F8413203680122E2
:10A610005B69FFF799B8292F12D1032E7FF65BA84B
:10A620002E4445F29413002405F5A340F4543A2136
:10A63000153018F0A7FA00283FF457AC047054E422
:10A640002A2F00F08A81382F40F09480012E7FF667
:10A6500042A894F895316BBB182284F8412284F803
:10A6600042321148FEF79CF90746E86D03681B6803
:10A6700098470646686D03685B699847A4F843727B
:10A680004FF47A73B6FBF3F6C4F84562B5F8603060
:10A6900084F84B02D4F80C01A4F8493203680B2269
:10A6A0005B69FFF751B800BFE871002000007A44F1
:10A6B000886F0020012B37D1182284F8412284F8BA
:10A6C0004232A86DC14E03681B6A98478246706883
:10A6D00003681B6F98478146706803685B6F9847F3
:10A6E0006B692F69A4F843A2804648464FF47A72FA
:10A6F000B3FBF2F6B7FBF2F7F6F710FD4FF081412E
:10A7000084F845024046F6F72DFBF6F707FD84F87E
:10A710004602D4F80C01C4F84772C4F84B620368CF
:10A720000E225B69FFF710B8022B7FF4DEAB182214
:10A7300084F8412284F84232D5E90E01D5E90C763D
:10A74000A24BC4F853025A69D3F810C0D4F80C01D4
:10A75000DB68C4F85B22C4F84332C4F847C2C4F8CB
:10A760004B72C4F84F62C4F8571203681E225B692B
:10A77000FEF7EABF332F1ED105F5A3409449052209
:10A78000153018F0BEF900287EF4A5AFD4F80C01FE
:10A7900010B103685B689847E06FFDF7A4F838B123
:10A7A0002846FEF751F94FF47A7015F0CFFBEEE42E
:10A7B0000521FFF7D6B8362F00F061813F2F39D140
:10A7C000002E3EF488AF2F2E24D905F5A34415346E
:10A7D0002046F6F75DFD01381D283FF686AB05F5EE
:10A7E000A1402146493018F018FB05F5A343343346
:10A7F00005F5A142683203F1100153F8040B42F849
:10A80000040B8B42F9D1FFF7A1B9102218F0A3F97C
:10A81000FFF7D9B905F5A1401F220021493018F0F2
:10A820009AF905F5A14010220021683018F093F93B
:10A83000FFF78CB9402F36D11C2384F8413294F8AD
:10A84000C93005F5A441413133B305F5A14349337E
:10A8500005F5A442423203F11C0053F8046B42F8A0
:10A86000046B8342F9D1188810809B78937005F5AA
:10A87000A143683305F5A445613503F1100253F88F
:10A88000040B45F8040B9342F9D1D4F80C0103688A
:10A8900030225B69FEF75BBFD4F80C01036801222C
:10A8A0005B69FEF754BF372F41D03A2F0FD194F890
:10A8B000953184F8C430022E7FF648A994F8963179
:10A8C000402B28BF402384F8C830FFF73FB93B2F07
:10A8D00011D1192384F8413294F8C43084F84232FB
:10A8E000D4F80C0194F8C83084F84332036803228A
:10A8F0005B69FEF729BF3C2F7EF4EDAE1A2384F886
:10A900004132344BC4F84232C4F84632324BC4F8B8
:10A910004A32C4F84E32D4F80C01304BC4F85232EB
:10A92000C4F85632036819225B69FEF70DBF012E89
:10A930007EF6D1AE94F99531002BBEF6CCAE05F57E
:10A94000A3411531721E284602F08CFD01460028F5
:10A950003FF417AA0022FFF771B9212E7EF6BBAE95
:10A9600005F5A34805F5BC4605F5C94708F11608E5
:10A970003036703707224146304618F0C2F80028BA
:10A9800000F0AA806C36B742F4D1FFF777BA012EF7
:10A990007EF6A1AED4F8780100283FF46DA8D4F873
:10A9A0007C31013E9A19B2F5005F3FF6EAA905F540
:10A9B000A34118443246153118F037FAD4F87C31E7
:10A9C0003344C4F87C31FFF7FEB800BF08700020A4
:10A9D0006F420208689B060088420D00F0010E00DD
:10A9E0000A2E7EF678AE0A3EB22E3EF674AE94F88B
:10A9F0009D31F6B203F0030146FA01F8B8F1400FB9
:10AA00003FF773AA01228A40013A12EA06097FF44D
:10AA10006CAAD4F895A1D4F899215146284602F0A1
:10AA20000FFD074600283FF4ACA905F5A3421E32EE
:10AA3000014633462846CDF8009002F086FDBB88DB
:10AA4000A86D79881944036802319B6898472B6880
:10AA50000146D3F8C0305FFA88F2284698470623AB
:10AA6000C4F84702D4F80C0184F8413284F84292C9
:10AA7000C4F843A203680A225B69FEF765BE012E93
:10AA80007EF629AE94F8951100297EF424AE05F5E2
:10AA9000A340112E00F104007FF6B7AE05F5A343E5
:10AAA000163303F1100253F8041B40F8041B9342C1
:10AAB000F9D1FFF788B8042E7EF60DAED4F89531A3
:10AAC00033B12B49A3F5C332A03A8A423FF60DAA0F
:10AAD000C4F8B830FFF73AB8162384F84132B36AA5
:10AAE000C4F84232F27984F8462205F5A44006F112
:10AAF0002C01473003F05BF8D4F80C311A68546924
:10AB000005F5A441821D413118462346FEF71FBEBC
:10AB100008297FF639A8D4F89501164B164AD4F8BF
:10AB20009941034493423FF6E0A994423FF7DDA9DF
:10AB3000124B9C42FFF6D9A9F5F754FC0AA3D3E9BE
:10AB40000023F5F7E3FD0E4EC6E902012046F5F7B6
:10AB500049FC05A3D3E90023F5F7D8FDC6E90401B4
:10AB6000FEF7F4BFAFF300800000000080842E41A8
:10AB70009FBB0D00804A5D050095BA0A006B45F544
:10AB8000886F002070B500F5A0440546D4F80C018C
:10AB9000036805F5A34114319B69AEB0984701469F
:10ABA00028B128462EB0BDE87040FEF781BD94F86C
:10ABB000243113B3D4F80C0103681B699847E0B93A
:10ABC000684602F09AF805F5A2406A462946143014
:10ABD00004F070FD064690B1D4F81831229A9A42DA
:10ABE0000BD96A4603212846FDF750FF229BD4F873
:10ABF0001C21934201D9C4F81C312EB070BD04232E
:10AC000084F84132D4F80C01D4F81C31C4F8423233
:10AC1000036805F5A4415B6905224131984784F832
:10AC20002461EAE7F8B516461A78032A054659D191
:10AC300005F5A04291F8410092F8B11002294FEABF
:10AC400050003FD001293FD100F0010192F8B240FD
:10AC5000022C3BD141F0020192F8B320022A3BD1F1
:10AC600041F004015B7821EA030414F0010028D0CC
:10AC700005F5A545703528460CF043FA1A48FDF74E
:10AC80008FFEF6F717F81949F6F720F90121024669
:10AC900028460CF0EBFA21462A46154801F010FB35
:10ACA000079F284647F8046B0CF02EFA0446284606
:10ACB0000CF02CFA22460146384618F0B6F8201D52
:10ACC000C0B2F8BD0121C1E70021BFE7012C04BFDC
:10ACD00000F002042143BFE7012A04BF00F0040092
:10ACE0000143BFE70020ECE7E871002000007A4450
:10ACF000886F00202DE9F04745F22616ADF5916DDD
:10AD000000EB0609044602AF4846F6F7C1FADFF841
:10AD1000B48205464FF0000A404614F0B1FA00280C
:10AD200048D04E2D10DC404614F070FCC1B20A2908
:10AD300006D06B1CE2182544A95502F806A01D4652
:10AD4000404614F099FCE7E74F2D05D104F5A043E8
:10AD50000D2283F875214F25013D254445F2261328
:10AD6000EA5C0D2A2AD10022EA5497490422484677
:10AD700017F0C7FE04F5A04640BB04F5A2452A35EE
:10AD800092490422284617F0BCFEE0B904F5A2401F
:10AD90002E3017F046FBC6F8B8002046FDF740FEFF
:10ADA000D6F8B8208A49874814F08FFC002386F82B
:10ADB000263103E04F2DC9D0002DCDD107F5906786
:10ADC000BD46BDE8F08783492A46ECE782494846FC
:10ADD000F6F754FAE8B9F06FFCF785FDB8B104F165
:10ADE0007001F06FFCF796FD204604F5A04478341E
:10ADF000FDF716FEF06F2146FDF748F82146F06F8B
:10AE0000FDF7C2F875496F4814F04CFCCEE7744961
:10AE1000F9E774494846F6F731FA30B9F06FFCF7B4
:10AE200062FD0028F3D07049EDE7704902224846E0
:10AE300017F067FE8046002840F0EA8004F5A2453E
:10AE400029356B490922284617F05BFE78BB04F5CB
:10AE5000A2453135044667495A482A4614F035FC64
:10AE6000F16F2A463846FCF726FD6CB3F16F4A684D
:10AE7000002A9BD02B4607F59070FCF724FD00229A
:10AE800007F5907107F510700CF0D8FBDFF86891AA
:10AE9000DFF83081DFF864A107F510700CF0C4FB17
:10AEA000002860D107F590700CF076FB7EE75449DE
:10AEB0000822284617F025FE20B904F5A2453035B2
:10AEC0000124C8E74446C6E738460CF0ADFB98B10C
:10AED0002246394607F510700CF0B0FBDFF82491DC
:10AEE000DFF8E080DFF820A107F510700CF09CFB84
:10AEF00060B938460CF050FB2B78002BB6D0434994
:10AF00002846F6F7BBF90028B0D04FE707F51070D8
:10AF10000CF091FBB0B107F510700CF08AFB2A46DB
:10AF200003465146404614F0D0FB394607F55870A9
:10AF300000220CF083FB07F5587107F51070FDF740
:10AF4000D0FCD1E707F510700CF073FB044607F551
:10AF500010700CF0FBFA234600902A464946404602
:10AF600014F0B3FBE1E707F510700CF064FBB8B127
:10AF700007F510700CF05DFB2A460346514640462B
:10AF800014F0A3FB07F5907107F5587000220CF040
:10AF900055FB07F5587107F51070FDF7A2FC7BE72C
:10AFA00007F510700CF045FB044607F510700CF027
:10AFB000CDFA234600902A464946404614F085FBC8
:10AFC000E0E700BFAC760020754202087A42020832
:10AFD0007F42020894420208B1420208B9420208C4
:10AFE000D4420208EA420208F0420208FF42020884
:10AFF000024302080C4302086D430208584302084A
:10B00000C54302083743020821430208CC43020823
:10B0100052490322484617F074FD804600285CD14F
:10B0200004F5A24909F12A094D490922484617F0B9
:10B0300068FD054600283ED104F5A2443234F16F84
:10B04000224607F51070FCF736FC65B1F16F07F585
:10B0500058704A682346FCF736FC07F5587107F527
:10B060001070FDF73EFC07F510700CF0DDFA0028BB
:10B070003FF49CAE07F510700CF0B9F9C31D23F036
:10B080000703E846ADEB030D02AD82B20446294644
:10B0900007F510700CF02DFA22463248294602F0CE
:10B0A0007BFE31492F4814F0E3FA07F510700CF0DD
:10B0B00073FAC5467AE62D490822484617F021FD65
:10B0C00020B904F5A24431340125B8E728492548C0
:10B0D00014F0E8FA86F8268170E6264903224846ED
:10B0E00017F00FFD80BB96F829313BB104F5A2455E
:10B0F000293521492846F6F7C1F808B91F4982E6E3
:10B1000017490922284617F0FCFCD6F87C8038B98C
:10B1100004F5A245313529464046FCF7DDFB0EE03B
:10B1200012490822284617F0ECFC0028F3D104F558
:10B13000A242D8F8041030324046FCF7D0FB08B1E8
:10B140000F4960E60F495EE60F494846F6F796F864
:10B1500008B9FCF7F5FF0D4955E600BF8D4302081D
:10B1600002430208AC760020B1D80208C5430208A9
:10B1700091430208CE430208CC430208D24302089E
:10B18000E8430208F5430208684202080B4402083B
:10B1900038B5044604F5A04504F0A2FA95F8253127
:10B1A0002046DBB1FFF7A6FDD5F8801161B120463E
:10B1B00001F0D8FA40B104F5A041E86F7831FCF70E
:10B1C00065FE0023C5F88031D5F810412CB1D5F8C3
:10B1D0000C010368DB689847207338BDFFF7D2FC89
:10B1E000E2E738B50C468D18AC4200D138BD4FF4BB
:10B1F0008071002014F079FC04F8010BF4E737B5F6
:10B200000B78C3F383030446032B084604F204457A
:10B2100011D1D1F84A20002355F8041F914206D1DC
:10B2200003F58173002244F8232003B030BD0133BD
:10B23000402BF1D1F9E7694602F055FD04340822AC
:10B240002146684617F05DFC10B920606060ECE7AD
:10B250000834AC42F3D1E8E7F7B50A78C2F38303C8
:10B26000032B04460E4600F2044529D1D1F84A10BA
:10B270002B4600F2045053F8045F8D420CD102F0CB
:10B280000302023A012A2CD9D4F810350133C4F84C
:10B290001035012003B0F0BD8342ECD1D4F808355D
:10B2A00003F58172013344F822105A4202F03F0242
:10B2B00003F03F0358BF5342C4F808350020E9E7C4
:10B2C0006946304602F00FFD271D082239466846C0
:10B2D00017F017FC58B9337803F00303023B012B36
:10B2E000D1E7D4F80C350133C4F80C35D1E7083771
:10B2F000AF42EAD1D4F804246B4603CB04EBC2027C
:10B3000050609160D4F8043401335A4202F07F0255
:10B3100003F07F0358BF5342C4F80434CEE7000063
:10B3200010B50A48FFF734FF094800F0FBFB14F0A2
:10B3300009FE084BD3E9042499699861411A52180F
:10B3400044F10004C3E9042410BD00BF70030020D1
:10B35000746D0020E86F00202DE9FF41214FDFF8D8
:10B3600088802249224D234E3A464046FCF76CFA2B
:10B37000214A224B1360224BC5E90132214B2B603D
:10B38000304601230024A5F828311F4B40F8043B28
:10B39000948021464FF48062C5E904442C73C5F8BB
:10B3A0003041AC61C5F82C4117F0D5FB21464FF474
:10B3B000807206F58160C6F8044417F0CCFBC6F82D
:10B3C0000845C6F81045C6F80C45104A10490096C5
:10B3D000CDE901853B460F48FDF748FF04B0BDE8C5
:10B3E000F08100BFE86F0020646F00200872002029
:10B3F000746D002060680020A86E0020504B020889
:10B40000E87100200C4602087C450208100100206B
:10B410000870002070030020054B064A1A6003F5EF
:10B42000A04302F5827203F53C709A670BF062BE8E
:10B43000700300203C44020870B51D4D06224FF4F5
:10B44000E131284614F0A4F81A4B012113200024FE
:10B450001C7114F02DFC0121132014F093FC022127
:10B46000C12014F025FC00F097FF00B9FEE700F0C2
:10B47000E1FF14F02BFB104804F068FD0F48FCF7C7
:10B48000EFFD21460E48FDF7C5FF0E490C48CD6083
:10B49000FEF7D2F80C4800F04EFE0948FEF7B0F86F
:10B4A00021460346BDE87040074A084800F070BCDA
:10B4B000AC760020E871002008720020646F002044
:10B4C00070030020A86E0020886F0020746D00209B
:10B4D0000023C0E90033C0E90233704710B5427061
:10B4E00000220446017082708283C0E90322C0E911
:10B4F00005222030FFF7ECFF04F13000FFF7E8FFF2
:10B5000004F14000FFF7E4FF04F15000FFF7E0FF13
:10B5100004F16000FFF7DCFF04F17000FFF7D8FFD3
:10B52000142363602272204610BD10B504460078D3
:10B53000A3783BB114F0A6FBA38898422CBF00204F
:10B54000012010BD14F058FC63781B1A5842584172
:10B55000F7E710B50446FFF7E8FFE071207210BD71
:10B5600008B541770139052909D8DFE801F0090E4E
:10B5700013181D03836F13B17030FAF736FF08BD3F
:10B58000836A002BFBD02030F7E7836B002BF6D0CB
:10B590003030F2E7836C002BF1D04030EDE7836D63
:10B5A000002BECD05030E8E7836E002BE7D0603002
:10B5B000E3E710B5044614F0C5FCE37943B1012379
:10B5C0002061A37120460621BDE81040FFF7C8BFE7
:10B5D000A279012A0ED1226940F6B731821A8A4235
:10B5E0009FBF237F60610133237799BF0323A3713A
:10B5F000A371237710BD70B5044614F0A3FCA369B2
:10B60000C31A092B05461AD9A0612046FFF78DFF02
:10B61000237A8342064613D0E560A3792672032B72
:10B6200021D16369EB1AB3F5FA7F08D9217F01298B
:10B6300012D12046FFF794FF00232377A37170BD3A
:10B64000E368EB1A322BE8D9E3798342E5D0E07165
:10B650002046FFF7AEFFE0E70229EAD00329E8D051
:10B66000EAD90421E5E7012BE9D12369ED1A40F677
:10B67000B8339D42E3D905212046FFF771FF00232F
:10B68000A3712377DBE770477047000070B5FF298F
:10B690001D46049BC0F82431044600F1440023D128
:10B6A000144917F06DF904F182005022294604F084
:10B6B000D7F92069B8B103681B68984728B9237B7C
:10B6C0001BB9206903685B689847206903681B6899
:10B6D000984740B114F036FC00F56A501830012349
:10B6E000E06184F8283170BD13460A46024917F01C
:10B6F00047F9D8E7844502088B450208012A02D1A0
:10B70000016000207047022A05D0032AF9D0002AE0
:10B71000F7D10260F5E70B680360F2E7012A02D176
:10B72000016000207047022A05D0032AF9D0002AC0
:10B73000F7D10260F5E70B680360F2E7012A02D156
:10B74000016000207047022A05D0032AF9D0002AA0
:10B75000F7D10260F5E70B680360F2E7012A02D136
:10B76000016000207047022A05D0032AF9D0002A80
:10B77000F7D10260F5E70B680360F2E7012A02D116
:10B78000016000207047022A05D0032AF9D0002A60
:10B79000F7D10260F5E70B680360F2E7012A02D1F6
:10B7A000016000207047022A05D0032AF9D0002A40
:10B7B000F7D10260F5E70B680360F2E7C0F82411E7
:10B7C00031B9012380F8441080F8821080F82831C4
:10B7D00070470000064B10B5044658680368DB68E4
:10B7E000984760680368BDE810401B6A184700BFAF
:10B7F0000870002040F6AC339942F7B5054631D9C0
:10B8000041F2730399422FD8A1F6B8310C2391FB72
:10B81000F3F42869D0E9003603219B699847286929
:10B820000C2203680092DF6AA6F11D011823002292
:10B83000B84728690622036800929F6A03231A46C4
:10B84000711FB847286914235C43082203680092DB
:10B850009D6A0222A6F11B016423B4FBF3F3A847FF
:10B8600003B0F0BD0024D4E76424D2E770B50446E9
:10B87000006996B040B394F8D2503DB303680121FB
:10B880005B6998472069036804F1D2055B6B294620
:10B890009847236959681A68091A01EBD17118464B
:10B8A000D66949101622B0472069036803219B69B5
:10B8B00098472069036829461B6A9847002384F843
:10B8C000D230012384F8283116B070BD94F844308A
:10B8D000002B5CD094F88230002B58D003682A46A5
:10B8E000DB69294698472069036801215B6998470D
:10B8F0002069036803219B6998472069216A0368CE
:10B9000004311B6A9847206903680C22DB692946C9
:10B9100098472069036805219B6998472069036857
:10B9200004F144011B6A9847206903681822DB6907
:10B93000294698472069036801219B699847206937
:10B94000036804F182011B6A98472069D0E900313D
:10B950000922DB691C3998472069036802215B6969
:10B9600098472069036806219B699847D4F82421E9
:10B97000664902A817F004F82069036802A91B6A47
:10B980009847206903689B69052198473DE014F0BA
:10B99000D9FAD4F82C31C01A40F6B733984220694E
:10B9A000036834D89B690421984720698022416844
:10B9B00003680D25CDE90025803901EBD171032203
:10B9C0001D6B534B4910A8472069036801219B69EF
:10B9D00098472069036801215B69984720690368DB
:10B9E00004F124055B6B29469847236959681A6856
:10B9F000091A01EBD1711846D66949101622B047D1
:10BA00002069036829461B6A984700235AE70022E9
:10BA10001146DB6998472069036801215B699847F3
:10BA20002069036803219B6998472069216A03689C
:10BA300004311B6A9847606803681B689847014691
:10BA40002046FFF7D7FE206903681422DB69002136
:10BA500098472069036805219B699847256A686AA9
:10BA6000F4F7D2FC0B4695F82810009102462949BC
:10BA700002A816F085FF2069036802A91B6A98478F
:10BA8000206903681E22DB6900219847256AE86A5D
:10BA9000F4F7BAFC0B4695F82910009102461E49AE
:10BAA00002A816F06DFF2069036802A91B6A984777
:10BAB000257B2DBB1948FDF7A6FD08B32069036857
:10BAC00002219B6998472069036802215B699847B6
:10BAD000206903682B22DB69294698470F48FDF748
:10BAE00092FD0F49024602A816F04AFF206903683A
:10BAF00002A91B6A98472069036803219B6944E7F0
:10BB00002069036801219B693FE700BFB445020833
:10BB10001C46020893450208A54502087003002050
:10BB2000B745020870B50446D0F8300108B1FFF7F8
:10BB300062FD2069002839D003681B6898470028F7
:10BB400034D01B4D2B786BB114F0FCF9D4F82C31A8
:10BB5000C01A40F6B733984281BF012384F82831D8
:10BB600000232B7014F0EEF9A369984213D394F8D4
:10BB7000283183B12069036800211B69984720465A
:10BB8000FFF774FE20690368DB6C984714F0DAF95C
:10BB900000F57A70A06114F0D5F9E369984205D9EF
:10BBA00020690368BDE870409B68184770BD00BFFE
:10BBB0001401002010B50446006978B103681B68C1
:10BBC000984784F8290118B9206903685B68984789
:10BBD00014F0B8F900F56A501830E06110BD006843
:10BBE000FFF7E8BF036983B190F8293153B190F8AA
:10BBF00044303BB190F8823023B1002380F84430C8
:10BC000080F88230012380F8283170470068FFF700
:10BC1000E9BF000010B504460748FDF725FD0346BF
:10BC200004F1D20033B1054917F0F7F8012384F885
:10BC3000283110BD0249F7E770030020BE45020815
:10BC4000CB4502080068FFF7E5BF0000F8B50446E1
:10BC5000406900282CD003681E4FDB6898470025F8
:10BC60000646B54224DA6069036829461B6998478D
:10BC70003946F5F703FB00282AD160690368294695
:10BC80005B6998471449F5F7F9FA034604F1D205C0
:10BC900060698BB90368114A9B690E49984723680C
:10BCA00005219B68204698470D49284617F0B5F8AE
:10BCB000012384F82831F8BD0368074A9B690549C8
:10BCC0009847236805219B68204698470549ECE77B
:10BCD0000135C6E7DB450208354F0208DF4502089B
:10BCE000E1450208EF4502080068FFF7AFBF00001A
:10BCF00010B5044614F026F9D4F82C31C01AB0F56A
:10BD0000FA5F04D2BDE810400348FDF79DBC204611
:10BD1000BDE81040FFF75EBD700300200068FFF72C
:10BD2000E7BF0022C0E9002282607047F0B587B00B
:10BD30000E4602AD0027044628460297C5E9017762
:10BD4000FFF7EFFFB36805973BB102223146284663
:10BD50009847F3680593B368049395E803006B462E
:10BD600083E8030094E8030085E8030093E80300F8
:10BD7000049BA268A360059B049284E80300E26828
:10BD8000E36028460592FAF77AF807B0F0BD0000A4
:10BD90007FB5C0E9041204461D4614F0D3F800F53F
:10BDA0006A5018300023E061206984F8443084F838
:10BDB0008230012384F82831256210B103685B6862
:10BDC0009847514816F0FCFE2D21054616F0DAFE84
:10BDD00008B1002303704D4B4D492A4604F124005D
:10BDE00016F0CEFD8020FAF73AFB00220546C1216D
:10BDF000FFF774FBC4F830512846FFF7AAFB002573
:10BE0000D4F8306102956846CDE90055FFF789FF07
:10BE1000404B03936946404B029306F12000009487
:10BE2000FFF784FF6846FAF72AF8D4F830610295E4
:10BE30006846CDE90055FFF774FF384B0393694618
:10BE4000374B029306F130000094FFF76FFF68460E
:10BE5000FAF715F8D4F8306102956846CDE9005537
:10BE6000FFF75FFF2F4B039369462F4B029306F1B9
:10BE700040000094FFF75AFF6846FAF700F8D4F83C
:10BE8000306102956846CDE90055FFF74AFF274B20
:10BE900003936946264B029306F150000094FFF786
:10BEA00045FF6846F9F7EBFFD4F830610295684624
:10BEB000CDE90055FFF735FF1E4B039369461E4B36
:10BEC000029306F160000094FFF730FF6846F9F72F
:10BED000D6FFD4F8306102956846CDE90055FFF7EA
:10BEE00020FF164B03936946154B029306F1700031
:10BEF0000094FFF71BFF6846F9F7C1FF14F022F822
:10BF0000C4F82C0104B070BD594202083B4202083B
:10BF1000FC4502080DBC00089DB7000845BC0008A0
:10BF20007DB7000889B600085DB70008E9BC0008C5
:10BF30003DB700081DBD00081DB70008DFBB0008A5
:10BF4000FDB60008004870470000C07F0020704721
:10BF500000207047704700207047704700207047EE
:10BF6000002070470020704700207047004870474D
:10BF7000EC4602080020704700487047EC46020873
:10BF800040680368DB681847B0F9180070477047CD
:10BF90000020704700797047BFF34F8F0549064B6B
:10BFA000CA6802F4E0621343CB60BFF34F8F00BF57
:10BFB000FDE700BF00ED00E00400FA050020704737
:10BFC000406808B50368D3F88430984710F0140F20
:10BFD00014BF0120002008BD406803681B6F18478C
:10BFE000406803685B6F184710B54FF47A720446D7
:10BFF0000023D0E90401F5F727F9A368184410BD20
:10C0000070470020704700207047002070470020D4
:10C0100070470020704703681B6A18472DE9F041FC
:10C020001D4603680E465B6B294604461746984733
:10C03000236800EBD070A6EB6001DB6920463A462E
:10C0400098472368294620461B6ABDE8F0411847F7
:10C050002DE9F0411D46036804460E465B6B2946F8
:10C06000174698472368311ADB6920463A469847B5
:10C070002368294620461B6ABDE8F041184770B581
:10C080001D4603680446DB69984723682946204615
:10C090001B6ABDE870401847F0B500242046013BFC
:10C0A000155D0E180DB1834202D800233370F0BD28
:10C0B000A5F120075E2F03D8013035700134EFE77A
:10C0C0002D06FBD5DB25357001302646344601367A
:10C0D000955D002DF2D005F0C005802DF6D0EDE77E
:10C0E000002070477047704770477047704770472F
:10C0F000704770477047704770470020704770471F
:10C1000000487047474202087047F8B507460C469A
:10C110008E18B44200D1F8BD78680368D3F8A43013
:10C1200098474FF480710546002013F0DEFC45402F
:10C1300004F8015BEDE710B5044620300DF0DCF8A3
:10C1400084F8580010BD08B50023037101211320A5
:10C1500013F0AEFD0121132013F014FEBDE80840DA
:10C160000221C12013F0A4BD0121132013F00ABE47
:10C170000021132013F006BE08B5F7F7A5FA72B632
:10C18000BDE80840F7F7A8BA10B54FF4DE710446D1
:10C19000FAF769F9204610BD4068002106F044BB5B
:10C1A00010B5044613F0CEFED4E90431A269A061B3
:10C1B000821A9B1841F10001C4E9043110BD10B589
:10C1C00000220023C0E904238160044613F0BAFE74
:10C1D000A06110BD036810B5DB6B0446984720B919
:10C1E0002046BDE8104003F0C3BD10BD10B4446844
:10C1F000134694F8602110BC03F0D2BD2DE9F04F36
:10C20000C1B004464A9F38461E4688469146F5F717
:10C210003FF8FF2828BFFF200546024639466846FA
:10C220004FF0000A16F001FE0DF805A023686946DC
:10C230005B6B20469847B04223680CDC4A46414677
:10C240002046DB699847236869461B6A2046984761
:10C2500041B0BDE8F08F5B6B1549164F20469847FB
:10C26000236815495B6B054620469847134B85426A
:10C2700018BF1F46236839465B6B204698478346A4
:10C280006846F5F705F8A6EB0B06054655B1236899
:10C2900069465B6B20469847B04203DD013D0DF8CF
:10C2A00005A0F3E73946684616F05DFC2368C5E74C
:10C2B00057420208FF46020803470208FA460208EE
:10C2C00070B590F8586086B01446E6B10F4B0393F2
:10C2D0000125049305930023CDE9003503AA04AB9F
:10C2E00005A920300DF014FA039A294620460AF0D9
:10C2F000AFFF049A294620460AF0B1FF059A294665
:10C3000020460AF0BAFF304606B070BD0000C07F7C
:10C3100030B5012185B0044607F088FB01220021D9
:10C32000204607F0A8FB7F238DF80F300022012361
:10C33000CDE9003289210DF10F02D4F85C0105F03E
:10C3400002F8D4F85C31186803680521DB69984766
:10C3500013F0F8FD0546D4F85C311868D96A026814
:10C360001269904720B113F0EDFD401B322806D929
:10C37000D4F85411204606F02CFB05B030BDD4F89B
:10C380005C31186803685B6D9847E4E708B540685E
:10C39000FFF7BEFF08BD000030B51D4887B0002183
:10C3A00004F094F81B4A1C491C4808F0DEFB1C4BA7
:10C3B000049310221623CDE9023212210523002412
:10C3C000CDE90031174A184914480594082305F0AF
:10C3D000F9F9054658B11549154813F049F91448BB
:10C3E0000A22294613F0BEF9204607B030BD0122CB
:10C3F00011460124094808F049FA009441F221034A
:10C4000041F60F522146054808F0EAFAECE700BF72
:10C410005872002088490208E84902082C70002060
:10C420009A99D93F00007A428D675944054702081E
:10C43000AC76002002486FF0004108F018BE00BF43
:10C440002C700020F8B50B4C17460E4601462046CE
:10C450001D4605F0F1FB3946204607F067FE3146E0
:10C46000204607F0FDFD294620460022BDE8F840A1
:10C4700007F07BBE2C7000200146014805F0F9B89A
:10C480002C70002013B5054B00936946044B0193B3
:10C49000044600F04DFC204602B010BD28470208BB
:10C4A0002C70002073B5224E224B33604820F9F7E0
:10C4B000D6FF214C054605F04BFA2946204605F0EB
:10C4C000EDF91E4B23601E4B1E4A1A60C3E901465C
:10C4D00000251D4CC3E903551C4B23601C4BA36076
:10C4E00000220023C4E90423656013F02BFDA06142
:10C4F000184C002200232046C4E90223C4E9042387
:10C50000C4E90623144B40F8203B144B4FF0013292
:10C510006946CDE900230DF073F9114B84F85850AA
:10C5200080214022C3E901120E4A1A6002B070BD98
:10C53000E8710020084902082C70002034470208E6
:10C54000087000203C480208E86F00209C48020860
:10C55000EF934466886F002068490208050400765E
:10C56000786F0020B04802087047002070474FF0F5
:10C570007E507047C82070474FF47A6070470000C3
:10C5800070B50F481646F4F7E3FAF3F73DFF02469D
:10C590000B4600200B4914F0F7F90B4B0022F3F780
:10C5A000D3FD044630460D46F3F70CFF02460B461A
:10C5B00020462946F3F780FFF4F72EFA70BD00BF3E
:10C5C0009A99593F000024400000F03F002370B5C5
:10C5D0000446C0E90C33C0E90E33C0E91033A0F8BB
:10C5E0006030C06D03681B689847236820629B6BAE
:10C5F00020469847236820651B6A204698470646D0
:10C60000206DF4F757FB4FF07E5105463046F4F7A6
:10C61000A1FA01464FF07E50F4F758FC0146284637
:10C62000F4F7A0FBF4F7A0FDA064E06D03681B68BD
:10C630009847E064A06D03681B689847A06D036885
:10C64000DB6A984784F82C0070BD2DE9F041044660
:10C65000C06D03681B689847E56C2368451B1B6A1F
:10C660000646204698474FF07E51F4F773FA01468C
:10C670004FF07E50F4F72AFC236807469B6B204658
:10C68000984780462846F4F715FB3946F4F76AFBCD
:10C69000F4F76AFD054670B14046F4F70BFB3946E6
:10C6A000F4F760FBF4F760FDA36CE6641D44A84258
:10C6B00094BFA064A564BDE8F081F8B51E46137868
:10C6C0000B7017469A090D4601D00020F8BD03F003
:10C6D00003020923D34013F0010319BFB7F8013057
:10C6E000EB800B81CB801BBFB7F803302B8101217E
:10C6F00005217C5CAC80A209032AE6D004F03F044B
:10C7000002FB0444E2B2402ADFD801315418B4429B
:10C71000DBDC394405F10A0016F087FB321B92B2CC
:10C72000B82A6A80D1D8391905F14A0016F07DFB84
:10C730000120CBE710B50446406D03681B6898479D
:10C7400030B9B4F8603043F00103A4F8603010BD94
:10C7500000238380438080F80231F8E7406D03684E
:10C760005B681847C06D036810B51B680C46984796
:10C77000001B0028D4BF0020012010BDC06D03683D
:10C7800010B51B680C469847204410BD03682DE97E
:10C79000F0411B6805460E469847044630B9686D5F
:10C7A000036831465B68BDE8F0411847012812D0A4
:10C7B0006F6D3B6820F07F412846D3F80880FFF773
:10C7C000DDFF220E013A034631463846C446D2B256
:10C7D000BDE8F0416047BDE8F0812DE9F041044635
:10C7E000806D0368C2B05B68FF2202A99847061EED
:10C7F00077DD2368A06D5F6803689B6B98470546EB
:10C80000A06D03685B6B98472946024602AB204641
:10C810000096B847606D03681B6898470546002876
:10C820005FD00146334602AA2046FFF746FF0028A4
:10C8300052D0A06D03689B6B98474FF08141F4F78D
:10C8400091FAF4F76BFC85F80201A76D3B68384656
:10C85000D3F80C809B6B9847324601463846C04758
:10C860000746A06D036831469B6898476369034497
:10C870006361236801465B69064620469847236842
:10C880002846D3F8088001F0A7F93B46024629461E
:10C890002046C0472B789B0726D4A36B0133A363A4
:10C8A000236839465B6A324620469847312801465C
:10C8B0001DDD666DB0F5FA4F3368A8BF4FF4FA413D
:10C8C00020465F6AFFF75AFF294602463B4630463C
:10C8D00042B0BDE8F0411847606D036829465B68C7
:10C8E000984742B0BDE8F081E36B0133E36329462A
:10C8F000204642B0BDE8F041FFF748BFF0B5456DB6
:10C9000004462B68C06D1E690368C1B01B68984758
:10C9100001462846B04760B32046FFF796FEA06D5B
:10C920000368FF219B689847A36CB3EB500F4FEA55
:10C93000500520D2236820461B6A98470646A06C03
:10C94000281AF4F7B7F94FF07E5105463046F4F750
:10C9500001F901464FF07E50F4F7B8FA0146284637
:10C96000F4F7B4FAF4F700FC01462046FFF706FF9F
:10C97000A06141B0F0BDA1692046FFF7F3FE002899
:10C98000F7D0A06D03681B6B9847F0B1236C01339F
:10C990002364E36923B9E06D03681B689847E0618D
:10C9A000E06D03681B689847E369C51A2368204651
:10C9B000DB6A9847854243D9B4F8603043F00203FC
:10C9C000A4F86030636C01336364656DE06D00232F
:10C9D000E3612B68DE6803681B68984701462846B8
:10C9E000B04760600028C4D003788DF80030092279
:10C9F00003F0030322FA03F3DB0741BFC388ADF85A
:10CA000001300389ADF8033054BF01230523828828
:10CA10000DF803205D1C027900F10A010DEB050001
:10CA200001F0C5F86668728805445319FF2B0CDDC8
:10CA3000606D036831465B6898470023636098E740
:10CA4000236820469B6A98478EE706F14A010DEB62
:10CA5000050016F0EAF9A06D768803682E44314689
:10CA60009B6898470546E06D03681B689847E0603F
:10CA7000A06D036832461B6969469847064678B937
:10CA80006568236828461F6901F0A6F82946024612
:10CA90002046B84761682046FFF760FE666068E799
:10CAA00005EB450569082046FFF768FEA06060E7D2
:10CAB000F8B5416A0446FFF755FE78B1A56D2B68BD
:10CAC0005E6A236820461B6B984701462846B0479C
:10CAD0004FF4FA612046FFF751FE6062A06D0368D3
:10CAE000DB699847A06D0368DB6A984794F82C309F
:10CAF000834217D084F82C00B0B9E06D03681B683E
:10CB000098472062E06D03681B689847236AC01A43
:10CB1000B0F5FA5F82BFB4F8603043F00403A4F8C4
:10CB2000603001E0002BEDD06368002B69D0A06D70
:10CB300003685B699847002800F09D80E06D0368FA
:10CB40001B689847E5682369471B3B4423612368BA
:10CB500039469B690646204698472046FFF775FDF3
:10CB6000A36C9F427CD90023A364236820461B6AE0
:10CB700098470646A06CC0F16400F4F79BF84FF0AC
:10CB80007E5105463046F3F7E5FF01464FF07E50F3
:10CB9000F4F79CF901462846F4F798F9F4F7E4FA1B
:10CBA00001462046FFF7EAFDA061A06D03689B697E
:10CBB000984761688A884888930902F03F0203FB1E
:10CBC0000222D2B223680232DB6802442046984730
:10CBD00061680B789B0755BF236B636B013301338F
:10CBE00054BF236363632046FFF7B8FD00236360EF
:10CBF000236820465B6B984701462046FFF7BEFD41
:10CC0000A062236820465B6B9847002811DDA16A6B
:10CC10002046FFF7A7FD60B1A06D03689B6A9847A7
:10CC2000236820465B6B984701462046FFF7A6FD28
:10CC3000A062656DE06D2B689E6A03681B6898476B
:10CC400001462846B047014610B12046FFF79EFD39
:10CC50002046FFF7C2FD2046BDE8F840FFF74EBE74
:10CC60001D44AD1B632DA5647FF67FAFE06D0368A7
:10CC70001B68984798E7A1682046FFF773FDA0B1AD
:10CC8000A06D03689B69984761688A884888930902
:10CC900002F03F0203FB0222D2B2236802320244B6
:10CCA0001B692046984761689DE7F8BD2DE9F0476C
:10CCB000064608790C461746984600F068FF756DE1
:10CCC00088B16388B82B0ED82B6841463046D3F81C
:10CCD0000890FFF753FD3A46034621462846CC46C6
:10CCE000BDE8F04760472B68214628465B68BDE8F1
:10CCF000F04718470368DB69184710B5202204463F
:10CD0000002115F028FF204610BD10B40446084647
:10CD1000214610BC09F0ECB810B50446FFF7EDFF52
:10CD20004022002104F1200015F015FF204610BD1F
:10CD300030B50D4689B00446FFF7DFFF2B68694622
:10CD40001B6828462022984720466A4604F12001A5
:10CD50000CF078FE204609B030BD0000F0B5B1B04F
:10CD60000146044668460CF08AFE9DF80030013BFF
:10CD7000DBB2FD2B30D81B4B20AA03F1400716462F
:10CD800018685968154603C50833BB422A46F7D1CF
:10CD9000154B08AA03F1200C174618685968154668
:10CDA00003C5083363452A46F7D12246394610A801
:10CDB0000CF07EFD3246694618A80CF079FD202261
:10CDC00018A910A815F09DFE30B910AB13F8012B6F
:10CDD0002AB901302028F9D1002031B0F0BD01205E
:10CDE000FBE700BF404A0208814A020838B50C46FA
:10CDF0000546014620222046FFF77CFF20280AD165
:10CE0000402205F120012046FFF774FFA0F1400306
:10CE10005842584138BD0020FCE738B50B680C4635
:10CE20005B680146054620222046984720280BD102
:10CE3000236840225B6805F1200120469847A0F155
:10CE400040035842584138BD0020FCE73F2A70B5E6
:10CE50001ED95F2A00F1200300F1600407D853F8BF
:10CE6000042B41F8042BA342F9D1402070BD1A468F
:10CE70000D4652F8046B45F8046BA242F9D14031DB
:10CE800050F8042B41F8042B9842F9D16020EDE7CB
:10CE90000020EBE7602A30B40B4613D10A4603F1B9
:10CEA000400400F1200152F8045B41F8045BA24207
:10CEB000F9D1603352F8041B40F8041B9A42F9D1AF
:10CEC00030BC7047402AFBD100F120010A4603F133
:10CED000400453F8045B42F8045BA342F9D130BC30
:10CEE0000CF0CDBD13B50446084611461A4604F1B0
:10CEF0002003009323460DF0D1FB02B010BD0B467A
:10CF0000114600F1200218460CF0D2BC00207047F8
:10CF100070477047704700207047704770477047F0
:10CF2000704770470020704700207047002070470E
:10CF3000002070470020704770B5846D2368054657
:10CF400008469E6800F048FE01462046B04705228C
:10CF500004460021A86E00F0F2FE34235C436423F3
:10CF6000B4FBF3F4604370BD08B504220121806E68
:10CF700000F0E5FE7823584308BDFFF727BBFFF715
:10CF800097BD70B50446C06E03681B680E4698478F
:10CF90002368054602465B6C204631469847284682
:10CFA00070BDF8B58B8803F03F04013CE4B223F078
:10CFB0003F031C438C80A40901340D46E4B201F107
:10CFC0000A060027AB8803F03F0313FB04F3BB42C0
:10CFD00000DCF8BD3046264422463146274415F091
:10CFE00024FFEFE7F8B50A788B88920706460C46CF
:10CFF00001D50020F8BD03F03F079B090133DBB2E8
:10D0000007FB0333402B07F10105F2DC03681B6CBF
:10D0100098470028EDD0A28892090132D2B207FBCE
:10D02000024006F170010A3015F0FFFEA38823F0DC
:10D030003F031D433368A5809B6C214630469847CB
:10D04000A38803F03F03013340EA0360D2E72DE9F0
:10D05000F043202B93B080460E4617461D4603D85A
:10D06000FFF768FB044620B90024204613B0BDE852
:10D07000F0830346102203F84A2B06F120093246BA
:10D0800052F8041B43F8041B4A45F9D1D8F8640050
:10D0900003681B6898472A46C4F86A0080463946E8
:10D0A00004F1AE0015F0C1FE05F1640363800DF1DB
:10D0B000040C334618685968624603C208334B456E
:10D0C0009446F7D12A4639460AA8CDF8248015F0AF
:10D0D000ACFE05F1240301AA04F16E013046FFF70E
:10D0E00001FFC2E72DE9F04FAFB099469DF8E0A0EF
:10D0F000DDF8EC804FEA9A130AF03F0403FB044486
:10D1000008F105032344A62B06468B46174604D98F
:10D11000002528462FB0BDE8F08FFFF70BFB054632
:10D120000028F5D0202303709BF8003080F84A30A7
:10D1300096F8703080F84B30494622460DF10100D8
:10D140008DF800A004F1020915F06FFE04F1B90397
:10D150000DEB09006B44B8F1000F12D09DF8E420EC
:10D1600003F8B82C3A99424615F05FFE08EB090324
:10D170006A4605F14C01384600F0BDFE0230688079
:10D18000C7E7FF2203F8B82CB36E1A680146166889
:10D1900018460422B047A31DEAE77FB509788DF849
:10D1A00014100B9903910A9902919DF82410019192
:10D1B0009DF82010009105A9FFF794FF07B05DF8D6
:10D1C00004FB2DE9F8430229DDF8249007460D46BB
:10D1D00090461E4603D809F11103B82B03D9002449
:10D1E0002046BDE8F883FFF7A5FA04460028F6D0EC
:10D1F000AD00057098F8003080F84A3097F870302C
:10D2000080F84B3000F14C01089A4B46304600F054
:10D2100072FE02306080E3E7F8B50729089F1546E3
:10D220001E4603D107F13003B82B02D90024204653
:10D23000F8BDFFF77FFA04460028F7D01C230370DF
:10D24000337880F84A302A4600F14B0305F120017B
:10D2500052F8040B43F8040B8A42F9D1079A069856
:10D260003B4604F16B0100F046FE21306080DEE7B2
:10D270002DE9F0411F464B1F012BDDF818800E46AB
:10D28000154607D808F11003B82B03D8FFF752FA58
:10D29000044618B900242046BDE8F081B6000670A7
:10D2A00028463A4610F8013B84F84A3004F14B0115
:10D2B000434600F020FE01306080ECE710B50C46DC
:10D2C000FFF738FA28B10C2303700423C0F84A4052
:10D2D000438010BD38B50D461446FFF72BFA50B108
:10D2E00028232401037044F00304052380F84A40F6
:10D2F000C0F84B50438038BD2DE9F0470B78FF2B29
:10D3000004460E46904648D00368D1F84A901B6DFB
:10D31000984706F10A0A0546DDB949462046FFF757
:10D32000CDFF0746002838D0327906F10A010A30CD
:10D3300000F04CFC3B78B88023F0030343F0020379
:10D340003B702A46434639462046BDE8F047FFF782
:10D35000ADBC23683146DB6C2046984700F59670DB
:10D3600080442A4649462046FFF7B4FF074688B165
:10D37000327951460A3000F029FC3B78B88023F01E
:10D38000030343F002033B70002243463946204624
:10D39000FFF78CFC013DEDB2BEE7BDE8F08770B54C
:10D3A00091F84A6006F00F03032BC2B005460C4605
:10D3B0002ED14B88042B2BD901A800F0E3FB237856
:10D3C00022798DF8043004F10A010DF10E0000F00D
:10D3D000FDFB6288ADF80800013A92B204F14B01FE
:10D3E0000DF14E00ADF8062015F01FFD01A92846ED
:10D3F000FFF7C7FD60B901A92846FFF7D2FD36093E
:10D400004FF4967206FB022201A92846FFF774FF2B
:10D41000002042B070BDB82A70B50E46154603D83C
:10D42000FFF788F9044610B90024204670BD3C235C
:10D4300000F84A3B2A46314615F0F7FC6580F4E7D0
:10D4400070B50E4615461C46FFF774F948B1242303
:10D4500003700923C0F84A60C0F84E5080F852406B
:10D46000438070BDB82A70B50E46154603D8FFF745
:10D4700061F9044610B90024204670BD2C2300F841
:10D480004A3B2A46314615F0D0FC6580F4E72DE989
:10D49000F0410D781746C5F38302092A06460C466B
:10D4A00020D0013BDAB2022A1CD825F0030545F052
:10D4B00001050D70C06E9B018B8003681B68984747
:10D4C0002378C3F38303082B0AD0042B14BF012253
:10D4D00003223B4621463046BDE8F041FFF7E6BB5C
:10D4E0000222F6E7BDE8F0812DE9F0411F460B78F6
:10D4F0009DF818500646C3F3830009280C4622D035
:10D50000013DE8B202281ED823F003030B701388F4
:10D51000F06ECB8053880B810368AD011B688D8052
:10D5200098472278C2F38302082A0AD0042A14BF3B
:10D53000012203223B4621463046BDE8F041FFF779
:10D54000B5BB0222F6E7BDE8F0812DE9F0410C46BB
:10D55000069F257825F0030545F002052570C5F3E3
:10D560008305092D06461146984618D160884A3031
:10D570001A46204415F059FC638843446380002315
:10D58000A3800525F06E036821461B6898473B463B
:10D590002A4621463046BDE8F041FFF787BB1A46D0
:10D5A00004F10A0000F012FB2578A080C5F3830582
:10D5B000A5F108035D425D41E4E700002DE9F04F6D
:10D5C0000A7802F00303023B012BF1B005460C463A
:10D5D00064D8C2F38303092B8E8853D13F2E1AD807
:10D5E00091F852E04F88D1F84A20D1F84E300EF031
:10D5F000030C093F06FA0CF6FFB21FFA86F84745FE
:10D600000BD80A3405680397CDE900E401F153060D
:10D6100002962C6EA047002031E05336012200F123
:10D62000700102FA0CF2A01915F06BFA0028F2D181
:10D630002B6821461B6C284698470028EBD02146D2
:10D640002846FFF79EFC0028E5D194F90201F3F784
:10D6500035FB4FF07A51F3F785FB4FF08141F3F73B
:10D6600081FBF3F75BFDA3885A1C2344A2809872C8
:10D670002B682146DB6C2846984740F0C06071B0AB
:10D68000BDE8F08F0B2B06F03F063DD191F94A30F3
:10D69000002B33DB002E44D1930706D42B682146A0
:10D6A000DB6B284698470028B5D12378C3F3830263
:10D6B0000F2AB0D801A151F822F000BFE1D700082D
:10D6C000E1D70008E1D70008ABD70008DBD9000894
:10D6D00061D9000861D90008E9D80008E1D700083D
:10D6E00017D60008A9DA000817D6000817D60008D0
:10D6F00017D6000817D6000885DA0008002E8AD150
:10D7000003685B6F984786E7002EC5D0032B08D1CE
:10D710004B88032B05D90368D1F84A20D3F884300D
:10D720009847A28892090132D2B205F1700104F142
:10D730000A0015F0E6F900287FF46DAF2B6821464A
:10D740001B6C2846984700283FF465AF2378C3F345
:10D7500083030A2B2146284604D171B0BDE8F04F5F
:10D76000FFF71DBE032B0FD1FFF70BFC0646002869
:10D770007FF451AF21462846FFF713FC324621467D
:10D780002846FFF7B9FD46E7FFF7FBFB00287FF4CB
:10D7900042AF21462846FFF704FC2B682146DB6C8C
:10D7A0002846984740F0807069E76388D4F84A605B
:10D7B000032B7FF630AF21462846FFF7E2FB002817
:10D7C0007FF429AF2B683246D3F8843021462846AF
:10D7D00098472146284671B0BDE8F04FFFF702BCDC
:10D7E00094F84B308DF81830638894F84A60042B15
:10D7F0007FF611AF21462846FFF7C3FB814600287C
:10D800007FF409AF95F87030B3425CD12B6806A95C
:10D810005B6D2846984704F14C0806460EAF0DF1A3
:10D82000BC0AB1454FDA2B684A469B6D39462846FB
:10D83000984763884246023B5146384600F07FFBDA
:10D84000031E4EDD22782968C2F38302082A3FD1E5
:10D850009AF800804FEA981208F03F0602FB06662D
:10D86000B21C9B1A56445244DBB203920493737861
:10D8700003F00F03CDE901830DF1BD060096D1F849
:10D8800064A03B464A4621462846D047C8B1237883
:10D8900013F0020315D1CDE90233019323790093EC
:10D8A00006A904F10A033A462846FFF71BFC014685
:10D8B00038B14FF4FA730093324643462846FFF7D7
:10D8C00044FEFF23237021462846FFF78BFBD6E654
:10D8D000CDE901A30097CE6D4B4621462846B047BF
:10D8E000EFE709F101099CE7638894F84A60232B6C
:10D8F0007FF691AE21462846FFF743FB00287FF4D0
:10D900008AAE95F87030B3427FF463AF04F14B06F2
:10D9100006AA04F16B0730687168134603C3083622
:10D92000BE421A46F7D106AA0EA905F17000FFF70C
:10D93000E6FA63882FAF213B324639460EA800F045
:10D94000FEFA00287FF745AF2B68CDE900700EAADC
:10D95000DE6E214606AB2846B047FF23237038E72A
:10D9600094F84A308DF818306388032B7FF653AE55
:10D9700021462846FFF705FB064600287FF44BAEFC
:10D980002B680EAADF6F06A904232846B84704F1C6
:10D990004B0A80460DF139090DF1BC0B464592DA70
:10D9A00063884846013B5246594600F0C8FA0028B1
:10D9B00009F121090FDD2B682278CDE900B006EBD3
:10D9C0004616D3F880700EAB3344C2F3830221466F
:10D9D0002846B84777E70136E0E70EA8FFF78DF94C
:10D9E0000EAE04F14A0304F16A071868596832461A
:10D9F00003C20833BB421646F7D16388D4F86A9055
:10DA0000632B7FF608AE20220EA905F1700015F0F9
:10DA100078F800283FF4FFAD21462846FFF7B1FA19
:10DA200000287FF4F8AD0EAF0FCF2FAE0FC6B4F8BD
:10DA3000028097E80F00A8F16408B8F1200FA8BF92
:10DA40004FF0200804F1AE0A86E80F004246514626
:10DA500038A8CDF8DC9015F0E8F908F124032FAAD6
:10DA600004F16E010EA8FFF750F900283FF4D3AD82
:10DA70002B68CDE900A80EAA9E6E21464B4628468B
:10DA8000B04720E703F00303023B012B3FF6C3AD91
:10DA900021462846FFF775FA00287FF4BCAD2B68B5
:10DAA00021469B6F28462DE66288022A7FF6B3AD99
:10DAB00094F84A3003F00F03032B7FF4ACAD042A33
:10DAC0007FF6A9AD2FA800F05DF8237822798DF8B4
:10DAD000BC3004F10A010DF1C60000F077F862884D
:10DAE000ADF8C000013A92B204F14B010DF583701C
:10DAF000ADF8BE2015F099F92FA92846FFF741FA95
:10DB000000287FF488AD2B68DDF80621D3F8843037
:10DB10002FA9284698477EE52DE9F0410D7825F09C
:10DB2000030545F002050D700646C06E036800252A
:10DB300017460C468D801B6898473B462A4621466F
:10DB40003046BDE8F041FFF7B1B82DE9F0410D785E
:10DB500025F0030545F003050D701F461388CB80A3
:10DB60000646C06E53880B81036800250C468D80E5
:10DB70001B6898473B462A4621463046BDE8F0419F
:10DB8000FFF794B80022027082804280704700F054
:10DB90003F038009032800F1010206D013FB02F0C5
:10DBA0004028CCBF0020012070470020704710B5EE
:10DBB000930902F03F0403FB0444402C04DC22469A
:10DBC00015F033F9204610BD0024FBE710B51446CC
:10DBD000FFF7EDFF204610BD83889A0903F03F034D
:10DBE00002FB033342880078DBB2023310F00300FB
:10DBF000134405D0C21E5042504180001844704763
:10DC00000420FBE770B503780B70092203F00303CF
:10DC100022FA03F3DB0741BFC388A1F8013003896F
:10DC2000A1F8033054BF012305238288CA545E1C27
:10DC30000D460446027900F10A01A819FFF7B7FF63
:10DC40003044C6B2628804F14A0155FA80F015F0FA
:10DC5000ECF86388F018C0B270BD2DE9F8430B787A
:10DC60000370164603F003020923D34013F00103A7
:10DC70001DBFB1F80130C380B1F8033003810BBF81
:10DC80004FF001094FF00509C380038111F80940E5
:10DC9000848005462046FFF77AFF8846074618B974
:10DCA00000273846BDE8F883A30904F03F0403FBCE
:10DCB000044409F10109E4B22246494405F10A008D
:10DCC00015F0B3F809EB0403DBB2B342E8D2F21A61
:10DCD00092B2B82A6A80E3D808EB030105F14A0042
:10DCE00015F0A3F8DDE730B50446A1B002A80D4653
:10DCF00008F0DAF923780122C3F383030DF1070159
:10DD000002A88DF8073008F0B7FA9DF80730092B04
:10DD100004D10222211D02A808F0AEFA628804F1A3
:10DD20004A0102A808F0A8FA08220DEB02002946D1
:10DD300008F0D4FA02A808F09DF921B030BD37B53B
:10DD40000368144604220D461B680DEB0201984738
:10DD50000198621BB0FBF2F302FB1300284403B0EE
:10DD600030BD0000F0B50B4D03468E18B14203F1F3
:10DD7000020303D1002300F81230F0BD11F8014B6B
:10DD8000270904F00F04EF5D2C5D03F8027C03F813
:10DD9000014CEBE7344B02082DE9F041DFF830800D
:10DDA00005460C468F18BC4201D1BDE8F08114F83D
:10DDB000016B330906F00F0618F80310284611F01E
:10DDC0005BFC18F80610284611F056FCEBE700BF84
:10DDD000344B0208F0B59FB01F461646044668460D
:10DDE0000D4608F061F93A463146684608F044FAB3
:10DDF0002A462146684608F071FA684608F03AF962
:10DE00001FB0F0BDF0B59FB01F46164604466846E9
:10DE10000D4608F049F93A463146684608F02CFAB2
:10DE2000DDE92412684608F027FA2A4621466846AA
:10DE300008F054FA684608F01DF91FB0F0BD2DE94E
:10DE4000F041B0B0064601A815460C461F4607F043
:10DE5000F5FA3146102201A807F0A0FA2E46A6EBEB
:10DE60000508B84506DB01A807F07EFA404630B049
:10DE7000BDE8F0813246214601A807F0CFFC1034FE
:10DE80001036ECE72DE9F043B5B0064605A81C4670
:10DE90000F46154607F0D2FA3146102205A807F0C2
:10DEA0007DFA07EB04092E190F2CA9EB0405A6EB4C
:10DEB000040819DC002C0FDD1022002101A814F049
:10DEC0004AFE2246414601A814F0AFFF294601AAA6
:10DED00005A807F08FFB103505A807F045FAED1BE4
:10DEE000284635B0BDE8F0834246294605A807F02C
:10DEF00081FB103CD8E7F0B58F1CA1B00E46394627
:10DF00000546FFF7BFFF044602A808F0CDF82946F2
:10DF100002A8202208F02FFA2246394602A808F06B
:10DF2000ABF90223009320223346294602A808F0C9
:10DF30003AFA02A808F09EF8A01C21B0F0BD2DE925
:10DF4000F043022BA3B005460F4616461C4603DCE1
:10DF5000002023B0BDE8F08304A808F0A5F806F17E
:10DF600002082022294604A8023C08F004FA4FF0D7
:10DF700002092246414604A808F07EF920222946DB
:10DF800003AB04A8CDF8009008F00DFA04A808F03F
:10DF900071F84A46314603A814F0B3FD0028D7D1E2
:10DFA0002346424639462846FFF749FFD1E7037822
:10DFB0000B70427862B343F010030B708368C1F8B2
:10DFC0000130C368C1F805300923028A32B10A78EA
:10DFD00042F020020A70028ACA520233428A32B1E7
:10DFE0000A7842F040020A70428ACA5202334268FA
:10DFF00062B1127852B10A7862F07F020A70426808
:10E00000013A12F8010F08B1202B03D1D8B27047A2
:10E010000123DAE7C8540133F3E738B500238370EE
:10E0200004460878E362C4E909336370C30641BF5C
:10E03000D1F801306362D1F80530A3624CBF0923E7
:10E040000123850642BFCD5AA5850233450642BF4E
:10E05000CD5AE58502339A4220700DDB000609D5C2
:10E06000D51A07D02A461944A01C14F0DEFE621906
:10E070000023937001236370204638BD00797047F8
:10E08000012383807047002303717047012070478C
:10E09000002070472DE9F041254F04460D46022629
:10E0A0004FF00008E06803681B69984728B1E068F2
:10E0B00003685B699847031E02DA0020BDE8F0811F
:10E0C0006279012A07D0022A09D0AAB93C2BE9D1EA
:10E0D00001236371E6E7DBB2E3806671E2E7E28881
:10E0E000A4F8088007EA032313439BB2002BE380C4
:10E0F0000CBF00230323ECE72289AB2A98BFA118A9
:10E1000002F1010298BF0B74E38892B29A42228115
:10E11000C8D3AC2B84BFAC23E380E28804F11001A8
:10E12000284614F082FE0023E0886371C6E700BF32
:10E1300000FFFF00AC2A73B505460E4614464FF0AB
:10E14000000012D88DF80600E8688DF805203E23FF
:10E150008DF80430036803225B6801A99847E868DA
:10E16000036822465B683146984702B070BD0000E4
:10E17000014808F0B2BF00BFF071002001207047D5
:10E18000012070477047002070470020704770479B
:10E190007047002070470020704700F58043F0B5BD
:10E1A0000246D3F8B0580023184602F1D006B8272B
:10E1B00041F2902C9D4201DD082800D1F0BD07FB03
:10E1C00003F491F800E0345DA64501BF00EB0C04B8
:10E1D00002EB8404013063600133EBE702F59452F3
:10E1E0001032F0B500EB8202059D54689DF818606E
:10E1F0009DF81C70DDF820C09DF824E0002C19DB90
:10E2000000F58042D2F8B028A24213DD03680595DC
:10E21000CDE908CECDE90667B822D3F8AC500B792A
:10E2200002FB0404AC4601F10A0204F1D001BDE88E
:10E23000F04060470020F0BD002BF0B522DD00F576
:10E24000944500F5984668352F3600202F780C78D5
:10E25000A74210D100F1010C00EB401014182F461A
:10E2600005F1200057F804EB44F804EB8742F9D19C
:10E27000387820706046B54203D0984205F14105D8
:10E28000E4DBF0BD0020FCE7F0B4052A0E46DDE932
:10E29000044519460FD1042D20D923799A081DD1A0
:10E2A00023686255053402680494D2F8C8403246A7
:10E2B000A446F0BC6047062A10D1022D0ED9A278E0
:10E2C000033DAA420AD834F8033B0568CDE904426D
:10E2D000D5F8CC403246A446F0BC6047F0BC70474D
:10E2E00011461A460123FFF7D2B82DE9F0410D4639
:10E2F00004469DF81C2006999DF82080099F9DF8F2
:10E30000286005F14400FFF761FC85F84200606E6B
:10E3100003681B6898472368C5F88800D3F8A830BD
:10E32000294620469847B8F1030F10D1032E0BD988
:10E3300023683946D3F8A4302046984720B104F525
:10E3400080440023C4F8643A0120BDE8F081B8F1AC
:10E35000010FF9D1002EF7D023683A46D3F8D480C4
:10E36000294633462046C047EEE780F00200C0F35E
:10E370004000704737B5036801920D46D3F8A430CA
:10E3800001A90446984730B104F580440023C4F83D
:10E39000643AFF232B7003B030BD036810B51B68CF
:10E3A000044698476368834228BF581C606010BDCC
:10E3B00008B5202214F0A5FBB0FA80F0400908BD92
:10E3C00038B5044604F1980594F84330084633B94B
:10E3D00022462946FEF793FD012384F84330284660
:10E3E00038BD02F59452103200EB820210B553682A
:10E3F000002B0C4617DB00F58042D2F8B0289A4279
:10E4000011DDB82202FB030300F1700103F1D0001B
:10E41000FFF7D6FF214600F1200350F8042B41F806
:10E42000042B9842F9D110BDF0B50C4685B000F12F
:10E4300070010546204616461F46FFF7C1FF002320
:10E44000CDE90233CDE90073024621463346284622
:10E45000FEF7A3FE014648B140F6B833009394F8A6
:10E46000423004F144022846FFF76FF805B0F0BDD2
:10E4700010B501238EB0CDE901310446002306A971
:10E4800001A80593FFF793FD06AA034604F1700166
:10E490002046FEF7DCFD0EB010BD000000000000BD
:10E4A00030B50D468FB0194640F201130446CDE950
:10E4B0000135104610A3D3E90023F1F7FDFFF2F771
:10E4C000ABFA0DA3D3E900230390DDE91201F1F7C4
:10E4D000F3FFF2F7A1FA0023049006A901A805931F
:10E4E000FFF765FD06AA034604F170012046FEF71A
:10E4F000AEFD0FB030BD00BF0000000080842E4193
:10E50000F7B591F84230FF2B04460D4616460FD161
:10E510001146FEF7D3FE024628B32368D3F8DC6029
:10E520002946C8232046B44603B0BDE8F040604702
:10E5300003681B6D984710B3314601222046FEF751
:10E54000C9FE014688B94FF4FA7731462046FEF7F6
:10E55000B5FE014638B1009795F8423005F1440206
:10E560002046FEF7F2FF03B0F0BDC823009395F8F4
:10E57000423005F144022046FEF7E7FFE3E7C827F3
:10E58000E3E72DE9F04F03F59453103300EB8303D9
:10E5900089B0D3F804B0BBF1000F0E46DDE9129844
:10E5A0001499044656DB00F58043D3F8B0385B4538
:10E5B00050DDB82707FB0BF707F1D005022A054409
:10E5C00040F0A980052945D998F80420D8F80030F2
:10E5D0004FF0000A920808F801A03ED1406E059362
:10E5E0000268126890472744059BC7F858012268C3
:10E5F00008F105070097D2F8B0A029463246204618
:10E60000D0473846F2F744FE2023CDE9005307AF48
:10E61000431D384642460421FFF7F4FB3078FFF7EC
:10E62000A4FE002871D00423CDE9027303230193D3
:10E63000337900934A4606F10A0329462046FEF73D
:10E64000ACFD024630B123682946D3F8DC60204691
:10E65000C823B04709B0BDE8F08F012A28D102686D
:10E6600008F105010091D2F8B47029463246B84746
:10E670003078FFF77AFE0028ECD0CDE902AACDF879
:10E6800004A0337900934A4606F10A03294620463E
:10E69000FEF783FD02460028DCD02368D3F8DC6057
:10E6A000534629462046B44609B0BDE8F04F6047BE
:10E6B000022ACFD107440593D7F864219A4238BF84
:10E6C000C7F86431406E026812689047B82202FBB6
:10E6D0000B4B08F10907CBF858012268019708F1A4
:10E6E00005010091059BD2F8B8A029463246204684
:10E6F000D0473846F2F7CCFD2023019304F1700394
:10E70000009307AF00F1090383E7079A29462046E3
:10E71000FFF7F6FE9EE7002A54D104299AD9434612
:10E7200000F5984A0439C9B20AF1780A53F8042B63
:10E73000CDF804A000910168D1F8D0802946C047E7
:10E740000346002886D03078FFF70FFEB0B1CDE940
:10E7500002A301230193337900934A4606F10A0389
:10E7600029462046FEF719FD024600283FF472AF05
:10E770002368D3F8DC604FF4967392E7CDE900A3E9
:10E7800001214B462A462046FEF71BFD0146002884
:10E790003FF460AFE31993F81231FF2B0BD007F56C
:10E7A0008A724FF4967012902244204609B0BDE858
:10E7B000F04FFEF7CABE23680246D3F8DC604FF480
:10E7C00096736EE7012A7FF445AF00293FF442AF0C
:10E7D00003684246D3F8D490CBB22946C847307874
:10E7E000FFF7C3FD00283FF435AF274497F81231F7
:10E7F000FF2B3FF42FAF2368D3F8D870337906F19D
:10E800000A0229462046BC4609B0BDE8F04F6047E1
:10E8100000F5804370B4D3F8B0280023194600F502
:10E82000AC74B8259A4206DC69B1406E036870BCCE
:10E830005B680131184705FB03F60133A659B14265
:10E8400038BF3146EEE770BC704770B500F58046C2
:10E850000546D6F8B048632C08DC631CC6F8B0380F
:10E86000B82303FB0404D034204670BD0368D3F8FA
:10E870009430984704460028F6D04FF0FF31D6F880
:10E88000B0682A4600230C46B3420CDB002C17DB91
:10E89000B82303FB04542B68D034D3F89C302146B2
:10E8A00028469847E0E792F81101C00705D4D2F84E
:10E8B000580188423CBF01461C460133B832E3E7A9
:10E8C0000024D1E7F8B50C4615460746B8220021CA
:10E8D00020461E4614F03FF92A4602F1200C254638
:10E8E000106851682B4603C3083262451D46F7D1B4
:10E8F000FF232022A01884F84230B11C01F0B0F8A8
:10E90000337803F00F0384F840303378786EDB06F9
:10E9100041BF736AC4F88C30B36AC4F89030069B68
:10E92000C4F8843003681B689847C4F88800F8BDB1
:10E930002DE9F04FBFB004460E46904648999DF829
:10E94000242104A81F46FFF768FB9DF81130002B17
:10E9500051D09DF81230002B4DD004F580434FF07C
:10E960000009D3F8B0A804F1D003CA4534DC00256F
:10E9700096F800B004F5984A2BF0030343F0010326
:10E980000AF1780A337051463046FFF73BF9B14639
:10E99000039009F80ABB002D69D19DF81010236877
:10E9A00001F00F01D3F88C302046984748BB10A8DF
:10E9B000FEF7A3F904AB424610A920460097FFF7E3
:10E9C00081FF2368CDF80090D3F8A050337901225D
:10E9D00010A92046A8470EE0194640461D46FFF7FD
:10E9E000E7FC05F1B80348B1B82303FB0949D9F89E
:10E9F0005431BB42BCD33FB0BDE8F08F09F10109EF
:10EA0000B3E723682046D3F89830984720B1B388FD
:10EA100003F03F038342CAD22046FFF716FF0546A4
:10EA2000C8B910A8FEF769F904AB424610A9204600
:10EA30000097FFF747FF2368CDF80090D3F8A05068
:10EA400033792046012210A9A84723682046D3F82D
:10EA500090309847CFE704AB0146009742462046E6
:10EA6000FFF730FF0023C5F8943085F84330236862
:10EA7000039A0092D3F8E8B041465346202220463C
:10EA8000D84720220DF11201A81800F0E9FF9DF8E7
:10EA90001030C5F8847003F00F0285F84020DB06C3
:10EAA00048BF0D9B606E42BFC5F88C300E9BC5F809
:10EAB000903003681B6898472368C5F88800CDF834
:10EAC0000090D3F8A0703379002229462046B84739
:10EAD00091E72DE9F047ACB00746DDF8D0A05046ED
:10EAE000884615461E46F2F7D3FBA02804463BD8BD
:10EAF000032E01D99E2837D806F003035146621C25
:10EB00000DF10D0002958DF80C300DF1080914F08F
:10EB10008CF9651D202307F1700ACDE900A3359813
:10EB20002B464A460421FFF76DF9032E0DD905F156
:10EB3000B0030DEB0305002305F8A83C04F1B00376
:10EB4000E51D0DEB030404F8A26C51464046FFF7A7
:10EB500037FCCDE900950346424602213846FEF7D0
:10EB600030FB2CB0BDE8F0870020FAE72DE9F34731
:10EB7000DDE90B5901950A9D009504460E46FFF705
:10EB8000A8FF054630B3A76D3B68D3F80880FFF7B0
:10EB900023F801463846C04796F84230FF2B074617
:10EBA00004F5804819D123682A46D3F8DCA0314601
:10EBB00000232046D04723683946D3F8BC3020468E
:10EBC00098470146C9F800002046FDF7D7FDC8F870
:10EBD000640A012002B0BDE8F087002200922946B5
:10EBE00006F144022046FEF7B0FC236896F8422066
:10EBF000D3F8C0303946204698470146C9F800008E
:10EC00002046FDF7BBFDC8F8640A0220E2E72DE9C3
:10EC1000F047ACB0DDE93498044648460D469246CC
:10EC20001F46F2F735FBA028064603D900202CB07A
:10EC3000BDE8F08707F00307421C494647F0040788
:10EC40000DF10D00CDF808A08DF80C7014F0EDF862
:10EC500004F170012846FFF7B3FB053602AA03460C
:10EC60000196009202212A462046FEF7AAFA06469D
:10EC70000028DBD0A76D3B68D3F80890FEF7ACFF07
:10EC800001463846C84795F84230FF2B074604F541
:10EC9000804917D123683246D3F8DCA029460023E7
:10ECA0002046D04723683946D3F8BC3020469847E1
:10ECB0000146C8F800002046FDF760FDC9F8640A67
:10ECC0000120B4E700220092314605F144022046BB
:10ECD000FEF73BFC236895F84220D3F8C030394654
:10ECE000204698470146C8F800002046FDF746FD3B
:10ECF000C9F8640A02209AE72DE9F041B4B016463B
:10ED00000022054602918DF80C201A49DDF8EC80AE
:10ED10001A460DF10D0013F033FE0DF10D00F2F760
:10ED2000B7FA00EB0802A02A0DF10D03C8BFC0F12D
:10ED3000A00803443A9904464246184614F075F870
:10ED400005340027444400F808703246009402ABB2
:10ED500005212846FEF78CFA024638B12B68284672
:10ED6000D3F8E04031463B46A047012034B0BDE82F
:10ED7000F08100BF6C4B02082DE9F041ACB00546B4
:10ED8000349CA52C0F4690461E4603D900202CB07B
:10ED9000BDE8F081BDF8C830ADF808308DF80A4004
:10EDA0002CB1339922460DF10B0014F03EF80334D8
:10EDB0000621009402AB3A462846FEF759FA01466E
:10EDC0000028E3D0FF2E09D12B680246D3F8E0409B
:10EDD000394600232846A0470120D8E700230093A6
:10EDE000424633462846FEF7B0FBF5E7F7B5036821
:10EDF00000F598467836D3F8E4502022334604468E
:10EE0000A847074610B9002003B0F0BD2046FDF723
:10EE100091FC05460028F6D0FAB23146FEF71DFFF8
:10EE20000023204601AA29460193FEF78EFE012009
:10EE3000EAE71346026810B5D2F8E4402022A04762
:10EE4000C0B210BDF8B505460E461746FDF772FC78
:10EE5000044610B900263046F8BD31463A46FEF762
:10EE6000FCFE064688B12378C3F38302042A0CD142
:10EE700043F001032370E86E036805F580455B6885
:10EE800021469847C5F8744CE5E721462846FDF72A
:10EE900065FCDFE72DE9F0430E468BB00446406E7B
:10EEA0001F469046FFF779FA96F840300490032BFE
:10EEB00044D1D6F8943005934046F2F7E9F90F288B
:10EEC00028BF0F2005460246414606A813F0ADFFB5
:10EED000083504F1700841463046FFF771FA04AB7B
:10EEE000CDE9000302953346424607212046FEF74E
:10EEF00093F90546F8B1D4F85880D8F80030D3F823
:10EF00000890FEF769FE01464046C84796F8423031
:10EF1000FF2B804620D123682A46D3F8DC90314667
:10EF200000232046C84723684146D3F8BC3020461A
:10EF30009847386001200BB0BDE8F0834046F2F7F7
:10EF4000A7F90F2828BF0F2005460246414605A80D
:10EF500013F06BFF0435BCE700220092294606F14E
:10EF600044022046FEF7F1FA236896F84220D3F8CF
:10EF7000C03041462046984738600220DBE72DE943
:10EF8000F043B3B00446406EDDF8EC800E46174601
:10EF90001D46FFF702FA3A9B049018602A4639464C
:10EFA00005A804F1700713F040FF39463046FFF71B
:10EFB00007FA043504ABCDE90003029533463A461F
:10EFC00007212046FEF728F90546F0B1A76D3B68FA
:10EFD000D3F80890FEF700FE01463846C84796F879
:10EFE0004230FF2B074613D123682A46D3F8DC9022
:10EFF000314600232046C84723683946D3F8BC3041
:10F0000020469847C8F80000012033B0BDE8F083DF
:10F0100000220092294606F144022046FEF795FAA6
:10F02000236896F84220D3F8C030394620469847E6
:10F03000C8F800000220E8E72DE9F043B1B0A82BA2
:10F04000DDF8E48004460E4617461D4603D900202D
:10F0500031B0BDE8F083406EFFF79FF9389B029016
:10F0600018602A46394603A813F0DFFE04F1700148
:10F070003046FFF7A5F90435EDB202AA0346019523
:10F080000092002132462046FEF79BF805460028F4
:10F09000DDD0A76D3B68D3F80890FEF79DFD0146D3
:10F0A0003846C84796F84230FF2B074611D12368EF
:10F0B0002A46D3F8DC90314600232046C84723680F
:10F0C0003946D3F8BC3020469847C8F800000120E4
:10F0D000BEE700220092294606F144022046FEF7D0
:10F0E00034FA236896F84220D3F8C03039462046D7
:10F0F0009847C8F800000220AAE72DE9F04786B03B
:10F100000446406EDDF838900E4615461F46FFF760
:10F1100044F94FF0000802903860A06E8DF80C5052
:10F12000CDF80D80036804221B680DF1110198478A
:10F1300004F170013046FFF743F90D22019202AA53
:10F1400003460092414632462046FEF73AF805460D
:10F15000F0B1A76D3B68D3F808A0FEF73DFD01466E
:10F160003846D04796F84230FF2B074613D1236824
:10F170002A46D3F8DCA0314643462046D0472368D0
:10F180003946D3F8BC3020469847C9F80000012022
:10F1900006B0BDE8F08706F1440229462046CDF8C6
:10F1A0000080FEF7D2F9236896F84220D3F8C030E9
:10F1B000394620469847C9F800000220E8E72DE9C3
:10F1C000F84300F59A4507460C46914678354FF0CE
:10F1D00000084FF0FF36AB6A33B121462846FFF7EF
:10F1E000E7F810B1464609E0464608F10108B8F1D3
:10F1F000100F05F13005EED1731C26D0302303FB30
:10F2000006760FCC06F59A4578350FC594E80F00C1
:10F2100085E80F004FF47A7303FB09F144F6A0531D
:10F220003846F150FDF7AAFA44F698530022F05000
:10F23000786E44F6A453F25003681B68984744F66E
:10F240009C53F0500120BDE8F8830020FBE7F8B59F
:10F2500000F59A4504460F467835002620223946A7
:10F26000284613F04EFC78B9302303FB064344F6DE
:10F27000A052985044F69852985044F6A452985090
:10F2800044F69C529850F8BD0136102E05F1300519
:10F29000E4D1F8E770B500F59A4500F5A0440E46B4
:10F2A00078357834AB6A2BB120223146284613F0EA
:10F2B00028FC20B13035A542F4D1002070BD0120DA
:10F2C000FCE7F8B500F59A4405460F467834002669
:10F2D000A36AC3B139462046FFF76AF898B1686E51
:10F2E00003681B689847302404FB065444F69C537B
:10F2F000E05044F6A0532846E158FDF73FFA44F6A3
:10F300009853E050F8BD0136102E04F13004DFD1DF
:10F31000F8E72DE9F84300F580430E46D3F8B0989E
:10F32000174600F1D0040025A94504DC4FF0000881
:10F330004046BDE8F88320463A46314613F0E1FBEB
:10F34000A046B8340028F3D00135EDE7F8B500F554
:10F350009B4605460F462436002456F8043C2BB342
:10F3600004223946304613F0CCFBF8B930235C4315
:10F370002E1944F6A453F050686E03681B68984732
:10F3800044F69C53F05044F6A0532846F158FDF73C
:10F39000F5F944F6985304F59A417831F050294430
:10F3A00028462022BDE8F840FFF7B3BF0134102CF7
:10F3B00006F13006D1D10020F8BD38B50D46FFF773
:10F3C00044FA044638B1B822294613F02EFD002332
:10F3D00084F84330012038BD2DE9F04700F5804A1C
:10F3E0000546DAF8B048894600F1D0080027BC424B
:10F3F0001CDD40464946FEF7DBFF08F1B80806462B
:10F4000008B90137F3E7631ECAF8B038B82303FB25
:10F4100007F0E21B00F5C4715A43D030B83A2944D2
:10F42000284413F07EFB3046BDE8F0870026FAE75B
:10F4300003464138C0B2192814D9A3F16102192A30
:10F4400002D8473BD8B27047A3F13002092A01D84D
:10F450000433F7E72B2B04D02F2B14BFFF203F20C2
:10F4600070473E20704770B5054606463078FFF776
:10F47000DFFF34463F2806F10106A4EB050301D85F
:10F480009942F3D8980813F0030318BF03F1FF3330
:10F4900000EB4000184470BD2DE9F04104461746CA
:10F4A000FFF7E1FF3E460546214606F10308A8EBBB
:10F4B0000703013B9D4201F104040CD80323B5FB73
:10F4C000F3F303EB4303EB1A012B30D0022B3AD0BA
:10F4D0002846BDE8F08114F8040CFFF7A9FF0146A7
:10F4E00014F8030CFFF7A4FF890041EA101108F893
:10F4F000031C14F8030CFFF79BFF014614F8020CE1
:10F50000FFF796FF090141EA900108F8021C14F880
:10F51000020CFFF78DFF014614F8010CFFF788FF7E
:10F5200040EA811008F8010C46462146BDE70878FC
:10F53000FFF77EFF04464878FFF77AFFA40044EA0D
:10F5400010143470C4E70878FFF772FF0446487857
:10F55000FFF76EFFA40044EA101434704878FFF7F8
:10F5600067FF04468878FFF763FF240144EA9004AC
:10F570007470ADE72DE9F84300F580480746D8F8E8
:10F58000704C072C8946154603DD00252846BDE84A
:10F59000F88304EB841404F594466936064420226B
:10F5A0000021304613F0D7FA2846F1F771FE3246B3
:10F5B00001462846FFF770FF2028034601D0102897
:10F5C000E3D104F5944568353D4404F5954432464D
:10F5D000012128460934FEF7FDFB2022494638194F
:10F5E00000F03EFAD8F8703C0133C8F8703CCDE723
:10F5F000072908B5034610460AD801EB81111944C2
:10F6000001F594414122683113F00FFC012008BD3F
:10F610000020FCE70729F8B5064615461CD801EB83
:10F62000811444F66827204441222946384413F0C7
:10F63000FCFB0A49102205F1110013F062FAE119EE
:10F6400003466A1C70182BB910230121FEF7C2FB78
:10F650000120F8BD2023F8E70020FAE7F47100202C
:10F6600070B500F59444693400254E1C20222146D3
:10F67000304613F046FA30B10135082D04F141044B
:10F68000F4D14FF0FF35284670BD08B5034610464B
:10F6900003F58042D2F8B0288A4207D9B82202FB8B
:10F6A0000131D03113F0C1FB012008BD0020FCE77F
:10F6B000002070470346104601F5804210B5D2F88D
:10F6C000B0281C68944209DA621C1A60B82202FB56
:10F6D0000411D03113F0A9FB012010BD0020FCE77C
:10F6E00038B5044604F58045FDF749FCD5F8641AA1
:10F6F00059B12046FDF736F838B123682046D3F8D3
:10F70000C43098470023C5F8643AD5F8741C59B141
:10F71000236820461B689847D5F8741C2046FDF7DF
:10F720001DF80023C5F8743C38BD000070B50546CF
:10F73000D2B00B46164610494268684613F020F9CD
:10F740002868694607F0F9FD044690B1296800234E
:10F750006A460AA807F0E7FD0AA807F065FF044615
:10F7600038B10AA93046FDF741FB04460AA807F064
:10F7700013FF204652B070BD684C020830B50446F5
:10F78000D3B00B4615460F494268684613F0F8F8A7
:10F790002068694607F0DDFD216801236A460AA852
:10F7A00007F0C1FD0AA807F03FFF044630B10AA9DF
:10F7B0002846FDF732FB0AA807F0EEFE204653B0BC
:10F7C00030BD00BF684C020800207047806A704757
:10F7D00040697047836953F8210070476FF06043B8
:10F7E000994270B534BF8E004FF0FF360446304664
:10F7F0000D46F6F736FE20602846F6F732FE6060CA
:10F800003046F6F72EFE0023C4E9020523612046A8
:10F8100070BD4B1C30B5024605690DD0002318465B
:10F82000AB4200DB30BD946854F82340641A002CCE
:10F83000D8BF01300133F3E72846F3E71830FFF76C
:10F84000E8BF70B5024604694FF0FF330020FF2582
:10F8500084420ADC002B26DB1168013C51F82300AE
:10F860001461116999420EDC70BD966856F82060EB
:10F87000761A002E05DC5668365CAE423CBF034665
:10F8800035460130E4E7990014680431655844F8BE
:10F8900023505468E5186D78E5549468615844F82D
:10F8A00023100133DDE70020DEE71830FFF7C9BF82
:10F8B0002C30FFF7C6BF02698A4230B5034618DD17
:10F8C0000068013A50F821001A611A698A4200DC86
:10F8D00030BD8A001C680432A55844F821505C6889
:10F8E00065186D7865549C68A25844F82120013150
:10F8F000EBE70020ECE700210430FFF7DCBF183015
:10F90000FFF7D9BF30B5D0E90354AC420CD005683D
:10F9100045F8241041680A550269816841F822308F
:10F9200001320261012030BD0020FCE700231A46AD
:10F930000430FFF7E7BF70B5044618300D46FFF7F7
:10F94000E1FF30B92368294620465B68BDE8704076
:10F95000184770BD70B51346044600222C300D4682
:10F96000FFF7D0FF30B92368294620465B68BDE821
:10F970007040184770BD00002DE9F0410646134B5A
:10F9800046F8043B04460D463046FFF727FF29465C
:10F9900004F11800FFF722FF294604F12C00FFF7BD
:10F9A0001DFF0027AF4202DB2046BDE8F0814FF487
:10F9B0008270F6F754FD8046FEF7E4F800231A46FD
:10F9C00041463046FFF79EFF0137EBE77C4C0208CB
:10F9D000431E0F3013F8012F1AB98342FAD10120C8
:10F9E00070470020704730B5A3B0054604A80C4608
:10F9F00006F05AFB10220DEB0200294606F0BBFC74
:10FA000023780122C3F383030DF10D0104A88DF8BF
:10FA10000D3006F031FC628804F14A0104A806F0BA
:10FA20002BFC02231022009329460DF10E030DEB4F
:10FA3000020006F0B8FCBDF80E3053B90123ADF852
:10FA40000E3004A8BDF80E4006F014FB204623B08B
:10FA500030BD4FF6FF729342F3D14FF6FE73EEE7DF
:10FA600001390244131A012B02D800230370704796
:10FA700011F8013F002BF8D000F8013BF2E7013903
:10FA8000012A02D8002113F066B811F8013F002BBB
:10FA9000F8D000F8013B013AF2E70000024A13787F
:10FAA00043F01003137070470472002038B5044609
:10FAB00040680A490368D3F8B0309847084BA068FB
:10FAC00000251D7003681B6B9847012801D1FFF7C3
:10FAD000E5FFA561A583256238BD00BF9DFA00083A
:10FAE00004720020838B41833F2B82BF00238383DA
:10FAF00003627047034B187800F0EF00431E584232
:10FB000058417047047200202DE9F041174E3478B7
:10FB100014F0100405460F46904616D0406803685E
:10FB20000121DB6E9847041E0DDD686844450368BB
:10FB3000A8BF44461B6B22463946984790B16B6973
:10FB400001336B610024002333703378012B06D01E
:10FB5000686803689B69984708B901233370204699
:10FB6000BDE8F081EB680133EB60ECE70472002044
:10FB7000406808B50368DB6F98474FF47A73B0FBB1
:10FB8000F3F008BD10B50446406803689B6A9847C7
:10FB9000A06803689B699847014B00221A7010BD4A
:10FBA0000472002040680368D3F89C3018470000B6
:10FBB00070B5094E3378DB0604460CD40368DB6B62
:10FBC0009847054638B9236820461B6C984735701E
:10FBD0002583A583256270BD0472002010B5174BE4
:10FBE0001A78838B012A044617D13F2B17D8036854
:10FBF000DB6B984780B9236820469B6C9847F1F7E8
:10FC00008DFAB4F918300D33984205DCA38B01331B
:10FC1000A383236A0344236210BD3F2BFCD9236ACC
:10FC2000002BF9D0B8BF3F3343F38F136FF0770247
:10FC30009342B8BF134623830023ECE704720020ED
:10FC400006490B78024613F0100005D000230B7014
:10FC50001369013313610120704700BF0472002053
:10FC60000739234B2DE9F04153F821800446014622
:10FC700040461546F1F732FAC0BB2846F0F7B2FB12
:10FC80001C4B0022F0F718FC02460B4600201A49D4
:10FC9000F0F75AFA06460F4620464146F0F758FF5D
:10FCA000F0F7B2FB154B0022F0F730FD02460B4691
:10FCB00030463946F0F700FC0F4B002204460D4653
:10FCC000F0F76CFE60B10022002320462946F0F7D1
:10FCD00083FE40B120462946F0F7E6FEBDE8F081FC
:10FCE000054D0024F6E700240025F3E70020F5E7A2
:10FCF000A84C02080000703F0000F03F00002440C4
:10FD0000406808B503681B699847024B00221A70C7
:10FD100008BD00BF04720020F8B50446806803687F
:10FD20005B690D46164698476068036832465F6A0D
:10FD300029460023B84720B9064B03221A70012038
:10FD4000F8BD2046FFF7DCFFA06803689B69984771
:10FD50000020F5E704720020406808B503689B693D
:10FD6000984710B9014B01221A7008BD0472002097
:10FD700038B5B0F91A30054673B10368DB6C9847A3
:10FD8000064B0446002228461A70FFF7E5FF14F1DF
:10FD90000F0018BF012038BD1846FCE70472002090
:10FDA0000846114606291A4601DDFFF759BF002013
:10FDB0007047002070470000F0B51D4F1D4CD7F86C
:10FDC000E03585B0002200921B4A04EA832303EB4E
:10FDD000C12307CA01AD85E80700D7F8E02504EA8A
:10FDE000822203F1FF6602F1FF6106F5F02601F5BC
:10FDF000F021B14218D802F10062013AB24213D3A5
:10FE0000A3F50043DB0A0293F2F718F96946284686
:10FE1000F2F7A6F90446F2F723F9002C14BF6FF0AD
:10FE20000400002005B0F0BD6FF01500FAE700BF38
:10FE30000070FF1F00FCFF03543B02082DE9F04750
:10FE4000204E214FD6F8E04507EA842404F1FF64F0
:10FE500004F5F02414441D4604EBC124F2F7EEF837
:10FE6000804678B9089B23F0070303EB04096FF081
:10FE7000784AA1450AD1F2F7F3F840EA080010F0F9
:10FE8000FF0001D06FF00400BDE8F087D6F8E03540
:10FE900007EA832303F1FF6202F5F022A24202D8AF
:10FEA0005344A34204D2F2F7DBF86FF01500EBE7FE
:10FEB0002146F5E802230120F2F70CF908348046C8
:10FEC000D7E700BF0070FF1F00FCFF0338B51846DE
:10FED0001546049A8BB182B1094B0A4CD3F8E03530
:10FEE00004EA83242C4404F1FF6404F5F02404EBB9
:10FEF000C12112F09AFF002038BD6FF01500FBE71A
:10FF00000070FF1F00FCFF0310B5034B03600446A5
:10FF100007F0BAF9204610BDC84C020810B50446D7
:10FF2000FFF7F2FF20465021F6F79DFA204610BD5C
:10FF300010B50449044607F0AFF9034B236020468F
:10FF400010BD00BF18010020C84C020813B50023E3
:10FF50008DF807309DF80730044603F0FF014BB1E0
:10FF6000204607F0BCF90021204602B0BDE8104051
:10FF700007F0A4B907F0A2F90028F1D002B010BD33
:10FF80000148FFF7D5BF00BF0872002008B502483E
:10FF9000FFF7BAFF08BD00BF08720020028BC08ABD
:10FFA000101A7047C28A018B914288BF01690346CB
:10FFB00083BF885C0132DA824FF0FF307047028BDA
:10FFC000C38A9A4286BF0269D05C4FF0FF30704707
:10FFD000806DD0F8DC302BB100234384D0F8E030C2
:10FFE000D43018477047000070B54FF47A730E464E
:10FFF0000021C0E90113034615462B4A43F8C42BE0
:020000040801F1
:100000000446C0F8C4109C22C3E90111C0E93411B0
:10001000C0E93611C0F8E010283012F09CFDF3B2B0
:100020001A2B19D8214A52F8233006F4E0661E43F1
:10003000EBB21A2BC4F8846022D81C4A52F8233041
:1000400005F4E0651D430023C4F88850E361238470
:100050002361A382204670BD06F0C002C02A0CD1E5
:10006000C72B0AD8124B06F03F0206F4E06653F89D
:1000700022200E4B53F82230D9E74FF0FF36D7E756
:1000800005F0C002C02A0CD1C72B0AD8084B05F0D6
:100090003F0205F4E06553F82220044B53F8223068
:1000A000D0E74FF0FF35CEE7D84C0208A43F020856
:1000B000843F020838B50446283000F081FCE0692E
:1000C00018B112F0BBF90023E361206900252584F3
:1000D00010B112F0B3F92561A58238BD38B50546D7
:1000E000074B45F8D43B0446FFF7E4FF2846F5F7F5
:1000F000C6FE04F1C400F5F7C2FE204638BD00BFBD
:10010000D84C02080123994080F8243000238176DE
:100110004384704738B5838A8B4205460C4609D222
:10012000202938BF20240069214612F0A9FA10B115
:100130002861AC8238BDFEE773B5846D866ED4F855
:10014000CC300546E3B1E28A238B9A4218D331467C
:100150002046FFF7DFFF2069324605F1740112F0F7
:1001600064FE0023E382D4F8CC30268301960BB9D9
:1001700010F07CF8D4F8D03001A904F1C4009847FD
:1001800002B070BDB1F5806F70B505460C4610D851
:10019000038C99420AD920290E4638BF2026C0690F
:1001A000314612F06DFA18B1E8612E84204670BD18
:1001B000FEE70024FAE713B590F824308DF8071015
:1001C00004467BB1418C0131FFF7DCFF40B1638C09
:1001D000E2699DF80710D154638C013363840120D8
:1001E00002B010BD01220DF10701283000F038FCEB
:1001F000B0FA80F04009F3E770B590F82430044677
:100200000E46154693B1418C1144FFF7BBFF10B960
:100210000025284670BD638CE0692A4618443146A3
:1002200012F003FE638C2B446384F2E792B2283011
:1002300000F016FC0028EBD1EBE70346006918B18B
:100240009A8A002112F087BC70470346C06918B132
:100250001A8C002112F07FBC704738B50446C9B92A
:10026000AA23A36594F8BE30012B16D1638CE269F2
:10027000A17E04F1280000F074FC042828BF0420AB
:1002800045B22046FFF7E1FF0023638484F8243061
:10029000E8B238BD4FF42A43E3E70425F8E72DE937
:1002A000F04790F8BEA09DF820509DF82490BAF138
:1002B000010F04460F461646984637D111467F0077
:1002C000FFF728FFFFB2CDB1032D28BF0325013D65
:1002D0000023EDB284F824A0A7766384ED002368A0
:1002E00028FA05F11B68C9B22046083D984715F168
:1002F000080FF4D100212046FFF7AFFFB9F1000F3E
:1003000011D1AA23A36522693346394604F1280096
:1003100000F0C0FB002818BF00260023E3822683DC
:100320003046BDE8F0874FF42A43EBE70026F7E7B5
:1003300007B5019300230093FFF7B1FF03B05DF809
:1003400004FB0123FFF7F4BF0121FFF786BF38B597
:1003500004460025C5820583FFF76FFF65842046AC
:10036000FFF773FF38BD0000F8B50446D0F88400ED
:100370000FF0D8FB00210FF09BFCD4F88420130968
:1003800013F00C0645D103F00F03254D254F55F80A
:10039000231002F00F0257F822300A6993433DD030
:1003A000D4F888000FF0BEFB01210FF081FCD4F8D7
:1003B00088001D4B010911F00C0F1B682CD100F0B7
:1003C0000F021A4C57F82270B3FBF4F3184A0A24B0
:1003D00001F00F016343142655F821C0CCF82870B2
:1003E000D2F804E05468A4EB0E04A342FADCCCF883
:1003F0001870D2F804C05468A4EB0C04A342FADCD1
:10040000013EE9D10FF08EFB3146BDE8F8400FF018
:100410004FBC00231B69FFDEB662FCE7F8BD00BFDE
:1004200008000020CC4002084000002040420F009D
:10043000001000E02DE9F04104460026C682068344
:100440001F460D469046FFF7F8FE6684A6762046C6
:10045000FFF7FBFED4F8DC30C4F8804033B104F180
:10046000D401032208469847C4E93766002384F87C
:1004700024306B0084F825306B1E5D425D4184F8AA
:10048000BE50204684F8BF8084F8C07004F128056F
:10049000FFF76AFF94F825200949284600F0DCF9A7
:1004A00094F8BE304BB92846064900F0B2FB284606
:1004B0000549BDE8F04100F0A5BBBDE8F08100BFF3
:1004C000A0860100D1FF0008390101080A46002377
:1004D0000121FFF7AFBF000002480822C021FFF74B
:1004E00083BD00BF587200200148FFF7F7BD00BF71
:1004F000587200204FF0B04382B09A6D02439A6563
:100500009B6D03400193019B02B070472DE9F04FB2
:10051000874B53F8312082429FB00F4607D103EB3F
:10052000C102D2F80480B8F1000F40F0FD801C2217
:100530008049814C43F837007A4301EB5003B3FB09
:10054000F0F0A318A2589D7E01EB5204B4FBF2FA1E
:10055000DC8A0594059E1C8A1A8B0E9234441494EE
:100560000E9E9C89CDF83CA03444EA1C4243323CA8
:10057000A41A24EAE474059E0694DC89A41BA4F55D
:1005800082740244A21A22EAE272079200FB05F288
:1005900008925A68B1FBF2F215929A68B1FBF2F236
:1005A0001692089A02EB40023232129242420492B0
:1005B000129A00261021821810910B964FF0FF38E6
:1005C00034070E9D1C94059CF1B22C441391129992
:1005D00011946FF00105AAEB0404511A05FB0244C3
:1005E00018940D914FF00009149C0D9DAC4200F23F
:1005F0008A801C9C49EA04041B940024CDE902442F
:100600004B4C04EBC7041D94069C029DAC4270D871
:10061000079CAC426DD3109C139DAC4269D00B9CDF
:100620000134072C0B947FD85C8A039D17941B9C84
:100630002C431A94089C141B0094119C14440C9491
:10064000189C0A9400240194089D009C2C44179D3A
:10065000A5423DD2009C323CB0EB940F38D21A9D9B
:10066000019C2C430C9D1994A2EB0A042C440A9D76
:10067000099596464FF0000C169D0AEB040B5D455C
:100680001AD8159D5D4517D3B3F814B0F34513D8A8
:10069000704511D2DDF824B00F9D1BEA240B38BF42
:1006A000A346AB4508D2199D4CEA05081D9DC5F827
:1006B0000480139DCDE90FB5099DDDF810B00CF550
:1006C000807C5D44BCF5803F0C4409958E44D3D1B9
:1006D000019C049D01340194009C0C4400940A9CEC
:1006E0002C440A940C9C0C440C94019CB4F5807F1F
:1006F000AAD1029C0C440294039C04F58034B4F506
:10070000801F039480D10D9C09F580190C44B9F128
:10071000807F0D947FF468AF04990136091A102E7A
:10072000049102447FF44CAF40461FB0BDE8F08F07
:100730004873002000CA9A3BFC4C020808B52C4BB9
:10074000984216D14020F3F70FFD002846D14FF014
:10075000B0432849D3F888301B0903F4407343F4AD
:1007600040328A4238D001F580718A423BD0B3B31F
:10077000FEE7214B984215D18020F3F7F5FC68BBCA
:100780004FF0B0431D49D3F888301B0903F4406390
:1007900043F440228A421FD001F580618A4222D070
:1007A000EBB1FEE7164B98421FD14FF48070F3F780
:1007B000DBFC98B94FF0B0431249D3F888301B09DD
:1007C00003F4405343F440128A4205D001F58051AE
:1007D0008A4208D01BB1FEE70B4B186808BDBDE884
:1007E0000840F3F71BBC0948F8E70020F6E700BF14
:1007F00000540040000103000058004000040C00B9
:10080000005C004000103000400000200024F40094
:1008100008B50E4B994212D90D4B994207D8006882
:10082000FFF78CFF0121BDE80840FFF76FBE094BC1
:10083000994209D80068FFF781FF0221F3E70068B9
:10084000FFF77CFF0021EEE7002008BDA086010035
:10085000801A060040420F00F8B50F4615460446C0
:10086000002800F09F805049C06DF6F7F5FA4F4917
:100870000646206EF6F7F0FA0146002E00F0928050
:10088000002800F08F803046F6F70DFB206000282E
:1008900000F08880464B984204F1040650D14FF492
:1008A0000010FFF727FE4FF0B0439A6B02439A63A4
:1008B0009A6B22F400129A6341F61E73A4F8643016
:1008C0003C4B1E603949206EF6F7AEFA3649E06DB2
:1008D000F6F7AAFA2368636039462046FFF798FFC7
:1008E0000123C4E902050025C4E9043594F89730D2
:1008F00094F96400A5615B1B18BF0123DB0423622C
:1009000094F8983084F845505B1B18BF01235B04B2
:1009100063622A460221F1F701FA94F96400F1F7C3
:100920002FFA94F965002A460221F1F7F7F994F9B4
:100930006500F1F725FA3046F1F781FE70B3FEE766
:100940001D4B984213D14FF48000FFF7D3FD4FF0B9
:10095000B0439A6B02439A639A6B22F480029A63C3
:1009600042F22013A4F86430124B5E60AAE7134BE6
:100970009842A7D14FF40000FFF7BCFD4FF0B04301
:100980009A6B02439A639A6B22F400029A6343F2D1
:100990003013A4F86430074B9E6093E70223A066EF
:1009A00084F89530F8BD00BFA03E02084C3E020816
:1009B000005400403C73002000580040005C0040A0
:1009C00010B5044690F96400F1F7E8F994F9650070
:1009D000F1F7E4F9201DF1F788FE206E0321F6F708
:1009E00095F9E06D0321F6F791F92368194A9342CE
:1009F0000ED14FF0B0439A6B42F400129A639A6B97
:100A000022F400129A639A6D22F400129A6510BDC6
:100A1000114A93420DD14FF0B0439A6B42F48002D9
:100A20009A639A6B22F480029A639A6D22F4800290
:100A3000ECE70A4A9342EAD14FF0B0439A6B42F492
:100A400000029A639A6B22F400029A639A6D22F470
:100A50000002DBE70054004000580040005C00400A
:100A6000202A30B514D800239CB2A24207D890F8AF
:100A700094301344DBB280F89430002030BD90F8FD
:100A80009440CD5C1C440444013384F87450EBE77B
:100A90000120F3E72DE9F34705460F4690469946B6
:100AA000F0F7FCFC0024D5F830A006460435CDF85C
:100AB00000A04B46424639462846F1F725FF02285A
:100AC00006D1F0F7EBFC841B642CF0D906201FE064
:100AD00008BBF0F7E3FC06462846F2F7E0FD2028C5
:100AE00009D0632C07D8F0F7D9FC841B2846F2F70D
:100AF000D9FD0028F0D02846F2F7D4FD632C0CD89D
:100B000082060AD443070AD4003818BF01208000A7
:100B100002B0BDE8F0870420FAE70520F8E70320DB
:100B2000F6E710B5642304460430F1F7F7FD022818
:100B30000AD0032801D068B910BD94F84530202BA5
:100B40000CBF02200520F7E794F84530202B18BF92
:100B50000620F1E794F84530202B0CBF022004203A
:100B6000EAE72DE9F34704460E4691461F46F0F7A3
:100B700095FC80463FB901223146204602B0BDE8CF
:100B8000F047FFF7CEBFD4F830A000250434CDF8ED
:100B900000A03B464A4631462046F1F741FE022876
:100BA00007D1F0F77BFCA0EB0805642DEFD90620F8
:100BB0001FE008BBF0F772FC06462046F2F76FFD17
:100BC000202809D0632D07D8F0F768FC851B204644
:100BD000F2F768FD0028F0D02046F2F763FD632DA0
:100BE0000CD882060AD443070AD4003818BF012063
:100BF000800002B0BDE8F0870420FAE70520F8E79E
:100C00000320F6E720B119B1C1660430F1F792BFB5
:100C1000704720B119B101670430F1F78BBF7047FD
:100C200070B590F89130012B04460E46A0F10405F2
:100C300009D1436E3BB1836E28469847022384F85E
:100C4000913000236366012E4FF0000312D1E26E53
:100C500084F891301AB184F890302846904794F87F
:100C6000902004F1700120464FF00073BDE8704001
:100C7000F1F79CBE0122636684F89120616E7431A5
:100C8000294420464FF08073BDE87040F1F7F0BE74
:100C900010B590F89130012B044604D1436E13B186
:100CA000836E04389847022384F8913000236366EA
:100CB0002046BDE81040F1F73DBF436E1F2BDEBF5D
:100CC000436E0133436690F89130012BDAB206D1BE
:100CD000416E70314FF080730144F1F7C9BE704727
:100CE000002380F89030704790F892300BB9F1F7FC
:100CF00021BF7047014B1868F1F730BF3C730020EB
:100D0000014B1868F2F7C1BA3C730020014B5868D8
:100D1000F1F724BF3C730020014B5868F2F7B5BAD5
:100D20003C730020014B9868F1F718BF3C7300201A
:100D3000014B9868F2F7A9BA3C7300202DE9F04105
:100D4000104D2F4604468C4690469E46061D0FCFFA
:100D50000FC697E80700069B86E807001C35A362CC
:100D6000079BE3620FCD04F13006C4E9088E0FC67D
:100D70002B683360002363642046C4F800C0BDE8DC
:100D8000F08100BF603B020810B5044600680368AC
:100D90005B6C98472068216A036882689B68984763
:100DA0002068216A03680269DB68BDE810401847C3
:100DB000006803689B6C18472DE9F0410D46194601
:100DC000037C0446407CADF5007DDE08082B5FFA0D
:100DD00085FC06EBD0066389879FD0B295BF40EAB9
:100DE0000C004CEA122C8DF800008DF8010092BF27
:100DF0000DF101008DF800C00DF10200AB423E4440
:100E00003A462CD112F011F8206803685B6B9847C2
:100E10002068216A0368C268DB6898472068036815
:100E20003246D3F83880694640ABC0472068216A13
:100E300003680269DB68984720680368DB6B9847A2
:100E40002389AB4207D1217C869840AB3A4603EB1D
:100E5000D10111F0EAFF0DF5007DBDE8F081A18917
:100E600011F079FED0E72DE9F04FADF5017D044694
:100E70008C9F9DF834A21646D5199946002B55D063
:100E8000684611F0D2FF8A993A460DEB060011F040
:100E9000CCFF20680368BAF1000F05D0E26A013286
:100EA00054D1DB6932219847206803685B6B98470F
:100EB0002068216A0368C268DB6898472068036875
:100EC0000DF58078D3F838B02A4643466946D847AE
:100ED0002068216A03680269DB6898472068036814
:100EE000DB6B9847BAF1000F07D0E26A2068013245
:100EF000036845D1DB6901219847656935B1002F49
:100F00005CD0E37C18F80300A8470546B9F1000F50
:100F100007D1A37C8B9806EBD3013A46414411F0EC
:100F200084FF28460DF5017DBDE8F08F837C68467F
:100F30004FEAD30805EBD30511F077FFA18908EB41
:100F400007020DEB060011F006FEA2E75B6A984768
:100F500080462068E16A03681B6998470028A3D08F
:100F6000206803685B6D9847206803685B6A984750
:100F7000E369A0EB08009842EBD36FF43075D0E73B
:100F80001B6A01219847206803685B6A98470546F9
:100F90002068E16A03681B6998470028ADD0206883
:100FA00003685B6D9847206803685B6A9847E3694C
:100FB000401B9842ECD36FF43075A7E73D46A5E798
:100FC000F0B51E46037987B005460F463BB9CDE91B
:100FD00000620A460189FFF7EFFE07B0F0BD90F905
:100FE000114090F811C0002CB8BF0734E410013C48
:100FF00064B204ABE0001946002C12DA2C7CE40841
:10100000601E40B2B0F1FF3F15D10123CDE90223AC
:1010100000230196009304EBDC022846FFF723FF30
:10102000DBE7B5F808E0013C4EFA00FE03F801EBFF
:1010300064B20838E0E74FEAC00E27FA0EFE03F864
:1010400001EB0138DDE7F0B589B000238DF81730EA
:10105000037904460A465BB9012101910DF117019C
:1010600000910189FFF7A8FE9DF8170009B0F0BDB7
:1010700090F91130467C002BB8BF0733DB10013BE1
:101080005BB206A8DD000146002B13DA257CED08D3
:101090006B1E5BB25F1C15D10123CDE902330DF14C
:1010A000170301930023009305EBD6022046FFF7B8
:1010B000DAFED9E72789013B2F4100F8017B5BB2BB
:1010C000083DE1E7DF0022FA07F700F8017B013B6A
:1010D000DFE7F0B516461A46037987B005460F4696
:1010E00043B9CDE900320A4633464189FFF764FE31
:1010F00007B0F0BD90F9114090F811C0002CB8BFB6
:101100000734E410013C64B204ABE0001946002C43
:1011100012DA2C7CE408601E40B2B0F1FF3F15D11A
:101120000123CDE902230022CDE90062284604EB29
:10113000DC02FFF798FEDBE7B5F80AE0013C4EFA67
:1011400000FE03F801EB64B20838E0E74FEAC00E96
:1011500027FA0EFE03F801EB0138DDE7F0B503795D
:1011600089B004460D468DF8172053B90122CDE908
:1011700000320A460DF117034189FFF71DFE09B041
:10118000F0BD90F91130467C002BB8BF0733DB105F
:10119000013B5BB206A8DA000146002B13DA227C81
:1011A000D208531E5BB25F1C15D1002001230190B1
:1011B0000DF117000090CDE9023302EBD602204674
:1011C000FFF751FEDBE76789013B174100F8017B20
:1011D0005BB2083AE1E7DF0025FA07F700F8017B88
:1011E000013BDFE72DE9F0479DF820A09DF828702E
:1011F0009DF82C901C4643EA0A03072B05460E4631
:10120000904642D8544540D3FFF71DFF631CFF2290
:10121000DBB2CAF1080A02FA03F342FA0AF21343F4
:10122000DB43DBB280EA0802134205D1B9F1000FBB
:1012300002D10020BDE8F08720EA030403EA080396
:101240001C43E4B2224631462846FFF787FF286850
:1012500003689B6A98479DF824804FF47A7381460F
:1012600003FB08F8286803689B6A9847A0EB09030A
:10127000434502D36FF00F00DCE731462846FFF705
:10128000E2FE60400742EDD1D3E76FF00A00D1E7FC
:101290007FB59DF824600396089E9DF82850CDE9FF
:1012A0000136002300930446FFF7DDFD38B935B160
:1012B000A36923B1204604B0BDE87040184704B0CC
:1012C00070BDF0B590F9114090F811C0002CB8BF76
:1012D0000734E41087B0013C64B205AD0F46E60068
:1012E0002946002C0DDA9DF8344002949DF83040D8
:1012F000CDE9003413464FEADC02FFF7C9FF07B01F
:10130000F0BD47FA06FE013C05F801EB64B2083E69
:10131000E7E77FB59DF824600396089E02960026B5
:10132000CDE9003601239DF828500446FFF79BFDC8
:1013300038B935B1A36923B1204604B0BDE8704087
:10134000184704B070BDF0B590F9114090F811C085
:10135000002CB8BF0734E41087B0013C64B205AD7F
:101360000F46E6002946002C0DDA9DF83440029421
:101370009DF83040CDE9003413464FEADC02FFF718
:10138000C8FF07B0F0BD47FA06FE013C05F801EBC7
:1013900064B2083EE7E770B586B000238DF81330DD
:1013A00090F91130427C002BB8BF0733DB10013BB2
:1013B00004465BB205A8DD000146002B16DA0123C6
:1013C000CDE902330DF11303019300230093D208FA
:1013D0002046FFF748FD054628B963691BB19DF813
:1013E00013009847E080284606B070BDE689013BAF
:1013F0002E4100F8016B5BB2083DDEE770B50B468D
:10140000054601F11404303053F8046B40F8046BC6
:10141000A342F9D16A640E1F01F11004286856F83E
:10142000041F036882689B689847A642F6D170BD86
:10143000406C18B970478B4204D018300378002BE9
:10144000F9D118467047F8B50546FFF7F1FF88B1A6
:10145000041D05F12C0605F1400756F8041F00296C
:1014600004DB286822680368DB689847BE4204F101
:101470000404F2D1F8BD00000648074B074A1B6878
:10148000B3FBF2F310B544684B434268121B93421E
:10149000FBDC10BD001000E04000002040420F00C7
:1014A000CBB21A2B09D80F4A52F8233001F4E0606E
:1014B0001843431C18BF0846704701F0C002C02AF9
:1014C0000CD1C72B0AD8084B01F03F0201F4E060B1
:1014D00053F82220034B53F82230E9E74FF0FF3056
:1014E000704700BFA43F0208843F0208704790F88D
:1014F000282008B512B103681B6B9847BDE8084067
:10150000F5F750BAC0690EF049BFC0690EF078BF58
:10151000F8B507460C465D1E8E18B44200D1F8BDE2
:1015200014F8011BF86900220EF06CFF05F8010F9A
:10153000F3E70EF0E4BA4B1C084603D00021C0B21A
:101540000EF002BA7047084611461A46431C02D0F4
:10155000C0B20EF079B97047C0690EF050BFD0E943
:101560000812C0690EF02ABF084611461A46431CED
:1015700001D00EF07FBC002070470EF0E5BC0EF0ED
:10158000E1BC08460EF0E2BC4B1C084601D00EF050
:101590001DBA70471FB5084611461A46431C13D0A2
:1015A0000024CDE90044CDE9024421B1074B039367
:1015B000074B0091029369460EF03AFA029B1BB169
:1015C000694603220846984704B010BD256A000802
:1015D000056A00084B1C084601D00EF00DBC002027
:1015E00070470846431C114601D00EF0CBBB704734
:1015F0000846431C114601D00EF05ABB704710B587
:101600002C210446F4F72FFF204610BD90F8282027
:1016100012B103681B6C18477047000070B586B0A4
:1016200004AD85E80C0004230322CDE90132012238
:1016300000230E4600921946044603F07DFE95E80D
:101640000300064B236004F12003E66183E80300F6
:101650000023204684F8283006B070BD584D02089B
:101660000368D3F8DC3018470368D3F8E030184734
:1016700070472DE9F04385B00F464FF00008012375
:101680000DF10F0240F6E70106468DF80F8002F0DB
:10169000B4FA0446002855D133683046D3F8D83020
:1016A000984704218146FFF7C3FE032105464846BB
:1016B000FFF7BEFE28B165B90E2F47DD6FF00C04B1
:1016C00040E017F1090FF9DB002DF7D007F109030E
:1016D00003E00E2FFBB20EDD0933DBB21F2BEDD87A
:1016E00001250723224600950421304602F066FAC0
:1016F000042304460DE01133DBB21F2BDED8012298
:10170000234600920421304602F058FA454604462A
:10171000032386F85831ACB92946304601F0E7FA80
:10172000044678B90422F9B2304602F0FCFA0446C5
:1017300040B901230DF10F0240F6E701304602F0F7
:1017400055FA0446204605B0BDE8F08307F11103C1
:10175000DBB21F2BB2D8012223460092042130466F
:1017600002F02CFA03230446D3E7000010B502F080
:1017700098FA044605480FF0A8F804480FF099F8C5
:1017800010B102480FF09BF8204610BDA47800204D
:1017900010B5044603480FF095F82368BDE81040E3
:1017A000184700BFA478002001480FF071B800BFAF
:1017B000A478002010B54FF4DE710446F4F753FE10
:1017C000204610BDF0B587B004469DF844E09DF872
:1017D00030509DF834609DF93870BDF83CC0CDF8AC
:1017E00014E0DDF840E0CDF810E0CDE9027CCDE971
:1017F000005600F030F9014628B9204607B0BDE890
:10180000F04003F08FBA07B0F0BD012A02D10160A9
:1018100000207047022A05D0032AF9D0002AF7D108
:101820000260F5E70B680360F2E700001FB50023D4
:10183000CDE90013084B03930848094B029369460E
:101840000EF0ECFF029B1BB1694603220846984745
:1018500005B05DF804FB00BF91170108A4780020D3
:101860000B180108F0B587B004469DF93450BDF857
:1018700038609DF840700497CDE901560F9F0C9D8C
:101880000397009500F021F9014628B9204607B0DA
:10189000BDE8F04003F046BA07B0F0BD10B504460D
:1018A00000F088F9014B2360204610BDC04D0208AE
:1018B0007047000008B5A1F11B030846032B16D89A
:1018C000DFE803F00A0206110B480FF035F808BDF7
:1018D00009480EF0FDFFFAE707480FF00FF880F017
:1018E0000100C0B2F3E704480FF01FF8F7E7BDE8C6
:1018F00008400EF081BA00BFA47800200846A0F18D
:101900001B03032B114601D90EF0D2B9704710B555
:101910002C210446F4F7A7FD204610BD08461D28DB
:10192000114604D81B2810D809D00EF02BBA1E2857
:10193000FBD1B2FA82F1054849090EF0E9BFB2FACB
:1019400082F1024849090EF0CBBF7047A47800200D
:1019500037B504462C20F4F782FD0A4B0A490546A8
:101960000CCBFFF75BFE094B2B601C221E23CDE93D
:10197000003229461D231B222046FFF7DFF92046AF
:1019800003B030BD284F0208A4780020C84E0208DA
:101990004AB116290B466FF00800A8BF16238342F0
:1019A000B8BF034613700931C9B21F298CBF6FF04D
:1019B0000C0000207047000010B5012986B006D049
:1019C00002292BD0C9B16FF0130006B010BD002260
:1019D00003680592194A04924FF0080C0A22CDE9D7
:1019E000022C4FF0120E0722CDE9002E1449D3F835
:1019F000F040144A0923A047E7E7104A036803921E
:101A000010240A22CDE901240F4A04910092D3F850
:101A1000F4400E4A0E4B0A49A047D6E7002302685D
:101A20000393064B02930A210123CDE900310449B7
:101A3000D2F8FC400622A047C7E700BFCDCCCC3F80
:101A40000000D9430000FA4233331C439A9999406D
:101A50000000A04070472DE9F34198469DF83430CE
:101A600001930C9B00930E461746BDF82C309DF851
:101A700024209DF820109DF92850044601F0FEFA1C
:101A800000BB23684146D3F8E83020469847C8B9E0
:101A900023683946D3F8E4302046984790B9236844
:101AA0003146DB6B2046984760B90121204601F0A2
:101AB0001EF938B923685B6D2946204602B0BDE89F
:101AC000F041184702B0BDE8F081F0B585B00E4690
:101AD0009DF83870029711460D9F01971A46BDF880
:101AE000303000930A9B9DF92C50044601F01CFBFA
:101AF00090B923683146DB6B2046984760B90121D5
:101B0000204601F0F4F838B923685B6D2946204679
:101B100005B0BDE8F040184705B0F0BD70B50E4601
:101B20001D4611469DF81430049A044601F070FBDE
:101B300088B923683146DB6B2046984758B90121A4
:101B4000204601F0D4F830B92368294620465B6D61
:101B5000BDE87040184770BD73B50E4611461A4671
:101B60009DF824300193089B00939DF818309DF94F
:101B70001C50044601F062FB90B923683146DB6BD0
:101B80002046984760B90121204601F0B0F838B9E5
:101B900023685B6D2946204602B0BDE870401847B7
:101BA00002B070BD10B54FF4DE710446F4F75BFC73
:101BB000204610BD10B5044600F068FC034B2360BE
:101BC000034BC4F84C31204610BD00BF404F020803
:101BD000304F020870B50C4605461449204616469B
:101BE000EFF772FAF0B112492046EFF763FAC8B185
:101BF0002EB121462846BDE8704003F0F7B8D5F86D
:101C000054112046EEF7A4FF0A4920F00040EFF7F8
:101C10005BFA0028EDD02146284600F0DAFE0028C5
:101C2000E7D070BD6FF00B00FBE700BF000016436C
:101C3000000070440000A0410022FFF7CBBF00006D
:101C4000036873B59B6D1646002205460C469847FF
:101C500090B99EB10B4B04F1090203EB420113F85A
:101C6000123091F9014003F00F021B09002100918D
:101C70002846214603F066F802B070BD042207230F
:101C8000F4E700BF405002080122FFF7D9BF00006F
:101C900030B5074B05460FCB85B06C4684E80F0086
:101CA0002B682146D3F8A0302846984705B030BDB0
:101CB000903B020813B5036800220092DC6940F2F1
:101CC000722202236FF07F41A04702B010BD0000D6
:101CD00030B5074B05460FCB85B06C4684E80F0046
:101CE0002B682146D3F894302846984705B030BD7C
:101CF000903B020882B02DE9F041012906A880E856
:101D00000C000B9C9DF826609DF8277009D00229D5
:101D100075D000294BD06FF01300BDE8F04102B040
:101D200070479DF8188042F2107000FA08F0EEF744
:101D3000C1FF514905460798EFF714F801462846B8
:101D4000EFF7C4F8EFF710FAA8F10503DBB2012BA7
:101D50009DF8283005468BBF08210021112019204D
:101D60000BBB4FEA880304EB4707002EC8EB470282
:101D70000CBF1426002601EB8201DBB2314409B20C
:101D80005A1E0029A8BF521892FBF3F3BDF8242075
:101D90009DF820109BB2083201FB032300EB830067
:101DA00068438008B9E7A8F102039B00DBE7F8006D
:101DB000EEF784FF05463046EEF780FF01462846E1
:101DC000EEF7C8FE0546BDF82400EEF777FF0146A2
:101DD0002846EEF7BFFE0546E000EEF76BFF014632
:101DE0002846EEF7B7FE254904460698EFF76EF849
:101DF00001462046EFF76AF8EFF7B6F98DE79DF850
:101E00001930032B34D8DFE803F002282D300623E5
:101E1000634304330522B3FBF2F39CB23022B4FBDC
:101E2000F2F303EB830000EB800002FB134440005D
:101E3000A4B280B214B10234204480B29DF82430A0
:101E4000C3EBC30203EBC20300EB43000C4B80B2B5
:101E50005843EEF72FFF0B49CCE704EB4404C4F3DF
:101E60004F04DBE76400A4B2D8E704EB4404FAE7CC
:101E70006FF0090051E700BF0000204100007A44E4
:101E800000127A001D24F44308B50846EEF712FF4D
:101E90000249EFF71BF8EFF767F908BD00007A4138
:101EA000036889B2D3F8EC3018470368D3F8DC3004
:101EB0001847D0F85C01704700F00E03062B0BD0DA
:101EC000082B0CD00A2B0CD00138C0B2FD288CBFD7
:101ED0006FF00100002070476FF4307070470248C7
:101EE00070470248704700BF3EFDFFFF3DFDFFFF0A
:101EF000704700002DE9F0428AB004460F4601F019
:101F0000FFFE05AE00230DF11C090128C9E90133CC
:101F1000054607930593B3803DD194F86131042BB6
:101F200035D80433DBB28DF8243094F860318DF865
:101F30001C30D4F868310893B4F86631ADF8143029
:101F400094F86331003B18BF01238DF8173094F8E3
:101F50006431591E4B424B418DF8163094F8623172
:101F6000003B18BF01238DF81830039796E8030053
:101F7000099B0190ADF808100093216899E80C00C6
:101F80008E6F20462946B0470AB0BDE8F082072B85
:101F900008BF0823C7E730BBD4F87001EEF78AFE0C
:101FA00001462148EEF792FF0790D4F87401EEF74E
:101FB00081FE94F87B31089013F0FB0F11D0022BB7
:101FC00003D09A1F534253415B00B4F88021ADF80F
:101FD000142094F87C218DF816208DF817300025F8
:101FE000C3E70123F1E703280ED1B4F89C315BBAB3
:101FF000ADF81C3094F8A3318DF81E3094F89E3162
:102000008DF814300225B0E7022809D1D4F8700108
:10201000EEF750FE01460448EEF758FF0790DEE762
:102020006FF01300B0E700BF00007A4910B50C460E
:1020300059B101F065FE012802D0032803D038B958
:102040002070002010BD0220FAE76FF00200F9E7CF
:102050006FF01300F6E708B5D0F85C010221FFF736
:10206000F2F94FF0FF3008BD37B50D46044690F841
:102070005811D0F85C01FFF7E6F95DB90123CDE90D
:1020800000330023D4F85C011A46D121FFF75BF935
:1020900003B030BD2946204601F014FE0028EDD0E3
:1020A000F6E707B500238AB20093114601F0DCFD84
:1020B00003B05DF804FB1FB50023ADF80C3001231D
:1020C000CDE9003303AA02231221D0F85C01FFF707
:1020D000F8F8BDF80C0040BA80B205B05DF804FB1A
:1020E0002DE9F041002486B0FF270226CDE90274D5
:1020F000CDE9004605462346224640F6E201D0F8E7
:102100005C01FFF76FF8CDE90274CDE90046234684
:10211000224640F6E501D5F85C01FFF763F86FF061
:102120007F41284601F0E5FCD5F85C31186803686A
:102130000A21DB6998472746264601230DF117023D
:1021400040F6190128468DF8176001F056FD9DF8FC
:10215000170000F00100A04001343843082CC7B23A
:10216000EBD12B6802244FF0FF081B6928469847E3
:10217000CDE9014803960096D5F85C0100230122C1
:1021800040F6E201FFF72EF8CDE90286CDE90064C2
:102190000023D5F85C01012240F6E501FFF722F8A3
:1021A000384606B0BDE8F08190F83410022938B501
:1021B000044605D0032911D06FF01805284638BD14
:1021C000D0F85C01FFF73FF9D4F89811204601F0F0
:1021D00090FC0546002384F83430EFE790F858115E
:1021E000D0F85C01FFF72FF90021204601F06BFCCD
:1021F00005460028E2D1D4F85C311868D96A026833
:10220000126990470028E5D0D4F85C31186803685B
:102210005B6D9847EFE7D0F85C3110B5044618685D
:1022200003681B699847C1B22046BDE8104002F020
:102230003BBF10B54FF4DE710446F4F714F92046A5
:1022400010BD036810B5D3F8EC3044F2FF310446FA
:10225000984728B9236820461B69BDE810401847F5
:1022600010BD000010B5044601F04AFD01280ED152
:1022700023682046D3F884309847C3050AD410F069
:10228000800F14BF6FF00E004FF0FF3010BD6FF0E5
:102290001300FBE70048F9E742FDFFFFF7B50546ED
:1022A0000E4601F02DFD012833D12B6828461B690D
:1022B0009847044650BBD5F85C010221FFF7C3F8EC
:1022C000B168284602F0C0FEF1680746284602F0D1
:1022D000BBFE0094234682B2B9B2284601F0C4FC8A
:1022E000044698B92B6844F2FF31D3F8EC30284605
:1022F0009847044650B973680193F3780093B37814
:1023000072783178284601F00BFC0446204603B071
:10231000F0BD6FF01304F9E710B5044601F0F0FCCE
:10232000012812D1204601F023FE10F4004FC0F323
:10233000072018BFA0F58070EEF754F8044B002278
:10234000EEF7BAF8EEF7B0FB10BD0248FCE700BFAD
:102350000000D03F0000A0C12DE9F3411D460368F5
:102360001B6904460F4616469847002846D16DB9AA
:102370002368002EDB6F14BF3146FF2120469847AB
:102380004FF47A7300EB8000B0FBF3F52846EEF7CC
:1023900091FC2D49EEF7E6FC2C49EEF797FDEEF7A0
:1023A000E3FE236800220092D3F81C80014602233A
:1023B00040F272222046C04700BBD4F85C31186856
:1023C00003685B6A98478046D4F85C311868596A9C
:1023D000026812699047A0B10025236820461B6956
:1023E000984718B16FF43073984207D12368D5B17C
:1023F00023682046DB6A98476FF0050002B0BDE80D
:10240000F081D4F85C31186803685B6D9847D4F8A4
:102410005C31186803685B6A9847A0EB0800854246
:10242000D2D20125D9E7D3F8843020469847236BD0
:102430001842DDD123681B6B32463946204602B074
:10244000BDE8F041184700BF00007A4400007A411F
:10245000036810B5D3F894300446984730B110BDE6
:10246000D4F85C31186803685B6D9847D4F85C3128
:102470001868596A0268126990470028F0D02368EA
:102480002046D3F89830BDE81040184738B50446C8
:102490000D4602F0B5FD0022C4F85421C4F86821AD
:1024A000C4F8842140F20162A4F89C212B4A2C4BF1
:1024B00012692360032000230121C4F89F21294AC7
:1024C000C4F84C31C4E95C33C4E96933C4E96C3302
:1024D00084F8503184F85801C4F8603184F86431CC
:1024E000A4F8663184F86C11C4F87831A4F87C3112
:1024F00084F87E31A4F88031C4F8883184F88C31B6
:10250000C4F8903184F89431C4F8983184F89E016D
:1025100084F8A331A4F8AC31C4F8B8316260FF226A
:10252000A26084F8493184F84A3102220423C4E9C4
:102530000423E16010230821C4E90613202040236E
:10254000C4E90803C4F85C514FF480738025C4E9E2
:102550000A534FF400732363204638BD903B0208B2
:10256000885002080024743F10B5032ABDF80840C3
:1025700011D8092980F89C2110D85A1E032A80F806
:102580009D110ED8B4F5007F80F89E310CD2A0F8D2
:10259000AC41002010BD6FF00900FBE76FF00700B1
:1025A000F8E76FF00A00F5E76FF06900F2E7D0F89E
:1025B0005C3170B50446186802680D469668996AE1
:1025C0008268B047D4F85C311868996A0268D668A6
:1025D000C268B047D4F85C31186803680121DB6930
:1025E0009847D4F85C311868996A0268D66802691D
:1025F000B047F5B1D4F85C31186803685B6A984756
:102600000646236820461B699847054688B1D4F8DA
:102610005C31186803685B6A9847801BB0F57A7F65
:1026200008D2D4F85C31186803680A21DB6998473E
:10263000E7E70025284670BD036810B5D3F884305D
:1026400004469847430410D5D4F8B811204601F049
:102650000F0101F06DF950B923682046D3F8EC3032
:10266000BDE8104044F2FF3118476FF0040010BD80
:102670002DE9F047984603681B6904460F46164645
:102680009847002841D194F86131042B3FD9072E97
:102690005BD994F86331012B39D1FD2E58D82368CA
:1026A0003146DB6F2046984723680546D3F82490CF
:1026B0003246434639462046C84730BB20464FF491
:1026C0007A7305EB8505B5FBF3F501F019FBD4F83A
:1026D0005C310646186803685B6A9847053507460B
:1026E000D4F85C31186803685B6D9847D4F85C31A6
:1026F000186803685B6A9847C01B854209D2236843
:1027000020469B6A98476FF00400BDE8F087FF2ED3
:10271000C4E7D4F85C311868596A026812699047B6
:102720000028DDD0032E236809D1D3F88430204659
:102730009847C30703D42046FFF77EFFD0E72368FE
:1027400020469B6ABDE8F04718476FF01D00DCE7A4
:102750006FF00300D9E72DE9F0411E46036886B00B
:102760001B690546884617469847044600283CD111
:102770006FF07F4398453946284618BF46F40076E7
:1027800002F062FC31460446284602F05DFC00235C
:1027900082B2A1B20093284601F066FA044620BB3B
:1027A00002460146284601F0C2FB0446E8B92B6800
:1027B00044F2FF31D3F8EC30284698470446A0B9DC
:1027C000284601F09DFA012813D195F89431019320
:1027D00095F86431009395F8903195F86321B5F838
:1027E0006611284601F028FB0446204606B0BDE8E5
:1027F000F081A8B9FF23049395F87E31039395F8EF
:102800007D31CDE9014395F87C31009395F87B311A
:1028100095F87821B5F88011284601F033FBE3E7FD
:102820004FF0FF34E1E700001FB571B101F0A0FBEC
:10283000C0B2EDF7D7FD0F4B002201F10041EDF7DB
:102840003BFEEEF731F904B010BD0123CDE90033B2
:102850008DF80F100DF10F021521D0F85C01FEF775
:1028600030FD9DF80F00EEF725FA4FF03F41EEF7EF
:1028700079FAE8E70000E03F0121FFF7D5BF30B566
:1028800085B00546144601F03BFA012808D195F8B9
:102890006431012B04D11CB9D5F8900105B030BDCD
:1028A0000023ADF80C300123CDE9003303AAD5F89D
:1028B0005C0102231321FEF704FD14B19DF80D30D5
:1028C00023709DF80C00E9E72DE9F3410546D0F8A7
:1028D0005C010F461646FEF75EFD2B680446D3F8F2
:1028E0008430284698476FF430739C4208D110F426
:1028F000007F18BF6FF00504204602B0BDE8F081EC
:10290000002CF9D143062CD400F03000202814BF4D
:102910004FF000086FF0060800230DF107020121B7
:1029200028468DF80730FFF7AAFF16B1B04228BF3E
:102930003046C2B29DF807303946284601F080F98A
:1029400004460028D8D12B6844F2FF31D3F8EC308C
:1029500028469847B8F1000F0CBF04466FF00604F4
:10296000CAE76FF00608D7E70022FFF788BF73B504
:10297000054608464FF07E511646EEF7E9F84FF04F
:102980007A51EEF7EFF90EF011F9EEF7EDFB4FF09B
:102990007E51C4B23046EEF7DDF84FF07A51EEF7D3
:1029A000E1F90EF0C1F8EEF7DFFBE107C3B25CBF5F
:1029B00004F1FF34E4B2DA075CBF0133DBB201A9F2
:1029C00028468DF804408DF8053001F08BF902B0EF
:1029D00070BD73B5002305460846ADF804300C46BB
:1029E000EEF79CFBA0F286331A2B21D9A0F25F33BD
:1029F000072B28D9A0F20B33082B27D9A0F5EB73AE
:102A0000282B26D9A0F5D7730A2B25D94FF0814161
:102A10002046EEF79FF84FF0814106462046EEF73C
:102A200097F8324601462846FFF7A1FF02B070BD75
:102A3000E122E92301A928468DF804208DF805300C
:102A400001F050F9F2E7D722DB23F3E7C122C523D7
:102A5000F0E775228123EDE76B226F23EAE70000A0
:102A600037B500238DF807300DF10702012340F63A
:102A70008901044601F0C1F8E8B9204601F040F9A7
:102A800001289DF8075018D10D49D4F86801EEF7D8
:102A90005FF80C4920F00040EEF70CFB68B105F040
:102AA000FB0501230DF1070240F6890120468DF850
:102AB000075001F09BF803B030BD45F00405F0E786
:102AC0000000FA436F12833A2DE9F0410229C8B0A1
:102AD00005460E46174606D0032921D06FF0180090
:102AE00048B0BDE8F08190F86431012B03D1D36880
:102AF0000BB1C0F89031D7E9012339682846FFF7B8
:102B00002AFE0028ECD13B68013304BF6FF07F43FD
:102B10003B603B68C5F8983185F834600020DFE7FA
:102B20005368FF2B00F2DD8001F0EAF8012804462B
:102B300015D195F89431019395F8643100933B7960
:102B400095F86321B5F86611284601F075F900285B
:102B5000C6D100230093012240F2012139E0A8B937
:102B60003B79049395F87E31039395F87D31CDE957
:102B7000010395F87C31009395F87B3195F8782125
:102B8000B5F88011284601F07DF9E0E7022818D158
:102B9000D5F870317968642B4FEAC1039BB241F6D6
:102BA000705243F20F700093C9B240F2E14308BF84
:102BB000134640F62F1208BF0246284601F08BF953
:102BC000C5E7032840F09080002344F201020093FF
:102BD0001146284601F048F8002881D102460146F6
:102BE000284601F0A4F900287FF47AAF032C19D00D
:102BF00003463A793968284601F00EF800287FF438
:102C00006FAF2B6844F2FF31D3F8EC302846984779
:102C100000287FF465AF2846FFF722FF00283FF425
:102C20007BAF5DE7284600F0D3FD00287FF458AF66
:102C3000044695F89E31C3F10403A3424CDC002402
:102C4000FB22214609A808940FF085FF05F5DA73E9
:102C5000C5E96C44C5F8B8410DF11C08029305F5AF
:102C6000D873CDE900832846D7E9001208AB079452
:102C700000F030FB00287FF433AF03469DF81C20A2
:102C800008A9284600F0C8FF00287FF429AF0123D7
:102C90008DF81830079B8DF81930D5F8B4318DF8C0
:102CA0001A3006AA032340F28531284600F09EFF21
:102CB00000287FF415AF95F8B471102F28BF1027A6
:102CC0000446A7429DD9E1B2284600F031FE002813
:102CD0007FF406AF0134F4E7284600F00FFE01341C
:102CE000A7E76FF00300FBE64FF0FF30F8E637B5DB
:102CF00000230D468DF807300DF10702012340F641
:102D0000D801044600F079FF70B99DF807306DB125
:102D100043F01E038DF807300DF10702012340F642
:102D2000D801204600F062FF03B030BD23F01E033F
:102D300043F00803EEE737B590F86431012B044601
:102D400002D0002003B030BD00F0DAFF01280546B4
:102D5000F7D100238DF806300DF10602034640F648
:102D60000211204600F042FF0028EBD18DF8070049
:102D70002B460DF1070240F64411204600F03DFFBE
:102D80000028DFD19DF8073043F002038DF80730AB
:102D90000DF107022B4640F64411204600F026FFB5
:102DA000D0E7036810B51B690446984760B9204610
:102DB000FFF7C1FF40B923682046D3F8EC30BDE8E7
:102DC000104044F2FF31184710BD37B500230D46BF
:102DD0008DF807300DF10702012340F236710446E9
:102DE00000F00BFF88B99DF80730012D0CBF03F0F0
:102DF000FB0343F004038DF807300DF107020123B4
:102E000040F23671204600F0F1FE03B030BDF0B55F
:102E100085B0044600F074FF0246002878D1D4F84B
:102E20007031D4F85C010392FF26B3F5966F0296D9
:102E300009D102210423CDE9003140F6B801FEF7A3
:102E4000D1F905B0F0BDB3F5167F4FF002054FF094
:102E50000303CDE900354FF004032ED1182240F2D0
:102E6000D161FEF7BFF90028EBD1CDE90260CDE9D1
:102E700000550423D4F85C011A4640F69B01FEF786
:102E8000B1F90028DDD1CDE9026004270195009752
:102E900002463B46D4F85C0140F6B801FEF7A2F9C1
:102EA0000028CED1CDE90260CDE90075062350227D
:102EB000D4F85C0140F2AC61C1E7082240F2D16174
:102EC000FEF790F90028BCD1CDE90260CDE90055AC
:102ED00002460423D4F85C0140F69B01FEF782F918
:102EE0000028AED1CDE90260042701950097D4F8FF
:102EF0005C013B46102240F6B801FEF773F900284A
:102F00009FD1CDE90260CDE9007506230246CFE7E7
:102F1000002096E7F0B5054685B00F460A24002646
:102F200001212846FFF743FBD5F85C0110224FF43E
:102F300048716B46CDE90066CDE90266FEF740F8C0
:102F40000622694638460FF056FE10B9012005B03A
:102F5000F0BDD5F85C31186803680A21DB69013CD3
:102F6000984714F0FF04DBD12046F0E72DE9F0414B
:102F70000446D0F85C010D4617461E46FDF704FFD7
:102F8000D4F85C311868596A0268D2F8088042683F
:102F9000C047D4F85C311868D96A0268D2F8088052
:102FA0004268C047D4F85C3131484FF401621A825C
:102FB0000122DA74D4F85C314FF440011A712D4AC1
:102FC0005A61C3E90201D4F84C112046FFF7A2FF71
:102FD00040B9D4F85C01FDF7EBFE6FF0010528461F
:102FE000BDE8F08194F8493163B13146204601F0E3
:102FF00012FF0546B0B9002F34D12046BDE8F0419C
:1030000001F0A9BD00212846EEF768F80028ECD0B1
:10301000294641F28832204601F0C6FD05460028C7
:10302000E3D0DCE7236820461B699847204600F080
:10303000C1FF114B9D42D2D18306D0D5002384F825
:10304000493141F288320021204601F0ADFD0546AC
:103050000028C4D13146204601F0DDFE0546002897
:10306000C9D0BCE72046BDE8F04101F071BD00BF0A
:103070001D000D00B91E01083DFDFFFFF7B51D46FF
:10308000264BC0F86831062380F8503100231646DD
:10309000C0F88831224A80F86431FF230F46C0F817
:1030A0006021C0F890319DF824200899A0F866515D
:1030B00001230446FFF75AFF70BB024639462046FB
:1030C00001F053F840BB44223146204601F07AF823
:1030D00010BB236829461B6E20469847E0B911496A
:1030E000204601F08FF8B8B90121204601F01AFE00
:1030F00090B90123009341F60F5241F221030221BE
:10310000204601F06DFC38B923681B6D014620464E
:1031100003B0BDE8F040184703B0F0BD0000FA432B
:1031200009030001000070422DE9FF4117461E46C9
:1031300045F255324CF6CC43C0E95C23324BC0F823
:1031400084311A23BDF8285080F8793140F20963A0
:103150008846A0F87A319DF830200B99A0F880516C
:1031600000230446FFF702FF002849D123684146A7
:103170001B6C20469847002842D1236839465B6C77
:103180002046984700283BD13146204601F018FAE6
:10319000002835D11D49204601F034F880BB236852
:1031A00029461B6E2046984750BB4AF61253ADF88D
:1031B0000C3023680222DB6D03A920469847F8B93A
:1031C000236801469B6C20469847C8B9236801468E
:1031D000DB6C2046984798B9FF21204601F002FE9B
:1031E00070B90125009541F2210341F60F520221E9
:1031F000204601F0F5FB18B92946204601F092FD62
:1032000004B0BDE8F08100BF33331C4300007042BE
:1032100038B50D4611461A4602230446FFF7A6FEAE
:1032200058B9236829461B6C2046984728B9204680
:103230000121BDE8384001F075BD38BD70B586B0DC
:103240000D46164680F8A3319DF82C200A990323D9
:103250000446FFF78BFE88BB1C49204600F0D2FFD6
:1032600060BB0121204601F05DFD38BBCDE90300C4
:10327000CDE901000090034602460146204600F0D9
:1032800001FED8B90B2384F87A31236884F87901D8
:10329000C4F874011B6C0E492046984770B9032E80
:1032A0000ED8092D84F89C610DD8032384F89E3133
:1032B0004FF4807384F89D51A4F8AC3106B070BD12
:1032C0006FF00900FAE76FF00700F7E700007042BF
:1032D0000000FA3E2DE9F04F83469146ADF5297D79
:1032E0001C460020FF22484540F0CA80B048102309
:1032F0000026037047F25B574FF6FF734A4621469C
:10330000C0E90173C66001F015FFC0F3072304F89C
:10331000093004EB09034FF41772587009F10203E6
:103320003146E65409AD11A8059310960FF013FC31
:10333000A0482E60032101F058FF09F10203DA00D2
:10334000063210AB21469B48009501F053FFFF2247
:10335000314620460FF0FFFB9BF89C71032F2ED0C7
:10336000954B0CAA03F1080C18685968164603C659
:10337000083363453246F7D1186899889B79B37151
:10338000022F98BF8D4B3060B18098BF13F807C0F3
:103390002B6802934FF0000388BF4FF0000C1A46D1
:1033A00018460DF130084FF0010A029999427BD17D
:1033B00009920732D208214610A80FF036FD099B6A
:1033C0000293002293B202985B438342114602F1BA
:1033D0000102F7D38BB25B009BB204939BF89E3142
:1033E000BDF90850C1F34E020692C3EBC30203EBD2
:1033F000C20300215B009BB28A460A46002D74DCA2
:103400009BF89E216A4F8DF828906FF0710101FBA7
:10341000023309939BF8A3319BF89C219BF89D11E3
:103420009B0043EAC20343EAD10343F002038DF851
:103430002930BBF8AC311A091B0142EA41128DF860
:103440002B3008238DF82A203B702F22FF23C7E959
:1034500001230026FE6035469BF89E11B14200F222
:10346000AF80059B9BF89C21DB0006339BB2032AAF
:1034700000F27B81DFE812F06D017501A001A2016D
:103480000B5C53401D0145EA13132354130983EACF
:10349000521383EAD20303F0010383EAD2135200EA
:1034A000D2B21A4301301EE718F80010B9B110AFBC
:1034B000DE084FEAD20EBE5D14F80E10DF43D5438E
:1034C00007F0070705F007053E41F6070AFA05F57C
:1034D00046BF2943C9B2A94304F80E100132013096
:1034E000844508BF002001335FE7302D28464FEAAE
:1034F000D306A8BF30200390D843A75D4FF0010C3E
:1035000000F007000CFA00F027EA000703EB0C00BC
:10351000A755C710C043E65D00F007000CFA00F0A5
:1035200026EA0006E6554FF0000C9F1CFE434FF0C4
:10353000010E06F007060EFA06F60DF140084FEAF6
:10354000D20EF81018F80EE007906FEA020808F0A3
:103550000708205C4EFA08FE1EF0010F14BF30432E
:10356000B0434FEAE70618BFC0B2A0550498024422
:10357000029892B290420BD8069A0498524492B2A2
:1035800090429FBF013189B20A468A4688BF92465F
:10359000039E0CF1010C0FFA8CF0864207F1010733
:1035A000C4DC30460230303D18442DB283B225E7EA
:1035B0006073002074730020A83B02087F5102084A
:1035C0009DF82B300139891B23F00C0343EA81035A
:1035D00004220AA938468DF82B3001F0ABFD0DF11D
:1035E00030084FF00009C8F800908DF82C00022137
:1035F0007448CDF83490ADF8389001F0F6FD2822EB
:103600000DEB020143466F48CDF8009001F0F2FD4A
:1036100028220DEB020143466A48CDF8009001F0E4
:10362000E9FDEA08EB43A15C4FF0010E03F007034C
:103630000EFA03F321EA0303A35405EB0E03DA1099
:10364000DB43A15C03F007030EFA03F321EA030353
:10365000A3545D4B029305F1020C05F12A00029B75
:1036600013F8011B02934FEAD1094FEADC0A18F85C
:10367000099014F80A30C9436FEA0C0201F00701FF
:1036800002F0070249FA01F919F0010F0EFA02F2ED
:1036900018BF13430CF1010C14BFDBB29343604518
:1036A00004F80A30DBD105F17203DFF820910293B0
:1036B00005F14A0C0DF1300A19F8011F6FEA0C02EE
:1036C0004FF0010E02F007020EFA02F24FEAD10E9D
:1036D0004FEADC081AF80EE014F80830C94301F08C
:1036E00007014EFA01FE1EF0010F1ABF1343DBB2B1
:1036F000934304F80830029B0CF1010C6345DBD1C5
:1037000000214FF001090BEBD10C4FEAD0089CF8D7
:103710009FC114F808306FEA010EC2430EF0070E85
:1037200002F007024CFA0EFC1CF0010F09FA02F23B
:1037300018BF134301F1010114BFDBB293432029E9
:1037400004F8083000F10100DDD17235ADB2013668
:1037500082E60622534304330522B3FBF2F39BB205
:1037600003E003EB4303C3F34F03302003F12F02C5
:10377000B2FBF0F20A44B4990A60B3FBF0F101EB3A
:10378000810202EB820200FB113352009BB292B223
:1037900013B102331A4492B29BF89E11722313FBA9
:1037A0000123B39A1360B29A0733DB080020136039
:1037B0000DF5297DBDE8F08F5B00D0E703EB4303F7
:1037C000CDE700BF7473002082510208A95102089E
:1037D00070B5464A8AB0034605AC02F1100610687F
:1037E0005168254603C50832B2422C46F7D110680D
:1037F0003F4A286010689288ADF810203D4A029236
:1038000049F28E52ADF8042093F8A3210390002AC8
:1038100093F89D210AA800EB42020CBF3421082135
:1038200032F8142CB2FBF1F20621632AA3F8A4218A
:10383000A3F8A6112AD037D83C2A53D022D81E2A62
:1038400019D8092A1BD92C4921FA02F2D20716D518
:10385000B3F8AC210AA901EB9211B2F5C07F11F8BF
:103860001C1CA3F8A81102F03F01A3F8AA1106D26C
:1038700000200AB070BD232AEAD02F2AE8D06FF0CA
:103880006900F6E73E2A2DD0562AF8D1B3F8AC21CC
:103890000AA901EBD21102F07F0211F8201CA3F853
:1038A000A811A3F8AA21E3E7B2F5C37F13D00ED87D
:1038B000B92A01D0C62AE2D1B3F8AC210AA901EB9A
:1038C0001221D2B211F8241CA3F8A811E9E740F2A2
:1038D00093118A42D3D14FF48472A3F8A821B3F88C
:1038E000AC21DEE73822A3F8A621B1E7B83B0208F5
:1038F00078510208414447480004405010B5B0F8E0
:10390000A631B0F8AA11B0F8A441024603F00100B4
:103910005B0818B1B2F8A80143409BB2994214BFAA
:1039200081EA030008468442F0D3A2F8A63110BD14
:10393000D0F8B4312DE9F34104460E46002B66D091
:10394000FFF7DCFFB4F8A431471EBAB23FB2B7EBC1
:10395000530FA8BFD21A03F0010594F8A331A8BFF2
:1039600017B20135002B56D0AD004FF480584FF000
:103970009841D4F85401EDF7F5F94FF07451EDF793
:10398000F1F9EDF7F1FBD4F8B82194F89E316D020E
:1039900008FB07559A42A0EB050004D29B1ADB07EF
:1039A00058BF00F5807006EB460700BA7F0004237D
:1039B00001900DEB030207F28A31204600F016F960
:1039C00030BB6EB394F89E31B3422BD8D4F8B051CB
:1039D000312D29D8ADB200238DF800306A4602237C
:1039E00007F5627120468DF8015000F0FFF878B9B4
:1039F000D4F8B0315B1BC4F8B031D4F8B431013B1A
:103A0000C4F8B431D4F8B8310133C4F8B831002067
:103A100002B0BDE8F0811A235D434FF4D048A6E719
:103A20007325D8E77225D6E73225D4E730B50446AA
:103A300085B0D0F85C010D460121FDF704FD00239F
:103A4000CDE900330DF10F02D4F85C01AD00012384
:103A500084218DF80F50FDF776FCD4F85C310546D3
:103A6000186803680121DB699847284605B030BD16
:103A70000121FFF7DBBF7FB504460D461646D0F89F
:103A80005C010121FDF7DFFC46B10023CDE90033E5
:103A90001A46D4F85C011946FDF755FC0123CDE91F
:103AA000003303AAD4F85C018DF80C508021FDF797
:103AB0004AFC04B070BD90F84A110122FFF7DBBF49
:103AC0000122FFF7D8BF1FB50B0C8DF80C300B0A85
:103AD0008DF80D300123CDE900338DF80E1003234E
:103AE00003AA8321D0F85C01FDF72DFC05B05DF839
:103AF00004FB1FB50B0C8DF80C300B0A8DF80D3044
:103B000000220123CDE900328DF80E10032303AA11
:103B10008221D0F85C01FDF716FC05B05DF804FBCE
:103B20002DE9F04385B090F860919DF8308006460D
:103B30000D981C4617460D46EDF7BCF81E49EDF7EB
:103B4000C5F9EDF711FBFF2D08BF0225FF2F04BFBC
:103B500009F10D095FFA89F7FF2C08BF0A248DF8D7
:103B60000A400124CDE90044030CB8F1FF0F8DF8A1
:103B70000C304FEA102308BF4FF000088DF80D30CD
:103B80008DF80E000723D6F85C018DF8085002AAC4
:103B900088218DF809708DF80B80FDF7D4FB40B9B2
:103BA000CDE9004403460246C521D6F85C01FDF785
:103BB000CAFB05B0BDE8F08300007A411FB58DF85F
:103BC0000D309DF818308DF80F300123CDE900330A
:103BD0008DF80C108DF80E20042303AA9521D0F83F
:103BE0005C01FDF7B0FB05B05DF804FB08B5D0F84B
:103BF0005C01FDF76EFA002008BD10B504461046C2
:103C00001A460346D4F85C01FDF7DAF9D4F85C01F2
:103C1000BDE81040FDF7BFBB10B586B00E248DF88F
:103C200015300123CDE9013300920B46022205A98C
:103C3000D0F85C018DF81440FDF76BFB06B010BDA9
:103C400010B586B01E248DF815300123CDE901335F
:103C500000920B46022205A9D0F85C018DF81440B1
:103C6000FDF716FB06B010BD1FB55BBAADF80C3002
:103C7000BDF818305BBAADF80E300123CDE9003342
:103C800049BA082352BAADF80810ADF80A2019460F
:103C90000DEB0302D0F85C01FDF755FB05B05DF8B4
:103CA00004FB1FB50123CDE9003349BA0223ADF867
:103CB0000C1003AA1946D0F85C01FDF744FB05B0CF
:103CC0005DF804FB1FB50123CDE9003309BA039168
:103CD000042303AA8621D0F85C01FDF734FB05B06C
:103CE0005DF804FB07B50123CDE900330A46022342
:103CF0009821D0F85C01FDF726FB03B05DF804FBCA
:103D00001FB5FF238DF80F300123CDE900330DF1EE
:103D10000F021121D0F85C01FDF7D3FA9DF80F00D6
:103D200005B05DF804FB30B5012385B0CDE9003363
:103D300004460D468DF80C108DF80D20D0F85C016E
:103D4000022303AA8E21FDF7FEFA08B984F88C51EC
:103D500005B030BD2DE9F0431E4685B090F86C31BA
:103D60009DF83040054688461746A3B190F860019B
:103D70004FF0010909FA00F0ECF79CFFD5F8681143
:103D8000EDF7A4F84FF08341EDF79EF900280446C3
:103D900018BF4C46E4B2012385F86241CDE90033F7
:103DA00003AAD5F85C018DF80C8004238B218DF8D3
:103DB0000D708DF80E608DF80F40FDF7C4FA05B058
:103DC000BDE8F08330B585B00D0C089C8DF80C3043
:103DD000230C8DF80D300123CDE9003308238DF835
:103DE00008508DF80A100D0A8DF80B2064BA0DEBFF
:103DF00003028B21D0F85C018DF80950ADF80E401C
:103E0000FDF7A1FA05B030BD1FB50B0C8DF80C30D5
:103E10000B0A8DF80D300123CDE900338DF80E101B
:103E20008DF80F20042303AA8B21D0F85C01FDF745
:103E30008AFA05B05DF804FB2DE9FF419DF82C805E
:103E40000C464146064617461D46FEF7BEFFB0B972
:103E50009DF828308DF80A300123CDE9003364BA8B
:103E6000D6F85C01ADF80840062302AA8C218DF833
:103E70000B508DF80C708DF80D80FDF764FA04B0CE
:103E8000BDE8F0817FB58DF813309DF828308DF8AE
:103E90000E208DF814309DF820208DF80F2001237E
:103EA000CDE900339DF824208DF810209DF82C20BA
:103EB0008DF8112049BA9DF83020ADF80C108DF81E
:103EC0001220092303AA8C21D0F85C01FDF73BFAEC
:103ED00007B05DF804FB30B585B00546BDF820009D
:103EE0008DF808108DF80A20110A8DF80C301A0A86
:103EF000030A8DF80D300123CDE900338DF8091048
:103F00008DF80B208DF80E0002AAD5F85C018C21EB
:103F1000FDF719FA044638B9D5F85C0106230DF10E
:103F20000902F021FDF7D5F8204605B030BD1FB5D8
:103F30000123CDE900338DF80C108DF80D200223FC
:103F400003AA8F21D0F85C01FDF7FDF905B05DF8FB
:103F500004FB1FB50123CDE900338DF80C1003AA33
:103F60009621D0F85C01FDF7EEF905B05DF804FB91
:103F70001FB50F4B1A889B788DF80E300123CDE9C1
:103F80000033ADF80C20032303AA1421D0F85C0100
:103F9000FDF797F99DF80D309DF80C209DF80E0067
:103FA0001B0243EA0243184305B05DF804FB00BF5F
:103FB000CC3B02081FB50023ADF80C300123CDE93E
:103FC000003303AA02231721D0F85C01FDF779F929
:103FD000BDF80C0040BA80B205B05DF804FB1FB517
:103FE0000023ADF80C300123CDE9003303AA0223EE
:103FF0000721D0F85C01FDF7A6F905B05DF804FBD8
:10400000D0F85C312DE9F0411D682A6804465769F3
:10401000926D0E462846596A9047D4F85C311B6869
:10402000014632462846BC465B69BDE8F041604720
:10403000D0F85C3170B51C68596A226820469569D1
:10404000926D90472B4601462046BDE870401847C8
:104050000368D3F8DC3018470368D3F8E03018471A
:1040600073B505460E46FFF74BFE0128044656D1B0
:1040700000213046EDF728F800283BD0294930468A
:10408000EDF718F8002835D04FF07C513046ECF7AA
:1040900069FE2549ECF75EFDEDF766F8C3B2142B17
:1040A00021D8022B26D9033B112B23D8DFE803F0BC
:1040B0002F2209220A222229222222222B222222F4
:1040C000222D082495F8623185F85041C5F86861C1
:1040D000009395F8613195F8601122462846FFF764
:1040E00039FE02B070BD7D2B13D006D81F2B12D025
:1040F0003E2B12D06FF00700F3E7FA2BFAD106241B
:10410000E0E70924DEE70224DCE70A24DAE70024FA
:10411000D8E70524D6E70324D4E70424D2E76FF0D8
:104120001300DEE70000FF430AD7233C37B50446FF
:104130000D46FFF7E5FD012811D16B1F072B11D8A4
:1041400094F8623184F86051009394F8613194F8E6
:10415000502129462046FFF7FDFD03B030BD6FF02A
:104160001300FAE76FF00800F7E773B505460C4651
:104170001646FFF7C5FD01281ED1231FDBB2042B15
:104180001DD8BEB1062C11D8042C08BF002495F808
:10419000623185F86141009395F8502195F86011DE
:1041A00023462846FFF7D6FD02B070BD082C06D185
:1041B0000724ECE71C46EAE76FF01300F4E76FF022
:1041C0000900F1E773B506460D461446FFF798FD62
:1041D000012814D125F00F0343EA141304F00F044F
:1041E00044EA05118DF804308DF80510022301AA68
:1041F0004FF4E8613046FFF7F9FC02B070BD6FF094
:104200001300FAE737B50C46054600212046ECF7C7
:104210005BFFB0B10C492046ECF74CFF88B10B496D
:104220002046ECF753FEECF79FFF01238DF80700C3
:104230000DF1070240F6E7012846FFF7D7FC03B06F
:1042400030BD6FF01000FAE700000C430000204082
:1042500030B587B005460C46FFF752FD012811D155
:1042600095F89431A1B2A5F86611019395F86431DF
:10427000009395F8903195F863212846FFF7DCFD0F
:1042800007B030BD58BB95F87C31A1B299420A46BF
:10429000A8BF1A461F2AA5F880111ADC172A1ADCB3
:1042A0000F2A1ADC003A18BF01229200FF2085F87D
:1042B0007821049095F87E01039095F87D01029095
:1042C0000020CDE90030284695F87B31FFF7DAFD74
:1042D000D6E70722EAE70622E8E70522E6E74FF0FD
:1042E000FF30CDE737B504460D46FFF709FD68BB43
:1042F00000212846ECF7D4FE60B916492846ECF7B1
:10430000E3FE20B114492846ECF7D4FE18B96FF04B
:10431000650019E00F4D11492846ECF723FD4FF0D9
:104320009841ECF71FFD0E49ECF7D0FDECF71CFFB0
:10433000C4F87401009094F8793194F87A21D4F893
:1043400070112046FFF73EFD03B030BD6FF0130043
:10435000FAE700BF9A99193F0000484300007A44E9
:104360000024F44B37B504460D46FFF7C9FC00287E
:1043700039D0032805D0022810D06FF0130003B005
:1043800030BD25492846ECF79FFE20B12349284639
:10439000ECF790FE38BB6FF06400F0E72049284648
:1043A000ECF792FE0028F6D01E492846ECF782FE74
:1043B0000028F0D01C492846ECF7D4FC01461B48E5
:1043C000ECF784FDECF7D0FE16220146C4F870012C
:1043D0002046FFF719FD0028D1D1204603B0BDE8E3
:1043E0003040FEF714BD10492846ECF7BBFC0146EF
:1043F0000E48ECF76BFDECF7B7FED4F87431C4F857
:1044000070010093014694F8793194F87A2120469E
:10441000FFF7D8FCDFE700BF23DBF93E355EFA3E4D
:10442000CDCCCC3D9A99193F00007A440024744EBB
:10443000F0B589B003AC84E80E0003689DF83860DD
:10444000D3F8CC30049F0DF11F0105469847044670
:10445000002851D1032E9DF81F3002D0B3420FD156
:104460003346E3B92B6803991B6C284698470446EA
:10447000002841D12B6839465B6C284698470CE0F0
:104480002B6828461B69984738B92B683146D3F802
:10449000C830284698470028E2D004462CE0012B7B
:1044A00017D12B689DF80C10D3F8E83028469847B0
:1044B000044608BB2B683946D3F8E43028469847B1
:1044C0000446C8B902469DF814102846FFF74DFE71
:1044D000E3E7022B10D14FF4807300939DF80D2079
:1044E0009DF80C1003232846FEF73EF80028D4D18F
:1044F0009DF80E3085F8A331204609B0F0BD0000CC
:1045000030B585B004AC04E90E009DF82030029C63
:10451000032B07D1036808A9D3F8CC30984718B10A
:1045200005B030BD4FF0FF309DF82030CBB9019D74
:104530001F492846ECF7C8FD68B31E492846ECF72A
:10454000B9FD40B31A492046ECF7BEFD30B31A4915
:104550002046ECF7AFFD002814BF00206FF0650087
:10456000DEE7012BDCD19DF80430053B072B18D882
:1045700000212046ECF7A8FDB0B110492046ECF729
:1045800099FD88B19DF80C30043B042B94BF0020AA
:104590006FF00900C4E76FF06400C1E76FF06500D9
:1045A000BEE76FF00800BBE76FF00700B8E700BF99
:1045B0009A99193F00009643000048430000FF43CA
:1045C00037B505460C46FFF79BFB002840F02B81D2
:1045D0009849C5F884412046ECF7BAFA964920F08C
:1045E0000040ECF767FD002840F0F5809349204635
:1045F000ECF7AEFA904920F00040ECF75BFD0028A4
:1046000040F0EB808E492046ECF7A2FA8A4920F070
:104610000040ECF74FFD002840F0E180894920463A
:10462000ECF796FA844920F00040ECF743FD0028AF
:1046300040F0D78084492046ECF78AFA7E4920F082
:104640000040ECF737FD002840F0CD807F49204640
:10465000ECF77EFA784920F00040ECF72BFD0028BB
:1046600040F0C3807A492046ECF772FA724920F094
:104670000040ECF71FFD002840F0B9807549204646
:10468000ECF766FA6C4920F00040ECF713FD0028C7
:1046900040F0AF8070492046ECF75AFA664920F0A6
:1046A0000040ECF707FD002840F0A5806B4920464C
:1046B000ECF74EFA604920F00040ECF7FBFC0028D4
:1046C00040F09B8066492046ECF742FA5A4920F0B8
:1046D0000040ECF7EFFC002840F091806149204653
:1046E000ECF736FA544920F00040ECF7E3FC0028E0
:1046F00040F087805C492046ECF72AFA4E4920F0CA
:104700000040ECF7D7FC00287DD158492046ECF753
:104710001FFA494920F00040ECF7CCFC002874D186
:1047200053492046ECF714FA434920F00040ECF7D7
:10473000C1FC00286BD14F492046ECF709FA3E49ED
:1047400020F00040ECF7B6FC002862D14A49204630
:10475000ECF7FEF9384920F00040ECF7ABFC0028FC
:1047600059D146492046ECF7F3F9334920F000408F
:10477000ECF7A0FC002850D141492046ECF7E8F9BD
:104780002D4920F00040ECF795FC002847D13D4929
:104790002046ECF7DDF9284920F00040ECF78AFCD0
:1047A00000283ED138492046ECF7D2F9224920F0C2
:1047B0000040ECF77FFCC8B30923D5F8742185F8D5
:1047C0007931009295F87A21D5F870112846FFF7D3
:1047D000F9FA03B030BD1F23EFE71723EDE70F23EE
:1047E000EBE71E23E9E71623E7E70E23E5E71D23A2
:1047F000E3E71523E1E70D23DFE71C23DDE71423BF
:10480000DBE70C23D9E71B23D7E71323D5E70B23DB
:10481000D3E71A23D1E71223CFE70A23CDE71923E1
:10482000CBE71123C9E76FF01300D2E76FF0670001
:10483000CFE700BF9A9999406F12833A9A99B9408D
:104840009A99E94033331B4133333B419A9969418B
:1048500000009C413333BB416666EA4100001C42C4
:104860009A993B4266666A4266669C429A99BB4246
:104870009A99EA4233331C4333333B43CD4C6A436A
:1048800000009C43CDCCBA430080E94337B50029F2
:104890000CBF9423962315468DF803300DF10302C7
:1048A000012340F6AC010446FFF7A0F970B96DB1E1
:1048B000074B1A889B78ADF804208DF8063001AAC2
:1048C000032340F29F212046FFF790F903B030BD4B
:1048D000D251020837B505460C46FFF711FA08B168
:1048E00003281CD1042C1DD8DFE804F004031315A1
:1048F00017000824D5F8743185F87A41009395F8AB
:104900007931D5F8701122462846FFF75BFA03B0DB
:1049100030BD0924EEE70A24ECE70B24EAE76FF048
:104920001300F4E76FF06900F1E770B586B0054653
:104930000E461446FFF7E4F9002838D1082C4CD86D
:10494000E4B2234632464FF4D8612846FFF74EF9C9
:1049500028BBB5F88011E400E4B2A1420A46A8BF22
:1049600022461F2A85F87C411BDC172A1BDC0F2AF4
:104970001BDC003A18BF01229200FF2085F8782145
:10498000049095F87E01039095F87D010290002037
:10499000CDE90040284695F87B31FFF773FA06B061
:1049A00070BD0722E9E70622E7E70522E5E70128CF
:1049B00009D1012C11D831784422284606B0BDE82F
:1049C0007040FFF7FFBB032804D1042C05D13368E6
:1049D000C5F89F316FF01300E1E76FF06800DEE784
:1049E0002DE9F04188B004469DF838800D46174601
:1049F0001E46FFF785F9002845D1012D08D0022D6C
:104A00003AD0002D3DD06FF42F7008B0BDE8F08192
:104A10004FEA88085FFA88F5FF2384F87B510493F6
:104A200094F87E31039394F87D310293002301932F
:104A300094F87C31009394F87821B4F880112B46D7
:104A40002046FFF71FFA0028DFD17FBA022307AA0A
:104A500040F2BC612046ADF81C70FFF7C7F8002893
:104A6000D3D176BA022307AA40F2BE612046ADF840
:104A70001C60FFF7BBF8C8E7B8F1000F18BF0625A8
:104A8000CAE70125C8E7012812D12A1E94F89431FB
:104A900018BF012284F86321019394F864310093D4
:104AA00094F89031B4F866112046FFF7C5F9ACE7E9
:104AB0004FF0FF30A9E770B588B004460D461646A2
:104AC000FFF71EF9002840D1B5B9FF2384F87D51C6
:104AD000049394F87E310195CDE9025394F87C312A
:104AE000009394F87B3194F87821B4F88011204633
:104AF000FFF7C8F908B070BD012384F87D3107AA1B
:104B00004FF4D7612046FFF778F80028F2D19DF8DE
:104B10001C308DF81D60C6F3002223F001031343FF
:104B20008DF81C3007AA02234FF4D7612046FFF707
:104B30005DF80028DED1FF23049394F87E310393BF
:104B400094F87D31CDE90103C8E76FF01300D1E798
:104B50000021FFF7FEB90121FFF7FBB9003940F250
:104B6000FF1218BF0121FFF7A6BFD0F85C01FCF7C8
:104B700045BC37B504460D46FFF7C2F8012810D1F1
:104B800084F89451019594F86431009394F890312D
:104B900094F86321B4F866112046FFF74DF903B08D
:104BA00030BD6FF01300FAE7F0B590F8493185B0E9
:104BB00006460D46174613B14F4805B0F0BD0368D1
:104BC0001B6998473046FFF7F5F9830602D5304652
:104BD000FFF705FA494925F00040ECF76BFA044667
:104BE00030B10121304605B0BDE8F040FDF7DFBC33
:104BF00043492846EBF7ACFF404920F00040ECF772
:104C000059FA002869D13F492846EBF7A1FF3B49F3
:104C100020F00040ECF74EFA002860D13A492846CF
:104C2000EBF796FF354920F00040ECF743FA0028F7
:104C300057D136492846EBF78BFF304920F000402A
:104C4000ECF738FA00284ED131492846EBF780FFBF
:104C50002A4920F00040ECF72DFA002845D12D49D3
:104C60002846EBF775FF254920F00040ECF722FAC3
:104C700000283CD128492846EBF76AFF1F4920F05D
:104C80000040ECF717FAA0BB24492846EBF760FF79
:104C90001A4920F00040ECF70DFA00288CD00723C9
:104CA00038468DF80C30ECF705F81D49ECF70EF995
:104CB000ECF75AFA030C8DF80D300123C6F8887111
:104CC000CDE9003340BAADF80E000423D6F85C01FC
:104CD00003AA9721FCF737FB6FE72346E0E70123A0
:104CE000DEE70223DCE70323DAE70423D8E7052322
:104CF000D6E70623D4E700BF41FDFFFF6F12833ADA
:104D0000CDCCCC3F9A99D93F6666E63FCDCC0C40DE
:104D10009A991940CDCC2C40000040403333534089
:104D200000007A411FB50123CDE900338DF80F1043
:104D30000DF10F029D21D0F85C01FCF704FB05B0DA
:104D40005DF804FB2DE9FF411F4600230D46164682
:104D50008DF80F300DF10F02012340F6E7010446F4
:104D6000FEF74BFFC8B94FF001089DF82820CDF899
:104D700000803B4631462046FEF720FF68B90422FA
:104D8000E9B22046FEF7CFFF38B943460DF10F02D6
:104D900040F6E7012046FEF729FF04B0BDE8F081A8
:104DA00070B586B004460D461646FEF7A9FFB0B9A9
:104DB000CDE9035694F87D31CDE9010394F87C31B7
:104DC000009394F87B3194F87821B4F88011204650
:104DD000FFF758F808B984F87E5106B070BD6FF03F
:104DE0001300FAE70A460121FFF7DABF10B50446BF
:104DF0000846C4F854114FF09841EBF7B3FF4FF059
:104E00007451EBF7AFFFECF7AFF901462046BDE870
:104E10001040FEF757BFF0B5002285B00C46114692
:104E20000546FFF784F800286CD10126CDE900661D
:104E30003346D5F85C018DF8084002AA8A21FCF7B8
:104E400082FA00285ED195F84A31CDE90066002B40
:104E50000CBF202330238DF80830D5F85C01334691
:104E600002AA9321FCF76FFA00284BD103228DF898
:104E7000082095F86021ADF80C00CDE900660D32F0
:104E80008DF809200A22ADF80A208DF80E000723BC
:104E9000D5F85C0102AA8821FCF755FA074688BBC1
:104EA0002B6844F2FF31D3F8EC302846984700973E
:104EB00004463B463A4639462846FEF7D5FE20438F
:104EC00000B2F8B9CDE900607F238DF80830D5F83D
:104ED0005C01334602AA8921FCF735FA90B9D5F86E
:104EE0005C31186803680521DB699847D5F85C31A7
:104EF0001868D96A02681269904728B9D5F85C0128
:104F0000FCF749FA05B0F0BDD5F85C3118680368C4
:104F10005B6D9847EAE76FF0180070476FF0180074
:104F200070476FF018007047036800215B691847ED
:104F30006FF0180070476FF0180070476FF018009E
:104F400070476FF0180070476FF0180070476FF0EF
:104F5000180070476FF01800704784B004A800E98B
:104F60000E006FF0180004B070470020704700007A
:104F7000004870470000C8C182B08DE80C000020D6
:104F800002B07047002070476FF0180070476FF054
:104F900018007047002070477047704770476FF0E7
:104FA0001800704730B585B00025CDE902558DF861
:104FB00008300368CDE90012D3F8D0306A460321E7
:104FC0000446984720B923682046D3F8D430984740
:104FD00005B030BD1FB50293069B03930368CDE96E
:104FE0000012D3F8D0306A4602210446984720B90F
:104FF00023682046D3F8D430984704B010BD000091
:1050000038B5104B03604FF07E53002504464360D3
:1050100001238360C0F8445180F848512946282272
:105020000C300DF098FD65634FF48072294604F151
:1050300038000DF090FD84F84051C4E94E552046EB
:1050400038BD00BFE0510208002330B51A460125E3
:105050000C3005FA03F40C4204D050F823401F2C06
:1050600018BF22430133202BF3D1104630BDF7B5D2
:1050700006460C46A9B101AF002533683046D3F887
:10508000A43098470135EDB2042D07F8010BF4D197
:10509000019B1BBA002BB8BF5B4293FBF4F204FBED
:1050A0001234204603B0F0BD38B590F848310446BC
:1050B0009BB9D0F8382141EA4201D0F84421C0F828
:1050C00038111140D0F83C21914205D1012280F8DD
:1050D000482180F83530C38638BD90F8362094F8E2
:1050E00035300244012592F838009D40B9B128437B
:1050F000C0B2591CC9B2082982F8380084F83510AA
:10510000EAD100F0FFF894F83630E218013382F863
:10511000380084F83630002384F83530DCE720EAA4
:105120000500E6E7082202700022C0E90122C26001
:10513000028270472DE9F843002684684FEAC208CE
:1051400005460F463246B04510D1EB6884EA0300AD
:105150006B7C13B1297800F0D5F82A784FF0FF3333
:10516000C2F12002D3401840BDE8F88373070CD188
:105170002B7CB85C02F1010913B1082100F0C2F8E0
:105180002B78083B984044404A462B78013B24FA50
:1051900003F313F0010F18BF6B684FEA440418BF04
:1051A0005C400136CFE700000148FFF7BBBF00BFFE
:1051B0006073002070B500254FF4807604460580AA
:1051C00045600572324629460C300DF0C4FC32466B
:1051D000294604F586700DF0BEFC8422294604F5AC
:1051E00003700DF0B8FC204670BD002303704170C1
:1051F000704700002DE9F74F019200296CD0002B79
:105200006AD0002296461546019CA54212D1690734
:1052100008D04178032904BF110C03F8011B110ABF
:1052200019705A700C9B0BB1C3F800E0002003B05A
:10523000BDE8F08FEC0890F8018011F804C0284C0C
:10524000284EEF4307F00707B8F1020F4CFA07FCAE
:1052500008BFA2460CF0010C047818BFB246CCF18E
:1052600001064FEA940B6FEA04094FEA860609F03B
:105270000309F6B206EBC9065AF82B904FF0020A62
:1052800029FA06F61AFB04C40CBF4FF010094FF0C0
:105290004009B4FBF9FC09FB1C4406F00F0604703E
:1052A00007FB08F705F00704BE40072C42EA060298
:1052B0000CD1B8F1030F04BF140C03F8014B1C46CA
:1052C000160A04F8026B5A7023460022447874448C
:1052D0001FFA84FE013597E74FF0FF30A7E700BFC4
:1052E000BC520208CC52020808B50448FFF762FF1E
:1052F000034B00221A705A7008BD00BF787300205B
:10530000747300200023F0B50446012518464E1E94
:10531000DAB2914200D8F0BD05FA03F22240DA4039
:10532000F71ABA4010430133F2E7704770477047ED
:10533000084670477047000010B5C0E90223029B81
:105340000361039B4361049B8361044B044C1A6813
:10535000C0E9004102B9186010BD00BF0876002006
:10536000145302081020704710B5064B0446B021B4
:1053700040F80C3B00F0CFFA204600F085F82046BC
:1053800010BD00BF7C53020810B50446FFF7ECFFC8
:105390002046BC21F1F767F8204610BD102AF8B569
:1053A0004AD100F10C0301F1100251F8044B43F80B
:1053B000044B9142F9D100F1180400F1B80601251F
:1053C0000423042B04F1040722D12A46214638463F
:1053D00000F084FA237914F80C2CE17953402371FE
:1053E00014F80B2C63795340637114F80A2CA379D9
:1053F0005340A37114F8093C01355940EDB2002324
:105400000133B742E171DBB23C46DAD10120F8BD8D
:1054100014F80C1C22784A40227114F80B1C627894
:105420004A40627114F80A1CA2784A40A271E178DD
:1054300014F8092C5140E3E70020E8E710B50446D2
:1054400000F014F8044B23600A23237104F10C03C9
:10545000A360204610BD00BF7C5302081020704797
:10546000017980680131090100F055BA10B5044690
:1054700000F04AFA034B236000232371A360204607
:1054800010BD00BFA453020810B5034B03600446CF
:1054900000F040FA204610BDA4530208184B0A78C9
:1054A0009A5C02704A799A5C42708A7A9A5C82703D
:1054B000CA7B9A5CC2700A799A5C02714A7A9A5CD9
:1054C00042718A7B9A5C8271CA789A5CC2710A7A4C
:1054D0009A5C02724A7B9A5C42728A789A5C827207
:1054E000CA799A5CC2720A7B9A5C02734A789A5CA7
:1054F00042738A799A5C8273CA7A9B5CC3737047E1
:10550000D7540208184B0A789A5C02704A7B9A5C5E
:1055100042708A7A9A5C8270CA799A5CC2700A79FF
:105520009A5C02714A789A5C42718A7B9A5C8271B9
:10553000CA7A9A5CC2710A7A9A5C02724A799A5C57
:1055400042728A789A5C8272CA7B9A5CC2720A7BC7
:105550009A5C02734A7A9A5C42738A799A5C827383
:10556000CA789B5CC3737047D7530208F0B50E78B6
:1055700091F801C08D78CF78F40904EB44044FEA28
:10558000DC1104EBC40401EB410184EA46048CEA1B
:10559000050E01EBC101E4B287EA0E0E81EA4C016F
:1055A000C9B2EB0984EA0E0E81EA0E0EFA0903EB8A
:1055B000430303EBC30302EB420280F800E086EAF8
:1055C000050E83EA450387EA0E0E86EA0C0602EB17
:1055D000C202DBB282EA470281EA0E0177407540DF
:1055E000D2B259406C407B4053406240417083705E
:1055F000C270F0BD2DE9F041846888B0531E0D469D
:10560000671E0F326E4613F8011F17F801CF934241
:1056100081EA0C0106F8011BF5D1077910343E46EA
:10562000A046012E1BD87B1E002FDBB24FEA0313CE
:1056300008BF00231C44694604A8FFF72FFF013D63
:10564000631E0F3413F8011F10F8012BA34282EAE6
:10565000010205F8012FF5D108B0BDE8F08104A8DA
:105660006946FFF71BFF01466846FFF77FFF05A964
:1056700001A8FFF77BFF06A902A8FFF777FF03A8A1
:1056800007A9FFF773FF08F1FF336A4608F10F001F
:10569000117813F801CF81EA0C01834202F8011B53
:1056A000F6D1013E08F11008F6B2BAE72DE9F04F45
:1056B00091F800B04E78CF788D784FEADB1303EB8A
:1056C000430303EBC30387B083EA4B03DBB20193CD
:1056D000F309FA0903EB430303EBC30302EB4202B2
:1056E00083EA460302EBC20282EA4702DBB202937C
:1056F000B409D3B2484A03934FEA971C145D12F8D9
:105700000CC084EA8604E3B28CEA870C04935FFA47
:105710008CF34FEA5B1CAC0912F80CA005934FEA1E
:10572000561C4FEA9B1912F80C80145D12F8099070
:10573000019B4FEA551C84EA850412F80CE04FEAFD
:10574000571CE4B212F80CC086EA05027A405A40AF
:10575000029B88EAC6085A405FFA88F88AEACB0AB0
:105760008EEAC50E62405FFA8EFE5FFA8AFA8CEA14
:10577000C70C89EA8B0988EA02025FFA8CFC8AEA84
:1057800009098EEA0202E9095FFA89F98CEA020244
:1057900089EA020201EB4101027001EBC1018BEACF
:1057A00005027A4081EA4501C9B25340049A4B4050
:1057B0005340059A53408AEA030388EA03038EEABA
:1057C00003038CEA03038BEA060643707740039BCE
:1057D000039A79405940019B75406B405340049AAD
:1057E0005340059A4C40534088EA04048AEA030A6D
:1057F0008EEA040488EA0A088CEA04048EEA080E99
:1058000089EA04098CEA0E0C80F8029080F803C043
:1058100007B0BDE8F08F00BFCF5302082DE9F04379
:105820008468077989B00D4604EB07146946531E56
:10583000661E0F32894613F8010F16F801CF934206
:1058400080EA0C0001F8010BF5D1494604A8FFF7E6
:1058500059FE3E46A046012EA8F1100819D87B1E1D
:105860006FF00F02DBB2002F02FB03F308BF00232F
:105870001C44A21804AB013D12F8010B13F8011BE4
:10588000A24281EA000105F8011FF5D109B0BDE887
:10589000F08304AA434608F11000117813F801CBF5
:1058A00081EA0C01834202F8011BF6D104A94846A3
:1058B000FFF7FCFE05A901A8FFF7F8FE06A902A85C
:1058C000FFF7F4FE07A903A8FFF7F0FE013E4946E3
:1058D00004A8FFF717FEF6B2BDE7000030B5084B8D
:1058E0004C78084D1C5DAA5C544004708A789A5C20
:1058F0004270CA789A5C82700A789B5CC37030BD33
:10590000D7540208C4530208014B0360704700BF1C
:10591000E0550208704701440023884200D17047D7
:1059200000F8013BF9E730B502440023904204D16E
:10593000C3F58070C0F3002030BD10F8014B11F8A2
:10594000015B6C402343F1E72DE9F0419CB0164F19
:10595000164B4FF009080546082603A8CDF800802D
:1059600010220C4601F05EF93B46424613A903A8FB
:10597000009601F057F9334603AA2146204601F06C
:10598000E7F833463A462146284601F04DF93346BA
:105990003A462946284601F047F9642103A8FFF753
:1059A000BAFF1CB0BDE8F081245602080056020878
:1059B00038B514460546402320460A46102101F01A
:1059C000AEF80023236421462846BDE83840FFF79F
:1059D000BBBF2021FFF79FBF2DE9F0410D46A0B0CE
:1059E00000F12008044605F12006024641466846BB
:1059F00001F044FA2A46314610A801F03FFA10AAF5
:105A00006946684601F0D6F92246414608A801F0E9
:105A10001EFA2A46314610A801F019FA08A904F125
:105A2000600610AA084601F0C5F905F1600231468A
:105A300010A801F0BFF910A904F140070846224A56
:105A400001F0C8F905F14002394618A801F0B2F991
:105A500018AA1146104601F0FAF96A4608A930461C
:105A600001F00CFA10AA18A9384601F007FA18A993
:105A700010AA084601F0EBF908A96A46084601F0A9
:105A8000E6F93A463146204601F094F908AA18A9E9
:105A9000404601F08FF918AA3946384601F08AF9D4
:105AA00008AA3146304601F085F96846FFF791FFB4
:105AB00008A8FFF78EFF10A8FFF78BFF18A8FFF7C5
:105AC00088FF20B0BDE8F081C45602082DE9F041FE
:105AD000064690B001F140080D464246014606F1E7
:105AE0004007684601F066F93A46294608A801F0E1
:105AF00061F920220DEB02016846FFF714FF4246D0
:105B000006F120010446684601F054F93A4605F1D1
:105B1000200108A801F04EF920220DEB0201684691
:105B2000FFF701FF04406846FFF753FF08A8FFF79F
:105B300050FFE4B2204610B0BDE8F0812DE9F041FD
:105B4000044600F120060A46202388B0082130468A
:105B500000F0E5FFE36B334DDF0F04F1400823F065
:105B60000043E363424605F1200C2B4603CB63451B
:105B7000106051601D4602F10802F6D104F1600583
:105B800032463146284601F015F94246294620465C
:105B900001F074F9244A2946284601F01BF94246CF
:105BA0002946284601F053F92946684601F0EBF9E9
:105BB0006A462146284601F0FDF86846FFF709FFCE
:105BC000236E2A4604F17C0152F8040F8A4243EA0C
:105BD0000003F9D15BB91FB1002008B0BDE8F08126
:105BE0002022394620460CF0B6FF0120F5E7294671
:105BF000204601F0F3F90028EED0236803F00103FA
:105C0000BB4209D02022002128460CF0A4FF2246E6
:105C10002946204601F032F932462146284601F055
:105C2000C9F8E2E764560208E45602088021FFF74B
:105C300072BE00002DE9F04FC5B005460291144632
:105C400000218022019301260CF085FFFF232E62A4
:105C50002E6400934FF0000A04F12008029B53F8D1
:105C60002A70019B37400BB9002F7BD005F120092A
:105C70002A46494604A801F001F92246414614A8E3
:105C800001F0FCF804A9084614AA01F093F82A468A
:105C900049460CA801F0DBF82246414614A801F061
:105CA000D6F80CA9084614AA01F084F805F160039F
:105CB000194604F1600214A8039301F07BF814A9BB
:105CC00008466E4A05F1400B01F084F804F14002E9
:105CD00059461CA801F06EF81CAA1146104601F0A6
:105CE000B6F804AA0CA93CA801F0C8F814AA1CA98B
:105CF00034A801F0C3F81CA9084614AA01F0A7F8BB
:105D00000CA904AA084601F0A2F8019B34AA3CA9F8
:105D1000002B00F09F8024A801F04CF80CAA1CA9CD
:105D20002CA801F047F834A908461CAA01F042F853
:105D30003CA908460CAA01F03DF824AA2946384699
:105D400001F0CAF82CAA4946384601F0C5F834AA31
:105D50005946384601F0C0F83CAA05F160013846C2
:105D600001F0BAF82246414604A801F087F804AAD7
:105D70001146104601F01EF8224641460CA801F0DB
:105D800066F80CAA04F160071146104601F012F8FB
:105D90003A46394614A801F00DF814A904F1400957
:105DA0000846364A01F016F84A4649461CA801F052
:105DB00001F81CAA1146104601F049F804AA0CA9E2
:105DC000384601F05BF814AA1CA9484601F056F8C1
:105DD0001CA9084614AA01F03AF80CA9084604AA1E
:105DE00001F035F84A463946204600F0E3FF0CAA98
:105DF0001CA9404600F0DEFF1CAA4946484600F0B8
:105E0000D9FF0CAA3946384600F0D4FFB6F1004F4E
:105E100004BF0AF101035FFA83FA009B03F1FF3329
:105E200014BF7600012613F0FF0300937FF416AF32
:105E300024A8FFF7FBFE04A8FFF7CBFD0CA8FFF793
:105E4000C8FD14A8FFF7C5FD1CA8FFF7C2FD45B0AB
:105E5000BDE8F08F284600F0ADFF0CAA1CA948460B
:105E600000F0A8FF1CAA34A9584600F0A3FF0CAA12
:105E70003CA905F1600000F09DFF73E7C4560208DD
:105E8000F0B5174D944606460F460FCDA1B06C46AF
:105E90000FC495E80F00134D84E80F000FCD08AC38
:105EA0000FC495E80F00104D84E80F000FCD10AC23
:105EB0000FC495E80F000D4D84E80F000FCD18AC0E
:105EC0000FC495E80F0084E80F0063466A46394620
:105ED0003046FFF7AFFE6846FFF7A8FE21B0F0BDE1
:105EE000A456020884560208645602084456020862
:105EF000F0B5ADF5397D0D46044680A816461F461F
:105F000000F0CEFA29466846FFF718FE98B900243B
:105F10006846FFF78BFE20A8FFF788FE40A8FFF732
:105F200085FE60A8FFF782FE80A800F09FFA204659
:105F30000DF5397DF0BD214620A8FFF7FFFD0028B3
:105F4000E5D080A800F076FA2146202280A800F053
:105F500009FD2022294680A800F004FD3A4631467A
:105F600080A800F0FFFC002292A980A800F039FD73
:105F70002023E218082178A800F0D1FD002278A99A
:105F800040A8FFF77DFF60AA92A958A8FFF710FD6F
:105F900000236A4658A960A8FFF74CFE60A920A814
:105FA000FFF71AFD20A940A8FFF790FD0446AFE7D0
:105FB00005494FF40052A0F880200022C0E92121B9
:105FC000A0F89C20704700BF80EE360010B540213D
:105FD0000446FFF7A0FC40216018FFF79CFC204618
:105FE00010BD00000148FFF7E3BF00BF0C760020A2
:105FF0000148FFF7EBBF00BF0C7600202020704760
:10600000402070470E4A0F4B0F49DFF840C0C0E9EF
:1060100002230F4BC0E904130E4BC0E906C30E4B1D
:10602000036203F17453A3F52303A3F6924343627F
:10603000002380F8703000220023C0E91A23704743
:1060400067E6096A85AE67BB72F36E3C7F520E51FC
:106050003AF54FA58C68059BABD9831F10B5044654
:1060600070210830FFF757FC236820461B69BDE804
:106070001040184710B5064B0446702140F8083B05
:10608000FFF749FC204600F0E9FF204610BD00BFA5
:106090000C57020810B50446FFF7ECFF20467821A4
:1060A000F0F7E1F9204610BD10B5044600F0D0FF2E
:1060B000024B23602046FFF7A5FF10BD0C570208D6
:1060C0002DE9F04F00F124058BB000F164072B4659
:1060D00053F8042F12BA9F421A60F9D183680293D1
:1060E000C368039303690493436905938369069323
:1060F000C3690793036A0893436A0993DDE908B803
:10610000DDE9061CDDE904E9DDE90246594B0193AE
:10611000019B55F804AF53F8042B01934FEAF12388
:1061200083EAB113524483EA7163134401EA0C0A0F
:106130002BEA010282EA0A02134486EA0E02434471
:10614000224006EA0E0882EA08024FEA743888EA1A
:10615000B40888EAB4589844AF424B444244F146EC
:10616000D84678D110250195019D0F3D05F00F050A
:106170000A3550F825A0019D023D05F00F050A35AE
:1061800050F82590019D05F00F08073D05F00F051B
:1061900000EB88080A35D8F8287050F825503D449F
:1061A0002F464FEABA4585EAFA1585EADA054FEA3D
:1061B000F94A8AEA794A8AEA992A3D4455444FEADB
:1061C000F329C8F8285003EA010A89EAB3192CEA2E
:1061D000030889EA736988EA0A08C844254FDDF88C
:1061E000049057F82970B844A84408EB0B054FEA0F
:1061F000723984EA060889EAB20908EA020804EA60
:10620000060A89EAB25988EA0A08C844A84405EB94
:106210000E09019D0135402D0195B646E34621D179
:10622000029D45448560039D1544049AC56022443F
:106230000261059A32444261069A4A448261079A91
:106240001A44089BC2610B440362099B6344436286
:106250000BB0BDE8F08FE346B6468C46264619469D
:10626000144655E78C462646194614464B46424688
:106270007AE700BF345702082DE9F84315468946EE
:10628000D100D0E91A325B1842EB5572C0E91A32DC
:10629000044600F128074FF000080DB9BDE8F88367
:1062A00094F87000C0F14006F6B2AE4288BFEEB27C
:1062B0004946324638440CF0B8FD94F87030334407
:1062C000DBB2402B84F87030A5EB0605B144E4D175
:1062D0002046FFF7F5FE84F87080DEE7F8B500F1A0
:1062E000280590F8703017468022EA5490F8702004
:1062F000372B04460E4602F101002FD8C2F13702B7
:10630000002128440CF027FCA36E19BAE36E1A068C
:10631000180A42EA136200F47F401B02024303F4AE
:106320007F031343C4E918312046FFF7C9FE231D3C
:1063300004F1240153F8042F12BA8B421A62F9D1E6
:10634000236820469B689847B8420246294628BFE2
:106350003A463046BDE8F8400CF067BDC2F13F0256
:10636000002128440CF0F7FB2046FFF7A9FE382255
:1063700000212846C6E713B513463622044600928C
:106380000A4600F1280100F06AFED4E91A3213F53A
:10639000007342F100022046C4E91A3202B0BDE89F
:1063A0001040FFF78DBE2DE9F04106461D4656F818
:1063B000283B8AB00F46904602A99B6920220446DA
:1063C00098475C23314600933A464346204600F006
:1063D00046FED4E91A2312F5007243F10003C4E922
:1063E0001A232046FFF76CFE23685E699B68984776
:1063F00002A902462046B0472368109A9B692946A5
:1064000020469847202102A8FFF785FA0AB0BDE888
:10641000F081402070478020704710B50446D82195
:106420000830FFF778FA236820461B69BDE8104062
:106430001847000070B50C4D034600F1080405F143
:1064400040062A4603CAB24220606160154604F144
:106450000804F6D1002000210022C3E93201C3E97B
:10646000340183F8D82070BDE85A020810B5064BF5
:106470000446D82140F8083BFFF74DFA204600F0CB
:10648000EDFD204610BD00BF3C58020810B5044683
:10649000FFF7ECFF2046E021EFF7E5FF204610BDB7
:1064A00010B5044600F0D4FD034B23602046FFF7EF
:1064B000C1FF204610BD00BF3C5802082DE9F04F37
:1064C000A1B000F1C00300F1400104930B4653F862
:1064D000082F5C6812BA24BAC3E90042049A9A42AF
:1064E000F5D183680E93C3680F93036910934369D2
:1064F000119383691293C3691393036A1493436AD4
:106500001593836A1693C36A1793036B1893436BAF
:106510001993836B1A93C36B1B93036C1C93436C8B
:106520001D931D461C9E1A9B0B931B9B0C93189B43
:106530000793199B0893149B0D93159B1E93129B15
:106540000993139B0A93109B0593DDE916AB119BEE
:106550000693DFF83C830E9BDDF83C9001934FEAF5
:106560009A324FEA9A4747EA8B3742EA8B427A409F
:106570004FEA9B344FEA9B434FEACA5743EA8A33B8
:1065800047EA5B2744EA8A44D8E900EC5C407A4059
:106590004FEACB5351F8087F43EA5A235C404B68DB
:1065A0001EEB07074CEB030C0B9B23EA0A0E0C9B1C
:1065B000D21923EA0B07079B44EB0C04DDF820C03B
:1065C0000AEA03030BEA0C0C8EEA030387EA0C07C2
:1065D000D31844EB07049B1945EB0404059A099D65
:1065E000DDF828C0DDF804E082EA0507069A0A9D76
:1065F00082EA0506019A099D1740059A1540069AF8
:1066000006EA090602EA0C025640019A6F404FEA78
:1066100019754FEA127C45EA02154FEA897242EA7F
:106620009E024FEA8E7E4EEA990E55404CEA091CB6
:10663000019A8CEA0E0C4FEA496E4EEAD21E5206BF
:1066400042EAD9128CEA020212EB030C0D9A85EA97
:106650000E0544EB05059B181E9A44EB02041CEB47
:106660000702029245EB06020392099A0D920A9ADA
:106670001E92049A8A42DDE90B6508F1080840F091
:106680004C8110220492049AA2F10F0101F00F0133
:10669000093100EBC10250F83110D2F804E0049A3D
:1066A000023A02F00F02093200EBC20550F8322024
:1066B0000D92049AD5F804C0D61F02F00F0706F019
:1066C0000F0600EBC7070936BA6C00EBC60550F899
:1066D00036606D68B618FA6C45EB02024FEA5E054B
:1066E0001E924FEA510845EAC1720D0A1F9248EA0C
:1066F000CE7845EA0E624FEA1E2588EA020845EA8E
:1067000001651F9AC90941EA4E61554088EA0101B5
:106710001E9A711885EADE1542EB05050D9A4FEABF
:10672000DC484FEACC0646EA52764FEAD24E48EAB7
:106730004238D20042EA5C724EEA4C3E8EEA020EC9
:106740000D9A920942EA8C628EEA020288EA0608F1
:1067500088EA9C188E1845EB0802C7E91262A50B5F
:10676000A70C47EA833745EA83457D40990B4FEAFA
:10677000934CE7054CEA843C47EA532741EA8441BD
:1067800085EA070E81EA0C01049F414D4FEAC35C84
:106790004CEA542C81EA0C0105EBC70C55F8375034
:1067A000DCF8047049194EEB0705079F27EA030838
:1067B000089F27EA040C03EA0A0788EA070704EAA5
:1067C0000B0E8CEA0E0CC91945EB0C05891942EB2E
:1067D00005060B9A029DDDF808C08A180C994FEA4D
:1067E0001577039D41EB0601029E47EA05172D0F21
:1067F00045EA0615039EDDF80CE0B60746EA9C065E
:106800004FEA8C7C4CEA9E0C87EA0C077540DDF859
:1068100008C07646760646EADC164FEA4C6C4CEA2F
:10682000DE1C87EA0C077540DDF814C0019E86EA7D
:106830000C08069E89EA060E029E08EA0608039ED8
:106840000EEA060E019E06EA0C06DDF818C088EA7C
:10685000060609EA0C0CBE198EEA0C0C099F45EBE2
:106860000C05DDF828C0D71941EB0C0C921941EB4F
:106870000501049D01350495059D0995069D0A9520
:10688000079D0B95089D0C95049D502D59D101E055
:10689000685802080E9DAA180F9D45EB0101C0E93A
:1068A00002210299109A039D5218119941EB05019A
:1068B000C0E904210199129A069D5218139941EBDF
:1068C0000901C0E906210599149A5218159941EB5E
:1068D0000501C0E90821169AD719179A42EB0C0155
:1068E000189AD318199A42EB0404C0E90C341A9B85
:1068F0001B9A13EB0A0342EB0B02C0E90A71C0E9D1
:106900000E32079A1C9B08999B181D9A42EB0102B4
:10691000C0E9103221B0BDE8F08F079A0B92089AB7
:106920000C92CDE907AB9A46059B0993069B0A9307
:10693000019BCDE90539029BDDF80C900193A3463C
:106940000DE6019DCDE90559029DDDF80C900195FC
:10695000CDE907ABCDE902219A46A3463B46644602
:1069600091E600BF2DE9F8430446D0E932601546B0
:10697000EB009B194FEA5272424189464FF00001E9
:1069800028BF0121C4E9323231B1D4E934320133B4
:1069900042F10002C4E9343204F148074FF0000824
:1069A0000DB9BDE8F88394F8D800C0F18006F6B2BE
:1069B000AE4288BFEEB24946324638440CF035FA52
:1069C00094F8D8303344DBB2802B84F8D830A5EB70
:1069D0000605B144E4D12046FFF770FD84F8D88065
:1069E000DEE7F8B500F1480590F8D8301746802268
:1069F000EA5490F8D8206F2B04460E4602F10100AD
:106A000032D8C2F16F02002128440CF0A4F8D4F867
:106A1000D030D4F8D4201BBA12BAC4E92E23D4F84B
:106A2000C830D4F8CC201BBA12BAC4E930232046AF
:106A3000FFF744FD234604F1400053F8082F59683E
:106A400012BA09BA9842C3E91012F6D12368204657
:106A50009B689847B8420246294628BF3A463046C6
:106A6000BDE8F8400CF0E1B9C2F17F0200212844F2
:106A70000CF071F82046FFF721FD70220021284616
:106A8000C3E713B513463622044600920A4600F1C6
:106A9000480100F0E4FAD4E9323213F5806342F1A0
:106AA00000022046C4E9323202B0BDE81040FFF7D0
:106AB00005BD2DE9F04106461D4656F8483B92B00B
:106AC0000F46904602A99B694022044698475C23E2
:106AD000314600933A464346204600F0C0FAD4E9D6
:106AE000322312F5806243F10003C4E932232046C9
:106AF000FFF7E4FC23685E699B68984702A9024699
:106B00002046B0472368189A9B6929462046984733
:106B1000402102A8FEF7FFFE12B0BDE8F081F8B5F3
:106B20000F46B3EB870F054611461C464FEA870612
:106B300009D21A460CF079F9321B28190021BDE858
:106B4000F8400CF008B83246BDE8F8400CF06DB9DA
:106B5000F0B5002507462C46AB4204F0010000D1F9
:106B6000F0BD51F82540261A52F8250064EB0404C4
:106B7000361A47F8256064F100040135ECE72DE989
:106B8000F04700241D68A446264696420BD140F8E3
:106B9000224000EB820901264FF0000A089CA64221
:106BA0000CD3BDE8F08751F82670E7FB054C40F8A0
:106BB0002640644601364FF0000CE6E7002453F807
:106BC000267000EB860EA446944503D149F8264072
:106BD0000136E3E7DEF8005051F82C802D194AF118
:106BE0000004E8FB07544EF8045B0CF1010CEBE7E2
:106BF000F8B50446FFF7ACFF1D4600231646404299
:106C0000043C1A4605B9F8BD56F8041B54F8047F35
:106C10000140C91942EB0207C918216047F100037E
:106C2000013DEFE7FFF7ABBFFFF7E2BF2DE9F04112
:106C3000CC691326E30F24F00044A3FB0636CC6195
:106C400001EB82078C464FF0260E674549D1072A93
:106C50000CD83C4625680132ED18D2B246F100034B
:106C6000082A44F8045B4FF00006F3D12622A3FB68
:106C7000023402FB0644CA691325D60F22F00042F3
:106C8000E6FB0534CA610A1FA44601F11C0516463D
:106C900056F8044FE4184CF10003B54234604FF04D
:106CA000000CF5D116461327634656F8044FE41935
:106CB00043F10007B54234624FF00003F5D1CB6BCE
:106CC000DC1723F00043CB63043852F8041F136A27
:106CD0004B4023404B40954240F8043FF5D1BDE87E
:106CE000F081DCF80050EC18DCF8205046F100038D
:106CF000E5FB0E434CF8044B0026A6E7F0B589B03F
:106D00006D46034600F120070146002613202C465D
:106D100051F8042B121846F100008F4245F8042B5D
:106D20004FF00006F4D1079AD61722F00042191F3F
:106D3000F04307921C3351F8045F54F8042B6A4067
:106D400032406A408B420A60F5D109B0F0BD0023A1
:106D5000D1F800C02DE9F04702F12006074615469C
:106D60001C4655F804EBEEFB0C34B54247F8043BE7
:106D700023464FF00004F4D140F8203F01F11C08F5
:106D800051F804EFA0F11C0C1746002557F8049B9E
:106D9000DCF80030A246E9FB0E3A5B194AF1000527
:106DA000B7424CF8043BF1D1884540F8045FE7D185
:106DB000BDE8F08710B590B004466846FFF7C7FFFE
:106DC000082269462046FFF731FF10B010BD0A4681
:106DD000FFF7F0BF2DE9F04F93B002AF0023D2F8D8
:106DE00000C00D4601F120080E461C46394656F8F3
:106DF00004EBEEFB0C34464547F8043B23464FF0CA
:106E00000004F4D10A930AAF02F11C09019452F86C
:106E1000043FA7F11C0E1C46AC460026DEF80030ED
:106E20005CF804ABDDF804B0EAFB043B9B194BF1C2
:106E30000006C4454EF8043BF0D1914547F8046F75
:106E4000E5D10822FFF7F2FE13B0BDE8F08FF0B4F1
:106E5000002401F1200C0546264651F8043B52F867
:106E6000047BDB1946EB06071B1947F1000461455B
:106E700045F8043BF1D1F0BCFFF740BFF0B500236B
:106E800001F12007054651F8044B52F8046B03F05A
:106E90000103E41A63EB0303A41B63F10003B9428B
:106EA00045F8044BEFD1014603F0130251F8043BBF
:106EB00004469B1A44F8203B62EB02020B6802F086
:106EC00001029B1A41F8043B62EB0202A142F5D198
:106ED00023F00043C361F0BD404230B5A1F104008E
:106EE00065EB0505043A1C3150F8044F52F8043F95
:106EF00063402B40634088420360F5D130BD70B5DC
:106F000088B0044668460E46FFF761FF09256946CA
:106F10006846013DFFF75BFF15F0FF05F7D13246EC
:106F200069462046FFF746FF17260A256946684648
:106F3000013DFFF74CFF15F0FF05F7D16A462146EA
:106F40002046013EFFF736FF16F0FF06EDD1214641
:106F50006846FFF73CFF6A4621462046FFF72AFFB6
:106F6000082569466846FFF732FF013D6A4621461B
:106F70002046FFF71FFF15F0FF05F2D16846FEF728
:106F800028FD08B070BD38B504460D46FFF7B7FFC1
:106F900021462046FFF71BFF21462046FFF717FF3B
:106FA0002A4621462046FFF705FF21462046FFF7E7
:106FB0000EFF21462046FFF70AFF2A4621462046BB
:106FC000FFF7F8FE21462046FFF701FF2A4621463B
:106FD0002046BDE83840FFF7EDBE000030B504465E
:106FE00089B00D46FFF78BFF21462046FFF7EFFEE5
:106FF0002A4621462046FFF7DDFE21462046FFF7C0
:10700000E6FE21466846FFF7E2FE20226946284652
:107010000BF077FD28B96846FEF7DBFC012009B0CC
:1070200030BD0A4A21462046FFF7D4FE2146684675
:10703000FFF7CDFE2022694628460BF062FD0028AE
:10704000E9D06846FEF7C5FC0020E8E7285B0208A7
:10705000014B0360704700BF505B020870472DE989
:10706000F8431D4603689DF82090DB6804460E46F1
:1070700090469847236807461B6920469847AF42C9
:107080000ED32A46414630460BF0CFFE74197A1BC8
:10709000494620460BF05FFDB44217D1BDE8F883A6
:1070A00023682A46414620465B6998472368204664
:1070B0009B689847236802469B69054631462046EF
:1070C0009847236820461B699847DFE716F8013B7D
:1070D00089EA030306F8013CDEE7704738B5044649
:1070E000002508462171A5710BF0A0F9657120609B
:1070F000204638BD10B5044600680BF09FF92046C5
:1071000010BD002343717047407970470068704795
:107110008E2912D8702903D8032908D80120704776
:10712000074B7139C9B2CB4003F001007047643995
:1071300004298CBF0020012070470020704700BF49
:10714000BD91FE20882914D8702906D803290BD8B0
:10715000012994BF002001207047074B7139C9B243
:10716000CB4003F001007047A1F16703584258413A
:1071700070470020704700BF1901A0002DE9F84FAB
:1071800004460E4690461D46FFF7C2FFC8B18E2E3C
:1071900098BF2D4B94F805909CBF9F5D2B4B227997
:1071A00094BF33F816B0002709EB070303F101037E
:1071B00088BFBB46934206DB0123A3710020BDE8D4
:1071C000F88F0223F9E700212846E9F769FF00213B
:1071D000B0F1000A284618BF4FF0010AE9F760FF36
:1071E00008B105F100455846E9F764FD2946E9F77D
:1071F000B9FDE9F7B9FF314605462046FFF7A2FF82
:1072000040B1BAF1000F05D0FA00012393405A1E95
:107210002A409D1A236809F10102627103F809806E
:1072200063792268591C6171D65400220132637956
:10723000D1B28F423B4402D2D8B26071BFE721681D
:107240009B1ACD542D0AF1E7965C0208785B020880
:1072500008B513460A466721FFF790FF08BD08B539
:1072600013460A466821FFF789FF08BD08B5134693
:107270000A467421FFF782FF08BD08B513460A4687
:107280007321FFF77BFF08BD704710B550210446FE
:10729000EFF7E9F8204610BD38B5074B04460D4618
:1072A00040F80C3B442200210BF055FC0023A56064
:1072B0002371204638BD00BF305D020810B504467A
:1072C000007958B901B1A160A16839B104F10C008D
:1072D00000F074FFB0FA80F04009207110BD38B59D
:1072E0000379044600F10C053BB98168284601F09A
:1072F0004BFEB0FA80F0400938BD002303712846E8
:1073000000F09EFF0028F4D1A168284601F03CFE61
:107310000028EED1A168284600F050FF0028E8D1EF
:1073200001232371E5E738B50D46044611461A4698
:107330002B4600F06BF9204638BD00B5C3B06A4655
:107340000C3000F0FFFEB0FA80F0400943B05DF869
:1073500004FB08B50C3001F049FFB0FA80F0400999
:1073600008BD07B503688DF807105B6801220DF1B1
:107370000701984703B05DF804FB1346027D10B582
:107380004AB904690A46816904F10C0001F0CBF89E
:1073900020EAE07010BD0020FCE773B504460069E8
:1073A000257D0DBBA1690C3000F0C0FE06462069AA
:1073B000A1698DF8075001230DF107020C3001F08F
:1073C0004CFA00282069A169C8BF9DF807504FF00A
:1073D0000003324600F10C00D8BF4FF0FF3501F03A
:1073E000A0FA284602B070BD4FF0FF35F9E738B576
:1073F000037D044663B90069A1690C3000F098FE72
:1074000005462069A1690C3000F090FE281A38BDAD
:107410000020FCE7037D2BB90369816903F10C00AF
:1074200001F075BC7047000010B500224FF47A746B
:10743000C0E90124054C0460C0E90622016102751F
:1074400080F8202080F81F2110BD00BF405D020899
:10745000F8B504460E4615461AB1012A17D0012088
:10746000F8BD012738200AF0E1FF0146A06160B1B4
:10747000206932463B460C3001F0B1FE024648B16D
:10748000A0690AF0DBFF0023A3610020E8E740F2D7
:107490000317E7E7012D05D12069A16902230C300C
:1074A00001F03FFA00232375D9E770B504462C207C
:1074B0000E460AF0BBFF0146A06150B1206932467A
:1074C0000C3000F09AFD30B1A0690AF0B7FF00233C
:1074D000A361002070BD012525753046E9F7D8FE6F
:1074E00028440AF0A3FF3146E0610BF096FC2846E1
:1074F000F0E71346027D10B43AB904690A4681697F
:1075000004F10C0010BC01F0A8B9002010BC7047B9
:1075100007B501220DF10701FFF7EBFF0028CCBFF3
:107520009DF807004FF0FF3003B05DF804FB037DCA
:1075300010B50A4643B90469816904F10C0001F0F1
:10754000F0F9C043C00F10BD0020FCE7037D2BB94C
:107550000369816903F10C0000F0EABD0020704767
:10756000816938B5044679B10069257D0C3065B173
:1075700000F06BFDA0690AF061FFE0690025A561DC
:1075800008B10AF05BFFE56138BD01F0F9FBA069C5
:107590000AF054FFA561F7E7FFF7E2BF70B5836912
:1075A000C2B005460E4614460BB1FFF7D9FF286955
:1075B0006A4631460C3000F0C5FDE0B99DF8003058
:1075C000112B05D1224631462846FFF741FF03E043
:1075D00031462846FFF769FF044670B12F21304637
:1075E0000BF02EFB203500B1461CFF223146284609
:1075F0000BF013FB02E0023003D00024204642B01F
:1076000070BD012CF9D1DDE7FFF7C8BF70B50446A6
:107610000D4616461946FFF707FF32462946204613
:10762000FFF7F2FF204670BD8069003818BF0120C7
:10763000704720307047007D704700002DE9F0430F
:10764000C3B00C4600AF096905461646FFF7ECFECD
:10765000237D002B45D0DFF89890DFF898802069D3
:10766000A1693A460C3000F0FDFC012839D107F140
:1076700008014846E9F702FE0028F0D007F10801AA
:107680004046E9F7FBFD0028E9D0D4F81C904846B5
:10769000E9F7FEFD044607F10800E9F7F9FD0444A7
:1076A000093424F00704E846ADEB040D494668466A
:1076B0000BF0B3FB99F800302F2B6C4602D199F8F0
:1076C00001301BB10C4920460BF04DFA07F10801BF
:1076D00020460BF048FA324621462846FFF75EFF67
:1076E000C546284607F58677BD46BDE8F08300BF4E
:1076F0000147020800470208CC43020803681A6ADF
:10770000C36AD31A1944B1FBF2F302FB1311036BE2
:107710008B4210B50AD94C09C06B01F01F0150F81B
:10772000243001228A40134340F82430002010BD49
:107730000368013304D04068431C584258417047E5
:107740000120704710B50B6804689C4209D040685E
:107750004968884205D08C4203D0181A18BF01200E
:1077600010BD0020FCE72DE9F74FDDE90C470E9D29
:1077700083468846924699460DB9002064E0DBF8BE
:107780000000BAF1000F1ED0DAF800304B451AD1D4
:10779000DAF80410A14216D886690E44A64212D91E
:1077A000361BAE42DAF8083028BF2E46611A38463A
:1077B000324619440BF039FBAD1B37443444DCD05E
:1077C000DBF80000E0E7D8F8002043694A4517D10C
:1077D000D8F80410A14213D8CE18A64210D9361BEF
:1077E000AE42D8F8083028BF2E46611A32463846D5
:1077F00019440BF01AFB37443444AE1B3546BBE743
:107800004168B4FBF3F203FB12428C467AB9AB42F7
:107810000DD8B5FBF3F603FB1656AD1B00953B46A2
:1078200022464946E04778B92F442C44E6E7A21A9D
:10783000C8F80090C8F804200093D8F808304946EA
:107840006646B04700289AD003B0BDE8F08F1FB558
:10785000069C0092CDE9013400220B4600F1140190
:10786000FFF781FF04B010BD2DE9F04786B0054653
:107870000F46144600F11409D6184FF0010A0DF115
:107880001708A64203D1002006B0BDE8F087009497
:10789000CDE9018A3B46002249462846FFF763FFAF
:1078A00001340028F0D10E980122414601F0DCFCA1
:1078B000E7E72DE9F04F8BB0136804930026536877
:1078C000059307460C46B0460DF1100A06AD4FF081
:1078D000100B5AF82690CDF800B02B4600224946EE
:1078E0003846FFF7B4FF70B110F1340F06D146B13E
:1078F000B8F1000F0CBF6FF0330000200BB0BDE8F3
:10790000F08F0126E5E7B8F1000F04D0E269069B8D
:107910009B1A002BEBDB079B23F00043132BE6D9CC
:107920003A68D2699342E2D84FF0FF3303A810229D
:107930002946039301F098FC079B03A823F000431A
:107940000090103B102249463846FFF78DFF002873
:10795000CAD1039B002BCAD10AAA86F0010302EB0D
:10796000830304F11C0C53F8183CA3601023E3605C
:1079700095E80F00C4F804904FF001088CE80F0060
:10798000B5E7F7B5044604300E461546FFF7D0FEBE
:1079900010B1002003B0F0BD009001236A462946D3
:1079A00020460193FFF785FF0028F3D105F1240756
:1079B0003846FFF7BDFE0028EBD131463846FFF7C9
:1079C000C1FE38B13A4629462046FFF772FF00282B
:1079D000EED0DFE70120DDE72DE9F04F87B0DDE9EC
:1079E000104506468B46174625444FF001090DF118
:1079F000170AA3EB0408AC4201D1012011E008EB07
:107A000004030093CDE901A93B46002259463046C4
:107A1000FFF7A9FE28B914F8013B9DF817209A42F8
:107A2000E9D007B0BDE8F08F03689B6A10B5044643
:107A300013B9C0690AF002FD2368DB6A13B9A06AB2
:107A40000AF0FCFC23681B6B23B9E06BBDE8104017
:107A50000AF0F4BC10BDF8B5C6690D68083EB54221
:107A60000F4613D3B5FBF6F0013808F08DFA841CED
:107A7000A5EB8404B4FBF6F4204608F085FAA5EBE8
:107A8000800504FB16553D602046F8BD0020FCE74C
:107A90002DE9F04F89B00646DDF84C8005920F467F
:107AA0004BB94FF0FF32C8F80020149A0020136041
:107AB00009B0BDE8F08F0468013B07A92046079391
:107AC000FFF7C9FF12A905462046FFF7C4FF4FF094
:107AD000040A81460DF1140BA945059B03D3C8F890
:107AE0000030129BE1E7A5EB0904B4FA84F495FA9F
:107AF000A5F2B2FA82F2C4F11F04944228BF1446E0
:107B0000A2000092CDE901BA002239463046FFF7C3
:107B10002AFE0028CCD10123A340ED1ADCE72DE991
:107B2000F04F89B006461298DDF850A00F469046F7
:107B30009946E8B10138059005A93068FFF78BFF39
:107B40000DF1180B0446139B49465046984778B9E7
:107B500074B104F00105C5F102029200CDE901B251
:107B600000904B46424639463046FFF7FCFD10B1C7
:107B700009B0BDE8F08F06992DB9139B5046984780
:107B80000028F5D1012008AB03EB8000023D50F83E
:107B9000089C2C44D7E704300844104470472DE972
:107BA000F34106460C46154601F124074FF0100834
:107BB000216AE26821F0004302F10C00043B984284
:107BC00015D80C23009361682B1D3046FFF73FFE4C
:107BD000034688B9E668EA79A97968792E60FFF7E3
:107BE000DAFFA26906440244E660A26104E00029CB
:107BF00006DB2A606FF00103184602B0BDE8F08191
:107C00003A4621463046FFF754FE03460028F3D19A
:107C1000A369C4F80C801433A361C9E730B50446E6
:107C200093B004300D46FFF783FD10B1002013B070
:107C300030BD0190012301AA07A920460293FFF756
:107C400038FE0028F3D110A8FFF772FD0028EDD10F
:107C500010AA07A92046FFF72CFE0028E7D103AAA7
:107C600007A92046FFF79BFF10B1831CEBD0DEE78E
:107C70009DF91030002BF2DB0822294605A80AF0F6
:107C800040FF0028EBD10120D1E72DE9F84305465C
:107C900004300F4614461E46FFF74AFD10B100207F
:107CA000BDE8F88301235062936202F1240806F1D3
:107CB00008094046FFF73CFD0028F0D14246214626
:107CC0002846FFF7F6FD0028EAD13246214628462D
:107CD000FFF765FF10B1831CEBD0E1E7337903F0C8
:107CE0007003202BF1D139464846FFF72BFD0028C1
:107CF000EBD10120D4E700002DE9F04F87B01F68D9
:107D0000049340F62203536043689360DFF82C919C
:107D10008368039105461446D360494638460AF005
:107D2000A5FF07EB00088346494640460AF037FFA7
:107D30000128064608EB000A05D117F80B302E2B58
:107D40000AD15746E9E7022806D102463C49404697
:107D50000AF0D7FE0028F4D057464FF0010B4946F1
:107D600050460AF083FF8244494650460AF017FF06
:107D7000024690B102280CD10590314950460AF0D4
:107D8000C0FE059A28B9BBF1010B04D10AF1020724
:107D9000C3E70BF1010B9244E1E798F800000028DB
:107DA00041D0049BC3F800802379222B43D104F1F6
:107DB000080A039952462846FFF77BFD98BB05F158
:107DC000140B039922462846FFF7E9FE58BB237996
:107DD00003F07F03112B01D0222BF2D1E379B342C0
:107DE000EFD12368627904331344A279CDE9008688
:107DF0001344039A594652682846FFF7EDFD0028C0
:107E000011DBDED095F84130002B86D194F9043097
:107E1000002B82DA51462846FFF700FF002805D0E4
:107E200001DB6FF0010007B0BDE8F08F237903F0AC
:107E30007F03237171E76FF01300F4E7CC4302086E
:107E400000470208C368184710B50C468269A0684D
:107E5000FF210AF080FE4FF0FF33236010BD38B5DC
:107E60008B6A016004460D46CBB1C361EB6A13B364
:107E7000A36204F120012846FFF7E6FF4FF0FF332D
:107E8000636123681A6BEAB1E26300204FF0FF33AD
:107E9000C4E90133C4E90300A4F8400038BD4869CF
:107EA0000AF0C4FAE0610028E0D12046FFF7BCFDEB
:107EB0006FF00B00F2E7A8690AF0B8FAA062002898
:107EC000D7D1F2E7586AC0080AF0B0FAE063002898
:107ED000DBD1EAE7F7B50C4609684B1C05461646A8
:107EE00002D1002003B0F0BD006883690093D4E99B
:107EF00001238768B8470028F4D12B6826B9286881
:107F00002146FFF7A1FFECE79B690193A36800936B
:107F1000D4E9002331462846FFF75EFD0028E1DB67
:107F2000EDD16FF03300DDE72DE9F74FDDE90C48C7
:107F30000E9E81460F4693469A46002E38D1304613
:107F400006E05A4639464846FFF7C4FF002850D09D
:107F500003B0BDE8F08FB4FBF2F302FB13431BBB8D
:107F6000964221D3B6FBF2F502FB1565761B00960F
:107F7000836822469C4651464346E0470028E7D1A5
:107F8000BBF1000F02D1B044344434E0CDE90086A7
:107F90002346524659464846FFF71EFD0028D7DBC8
:107FA000F1D16FF03300D3E7E31AC7F800A07B608C
:107FB0003B68D9F8000053458269CCD17B68A34265
:107FC000C9D89D18A542C6D92D1BE01AB542BB6879
:107FD00028BF35462A46184441460AF026FFD9F8FC
:107FE00000309A692C44B4FBF2F302FB1343002BDC
:107FF000A7D0A844751B2E469FE730B543684B6059
:1080000087B0836801928B6002AA01AB05460C46DB
:10801000FFF772FEA0B99DF80C30222B12D104AAF2
:1080200021462846FFF745FC50B963682361A368E1
:1080300063610E23A3611023E3602B6923602C612D
:1080400007B030BD6FF01300FAE7036900F11002CA
:108050001BB18B4203D11B681360002070471A4686
:108060001B68F5E770B50D46144686B006464FF41A
:108070008472002120460AF06EFDAB690E2B0CD1F4
:108080002046222300F8083B26490AF0C6FEAB69C9
:108090000133AB61012006B070BD0F2B05D1204626
:1080A000222300F8083B2049EFE702AA2946304680
:1080B000FFF775FD18B1821C08BF0020EBE79DF8A3
:1080C0000C3003F07F02112A01D0222AEDD11B06C9
:1080D0000CD504A93046FFF7A1FD0028DBDBE4D175
:1080E0009DF80C3003F07F038DF80C309DF80C30B8
:1080F0002370112B08BF059B029A08BF63609DF88F
:108100000D309DF80E1004321A449DF80F30009384
:108110000A4404F1080369683046FFF798FB002819
:10812000B8D0B8E70147020800470208086A70475C
:10813000CB6948699B0303D50B6A984238BF184640
:108140007047000070B594B01546039103AB05AAC3
:1081500009A90646FFF7D0FD0446C0B901464FF411
:10816000847228460AF0F7FC9DF818302B70112B0A
:1081700004BF089B6B60311D07A8FFF7E3FA05F108
:108180000803044630B90C4918460AF046FE20465A
:1081900014B070BD059A9DF819109DF81B00009051
:1081A00004320A449DF81A1030460A440A99FFF72F
:1081B0004EFB0446EBE700BFCC43020830B599B054
:1081C0000546FFF74CFE044658BB2B6868631B6AE4
:1081D000AB63C5E90B000290012302AA0DA9284652
:1081E0000393FFF766FB044600BB202300930E9920
:1081F00005AB10222846FFF72AFB0446B0B9069BC0
:108200006B60079B0D49AB6008220BA80AF079FC54
:10821000044648B90A9B1A0C012A0BD19BB2012BC8
:1082200008D8204619B030BD6FF033042846FFF758
:10823000FBFBF6E76FF01504F8E700BF645D02088A
:1082400008B5FFF7F1FB002008BD2DE9F043064615
:1082500097B004300F469046FFF76AFA20B1002429
:10826000204617B0BDE8F0830123059006930599D9
:108270004046B84704460028F2D106994046B84720
:1082800004460028ECD105AA0BA93046FFF711FBE4
:1082900004460028E4D14FF00C09139B0E9D23F0F7
:1082A000004305F10C02043B9A4223D9149B059329
:1082B00005A8159B0693FFF73BFA0028D7D0F56871
:1082C00006F11409002DCAD0EB69DA033CD4EB693E
:1082D0009B030DD5CDE901782B6A00936B6A05F1FC
:1082E0002C0249463046FFF71AFC04460028B7D155
:1082F0002D68E7E70C99CDF8009008AB2A46304688
:10830000FFF7A5FA04460028AAD19DF823209DF87E
:1083100022109DF82100FFF73EFC9DF8203003F06D
:1083200070032844102B0E90B7D10A9B009322466D
:10833000CDE90178099B06F114013046FFF7EFFB08
:1083400004460028A9D08BE7CDE901786B6900933A
:108350002B6905F12C0249463046FFF7E0FB044645
:108360000028B4D07CE70000F8B504460D4601268D
:10837000236BD4E90D219A421DD1002949D0E06A2E
:1083800022680344106A526A8A4294BF22632163BE
:10839000B3FBF0F7002100FB17336163D208E06BF9
:1083A000E3620AF0D8FB1C4922462046FFF74DFF46
:1083B0000028DDD024E00139501CA1635709E16B8E
:1083C000606351F8277002F01F0006FA00F038428F
:1083D000CFD1E36A13442268126AB3FBF2F002FBC6
:1083E00010332B60266B0125636BB3420FD05A0903
:1083F00003F01F0051F8222005FA00F0104000D1D0
:10840000F8BD01336363A36B013BA363ECE700207A
:10841000F6E76FF01B00F3E7FD76010873B50C4635
:1084200004310646FFF7A0FF0546F0B904F1080144
:108430003046FFF799FF0546B8B90423009302467A
:10844000616804F11C033046FFF701FA10B110F126
:10845000340F0DD1E3690133E36114224FF0FF3390
:10846000C4E90823A3621023E360284602B070BD6C
:108470000546FAE72DE9F04F044689B00E4600F1B3
:10848000140B07A92046FFF76FFF054658B9DDF822
:108490001C9020684946FFF7D5FC054600283BD0D4
:1084A00010F1340FEDD0284609B0BDE8F08F0DF182
:1084B0001B07CDE90087CDF808A0736A059A5946D5
:1084C0002046FFF750F970B9CDE9017ACDF8008068
:1084D0004B465A4604F120012046FFF725FD20B106
:1084E00010F1340FCDD00546DDE708F10108B36A7D
:1084F0004345DCD82368A16A9A69706B0AF095FC41
:10850000236AF362636A2068336304F12001FFF792
:108510009BFCC6F82490C6E706F12C038046059321
:108520004FF0010AE3E72DE9F04F8FB0CDE90623C4
:10853000CB6903F00302012A05460C4600F01F81B7
:108540005E031AD4E669320520D4276A079BDF420E
:1085500000F1188116F400361ED005F11403DDF881
:108560001CA0099304F12C08E369BAF1000F25D18E
:1085700023F40023079AE36104E000F006F90246C1
:108580000028DFD010460FB0BDE8F08F6269216A85
:108590008A4288BF2262D8E763699F42DDD923629D
:1085A000236A9F42D9D90DAA0123214628468DF876
:1085B0003460FFF7B8FF021EF2DAE3E79B0324D52D
:1085C0002B68A26ADB699A4240F098802B681B6A8C
:1085D000AB6305F114030493D4E90832CDE90B230E
:1085E0000DA92846FFF7C0FE024608BB0D9B286870
:1085F00005931946FFF726FC024618B312F1340F13
:1086000016D14FF0FF332B62EAE7236A002BDDD04F
:1086100004F128020292013B04F12402019200932A
:10862000D4E9042341462846FFF732FA024620B136
:10863000E36943F40023E361A4E728684146FFF7B8
:1086400003FCC3E70C9F2E680890002F4FD0013F1A
:108650000CA930460C97FFF7FEF90C9FF369089AB6
:1086600001379F420C9768D1461C96FAA6F6B6FAD7
:1086700086F606F1010B91460BAF4FEA890308938A
:108680000423CDE901734FEA890300934146DDE9F4
:1086900004232846FFF748FC0B9B02460028ADD177
:1086A0004E4550D109F10109CB45E6D84FEA8B0779
:1086B0001DE00022CDE9016B0B9B0499CDF80090E1
:1086C0002846FFF750F802460028B1D1DDE904231F
:1086D000CDE9016BCDF8009041462846FFF724FC18
:1086E000024600288AD109F101094F45E1D8059BCE
:1086F000C4E90937E36943F40033E3612B68DE69B9
:10870000A36AF61A564528BF5646069B0296019361
:10871000A36A0093099A636A41462846FFF704FC5E
:108720000246E8B110F1340F82D121462846FFF706
:10873000A1FE02460028E8D07AE791464FF0010BEF
:108740000DF12B06D1E70421CDE9017108990091C3
:1087500028460499FFF707F802460028A2D067E7E9
:10876000236A33442362A36A3344A362069B3344DF
:1087700006932B681B6AAB63AAEB060AF4E66FF05C
:108780000802FFE66FF01A02FCE6CB695A032DE9F6
:10879000F04144BF23F48023CB61CB6944BF4FF049
:1087A000FF32CA629B0390B005460C4603D40020FA
:1087B00010B0BDE8F0810F6A2C22002102A805F15B
:1087C00014060AF0C8F92369069396E8070063695E
:1087D00007930123CDE9093710AB03E907004FF0F8
:1087E000FF38C5F81480226A63699A4211D304F1F4
:1087F0002C08324641462846FFF76CFB08B310F1BF
:10880000340FD5D121462846FFF734FE0028F0D09A
:10881000CEE701230DF1070202A9284600F01DF85A
:108820000028C5DB01230DF1070221462846FFF78A
:108830007AFE0028BCDB6B690133D4D0CDF83480DC
:10884000CFE7636A2361236A6361E36923F400333A
:1088500043F48033C4E90737A9E72DE9F04F1D46FB
:10886000CB69904603F00302022A87B007460C4604
:1088700054D09A0305D4236A6669B34208D3002012
:1088800003E0FFF782FF0028F5D007B0BDE8F08FC6
:10889000F61AAE4228BF2E4604F12803B14604F171
:1088A0002C0A059304F1240BB9F1000F01D13046D5
:1088B000EBE7E3695B0304D53B68A26ADB699A4294
:1088C00010D1059BCDE901B3236A0093D4E90423B9
:1088D00051463846FFF7DCF80028D6D1E36943F467
:1088E0008023E3613A68A36AD5690093ED1A4D4588
:1088F00028BF4D46CDE901850022636A51463846BE
:10890000FEF731FF0028C0D1236A2B442362A36AFB
:108910002B44A362A844A9EB0509C5E76FF0080042
:10892000B3E770B50D4614461E46FFF72EFF70B92B
:108930002B6A36B1012E01D11C4402E0022E07D071
:108940001C46002CA6BF2C6220466FF0150070BD9F
:108950006B69F1E7F0B5012680F84060A7B00446E6
:108960000430FEF7E5FE0546002879D101462C22A9
:1089700005A80AF0F0F84FF000432822294610A875
:108980000D930AF0E8F81A9623681B6A9D4202D3F9
:108990006FF0330020E019A8FEF7CAFE00285FD16F
:1089A00019AA10A92046FEF784FFA8B90D9B002B39
:1089B00034DB01AB1BAA0EA92046FFF766F900289D
:1089C0000ADB0BD1199B0E931A9B0F9300231A46B7
:1089D00005A9204600F046F827B0F0BD039A0E998D
:1089E000049B0F988A4201D1984217D0904201D13E
:1089F000994213D00E92E8E79DF97030002B0DDA02
:108A00001DA92046FFF70AF90028E5DB1BD01BAAA9
:108A100010A9204600F03DFA0028DDD11BAA10A9BC
:108A20002046FFF7BCF80028E6D0831CD4D110AF55
:108A30000FCF05AE0FC60FCF0FC697E80700013561
:108A400086E80700A0E79DF8703003F07F038DF8FB
:108A500070301BAA034610A9204600F03FF9DBE75F
:108A60000020B9E72DE9F04F9DB00D460993CB6981
:108A700005920133CB610B1D0646079309984B689D
:108A800089680693C5E9011302EB001413469C4262
:108A900012D1069B0C9300230B91089369683068F0
:108AA000FFF7D0F9044678B114F1340F00F0DF80FD
:108AB00020461DB0BDE8F08FD8682A6A0244586885
:108AC000121A2A621033E2E705F11C084FF0FF3357
:108AD000102241460DA810270D9300F0C5FBCDE9EB
:108AE0000187009406F1200A22466B685146304601
:108AF000FFF71AFA04460028D6D18346B84629E083
:108B0000099B9B4580F28D80059A4FEA0B1302EB7F
:108B10000B19D358434540F08480D9E902120DA8BF
:108B200000F0A2FBD9F80C300293D9F80830CDE957
:108B3000007300226B6851463046FFF7F5F9044692
:108B40000028B1D1D9F804309844D9F80C300BF191
:108B5000010B1F442B6A23F00043043BBB42CFD8D8
:108B60000DF13408CDE90078042302936B680022EC
:108B700051463046FFF7D8F90446002894D14FF00B
:108B8000FF370246776151463046FFF7A3F90446A6
:108B9000002889D13068036998470446002883D1AA
:108BA0002B6A119711AF009723F0004302466968C2
:108BB000043B3046FEF758FE044600287FF478AFA9
:108BC000119A0D9B9A4252D1089B2BB343463A46C9
:108BD0000BA93046FFF759F80028FFF66AAF5ED0C0
:108BE0006B680F93AB681093424623463946304674
:108BF00000F074F800287FF45CAF311D0BA8FEF77D
:108C0000A1FD18B96B687360AB68B3603046FFF7BD
:108C1000A1FE00287FF44DAF3269002A53D11046DF
:108C200047E74FF001090699CDF8009011AB424695
:108C30003046FEF70CFE044600287FF439AF4A4662
:108C400011A90DA800F010FB11ABCDE90073CDF810
:108C5000089022466B6851463046FFF765F9044696
:108C600000287FF421AF08F10108013772E74FF0C7
:108C7000FF3333620124002311A90BA8CDE911347D
:108C8000FEF760FD10B96FF0330012E70799304628
:108C9000FFF76AFB089400283FF400AF09E73A4663
:108CA0000BA93046FEF76DFE0028FFF602AFB3D0E9
:108CB0006B681A93AB681B9300231A4639463046FB
:108CC000FFF7D0FEA5E70799101DFEF73BFD18B989
:108CD0006B685360AB68936012689EE770B5154689
:108CE00088B055F8044BD27900940C26002BCDE9BE
:108CF0000523079234440CBF012302236A46CDE9C1
:108D0000016503960494FFF7ADFE08B070BD70B521
:108D100092B006460D46FFF738FD044658BBEB6996
:108D200003F41023B3F5803F25D12A1D1046FEF72A
:108D3000FFFC00BB07A93046FEF7BBFDF0B90C23D2
:108D4000EA6808990093304604ABCDE904440694E0
:108D50000392FEF77CFD88B92B6905936B69069336
:108D600003AA234607A93046FFF7B8FF30B9EB69DD
:108D700023F48033EB61204612B070BD0446FAE75D
:108D800070B505460C46FFF7C2FFEB68064605F1D5
:108D90000C021BB1A3420DD123681360A3690BB170
:108DA0001B682BB92B685B6B13B9606B09F046FB32
:108DB000304670BD1A461B68EBE72DE9F04380464C
:108DC00095B00E461746994601F12405FA79B9790E
:108DD0007879346AFEF7DFFED8F80030DB6920448A
:108DE000984215D8043C47F8044B00230C21CDE9E8
:108DF0000A37CDE90C14CDE90E39109209940223FB
:108E000009AA31464046FFF72DFE15B0BDE8F083B4
:108E1000002C36DB35460FCD09AC0FC40FCD0FC487
:108E200095E8070084E8070031464046FFF7F6FA68
:108E30000028EAD1129B7362139BB362336A3A46ED
:108E4000043B42F8043B03920C22CDE90130CDE90A
:108E50000423FB790893CDE90609022301AA3146D0
:108E60004046FFF7FFFD0028CFD1119B43F00043A0
:108E7000119373681293B36813930246034609A9CA
:108E8000C0E72A4631464046FEF713FD00289DD034
:108E9000BBE72DE9F04714460D46D279A1798CB095
:108EA00080466079FEF777FE2B6A143023F000438A
:108EB00083421DD101AA291D4046FEF762FD061E10
:108EC00012DB099A002A13DA2B6A63F0004313407D
:108ED00009936B6A0A93AB6A0B9300231A4601A9A4
:108EE0004046FFF7BFFD064630460CB0BDE8F087B0
:108EF0002368E279A17960790193FEF74CFE0023A3
:108F0000CDE903330290012301AA29464046FFF729
:108F1000A9FD06460028E7D1D8F80C7005F1040A2F
:108F20004FF0FF39CFB9D8F810700435002FDBD0DF
:108F30002946381DFEF706FC68B9FB682268934293
:108F400009D9E279A1796079FEF725FE1B1AFB6049
:108F5000BB691B1ABB613F68E8E75146381DFEF745
:108F6000F1FB28B9FB682268934203D1C7E9019954
:108F70003F68D7E7FCD9E279A1796079FEF70BFE6B
:108F80001B1AFB60F4E70000F0B5A5B00546FEF73C
:108F900066FF0446002877D12B685A6A0146D2083A
:108FA000E86B09F0D8FD2A68EC62D2E908320EA914
:108FB000C5E90D439A4294BF2A632B632846FFF705
:108FC0002DFA044600285CD119A92846FFF726FA95
:108FD0000446002855D10346024619A92846FFF742
:108FE00041FD044600284CD1294B1A9E1B9A6E6005
:108FF0001027CDE905732B68AA60D9690991254925
:109000001B6A08680A93496801974FF001130B9394
:109010000CAB03C33423CDE90762CDE91762169385
:1090200006AE2023CDE90363029301AA01230EA912
:109030002846FFF717FD20B110F1340F02D0044687
:109040001FE001242023CDE90236049301AA012365
:109050000EA928460197FFF705FD20B110F1340F46
:10906000EDD1002CEBD000220123CDE901230EA984
:1090700001AA2846FEF71DFC044610B92B681B6A9E
:10908000AB632846FEF7D0FC204625B0F0BD00BFFC
:109090002E140008645D02082DE9F0471F4692B0C7
:1090A00003F00303012BDDF86880019206460C46AD
:1090B00011D101AB03AA07A93046FEF71DFE0546F4
:1090C000B0B99DF81030222B00F08680B90534D558
:1090D0006FF0100508E090F84030002BE9D1FFF761
:1090E00039FC05460028E4D0284612B0BDE8F087D8
:1090F000821CF9D1DDF804A02F21504609F042FD71
:1091000081460028F0D1FB05EED540F611038DF81D
:1091100012005046ADF81030E8F7BAF84FF0FF33C0
:10912000CDE905398DF81300534603AA07A9304647
:10913000FFF743FE05460028D6D1089B6360099BD4
:10914000A360039BE360059B23610022069BC4F898
:10915000188078056361E761226210D44FF0FF3315
:10916000E362B8F1000F02D0D8F800306BBB326870
:10917000536B73B1F26842B36FF00B05B4E713B1F0
:1091800047F48037E7614FF0FF320023C4E904233E
:10919000E4E7E36903F00303012B0AD1506909F006
:1091A00045F960630028E7D0F36823600025F46088
:1091B0009AE7906909F03AF960630028DCD03068DA
:1091C00004F12C01FEF740FEEEE76363E36903F070
:1091D0000303012BE8D0F2E76FF0140584E713B521
:1091E00000240094FFF758FF02B010BD10B590F8AE
:1091F00040309CB00446019143B101AB02AA06A9DC
:109200002046FEF779FD30B11CB010BDFFF7A2FB80
:109210000028F2D0F8E79DF80C30222B1CD002AACF
:1092200006A92046FFF735FE0028EDD19DF80C3049
:10923000222BE9D106AA12A92046FEF7A2FB00289C
:10924000E2DB1A9B0F931B9B109300231A4606A97F
:109250002046FFF707FCD7E704AA11A92046FEF72E
:1092600028FB0028DBD0CFE770B50D4D0A449142B2
:1092700000D170BD066811F8013B83EA060404F0D2
:109280000F0455F8244084EA161484EA131303F0FB
:109290000F0355F8233083EA14130360E7E700BF98
:1092A000705D02080430704702460346064842F8E3
:1092B000040B086858608888897990809171002231
:1092C00083F82C2018467047B85D020837B503684C
:1092D00001AA1D69D02101230446A8479DF8043046
:1092E000582B07D0602B05D00023184684F82B306C
:1092F00003B030BD0120F9E7036810B51B680446D0
:10930000984794F82C30184010BD10B544790C7073
:1093100081790479890041EA4411C47921431170AB
:10932000427A017A920042EA4112817A0A431A7023
:1093300010BD13B50DF107030DF106020DF1050186
:10934000FFF7E3FF03689DF80520DB680446F22180
:10935000984723689DF80620DB68F421204698474B
:1093600023689DF80720DB68F521204602B0BDE8A0
:109370001040184703460868586088888A799A72AE
:1093800018811846FFF7D5BF024670B552F80B3B5F
:1093900005461C6988210623A0472A46044652F840
:1093A000113B8E211E6928461223B0472A460440ED
:1093B00052F8233BA1211E6928460123B0472A46C3
:1093C000E4B252F8243B04401E69E12107232846F9
:1093D000B047204070BDC379012B73B505460C46DC
:1093E00001D1FFF7A6FF2B686A461E69F721082303
:1093F0002846B047221F6B461C3413F8011B42F865
:10940000041FA242F9D102B070BD000070B51D4624
:10941000B0F80B30C3EB21145B000646C3EBE1034D
:10942000B0F90D1064434B43B6F90F1020134843B5
:10943000801300EBE320106000EB8000803000120E
:10944000E6F7D0FF0C4B0022E7F760F902460B4627
:109450006DB10A4B0022E7F72FF8094B0022E7F71E
:1094600055F9084B0022E6F771FE02460B461046FE
:109470001946E7F719FB70BD000059400000224073
:10948000000014400000404038B590F8284090F8A3
:10949000275004F00F0343EA05131B05C3EB813388
:1094A00090F829102409A2F5963244EA011402FB2F
:1094B000143303F58043D91390F8263090F92A40ED
:1094C0005343DB126243921203F5004353439B1252
:1094D000B0F9242003F50013534303F500539B1305
:1094E0004B43DA1390F823105243D2114A43A3EBB3
:1094F000221020EAE070B0F1C85FA8BF4FF0C8505A
:109500000013E6F75FFF034B0022E6F7D5FFE7F70E
:10951000CBFA38BD0000503F2DE9F843B2F5FA34DC
:1095200006464FEAE27040F1FF30A4FB04C71D4637
:1095300004FB00F307EB4307B6F913304FEAE37E71
:1095400003FB00F204FB0E22A3FB043E7244120351
:109550004FEA033E42EA1352B6F915304FEAE37977
:1095600003FB07F80CFB0988A3FB0C39C8441B0A52
:1095700043EA086313EB0E03B6F8119042EB28227E
:1095800002F50042A3FB093809FB02884FEAE873A1
:109590004FEA680253EA68084FF0000E00F09E8020
:1095A000B6F91B804FEAE87908FB07F70CFB09774F
:1095B000A8FB0C8C6744B6F919C04FEAEC790CFB98
:1095C00000F004FB0900ACFB04C42044400440EA62
:1095D000DC304FEA4C4C1CEB080CC1F5801147EB1A
:1095E000000701F00044B6F917001EEB0C0E44EA28
:1095F0005104C90707EBC007B1EB0E0040F6354137
:1096000064EB0704A0FB010701FB0471E7F7CCFD45
:10961000B6F921204F13430B43EAC14302FB07FC79
:109620004FEAE27E03FB0ECCA2FB032EF444574329
:1096300003FB0C77A2FB03233B44520E42EAC31206
:10964000121841EB6367B6F91F3004464FEAE37C1A
:1096500059430CFB0011A3FB04342144DB0C43EA07
:109660004133D21847EBE143B6F91D00120A42EA32
:10967000036202EB0010E6F7A5FE214B0022E6F79D
:109680001BFF013DE7F710FA052D07D8DFE805F0CD
:10969000030812181A201B49E7F718FCBDE8F883E5
:1096A000E6F7B2FE0EA3D3E90023E7F72FF8E7F7BA
:1096B000FBF9F3E7E6F7A8FE0BA3D3E90023F4E7F1
:1096C0001149E9E7E6F7A0FE09A3D3E90023ECE797
:1096D000E6F79AFE08A3D3E90023E6E70B48DDE7A7
:1096E00057ECC921C074AA409C086EF6CFBCF84064
:1096F00096B321D150AA6040F531E2ACBEEEBA403B
:109700000000703F0000C8420050C3470000C07F07
:109710002DE9F0438BB00F4602A9054690461E4640
:10972000FFF759FE38B91A4B3360C8F800303B6078
:109730000BB0BDE8F083039C029B069807992401B7
:1097400044EA0334049B44EA2314DDE9082343EA92
:109750000229059B000140EA033040EA21119DF8EF
:10976000483001AA2846FFF751FEC8F80000DDF88E
:1097700004809DF84C30424621462846FFF7CCFE37
:109780004246386049462846FFF77EFE3060CFE704
:109790000000C07F7FB50025467A45720446FFF77A
:1097A000C8FD0123CDE9005303AB1A4619462046F4
:1097B000FFF7AEFF667204B070BD38B50546FFF71F
:1097C00085FD044658B12846FFF7DEFD6B7A044656
:1097D00013B12846FFF7DEFF2846FFF7AAFD85F8FC
:1097E0002C40204638BD2D30704710B40C68C0F8AE
:1097F0002D404C68C0F8314010BCFFF7BBBD0000E5
:1098000038B504460D46FFF74FFD2346044A43F89A
:109810002D2B2A68C4F82D206A685A60204638BD6E
:10982000D45D020870B50A4C0E4690F834102046FC
:109830001546F6F767FC31462046F6F7BCFC29468C
:109840002046F6F7B8FC2046F6F77EFD012070BDF5
:10985000587200202DE9F04104460F4690F834106C
:1098600012481D461646F6F74DFC39460F480F4F75
:10987000F6F7A1FC0D48F6F767FD94F834100B4895
:109880002A46F6F75EFD00243846F6F787FB04F11A
:109890000108E4B220B9631B58425841BDE8F08189
:1098A0003846F6F77FFB30554446EDE75872002006
:1098B000F0B5CFB006460C466D4602F120071068A1
:1098C00051682B4603C30832BA421D46F7D19DF8B2
:1098D000003023F007038DF800309DF81F3003F0AF
:1098E0003F0343F04003214608A88DF81F3001F0E4
:1098F00093F844A800F031FF44AA08A93AA800F060
:1099000039FF44A908AA084602F0D2F944A908463A
:1099100001F018FF44AA3AA908A801F084F912A896
:1099200000F01BFF1CA800F00CFF08A926A801F0FE
:109930005BF830A800F011FF0024FE25EB1027464D
:109940001DF8034005F007031C4104F001046740C3
:109950003A4626A912A800F097FF3A4630A91CA85B
:1099600000F092FF30AA26A93AA802F0A1F91CAA99
:1099700012A944A802F09CF912A908461CAA00F0FA
:10998000F9FE30AA26A91CA800F0F4FE12AA3AA9F2
:1099900030A801F048F91CA944AA084601F043F98F
:1099A00044A93AA801F0F1FC12A944A801F0EDFC89
:1099B0001CAA30A926A800F0DDFE1CAA104630A97A
:1099C00002F076F93AAA44A912A801F02CF944A9A8
:1099D0003AAA084602F06CF91CA9084601F0D5FC29
:1099E00044A930A801F0CEFB26A9084601F0CDFC21
:1099F0003AA9084630AA00F0BDFE1CAA08A930A862
:109A000001F011F93AAA44A91CA801F00CF9013D92
:109A100094D2224626A912A800F036FF224630A989
:109A20001CA800F031FF1CA9084601F08BFE12A90A
:109A30001CAA084601F0F7F812A9304602F069F9AD
:109A40004FB0F0BD30B50C46A9B0054610460A46E9
:109A5000202100F00FFE237823F007032370E37F1B
:109A600003F03F0343F04003E3772146684602F0EA
:109A7000C2FB6946284602F09EFB29B030BD10B5F6
:109A8000A8B00446684602F0B6FB6946204602F0DC
:109A900092FB28B010BD00002DE9F04FADF53D7DE3
:109AA00003460B900C4608330CAD00F148061868CD
:109AB00059682A4603C20833B3421546F7D11CA899
:109AC000214604F1800504464B780A780F798E7898
:109AD0001B0443EA0263CA7942EA07624F7943EA08
:109AE000062342EA0742CE788F79083142EA0722FC
:109AF00033438D42C4E9002304F10804E4D1044651
:109B00001026D4E91C19CB0C4FEAD9424FEAC90EF2
:109B1000CF004EEA517E47EA597743EA493342EA99
:109B200041328909A04641EA89617B4082EA0E02FE
:109B30004B40D8E91217D8E900E8D4E9025C11EBF0
:109B40000E0147EB080782EA99125B1842EB070EF9
:109B50004FEA15296A0842EACC7249EA0C6982EA9E
:109B600009014FEA5C074FEA1C28EA0947EAC57772
:109B700048EA056842EA4C624A4087EA08079B18AF
:109B800087EADC1106F101064EEB01010834502E84
:109B9000C4E91E31B5D11A9B03931B9B0493149BFC
:109BA0000593159B0693189B0793199B0893169B87
:109BB0000993179B0A930C9B01930D9B0293DDE97C
:109BC0000E89DDE910ECDDE912320149009101E076
:109BD000F05D020805994FEA913A06994AEA814AEE
:109BE0004FEA913B05994BEA814B8D0C069945EA6A
:109BF00081358C0C059944EA81348BEA040B069C70
:109C0000E40544EA51248AEA050ACD05069945EAA5
:109C1000512500998AEA050A8BEA040BD1E900571D
:109C2000D0E900640799AD19099E47EB04044E4042
:109C30000A9F08994F4005990E4006990F400799D1
:109C40004E4008991AEB050587EA010703994BEB8B
:109C50000404AD1944EB07046D18049941EB0404A6
:109C60005B19039342EB04030493019B01991E0FBC
:109C7000029B46EA03161A0F019B42EA0312029B5B
:109C80009B0743EA91038F0702995A4047EA9107DD
:109C9000019B7E404F0647EAD3175B0643EAD11388
:109CA000734001995B1982EA070244EB020241EA20
:109CB0000804029941EA0905019901EA0807029995
:109CC00004EA0E0401EA09063C4305EA0C0513EB1D
:109CD000040A45EA060542EB050B009A009BD5688D
:109CE0009B680799D0E902421B1945EB02025B18F9
:109CF0000899099C41EB0202059981EA040506993D
:109D00000A9C4C4003990D4004990C4009994D4020
:109D10000A994C4003995B1942EB04028C0B04999D
:109D200044EA81448E0B039946EA81468F0C0499DC
:109D300047EA81378D0C039945EA813504996E40D5
:109D4000CD0503997C4045EA5125CF05049947EAA2
:109D500051277C401C1985EA060542EB05051EEBE0
:109D6000040307934CEB050308934FEA1B724FEA79
:109D70008B7343EA9A034FEA1A7642EA0A124FEAD1
:109D80008A7747EA9B0746EA0B165A404FEA4A632E
:109D90007E4043EADB134FEA4B67029947EADA1742
:109DA00073401C1982EA070245EB0202019B41EA5B
:109DB0000B05019943EA0A0301EA0A07029903EA3B
:109DC000080301EA0B063B4305EA090514EB030C03
:109DD00045EA060542EB050E009A009B55691B6992
:109DE0000999D0E904421B1945EB02025B180A9954
:109DF000039C41EB0202059981EA04050699049C43
:109E00004C4007990D4008990C4005994D40069922
:109E10004C4007995B1942EB04028C0B089944EA09
:109E200081448E0B079946EA81468F0C089947EAD0
:109E300081378D0C079945EA813508996E40CD052B
:109E400007997C4045EA5125CF05089947EA5127F3
:109E50007C401C1985EA060542EB050518EB040356
:109E60000A934FEA1E724FEA8E7343EA9C034FEA4D
:109E70001C7642EA0C124FEA8C7747EA9E0746EAC4
:109E80000E1682EA03024FEA4C6386EA070643EAAB
:109E9000DE13019983EA06034FEA4E6749EB050991
:109EA00047EADC171C194AEA0C0382EA070203EAB4
:109EB0000103029945EB02020AEA0C074BEA0E0580
:109EC0000BEA0E060D403B43E31845EA060542EB5C
:109ED00005080993009A009B9B69D5690599D0E90B
:109EE00006421B1945EB02025B180699079C41EBE1
:109EF0000202039981EA04050499089C4C400A99DE
:109F00000D4003994D40049904EA09044C400A9914
:109F10005B1942EB04028F0C8C0B47EA893744EA49
:109F200089444FEA99364FEA99457C40CF0545EA86
:109F3000813547EA592746EA81466E407C404FEA20
:109F4000C9551C1945EA5125019B099985EA060561
:109F500042EB05051B190593029B43EB0503069392
:109F6000099B4FEA18721E0F42EA03124FEA8873E8
:109F700043EA91038F0747EA980746EA08165A40D2
:109F80004B067E4043EAD8134FEA486747EAD117A9
:109F900073401C194CEA010682EA070245EB0202F3
:109FA0004EEA080306EA0A060CEA01050EEA08076B
:109FB000354303EA0B03611943EA070342EB03034A
:109FC000009A0293009B556A1B6A0191D0E90842EE
:109FD00003991B1945EB02025B1804990A9C41EB9B
:109FE0000202079981EA0405089981EA09040599A2
:109FF0000D4006990C4007994D4008994C40059931
:10A000005B1942EB04028C0B069944EA81448E0BE7
:10A01000059946EA81468F0C069947EA81378D0CEF
:10A02000059945EA813506996E40CD0505997C4034
:10A0300045EA5125CF05069947EA51277C401C196E
:10A0400085EA060542EB05051AEB040303934BEB87
:10A0500005030493019B01991E0F029B46EA031618
:10A060001A0F019B42EA0312029B9B0743EA9103EA
:10A070008F0702995A4047EA9107019B7E404F069D
:10A0800047EAD3175B0643EAD113734009991B19BA
:10A09000019C41EA0406029982EA070245EB0202AA
:10A0A00048EA0104019D09990D40029906EA0C064F
:10A0B00008EA01073543009904EA0E045B1944EAF3
:10A0C000070442EB0402D0E90A67D1E90A4507997F
:10A0D000A41945EB070564180899059E41EB050591
:10A0E0000A9981EA0607069989EA010603990F4051
:10A0F00004990E400A994F40039986EA0906E4192B
:10A1000045EB06058E0B049946EA814A8E0B0399AE
:10A110008F0C46EA8146049947EA813B8F0C0399EC
:10A1200047EA813704997E40CF0503998AEA0B0BF1
:10A1300047EA512ACF05049947EA51278BEA0707D6
:10A14000E41986EA0A0645EB0605170F1CEB040125
:10A150004FEA8276079146EA93064EEB05014FEAF5
:10A16000137C47EA03174FEA837E08914EEA920E6A
:10A17000019977404CEA021C5E068CEA0E0C46EA16
:10A18000D2164FEA426E8CEA06064EEAD31E41EA28
:10A19000030C0299341987EA0E0745EB070741EAD9
:10A1A000020509990CEA010C019901EA03060299DA
:10A1B0004CEA060601EA020E05EA0805009945EA9E
:10A1C0000E0514EB060E47EB050CD0E90C67D1E940
:10A1D0000C450A99A41945EB0705039E64180599D7
:10A1E00081EA06070699049E81EA0606079907EAAE
:10A1F0000107089906EA0106059987EA0107069909
:10A2000086EA0106079949EB0505E41945EB0605C1
:10A210008E0B089946EA814A8E0B079946EA8146D9
:10A220004FEA9149089949EA81398F0C079947EA21
:10A23000813708998AEA090A4FEAC15907997E408D
:10A2400049EA5129CF05089947EA51278AEA0707C1
:10A250000999E41986EA090645EB06054FEA1C77D9
:10A2600009194FEA8C76099146EA9E0648EB0501EA
:10A2700047EA0E174FEA1E784FEA8E7949EA9C09A1
:10A28000774048EA0C184FEA4E660A9188EA0908B6
:10A2900001994FEA4C6946EADC1688EA060649EA63
:10A2A000DE1943EA0E08341908EA010887EA0907AB
:10A2B000029945EB070703EA0E0642EA0C050D403A
:10A2C00002EA0C09009948EA060614EB060845EA7A
:10A2D000090547EB0509D0E90E67D1E90E45059957
:10A2E000A41945EB070564180699079E41EB05057F
:10A2F000039981EA06070499089E4E4009990F4088
:10A300000A990E4003994F4004994E4009994FEA2B
:10A31000913A0A99E41945EB06054AEA814A8E0BFF
:10A32000099946EA81464FEA914B0A994BEA813BEB
:10A330008F0C099947EA81370A998AEA0B0A4FEA92
:10A34000C15B09997E404BEA512BCF050A9947EA38
:10A3500051278AEA0707E41986EA0B0645EB06054A
:10A3600001994FEA19774FEA897646EA98064FEA4B
:10A37000187A47EA08174FEA887B09194BEA990BC4
:10A3800087EA06074AEA091A4FEA48668AEA0B0A88
:10A3900005914FEA496B029946EAD9168AEA060600
:10A3A0004BEAD81B41EB050187EA0B0734194EEA4B
:10A3B000080A45EB07070AEA030A4CEA09050EEA10
:10A3C000080615400CEA090B4AEA0606069145EA1A
:10A3D0000B05A119019147EB05010291009940314C
:10A3E0000091009C1B49A14200F140007FF4F2ABB8
:10A3F000CDE91232079B1893089B1993099B16937A
:10A400000A9B1793059B1493069B03990B9A15932C
:10A41000CDE910EC019B1A91CDE90E8904990C93BA
:10A42000029B0D931B910CAB02F1400552F8081FE3
:10A43000D3E900405668091940EB0600AA42C2E978
:10A44000001003F10803F1D100200DF53D7DBDE8BA
:10A45000F08F00BF7060020830B5034600282ED090
:10A4600000240025C3E9004517A5D5E90045C3E947
:10A47000024517A5D5E90045C3E9044516A5D5E968
:10A480000045C3E9064516A5D5E90045C3E90845D9
:10A4900015A5D5E90045C3E90A4515A5D5E9004547
:10A4A000C3E90C4514A5D5E90045C3E90E4514A53B
:10A4B000D5E90045C3E910450020986430BD01206E
:10A4C000FCE700BFAFF3008008C9BCF367E6096A88
:10A4D0003BA7CA8485AE67BB2BF894FE72F36E3C33
:10A4E000F1361D5F3AF54FA5D182E6AD7F520E5190
:10A4F0001F6C3E2B8C68059B6BBD41FBABD9831F4A
:10A5000079217E1319CDE05B2DE9F8430D461646FF
:10A510000446002847D0002945D0836C802B42D8C0
:10A5200000F14C0716B93046BDE8F883A36C93B927
:10A530007F2E10D929462046FFF7AEFA0028F3D126
:10A54000D4E9003213F5806342F10002C4E900321D
:10A550008035803EE6E7C3F18008B04528BFB046AD
:10A5600003F14B02224405EB08094D4516D1434443
:10A57000802BA3640ED139462046FFF78DFA0028C0
:10A58000D2D1D4E9003213F5806342F10002C4E96C
:10A590000032A0644D46A6EB0806C3E715F8011B80
:10A5A00002F8011FE1E70120BEE7F8B50D460446B9
:10A5B00000285DD000295BD0836C7F2B58D8D0E970
:10A5C00000670822E3FB02675A1C03448021702ABB
:10A5D000C0E90067826483F84C100AD90022A36C9A
:10A5E0007F2B39D904F14C012046FFF755FA00239F
:10A5F000A3640022A36C772B34D93B0E84F8C430BB
:10A600003B0C84F8C53036BA3B0A04F14C0184F89F
:10A61000C63084F8C770C4F8C8602046FFF73CFA1B
:10A62000294604F14002E37B0B70E3894B70E36839
:10A630001B0A8B70E368CB70E37A0B7163894B71F3
:10A64000A3681B0A08348B712368CB71944201F113
:10A650000801E8D10020F8BD591C2344A16483F807
:10A660004C20BCE7591C2344A16483F84C20C1E76B
:10A670000120F0E730B5B5B0054668461446FFF74F
:10A68000EBFE48B90A4668462946FFF73DFF18B970
:10A6900021466846FFF789FF35B030BD2DE9F0410E
:10A6A000FCB00446DDF8088248A81F460D46164651
:10A6B000FFF7D2FE202208EB020148A8FFF724FF93
:10A6C0003246294648A8FFF71FFF10A948A8FFF700
:10A6D0006CFF10A801F010FE10A920A801F08BFD5E
:10A6E00020A9204601F067FD48A8FFF7B5FE2146E6
:10A6F000202248A8FFF708FF3946202248A8FFF784
:10A7000003FF3246294648A8FFF7FEFE694648A8DF
:10A71000FFF74BFF684601F0EFFD10AB424669467C
:10A7200004F1200002F02AFE7CB0BDE8F0818378BD
:10A73000417802781B0443EA012343EA0200002126
:10A7400070470023C0E90033C0E90233C0E9043395
:10A75000C0E90633C0E90833704700230122C0E98D
:10A760000023C0E90233C0E90433C0E90633C0E97D
:10A77000083370472DE9F04753684E688D68CC6800
:10A780000F69D1F824A01E4493681D44D3681C446B
:10A79000136907EB030C4F69536907EB030E8F69CD
:10A7A000936907EB0308CF69D36907EB0309136AC1
:10A7B0000F6A09681F44536A126853440A44C0E987
:10A7C0000026C0E90254C0E904CEC0E90689C0E908
:10A7D0000873BDE8F0872DE9F74F83688D68CC6872
:10A7E0004E685D40C36852425C4004EA0203019334
:10A7F00004690B69634003EA020E44694B696340D4
:10A8000003EA020884698B69634003EA0209C469A8
:10A81000CB69634003EA020A046A0B6AD0E900C705
:10A82000634003EA020B446A4B6A09687E40634056
:10A830008CEA010116401540134011408268019CCA
:10A840005540C268856054400269C46082EA0E02C5
:10A850000261426981EA0C0182EA080277400160E4
:10A8600047604261826982EA09028261C26982EAC2
:10A870000A02C261026A82EA0B020262426A534021
:10A88000436203B0BDE8F08F2DE9F04F8BB00B6849
:10A89000019304684B68019D029384EA050A8B6862
:10A8A0004468029D039384EA0509CB688468039D8C
:10A8B000049384EA05080B69C468049D059384EA3F
:10A8C000050E4B690469059D06938B69079384EA1D
:10A8D000050CCB69069D446908930B6A099384EAC9
:10A8E00005074B6A8469079DDDF824B084EA0506F4
:10A8F000C469089D6540046A84EA0B04D0F824B05A
:10A9000052428BEA030B0AEA020A09EA020908EA40
:10A9100002080EEA020E0CEA020C1740164015401F
:10A9200014400BEA0202D0F800B08BEA0A0BC0F820
:10A9300000B0D0F804B08BEA090BC0F804B0D0F82E
:10A9400008B08BEA080BC0F808B0D0F80CB08BEA5E
:10A950000E0BC0F80CB0D0F810B08BEA0C0BC0F89E
:10A9600010B0D0F814B08BEA070BC0F814B0D0F8D0
:10A9700018B08BEA060BC0F818B0D0F81CB08BEA00
:10A98000050BC0F81CB0D0F820B08BEA040BC0F85F
:10A9900020B0D0F824B08BEA020BC0F824B00198A4
:10A9A00080EA0A000860029880EA0900486003987B
:10A9B00080EA08008860049880EA0E00C860059864
:10A9C00080EA0C0008610698474007984F614640AE
:10A9D00008988E6145400998CD61444053400C620F
:10A9E0004B620BB0BDE8F08F2DE9F043D1E9009840
:10A9F000D1E902E3D1E90476D1E90654D1E908218D
:10AA0000C0E90098C0E902E3C0E90476C0E9065451
:10AA1000C0E90821BDE8F0832DE9F04F044608465F
:10AA20008DB050F8042B05920D46FFF780FE8B0188
:10AA300043EA90630B938301E81D0293FFF777FECF
:10AA40004FEA4118430148EAD06805F10A0006932D
:10AA5000FFF76DFE4FEAC10BC3004BEA507B05F1D7
:10AA60000D000393FFF763FE83004FEA810A4AEA71
:10AA7000907A079305F114002B690193FFF757FEB5
:10AA8000CF01C30147EA506705F117000893FFF7AC
:10AA90004EFE4FEA4119430149EAD06905F11A0017
:10AAA0000493FFF744FE0E01030146EA107605F118
:10AAB0001D000993FFF73BFE810021F07E4121F04C
:10AAC000030101F18075059A680E4FF0130CA0FB8D
:10AAD0000C0C831805F07E4505932CBF0120002047
:10AAE0004B1B0A93029B069D13F180720B9B4FEA4E
:10AAF000526143F1000341EAC311491948EB63680D
:10AB0000029B069102F07E429B1A0B93039B0799CE
:10AB100013F180734BF1000B5A0E42EACB1252181C
:10AB20000292039A03F07E434AEB6B61D31A0393BC
:10AB3000019B13F180732CBF012500255A0E42EAB8
:10AB4000C512089D5219019D03F07E4347F1000E86
:10AB5000EB1A0793049B099F13F1807549F10009D3
:10AB60006B0E43EAC913DB1946EB6969049E05F0D5
:10AB70007E45751B0495059D15F1007C40F1000B89
:10AB8000069810F10077029848F1000810F100765D
:10AB900041F10001019112F1007505994EF1000E8D
:10ABA0000CF07C4A13F1007049F100094FEA9C6CEB
:10ABB000B1EB0A0A0B99C4F800A04CEA8B1C1CEB01
:10ABC000010C0699C4F804C007F07C4CB1EB0C0CE6
:10ABD000BF0E0399C4F808C047EA88177F18029986
:10ABE000E76006F07C47CF1B01992761B60E46EA65
:10ABF00081160799761805F07C41521AA261AD0EB4
:10AC0000049A666145EA8E15AD1800F07C429B1AE5
:10AC10002362800E0A9BE56140EA8910C0186062D9
:10AC20000DB0BDE8F08F2DE9F04F8246D1E9000369
:10AC3000A5B0D2E9005808938B680193CB680993BB
:10AC40000B6902934B690A93D1E906930B93D1E9FF
:10AC500008630C9393680393D36805931369069371
:10AC600053690D9393690F93D3691693136A1893DD
:10AC7000536A1993039B019C4FF0130B0BFB03FCCE
:10AC8000059B0BFB03F7069B0BFB03F317930D9B35
:10AC90000BFB03F310930F9B0BFB03F30E93169B1D
:10ACA0000BFB03F30793189BDDF81CE00BFB03F28F
:10ACB000199B0BFB03F30493089B04995B0011930E
:10ACC000099B5B0012930A9B5B0013930B9B5B0039
:10ACD00014930C9B5B001593119B83FB0131C0FB0C
:10ACE0000531C4FB0231129CC4FB0E31029CDDF81D
:10ACF00038E0C4FB0E31139CDDF840E0C4FB0E319C
:10AD0000179CC9FB0431149CC4FB0731159C0BFB39
:10AD100008FEC6FB0C31C4FB0E31CDE91A31089B8D
:10AD2000019C049985FB033EC0FB083EC1FB043E29
:10AD3000099C0299C2FB043E079CC4FB013E0E998C
:10AD40000A9CC1FB043E10990B9CC1FB093E17995C
:10AD5000C1FB043E0C99049CC7FB063ECCFB013EA4
:10AD6000CDE91C3E119B039988FB033CC0FB013CD1
:10AD70000199C5FB013C1299C4FB013C0299139C4B
:10AD8000C2FB013C0799C1FB043C0E99C1FB093C85
:10AD90001099149CC1FB043C1799049CC1FB063C10
:10ADA0001599C7FB013CCDE91E3C0899039B83FB29
:10ADB00001370599C0FB01370199C8FB0137099993
:10ADC000C5FB01370299C4FB01370A990B9CC2FBF2
:10ADD00001370799C1FB09370E99C1FB0437109958
:10ADE0000C9CC1FB06371799C1FB043717931199C7
:10ADF000059B209783FB01730699019CC0FB01739F
:10AE00000399C1FB04731299049CC8FB0173029956
:10AE1000C5FB01731399C4FB01730799149CC2FB12
:10AE20000973C1FB04730E99159CC1FB067310993D
:10AE3000C1FB04730699089C109781FB047C0D9953
:10AE4000019CC0FB017C0599C1FB047C0399099C12
:10AE5000C1FB047C02990C9CC8FB017C0A99C5FBD0
:10AE6000017C0499C1FB097C0B99C2FB017C079909
:10AE7000C1FB067C0E99C1FB047C0D99119C0E97B9
:10AE800081FB047E0F99019CC0FB017E0699C1FBEA
:10AE9000047E0599129CC1FB047EDDE90241C1FBE1
:10AEA000047E1399049CC8FB017E1499C5FB097E9E
:10AEB000C4FB017E0799159CC2FB067EC1FB047E84
:10AEC0000F99089CCDF884E0079781FB047E1699C2
:10AED000019CC0FB017E0D99C1FB047E0699099C73
:10AEE000C1FB047E0599029CC1FB047E03990A9C68
:10AEF000C1FB047E0B99019CC8FB097EC5FB017E4A
:10AF00000499C1FB067E0C99C2FB017E1199169A29
:10AF1000CDE9227E82FB01271899C0FB01270F99FA
:10AF2000C1FB04270D99129CC1FB04270699029CC2
:10AF3000C1FB04270599139CC1FB04270399C1FB9E
:10AF400009271499049CC8FB01271599C5FB0627FE
:10AF5000C4FB012711920899189A82FB01241999C0
:10AF6000C0FB012416990198C1FB002410460999E1
:10AF70000F9AC2FB01040D9A0299C2FB01040A99BF
:10AF8000069AC2FB0104059A0B99C2FB0904039AB5
:10AF9000C2FB01040C9A1A99C8FB0604C5FB020403
:10AFA0001A9A0E9D12F100761B9ACDE9080442F11F
:10AFB0000000B40E1C9A44EA8014A4181D9A06F0EE
:10AFC0007C4642EBA062891B0A911B9961EB000150
:10AFD0000B91109911F1007143F10006880E40EABF
:10AFE00086104019109D01F07C414CEBA66C691A4B
:10AFF00063EB060314F180761E9D42F100024FEAD6
:10B00000566E4EEAC21E1EEB050504951F9D06F006
:10B010007E4645EB6262A41B0C9410F18074079D80
:10B020004CF1000C660E46EACC1675190595219D6B
:10B0300004F07E4445EB6C6C001B0D900498179C4B
:10B04000089D10F10070019042F10002800E40EA6C
:10B050008210001906902098229C40EBA26205986D
:10B0600010F1007002904CF1000C800E40EA8C1040
:10B070000019239C44EBAC6C069C14F1807403947F
:10B0800042F10002640E44EAC214641843EB6263A6
:10B0900010F18079119A4CF1000C4FEA596141EAA4
:10B0A000CC11891847EB6C6C14F1007743F1000365
:10B0B00011F100784CF1000C4FEA9862079342EAD4
:10B0C0008C12099B521943EBAC6C12F1807E4CF14F
:10B0D000000C4FEA5E650A9B45EACC15A5FB0B65A3
:10B0E000F6184FEA6C6C0B9B0BFB0C5545EB0305FC
:10B0F00016F1007C0C9B45F100050CF07C4B4FEAEF
:10B100009C6C4CEA851CB6EB0B061CEB0305019B03
:10B11000CAF8045003F07C45049BCAF800605D1B2C
:10B12000039BCAF8085003F07E45069B5D1B079BF6
:10B13000CAF80C5007F07C45BF0E47EA83170D9BF9
:10B14000641BFF18029BCAF81040059CCAF81470D3
:10B1500009F07E4908F07C480EF07E4E03F07C43F7
:10B16000E31AB0EB0900B1EB0801B2EB0E02CAF82A
:10B170001830CAF81C00CAF82010CAF8242025B0DC
:10B18000BDE8F08F2DE9F04F6C4B0A68CC684D6834
:10B190008BB082FB0382039284FB034204924A69D0
:10B1A00082FB03E20592CA6982FB032601924A6A86
:10B1B000069682FB039219F1807C42F100024FEA6D
:10B1C0005C664FF0130B46EAC216A6FB0B6A5216DA
:10B1D0000BFB02AA16EB08020292039A85FB0357A7
:10B1E0000CF07E4C4AEB020AB9EB0C0215F18076AA
:10B1F000079247F100078A684FEA566C4CEAC71C71
:10B2000006F07E467F16C2FB03C7AA1B0892049A6B
:10B21000CDF80CC014F1807542F10006B9460A69F8
:10B220006F0E47EAC61705F07E457616C2FB037619
:10B23000621B0992059A04971EF1807842F100047E
:10B240004FEA58658A69096A45EAC4156416C2FB63
:10B250000354019A059508F07E48BEEB080812F1E8
:10B26000807E069A4FEA5E6542F1000245EAC21509
:10B270005216C1FB0352019B0EF07E4EB3EB0E0E35
:10B28000029B13F1007C039B4AF1000A13F1007743
:10B2900049F100030193049BAB4613F10075059B34
:10B2A00046F1000613F1007144F100041BF1007334
:10B2B00042F100020692029A0CF07C49B2EB0909B5
:10B2C0004FEA9C6C089AC0F800904CEA8A1C1CEB70
:10B2D000020C039AC0F804C007F07C4CB2EB0C0CD3
:10B2E000019AC0F808C0BF0E47EA8217099ABF1832
:10B2F000C760049A05F07C47AD0E45EA8615D71B5A
:10B3000015EB0805059A456101F07C45890E41EA77
:10B310008411551B11EB0E01069AC16103F07C41AB
:10B320009B0E43EA8213079A0761BBEB01019B184E
:10B330008561016243620BB0BDE8F08F42DB010022
:10B340004B682DE9F041C3F1000E8B68CF680E69A0
:10B350004D698C69C3F1000CCB69C3F100080B6A1D
:10B360005A424B6A09687F4276426D4264425B42B0
:10B370004942C0E9001EC0E902C7C0E90465C0E94E
:10B380000648C0E90823BDE8F0812DE9F04F0A46E0
:10B390008246D2E9024097B04FF0260C0690D2E9DF
:10B3A00004B00190D2E906E00390106A526A089254
:10B3B00062000592069A039E0490520000924FEAA2
:10B3C0004B020C92019A52000292039A0CFB06F770
:10B3D0005200049E0992D1E90013132202FB06F8E1
:10B3E000089E079302FB0EF0019A5D000CFB06F627
:10B3F0000CFB02F385FB062CC1FB012C4FEA410933
:10B4000061464FEA440CCCFB0821DDF800C0CCFBC0
:10B4100007214FEA4B0CCCFB00219446019AC2FB5A
:10B4200003C1CDE90AC1079B009984FB06C2C9FB91
:10B4300003C2C1FB08C20299CBFB07C2C1FB00C219
:10B44000CDF834C0009983FB053CC9FB043CC1FB2B
:10B45000063C4FEA4B01C8FB013C0299C1FB073C8B
:10B460001946CEFB001CCDE90E1C069984FB053065
:10B47000C9FB01300299CBFB0630C1FB08301946ED
:10B48000CEFB0710CDE91010009985FB0103C9FB25
:10B490000B030299C4FB04034FEA4E0CC1FB0603E5
:10B4A0000399C8FB0C03C1FB0703019907908BFBB1
:10B4B0000540C9FB0140DDE90571C1FB0740099961
:10B4C000CEFB0640C1FB08400299129485FB014C5B
:10B4D000C9FB0E4C0699CBFB074C009FC1FB074CE8
:10B4E0000999C1FB064C0499C1FB084C03990694C9
:10B4F0008EFB0547DDF81480C9FB01470199C1FBAC
:10B5000008470099CBFB01470499C1FB0647CDE9E9
:10B5100013470999029C85FB01780499C9FB0178BE
:10B520000599CEFB01780099C1FB04780899059C28
:10B53000CBFB0B78C1FB06780499099781FB056565
:10B540000899CDF85480C9FB01650399C1FB0465D6
:10B5500000990C9CCEFB01650199C1FB04650A9919
:10B56000089611F100770B99129CAE464FEA976648
:10B5700041F100050D9946EA851676180A9907F0FB
:10B580007C4742EBA562B1EB070B0B9961EB050120
:10B590000A91079911F1007143F100078D0E45EAF8
:10B5A00087152D19079C01F07C4140EBA760611ABB
:10B5B00063EB070316F180770E9C42F100024FEA1D
:10B5C000576848EAC21818EB040403940F9C07F06C
:10B5D0007E4744EB6262F41B15F1807640F1000077
:10B5E0000794770E069C47EAC0173C1906F07E4682
:10B5F0004CEB606CA81B04940B900398109C159D59
:10B6000010F10070009042F10002800E40EA8210BA
:10B61000001905901198139C40EBA262049810F158
:10B62000007001904CF1000C800E40EA8C10001963
:10B63000149C44EBAC6C059C14F18074029442F1B0
:10B640000002640E44EAC214641843EB626310F112
:10B650008079099A4CF1000C4FEA596141EACC110A
:10B66000891845EB6C6C14F1007743F1000311F17C
:10B670000078089D06934CF1000C4FEA986242EA6C
:10B680008C1252194EEBAC6C12F1807E4CF1000C16
:10B690004FEA5E65132345EACC15A5FB03654FEA27
:10B6A0006C6C03FB0C550A9B16EB0B0645EB030574
:10B6B00016F1007C079B45F100050CF07C4B4FEA2E
:10B6C0009C6C4CEA851CB6EB0B061CEB0305009B3F
:10B6D000CAF8045003F07C45039BCAF800605D1B68
:10B6E000029BCAF8085003F07E45059B5D1B069B34
:10B6F000CAF80C5007F07C45BF0E47EA83170B9B36
:10B70000641BFF18019BCAF81040049CCAF814700F
:10B7100009F07E4908F07C480EF07E4E03F07C4331
:10B72000E31AB0EB0900B1EB0801B2EB0E02CAF864
:10B730001830CAF81C00CAF82010CAF8242017B024
:10B74000BDE8F08F30B5A9B0044668460D46FFF756
:10B750001CFE69460AA8FFF718FE0AA90846FFF76B
:10B7600014FE0AAA29461046FFF75DFA0AAA69469E
:10B770006846FFF758FA694614A8FFF706FE0AA9BB
:10B78000084614AAFFF74FFA0AA914A8FFF7FDFD0F
:10B79000042514A90846FFF7F8FD013DF9D10AAACE
:10B7A000104614A9FFF73FFA0AA914A8FFF7EDFD08
:10B7B000092514A90846FFF7E8FD013DF9D114A9B0
:10B7C00008460AAAFFF72FFA14A91EA8FFF7DDFD05
:10B7D00013251EA90846FFF7D8FD013DF9D114AA8B
:10B7E00010461EA9FFF71FFA14A90846FFF7CDFD62
:10B7F000092514A90846FFF7C8FD013DF9D10AAA99
:10B80000104614A9FFF70FFA0AA914A8FFF7BDFD07
:10B81000312514A90846FFF7B8FD013DF9D114A957
:10B8200008460AAAFFF7FFF914A91EA8FFF7ADFD05
:10B8300063251EA90846FFF7A8FD013DF9D114AA0A
:10B8400010461EA9FFF7EFF914A90846FFF79DFD62
:10B85000312514A90846FFF798FD013DF9D10AAA40
:10B86000104614A9FFF7DFF90AA90846FFF78DFD76
:10B8700004250AA90846FFF788FD013DF9D16A466B
:10B880000AA92046FFF7CFF929B030BD2DE9F04FC6
:10B8900097B00A6902924A690392D1E906A2D1E9F6
:10B8A000026705920A6A06924A6A08927200079233
:10B8B0007A000992029ADDF814C0019052000A92AF
:10B8C000039A52000492059A262000FB0CF85200BD
:10B8D000DDF818C00B92D1E90053132202FB0CF9DA
:10B8E000DDF820C002FB0AF4039A00FB0CFB4FEAD0
:10B8F000430E50438EFB0B2CC5FB052C690065469F
:10B900004FEA460CCCFB09254FEA470CCCFB082537
:10B91000DDF828C0CCFB04259446039AC2FB00C581
:10B9200086FB0B20CDF838C0C1FB03204FEA470C43
:10B93000CCFB0920DDF808C0CCFB08209446049A13
:10B94000C2FB04C083FB0E32CDF83CC0C1FB063203
:10B950004FEA470CCCFB0B32DDF828C00C90C9FB3A
:10B960000C32DDF810C00298CCFB08329C46CAFBB2
:10B9700004C2CDF840C0029C86FB0E3CC1FB073CD4
:10B98000C4FB0B3C049CC4FB093C1C46CAFB084C92
:10B9900011947C008EFB0434C1FB00340498C6FB78
:10B9A0000634C0FB0B344FEA4A00C9FB003405984B
:10B9B0001E46C0FB08640298129680FB0E63039833
:10B9C000C1FB00630798C7FB00630B98CAFB0B63BE
:10B9D000C0FB096304980D931396079B8EFB0068C8
:10B9E0000298C1FB0A68C0FB03687800C7FB0068C7
:10B9F0000B984746C0FB0B670698C0FB0967059884
:10BA000014968AFB0E68C1FB00680398DDF8249049
:10BA1000C0FB03680298C0FB09680698C0FB0B686E
:10BA200015960B988EFB00960698C1FB0096CAFBF4
:10BA300003960998049BC0FB03960298109BC0FBD9
:10BA400000960898C0FB0B960698CDF8089080FBEE
:10BA50000EE90898C1FB00E949460598DDF81C90FD
:10BA6000C0FB09E10998DDF82890CAFB00E10398C2
:10BA7000DDF84CA0C0FB09E10E98F14610EB000E7A
:10BA80000F986D4110EB000B0C984041DB180393AD
:10BA9000119B5241DB184CEB0C0CCDF81CC0DDF8AF
:10BAA00048C006931CEB0C0C0D9B64411AEB0A0A70
:10BAB0005B410493149BDB180593159B7F41DB18B6
:10BAC0000B93029B0A9748EB0808DB1876410C930E
:10BAD0000D9619EB09060E9649411EF1007645F1C7
:10BAE00000070F91B10E41EA871111EB0B0106F02F
:10BAF0007C4640EBA760BEEB060B65EB070508959F
:10BB00001CF1007544F10006AF0E049BDDF80CE05B
:10BB100047EA861717EB0A0705F07C4543EBA66357
:10BB2000BCEB050564EB060611F1807440F10000E2
:10BB30004FEA546C4CEAC01C1CEB0E0C04F07E4423
:10BB400042EB6062091B099117F18071059CCDF8E9
:10BB500010C043F10003480E40EAC31000190590DD
:10BB60000A9801F07E4140EB636C791A0A910499BE
:10BB700011F10071029142F100028B0E069943EA25
:10BB800082135B180799069341EBA26205990B9B00
:10BB900011F100714CF1000C880E039140EA8C10F9
:10BBA0000699C01848EBAC6C11F1807A42F10003A1
:10BBB0004FEA5A6444EAC314641946EB636310F114
:10BBC00080790C9A0D9D4CF1000C4FEA596141EAC5
:10BBD000CC11891845EB6C6C14F1007743F100032C
:10BBE00011F100780E9D07934CF1000C4FEA98621A
:10BBF00042EA8C1252190F9D45EBAC6C12F1807E1B
:10BC00004CF1000C4FEA5E65132345EACC15A5FB09
:10BC100003654FEA6C6C03FB0C55089B16EB0B0697
:10BC200045EB030516F1007C019B0CF07C4B45F1C4
:10BC30000005B6EB0B061E604FEA9C6C099B4CEAB4
:10BC4000851C1CEB0305019B5D60029B03F07C459A
:10BC5000049B5D1B019B9D60069B0AF07E4AB3EB33
:10BC60000A05019BDD6007F07C45641B1C61079B96
:10BC7000059CBF0E47EA83170A9BFF18019B5F6173
:10BC8000039B03F07C43E31A09F07E49019C08F012
:10BC90007C480EF07E4EB0EB0900B1EB0801B2EB30
:10BCA0000E02A361E0612162626217B0BDE8F08F0D
:10BCB0002DE9F04753684E688D68CC680F69F61A15
:10BCC0009368ED1AD368A4EB030A13694C6AA7EBD7
:10BCD000030C4F695369A7EB030E8F699369A7EBB8
:10BCE0000308CF69D369A7EB0309136A0F6A0968D0
:10BCF000FF1A536A1268E31A8A1AC0E90026C0E9DB
:10BD0000025AC0E904CEC0E90689C0E90873BDE85B
:10BD1000F0870B462DE9F047D3E90892D1E9008E70
:10BD20004FF0130AD3E90476D3E906540AFB02F371
:10BD3000D1E902C103F1807308EB63630EEBA363E7
:10BD40000CEB636301EBA36307EB636306EBA36395
:10BD500005EB636304EBA36309EB636302EBA3638B
:10BD60005B160AFB03880EEBA86E0CEB6E6C01EB06
:10BD7000AC6107EB616706EBA76605EB666504EB54
:10BD8000A56428F07C4809EB646929F07C4302EB48
:10BD9000A9624FEA28292EF07E4E80F801904FEAE2
:10BDA000284980F802904FEA8E0980F8008049EA1D
:10BDB000186880F803804FEAAE182CF07C4C80F8AD
:10BDC00004804FEAAE3880F805804FEACC0848EA94
:10BDD0009E5E80F806E04FEA6C1E21F07E4180F8FE
:10BDE00007E04FEA6C3E80F808E04FEA411E4EEA59
:10BDF0005C5C80F809C04FEAE10C80F80AC04FEAA9
:10BE0000E12C80F80BC04FEA871C4CEAD14101734A
:10BE1000C7F3970126F07E464173C7F38F218173E4
:10BE2000311225F07C45417431148174690041EA76
:10BE30001661C174E91124F07E440175C7F3874788
:10BE4000E913C77306744175E10041EAD551817564
:10BE50006111C17561130176190141EA54514176AE
:10BE6000191122F07E4281761913C176910141EABF
:10BE70001353037793104377931292148377C27707
:10BE8000BDE8F08700B589B001466846FFF741FF7D
:10BE90009DF8000000F0010009B05DF804FB70B5EA
:10BEA00004460D461646FEF796FC324605F128017B
:10BEB00004F12800FEF78FFC324605F1500104F131
:10BEC0005000BDE87040FEF786BC00002DE9F04749
:10BED0000646D4B29EB0D70F06F1280A04EAE272F1
:10BEE0008846A4EB420406F15009FEF736FC5046A2
:10BEF000E4B2FEF732FC4FF47075484605FB08F5D6
:10BF0000FEF71FFCDFF8D88084F00102B2FA82F25B
:10BF100008EB050130465209FFF7C1FF84F0020229
:10BF200005F17801B2FA82F2414430465209FFF736
:10BF3000B6FF84F0030205F1F001B2FA82F2414447
:10BF400030465209FFF7ABFF84F0040205F5B471E7
:10BF5000B2FA82F2414430465209FFF7A0FF84F062
:10BF6000050205F5F071B2FA82F2414430465209F9
:10BF7000FFF795FF84F0060205F51671B2FA82F21A
:10BF8000414430465209FFF78AFF84F0070205F565
:10BF90003471B2FA82F2414430465209FFF77FFF12
:10BFA00084F0080205F55271B2FA82F25209414456
:10BFB0003046FFF774FF51466846FEF715FD3146DF
:10BFC0000AA8FEF711FD494614A8FFF7B9F93A4649
:10BFD00069463046FFF763FF1EB0BDE8F08700BF3B
:10BFE000706002082DE9F043054601F128088BB086
:10BFF00005F128060C4617460A464146FEF7BAFBED
:10C0000022464146304605F15008FFF751FE3A46B8
:10C0100029464046FEF707FE05F1780907F1280298
:10C0200031463046FEF7FFFD04F1780207F150017A
:10C030004846FEF7F8FD04F1500211466846FEF747
:10C0400099FB324641462846FFF732FE32464146CA
:10C050003046FEF78FFB4A4669464046FEF78AFBAC
:10C060004A4669464846FFF723FE0BB0BDE8F08319
:10C07000F8B501F178070C4605463A4604F150063A
:10C08000FEF7D1FD324604F1280105F12800FEF744
:10C09000CAFD3A46314605F15000BDE8F840FEF7CA
:10C0A000C2BD2DE9F0410C4601F178080546424633
:10C0B00004F1280604F15007FEF7B5FD3A46314673
:10C0C00005F12800FEF7AFFD4246394605F1500064
:10C0D000FEF7A9FD3246214605F17800BDE8F041A2
:10C0E000FEF7A1BD2DE9F04304460E468BB004F1E6
:10C0F000500506F12809FFF748F904F17808494688
:10C100002846FFF742F904F1280706F1500140469E
:10C11000FFF7BCFB4A4631463846FEF72BFB394653
:10C120006846FFF732F9224629463846FEF722FBD9
:10C13000224629462846FFF7BBFD3A466946204677
:10C14000FFF7B6FD2A4641464046FFF7B1FD0BB06A
:10C15000BDE8F08310B50446FEF7F3FA04F12800B9
:10C16000FEF7FBFA04F15000FEF7F7FA04F178004D
:10C17000BDE81040FEF7E5BA38B504460D46FEF7B7
:10C1800033FC05F1280104F12800FEF72DFC05F130
:10C19000500104F15000BDE83840FEF725BC10B551
:10C1A0009EB004466846FFF7E7FF69462046FFF762
:10C1B00099FF1EB010BD30B59FB004460D466846CD
:10C1C0005031FFF7BFFA6A4629460AA8FEF72BFD51
:10C1D0006A4605F1280114A8FEF725FD14A920469A
:10C1E000FFF797FD0AA8FFF74DFEE37F83EAC01330
:10C1F000E3771FB030BDF0B5F5B06A464D1E04467A
:10C200001F311346164615F8010F00F00F078D4237
:10C210004FEA10101F70587003F10203F3D100258C
:10C22000294692F900300B44DBB203F1080141F3D7
:10C230000311C8B20135A3EB00133F2D02F8013BF7
:10C24000EFD196F83F30184486F83F002046FFF7BC
:10C2500081FF0125725769102EA8FFF737FE2EAA1D
:10C2600021464CA8FFF7BEFE02354CA92046FFF739
:10C2700018FF412DEED121464CA8FFF790FF4CA9A5
:10C2800010A8FFF7F5FE10A94CA8FFF72BFF4CA94B
:10C2900010A8FFF7EDFE10A94CA8FFF723FF4CA94B
:10C2A00010A8FFF7E5FE10A94CA8FFF71BFF4CA94B
:10C2B0002046FFF7F6FE0025725769102EA8FFF7FB
:10C2C00005FE2EAA21464CA8FFF78CFE02354CA98C
:10C2D0002046FFF7E6FE402DEED175B0F0BD837825
:10C2E000417802781B0443EA012343EA020000215B
:10C2F00070470068002170472DE9F04F9DB08346DC
:10C30000FFF7EDFFC0F314030BF102000B93FFF7EF
:10C31000F0FFC0F354130BF105000C93FFF7DFFFA0
:10C32000C0F394030BF107000D93FFF7E2FFC0F396
:10C33000D4130BF10A000993FFF7DBFFC0F31413CA
:10C340000BF10D000A93FFF7CAFFC0F354030BF182
:10C350000F000E93FFF7CDFFC0F394130BF1120003
:10C360000893FFF7BCFFC0F3D4030BF1150007934C
:10C37000FFF7B5FFC0F314030BF117000F93FFF79E
:10C38000B8FFC0F354130BF11A000593FFF7A7FF92
:10C39000C0F394030BF11C000693FFF7AAFFC0F350
:10C3A000D4160BF11F00FFF7A4FFC0F314170BF115
:10C3B0002200FFF794FFC0F354080BF12400FFF7AD
:10C3C00098FFC0F394190BF12700FFF788FFC0F323
:10C3D000D40A0BF12A00FFF782FFC0F314030BF11C
:10C3E0002C000393FFF785FFC0F354130BF12F00CC
:10C3F0001093FFF774FFC0F394030BF13100019326
:10C40000FFF777FFC0F3D4130BF134000293FFF76B
:10C4100070FFC0F314140BF13700FFF760FFC0F397
:10C4200054030BF13900FFF764FFC0F394120BF1D2
:10C430003C00FFF75EFFDFF848E3C00840EA4170C8
:10C44000CD08A0FB0EC11CEB060C0EFB051141F143
:10C4500000011191CB498E46A0FB0161F6190EFB3C
:10C460000511C94F129641F100011391A0FB07611C
:10C4700016EB0806DFF814831496C0F1000608FBDB
:10C48000056E07FB0511A0FB088741F1000118EBC1
:10C490000909CDF854904EEB0709CDF85890DFF814
:10C4A000F092A0FB09E709FB05771EEB0A0ACDF81D
:10C4B0005CA047F1000ACDF860A0DFF8D8A2039F86
:10C4C000DFF8BCE20AFB0566A0FB0A05C019039071
:10C4D00046EB050004900698119DA2FB0E7A3F18CA
:10C4E000A848A2FB00694AF1000A16EB0C06DFF827
:10C4F00098C2129845EB0909A2FB0C582818139D05
:10C500000690A24845EB0808149DA2FB000E4019B6
:10C51000AEEB020E4EEB010E9D49159DA2FB01C133
:10C520001CEB05051195169D45EB010112919949EA
:10C53000944DA2FB01C1891A179A1CEB02021392B7
:10C54000189A41EB020214928D4AA3FB021C059A31
:10C550008918A3FB05254CF1000CD2194AEB0507FD
:10C56000DFF824A2A3FB0AA51AEB060A49EB05058E
:10C57000864E1595069DA3FB069619EB0505A6EBC1
:10C58000030646EB0806DFF80882A3FB088918EBD0
:10C5900000084EEB090016907E48A3FB00E0C01A8D
:10C5A000119B1EEB03030593129BDFF8D4E140EBD4
:10C5B000030306930F9BA4FB0E0EC018714BA4FB44
:10C5C00003934EF1000E19EB0101DFF8BC914CEB27
:10C5D000030CA4FB09399B1847EB09070F976B4F16
:10C5E000A4FB077917EB0A07DDF854A0A9EB0409AF
:10C5F00049EB0A09DFF898A1A4FB0A2A5219654DF4
:10C60000119246EB0A0AA4FB05652D1B16EB0804E4
:10C610001294169C5A4A45EB04041594029C079EFA
:10C62000DDF80880A4FB0245A419564E029AA8FB27
:10C63000068645F1000518EB00004EEB0606DFF814
:10C640004881DDF808E0AEFB08E81EEB010E4CEB7C
:10C65000080C4E49DDF80880A8FB0118C9180F9B8B
:10C66000A8EB020848EB0308494BA2FB0323D719A8
:10C6700049EB0309474A029BA3FB02230F92029A4C
:10C680009B1A07930F9A119BD218079B029243EBB8
:10C690000A0ACDF81CA03A4ADDF804A0AAFB02A3BE
:10C6A000089A1AEB020A43F100030893019A354BEA
:10C6B000A2FB0323121945EB0305334C019B0F9298
:10C6C000A3FB0423121846EB03063048019B019C90
:10C6D000A3FB000310EB0E00DFF8B4E0A3EB0403B0
:10C6E00043EB0C0CA4FB0E3E5B1848EB0E01A0467E
:10C6F000284CA8FB048E019C18EB0707AEEB040E38
:10C70000DDF8208011974EEB09091AF580170F9C70
:10C7100048F100084FEA575E4EEAC82E1EEB040EA1
:10C720004FEA575745F100057F050195BAEB07051C
:10C730000F95089D65EB080512F5801446F100077A
:10C740001695650D45EAC725640D2D184FEA44542A
:10C750004CF1000C101B179066EB070613F58010C8
:10C7600041F100041896420D119E42EAC422400D88
:10C7700092194FEA405049EB64571E1A0CE000BF73
:10C78000132C0A00182D070067FB090053C6F0FFA1
:10C79000D11502008390F5FF61EB04011991029914
:10C7A000119611F580100799029E41F10004430D86
:10C7B000129943EAC4235B184FEA50501599089325
:10C7C0004FEA405041EB6451361A0296079E139B84
:10C7D00066EB04061296059E16F58010069E46F13D
:10C7E0000004460D46EAC42616EB030A149E109B6D
:10C7F00046EB64560796400D059E4005361A059691
:10C80000069E66EB04060696039E16F58014049EAB
:10C810004FEA545046F1000840EAC820C0184FEAD9
:10C820005454039B4FEA68564FEA445446F10006BD
:10C830001B1B1093049B63EB08031393019B1EF5D2
:10C84000801443F100094FEA5458179B48EAC9285D
:10C8500018EB03031493189B4FEA545443F100035D
:10C8600064051593BEEB04031793019B63EB090961
:10C8700015F580144CF10008119B4FEA545E4EEA06
:10C88000C82E1EEB030311934FEA5454199B4FEA31
:10C89000445443EB68532D1B19956CEB080512F5B6
:10C8A000801418931A95029B47F100054FEA545CD7
:10C8B0004CEAC52C1CEB03030193129B4FEA545422
:10C8C00043EB655364050493131B1293089B67EBBA
:10C8D00005051B9513F5801541F10004059B069F86
:10C8E0006A0D42EAC422D31802934FEA5555089BB9
:10C8F000D14A4FEA455547EB64575D1B61EB040194
:10C900000691079903951AF5801341F10004109DD3
:10C910000597590D41EAC42149194FEA5353139D14
:10C92000079F4FEA435345EB6455BAEB0303DFF827
:10C930000CA367EB0404A0FB027EA0FB0A8C02FBA5
:10C9400006EE0E9A0AFB06CCDDF83CA0BF184EF1AD
:10C95000000E18EB0A08CDF83880DDF858804CEB53
:10C96000080CCDF83CC0DFF8D8C2E246A0FB0C8C26
:10C970000AFB06CCDDF85CA018EB0A084CEB090CAE
:10C98000DFF8C092CDF84CC0C0F1000CCDF840806B
:10C9900009FB06C8A0FB099AD044DDF850A019EBAA
:10C9A0000A0ADDF8549048EB0908CDF85080DFF80A
:10C9B00098824246A0FB089802FB0688199A19EB58
:10C9C00002091A9A48EB0208A04A02FB06CCA0FB17
:10C9D0000206119A821818980792B4444CEB000C86
:10C9E000954ACDF820C0DDF828C0A1FB026016EB07
:10C9F0000C0C02FB050040F100000A908F48024633
:10CA0000A1FB006002FB0500F21940EB0E00DFF80D
:10CA100030E211920E9A1590A1FB0E60B2180E92A0
:10CA2000884E0F9A0EFB050040EB02023746484243
:10CA3000A1FB077E06FB05067644DDF840E00F9279
:10CA4000139A17EB0E0E46EB02027F4E10923246FF
:10CA5000A1FB067602FB0566149A17EB0A0A46EB61
:10CA600002027A4E139206FB0500734A734FA1FB34
:10CA70000615284411EB09051495A3FB025602FB89
:10CA80000466099A40EB08001690AD18A3FB070155
:10CA9000DFF8AC81119A46F1000610EB0C00DDF8CE
:10CAA00028C007FB041141EB0C0CA3FB0871BA185A
:10CAB0001192159A08FB041141EB0202614915928B
:10CAC0005F420E9A01FB0479A3FB0118C844DDF80C
:10CAD0003C90891848EB0909CDF83890DFF8689147
:10CAE0004A46A3FB099819EB0E09DDF840E002FB6A
:10CAF000048848EB0E0ECDF83CE0DFF850E1029AD6
:10CB0000DFF83C810EFB0477A3FB0E34274413EBC4
:10CB10000A04139B099447EB03030A93464B059CB5
:10CB2000DDF814A0A2FB037E03FB04EE0D9B434A39
:10CB3000FF18029BA3FB02434EF1000E02FB0A33D7
:10CB4000641943EB06030D93029B029EA3FB08535B
:10CB50002A1808FB0A3343EB0C0A029B0598109233
:10CB6000DFF8E0C0029ADDF854805B420CFB003530
:10CB7000A2FB0C0C119AAC44334D80184CEB080C02
:10CB80002A46A6FB0585059E02FB06550E9E029AC7
:10CB900018EB010145EB0608059E2C4D05FB0633FD
:10CBA000A2FB052512EB09060F9A05962B4443EBD1
:10CBB0000203039E0E93204BA6FB0392069E03FBEB
:10CBC00006220C9E19EB060942F100030C931B4A46
:10CBD000039EA6FB0235069EDB1902FB0655184F85
:10CBE000039E45EB0E053A46A6FB07E7069E02FBB1
:10CBF00006770D9A1EEB040647EB02040D94039C86
:10CC0000039F0F96DDF818E0109A66420D4C04FB66
:10CC10000E6EA7FB0447A418774447EB0A02DFF81F
:10CC200028E0039FDDF818A010927246A7FB0EE7DC
:10CC300002FB0A770CE000BF132C0A00182D070036
:10CC400067FB090053C6F0FFD11502008390F5FF82
:10CC50001EEB000ECDF844E047EB0C0ECDF84CE097
:10CC6000DFF824C3DDF80CE00CFB0A66AEFB0C0712
:10CC700042183E4446EB080102920391C34A0199CF
:10CC8000049EC348C34FA1FB021C02FB06CC019EBD
:10CC90000B9AA6FB00E8049E891800FB06880C9AF4
:10CCA000019E4CF1000C1EEB090EDDF8109048EBD4
:10CCB0000208A6FB0726D21807FB0966DDF80490D8
:10CCC000049F46EB0506B44DC9F1000905FB079327
:10CCD000019FA7FB057018440F9BFF180D9B40EBAD
:10CCE00003030693019DAD4BDDF810A01846A5FB8C
:10CCF00003351B1900FB0A555446DFF88CA2109827
:10CD00000AFB0499019CA4FB0AA44C44DDF844905E
:10CD100045EB000513981AEB090944EB0004049451
:10CD200011F58014CDF804904CF1000A4FEA5459E3
:10CD300049EACA29640D19EB0E0E4FEA445448EB38
:10CD40006A58B1EB04096CEB0A0C12F58014CDF8AB
:10CD500030C04FEA545146F1000C0698CDF82C90A3
:10CD600041EACC21640DC9194FEA445440EB6C50A0
:10CD7000B2EB040966EB0C0613F58012019F0D96C9
:10CD80004FEA525445F10006DDF810C0CDF8189076
:10CD900044EAC624520DE4194FEA42524CEB665C59
:10CDA000B3EB020965EB06060F96029ECDF81090D4
:10CDB00016F58013039E149F46F100055A0D059E3B
:10CDC00042EAC52292190E9E4FEA535346EB65592B
:10CDD000029E5B05F61A0596039E66EB05060E9607
:10CDE000099E16F580130A9E46F100055E0D46EA7F
:10CDF000C526F6190196169E46EB655602965B0D02
:10CE0000099E5B05F61A09960A9E129FDDF81CA082
:10CE100066EB05060A96079E16F58015089E4FEAF2
:10CE2000555346F1000643EAC623DB194FEA555530
:10CE30001B9F03934FEA455547EB6657BAEB050531
:10CE40000795089D069B65EB06061EF5801548F1C3
:10CE5000000A08966E0D46EACA26F61806960D9E3A
:10CE6000049B4FEA555546EB6A566D050D96BEEB91
:10CE7000050668EB0A0811F5801540F1000E1096C2
:10CE80006E0D46EACE26F3180F9E04934FEA5555D1
:10CE900046EB6E566D050F964E1B119660EB0E0617
:10CEA00014F580114CF10005059B1296480D0E9E5D
:10CEB00040EAC520C3184FEA515146EB6556490573
:10CEC0000E96661A13966CEB050612F5801149F161
:10CED00000040593480D099B149640EAC4200A9E5D
:10CEE000C3184FEA515146EB645649050A96561A43
:10CEF0001593169669EB04061796019E079BDDF8BD
:10CF00004090254C16F58012029E4FEA525146F190
:10CF1000000041EAC021089ECB1846EB60561996E6
:10CF2000520D019E18935205B61A039B0196029E5C
:10CF300066EB000613F580114FEA51524FEA51514A
:10CF40004FEA415147F1000002965E1A0F4B1A96C4
:10CF500042EAC02267EB00064FEA605E1B96A2FB26
:10CF6000036703FB0E770B9B09490A48F6180C9BD5
:10CF700047EB0307A2FB01C31CEB090C01FB0E33BB
:10CF8000069943EB08030BE08390F5FF132C0A008E
:10CF9000182D070067FB090053C6F0FFD1150200EA
:10CFA000A2FB0059DDF8348003936D1800FB0E9945
:10CFB000C2F1000A04FB0EA149EB0809A2FB0448D8
:10CFC00088441199E74B6418129948EB0108A2FBB9
:10CFD000030103FB0E11049BC0180F9B41EB0301DF
:10CFE000E14B03FB0EAAA2FB03E25244DDF84CA086
:10CFF000149B1EEB0A0E4FEA565A42EB03024AEA12
:10D00000C72A039B1AEB0C0AC6F3140643EB6753BB
:10D0100009964FEA5A5646EAC326761949EB6353F6
:10D02000750D45EAC3252D1948EB63536C0D44EA91
:10D03000C324241841EB6351600D40EAC12010EB7A
:10D040000E0042EB6153C4F3140C059ACDF820C0D6
:10D05000440DDDF838C044EAC324A4184CEB6353F4
:10D06000C0F3140CCDF81CC0600D169ADDF85CC03E
:10D0700040EAC32080184CEB6353159AC4F3140C98
:10D08000410DCDF818C041EAC321DDF828C0891848
:10D090004CEB6353019AC0F3140C480DCDF814C047
:10D0A00040EAC320DDF808C080184CEB6353189A9F
:10D0B000C1F3140C410DCDF810C041EAC321DDF8D5
:10D0C00064C089184CEB63534A0DC0F3140C1A98D2
:10D0D000CDF80CC042EAC322DDF86CC012184CEB4C
:10D0E0006353C1F3140CCDF808C0510DC2F3140CF6
:10D0F0009E4ACDF804C041EAC321A1FB024C5B1556
:10D1000002FB03CC099AA418994AA1FB02E002FB96
:10D110000300984ACAF314074CF1000C1EEB070EEB
:10D12000A1FB027802FB0388934AC1F10009C6F310
:10D13000140602FB039AC5F3140540F10000BF1961
:10D14000A1FB022648F1000852190992854A4AEBD0
:10D15000060AA1FB026502FB0355089AB618824A2B
:10D1600002FB0399A1FB0213079A45F100058918F8
:10D1700049EB03034FEA545949EACC2919EB0E094C
:10D1800040EB6C504FEA595C4CEAC02C1CEB070C8E
:10D19000099A48EB60504FEA5C5E4EEAC02E1EEBE7
:10D1A000020E4AEB60504FEA5E5242EAC0229619E4
:10D1B00045EB6055720D42EAC522521843EB6553A8
:10D1C00006990598550D45EAC3256D184FEA635336
:10D1D00043F10003690D41EAC32109184FEA635383
:10D1E000049843F100034FEA515A4AEAC32A1AEB62
:10D1F000000A4FEA635343F100034FEA5A504FEAE3
:10D20000635840EAC320039BC018C9F3140748F1D0
:10D2100000034FEA5059DDF8088049EAC32919EBA9
:10D2200008094FEA635343F100034FEA595848EAAB
:10D23000C328019BC4F3140418EB0308C9F31403B7
:10D240004FEA14298BF801904FEA47198BF80040F8
:10D2500049EA14448BF80240FC08CCF3140C8BF818
:10D260000340FC0A8BF804404FEA8C0444EAD7449C
:10D270008BF80540CEF3140E4FEA9C148BF8064051
:10D280004FEACE1444EA9C348BF807404FEA5E0420
:10D29000C6F314068BF808404FEA5E248BF8094069
:10D2A000340144EA5E448BF80A403409C2F31402A4
:10D2B0008BF80B40340B8BF80C40941844EA16544E
:10D2C000C5F314058BF80D40D4098BF80E40AC0162
:10D2D00044EAD2328BF80F20AA08C1F314018BF86C
:10D2E0001020AA0A8BF81120CA0042EA9542CAF31C
:10D2F000140A8BF812204A09C0F314008BF813208B
:10D300004FEA1A228BF81620420142EA1A428BF8A1
:10D310001720C2088BF81820C20A8BF819209A002F
:10D3200042EAD0424FEAC81949EA93398BF81A20E9
:10D330009A094FEA5803490B8BF81D304FEA5823DE
:10D340004FEA58488BF814108BF815A08BF81B2067
:10D350008BF81C908BF81E308BF81F801DB0BDE839
:10D36000F08F00BFD11502008390F5FF132C0A0047
:10D37000182D070067FB090053C6F0FF2DE9F04F99
:10D38000B9B09146019008469B460D46FEF7A7FFAF
:10D39000C0F31408A81CFEF7ACFFC0F35416681DB8
:10D3A000FEF79DFFC0F39404E81DFEF7A2FFC0F353
:10D3B000D41305F10A000293FEF79BFFC0F3141388
:10D3C00005F10D000393FEF78AFFC0F3540305F146
:10D3D0000F000493FEF78DFFC0F3941305F11200C4
:10D3E0000593FEF77CFFC0F3D40305F11500069307
:10D3F000FEF775FFC0F3140305F117000793FEF75E
:10D4000078FFC0F3541305F11A000893FEF767FF85
:10D41000C0F3940305F11C000993FEF76AFFCB09E2
:10D420004FEAD01A48464AEA416A1393FEF757FF7B
:10D43000C0F3140709F10200FEF75BFFC0F35415B7
:10D4400009F10500FEF74BFFC0F3940309F1070053
:10D450000A93FEF74EFFC0F3D41309F10A000B93B1
:10D46000FEF747FFC0F3141309F10D000C93FEF70C
:10D4700036FFC0F3540309F10F000D93FEF739FF97
:10D48000C0F3941309F112000E93FEF728FFC0F3C6
:10D49000D40309F115000F93FEF721FFC0F3140325
:10D4A00009F117001093FEF724FFC0F3541309F19C
:10D4B0001A001193FEF713FFC0F3940309F11C0047
:10D4C0001293FEF716FFCB094FEAD019584649EAE6
:10D4D00041691493FEF703FF15900BF10200FEF76C
:10D4E00008FF18900BF10500FEF7F9FE17900BF1FD
:10D4F0000700FEF7FEFE19900BF10A00FEF7F9FE99
:10D500001A900BF10D00FEF7EAFE1B900BF10F00D5
:10D51000FEF7EFFE1C900BF11200FEF7E0FE1D90EF
:10D520000BF11500FEF7DBFE1E900BF11700FEF766
:10D53000E0FE1F900BF11A00FEF7D1FE20900BF1D8
:10D540001C00FEF7D6FE159A8C468646C2F31402DE
:10D55000A8FB07108B18159340F100031693189B36
:10D56000A8FB0512C3F354135B18A6FB071042F186
:10D5700000025B18239342EB00032493179BC3F331
:10D5800094010A9BA8FB03238818A6FB051243F10C
:10D590000003401843EB0203A4FB0721821843EB6E
:10D5A00001031893199B1792C3F3D4110B9BA8FB8B
:10D5B000032388180A9AA6FB021243F100034018BD
:10D5C00043EB0203A4FB0512401843EB0203029A4B
:10D5D000A2FB0721821843EB0103259226930C9AA4
:10D5E0001A9BA8FB0212C3F314135B180B99A6FB3A
:10D5F000010142F100021B1842EB01020A99A4FB4F
:10D6000001011B1842EB01020299A1FB05011B1845
:10D6100042EB01020399A1FB071013EB010B42EB54
:10D62000000319930D9A1B9BA8FB0212C3F354032A
:10D630005B180C99A6FB010142F100021B1842EB9A
:10D6400001020B99A4FB01011B1842EB0102029994
:10D650000A98A1FB00011B1842EB01020399A1FBF0
:10D6600005011B1842EB01020499A1FB07105B188E
:10D67000279342EB000328930E9A1C9BA8FB0212EF
:10D68000C3F394135B180D99A6FB010142F100024C
:10D690001B1842EB01020C99A4FB01011B1842EB81
:10D6A00001020B980299A1FB00011B1842EB010239
:10D6B0000A980399A1FB00011B1842EB010204998F
:10D6C000A1FB05011B1842EB01020599A1FB071004
:10D6D0005B181A9342EB00031B930F9A1D9BA8FB48
:10D6E0000212C3F3D4035B180E99A6FB010142F1A9
:10D6F00000021B1842EB01020D99A4FB01011B184B
:10D7000042EB01020C980299A1FB00011B1842EBAD
:10D7100001020B980399A1FB00011B1842EB0102C7
:10D720000A980499A1FB00011B1842EB010205991C
:10D73000A1FB05011B1842EB01020699A1FB071092
:10D740005B18299342EB00032A93109B1E99A8FBB8
:10D750000332C1F314015B180F99A6FB010142F1DA
:10D7600000021B1842EB01020E99A4FB01011B18D9
:10D7700042EB01020D980299A1FB00011B1842EB3C
:10D7800001020C980399A1FB00011B1842EB010256
:10D790000B980499A1FB00011B1842EB01020A98A7
:10D7A0000599A1FB00011B1842EB01020699A1FBA0
:10D7B00005011B1842EB01020799A1FB07105B183A
:10D7C0001C9342EB00031D93119A1F9BA8FB0212AE
:10D7D000C3F354135B181099A6FB010142F1000238
:10D7E0001B1842EB01020F99A4FB01011B1842EB2D
:10D7F00001020E980299A1FB00011B1842EB0102E5
:10D800000D980399A1FB00011B1842EB01020C9833
:10D810000499A1FB00011B1842EB01020B9805992A
:10D82000A1FB00011B1842EB01020A980699A1FB1B
:10D8300000011B1842EB01020799A1FB05011B180F
:10D8400042EB01020899A1FB07105B182B9342EBF6
:10D8500000032C93129A209BA8FB0212C3F394039B
:10D860005B181199A6FB010142F100021B1842EB63
:10D8700001021099A4FB01011B1842EB01020F9851
:10D880000299A1FB00011B1842EB01020E980399BB
:10D89000A1FB00011B1842EB01020D980499A1FBAA
:10D8A00000011B1842EB01020C980599A1FB000135
:10D8B0001B1842EB01020B980699A1FB00011B18F3
:10D8C00042EB01020A980799A1FB00011B1842EBE9
:10D8D00001020899A1FB05011B1842EB01020999FD
:10D8E000A1FB07105B181E93149942EB00034FEA4B
:10D8F000DE1E1F934EEA4C6EA8FB092308FB013382
:10D9000012EB0E0E43EBDC12129BA6FB03311EEB57
:10D91000030342EB01021199A4FB01011B1842EB26
:10D92000010210980299A1FB00011B1842EB0102B1
:10D930000F980399A1FB00011B1842EB01020E98FE
:10D940000499A1FB00011B1842EB01020D980599F7
:10D95000A1FB00011B1842EB010206990C98DDF8AF
:10D960004CC0A1FB00011B1842EB01020B98079968
:10D97000A1FB00011B1842EB01020A980899A1FBC8
:10D9800000011B1842EB01020999A1FB05011B18BC
:10D9900042EB0102AAFB07011B1807FB0C1141EB2C
:10D9A000020C14992D93A6FB093206FB0122129951
:10D9B000139EA4FB01011B1842EB0102119802996E
:10D9C000A1FB00011B1842EB010210980399A1FB77
:10D9D00000011B1842EB01020F980499A1FB000102
:10D9E0001B1842EB01020E980599A1FB00011B18C0
:10D9F00042EB01020D980699A1FB00011B1842EBB6
:10DA000001020C980799A1FB00011B1842EB0102CF
:10DA10000B980899A1FB00011B1842EB0102DDE9FC
:10DA20000910A1FB00011B1842EB0102AAFB050132
:10DA300005FB06111B18209341EB02031499219357
:10DA4000A4FB093204FB0122029912980A9DA1FB52
:10DA500000011B1842EB010211980399A1FB000180
:10DA60001B1842EB010210980499A1FB00011B183E
:10DA700042EB01020F980599A1FB00011B1842EB34
:10DA800001020E980699A1FB00011B1842EB01024E
:10DA90000D980799A1FB00011B1842EB01020C989D
:10DAA0000899A1FB00011B1842EB01020B98099990
:10DAB000A1FB00011B1842EB01020A99AAFB01011C
:10DAC00005FB06111B182E9341EB02032F93029BBB
:10DAD00014990298A3FB093200FB012203991298C2
:10DAE000A1FB00011B1842EB010211980499A1FB54
:10DAF00000011B1842EB010210980599A1FB0001DF
:10DB00001B1842EB01020F980699A1FB00011B189C
:10DB100042EB01020E980799A1FB00011B1842EB92
:10DB2000010208990D980B9DA1FB00011B1842EB07
:10DB300001020C980999A1FB00011B1842EB01029C
:10DB40000B99AAFB010105FB06111B18029341EB7F
:10DB500002030A93039B149903980C9DA3FB0932BB
:10DB600000FB012204991298A1FB00011B1842EB53
:10DB7000010211980599A1FB00011B1842EB01025B
:10DB800010980699A1FB00011B1842EB01020F98A7
:10DB90000799A1FB00011B1842EB01020E9808999E
:10DBA000A1FB00011B1842EB01020D980999A1FB92
:10DBB00000011B1842EB01020C99AAFB010105FBB5
:10DBC00006111B18309341EB02033193049B149907
:10DBD0000498A3FB093200FB012205991298A1FBCE
:10DBE00000011B1842EB0102069911980D9DA1FB43
:10DBF00000011B1842EB010210980799A1FB0001DC
:10DC00001B1842EB01020F980899A1FB00011B1899
:10DC100042EB01020E980999A1FB00011B1842EB8F
:10DC200001020D99AAFB010105FB06111B180393C4
:10DC300041EB02030493059B149905980E9DA3FBE9
:10DC4000093200FB012206991298A1FB00011B1862
:10DC500042EB010211980799A1FB00011B1842EB4E
:10DC6000010210980899A1FB00011B1842EB010268
:10DC70000F980999A1FB00011B1842EB01020E99B4
:10DC8000AAFB010105FB06111B18329341EB0203AD
:10DC90003393069B14990698A3FB093200FB0122DB
:10DCA00007991298A1FB00011B1842EB0102089989
:10DCB00011980F9DA1FB00011B1842EB0102109867
:10DCC0000999A1FB00011B1842EB01020F99AAFB65
:10DCD000010105FB06111B18059341EB0203069396
:10DCE000079B149A0798109DA3FB091300FB0233AE
:10DCF000089A1298A2FB0002091843EB020311983C
:10DD0000099AA2FB0002091843EB0203109AAAFB2E
:10DD10000202091805FB062242EB03033593089B18
:10DD2000089834911499A3FB092300FB0133099946
:10DD30001298A1FB0001121843EB0103344611991C
:10DD40002046119CAAFB0116521804FB006646EB04
:10DD50000306099B099CA3FB0901149BDDE91275CD
:10DD600004FB0311129BAAFB0343001907FB0533B5
:10DD700041EB030336903793149B16980AFB03F389
:10DD8000AAFB097E09FB053303EB0E0122911599CD
:10DD9000239D11F5801140F100004C0D44EAC02490
:10DDA00064190794249C4FEA515144EB6059159C27
:10DDB0004905611A23911699259C61EB0001169182
:10DDC0001799189811F5801140F10005480D40EAA7
:10DDD000C5200019269C4FEA515144EB6558179C09
:10DDE0004905611A17911899279C61EB0501189153
:10DDF00019991BF5801541F1000A690D41EACA2104
:10DE00000919289C4FEA555544EB6A546D0508944E
:10DE1000BBEB05042494199C64EB0A0419941A9C26
:10DE200014F580151B9C4FEA555B44F1000A299CB0
:10DE30004BEACA2B1BEB040409942A9C44EB6A545A
:10DE40000B946D0D1A9C6D05641B1A941B9C64EB5E
:10DE50000A041B941C9C14F580151D9C4FEA555A0E
:10DE600044F1000B2B9C4AEACB2A1AEB04040C94D5
:10DE70002C9C44EB6B540D946D0D1C9C6D05641B28
:10DE80001C941D9C64EB0B041D941E9C14F58015C2
:10DE90001F9C4FEA555A44F1000B2D9C4AEACB2AAD
:10DEA0001AEB04040E944FEA55551E9C4FEA455553
:10DEB0004CEB6B5C641B1E941F9C64EB0B041F9467
:10DEC000209C14F58015219C4FEA555A44F1000B13
:10DED0002E9C4AEACB2A1AEB04040F942F9C44EBA5
:10DEE0006B5410946D0D209C6D05641B2094219C37
:10DEF00064EB0B042194029C14F580150A9C4FEAF4
:10DF0000555A44F1000B309C4AEACB2A1AEB040420
:10DF10001194319C44EB6B5412946D0D029C6D0571
:10DF2000641B02940A9C64EB0B042594039C14F577
:10DF30008015049C4FEA555A44F1000B329C4AEA82
:10DF4000CB2A1AEB04040A94339C44EB6B541394CD
:10DF50006D0D039C6D05641B0394049C64EB0B0422
:10DF60002694059C14F58015069C4FEA555A44F1F9
:10DF7000000B349C4AEACB2A1AEB04040494359C27
:10DF800044EB6B5414946D0D059C6D05641B059456
:10DF9000069C64EB0B0412F5801546F1000B069409
:10DFA0004FEA555A369C4AEACB2A1AEB040A4FEA42
:10DFB0005555379C4FEA455544EB6B54521B15940D
:10DFC00066EB0B06279217F580124FEA525B4FEA79
:10DFD00052524FEA425243EB0E03BF1A229A179C49
:10DFE0004BEAC32B4FEA635E62EB03032293079B6A
:10DFF00013F5801349F100055A0D42EAC5221219A2
:10E000001792189A42EB655218925B0D079A5B05BE
:10E01000D31A289369EB0503299310F5801348F16F
:10E020000004249D5A0D42EAC422521924924FEA58
:10E030005353199A4FEA435342EB6452C31A19924D
:10E040002A93089A68EB04032B9311F5801342F18D
:10E0500000001A9C5A0D42EAC02212191A924FEA85
:10E0600053531B9A4FEA435342EB6052CB1A2C9303
:10E07000089B1B9263EB00032D93099B0B9A1C9842
:10E0800013F5801342F100015A0D42EAC122121821
:10E090001C921D9A42EB61521D925B0D099A5B0521
:10E0A000D31A2E930B9B0D9A1E9863EB01032F93AB
:10E0B0000C9B13F5801342F100015A0D42EAC12274
:10E0C00012180B921F9A209842EB61521E925B0D20
:10E0D0000C9A5B05D31A0C930D9B63EB01030D9314
:10E0E0000E9B13F580124CF10003510D41EAC32140
:10E0F00011EB00092199029841EB63510891520DEF
:10E100000E9952058A1A6CEB030C0F9B099213F5BA
:10E110008012109B4FEA525143F1000341EAC321A0
:10E1200009180E912599039841EB63511F91520DE7
:10E130000F9952058A1A0F92109A62EB03031093FB
:10E14000119B13F58012129B4FEA525143F10003C9
:10E1500041EAC321091820912699059841EB6351A2
:10E160002191520D119952058A1A1192129A62EB5D
:10E17000030312930A9B139A13F5801342F10002D2
:10E18000590D41EAC221091802910699279841EBDD
:10E19000625105915B0D0A995B05CB1A2593139B80
:10E1A00063EB02031393049B13F58011149B4FEA56
:10E1B000515243F1000342EAC3221218039246EB84
:10E1C00063520692490D049A099E4905521A049217
:10E1D000149A62EB0303159A07931AF5801342F120
:10E1E00000015C0D229A44EAC124E4194FEA53531A
:10E1F00042EB61585B05159ABAEB030362EB010130
:10E20000D34AABFB0250AF1902FB0E00D14E40EBDC
:10E210000C000A90DDF820C0ABFB065015EB090995
:10E2200006FB0E0040EB0C0ADFF82CC30F9EABFB85
:10E230000C50AD190F95109D0E9A0CFB0E0040EB83
:10E2400005001090C548CBF1000500FB0E5CABFB50
:10E250000060B6181F9A0E96604440EB0202DFF889
:10E2600000C31492119AABFB0C60B2181192129A6F
:10E27000BC4E0CFB0E0040EB02021292209A06FBF1
:10E280000E55ABFB060682180892219ADFF8C8B239
:10E29000354445EB02020992AD4A1E9DA4FB026E75
:10E2A00002FB08EE0B9AB6184EEB050EA94D0F9A1D
:10E2B000A4FB050C05FB08CC0A9DC0194CEB050C12
:10E2C000A4FB0B7517EB09070BFB08550A97A34F27
:10E2D000DDF840B045EB0A0A654207FB0859CDF866
:10E2E0002CA0A4FB077ACA44DFF87492BF184AEB4B
:10E2F0000B0A4A46A4FB09B902FB08990E9A1BEBCC
:10E30000020B149A49EB0209CDF83890DFF85492C9
:10E31000119A09FB0855A4FB0948A2180F92129AFA
:10E320008C4C454445EB02021092894ADDF834805A
:10E33000A3FB025902FB01990C9AAD1849EB08099D
:10E340002246A3FB0448A419834E02FB018848EB34
:10E350000E083246A3FB06E61EEB000E02FB01662A
:10E3600046EB0C067D480D965E4200FB016CCDF835
:10E3700030E00A9AA3FB000EE644DDF82CC08018BA
:10E380004EEB0C02DFF8D8C111926246A3FB0CECF5
:10E3900002FB01CC7246D7194CEB0A0CDFF8C4A182
:10E3A000039A0AFB0166A3FB0A3113EB0B0E0E9BCB
:10E3B000CDF828E00E4446EB03030B93644BDDF8E5
:10E3C00018E0DFF894B1A2FB036A03FB0EAA1C9BC2
:10E3D000DDF874E05F4AF618039B4AEB0E0ADDF89D
:10E3E00018E0A3FB021302FB0E334D1943EB09099E
:10E3F000039BA3FB0B130A190BFB0E3343EB080E15
:10E40000039B0E92CDF848E0039ADDF818E05349DB
:10E410005B4201FB0E34A2FB01180C9ADDF834E0DC
:10E420008918A0444E4A039C48EB0E08DDF818E01A
:10E43000A4FB02B402FB0E44119A1BEB000B44EB4D
:10E44000020E4848069C039A00FB0433A2FB0020FE
:10E45000D219034443EB0C070C973D4B049F0798DC
:10E460000692A7FB037203FB00222E9B0498394CF3
:10E47000FF182F9BDDF81CC042EB0302A0FB043009
:10E480009B1904FB0C00049EDFF8CCC00D9340EBFD
:10E490000A00DDF81CA00E9BA6FB0C6475190CFB92
:10E4A0000A4444EB0909049C2C4E1195654206FB75
:10E4B0000A5CCDF85090A146A4FB0646E418129BD6
:10E4C000DFF89CA0664446EB0306079BA9FB0A9C69
:10E4D0000AFB03CC19EB01034CEB0808CDF848808C
:10E4E0002049DDF81C800E9301FB0855DDF81080F3
:10E4F000174BA8FB011C11EB0B08654445EB0E0EF6
:10E50000CDF810E0DDF808E0CDF80C80DDF81480DF
:10E51000104DDDF814B0DFF840C0AEFB031E03FB66
:10E5200008EE1A9BDDF86C80C9184EEB080EDDF87A
:10E5300008800D9BA8FB058918EB0708029F05FBC7
:10E540000B9949EB0209A7FB0C27D2180CE000BF7E
:10E55000132C0A00182D070067FB090053C6F0FFB3
:10E56000D11502008390F5FF0CFB0B77DDF808B0A6
:10E57000029D059B47EB0007DF48CBF1000B00FB3A
:10E5800003B3A5FB00C01844119B1CEB030C149BA8
:10E5900040EB030307935046A5FB0A35DDF814A0B2
:10E5A0001B1900FB0A5545EB0605D44E06FB0ABBBA
:10E5B000DDF808A00E98AAFB0664361812985C4491
:10E5C00044EB0004029411F580144EF1000B4FEA65
:10E5D000545A4AEACB2A640D1AEB08084FEA44540D
:10E5E00049EB6B59091B0D916EEB0B010E9112F566
:10E5F000801147F100044FEA515E0798DDF80CB036
:10E600004EEAC42E490D1EEB0C0C4FEA415140EB73
:10E610006450511A059167EB0401079113F58011BD
:10E6200045F100044A0D029F42EAC422490D9219A5
:10E630004FEA415147EB645E591A119165EB0401B1
:10E6400012910399069D0C9F0F9E11F5801304995A
:10E6500041F10004590D41EAC4215B0D49194FEA0B
:10E66000435347EB6457BBEB030BCDF80CB0DDF81D
:10E6700010B06BEB040BCDF810B0DDF828B01BF533
:10E680008014DDF82CB04FEA54534BF1000543EAF7
:10E69000C523DDF840B09B194BEB655BCDF830B07E
:10E6A000640DDDF828B0259E6405BBEB040BCDF8A6
:10E6B00028B0DDF82CB06BEB050BCDF82CB0DDF8F5
:10E6C00020B01BF58015DDF824B04FEA55544BF10E
:10E6D000000A44EACA24A4190294DDF84CB0059C4F
:10E6E0004BEB6A566D0DDDF820B06D05BBEB050BED
:10E6F000CDF83CB0DDF824B06BEB0A0B18F58015B3
:10E70000CDF824B04FEA555A49F1000B4AEACB2A1A
:10E710001AEB040ACDF840A0DDF81CA0119C4FEACA
:10E7200055554AEB6B5A6D05CDF84CA0B8EB050A70
:10E7300069EB0B0B1CF5801540F100094FEA5558A9
:10E7400048EAC92818EB0408CDF84480DDF8488071
:10E75000039C4FEA555548EB69586D05CDF8488044
:10E76000BCEB0508CDF8508060EB090812F580106D
:10E770004EF1000C450DCDF8548045EACC25DDF86E
:10E7800010802D194FEA505048EB6C584005CDF8D9
:10E790001880B2EB00080395CDF868806EEB0C088A
:10E7A00011F5801547F100000A9CCDF86C806A0DC8
:10E7B000DDF82C8042EAC0226D0D12194FEA455552
:10E7C00048EB6058491B059167EB000108910C99D3
:10E7D0000F9CCDF81C8013F5801741F10000790DD6
:10E7E000DDF82480049241EAC0217F0D09194FEA27
:10E7F000475748EB6055DB1B0C9F414A029C67EB77
:10E8000000002C9FDDF83890A4FB02C81CEB070C1D
:10E810002D9F3C4C02FB068848EB0708029FA7FB94
:10E82000047E04FB06EE0D9C3F194EEB090ECDF85D
:10E8300028E0DDF80890DFF8D0E07446A9FB0E9ED2
:10E8400019EB0A0904FB06EE029CDFF8ACA0CDF838
:10E850002C904EEB0B0ECDF830E0C4F1000E0AFB0D
:10E8600006E9A4FB0AABD944DDF840B01AEB0B0B68
:10E87000DDF84CA049EB0A09CDF83490DDF808A08A
:10E88000DFF888904C46AAFB09A904FB0699149C62
:10E890001AEB040A159C49EB0409184C04FB06EE1C
:10E8A0002646029CA4FB0646B644119EA419129E5D
:10E8B00002944EEB06060996A1FB026402FB054496
:10E8C000249AB618199A44EB02020E4C0E92224674
:10E8D000A1FB044E14EB0C0402FB05EE4EEB080EFC
:10E8E000DFF82480CDF83CE0A1FB08EC1EEB070725
:10E8F00010970A9F0CE000BF53C6F0FF8390F5FF0E
:10E90000132C0A00182D070067FB0900D11502001F
:10E91000DFF850E308FB05CC4CEB07070A974F42A2
:10E920000EFB057CA1FB0EE8C444DDF82C801EEB39
:10E930000808DDF830E04CEB0E0EDFF82CC3CDF804
:10E940002CE06246A1FB0CEC1EEB0B0BDDF834E077
:10E9500002FB05CC4CEB0E0CCDF830C0DFF80CC33D
:10E96000C34A0CFB0577A1FB0C152F4411EB0A05DC
:10E970000D9547EB0905A3FB027C02FB00CC2A9A0C
:10E98000BC4911952B9DDFF8F092DFF8D8A2BF1893
:10E990004CEB050CA3FB015EAD190E9E01FB00EED6
:10E9A0004EEB060EA3FB096132190E920F9A09FB7A
:10E9B000001141EB02025C420AFB00460F92A3FBEE
:10E9C0000A19109AB1440A9E891849EB0602A64E0C
:10E9D00010923246A3FB06A61AEB0808DFF88CA2B9
:10E9E000914602FB00660B9A0AFB0044A3FB0A3027
:10E9F00046EB020613EB0B030A930C9B9C4ADFF8D1
:10EA000074B2044444EB03030B93049BA3FB024A3C
:10EA1000079B02FB03AA179B079AE418189B4AEB73
:10EA2000030A049BA3FB0B300BFB0200DB1940EB3A
:10EA30000C07049A90488346A2FB00C0079A1CEB7F
:10EA400005050BFB02000C95049A40EB0E05129590
:10EA50008448079DC2F1000C00FB05CEA2FB000517
:10EA60000E9A80180F9A754445EB0205CE464A4629
:10EA7000DDF81090A9FB0EEBDDF81C9002FB09BB42
:10EA8000109A1EEB010E4BEB02097849DDF81CB021
:10EA9000049A01FB0BCCA2FB01218C4412EB080170
:10EAA0004CEB0606724A0E96059E0791A6FB02C124
:10EAB000089EDFF8C081DDF820B002FB0611289E19
:10EAC000299A1CEB060C059E41EB0201A6FB0826C9
:10EAD00008FB0B66121946EB0A04059EDFF898A1A5
:10EAE0000F92A6FB0A860AFB0B6618EB0303109332
:10EAF00046EB07031393059B059E0C9A5F42594B07
:10EB000003FB0B78A6FB03369B18129ADFF858B16B
:10EB10000C934644DDF8148046EB0206089AA8FBE5
:10EB20000BA80BFB02881AEB000248EB05051495B5
:10EB30004E48089D129200FB0577059D4C4AA5FBA7
:10EB400000052F4410EB0E05049547EB09050595CC
:10EB5000039D484FA5FB0209069D02FB0599239AD8
:10EB6000169D801849EB0509039DDDF818E0DDF8D6
:10EB700018800F9AA5FB07A51AEB0C0A07FB0E5588
:10EB8000DFF8F4C0DDF80CE045EB0105AEFB0C1E30
:10EB90000CFB08EEDDF80C8089184EEB040EC8F172
:10EBA000000C304CDDF8188004FB08C2DDF80C8046
:10EBB0005B46A8FB0484DDF840B01444139A18EBBC
:10EBC0000B0844EB0204039A9B46A2FB0327069B17
:10EBD0000BFB03770C9BD21847EB0607069B234ED3
:10EBE00006FB03CC039BA3FB06636344DDF848C02C
:10EBF00016EB0C0C149E43EB060310F580160393E2
:10EC000049F1000B730D43EACB23760D13EB0A0396
:10EC10004FEA465645EB6B55B0EB060A69EB0B091C
:10EC200011F580104EF10006CDF820904FEA5059B2
:10EC300049EAC629400D19EB08084FEA405044EB59
:10EC40006654B1EB00096EEB060E12F5801147F128
:10EC500000004E0DCDF83CE046EAC026DDF80CE0A1
:10EC60000CE000BF53C6F0FFD11502008390F5FF02
:10EC7000132C0A00182D070067FB0900CDF830900F
:10EC8000490D16EB0C064FEA41514EEB6059B2EBC1
:10EC9000010ECDF840E067EB000ECDF848E0DDF85E
:10ECA00010E0079FCDF818A01EF58012DDF814E0E3
:10ECB0004FEA52504EF1000140EAC120DDF838E041
:10ECC000C0194EEB615A520DDDF810E00390520569
:10ECD000BEEB020ECDF81CE0DDF814E06EEB010E89
:10ECE000CDF814E0DDF828E00D981EF58012DDF86F
:10ECF0002CE04FEA52514EF1000741EAC721DDF8FE
:10ED000044E009184EEB675ECDF810E0520DDDF8D7
:10ED100028E01A985205BEEB020ECDF828E0DDF887
:10ED20002CE06EEB070ECDF82CE0DDF808E01EF5C8
:10ED30008017DDF824E04FEA57524EF1000C42EA0A
:10ED4000CC221218DDF86CE002984FEA57574FEAD0
:10ED500047574EEB6C5EC01B0290099860EB0C00AD
:10ED600013F5801745F1000B09904FEA575C0C989A
:10ED70004CEACB2C1CEB00000C904FEA57570F9835
:10ED80004FEA475740EB6B50DB1B65EB0B0B0E93C9
:10ED900018F5801344F100070D905D0D109845EAB9
:10EDA000C7252818129D0F904FEA535345EB67551E
:10EDB0005B051095B8EB0305119564EB070516F597
:10EDC0008013079812954FEA535449F10005DDF876
:10EDD000148044EAC52420184FEA535348EB655881
:10EDE0005B05CDF81480B6EB03080790CDF84C8096
:10EDF000039B0A98DDF82C8069EB050513F5801359
:10EE000014954FEA53544AF1000544EAC5242018EA
:10EE100015904FEA5353039848EB65585B05CDF8BE
:10EE20002C80B0EB03086AEB05051695049DCDF820
:10EE30000C8011F5801345F10004580D029D40EA45
:10EE4000C4204019099D02904FEA535345EB645585
:10EE50005B051795CD1A1895049D65EB040512F511
:10EE600080114FEA51534FEA51514FEA41514EF14F
:10EE700000000495551AE44AE449199543EAC02371
:10EE80004FEA6058A3FB026702FB0877069AE04C42
:10EE90006EEB0005B618089ADE481A9547EB020794
:10EEA0000E9DDDF834E0A3FB01C201FB08220C99A2
:10EEB0001CEB050CA3FB005942EB0B0200FB08996D
:10EEC0006D18C3F1000A04FB08A149EB0E09A3FB6E
:10EED000044E8E441199DFF840B3069264181299DB
:10EEE0000F9A4EEB010EA3FB0B018018109A0BFB3F
:10EEF000081141EB0201C94A02FB08AAA3FB0283E5
:10EF00005344DDF84CA0149A18EB0A084FEA565AFD
:10EF100043EB02034AEAC72A069A1AEB0C0AC6F325
:10EF200014060A9642EB67524FEA5A5646EAC22640
:10EF3000761949EB6252750D45EAC2252D194EEB43
:10EF400062526C0D44EAC2242018C5F3140541EB4B
:10EF500062510995450D45EAC12515EB080543EBBE
:10EF60006152C0F3140C079BCDF820C06C0DDDF886
:10EF700014C044EAC224E4184CEB6252039B600DB7
:10EF8000C5F3140B40EAC220169DC01845EB62522F
:10EF9000159BC4F31405410D079541EAC2210B9D51
:10EFA000C91845EB6252189BC0F31405480D06952D
:10EFB00040EAC220049DC01845EB6252029BC1F397
:10EFC0001405410D059541EAC221179DC91845EB6D
:10EFD00062524B0DC0F314051998049543EAC223FD
:10EFE0001A9D1B1845EB6252C1F314050395580D89
:10EFF000C3F31405844B029540EAC220A0FB034CE6
:10F00000521503FB02CC0A9BE418804BCAF3140789
:10F01000A0FB03E14CF1000C03FB02111EEB070EF9
:10F0200041F100030A937B4B0999A0FB037903FB91
:10F030000299774B4542C6F31406BF1903FB025AE7
:10F04000A0FB033649F100095B1873494AEB060A35
:10F05000A0FB016801FB0288089976186F4901FB43
:10F060000255A0FB010248F1000810EB0B0045EB34
:10F070000205620D0A9942EACC2212EB0E0241EB24
:10F080006C514FEA525C4CEAC12C1CEB070C49EB6B
:10F0900061514FEA5C5747EAC127FF184AEB6151BB
:10F0A0007B0D43EAC1239B1948EB61515E0D46EA93
:10F0B000C126361845EB6151700D079DDDF81480AF
:10F0C000DDF81090DDF80CA040EAC12040194FEAAD
:10F0D000615141F10001450D4FEA615E45EAC125EC
:10F0E00006996D184EF100014FEA555E4EEAC12EA9
:10F0F0001EEB08084FEA615141F100014FEA585EEA
:10F100004EEAC12E1EEB09094FEA615141F100019F
:10F110004FEA595E4EEAC12E1EEB0A0A4FEA6151D0
:10F12000C9F3140E41F100014FEA5A5949EAC129C5
:10F13000029919EB01090199C4F314040C70DDF86C
:10F1400004B0C2F31402210A8BF80110510141EA04
:10F1500014418BF80210D108CCF3140C8BF8031077
:10F16000D10A8BF804104FEA8C0141EAD242C7F36E
:10F1700014078BF805204FEA9C128BF80620FA0141
:10F1800042EA9C328BF807207A08C3F314038BF809
:10F1900008207A0A8BF809201A0142EA57428BF8B4
:10F1A0000A201A09C6F314068BF80B201A0B8BF8E9
:10F1B0000C20B21942EA1353C0F314008BF80D303F
:10F1C000F3098BF80E30830143EAD6338BF80F3006
:10F1D0008308C5F314058BF81030830A8BF81130BF
:10F1E000EB0043EA9043C8F314088BF812306B0924
:10F1F0008BF813304FEA18238BF816304FEA4E1372
:10F2000043EA18430CE000BF132C0A00182D070036
:10F2100053C6F0FF67FB0900D11502008390F5FF8C
:10F220008BF817304FEADE03CAF3140A8BF8183054
:10F230004FEADE238BF819304FEA8A0343EADE43B4
:10F240008BF81A304FEA9A138BF81B304FEAC91E1D
:10F250004FEA59036D0B4EEA9A3E8BF81D304FEA88
:10F2600059234FEA59498BF814508BF815808BF8C5
:10F270001CE08BF81E308BF81F9039B0BDE8F08F82
:10F28000B0F85431B0F85021981A00F03F007047A0
:10F29000B0F85431B0F850219BB293421ABFD0F865
:10F2A0004831985C4FF0FF30704790F85231B0F819
:10F2B0005601C0B2834227BFC3F13F03C018C01A32
:10F2C00000F1FF30704707B503688DF807105B68E1
:10F2D00001220DF10701984703B05DF804FB13B557
:10F2E0000DF107010446E8F783F990B9B4F8C0308E
:10F2F000B4F8BC20013303F03F03934209D0B4F8C3
:10F30000C020D4F8B4109DF8070092B28854A4F835
:10F31000C03002B010BD0000B0F8C220D0F8C41058
:10F3200011FA82F202F03F0210B5A0F8C220B0F844
:10F33000C210B0F8BE2089B28A421BD0B0F8C240D9
:10F34000B0F8C210A4B24032121B544289B204F089
:10F350003F0402F03F02C1F1400158BF62428A42BD
:10F3600028BF0A46C0F8C4200349E8F77DF94FF0EA
:10F37000FF3010BD0020FCE719F3010803682DE9F8
:10F38000F0479B6804468846164698470123237435
:10F39000D4F83831B4F8529101338246C9F14009AA
:10F3A00004F1940708D194F85C312BB1002384F860
:10F3B0005C313846E8F77AF9236820469B6898471D
:10F3C0000028F9D035464D4523D8554521D8B4F805
:10F3D0005221D4F84C015319402B10442FD82A46FF
:10F3E000414603F022FDA946B4F852311D4405F010
:10F3F0003F05A4F852513846E8F786F830B9174966
:10F40000C4F858914A463846E8F72EF93046BDE828
:10F41000F087D145236828BFD1464A4641465B68FC
:10F4200020469847236820469B689847A5EB090526
:10F43000C844B4F852918246C9F14009C3E7C2F109
:10F4400040094A46414603F0F0FCD4F84C01A5EBD4
:10F45000090208EB090103F0E8FCC5E719F301080C
:10F46000C0F83C31009BC0F84031914208BF4FF0DA
:10F47000FF3100F11103C0E94D21C0F8483100F11E
:10F4800051020023A0F85431C0E95323A0F85631AB
:10F4900070470000F7B54FF47A7317460022C0E9B1
:10F4A00001231C4B03604FF0FF33C0F838311A4B77
:10F4B0001A4E04469C4270690D4605D1B369C4F8E2
:10F4C0003831C4F834010AE01549E7F7C5FC854234
:10F4D00015D1B369C4F838317369C4F83431012FD8
:10F4E0004FF0FF3308BFC4F8383100932046D4E909
:10F4F0004D214FF0FF33FFF7B3FF03B0F0BD0949D3
:10F500002846E7F7BAFC0649C4F838012846E7F769
:10F51000B4FCD6E78CD80208AC760020A43F0208E1
:10F52000443D0208F03C0208037C70B504460D46D9
:10F53000A3B1E1F7B3FF0646B4F85221B4F856314F
:10F540009BB29A420AD0002DF8D0E1F7A7FF801BAA
:10F550008542F1D8B4F85631A4F8523170BD00217B
:10F56000FFF7E2BFD0F83831013310B504460ED1B1
:10F570000368DB68984794F85C3143B9012384F849
:10F580005C3104F19400BDE81040E8F79FB810BD6D
:10F5900002F00703023BDBB2042B73B50546C0F84B
:10F5A000601180F85D219CBF1548C45C02F03003F7
:10F5B00088BF0024302B1BD101344FF4C063073CBB
:10F5C000022C1CD8C2F3C002520300920D4A05F16E
:10F5D000940652F824203046E7F760FF2846FFF7EC
:10F5E000C1FF0949304602B0BDE87040E8F71CB8D9
:10F5F00012F020031CBF01344FF48063DFE7FEE705
:10F600007CD8020870D80208DFF2010810B5044661
:10F61000FFF7A8FFB4F85421B4F8503192B29A42DF
:10F620001FBFD4F84821D05C013303F03F0314BF5F
:10F63000A4F850314FF0FF3010BD000002490348DC
:10F640000022FFF727BF00BF00380140AC76002042
:10F6500070B505460C46084649B1E1F719FE2B681E
:10F660000246214628465B68BDE87040184770BDD9
:10F6700008B5FFF7EDFF08BD03681B6818470000D9
:10F6800008B50249FFF7E4FF08BD00BFB0D8020883
:10F6900038B50546FFF7DCFF04462846FFF7F0FFC4
:10F6A000204438BDFFF7F4BF70B50D46144630B1A5
:10F6B000461E012E05D811462846E7F737FF20469B
:10F6C00070BD03685B689847F9E70EB403B503AAF9
:10F6D00052F8041B019203F0DBF902B05DF804EB71
:10F6E00003B0704730B58BB00023012A0C468DF86B
:10F6F000243098BF0A2209A92546B4FBF2F404FB82
:10F70000125303F0FF03092B94BF30333733DBB2BE
:10F71000AA4201F8013DEFD9FFF79AFF0BB030BDC7
:10F720002DE9F04107460E4614462AB90368BDE8A4
:10F73000F0411B68C9B218470A2A05D1002905DB28
:10F74000BDE8F041FFF7CEBFD2B2F9E72D21FFF7B8
:10F7500093FF2246054671423846FFF7C3FF28440F
:10F76000BDE8F08138B50546FFF7DAFF04462846C4
:10F77000FFF786FF204438BD10B5044600F0E2FBD9
:10F78000E060236820465B699847002808DA00F0AB
:10F79000D9FBE368C01AA3689842F2D34FF0FF3058
:10F7A00010BDF8B507460D468E180C46B44201D17F
:10F7B000601BF8BD3846FFF7DFFF031EF8DB04F8D7
:10F7C000013BF3E72DE9F0410746884616461D4602
:10F7D00073B100243846FFF7CFFF031E05DB434516
:10F7E00003D033550134A542F4D12046BDE8F08161
:10F7F0001C46FAE7114803681A0912F00C0F10B5FD
:10F8000019D10F4902F00F0251F822209AB1416834
:10F810000C4C03F00F03002954F823300CD0C4BF64
:10F8200001F1FF314160516901EA030023EA01035C
:10F8300043EA0043936110BD9362FCE7500100204E
:10F8400008000020CC4002082DE9FF41364D1A285F
:10F850002B680E4614461FD8344A52F8207043B91C
:10F86000B420E6F7FCFD32498046E6F75FFDC5F8B7
:10F870000080781C1DD02F4B1A68511C01D0BA4251
:10F8800017D1B6F5803F14D20EBB286888B104B0FA
:10F89000BDE8F041E6F7FCBA00F0C002C02A0BD088
:10F8A0003BB9B420E6F7DBFD21490446E6F73EFD0F
:10F8B0002C6004B0BDE8F081C728F1D81E4A00F0E2
:10F8C0003F0052F82010194A52F82170C7E776001D
:10F8D0001F6034B374434FF47A72B4FBF2F4012125
:10F8E00038465C60E7F712FA286802223146E6F7EC
:10F8F000BBFC00230193114B0093114B0393286829
:10F90000104B02936946E6F759FD029B1BB169460D
:10F91000032208469847286804B0BDE8F041E6F79E
:10F92000A4BB4FF0FF34DAE710780020A43F0208B0
:10F930000044014050010020843F0208F5F701080F
:10F94000256A0008056A00081A2838B523D81B4B19
:10F9500053F820305A1C1DD0194D2A689A4219D1EB
:10F96000184C2068B0B129B3E6F7A4FC2868431C02
:10F9700005D00021E7F7CAF94FF0FF332B60256867
:10F9800035B12846E6F7D8FBB4212846E6F76BFDEB
:10F990000023236038BD00F0C003C02BFAD1C72874
:10F9A000F8D8094B00F03F0053F82020034B53F8E0
:10F9B0002230CFE7BDE83840E6F76ABAA43F020834
:10F9C0005001002010780020843F0208C3B21A2B97
:10F9D00016D8144A52F8233000F4E06003431A09A1
:10F9E00012F00C0F1DD1104902F00F0251F8220045
:10F9F000B8B103F00F030121994089B2E7F71AB8B3
:10FA000000F0C002C02A0CD1C72B0AD8074B00F067
:10FA10003F0200F4E06053F82220024B53F82230FA
:10FA2000DCE77047A43F020808000020843F02087A
:10FA3000F0B5C3B21A2B85B00F46154628D8214A17
:10FA400052F8233000F4E0641C43C4F30310E6F7DB
:10FA500019FD0646D0B1022D2ED0032D2FD0002D3A
:10FA60000CBF4FF404154FF4881539466846E6F785
:10FA700072FC04F00F040121A14030462B466A4677
:10FA800089B2E7F751F86846E6F7F9F905B0F0BD35
:10FA900000F0C002C02A0CD1C72B0AD80A4B00F0D4
:10FAA0003F0200F4E06453F82220064B53F8223062
:10FAB000CAE74FF0FF34C8E74FF44415D5E74FF4D9
:10FAC0000415D2E7A43F0208843F020808B102F0FF
:10FAD0006BBD704710B5044628B102F093FD90FB52
:10FAE000F4F303FB1404204610BD884210B504460D
:10FAF00003DA081AFFF7EEFF0444204610BD7047F2
:10FB000008B50320E2F7F8F8BDE8084000F03ABA7B
:10FB100008B5AFF30080EBF78FFCEBF701FC00F0CA
:10FB200023FAFAE70309024613F00C0010B50DD1D1
:10FB3000074BD1B253F8044B8C4203D102F4E0627C
:10FB4000104310BD01301B28F4D1FAE71B20F8E761
:10FB5000A43F020810F0F80F10B5024618D11A4859
:10FB6000D1B250F8211002F4E0630B43C9B21A2954
:10FB700019D903F0C004C02C01D1C7291CD9A2F1A6
:10FB8000C803022B94BF02F639704FF0FF3012E029
:10FB900000F0C003C02BF2D1C3B2C72BEFD80A4884
:10FBA00002F03F01DDE7094850F8210003F4E0636B
:10FBB0001843431CE3D010BD03F03F0150F821006F
:10FBC000024951F82000F1E7843F0208A43F0208EF
:10FBD0000D488546E7F772F90C480D490D4A002398
:10FBE00002E0D458C4500433C4188C42F9D30A4AF2
:10FBF0000A4C002301E013600432A242FBD303F05D
:10FC0000E5F8FFF785FFFEE7000001200000002077
:10FC1000D40100200CDB0208D8010020807A0020EB
:10FC2000FEE791420FD008D9891A01238B409842F0
:10FC300008D30130C8400138704720B10130521A52
:10FC40009040F8E700207047431E1F2B0ED80C2869
:10FC50000DDC06280DDD08280DDD0A28CCBF0C239D
:10FC60000A23064A1060064A13607047FEE70C2319
:10FC7000F7E70623F5E70823F3E700BF5C01002060
:10FC80005801002010B5FFF765FF431C0AD0064C51
:10FC90002168E6F7ADFC054B21681A68BDE8104005
:10FCA000FFF7BFBF002010BD580100205C010020FD
:10FCB000C3B21A2B2DE9F0410D462AD82C4A52F82E
:10FCC000233000F4E0641C43621C4ED0294EC4F380
:10FCD000031704F00F0856F8273023FA08F3DB0760
:10FCE00010D525492046E7F702F818B32046E6F775
:10FCF0002FFC56F82730012202FA08F223EA020309
:10FD000046F82730052D1FD8DFE805F01F2B2527E3
:10FD1000292D00F0C002C02A27D1C72B25D8174BA8
:10FD200000F03F0200F4E06453F82220104B53F837
:10FD30002230C8E712492046E6F7D9FF0028D8D07C
:10FD40002046E6F751FDD4E7FEE700212046BDE856
:10FD5000F041E6F7DBBF1021F8E72021F6E70321A9
:10FD6000F4E70121F2E70921F0E7BDE8F08100BFE7
:10FD7000A43F020814780020003F0208843F0208D4
:10FD80008C3D0208C3B21A2B1BD8174A52F82330F5
:10FD900000F4E0601843431C25D0030913F00C0F56
:10FDA00004BF124A03F00F0300F00F0008BF52F81F
:10FDB00023300F4A18BF002352F8202091B19A61D6
:10FDC000704700F0C002C02A0DD1C72B0BD8094BD9
:10FDD00000F03F0200F4E06053F82220024B53F899
:10FDE0002230D7E79A627047A43F0208080000203B
:10FDF000CC400208843F0208C3B21A2B1BD8194A10
:10FE000052F8233000F4E0601843431C24D0030967
:10FE100013F00C0F22D103F00F03134A00F00F0070
:10FE200052F82320114B126953F8203093430CBF32
:10FE300001200020704700F0C002C02A0CD1C72B5F
:10FE40000AD80B4B00F03F0200F4E06053F8222088
:10FE5000044B53F82230D7E70020704700231B697A
:10FE6000FFDE00BFA43F020808000020CC400208CB
:10FE7000843F02082DE9F843C3B21A2B0C461546FD
:10FE800010D82D4A52F8233000F4E06018430009DE
:10FE900003F00F03012610F00C0F06FA03F612D040
:10FEA000002715E000F0C002C02A2BD1C72B29D8AB
:10FEB000224B00F03F0200F4E06053F822201E4B7A
:10FEC00053F82230E2E71E4B00F00F0053F8207089
:10FED000002C18BF344600F037F880463B693340A9
:10FEE000A34212D03B693340A34217D100F02CF853
:10FEF00081463B693340A34217D000F025F8A0EBC0
:10FF0000090009E04FF40046CAE700F01DF8A0EB35
:10FF10000800A842E2D90020BDE8F88300F014F8F8
:10FF2000A0EB0800A842DDD9F5E700F00DF8A0EB42
:10FF30000800A842DDD9EEE7A43F0208843F02088A
:10FF400008000020E6F7A2BCE6F77CBC38B5044602
:10FF500048B1E6F79BFC0546FFF7D1FDE6F796FCB6
:10FF6000431BA342F8D338BD08B5044B2BB104485A
:10FF7000FFF786F908B1AFF3008008BD000000006C
:10FF8000AC760020E6F72CBD430803F05533C01AC9
:10FF9000830803F0333300F03330184400EB1010C3
:10FFA00000F00F3000EB002000EB0040000E704727
:10FFB0002DE9F047089D0C46002B4ED194468C4508
:10FFC0008646B2FA82F262D94AB1C2F12003914068
:10FFD00020FA03F30CFA02FC194300FA02FE4FEA7E
:10FFE0001C471FFA8CF6B1FBF7F44FEA1E4307FBE0
:10FFF000141143EA014304FB06F199420AD91CEBB0
:020000040802F0
:10000000030304F1FF3080F01281994240F20F8126
:10001000023C6344591A1FFA8EF3B1FBF7F007FB59
:10002000101143EA014300FB06F69E420AD91CEB7D
:10003000030300F1FF3180F0FC809E4240F2F98022
:10004000634402389B1B40EA044000211DB1D340A9
:100050000022C5E90032BDE8F0878B4205D90DB119
:10006000C5E9000100210846F5E7B3FA83F100294C
:1000700046D1A34202D39042C0F0F080861A64EBCE
:1000800003030120002DE6D0C5E90063E3E7002A61
:1000900040F09080A1EB0C044FEA1C481FFA8CF74B
:1000A0000121B4FBF8F64FEA1E4308FB164443EA6D
:1000B000044307FB06F0984208D91CEB030306F142
:1000C000FF3402D2984200F2CD8026461C1A1FFA55
:1000D0008EF3B4FBF8F008FB104443EA044300FB42
:1000E00007F79F4208D91CEB030300F1FF3402D24B
:1000F0009F4200F2B0802046DB1B40EA0640A5E7A5
:10010000C1F120068B4022FA06F71F4320FA06FCB5
:1001100004FA01F343EA0C03F44000FA01F8380C46
:100120004FEA1349B4FBF0FE1FFA87FC00FB1E44A4
:1001300049EA04440EFB0CF9A14502FA01F20AD97E
:100140003C190EF1FF3A80F08480A14540F2818095
:10015000AEF1020E3C44A4EB09041FFA83F9B4FB90
:10016000F0F300FB134449EA044403FB0CFCA445F0
:1001700007D93C1903F1FF3067D2A44565D9023B8A
:100180003C4443EA0E40A0FB0293A4EB0C049C42C7
:10019000CE469C4651D34ED055B1B8EB0E0364EB1E
:1001A0000C0404FA06F6CB401E43CC40C5E90064BB
:1001B000002150E7C2F1200320FA03F10CFA02FCFF
:1001C00024FA03F394400C434FEA1C4800FA02FE61
:1001D0001FFA8CF7B3FBF8F008FB1031230C43EA4D
:1001E000014300FB07F1994208D91CEB030300F11E
:1001F000FF362CD299422AD9023863445B1AA4B242
:10020000B3FBF8F108FB113344EA034401FB07F3A5
:10021000A34208D91CEB040401F1FF3613D2A34218
:1002200011D902396444E41A41EA004139E704462D
:10023000F0E6084606E7C845AED2B9EB020E63EB1E
:10024000070C0138A8E73146EDE7034699E7304649
:10025000D4E7D6467FE7634402384DE70646234697
:1002600008460FE7023E634430E700BF08B502F0DE
:10027000D1F800002DE9F0411C46454B836701236E
:100280001646A0F87C300D4668220021DDF8188063
:10029000074602F060FCF3B21A2B28D83D4A52F808
:1002A000233006F4E0661E43EBB21A2BBE6632D84A
:1002B000384A52F8233005F4E0651D43E3B21A2BA7
:1002C000FD663CD8334A52F8233004F4E0641C4302
:1002D0005FFA88F21A2A3C6745D82E4951F8222045
:1002E00008F4E06313437B673846BDE8F08106F00D
:1002F000C002C02A0CD1C72B0AD8274B06F03F02F8
:1003000006F4E06653F82220224B53F82230CAE765
:100310004FF0FF36C8E705F0C002C02A0CD1C72B4A
:100320000AD81D4B05F03F0205F4E06553F8222082
:10033000184B53F82230C0E74FF0FF35BEE704F00A
:10034000C002C02A0CD1C72B0AD8134B04F03F02BD
:1003500004F4E06453F822200E4B53F82230B6E741
:100360004FF0FF34B4E708F0C003C02B0CD1C72A0C
:100370000AD8094B08F03F0253F82210054A08F446
:10038000E06352F82120ADE74FF0FF33ABE700BF49
:1003900000093D00A43F0208843F0208002210B477
:1003A000054910BC80F85D200123816780F87C300E
:1003B00080F87D2000F078B800093D0017B46B4646
:1003C00083E80600816F009A9142044605D1B0F897
:1003D0007C10BDF8042091420ED000989B88A06745
:1003E000A4F87C3094F87C3094F87D20A16F2046EE
:1003F00003B010BC00F058B803B010BC7047704791
:1004000000F08CB907B5002A8DF807100DF107012F
:100410004FF001030CBF0A46002200F0C1F99DF81D
:10042000070003B05DF804FB07B51B230093C2224D
:10043000C123C5210248FFF71DFF03B05DF804FB8F
:100440002478002030B591FAA1F391FAA1F1B3FA22
:1004500083F3C4685B000325B1FA81F105FA03F365
:10046000490024EA03038A401A43C26030BD0000F9
:10047000094A0346106873B1084A934201D1E3F771
:10048000DDBD074A934201D1E3F7C8BD054A934257
:1004900001D1E3F7B1BD70474000002000300140BA
:1004A00000380040000001582DE9F04F0E4685B09D
:1004B00015461F460446002838D0626E8E4BC06E2B
:1004C0009A4236D08D49E6F7C7FC8D498146A06E29
:1004D000E6F7C2FC8B498346206FE6F7BDFC8A49EC
:1004E0008046606FE6F7B8FC8246B9F1000F1DD078
:1004F000BBF1000F1AD0B8F1000F17D0594648468B
:10050000E6F7D1FC514681464046E6F7CCFC014671
:1005100080464846E6F7C7FC6066B9F1000F05D093
:10052000B8F1000F02D0002840F0A18005B0BDE86E
:10053000F08F0130FAD1A36E0133F7D1236F01336D
:10054000F4D1636F0133F1D14FF40073606EA36196
:100550004FF4827320606360FFF78AFFB6EB500FA1
:1005600080F08C80B6EB900F80F08A80B6EBD00FD5
:1005700080F08880B6EB101F80F08680B6EB501FAD
:1005800080F08480B6EB901F80F08280B6EBD01FA5
:100590002CBF30233823E361002D7BD0022D7BD08C
:1005A000013D18BF01256D000123C4E90453072351
:1005B000E3624FF4E0632268E360B7FA87F74E4BDB
:1005C0007F090026FF019A42C4E90876A660A66268
:1005D00066632CD04949E06EE6F726FC4849A06ED8
:1005E000E6F722FC206F4749E6F71EFC2369B34279
:1005F000236F4FEA131114BF0122022211F00C0FD6
:1006000004BF424801F00F0103F00F0308BF50F888
:1006100021003F4918BF3046022A51F8231018BF65
:100620000122FFF70FFF3849606FE6F7FDFB2368F3
:10063000384A934232D14FF0B0431A6E42F480529E
:100640001A661A6E02F480520192019A1A6C42F4F0
:1006500080521A641A6C22F480521A642046E3F71E
:100660007EFF2268136843F0400313605EE7636F08
:1006700001333FF469AF4FF4802367E700238AE733
:10068000082388E7102386E7182384E7202382E7DE
:10069000282380E72B4688E7002386E71E4A9342FB
:1006A00013D14FF0B0439A6D42F480429A659A6D2F
:1006B00002F480420292029A9A6B42F480429A6358
:1006C0009A6B22F480429A63C8E70B4A9342C5D1E1
:1006D0004FF0B0435A6E42F001025A665A6E02F071
:1006E00001020392039A5A6C42F001025A645A6C56
:1006F00022F001025A64B1E700000158843C02086C
:10070000543C02080C3C0208D03B020808000020C0
:10071000CC400208003001400038004010B50446CB
:1007200098B1E3F78AFF23681A4A93420ED14FF03B
:10073000B0431A6C42F480521A641A6C22F480524C
:100740001A641A6E22F480521A6610BD124A93423D
:100750000ED14FF0B0439A6B42F480429A639A6B89
:1007600022F480429A639A6D22F480429A65ECE703
:100770000A4A9342E9D14FF0B0435A6C42F0010269
:100780005A645A6C22F001025A645A6E22F0010235
:100790005A66DAE700300140003800400000015896
:1007A0002DE9F0410D4616461C4633B30768E0F7C5
:1007B00075FE8046BB689907FCD5D5B115F8013B9D
:1007C0003B73BB68DA07FCD53B7B0EB106F8013BF7
:1007D000E0F764FEA0EB0800B0F57A7F04F1FF3487
:1007E00009D2002CE6D12046BB681B06FCD4BDE82C
:1007F000F081FF23E4E70120F6E70220F7E7D0F8D5
:1008000088301BB1D0F88C3080301847704700001A
:100810000148FFF7F4BF00BFA478002070B586B090
:10082000002302AC02930593C4E901338B680546AB
:100830000E4633B1022220469847F3680593B36809
:10084000049394E803006A4605F1800382E80300FC
:1008500093E8030084E8030092E8030083E80300C0
:10086000049BD5F88820C5F88830059B0492204663
:10087000D5F88C20C5F88C300592E5F700FB3220C6
:10088000E1F7C4FA322006B0BDE87040E1F778BA6B
:1008900010B504463220E1F781FAD4F888303BB134
:1008A00004F180010322084698470023C4E922335B
:1008B00010BDD0F88800003818BF012070473220E2
:1008C000E1F75EBA3220E1F769BA3220E1F79EBA69
:1008D00008B53220E1F788FA003818BF012008BDBA
:1008E000054BD3F8902021B122F40042C3F89020A8
:1008F000704742F40042F9E700040058034BD3F874
:10090000900080F40040C0F3C030704700040058ED
:100910004FF0B043D3F8942021B142F40042C3F821
:100920009420704722F40042F9E74FF0B043D3F827
:100930009400C0F3C0307047024B5869C0F34000C8
:10094000704700BF0004005813B5094C4FF0FF3347
:1009500000931A4619462046FFF78CFC054B636648
:100960000023C4E92033C4E9223302B010BD00BF24
:10097000A47800200000015808B50248E5F77FFA86
:1009800008BD00BF247900202DE9F84314461D4618
:100990008046894600F050F9224606460F462B460F
:1009A00020462946E0F722F878B900220023404685
:1009B0004946DFF7E9FFD8B1002200232046294647
:1009C000DFF7E2FF28B1264F002630463946BDE862
:1009D000F8832046294600F099F80028F5D02046F3
:1009E000294600220023DFF7D9FF0028EDD02CE0B4
:1009F0003046394600F08AF8A0B100220023304684
:100A00003946DFF7C1FF0028DFD04046494600F0F5
:100A10007DF80028D9D02046294600F077F8002834
:100A2000D3D012E04046494600F070F80028E4D0E8
:100A30002046294600F06AF80028DED032463B46C0
:100A400030463946DFF7D2FF20B902F0B9F9222348
:100A50000360BAE702F0B4F921230360B5E700BFF1
:100A60000000F03F70B50C46064600F091FE2146AE
:100A700005462046E0F73CFB58B900213046E0F738
:100A800005FBA0B100212046E0F700FB18B14FF0B4
:100A90007E55284670BD204600F03EF80028F8D06C
:100AA00000212046E0F7FCFA0028F2D023E0284697
:100AB00000F032F880B100212846E0F7E7FA00287C
:100AC000E7D0304600F028F80028E2D0204600F0B9
:100AD00023F80028DDD00EE0304600F01DF8002895
:100AE000E9D0204600F018F80028E4D0294628462E
:100AF000E0F7FEFA20B902F063F922230360C8E7A9
:100B000002F05EF921230360C3E700BF41F000401B
:100B100000F58010C00F704720F00040B0F1FF4F8B
:100B2000ACBF0020012070472DE9F041C0F3C7554C
:100B30007F3D162D044620F0004724DC002D804622
:100B400014DB184F2F4138421AD01749E0F702F84A
:100B50000021E0F7C3FA98B1002C03DD4FF4000345
:100B60002B41984428EA0700BDE8F0810E49DFF7E1
:100B7000F1FF0021E0F7B2FA10B1002C0EDB57B9FB
:100B80002046BDE8F081B7F1FF4FF9D30146DFF70A
:100B9000E1FFBDE8F0814FF07E50F2E74FF00040FA
:100BA000EFE700BFFFFF7F00CAF249712DE9F04176
:100BB000C0F3C7557F3D162D044620F0004725DCC5
:100BC000002D804614DB184F2F4138421BD01749A7
:100BD000DFF7C0FF0021E0F781FAA0B1002C03DAB3
:100BE0004FF400032B41984428EA0700BDE8F08148
:100BF0000E49DFF7AFFF0021E0F770FA18B1002CC3
:100C00000CDB002000E02046BDE8F081B7F1FF4F8B
:100C1000F9D30146DFF79EFFBDE8F08117B94FF029
:100C20000040F1E70248EFE7FFFF7F00CAF2497199
:100C3000000080BF000000002DE9F04F23F00047C6
:100C4000044657EA020093B092469B460D4610D1E7
:100C50002319824985F4002252419842914121D2C0
:100C600052465B4620462946DFF770FA13B0BDE8CE
:100C7000F08F98467A4B0E4621F000419942009140
:100C8000A14614D906F1404606F5801656EA090633
:100C9000E6D15346DB1871498BF4002252419E4243
:100CA0009141DDD36F49002013B0BDE8F08F14D01F
:100CB0009F42E7D8009B00F0B780002E15DB002A8A
:100CC00040F0A48067498F4240F0CA83B8F1000F1A
:100CD000C0F2BF8420462946C8E7002CC0D18F420D
:100CE000BED800F0F283009BE7E75F498F4200F235
:100CF000C6835E498F420DD93915A1F2FF311429FF
:100D000040F38E84C1F1340122FA01F000FA01F1BE
:100D1000914236D0002A45D1B8F1804F3BD00292A3
:100D200020462946049300F02FFD049BB9F1000FE3
:100D300043D0DDF808C0F20F013A52EA0C0C00F083
:100D40008A80029C013C224314BF464D484D00243A
:100D5000B7F1844FCDE9064540F28E80454B009AAD
:100D60009F42424B40F2E8839A4200F29484B8F1E9
:100D7000000FC0F29484002013B0BDE8F04F01F0E2
:100D800059B900F00100C0F102010291002A3FD1DF
:100D9000B8F1804FC4D122462B4620462946DFF7C2
:100DA0008BFB63E720462946029300F0EDFC029B93
:100DB000B9F1000F4FD1CDF808902A4A26F0404CE7
:100DC000944502D0009A002AB3D1B8F1000F05DA99
:100DD00002460B4600202349DFF798FC002EBFF6A1
:100DE00045AF009B03F1404A029B0AF5801A5AEA7C
:100DF000030A40F0368402460B4610461946DFF7D8
:100E0000A3F902460B46DFF781FC2FE7002202928E
:100E100020462946049300F0B7FC049BB9F1000F6B
:100E2000CBD0F20F013A8CE7002A7FF42BAF009B66
:100E300003F1404303F5801323433FF433AF0B4BDF
:100E4000009A9A4240F2DF83B8F1000FC0F2498461
:100E5000504659460AE722462B46CEE70000F0FFEF
:100E60000000F07F0000F03FFFFF3F43FFFFEF3F38
:100E70000000F0BF0000F043D74A3240002A40F0A3
:100E80002883D64B0022DFF717FB6FF034040B46A4
:100E90001A15A2F2FF321519D14A0B95C3F31303A9
:100EA00043F07F54934244F4401407DDCD4A93420B
:100EB00040F3E08301350B95A4F580140022002354
:100EC000CDE90823CDE91023C74B0022CDE9042347
:100ED0000025DDE9042321468046DFF735F9A146E8
:100EE000DDE9042306460F4640462146CDE90C893C
:100EF000DFF72CF902460B460020BB49DFF706FC62
:100F00000A460146CDE90E121346394602463046DE
:100F1000DFF7D2FA0A4601464FF0000CCDE9021283
:100F20001146CDE900016410CDF800C0DDE900896B
:100F300044F0005404F500230020591904460D46DE
:100F400002460B4640464946DFF7B6FA02460B46D4
:100F500030463946DFF7F8F8DDE9042306460F4648
:100F600020462946DFF7F0F802460B46DDE90C0182
:100F7000DFF7EAF842464B46DFF79EFA02460B4699
:100F800030463946DFF7E0F8DDE90E23DFF794FA63
:100F9000DDE90245CDE9040122462B4620462946DB
:100FA000DFF78AFA7AA3D3E9002304460D46DFF778
:100FB00083FA79A3D3E90023DFF7C8F822462B464A
:100FC000DFF77AFA76A3D3E90023DFF7BFF82246EA
:100FD0002B46DFF771FA74A3D3E90023DFF7B6F8E5
:100FE00022462B46DFF768FA71A3D3E90023DFF727
:100FF000ADF822462B46DFF75FFA6FA3D3E9002353
:10100000DFF7A4F8224606460F462B46204629461F
:10101000DFF752FA02460B4630463946DFF74CFA04
:10102000424604460D464B46DDE90201DFF78EF8E5
:10103000DDE90423DFF740FA22462B46DFF786F886
:10104000424604460D464B4640464946DFF734FAD1
:10105000664B002206460F46DFF778F822462B46FD
:10106000CDE90C45DFF772F800240D4622462B46E9
:1010700040464946DFF720FA5C4B8046894600220D
:1010800020462946DFF760F832463B46DFF75CF83A
:1010900002460B46DDE90C01DFF756F8DDE90223D5
:1010A000DFF70AFA224606460F462B46DDE9040121
:1010B000DFF702FA02460B4630463946DFF746F8BC
:1010C00006460F4602460B4640464946DFF73EF8C5
:1010D00000243BA3D3E9002320460D46DFF7ECF9BB
:1010E00042464B468046894620462946DFF72CF883
:1010F00002460B4630463946DFF726F832A3D3E9DD
:101100000023DFF7D9F932A3D3E9002306460F46BF
:1011100020462946DFF7D0F902460B4630463946CD
:10112000DFF714F8DDE91023DFF710F806460B9817
:101130000F46DFF757F9324604460D463B46404618
:101140004946CDE90289DFF701F8DDE90823DEF73A
:10115000FDFF22462B46DEF7F9FF002022462B46F4
:1011600080468946DEF7F0FFDDE90823DEF7ECFF75
:10117000DDE90223DEF7E8FF02460B46304639463A
:10118000DEF7E2FFCDE9020132E000BFAFF30080FD
:10119000EF4E454A287ECA3F65DBC9934A86CD3F5C
:1011A00001411DA96074D13F4D268F515555D53F42
:1011B000FFAB6FDBB66DDB3F033333333333E33FDA
:1011C000000000E009C7EE3FFD033ADC09C7EE3F2F
:1011D000F5015B14E02F3EBE0000F07F00004043AD
:1011E0008E98030079B60B000000F03F0000084025
:1011F0000023CDE900AB0093DDE900675946324694
:101200003B465046DEF7A0FF42464B46DFF754F917
:101210005B4604460D465246DDE90201DFF74CF914
:1012200002460B4620462946DEF790FF324604462A
:101230000D463B4640464946DFF73EF90B4602461F
:1012400006460F4620462946DEF780FFB44B9942FA
:10125000A046A94604460D468B4640F3168101F18F
:101260003F4303F5E003034340F01F829AA3D3E911
:10127000002340464946DEF769FF3246CDE90001CA
:101280003B4620462946DEF75FFF02460B46DDE976
:101290000001DFF7A1FB002840F007824FF4007344
:1012A0005B44C3F30A529F4CA2F2FF32C3F3130113
:1012B000144141F48011C2F1140241FA02FA0020F3
:1012C00004EA0301BBF1000F02460B4630463946E3
:1012D000B8BFCAF1000ADEF737FF02460B460646E2
:1012E0000F4640464946DEF731FF4FEA0A5B0D469E
:1012F00000247BA3D3E9002320462946DFF7DCF84E
:101300003246CDE900013B4620462946DEF71CFF68
:1013100002460B4640464946DEF716FF72A3D3E964
:101320000023DFF7C9F872A3D3E9002306460F466E
:1013300020462946DFF7C0F802460B4630463946BC
:10134000DEF704FFDDE9008906460F4602460B463C
:1013500040464946DEF7FAFE42464B4604460D46F5
:10136000DEF7F2FE02460B4630463946DEF7ECFE6B
:101370002246804689462B4620462946DFF79CF8C0
:101380005DA3D3E9002306460F46DFF795F85CA37B
:10139000D3E90023DEF7D8FE32463B46DFF78CF870
:1013A00059A3D3E90023DEF7D1FE32463B46DFF7EF
:1013B00083F857A3D3E90023DEF7C6FE32463B4647
:1013C000DFF77AF854A3D3E90023DEF7BFFE3246F5
:1013D0003B46DFF771F802460B4620462946DEF70A
:1013E000B3FE06460F4602460B4620462946DFF767
:1013F00063F80022CDE900014FF0804330463946C2
:10140000DEF7A2FE02460B46DDE90001DFF77EF9BA
:10141000424606460F464B4620462946DFF74CF823
:1014200042464B46DEF792FE02460B4630463946B0
:10143000DEF78AFE22462B46DEF786FE02460B4684
:1014400000203949DEF780FE0C465C44B4F5801F6D
:10145000C0F235812146DDE90623DFF72DF805E4EA
:10146000B8F1804F3FF497AC304988457FF457ACD2
:101470002046294613B0BDE8F04F00F065BE002AB3
:1014800000F0338102220292C2E4DFF8A4C021F00E
:101490000043634540F2D580264B0B4403430AD1F9
:1014A00032463B46DEF750FE42464B46DFF78AFAAD
:1014B00000283FF4F3AEDDE9060100220023DFF748
:1014C0006DFA003818BF012056E4002A7FF4C8AB3B
:1014D000B5E40024DCE400BFFE822B654715973C91
:1014E00000000000432EE63FEF39FAFE422EE63FB1
:1014F000396CA80C615C20BED0A4BE726937663E10
:10150000F16BD2C541BDBB3E2CDE25AF6A56113F03
:1015100093BDBE166CC1663F3E5555555555C53FEA
:10152000FFFF8F400000F0FF0000F03F0000E03FB1
:10153000FFCB904000346F3F9A42C0F0C480009AC5
:101540008D4B9A424FF0000200F2D7808A4BDEF7B3
:10155000FBFD7DA3D3E9002304460D46DEF7ACFF77
:101560007BA3D3E9002306460F4620462946DEF733
:10157000A3FF824B80468946002220462946DEF79B
:101580009BFF02460B4674A1D1E90001DEF7DCFDAA
:1015900022462B46DEF790FF02460B460020784994
:1015A000DEF7D2FD2246CDE900012B462046294632
:1015B000DEF782FF02460B46DDE90001DEF77CFF25
:1015C00067A3D3E90023DEF777FF02460B464046C8
:1015D0004946DEF7B9FD02460B4604460D46304645
:1015E0003946DEF7B3FD002032463B468046894649
:1015F000DEF7AAFD02460B4620462946DEF7A4FD8B
:10160000CDE90201F4E5B8F1000F4FF000004FF012
:101610000001BFF62BAB50460BF10041FFF726BB94
:10162000002A7FF4BFABC1F1140147FA01F000FAC0
:1016300001F1B9426ED050498F423FF447ABFFF7FA
:101640006BBB4F4A934274D8DDE900239346924620
:101650004EE622462B4648490020DFF757F8FFF7B1
:1016600005BB029B012B7FF401AB01F1004319463E
:10167000FFF7FCBA3CA3D3E90023CDE908233CA340
:10168000D3E90023CDE910233E4B0022CDE904230A
:101690004FF480251DE4B8F1000F7FF76CAB0020FC
:1016A00013B0BDE8F04F00F0CBBCDDE9060100222D
:1016B0000023DFF773F9003818BF0120F0E7524626
:1016C00000F026FCC7E6DDE9060100220023DFF773
:1016D00065F9003818BF0120B8F1000FBFF64CAB18
:1016E000DEE700200021FFF7C1BAB8F1804F3FF4D8
:1016F00052AB02220292FFF713BBDDE90601002381
:10170000DFF74CF9003818BF0120B8F1000FC7DC33
:10171000FFF732BB184A97423FF4D8AAB8F1804F7E
:101720003FF439AB00F00100C0F102020292FFF772
:10173000F7BA1B15A3F2FE334FF4801242FA03F3FB
:10174000AEE500BFAFF30080000000604715F73F33
:1017500044DF5DF80BAE543E555555555555D53FB4
:10176000FE822B654715F73F0000004003B8E23FBB
:1017700006D0CF43EBFD4C3E0000F03F0000D03FD1
:101780000000E03F0000F83F21F000431946704799
:101790002DE9F04F31F0004A87B00C468046814673
:1017A0000DD180F480094FEA490919F5000F18D9C5
:1017B00021464046DFF7CEF907B0BDE8F08F20F0B4
:1017C000004BBBF1FF4F0D4602D8BAF1FF4F0DD9C8
:1017D000B9F17E5FECD185F480056D0015F5000F41
:1017E000E6D84FF07E5007B0BDE8F08F00285F4686
:1017F000C0F23081BAF1FF4F00F04081BAF17E5F54
:1018000000F07E81B1F1804F00F0AA810026B5F191
:101810007C5F40F05381B9F1000F404680F2A58112
:1018200000F072FBBBF1FF4F00F05D81BBF1000FD8
:1018300000F05981BBF17E5F00F04A814FEAD97315
:10184000013B56EA0302009300F09481BAF19A4FEB
:1018500040F29881B04B9B4540F2E482AF4B9B45F0
:1018600000F2EC824FF07E51DFF772F9AC4980460E
:10187000DFF778FAAB4981464046DFF773FA4FF05D
:101880007A5182464046DFF76DFA0146A648DFF7F7
:101890005FF94146DFF766FA01464FF07C50DFF70B
:1018A00057F9414683464046DFF75CFA0146584601
:1018B000DFF758FA9D49DFF755FA01465046DFF742
:1018C00047F9014680464846DFF744F920F47F6B2C
:1018D0002BF00F0B49465846DFF73AF901464046D0
:1018E000DFF736F925F47F67009B013E27F00F07ED
:1018F0001E438046394620460CBF8D4E4FF07E5623
:10190000DFF726F95946DFF72DFA2146054640460E
:10191000DFF728FA01462846DFF71CF93946054665
:101920005846DFF71FFA014604462846DFF712F94A
:10193000002807468046014620F0004240F33D82E1
:10194000B2F1864F00F2CA8200F0AA82B2F17C5F47
:1019500000F2CC824FF00008474621F47F6A2AF05B
:101960000F0A74495046DFF7FDF92146814650467B
:10197000DFF7EEF801462846DFF7EAF86E49DFF7B1
:10198000F1F96E4904465046DFF7ECF9014620466E
:10199000DFF7E0F8044601464846DFF7DBF8494642
:1019A0000546DFF7D5F801462046DFF7D1F829468E
:1019B00081462846DFF7D6F961490446DFF7D2F9B8
:1019C0006049DFF7C5F82146DFF7CCF95E49DFF75C
:1019D000C1F82146DFF7C6F95C49DFF7B9F82146BF
:1019E000DFF7C0F95A49DFF7B5F82146DFF7BAF952
:1019F00001462846DFF7ACF8044601462846DFF7E3
:101A0000B1F94FF0804182462046DFF7A1F8014648
:101A10005046DFF75BFA494604462846DFF7A2F94D
:101A20004946DFF797F801462046DFF791F8294647
:101A3000DFF78EF801464FF07E50DFF789F8034656
:101A40004344B3F5000FC0F2F58118463146DFF785
:101A500089F9B1E6BAF1974F19D2BAF17E5F1BD27C
:101A6000B1F1804F7CD0B1F17C5F26D100F04CFA0F
:101A7000BBF1FF4F3FF4A0AE0026D7E6BBF17E5F7F
:101A80003FF4AFAE42D9002D3EDB204694E6BAF1DA
:101A9000FF4FF3D00226BAE64FEAEA52C2F19602AD
:101AA0004AFA02F101FA02F2524500F07381BAF1EA
:101AB0007E5F25D0B4F1804F52D00026404600F022
:101AC00023FABBF1FF4F03D0BBF1000F7FF4B2AE9E
:101AD000002D04DA01464FF07E50DFF7F7F9B9F137
:101AE000000FBFF669AEABF17E5B5BEA060B40F020
:101AF0005E810146DFF72CF80146DFF7E7F95BE688
:101B0000002D27DB404657E6002055E6002DFBDA86
:101B100004F1004050E600BFF3FF7F3F0700803F25
:101B200000AAB83F70A5EC36ABAAAA3E3BAAB83FC4
:101B3000000080BF0072313F1872313F8CBEBF354C
:101B40004CBB31330EEADD3555B38A38610B363B79
:101B5000ABAA2A3E41464FF07E50DFF7B7F92BE69D
:101B600041464046DFF7FEF826E607B0BDE8F04FF5
:101B700000F0D8BB41464046DEF7EAFF0146DFF7FA
:101B8000A5F919E619F0FF4F40F04A814FF097414F
:101B9000DFF7E8F86FF017010746FA157F3A0A44B5
:101BA000AF490192C7F316038B4243F07E5707DD1E
:101BB000AC498B4240F34A8101320192A7F50007FC
:101BC000002305934FF07E5B04934FF000085946C5
:101BD0003846DEF7BDFF594681463846DEF7BAFF84
:101BE00001464FF07E50DFF771F9014603904846F9
:101BF000DFF7B8F87A1042F0005202F58022424432
:101C000020F47F6828F00F081146BA460746404680
:101C10000292DFF7A7F801464846DEF799FF029ADD
:101C2000814659461046DEF793FF01465046DEF7DF
:101C30008FFF4146DFF796F801464846DEF788FFFA
:101C4000039B1946DFF78EF8394683463846DFF79F
:101C500089F885498146DFF785F88449DEF77AFF00
:101C60004946DFF77FF88249DEF774FF4946DFF720
:101C700079F88049DEF76EFF4946DFF773F87E4951
:101C8000DEF768FF4946DFF76DF87C49DEF762FF53
:101C9000494682464846DFF765F801465046DFF779
:101CA00061F8414681463846DEF754FF5946DFF772
:101CB00059F84946DEF74EFF414682464046DFF777
:101CC00051F86F490290DEF745FF5146DEF742FFBB
:101CD00020F47F6929F00F0949464046DFF742F8B2
:101CE000674980464846DEF733FF0299DEF730FF4A
:101CF00001465046DEF72CFF3946DFF733F84946F8
:101D000082465846DFF72EF801465046DEF722FF9E
:101D1000834601464046DEF71DFF20F47F6A2AF025
:101D20000F0A58495046DFF71DF841468146504694
:101D3000DEF70EFF01465846DEF70AFF5249DFF78D
:101D400011F8524980465046DFF70CF801464046EC
:101D5000DEF700FF0499DEF7FDFE80460198DEF70E
:101D6000ADFF414682464846DEF7F4FE059F394600
:101D7000DEF7F0FE5146DEF7EDFE20F47F6B2BF030
:101D80000F0B51465846DEF7E3FE3946DEF7E0FE1C
:101D90004946A1E5BAF17E5F3FF4B2AEB4F1804F9F
:101DA0003FF4DEAE01F00101C1F1020686E6012E2C
:101DB0007FF402AD00F10040FEE4354B9A4200F2A0
:101DC00097807FF4C3AD2146DEF7C2FE2946DFF7D8
:101DD0007BF9002840F08C8086227E3A4FF4000385
:101DE000134143442B49C3F3C7527F3AC3F3160749
:101DF000114147F40007C2F117021741B8F1000F73
:101E000001EA0301B8BF7F422046DEF7A1FE01468A
:101E100004462846DEF79EFE4FEAC75801469CE579
:101E20000021BAE6002D0BDB002007B0BDE8F04F23
:101E300000F082B9394600F009F907E6002DF3DD1C
:101E4000002007B0BDE8F04F00F07AB9124B0593BF
:101E5000124B04934FF07F5B4FF40018B7E600BFBE
:101E600071C41C00D6B35D0042F1533E55326C3E46
:101E700005A38B3EABAAAA3EB76DDB3E9A99193FEC
:101E8000000040400038763F4F38763FA0C39D3673
:101E900000001643000080FF00C0153FDCCFD135A5
:101EA00017492846DEF756FE214681463846DEF7BA
:101EB0004FFE01464846DFF711F978B907F50043B0
:101EC000DA1510497F3A11411940C3F31603C2F1E4
:101ED000170243F4000343FA02F795E70021304666
:101EE000DFF7DEF8003818BF0120AAE7D21574E743
:101EF00000213046DFF7D4F8003818BF012094E7FE
:101F00003CAA3833000080FF20F00040704700BF3B
:101F100070B51646C1F30A5204460D460B465ABB2D
:101F200021F00043034326D02D4B0022DEF7C4FAF4
:101F30002C4B9E4204460D4643DBC1F30A520B462E
:101F4000363A4CF250318E421EDC164440F2FE729C
:101F5000964219DC002E23DC16F1350F28DB23F026
:101F6000FF4323F4E003363643EA065120461E4B76
:101F70000022DEF7A1FA70BD40F2FF7C6245E0D19D
:101F80000246DEF7E3F870BD11A3D3E90023ED0F9D
:101F90001C4665F3DF7421461448DEF78DFA70BDE8
:101FA00023F0FF4323F4E003204643EA065170BDCB
:101FB00005F0004343F0D27141F4B7310C4841F0D1
:101FC0001F0105A3D3E90023DEF776FA70BD00BF39
:101FD0009C7500883CE4377E59F3F8C21F6EA5015A
:101FE00000005043B03CFFFF0000903C9C7500880F
:101FF00059F3F8C2D0B506460F46144600F0E0FE8D
:102000000346394630461C60D0BD00BF10B50446BB
:1020100082B0104619460CB103F10043CDE900230C
:10202000DDE90023DEF748FA222202B0BDE81040C5
:10203000FFF7E0BF00224FF08053FFF7E7BF00BF7C
:1020400000224FF0E043FFF7E1BF00BF10B50C46A0
:1020500030F0004103461DD0B1F1FF4F1BD210F00C
:10206000FF4F02461BD14FF09841DEF77BFE204A1E
:10207000944203462CDBC0F3C75102464CF2503069
:102080008442A1F1190110DD1A49184661F31E00BE
:10209000DEF768FE10BD0146DEF75CFD10BD4CF2B8
:1020A000503084424FEAD151EEDC2144FE29EBDC72
:1020B000002911DC11F1160F13DB01F1190022F0D8
:1020C000FF424FF04C5142EAC050DEF74BFE10BDCC
:1020D0000949DEF747FE10BD22F0FF4242EAC15037
:1020E00010BD0549184661F31E00DEF73BFE10BD2A
:1020F000B03CFFFFCAF249716042A20D38B50546F7
:102100000C4600F05DFE034628461C6038BD00BF4B
:1021100008B540B101F10040DEF724FEBDE80840FB
:102120002221FFF7EBBF0846DEF71CFEBDE80840A2
:102130002221FFF7E3BF00BF4FF08051FFF7E8BF58
:102140004FF0E041FFF7E4BF2DE9F84F724F8F43A6
:1021500004460D4600F0B28000290B4606460246B2
:1021600055DD081500F09B80C3F31303C107A0F2EF
:10217000FF3743F4801303D4D10F01EB4303520024
:102180005B00002603EBD2737F1052001624B44686
:102190004FF400110CEB0100984203DC1B1A01EB19
:1021A000000C0E445B00013C03EBD2734FEA51017B
:1021B0004FEA4202EED1A04620254FF000400AE04F
:1021C00039D0590001EBD271013D0B464FEA420272
:1021D0004FEA50003BD09C4508EB000EF0DABEF110
:1021E000000F0EEB00080CDBE146A3EB0C0196455B
:1021F00088BF01F1FF314900CC46A2EB0E02044436
:10220000E0E7B8F1000FEFDB0CF10109EDE721F099
:10221000004707433DD0002973D1D10A153B520531
:102220000029FAD0CD02184616460B4637D5202491
:102230004FF0FF313EE0964502D94FEA4C01C1E72D
:10224000BEF1000F0EEB000825DB0021D5E711439E
:1022500012D0DFF8C8A0DFF8C8B0DAE90001DBE986
:102260000023DDF771FFDAE9008902460B4640469C
:102270004946DEF79DFB58BB6508731003F17F5399
:10228000F20703F5001348BF45F0004503EB075183
:102290002846BDE8F88FB8F1000FB5DAD5E700227F
:1022A0005B00DC02114602F10102F9D5C2F1200403
:1022B00006FA02F2E640401A334355E702460B465F
:1022C000DEF7FAF822462B46DDF740FFBDE8F88F2F
:1022D000B4F1FF3FDAE90001DBE9002318D0DDF7B4
:1022E00035FFDAE9008902460B4640464946DEF7EB
:1022F00055FB78B1A11C04F1020508BF01366D0839
:10230000BBE7DDF721FF02460B46DEF7FFF9C0E72A
:102310000136B2E70134AFE70000F07F680100202A
:102320006001002020F00042B2F1FF4F2DE9F041A2
:10233000044654D2002A50D00028034657DB14F03C
:10234000FF4F4FEAE05009D114F400025BD15B006B
:102350001C02114602F10102F9D5401AC3F316021C
:1023600042F40002C307A0F17F0558BF52000024C9
:102370006D1052004FF0190E21464FF0807C01EB9A
:102380000C039342DDBF03EB0C016444D31A1346E4
:10239000BEF1010E4FEA43024FEA5C0CEFD1BBB134
:1023A0001A4E1B4F30683968D6F80080DEF7D0FB34
:1023B00001464046DEF77EFE50B130683968366827
:1023C000DEF7C8FB01463046DEF76AFEB8B10234DC
:1023D000601000F17C5000EBC550BDE8F081014673
:1023E000DEF7C0FC2146DEF7B5FBBDE8F081014613
:1023F000DEF7AEFB0146DEF769FDBDE8F081013492
:1024000024F00104E4E74FF0FF31A6E77401002057
:102410007001002008B5062000F060FC0120E5F7FF
:10242000E9F90A22002100F0DFB90000024B014661
:10243000186800F02DB800BF84010020024B01464F
:10244000186800F01FBD00BF8401002070B50F4E5A
:102450000C463168054611B900F090FC3060214609
:10246000284600F08BFC431C03D14FF0FF3420467C
:1024700070BDC41C24F00304A042F8D0211A2846E1
:1024800000F07CFC0130F2D1EFE700BF347900208E
:102490002DE9F843CD1C25F0030508350C2D38BF78
:1024A0000C25002D064601DBA94204D90C2333601C
:1024B0000020BDE8F883DFF8D48000F069F8D8F890
:1024C00000301C4644BB29463046FFF7BFFF431C83
:1024D000044658D1D8F800402746002F43D1002C9D
:1024E0004BD023683946304604EB030900F046FC24
:1024F000814542D121686D1A29463046FFF7A6FF73
:1025000001303AD023682B442360D8F800305A6851
:1025100062BBC8F800700FE02268521B20D40B2A5F
:1025200017D96119A342256018BF5960636808BFB5
:10253000C8F8001062514B60304600F02FF804F1EB
:102540000B00231D20F00700C21A1CBF1B1AA3504A
:10255000AFE76268A3420CBFC8F800205A60EBE7FF
:1025600023466468AEE73C467F68B6E71A465B6878
:10257000A342FBD100235360DEE70C2333603046D7
:1025800000F00CF894E70560D6E700BF387900202A
:10259000014800F040BC00BF7C7A0020014800F0F8
:1025A0003BBC00BF7C7A002038B5104B1D682B6BFC
:1025B0000446B3B91820FFF739FF0246286320B953
:1025C0000B4B0C48462100F03FFC0B490B4BC0E97C
:1025D00000130B4B83600B23838100210120C2E990
:1025E00004012B6B00221C615A6138BD840100205C
:1025F000B3D80208CAD802080E33CDAB34126DE648
:10260000ECDE0500164B10B51C68236BB3B918201F
:10261000FFF70CFF0246206320B9124B12485221EB
:1026200000F012FC1149124BC0E90013114B8360FA
:102630000B23838100210120C2E90401216B0E4894
:102640000B694C690D4A584302FB0400A3FB02329C
:10265000013340EB0200C1E9043020F0004010BD1E
:1026600084010020B3D80208CAD802080E33CDABCB
:1026700034126DE6ECDE05002DF451582D7F954C9B
:10268000024B0A460146186800F002B88401002097
:102690002DE9F041804615460C4621B9BDE8F041D0
:1026A0001146FFF7F5BE2AB900F0ECFB00242046E6
:1026B000BDE8F08100F030FC8542064602D8B5EB5B
:1026C000500FF4D829464046FFF7E2FE074600289F
:1026D000ECD0B5422A46214628BF324600F0A5FB81
:1026E0002146404600F0CEFB3C46E0E7242B2DE996
:1026F000F0478646904601D8012B06D100F060FBDA
:10270000162303600020BDE8F08736480D462A46B0
:1027100015F8014B065D16F00806F8D12D2C24D1D2
:102720002C780126951C2BBB302C30D00A2306F1C7
:10273000004C0CF1FF3C0022BCFBF3F9104603FBFC
:1027400019CAA4F13007092F28D83C46A34234DD2A
:10275000571C07D081452DD301D1A2452ADB00FBB0
:102760000340012215F8014BEBE72B2C04BF2C781A
:10277000951CD8E7102BDAD1302CD8D12A7802F06A
:10278000DF02582AD3D16C7810230235CFE72B789B
:1027900003F0DF03582BF6D00823C8E7A4F1410764
:1027A000192F01D8373CD1E7A4F16107192F04D8BC
:1027B000573CCBE74FF0FF32D4E7531C08D122231C
:1027C000CEF800306046B8F1000F9CD0691E06E0DC
:1027D00006B14042B8F1000F95D0002AF6D1C8F8F2
:1027E000001090E740D9020813460A460146024805
:1027F0000068FFF77BBF00BF84010020002310B5F5
:102800000446C0E90033C0E9043383608181436634
:10281000C2818361194608225C3000F09CF90D4B9F
:1028200063620D4BA3620D4BE3620D4B23630D4BB3
:1028300024629C4206D003F16802944202D0D03355
:102840009C4205D104F15800BDE8104000F0E2BA06
:1028500010BD00BFC1290208E32902081B2A020893
:102860003F2A02083C790020024A0349034800F04D
:1028700069B800BF780100200D36020888010020E9
:1028800041680C4B994210B5044601D000F0BEFEE1
:10289000A168094B994202D0204600F0B7FEE168DA
:1028A000064B994204D02046BDE8104000F0AEBE71
:1028B00010BD00BF3C790020A47900200C7A0020D4
:1028C00010B50B4B0B4C0C4A1A6020460022042119
:1028D000FFF794FF04F1680001220921FFF78EFF42
:1028E00004F1D0000222BDE810401221FFF786BF9C
:1028F000747A00203C79002069280208014800F021
:102900008ABA00BF7D7A0020014800F085BA00BF76
:102910007D7A002010B50446FFF7F0FF236A1BB153
:10292000BDE81040FFF7F0BF044B2362044B1B6867
:10293000002BF5D1FFF7C4FFF2E700BF81280208A2
:10294000747A00202DE9F84307468846144600268D
:10295000D4E90195B9F1010905D52468002CF7D116
:102960003046BDE8F883AB89012B07D9B5F90E30A5
:10297000013303D029463846C04706436835E9E7A6
:102980000EB400B59CB01DAB029006906FF00041F4
:10299000094807910491094953F8042B05910068EF
:1029A000019302A900F01CFB029B00221A701CB0CC
:1029B0005DF804EB03B07047840100200802FFFFBC
:1029C00010B50C46B1F90E1000F0B2F90028ABBFFB
:1029D000636DA3891B1823F48053ACBF6365A38187
:1029E00010BD2DE9F0411F468B89DB0505460C46DD
:1029F000164605D5B1F90E100223002200F086F923
:102A0000A389B4F90E1023F48053A38132463B46C8
:102A10002846BDE8F04100F0C1B910B50C46B1F947
:102A20000E1000F073F9431CA38915BF606523F4F1
:102A3000805343F48053A38118BFA38110BDB1F923
:102A40000E1000F053B9F0B5ADF5057D0E4604AF9C
:102A50004FF40071039100933946134603AA0546CB
:102A600000F020F8044680B10246039B3146284618
:102A700000F094F9BC42039003D02146284600F0B0
:102A800001FA03980DF5057DF0BD4FF0FF30F9E731
:102A900013460A46014602480068FFF7D4BF00BF4C
:102AA0008401002030B515469BB02C681A46D9B178
:102AB000002C19D04FF4C16300910491ADF80C3093
:102AC000214619DB4FF6FF7302910591ADF80E30E8
:102AD00069461E9B00F084FA00280FDB009B2860EB
:102AE00000221A7004980AE000214FF42273ADF816
:102AF0000C3000910491E5E78B23036000201BB0AC
:102B000030BD10B501390244904201D1002005E0EA
:102B1000037811F8014FA34201D0181B10BD0130FA
:102B2000F2E7884210B501EB020402D98442234641
:102B300007D8431EA14208D011F8012B03F8012F3A
:102B4000F8E7024401468A4200D110BD13F8014D56
:102B500002F8014DF7E702440346934200D1704763
:102B600003F8011BF9E710B5024614781346013249
:102B7000002CFAD1013B11F8012B03F8012F002A98
:102B8000F9D110BDC9B20346184613F8012B12B192
:102B90008A42F9D17047002918BF0020704770B5EC
:102BA00003461E4613F8014B44B14A1E01E0A542FC
:102BB00004D012F8015F002DF9D1F2E7301A70BD90
:102BC000024B0146186800F003B800BF84010020E2
:102BD00070B5044608460D46DEF75AFB461C3146E2
:102BE0002046FFF755FC044618B13246294600F04E
:102BF0001CF9204670BD10B56AB10139841810F86F
:102C0000012B11F8013F9A4203D1A04201D0002AC2
:102C1000F5D1D01A10BD1046FCE710B501390346B6
:102C200032B111F8014F03F8014B013A002CF7D1F2
:102C30001A440021934200D110BD03F8011BF9E7AB
:102C400038B511F0FF0403460ED12146BDE83840E7
:102C5000FFF798BF431C054621461846FFF792FF31
:102C60000028F7D1284638BD0025F5E770B50346A2
:102C70001E4613F8014B3CB14A1E01E0A542F7D0B5
:102C800012F8015F002DF9D1301A70BD1F2938B537
:102C900005460C4604D9162303604FF0FF3038BDBB
:102CA000C26B12B152F821304BB9284600F064F8DB
:102CB000224601462846BDE8384000F04BB8012BBB
:102CC0000AD0591C03D1162303600120E7E7002135
:102CD00042F82410204698470020E0E7024B0146C6
:102CE0001868FFF7D3BF00BF8401002038B5064D38
:102CF0000023044608462B60E4F76EFD431C02D116
:102D00002B6803B1236038BD787A002038B5074DB1
:102D100004460846114600222A601A46E4F766FD7A
:102D2000431C02D12B6803B1236038BD787A0020A0
:102D300038B5074D04460846114600222A601A4657
:102D4000E4F756FD431C02D12B6803B1236038BD64
:102D5000787A002038B5074D00230446084611460E
:102D60002B60E4F749FD431C02D12B6803B12360BB
:102D700038BD00BF787A0020E4F746BD38B5064D6F
:102D80000023044608462B60E4F708FD431C02D1EB
:102D90002B6803B1236038BD787A002038B5074D21
:102DA00004460846114600222A601A46FCF77CFCBD
:102DB000431C02D12B6803B1236038BD787A002010
:102DC000014B1868704700BF8401002070B50D4D9D
:102DD0000D4C641BA4100026A64209D10B4D0C4CCF
:102DE00000F0A6FE641BA4100026A64205D170BD0B
:102DF00055F8043B98470136EEE755F8043B9847F1
:102E00000136F2E7B8DA0208B8DA0208B8DA0208DE
:102E1000F0DA0208704770477047034611F8012B3B
:102E200003F8012B002AF9D170470A44914200F1BE
:102E3000FF3300D1704710B511F8014B03F8014F73
:102E40009142F9D110BD00001FB514461A46094B36
:102E50001B680546D86854B9074B1C46CDE90134B8
:102E600000912B46054900F0F9FBFFF7D3FA044B1C
:102E7000F4E700BF84010020B2D802084DDA02084E
:102E800040DA020838B50546002941D051F8043C23
:102E90000C1F002BB8BFE418FFF77AFB1D4A13681C
:102EA00033B9636014602846BDE83840FFF776BB4D
:102EB000A34208D9206821188B4201BF19685B68BA
:102EC00009182160EDE71A465B680BB1A342FAD9F5
:102ED00011685018A0420BD1206801445018834259
:102EE0001160E0D118685B68536008441060DAE74D
:102EF00002D90C232B60D6E7206821188B4204BF2F
:102F000019685B68636004BF091821605460CAE7F0
:102F100038BD00BF3879002051F8043C181F002B41
:102F2000BCBF0B58C01870472DE9F0478E681F468C
:102F3000BE420B6882460C4690462DD8B1F90C2053
:102F400012F4906F26D06569096905EB4505A3EB7E
:102F5000010905EBD5757B1C4B446D109D4238BFB4
:102F60001D46530527D52946FFF792FA064660B35A
:102F700021694A46FFF759FFA38923F4906343F080
:102F80008003A381266165614E44A5EB0905266097
:102F9000A5603E46BE4200D93E46206832464146C4
:102FA000FFF7BFFDA3689B1BA36023683344236026
:102FB0000020BDE8F0872A46FFF76AFB0646002896
:102FC000E0D121695046FFF75DFF0C23CAF80030BD
:102FD000A38943F04003A3814FF0FF30E9E70000ED
:102FE0002DE9F04F98468B891B069DB007460D468C
:102FF000144610D50B6973B94021FFF749FA2860D0
:10300000286130B90C233B604FF0FF301DB0BDE8A4
:10301000F08F40236B610023099320238DF8293022
:10302000CDF80C803023DFF89C818DF82A304FF0EA
:10303000010923469A4613F8012B0AB1252AF9D132
:10304000BAEB040B0BD05B46224629463846FFF705
:103050006BFF013000F0A780099A5A4409929AF850
:103060000030002B00F09F8000234FF0FF32CDE9AD
:1030700005230AF1010A049307938DF853301A933C
:103080005446052214F8011B4E48DEF709F9049A4C
:10309000D8B9D00644BF20238DF85330110744BF60
:1030A0002B238DF853309AF800302A2B15D0079A2D
:1030B000544600204FF00A0C214611F8013B303BEA
:1030C000092B4BD9B0B1079214E0A0EB080309FA21
:1030D00003F313430493A246D2E7039B191D1B6815
:1030E0000391002BBBBF5B4242F0020207930793A0
:1030F000B8BF049223782E2B0AD163782A2B32D1C1
:10310000039B1A1D1B68039243EAE3730234059381
:10311000DFF8B4A0217803225046DEF7C1F838B1B9
:10312000049BA0EB0A004022824013430134049325
:1031300014F8011B25488DF828100622DEF7B0F898
:10314000002836D0224B1BBB039B073323F0070319
:1031500008330393099B334409936AE70CFB02325B
:103160000C460120A8E700230134059319464FF0CF
:103170000A0C204610F8012B303A092A03D9002BFB
:10318000C6D00591C4E70CFB012104460123F0E7FA
:1031900003AB00932A460F4B04A93846AFF30080D7
:1031A000421C0646D6D1AB895B063FF52DAF099888
:1031B0002CE703AB00932A46064B04A9384600F0DF
:1031C00079F8EDE77CDA020882DA020886DA02088A
:1031D00000000000292F02082DE9F0471646984606
:1031E0008A680B69DDF820909342B8BF13463360BC
:1031F00091F8432007460C460AB101333360236837
:10320000990642BF336802333360256815F006051E
:1032100006D104F1190AE36832689B1AAB4226DC36
:1032200094F843302268003B18BF012392062BD448
:1032300004F1430241463846C84701301ED0236896
:10324000226903F00603042B02BFE5683368ED1A18
:10325000A3680CBF25EAE57500259342C4BF9B1AFD
:10326000ED1800261A34B5421AD1002008E00123D7
:10327000524641463846C847013003D14FF0FF302F
:10328000BDE8F0870135C6E7E1185A1C302081F807
:103290004300224494F8451082F843100233C7E7F4
:1032A0000123224641463846C8470130E6D0013660
:1032B000D9E700002DE9FF470F7E0C9E782F91463D
:1032C00080460C469A4601F1430207D8622F0AD87D
:1032D000002F00F0DD80582F00F0C38004F142067B
:1032E00084F842703AE0A7F16303152BF6D801A1E8
:1032F00051F823F04D33020861330208DD32020831
:10330000DD320208DD320208DD32020861330208D4
:10331000DD320208DD320208DD320208DD32020849
:1033200077340208EF3302082F340208DD32020836
:10333000DD32020899340208DD320208EF33020858
:10334000DD320208DD3202083734020833681A1D04
:103350001B68326004F1420684F842300123A8E081
:1033600031682368081D30601E0601D50D6803E032
:103370005D06FBD5B1F900506168002D78DA2D208B
:10338000002984F84300A1602DDA5E486D420A23CB
:103390001646B5FBF3F103FB1157C75D06F8017D37
:1033A0002F46BB420D46F4D9082B0BD12368DF070B
:1033B00008D5236961689942DEBF302306F8013CD5
:1033C00006F1FF36921B2261CDF800A04B4603AAFE
:1033D00021464046FFF700FF01306FD14FF0FF302C
:1033E00004B0BDE8F08723F004032360CDE7216833
:1033F0003368080653F8045B02D4490648BFADB2EF
:103400006F2F4048336014BF0A230823002184F83B
:1034100043106668A660002EBADB216821F0040123
:103420002160002DB4D1002EB2D11646BCE723682E
:1034300043F0200323603448782784F845702368DC
:1034400031681F0651F8045B02D45F0648BFADB275
:103450003160D90744BF43F0200323601DB110231E
:10346000D4E72848E9E7236823F020032360F6E740
:1034700024480A23CDE7336825686169181D306048
:103480002E061B6801D5196002E06806FBD519807D
:1034900000232361164697E733681A1D32601E68C1
:1034A000626800213046DDF7FBFE08B1801B6060DA
:1034B00063682361002384F8433085E7236932463B
:1034C00049464046D047013088D023689B0714D432
:1034D000E068039B9842B8BF184681E70123324653
:1034E00049464046D04701303FF478AF0135E368A4
:1034F00003995B1AAB42F1DCEAE7002504F11906F7
:10350000F5E700BF8DDA02089EDA0208B1F90C2057
:10351000F8B5170705460C4656D44B68002B02DC5D
:103520000B6C002B3DDDE66A002E3AD0002312F42E
:1035300080522F68216A2B6025D0626DA3895807BD
:1035400005D56368D21A636B0BB1236CD21A216A5A
:10355000E66A00232846B047411C24D0002363605C
:1035600023692360A389DA0400D56065616B2F604D
:10357000B9B104F14403994202D02846FFF782FC16
:10358000002363630DE001232846B047461C024632
:10359000D4D12B68002BD1D01D2B01D0162B2AD1D2
:1035A0002F6000202EE02A68B4F90C3042B11D2AA9
:1035B00001D0162A21D10023636023692360D5E757
:1035C000626022692260CEE70F69002FE9D093077D
:1035D0000E6808BF4B690F6018BF0023F61B8B6095
:1035E000002EDEDD216AD4F828C033463A4628464C
:1035F000E047002807DCB4F90C3043F04003A38116
:103600004FF0FF30F8BD0744361AE9E738B50B69CB
:1036100005460C4613B90025284638BD18B1036A83
:103620000BB9FFF777F9B4F90C30002BF3D0626EC9
:10363000D00704D4990502D4A06DFFF7ECFB28460F
:103640002146FFF763FF636EDA070546E4D4A389DA
:103650009B05E1D4A06DFFF7DFFBDDE70EB403B5FA
:10366000014603AB054853F8042B0068019300F0B2
:103670002FF802B05DF804EB03B07047840100201E
:103680009368013B002B10B4936007DA9469A3425E
:1036900001DB0A2902D110BC00F032B91368581CB2
:1036A00010601970084610BC7047F8B506460F4602
:1036B0001446D518AC4201D1002007E014F8011BD4
:1036C0003A463046FFF7DCFF431CF3D1F8BD00005B
:1036D0002DE9F04F0D469DB014469846064618B1A8
:1036E000036A0BB9FFF716F96B6ED90705D4AB89DE
:1036F0009A0502D4A86DFFF78EFBAB891B0701D595
:103700002B699BB92946304600F038F970B16B6ED1
:10371000DC0704D54FF0FF301DB0BDE8F08FAB895A
:103720009805F7D4A86DFFF777FBF3E7002309931B
:1037300020238DF82930CDF80C803023DFF8AC81C0
:103740008DF82A304FF0010923469A4613F8012BD1
:103750000AB1252AF9D1BAEB040B0BD05B462246FD
:1037600029463046FFF7A1FF013000F0A780099AF3
:103770005A4409929AF80030002B00F09F800023F1
:103780004FF0FF32CDE905230AF1010A04930793B4
:103790008DF853301A935446052214F8011B5348F0
:1037A000DDF77EFD049AD8B9D10644BF20238DF8F9
:1037B0005330130744BF2B238DF853309AF8003051
:1037C0002A2B15D0079A544600204FF00A0C2146A8
:1037D00011F8013B303B092B4BD9B0B1079214E0F3
:1037E000A0EB080309FA03F313430493A246D2E7BC
:1037F000039B191D1B680391002BBBBF5B4242F06A
:10380000020207930793B8BF049223782E2B0AD1A4
:1038100063782A2B32D1039B1A1D1B68039243EA5B
:10382000E37302340593DFF8C8A0217803225046E1
:10383000DDF736FD38B1049BA0EB0A004022824040
:1038400013430134049314F8011B2A488DF82810FF
:103850000622DDF725FD00283FD0274B1BBB039B2D
:10386000073323F0070308330393099B3B44099371
:103870006AE70CFB02320C460120A8E70023013462
:10388000059319464FF00A0C204610F8012B303AE8
:10389000092A03D9002BC6D00591C4E70CFB0121EE
:1038A00004460123F0E703AB00932A46134B04A917
:1038B0003046AFF300800746781CD6D16B6ED9072F
:1038C00005D4AB899A0502D4A86DFFF7A5FAAB8998
:1038D0005B063FF51FAF09981EE703AB00932A462E
:1038E000064B04A93046FFF7E5FCE4E77CDA020862
:1038F00082DA020886DA020800000000AB3602080D
:10390000F8B50E461446054618B1036A0BB9FFF721
:1039100001F8A369A360A3891A0701D5236943B9F4
:103920002146284600F02AF818B14FF0FF373846F4
:10393000F8BD23682269981A6369F6B28342374654
:1039400005DC21462846FFF761FE0028EDD1A3687B
:10395000013BA36023685A1C22601E706269431CED
:103960009A4204D0A389DB07E1D50A2EDFD1214694
:103970002846FFF74BFE0028D9D0D6E738B5294BAB
:10398000054618680C4618B1036A0BB9FEF7C2FF6A
:10399000B4F90C30190722D4DA0607D409222A60B8
:1039A00043F04003A3814FF0FF3033E0580712D5B6
:1039B000616B41B104F14403994202D02846FFF7FC
:1039C00061FA00236363A38923F02403A381002306
:1039D000636023692360A38943F00803A3812369FB
:1039E0004BB9A38903F42073B3F5007F03D02146BC
:1039F000284600F03FF8B4F90C3013F001020AD069
:103A00000022A26062695242A261226942B913F0A7
:103A10008000C5D138BD990758BF6269A260F4E73C
:103A20000020F7E78401002070B50C46B1F90E10B4
:103A3000002996B015461E460DDAA38913F0800FB3
:103A40004FF0000114BF40234FF480630020316029
:103A50002B6016B070BD6A4600F048F80028ECDB19
:103A6000019901F47041A1F50053594259414FF4B5
:103A70008063EBE78B89F7B59D0706460C4607D5B3
:103A800004F14703236023610123636103B0F0BDA8
:103A900001AB6A46FFF7C8FF009F0546394630462E
:103AA000FEF7F6FC48B9B4F90C309A05EED423F0D1
:103AB000030343F00203A381E2E7A389206043F0FC
:103AC0008003A381019BC4E904075BB1B4F90E1024
:103AD000304600F01DF828B1A38923F0030343F01A
:103AE0000103A381A3891D43A581CFE738B5074D05
:103AF00000230446084611462B60E3F770FE431C82
:103B000002D12B6803B1236038BD00BF787A002052
:103B100038B5064D0023044608462B60E3F764FEE3
:103B2000431C02D12B6803B1236038BD787A002092
:103B3000F8B500BFF8BC08BC9E467047F8B500BF9A
:083B4000F8BC08BC9E4670476A
:103B48000000000001000000020000000200000068
:103B580000000000010000000000FFFF00008000DE
:103B6800000000000800080000000000000000003D
:103B7800E8030000FFFFFFFFFFFFFFFFFFFFFFFF5E
:103B8800FFFFFFFFFFFFFFFFFFFFFFFF0000000039
:103B9800800100008001000012AD101B0000000031
:103BA8000101000001000100000001000100000007
:103BB8005000B00018017801B0021803C80530069B
:103BC800300C980C000000000400000000000158B0
:103BD800020D000009000000003800401203000038
:103BE8000F0000000030014012050000190000001D
:103BF8000038004012050000FFFFFFFF0000000032
:103C0800000000000500000000000158020D00003F
:103C180009000000003800401205000013000000F1
:103C280000300140120500001A0000000038004072
:103C3800120500001D0000000038004012050000B9
:103C4800FFFFFFFF0000000000000000060000006A
:103C580000000158020D000014000000003001406F
:103C6800120500001E000000003800401205000088
:103C7800FFFFFFFF00000000000000000700000039
:103C880000000158020D00000A0000000038004042
:103C9800120500001F000000003800401205000057
:103CA800210000000038004012030000FFFFFFFF62
:103CB800000000000000000014000000003801406F
:103CC80012070000FFFFFFFF0000000000000000D7
:103CD800130000000038014012070000FFFFFFFF3B
:103CE8000000000000000000030000000080004009
:103CF8001208000003010000004400401207000001
:103D08000A000000003801401207000017000000F8
:103D180000380140120700001A000000008000402F
:103D28001208000020000000008000401208000077
:103D3800FFFFFFFF0000000000000000020000007D
:103D4800008000401208000002010000004400400A
:103D580012070000090000000038014012070000A7
:103D68001600000000380140120700002100000082
:103D78000080004012080000FFFFFFFF0000000065
:103D88000000000000000000000000401281000058
:103D98000200000000000040128101000300000042
:103DA800000000401201020009000000002C014040
:103DB800120101000A000000002C014012810100DC
:103DC8000F000000000000401281000013000000F6
:103DD80000000040120101001600000000440140EC
:103DE800128E10001700000000480140128E1000CB
:103DF80019000000002C0140128111001901000077
:103E080000480140128E00001A0000000000004027
:103E1800128101001D000000002C014012811000D9
:103E28001E000000002C0140120111001F000000BC
:103E3800002C014012811100FFFFFFFF000000006D
:103E48000000000009000000005400400A040000BF
:103E580016000000005400400A0400001A00000088
:103E6800005C00400A0400001D000000005C0040E7
:103E78000A0400001F000000005800400A04000067
:103E880020000000005C00400A040000FFFFFFFF64
:103E980000000000000000000A000000005400407C
:103EA8000A0400000F000000005800400A04000047
:103EB80014000000005C00400A0400001700000025
:103EC800005400400A04000019000000005400409B
:103ED8000A0400001E000000005C00400A04000004
:103EE80021000000005C00400A040000FFFFFFFF03
:103EF80000000000000000000A00000000740040FC
:103F080003800000FFFFFFFF00000000000000002A
:103F18000A00000000240140030003000D00000017
:103F280000240140038004000E000000002401402A
:103F3800030005000F000000002401400380050075
:103F480013000000002401400300010014000000D9
:103F580000240140038001001D00000000240140EE
:103F6800030000001E000000002401400380000040
:103F7800FFFFFFFF00000000000000000700000036
:103F88000B0000000D0000001100000012000000EE
:103F98000E0000000F0000001000000000000000EC
:103FA80002000000030000002100000020000000C3
:103FB80016000000170000000F0000001F0000009E
:103FC800090000001A0000001D0000001900000090
:103FD8001E0000000A0000000E0000000D00000096
:103FE8001300000014000000150000000400000089
:103FF80005000000100000002F0000002E00000047
:10400800070000000600000001000200040006008E
:1040180008000A000C001000200040008000000189
:104028000201040302040810040040000004000018
:10403800001000B0002000B4004000B801000000EB
:1040480002000004040000080800000C1000001022
:1040580020000014400000188000001C000100200F
:1040680000020024000400280008002C0010003082
:1040780000200034004000380080003C000001406F
:1040880000000244010000000200000004000000DB
:1040980008000000100000002000000040000000A0
:1040A8008000000000010000000200000004000081
:1040B8000008000000100000002000000040000080
:1040C8000080000001000000020000000400000061
:1040D8000800000010000000200000004000000060
:1040E8008000000000010000000200000004000041
:1040F8000008000000100000002000000040000040
:1041080000800000A0860100400D0300801A060010
:1041180000350C0040420F0080841E0000093D005D
:1041280000127A000024F40000366E010048E8010D
:10413800006CDC020000000000000000000000002D
:104148000000000000000000000000000000000067
:104158000000000001000000020000000300000051
:10416800040000000100000003000000050000003A
:104178000100000001000000060000000A00000025
:1041880020000000020000000400000008000000F9
:104198001000000040000000800000000001000046
:1041A800000200005F6D61696E002F636F6E7461BD
:1041B80063747333002F6368616E6E656C733200CD
:1041C8002F6164765F626C6F6273002F6E65775F34
:1041D8007072656673002F6E6F64655F70726566D6
:1041E80073004F4B00556E6B6E6F776E004E4F4EDF
:1041F800414D4500697A4F483663584E366D724ACC
:10420800356532366F52584E63673D3D00507562D2
:104218006C6963003D3D3D3D3D3D3D3D3D20434C8A
:104228004920526573637565203D3D3D3D3D3D3DEB
:104238003D3D0031372D4D61792D323032360053F6
:10424800656565642057696F204535206D696E691D
:104258000076312E302E302D383061626662620071
:104268007265626F6F74007265736574007365744C
:10427800200070696E200020203E2070696E206941
:1042880073206E6F7720253036640A00202045722F
:10429800726F723A20756E6B6E6F776E20636F6EF9
:1042A8006669673A2025730A0072656275696C64ED
:1042B8000020203E20657261736520616E64207263
:1042C800656275696C6420646F6E650020204572B4
:1042D800726F723A206572617365206661696C65F8
:1042E800640065726173650020203E206572617309
:1042F8006520646F6E65006C730055736572446168
:1043080074612F004C697374696E672066696C6507
:104318007320696E2025730A005B6469725D202032
:10432800557365724461746125732F25730A005BA8
:1043380066696C655D2055736572446174612573A7
:104348002F257320282564206279746573290A0053
:104358005B6469725D2020457874726146532573E9
:104368002F25730A005B66696C655D204578747259
:1043780061465325732F257320282564206279749C
:104388006573290A0063617400496E76616C69641B
:1043980020706174682070726F76696465642C207F
:1043A8006D757374207374617274207769746820F2
:1043B80055736572446174612F206F72204578745B
:1043C800726146532F00726D2000496E76616C69E8
:1043D8006420706174682070726F76696465640027
:1043E80046696C652072656D6F7665640046616923
:1043F8006C656420746F2072656D6F7665206669E0
:104408006C650020204572726F723A20756E6B6E73
:104418006F776E20636F6D6D616E64000204081023
:1044280000000000000000002584000800000000D3
:1044380000000000BDD500082F870008658100082E
:1044480067810008698100086B8100086D81000898
:10445800718100088B8100080183000869CF00087A
:1044680079C5000895810008798100087D810008D8
:10447800CB810008CF810008858100085D8900088C
:1044880019890008998100089BE10008E3E3000806
:1044980083E5000847820008DDE1000831E90008EB
:1044A80087810008898100089B8700081588000813
:1044B80039E2000889E2000875E30008A3810008D2
:1044C800C9860008FD860008B3810008C18100087C
:1044D8008F880008278B0008A38300085D830008E5
:1044E800AD85000829910008539100087F910008C4
:1044F800E18100080182000845820008918D0008CA
:10450800C58E000825AC00083984000829E4000895
:104518001F9200081F920008B9860008A5860008A7
:104528007B86000897860008898600082984000889
:1045380088AFFFFF000000007F8600089B86000808
:104548008D8600082D840008689B0600689B06007D
:1045580088420D0088420D00F0010E00F0010E00A7
:104568000000000000000000E3B1000800000000A7
:104578000000000059B20008FFB1000828462920B1
:104588002573002825642920257300465245513A91
:10459800202530362E336620534625640042573A8C
:1045A800202530332E32662043523A2025640050AD
:1045B800696E3A2564004164766572742073656E8D
:1045C800742100416476657274206661696C656463
:1045D8002E2E006770730030004750533A2044690C
:1045E8007361626C6564004750533A20456E61629E
:1045F8006C656400257320282573290000000000DD
:1046080000000000BDB700088DB6000887B6000896
:1046180025BB00083C01E3FFC7FF8F0387FE1FFE91
:104628001FFE1FFE3C03E3FFC7FF8E038FFE3FFE06
:104638001FFF1FFE3E03C3FF8FFF0E078FFE7FFE87
:104648001FFF1FFC3E07C7800E000E079E00780E56
:104658003C0F1C003E0FC7801E000E071E00700E88
:10466800380F3C007F0FC7FE1FFC1FFF1C00700E99
:10467800380E3FF87F1FC7FE0FFF1FFF1C00F00E0C
:10468800380E3FF87F3FC7FE0FFF1FFF1C00F01ECC
:104698003FFE3FF0773B870000071C0F3C00E01C03
:1046A8007FFC380077FB8F0000071C0F3C00E01CE4
:1046B8007FF8380073F38FFF0FFF1C0E3FF8FFFCE5
:1046C80070787FF8E3E38FFF1FFE3C0E3FF8FFFC96
:1046D800703C7FF8E3E38FFF1FFC3C0E1FF8FFF8E8
:1046E800703C7FF84E6F7420617661696C61626C12
:1046F80065002E2E2E20002E2E2E006C00455252C4
:104708004F523A20726164696F20696E697420663D
:1047180061696C65643A2000000000000000000038
:104728000BC10008000000000000000009C10008DB
:1047380089C1000871260108713A0108B73A0108D1
:10474800C13A0108B51C0108D54F010859230108D1
:10475800A54F010843220108A32D0108C928010813
:104768006920010857200108391C01086543010820
:10477800E5420108D54801085D4B0108734B010863
:1047880073160108911901082B49010851420108C3
:1047980031440108014501086929010879280108FF
:1047A80019230108F51C0108F51E0108891E0108D6
:1047B800B7200108A3200108A11E0108D11C010887
:1047C8009D22010865220108911C01085124010855
:1047D800E1200108AB1E0108172201086116010833
:1047E80069160108611601086916010861160108B1
:1047F80069160108B91901082D200108C92A0108FC
:10480800A9210108B31E01082D180108A9170108DC
:10481800614001082D4101086D170108C5170108FD
:10482800651801081D1B0108591B0108000000003C
:1048380000000000ADFA000809FB000871FB000841
:10484800EDC1000819FD000841FC000885FB0008BF
:10485800DDFB000889BF0008E5FA0008B1FB000885
:10486800F5FA0008D5C10008D9BF0008E1BF000863
:10487800C1BF00088DC3000881BF000899C10008A6
:10488800A5FB00088FBF000891BF000800000000CA
:1048980000000000E9BF0008BFC10008A1C100086E
:1048A8000000000000000000E1C00008E5C00008AA
:1048B800E7C00008E9C00008EBC00008EDC0000828
:1048C800EFC00008F1C00008F3C0000817C00008D6
:1048D800F5C00008F7C00008F9C00008FBC00008D0
:1048E8001DC0000851C000087FC0000899C000081A
:1048F800FDC10008FFC00008000000000000000023
:10490800A189000845BF00084DBF000851BF000835
:1049180001C1000871C1000869C1000899BF0008F9
:1049280079C1000855BF000857BF00085BBF0008E1
:1049380095BF00085DBF0008BDBF000861BF000843
:1049480065BF000869BF00086DBF000875BF000893
:1049580079BF000847C100080000000000000000FF
:1049680037C10008C1C2000801C0000803C0000820
:1049780007C000080BC000080FC0000813C00008DB
:10498800010000000000000000000000000000001E
:10499800000000000000000002000000010000000C
:1049A80000000000000000000000000000000000FF
:1049B80004000000000000000100000000000000EA
:1049C80000000000000000000000000000000000DF
:1049D80000000000000000000000000000000000CF
:1049E8001400000015000000FFFFFFFFFFFFFFFF9E
:1049F800FFFFFFFF000000000000000000000000B3
:104A080069C5000865810008678100086981000898
:104A18006B8100086D810008718100086FC500086E
:104A280081C5000875C5000879C500086BC5000870
:104A3800798100087D8100087065E18FD9FABB7023
:104A4800C1ED90DCA19907DE698C88B709EA146E7C
:104A5800AFD93D9B830C7B60C4681193C79BBC395D
:104A6800945BA8064104BB618F8FD7A84A0AF6F564
:104A78007033D6E8DDCD6471001EC77175B0918EB4
:104A8800D206F9AE04EC136D6D5D4315BB263054A8
:104A980027F645B492E9350C10000000000000002C
:104AA80000000000BDD5000869C500086581000840
:104AB80067810008698100086B8100086D81000822
:104AC800718100086FC5000881C5000869CF00081A
:104AD80079C500086BC50008798100087D81000848
:104AE8000DCF000825CF00088581000839CF0008C0
:104AF80029CF00082DCF000831CF000811CF0008BA
:104B080013CF000815CF000817CF00081BCF0008E7
:104B180087810008898100081DCF00081FCF000881
:104B280035CF000821CF000823CF000830313233B9
:104B38003435363738394142434445460000000091
:104B4800000000000000000081E0000887E0000885
:104B58007DE000088DE0000891E0000835E10008DC
:104B680095E0000825733A200000000000000000CE
:104B780000000000BDD5000869C50008658100086F
:104B880067810008698100086B8100086D81000851
:104B9800718100086FC5000881C5000869CF000849
:104BA80079C500086BC50008798100087D81000877
:104BB8000DCF000825CF00088581000839CF0008EF
:104BC80029CF00082DCF00089BE10008E3E3000887
:104BD80083E5000815CF0008DDE1000831E9000889
:104BE80087810008898100081DCF00081FCF0008B1
:104BF80039E2000889E2000875E300087DE1000851
:104C080081E1000885E1000887E100088BE10008E0
:104C18008FE1000800000000000000000000000014
:104C2800EBE20008000000000000000000000000A7
:104C3800000000000000000000000000000000006C
:104C480091E10008000000000000000029E40008CD
:104C5800E1E20008E1E2000893E1000897E10008BA
:104C680025732F25732E69640000000000000000E2
:104C780000000000F7F800082DF9000837F90008CF
:104C8800ABF800083DF80008CDF70008D1F7000898
:104C9800D5F70008FFF8000855F90008B1F8000832
:104CA8000000F0C0000020C1000048C1000070C131
:104CB80000008CC10000A0C100000000000000003E
:104CC80009FF00081DFF00080000000000000000A8
:104CD800B7010108F9010108C9F700084F030108E5
:104CE8009DFF0008A5FF0008BFFF0008A3F7010803
:104CF800C5F70108A086010080380100C0D4010072
:104D080000007A0DFA005C12A00F80021400000067
:104D1800801A060000E20400005307000000840324
:104D2800640014055802FA006400000040420F00B5
:104D380000350C00804F12000000C2013200F4015F
:104D480004013C00640000000000000000000000B6
:104D5800ED140108FF150108F1150108E315010814
:104D6800D51501089515010889150108831501084D
:104D7800791401087F1501087B15010869150108D8
:104D8800051501085F1501081115010859150108D5
:104D98000B150108EF1401080D1601084715010845
:104DA8003715010833150108A11401083553010806
:104DB800000000000000000071160108B517010886
:104DC80071260108713A0108B73A0108C13A010889
:104DD800B51C0108D54F010859230108A54F010842
:104DE80043220108A32D0108C928010869200108E8
:104DF80057200108391C010865430108E5420108EC
:104E0800D54801085D4B0108734B0108731601086A
:104E1800911901082B490108514201083144010840
:104E280001450108692901087928010819230108A1
:104E3800F51C0108F51E0108891E0108B7200108A4
:104E4800A3200108A11E0108D11C01089D22010808
:104E580065220108911C010851240108E12001087C
:104E6800AB1E01081722010861160108691601081E
:104E7800611601086916010861160108691601081A
:104E8800B91901082D200108C92A0108A92101081A
:104E9800B31E01082D180108A9170108614001086F
:104EA8002D4101086D170108C5170108651801088B
:104EB8001D1B0108591B010800000000000000002C
:104EC800B11801080F190108FD1801081D1901087A
:104ED800B5180108951501088915010883150108F9
:104EE800791401087F1501087B1501086915010867
:104EF800051501085F150108111501085915010864
:104F08000B150108EF1401080D16010847150108D3
:104F18003715010833150108A11401083553010894
:104F28000024F400010000005358313236310000EB
:104F38000000000000000000551A0108A51B010828
:104F480071260108713A0108B73A0108C13A010807
:104F5800B51C0108D54F010859230108A54F0108C0
:104F680043220108A32D0108C92801086920010866
:104F780057200108391C010865430108E54201086A
:104F8800D54801085D4B0108734B0108891C0108CD
:104F9800911901082B4901085142010831440108BF
:104FA8000145010869290108792801081923010820
:104FB800F51C0108F51E0108891E0108B720010823
:104FC800A3200108A11E0108D11C01089D22010887
:104FD80065220108911C010851240108E1200108FB
:104FE800AB1E010817220108514001085940010869
:104FF8005140010859400108514001085940010831
:10500800B91901082D200108C92A0108A921010898
:10501800B31E010801400108314001086140010840
:105028002D410108A33C0108571A0108CB1A0108B1
:105038001D1B0108591B010822FB12001103210046
:105048001106210322021406110B120B110E120E67
:1050580011141116220B13152111240D21142116D8
:105068002215231541134114331452136116521695
:105078005316631664167416000000000000000042
:10508800F11E01083322010871260108713A01084E
:10509800B73A0108C13A0108B51C0108D54F010803
:1050A80059230108A54F010843220108A32D01082F
:1050B800C92801086920010857200108434F010841
:1050C80065430108E5420108D54801085D4B010820
:1050D800734B01084F4F0108554F01082B49010830
:1050E80051420108314401080145010869290108B4
:1050F8007928010819230108F51C0108F51E010883
:10510800891E0108B7200108A3200108A11E010873
:10511800D11C01089D22010865220108911C010883
:1051280051240108E1200108AB1E010817220108DB
:1051380051400108594001085140010859400108EF
:105148005140010859400108314F01082D2001083C
:10515800C92A0108A9210108B31E01080140010854
:1051680031400108614001082D410108A33C0108B4
:10517800212D30333639000F060300122436480437
:1051880016283A4C081A2C3E0C1E3042102234467F
:1051980001132537490517293B4D091B2D3F0D1FC5
:1051A800314311233547021426384A06182A3C4E43
:1051B8000A1C2E400E203244031527394B07192BA1
:1051C8003D4F0B1D2F410F2133450108AC00000056
:1051D80000000000000000000000000000000000C7
:1051E800174F0108234F0108294F0108314F0108C3
:1051F800234F0108D54F01081D4F0108A54F01088D
:10520800234F0108234F0108374F01083D4F01087C
:10521800234F0108434F0108434F0108434F01083A
:10522800314F0108314F0108494F01084F4F01081C
:10523800554F0108374F01083D4F01085B4F0108E2
:105248005B4F01086B4F0108714F0108714F01084E
:10525800794F0108854F0108854F0108894F0108DA
:105268003D4F01083D4F0108234F01088F4F0108AA
:10527800234F0108234F01088F4F0108954F01085C
:10528800994F01089B4F0108994F01089D4F01084C
:10529800994F01089D4F0108994F01089D4F01083A
:1052A800314F01088F4F01089F4F0108234F010814
:1052B80000000000302112031203302103122130B4
:1052C80021300312437034072516526152612516A6
:1052D800340743700734704361521625162561520E
:1052E80070430734340743705261251625165261FE
:1052F80043703407704307341625615261521625EE
:1053080007347043000000000000000000000000A7
:105318000000000000000000000000000000000085
:105328000000000000000000000000000000000075
:105338000000000000000000000000000000000065
:105348000000000000000000000000000000000055
:105358002B5301082B5301082D5301082F53010823
:105368002B53010831530108355301080000000090
:105378000000000069530108895301085D540108C1
:10538800655301089D530108F55501081D5801088A
:105398006154010800000000000000000000000047
:1053A800000000005D54010800000000000000003B
:1053B800F55501081D58010861540108000102044F
:1053C80008102040801B36001B362D6C775A41523E
:1053D800096AD53036A538BF40A39E81F3D7FB7C38
:1053E800E339829B2FFF87348E4344C4DEE9CB54D4
:1053F8007B9432A6C2233DEE4C950B42FAC34E086D
:105408002EA16628D924B2765BA2496D8BD125726C
:10541800F8F66486689816D4A45CCC5D65B6926C80
:10542800704850FDEDB9DA5E154657A78D9D8490FA
:10543800D8AB008CBCD30AF7E45805B8B34506D0FE
:105448002C1E8FCA3F0F02C1AFBD0301138A6B3AEE
:105458009111414F67DCEA97F2CFCEF0B4E673962C
:10546800AC7422E7AD3585E2F937E81C75DF6E4785
:10547800F11A711D29C5896FB7620EAA18BE1BFCE7
:10548800563E4BC6D279209ADBC0FE78CD5AF41F1F
:10549800DDA8338807C731B11210592780EC5F6047
:1054A800517FA919B54A0D2DE57A9F93C99CEFA0A4
:1054B800E03B4DAE2AF5B0C8EBBB3C83539961176E
:1054C8002B047EBA77D626E169146355210C7D63D7
:1054D8007C777BF26B6FC53001672BFED7AB76CA42
:1054E80082C97DFA5947F0ADD4A2AF9CA472C0B767
:1054F800FD9326363FF7CC34A5E5F171D831150474
:10550800C723C31896059A071280E2EB27B27509DC
:10551800832C1A1B6E5AA0523BD6B329E32F84530F
:10552800D100ED20FCB15B6ACBBE394A4C58CFD0D4
:10553800EFAAFB434D338545F9027F503C9FA851A4
:10554800A3408F929D38F5BCB6DA2110FFF3D2CD77
:105558000C13EC5F974417C4A77E3D645D19736014
:10556800814FDC222A908846EEB814DE5E0BDBE021
:10557800323A0A4906245CC2D3AC629195E479E7D1
:10558800C8376D8DD54EA96C56F4EA657AAE08BA5F
:1055980078252E1CA6B4C6E8DD741F4BBD8B8A7017
:1055A8003EB5664803F60E613557B986C11D9EE1C2
:1055B800F8981169D98E949B1E87E9CE5528DF8CFF
:1055C800A1890DBFE6426841992D0FB054BB160062
:1055D80000000000000000000000000000000000C3
:1055E80000000000000000000000000000000000B3
:1055F80000000000000000001B132C0AA3E59CED2E
:10560800A72963085D210621EBFFFFFFFFFFFFFFCE
:10561800FFFFFFFFFFFFFFFF0F000000EDD3F55C6A
:105628001A631258D69CF7A2DEF9DE1400000000B7
:10563800000000000000000000000010A3DDB7A576
:10564800B38ADE6DF5525177809FF0207DE3AB641D
:105658008E4EEA6665768BD70F5F8767010000007C
:105668000000000000000000000000000000000032
:105678000000000000000000000000005866666698
:1056880066666666666666666666666666666666B2
:105698006666666666666666666666661AD5258F97
:1056A800602D56C9B2A7259560C72C695CDCD6FD6C
:1056B80031E2A4C0FE536ECDD336692159F1B2262A
:1056C800949BD6EB56B183829A14E00030D1F3EE66
:1056D800F2808E19E7FCDF56DCD90624A37859132B
:1056E800CA4DEB75ABD841414D0A700098E87977FF
:1056F8007940C78C73FE6F2BEE6C035200000000DC
:10570800000000007560010895600108FD5F010850
:10571800016001080560010879620108DD6201087D
:105728005D60010877630108A7630108982F8A4222
:1057380091443771CFFBC0B5A5DBB5E95BC25639DB
:10574800F111F159A4823F92D55E1CAB98AA07D8F3
:10575800015B8312BE853124C37D0C55745DBE7216
:10576800FEB1DE80A706DC9B74F19BC1C1699BE496
:105778008647BEEFC69DC10FCCA10C246F2CE92D26
:10578800AA84744ADCA9B05CDA88F97652513E984A
:105798006DC631A8C82703B0C77F59BFF30BE0C651
:1057A8004791A7D55163CA0667292914850AB727DF
:1057B80038211B2EFC6D2C4D130D385354730A657C
:1057C800BB0A6A762EC9C281852C7292A1E8BFA253
:1057D8004B661AA8708B4BC2A3516CC719E892D1BB
:1057E800240699D685350EF470A06A1016C1A4193E
:1057F800086C371E4C774827B5BCB034B30C1C393D
:105808004AAAD84E4FCA9C5BF36F2E68EE828F74FB
:105818006F63A5781478C8840802C78CFAFFBE9015
:10582800EB6C50A4F7A3F9BEF27871C60000000033
:10583800000000006D6401088D640108136401080C
:10584800176401083564010865690108E3690108FE
:105858001B640108836A0108B36A0108000000009C
:1058680022AE28D7982F8A42CD65EF23914437710D
:105878002F3B4DECCFFBC0B5BCDB8981A5DBB5E97F
:1058880038B548F35BC2563919D005B6F111F1594C
:105898009B4F19AFA4823F9218816DDAD55E1CAB7D
:1058A800420203A398AA07D8BE6F7045015B831212
:1058B8008CB2E44EBE853124E2B4FFD5C37D0C55CD
:1058C8006F897BF2745DBE72B196163BFEB1DE80C5
:1058D8003512C725A706DC9B942669CF74F19BC1B6
:1058E800D24AF19EC1699BE4E3254F388647BEEF53
:1058F800B5D58C8BC69DC10F659CAC77CCA10C240B
:1059080075022B596F2CE92D83E4A66EAA84744A7C
:10591800D4FB41BDDCA9B05CB5531183DA88F976B4
:10592800ABDF66EE52513E981032B42D6DC631A8E9
:105938003F21FB98C82703B0E40EEFBEC77F59BFCD
:10594800C28FA83DF30BE0C625A70A934791A7D5B8
:105958006F8203E05163CA06706E0E0A6729291424
:10596800FC2FD246850AB72726C9265C38211B2E6C
:10597800ED2AC45AFC6D2C4DDFB3959D130D385399
:10598800DE63AF8B54730A65A8B2773CBB0A6A76AC
:10599800E6AEED472EC9C2813B358214852C729242
:1059A8006403F14CA1E8BFA2013042BC4B661AA8BF
:1059B8009197F8D0708B4BC230BE5406A3516CC778
:1059C8001852EFD619E892D110A96555240699D630
:1059D8002A20715785350EF4B8D1BB3270A06A10F1
:1059E800C8D0D2B816C1A41953AB4151086C371EA0
:1059F80099EB8EDF4C774827A8489BE1B5BCB034BB
:105A0800635AC9C5B30C1C39CB8A41E34AAAD84E9C
:105A180073E363774FCA9C5BA3B8B2D6F36F2E6863
:105A2800FCB2EF5DEE828F74602F17436F63A57829
:105A380072ABF0A11478C884EC39641A0802C78CD8
:105A4800281E6323FAFFBE90E9BD82DEEB6C50A4EA
:105A58001579C6B2F7A3F9BE2B5372E3F27871C673
:105A68009C6126EACE3E27CA07C2C021C7B886D1A4
:105A78001EEBE0CDD67DDAEA78D16EEE7F4F7DF56C
:105A8800BA6F1772AA67F006A698C8A2C57D630AFE
:105A9800AE0DF9BE04983F111B471C13350B711B43
:105AA800847D0423F577DB289324C7407BABCA3277
:105AB800BCBEC9150ABE9E3C4C0D109CC4671D4354
:105AC800B6423ECBBED4C54C2A7E65FC9C297F5984
:105AD800ECFAD63AAB6FCB5F1758474A8C19446C2F
:105AE80008C9BCF367E6096A3BA7CA8485AE67BBE9
:105AF8002BF894FE72F36E3CF1361D5F3AF54FA514
:105B0800D182E6AD7F520E511F6C3E2B8C68059BEF
:105B18006BBD41FBABD9831F79217E1319CDE05BA7
:105B2800B0A00E4A271BEEC478E42FAD0618432F09
:105B3800A7D7FB3D99004D2B0BDFC14F8024832B4A
:105B4800000000000000000000000000000000004D
:105B5800000000000000000000000000000000003D
:105B6800000000000000000000000000000000002D
:105B78000100010064006400000000000000000053
:105B8800000000000000000000000000000000000D
:105B980000000000000000000000000000000000FD
:105BA80000000000000000000000000000000000ED
:105BB80000000000000000000000000000000000DD
:105BC80000000000000000000000000000000000CD
:105BD80000000000000000000000000000000000BD
:105BE80000000000000000000000000000000000AD
:105BF800000000000000000000000000000000009D
:105C0800000000000000000000000000000000008C
:105C1800000000000000000000000000000000007C
:105C2800000000000000000000000000000000006C
:105C380000000000000000000100010001000A004F
:105C4800020000000000000000000000000000004A
:105C58000000E80300000A006400E80301000000F7
:105C68000100010000000000000001000000000029
:105C780001000000E803E8030100010064000100DE
:105C88000000000000000000000000000100010109
:105C980002020000000000000000000000000000F8
:105CA80000000000000000000000000000000000EC
:105CB80000000000000000000000000000000000DC
:105CC80000000000000000000000000000000000CC
:105CD80000000000000000000000000000000000BC
:105CE80000000000000000000000000000000000AC
:105CF800000004020102010000000000000000068C
:105D0800000202020400010200000002000002007A
:105D1800040402040603090000000000010000005A
:105D28000000000000000000897201088B72010861
:105D38000000000000000000637301087B73010885
:105D4800C9F7000815740108EF73010811750108F7
:105D58009B730108A3F70108C5F701086C697474FF
:105D68006C65667300000000000000006410B71D39
:105D7800C8206E3BAC30D9269041DC76F4516B6B71
:105D88005861B24D3C7105502083B8ED44930FF033
:105D9800E8A3D6D68CB361CBB0C2649BD4D2D386E9
:105DA80078E20AA01CF2BDBD00000000000000005F
:105DB800BB97010875930108A5920108000000002F
:105DC800000000000000000000000000BB97010870
:105DD80075930108E7970108259801085598010867
:105DE800EB9701080000000022AE28D7982F8A42BE
:105DF800CD65EF23914437712F3B4DECCFFBC0B5F8
:105E0800BCDB8981A5DBB5E938B548F35BC25639F7
:105E180019D005B6F111F1599B4F19AFA4823F92E1
:105E280018816DDAD55E1CAB420203A398AA07D885
:105E3800BE6F7045015B83128CB2E44EBE8531247F
:105E4800E2B4FFD5C37D0C556F897BF2745DBE72D9
:105E5800B196163BFEB1DE803512C725A706DC9B3E
:105E6800942669CF74F19BC1D24AF19EC1699BE423
:105E7800E3254F388647BEEFB5D58C8BC69DC10F3D
:105E8800659CAC77CCA10C2475022B596F2CE92D9D
:105E980083E4A66EAA84744AD4FB41BDDCA9B05C35
:105EA800B5531183DA88F976ABDF66EE52513E9826
:105EB8001032B42D6DC631A83F21FB98C82703B016
:105EC800E40EEFBEC77F59BFC28FA83DF30BE0C6F3
:105ED80025A70A934791A7D56F8203E05163CA06A5
:105EE800706E0E0A67292914FC2FD246850AB72737
:105EF80026C9265C38211B2EED2AC45AFC6D2C4D70
:105F0800DFB3959D130D3853DE63AF8B54730A6569
:105F1800A8B2773CBB0A6A76E6AEED472EC9C281C5
:105F28003B358214852C72926403F14CA1E8BFA220
:105F3800013042BC4B661AA89197F8D0708B4BC2BF
:105F480030BE5406A3516CC71852EFD619E892D147
:105F580010A96555240699D62A20715785350EF45F
:105F6800B8D1BB3270A06A10C8D0D2B816C1A41973
:105F780053AB4151086C371E99EB8EDF4C7748279D
:105F8800A8489BE1B5BCB034635AC9C5B30C1C39E9
:105F9800CB8A41E34AAAD84E73E363774FCA9C5B26
:105FA800A3B8B2D6F36F2E68FCB2EF5DEE828F74A1
:105FB800602F17436F63A57872ABF0A11478C8847B
:105FC800EC39641A0802C78C281E6323FAFFBE90B6
:105FD800E9BD82DEEB6C50A41579C6B2F7A3F9BE11
:105FE8002B5372E3F27871C69C6126EACE3E27CA2B
:105FF80007C2C021C7B886D11EEBE0CDD67DDAEA4C
:1060080078D16EEE7F4F7DF5BA6F1772AA67F006EA
:10601800A698C8A2C57D630AAE0DF9BE04983F11C3
:106028001B471C13350B711B847D0423F577DB2874
:106038009324C7407BABCA32BCBEC9150ABE9E3C7E
:106048004C0D109CC4671D43B6423ECBBED4C54C14
:106058002A7E65FC9C297F59ECFAD63AAB6FCB5F58
:106068001758474A8C19446C853B8C01BDF124FFB5
:10607800F825C30160DC3700B74C3EFFC3423D0042
:10608800324CA401E1A44CFF4C3DA3FF753E1F0018
:10609800519140FF76410E00A273D6FF068A2E006A
:1060A8007CE6F4FF0A8A8F00341AC200B8F44C0068
:1060B800818F2901BEF413FF7BAA7AFF6281440015
:1060C80079D5930056651EFFA1679B008C5943FF45
:1060D800EFE5BE01430BB500C6F089FEEE45BCFFF7
:1060E800EA713CFF25FF39FF45B2B6FE80D0B30008
:1060F800761A7DFE0307D6FFF1324DFF55CBC5FF5B
:10610800D387FAFF193064FFBBD5B4FE1158690074
:1061180053D19E010573620004AE3CFEAB376EFF9F
:10612800D9B511FF14BCAA00929C66FE57D6AEFFE3
:10613800727A9B01E92CAA007F08EF01D6ECEA00ED
:10614800AF05DB00316A3DFF0642D0FF026A6EFFF1
:1061580051EA13FFD76BC0FF4397EE00132A6CFF79
:10616800E5557101324487FF116A0900326701FF62
:106178005001A80123981EFF10A8B9013859E8FF5B
:1061880065D2FC0029FA4700CCAA4FFF0E2EEFFF7C
:10619800504DEF00BDD64BFF118DF90026504CFF36
:1061A800BE55750056E4AA009CD8D001C3CFA4FF01
:1061B80096424CFFAFE110FF8D5062014CDBF200BC
:1061C800C6A272002EDA98009B2BF1FE9BA068FFF6
:1061D800B209FCFE646ED4000E05A700E9EFA3FF28
:1061E8001C979D0165920AFFFE9E46FE47F9E40052
:1061F800581E3200443AA0FFBF186801814281FF4F
:10620800C03255FF08B38AFF26FAC9007350A000B0
:1062180083E671007D5893005A44C700FD4C9E00E8
:106228001CFF760071FAFE00424B2E00E6DA2B00C6
:10623800E578BA0194442B00887CEE01BB6BC5FF5E
:106248005435F6FF3374FEFF33BBA5000211AF00CF
:106258004254A001F73A1E00234135FE45ECBF0029
:106268002D86F501A37BDD00206E14FF3417A500F1
:10627800BAD64700E9B06000F2EF360139598A0012
:10628800530054FF88A064005C8E78FE687CBE00D2
:10629800B5B13EFFFA29550098822A0160FCF60044
:1062A80097973FFEEF853E0020389C002DA7BDFF45
:1062B8008E85B3018356D300BBB396FEFAAA0EFFB0
:1062C800447115FFDEBA3BFF4207F101450648005D
:1062D800569C6CFE37A759006D34DBFE0DB017FFD6
:1062E800C42C6AFFEF9547FFA48C7DFF9FAD01008A
:1062F8003329E700913E21008A6F5D01B9534500BB
:1063080090732E00619710FF18E41A0031D9E2004B
:10631800714BEAFEC1990CFFB63060FF0E0D1A00F2
:1063280080C3F9FE45C13B00842551FE7D6A3C00CF
:10633800D6F0A901A4E34200D2A34E002534970069
:10634800634D1A00EE9CD5FFD5C0D101492E5400EB
:106358001441290136CE4F00C98392FEAA6F18FF57
:10636800B12132FEAB26CBFF4EF77400D1DD990088
:106378008580B2013A2C1900C9273B01BD13FC00E6
:1063880031E5D20175BB7500B5B3B8010072DB0009
:10639800305E9300F52938007D0DCCFEF4AD770012
:1063A8002CDD20FE54EA1400F9A0C601EC7EEAFFB9
:1063B8008F3EDD008159D6FF378B05FE4414BFFFA1
:1063C8000ECCB20123C3D9002F33CE0126F6A50087
:1063D800CE1B06FE9E572400D93492FF7D7BD7FF43
:1063E800553C1FFFAB0D0700DAF558FEFC233C00B7
:1063F80037D6A0FF85653800E02013FE9340EA00F9
:106408001A91A20172767D00F8FCFA00655EC4FF5D
:10641800C68DE2FE332AB600870C09FE6DACD2FFAA
:10642800C5ECC201F1419A00309C2FFF994337FF18
:10643800DAA522FE4AB4B300DA424701587A63006B
:10644800D4B5DBFF5C2AE7FFEF009A00F54DB7FFF4
:106458005E51AA0112D5D800AB5D4700345EF80042
:106468001297A1FEC5D142FFAEF40FFEA230B700CD
:10647800313DF0FEB65DC300C7E40601C80511FF53
:10648800892DEDFF6C9404005A4FEDFF273F4DFF17
:106498003552CF018E1676FF65E812015C1A43006B
:1064A80005C858FF21A88AFF95E1480002D11BFFC3
:1064B8002CF5A801DCED11FF1ED369FE8DEEDD0081
:1064C8008050F5FE6FFE0E00DE5FBE01DF09F100B1
:1064D800924CD4FF6CCD68FF3F7599009045300011
:1064E80023E46F00C021C1FF70D6BEFE73989700E9
:1064F80017665800334AF800E2C78FFECCA265FF42
:10650800D061BD01F5681200E6F61EFF179445003C
:106518006E5834FEE2B559FFD02F5AFE72A150FFD3
:106528002174F800B39857FF4590B10158EE1AFF4F
:106538003A207101014D45003B7934FF98EE530034
:106548003408C100E727E9FFC7228A00DE44AD000E
:106558005B39F2FEDCD27FFFC007F6FE9723BB0053
:10656800C3ECA5006F5DCE00D4F785019A85D1FFF5
:106578009BE70A00404E26007AF964011E1361FF6A
:106588003E5BF901F8854D00C53FA8FE740A52002C
:10659800B8EC71FED4CBC2FF3D64FCFE2405CAFFF3
:1065A800775B99FF814F1D006767ABFEEDD76FFFE3
:1065B800D8354500EFF01700C295DDFF26E1DE0073
:1065C800E8FFB4FE765285FF39D1B1018BE885002A
:1065D8009EB02EFEC2732E0058F7E5011C67BF005F
:1065E800DDDEAFFE95EB2C0097E419FEDA69670053
:1065F8008E55D2009581BEFFD5415EFE7586E0FFBF
:1066080052C675009DDDDC00A3652400C572250017
:1066180068ACA6FE0BB600005148BCFF61BC10FF79
:1066280045060A00C79391FF0809730141D6AFFFD9
:10663800D9ADD100507FA600F7E504FEA7B77CFFCF
:106648005A1CCCFEAF3BF0FF0B29F8016C2833FF36
:1066580090B1C3FE96FA7E008A5B4101783CDEFF6A
:10666800F5C1EF001DD6BDFF80021900509AA200A7
:106678004DDC6B01EACD4AFF36A667FF7448090076
:10668800E45E2FFF1EC819FF23D659FF3DB08CFFCB
:1066980053E2A3FF4B82AC00802611005F8998FF6C
:1066A800D77C9F014F5D000094529DFEC382FBFF83
:1066B80028CA4CFFFB7EE0009D633EFECF07E1FF4A
:1066C8006044C3008CBA9DFF8313E7FF2A80FE0055
:1066D80034DB3DFE66CB48008D070BFFBAA4D5001E
:1066E8001F7A770085F29100D0FCE8FF5BD5B6FFF2
:1066F8008F04FAFEF9D74A00A51E6F01AB09DF0027
:10670800E57B22015C821AFF4D9B2D01C38B1CFF88
:106718003BE04E008811F7006C7920004FFABDFF6E
:1067280060E3FCFE26F13E003EAE7DFF9B6F5DFF01
:106738000AE6CE0161C528FF003139FE41FA0D0095
:1067480012FB96FFDC6DD2FF05AEA6FE2C81BD00C4
:10675800EB2393FF25F78DFF488D04FF676BFF0040
:10676800F75A0400352C2A00021EF000043B3F00B3
:10677800584E240071A7B400BE47C1FFC79EA4FFAE
:106788003A08AC004D210C00413F0300994D21FF10
:10679800ACFE6601E4DD04FF571EFE01922956FF98
:1067A8008ACCEFFE6C8D11FFBBF28700D2D07F0040
:1067B800442D0EFE49603E00513C18FFAA0624FFF6
:1067C80003F91A0023D56D00168136FF1523E1FF62
:1067D800EA3D38FF3AD906008F7C5800EC7E42002B
:1067E800D126B7FF22EE06FFAE9166005F16D300F2
:1067F800C40F99FE2E54E8FF75229201E7FA4AFF6A
:106808001B8664015CBBC3FFAAC67000781C2A0003
:10681800D14643001D511F001DA86401A9ADA00069
:106828006B2375003E603BFF510C450187EFBEFFAF
:10683800DCFC1200A3DC3AFF8989BCFF53666D00BB
:1068480060064C00EADED2FFB9AECD013C9ED5FF12
:106858000DF1D600AC818C005D68F200C09CFB0095
:106868002B751E00E1519E007FE8DA00E21CCB0088
:10687800E91B97FF752B05FFF20E2FFF2114060069
:1068880089FB2CFE1B1FF5FFB7D67DFE28799500E6
:10689800BA9ED5FF5908E300455800FECB87E100B2
:1068A800C9AECB009347B800127929FE5E054E00A9
:1068B800E0D6F0FE2405B400FB87E701A38AD400E4
:1068C800D2F974FE5881BB00130831FE3E0E90FFCA
:1068D8009F4CD300D63352006D75E4FE67DFCBFFC3
:1068E8004BFC0F019A47DCFF170D5B018DA860FF79
:1068F800B5B68500FA333700EAEAD4FEAF3F9E000A
:1069080027F034019EBD24FFD528550120B4F7FF98
:1069180013661A01541861FF4515DE00948B7AFF3F
:10692800DCD5EB01E8CBFF0079399300E3079A0047
:10693800351693014801E100528630FE533C9DFF15
:106948009148A9002267EF00C6E92F00741304FFDD
:10695800B86A09FFB781530024B0E60122674800EE
:10696800DBA28600F52A9E00209560FEA52C9000EB
:10697800CAEF48FED79605002A42240184D7AF0003
:1069880056AE56FF1AC59CFF31E887FE67B652001F
:10699800FD80B00199B27A00F5FA0A00EC18B2004D
:1069A800896A8400281D2900321E98FF7C69260008
:1069B800E6BF4B008F2BAA002C8314FF2C0D17FF6A
:1069C800EDFF9B019F6D64FF70B518FF68DC6C00DC
:1069D80037D38300630CD5FF989791FFEE059F008E
:1069E800619B0800216C5100010367003E6D22FF86
:1069F800FA9BB4002047C3FF264691019F5FF5002C
:106A080045E56501881CF0004FE019004E6E79FFDE
:106A1800F8A87C00BB80F7000293EBFE4F0B8400C4
:106A2800463A0C01B508A3FF4F8985FF25AA0BFF3D
:106A38008DF355FFB0E7D7FFCC96A4FFEFD727FF1C
:106A48002E579CFE08A358FFAC22E800422C66FF94
:106A58001B3629FEEC6357FF297BA90134722B00F2
:106A6800758628009B861A00E7CF5BFE238426FFE5
:106A780013667DFE24E385FF760371FF1D0D7C0000
:106A880098604A015892CEFFA7BFDCFEA21258FFB9
:106A9800B66417001F753400512E6A010C020700F6
:106AA8004550C901D1F6AC000C308D01E0D3580037
:106AB80074E29F007A62820041ECEA01E1E209FF98
:106AC800CFE27B0159D63B00708758015AF4CBFFBF
:106AD800310B2601816CBA0059700F01652ECCFF6D
:106AE8007FCC2DFE4FFFDDFF334912FF7F2A65FF64
:106AF800F115CA00A0E307006932EC004F34C5FF66
:106B080068CAD001B40F100065C54EFF624DCB00B6
:106B180029B9F10123C17C00239B17FFCF35C000A1
:106B28000B7DA301F99EB9FF04833000155D6FFF4B
:106B38003D79E70145C824FFB930B9FF6FEE15FF6D
:106B4800273219FF63D7A3FF57D41EFFA49305FF6D
:106B5800800623016CDF6EFFC24CB2004A65B400A8
:106B6800F32F3000AE192BFF52ADFD013672C0FF76
:106B780028375B00D76CB0FF0B380700E0E94C0002
:106B8800D162CAFEF2197D002CC15DFECB08B100AE
:106B980087B013007047D5FFCE3BB00104431A00FD
:106BA8000E8FD5FE2A37D0FF3C437800C115A300CD
:106BB80063A473000A1476009CD4DEFEA007D9FFF4
:106BC80072F54C01753B7B00B0C256FED50FB00084
:106BD8004ECECFFED5813B00E9FB1601603798FF0A
:106BE800ECFF0FFFC55954FF5D958500AEA07100FD
:106BF800EA63A9FF9874580090A453FF5F1DC6FF6D
:106C0800222F0FFF637886FF05ECC100F9F77EFF9E
:106C180093BB1E0032E675FF6CD9DBFFA351A6FFBC
:106C28004819A9FE9B794FFF1C9B59FE077E11004E
:106C3800934121012FEAFD001A3312006953C7FF5F
:106C4800A3C4E60071F8A400E2FEDA00BDD1CBFFD0
:106C5800A4F7DEFEFF23A50004BCF3017FB34700C1
:106C680025EDFEFF64BAF000053947FE674849FF85
:106C7800F41251FEE5D284FFEE06B4FF0BE5AEFF39
:106C8800E3DDC00111311C00A3D7C4FE097604FF5F
:106C980033F0470071816DFF4CF0E700BCB17F0015
:106CA8007D472C011AAFF3005EA919FE1BE61D00F3
:106CB8000F8B7701A8AABAFFACC54CFFFC4BBC00F0
:106CC800897CC400481660FF2D97F901DC916400A7
:106CD80040C09FFF78EFE20081B2920000C07D00C3
:106CE800EB8AEA00B79D920053C7C0FFB8AC48FFD3
:106CF80049E180004D06FAFFBA41430068F6CF002B
:106D0800BC208AFFDA18F200438A51FEED8179FF30
:106D180014CF960129C710FF061480009F7605003E
:106D2800B5108FFFDC260F00174093FE491A0D009F
:106D380057E43901CC7C80002B18DF00DB63C700E7
:106D4800164B14FF131B7E009D3ED7006E1DE600F8
:106D5800B3A7FF0136FCBE00DDCCB6FEB39E41FFF3
:106D6800519D0300C2DA9F00AADF0000E00B20FF5C
:106D780026C56200A8A4250017580701A4BA6E000A
:106D880060248600EAF2E500FA791300F2FE70FF4B
:106D9800032F5E0109EF06FF518699FED6FDA8FF75
:106DA800437CE000F55F4A001C1E2CFE016DDCFFF1
:106DB800B2595900FC244C0018C62EFF4C4D6F00E8
:106DC80086EA88FF275E1D00B948EAFF464487FF28
:106DD800E76607FE4DE78C00A72F3A01946176FF1E
:106DE800101BE101A6CE8FFF6EB2D6FFB483A200BE
:106DF8008F8DE1010DDA4EFF729921016268CC0096
:106E0800AF727501A7CE4B00CAC453013A40430084
:106E18008A2F6F01C4F780FF89E0E0FE9E70CF00E3
:106E28009A64FF0186256B00C6804FFF7FD19BFFC8
:106E3800A3FEB9FE3C0EF3001FDB70FE1DD9410016
:106E4800C80D74FE7B3CC4FFE03BB8FEF259C40099
:106E58007B104BFE9510CE0045FE3001E774DFFF36
:106E6800D1A04101C850620025C2B8FE943F22005B
:106E78008BF041FFD99084FF38262DFEC778D200C9
:106E88006CB1A6FFA0DE0400DC7E77FEA56BA0FF38
:106E980052DCF801F1AF8800908D17FFA98A5400E1
:106EA800A0894EFFE27650FF341B84FF3F608BFFC2
:106EB80098FA2700BC9B0F00E83396FE280FE8FFDE
:106EC800F0E509FF89AF1BFF4B496101DAD40B00DC
:106ED8008705A2016BB9D50002F96BFF28F24600BD
:106EE800DBC81900199D0D00435250FFC4F917FF64
:106EF80091149500324892005E4C940118FB4100B1
:106F08001FC01700B8D4C9FF7BE9A201F7AD48003C
:106F1800A257DBFE7E8659009F0B0CFEA6691D005A
:106F2800491BE4017178B7FF42A36D01D48F0BFFB1
:106F38009FE7A801FF805A00390E3AFE59340AFF2C
:106F4800FD08A3010091D2FF0A8155012EB51B004F
:106F58006788A0FE7EBCD1FF22236F00D7DB18FF15
:106F6800D40BD6FE65057600E8C585FFDFA76DFF63
:106F7800ED5056FF468B5E009EC1BF019B0F33FF4D
:106F88000FBE73004E87CFFFF90A1B01B57DE900DC
:106F98005FAC0DFEAAD5A1FF27EC8AFF5F5D57FF06
:106FA800BE805F007D0FCE00A6969F00E30F9EFF78
:106FB800CE9E78FF2A8D800065B278019C6D830093
:106FC800DA0E2CFEF7A8CEFFD4701C007011E4FF77
:106FD8005A102501C5DE6C00FECF53FF095AF3FF96
:106FE800F3F4AC001A5873FFCD747A00BFE6C10001
:106FF800B4640B01D92560FF9A4E9C00EBEA1FFF91
:10700800CEB2B2FF95C0FB00B6FA8700F61669004B
:107018007CC16DFF02D295FFA911AA0000606EFF26
:1070280075090801327B28FFC1BD630022E3A00077
:10703800305046FED333EC002D7AF5FE2CAE080016
:10704800AD25E9FF9E41AB007A45D7FF5A5002FFB4
:10705800836A60FEE3728700CD3177FEB03E40FF61
:10706800523311FFF114F3FF820D08FE80D9F3FFAC
:10707800A21B01FE5A76F100F6C6F6FF371076FF1E
:10708800C89F9D00A31101008C6B790055A176FF64
:10709800260095009C2FEE0009A6A6014B62B5FFBD
:1070A800324A1900420F2F008BE19F004C038EFFDC
:1070B8000EEEB8000BCF35FFB7C0BA01AB20AEFF5C
:1070C800BF4CDD01F7AADB0019AC32FED909E90093
:1070D800CB7E44FFB75C30007FA7B7014131FE008B
:1070E800103F7F01FE15AAFF3BE07FFE16303FFFF1
:1070F8001B4E82FE28C31D00FA8470FE23CB90002D
:1071080068A9A800CFFD1EFF682826FE5EE4580087
:10711800CE1080FFD4377AFFDF16EA00DFC57F0084
:10712800FDB5B50191667600EC9924FFD4D948FFE6
:10713800142618FE8A3E3E00988C0400E6DC63FFA5
:107148000115D4FF94C9E700F47B09FE00ABD20017
:10715800333A25FF01FF0EFFF4B791FE00F2A600B7
:10716800164A840079D829005FC372FE851897FFF4
:107178009CE2E7FFF7054DFFF69473FEE15C51FFD3
:10718800DE50F6FEAA7B59FF4AC78D001D1408FF82
:107198008A8846FF5D4B5C00DD9331FE347EE20059
:1071A800E57C17002E09B500CD40340183FE1C0094
:1071B800979ED40083404E00CE19AB0000E68B00AA
:1071C800BFFD6EFE67F7A700402828012AA5F1FF3A
:1071D8003B4BE4FE7CF3BDFFC45CB2FF828C56FFE0
:1071E8008D59380193C605FFCBF89EFE90A28D00FD
:1071F8000BACE200822A15FF01A78FFF902424FF21
:107208003058A4FEA8AADC006247D6005BD04F0025
:107218009F4CC901A62AD6FF45FF00FF06807DFFC7
:10722800BE018C009253DAFFD7EE48017A7F350011
:10723800BD74A5FF540842FFD603D0FFD56E850064
:10724800C3A82C019EE74500A240C8FE5B3A68002F
:10725800B63ABBFEF9E48800CB864CFE63DDE90054
:107268004BFED6FE50459A004098F8FEEC88CAFFBF
:107278009D6999FE95AF1400162313FF7C79E900E8
:10728800BAFAC6FE84E58B008950AEFFA57D44009E
:1072980090CA94FEEBEFF80087B87600655E11FFA0
:1072A8007A4846FE458292007FDEF801457F76FFE8
:1072B8001E52D7FEBC4A13FFE5A7C2FE751942FF4E
:1072C80041EA38FED5169C00973B5DFE2D1C1BFF3E
:1072D800BA7EA4FF2006EF007F726301DB3402FF51
:1072E8006360A6FE3EBE7EFF6CDEA8014BE2AE00E8
:1072F800E6E2C7003C75DAFFFCF81401D6BCCC0006
:107308001FC286FE7B45C0FFA9AD24FE37625B0025
:10731800DF2A66FE890166009D5A1900EF7A40FF50
:10732800FC06E900073614FF5274AE00872536FFC5
:107338000FBA7D00E370AFFF64B4E1FF2AEDF4FFFC
:10734800F4ADE2FEF8122100AB6396FF4AEB32FF80
:10735800755220FE6AA8ED00CF6DD001E409BA008D
:10736800873CA9FEB35C8F00F4AA68FFEB2D7CFF75
:107378004663BA007589B700E01FD7002809640082
:107388001A105F0144D95700089714FF1A643AFF8E
:10739800B0A5CB01347646000720FEFEF4FEF5FFCB
:1073A800A790C2FF7D7117FFB079B5008854D1004E
:1073B8008A061EFF59301C00219B0EFF19F09A0007
:1073C8008DCD6D0146733EFF14286BFE8A9AC7FF68
:1073D8005EDFE2FF9DAB2600A3B119FE2D7603FF09
:1073E8000EDE1701D1BE51FF767BE8010DD565FF92
:1073F8007B377BFE1BF6A50032634CFF8CD620FF43
:10740800614143FF180C1C00AE564E0140F7600066
:10741800A08743004237F3FF93CC60FF1A0621FF91
:107428006233530199D5D0FF02B836FF19DA0B0041
:107438003143F6FE129548FF0D1948002A4FD60031
:107448002A0426011B8B90FF95BB170012A4840009
:10745800F554B8FE78C668FF7EDA60003875EAFF32
:107468000D1DD6FE442F0AFFA79A84FE9826C60053
:1074780042B259FFC82EABFF0D6353FFD2BBFDFFCD
:10748800AA2D2A018AD17C00D6A28D000CE69C0088
:10749800662470FE0393430034D77BFFE9AB36FFC5
:1074A80062893E00F7DA27FFE7DAEC00F7BF7F00D2
:1074B800C3925400A5B05CFF13D45EFF114AE300E9
:1074C80058289901C69301FFCE43F5FEF003DAFF71
:1074D8003D8DD5FF61B76A00C3E8EBFE5F569A00A1
:1074E800D130CDFE76D1F1FFF078DF01D51D9F00B8
:1074F800A37F93FF0DDA5D00551844FE461450FF34
:10750800BD058C015261FEFF6363BFFF845485FF94
:107518006BDA74FF707A2E0069112000C2A03FFF59
:1075280044DE2701D8FD5C00B169CDFF95C9C300D1
:107538002AE10BFF28A2730009075100A5DADB0036
:10754800B41600FE1D92FCFF92CFE101B4876000E3
:107558001FA37000B10BDBFF850CC1FE2B4E320060
:10756800417179013BD906FF6E5E180170AC6F005E
:10757800070F600024557B00479615FFD049BC00D3
:10758800C00BA701D5F5220009E65C00A28E27FFF3
:10759800D75A1B00626159005E4FD3005A9DF00014
:1075A8005FDC7E0166B0E200241EE0FE231F7F0040
:1075B800E7E8730155538200D249F5FF2F8F72FF18
:1075C8004441C5003B483EFFB785ADFE5D7976FF77
:1075D8003BB151FFEA45ADFFCD80B100DCF433008B
:1075E8001AF4D10149DE4DFFA30860FE9695D30039
:1075F8009EFECB01367F8B00A1E03B00046D16FF99
:10760800DE2A2DFFD09266FFEC8EBB0032CDF5FF4F
:107618000A4A59FE304F8E00DE4C82FF1EA63F00FC
:10762800EC0C0DFF31B8F400BB716600DA65FD00A3
:107638009939B6FE20962A0019C69201EDF1380054
:107648008C4405005BA4ACFF4E91BAFE4334CD00D8
:10765800DBCF81016D731100368F3A0115F878FF81
:10766800B3FF1E00C1EC42FF01FF07FFFDC030FF62
:107678001345D90103D600FF40659201DF7D23FF42
:10768800EB49B3FFF9A7E200E1AF0A0161A23A00B2
:107698006A70AB0154AC05FF858CB2FF86F58E008D
:1076A800615A7DFFBACBB9FFDF4D17FFC05C6A0096
:1076B8000FC673FFD998F800ABB278FFE48635009F
:1076C800B036C101FAFB3500D50A640122C76A0049
:1076D800971FF4FEACE057FF0EED17FFFD551AFF9C
:1076E8007F2774FFAC686400FB0E46FFD4D08AFF86
:1076F800FDD3FA00B031A5000F4C7BFF25DAA0FFBF
:107708005C8710010A7E72FF4605E0FFF7F98D00DD
:1077180044143C01F1D2BDFFC3D9BB0197037100EA
:10772800975CAE00E73EB2FFDBB7E100171721FF19
:10773800CDB5500039B8F8FF43B401FF5A7B5DFF5F
:107748002700A2FF60F834FF54428C00227FE4FF38
:10775800C28A0701A66EBC0015119B019ABEC6FF1E
:10776800D6503BFF12078F00481DE201C7D9F90028
:10777800E8A1470195BEC900D9AF5FFE719343FFE9
:107788008A8FC7FF7FCC01001DB65301CEE69BFF51
:10779800BACC3C000A7D55FFE86019FFFF59F7FF96
:1077A800D5FEAF01E8C151001C2B9CFE0C4508001A
:1077B8009318F80012C63100863C230076F612FFB3
:1077C8003158FEFEE415BAFFB6417001DB1601FF21
:1077D800167E34FFBD3531FF70198F00267F37FFC5
:1077E800E265A3FED0853DFF8945AE01BE7691FFD7
:1077F8003C62DBFFD90DF5FFFA880A0054FEE2006F
:10780800C91F7D01F033FBFF1F8382FF028A32FF0D
:10781800D7D7B101DF0CEEFFFC9538FF7C5B44FF46
:10782800487EAAFE77FF64008287E8FF0E4FB20009
:10783800FA83C5008AC6D00079D88BFE771224FF58
:107848001DC17A00102A2DFFD5F0EB01E6BEA9FF75
:10785800C623E4FE6EAD4800D6DDF1FF38948700FC
:10786800C0754EFE8D5DCFFF8F419500151262FFEA
:107878005F2CF4016ABF4D00FE5508FED66EB0FFBE
:1078880049AD13FEA0C4C7FFED5A9000C1AC71FF0B
:10789800C89B88FEE45ADD0089314A01A4DDD7FF80
:1078A800D1BD05FF69EC37FF2A1F8101C1FFEC003C
:1078B8002ED93C008A58BBFFE252ECFF514597FF96
:1078C8008EBE10010D8608007F7A30FF51409C0063
:1078D800ABF38B00ED23F6007A8FC1FED47A9200C9
:1078E8005F29FF0157844D0004D41F00111F4E006B
:1078F800272DADFE188ED9FF5F0906FFE35306005A
:10790800623B82FE3E1E21000873D301A26180FF04
:1079180007B817FE741CA8FFF88A97FF62F4F000F6
:10792800BA76820072F8EBFF69ADC801A07C47FF08
:107938005E24A401AF4192FFEEF1AAFECAC6C500BB
:10794800E4478AFE2DF66DFFC2349E0085BBB00069
:1079580053FC9AFE59BDDDFFAA49FC00943A7D000C
:10796800244433FE2A45B1FFA84C56FF2664CCFFB9
:1079780026352300AF136100E1EEFDFF515187006A
:10798800D21BFFFEEB496B0008CF7300527F8800C3
:10799800546315FECF13880064A4650050D04DFFD2
:1079A80084CFEDFF0F030FFF21A66E009C5F55FFEC
:1079B80025B96F01966A23FFA6974C00725787FF77
:1079C8009FC240000C7A1FFFE80765FEAD77620092
:1079D8009A47DCFEBF3935FFA8E8A0FFE02063FF27
:1079E800DA9CA5009799A300D90D9401C571590097
:1079F800951CA1FECF171E006984E3FF36E65EFFE3
:107A080085ADCCFF5CB79DFF5890FCFE66215A00FF
:107A18009F610300B5DA9BFFF07277006AD635FFE5
:107A2800A5BE7301985BE1FF586A2CFFD03D710039
:107A380097347C00BF1B9CFF6E36EC010E1EA6FF20
:107A4800277FCF01E5C71C00BCE4BCFE649DEB00AA
:107A5800F6DAB7016B16C1FFCEA05F004CEF9300BA
:107A6800CFA1750033A602FF34750AFE4938E3FF3B
:107A780098C1E100845E88FF65BFD100206BE5FFF7
:107A8800C62BB40164D27600724399FF17581AFFC7
:107A9800599A5C01DC788CFF9072CFFFFC73FAFF77
:107AA80022CE48008A857FFF08B27C01574B6100CF
:107AB8000FE55CFEF04383FF767BE3FE927868FF78
:107AC80091D5FF0181BB46FFDB7736000113AD007E
:107AD8002D969401F8534800CBE9A9018E6B380024
:107AE800F7F926012DF250FF1EE9670060524600A3
:107AF80017C96F0051271EFFA1B74EFFC2EA21FF29
:107B080044E38CFED8CE7400461BEBFF68904F0010
:107B1800A4E65DFED6879C009ABBF2FEBC1483FFE8
:107B2800246DAE009F70F100056E950124A5DA0062
:107B3800A61D1301B22E49005D2B20FEF8BDED00F5
:107B4800669B8D00C95DC3FFF18BFDFF0F6F62FF60
:107B58006C41A3FE9B4FBEFF49AEC1FEF62830FF25
:107B68006B580BFECA6155FFFDCC12FF71F2420043
:107B78006EA0C2FED012BA0051153C00BC68A7FF27
:107B88007CA661FED2858E0038F289FE296F8200BC
:107B98006F973A016FD58DFFB7ACF1FF2606C4FF8A
:107BA800B9077BFF2E0BF600F56977010F02A1FFDD
:107BB80008CE2DFF12CA4AFF537C7301D48D9D0055
:107BC8005308D1FE8B0FE8FFAC36ADFE32F78400C8
:107BD800D6BDD50090B86900DFFEF800FF93F0FF2E
:107BE80017BC480007333600BC19B4FEDCB400FFEC
:107BF80053A01400A3BDF3FF3AD1C2FF57493C007C
:107C08006A183100F5F9DC0016ADA700760BC3FF42
:107C1800137EED006E9F25FF3B522F00B4BB56002C
:107C2800BC94D001642585FF0770C10081BC9CFF0E
:107C3800546A81FF85E1CA000EEC6FFF28146500C5
:107C4800ACAC31FE33364AFFFBB9B8FF5D9BE0FFB1
:107C5800B4F9E001E6B29200483936FEB23EB80007
:107C680077CD4800B9EFFDFF3D0FDA00C44338FF78
:107C7800EA20AB012EDBE400D06CEAFF143FE8FFFA
:107C8800A535C70185E405FF34CD6B004AEE8CFFAE
:107C9800969CDBFEEFACB2FFFBBDDFFE208ED3FF70
:107CA800DA0F8A01F1C450001C2462FE16EAC700EC
:107CB8003DEDDCFFF63925008E118EFF9D3E1A0042
:107CC8002BEE5FFE03D906FFD519F00127DCAEFFC6
:107CD8009ACD30FE130DC0FFF42236FE8C109B00A7
:107CE800F0B505FE9BC13C00A68004FF249138FF37
:107CF80096F0DB007833910052992A018CEC9200BF
:107D08006B5CF801BD0A03003F88F200D327180016
:107D180013CAA101AD1BBAFFD2CCEFFE29D1A2FF35
:107D2800B6FE9FFFAC743400C367DEFECD453B0052
:107D380035162901DA30C20050D2F200D2BCCF0089
:107D4800BBA1A1FED811010088E17100FAB83F007B
:107D5800DF1E62FE4DA8A2003B35AF0013C90AFF23
:107D68008BE0C20093C19AFFD4BD0CFE01C8AEFFE0
:107D7800328571015EB35A00ADB687005EB17100FD
:107D88002B59D7FF88FC6AFF7B8653FE05F542FF17
:107D980052312701DC02E0006181B1004D3B5900FE
:107DA8003D1D9B01CBABDCFF5C4E8B009121B5FFE9
:107DB800A9188D013796B3008B3C50FFDA27610074
:107DC80002936BFF3CF84800ADE62F010653B6FF5F
:107DD8001069A2FE89D451FFB4B8860127DEA4FF3A
:107DE800DD69FB01EF707D003F0761003F68E3FF3D
:107DF800943A0C005A3CE0FF54D4FC004FD7A8003A
:107E0800F8DDC7017379010024AC780020A2BBFF1C
:107E1800396B31FF932A15006AC62B01394A57007E
:107E28007ECB51FF8187C3008C1FB100DD8BC20060
:107E380003DED7008344E700B156B2FE7C97B40056
:107E4800B87C260146A31100F9FBB5012A37E300E7
:107E5800E2A12C0017EC6E0033958E015D05EC0055
:107E6800DAB76AFE43184D0028F5D1FFDE7999008C
:107E7800A5391E00537D3C0046265201E506BC008C
:107E88006DDE9DFF37763FFFCD97BA00E32195FF62
:107E9800FEB0F601E3B1E300226AA3FEB02B4F0067
:107EA8006A5F4E01B9F17AFFB90E3D002401CA009C
:107EB8000DB2A2FFF70B8400A1E65C014101B9FFF6
:107EC800D432A5018D9240FF9EF2DA0015A47D0000
:107ED800D58B7A0143475700CB9EB201975C2B00A4
:107EE800986F05FF2703EFFFD9FFFAFFB03F47FF61
:107EF8004AF54D01FAAE12FF2231E3FFF62EFBFFE1
:107F08009A2330017D9D3DFF6A244EFF61EC990064
:107F180088BB78FF7186ABFF13D5D9FED85ED1FF39
:107F2800FC053D005E03CA00031AB7FF40BF2BFFE4
:107F38001E171500818D4DFF66780701C24C8C0015
:107F4800BCAF34FF11519400E8563701E130AC0062
:107F5800862A2AFFEE322F00A912FE00149357FF3B
:107F68000EC3EFFF45F71700EEE580FFB131700053
:107F7800A862FBFF7947F800F30891FEF6E399FF42
:107F8800DBA9B1FEFB8BA5FF0CA3B9FFA428ABFFAF
:107F9800999F1BFEF36D5BFFDE18700112D6E70098
:107FA8006B9DB5FEC39300FFC26368FF598CBEFF8B
:107FB800B1427EFE6AB9420031DA1F00FCAE9E0073
:107FC800BC4FE601EE29E000D4EA0801880BB500B1
:107FD800A67553FF44C35E002E84C900F09858006C
:107FE800A43945FEA0E02AFF3BD743FF77C38DFFA6
:107FF80024B479FECF2F08FFAED2DF0065C544FF59
:10800800FF528D01FA89E90061568501105045003B
:1080180084839F00745D64002D8D8B0098AC9DFF58
:108028005A2B5B0047992E00271070FFD98861FFF3
:10803800DCC619FEB1353100DE5886FF800F3C00E2
:10804800CFC0A9FFC074D1FF6A4ED301C8D5B7FF0E
:10805800070C7AFEDECB3CFF216EC7FEFB6A75007B
:10806800E4E10401783A07FFDDC154FE70851B0086
:10807800BDC8C9FF8B879600EA37B0FF3D32410083
:10808800986CA9FFDC5501FF7087E300A21ABA00BB
:10809800CF60B9FEF4886B005D993201C661970024
:1080A8006E0B56FF8F75AEFF73D4C80005CAB700B4
:1080B800EDA40AFEB9EF3E00EC7812FE627B63FF86
:1080C800A8C9C2FE2EEAD600BF8531FF63A9770092
:1080D800BEBB230173152DFFF983480070067BFF93
:1080E800D631B5FEA6E922005CC566FEFDE4CDFFEB
:1080F800033BC9012A622E00DB2523FFA9C3260002
:108108005E7CC1019C2BDF005F4885FE78CEBF00F6
:108118007AC5EFFFB1BB4FFFFE2E0201FAA7BE00E2
:1081280054811300CB71A6FFF91FBDFE489DCAFFFD
:10813800D04749FFCF1848000A101201D2514CFF0E
:1081480058D0C0FF7EF36BFFEE8D78FFC779EAFF4A
:10815800890C3BFF24DC7BFF94B33CFEF00C1D0034
:1081680042006101241E26FF73015DFF6067E7FF7F
:10817800C59E3B01C0A4F000CACA39FF18AE300042
:10818800594D9B012A4CD700F497E900173051004C
:10819800EF7F34FEE38225FFF8745D017C8476006E
:1081A800ADFEC00106EB53FF6EAFE701FB1CB60046
:1081B80081F95DFE54B880004CB53E00AF80BA002E
:1081C800643588FE6D1DE200DDE93A0114634A005A
:1081D8000016A000860D1500093437FF11598C00D0
:1081E800AF223B0054A577FFE0E2EAFF0748A6FF6D
:1081F8007B73FF0112D6F600FA074701D9DCB900F4
:10820800D4234CFF267DAF00BD61D20072EE2CFF57
:1082180029BCA9FE2DBA9A00515C160084A0C100A1
:1082280079D062FF0D512CFFCB9C5200473A15FFC5
:10823800D072BFFE322693009AD8C3006519120087
:108248003CFAD7FFE984EBFF67AF8E01100E5C00A4
:108258008D1F6EFEEEF12DFF99D9EF0161A82FFF5A
:10826800F95510011CAF3EFF39FE3600DEE77E00EF
:10827800A62D75FE12BD60FFE44C3200C8F45E0006
:10828800C6987801442245FF0C41A0FE65135A00A8
:10829800A7C578FF4436B9FF29DABC0071A83000B9
:1082A8005869BD011A5220FFB95DA401E4F0EDFF41
:1082B80042B63500ABC55CFF6B09E901C77890FF92
:1082C8004E310AFF6DAA69FF5A041FFF1CF471FFA3
:1082D8004A3A0B003EDCF6FF799AC8FE90D2B2FF0C
:1082E8007E3981012BFA0EFF656F1C012F56F1FFB5
:1082F8003D4696FF354905FF1E1A9E00D11A5600C5
:108308008AED4A00A45FBC008E3C1DFEA274F8FFF3
:10831800BBAFA00097121000D16F41FECB8627FF9C
:10832800586C31FF831A47FFDD1BD7FE68695DFF74
:108338001FEC1FFE8700D3FF8F7F6E01D449E50035
:10834800E943A7FEC301D0FF8411DDFF33D95A00EA
:1083580043EB32FFDFD28F00B3358201E96AC600F2
:10836800D9ADDCFF70E518FFAF9A5DFE47CBF6FF8D
:10837800304285FF0388E6FF17DD71FEEB6FD500FD
:10838800AA785FFEFBDD02002D829EFE695ED9FFA2
:10839800F234B4FED5442DFF68261C00F49E4C0030
:1083A800A1C860FFCF350DFFBB439400AA36F80083
:1083B80077A2B2FF53140B002A2AC001929FA3FF91
:1083C800B7E86F004DE515FF47358F001B4C2200BD
:1083D800F6882FFFDB27B6FF5CE0C901138E0EFF7E
:1083E80045B6F1FFA376F500096D6A01AAB5F7FF56
:1083F8004E2FEEFF54D2B0FFD56B8B0027260B0013
:108408004815960048824500CD4D9BFE8E85150087
:10841800476FACFEE22A3BFFB300D7012180F10091
:10842800EAFC0D01B84F08006E1E49FFF68DBD002D
:10843800AACFDA014A9A45FF8AF631FF9B206400E9
:108448007D4A69FF5A553DFF23E5B1FF3E7DC1FFD7
:108458009956BC014978D400D17BF6FE87D126FF16
:10846800973A2C015C45D6FF0E0C58FFFC99A6FFE5
:10847800FDCF70FF3C4E53FFE37C6E00B460FCFF01
:10848800357521FEA4DC52FF29011BFF26A4A6FF97
:10849800A463A9FE3D9046FFC0A612006BFA4200F5
:1084A800C541320001B312FFFF6801FF2B9923FF7A
:1084B800506FA8006EAFA80029692DFFDB0ECDFF15
:1084C800A4E98CFE2B017600E943C300B2529FFF5A
:1084D8008A577AFFD4EE5AFF90237CFE198CA400A9
:1084E800FBD72CFE85466BFF65E350FE5CA9370081
:1084F800D72A310072B455FF21E81B01ACD5190009
:108508003EB07BFE208518FFE1BF3E005D46990026
:10851800B52A680116BFE0FFC8C88CFFF9EA250034
:1085280095398D00C338D0FFFE8246FF20ADF0FF9D
:108538001DDCC7006E6473FF84E5F900E4E9DFFF22
:1085480025D8D1FEB2B1D1FFB72DA5FEE0617200EA
:108558008961A8FFE1DEAC00A50D3101D2EBCCFFAB
:10856800FC041CFE46A09700E8BE34FE53F85DFFED
:108578003ED74D01AFAFB3FFA03242007930D000F3
:108588003FA9D1FF00D2C800E0BB2C0149A252008C
:1085980009B08FFF134CC1FF1D3BA701182B9A0090
:1085A8001CBEBE008DBC8100E8EBCBFFEA006DFF6E
:1085B80036419F003C58E8FF79FD96FEFCE983FFB1
:1085C800C66E2901534D47FFC8163BFE6AFDF2FFF0
:1085D800150CCFFFED42BD005AC6CA01E1AC7F00C1
:1085E8003516CA0038E684000156B7006DBE2A0069
:1085F800F344AE016DE49A00C8B17A0123A0B7FF35
:10860800B13055FF5ADAA9FFF8984E00CAFE6E003D
:1086180006342B008E6241FF3F911600466A5D00CA
:10862800E88A6B016EB33DFFD381DA01F2D15C00B9
:10863800235AD901B68F6AFF7465D9FF72FADDFF34
:10864800ADCC06003C96A30049AC2CFFEF6E50FF62
:10865800ED4C99FEA18CF90095E8E500851F28FFEF
:10866800AEA477007133D60081E402FE4022F30005
:108678006BE3F4FFAE6AC8FF549946013223100039
:10868800FA4AD8FEECBD42FF99F90D00E6B204FFA4
:10869800DD29EE0076E379FF5E578CFEFE775C00FD
:1086A80049EFF6FE7557800013D391FFB12EFC00F9
:1086B800E55BF6014580F7FFCA4D3601080B09FF57
:1086C8009960A600D9D6ADFF86C0020100CF000090
:1086D800BDAE6B018C8664009EC1F301B666AB002B
:1086E800EB9A33008E057BFF3CA85901D90E5CFF3D
:1086F80013D60501D3A7FE002C06CAFE7812ECFF9C
:108708000F71B8FFB8DF8B0028B177FEB67B5AFF30
:10871800B0A5B000F74DC2001BEA7800E700D6FF0D
:108728003B271E007D6391FF964444018DDEF800CF
:10873800997BD2FF6E7F98FFE521D60187DDC500C2
:10874800896102000C8FCCFF5129BC00734F82FF56
:108758005E03840098AFBBFF7C8D0AFF7EC0B3FF29
:108768000B67C60095062D00DB55BB01E612B2FF6C
:1087780048B6980003C6B8FF8070E00161A1E60022
:10878800FE6326FF3A9FC5009742DB003B458FFFFB
:10879800B970F90077882FFF7B828400A8475FFFB4
:1087A80071B02801E8B9AD00CF5D7501449D6CFF3B
:1087B800660593FE3161210059416FFEF71EA3FF44
:1087C8007CD9DD0166FAD800C6AE4BFE39371200F7
:1087D800E305EC01E5D5AD00C96DDA0131E9EF003B
:1087E8001E379E0119B26A009B6FBC015E7E8C0029
:1087F800D71FEE014DF01000D5F219012647A80049
:10880800CDBA5DFE31D38CFFDB00B4FF8676A500C0
:10881800A09386FF6EBA23FFC6F32A00F39277006F
:1088280086EBA30104F187FFC12EC1FE67B44FFF99
:10883800E104B8FEF27682009287B001EA6F1E006A
:108848004542D5FE29607B00795E2AFFB2BFC3FF8F
:108858002E822A00755408FFE931D6FEEE7A6D00A3
:1088680006475901ECD37B00F40D30FE77940E00D7
:10887800721C56FF4BED19FF91E510FE816435FF20
:10888800869678FEA89D3200174868FFE0310E00F2
:10889800FF7B16FF97B997FFAA50B80186B6140058
:1088A80029646501992110004C9A6F0156CEEAFFA0
:1088B800C0A0A4FEA57B5DFF01D8A4FE4311AFFFB5
:1088C800A90B3BFF9E293DFF49BC0EFFC30689FF4C
:1088D80016931DFF146703FFF682E3FF7A288000D2
:1088E800E22F18FE2324200098BAB7FF45CA1400C7
:1088F800C385C300DE33F700A9AB5E01B700A0FF54
:1089080040CD12019C530FFFC53AF9FEFB596EFF8B
:10891800320A58FE332BD80062F2C601F59771006F
:10892800ABECC201C51FC7FFE5512601293B140066
:10893800FD68E600985D0EFFF6F292FED6A9F0FFFC
:10894800F0666CFEA0A7EC009ADABC0096E9CAFFB4
:108958001B13FA01024785FFAF0C3F0191B7C60010
:10896800687873FF82FBF70011D4A7FF3E7B84FF72
:10897800F764BD009BDF98008FC521009B3B2CFF4F
:10898800965DF0017F0357FF5F47CF01A75501FFB1
:10899800BC9874FF0A17170089C35D01366261002D
:1089A800F000A8FF94BC7F00866B97004CFDAB00DD
:1089B8005A84C00092163600E04236FEE6BAE5FF59
:1089C80027B6C40094FB82FF41836CFE8001A0009F
:1089D800A931A7FEC7FE94FFFB068300BBFE81FFFB
:1089E80055523E00B2173AFFFE840500A4D5270071
:1089F80086FC92FE253551FF9B865200CDA7EEFFDF
:108A08005E2DB4FF8428A100FE6F7001364BD9009B
:108A1800B3E6DD01EB5EBFFF17F33001CA91CBFF70
:108A280027762AFF758DFD00FE00DE002BFB320045
:108A380036A9EA015044D00094CBF3FE9107870091
:108A480006FE0000FCB97F00620881FF262348FF6C
:108A5800D324DC01281A5900A840C5FE03DEEFFF25
:108A68000253D7FEB49F69003A73C200BA746AFF12
:108A7800E5F7DBFF8176C100CAAEB701A6A14800C1
:108A8800C96B93FEED884A00E9E66A01696FA800A0
:108A980040E01E0101E503006697AFFFC2EEE4FF68
:108AA800FEFAD400BBED790043FB6001C51E0B0044
:108AB800B75FCC00CD598A0040DD2501FFDF1EFFDE
:108AC800B230D3FFF1C85AFFA7D160FF3982DD0069
:108AD8002E72C8FF3DB8420037B618FE6EB62100A8
:108AE800ABBEE8FF725E1F0012DD08002FE7FE0034
:108AF800FF705300760FD7FFAD1928FEC0C11FFFC6
:108B0800EE1592FFABC176FF65EA35FE83D470009F
:108B180059C06B0108D01B00B5D90FFFE795E800D5
:108B28008CEC7E009009C7FF0C4FB5FE93B6CAFFC8
:108B3800136DB6FF31D4E1004AA3CB00AFE994002E
:108B48001A703300C1C109FF0F87F90096E382004C
:108B5800CC00DB0118F2CD00EED075FF16F47000E2
:108B68001AE522002550BCFF262DCEFEF05AE1FF63
:108B78001D032FFF2AE04C00BAF3A70020840FFF43
:108B880005337D008B87180006F1DB00ACE585FF17
:108B9800F6D63200E70BCFFFBF7E5301B4A3AAFF7E
:108BA800F5381801B2A4D3FF0310CA01623976FF61
:108BB8008D8359FE21331800F3955BFFFD340E00B9
:108BC80023A943FE311E58FFB31B24FFA58CB70011
:108BD8003ABD9700581F00004BA942004265C7FFE5
:108BE80018D8C70179C41AFF0E4FCBFEF0E251FF27
:108BF8005E1C0AFF53C1F0FFCCC183FF5E0F560015
:108C0800DA289D0033C1D10000F2B10066B9F7003F
:108C18009E6D740026875B00DFAF9500DC4201FF84
:108C2800563CE800196025FFE17AA201D7BBA8FFEE
:108C38009E9D2E0038ABA200E8F065017A16090067
:108C4800330915FF3519EEFFD91EE8FE7DA99400FA
:108C58000DE8660094092500A5618D01E4832900CB
:108C6800DE0FF3FFFE121100063CED016A037100EE
:108C78003B84BD005C701E0069D0D5003054B3FF42
:108C8800BB79E7FE1BD86DFFA2DD6BFE49EFC3FF82
:108C9800FA1F39FF958759FFB917730103A39DFF81
:108CA8001270FA001939BBFFA160A4002F10F3005D
:108CB8000C8DFBFE43EAB8FF2912A100AF0660FF46
:108CC800A0AC34FE18B0B7FFC6C155017C7989FF46
:108CD800973272FFDCCB3CFFCFEF050100266BFF1C
:108CE80037EE5EFE46985E00D5DC4D01781145FFF3
:108CF80055A4BEFFCBEA5100263125FE3D907C00ED
:108D0800894E31FEA8F730005FA4FC0069A98700EE
:108D1800FDE4860040A64B00514914FFCFD20A005B
:108D2800EA6A96FF5E225AFFFE9F39FEDC856300E1
:108D38008B93B4FE1817B90029391EFFBD614C008A
:108D480041BBDFFFE0AC25FF223E5F01E790F0006A
:108D58004D6A7EFE40985B001D629B00E2FB35FF7A
:108D6800EAD305FF90CBDEFFA4B0DDFE05E71800CF
:108D7800B37ACD00240186FF7D4697FE61E4FC00AE
:108D8800AC8117FE305AD1FF96E0520154861E007E
:108D9800F1C42E006771EAFF2E6579FE287CFAFF80
:108DA800872DF2FE09F9A8FF8C6C83FF8FA3AB0017
:108DB80032ADC7FF58DE8EFFC85F9E008EC0A3FF8E
:108DC800077587006F7C1600EC0C41FE442641FFB6
:108DD800E3AEFE00F4F52600F032D0FFA13FFA0022
:108DE8003CD1EF007A2313000E21E6FE029F7100AA
:108DF8006A147FFFE4CD600089D2AEFEB4D490FF40
:108E080059629A0122588B00A7A27001416EC500D1
:108E1800F125A900423883FF0AC953FE85FDBBFF2F
:108E2800B1702DFEC4FB0000C4FA97FFEEE8D6FF30
:108E380096D1CD001CF07600474C5301EC635B00E3
:108E48002AFA8301601240FF76DE230071D6CBFF39
:108E58007A77B8FF42132400CC40F90092598B006E
:108E6800863E870168E96500BC541A0031F9810023
:108E7800D0D64BFFCF824DFF73AFEB00AB0289FF1B
:108E8800AF91BA0137F587FF9A56B501643AF6FFF4
:108E98006DC73CFF52CC86FFD731E6018CE5C0FF99
:108EA800DEC1FBFF51880FFFB395A2FF17271DFFF7
:108EB800075F4BFEBF51DE00F1515AFF6B31C9FF0E
:108EC800F4D39D00DE8C95FF41DB38FEBDF65AFFDA
:108ED800B23B9D0130DB34006222D7001C11BBFF7E
:108EE800AFA918005C4FA1FFECC8C201938FEA003C
:108EF800E5E10701C5A80E00EB333501FD78AE00AA
:108F0800C506A8FFCA75AB00A315CE0072555AFF57
:108F18000F290AFFC21363004137D8FEA2927400DA
:108F280032CED4FF40921DFF9E9E830164A582FF2E
:108F3800AC1781FF7D3509FF0FC112011A310BFFF4
:108F4800B5AEC90187C90EFF64139500DB624F00F7
:108F58002A638FFE600030FFC5F953FE68954FFF06
:108F6800EB6E88FE52802CFF412924FE58D30A005C
:108F7800BB79BB006286C700ABBCB3FED20BEEFF69
:108F8800427B82FE34EA3D00307117FE065678FFB8
:108F980077B2F5005781C900F28DD100CA72550029
:108FA8009416A10067C330001931ABFF8A438200D1
:108FB800B6497AFE94188200D3E59A00209B9E0059
:108FC80054693D00B1C209FFA65956013653BB008A
:108FD800F92875FF6D03D7FF35922C013F2FB30099
:108FE800C2D803FE0E54880088B10DFF48F3BAFFBB
:108FF80075117DFFD33AD3FF5D4FDF005A58F5FF57
:109008008BD16FFF46DE2F000AF64FFFC6D9B2009C
:10901800E3E10B014E7EB3FF3E2B7E0067942300F5
:109028008108A5FEF5F094003D338E0051D08600EE
:109038000F8973FFD377ECFF9FF5F8FF028688FF4F
:10904800E68B3A01A0A4FE0072558DFF31A6B6FF4B
:109058009046540155B607002E355D0009A6A1FFBC
:1090680037A2B2FF2DB8BC00921C2CFEA95A3100C1
:1090780078B2F1010E7B7FFF07F1C701BD4232FFD5
:10908800C68F65FEBDF387FF8D1818FE4B6157002C
:1090980076FB9A01ED369C00AB92CFFF83C4F6FFB6
:1090A8008840710197E83900F0DA7300313D1BFF01
:1090B80040814901FCA91BFF28840A015AC9C1FF44
:1090C800FC79F001BACE29002BC661009164B70083
:1090D800CCD850FEAC964100F9E5C4FE687B49FF48
:1090E8004D6860FE82B40800687B3900DCCAE5FF81
:1090F80066F9D300560EE8FFB64ED100EFE1A400A2
:109108006A0D20FF784911FF8643E90053FEB50038
:10911800B7EC7001304083FFF1D8F3FF41C1E200A2
:10912800CEF164FE6486A6FFEDCAC500370D510076
:10913800207C66FF28E4B10076B51F01E7A086FF12
:1091480077BBCA00008E3CFF8026BDFFA6C99600EB
:10915800CF781A0136B8AC000CF2CCFE8542E60096
:1091680022261F01B87050002033A5FEBFF3370038
:109178003A4992FE9BA7CDFF646898FFC5FECFFFD2
:10918800AD13F700EE0ACA00EF97F2005E3B27FF27
:10919800F01D66FF0A5C9AFFE554DBFFA1815000D1
:1091A800D05ACC01F0DBAEFF9E66910135B24CFF80
:1091B800346CA80153DE6B00D3246D00763A380076
:1091C800081D1600EDA0C700AAD19D0089472F00F1
:1091D8008F562000C6F20200D43088015CACBA0079
:1091E800E697690160BFE5008A50BFFEF0D882FFAC
:1091F800622B06FEA8C43100FD125B01904979007C
:109208003D9227013F6818FFB8A570FE7EEB62000B
:1092180050D562FF7B3C57FF528CF501DF78ADFFDC
:109228000FC68601CE3CEF00E7EA5CFF21EE13FF94
:10923800A5718E01B0772600A02BA6FEEF5B690012
:109248006B3DC201190444000F8B3300A4846AFFEC
:1092580022742EFEA85FC50089D41700489C3A00E6
:10926800897045FE96699AFFECC99D0017D49AFF4C
:109278008852E3FEE23BDDFF5F95C000517634FF84
:10928800212BD7010E934BFF599C79FE0E124F00EC
:1092980093D08B0197DA3EFF9C580801D2B862FF41
:1092A80014AF7BFF6653E500DC41740196FA04FFB6
:1092B8005C8EDCFF22F742FFCCE1B3FE97519700AA
:1092C8004728ECFF8A3F3E00064FF0FFB7B9B500CC
:1092D80076321B003FE3C0007B633A0132E09BFF1C
:1092E80011E1DFFEDCE04DFF0E2C7B018D80AF002D
:1092F800F8D4C800963BB7FF93611D0096CCB50023
:10930800FD254700915577009AC8BA000280F9FFF9
:1093180053187C000E578F00A833F5017C97E7FFA0
:10932800D0F0C5017CBEB900303AF60014E9E80077
:109338007D1262FF0DFE1FFFF5B182FF6C8E2300C8
:10934800AB7DF2FE8C0C22FFA5A1A200CECD65005C
:10935800F7192201649139002746390076CCCBFFF2
:10936800F200A200A5F41E00C674E200806F99FF07
:109378008C36B6013C7A0FFF9B3A39013632C6006B
:10938800ABD31DFF6B8AA7FFAD6BC7FF6DA1C100F3
:109398005948F2FFCE7359FFFAFE8EFEB1CA5EFF3E
:1093A80051593200076942FF19FEFFFECB4017FFF3
:1093B8004FDE6CFF27F94B00F17C3200EF988500F7
:1093C800DDF1690093976200D5A179FEF231890039
:1093D800E925F9FE2AB71B00B877E6FFD920A3FFD5
:1093E800D0FBE401893E83FF4F4009FE5E307100E7
:1093F800118A32FEC1FF1600F712C5014337680013
:1094080010CD5FFF30254200379C3F0140524AFF94
:10941800C83547FEEF437D001AE0DE00DF895DFFB7
:109428001EE0CAFF09DC8400C626EB01668D5600E3
:109438003C2B5101881C1A00E92408FECFF2940045
:10944800A4A23F00332EE0FF72304FFF09AFE200C5
:10945800DE03C1FF2FA0E8FFFF5D69FE0E2AE600CC
:109468001A8A5201D02BF4001B2726FF62D07FFFF7
:109478004095B6FF05FAD100BB3C1CFE3119DAFF56
:10948800A974CDFF771278009C7493FF84356DFF23
:109498000D0ACA006E53A7009DDB89FF060382FFF1
:1094A80032A71EFF3C9F2FFF81809DFE5E03BD00FB
:1094B80003A6440053DFD700965AC2010FA8410003
:1094C800E35333FFCDAB42FF36BB3C0198662DFF1B
:1094D800779AE100F0F7880064C5B2FF8B47DFFF99
:1094E800CC52100129CE2AFF9CC0DDFFD87BF4FFA7
:1094F800DADAB9FFBBBAEFFFFCACA0FFC334160041
:1095080090AEB5FEBB6473FFD34EB0FF1B07C1001E
:1095180093D568FF5AC90AFF507B42011621BA0049
:10952800010763FE1ECE0A00E5EA0500351ED200DB
:109538008A08DCFE4737A70048E1560176BEBC0022
:10954800FEC16501ABF9ACFF5E9EB7FE5D026CFF24
:10955800B05D4CFF49634FFF4A4081FEF62E410043
:1095680063F17FFEF69766FF2C35D0FE3B66EA0076
:109578009AAFA4FF58F220006F260100FFB6BEFF85
:1095880073B00FFEA93C81007AEDF1005A4C3F0000
:109598003E4A78FF7AC36E007704B200DEF2D2004A
:1095A80082212EFE9C282900A792700131A36FFF0B
:1095B80079B0EB004CCF0EFF0319C60129EBD5009B
:1095C8005524D601315C6DFFC8181EFEA8ECC300F7
:1095D80091277C01ECC395005A24B8FF4355AAFF94
:1095E80026231AFE837C44FFEF9B23FF36C9A40081
:1095F800C41675FF310FCD0018E01D017E71900073
:109608007515B600CB9F8D00DF874D00B0E6B0FF23
:10961800BEE5D7FF6325B5FF33158AFF19BD59FF8E
:109628003130A5FE982DF700AA6CDE0050CA05005F
:109638001B4567FECC1681FFB4FC3EFED2015BFFE2
:10964800926EFEFFDBA21C00DFFCD5013B08210067
:10965800CE10F40081D330006BA0D000703BD10055
:109668006D4DD8FE2215B9FFF66338FFB38B13FF93
:10967800B91D32FF545913004AFA62FFE12AC8FFA4
:10968800C0D9CDFFD210A70063845F012BE6390053
:10969800FE0BCBFF63BC3FFF77C1FBFE5069360072
:1096A800E8B5BD01B74570FFD0ABA5FF2F6DB4FF7E
:1096B8007B53A50092A234FF9A0B04FF97E35AFF4D
:1096C800928961FE3DE929FF5E2A37FF6CA4EC0010
:1096D8009844FE000A8C83FF0A6A4FFEF39E8900B5
:1096E80043B242FEB17BC6FF0F3E2200C5582AFF97
:1096F800955FB1FF9800C6FF95FE71FFE15AA3FF81
:109708007DD9F7001211E000804278FEC01909FFE8
:1097180032DDCD0031D44600E9FFA40002D10900B2
:10972800DD34DBFEACE0F4FF5E38CE01F2B302FFBD
:109738001F5BA401E62E8AFFBDE6DC00392F3DFF42
:109748006F0B9D00B15B98001CE6620061577E00BC
:10975800C65991FFA74F6B00F94DA0011DE9E6FF1F
:10976800961556FE3C0BC100972524FEB996F3FFCB
:10977800E4D45301AC97B400C9A99B00F43CEA00B7
:109788008EEB040143DA3C00C0714B0174F3CFFF48
:1097980041AC9B00511E9CFF504821FE12E76DFF13
:1097A8008E6B15FE7D1A84FFB0103BFF96C93A00F8
:1097B800CEA9C900D079E20028AC0EFF963D5EFF25
:1097C80038399CFF8D3C91FF2D6C95FFEE919BFFE6
:1097D800D1551FFEC00CD20063625DFE9810970041
:1097E800E1B9DC008DEB2CFFA0AC15FE471A1FFF7A
:1097F8000D405DFE1C38C600B13EF801B608F10008
:10980800A66594FF4E5185FF81DED701BCA981FF73
:10981800E807610031703CFFD9E5FB00776C8A00EE
:1098280027137BFE8331EB008454910082E694FF7A
:10983800194ABB0005F536FFB9DBF10112C2E4FF96
:10984800F1CA66006971CA009BEB4F001509B2FFA7
:109858009C01EF00C8943D0073F7D2FF31DD87000B
:109868003ABD0801232E0900514105FF349EB9FF76
:109878007D742EFF4A8C0DFFD25CACFE9317470017
:10988800D9E0FDFE736CB4FF913A30FEDBB118FFEE
:109898009CFF3C019A93F200FD865700354BE5008A
:1098A80030C3DEFF1FAF32FF9CD278FFD023DEFF2C
:1098B80012F8B301020A65FF9DC2F8FF9ECC65FF4E
:1098C80068FEC5FF4F3E0400B2AC65016092FBFF25
:1098D800410A9C000289A5FF7404E700F2D7010041
:1098E80013231DFF2BA14F003B95F601FB42B0004F
:1098F800C82103FF506E8EFFC3A11101E43842FF57
:109908007B2F91FE8404A40043AEAC0019FD7200C5
:1099180057615701FADC5400605BC8FF257D3B00A6
:1099280013417600A134F1FFEDAC06FFB0BFFFFF95
:10993800014182FEDFBEE60065FDE7FF92236D0070
:10994800FA1D4D01310013007B5A9B01165620FF6A
:10995800DAD541006F5D7F003C5DA9FF087FB60046
:1099680011BA0EFEFD89F6FFD51930FE4CEE00FF48
:10997800F85C46FF63E08B00B809FF0107A4D0003C
:10998800CD83C60157D6C70082D65F00DD95DE00BD
:109998001726ABFEC56ED5002B738CFED7B17600AB
:1099A80060344201759EED000E40B6FF2E3FAEFFBB
:1099B8009E5FBEFFE1CDB1FF2B058EFFAC63D4FFE8
:1099C800F4BB93001D3399FFE47418FE1E65CF00A5
:1099D80013F696FF86E705007D86E2014D41620099
:1099E800EC8221FF056E3E00456C7FFF0771160073
:1099F800911453FEC2A1E7FF83B53C00D9D1B1FF52
:109A0800E594D4FE0383B80075B1BB011C0E1FFF9B
:109A1800B0665000325497FF7D1F36FF159D85FFB5
:109A280013B38B01E0E81A002275AAFFA7FCABFF6D
:109A3800498DCEFE81FA2300484FEC01DCE514FF86
:109A480029CAADFF634CEEFFC616E0FF6CC6C3FF24
:109A5800248D6001EC9E3BFF6A6457006EE20200B1
:109A6800E3EADE009A5D77FF4A70A4FF435B02FFDA
:109A7800159121FF66D689FFAFE667FEA3F6A6001B
:109A88005DF774FEA7E01CFFDC023901ABCE540081
:109A98007BE411FF1B787700770B9301B42FE1FF6C
:109AA80068C8B9FEA50272004D4ED4002D9AB1FFC8
:109AB80018C479FE529DB6005A10BE010C93C50019
:109AC8005FEF98FF0BEB4700569277FFAC86D60006
:109AD8003C83C400A1E181001F8278FE5FC8330087
:109AE80069E7D2FF3A0994FF2BA8DDFF7CED8E00D1
:109AF800C6D332FE2EF56700A4F854009846D0FF6E
:109B0800B475B100464FB900F34A2000959CCF00C8
:109B1800C5C4A101F535EF000F5DF6FE8BF031FFEE
:109B2800C45824FFA2267B0080C89D01AE4C67FF65
:109B3800ADA922FED801ABFF7233110088E4C20040
:109B48006E9638FE6AF69F0013B84FFF964DF0FFE9
:109B58009B50A2000035A9FF1D975600445E1000D7
:109B68005C076EFE627595FFF94DE6FFFD0A8C00F5
:109B7800D67C5CFE2376EB00593039011635A600F9
:109B8800B8903DFFB3FFC200D6F83DFE3B6EF6002D
:109B9800791551FEA603E4006A401AFF45E886FFDE
:109BA800F2DC35FE2EDC55007195F7FF61B367FFD7
:109BB800BE7F0B0087D1B6005F348101AA90CEFF2B
:109BC8007AC8CCFFA86492003C9095FE463C2800D9
:109BD8007A34B1FFF6D365FFAEED0800073378009D
:109BE800131FAD007EEF9CFF8FBDCB00C48058FFD4
:109BF800E985E2FF1E7DADFFC96C32007B643BFF47
:109C0800FEA30301DD94B5FFD68839FEDEB489FFD3
:109C1800CF5836FF1C21FBFF43D63401D2D0640055
:109C280051AA5E0091283500E06FE7FE231CF4FF7F
:109C3800E2C7C3FEEE11E600D9D9A4FEA99DDD0056
:109C4800DA2EA201C7CFA3FF6C73A2010E60BBFF7F
:109C5800763C4C00B89F9800D1E747FE2AA4BAFF8B
:109C6800BA9933FEDDABB6FFA28EAD00EB2FC10073
:109C7800078B10015FA440FF10DDA600DBC51000B4
:109C8800841D2CFF644575FF3CEB58FE2851AD0040
:109C980047BE3DFFBB589D00E70B1700ED75A400BC
:109CA800E1A8DFFF9A7274FFA398F2011820AA00B6
:109CB8007D6271FEA8134C00119DDCFE9B340500EB
:109CC800136FA1FF475AFCFFAD6EF0000AC679FF7B
:109CD800FDFFF0FF427BD200DDC2D7FE79A311FF62
:109CE800E1076300BE31B60073098501E81A8AFFEF
:109CF800D54484002C777AFFB3623300955A6A0002
:109D08004732E6FF0A9976FFB1461900A557CD00FC
:109D1800378AEA00EE1E6100719BCF0062997F00CE
:109D2800226BDBFE7572ACFF4CB4FFFEF239B3FF59
:109D3800DD22ACFE38A231FF5303FFFF71DDBDFF0A
:109D4800BC19E4FE105859FF471CC6FE161195FFB2
:109D5800F379FEFF6BCA63FF09CE0E01DC2F990071
:109D68006B8927016131C2FF9533C5FEBA3A0BFFF3
:109D78006B2BE801C8060EFFB58541FEDDE4ABFF9D
:109D88007B3EE701E3EAB3FF22BDD4FEF4BBF90052
:109D9800BE0D500182590100DF85AD0009DEC6FF06
:109DA800427F4A00A7D85DFF9BA8C60142910000E8
:109DB80044662E01AC5A9A00D8804BFFA028330085
:109DC8009E111B017CF03100ECCAB0FF977CC0FFEC
:109DD80026C1BE005FB63D00A3937CFFFFA533FFFD
:109DE8001C2811FED7604E005691DAFE1F24CAFFC8
:109DF800560905006F29C8FFED6C6100393E2C003B
:109E080075B80F012DF174009801DCFF9DA5BC0009
:109E1800FA0F83013C2C7DFF41DCFBFF4B32B8007D
:109E2800355A80FFE750C2FF88817F011512BBFFBA
:109E38002D3AA1FF47932200AEF90BFE238D1D009A
:109E4800EF44B1FF736E3A00EEBEB10157F5A6FFBD
:109E5800BE31F7FF9253B8FFAD0E27FF92D76800C7
:109E68008EDF780095C89BFFD4CF910110B5D9003B
:109E7800AD2057FFFF23B50077DFA101C8DF5EFFE4
:109E88004606BAFFC04355FF32A99800901A7BFFD7
:109E980038F3B3FE14448800278CBCFEFDD005FFC0
:109EA800C87387012BACE5FF9C68BB0097FBA70034
:109EB800348717009799480093C56BFE949E05FF59
:109EC800EE8FCE007E9989FF5898C5FE0744A700FB
:109ED800FC9FA5FFEF4E36FF183F37FF26DE5E00DA
:109EE800EDB70CFFCECCD2001327F6FE1E4AE700D2
:109EF800876C1D01B3730000757674018406FCFF3E
:109F08009181A10169438D005225E2FFEEE2E4FF51
:109F1800CCD681FEA27B64FFB979EA002D6CE700FC
:109F2800420838FF84888000ACE042FEAF9DBC0048
:109F3800E6DFE2FEF2DB4500B80E770152A23800F8
:109F4800727B1400A26755FF31EF63FE9C87D70030
:109F58006FFFA7FE27C4D60090264F01F9A87D0001
:109F68009B619CFF1734DBFF961690002C95A5FF8C
:109F7800287FB700C44DE9FF7681D2FFAA87E6FFA4
:109F8800D677C600E9F02300FD3407FF756630FF79
:109F980015CC9AFFB388B1FF17020301958259FFC8
:109FA800FC119F01463C1A00906B1100B4BE3CFFA7
:109FB80038B63BFF6E4736FFC61281FF95E057FF64
:109FC800DF1598FF8A16B6FFFA9CCD00EC2DD0FF5E
:109FD8004F94F2016546D100674EAE006590ACFF24
:109FE8009888ED01BFC2880071507D0198048D00EA
:109FF8009B9635FFC474F500EF7249FE135211FFAA
:10A008007C7DEAFF2834BF002AD29EFF9B84A500EE
:10A01800B2052A01405C28FF24554DFFB2E47600C2
:10A02800894260FE73E242006EF045FE976F500071
:10A03800A7AEECFFE36C6BFFBCF241FFB751FF002A
:10A0480039CEB5FF2F22B5FFD5F09E01474B5F00F3
:10A058009C2818FF66D25100ABC7E4FF9A2229005A
:10A06800E3AF4B0015EFC3008AE55F014CC0310038
:10A07800757B5701E3E182007D3E3FFF02C6AB00DE
:10A08800FE240DFE91BACE0094FFF4FF2300A60033
:10A098001E96DB015CE4D4005CC63CFE3E85C8FF2E
:10A0A800C9293B007DEE6DFFB4A3EE018C7A520006
:10A0B800091658FFC59D2FFF995E3900581EB60036
:10A0C80054A15500B2927C00A6A607FF15D0DF0068
:10A0D8009CB6F2009B79B900539CAEFE9A1076FFAD
:10A0E800BA53E801DF3A79FF1D175800237D7FFF37
:10A0F800AA0595FEA40C82FF9BC41D00A1608800E0
:10A1080007231D01A225FB00032EF2FF00D9BC0086
:10A1180039AEE201CEE9020039BB88FE7BBD09FFFA
:10A12800C9757FFFBA24CC00E719D800504E6900E2
:10A13800138681FF94CB44008D517DFEF8A5C8FF9E
:10A14800D69087009737A6FF26EB5B00152E9A005E
:10A15800DFFE96FF2399B4FF7DB01D012B621EFF21
:10A16800D87AE6FFE9A00C0039B90CFEF07107FFB8
:10A17800050910FE1A5B6C006DC6CB000893280019
:10A188008186E4FF7CBA28FF726284FEA6841700E9
:10A1980063452C0009F2EEFFB8353B00848166FF69
:10A1A8003420F3FE93DFC8FF7B53B3FE8790C9FFCB
:10A1B8008D253801973CE3FF5A499C01CBACBB0085
:10A1C80050972FFF5E89E7FF24BF3BFFE1D1B5FF22
:10A1D8004AD7D5FE0676B3FF9936C1013200E700AB
:10A1E800689D48018CE39AFFB6E210FE60E15CFFCF
:10A1F8007314AAFE06FA4E00F84BADFF355906FF58
:10A2080000B4760048AD01004008CE01AE85DF00FD
:10A21800B93E85FFD60B6200C51FD000ABA7F4FF7F
:10A2280016E7B50196DAB900F7A96101A58BF7FF22
:10A238002F78950167F833003C451CFE19B3C4001C
:10A248007C07DAFE3A6B5100B8E99CFFFC4A24000F
:10A2580076BC43008D5F35FFDE5EA5FE2E3D3500E2
:10A26800CE3B73FF2FECFAFF4A052001819AEEFFDF
:10A278006A20E20079BB3DFF03A6F1FE43AAACFFCA
:10A288001DD8B2FF17C9FC00FD6EF300C87D390068
:10A298006DC060FF3473EE002679F3FFC9382100E2
:10A2A800C27682004B6019FFAA1EE6FE273FFD001A
:10A2B800242DFAFFFB01EF00A0D45C012DD1ED00A5
:10A2C800F32157FEED54C9FFD4129DFED4637FFFDE
:10A2D800D96210FE8BACEF00A8C982FF8FC1A9FF1D
:10A2E800EE97C101D7682900EF3DA5FE0203F200F1
:10A2F80016CBB1FEB1CC16009581D5FE1F0B29FFF8
:10A30800009F79FEA01972FFA250C8009D970B000C
:10A318009A864E01D836FC003067850069DCC50096
:10A32800FDA84DFE35B317001879F001FF2E60FF28
:10A338006B3C87FE62CDF9FF3FF977FF783BD3FF8F
:10A3480072B437FE5B55ED0095D44D0138493100A4
:10A3580056C696005DD1A00045CDB6FFF45A2B0035
:10A368001424B0007A74DD0033A72701E7013FFF0A
:10A378000DC5860003D122FF873BCA00A7644E00A3
:10A388002FDF4C00B93C3E00B2A67B01840CA1FF34
:10A398003DAE2B00C34590007F2FBF01222C4E00FD
:10A3A80039EA3401FF1628FFF65E920053E4800074
:10A3B8003C4EE0FF0060D2FF99AFEC009F154900CA
:10A3C800B473C4FE83E16A00FFA786009F0870FF8C
:10A3D8007844C2FFB0C4C6FF7630A8FF5DA901006B
:10A3E80070C866014A18FE00138D04FE8E3E3F00B9
:10A3F80083B3BBFF4D9C9BFF7756A400AAD092FF66
:10A40800D0859AFF949B3AFFA278E8FEFCD59B0082
:10A41800F10D2A005E328300B3AA70008C5397FFB7
:10A42800377754018C23EFFF992D4301ECAF2700B8
:10A43800369767FF9E2A41FFC4EF87FE5635CB004B
:10A4480095612FFED82311FF4603460167245AFF62
:10A45800281AAD00B8300D00A3DBD9FF510601FF63
:10A46800DDAA6CFEE9D05D0064C9F9FE562423FF1D
:10A47800D19A1E01E3C9FBFF02BDA7FE64390300A0
:10A488000D802900C5644B0096CCEBFF91AE3B00D4
:10A4980078F895FF5537E10072D235FEC7CC7700C2
:10A4A8000EF74A013FFB81004368970187825000FD
:10A4B8004F5937FF75E69DFF19608F00D59105004C
:10A4C80045F1780195F35FFF722A14008348020072
:10A4D8009A3514FF493E6D00C4669800290CCCFFDC
:10A4E8007A260B01FA0A9100CF7D9400F6F4DEFF7C
:10A4F8002920550170D57E00A2F9560147C67FFF75
:10A5080051091501622704FFCC472D014B6F8900C3
:10A51800EA3BE70020305FFFCC1F72011DC4B5FF86
:10A5280033F1A7FE5D6D8E0068902D00EB0CB5FF32
:10A538003470A4004CFECAFFAE0EA2003DEB93FFA0
:10A548002B40B9FEE97DD900F358A7FE4A3108002F
:10A558009CCC42007CD67B0026DD76019270EC0014
:10A568007262B1009759C70057C57000B995A1002C
:10A578002C60A500F8B314FFBCDBD8FE283E0D0004
:10A58800F38E8D00E5E3CEFFACCA23FF75B0E1FF83
:10A59800526E26012AF50EFF1453610031AB0A00F2
:10A5A800F277780019E83D00D4F093FF047338FF80
:10A5B8009111EFFECA11FBFFF912F5FF6375EF0069
:10A5C800B804B3FFF6ED33FF25EF89FFA670A6FFA9
:10A5D80051BC21FFB9FA8EFF36BBAD00D070C9005F
:10A5E800F62BE40168B858FFD434C4FF33756CFF08
:10A5F800FE759B002E5B0FFF570E90FF57E3CC00B4
:10A60800531A53019F4CE3009F1BD50118976C0008
:10A618007590B3FE89D15200269F0A007385C90040
:10A62800DFB69C016EC45DFF393CE90005A769FFF0
:10A638009AC5A4006022BAFF93852501DC63BE0099
:10A6480001A754FF1491AB00C2C5FBFE5F4E85FF06
:10A65800FCF8F3FFE15D83FFBB86C4FFD899AA002D
:10A6680014769EFE8C017600569E0F012DD329FF8D
:10A67800930164FE71744CFFD37F6C01670F300047
:10A68800C110660145335FFF6B809D0089ABE9000F
:10A698005A7C90016AA1B600AF4CEC01C88DACFFA2
:10A6A800A33A6800E9B434FFF0FD0EFFA271FEFF83
:10A6B80026EF8AFE342EA600F16521FE83BA9C009F
:10A6C8006FD03EFF7C5EA0FF1FACFE0070AE38FF6F
:10A6D800BC631BFF438AFB007D3A80019C98AEFF58
:10A6E800B20CF7FFFC549E0052C50EFEACC853FFD7
:10A6F80025272E016ACFA70018BD220083B290003B
:10A70800CED50400A1E2D200483369FF612DBBFF1A
:10A718004EB8DFFFB01DFB004FA056FF7425B200F6
:10A72800524DD50152548DFFE265D401AF58C7FF91
:10A73800F55EF701AC766DFFA6B9BE0083B578006B
:10A7480057FE5DFF86F049FF20F58FFF8BA267FF5C
:10A75800B36212FED9CC700093DF78FF350AF3009C
:10A76800A68C96007D50C8FF0E6DDBFF5BDA01FFFB
:10A77800FCFC2FFE6D9C74FF73317F01CC57D3FF17
:10A7880094CAD9FF1A55F9FF0EF586014C59A9FF4D
:10A79800F22DE6003B62ACFF724984FE4E9B31FF0E
:10A7A8009E7E540031AF2BFF10B654FF9D672300E7
:10A7B80068C16DFF43DD9A00C9AC01FE08A25800CC
:10A7C800A5011DFF7D9BE5FF1E9ADC0167EF5C007C
:10A7D800DC016DFFCAC601005E028E0124362C0022
:10A7E800EBE29EFFAAFBD6FFB94D0900614AF200D1
:10A7F800DBA395FFF02376FFDF7258FEC0C7030086
:10A808006A2518FFC9A176FF61596301E03A67FF1D
:10A8180065C793FEDE3C6300EA193B0134871B00E1
:10A8280066035BFEA8D8EB00E5E88800683C810079
:10A838002EA8EE0027BF43004BA32F008F6162FFB5
:10A8480038D8A801A8E9FCFF236F16FF5C542B0039
:10A858001AC857015BFD9800CA3846008E084D009B
:10A86800500AAF01FCC74C00166E52FF8101C200AE
:10A878000B803D01570E91FFFDDEBE010F48AE0073
:10A8880055A356FE3A632CFF2D18BCFE1ACD0F00B7
:10A8980013E5D2FEF843C3006347B8009AC725FF03
:10A8A80097F379FF26334BFFC95582FE2C41FA00F6
:10A8B8003993F3FE922B3BFF591C3500215418FFA6
:10A8C800B33312FEBD4653000B9CB301628677007A
:10A8D8009E6F6F00779A49FFC83F8CFE2D0D0DFFC4
:10A8E8009AC002FE51482A002EA0B9FE2C7006001C
:10A8F80092D795011AB06800441C5701EC3299FFB1
:10A90800B380FAFECEC1BFFFA65C89FE3528EF00F2
:10A91800D201CCFEA8AD23008DF32D0124326DFFAA
:10A928000FF2C2FFE39F7AFFB0AFCAFE4639480074
:10A9380028DF3800D0A23AFFB7625D000F6F0C0025
:10A948001E084CFF847FF6FF2DF2670045B50FFF08
:10A958000AD11E0003B37900F1E8DA017BC758FF7A
:10A9680002D2CA01BC8251FF5E65D00167242D0066
:10A978004CC118015F1AF1FFA5A2BB0024728C001C
:10A98800CA4205FF25389300980BF3017F55E8FF6D
:10A99800FA87D401B9B171005ADC4BFF45F892002F
:10A9A800326F32005C165000F42473FEA36452FF29
:10A9B80019C106017F3D2400FD431EFE41ECAAFF9C
:10A9C800A111D7FE3FAF8C00377F04004F70E9001C
:10A9D8006DA028008F5307FF411AEEFFD9A98CFFFD
:10A9E8004E5EBDFF0093BEFF9347BAFE6A4D7FFFE0
:10A9F800E99DE9018757EDFFD00DEC019B6D24FF20
:10AA0800B464DA00B4A31200BE6E0901113F7BFFE3
:10AA1800B388B4FFA57B7BFF90BC51FE47F06CFF69
:10AA280019700BFFE3DA33FFA732EAFF724F6CFFAE
:10AA38001F1373FFB7F06300E3578FFF48D9F8FF80
:10AA480066A95F0181959500EE850C01E3CC230092
:10AA5800D0731A016608EA0070588F0190F90E0049
:10AA6800F09EACFE64707700C28D99FE283853FFC3
:10AA780079B02E002A354CFF9EBF9A005BD15C004E
:10AA8800AD0D10010548E2FFCCFE950050B8CF008F
:10AA980064097AFE7665ABFFFCCB00FEA0CF3600DA
:10AAA8003848F901388C0DFF0A406BFE5B6534FFAE
:10AAB800E1B5F8018BFF8400E6911100E938170031
:10AAC8007701F1FFD5A997FF636309FEB90FBFFFAF
:10AAD800AD676D01AE0DFBFFB25807FE1B3B44FF8F
:10AAE8000A2102FFF8613B001A1E9201B0930A0086
:10AAF8005F79CF01BC581800B95EFEFE7337C900F4
:10AB080018324600783506008E429200E4E2F9FFDA
:10AB180068C0DE01AD44DB00A2B824FF8F6689FF60
:10AB28009D0B17007D2D6200EB5DE1FE3870A0FFE4
:10AB38004674F30199F937FF81271101F150F400A8
:10AB4800574515015EE449FF4E4241FFC2E3E70065
:10AB58003D9257FFAD9B17FF7074DBFED8260BFFA5
:10AB680083BA85005ED4BB00642F5B00CCFEAFFFC8
:10AB7800DE12D7FEAD446CFFE3E44FFF26DDD500BF
:10AB8800A3E396FE1FBE1200A0B30B010A5A5EFF94
:10AB9800DCAE5800A3D3E5FFC7883400825FDDFF31
:10ABA8008CBCE7FE8B7180FF75ABECFE31DC14FFCB
:10ABB8003B14ABFFE46DBC0014E120FEC310AE00F3
:10ABC800E3FE880187276900964DCEFFD2EEE200AA
:10ABD80037D484FEEF397C00AAC25DFFF910F7FF75
:10ABE80018973EFF0A970A004F8BB2FF78F2CA0007
:10ABF8001ADBD5003E7D23FF90026CFFE62153FF50
:10AC0800512DD801E03E1100D6D97D00629999FFF7
:10AC1800B3B06AFE835D8AFF6D3E24FFB27920FFE0
:10AC280078FC4600DCF82500CC58670180DCFBFF87
:10AC3800ECE307016A31C6FF3C386B006372EE0033
:10AC4800DCCC5E0149BB0100599A22004ED9A5FF10
:10AC58000EC3F9FF09E6FDFFCD87F5001AFC07FFD3
:10AC680054CD1B0186027000259E2000E75BEDFF96
:10AC7800BFAACCFF9807DE006DC03100C1A692FFC5
:10AC8800E813B5FF698E34FF67101B01FDC8A500E6
:10AC9800C3D904FF34BD90FF7B9BA0FE578236FFCB
:10ACA8004E783DFF0E38290019297DFF57A8F50079
:10ACB800D6A54600D4A906FFDBD3C2FE485DA4FF93
:10ACC800C52167FF2B8E8D0083E1AC00F4691C0061
:10ACD8004444E10088540DFF823928FE8B4D38002A
:10ACE80054963500365F9D00900DB1FE5F73BA0033
:10ACF800751776FFF4A6F1FF0BBA8700B26ACBFF8F
:10AD080061DA5D002BFD2D00A49804008B76EF001E
:10AD1800600118FEEB99D3FFA86E14FF32EFB00064
:10AD28007229E800C1FA3500FEA06FFE887A29FF73
:10AD3800616C4300D79817FF8CD1D4002ABDA300BB
:10AD4800CA2A32FF6A6ABDFFBE44D9FFE93A7500D4
:10AD5800E5DCF301C5030400257836FE049C86FF74
:10AD6800243DABFEA58864FFD4E80E005AAE0A0065
:10AD7800D8C641FF0C034000747173FFF8670800E0
:10AD8800E77D12FFA01CC5001EB82301DF49F9FFAB
:10AD98007B142EFE873825FFAD0DE50177A122FF34
:10ADA800F53D4900CD7D700089688600D9F61EFF03
:10ADB800ED8E8F00419F66FF6CA4BE00DB75ADFF72
:10ADC800222578FEC84550001F7CDAFE4A1BA0FFEA
:10ADD800BA9AC7FF47C7FC0068519F0111C82700EE
:10ADE800D33DC0011AEE5B0094D90C003B5BD5FF44
:10ADF8000B51B7FF81E67AFF72CB910177B442FF1E
:10AE0800488AB400E0956A00775268FFD08C2B001E
:10AE18006209B6FFCD6586FF126526005FC5A6FFED
:10AE2800CBF193003ED091FF85F6FB0002A90E00FE
:10AE38000DF7B8008E07FE0024C817FF58CDDF00B5
:10AE48005B8134FF15BA1E008FE4D201F7EAF8FFE0
:10AE5800E6451FFEB0BA87FFEECD34018B4F2B00BD
:10AE680011B0D9FE20F34300F26FE9002C2309FF4B
:10AE7800E372510104470CFF2669BF00077532FFD2
:10AE8800514F10003F4441FF9D246EFF4DF103FFD9
:10AE9800E22DFB018E19CE00787BD1011CFEEEFF5E
:10AEA80005807EFF5BDED7FFA20FBF0056F049008A
:10AEB80087B951FE2CF1A300D4DBD2FF70A29B000E
:10AEC800CF657600A84838FFC405340048ACF2FFC7
:10AED8007E169DFF92603BFFA27998FE8C105F0062
:10AEE800C3FEC8FE5296A200772B91FECCAC4EFF53
:10AEF800A6E09F006813EDFFF57ED0FFE23BD5008A
:10AF080075D9C5009848ED00DC1F17FE0E5AE7FFFB
:10AF1800BCD440013C65F6FF5518560001B16D00E0
:10AF2800925320014BB6C00077F1E000B9ED1BFF4A
:10AF3800B8655201EB254DFFFD861300E8F67A004F
:10AF48003C6AB300C30B0C006D42EB017D713B0002
:10AF58003D28A400AF68F000022FBBFF320C8D0023
:10AF6800C28BB5FF87FA6800615CDEFFD995C9FF1F
:10AF7800CBF176FF4F9743007A8EDAFF95F5EF0015
:10AF88008A2AC8FE502561FF7C70A7FF248A57FFD4
:10AF9800821D93FFF1574EFFCC611301B1D116FF0B
:10AFA800F7E37FFE637753FFD419C60110B3B300EC
:10AFB800914DACFE59990EFFDABDA7006BE93BFF36
:10AFC8002321F3FE2C7070FFA17F4F01CCAF0A0044
:10AFD80028158AFE6874E400C75F89FF85BEA8FF4C
:10AFE80092A5EA01B7632700B7DC36FEFFDE8500CD
:10AFF800A2DB79FE3FEF0600E16636FFFB12F600A2
:10B008000422810187248300CE323B010F61B700FF
:10B01800ABD887FF65982BFF96FB5B0026915F00F6
:10B0280022CC26FEB28C53FF1981F3FF4C902500E9
:10B038006A241AFE7690ACFF44BAE5FF6BA1D5FFEF
:10B048002EA344FF95AAFD00BB110F00DAA0A5FFAF
:10B05800AB23F601600D1300A5CB7500D66BC0FFBE
:10B06800F47BB10164036800B2F261FFFB4C82FF1C
:10B07800D34D2A01FA4F46FF3FF450016965F600A7
:10B088003D883A01EE5BD5000E3B62FFA7544D00A8
:10B0980011842EFE39AFC5FFB93EB8004C40CF0031
:10B0A800ACAFD0FEAF4A25008A1BD3FE947DC20008
:10B0B8000A595100A8CB65FF2BD5D101EBF5360015
:10B0C8001E23E2FF097E4600E27D5EFE9C7514FFAA
:10B0D80039F87001E63040FFA45CA601E0D6E6FF2F
:10B0E80024788F0037082BFFFB01F5016A62A50061
:10B0F8004A6B6AFE350436FF5AB2960103787BFF25
:10B10800F405590172FA3DFFFE9952014D0F1100E5
:10B1180039EE5A015FDFE600EC342FFE6794A4FF96
:10B1280079CF24011210B9FF4B144A00BB0B6500FC
:10B138002E3081FF16EFD2FF4DEC81FF6F4DCCFF13
:10B148003D4861FFC7D9FBFF2AD7CC008591C9FFCD
:10B1580039E69201EB64C600924923FE6CC614FFDF
:10B16800B64FD2FF52678800F66CB00022113CFF40
:10B17800134A72FEA8AA4EFF9DEF14FF9529A80056
:10B188003A791C004FB386FFE77987FFAED162FF9B
:10B19800F37ABE00ABA6CD00D47430001D6C42FF1C
:10B1A800A2DEB6010E771500D527F9FFFEDFE4FF12
:10B1B800B7A5C60085BE30007CD06DFF77AF55FFC0
:10B1C80009D1790130ABBDFFC347860188DB33FF66
:10B1D800B65B8DFE319F48002376F5FF70BAE3FF1A
:10B1E8003B891F00892CA30072673CFE08D5960096
:10B1F800A20A71FFC2684800DC8374FFB24F5C008A
:10B20800CBFAD5FE5DC1BDFF82FF22FED4BC9700FC
:10B21800881114FF146553FFD4CEA600E5EE49FF4C
:10B22800974A03FFA857D7009BBC85FFA681490012
:10B23800F04F85FFB2D351FFCB48A3FEC1A8A500AC
:10B248000EA4C7FE1EFFCC0041485B01A64A66FF5C
:10B25800C82A00FFC271E3FF4217D000E5D864FF97
:10B2680018EF1A000AE93EFF7B0AB2011A24AEFF62
:10B2780077DBC7012DA3BE0010A82A00A639C6FF98
:10B288001C1A1A007EA5E700FB6C64FF3DE579FFF8
:10B298003A768A004CCF11000D2270FE5910A80092
:10B2A80025D069FF23C9D7FF286A65FE06EF72001B
:10B2B8002867E2FEF67F6EFF3FA73A0084F08E0013
:10B2C800059E58FF81499EFF5E599200E63692001E
:10B2D800082DAD004FA9010073BAF7005440830050
:10B2E80043E0FDFFCFBD40009A1C51012DB836FF49
:10B2F80057D4E0FF006049FF8121EB01344250FF41
:10B30800FBAE9BFF04B32500EAA45DFE5DAFFD0024
:10B31800C64557FFE06A2E00631DD2003EBC72FF8F
:10B328002CEA0800A9AFF7FF176D89FFE5B62700DB
:10B33800C0A55EFEF565D900BF586000C45E63FF16
:10B348006AEE0BFE357EF3005E0165FF2E93020068
:10B35800C97C7CFF8D0CDA000DA69D0130FBEDFF4A
:10B368009BFA7CFF6A9492FFB60DCA001C3DA700A9
:10B37800D99808FEDC822DFFC8E6FF01374157FF48
:10B388005DBF61FE72FB0E0020695C011ACF8D0063
:10B3980018CF0DFE153230FFBA9474FFD32BE1009D
:10B3A8002522A2FEA4D22AFF441760FFB6D608FFC2
:10B3B800F57589FF42C332004B0C53FE508CA40034
:10B3C80009A52401E46EE300F1115A011934D400EF
:10B3D80006DF0CFF8BF339000C714B01F6B7BFFF8A
:10B3E800D5BF45FFE60F8E0001C3C4FF8AAB2FFF10
:10B3F800403F6A0110A9D6FFCFAE3801584985FFF2
:10B40800B6858C00B10E19FF93B835FF0AE3A1FF8A
:10B4180078D8F4FF494DE9009DEE8B013B41E900E6
:10B4280046FBD80129B899FF20CB70009293FD0004
:10B4380057656D012C5285FFF49635FF5E98E8FF3D
:10B448003B5D27FF5893DCFF4E510D01202FFCFF79
:10B45800A01372FF5D6B27FF7610D301B977D1FF78
:10B46800E3DB7FFE5869ECFFA26E17FF24A66EFF90
:10B478005BECDDFF42EA74006F13F4FE0AE91A0080
:10B4880020B706FE02BFF200DA9C35FE293C46FFD3
:10B49800A8EC6F0079B97EFFEE8ECFFF377E3400BF
:10B4A800DC81D0FE50CCA4FF431790FEDA286CFF55
:10B4B8007FCAA400CB2103FF029E00002560BCFFC9
:10B4C800C0314A006D0400006FA70AFE5BDA87FFEF
:10B4D800CB42ADFF96C2E200C9FD06FFAE66790019
:10B4E800CDBF6E0035C2040051282DFE23668FFFA4
:10B4F8000C6CC6FF101BE8FFFC47BA01B06E720067
:10B508008E037501714D8E00139CC5015C2FFC00E4
:10B5180035E816013612EB002E23BDFFECD481006E
:10B528000260D0FEC8EEC7FF3BAFA4FF922BE70036
:10B53800C2D934FF03DF0C008A36B2FE55EBCF00C8
:10B54800E8CF2200313432FFA67159FF0A2DD8FF07
:10B558003EAD1C006FA5F60076735BFF80543C007F
:10B56800A790CB00570DF300161EE401B17192FFAE
:10B5780081AAE6FEFC9981FF91E12B0046E705FFD1
:10B588007A697EFE56F694FF6E259AFED1035B001B
:10B5980044913E00E410A5FF37DDF9FEB2D25B000E
:10B5A8005392E2FE4592BA005DD268FE1019AD00D2
:10B5B800E7BA2600BD7A8CFFFB0D70FF696E5D004F
:10B5C800FB48AA00C017DFFF1803CA01E15DE400C9
:10B5D8009993C7FE6DAA1600F865F6FFB27C0CFFBA
:10B5E800B2FE66FE370441007DD6B400B760930012
:10B5F8002D7517FE84BFF9008FB0CBFE88B736FFD4
:10B6080092EAB100926556FF2C7B8F0121D19800F8
:10B61800C05A29FE530F7DFFD5AC5200D7A9900020
:10B62800100D220020D164FF5412F901C511ECFF5E
:10B63800D9BAE60031A0B0FF6F7661FFED68EB0084
:10B648004F3B5CFE45F90BFF23AC4A0113764400DF
:10B65800DE7CA5FFB44223FF56AEF6002B4A6FFFEF
:10B668007E9056FFE4EA5B00F2D518FE452CEBFF0E
:10B67800DCB4230008F807FF662F5CFFF0CD66FFF7
:10B6880071E6AB011FB9C9FFC2F646FF7A11BB00CC
:10B698008646C7FF950396FF753F670041687BFFA5
:10B6A800D4361301068D58005386F3FF883567009A
:10B6B800A91BB400B13118006F36A700C33DD7FFEE
:10B6C8001F016C013C2A4600B903A2FFC29528FF5E
:10B6D800F67F26FEBE7726FF3D77080160A1DBFFD7
:10B6E8002ACBDD01B1F2A4FFF59F0A0074C4000063
:10B6F800055DCDFE807FB3007DEDF6FF95A2D9FFF5
:10B70800572514FE8CEEC0000909C1006101E20052
:10B718001D260A0000883FFFE548D2FE26865CFF0A
:10B728004EDAD001682454FF0C05C1FFF2AF3DFF8B
:10B73800BFA92E01B39393FF71BE8BFE7DAC1F0092
:10B74800034BFCFED7240F00C11B1801FF4595FFD2
:10B758006E817600CB5DF9008A8940FE2646060098
:10B768009974DE00A14A7B00C1634FFF763B5EFF00
:10B778003D0C2B0192B19D002E93BF0010FF2600B7
:10B788000B331F013C3A62FF6FC24D019A5BF40014
:10B798008C289001AD0AFB00CBD132FE6C824E00A2
:10B7A800E4B45A00AE07FA001FAE3C0029AB1E00F5
:10B7B800746352FF76C18BFFBBADC6FEDA6F3800EB
:10B7C800B97BD800F99E340034B45DFFC9095BFF2A
:10B7D800382DA6FE849BCBFF3AE86E0034D359FF80
:10B7E800FD00A2010957B70091882C015E7AF50087
:10B7F80055BCAB01935CC600000868001E5FAE0034
:10B80800DDE63401F7F7EBFF89AE35FF2315CCFFF2
:10B8180047E3D601E852C2000B30E3FFAA49B8FF5C
:10B82800C6FBFCFE2C702200836583FF48A8BB0082
:10B8380084877DFF8A6861FFEEB8A8FFF36854FF2C
:10B8480087D8E2FF8B90ED00BC89960150388CFFB9
:10B8580056A9A7FFC24E19FFDC11B4FF110DC10094
:10B868007589D4FF8DE0970031F4AF00C163AFFF55
:10B8780013639A01FF413EFF9CD237FFF2F403FFA6
:10B88800FA0E95009E58D9FF9DCF86FEFBE81C0056
:10B898002E9CFBFFAB38B8FFEF33EA008E8A83FF9C
:10B8A80019FEF3010AC9C2003F614B00D2EFA200A2
:10B8B800C0C81F0175D6F3001847DEFE3628E8FF1A
:10B8C8004CB76FFE900E57FFD64F88FFD8C4D400F0
:10B8D800841B8CFE8305FD007C6C13FF1CD74B007A
:10B8E8004CDE37FEE9B63F0044ABBFFE346FDEFFE7
:10B8F8000A694DFF50AAEB008F1858FF2DE7790011
:10B908009481E0013DF65400FD2EDBFFEF4C210051
:10B91800319412FEE6254500438616FE8E9B5E0096
:10B928001F9DD3FED52A1EFF04E4F7FEFCB00DFFD1
:10B9380027001FFEF1F4FFFFAA2D0AFEFDDEF90025
:10B94800DE728400FF2F06FFB4A3B301545E97FF95
:10B9580059D152FEE534A9FFD5EC0001D638E4FFF1
:10B96800877797FF70C9C10053A035FE069742003C
:10B9780012A21100E9615B0083054E01B57835FF1D
:10B98800755F3FFFED75B900BF7E88FF9077E900CE
:10B99800B73961012FC9BBFFA7A577012D647E00C8
:10B9A800156206FE91965FFF78369800D1626800AE
:10B9B8008F6F1EFEB894F900EBD82E00F8CA94FFDA
:10B9C800395F1600F2E1A300E9F7E8FF47AB13FF80
:10B9D80067F431FF54675DFF4479F40152E00D00CC
:10B9E800294F2BFFF9CEA7FFD73415FEC02016FF2D
:10B9F800F76F3C00654A26FF165B54FE1D1C0DFFC1
:10BA0800C6E7D7FEF49AC800DF89ED00D3840E009C
:10BA18005F40CEFF113EF7FFE98379015D174D00C6
:10BA2800CDCC34FE51BD8800B4DB8A018F125E0094
:10BA3800CC2B8CFEBCAFDB006F628FFF973FA2FF61
:10BA4800D33247FE13923500922D53FEB252EEFFC9
:10BA5800108554FFE2C65DFFC96114FF787623FFA5
:10BA68007232E7FFA2E59CFFD31A0C00722773FF1E
:10BA7800CED48600C5D9A0FF74815EFEC7D7DBFF90
:10BA88004BDFF901FD74B5FFE8D768FFE482F6FFE4
:10BA9800B97556000E050800EF1D3D01ED5785FFED
:10BAA8007D9289FECCA8DF002EA8F5009A691600C1
:10BAB800DCD4A1FF6B4518FF89DAB5FFF154C6FF46
:10BAC800827AD3FF8D0899FFBEB176006059B20023
:10BAD800FF1030FE7A6069FF7536E8FF227E69FF45
:10BAE800CC43A600E8348AFFD3930C00193607002C
:10BAF8002C0FD7FE33EC2D00BE4481016A93E10080
:10BB08001C5D2DFEEC8D0FFF113DA100DC73C00004
:10BB1800EC9118FE6FA8A900E03A3FFF7FA4BC0093
:10BB280052EA4B01E09E8600D1446E01D9A6D900A5
:10BB380046E1A601BBC18FFF100758FF0ACD8C0054
:10BB480075C09C01113826001B7C6C01ABD737FFF0
:10BB58005FFDD4009B87A8FFF6B299FE9A444A007D
:10BB6800E83D60FE69843B00214CC701BDB082FFFF
:10BB7800096819FE4BC666FFE90170006CDC14FF0A
:10BB880072E646008CC285FF399EA4FE920650FFDD
:10BB9800A9C4610155B78200469EDE013BEDEAFF6C
:10BBA80060191AFFE8AF61FF0B79F8FE5823C2004D
:10BBB800DBB4FCFE4A08E300C3E34901B86EA1FF09
:10BBC80031E9A40180352F00520E79FFC1BE3A0039
:10BBD80030AE75FF84172000280A8601163319FF36
:10BBE800F00BB0FF6E399200758FEF019D6576FFFF
:10BBF80036544C00CDB812FF2F0448FF4E7055FF45
:10BC0800C13242015D1034FF086986000C6D48FF9F
:10BC18003A9CFB009023CC002CA075FE326BC2002E
:10BC28000144A5FF6F6EA2009E5328FE4CD6EA0081
:10BC38003AD8CDFFAB6093FF28E37201B0E3F1007F
:10BC480046F9B70188548BFF3C7AF7FE8F0975FFD8
:10BC5800B1AE89FE49F78F00ECB97EFF3E19F7FFB8
:10BC68002D4038FFA1F406002239380169CA530073
:10BC78008093D00006670AFF4A8A41FF615064FF3B
:10BC8800D6AE21FF32864AFF6E9782FE6F54AC0013
:10BC980054C74BFEF83B70FF08D8B20109B75F00E4
:10BCA800EE1B08FEAACDDC00C3E58700624CEDFF61
:10BCB800E25B1A0152DB27FFE1BEC701D9C879FF51
:10BCC80051B308FF8C41CE00B2CF57FEFAFC2EFFCD
:10BCD80068596E01FDBD9EFF90D69EFFA0F536FF08
:10BCE80035B75C0115C8C2FF92217101D101FF006F
:10BCF800EB6A2BFFA734E8009DE5DD00331E190031
:10BD0800FADD1B01419357FF4F7BC40041C4DFFF9D
:10BD18004C2C110155F14400CAB7F9FF41D4D4FFA6
:10BD280009219A01473B5000AFC23BFF8D480900EB
:10BD380064A0F400E6D038003B194BFE50C2C200A4
:10BD48001203C8FEA09F7300848FF7016F5D39FF4F
:10BD58003AED0B0186DE87FF7AA36C017B2BBEFFD1
:10BD6800FBBDCEFE50B648FFD0F6E001113C0900FD
:10BD7800A1CF26008D6D5B00D80FD3FF884E6E00D3
:10BD880062A368FF155079FFADB2B7017F8F040039
:10BD9800683C52FED6100DFF60EE21019E94E6FF2E
:10BDA8007F813EFF33FFD2FF3E8DECFE9D37E0FFE3
:10BDB8007227F400C0BCFAFFE44C3500625451FF0E
:10BDC800ADCB3DFE933237FFCCEBBF0034C5F4005A
:10BDD800582BD3FE1BBF7700BCE79A004251A10045
:10BDE8005CC1A001FAE378007B37E200B811480093
:10BDF80085A80AFE16879CFF291967FF30CA3A00F2
:10BE0800BA9551FFBC86EF00EBB5BDFED98BBCFFE0
:10BE18004A3052002EDAE500BDFDFB0032E50CFF8A
:10BE2800D38DBF0180F419FFA9E77AFE562FBDFF15
:10BE380084B717FF25B296FF3389FD00C84E1F004F
:10BE480016693200823C000084A35BFE17E7BB0042
:10BE5800C04FEF009D66A4FFC052140118B567FFDC
:10BE6800F009EA00017BA4FF85E900FFCAF2F200AD
:10BE78003CBAF500F110C7FFE0749EFEBF7D5BFF82
:10BE8800E056CF007925E7FFE309C6FF0F99EFFFDA
:10BE980079E8D9FE4B7052005F0C39FE33D669FF42
:10BEA80094DC6101C76224009CD10CFE0AD43400E2
:10BEB800D9B437FED4AAE8FFD81454FF9DFA8700F6
:10BEC8009D637FFE01CE29009524460136C4C9FF33
:10BED800577400FEEBAB96001BA3EA00CA87B400B8
:10BEE800D05F00FE7B9C5D00B73E4B0089EBB6003F
:10BEF800CCE1FFFFD68BD2FF027308FF1D0C6F0049
:10BF0800349C0100FD15FBFF25A51FFE0C82D30004
:10BF18006A1235FE2A639A000ED93DFED80B5CFFE3
:10BF2800C8C570FE9326C70024FC78FE6BA94D0097
:10BF3800017B9FFFCF4B6600A3AFC4002C01F0002C
:10BF480078BAB0FE0D624CFFED7CF1FFE892BCFFC1
:10BF5800C860E000CC1F2900D0C80D0015E160FFC3
:10BF6800AF9CC400F7D07E003EB8F4FE02AB51008F
:10BF780055739E0036402DFF138A72008747CD0007
:10BF8800E32F9301DAE74200FDD11C00F40FADFF67
:10BF9800060F76FE1096D0FFB91632FF5670CFFF07
:10BFA8004B71D7013F922BFF04E113FEE3173EFFCD
:10BFB8000EFFD6FE2D08CDFF57C597FED252D7FFEC
:10BFC800F5F8F7FF80F84600E1F757005A78460081
:10BFD800D5F55C000D85E2002FB505015CA369FF6E
:10BFE800061E85FEE8B23DFFE69518FF12319E0059
:10BFF800E4643DFE74F3FBFF4D4B5C0151DB93FFA2
:10C008004CA3FEFE8DD5F600E82598FE612C640051
:10C01800C9253201D4F43900AEABB7FFF94A700034
:10C02800A69C1E00DEDD61FFF35D49FEFB6564FF33
:10C03800D8D95DFFFE8ABBFF8EBE34FF3BCBB1FF74
:10C04800C85E340073729EFFA59868017E63E2FFA4
:10C05800769DF4016BC81000C15AE50079065800B6
:10C068009C205DFE7DF1D3FF0EED9DFFA59A15FF87
:10C07800B8E016FFFA1898FF714D1F00F7AB17FFCD
:10C08800EDB1CCFF348991FFC2B67200E0EA9500A9
:10C098000A6F6701C9810400EE8E4E00340628FF3E
:10C0A8006ED5A5FE3CCFFD003ED74500606100FF80
:10C0B800312DCA00787916FFEB8B3001C62D22FF8F
:10C0C800B6321B0183D25BFF2E368000AF7B69FF3F
:10C0D800C68D4EFE43F4EFFFF53667FE4E26F2FF9F
:10C0E800025CF9FEFBAE57FF8B3F9000186C1BFFFC
:10C0F800226612012216980042E576FE328F63000E
:10C1080090A99501761E9800B2087901089F12003F
:10C118005A65E6FF811D770044240B01E8B7370014
:10C1280017FF60FFA129C1FF3F8BDE000FB3F300AB
:10C13800FF640FFF523587008939950163F0AAFF24
:10C1480016E6E4FE31B452FF3D522B006EF5D900DD
:10C15800C77D3D002EFD34008DC5DB00D39FC10097
:10C16800377969FEB7148100A977AAFFCBB28BFF94
:10C178008728B6FFAC0DCAFF41B2940008CF2B0048
:10C188007A357F014AA13000E3D680FE560BF3FFD3
:10C1980064560701F54486FF3D2B150198545EFF50
:10C1A800BE3CFAFEEF76E8FFD6882501714C6BFF9E
:10C1B8005D68640190CE17FF6E969A01E467B90036
:10C1C800DA3132FE874D8BFFB9014E0000A194FF92
:10C1D800611DE9FFCF9495FFA0A800005B80ABFF2D
:10C1E800061C13FE0B6FF70027BB96FF8AE8950025
:10C1F800753E44FF3FD8BCFFEBEA20FE1D39A0FF87
:10C20800190CF101A93CBF0020838DFFED9F7BFF36
:10C218005EC55EFE74FE03FF5CB361FE79615CFF80
:10C22800AA700E001595F800F8E3030050606D0041
:10C238004BC04A010C5AE2FFA16A4401D0727FFF49
:10C24800722AFFFE4A1A4AFFF7B396FE798C3C0021
:10C258009346C8FFD628A1FFA1BCC9FF8D4187FF1F
:10C26800F273FC003E2FCA00B495FFFE8237ED0042
:10C27800A511BAFF0AA9C2009C6DDAFF708C7BFF7A
:10C288006880DFFEB18E6CFF7925DBFF804D12FFE1
:10C298006F6C17015BC04B00AEF516FF04EC3EFF58
:10C2A8002B409901E3ADFE00ED7A84017F59BAFF76
:10C2B8008E5280FEFC54AE005AB3B101F3D657FF3C
:10C2C800673CA2FFD0820EFF0B828B00CE81DBFF82
:10C2D8005ED99DFFEFE6E6FF74739FFEA46B5F00D7
:10C2E80033DA0201D87DC6FF8CCA80FE0B5F44FF9B
:10C2F80037095DFEAE9906FFCCAC600045A06E0024
:10C30800D52631FE1B50D500767D7200464643FF88
:10C318000F8E49FF837AB9FFF31432FE82ED2800AD
:10C32800D29F8C01C59741FF54994200C37E5A00A1
:10C3380010EEEC0176BB66FF031885FFBB45E600EF
:10C3480038C55C01D5455EFF508AE501CE07E60099
:10C35800DE6FE6015BE977FF095907010262010018
:10C36800944A85FF33F6B4FFE4B170013ABD6CFF1F
:10C37800C2CBEDFE15D1C300930A2301569DE200FE
:10C388001FA38BFE38074BFF3E5A7400B53CA9002B
:10C398008AA2D4FE51A71F00CD5A70FF2170E30076
:10C3A80053977501B1E049FFAE90D9FFE6CC4FFF36
:10C3B800164DE8FF724EEA00E0397EFE09318D0025
:10C3C800F293A50168B68CFFA7840C017B447F001B
:10C3D800E1572701FB6C0800C6C18F017987CFFFA1
:10C3E800AC164600324474FF65AF28FFF869E900CF
:10C3F800A6CB07006EC5DA00D7FE1AFEA8E2FD003C
:10C408001F8F60000B672900B781CBFE64F74AFFD6
:10C41800D57E8400D2932C00C7EA1B01942FB50067
:10C428009B5B9E013669AFFF024E91FE669A5F00E4
:10C4380080CF7FFE347CECFF82544700DDF3D300CD
:10C4480098AACF00DE6AC700B7545EFE5CC838FF02
:10C458008AB673018E6092008588E40061129600A6
:10C4680037FB42008C660400CA6797001E13F8FF6A
:10C4780033B8CF00CAC6590037C5E1FEA95FF9FF36
:10C48800424144FFBCEA7E00A6DF640170EFF4007D
:10C498009017C2003A27B600F42C18FEAF44B3FF39
:10C4A80098769A01B0A28200D972CCFEAD7E4EFF7A
:10C4B80021DE1EFF24025BFF028FF30009EBD70089
:10C4C80003AB970118D7F5FFA82FA4FEF192CF0070
:10C4D8004581B40044F37100903548FEFB2D0E00F1
:10C4E800176EA80044444FFF6E465FFEAE5B90FF98
:10C4F80021CE5FFF892907FF13BB99FE23FF70FF39
:10C508000991B9FE329D25000B7031016608BEFF06
:10C51800EAF3A9013C5517004A27BD007431EF0022
:10C52800ADD5D2002EA16CFF9F962500C478B9FF27
:10C53800226206FF99C33EFF61E647FF663D4C0055
:10C548001AD4ECFFA4611000C63B9200A317C400E4
:10C5580038183D00B562C100FB93E5FF62BD18FFC6
:10C568002E36CEFFEA52F600B76726016D3ECC00A4
:10C578000AF0E000921675FF8E9A780045D42300E1
:10C58800D063760179FF03FF4806C2007511C5FF25
:10C598007D0F17009A4F9900D65EC5FFB93793FFF4
:10C5A8003EFE4EFE7F5299006E663FFF6C52A1FF21
:10C5B80069BBD401508A27003CFF5DFF480CBA00D4
:10C5C800D2FB1F01BEA790FFE42C13FE8043E800B6
:10C5D800D6F96BFE889156FF842EB000BDBBE3FFF1
:10C5E800D0168C00D9D374003251BAFE8BFA1F00D2
:10C5F8001E40C601879B6400A0CE17FEBBA2D3FFD6
:10C6080010BC3F00FED031005554BF00F1C0F2FF0E
:10C61800997E9101EAA2A2FFE661D80140877E00D7
:10C62800BE94DF0134002BFF1C27BD014088EE00BB
:10C63800AFC4B90062E2D5FF7F9FF401E2AF3C00CE
:10C64800A0E98E01B4F3CFFF459859011F65150085
:10C658009019A4FE8BBFD1005B19790020930500C7
:10C6680027BA7BFF3F73E6FF5DA7C6FF8FD5DCFFC8
:10C67800B39C13FF19427A00D6A0D9FF022D3EFFC2
:10C688006A4F92FE338963FF5764E7FFAF91E8FF73
:10C6980065B801FFAE097D005225A10124728DFF06
:10C6A80030DE8EFFF5BA9A0005AEDDFE3F729BFFC5
:10C6B8008737A001501F87007EFAB301ECDA2D00FE
:10C6C800141C910110934900F9BD840111BDC0FFEC
:10C6D800DF8EC6FF48140FFFFA35EDFE0F0B120070
:10C6E8001BD371FED56B38FFAE9392FF607E30008E
:10C6F80017C16D0125A25E00C79DF9FE1880BBFF1A
:10C70800CD31B2FE5DA42AFF2B77EB0158B7EDFFC0
:10C71800DAD201FF6BFE2A00E60A63FFA200E200FC
:10C72800DBED5B0081B2CB00D0325FFECED05FFF85
:10C73800F7BF59FE6EEA4FFFA53DF300147A70FF6C
:10C74800F6F6B9FE67047B00E963E601DB5BFCFFF4
:10C75800C7DE16FFB3F5E9FFD3F1EA006FFAC0FFB1
:10C7680055548800653A32FF83AD9CFE772D33FF20
:10C7780076E910FEF25AD6005E9FDB010303EAFF5A
:10C78800624C5CFE5036E60005E4E7FE3518DFFF34
:10C7980071387601148401FFABD2EC0038F19EFFAA
:10C7A800BA7313FF08E5AE00302C00017272A6FFC1
:10C7B8000649E2FFCD59F40089E34B01F8AD380092
:10C7C8004A78F6FE77030BFF5178C6FF887A62FF36
:10C7D80092F1DD016DC24EFFDFF14601D6C8A9FF17
:10C7E80061BE2FFF2F67AEFF635C48FE76E9B4FF9A
:10C7F800C123E9FE1AE520FFDEFCC600CC2B47FF6B
:10C80800C754AC008666BE006FEE61FEE628E600FF
:10C81800E3CD40FEC80CE100A619DE00714533FFE8
:10C828008F9F1800A7B84A001DE074FE9ED0E9004B
:10C83800C1747EFFD40B85FF163A8C01CC2433FFDC
:10C84800E81E2B00EB46B5FF403892FEA91254FFB4
:10C85800E2010DFFC832B0FF34D5F5FEA8D1610062
:10C86800BF473700224E9C00E8903A01B94ABD0004
:10C87800BA8E95FE40457FFFA1CB93FFB097BF00CE
:10C8880088E7CBFEA3B68900A17EFBFEE920420023
:10C8980044CF42001E1C25005D726001FE5CF7FF5C
:10C8A8002CAB4500CA770BFFBC763201FF5388FFDB
:10C8B80047521A0046E3020020EB7901B5299A0095
:10C8C8004786E5FECAFF2400299805009A3F49FFDC
:10C8D80022B67C0079DD96FF1ACCD50129AC570029
:10C8E8005A9D92FF6D821400476BC8FFF366BD0026
:10C8F80001C391FE2E58750008CEE300BF6EFDFF00
:10C908006D8014FE865533FF89B17001D82216FF59
:10C918008310D0FF7995AA0072131701A6501FFF44
:10C9280071F07A00E8B3FA00446EB4FED2AA770038
:10C93800DF6CA4FFCF4FE9FF1BE5E2FED16251FF98
:10C948004F44070083B96400AA1DA2FF11A26BFF20
:10C9580039150B0164C8B5FF7F41A601A586CC0037
:10C9680068A7A80001A44F0092873B01463280FFC8
:10C9780066770DFEE3068700A28EB3FFA064DE0093
:10C988001BE0DB019E5DC3FFEA8D890010187DFF67
:10C99800EECE2FFF611162FF746E0CFF60734D00C5
:10C9A8005BE3E8FFF8FE4FFF5CE506FE58C68B0028
:10C9B800CE4B8100FA4DCEFF8DF47B018A45DC0019
:10C9C8002097060183A716FFED44A7FEC7BD960072
:10C9D800A3AB8AFF33BC06FF5F1D89FE94E2B30058
:10C9E800B56BD0FF861F52FF97652DFF81CAE10006
:10C9F800E0489300308A97FFC340CEFEEDDA9E00F0
:10CA08006A1D89FEFDBDE9FF670F11FFC261FF00C6
:10CA1800B22DA9FEC6E19B00273075FF876A730017
:10CA28006126B500962F41FF5382E5FEF626810068
:10CA38005CEF9AFE5B637F00A16F21FFEED9F2FFE6
:10CA480083B9C3FFD5BF9EFF2996DA0084A9830066
:10CA58005954FC01AB4680FFA3F8CBFE0132B4FF6A
:10CA68007C4C5501FB6F50006342EFFF9AEDB6FF17
:10CA7800DD7E85FE4ACC63FF419377FF6338A7FFCD
:10CA88004FF895FF749BE4FFED2B0EFE45890BFFD5
:10CA980016FAF1015B7A8FFFCDF9F300D41A3CFF47
:10CAA80030B6B0013017BFFFCB7998FE2D4AD5FFBD
:10CAB8003E5A12FEF5A3E6FFB96A74FF53239F009E
:10CAC8000C2102FF50223E001057AEFFAD65550005
:10CAD800CA2451FEA045CCFF40E1BB003ACE5E001F
:10CAE80056902F00E556F5003F91BE012505270019
:10CAF8006DFB1A008993EA00A27991FF9074CEFF2A
:10CB0800C5E8B9FFB7BE8CFF490CFEFF8B14F2FFD6
:10CB1800AA5AEFFF6142BBFFF5B587FEDE883400F5
:10CB2800F50533FECB2F4E009865D80049177D00D8
:10CB3800FE602101EBD249FF2BD1580107816D001E
:10CB48007A68E4FEAAF2CB00F2CC87FFCA1CE9FFA0
:10CB580041067F009F904700648C5F004E960D0051
:10CB6800FB6B7601B63A7DFF01266CFF8DBDD1FFC8
:10CB7800089B7D0171A35BFF794FBEFF86EF6CFFB9
:10CB88004C2FF800A3E4EF00116F0A0058954BFFF3
:10CB9800D7EBEF00A79F18FF2F976CFF6BD1BC0056
:10CBA800E9E763FE1CCA94FFAE238AFF6E1844FFB0
:10CBB8000245B5006B66520066ED07005C24EDFF88
:10CBC800DDA2530137CA06FF87EA87FF18FADE009D
:10CBD800415EA8FEF5F8D2FFA76CC9FEFFA16F0061
:10CBE800CD08FE00880D740064B084FF2BD77EFF4B
:10CBF800B18582FF9E4F940043E025010CCE15FFBE
:10CC08003E226E01ED68AFFF50846FFF8EAE480084
:10CC180054E5B4FE69B38C0040F80FFFE98A1000B0
:10CC2800F5437BFEDA79D4FF3F5FDA01D58589FFCA
:10CC38008FB652FF301C0B00F4728D01D1AF4CFF40
:10CC48009DB596FFBAE503FFA49D6F01E7BD8B0074
:10CC580077CABEFFDA6A40FF44EB3FFE601AACFFBA
:10CC6800BB2F0B01D712FBFF51545900443A8000E7
:10CC78005E7105015C81D0FF610F53FE091CBC0089
:10CC8800EF09A4003CCD9800C0A362FFB8123C0095
:10CC9800D9B68B006D3B78FF04C0FB00A9D2F0FF2A
:10CCA80025AC5CFE94D3F5FFB3413400FD0D730051
:10CCB800B9AECE0172BC95FFED5AAD002BC7C0FFCF
:10CCC800586C710034234C00421994FFDD0407FFAF
:10CCD80097F172FFBED1E8006232C7009796D5FF80
:10CCE800124A240135280700138741FF1AAC450072
:10CCF800AEED5500635F29000338100027A0B1FF8F
:10CD0800C86ADAFEB94454FF5BBA3DFE438F8DFF13
:10CD18000DF4A6FF6372C600C76EA3FFC112BA0066
:10CD28007CEFF6016E44160002EB2E01D43C6B003A
:10CD3800692A69010EE69800070583008D689AFF45
:10CD4800D503060083E4A2FFB3641C01E77B55FF0B
:10CD5800CE0EDF01FD60E6002698950162897A0013
:10CD6800D6CD03FFE298B3FF068589009E458CFF68
:10CD780071A29AFFB4F3ACFF1BBD73FF8F2EDCFFCB
:10CD8800D586E1FF7E1D4500BC2B8901F2460900CE
:10CD98005ACCFFFFE7AA9300173813FE387D9DFF92
:10CDA80030B3DAFF4FB6FDFF26D4BF0129EB7C0074
:10CDB80060971C008794BE00CDF927FE346088FF79
:10CDC800D42C88FF43D183FFFC8217FFDB8014FF3C
:10CDD800C68176006C650B00B20592013E0764FFC0
:10CDE800B5EC5EFE1C1AA4004C1670FF78664F0066
:10CDF800CAC0E501C8B0D7002940F4FFCEB84E003C
:10CE0800A72D3F01A02300FF3B0C8EFFCC0990FF0C
:10CE1800DB5EE5017A1B7000BD696DFF40D04AFFFB
:10CE2800FB7F370102E2C6002C4CD10097984DFFDA
:10CE3800D2172E01C9AB45FF2CD3E700BE25E0FF72
:10CE4800F5C43EFFA9B5DEFF22D3110077F1C5FF77
:10CE5800E5239801154528FFB2E2A10094B3C1006B
:10CE6800DBC2FE0128CE33FFE75CFA014399AA0032
:10CE78001594F100AA4552FF7912E7FF5C7203008E
:10CE8800B83EE600E1C957FF9260A2FFB5F2DC00A8
:10CE9800ADBBDD01E23EAAFF387ED901750DE3FF87
:10CEA800B32CEF009D8D9BFF90DD5300EBD1D0009C
:10CEB8002A11A501FB5185007CF5C9FE61D318FF35
:10CEC80053D6A6009A2409FFF82F7F005ADB8CFF5F
:10CED800A1D926FED4933FFF42549401CF03010009
:10CEE800E68659017F4E7AFFE09B01FF52884A008F
:10CEF800B29CD0FFBA1931FFDE03D201E596BEFF1E
:10CF080055A234FF29548DFF497B54FE5D119600CC
:10CF180077131C012016D7FF1C17CCFF8EF134FFA6
:10CF2800E4347D001D4CCF00D7A7FAFEAFA4E6007D
:10CF380037CF69016DBBF5FFA12CDC01296580FFA6
:10CF4800A7105E005DD66BFF764800FE503DEAFFF5
:10CF580079AF7D008BA9FB00612793FEFAC431FFEE
:10CF6800A5B36EFEDF46BBFF168E7D019AB38AFF1E
:10CF780076B02A010AAE99009C5C6600A80DA1FF54
:10CF88008F102000FAC5B4FFCBA32C015720240032
:10CF9800A19914FF7BFC0F0019E350003C588E0048
:10CFA8001116C9019ACD4DFF273F2F00087A8D0031
:10CFB8008017B6FECC2713FF04701DFF17248CFFC3
:10CFC800D2EA74FE35323FFF79AB68FFA0DB5E0022
:10CFD80057520EFEE72A0500A58B7FFE564E260007
:10CFE800823C42FECB1E2DFF2EC47A01F935A2FFEA
:10CFF800888F67FED7D27200E707A0FEA9982AFF9C
:10D008006F2DF6008E8387FF8347CCFF24E20B0049
:10D01800001CF2FFE18AD5FFF72ED8FEF503B70012
:10D028006CFC4A01CE1A30FFCD36F6FFD3C624FF7A
:10D038007923320034D8CAFF268B81FEF249940046
:10D0480043E78DFF2A2FCC004E74190104E1BFFF7E
:10D058000693E4003A58B1007AA5E5FFFC53C9FFEE
:10D06800E0A76001B1B89EFFF269B301F8C6F0000D
:10D078008542CB01FE242F002D1873FF773EFE005A
:10D08800C4E1BAFE7B8DAC001A5529FFE26FB700E8
:10D09800D5E79700043B07FFEE8A9400429321FFEF
:10D0A8001FF68DFFD18D74FF68701F0058A1AC006A
:10D0B80053D7E6FE2F6F97002D263401842DCC0020
:10D0C8008A806DFEE97586FFF3BEADFEF1ECF000D7
:10D0D800527FECFE28DFA1FF6EB6E1FF7BAEEF00CA
:10D0E80087F2910133D19A00960373FED9A4FCFF0D
:10D0F800379C4501545EFFFFE8492D011413D4FF06
:10D1080060C53BFE60FB210026C7490140ACF7FF24
:10D11800757438FFE41112003E8A6701F6E5A4FF32
:10D12800F476C9FE56209FFF6D22890155D3BA00B7
:10D138000AC1C1FE7AC2B1007AEE66FFA2DAAB007C
:10D148006CD9A1019EAA2200B02F9B01B5E40BFF68
:10D15800089C0000104B5D00CE62FF013A9A230044
:10D168000CF3B8FE437542FFE6E57B00C92A6E0062
:10D1780086E4B2FEBA6C76FF3A139AFF52A93EFFD4
:10D18800728F7301EFC432FFAD30C1FF930254FFB9
:10D19800968693FE5FE849006DE334FEBF890A0076
:10D1A80028CC1EFE4C3461FFA4EB7E00FE7CBC0044
:10D1B8004AB61501791D23FFF11E07FE55DAD6FF81
:10D1C800075496FE511B75FFA09F98FE4218DDFF7D
:10D1D800E30A3C018D876600D0BD960175B35C00FB
:10D1E800841688FF78C71C0015814FFEB6094100D8
:10D1F800DAA3A900F693C6FF6B2690014EAFCDFFC8
:10D20800D605FAFE2F581DFFA42FCCFF2B3706FF9B
:10D218008386CFFE7464D600608C4B016ADC900074
:10D22800C3201C01AC5105FFC7B334FF2554CB0004
:10D23800AA70AE000B045B0045F41B0175835C000B
:10D248002198AFFF8C996BFFFB872BFE578A04FF51
:10D25800C6EA93FE799854FFCD659B019D09190094
:10D26800486A11FE6C9900FFBDE5BA00C108B0FF1D
:10D27800AE95D100EE821D00E9D67E013DE2660042
:10D2880039A30401C66F33FF2D4F4E0173D20AFF35
:10D29800DA0919FF9E8BC6FFD352BBFE5085530097
:10D2A8009D81E601F38586FF288810004D6B4FFFAE
:10D2B800B7555C01B1CCCA00A34793FF9845BE009F
:10D2C800AC33BC01FAD2ACFFD3F2710159591AFF41
:10D2D80040426FFE74982A00A1271BFF3650FE00BB
:10D2E8006AD17301677C6100DDE662FF1FE7060013
:10D2F800B2C078FE0FD9CBFF7C9E4F007091F7002B
:10D308005CFA3001A3B5C1FF252F8EFE90BDA5FFA5
:10D318002E92F000064B8000299DC8FE5779D50053
:10D328000171EC00052DFA00900C52001F6CE7000B
:10D33800E1EF77FFA707BDFFBBE484FF6EBD2200C6
:10D348005E2CCC01A234C5004EBCF1FE39148D0010
:10D35800F4922F01CE6433007D6B94FE1BC34D0005
:10D3680098FD5A01078F90FF33251F00227726FF6B
:10D3780007C5760099BCD300971474FEF54134FFB5
:10D38800B4FD6E012FB1D100A16311FF76DECA0092
:10D398007DB3FC017B367EFF9139BF0037BA790037
:10D3A8000AF38A00CDD3E5FF7D9CF1FE949CB9FF7A
:10D3B800E313BCFF7C2920FF1F22CEFE1139530046
:10D3C800CC1625FF2A6062007766B80103BE1C00F0
:10D3D8006E52DAFFC8CCC0FFC991760075CC9200B6
:10D3E80084206201C0C279006AA1F801ED587C006E
:10D3F80017D41A00CDAB5AFFF830D8018D25E6FFB7
:10D408007CCB00FE9EA81EFFD6F8150070BB07FF58
:10D418004B85EFFF4AE3F3FFFA934600D678A20064
:10D42800A709B3FF169E1200DA4DD101616D51FFB5
:10D43800F421B3FF393439FF41ACD2FFF947D1FFAA
:10D448008EA9EE009EBD99FFAEFE67FE62210E001A
:10D458008D4CE6FF718B34FF0F3AD400A8D7C9FF73
:10D46800F8CCD701DF44A0FF399AB7FE2FE779003F
:10D478006AA6890051888A00A52B3300E78B3D00F6
:10D48800395F3BFE766219FF973FEC015EBEFAFFFB
:10D49800A9B9720105FA3AFF4B696101D7DF860025
:10D4A8007163A301803E7000636A9300A3C30A00FE
:10D4B80021CDB600D60EAEFF8126E7FF35B6DF00D8
:10D4C800622A9FFFF70D2800BCD2B101061500FFA4
:10D4D800FF3D94FE892D81FF591A74FE7E26720045
:10D4E800FB32F2FE798680FFCCF9A7FEA5EBD700C8
:10D4F800CAB1F300858D3E00F082BE016EAFFF0019
:10D508000014920125D279FF072782008EFA54FF72
:10D518008DC8CF00095F68FF0BF4AE0086E87E0077
:10D52800A7017BFE10C195FFE8E9EF01D54670FF22
:10D53800FC74A0FEF2DEDCFFCD55E30007B93A002B
:10D5480076F73F01744DB1FF3EF5C8FE3F1225FF47
:10D558006B35E8FE32DDD300A2DB07FE025E2B004E
:10D56800B63EB6FEA04EC8FF878CAA00EBB8E40012
:10D57800AF358AFE503A4DFF98C902013FC42200D8
:10D58800051EB800ABB09A00793BCE002663270091
:10D59800AC504DFE00869700BA21F1FE5EFDDFFF1C
:10D5A8002C72FC006C7E39FFC9280DFF27E51BFF94
:10D5B80027EF1701977933FF9996F8000AEAAEFF2B
:10D5C80076F604FEC8F5260045A1F20110B29600D1
:10D5D80071388200AB1F69001A586CFF312A6A0043
:10D5E800FBA94200455D95001439FE00A4196F009F
:10D5F8005ABC5AFFCC04C50028D53201D46084FF38
:10D60800588AB4FEE4927CFFB8F6F700417556FFDD
:10D61800FD66D2FEFE792400897303FF3C18D8000A
:10D6280086121D003BE26100B08E470007D1A100C1
:10D63800BD5433FE9BFA4800D554EBFF2DDEE000C5
:10D64800EE948FFFAA2A35FF4EA77500BA0028FF6F
:10D658007DB167FF45E14200E30758014BAC060086
:10D66800A92DE301102446FF320209FF8BC11600E1
:10D678008FB7E7FEDA453200EC38A101D5832A00DE
:10D688008A912CFE88E528FF313F23FF3D91F5FF65
:10D6980065C002FEE8A771009868260179B9DA002A
:10D6A800798BD3FE77F0230041BDD9FEBBB3A2FF2F
:10D6B800A0BBE6003EF80EFF3C4E6100FFF7A3FF5B
:10D6C800E13B5BFF6B473AFFF12F21013275EC001C
:10D6D800DBB13FFEF45AB30023C2D7FFBD4332FF8C
:10D6E8001787810068BD25FFB939C200233EE7FFCF
:10D6F800DCF86C000CE7B2008F505B01835D65FFBE
:10D7080090270201FFFAB2000511ECFE8B202E00D3
:10D71800CCBC26FEF57334FFBF7149FEBF6C45FFD4
:10D728001645F50117CBB200AA63AA0041F86F00AD
:10D73800256C99FF4025450000583EFE599490FFFE
:10D74800BF44E001F127350029CBEDFF917EC2FFF0
:10D75800DD2AFDFF1963970061FDDF014A7331FF80
:10D7680006AF48FF3BB0CB007CB7F901E4E46300A7
:10D77800810CCFFEA8C0C3FFCCB010FE98EAAB0066
:10D788004D2555FF217887FF8EC2E3011FD63A0049
:10D79800D5BB7DFFE82E3CFFBE742AFE97B213FF6F
:10D7A800333EEDFECCECC100C2E83C00AC229DFF4C
:10D7B800BD10B8FE67035FFF8DE924FE29190BFF32
:10D7C80015C3A60076F52D0043D595FF9F0C12FFD3
:10D7D800BBA4E301A01905000C4EC3012BC5E10051
:10D7E800308E29FEC49B3CFFDFC7120191889C0044
:10D7F800FC75A9FE91E2EE00EF176B006DB5BCFF5A
:10D80800E67031FE49AAEDFFE7B7E3FF50DC1400EC
:10D81800C26B7F017FCD65002E34C501D2AB24FFDA
:10D8280058035AFF38978D0060BBFFFF2A4EC80087
:10D83800FE464601F47DA800CC448A017CD7460008
:10D848006642C8FE1134E40075DC8FFECBF87B001D
:10D858003812AEFFBA97A4FF33E8D001A0E42BFF3B
:10D86800F91D190144BE3F0000000010000000002F
:10D87800001000000600070008000000000000007B
:10D8880000000000C7F201087DF30108ABF20108AF
:10D898005FF5010881F201080DF6010891F201080F
:10D8A800A3F70108C5F701080D0A005245454E5473
:10D8B800206D616C6C6F6320737563636565646567
:10D8C80064002F5F5F772F61726D2D6E6F6E652D0F
:10D8D800656162692D6763632D787061636B2F6181
:10D8E800726D2D6E6F6E652D656162692D6763635C
:10D8F8002D787061636B2F6275696C642F6C696E2B
:10D9080075782D7836342F736F75726365732F6E43
:10D9180065776C69622D63796777696E2F6E6577B5
:10D928006C69622F6C6962632F7374646C69622F0F
:10D9380072616E642E6300002020202020202020A9
:10D9480020282828282820202020202020202020A7
:10D9580020202020202020208810101010101010C7
:10D96800101010101010101004040404040404040F
:10D9780004041010101010101041414141414101A0
:10D98800010101010101010101010101010101017F
:10D99800010101101010101010424242424242028E
:10D9A800020202020202020202020202020202024F
:10D9B80002020210101010200000000000000000F9
:10D9C800000000000000000000000000000000004F
:10D9D800000000000000000000000000000000003F
:10D9E800000000000000000000000000000000002F
:10D9F800000000000000000000000000000000001F
:10DA0800000000000000000000000000000000000E
:10DA180000000000000000000000000000000000FE
:10DA280000000000000000000000000000000000EE
:10DA380000000000000000002C2066756E63746909
:10DA48006F6E3A2000617373657274696F6E20227D
:10DA5800257322206661696C65643A2066696C6585
:10DA680020222573222C206C696E6520256425737D
:10DA780025730A00232D302B2000686C4C00656646
:10DA88006745464700303132333435363738394107
:10DA9800424344454600303132333435363738391D
:08DAA800616263646566000021
:08DAB000CC37FD7F01000000EE
:10DAB80001FB010865130008D16B000859B3000881
:10DAC800A5C4000871E1000881FF0008D904010815
:10DAD800A9510108E9520108E55F01083DF601086E
:08DAE8002904020849090208A3
:10DAF00041130008A96C000819B400088DFF000844
:0CDB0000E9040108F15F0108790902083E
:10DB0C000100000010000000000000480004004864
:10DB1C0000080048001C0048FFFFFFFF00300240D7
:10DB2C0000000000000000000000000000000000E9
:10DB3C0000000000000000000000000001000000D8
:10DB4C0000093D0000000000000000000000000083
:10DB5C0000000000000000000000000000000000B9
:10DB6C0000000000000000000000000000000000A9
:10DB7C000000000000000000000000000000000099
:10DB8C000000000000000000000000000000000089
:10DB9C000000000000000000000000000000000079
:10DBAC000000000000000000000000000000000069
:10DBBC000000000000000000000000000000000059
:10DBCC000000000000000000000000000000000049
:10DBDC000000000000000000000000000000000039
:10DBEC0000000000FFFFFFFFFFFFFFFFFFFFFFFF35
:10DBFC00FFFFFFFF0003000000000000000000001A
:10DC0C00000000000000000000000000807A0020EE
:10DC1C00704502080100000000000000CDFE000865
:10DC2C003DFE0008B9FD0008B3FD00080008000027
:10DC3C000008000000080000100000008000000038
:10DC4C0000000000000000000000000000000000C8
:10DC5C00FFFFFFFF000000000A0000000A000000A8
:10DC6C0059F3F8C21F6EA501000000000000F03F40
:10DC7C006042A20D0000803F000000000300000085
:10DC8C003C79002088010020000000003C79002035
:10DC9C00A47900200C7A0020000000000000000095
:10DCAC000000000000000000000000000000000068
:10DCBC000000000000000000000000000000000058
:10DCCC000000000000000000000000000000000048
:04DCDC000000000044
:040000050801FBD122
:00000001FF
